#{"t_start": 1756025164.7966971, "env_id": "None"}
r,l,t
18.0,18,1.448482
16.0,16,1.450427
11.0,11,1.451693
14.0,14,1.453168
11.0,11,1.457832
15.0,15,1.45961
24.0,24,1.462388
26.0,26,1.465238
58.0,58,1.474545
22.0,22,1.476979
14.0,14,1.478684
20.0,20,1.481006
10.0,10,1.48469
12.0,12,1.486013
17.0,17,1.487806
17.0,17,1.489997
72.0,72,1.500679
11.0,11,1.501894
14.0,14,1.503392
19.0,19,1.505548
24.0,24,1.511227
13.0,13,1.512884
12.0,12,1.514247
32.0,32,1.558247
47.0,47,1.567649
31.0,31,1.570849
11.0,11,1.572174
18.0,18,1.574454
17.0,17,1.579278
25.0,25,1.582074
24.0,24,1.584624
20.0,20,1.586729
14.0,14,1.59132
12.0,12,1.592706
26.0,26,1.595514
21.0,21,1.597961
21.0,21,1.602978
18.0,18,1.604911
20.0,20,1.607376
20.0,20,1.609685
34.0,34,1.616485
25.0,25,1.619156
41.0,41,1.623782
17.0,17,1.625834
12.0,12,1.630026
32.0,32,1.948519
29.0,29,1.979101
36.0,36,2.010332
11.0,11,2.02193
26.0,26,2.04655
19.0,19,2.0638
18.0,18,2.082717
14.0,14,2.097698
13.0,13,2.104974
24.0,24,2.12531
15.0,15,2.138523
68.0,68,2.20472
27.0,27,2.225202
29.0,29,2.247022
18.0,18,2.259676
34.0,34,2.296232
14.0,14,2.307209
30.0,30,2.336392
15.0,15,2.343885
13.0,13,2.36307
33.0,33,2.394983
25.0,25,2.416221
29.0,29,2.44099
15.0,15,2.45826
12.0,12,2.468996
13.0,13,2.497372
17.0,17,2.514213
18.0,18,2.53199
18.0,18,2.549849
13.0,13,2.560431
12.0,12,2.571221
10.0,10,2.581806
23.0,23,2.604366
12.0,12,2.615087
36.0,36,2.646687
20.0,20,2.666785
10.0,10,2.67745
30.0,30,2.705448
19.0,19,2.722647
14.0,14,2.736888
10.0,10,2.745588
18.0,18,2.759763
26.0,26,2.784002
16.0,16,2.80543
41.0,41,2.840526
33.0,33,2.867463
18.0,18,2.885733
16.0,16,2.907739
10.0,10,2.915104
18.0,18,2.932351
17.0,17,2.946541
13.0,13,2.960582
44.0,44,2.998409
11.0,11,3.010795
32.0,32,3.038704
16.0,16,3.056118
20.0,20,3.073928
14.0,14,3.087822
20.0,20,3.105242
14.0,14,3.121019
26.0,26,3.14555
19.0,19,3.159885
22.0,22,3.180122
20.0,20,3.200508
14.0,14,3.214228
35.0,35,3.252905
38.0,38,3.287727
15.0,15,3.302752
18.0,18,3.323215
21.0,21,3.341537
20.0,20,3.358831
22.0,22,3.383483
32.0,32,3.41417
28.0,28,3.443886
15.0,15,3.456063
56.0,56,3.511038
15.0,15,3.528319
21.0,21,3.547589
15.0,15,3.562735
25.0,25,3.589336
17.0,17,3.608218
38.0,38,3.644369
13.0,13,3.655464
10.0,10,3.666455
12.0,12,3.673981
19.0,19,3.686785
18.0,18,3.701224
19.0,19,3.721286
23.0,23,3.745101
32.0,32,3.772656
57.0,57,3.821374
10.0,10,3.834472
24.0,24,3.856558
35.0,35,3.887282
38.0,38,3.919648
26.0,26,3.945921
29.0,29,3.97098
10.0,10,3.979995
10.0,10,3.986413
24.0,24,4.010542
34.0,34,4.04271
17.0,17,4.057335
25.0,25,4.077011
16.0,16,4.093674
9.0,9,4.102506
15.0,15,4.112424
19.0,19,4.128186
29.0,29,4.15789
22.0,22,4.17717
15.0,15,4.193301
46.0,46,4.221778
12.0,12,4.236115
11.0,11,4.249337
19.0,19,4.264654
34.0,34,4.293552
28.0,28,4.326429
20.0,20,4.353388
33.0,33,4.384545
12.0,12,4.396995
25.0,25,4.431138
11.0,11,4.43906
18.0,18,4.460927
13.0,13,4.472392
16.0,16,4.493232
22.0,22,4.51865
19.0,19,4.535422
9.0,9,4.545885
24.0,24,4.577338
12.0,12,4.588822
15.0,15,4.601306
10.0,10,4.612836
12.0,12,4.627362
12.0,12,4.638628
54.0,54,4.687991
32.0,32,4.720044
34.0,34,4.761904
12.0,12,4.774107
42.0,42,4.815748
9.0,9,4.826356
14.0,14,4.840062
26.0,26,4.875503
54.0,54,4.924147
11.0,11,4.935587
35.0,35,4.979289
32.0,32,5.008574
24.0,24,5.030645
17.0,17,5.047879
13.0,13,5.064651
23.0,23,5.093749
63.0,63,5.160701
18.0,18,5.180109
11.0,11,5.194738
35.0,35,5.227907
25.0,25,5.251686
18.0,18,5.267735
14.0,14,5.289602
29.0,29,5.314912
15.0,15,5.330703
26.0,26,5.363034
18.0,18,5.388193
16.0,16,5.403192
24.0,24,5.426473
26.0,26,5.450968
45.0,45,5.501761
11.0,11,5.51016
51.0,51,5.560383
8.0,8,5.568508
9.0,9,5.579256
21.0,21,5.604742
12.0,12,5.615827
18.0,18,5.631804
40.0,40,5.671929
19.0,19,5.691222
16.0,16,5.711335
15.0,15,5.73429
24.0,24,5.760596
14.0,14,5.772582
13.0,13,5.785839
24.0,24,5.811669
20.0,20,5.835156
74.0,74,5.913445
39.0,39,5.952372
15.0,15,5.964378
32.0,32,5.999297
58.0,58,6.071359
15.0,15,6.08926
38.0,38,6.133073
21.0,21,6.158552
22.0,22,6.184705
15.0,15,6.202232
40.0,40,6.248939
16.0,16,6.269105
20.0,20,6.292011
16.0,16,6.309479
17.0,17,6.329716
14.0,14,6.345596
15.0,15,6.362946
18.0,18,6.384797
20.0,20,6.406937
36.0,36,6.451772
35.0,35,6.488428
12.0,12,6.500887
12.0,12,6.514563
23.0,23,6.548771
17.0,17,6.566428
36.0,36,6.60535
19.0,19,6.631885
8.0,8,6.644506
16.0,16,6.662026
14.0,14,6.678568
25.0,25,6.705138
19.0,19,6.735655
19.0,19,6.753357
12.0,12,6.766617
11.0,11,6.779712
31.0,31,6.817616
20.0,20,6.84337
13.0,13,6.857561
21.0,21,6.879639
30.0,30,6.918097
13.0,13,6.931544
15.0,15,6.953311
21.0,21,6.975338
55.0,55,7.042181
21.0,21,7.067909
55.0,55,7.12976
13.0,13,7.143002
14.0,14,7.166352
10.0,10,7.174296
13.0,13,7.186608
59.0,59,7.257067
18.0,18,7.282261
11.0,11,7.291013
12.0,12,7.303692
26.0,26,7.334551
10.0,10,7.346777
23.0,23,7.376049
51.0,51,7.432081
69.0,69,7.511829
24.0,24,7.540721
10.0,10,7.553957
27.0,27,7.584776
41.0,41,7.631788
30.0,30,7.666152
40.0,40,7.713531
11.0,11,7.726659
19.0,19,7.748728
15.0,15,7.76557
10.0,10,7.781132
17.0,17,7.798325
17.0,17,7.815473
43.0,43,7.866011
13.0,13,7.881088
16.0,16,7.89864
11.0,11,7.911411
16.0,16,7.931718
26.0,26,7.961626
13.0,13,7.974672
70.0,70,8.052
15.0,15,8.071515
27.0,27,8.103091
32.0,32,8.148385
10.0,10,8.157697
37.0,37,8.20806
40.0,40,8.250211
16.0,16,8.264621
13.0,13,8.275394
21.0,21,8.298735
35.0,35,8.330925
16.0,16,8.345377
14.0,14,8.356172
30.0,30,8.384516
32.0,32,8.411603
15.0,15,8.421647
18.0,18,8.433377
32.0,32,8.462959
43.0,43,8.504358
23.0,23,8.528045
15.0,15,8.539994
59.0,59,8.607822
64.0,64,8.675655
35.0,35,8.717717
18.0,18,8.734071
14.0,14,8.753422
15.0,15,8.769454
13.0,13,8.780846
21.0,21,8.802557
71.0,71,8.881354
24.0,24,8.909211
21.0,21,8.931155
12.0,12,8.943444
24.0,24,8.971036
10.0,10,8.983749
12.0,12,8.995837
24.0,24,9.027544
23.0,23,9.051252
32.0,32,9.083706
35.0,35,9.122166
18.0,18,9.14329
25.0,25,9.172142
24.0,24,9.19731
24.0,24,9.224965
13.0,13,9.237196
32.0,32,9.274831
53.0,53,9.330262
19.0,19,9.350769
10.0,10,9.363379
17.0,17,9.383391
13.0,13,9.396314
20.0,20,9.420074
13.0,13,9.433305
40.0,40,9.480009
11.0,11,9.492639
17.0,17,9.509775
14.0,14,9.528645
19.0,19,9.553346
45.0,45,9.60078
19.0,19,9.624777
29.0,29,9.655256
45.0,45,9.708847
17.0,17,9.729152
17.0,17,9.750885
32.0,32,9.78566
12.0,12,9.802086
14.0,14,9.815337
10.0,10,9.830386
85.0,85,9.923257
29.0,29,9.959891
10.0,10,9.972934
12.0,12,9.985312
28.0,28,10.012819
22.0,22,10.035446
17.0,17,10.050584
12.0,12,10.061597
27.0,27,10.086257
24.0,24,10.111077
11.0,11,10.122154
14.0,14,10.136812
43.0,43,10.179549
24.0,24,10.206143
31.0,31,10.232791
48.0,48,10.28228
14.0,14,10.295788
45.0,45,10.350868
57.0,57,10.414647
16.0,16,10.432177
15.0,15,10.449928
19.0,19,10.474273
73.0,73,10.558897
25.0,25,10.583888
16.0,16,10.602508
14.0,14,10.619224
19.0,19,10.642474
24.0,24,10.672132
14.0,14,10.689283
15.0,15,10.705051
19.0,19,10.726129
55.0,55,10.790686
26.0,26,10.817322
13.0,13,10.837868
17.0,17,10.858751
31.0,31,10.892945
9.0,9,10.901786
14.0,14,10.918282
19.0,19,10.940672
17.0,17,10.961297
30.0,30,10.996274
59.0,59,11.067223
12.0,12,11.080418
17.0,17,11.098372
8.0,8,11.107384
11.0,11,11.123773
17.0,17,11.141975
14.0,14,11.155751
20.0,20,11.180686
12.0,12,11.198024
16.0,16,11.215711
18.0,18,11.237717
10.0,10,11.246996
12.0,12,11.263456
18.0,18,11.288462
14.0,14,11.301936
39.0,39,11.345651
17.0,17,11.366556
34.0,34,11.409441
13.0,13,11.422782
12.0,12,11.434962
26.0,26,11.469983
36.0,36,11.512216
30.0,30,12.112792
26.0,26,12.14319
17.0,17,12.163265
27.0,27,12.196565
28.0,28,12.226298
13.0,13,12.239473
20.0,20,12.264191
27.0,27,12.293821
14.0,14,12.310132
15.0,15,12.326987
11.0,11,12.343081
29.0,29,12.373743
15.0,15,12.390727
14.0,14,12.406948
11.0,11,12.423138
34.0,34,12.457357
19.0,19,12.478308
16.0,16,12.495279
28.0,28,12.531163
27.0,27,12.560952
30.0,30,12.590823
34.0,34,12.632397
16.0,16,12.652691
13.0,13,12.663727
11.0,11,12.676795
44.0,44,12.727286
49.0,49,12.784722
18.0,18,12.805863
18.0,18,12.828281
27.0,27,12.858819
20.0,20,12.883158
30.0,30,12.913572
30.0,30,12.951554
33.0,33,12.986283
68.0,68,13.065418
45.0,45,13.114485
20.0,20,13.140374
50.0,50,13.196801
10.0,10,13.208451
10.0,10,13.221224
28.0,28,13.255307
38.0,38,13.294325
28.0,28,13.331135
9.0,9,13.343834
14.0,14,13.35678
20.0,20,13.378163
18.0,18,13.403364
16.0,16,13.421018
14.0,14,13.437187
10.0,10,13.449836
14.0,14,13.466705
13.0,13,13.47998
19.0,19,13.501483
12.0,12,13.51426
21.0,21,13.541735
15.0,15,13.559912
19.0,19,13.581943
22.0,22,13.60297
33.0,33,13.650099
14.0,14,13.663157
17.0,17,13.680259
28.0,28,13.709965
10.0,10,13.726213
15.0,15,13.747165
26.0,26,13.773726
34.0,34,13.8133
13.0,13,13.829905
41.0,41,13.876969
17.0,17,13.895303
26.0,26,13.925524
45.0,45,13.979533
15.0,15,13.996541
24.0,24,14.021634
39.0,39,14.068984
13.0,13,14.085477
35.0,35,14.123368
22.0,22,14.143814
35.0,35,14.183278
20.0,20,14.206848
22.0,22,14.22691
39.0,39,14.271228
13.0,13,14.283433
11.0,11,14.298608
24.0,24,14.321748
13.0,13,14.334683
16.0,16,14.351744
13.0,13,14.374344
23.0,23,14.396586
14.0,14,14.412849
18.0,18,14.428997
18.0,18,14.453633
21.0,21,14.47798
23.0,23,14.501451
13.0,13,14.51382
16.0,16,14.532749
15.0,15,14.54878
23.0,23,14.57637
24.0,24,14.600702
35.0,35,14.636537
53.0,53,14.694109
12.0,12,14.706439
10.0,10,14.71477
31.0,31,14.75044
16.0,16,14.766443
34.0,34,14.802058
20.0,20,14.822724
12.0,12,14.837834
34.0,34,14.87642
26.0,26,14.899939
11.0,11,14.911641
47.0,47,14.964591
36.0,36,14.996806
19.0,19,15.011383
22.0,22,15.033064
16.0,16,15.053414
17.0,17,15.071226
15.0,15,15.091412
35.0,35,15.130946
41.0,41,15.177294
25.0,25,15.205917
14.0,14,15.222543
21.0,21,15.244174
22.0,22,15.272585
23.0,23,15.299089
11.0,11,15.312355
19.0,19,15.333805
22.0,22,15.358333
34.0,34,15.401348
22.0,22,15.423832
9.0,9,15.437578
12.0,12,15.455493
13.0,13,15.468653
32.0,32,15.506159
13.0,13,15.519574
23.0,23,15.549474
27.0,27,15.580225
10.0,10,15.589131
28.0,28,15.622631
43.0,43,15.674387
18.0,18,15.692093
19.0,19,15.716571
19.0,19,15.737867
57.0,57,15.806813
19.0,19,15.828906
16.0,16,15.846582
17.0,17,15.86467
17.0,17,15.885962
25.0,25,15.919747
24.0,24,15.948928
17.0,17,15.966073
10.0,10,15.979654
9.0,9,15.992081
14.0,14,16.010021
18.0,18,16.031463
19.0,19,16.05223
15.0,15,16.071355
21.0,21,16.092288
43.0,43,16.141115
27.0,27,16.174168
14.0,14,16.186877
27.0,27,16.218065
13.0,13,16.230232
11.0,11,16.246288
20.0,20,16.265791
17.0,17,16.28205
16.0,16,16.298784
46.0,46,16.354933
12.0,12,16.367405
41.0,41,16.407264
14.0,14,16.426567
36.0,36,16.466808
13.0,13,16.479582
22.0,22,16.499211
9.0,9,16.512154
35.0,35,16.55566
30.0,30,16.586216
22.0,22,16.605995
10.0,10,16.61831
42.0,42,16.663267
14.0,14,16.679804
46.0,46,16.723384
47.0,47,16.774537
18.0,18,16.797452
10.0,10,16.806555
23.0,23,16.830902
32.0,32,16.869324
16.0,16,16.887123
54.0,54,16.941851
11.0,11,16.959453
13.0,13,16.972175
14.0,14,16.993187
20.0,20,17.01113
13.0,13,17.022583
33.0,33,17.06246
16.0,16,17.082589
12.0,12,17.095371
22.0,22,17.121479
21.0,21,17.14265
26.0,26,17.180228
12.0,12,17.193651
19.0,19,17.211824
13.0,13,17.229036
27.0,27,17.259989
11.0,11,17.271608
13.0,13,17.283635
12.0,12,17.295359
14.0,14,17.315181
26.0,26,17.339308
15.0,15,17.354541
57.0,57,17.413229
13.0,13,17.431896
15.0,15,17.445046
23.0,23,17.474563
41.0,41,17.515892
32.0,32,17.552171
11.0,11,17.564491
10.0,10,17.58136
12.0,12,17.594194
101.0,101,17.706319
15.0,15,17.71926
29.0,29,17.747259
19.0,19,17.767492
15.0,15,17.788485
13.0,13,17.805764
25.0,25,17.832891
14.0,14,17.846206
12.0,12,17.863329
25.0,25,17.898019
40.0,40,17.941545
19.0,19,17.959146
10.0,10,17.9752
25.0,25,18.004112
26.0,26,18.031506
11.0,11,18.040993
19.0,19,18.064564
43.0,43,18.114724
22.0,22,18.135579
14.0,14,18.151228
35.0,35,18.190068
18.0,18,18.214569
11.0,11,18.227221
66.0,66,18.292956
13.0,13,18.318863
12.0,12,18.330635
14.0,14,18.34347
58.0,58,18.409217
75.0,75,18.48553
28.0,28,18.518472
24.0,24,18.544333
31.0,31,18.577908
26.0,26,18.608821
12.0,12,18.625049
13.0,13,18.637832
20.0,20,18.658017
12.0,12,18.673693
22.0,22,18.69401
73.0,73,18.772102
17.0,17,18.78861
28.0,28,18.819288
10.0,10,18.833339
13.0,13,18.848804
34.0,34,18.88053
10.0,10,18.895771
20.0,20,18.91486
16.0,16,18.934895
37.0,37,18.971131
17.0,17,18.990083
28.0,28,19.017652
11.0,11,19.029484
15.0,15,19.050557
28.0,28,19.082108
12.0,12,19.093997
33.0,33,19.126015
14.0,14,19.142303
23.0,23,19.168422
35.0,35,19.204328
14.0,14,19.21637
13.0,13,19.231848
17.0,17,19.255065
22.0,22,19.275771
15.0,15,19.291608
16.0,16,19.308217
19.0,19,19.330821
23.0,23,19.359224
12.0,12,19.371213
17.0,17,19.387569
25.0,25,19.415329
44.0,44,19.462492
20.0,20,19.482804
27.0,27,19.512438
36.0,36,19.551911
12.0,12,19.568998
21.0,21,19.589608
14.0,14,19.606622
31.0,31,19.637146
18.0,18,19.656615
12.0,12,19.671649
16.0,16,19.688437
20.0,20,19.71141
15.0,15,19.727309
21.0,21,19.747186
39.0,39,19.790501
23.0,23,19.815257
48.0,48,19.863638
32.0,32,19.900758
32.0,32,19.932132
14.0,14,19.951476
15.0,15,19.968513
12.0,12,19.985928
23.0,23,20.007097
24.0,24,20.035003
15.0,15,20.051676
12.0,12,20.064728
17.0,17,20.0858
31.0,31,20.12184
12.0,12,20.135043
86.0,86,20.235577
15.0,15,20.2488
10.0,10,20.265378
31.0,31,20.305058
12.0,12,20.316924
25.0,25,20.342053
41.0,41,20.386033
29.0,29,20.418311
17.0,17,20.440577
13.0,13,20.45292
19.0,19,20.476511
13.0,13,20.488824
34.0,34,20.52652
66.0,66,20.593543
12.0,12,20.612953
27.0,27,20.641841
20.0,20,20.663099
12.0,12,20.674742
16.0,16,20.693859
24.0,24,20.722901
16.0,16,20.738883
67.0,67,20.808852
12.0,12,20.82461
32.0,32,20.857168
18.0,18,20.878815
28.0,28,20.91632
34.0,34,20.952993
26.0,26,20.981642
45.0,45,21.031868
24.0,24,21.056668
18.0,18,21.079899
18.0,18,21.09655
19.0,19,21.121051
13.0,13,21.133587
12.0,12,21.14922
13.0,13,21.162109
15.0,15,21.178147
32.0,32,21.210097
11.0,11,21.228127
26.0,26,21.253657
22.0,22,21.279625
13.0,13,21.292084
25.0,25,21.320972
21.0,21,21.350273
11.0,11,21.359151
13.0,13,21.376952
24.0,24,21.407071
18.0,18,21.424658
21.0,21,21.451051
11.0,11,21.46575
33.0,33,21.50597
11.0,11,21.519564
17.0,17,21.539973
25.0,25,21.57143
28.0,28,21.60637
35.0,35,21.645791
21.0,21,21.671645
30.0,30,21.702727
25.0,25,21.733138
11.0,11,21.750688
12.0,12,21.764316
30.0,30,21.800596
25.0,25,21.830518
23.0,23,21.86185
25.0,25,21.888157
16.0,16,21.905399
15.0,15,21.926141
23.0,23,21.953166
11.0,11,21.966729
10.0,10,21.979204
16.0,16,21.998599
13.0,13,22.011566
33.0,33,22.043749
25.0,25,22.072793
37.0,37,22.117192
13.0,13,22.129207
34.0,34,22.170339
10.0,10,22.183701
27.0,27,22.216959
15.0,15,22.230608
9.0,9,22.242137
9.0,9,22.250829
15.0,15,22.275343
17.0,17,22.292746
16.0,16,22.310336
19.0,19,22.333363
15.0,15,22.350408
24.0,24,22.376336
23.0,23,22.396572
42.0,42,22.448346
14.0,14,22.468731
26.0,26,22.499557
11.0,11,22.50836
23.0,23,22.531971
17.0,17,22.55137
15.0,15,22.571356
42.0,42,22.620144
11.0,11,22.630215
14.0,14,22.651226
19.0,19,22.677111
12.0,12,22.688129
10.0,10,22.696513
20.0,20,22.723045
28.0,28,22.754099
14.0,14,22.771709
17.0,17,22.792995
16.0,16,22.814868
14.0,14,22.828472
14.0,14,22.845366
38.0,38,22.889153
22.0,22,22.91826
18.0,18,22.93719
20.0,20,22.958851
18.0,18,22.979682
16.0,16,23.002444
17.0,17,23.019649
12.0,12,23.034173
38.0,38,23.079597
36.0,36,23.124661
58.0,58,23.185662
14.0,14,23.204828
24.0,24,23.234429
22.0,22,23.260752
13.0,13,23.273758
18.0,18,23.297924
25.0,25,23.323694
32.0,32,23.36371
10.0,10,23.376445
33.0,33,23.780892
10.0,10,23.789836
24.0,24,23.821764
14.0,14,23.839428
24.0,24,23.864744
18.0,18,23.882159
45.0,45,23.938792
38.0,38,23.977582
10.0,10,23.990474
11.0,11,23.999223
18.0,18,24.026894
17.0,17,24.044973
21.0,21,24.067159
16.0,16,24.083352
26.0,26,24.115929
26.0,26,24.139513
28.0,28,24.170376
22.0,22,24.194045
15.0,15,24.216915
24.0,24,24.240898
24.0,24,24.267487
11.0,11,24.276428
58.0,58,24.343259
12.0,12,24.356449
48.0,48,24.404723
23.0,23,24.43012
40.0,40,24.475305
11.0,11,24.485253
14.0,14,24.50437
15.0,15,24.524394
18.0,18,24.545351
13.0,13,24.558797
23.0,23,24.585605
44.0,44,24.635888
19.0,19,24.662162
18.0,18,24.678699
15.0,15,24.696137
16.0,16,24.714159
14.0,14,24.738265
34.0,34,24.773619
21.0,21,24.795118
20.0,20,24.817298
12.0,12,24.837626
26.0,26,24.869401
15.0,15,24.886415
19.0,19,24.904515
10.0,10,24.92053
25.0,25,24.950572
18.0,18,24.972194
9.0,9,24.98101
21.0,21,25.008518
16.0,16,25.027041
19.0,19,25.053642
19.0,19,25.075581
11.0,11,25.088952
23.0,23,25.115861
9.0,9,25.12641
9.0,9,25.142899
19.0,19,25.162315
15.0,15,25.18078
25.0,25,25.208326
15.0,15,25.225914
46.0,46,25.285418
22.0,22,25.308345
14.0,14,25.326988
32.0,32,25.362878
15.0,15,25.379726
21.0,21,25.407091
10.0,10,25.41583
20.0,20,25.438447
27.0,27,25.475654
20.0,20,25.500175
39.0,39,25.546615
12.0,12,25.561726
24.0,24,25.591801
24.0,24,25.620327
33.0,33,25.658564
47.0,47,25.712022
15.0,15,25.728245
32.0,32,25.765254
40.0,40,25.808187
19.0,19,25.829341
13.0,13,25.845461
12.0,12,25.86129
27.0,27,25.891681
26.0,26,25.921048
11.0,11,25.933922
22.0,22,25.96335
16.0,16,25.982932
29.0,29,26.014143
28.0,28,26.049186
17.0,17,26.069681
38.0,38,26.113772
37.0,37,26.153531
14.0,14,26.176626
41.0,41,26.220516
16.0,16,26.237731
24.0,24,26.264604
10.0,10,26.278849
31.0,31,26.313058
31.0,31,26.348147
15.0,15,26.366807
27.0,27,26.399807
31.0,31,26.433635
22.0,22,26.459781
48.0,48,26.514136
38.0,38,26.557389
50.0,50,26.615782
12.0,12,26.628592
15.0,15,26.641413
16.0,16,26.661648
26.0,26,26.695786
14.0,14,26.708846
27.0,27,26.738606
13.0,13,26.755487
14.0,14,26.772393
34.0,34,26.809662
27.0,27,26.840042
42.0,42,26.892412
22.0,22,26.916057
20.0,20,26.939376
9.0,9,26.949477
12.0,12,26.967386
69.0,69,27.049394
39.0,39,27.091655
17.0,17,27.115024
17.0,17,27.136967
20.0,20,27.159424
29.0,29,27.189086
36.0,36,27.231174
20.0,20,27.256484
16.0,16,27.273942
38.0,38,27.32178
23.0,23,27.343698
17.0,17,27.36923
9.0,9,27.378308
21.0,21,27.406648
19.0,19,27.428088
28.0,28,27.462075
11.0,11,27.475037
15.0,15,27.487614
20.0,20,27.509153
61.0,61,27.577699
15.0,15,27.590507
20.0,20,27.614431
55.0,55,27.672762
27.0,27,27.707541
16.0,16,27.724007
15.0,15,27.740983
21.0,21,27.766094
32.0,32,27.804252
13.0,13,27.820209
34.0,34,27.856865
42.0,42,27.900322
12.0,12,27.918989
20.0,20,27.940258
11.0,11,27.951923
8.0,8,27.960021
25.0,25,27.9873
35.0,35,28.027311
18.0,18,28.044231
16.0,16,28.060239
13.0,13,28.079969
27.0,27,28.105326
15.0,15,28.123667
30.0,30,28.154671
12.0,12,28.16979
30.0,30,28.199074
13.0,13,28.211092
10.0,10,28.225489
14.0,14,28.241576
56.0,56,28.300836
23.0,23,28.326935
17.0,17,28.342853
11.0,11,28.357764
17.0,17,28.375423
25.0,25,28.404154
17.0,17,28.421158
20.0,20,28.446217
17.0,17,28.462071
10.0,10,28.473611
25.0,25,28.501801
13.0,13,28.518901
20.0,20,28.543556
17.0,17,28.560315
19.0,19,28.583008
17.0,17,28.603582
10.0,10,28.615665
13.0,13,28.628021
21.0,21,28.651535
49.0,49,28.708901
22.0,22,28.73175
15.0,15,28.752308
27.0,27,28.782202
18.0,18,28.805255
11.0,11,28.818888
42.0,42,28.865918
17.0,17,28.88816
18.0,18,28.910172
47.0,47,28.967589
18.0,18,28.986715
56.0,56,29.046937
28.0,28,29.081314
94.0,94,29.18312
23.0,23,29.207027
19.0,19,29.224046
13.0,13,29.243366
19.0,19,29.262583
10.0,10,29.27529
84.0,84,29.369279
15.0,15,29.390436
18.0,18,29.408806
34.0,34,29.446113
16.0,16,29.465644
28.0,28,29.497812
22.0,22,29.519699
34.0,34,29.558222
19.0,19,29.575329
17.0,17,29.598539
20.0,20,29.618961
13.0,13,29.631054
35.0,35,29.672222
29.0,29,29.703347
15.0,15,29.719384
25.0,25,29.744657
29.0,29,29.776095
18.0,18,29.800065
26.0,26,29.817775
30.0,30,29.847847
19.0,19,29.871114
41.0,41,29.923637
28.0,28,29.95711
18.0,18,29.97763
12.0,12,29.992509
20.0,20,30.018479
17.0,17,30.037722
18.0,18,30.061806
32.0,32,30.09951
32.0,32,30.138083
48.0,48,30.194375
33.0,33,30.23032
21.0,21,30.254575
35.0,35,30.302503
14.0,14,30.320229
13.0,13,30.334802
32.0,32,30.37026
12.0,12,30.38865
21.0,21,30.412272
34.0,34,30.452632
20.0,20,30.471839
36.0,36,30.519277
10.0,10,30.528968
14.0,14,30.545751
61.0,61,30.615871
29.0,29,30.650452
36.0,36,30.691612
16.0,16,30.707378
13.0,13,30.721101
24.0,24,30.74717
30.0,30,30.779055
24.0,24,30.806527
25.0,25,30.830834
21.0,21,30.855268
25.0,25,30.884254
48.0,48,30.938497
47.0,47,30.983909
19.0,19,31.012779
36.0,36,31.047976
22.0,22,31.071351
12.0,12,31.084908
18.0,18,31.109539
12.0,12,31.121286
57.0,57,31.173596
36.0,36,31.218081
29.0,29,31.254877
24.0,24,31.28097
48.0,48,31.336037
15.0,15,31.34927
22.0,22,31.378132
16.0,16,31.394271
22.0,22,31.419651
49.0,49,31.472187
15.0,15,31.487883
17.0,17,31.505848
29.0,29,31.538919
13.0,13,31.551436
23.0,23,31.581256
14.0,14,31.593601
16.0,16,31.611951
22.0,22,31.644148
25.0,25,31.674958
31.0,31,31.710277
15.0,15,31.731496
20.0,20,31.755152
16.0,16,31.776286
59.0,59,31.842461
16.0,16,31.856401
20.0,20,31.879101
12.0,12,31.895715
20.0,20,31.917031
11.0,11,31.92902
21.0,21,31.957749
12.0,12,31.9751
21.0,21,32.00072
29.0,29,32.032121
13.0,13,32.049868
10.0,10,32.066372
17.0,17,32.083405
22.0,22,32.105279
13.0,13,32.121687
15.0,15,32.136591
22.0,22,32.166862
34.0,34,32.200818
27.0,27,32.227277
11.0,11,32.243663
20.0,20,32.266405
14.0,14,32.27895
22.0,22,32.304207
23.0,23,32.332618
10.0,10,32.341539
14.0,14,32.365923
10.0,10,32.377432
40.0,40,32.429282
26.0,26,32.459091
14.0,14,32.477827
22.0,22,32.506024
34.0,34,32.545596
56.0,56,32.612523
18.0,18,32.636534
33.0,33,32.677176
30.0,30,32.712476
11.0,11,32.726319
17.0,17,32.745467
9.0,9,32.759271
12.0,12,32.780438
24.0,24,32.807468
16.0,16,32.825323
15.0,15,32.839458
47.0,47,32.900192
11.0,11,32.91254
14.0,14,32.925758
12.0,12,32.939501
15.0,15,32.959638
22.0,22,32.989312
13.0,13,33.002095
13.0,13,33.015933
55.0,55,33.079929
16.0,16,33.099498
35.0,35,33.136373
13.0,13,33.148926
10.0,10,33.160522
18.0,18,33.181086
22.0,22,33.205495
36.0,36,33.243141
16.0,16,33.263612
23.0,23,33.28967
20.0,20,33.313282
17.0,17,33.331218
17.0,17,33.354944
24.0,24,33.380485
13.0,13,33.392813
18.0,18,33.413089
15.0,15,33.434866
16.0,16,33.453648
14.0,14,33.47161
20.0,20,33.49396
16.0,16,33.516889
27.0,27,33.543464
25.0,25,33.572772
36.0,36,33.61566
76.0,76,33.704574
17.0,17,33.727736
16.0,16,33.744763
24.0,24,33.771492
23.0,23,33.802755
9.0,9,33.811766
20.0,20,33.841288
25.0,25,33.866547
44.0,44,33.92171
12.0,12,33.933196
42.0,42,33.969211
21.0,21,33.985495
15.0,15,34.003269
25.0,25,34.031053
75.0,75,34.096118
41.0,41,34.141312
19.0,19,34.163841
16.0,16,34.177859
25.0,25,34.20139
14.0,14,34.213003
19.0,19,34.240954
13.0,13,34.251899
24.0,24,34.276659
12.0,12,34.289718
49.0,49,34.352033
13.0,13,34.362209
35.0,35,34.401995
18.0,18,34.419731
24.0,24,34.450624
35.0,35,34.489232
26.0,26,34.514976
17.0,17,34.533314
21.0,21,34.561567
15.0,15,34.579427
16.0,16,34.596209
36.0,36,34.63206
16.0,16,34.656482
24.0,24,34.682261
19.0,19,34.698395
17.0,17,34.717003
31.0,31,34.749576
18.0,18,34.775529
12.0,12,34.788381
11.0,11,34.8011
23.0,23,34.825057
50.0,50,34.884808
21.0,21,34.904143
17.0,17,34.920923
29.0,29,34.95795
14.0,14,34.974962
15.0,15,34.991322
23.0,23,35.016238
17.0,17,35.035064
66.0,66,35.107405
18.0,18,35.129414
10.0,10,35.138463
48.0,48,35.193731
12.0,12,35.569693
15.0,15,35.588082
19.0,19,35.614326
10.0,10,35.626953
28.0,28,35.656379
9.0,9,35.668991
66.0,66,35.748401
41.0,41,35.803469
17.0,17,35.824506
15.0,15,35.839415
29.0,29,35.87672
21.0,21,35.907642
27.0,27,35.937768
27.0,27,35.961635
16.0,16,35.977981
12.0,12,35.993659
25.0,25,36.026033
29.0,29,36.050222
17.0,17,36.069518
37.0,37,36.111444
14.0,14,36.134771
18.0,18,36.152555
11.0,11,36.165611
21.0,21,36.191206
29.0,29,36.231493
30.0,30,36.261993
17.0,17,36.279423
38.0,38,36.332575
39.0,39,36.376414
13.0,13,36.391932
13.0,13,36.404438
35.0,35,36.452615
18.0,18,36.470605
13.0,13,36.487776
11.0,11,36.496372
15.0,15,36.517497
16.0,16,36.540598
18.0,18,36.56175
13.0,13,36.574811
10.0,10,36.587261
29.0,29,36.623414
13.0,13,36.636293
22.0,22,36.662545
15.0,15,36.682682
36.0,36,36.723893
20.0,20,36.750961
28.0,28,36.779921
31.0,31,36.817329
16.0,16,36.83066
23.0,23,36.859158
34.0,34,36.893618
9.0,9,36.905481
15.0,15,36.92207
18.0,18,36.946412
41.0,41,36.99427
17.0,17,37.014707
12.0,12,37.028214
17.0,17,37.045663
21.0,21,37.075106
41.0,41,37.122691
17.0,17,37.141751
11.0,11,37.154106
11.0,11,37.170591
14.0,14,37.187292
47.0,47,37.240828
39.0,39,37.289976
22.0,22,37.311157
21.0,21,37.337226
16.0,16,37.355604
33.0,33,37.397544
13.0,13,37.409951
20.0,20,37.435292
14.0,14,37.44782
58.0,58,37.516903
17.0,17,37.532811
18.0,18,37.555682
22.0,22,37.577503
13.0,13,37.593953
15.0,15,37.610947
16.0,16,37.630487
17.0,17,37.646682
16.0,16,37.663559
13.0,13,37.680473
24.0,24,37.71075
11.0,11,37.719172
17.0,17,37.740542
10.0,10,37.750051
15.0,15,37.771248
12.0,12,37.784927
29.0,29,37.820474
28.0,28,37.852577
19.0,19,37.876401
58.0,58,37.941822
34.0,34,37.98113
32.0,32,38.021254
15.0,15,38.044737
50.0,50,38.097287
29.0,29,38.131643
18.0,18,38.153759
13.0,13,38.170462
29.0,29,38.199633
13.0,13,38.220894
12.0,12,38.232567
20.0,20,38.257839
16.0,16,38.274338
46.0,46,38.324079
9.0,9,38.332078
26.0,26,38.364075
21.0,21,38.385704
16.0,16,38.401148
36.0,36,38.440602
18.0,18,38.463528
25.0,25,38.486235
27.0,27,38.514738
12.0,12,38.532135
17.0,17,38.552181
28.0,28,38.583333
25.0,25,38.608064
13.0,13,38.620484
12.0,12,38.638978
12.0,12,38.651117
13.0,13,38.667495
51.0,51,38.717246
20.0,20,38.74475
42.0,42,38.788779
29.0,29,38.818288
11.0,11,38.830993
21.0,21,38.864195
9.0,9,38.87354
14.0,14,38.890823
30.0,30,38.924133
24.0,24,38.956878
22.0,22,38.984957
22.0,22,39.007628
51.0,51,39.066811
41.0,41,39.111319
18.0,18,39.133218
16.0,16,39.155389
21.0,21,39.178077
50.0,50,39.238289
14.0,14,39.251391
13.0,13,39.270937
12.0,12,39.284679
17.0,17,39.307968
10.0,10,39.316103
29.0,29,39.348002
26.0,26,39.382909
12.0,12,39.400673
15.0,15,39.418338
29.0,29,39.450988
22.0,22,39.477378
12.0,12,39.493678
12.0,12,39.5078
10.0,10,39.520631
13.0,13,39.533755
13.0,13,39.549815
10.0,10,39.562526
11.0,11,39.580388
16.0,16,39.596273
25.0,25,39.623828
35.0,35,39.661085
18.0,18,39.682412
28.0,28,39.710742
19.0,19,39.735781
25.0,25,39.760842
18.0,18,39.785296
11.0,11,39.793508
13.0,13,39.813116
46.0,46,39.856914
12.0,12,39.870507
14.0,14,39.891631
21.0,21,39.915918
11.0,11,39.929311
11.0,11,39.94003
35.0,35,39.977739
14.0,14,40.000993
17.0,17,40.018583
11.0,11,40.031458
21.0,21,40.054164
14.0,14,40.070449
43.0,43,40.120911
14.0,14,40.138389
11.0,11,40.147242
16.0,16,40.16892
25.0,25,40.214405
14.0,14,40.242951
20.0,20,40.264846
10.0,10,40.280381
11.0,11,40.288859
18.0,18,40.313985
11.0,11,40.326081
31.0,31,40.359231
15.0,15,40.375038
34.0,34,40.414212
36.0,36,40.451611
16.0,16,40.472894
23.0,23,40.497619
18.0,18,40.522385
12.0,12,40.535458
20.0,20,40.560277
15.0,15,40.57731
15.0,15,40.592847
20.0,20,40.618261
10.0,10,40.634431
34.0,34,40.670133
23.0,23,40.696722
9.0,9,40.706273
19.0,19,40.734225
14.0,14,40.75282
11.0,11,40.761736
11.0,11,40.774948
11.0,11,40.79271
18.0,18,40.810262
13.0,13,40.830961
10.0,10,40.839856
33.0,33,40.878129
12.0,12,40.88909
26.0,26,40.914368
22.0,22,40.936667
17.0,17,40.959084
38.0,38,40.999219
14.0,14,41.016012
37.0,37,41.05619
22.0,22,41.08119
18.0,18,41.102856
31.0,31,41.142022
16.0,16,41.158233
15.0,15,41.173868
15.0,15,41.19059
13.0,13,41.202882
19.0,19,41.225034
27.0,27,41.260576
30.0,30,41.292897
22.0,22,41.319345
13.0,13,41.338013
15.0,15,41.358555
103.0,103,41.468391
36.0,36,41.504732
24.0,24,41.529096
10.0,10,41.544076
23.0,23,41.569376
22.0,22,41.590084
19.0,19,41.61109
21.0,21,41.635153
31.0,31,41.672999
10.0,10,41.685433
18.0,18,41.702247
17.0,17,41.722294
15.0,15,41.737664
18.0,18,41.760115
13.0,13,41.773511
19.0,19,41.799598
25.0,25,41.824242
28.0,28,41.857332
27.0,27,41.886542
23.0,23,41.911901
13.0,13,41.928703
21.0,21,41.951674
32.0,32,41.98543
26.0,26,42.015476
12.0,12,42.029474
23.0,23,42.060961
19.0,19,42.084674
13.0,13,42.102057
12.0,12,42.11551
17.0,17,42.133286
13.0,13,42.149271
50.0,50,42.208414
36.0,36,42.245865
11.0,11,42.261175
53.0,53,42.323739
42.0,42,42.378732
18.0,18,42.395255
15.0,15,42.411382
20.0,20,42.434728
65.0,65,42.512205
16.0,16,42.529917
17.0,17,42.547708
10.0,10,42.561286
19.0,19,42.592272
19.0,19,42.610753
17.0,17,42.63338
15.0,15,42.648474
12.0,12,42.666224
57.0,57,42.737375
24.0,24,42.764354
17.0,17,42.786527
22.0,22,42.811773
32.0,32,42.847893
20.0,20,42.869181
9.0,9,42.888048
18.0,18,42.910623
17.0,17,42.928596
40.0,40,42.973458
14.0,14,42.995539
34.0,34,43.028093
16.0,16,43.039325
22.0,22,43.058616
44.0,44,43.102863
42.0,42,43.143955
25.0,25,43.168175
12.0,12,43.179601
10.0,10,43.186823
36.0,36,43.229163
26.0,26,43.253635
38.0,38,43.286732
16.0,16,43.301543
20.0,20,43.323711
39.0,39,43.358851
17.0,17,43.376821
17.0,17,43.395278
19.0,19,43.423925
25.0,25,43.451087
21.0,21,43.478221
26.0,26,43.504236
41.0,41,43.559307
27.0,27,43.590508
37.0,37,43.634878
50.0,50,43.692315
22.0,22,43.717541
35.0,35,43.760576
25.0,25,43.78906
16.0,16,43.808292
14.0,14,43.834927
11.0,11,43.847783
9.0,9,43.856469
14.0,14,43.870296
14.0,14,43.891985
9.0,9,43.900374
15.0,15,43.918656
32.0,32,43.959019
41.0,41,44.008708
16.0,16,44.025957
15.0,15,44.047766
21.0,21,44.069449
23.0,23,44.099633
20.0,20,44.12152
23.0,23,44.151528
16.0,16,44.169184
23.0,23,44.196958
12.0,12,44.210393
21.0,21,44.236953
11.0,11,44.245929
18.0,18,44.279016
11.0,11,44.29361
17.0,17,44.311998
13.0,13,44.324865
17.0,17,44.344667
44.0,44,44.398203
31.0,31,44.434727
49.0,49,44.488992
12.0,12,44.50516
20.0,20,44.52785
13.0,13,44.544708
16.0,16,44.567981
38.0,38,44.609229
29.0,29,44.639382
50.0,50,44.700823
18.0,18,44.718338
33.0,33,44.759664
12.0,12,44.776994
20.0,20,44.797083
27.0,27,44.824736
17.0,17,44.850616
40.0,40,44.899655
10.0,10,44.909207
21.0,21,44.93487
23.0,23,44.966561
42.0,42,45.018872
50.0,50,45.068991
13.0,13,45.082165
24.0,24,45.116345
17.0,17,45.139042
10.0,10,45.149267
10.0,10,45.161023
22.0,22,45.183105
17.0,17,45.203347
16.0,16,45.221188
10.0,10,45.234812
15.0,15,45.256226
24.0,24,45.281694
11.0,11,45.29076
16.0,16,45.311202
24.0,24,45.34271
14.0,14,45.360232
41.0,41,45.407424
31.0,31,45.444112
14.0,14,45.460766
25.0,25,45.488771
13.0,13,45.506989
18.0,18,45.523719
32.0,32,45.560542
9.0,9,45.574121
25.0,25,45.601399
11.0,11,45.618276
14.0,14,45.634517
13.0,13,45.647757
33.0,33,45.692302
14.0,14,45.706188
17.0,17,45.732052
32.0,32,45.768117
12.0,12,45.781889
20.0,20,45.802698
32.0,32,45.848377
11.0,11,45.862683
28.0,28,45.893785
13.0,13,45.909769
32.0,32,45.951648
17.0,17,45.973897
17.0,17,45.993106
18.0,18,46.011217
66.0,66,46.095752
14.0,14,46.11147
16.0,16,46.134049
45.0,45,46.187108
41.0,41,46.239395
42.0,42,46.283013
14.0,14,46.29992
13.0,13,46.313057
18.0,18,46.341084
11.0,11,46.349914
16.0,16,46.367196
15.0,15,46.385187
35.0,35,46.43006
25.0,25,46.46209
9.0,9,46.47172
27.0,27,46.502959
12.0,12,46.521742
37.0,37,46.568404
36.0,36,46.610968
36.0,36,46.654585
20.0,20,46.68108
27.0,27,46.711762
16.0,16,46.729823
18.0,18,46.750755
30.0,30,46.789234
17.0,17,46.806568
20.0,20,46.828741
16.0,16,46.846292
25.0,25,46.88539
18.0,18,46.902915
10.0,10,46.91754
27.0,27,46.944119
27.0,27,46.982815
9.0,9,46.99243
18.0,18,47.015964
26.0,26,47.042844
29.0,29,47.083967
36.0,36,47.125245
14.0,14,47.139661
11.0,11,47.149844
28.0,28,47.18119
17.0,17,47.192945
17.0,17,47.20456
16.0,16,47.219252
15.0,15,47.23966
29.0,29,47.488064
28.0,28,47.519853
21.0,21,47.549114
25.0,25,47.580455
14.0,14,47.598026
16.0,16,47.615832
25.0,25,47.647601
22.0,22,47.673854
12.0,12,47.69192
13.0,13,47.704805
18.0,18,47.725551
9.0,9,47.738707
13.0,13,47.752274
11.0,11,47.765315
29.0,29,47.802356
10.0,10,47.81896
12.0,12,47.832504
35.0,35,47.873848
19.0,19,47.893044
13.0,13,47.917522
16.0,16,47.935167
25.0,25,47.961991
18.0,18,47.981354
18.0,18,48.010898
19.0,19,48.03196
35.0,35,48.067244
16.0,16,48.085054
29.0,29,48.128468
12.0,12,48.14191
15.0,15,48.156549
14.0,14,48.174616
24.0,24,48.204543
16.0,16,48.226843
12.0,12,48.23987
9.0,9,48.249885
14.0,14,48.273039
35.0,35,48.309247
11.0,11,48.327414
12.0,12,48.340455
23.0,23,48.3689
16.0,16,48.387189
12.0,12,48.400969
10.0,10,48.410364
23.0,23,48.443362
18.0,18,48.467294
16.0,16,48.487037
20.0,20,48.509216
35.0,35,48.553519
16.0,16,48.5712
64.0,64,48.645065
23.0,23,48.673015
12.0,12,48.690467
48.0,48,48.748528
52.0,52,48.805421
22.0,22,48.831393
18.0,18,48.856755
12.0,12,48.869557
15.0,15,48.888112
18.0,18,48.905535
14.0,14,48.926163
27.0,27,48.960584
25.0,25,48.988179
50.0,50,49.049342
19.0,19,49.074652
13.0,13,49.08773
53.0,53,49.153257
19.0,19,49.172317
14.0,14,49.193201
11.0,11,49.210053
41.0,41,49.25945
42.0,42,49.306361
14.0,14,49.32699
15.0,15,49.344329
24.0,24,49.373236
28.0,28,49.40532
33.0,33,49.444599
22.0,22,49.47062
13.0,13,49.488253
26.0,26,49.515877
20.0,20,49.543207
13.0,13,49.556104
32.0,32,49.594993
16.0,16,49.612859
17.0,17,49.638758
11.0,11,49.648571
15.0,15,49.664648
33.0,33,49.698756
15.0,15,49.717315
17.0,17,49.736829
50.0,50,49.798928
8.0,8,49.808955
34.0,34,49.847733
22.0,22,49.874442
10.0,10,49.887448
15.0,15,49.906733
20.0,20,49.932955
35.0,35,49.972184
16.0,16,49.994623
13.0,13,50.007194
23.0,23,50.038198
16.0,16,50.056482
25.0,25,50.087794
20.0,20,50.110069
17.0,17,50.13208
28.0,28,50.162957
15.0,15,50.180606
25.0,25,50.211709
14.0,14,50.229959
27.0,27,50.261412
11.0,11,50.271414
10.0,10,50.287042
10.0,10,50.303564
13.0,13,50.321048
14.0,14,50.333882
12.0,12,50.349901
19.0,19,50.376168
37.0,37,50.422087
16.0,16,50.441949
18.0,18,50.465639
45.0,45,50.523178
11.0,11,50.537152
17.0,17,50.555187
15.0,15,50.572062
16.0,16,50.594808
15.0,15,50.61461
23.0,23,50.640069
15.0,15,50.658316
16.0,16,50.679962
16.0,16,50.69774
26.0,26,50.727928
37.0,37,50.772001
37.0,37,50.820516
9.0,9,50.828567
19.0,19,50.850421
25.0,25,50.878709
11.0,11,50.895036
21.0,21,50.921275
15.0,15,50.940179
10.0,10,50.948928
17.0,17,50.973183
11.0,11,50.984875
23.0,23,51.012305
13.0,13,51.029296
35.0,35,51.072025
19.0,19,51.094502
12.0,12,51.109962
12.0,12,51.125085
13.0,13,51.145964
15.0,15,51.162827
17.0,17,51.180067
16.0,16,51.199075
31.0,31,51.240032
78.0,78,51.322451
16.0,16,51.344355
50.0,50,51.403169
10.0,10,51.416464
12.0,12,51.430203
14.0,14,51.453764
39.0,39,51.498408
10.0,10,51.511518
31.0,31,51.551497
47.0,47,51.604645
28.0,28,51.635015
11.0,11,51.648129
40.0,40,51.70019
15.0,15,51.717767
11.0,11,51.731453
28.0,28,51.768746
26.0,26,51.795435
14.0,14,51.814737
32.0,32,51.848714
22.0,22,51.87996
22.0,22,51.906394
30.0,30,51.939286
25.0,25,51.972468
20.0,20,51.998213
17.0,17,52.015313
13.0,13,52.028921
18.0,18,52.05138
18.0,18,52.078847
43.0,43,52.127625
13.0,13,52.143359
25.0,25,52.173335
16.0,16,52.194917
12.0,12,52.208672
52.0,52,52.265576
13.0,13,52.284986
11.0,11,52.297382
13.0,13,52.315932
20.0,20,52.337727
14.0,14,52.351009
18.0,18,52.381408
10.0,10,52.390333
11.0,11,52.404638
18.0,18,52.42322
17.0,17,52.448211
16.0,16,52.464871
26.0,26,52.495287
35.0,35,52.535042
13.0,13,52.55328
18.0,18,52.576672
15.0,15,52.595415
20.0,20,52.619287
17.0,17,52.644149
19.0,19,52.662352
117.0,117,52.807456
15.0,15,52.821072
29.0,29,52.858975
20.0,20,52.881284
22.0,22,52.908135
12.0,12,52.921599
24.0,24,52.951155
15.0,15,52.967787
28.0,28,52.997977
15.0,15,53.019723
11.0,11,53.034371
14.0,14,53.052617
18.0,18,53.071403
58.0,58,53.143629
69.0,69,53.227415
14.0,14,53.245559
26.0,26,53.275342
30.0,30,53.31152
17.0,17,53.335834
15.0,15,53.356938
23.0,23,53.382098
50.0,50,53.442444
28.0,28,53.477541
25.0,25,53.505489
34.0,34,53.550751
39.0,39,53.590858
9.0,9,53.606747
74.0,74,53.689213
13.0,13,53.703814
25.0,25,53.738056
13.0,13,53.755924
11.0,11,53.7684
15.0,15,53.783595
14.0,14,53.800195
41.0,41,53.850451
20.0,20,53.874253
13.0,13,53.887264
45.0,45,53.943895
24.0,24,53.975573
20.0,20,53.997596
23.0,23,54.020213
23.0,23,54.049706
14.0,14,54.069665
26.0,26,54.09746
14.0,14,54.116542
12.0,12,54.12894
12.0,12,54.14575
17.0,17,54.167119
14.0,14,54.17967
21.0,21,54.203925
18.0,18,54.224121
13.0,13,54.236021
29.0,29,54.272348
19.0,19,54.288965
14.0,14,54.308552
12.0,12,54.320618
21.0,21,54.340415
37.0,37,54.38017
15.0,15,54.399284
19.0,19,54.419033
16.0,16,54.436477
21.0,21,54.455841
11.0,11,54.475316
27.0,27,54.502621
35.0,35,54.534806
16.0,16,54.547178
54.0,54,54.610414
16.0,16,54.626953
13.0,13,54.639908
14.0,14,54.655828
12.0,12,54.67597
13.0,13,54.688529
16.0,16,54.704059
27.0,27,54.733522
9.0,9,54.746083
15.0,15,54.76607
14.0,14,54.783546
24.0,24,54.810447
13.0,13,54.827898
12.0,12,54.840514
20.0,20,54.863836
16.0,16,54.889806
16.0,16,54.912068
10.0,10,54.925486
33.0,33,54.963122
23.0,23,54.996524
11.0,11,55.011925
13.0,13,55.024471
36.0,36,55.063721
28.0,28,55.095743
13.0,13,55.113049
14.0,14,55.130639
15.0,15,55.143482
19.0,19,55.163719
33.0,33,55.209239
13.0,13,55.227079
21.0,21,55.250198
28.0,28,55.282144
12.0,12,55.299548
19.0,19,55.320862
17.0,17,55.34006
17.0,17,55.358707
39.0,39,55.409424
28.0,28,55.440575
11.0,11,55.456941
16.0,16,55.476265
16.0,16,55.50143
20.0,20,55.524761
17.0,17,55.543021
11.0,11,55.555773
13.0,13,55.575414
24.0,24,55.603887
27.0,27,55.632135
22.0,22,55.651056
15.0,15,55.672946
27.0,27,55.697797
12.0,12,55.713336
24.0,24,55.738931
11.0,11,55.750983
11.0,11,55.761361
30.0,30,55.78727
16.0,16,55.800921
21.0,21,55.827259
15.0,15,55.841621
26.0,26,55.866723
14.0,14,55.881289
24.0,24,55.911695
27.0,27,55.938304
54.0,54,55.99176
17.0,17,56.005774
14.0,14,56.028081
18.0,18,56.042857
14.0,14,56.057477
17.0,17,56.06938
45.0,45,56.109432
19.0,19,56.131184
16.0,16,56.145327
10.0,10,56.152763
17.0,17,56.174813
14.0,14,56.185349
12.0,12,56.196313
11.0,11,56.207759
16.0,16,56.230577
11.0,11,56.244406
18.0,18,56.260933
10.0,10,56.273491
18.0,18,56.291998
42.0,42,56.336968
17.0,17,56.353497
13.0,13,56.365574
12.0,12,56.381635
44.0,44,56.420209
35.0,35,56.453255
13.0,13,56.463861
35.0,35,56.498958
52.0,52,56.552762
22.0,22,56.571703
13.0,13,56.585999
29.0,29,56.616809
24.0,24,56.643136
23.0,23,56.665956
18.0,18,56.679436
13.0,13,56.694001
34.0,34,56.727317
20.0,20,56.750146
40.0,40,56.787663
21.0,21,56.809097
26.0,26,56.833969
11.0,11,56.847506
16.0,16,56.866667
15.0,15,56.889212
21.0,21,56.908293
23.0,23,56.931068
13.0,13,56.943724
17.0,17,56.968798
20.0,20,56.988856
38.0,38,57.027745
22.0,22,57.049322
13.0,13,57.066485
11.0,11,57.076253
86.0,86,57.145018
39.0,39,57.184559
42.0,42,57.228271
19.0,19,57.245683
13.0,13,57.256402
13.0,13,57.27427
19.0,19,57.296651
16.0,16,57.312905
19.0,19,57.336448
15.0,15,57.351129
20.0,20,57.376663
42.0,42,57.414085
15.0,15,57.432695
14.0,14,57.450046
34.0,34,57.485207
21.0,21,57.504963
19.0,19,57.525988
28.0,28,57.558257
17.0,17,57.582023
17.0,17,57.60189
13.0,13,57.614835
32.0,32,57.647877
22.0,22,57.674731
14.0,14,57.692189
17.0,17,57.708508
16.0,16,57.723368
46.0,46,57.769129
17.0,17,57.785642
9.0,9,57.792459
21.0,21,57.811454
15.0,15,57.829705
12.0,12,57.841078
12.0,12,57.851562
20.0,20,57.870479
21.0,21,57.899738
24.0,24,57.919763
21.0,21,57.940276
16.0,16,57.954264
19.0,19,57.973142
25.0,25,58.000464
18.0,18,58.015902
27.0,27,58.040661
15.0,15,58.055487
13.0,13,58.063558
32.0,32,58.096013
16.0,16,58.109793
23.0,23,58.131904
18.0,18,58.145178
8.0,8,58.154469
113.0,113,58.27358
12.0,12,58.288391
22.0,22,58.320604
13.0,13,58.337951
26.0,26,58.365721
17.0,17,58.383665
28.0,28,58.410241
51.0,51,58.454029
31.0,31,58.479196
22.0,22,58.511638
33.0,33,58.540982
19.0,19,58.558059
24.0,24,58.5799
22.0,22,58.606131
13.0,13,58.62037
12.0,12,58.628569
70.0,70,58.683106
17.0,17,58.699885
29.0,29,58.730094
15.0,15,58.740828
13.0,13,58.75379
11.0,11,58.764131
21.0,21,58.792406
39.0,39,58.833174
12.0,12,58.844798
24.0,24,58.873695
22.0,22,59.104949
15.0,15,59.118486
22.0,22,59.146605
17.0,17,59.163273
12.0,12,59.175085
15.0,15,59.190278
10.0,10,59.20157
31.0,31,59.231894
62.0,62,59.287971
22.0,22,59.305508
15.0,15,59.321085
21.0,21,59.346286
18.0,18,59.364547
14.0,14,59.376524
14.0,14,59.390131
76.0,76,59.474392
26.0,26,59.496526
33.0,33,59.530891
32.0,32,59.572132
25.0,25,59.597721
16.0,16,59.611924
14.0,14,59.623994
32.0,32,59.656909
64.0,64,59.717694
19.0,19,59.734818
44.0,44,59.78422
11.0,11,59.795543
11.0,11,59.810592
16.0,16,59.825229
26.0,26,59.850865
13.0,13,59.866403
14.0,14,59.884528
12.0,12,59.896189
11.0,11,59.907603
17.0,17,59.923022
16.0,16,59.939399
28.0,28,59.96584
25.0,25,59.986148
15.0,15,60.001188
12.0,12,60.015072
15.0,15,60.034086
11.0,11,60.044615
23.0,23,60.07566
35.0,35,60.109702
11.0,11,60.12096
44.0,44,60.163795
12.0,12,60.178176
15.0,15,60.194861
16.0,16,60.210648
15.0,15,60.224551
52.0,52,60.272721
36.0,36,60.302194
11.0,11,60.312114
13.0,13,60.32249
26.0,26,60.344796
10.0,10,60.355151
25.0,25,60.379734
19.0,19,60.399273
18.0,18,60.415384
19.0,19,60.432436
22.0,22,60.451126
28.0,28,60.482777
9.0,9,60.489544
10.0,10,60.502822
11.0,11,60.51086
13.0,13,60.525333
13.0,13,60.536602
23.0,23,60.560072
15.0,15,60.571598
11.0,11,60.586001
16.0,16,60.601012
26.0,26,60.62903
13.0,13,60.645266
14.0,14,60.660789
12.0,12,60.673576
38.0,38,60.72394
27.0,27,60.755735
20.0,20,60.779815
13.0,13,60.794656
9.0,9,60.806437
25.0,25,60.833939
20.0,20,60.855248
11.0,11,60.868043
18.0,18,60.892892
28.0,28,60.922782
19.0,19,60.941014
19.0,19,60.963812
14.0,14,60.982693
9.0,9,60.992318
33.0,33,61.03064
20.0,20,61.051886
17.0,17,61.073761
25.0,25,61.10412
37.0,37,61.139699
31.0,31,61.172612
31.0,31,61.20713
14.0,14,61.223602
13.0,13,61.236887
34.0,34,61.273448
29.0,29,61.30678
20.0,20,61.327678
15.0,15,61.343758
16.0,16,61.361778
28.0,28,61.393584
14.0,14,61.404721
21.0,21,61.42028
31.0,31,61.443724
17.0,17,61.461422
18.0,18,61.47636
28.0,28,61.502591
25.0,25,61.520383
14.0,14,61.53352
12.0,12,61.543773
22.0,22,61.557157
19.0,19,61.571105
19.0,19,61.585822
15.0,15,61.594614
15.0,15,61.608187
15.0,15,61.618681
19.0,19,61.634316
20.0,20,61.646884
12.0,12,61.657355
10.0,10,61.663035
55.0,55,61.699221
16.0,16,61.710674
27.0,27,61.72699
12.0,12,61.734485
16.0,16,61.748199
14.0,14,61.757057
21.0,21,61.771409
27.0,27,61.790571
62.0,62,61.842005
29.0,29,61.860566
16.0,16,61.869827
10.0,10,61.875343
15.0,15,61.888229
28.0,28,61.904905
20.0,20,61.919526
14.0,14,61.929064
40.0,40,61.956157
20.0,20,61.967975
18.0,18,61.978966
17.0,17,61.989569
18.0,18,62.00451
13.0,13,62.013562
13.0,13,62.021693
24.0,24,62.035761
12.0,12,62.046041
11.0,11,62.05341
21.0,21,62.065069
12.0,12,62.071862
53.0,53,62.106145
16.0,16,62.117662
21.0,21,62.133051
21.0,21,62.145738
17.0,17,62.159709
15.0,15,62.16989
30.0,30,62.190866
29.0,29,62.209812
17.0,17,62.227524
17.0,17,62.242084
16.0,16,62.252797
49.0,49,62.283303
19.0,19,62.297564
21.0,21,62.312486
12.0,12,62.32436
16.0,16,62.335237
11.0,11,62.346323
13.0,13,62.35609
49.0,49,62.385916
23.0,23,62.401134
15.0,15,62.412757
16.0,16,62.428464
24.0,24,62.447152
26.0,26,62.464094
27.0,27,62.48486
18.0,18,62.494843
11.0,11,62.50155
11.0,11,62.508786
17.0,17,62.522868
19.0,19,62.53746
17.0,17,62.549849
13.0,13,62.55995
34.0,34,62.593073
12.0,12,62.602894
10.0,10,62.609119
19.0,19,62.624449
31.0,31,62.655144
24.0,24,62.676543
17.0,17,62.690968
23.0,23,62.715196
46.0,46,62.770964
14.0,14,62.785135
13.0,13,62.798755
22.0,22,62.819599
13.0,13,62.841598
15.0,15,62.85455
19.0,19,62.878271
22.0,22,62.902593
56.0,56,62.957765
13.0,13,62.967248
10.0,10,62.974744
39.0,39,63.008857
19.0,19,63.031147
23.0,23,63.057269
11.0,11,63.066437
18.0,18,63.082372
15.0,15,63.10045
11.0,11,63.108343
28.0,28,63.132591
15.0,15,63.147381
11.0,11,63.159811
9.0,9,63.167255
13.0,13,63.176493
16.0,16,63.190373
12.0,12,63.203144
14.0,14,63.217945
11.0,11,63.227775
10.0,10,63.235998
24.0,24,63.261065
29.0,29,63.288107
12.0,12,63.29918
14.0,14,63.311961
39.0,39,63.361207
21.0,21,63.381225
13.0,13,63.391868
17.0,17,63.415383
24.0,24,63.44344
19.0,19,63.461272
16.0,16,63.475938
35.0,35,63.514788
32.0,32,63.548616
35.0,35,63.578712
13.0,13,63.588564
14.0,14,63.598992
15.0,15,63.611481
22.0,22,63.63003
15.0,15,63.63991
30.0,30,63.671264
24.0,24,63.696458
13.0,13,63.708301
14.0,14,63.721179
33.0,33,63.749604
16.0,16,63.771001
36.0,36,63.801362
20.0,20,63.819878
46.0,46,63.868129
14.0,14,63.885643
12.0,12,63.897547
12.0,12,63.908158
20.0,20,63.926718
16.0,16,63.943566
43.0,43,63.987004
41.0,41,64.027596
14.0,14,64.040098
15.0,15,64.05919
18.0,18,64.079667
14.0,14,64.091231
21.0,21,64.11205
11.0,11,64.124901
9.0,9,64.132358
20.0,20,64.150872
28.0,28,64.181457
10.0,10,64.193994
12.0,12,64.204465
13.0,13,64.215255
12.0,12,64.226953
13.0,13,64.241442
12.0,12,64.252866
16.0,16,64.268595
12.0,12,64.284326
30.0,30,64.317625
24.0,24,64.340192
14.0,14,64.35334
39.0,39,64.392669
11.0,11,64.407615
17.0,17,64.422018
19.0,19,64.439137
13.0,13,64.454264
21.0,21,64.477626
12.0,12,64.493309
15.0,15,64.508789
14.0,14,64.525303
18.0,18,64.544395
13.0,13,64.556709
11.0,11,64.568045
54.0,54,64.622949
24.0,24,64.649103
24.0,24,64.672312
14.0,14,64.683623
33.0,33,64.715289
17.0,17,64.739218
16.0,16,64.753991
12.0,12,64.765785
18.0,18,64.781003
53.0,53,64.83611
11.0,11,64.846308
59.0,59,64.908246
13.0,13,64.919394
26.0,26,64.949208
11.0,11,64.957397
27.0,27,64.983347
10.0,10,64.995439
16.0,16,65.016423
31.0,31,65.042732
55.0,55,65.098675
24.0,24,65.122736
13.0,13,65.134162
11.0,11,65.142397
16.0,16,65.153757
15.0,15,65.166934
46.0,46,65.212996
15.0,15,65.226643
18.0,18,65.245587
14.0,14,65.259502
31.0,31,65.295997
25.0,25,65.322276
12.0,12,65.33133
14.0,14,65.345204
14.0,14,65.36303
18.0,18,65.380987
16.0,16,65.395952
24.0,24,65.423084
47.0,47,65.461091
21.0,21,65.481652
66.0,66,65.547694
21.0,21,65.56568
30.0,30,65.596923
36.0,36,65.630386
13.0,13,65.641926
22.0,22,65.662324
19.0,19,65.679756
43.0,43,65.716695
14.0,14,65.735036
32.0,32,65.760216
13.0,13,65.773341
17.0,17,65.789444
17.0,17,65.803255
12.0,12,65.814112
13.0,13,65.837226
17.0,17,65.851084
20.0,20,65.866704
14.0,14,65.876357
97.0,97,65.973179
11.0,11,65.980859
12.0,12,65.992179
20.0,20,66.010411
29.0,29,66.046889
10.0,10,66.0536
18.0,18,66.072856
31.0,31,66.103721
24.0,24,66.130272
11.0,11,66.142239
12.0,12,66.152479
20.0,20,66.17029
17.0,17,66.18521
28.0,28,66.208161
12.0,12,66.217605
33.0,33,66.251713
15.0,15,66.266354
14.0,14,66.27942
14.0,14,66.293464
30.0,30,66.323604
36.0,36,66.364039
33.0,33,66.392209
24.0,24,66.412975
27.0,27,66.439164
14.0,14,66.456707
18.0,18,66.474349
26.0,26,66.496345
22.0,22,66.516989
16.0,16,66.536073
9.0,9,66.54284
11.0,11,66.557204
29.0,29,66.584376
42.0,42,66.631404
10.0,10,66.641303
17.0,17,66.663552
11.0,11,66.677132
15.0,15,66.694709
10.0,10,66.703931
24.0,24,66.729992
27.0,27,66.759027
19.0,19,66.787905
13.0,13,66.799412
28.0,28,66.829141
26.0,26,66.859366
18.0,18,66.883398
18.0,18,66.904917
19.0,19,66.922062
45.0,45,66.977095
12.0,12,66.994523
9.0,9,67.002767
12.0,12,67.017083
53.0,53,67.077909
40.0,40,67.121662
20.0,20,67.14345
15.0,15,67.16134
12.0,12,67.173667
13.0,13,67.193031
23.0,23,67.219684
22.0,22,67.240374
10.0,10,67.253047
19.0,19,67.27707
17.0,17,67.2995
24.0,24,67.324568
23.0,23,67.350259
45.0,45,67.402582
20.0,20,67.423425
10.0,10,67.432081
20.0,20,67.454613
13.0,13,67.476125
27.0,27,67.505634
20.0,20,67.525706
17.0,17,67.547655
25.0,25,67.576993
18.0,18,67.594405
15.0,15,67.617001
9.0,9,67.627199
37.0,37,67.671562
32.0,32,67.70389
16.0,16,67.719589
14.0,14,67.73236
9.0,9,67.745336
20.0,20,67.764374
14.0,14,67.779676
13.0,13,67.790208
10.0,10,67.811848
15.0,15,67.824784
19.0,19,67.843964
19.0,19,67.861173
20.0,20,67.880861
18.0,18,67.894577
16.0,16,67.911504
26.0,26,67.934993
12.0,12,67.948101
29.0,29,67.973427
16.0,16,67.987651
37.0,37,68.025287
18.0,18,68.0445
14.0,14,68.055068
22.0,22,68.075341
14.0,14,68.085084
11.0,11,68.098926
35.0,35,68.137102
29.0,29,68.165029
14.0,14,68.178719
22.0,22,68.199656
12.0,12,68.210113
26.0,26,68.239158
18.0,18,68.2536
17.0,17,68.270886
31.0,31,68.295765
10.0,10,68.304442
17.0,17,68.317826
11.0,11,68.34513
15.0,15,68.356392
17.0,17,68.373958
39.0,39,68.411435
17.0,17,68.442711
13.0,13,68.455442
11.0,11,68.465202
16.0,16,68.478937
42.0,42,68.516867
11.0,11,68.526119
14.0,14,68.540238
15.0,15,68.554266
9.0,9,68.56232
16.0,16,68.574393
19.0,19,68.591089
15.0,15,68.603765
54.0,54,68.663794
22.0,22,68.680546
14.0,14,68.690381
20.0,20,68.706374
19.0,19,68.729045
21.0,21,68.75267
12.0,12,68.764494
33.0,33,68.797001
15.0,15,68.809478
33.0,33,69.032721
16.0,16,69.063178
17.0,17,69.082565
11.0,11,69.095034
11.0,11,69.101696
21.0,21,69.123083
51.0,51,69.171601
54.0,54,69.227729
13.0,13,69.236186
26.0,26,69.263419
16.0,16,69.282245
16.0,16,69.300227
16.0,16,69.317608
25.0,25,69.340218
11.0,11,69.351175
9.0,9,69.359876
24.0,24,69.387697
10.0,10,69.395172
23.0,23,69.418156
16.0,16,69.437168
15.0,15,69.452068
12.0,12,69.464347
10.0,10,69.476229
17.0,17,69.497183
86.0,86,69.585462
68.0,68,69.648946
11.0,11,69.661893
27.0,27,69.695045
39.0,39,69.732687
18.0,18,69.74962
19.0,19,69.76617
34.0,34,69.801613
13.0,13,69.811332
29.0,29,69.839009
23.0,23,69.858004
37.0,37,69.899967
13.0,13,69.910904
27.0,27,69.935703
19.0,19,69.950167
22.0,22,69.973988
55.0,55,70.026692
36.0,36,70.059296
14.0,14,70.070017
15.0,15,70.087674
15.0,15,70.10599
16.0,16,70.11999
16.0,16,70.135034
12.0,12,70.149337
12.0,12,70.158803
16.0,16,70.171763
21.0,21,70.190987
19.0,19,70.215809
14.0,14,70.230832
27.0,27,70.261403
20.0,20,70.280636
12.0,12,70.295035
14.0,14,70.310352
16.0,16,70.327104
23.0,23,70.349438
14.0,14,70.367198
14.0,14,70.379439
21.0,21,70.402003
12.0,12,70.412595
16.0,16,70.432982
11.0,11,70.443679
37.0,37,70.475468
17.0,17,70.493836
22.0,22,70.517224
15.0,15,70.530144
18.0,18,70.546561
23.0,23,70.566973
26.0,26,70.598722
13.0,13,70.61245
12.0,12,70.623002
13.0,13,70.634797
18.0,18,70.656144
16.0,16,70.672113
16.0,16,70.68609
13.0,13,70.697308
21.0,21,70.720464
20.0,20,70.74102
10.0,10,70.754183
25.0,25,70.778394
26.0,26,70.802152
30.0,30,70.834621
25.0,25,70.856837
26.0,26,70.88976
29.0,29,70.914762
14.0,14,70.923707
54.0,54,70.977382
51.0,51,71.030905
15.0,15,71.045082
27.0,27,71.067099
12.0,12,71.078727
18.0,18,71.097007
35.0,35,71.135246
13.0,13,71.147117
30.0,30,71.170003
41.0,41,71.202637
16.0,16,71.220685
15.0,15,71.239344
15.0,15,71.253909
24.0,24,71.276
58.0,58,71.332695
21.0,21,71.355577
25.0,25,71.376984
17.0,17,71.392251
20.0,20,71.412945
21.0,21,71.429093
15.0,15,71.446318
31.0,31,71.475294
18.0,18,71.49499
24.0,24,71.519877
36.0,36,71.554772
42.0,42,71.5956
19.0,19,71.615368
46.0,46,71.661922
17.0,17,71.677314
12.0,12,71.687969
52.0,52,71.733103
20.0,20,71.752925
35.0,35,71.781847
13.0,13,71.79383
18.0,18,71.814899
15.0,15,71.829688
23.0,23,71.85706
11.0,11,71.873722
15.0,15,71.897107
21.0,21,71.930808
32.0,32,71.972817
9.0,9,71.980184
23.0,23,72.001251
28.0,28,72.029299
18.0,18,72.048481
10.0,10,72.058608
31.0,31,72.092361
37.0,37,72.12736
17.0,17,72.141755
32.0,32,72.174677
9.0,9,72.191324
15.0,15,72.206094
13.0,13,72.225173
35.0,35,72.261651
14.0,14,72.280568
12.0,12,72.295836
11.0,11,72.306854
13.0,13,72.320668
13.0,13,72.336326
15.0,15,72.354369
14.0,14,72.371128
20.0,20,72.388932
22.0,22,72.413766
43.0,43,72.454988
8.0,8,72.465356
13.0,13,72.477198
23.0,23,72.504229
25.0,25,72.526564
15.0,15,72.54399
12.0,12,72.558313
12.0,12,72.575727
12.0,12,72.587616
15.0,15,72.599273
15.0,15,72.613049
16.0,16,72.630319
20.0,20,72.648005
17.0,17,72.662155
15.0,15,72.678746
23.0,23,72.705112
31.0,31,72.7357
23.0,23,72.757303
18.0,18,72.777962
22.0,22,72.798826
17.0,17,72.818331
11.0,11,72.827167
11.0,11,72.83802
10.0,10,72.853534
27.0,27,72.882431
27.0,27,72.91547
29.0,29,72.947123
27.0,27,72.990125
15.0,15,73.008974
21.0,21,73.032989
17.0,17,73.051625
11.0,11,73.071058
18.0,18,73.096545
16.0,16,73.11527
16.0,16,73.133995
13.0,13,73.151801
14.0,14,73.166766
40.0,40,73.217868
17.0,17,73.240365
18.0,18,73.263715
9.0,9,73.272848
12.0,12,73.291041
14.0,14,73.309196
14.0,14,73.329617
16.0,16,73.350296
25.0,25,73.383011
16.0,16,73.405739
27.0,27,73.439683
38.0,38,73.483007
16.0,16,73.50553
12.0,12,73.519663
12.0,12,73.536443
23.0,23,73.5652
32.0,32,73.604565
11.0,11,73.61589
31.0,31,73.654826
20.0,20,73.680036
18.0,18,73.707004
23.0,23,73.73003
17.0,17,73.754419
10.0,10,73.763294
13.0,13,73.777959
32.0,32,73.818717
13.0,13,73.840632
19.0,19,73.86209
18.0,18,73.887504
28.0,28,73.928071
13.0,13,73.948092
22.0,22,73.975663
13.0,13,73.990598
11.0,11,74.002422
17.0,17,74.025001
24.0,24,74.053158
20.0,20,74.074238
20.0,20,74.095161
28.0,28,74.135529
22.0,22,74.153466
16.0,16,74.166802
31.0,31,74.192828
17.0,17,74.206696
22.0,22,74.225728
21.0,21,74.244447
14.0,14,74.260649
17.0,17,74.280258
21.0,21,74.299675
24.0,24,74.330306
9.0,9,74.337832
22.0,22,74.364777
11.0,11,74.375832
19.0,19,74.392152
23.0,23,74.413048
24.0,24,74.445675
30.0,30,74.475672
26.0,26,74.499261
13.0,13,74.51239
21.0,21,74.543863
37.0,37,74.575094
15.0,15,74.591336
15.0,15,74.604599
18.0,18,74.629019
17.0,17,74.647638
11.0,11,74.659332
11.0,11,74.670837
25.0,25,74.705458
23.0,23,74.730975
32.0,32,74.764862
26.0,26,74.791223
16.0,16,74.811692
15.0,15,74.82572
20.0,20,74.844725
10.0,10,74.858508
15.0,15,74.878155
18.0,18,74.894888
25.0,25,74.915782
27.0,27,74.940895
15.0,15,74.962428
11.0,11,74.975332
11.0,11,74.986416
13.0,13,74.996879
28.0,28,75.023058
23.0,23,75.03966
21.0,21,75.060653
46.0,46,75.101937
26.0,26,75.128938
21.0,21,75.142206
36.0,36,75.175436
21.0,21,75.197747
17.0,17,75.219568
16.0,16,75.232777
27.0,27,75.265963
12.0,12,75.276808
14.0,14,75.28958
10.0,10,75.299399
26.0,26,75.320792
19.0,19,75.340375
22.0,22,75.362935
37.0,37,75.403307
21.0,21,75.42655
50.0,50,75.472791
12.0,12,75.486863
40.0,40,75.523145
16.0,16,75.539114
23.0,23,75.559645
18.0,18,75.584106
16.0,16,75.599916
20.0,20,75.625376
13.0,13,75.636241
22.0,22,75.658432
29.0,29,75.689972
10.0,10,75.697863
13.0,13,75.710215
16.0,16,75.728261
8.0,8,75.736352
14.0,14,75.751142
15.0,15,75.766608
11.0,11,75.779895
16.0,16,75.79446
24.0,24,75.816202
12.0,12,75.828506
14.0,14,75.846584
23.0,23,75.868355
10.0,10,75.876011
21.0,21,75.900446
18.0,18,75.927081
17.0,17,75.943178
19.0,19,75.962976
30.0,30,75.992184
18.0,18,76.018243
21.0,21,76.036965
23.0,23,76.064352
38.0,38,76.101402
25.0,25,76.127572
13.0,13,76.137103
16.0,16,76.150672
19.0,19,76.169044
15.0,15,76.183762
10.0,10,76.196339
17.0,17,76.211918
15.0,15,76.227864
23.0,23,76.253699
13.0,13,76.265268
13.0,13,76.277753
50.0,50,76.327668
19.0,19,76.346193
14.0,14,76.360667
9.0,9,76.367816
14.0,14,76.385079
14.0,14,76.404996
38.0,38,76.441527
27.0,27,76.464875
14.0,14,76.481705
20.0,20,76.506895
14.0,14,76.517821
27.0,27,76.546849
18.0,18,76.565575
13.0,13,76.580556
20.0,20,76.600024
18.0,18,76.619722
11.0,11,76.631768
29.0,29,76.661494
25.0,25,76.690084
24.0,24,76.716646
17.0,17,76.733495
17.0,17,76.753196
19.0,19,76.775839
18.0,18,76.791467
41.0,41,76.830166
27.0,27,76.853407
12.0,12,76.862018
23.0,23,76.880336
13.0,13,76.89167
12.0,12,76.905982
59.0,59,76.972006
18.0,18,76.989799
10.0,10,76.996968
19.0,19,77.02022
10.0,10,77.028906
11.0,11,77.040172
10.0,10,77.050403
11.0,11,77.060741
27.0,27,77.085329
20.0,20,77.106589
22.0,22,77.134801
61.0,61,77.191992
20.0,20,77.210156
17.0,17,77.229541
12.0,12,77.240697
11.0,11,77.254684
13.0,13,77.266498
49.0,49,77.317086
24.0,24,77.339742
14.0,14,77.358092
13.0,13,77.36904
29.0,29,77.397072
18.0,18,77.413315
12.0,12,77.43428
13.0,13,77.446915
19.0,19,77.466785
15.0,15,77.4806
11.0,11,77.489594
14.0,14,77.50361
15.0,15,77.517289
21.0,21,77.539122
45.0,45,77.582618
14.0,14,77.595409
13.0,13,77.606134
25.0,25,77.626147
35.0,35,77.668764
16.0,16,77.684616
25.0,25,77.706754
27.0,27,77.72976
11.0,11,77.742532
13.0,13,77.751189
34.0,34,77.776695
17.0,17,77.793387
32.0,32,77.825024
36.0,36,77.861951
17.0,17,77.876189
14.0,14,77.889664
14.0,14,77.908379
17.0,17,77.922431
24.0,24,77.947378
24.0,24,77.969835
22.0,22,77.999011
54.0,54,78.051105
12.0,12,78.062473
22.0,22,78.087021
21.0,21,78.110237
25.0,25,78.133314
14.0,14,78.150239
12.0,12,78.161997
30.0,30,78.190259
12.0,12,78.201009
21.0,21,78.217845
31.0,31,78.252087
18.0,18,78.274848
35.0,35,78.304181
26.0,26,78.331799
25.0,25,78.36344
23.0,23,78.388759
13.0,13,78.399379
19.0,19,78.418689
14.0,14,78.430216
18.0,18,78.452903
44.0,44,78.495495
13.0,13,78.507045
13.0,13,78.518917
17.0,17,78.541666
13.0,13,78.554143
19.0,19,78.575091
15.0,15,78.586784
17.0,17,78.607753
27.0,27,78.630944
37.0,37,78.675744
21.0,21,78.697836
14.0,14,78.713544
35.0,35,78.752454
16.0,16,78.774057
20.0,20,78.793966
16.0,16,78.813329
8.0,8,78.822203
17.0,17,78.840219
27.0,27,78.866094
23.0,23,78.894347
15.0,15,78.908702
14.0,14,78.920996
19.0,19,78.937958
24.0,24,78.966008
20.0,20,78.99072
16.0,16,79.006668
11.0,11,79.020747
30.0,30,79.050224
16.0,16,79.065601
25.0,25,79.094335
17.0,17,79.11498
17.0,17,79.136895
35.0,35,79.171483
40.0,40,79.217203
22.0,22,79.241007
10.0,10,79.256677
24.0,24,79.278594
26.0,26,79.30723
17.0,17,79.326284
17.0,17,79.352526
13.0,13,79.368685
20.0,20,79.396169
11.0,11,79.411069
15.0,15,79.428171
18.0,18,79.447544
13.0,13,79.461703
19.0,19,79.484433
14.0,14,79.503498
38.0,38,79.794698
25.0,25,79.823987
13.0,13,79.837049
12.0,12,79.852821
17.0,17,79.873116
15.0,15,79.888009
32.0,32,79.924001
13.0,13,79.942737
44.0,44,79.990511
75.0,75,80.06797
15.0,15,80.083727
25.0,25,80.112831
10.0,10,80.128311
14.0,14,80.141414
17.0,17,80.159158
22.0,22,80.184512
53.0,53,80.241418
14.0,14,80.266828
31.0,31,80.296912
11.0,11,80.309978
17.0,17,80.326973
12.0,12,80.335174
15.0,15,80.347375
13.0,13,80.365483
17.0,17,80.383242
21.0,21,80.401838
20.0,20,80.424162
16.0,16,80.444895
39.0,39,80.48271
22.0,22,80.498374
15.0,15,80.512217
12.0,12,80.525933
19.0,19,80.543325
27.0,27,80.569357
16.0,16,80.584211
20.0,20,80.604436
22.0,22,80.630978
24.0,24,80.64976
15.0,15,80.663754
22.0,22,80.684415
37.0,37,80.71996
24.0,24,80.741294
16.0,16,80.755764
19.0,19,80.770401
16.0,16,80.781108
12.0,12,80.791517
15.0,15,80.805515
12.0,12,80.820143
11.0,11,80.833136
15.0,15,80.848143
24.0,24,80.868317
17.0,17,80.885585
15.0,15,80.89776
20.0,20,80.915412
18.0,18,80.932219
22.0,22,80.95807
19.0,19,80.971351
25.0,25,80.995279
15.0,15,81.008987
14.0,14,81.029428
29.0,29,81.060364
17.0,17,81.079958
18.0,18,81.098363
15.0,15,81.112136
22.0,22,81.131672
18.0,18,81.152243
14.0,14,81.164496
36.0,36,81.201417
22.0,22,81.223716
20.0,20,81.247908
12.0,12,81.263433
21.0,21,81.287425
25.0,25,81.312336
16.0,16,81.329328
12.0,12,81.341371
18.0,18,81.368663
25.0,25,81.393801
20.0,20,81.414222
20.0,20,81.434982
14.0,14,81.451202
25.0,25,81.484652
54.0,54,81.537937
14.0,14,81.554407
20.0,20,81.583507
47.0,47,81.629158
20.0,20,81.649167
30.0,30,81.686174
43.0,43,81.73425
13.0,13,81.7457
28.0,28,81.772397
10.0,10,81.781519
15.0,15,81.801809
25.0,25,81.825942
17.0,17,81.844602
22.0,22,81.866949
23.0,23,81.894432
23.0,23,81.920403
21.0,21,81.93998
48.0,48,81.989403
14.0,14,82.004216
9.0,9,82.015922
14.0,14,82.029096
12.0,12,82.040617
12.0,12,82.055195
14.0,14,82.071879
9.0,9,82.07989
28.0,28,82.108955
13.0,13,82.124067
20.0,20,82.142472
39.0,39,82.184736
19.0,19,82.205452
16.0,16,82.228049
13.0,13,82.24105
16.0,16,82.253658
17.0,17,82.27035
14.0,14,82.29081
23.0,23,82.313101
9.0,9,82.324185
31.0,31,82.353707
18.0,18,82.381314
19.0,19,82.399867
12.0,12,82.41057
17.0,17,82.42658
12.0,12,82.440783
25.0,25,82.463325
20.0,20,82.484226
29.0,29,82.512318
15.0,15,82.531539
23.0,23,82.555141
22.0,22,82.578737
13.0,13,82.595975
33.0,33,82.630837
12.0,12,82.643737
14.0,14,82.657463
24.0,24,82.681037
47.0,47,82.728311
43.0,43,82.768022
18.0,18,82.782351
13.0,13,82.801152
14.0,14,82.81769
14.0,14,82.831722
20.0,20,82.853548
13.0,13,82.868761
61.0,61,82.950784
14.0,14,82.967195
22.0,22,82.986355
19.0,19,83.011975
21.0,21,83.033509
28.0,28,83.058365
15.0,15,83.073606
87.0,87,83.154744
15.0,15,83.168889
14.0,14,83.187203
60.0,60,83.247347
15.0,15,83.261213
19.0,19,83.274777
11.0,11,83.284945
20.0,20,83.301039
41.0,41,83.337762
17.0,17,83.358853
36.0,36,83.393111
11.0,11,83.401176
15.0,15,83.416064
38.0,38,83.455584
40.0,40,83.501843
20.0,20,83.525471
24.0,24,83.550134
29.0,29,83.581995
24.0,24,83.605786
19.0,19,83.630921
14.0,14,83.644598
12.0,12,83.65833
27.0,27,83.682348
18.0,18,83.69591
11.0,11,83.705841
10.0,10,83.723812
30.0,30,83.749548
16.0,16,83.763527
17.0,17,83.779072
15.0,15,83.798398
10.0,10,83.808933
19.0,19,83.833784
17.0,17,83.850419
11.0,11,83.860453
25.0,25,83.883805
14.0,14,83.896293
28.0,28,83.927336
23.0,23,83.954907
12.0,12,83.966718
29.0,29,83.994338
35.0,35,84.031485
28.0,28,84.062017
14.0,14,84.07116
37.0,37,84.11482
24.0,24,84.144406
26.0,26,84.174845
12.0,12,84.186591
25.0,25,84.212718
26.0,26,84.245946
11.0,11,84.262523
14.0,14,84.275003
15.0,15,84.289109
22.0,22,84.30731
25.0,25,84.336035
12.0,12,84.350313
14.0,14,84.361926
9.0,9,84.368599
11.0,11,84.382967
11.0,11,84.394627
14.0,14,84.407043
33.0,33,84.445748
25.0,25,84.471848
14.0,14,84.484838
9.0,9,84.496303
22.0,22,84.512846
13.0,13,84.527631
36.0,36,84.563656
14.0,14,84.578463
29.0,29,84.604443
11.0,11,84.618858
14.0,14,84.632087
18.0,18,84.653533
12.0,12,84.666029
12.0,12,84.679741
9.0,9,84.686931
22.0,22,84.714414
13.0,13,84.727564
22.0,22,84.755455
28.0,28,84.784533
38.0,38,84.825989
12.0,12,84.83825
22.0,22,84.867583
18.0,18,84.8877
20.0,20,84.907207
30.0,30,84.93396
16.0,16,84.953192
12.0,12,84.965462
8.0,8,84.972537
17.0,17,84.989671
12.0,12,85.003653
9.0,9,85.011541
29.0,29,85.039179
27.0,27,85.072447
20.0,20,85.094584
11.0,11,85.106179
16.0,16,85.121849
12.0,12,85.134437
22.0,22,85.161729
18.0,18,85.180649
14.0,14,85.193455
13.0,13,85.205922
17.0,17,85.227504
21.0,21,85.251644
24.0,24,85.28061
13.0,13,85.292513
19.0,19,85.315336
18.0,18,85.331208
23.0,23,85.35492
13.0,13,85.371422
11.0,11,85.388362
23.0,23,85.412728
20.0,20,85.429278
15.0,15,85.444947
13.0,13,85.462125
15.0,15,85.485776
11.0,11,85.495908
48.0,48,85.545813
32.0,32,85.586625
32.0,32,85.626918
10.0,10,85.641007
16.0,16,85.659208
13.0,13,85.681309
17.0,17,85.697109
22.0,22,85.726732
18.0,18,85.744322
27.0,27,85.785354
14.0,14,85.803632
34.0,34,85.842968
12.0,12,85.857006
10.0,10,85.880331
50.0,50,85.933887
19.0,19,85.959019
24.0,24,85.986907
11.0,11,86.002134
13.0,13,86.016874
16.0,16,86.037237
29.0,29,86.07094
14.0,14,86.095614
28.0,28,86.128507
36.0,36,86.17028
29.0,29,86.205695
15.0,15,86.22751
9.0,9,86.235738
14.0,14,86.248524
22.0,22,86.273473
16.0,16,86.297716
12.0,12,86.30915
16.0,16,86.327622
16.0,16,86.34235
11.0,11,86.358955
34.0,34,86.390203
18.0,18,86.415454
12.0,12,86.426252
12.0,12,86.442338
28.0,28,86.465571
14.0,14,86.475427
15.0,15,86.490387
20.0,20,86.515966
12.0,12,86.52765
13.0,13,86.540671
21.0,21,86.559642
21.0,21,86.580221
29.0,29,86.608327
16.0,16,86.626909
31.0,31,86.656244
21.0,21,86.677424
20.0,20,86.695836
23.0,23,86.719872
15.0,15,86.734767
32.0,32,86.769851
31.0,31,86.800867
13.0,13,86.81539
11.0,11,86.826436
16.0,16,86.839367
15.0,15,86.852562
41.0,41,86.885806
12.0,12,86.89786
92.0,92,86.998785
21.0,21,87.015148
12.0,12,87.02794
25.0,25,87.051776
17.0,17,87.071521
11.0,11,87.083413
11.0,11,87.088724
27.0,27,87.114142
10.0,10,87.128955
13.0,13,87.141302
13.0,13,87.150906
14.0,14,87.165746
15.0,15,87.180486
32.0,32,87.212645
16.0,16,87.228312
13.0,13,87.243349
42.0,42,87.28308
14.0,14,87.297043
21.0,21,87.314906
11.0,11,87.327672
44.0,44,87.369644
30.0,30,87.394327
43.0,43,87.43427
24.0,24,87.453818
16.0,16,87.471328
11.0,11,87.481653
31.0,31,87.506902
18.0,18,87.525083
18.0,18,87.543519
37.0,37,87.588249
15.0,15,87.603209
30.0,30,87.636291
15.0,15,87.657498
13.0,13,87.669964
14.0,14,87.681487
18.0,18,87.701859
24.0,24,87.734528
16.0,16,87.750281
14.0,14,87.762903
25.0,25,87.790318
18.0,18,87.808621
16.0,16,87.824986
12.0,12,87.840655
9.0,9,87.84805
25.0,25,87.87832
28.0,28,87.908877
13.0,13,87.920847
15.0,15,87.937478
10.0,10,87.953737
29.0,29,87.980952
39.0,39,88.02063
18.0,18,88.040591
44.0,44,88.089446
22.0,22,88.110201
13.0,13,88.120938
22.0,22,88.145838
17.0,17,88.168352
19.0,19,88.189083
17.0,17,88.204297
15.0,15,88.223336
11.0,11,88.244248
20.0,20,88.273517
10.0,10,88.283372
19.0,19,88.302592
31.0,31,88.337683
27.0,27,88.363993
11.0,11,88.376673
10.0,10,88.390103
14.0,14,88.40399
19.0,19,88.423074
24.0,24,88.444933
13.0,13,88.455321
69.0,69,88.520819
12.0,12,88.53058
16.0,16,88.544472
15.0,15,88.558333
24.0,24,88.583866
15.0,15,88.594706
21.0,21,88.612485
13.0,13,88.621742
14.0,14,88.639349
20.0,20,88.657111
22.0,22,88.675896
25.0,25,88.69472
21.0,21,88.715196
16.0,16,88.728316
9.0,9,88.736768
14.0,14,88.750485
28.0,28,88.78007
17.0,17,88.792481
13.0,13,88.803568
27.0,27,88.820971
18.0,18,88.83727
17.0,17,88.853868
12.0,12,88.865379
17.0,17,88.887653
34.0,34,88.928299
11.0,11,88.938534
25.0,25,88.96062
20.0,20,88.984915
38.0,38,89.020626
28.0,28,89.053161
21.0,21,89.070575
22.0,22,89.094689
25.0,25,89.120784
15.0,15,89.135457
14.0,14,89.14752
22.0,22,89.164532
16.0,16,89.184217
12.0,12,89.196819
18.0,18,89.212405
24.0,24,89.233465
16.0,16,89.252214
12.0,12,89.263622
24.0,24,89.282187
13.0,13,89.294052
25.0,25,89.32211
15.0,15,89.333851
13.0,13,89.348617
16.0,16,89.363051
30.0,30,89.398659
12.0,12,89.409185
13.0,13,89.418263
11.0,11,89.428944
11.0,11,89.444349
14.0,14,89.456011
42.0,42,89.499705
28.0,28,89.527835
22.0,22,89.547463
33.0,33,89.585648
11.0,11,89.60073
18.0,18,89.620469
12.0,12,89.638369
16.0,16,89.663564
17.0,17,89.681828
21.0,21,89.703154
15.0,15,89.720618
47.0,47,89.766552
17.0,17,89.781408
17.0,17,89.79597
17.0,17,89.820027
50.0,50,89.866045
10.0,10,89.877241
24.0,24,89.899616
16.0,16,89.925129
41.0,41,89.964297
15.0,15,89.979678
12.0,12,89.992569
11.0,11,90.004323
24.0,24,90.031862
21.0,21,90.055482
20.0,20,90.076708
21.0,21,90.100153
14.0,14,90.116099
18.0,18,90.135879
29.0,29,90.164387
9.0,9,90.175931
15.0,15,90.192155
20.0,20,90.211368
41.0,41,90.257803
10.0,10,90.273589
22.0,22,90.463692
11.0,11,90.474425
9.0,9,90.481603
11.0,11,90.496229
22.0,22,90.519783
13.0,13,90.536015
24.0,24,90.560554
13.0,13,90.576822
73.0,73,90.65064
31.0,31,90.683691
25.0,25,90.707368
11.0,11,90.722765
8.0,8,90.734846
14.0,14,90.751043
22.0,22,90.772147
13.0,13,90.787333
12.0,12,90.799756
10.0,10,90.812591
28.0,28,90.844508
20.0,20,90.870333
19.0,19,90.89211
27.0,27,90.919719
11.0,11,90.935416
19.0,19,90.962592
13.0,13,90.974746
18.0,18,90.993021
14.0,14,91.007371
56.0,56,91.074086
18.0,18,91.095104
67.0,67,91.163852
20.0,20,91.182509
13.0,13,91.200233
16.0,16,91.213672
36.0,36,91.242906
44.0,44,91.285924
22.0,22,91.309593
19.0,19,91.326381
24.0,24,91.346519
14.0,14,91.362461
19.0,19,91.385936
16.0,16,91.399148
15.0,15,91.415868
39.0,39,91.458509
17.0,17,91.47502
17.0,17,91.488401
41.0,41,91.527616
32.0,32,91.562073
42.0,42,91.613399
16.0,16,91.631475
12.0,12,91.645262
20.0,20,91.674374
27.0,27,91.709443
11.0,11,91.721163
46.0,46,91.783952
12.0,12,91.797904
20.0,20,91.824821
27.0,27,91.857194
13.0,13,91.877347
15.0,15,91.897192
28.0,28,91.930596
17.0,17,91.951515
30.0,30,91.990377
18.0,18,92.014182
26.0,26,92.044795
32.0,32,92.085389
16.0,16,92.105273
11.0,11,92.118891
25.0,25,92.147116
16.0,16,92.163529
21.0,21,92.194602
53.0,53,92.252084
25.0,25,92.281986
19.0,19,92.308726
34.0,34,92.344074
17.0,17,92.365261
43.0,43,92.418837
26.0,26,92.448933
21.0,21,92.47085
16.0,16,92.488008
15.0,15,92.510725
29.0,29,92.542416
20.0,20,92.565329
14.0,14,92.583267
17.0,17,92.608853
16.0,16,92.628466
13.0,13,92.640281
16.0,16,92.655935
21.0,21,92.681413
29.0,29,92.714279
34.0,34,92.745246
13.0,13,92.760209
16.0,16,92.777822
22.0,22,92.802502
47.0,47,92.848469
17.0,17,92.858834
27.0,27,92.877956
38.0,38,92.905974
18.0,18,92.927601
19.0,19,92.940424
10.0,10,92.952556
21.0,21,92.968959
12.0,12,92.981058
56.0,56,93.038822
17.0,17,93.05669
20.0,20,93.072441
11.0,11,93.083432
19.0,19,93.098989
27.0,27,93.128512
14.0,14,93.140409
28.0,28,93.162952
18.0,18,93.179368
16.0,16,93.196658
20.0,20,93.213504
11.0,11,93.223012
21.0,21,93.245191
49.0,49,93.286873
18.0,18,93.305548
79.0,79,93.387893
13.0,13,93.40135
20.0,20,93.428205
10.0,10,93.442174
17.0,17,93.460466
18.0,18,93.477124
31.0,31,93.503958
32.0,32,93.534321
16.0,16,93.54853
21.0,21,93.571269
14.0,14,93.588449
12.0,12,93.600628
10.0,10,93.611858
20.0,20,93.636588
17.0,17,93.657857
14.0,14,93.669719
16.0,16,93.684305
40.0,40,93.724375
13.0,13,93.747739
56.0,56,93.796635
9.0,9,93.802914
17.0,17,93.814165
19.0,19,93.830814
37.0,37,93.863892
14.0,14,93.879314
13.0,13,93.890472
13.0,13,93.905385
10.0,10,93.91792
15.0,15,93.930306
19.0,19,93.95482
31.0,31,93.995664
13.0,13,94.007109
16.0,16,94.022529
15.0,15,94.03764
29.0,29,94.071548
8.0,8,94.077955
22.0,22,94.102214
13.0,13,94.113444
10.0,10,94.126456
21.0,21,94.147956
14.0,14,94.161424
14.0,14,94.173765
12.0,12,94.18938
23.0,23,94.207912
9.0,9,94.219449
14.0,14,94.229905
28.0,28,94.261086
41.0,41,94.296659
14.0,14,94.312442
12.0,12,94.32308
21.0,21,94.342874
12.0,12,94.353432
12.0,12,94.36486
14.0,14,94.37485
12.0,12,94.387808
23.0,23,94.40563
12.0,12,94.416376
34.0,34,94.447319
20.0,20,94.471599
29.0,29,94.497461
14.0,14,94.511636
10.0,10,94.519241
20.0,20,94.543211
19.0,19,94.561681
29.0,29,94.590851
51.0,51,94.648182
12.0,12,94.66623
17.0,17,94.684965
12.0,12,94.698966
15.0,15,94.718865
41.0,41,94.767564
19.0,19,94.792485
12.0,12,94.805596
21.0,21,94.825506
17.0,17,94.845999
44.0,44,94.886546
21.0,21,94.910414
33.0,33,94.94158
16.0,16,94.961952
33.0,33,94.99691
31.0,31,95.026867
12.0,12,95.039023
23.0,23,95.063589
12.0,12,95.073576
24.0,24,95.097251
15.0,15,95.108042
14.0,14,95.123338
29.0,29,95.147927
16.0,16,95.163798
33.0,33,95.19335
20.0,20,95.214988
15.0,15,95.229593
16.0,16,95.241984
11.0,11,95.255211
19.0,19,95.284993
12.0,12,95.299851
32.0,32,95.327712
16.0,16,95.342551
18.0,18,95.363772
17.0,17,95.378529
11.0,11,95.391445
15.0,15,95.414856
12.0,12,95.430307
18.0,18,95.443683
12.0,12,95.45505
15.0,15,95.468781
32.0,32,95.509623
19.0,19,95.528503
12.0,12,95.54219
14.0,14,95.555556
19.0,19,95.578632
19.0,19,95.60456
20.0,20,95.624722
9.0,9,95.632276
11.0,11,95.649132
18.0,18,95.666649
12.0,12,95.679637
18.0,18,95.699987
10.0,10,95.71497
17.0,17,95.734931
13.0,13,95.749589
19.0,19,95.769315
18.0,18,95.786968
19.0,19,95.801216
22.0,22,95.826594
14.0,14,95.841363
12.0,12,95.855986
21.0,21,95.875301
11.0,11,95.890072
11.0,11,95.903255
18.0,18,95.926695
14.0,14,95.94112
11.0,11,95.948701
19.0,19,95.96662
16.0,16,95.989031
18.0,18,96.009285
10.0,10,96.020249
41.0,41,96.061829
18.0,18,96.083221
19.0,19,96.101613
15.0,15,96.112496
14.0,14,96.132402
11.0,11,96.147585
17.0,17,96.163372
18.0,18,96.178451
11.0,11,96.188378
11.0,11,96.202786
13.0,13,96.213279
12.0,12,96.22701
24.0,24,96.250395
19.0,19,96.271152
29.0,29,96.300529
13.0,13,96.311953
13.0,13,96.330292
25.0,25,96.357714
17.0,17,96.372792
38.0,38,96.412039
15.0,15,96.425095
44.0,44,96.474009
29.0,29,96.504787
18.0,18,96.521347
13.0,13,96.536173
24.0,24,96.568725
24.0,24,96.591409
22.0,22,96.61529
14.0,14,96.629513
14.0,14,96.65209
22.0,22,96.673062
12.0,12,96.687829
25.0,25,96.715865
17.0,17,96.734632
11.0,11,96.749065
21.0,21,96.769659
14.0,14,96.781485
20.0,20,96.803719
15.0,15,96.820858
28.0,28,96.849143
33.0,33,96.882447
24.0,24,96.906152
31.0,31,96.9332
28.0,28,96.964164
12.0,12,96.97582
11.0,11,96.990463
22.0,22,97.011329
19.0,19,97.032701
13.0,13,97.044959
20.0,20,97.072237
18.0,18,97.092141
11.0,11,97.104595
17.0,17,97.120382
15.0,15,97.138616
11.0,11,97.146521
12.0,12,97.163763
15.0,15,97.179442
21.0,21,97.204644
14.0,14,97.22362
20.0,20,97.244522
15.0,15,97.261691
14.0,14,97.277312
17.0,17,97.294626
31.0,31,97.32544
13.0,13,97.337164
14.0,14,97.35595
16.0,16,97.378093
32.0,32,97.408139
25.0,25,97.432176
17.0,17,97.450222
14.0,14,97.468515
14.0,14,97.48195
34.0,34,97.515762
22.0,22,97.538224
45.0,45,97.595837
22.0,22,97.619689
17.0,17,97.634907
13.0,13,97.655165
10.0,10,97.663379
19.0,19,97.687208
28.0,28,97.714747
23.0,23,97.739288
18.0,18,97.750779
14.0,14,97.762777
16.0,16,97.780753
17.0,17,97.798948
30.0,30,97.824803
11.0,11,97.836275
14.0,14,97.852791
11.0,11,97.863836
11.0,11,97.87421
12.0,12,97.892549
37.0,37,97.932983
18.0,18,97.958565
13.0,13,97.97506
15.0,15,97.994471
24.0,24,98.021718
15.0,15,98.045852
19.0,19,98.065585
14.0,14,98.083616
27.0,27,98.122647
9.0,9,98.136127
14.0,14,98.151187
17.0,17,98.175581
36.0,36,98.223267
13.0,13,98.242459
15.0,15,98.261942
19.0,19,98.279877
27.0,27,98.317918
18.0,18,98.343246
20.0,20,98.368423
11.0,11,98.381486
23.0,23,98.416669
21.0,21,98.443957
27.0,27,98.476548
19.0,19,98.499869
17.0,17,98.523088
10.0,10,98.539871
27.0,27,98.568454
13.0,13,98.586838
12.0,12,98.602071
13.0,13,98.621456
26.0,26,98.654239
12.0,12,98.668222
11.0,11,98.682019
12.0,12,98.69847
16.0,16,98.719203
23.0,23,98.748141
13.0,13,98.762883
12.0,12,98.778342
10.0,10,98.792549
15.0,15,98.807386
24.0,24,98.841798
16.0,16,98.866511
22.0,22,98.893678
40.0,40,98.94228
11.0,11,98.953997
17.0,17,98.974689
12.0,12,98.987176
13.0,13,98.999206
24.0,24,99.025459
30.0,30,99.061352
13.0,13,99.075144
14.0,14,99.088335
27.0,27,99.119218
12.0,12,99.136954
28.0,28,99.162277
23.0,23,99.184221
28.0,28,99.213155
18.0,18,99.237297
15.0,15,99.251672
24.0,24,99.27522
17.0,17,99.286747
27.0,27,99.317234
21.0,21,99.340738
10.0,10,99.351862
11.0,11,99.362404
17.0,17,99.38202
12.0,12,99.394681
14.0,14,99.407054
15.0,15,99.420867
15.0,15,99.443793
35.0,35,99.478842
14.0,14,99.491358
16.0,16,99.505989
14.0,14,99.524255
12.0,12,99.537058
27.0,27,99.562055
30.0,30,99.592976
15.0,15,99.609625
30.0,30,99.645031
19.0,19,99.667529
9.0,9,99.676128
18.0,18,99.697467
18.0,18,99.710128
17.0,17,99.730374
28.0,28,99.761697
15.0,15,99.779917
19.0,19,99.804695
13.0,13,99.815581
25.0,25,99.838576
44.0,44,99.883886
24.0,24,99.906651
24.0,24,99.928542
26.0,26,99.960094
9.0,9,99.97308
20.0,20,99.994252
17.0,17,100.009848
22.0,22,100.032689
14.0,14,100.04702
81.0,81,100.129919
13.0,13,100.142163
17.0,17,100.163317
28.0,28,100.195093
15.0,15,100.211922
18.0,18,100.226771
14.0,14,100.24099
13.0,13,100.253275
22.0,22,100.275209
18.0,18,100.288378
11.0,11,100.301572
21.0,21,100.327518
12.0,12,100.341858
29.0,29,100.366047
26.0,26,100.393849
24.0,24,100.418852
19.0,19,100.44073
34.0,34,100.475592
33.0,33,100.503465
22.0,22,100.52914
11.0,11,100.538779
13.0,13,100.54809
28.0,28,100.577286
13.0,13,100.592916
11.0,11,100.603485
20.0,20,100.620412
25.0,25,100.643012
16.0,16,100.661994
23.0,23,100.683924
10.0,10,100.69183
41.0,41,100.733078
19.0,19,100.749527
14.0,14,100.764439
22.0,22,100.788549
26.0,26,100.815179
24.0,24,100.841571
51.0,51,100.892943
10.0,10,100.900217
22.0,22,100.924244
11.0,11,100.935885
39.0,39,100.982647
9.0,9,100.995629
13.0,13,101.012403
28.0,28,101.044442
18.0,18,101.060906
12.0,12,101.07158
15.0,15,101.087613
21.0,21,101.115359
12.0,12,101.129193
22.0,22,101.151395
22.0,22,101.169579
14.0,14,101.18734
34.0,34,101.219096
13.0,13,101.230109
9.0,9,101.447476
10.0,10,101.458714
29.0,29,101.48175
25.0,25,101.506051
27.0,27,101.525611
13.0,13,101.54329
22.0,22,101.561424
15.0,15,101.574573
12.0,12,101.585968
17.0,17,101.607224
19.0,19,101.625214
9.0,9,101.635938
25.0,25,101.663881
16.0,16,101.681025
12.0,12,101.692031
20.0,20,101.71286
13.0,13,101.729732
9.0,9,101.739121
18.0,18,101.754311
12.0,12,101.768038
23.0,23,101.793625
15.0,15,101.815351
18.0,18,101.829865
18.0,18,101.847579
16.0,16,101.863024
10.0,10,101.874236
19.0,19,101.892365
17.0,17,101.906934
82.0,82,101.991172
22.0,22,102.012253
14.0,14,102.031014
11.0,11,102.043895
26.0,26,102.067119
44.0,44,102.111092
16.0,16,102.132017
12.0,12,102.144373
11.0,11,102.15609
12.0,12,102.170181
20.0,20,102.190299
42.0,42,102.230311
62.0,62,102.285707
25.0,25,102.304203
11.0,11,102.313128
14.0,14,102.322351
42.0,42,102.356386
9.0,9,102.365291
17.0,17,102.376313
35.0,35,102.40218
24.0,24,102.418687
13.0,13,102.430299
15.0,15,102.443231
14.0,14,102.453233
17.0,17,102.463424
16.0,16,102.477411
19.0,19,102.491238
14.0,14,102.499938
15.0,15,102.511419
22.0,22,102.527788
13.0,13,102.541792
39.0,39,102.567644
20.0,20,102.581607
24.0,24,102.599947
15.0,15,102.609605
24.0,24,102.625217
14.0,14,102.634838
16.0,16,102.650358
11.0,11,102.656687
19.0,19,102.669589
17.0,17,102.680886
11.0,11,102.692118
25.0,25,102.709275
24.0,24,102.726042
16.0,16,102.737207
13.0,13,102.753476
37.0,37,102.779287
13.0,13,102.78734
13.0,13,102.795542
20.0,20,102.812735
14.0,14,102.824127
32.0,32,102.849355
17.0,17,102.86119
18.0,18,102.878249
14.0,14,102.887656
14.0,14,102.902411
16.0,16,102.91698
14.0,14,102.928591
17.0,17,102.939976
18.0,18,102.954568
21.0,21,102.969825
9.0,9,102.979441
12.0,12,102.987139
54.0,54,103.030291
63.0,63,103.07855
17.0,17,103.093534
40.0,40,103.121599
56.0,56,103.164194
53.0,53,103.200263
9.0,9,103.209801
18.0,18,103.222456
24.0,24,103.237107
10.0,10,103.243126
22.0,22,103.264382
17.0,17,103.275352
13.0,13,103.282931
30.0,30,103.304558
23.0,23,103.325006
34.0,34,103.344779
31.0,31,103.367952
15.0,15,103.378964
19.0,19,103.393409
19.0,19,103.408048
12.0,12,103.420654
23.0,23,103.438728
20.0,20,103.463518
44.0,44,103.504303
19.0,19,103.524547
12.0,12,103.537996
22.0,22,103.564437
18.0,18,103.584344
18.0,18,103.600582
27.0,27,103.629087
17.0,17,103.647846
19.0,19,103.670085
18.0,18,103.690267
12.0,12,103.702172
61.0,61,103.764851
22.0,22,103.786082
17.0,17,103.800809
14.0,14,103.817527
28.0,28,103.845799
24.0,24,103.867014
24.0,24,103.891881
26.0,26,103.913685
11.0,11,103.926628
18.0,18,103.943075
9.0,9,103.949445
21.0,21,103.966406
13.0,13,103.980722
11.0,11,103.990854
11.0,11,104.001149
13.0,13,104.011588
22.0,22,104.035864
19.0,19,104.050503
28.0,28,104.076134
15.0,15,104.08685
47.0,47,104.131997
46.0,46,104.172016
15.0,15,104.192197
14.0,14,104.209868
18.0,18,104.224795
14.0,14,104.240384
15.0,15,104.254247
27.0,27,104.287049
29.0,29,104.322604
31.0,31,104.36133
19.0,19,104.38906
21.0,21,104.413684
21.0,21,104.439242
37.0,37,104.482269
15.0,15,104.495516
21.0,21,104.520933
24.0,24,104.549447
10.0,10,104.559401
15.0,15,104.576226
43.0,43,104.627227
31.0,31,104.661973
50.0,50,104.725284
13.0,13,104.737942
10.0,10,104.749951
14.0,14,104.769094
24.0,24,104.796727
27.0,27,104.826469
19.0,19,104.84835
15.0,15,104.866503
18.0,18,104.891423
12.0,12,104.908744
16.0,16,104.926263
22.0,22,104.951803
16.0,16,104.971621
14.0,14,104.988568
11.0,11,105.002115
13.0,13,105.022899
21.0,21,105.046377
20.0,20,105.070992
49.0,49,105.129368
22.0,22,105.159751
13.0,13,105.173681
14.0,14,105.192555
21.0,21,105.211385
14.0,14,105.231835
15.0,15,105.247626
47.0,47,105.292968
13.0,13,105.306922
21.0,21,105.332382
12.0,12,105.345614
16.0,16,105.36354
15.0,15,105.381517
14.0,14,105.398296
76.0,76,105.474923
11.0,11,105.484189
11.0,11,105.495836
18.0,18,105.518134
36.0,36,105.557625
10.0,10,105.565805
29.0,29,105.589128
18.0,18,105.611603
11.0,11,105.62213
15.0,15,105.637965
13.0,13,105.651636
15.0,15,105.667244
18.0,18,105.684754
15.0,15,105.699139
14.0,14,105.71055
34.0,34,105.749729
12.0,12,105.761825
31.0,31,105.787802
33.0,33,105.822503
18.0,18,105.845715
11.0,11,105.859425
16.0,16,105.874187
30.0,30,105.903964
58.0,58,105.967148
14.0,14,105.980614
10.0,10,105.993024
21.0,21,106.011875
19.0,19,106.036845
71.0,71,106.11015
20.0,20,106.127455
40.0,40,106.167864
15.0,15,106.183532
14.0,14,106.197812
15.0,15,106.212069
25.0,25,106.235663
27.0,27,106.26714
29.0,29,106.294402
18.0,18,106.308928
18.0,18,106.326492
17.0,17,106.345267
12.0,12,106.36094
18.0,18,106.378386
17.0,17,106.392919
15.0,15,106.410838
17.0,17,106.42539
16.0,16,106.438867
11.0,11,106.449305
11.0,11,106.465277
41.0,41,106.508404
11.0,11,106.517481
16.0,16,106.533151
37.0,37,106.583704
23.0,23,106.606541
16.0,16,106.623895
29.0,29,106.655837
25.0,25,106.676551
13.0,13,106.683941
16.0,16,106.699297
39.0,39,106.740284
12.0,12,106.752082
13.0,13,106.762243
13.0,13,106.775266
13.0,13,106.789462
17.0,17,106.806496
37.0,37,106.839404
37.0,37,106.879089
27.0,27,106.905555
19.0,19,106.931241
15.0,15,106.946619
31.0,31,106.975053
16.0,16,106.990143
28.0,28,107.018875
14.0,14,107.033927
16.0,16,107.048301
19.0,19,107.067212
11.0,11,107.08052
36.0,36,107.114516
13.0,13,107.131776
60.0,60,107.186969
18.0,18,107.20275
15.0,15,107.216924
10.0,10,107.224492
14.0,14,107.240927
21.0,21,107.267282
14.0,14,107.287001
21.0,21,107.308013
17.0,17,107.323046
13.0,13,107.341264
24.0,24,107.364475
24.0,24,107.391049
12.0,12,107.402657
34.0,34,107.451532
18.0,18,107.466523
21.0,21,107.491616
12.0,12,107.50164
33.0,33,107.536132
22.0,22,107.555733
19.0,19,107.574722
13.0,13,107.590363
11.0,11,107.608585
13.0,13,107.619249
13.0,13,107.631565
20.0,20,107.650098
12.0,12,107.663711
25.0,25,107.683974
11.0,11,107.697333
33.0,33,107.7237
21.0,21,107.745416
11.0,11,107.755449
26.0,26,107.776401
47.0,47,107.82305
20.0,20,107.845343
14.0,14,107.861264
22.0,22,107.881896
15.0,15,107.901617
14.0,14,107.916658
15.0,15,107.931951
24.0,24,107.96046
19.0,19,107.98103
9.0,9,107.992411
25.0,25,108.021272
19.0,19,108.042704
19.0,19,108.06127
12.0,12,108.079117
16.0,16,108.097949
11.0,11,108.114629
13.0,13,108.128555
17.0,17,108.145105
23.0,23,108.169105
12.0,12,108.181463
10.0,10,108.189919
15.0,15,108.21295
23.0,23,108.238088
15.0,15,108.254162
23.0,23,108.275898
19.0,19,108.300782
18.0,18,108.322293
16.0,16,108.337982
18.0,18,108.355688
14.0,14,108.374471
8.0,8,108.382197
20.0,20,108.40284
18.0,18,108.423787
19.0,19,108.447792
21.0,21,108.469155
11.0,11,108.48069
18.0,18,108.496732
12.0,12,108.513398
11.0,11,108.529241
13.0,13,108.541315
56.0,56,108.598545
17.0,17,108.62148
15.0,15,108.639777
40.0,40,108.686929
14.0,14,108.703507
28.0,28,108.742342
21.0,21,108.761992
12.0,12,108.775088
22.0,22,108.799616
13.0,13,108.817445
37.0,37,108.853274
23.0,23,108.877757
26.0,26,108.90405
12.0,12,108.919207
13.0,13,108.939866
27.0,27,108.964364
39.0,39,109.007061
17.0,17,109.027716
29.0,29,109.064001
12.0,12,109.076615
36.0,36,109.113084
10.0,10,109.12566
28.0,28,109.157471
25.0,25,109.179828
13.0,13,109.194202
12.0,12,109.205934
47.0,47,109.242841
25.0,25,109.272695
14.0,14,109.283969
35.0,35,109.322776
38.0,38,109.362552
10.0,10,109.37406
19.0,19,109.390816
11.0,11,109.401967
16.0,16,109.421656
20.0,20,109.44383
23.0,23,109.467369
18.0,18,109.487703
10.0,10,109.495919
29.0,29,109.526851
21.0,21,109.547778
10.0,10,109.560782
12.0,12,109.57023
15.0,15,109.583779
13.0,13,109.596331
22.0,22,109.619445
12.0,12,109.630824
12.0,12,109.642071
14.0,14,109.65409
22.0,22,109.681783
14.0,14,109.695333
20.0,20,109.715874
13.0,13,109.726893
12.0,12,109.741112
16.0,16,109.755005
15.0,15,109.774765
17.0,17,109.789735
13.0,13,109.807763
12.0,12,109.819244
32.0,32,109.845188
11.0,11,109.853542
21.0,21,109.879784
19.0,19,109.893762
14.0,14,109.913075
15.0,15,109.927193
18.0,18,109.944441
38.0,38,109.982553
23.0,23,110.00011
14.0,14,110.02026
17.0,17,110.043264
11.0,11,110.05751
28.0,28,110.086197
35.0,35,110.12547
12.0,12,110.140889
52.0,52,110.201243
11.0,11,110.209645
30.0,30,110.238297
15.0,15,110.251777
19.0,19,110.267453
11.0,11,110.277823
23.0,23,110.30495
14.0,14,110.320809
48.0,48,110.364023
15.0,15,110.380772
13.0,13,110.395597
16.0,16,110.413914
15.0,15,110.427758
28.0,28,110.452481
25.0,25,110.476104
11.0,11,110.493741
23.0,23,110.517915
11.0,11,110.530527
22.0,22,110.552248
12.0,12,110.568084
14.0,14,110.583301
12.0,12,110.598711
15.0,15,110.610059
17.0,17,110.632283
9.0,9,110.639615
20.0,20,110.657229
14.0,14,110.667499
11.0,11,110.680722
12.0,12,110.690462
22.0,22,110.719654
23.0,23,110.741208
11.0,11,110.756744
13.0,13,110.770415
21.0,21,110.799374
15.0,15,110.816639
34.0,34,110.862835
43.0,43,110.916225
12.0,12,110.928715
29.0,29,110.958839
28.0,28,110.993784
18.0,18,111.018579
12.0,12,111.034097
33.0,33,111.078152
28.0,28,111.116674
24.0,24,111.145578
32.0,32,111.18092
15.0,15,111.197098
18.0,18,111.224997
38.0,38,111.267422
22.0,22,111.293335
15.0,15,111.313025
16.0,16,111.339191
20.0,20,111.362825
13.0,13,111.377438
15.0,15,111.398199
10.0,10,111.415502
14.0,14,111.437731
16.0,16,111.456484
12.0,12,111.470847
13.0,13,111.490396
15.0,15,111.50896
14.0,14,111.522588
17.0,17,111.54796
12.0,12,111.566003
14.0,14,111.583902
29.0,29,111.617602
15.0,15,111.641089
13.0,13,111.659411
16.0,16,111.680692
14.0,14,111.917776
26.0,26,111.948379
25.0,25,111.976824
13.0,13,111.99421
13.0,13,112.007272
12.0,12,112.019518
10.0,10,112.032017
21.0,21,112.056701
16.0,16,112.071226
26.0,26,112.094595
15.0,15,112.111799
12.0,12,112.124073
22.0,22,112.142703
15.0,15,112.162016
21.0,21,112.189572
31.0,31,112.221255
22.0,22,112.243201
21.0,21,112.266917
36.0,36,112.304888
32.0,32,112.335968
12.0,12,112.345913
30.0,30,112.370667
13.0,13,112.390378
12.0,12,112.402599
18.0,18,112.419238
20.0,20,112.439179
13.0,13,112.454227
12.0,12,112.469729
21.0,21,112.491339
17.0,17,112.508208
15.0,15,112.528166
42.0,42,112.585238
12.0,12,112.595843
41.0,41,112.63848
14.0,14,112.659296
16.0,16,112.681238
14.0,14,112.695106
18.0,18,112.713571
13.0,13,112.727959
16.0,16,112.741475
13.0,13,112.75205
13.0,13,112.765086
17.0,17,112.783727
13.0,13,112.794045
13.0,13,112.805254
17.0,17,112.82309
16.0,16,112.840307
13.0,13,112.851293
13.0,13,112.862479
16.0,16,112.877471
19.0,19,112.900757
22.0,22,112.916845
14.0,14,112.931771
17.0,17,112.946013
28.0,28,112.975354
19.0,19,112.997815
35.0,35,113.022602
8.0,8,113.028265
16.0,16,113.043882
9.0,9,113.051533
31.0,31,113.078806
59.0,59,113.136099
18.0,18,113.154424
18.0,18,113.168348
11.0,11,113.184239
51.0,51,113.248959
14.0,14,113.270497
12.0,12,113.282737
15.0,15,113.303287
24.0,24,113.32829
24.0,24,113.357771
21.0,21,113.380459
13.0,13,113.395236
12.0,12,113.408709
16.0,16,113.426259
11.0,11,113.432567
18.0,18,113.449728
13.0,13,113.460292
43.0,43,113.498331
12.0,12,113.511434
16.0,16,113.531461
19.0,19,113.555661
28.0,28,113.584786
21.0,21,113.606547
16.0,16,113.623448
18.0,18,113.640304
32.0,32,113.673532
20.0,20,113.694096
12.0,12,113.709806
15.0,15,113.727923
21.0,21,113.751271
19.0,19,113.772129
12.0,12,113.783531
27.0,27,113.81584
9.0,9,113.827018
14.0,14,113.842114
16.0,16,113.860165
14.0,14,113.87314
19.0,19,113.900615
12.0,12,113.913377
17.0,17,113.931443
13.0,13,113.944361
12.0,12,113.961621
20.0,20,113.982821
12.0,12,113.995887
14.0,14,114.012527
11.0,11,114.033285
16.0,16,114.050155
26.0,26,114.07002
12.0,12,114.0799
13.0,13,114.093636
25.0,25,114.118762
24.0,24,114.1465
16.0,16,114.161927
11.0,11,114.173243
16.0,16,114.18922
25.0,25,114.227066
16.0,16,114.243171
11.0,11,114.254921
12.0,12,114.265195
14.0,14,114.279911
69.0,69,114.345422
36.0,36,114.381573
9.0,9,114.38861
30.0,30,114.418905
15.0,15,114.43636
17.0,17,114.455147
19.0,19,114.474182
20.0,20,114.494432
46.0,46,114.543854
11.0,11,114.557989
22.0,22,114.57748
17.0,17,114.597055
10.0,10,114.605868
26.0,26,114.640974
31.0,31,114.670551
13.0,13,114.688822
30.0,30,114.719391
16.0,16,114.739047
51.0,51,114.791398
18.0,18,114.80715
18.0,18,114.827028
13.0,13,114.843158
10.0,10,114.85864
21.0,21,114.883439
24.0,24,114.912909
25.0,25,114.946015
17.0,17,114.96733
17.0,17,114.983296
15.0,15,114.994043
28.0,28,115.023575
15.0,15,115.040087
9.0,9,115.048541
14.0,14,115.068713
13.0,13,115.08309
18.0,18,115.102383
33.0,33,115.135048
12.0,12,115.146601
11.0,11,115.165165
26.0,26,115.184598
15.0,15,115.20049
15.0,15,115.215595
11.0,11,115.237737
13.0,13,115.255498
18.0,18,115.274783
15.0,15,115.292512
11.0,11,115.312171
16.0,16,115.331738
40.0,40,115.369117
13.0,13,115.382148
10.0,10,115.395205
21.0,21,115.41947
35.0,35,115.448073
16.0,16,115.46283
20.0,20,115.486576
17.0,17,115.502445
19.0,19,115.517426
11.0,11,115.528457
12.0,12,115.541964
13.0,13,115.552919
14.0,14,115.579427
24.0,24,115.601333
47.0,47,115.649938
14.0,14,115.662137
15.0,15,115.675617
14.0,14,115.68842
22.0,22,115.710877
32.0,32,115.735806
11.0,11,115.747115
41.0,41,115.792596
21.0,21,115.815454
38.0,38,115.853624
26.0,26,115.876978
22.0,22,115.903309
12.0,12,115.927998
18.0,18,115.947859
20.0,20,115.965787
9.0,9,115.97241
44.0,44,116.023395
24.0,24,116.046987
8.0,8,116.05616
11.0,11,116.07173
22.0,22,116.104495
12.0,12,116.115665
39.0,39,116.146568
15.0,15,116.161063
9.0,9,116.171521
16.0,16,116.186458
23.0,23,116.209306
10.0,10,116.220273
14.0,14,116.234413
13.0,13,116.244849
34.0,34,116.283873
19.0,19,116.304896
9.0,9,116.316208
13.0,13,116.32932
27.0,27,116.358926
20.0,20,116.379815
26.0,26,116.40937
10.0,10,116.420157
19.0,19,116.437781
26.0,26,116.460458
10.0,10,116.47353
12.0,12,116.484577
15.0,15,116.497011
14.0,14,116.514539
12.0,12,116.530081
26.0,26,116.554548
14.0,14,116.572877
12.0,12,116.587352
32.0,32,116.622812
19.0,19,116.642853
23.0,23,116.664479
16.0,16,116.680836
13.0,13,116.701665
14.0,14,116.716635
22.0,22,116.743349
37.0,37,116.776713
12.0,12,116.790868
16.0,16,116.810471
12.0,12,116.820618
21.0,21,116.840231
12.0,12,116.85401
11.0,11,116.86414
17.0,17,116.882116
11.0,11,116.8944
33.0,33,116.931448
9.0,9,116.938527
13.0,13,116.953001
26.0,26,116.974338
32.0,32,117.008315
15.0,15,117.029545
24.0,24,117.052685
20.0,20,117.069594
23.0,23,117.093708
18.0,18,117.107311
11.0,11,117.120594
19.0,19,117.141267
30.0,30,117.171712
11.0,11,117.18483
15.0,15,117.201952
53.0,53,117.266312
15.0,15,117.290475
18.0,18,117.310401
13.0,13,117.325463
12.0,12,117.339334
15.0,15,117.361378
17.0,17,117.379974
30.0,30,117.414516
14.0,14,117.431053
15.0,15,117.451006
11.0,11,117.464982
36.0,36,117.505212
14.0,14,117.519201
29.0,29,117.558236
27.0,27,117.587992
29.0,29,117.626094
9.0,9,117.637386
13.0,13,117.654932
60.0,60,117.735852
21.0,21,117.759667
54.0,54,117.826298
15.0,15,117.849637
38.0,38,117.890007
16.0,16,117.902499
12.0,12,117.911136
16.0,16,117.933223
13.0,13,117.948431
14.0,14,117.966376
10.0,10,117.977136
11.0,11,117.993283
20.0,20,118.01706
26.0,26,118.054903
19.0,19,118.073361
56.0,56,118.147784
46.0,46,118.204821
12.0,12,118.220514
30.0,30,118.255602
15.0,15,118.274865
14.0,14,118.287802
19.0,19,118.301075
11.0,11,118.310194
12.0,12,118.320524
16.0,16,118.334354
12.0,12,118.345508
28.0,28,118.372024
11.0,11,118.385482
12.0,12,118.396406
18.0,18,118.413317
27.0,27,118.434751
12.0,12,118.450753
20.0,20,118.471162
26.0,26,118.497711
22.0,22,118.517091
13.0,13,118.534249
26.0,26,118.560648
27.0,27,118.585125
9.0,9,118.592647
30.0,30,118.618003
16.0,16,118.632128
27.0,27,118.654961
12.0,12,118.668233
17.0,17,118.682312
13.0,13,118.692272
25.0,25,118.71479
23.0,23,118.735067
23.0,23,118.757475
24.0,24,118.78134
12.0,12,118.792595
43.0,43,118.826666
29.0,29,118.855356
11.0,11,118.870125
31.0,31,118.901825
40.0,40,118.943124
18.0,18,118.95925
13.0,13,118.973411
13.0,13,118.983293
79.0,79,119.051337
29.0,29,119.0829
12.0,12,119.091395
22.0,22,119.107808
12.0,12,119.11873
11.0,11,119.132042
14.0,14,119.148076
11.0,11,119.156201
37.0,37,119.199929
19.0,19,119.2189
32.0,32,119.250461
15.0,15,119.266785
31.0,31,119.30426
24.0,24,119.332082
14.0,14,119.344969
12.0,12,119.356813
14.0,14,119.372841
49.0,49,119.430229
21.0,21,119.450319
43.0,43,119.496112
10.0,10,119.507081
11.0,11,119.518371
10.0,10,119.528437
56.0,56,119.577806
13.0,13,119.592607
18.0,18,119.614851
36.0,36,119.656176
24.0,24,119.680331
10.0,10,119.694216
13.0,13,119.709892
22.0,22,119.733382
12.0,12,119.745592
20.0,20,119.767417
18.0,18,119.787275
31.0,31,119.823213
15.0,15,119.839996
26.0,26,119.866502
17.0,17,119.890248
10.0,10,119.902956
25.0,25,119.927219
34.0,34,119.964642
12.0,12,119.980204
13.0,13,119.992919
20.0,20,120.014634
28.0,28,120.042628
19.0,19,120.066732
16.0,16,120.082937
14.0,14,120.096609
21.0,21,120.124082
39.0,39,120.164241
37.0,37,120.200714
18.0,18,120.219686
28.0,28,120.248775
25.0,25,120.277464
12.0,12,120.289565
19.0,19,120.311961
12.0,12,120.322699
63.0,63,120.393255
22.0,22,120.417919
19.0,19,120.43786
21.0,21,120.456529
15.0,15,120.471854
22.0,22,120.4943
20.0,20,120.513942
14.0,14,120.531843
16.0,16,120.552031
13.0,13,120.564491
11.0,11,120.575184
23.0,23,120.599053
16.0,16,120.616774
18.0,18,120.639097
17.0,17,120.65928
12.0,12,120.671493
15.0,15,120.687516
18.0,18,120.707184
10.0,10,120.714659
17.0,17,120.737468
13.0,13,120.752114
15.0,15,120.766853
13.0,13,120.777848
16.0,16,120.791752
21.0,21,120.811591
31.0,31,120.841457
12.0,12,120.854255
10.0,10,120.863459
18.0,18,120.885691
13.0,13,120.898807
41.0,41,120.936436
14.0,14,120.951716
14.0,14,120.964847
42.0,42,121.004092
58.0,58,121.061913
17.0,17,121.078955
22.0,22,121.101497
12.0,12,121.114845
15.0,15,121.129523
11.0,11,121.14404
28.0,28,121.169769
32.0,32,121.1986
11.0,11,121.206252
27.0,27,121.227766
39.0,39,121.275203
30.0,30,121.302017
22.0,22,121.327656
23.0,23,121.35561
43.0,43,121.40675
22.0,22,121.435537
11.0,11,121.453619
15.0,15,121.466954
14.0,14,121.488974
22.0,22,121.50851
15.0,15,121.52726
19.0,19,121.54745
13.0,13,121.56731
26.0,26,121.600054
17.0,17,121.618964
27.0,27,121.647011
28.0,28,121.687445
10.0,10,121.69749
20.0,20,121.718277
13.0,13,121.731404
10.0,10,121.746965
20.0,20,121.772089
12.0,12,121.785132
12.0,12,121.799049
13.0,13,121.814488
14.0,14,121.830629
18.0,18,121.849491
21.0,21,121.87819
23.0,23,121.909164
21.0,21,121.931912
13.0,13,121.949426
14.0,14,121.965595
18.0,18,121.995306
45.0,45,122.043688
9.0,9,122.05222
11.0,11,122.067165
28.0,28,122.105233
33.0,33,122.142065
31.0,31,122.182199
20.0,20,122.202347
11.0,11,122.218589
16.0,16,122.239615
24.0,24,122.266399
15.0,15,122.282002
12.0,12,122.299482
53.0,53,122.363552
28.0,28,122.400959
22.0,22,122.423205
19.0,19,122.450203
14.0,14,122.463094
32.0,32,122.501543
17.0,17,122.524832
33.0,33,122.563058
20.0,20,122.587248
12.0,12,122.605326
31.0,31,122.640113
15.0,15,122.655617
15.0,15,122.67325
10.0,10,122.687657
39.0,39,123.056608
25.0,25,123.089246
20.0,20,123.116996
27.0,27,123.146746
47.0,47,123.205757
13.0,13,123.228223
22.0,22,123.259318
12.0,12,123.275128
22.0,22,123.300214
24.0,24,123.335478
36.0,36,123.378452
11.0,11,123.393287
16.0,16,123.41375
26.0,26,123.455427
9.0,9,123.465306
19.0,19,123.488415
15.0,15,123.502244
19.0,19,123.534476
39.0,39,123.580887
25.0,25,123.609682
12.0,12,123.623911
15.0,15,123.649916
11.0,11,123.664782
11.0,11,123.675424
15.0,15,123.695207
24.0,24,123.725753
13.0,13,123.745195
11.0,11,123.760431
15.0,15,123.779396
12.0,12,123.796081
38.0,38,123.844947
15.0,15,123.863572
12.0,12,123.878721
24.0,24,123.910877
25.0,25,123.937855
13.0,13,123.958617
13.0,13,123.972948
34.0,34,124.013566
12.0,12,124.026923
26.0,26,124.06663
24.0,24,124.093986
56.0,56,124.16162
13.0,13,124.175288
14.0,14,124.192828
20.0,20,124.212191
15.0,15,124.229291
25.0,25,124.26672
12.0,12,124.279526
9.0,9,124.289129
13.0,13,124.305769
23.0,23,124.331588
15.0,15,124.350941
31.0,31,124.386111
22.0,22,124.416393
12.0,12,124.431559
13.0,13,124.44675
18.0,18,124.471303
25.0,25,124.503197
19.0,19,124.524508
13.0,13,124.536193
11.0,11,124.552062
25.0,25,124.585357
19.0,19,124.606286
30.0,30,124.64027
26.0,26,124.67362
15.0,15,124.695765
25.0,25,124.727952
22.0,22,124.75183
23.0,23,124.778751
20.0,20,124.810283
28.0,28,124.844774
13.0,13,124.860705
14.0,14,124.878279
35.0,35,124.923505
12.0,12,124.938005
10.0,10,124.953062
12.0,12,124.965928
23.0,23,125.001167
24.0,24,125.026741
32.0,32,125.064639
17.0,17,125.084248
17.0,17,125.110572
18.0,18,125.13043
22.0,22,125.154063
31.0,31,125.190013
17.0,17,125.211501
19.0,19,125.231133
31.0,31,125.268898
13.0,13,125.285635
14.0,14,125.307668
10.0,10,125.32231
14.0,14,125.337596
17.0,17,125.360192
31.0,31,125.395612
10.0,10,125.410104
14.0,14,125.421469
15.0,15,125.437606
11.0,11,125.453323
17.0,17,125.470152
16.0,16,125.486175
37.0,37,125.521305
28.0,28,125.553795
11.0,11,125.564192
18.0,18,125.583557
23.0,23,125.604292
18.0,18,125.633111
15.0,15,125.648006
9.0,9,125.656562
23.0,23,125.680245
18.0,18,125.701326
72.0,72,125.794101
9.0,9,125.803801
20.0,20,125.830267
17.0,17,125.854055
19.0,19,125.874881
10.0,10,125.889306
21.0,21,125.913923
17.0,17,125.941242
13.0,13,125.958975
17.0,17,125.980417
28.0,28,126.01517
28.0,28,126.056352
36.0,36,126.098459
14.0,14,126.112604
17.0,17,126.139286
34.0,34,126.180604
31.0,31,126.217455
39.0,39,126.264033
17.0,17,126.285826
10.0,10,126.302214
21.0,21,126.333253
29.0,29,126.372754
20.0,20,126.396236
22.0,22,126.422705
31.0,31,126.46757
10.0,10,126.481939
18.0,18,126.499873
15.0,15,126.522043
18.0,18,126.542067
24.0,24,126.575849
16.0,16,126.593563
12.0,12,126.611735
14.0,14,126.631619
14.0,14,126.646607
18.0,18,126.672456
19.0,19,126.69924
14.0,14,126.716233
10.0,10,126.730436
21.0,21,126.755071
20.0,20,126.785734
14.0,14,126.80253
14.0,14,126.824467
13.0,13,126.839358
25.0,25,126.876763
15.0,15,126.895609
15.0,15,126.91363
18.0,18,126.931252
14.0,14,126.949594
8.0,8,126.958517
63.0,63,127.032769
17.0,17,127.052834
13.0,13,127.074654
34.0,34,127.119601
16.0,16,127.137965
14.0,14,127.152882
14.0,14,127.177768
13.0,13,127.192006
14.0,14,127.205976
29.0,29,127.243042
12.0,12,127.260928
22.0,22,127.290673
20.0,20,127.315298
15.0,15,127.335872
15.0,15,127.358754
16.0,16,127.383318
47.0,47,127.443027
40.0,40,127.495622
26.0,26,127.53342
20.0,20,127.558283
30.0,30,127.599132
28.0,28,127.6329
13.0,13,127.65351
32.0,32,127.691846
19.0,19,127.710825
45.0,45,127.767219
20.0,20,127.795299
15.0,15,127.811156
17.0,17,127.835004
16.0,16,127.855327
10.0,10,127.869105
14.0,14,127.890536
12.0,12,127.909609
13.0,13,127.924771
26.0,26,127.960248
10.0,10,127.975506
13.0,13,127.991089
24.0,24,128.023508
19.0,19,128.052339
12.0,12,128.067133
19.0,19,128.092111
14.0,14,128.112215
14.0,14,128.134606
27.0,27,128.165319
19.0,19,128.187897
39.0,39,128.240911
31.0,31,128.286978
12.0,12,128.303653
9.0,9,128.317333
20.0,20,128.342691
12.0,12,128.360148
30.0,30,128.396152
16.0,16,128.420104
22.0,22,128.450444
14.0,14,128.469257
11.0,11,128.483489
13.0,13,128.498416
28.0,28,128.535406
18.0,18,128.561681
16.0,16,128.581178
14.0,14,128.596799
17.0,17,128.620669
22.0,22,128.649148
16.0,16,128.668604
19.0,19,128.694169
14.0,14,128.709607
29.0,29,128.751051
15.0,15,128.767537
20.0,20,128.791392
21.0,21,128.820076
12.0,12,128.841573
14.0,14,128.856376
16.0,16,128.878149
24.0,24,128.907308
21.0,21,128.939678
50.0,50,129.002146
12.0,12,129.015081
14.0,14,129.028835
11.0,11,129.050428
11.0,11,129.066375
13.0,13,129.081318
13.0,13,129.097538
17.0,17,129.124368
13.0,13,129.140523
40.0,40,129.192188
18.0,18,129.212589
32.0,32,129.257445
41.0,41,129.308276
40.0,40,129.363463
13.0,13,129.37633
21.0,21,129.402993
12.0,12,129.417912
20.0,20,129.442571
14.0,14,129.465503
15.0,15,129.486009
17.0,17,129.50908
26.0,26,129.540496
17.0,17,129.563232
14.0,14,129.586948
24.0,24,129.619007
23.0,23,129.648825
19.0,19,129.67461
9.0,9,129.690851
22.0,22,129.716071
19.0,19,129.737446
26.0,26,129.771394
21.0,21,129.800359
30.0,30,129.836531
11.0,11,129.850641
10.0,10,129.860965
21.0,21,129.89218
15.0,15,129.906028
18.0,18,129.933509
8.0,8,129.943877
14.0,14,129.963435
33.0,33,130.010144
17.0,17,130.028606
36.0,36,130.070757
11.0,11,130.092467
20.0,20,130.117332
14.0,14,130.132308
14.0,14,130.152588
18.0,18,130.174931
12.0,12,130.191134
11.0,11,130.204547
17.0,17,130.223136
12.0,12,130.240137
16.0,16,130.259795
16.0,16,130.280366
13.0,13,130.300222
15.0,15,130.320144
11.0,11,130.335211
10.0,10,130.345107
20.0,20,130.370102
14.0,14,130.390022
16.0,16,130.414057
36.0,36,130.460869
14.0,14,130.476588
19.0,19,130.508414
37.0,37,130.549701
21.0,21,130.577136
26.0,26,130.61317
16.0,16,130.636883
28.0,28,130.672055
16.0,16,130.692725
13.0,13,130.714102
22.0,22,130.747645
18.0,18,130.767763
27.0,27,130.800515
35.0,35,130.849898
15.0,15,130.871644
11.0,11,130.882319
30.0,30,130.926699
14.0,14,130.941003
20.0,20,130.969463
13.0,13,130.98836
8.0,8,130.997612
13.0,13,131.012284
13.0,13,131.034427
11.0,11,131.04991
17.0,17,131.068837
16.0,16,131.089656
12.0,12,131.10604
17.0,17,131.129893
11.0,11,131.144361
22.0,22,131.173658
17.0,17,131.195022
15.0,15,131.214581
16.0,16,131.23831
15.0,15,131.254672
21.0,21,131.286285
40.0,40,131.337836
62.0,62,131.414529
27.0,27,131.454912
22.0,22,131.482283
18.0,18,131.50699
14.0,14,131.522349
35.0,35,131.562332
15.0,15,131.582428
127.0,127,131.734286
24.0,24,131.763262
11.0,11,131.772798
13.0,13,131.792509
17.0,17,131.813884
18.0,18,131.8341
12.0,12,131.854044
33.0,33,131.899715
14.0,14,131.915344
60.0,60,131.99157
18.0,18,132.012587
12.0,12,132.031721
40.0,40,132.084265
14.0,14,132.099097
19.0,19,132.122459
17.0,17,132.144544
18.0,18,132.172108
22.0,22,132.193073
11.0,11,132.209537
22.0,22,132.238587
24.0,24,132.2642
58.0,58,132.334806
12.0,12,132.34853
25.0,25,132.382866
39.0,39,132.427168
25.0,25,132.452764
21.0,21,132.48173
15.0,15,132.504424
12.0,12,132.518256
29.0,29,132.545423
42.0,42,132.601411
12.0,12,132.619554
22.0,22,132.644374
19.0,19,132.668846
23.0,23,132.702436
10.0,10,132.716489
35.0,35,132.759478
13.0,13,132.77257
22.0,22,132.804245
23.0,23,132.836452
16.0,16,132.856278
17.0,17,132.876971
17.0,17,132.899449
16.0,16,132.922878
19.0,19,132.947152
19.0,19,132.971172
15.0,15,132.990082
18.0,18,133.018921
11.0,11,133.032355
18.0,18,133.0514
19.0,19,133.075204
30.0,30,133.114909
13.0,13,133.133347
19.0,19,133.151656
17.0,17,133.174806
35.0,35,133.220651
11.0,11,133.234562
17.0,17,133.253923
18.0,18,133.276854
17.0,17,133.298799
26.0,26,133.336673
12.0,12,133.351694
14.0,14,133.368071
12.0,12,133.3875
28.0,28,133.425898
12.0,12,133.44237
30.0,30,133.479369
34.0,34,133.522394
13.0,13,133.537136
11.0,11,133.552814
30.0,30,133.59123
15.0,15,133.609594
22.0,22,133.643852
26.0,26,133.670642
56.0,56,133.738758
13.0,13,133.761299
11.0,11,133.769523
13.0,13,133.786251
25.0,25,133.813034
8.0,8,133.824995
14.0,14,133.843467
24.0,24,133.872162
14.0,14,133.888955
15.0,15,133.910324
13.0,13,133.923545
19.0,19,133.95181
39.0,39,133.997198
11.0,11,134.013008
12.0,12,134.026857
31.0,31,134.066439
11.0,11,134.080058
24.0,24,134.113385
11.0,11,134.123237
13.0,13,134.145828
18.0,18,134.164512
12.0,12,134.182958
18.0,18,134.204416
18.0,18,134.223734
12.0,12,134.237338
19.0,19,134.268054
14.0,14,134.286231
30.0,30,134.322587
23.0,23,134.352745
15.0,15,134.369574
15.0,15,134.385919
14.0,14,134.403762
24.0,24,134.430182
35.0,35,134.474383
16.0,16,134.493726
15.0,15,134.512003
13.0,13,134.527642
14.0,14,134.552755
18.0,18,134.576108
17.0,17,134.598981
14.0,14,134.615868
24.0,24,134.646175
20.0,20,134.674845
34.0,34,134.715872
16.0,16,134.735313
36.0,36,134.787514
17.0,17,134.806864
24.0,24,134.836758
18.0,18,134.861378
19.0,19,134.891445
27.0,27,134.926759
14.0,14,134.942094
21.0,21,134.975652
13.0,13,134.994518
36.0,36,135.036942
13.0,13,135.052358
18.0,18,135.081501
10.0,10,135.093636
20.0,20,135.12126
22.0,22,135.154249
17.0,17,135.171653
15.0,15,135.197131
31.0,31,135.229788
8.0,8,135.241153
21.0,21,135.268836
55.0,55,135.336241
18.0,18,135.360302
32.0,32,135.402853
12.0,12,135.417325
11.0,11,135.433437
12.0,12,135.448871
18.0,18,135.468605
15.0,15,135.492239
17.0,17,135.512665
46.0,46,135.570107
9.0,9,135.583137
15.0,15,135.608841
50.0,50,135.670716
11.0,11,135.685067
18.0,18,135.710712
13.0,13,135.730432
15.0,15,135.748708
15.0,15,135.768431
13.0,13,135.784234
18.0,18,135.814264
13.0,13,135.832314
14.0,14,135.85057
18.0,18,136.166821
14.0,14,136.186448
18.0,18,136.210733
13.0,13,136.230558
18.0,18,136.253852
13.0,13,136.268626
26.0,26,136.308636
21.0,21,136.33741
18.0,18,136.358547
10.0,10,136.375349
20.0,20,136.404653
12.0,12,136.419422
15.0,15,136.441159
11.0,11,136.450591
23.0,23,136.484431
12.0,12,136.501319
15.0,15,136.520964
17.0,17,136.545949
13.0,13,136.565454
20.0,20,136.590693
20.0,20,136.614959
10.0,10,136.631041
27.0,27,136.669869
15.0,15,136.68686
12.0,12,136.702504
12.0,12,136.716061
14.0,14,136.737262
17.0,17,136.765025
11.0,11,136.779983
12.0,12,136.794725
10.0,10,136.807732
10.0,10,136.823209
14.0,14,136.838073
18.0,18,136.865705
18.0,18,136.890964
17.0,17,136.91563
17.0,17,136.936998
16.0,16,136.962327
17.0,17,136.983711
21.0,21,137.011017
12.0,12,137.026873
10.0,10,137.041287
16.0,16,137.068824
15.0,15,137.089945
10.0,10,137.10002
18.0,18,137.126351
15.0,15,137.143542
25.0,25,137.182833
14.0,14,137.198769
19.0,19,137.223391
28.0,28,137.264181
11.0,11,137.277645
19.0,19,137.295219
16.0,16,137.31308
18.0,18,137.338398
9.0,9,137.3475
14.0,14,137.371095
30.0,30,137.404419
15.0,15,137.429117
26.0,26,137.459441
21.0,21,137.491781
20.0,20,137.515873
13.0,13,137.535711
49.0,49,137.603624
19.0,19,137.628272
23.0,23,137.657992
13.0,13,137.675433
27.0,27,137.715897
23.0,23,137.743454
16.0,16,137.761621
11.0,11,137.784548
33.0,33,137.828202
15.0,15,137.848267
26.0,26,137.883391
10.0,10,137.901921
22.0,22,137.931594
27.0,27,137.965823
14.0,14,137.985696
24.0,24,138.022846
26.0,26,138.054
9.0,9,138.068897
13.0,13,138.085444
15.0,15,138.111443
15.0,15,138.127601
33.0,33,138.176053
11.0,11,138.18597
17.0,17,138.218248
46.0,46,138.276061
16.0,16,138.297599
21.0,21,138.326989
17.0,17,138.35499
15.0,15,138.370203
13.0,13,138.39114
18.0,18,138.416557
19.0,19,138.446164
27.0,27,138.48247
13.0,13,138.499338
13.0,13,138.515787
14.0,14,138.536036
42.0,42,138.582417
13.0,13,138.598675
27.0,27,138.634638
12.0,12,138.65121
12.0,12,138.666277
29.0,29,138.698922
19.0,19,138.725237
15.0,15,138.744786
13.0,13,138.756272
21.0,21,138.775878
21.0,21,138.805044
11.0,11,138.81779
32.0,32,138.865292
20.0,20,138.88755
14.0,14,138.906158
27.0,27,138.950044
21.0,21,138.973828
46.0,46,139.027936
17.0,17,139.05541
22.0,22,139.086104
15.0,15,139.104326
17.0,17,139.125014
23.0,23,139.157993
12.0,12,139.175031
12.0,12,139.189886
20.0,20,139.215998
18.0,18,139.236263
27.0,27,139.275783
18.0,18,139.300156
29.0,29,139.336528
36.0,36,139.384774
17.0,17,139.408485
15.0,15,139.427969
16.0,16,139.453072
23.0,23,139.483091
21.0,21,139.512052
12.0,12,139.526547
30.0,30,139.564365
13.0,13,139.582531
17.0,17,139.605231
16.0,16,139.62493
15.0,15,139.643167
13.0,13,139.660226
13.0,13,139.676234
9.0,9,139.685116
20.0,20,139.707987
16.0,16,139.730433
22.0,22,139.766987
14.0,14,139.783771
10.0,10,139.797798
16.0,16,139.815823
20.0,20,139.842866
16.0,16,139.861335
16.0,16,139.881738
32.0,32,139.91901
64.0,64,139.998729
10.0,10,140.007938
11.0,11,140.023669
25.0,25,140.050395
9.0,9,140.067907
20.0,20,140.093624
11.0,11,140.102573
25.0,25,140.134035
18.0,18,140.156376
28.0,28,140.192391
20.0,20,140.217327
17.0,17,140.235943
17.0,17,140.264359
10.0,10,140.273768
17.0,17,140.297576
28.0,28,140.331251
24.0,24,140.362768
35.0,35,140.411402
18.0,18,140.433122
12.0,12,140.448439
23.0,23,140.47497
19.0,19,140.502798
12.0,12,140.517149
15.0,15,140.535825
32.0,32,140.580684
11.0,11,140.598406
25.0,25,140.628594
20.0,20,140.65336
13.0,13,140.672282
10.0,10,140.686064
16.0,16,140.708615
15.0,15,140.724677
34.0,34,140.772169
17.0,17,140.792359
27.0,27,140.833018
22.0,22,140.860492
17.0,17,140.88504
13.0,13,140.904445
30.0,30,140.941378
11.0,11,140.955874
37.0,37,141.009652
21.0,21,141.036639
18.0,18,141.057167
12.0,12,141.071274
27.0,27,141.113208
16.0,16,141.134223
10.0,10,141.144112
11.0,11,141.160754
24.0,24,141.189564
28.0,28,141.225894
20.0,20,141.249066
24.0,24,141.276768
15.0,15,141.29701
35.0,35,141.342838
23.0,23,141.368246
18.0,18,141.388654
17.0,17,141.411403
10.0,10,141.427891
17.0,17,141.446614
26.0,26,141.472442
15.0,15,141.493642
11.0,11,141.508687
25.0,25,141.535324
14.0,14,141.553249
14.0,14,141.570899
13.0,13,141.585421
17.0,17,141.609181
15.0,15,141.623961
15.0,15,141.649133
12.0,12,141.663128
21.0,21,141.689969
54.0,54,141.761335
30.0,30,141.799104
14.0,14,141.817047
22.0,22,141.846035
23.0,23,141.877571
11.0,11,141.896853
18.0,18,141.916783
12.0,12,141.931983
14.0,14,141.951858
20.0,20,141.979082
13.0,13,141.994147
24.0,24,142.024342
15.0,15,142.046166
28.0,28,142.080086
26.0,26,142.108686
20.0,20,142.130532
29.0,29,142.171886
16.0,16,142.195478
27.0,27,142.226027
19.0,19,142.251849
32.0,32,142.291365
28.0,28,142.32869
10.0,10,142.346256
15.0,15,142.361147
28.0,28,142.395689
11.0,11,142.413715
25.0,25,142.440837
18.0,18,142.464505
55.0,55,142.526689
11.0,11,142.540545
14.0,14,142.558756
19.0,19,142.583881
18.0,18,142.601541
10.0,10,142.617181
21.0,21,142.638534
45.0,45,142.692419
22.0,22,142.721396
13.0,13,142.736714
17.0,17,142.757921
14.0,14,142.778455
29.0,29,142.810627
19.0,19,142.835872
14.0,14,142.853645
23.0,23,142.883745
15.0,15,142.904212
17.0,17,142.926845
31.0,31,142.966899
22.0,22,142.988899
15.0,15,143.008807
21.0,21,143.034068
12.0,12,143.04994
17.0,17,143.071203
24.0,24,143.101234
75.0,75,143.201918
12.0,12,143.215002
34.0,34,143.265487
22.0,22,143.288631
17.0,17,143.310503
13.0,13,143.327611
19.0,19,143.348768
24.0,24,143.380781
23.0,23,143.410917
22.0,22,143.438755
30.0,30,143.475693
21.0,21,143.498247
16.0,16,143.519262
26.0,26,143.552181
12.0,12,143.566123
17.0,17,143.589754
12.0,12,143.608495
15.0,15,143.62937
63.0,63,143.706254
40.0,40,143.750245
12.0,12,143.765728
54.0,54,143.828461
13.0,13,143.84502
14.0,14,143.863202
24.0,24,143.896399
14.0,14,143.911556
22.0,22,143.941414
18.0,18,143.961894
14.0,14,143.98197
50.0,50,144.04164
28.0,28,144.077268
11.0,11,144.094368
20.0,20,144.12231
37.0,37,144.164463
25.0,25,144.200407
10.0,10,144.209079
34.0,34,144.255183
12.0,12,144.269385
9.0,9,144.279058
41.0,41,144.3325
24.0,24,144.366231
25.0,25,144.398529
14.0,14,144.417454
14.0,14,144.435253
12.0,12,144.45508
12.0,12,144.471993
12.0,12,144.487326
9.0,9,144.503895
33.0,33,144.54519
36.0,36,144.58919
12.0,12,144.607584
35.0,35,144.651655
47.0,47,144.704592
11.0,11,144.71892
26.0,26,144.754653
17.0,17,144.772144
16.0,16,144.795996
12.0,12,144.812399
29.0,29,144.844449
10.0,10,144.857028
19.0,19,144.877451
20.0,20,144.89933
12.0,12,144.916578
11.0,11,144.930512
18.0,18,144.956324
31.0,31,144.985562
23.0,23,145.015179
32.0,32,145.052502
30.0,30,145.097251
21.0,21,145.124844
13.0,13,145.138688
10.0,10,145.153551
11.0,11,145.166338
34.0,34,145.214299
21.0,21,145.239368
40.0,40,145.288778
15.0,15,145.314054
30.0,30,145.348848
65.0,65,145.436878
30.0,30,145.471002
74.0,74,145.573335
13.0,13,145.590995
25.0,25,145.622432
14.0,14,145.643368
42.0,42,145.699884
21.0,21,145.725435
11.0,11,145.738843
17.0,17,145.758055
51.0,51,145.832418
38.0,38,145.884586
19.0,19,145.905098
15.0,15,145.925071
42.0,42,145.977499
34.0,34,146.013579
26.0,26,146.042787
45.0,45,146.08991
23.0,23,146.118246
22.0,22,146.142106
17.0,17,146.160066
11.0,11,146.171834
26.0,26,146.204293
30.0,30,146.241997
17.0,17,146.261264
28.0,28,146.296915
29.0,29,146.336857
34.0,34,146.374353
11.0,11,146.38883
16.0,16,146.40672
10.0,10,146.418303
16.0,16,146.43868
36.0,36,146.484227
19.0,19,146.508778
31.0,31,146.551461
24.0,24,146.57625
19.0,19,146.598886
19.0,19,146.62054
13.0,13,146.644408
16.0,16,146.663214
19.0,19,146.683194
14.0,14,146.702007
14.0,14,146.720332
51.0,51,146.782825
14.0,14,146.802366
29.0,29,146.834387
12.0,12,146.853221
16.0,16,146.871386
18.0,18,146.888005
64.0,64,146.962175
30.0,30,147.004399
20.0,20,147.030198
10.0,10,147.039153
25.0,25,147.079164
33.0,33,147.125797
11.0,11,147.142976
18.0,18,147.167302
10.0,10,147.181663
18.0,18,147.203823
14.0,14,147.225113
23.0,23,147.249246
10.0,10,147.267229
24.0,24,147.298596
23.0,23,147.327112
22.0,22,147.351202
16.0,16,147.3752
12.0,12,147.391882
16.0,16,147.411817
15.0,15,147.429634
20.0,20,147.450984
13.0,13,147.472584
40.0,40,147.517924
14.0,14,147.536916
16.0,16,147.555617
24.0,24,147.590883
11.0,11,147.601403
16.0,16,147.619476
15.0,15,147.638417
24.0,24,147.674073
28.0,28,147.707999
14.0,14,147.725226
13.0,13,147.73935
20.0,20,147.766131
19.0,19,147.793605
21.0,21,147.815287
15.0,15,147.83286
27.0,27,147.864491
42.0,42,147.918161
51.0,51,147.976269
14.0,14,147.996277
16.0,16,148.01881
13.0,13,148.032641
13.0,13,148.051463
30.0,30,148.089022
14.0,14,148.109848
17.0,17,148.127388
13.0,13,148.1432
16.0,16,148.163087
18.0,18,148.194739
16.0,16,148.215269
19.0,19,148.233031
10.0,10,148.246046
14.0,14,148.262951
14.0,14,148.281208
14.0,14,148.299091
47.0,47,148.361432
16.0,16,148.382783
13.0,13,148.402455
34.0,34,148.446491
17.0,17,148.4656
29.0,29,148.507132
25.0,25,148.534263
26.0,26,148.556548
15.0,15,148.574432
33.0,33,148.619191
14.0,14,148.635687
12.0,12,148.650197
13.0,13,148.66534
18.0,18,148.689492
14.0,14,148.714316
26.0,26,148.748307
30.0,30,148.786273
13.0,13,148.804413
30.0,30,148.846829
29.0,29,148.88327
21.0,21,148.907467
11.0,11,148.929067
18.0,18,148.94956
21.0,21,148.977263
27.0,27,149.009188
32.0,32,150.163403
19.0,19,150.188796
20.0,20,150.211941
18.0,18,150.233908
18.0,18,150.256886
16.0,16,150.278157
18.0,18,150.303774
21.0,21,150.329973
29.0,29,150.372139
18.0,18,150.397852
20.0,20,150.423132
23.0,23,150.452417
26.0,26,150.492934
16.0,16,150.51237
13.0,13,150.527503
18.0,18,150.548645
35.0,35,150.596063
29.0,29,150.637335
14.0,14,150.651574
18.0,18,150.670853
21.0,21,150.698084
27.0,27,150.728053
14.0,14,150.7397
19.0,19,150.760097
27.0,27,150.78737
69.0,69,150.846633
19.0,19,150.866553
26.0,26,150.892668
13.0,13,150.909782
15.0,15,150.930375
15.0,15,150.94928
19.0,19,150.968471
25.0,25,151.001423
25.0,25,151.028915
12.0,12,151.041178
27.0,27,151.069636
27.0,27,151.107076
17.0,17,151.126842
14.0,14,151.138712
12.0,12,151.151715
39.0,39,151.205392
17.0,17,151.222321
13.0,13,151.237081
13.0,13,151.250509
19.0,19,151.277334
14.0,14,151.292725
24.0,24,151.320401
27.0,27,151.348256
22.0,22,151.374546
9.0,9,151.385957
14.0,14,151.395993
17.0,17,151.416857
31.0,31,151.460292
36.0,36,151.498289
18.0,18,151.521813
19.0,19,151.541074
74.0,74,151.641141
15.0,15,151.660566
37.0,37,151.70129
13.0,13,151.716167
15.0,15,151.739047
68.0,68,151.811877
14.0,14,151.829734
29.0,29,151.861791
15.0,15,151.878664
22.0,22,151.904462
15.0,15,151.920104
23.0,23,151.946616
27.0,27,151.981119
52.0,52,152.038969
23.0,23,152.064854
29.0,29,152.097751
16.0,16,152.120128
12.0,12,152.13403
13.0,13,152.152232
30.0,30,152.191517
29.0,29,152.223664
15.0,15,152.245903
21.0,21,152.269976
17.0,17,152.287753
34.0,34,152.330587
23.0,23,152.365549
27.0,27,152.395504
17.0,17,152.419781
27.0,27,152.459751
26.0,26,152.496036
27.0,27,152.527158
11.0,11,152.537236
18.0,18,152.56979
15.0,15,152.587658
29.0,29,152.620158
38.0,38,152.661171
17.0,17,152.688198
18.0,18,152.708482
22.0,22,152.7374
47.0,47,152.798413
16.0,16,152.822231
79.0,79,152.92697
28.0,28,152.960372
19.0,19,152.990927
26.0,26,153.025143
20.0,20,153.049851
15.0,15,153.068649
12.0,12,153.087934
20.0,20,153.112113
27.0,27,153.141928
20.0,20,153.16557
33.0,33,153.209889
13.0,13,153.229482
31.0,31,153.266638
27.0,27,153.302283
9.0,9,153.310182
18.0,18,153.335507
30.0,30,153.366473
13.0,13,153.380958
23.0,23,153.410391
19.0,19,153.43662
14.0,14,153.451704
27.0,27,153.483951
14.0,14,153.506856
12.0,12,153.522383
25.0,25,153.545683
20.0,20,153.568566
15.0,15,153.586412
42.0,42,153.641569
34.0,34,153.681376
21.0,21,153.707424
24.0,24,153.733982
16.0,16,153.753747
14.0,14,153.768459
35.0,35,153.809597
19.0,19,153.833142
27.0,27,153.87153
29.0,29,153.905159
14.0,14,153.925031
26.0,26,153.958135
39.0,39,154.010515
16.0,16,154.032589
49.0,49,154.086076
19.0,19,154.107298
18.0,18,154.132448
11.0,11,154.146704
12.0,12,154.160753
42.0,42,154.206531
31.0,31,154.247375
18.0,18,154.27019
17.0,17,154.290542
41.0,41,154.337672
11.0,11,154.354228
30.0,30,154.387004
14.0,14,154.405734
39.0,39,154.457779
36.0,36,154.500185
15.0,15,154.514571
21.0,21,154.541851
12.0,12,154.555456
16.0,16,154.575458
20.0,20,154.600274
13.0,13,154.613654
21.0,21,154.64391
28.0,28,154.674757
13.0,13,154.687318
26.0,26,154.723355
28.0,28,154.755685
21.0,21,154.7807
14.0,14,154.798483
15.0,15,154.813353
30.0,30,154.85404
37.0,37,154.901324
15.0,15,154.921095
20.0,20,154.938038
11.0,11,154.947561
10.0,10,154.962763
11.0,11,154.975271
12.0,12,154.989998
26.0,26,155.016719
16.0,16,155.039454
13.0,13,155.0619
28.0,28,155.094835
17.0,17,155.114954
12.0,12,155.132216
10.0,10,155.141028
10.0,10,155.1556
12.0,12,155.171628
16.0,16,155.192437
25.0,25,155.219248
13.0,13,155.232527
16.0,16,155.250057
40.0,40,155.300676
22.0,22,155.327204
9.0,9,155.333805
23.0,23,155.358909
14.0,14,155.376598
21.0,21,155.40268
22.0,22,155.427441
13.0,13,155.440192
46.0,46,155.500671
10.0,10,155.510758
64.0,64,155.587401
34.0,34,155.628973
35.0,35,155.676596
15.0,15,155.690232
26.0,26,155.720466
11.0,11,155.736005
22.0,22,155.76162
18.0,18,155.786892
26.0,26,155.812476
22.0,22,155.84005
20.0,20,155.864481
18.0,18,155.887269
19.0,19,155.911201
19.0,19,155.933001
16.0,16,155.954474
35.0,35,155.994591
20.0,20,156.01724
53.0,53,156.076935
18.0,18,156.102559
16.0,16,156.119478
58.0,58,156.191575
15.0,15,156.206254
14.0,14,156.225296
28.0,28,156.255955
23.0,23,156.283918
10.0,10,156.296197
31.0,31,156.335376
51.0,51,156.397523
12.0,12,156.411325
14.0,14,156.425466
22.0,22,156.455267
10.0,10,156.465007
22.0,22,156.494078
49.0,49,156.553375
47.0,47,156.610441
21.0,21,156.632003
13.0,13,156.64686
26.0,26,156.680317
16.0,16,156.705627
27.0,27,156.733918
26.0,26,156.766131
16.0,16,156.783781
21.0,21,156.812733
17.0,17,156.831873
17.0,17,156.855186
12.0,12,156.869219
10.0,10,156.881665
19.0,19,156.905295
14.0,14,156.921509
12.0,12,156.935761
16.0,16,156.955411
10.0,10,156.967943
61.0,61,157.039705
12.0,12,157.053623
17.0,17,157.072755
14.0,14,157.092452
10.0,10,157.102784
16.0,16,157.122962
12.0,12,157.139395
13.0,13,157.157375
16.0,16,157.177469
17.0,17,157.195594
9.0,9,157.2064
10.0,10,157.22246
23.0,23,157.245909
18.0,18,157.267455
22.0,22,157.291356
16.0,16,157.306795
14.0,14,157.327538
24.0,24,157.356317
41.0,41,157.404541
10.0,10,157.4201
31.0,31,157.452877
27.0,27,157.485398
11.0,11,157.503363
16.0,16,157.523409
17.0,17,157.546948
10.0,10,157.558765
14.0,14,157.575053
16.0,16,157.591205
48.0,48,157.646073
11.0,11,157.659443
17.0,17,157.680703
28.0,28,157.713218
13.0,13,157.726024
15.0,15,157.74708
23.0,23,157.773594
25.0,25,157.799496
14.0,14,157.818064
12.0,12,157.830902
18.0,18,157.856543
12.0,12,157.868581
11.0,11,157.881032
55.0,55,157.95061
14.0,14,157.967478
15.0,15,157.987289
14.0,14,158.002684
15.0,15,158.023014
10.0,10,158.040976
20.0,20,158.067165
19.0,19,158.085361
18.0,18,158.108546
42.0,42,158.160897
22.0,22,158.188115
20.0,20,158.209139
11.0,11,158.222323
11.0,11,158.234128
13.0,13,158.257497
32.0,32,158.293171
11.0,11,158.303958
21.0,21,158.338408
12.0,12,158.351937
13.0,13,158.37143
11.0,11,158.386746
23.0,23,158.41684
13.0,13,158.437463
13.0,13,158.454324
14.0,14,158.473268
15.0,15,158.499245
20.0,20,158.522911
51.0,51,158.592767
25.0,25,158.622258
30.0,30,158.66147
60.0,60,158.744729
16.0,16,158.76592
24.0,24,158.802341
20.0,20,158.829407
35.0,35,158.87122
16.0,16,158.897153
21.0,21,158.925741
17.0,17,158.948005
26.0,26,158.978761
39.0,39,159.035256
12.0,12,159.050759
22.0,22,159.089528
18.0,18,159.112027
14.0,14,159.132933
33.0,33,159.172742
16.0,16,159.201804
13.0,13,159.216005
14.0,14,159.235826
11.0,11,159.245017
17.0,17,159.271078
12.0,12,159.287923
10.0,10,159.302435
23.0,23,159.333866
12.0,12,159.354488
34.0,34,159.395809
16.0,16,159.419745
16.0,16,159.440944
13.0,13,159.462649
66.0,66,159.54792
19.0,19,159.571941
18.0,18,159.592484
22.0,22,159.62815
20.0,20,159.65345
10.0,10,159.663951
35.0,35,159.706791
14.0,14,159.725988
51.0,51,159.78497
22.0,22,159.814085
8.0,8,159.827727
29.0,29,159.861059
15.0,15,159.878185
26.0,26,159.905761
15.0,15,159.92635
24.0,24,159.957157
56.0,56,160.030303
15.0,15,160.050587
10.0,10,160.060242
13.0,13,160.081568
15.0,15,160.097185
27.0,27,160.133107
29.0,29,160.166805
21.0,21,160.201632
13.0,13,160.216817
18.0,18,160.24028
18.0,18,160.264703
21.0,21,160.29079
12.0,12,160.305863
16.0,16,160.324265
11.0,11,160.342672
24.0,24,160.375555
13.0,13,160.389228
31.0,31,160.430604
40.0,40,160.484411
11.0,11,160.500923
24.0,24,160.530477
17.0,17,160.554366
19.0,19,160.579114
29.0,29,160.616419
10.0,10,160.626612
15.0,15,160.646501
12.0,12,160.665385
25.0,25,160.696356
17.0,17,160.717051
14.0,14,160.730332
15.0,15,160.747694
12.0,12,160.770694
17.0,17,160.787687
28.0,28,160.815353
18.0,18,160.836375
24.0,24,160.873075
13.0,13,160.888765
15.0,15,160.908349
21.0,21,160.931204
11.0,11,160.947557
36.0,36,160.993204
11.0,11,161.003445
18.0,18,161.026546
13.0,13,161.042992
18.0,18,161.064326
38.0,38,161.109296
17.0,17,161.129436
29.0,29,161.174377
21.0,21,161.198852
13.0,13,161.213006
29.0,29,161.24558
21.0,21,161.283924
18.0,18,161.30532
16.0,16,161.322827
29.0,29,161.354412
31.0,31,161.398509
60.0,60,161.469525
19.0,19,161.495762
21.0,21,161.521431
15.0,15,161.545246
40.0,40,161.595038
13.0,13,161.608682
35.0,35,161.648251
27.0,27,161.688515
37.0,37,161.738282
21.0,21,161.765231
29.0,29,161.804316
21.0,21,161.836083
45.0,45,161.890054
20.0,20,161.919364
12.0,12,161.934523
12.0,12,161.950787
18.0,18,161.968787
14.0,14,161.989617
15.0,15,162.015019
29.0,29,162.052812
23.0,23,162.080968
16.0,16,162.100124
14.0,14,162.119871
15.0,15,162.141215
16.0,16,162.158595
16.0,16,162.176243
31.0,31,162.222182
30.0,30,162.260267
34.0,34,162.302145
15.0,15,162.322001
26.0,26,162.355735
17.0,17,162.37744
10.0,10,162.392611
10.0,10,162.405035
19.0,19,162.434731
43.0,43,162.492449
16.0,16,162.514867
11.0,11,162.529933
23.0,23,162.560063
13.0,13,162.579294
13.0,13,162.598491
18.0,18,162.981601
12.0,12,162.997353
16.0,16,163.022201
39.0,39,163.075512
12.0,12,163.092459
50.0,50,163.154885
15.0,15,163.178249
33.0,33,163.219134
42.0,42,163.278549
12.0,12,163.294986
15.0,15,163.318459
76.0,76,163.418555
14.0,14,163.435273
27.0,27,163.477137
21.0,21,163.504227
44.0,44,163.556396
16.0,16,163.58343
19.0,19,163.60692
13.0,13,163.626313
29.0,29,163.660316
13.0,13,163.683254
36.0,36,163.722759
14.0,14,163.740463
20.0,20,163.764271
15.0,15,163.787604
13.0,13,163.801551
12.0,12,163.81885
20.0,20,163.840909
12.0,12,163.855178
19.0,19,163.878452
15.0,15,163.905672
15.0,15,163.919987
12.0,12,163.935092
12.0,12,163.9492
16.0,16,163.968913
20.0,20,163.996896
14.0,14,164.015705
19.0,19,164.037672
25.0,25,164.068688
26.0,26,164.098461
14.0,14,164.116194
20.0,20,164.138912
27.0,27,164.175225
46.0,46,164.233193
16.0,16,164.251794
23.0,23,164.277518
26.0,26,164.312297
11.0,11,164.325607
27.0,27,164.356417
22.0,22,164.379397
14.0,14,164.401681
32.0,32,164.446765
28.0,28,164.480231
13.0,13,164.498152
50.0,50,164.565166
25.0,25,164.58669
23.0,23,164.61824
27.0,27,164.645434
51.0,51,164.708657
35.0,35,164.75455
9.0,9,164.765184
13.0,13,164.780355
13.0,13,164.802568
30.0,30,164.840887
23.0,23,164.871386
11.0,11,164.884841
31.0,31,164.918371
21.0,21,164.950157
11.0,11,164.960469
23.0,23,164.988931
27.0,27,165.023835
11.0,11,165.041475
17.0,17,165.061615
27.0,27,165.09215
18.0,18,165.111278
26.0,26,165.145236
23.0,23,165.168037
10.0,10,165.182231
23.0,23,165.209362
26.0,26,165.241469
22.0,22,165.26749
14.0,14,165.282219
14.0,14,165.303788
29.0,29,165.337646
17.0,17,165.359525
39.0,39,165.407508
39.0,39,165.460747
16.0,16,165.47915
19.0,19,165.500019
31.0,31,165.536276
14.0,14,165.563218
30.0,30,165.596152
49.0,49,165.650836
21.0,21,165.681311
16.0,16,165.702094
30.0,30,165.739393
14.0,14,165.762215
12.0,12,165.774331
24.0,24,165.803757
14.0,14,165.81754
14.0,14,165.835215
43.0,43,165.883932
34.0,34,165.930718
11.0,11,165.945599
25.0,25,165.976882
21.0,21,166.000533
25.0,25,166.029349
12.0,12,166.043521
20.0,20,166.06641
16.0,16,166.089449
12.0,12,166.10551
14.0,14,166.122431
12.0,12,166.137343
32.0,32,166.172309
36.0,36,166.219875
28.0,28,166.247762
18.0,18,166.263802
38.0,38,166.312083
20.0,20,166.339707
19.0,19,166.361811
11.0,11,166.371627
54.0,54,166.440645
18.0,18,166.461435
15.0,15,166.481145
20.0,20,166.508904
17.0,17,166.527445
10.0,10,166.545464
20.0,20,166.571317
16.0,16,166.591627
19.0,19,166.619694
20.0,20,166.647245
21.0,21,166.671746
10.0,10,166.683383
18.0,18,166.7124
43.0,43,166.772533
17.0,17,166.79381
32.0,32,166.832978
22.0,22,166.853387
14.0,14,166.874967
13.0,13,166.889233
11.0,11,166.904183
21.0,21,166.931979
12.0,12,166.948567
12.0,12,166.964213
18.0,18,166.985348
21.0,21,167.008033
17.0,17,167.031025
10.0,10,167.0434
13.0,13,167.05838
39.0,39,167.10586
14.0,14,167.128654
12.0,12,167.144906
35.0,35,167.189128
30.0,30,167.225945
16.0,16,167.24863
19.0,19,167.274292
21.0,21,167.298
13.0,13,167.317362
41.0,41,167.368231
24.0,24,167.394166
27.0,27,167.424197
23.0,23,167.452813
16.0,16,167.473236
14.0,14,167.490078
24.0,24,167.515041
17.0,17,167.537435
14.0,14,167.557639
15.0,15,167.57078
20.0,20,167.596018
22.0,22,167.623894
15.0,15,167.651348
15.0,15,167.666346
45.0,45,167.722328
12.0,12,167.737202
26.0,26,167.77459
11.0,11,167.788499
12.0,12,167.803276
16.0,16,167.823631
13.0,13,167.840375
11.0,11,167.858232
11.0,11,167.87123
14.0,14,167.885894
22.0,22,167.917086
23.0,23,167.939276
15.0,15,167.961147
23.0,23,167.990146
15.0,15,168.012471
18.0,18,168.03168
15.0,15,168.050152
19.0,19,168.077826
10.0,10,168.090849
32.0,32,168.124349
23.0,23,168.153421
22.0,22,168.179777
49.0,49,168.239153
11.0,11,168.24789
26.0,26,168.282962
16.0,16,168.302098
16.0,16,168.322717
12.0,12,168.333153
21.0,21,168.352137
17.0,17,168.374225
20.0,20,168.401327
12.0,12,168.41661
62.0,62,168.488519
12.0,12,168.50477
14.0,14,168.521946
14.0,14,168.540467
9.0,9,168.551036
15.0,15,168.569901
12.0,12,168.59217
17.0,17,168.610443
11.0,11,168.624801
36.0,36,168.669699
24.0,24,168.704062
22.0,22,168.726218
23.0,23,168.753195
20.0,20,168.775702
12.0,12,168.796223
17.0,17,168.81469
17.0,17,168.83638
13.0,13,168.850741
30.0,30,168.887101
17.0,17,168.911958
12.0,12,168.926719
15.0,15,168.940626
22.0,22,168.971163
16.0,16,168.988714
9.0,9,169.001884
32.0,32,169.038155
20.0,20,169.063353
11.0,11,169.078377
27.0,27,169.116245
38.0,38,169.157816
15.0,15,169.179234
16.0,16,169.198994
21.0,21,169.227081
23.0,23,169.255445
14.0,14,169.270884
25.0,25,169.302227
14.0,14,169.321084
13.0,13,169.335953
17.0,17,169.360714
20.0,20,169.384955
15.0,15,169.400957
21.0,21,169.430563
16.0,16,169.446888
26.0,26,169.469059
25.0,25,169.491142
24.0,24,169.512458
12.0,12,169.530039
22.0,22,169.551825
17.0,17,169.567004
21.0,21,169.584608
17.0,17,169.604631
17.0,17,169.623981
18.0,18,169.639354
12.0,12,169.650546
16.0,16,169.667618
23.0,23,169.688423
16.0,16,169.703036
25.0,25,169.722349
17.0,17,169.746763
16.0,16,169.761827
11.0,11,169.771495
21.0,21,169.79531
33.0,33,169.829201
11.0,11,169.845773
24.0,24,169.868907
18.0,18,169.885197
18.0,18,169.90885
36.0,36,169.950119
23.0,23,169.972291
23.0,23,169.996625
13.0,13,170.013284
14.0,14,170.025362
21.0,21,170.051359
15.0,15,170.066075
25.0,25,170.094623
11.0,11,170.10611
12.0,12,170.119402
31.0,31,170.155062
32.0,32,170.189407
33.0,33,170.221293
12.0,12,170.231899
11.0,11,170.243385
12.0,12,170.262237
9.0,9,170.26949
24.0,24,170.291926
24.0,24,170.315141
16.0,16,170.331251
23.0,23,170.361339
14.0,14,170.370444
24.0,24,170.395511
53.0,53,170.450311
15.0,15,170.471055
27.0,27,170.499296
35.0,35,170.534647
10.0,10,170.546547
11.0,11,170.558047
16.0,16,170.576416
19.0,19,170.599899
12.0,12,170.618474
17.0,17,170.636656
18.0,18,170.657715
9.0,9,170.677588
12.0,12,170.696389
28.0,28,170.728301
18.0,18,170.748037
9.0,9,170.75784
19.0,19,170.809652
18.0,18,170.829741
19.0,19,170.844137
18.0,18,170.86297
18.0,18,170.887914
21.0,21,170.911528
16.0,16,170.927817
21.0,21,170.95315
20.0,20,170.974926
11.0,11,170.985806
24.0,24,171.007969
15.0,15,171.019288
14.0,14,171.03879
28.0,28,171.064142
16.0,16,171.084732
33.0,33,171.11277
11.0,11,171.127782
15.0,15,171.145654
13.0,13,171.157892
44.0,44,171.203719
11.0,11,171.220271
11.0,11,171.227085
19.0,19,171.244092
16.0,16,171.260273
11.0,11,171.276453
19.0,19,171.303495
13.0,13,171.315482
13.0,13,171.330046
21.0,21,171.349694
12.0,12,171.357604
12.0,12,171.369482
21.0,21,171.3908
42.0,42,171.444489
18.0,18,171.467834
18.0,18,171.482253
11.0,11,171.491261
10.0,10,171.506129
13.0,13,171.520721
21.0,21,171.543217
24.0,24,171.567243
11.0,11,171.582961
69.0,69,171.657405
15.0,15,171.671573
17.0,17,171.686793
11.0,11,171.701653
45.0,45,171.748291
35.0,35,171.783836
13.0,13,171.793326
13.0,13,171.811491
16.0,16,171.829615
18.0,18,171.848617
13.0,13,171.860584
11.0,11,171.876718
11.0,11,171.883631
19.0,19,171.903189
17.0,17,171.917902
11.0,11,171.935888
10.0,10,171.947846
10.0,10,171.95622
16.0,16,171.972907
26.0,26,172.003973
17.0,17,172.020298
32.0,32,172.057737
16.0,16,172.076673
21.0,21,172.102751
23.0,23,172.125684
23.0,23,172.153923
14.0,14,172.167722
19.0,19,172.190559
15.0,15,172.204503
36.0,36,172.247155
24.0,24,172.268421
18.0,18,172.285822
21.0,21,172.304673
11.0,11,172.3151
11.0,11,172.325697
13.0,13,172.342484
14.0,14,172.35539
14.0,14,172.367067
12.0,12,172.378555
15.0,15,172.397113
15.0,15,172.414635
15.0,15,172.427455
15.0,15,172.445301
17.0,17,172.462805
34.0,34,172.496749
18.0,18,172.511895
14.0,14,172.525112
25.0,25,172.553291
20.0,20,172.57113
10.0,10,172.58203
12.0,12,172.593344
16.0,16,172.611472
10.0,10,172.620559
10.0,10,172.629117
19.0,19,172.647906
22.0,22,172.670942
9.0,9,172.678975
23.0,23,172.70079
23.0,23,172.72696
13.0,13,172.742261
12.0,12,172.756197
19.0,19,172.778144
16.0,16,172.795006
13.0,13,172.814157
14.0,14,172.826006
22.0,22,172.85269
10.0,10,172.86291
13.0,13,172.883563
11.0,11,172.891648
13.0,13,172.905373
16.0,16,172.920099
18.0,18,172.935801
15.0,15,172.950764
80.0,80,173.034896
35.0,35,173.074462
12.0,12,173.088742
15.0,15,173.101209
17.0,17,173.11962
9.0,9,173.126741
12.0,12,173.141302
42.0,42,173.179953
20.0,20,173.198224
18.0,18,173.215311
42.0,42,173.255436
29.0,29,173.289233
13.0,13,173.300519
13.0,13,173.311763
18.0,18,173.330611
16.0,16,173.347281
11.0,11,173.356104
13.0,13,173.371895
17.0,17,173.399095
21.0,21,173.418856
10.0,10,173.438134
12.0,12,173.453985
33.0,33,173.490875
12.0,12,173.505002
15.0,15,173.524888
12.0,12,173.53574
11.0,11,173.546231
18.0,18,173.566265
41.0,41,173.60979
20.0,20,173.628888
48.0,48,173.679294
20.0,20,173.710134
22.0,22,173.733452
20.0,20,173.749826
17.0,17,173.770239
21.0,21,173.795358
17.0,17,173.812485
31.0,31,173.846638
23.0,23,173.870871
19.0,19,173.89661
15.0,15,173.909548
40.0,40,173.950929
13.0,13,173.970526
23.0,23,173.988829
9.0,9,174.008195
15.0,15,174.02579
14.0,14,174.047235
13.0,13,174.061544
14.0,14,174.07758
12.0,12,174.098293
18.0,18,174.117555
18.0,18,174.137537
15.0,15,174.149108
13.0,13,174.161822
23.0,23,174.1868
11.0,11,174.203654
10.0,10,174.21614
24.0,24,174.241471
25.0,25,174.269124
18.0,18,174.283581
15.0,15,174.297445
11.0,11,174.312495
24.0,24,174.343743
40.0,40,174.385094
10.0,10,174.393541
20.0,20,174.416599
14.0,14,174.436628
11.0,11,174.448808
11.0,11,174.458003
17.0,17,174.477395
33.0,33,174.519749
18.0,18,174.537445
21.0,21,174.560688
15.0,15,174.572521
14.0,14,174.591929
27.0,27,174.625173
21.0,21,174.646886
18.0,18,174.662707
33.0,33,174.94993
15.0,15,174.965557
22.0,22,174.986829
13.0,13,174.999299
19.0,19,175.022265
20.0,20,175.047455
15.0,15,175.065043
15.0,15,175.077092
12.0,12,175.093992
12.0,12,175.103512
14.0,14,175.117614
19.0,19,175.140348
13.0,13,175.153764
10.0,10,175.162442
19.0,19,175.180456
22.0,22,175.200334
27.0,27,175.225471
19.0,19,175.246339
17.0,17,175.262058
10.0,10,175.275856
14.0,14,175.293552
11.0,11,175.307334
20.0,20,175.325531
19.0,19,175.346339
15.0,15,175.369456
9.0,9,175.37938
22.0,22,175.401572
16.0,16,175.418849
12.0,12,175.437475
12.0,12,175.452533
56.0,56,175.512645
12.0,12,175.524761
19.0,19,175.55233
38.0,38,175.593105
15.0,15,175.606817
15.0,15,175.625217
15.0,15,175.647406
16.0,16,175.663584
10.0,10,175.672132
13.0,13,175.688504
14.0,14,175.705295
15.0,15,175.72384
15.0,15,175.739757
15.0,15,175.75539
9.0,9,175.769775
18.0,18,175.786108
17.0,17,175.800445
14.0,14,175.816187
14.0,14,175.831358
16.0,16,175.847196
11.0,11,175.863846
25.0,25,175.89164
19.0,19,175.910709
16.0,16,175.922867
21.0,21,175.945823
17.0,17,175.972456
13.0,13,175.990673
30.0,30,176.02173
16.0,16,176.044105
11.0,11,176.058159
13.0,13,176.07973
14.0,14,176.098799
10.0,10,176.109088
11.0,11,176.123609
12.0,12,176.140179
32.0,32,176.183664
22.0,22,176.212477
17.0,17,176.234299
15.0,15,176.256088
15.0,15,176.273154
15.0,15,176.290904
16.0,16,176.312463
11.0,11,176.331805
9.0,9,176.341595
23.0,23,176.375525
22.0,22,176.398682
13.0,13,176.419396
10.0,10,176.428244
12.0,12,176.442007
14.0,14,176.461758
19.0,19,176.485084
13.0,13,176.504473
14.0,14,176.517172
22.0,22,176.545677
12.0,12,176.566203
18.0,18,176.589024
21.0,21,176.612591
8.0,8,176.622433
73.0,73,176.714664
42.0,42,176.766461
13.0,13,176.781613
20.0,20,176.809341
11.0,11,176.827314
17.0,17,176.848112
15.0,15,176.868109
11.0,11,176.882267
15.0,15,176.905472
27.0,27,176.934579
16.0,16,176.951976
57.0,57,177.020595
16.0,16,177.039091
12.0,12,177.05165
38.0,38,177.099962
14.0,14,177.119281
17.0,17,177.144322
11.0,11,177.159637
10.0,10,177.169812
9.0,9,177.178221
12.0,12,177.193947
14.0,14,177.212948
28.0,28,177.243912
9.0,9,177.252981
19.0,19,177.275003
12.0,12,177.28737
18.0,18,177.309981
23.0,23,177.335917
22.0,22,177.361829
22.0,22,177.379821
9.0,9,177.387603
13.0,13,177.399863
11.0,11,177.41356
16.0,16,177.427139
14.0,14,177.442209
15.0,15,177.458415
25.0,25,177.486276
18.0,18,177.503458
24.0,24,177.528044
13.0,13,177.540067
22.0,22,177.559002
13.0,13,177.569918
11.0,11,177.581328
13.0,13,177.591205
25.0,25,177.620027
19.0,19,177.639947
28.0,28,177.673134
16.0,16,177.687957
15.0,15,177.707345
15.0,15,177.7295
18.0,18,177.746695
11.0,11,177.757488
12.0,12,177.772595
11.0,11,177.787304
23.0,23,177.81298
28.0,28,177.840411
13.0,13,177.85506
74.0,74,177.936276
13.0,13,177.952155
16.0,16,177.969695
25.0,25,177.994344
30.0,30,178.025136
18.0,18,178.044592
19.0,19,178.064344
20.0,20,178.084687
16.0,16,178.09991
15.0,15,178.111815
42.0,42,178.156035
11.0,11,178.169246
68.0,68,178.237313
16.0,16,178.252978
20.0,20,178.271447
15.0,15,178.287365
40.0,40,178.337348
13.0,13,178.354422
20.0,20,178.374183
19.0,19,178.398647
19.0,19,178.416635
11.0,11,178.428134
20.0,20,178.454141
10.0,10,178.466656
31.0,31,178.498796
11.0,11,178.509242
13.0,13,178.5233
22.0,22,178.550202
21.0,21,178.568964
11.0,11,178.579499
25.0,25,178.602822
38.0,38,178.649842
8.0,8,178.659909
18.0,18,178.6809
78.0,78,178.760643
10.0,10,178.777915
20.0,20,178.79688
12.0,12,178.80939
22.0,22,178.829671
9.0,9,178.843289
16.0,16,178.861461
19.0,19,178.879596
15.0,15,178.896169
14.0,14,178.914462
17.0,17,178.931141
19.0,19,178.95718
20.0,20,178.981626
11.0,11,178.994451
12.0,12,179.009856
16.0,16,179.028983
11.0,11,179.042639
39.0,39,179.090778
17.0,17,179.110443
29.0,29,179.142565
35.0,35,179.172733
10.0,10,179.183428
12.0,12,179.192569
13.0,13,179.204156
12.0,12,179.21629
15.0,15,179.233911
51.0,51,179.281859
11.0,11,179.294146
18.0,18,179.314724
10.0,10,179.325935
12.0,12,179.337555
9.0,9,179.345646
30.0,30,179.37695
53.0,53,179.426676
9.0,9,179.436092
21.0,21,179.4587
13.0,13,179.475011
23.0,23,179.499176
21.0,21,179.519302
36.0,36,179.551553
11.0,11,179.563957
28.0,28,179.607677
10.0,10,179.616468
15.0,15,179.630765
14.0,14,179.642694
17.0,17,179.663693
33.0,33,179.700578
33.0,33,179.738339
8.0,8,179.748989
12.0,12,179.76976
17.0,17,179.787728
19.0,19,179.807515
11.0,11,179.819419
12.0,12,179.836806
40.0,40,179.883921
14.0,14,179.897898
11.0,11,179.909388
23.0,23,179.93539
57.0,57,179.992095
11.0,11,180.003698
11.0,11,180.017803
10.0,10,180.028849
21.0,21,180.050305
12.0,12,180.06064
15.0,15,180.074682
14.0,14,180.097367
19.0,19,180.114784
14.0,14,180.131116
13.0,13,180.143628
19.0,19,180.163388
12.0,12,180.174741
17.0,17,180.193674
14.0,14,180.205708
21.0,21,180.229088
12.0,12,180.244803
18.0,18,180.266672
14.0,14,180.28415
22.0,22,180.311302
23.0,23,180.337017
12.0,12,180.352034
27.0,27,180.384144
20.0,20,180.414557
17.0,17,180.43333
15.0,15,180.44764
16.0,16,180.462629
18.0,18,180.481113
12.0,12,180.49285
46.0,46,180.540135
26.0,26,180.564776
22.0,22,180.592463
17.0,17,180.612826
11.0,11,180.624434
14.0,14,180.634667
23.0,23,180.66236
16.0,16,180.679165
16.0,16,180.695461
17.0,17,180.71355
49.0,49,180.768032
40.0,40,180.812619
28.0,28,180.839948
13.0,13,180.85288
13.0,13,180.867796
14.0,14,180.883776
19.0,19,180.902526
14.0,14,180.92259
13.0,13,180.942343
17.0,17,180.961999
46.0,46,181.008645
51.0,51,181.065772
12.0,12,181.082851
11.0,11,181.093841
14.0,14,181.109505
49.0,49,181.16141
9.0,9,181.172471
16.0,16,181.190201
14.0,14,181.205266
14.0,14,181.217833
14.0,14,181.241099
14.0,14,181.253335
13.0,13,181.2686
15.0,15,181.280116
39.0,39,181.324524
60.0,60,181.390747
10.0,10,181.401546
16.0,16,181.417951
16.0,16,181.442165
12.0,12,181.455338
15.0,15,181.468493
18.0,18,181.488097
13.0,13,181.50371
15.0,15,181.519074
17.0,17,181.534079
45.0,45,181.586027
10.0,10,181.603832
38.0,38,181.649077
22.0,22,181.674935
18.0,18,181.691065
15.0,15,181.713687
15.0,15,181.728101
25.0,25,181.756148
11.0,11,181.767774
18.0,18,181.788561
10.0,10,181.796438
21.0,21,181.80946
11.0,11,181.819234
20.0,20,181.843575
13.0,13,181.860607
20.0,20,181.879864
19.0,19,181.897701
20.0,20,181.920237
69.0,69,181.994383
13.0,13,182.005152
13.0,13,182.019722
13.0,13,182.035723
13.0,13,182.048117
15.0,15,182.067165
21.0,21,182.085972
15.0,15,182.106709
12.0,12,182.118959
16.0,16,182.136886
9.0,9,182.144516
9.0,9,182.154941
10.0,10,182.17116
16.0,16,182.19026
16.0,16,182.205885
24.0,24,182.231313
18.0,18,182.247955
18.0,18,182.272839
37.0,37,182.315478
11.0,11,182.332314
22.0,22,182.35651
20.0,20,182.384181
37.0,37,182.435444
12.0,12,182.4515
19.0,19,182.473049
17.0,17,182.494949
13.0,13,182.510274
15.0,15,182.53436
23.0,23,182.559694
11.0,11,182.574336
32.0,32,182.613246
20.0,20,182.640487
62.0,62,182.72182
13.0,13,182.738017
20.0,20,182.763455
38.0,38,182.816396
11.0,11,182.830825
14.0,14,182.848411
23.0,23,182.872882
10.0,10,182.892932
13.0,13,182.906963
10.0,10,182.920981
10.0,10,182.934302
15.0,15,182.95715
11.0,11,182.972272
37.0,37,183.022287
11.0,11,183.037204
12.0,12,183.057606
12.0,12,183.071918
19.0,19,183.095849
19.0,19,183.118967
20.0,20,183.147146
20.0,20,183.169974
10.0,10,183.184427
21.0,21,183.211357
18.0,18,183.233246
20.0,20,183.256943
27.0,27,183.294728
13.0,13,183.312748
30.0,30,183.353251
13.0,13,183.366485
26.0,26,183.392961
28.0,28,183.430248
17.0,17,183.450643
11.0,11,183.464854
16.0,16,183.485308
13.0,13,183.499183
19.0,19,183.52546
11.0,11,183.534507
20.0,20,183.556424
28.0,28,183.584686
10.0,10,183.601239
14.0,14,183.618352
13.0,13,183.634522
25.0,25,183.659845
20.0,20,183.68523
21.0,21,183.705023
11.0,11,183.720443
20.0,20,183.740669
11.0,11,183.757108
12.0,12,183.769479
15.0,15,183.782671
22.0,22,183.804237
27.0,27,183.838224
11.0,11,183.846351
14.0,14,183.860464
18.0,18,183.875033
10.0,10,183.887843
17.0,17,183.903002
14.0,14,183.917116
11.0,11,183.930808
15.0,15,183.948093
15.0,15,183.962113
11.0,11,183.975764
19.0,19,183.99647
13.0,13,184.018157
11.0,11,184.033411
14.0,14,184.049155
13.0,13,184.060663
38.0,38,184.106476
12.0,12,184.119348
15.0,15,184.13595
14.0,14,184.154377
18.0,18,184.173496
11.0,11,184.183646
10.0,10,184.195843
12.0,12,184.206982
13.0,13,184.221722
96.0,96,184.317889
28.0,28,184.352092
11.0,11,184.362414
38.0,38,184.404596
13.0,13,184.416563
15.0,15,184.433372
22.0,22,184.459524
18.0,18,184.477454
27.0,27,184.502488
19.0,19,184.522288
15.0,15,184.535163
20.0,20,184.559617
13.0,13,184.574196
12.0,12,184.585336
64.0,64,184.662632
11.0,11,184.676181
17.0,17,184.697361
19.0,19,184.714352
13.0,13,184.731439
15.0,15,184.747074
16.0,16,184.770733
10.0,10,184.78158
22.0,22,184.804053
12.0,12,184.818852
8.0,8,184.82687
16.0,16,184.843238
12.0,12,184.858249
21.0,21,184.885855
16.0,16,184.902029
63.0,63,184.955036
18.0,18,184.979792
14.0,14,184.997775
9.0,9,185.009173
16.0,16,185.025577
15.0,15,185.037563
26.0,26,185.072095
16.0,16,185.089547
13.0,13,185.10204
13.0,13,185.115362
12.0,12,185.133151
12.0,12,185.144111
21.0,21,185.166204
12.0,12,185.18227
12.0,12,185.197135
17.0,17,185.213708
12.0,12,185.224233
13.0,13,185.233418
11.0,11,185.250259
19.0,19,185.269909
10.0,10,185.282305
37.0,37,185.32643
28.0,28,185.358902
12.0,12,185.372012
21.0,21,185.403126
9.0,9,185.413694
23.0,23,185.438551
18.0,18,185.456536
16.0,16,185.478916
15.0,15,185.498388
14.0,14,185.513305
57.0,57,185.57306
18.0,18,185.592854
23.0,23,185.616613
13.0,13,185.633168
21.0,21,185.654228
10.0,10,185.668345
13.0,13,185.677389
17.0,17,185.700841
15.0,15,185.715703
13.0,13,185.725679
11.0,11,185.735291
10.0,10,185.74817
14.0,14,185.759574
12.0,12,185.771171
9.0,9,185.780362
16.0,16,185.802283
12.0,12,185.810909
21.0,21,185.833706
17.0,17,185.850212
25.0,25,185.877645
26.0,26,185.909052
24.0,24,185.929167
13.0,13,185.937917
15.0,15,185.95573
13.0,13,185.966961
11.0,11,185.981083
44.0,44,186.032556
14.0,14,186.047409
24.0,24,186.078013
13.0,13,186.089997
31.0,31,186.127318
12.0,12,186.145682
14.0,14,186.161651
14.0,14,186.174656
14.0,14,186.189327
17.0,17,186.212164
16.0,16,186.468393
42.0,42,186.511992
18.0,18,186.535147
21.0,21,186.557101
12.0,12,186.568525
19.0,19,186.587749
22.0,22,186.605728
23.0,23,186.635949
16.0,16,186.655826
14.0,14,186.675618
12.0,12,186.687882
12.0,12,186.70355
13.0,13,186.71669
15.0,15,186.737346
56.0,56,186.79398
17.0,17,186.816865
14.0,14,186.827715
23.0,23,186.853799
20.0,20,186.873341
24.0,24,186.900267
14.0,14,186.917172
13.0,13,186.930686
11.0,11,186.946962
22.0,22,186.971306
19.0,19,186.99288
10.0,10,187.000144
26.0,26,187.026508
15.0,15,187.04776
15.0,15,187.059124
10.0,10,187.070405
15.0,15,187.084794
17.0,17,187.105988
18.0,18,187.123017
20.0,20,187.146976
17.0,17,187.164123
20.0,20,187.186999
18.0,18,187.202116
14.0,14,187.219311
19.0,19,187.239285
93.0,93,187.359668
12.0,12,187.373139
13.0,13,187.386862
16.0,16,187.406287
11.0,11,187.420488
14.0,14,187.433748
19.0,19,187.454756
19.0,19,187.479119
14.0,14,187.494077
17.0,17,187.50734
21.0,21,187.523544
18.0,18,187.53433
18.0,18,187.556602
24.0,24,187.586849
41.0,41,187.628355
10.0,10,187.636297
10.0,10,187.656344
15.0,15,187.676432
26.0,26,187.698863
15.0,15,187.71397
18.0,18,187.733499
16.0,16,187.749808
16.0,16,187.764252
11.0,11,187.780269
11.0,11,187.793511
24.0,24,187.816163
17.0,17,187.831057
10.0,10,187.842153
13.0,13,187.857463
12.0,12,187.8719
14.0,14,187.883473
14.0,14,187.897141
25.0,25,187.925527
17.0,17,187.942068
22.0,22,187.96887
32.0,32,188.003353
24.0,24,188.033167
23.0,23,188.060268
20.0,20,188.083536
12.0,12,188.097634
13.0,13,188.116359
34.0,34,188.151507
11.0,11,188.163929
12.0,12,188.175567
12.0,12,188.191131
14.0,14,188.205855
20.0,20,188.227594
13.0,13,188.240115
12.0,12,188.25581
19.0,19,188.277787
16.0,16,188.297047
26.0,26,188.317452
15.0,15,188.334399
27.0,27,188.358525
10.0,10,188.367327
11.0,11,188.377545
10.0,10,188.392277
46.0,46,188.434038
14.0,14,188.449284
10.0,10,188.460399
14.0,14,188.47686
24.0,24,188.50559
15.0,15,188.521028
10.0,10,188.538151
17.0,17,188.557267
12.0,12,188.567863
19.0,19,188.586684
37.0,37,188.63519
13.0,13,188.653973
21.0,21,188.67944
10.0,10,188.694269
17.0,17,188.719498
37.0,37,188.763622
18.0,18,188.786886
9.0,9,188.79636
16.0,16,188.818015
23.0,23,188.850726
20.0,20,188.874246
19.0,19,188.900876
22.0,22,188.928503
34.0,34,188.976298
16.0,16,188.997899
12.0,12,189.017449
14.0,14,189.03457
9.0,9,189.048614
11.0,11,189.063915
11.0,11,189.078299
12.0,12,189.094734
15.0,15,189.122538
12.0,12,189.140389
11.0,11,189.151356
24.0,24,189.180702
12.0,12,189.19746
14.0,14,189.219951
15.0,15,189.240481
44.0,44,189.298117
31.0,31,189.343148
25.0,25,189.376887
18.0,18,189.397602
12.0,12,189.411788
24.0,24,189.447017
21.0,21,189.470003
14.0,14,189.487861
19.0,19,189.508808
14.0,14,189.530109
18.0,18,189.55091
28.0,28,189.58887
29.0,29,189.621811
12.0,12,189.645409
19.0,19,189.671253
19.0,19,189.693628
19.0,19,189.714781
11.0,11,189.736393
21.0,21,189.75915
13.0,13,189.771409
14.0,14,189.787715
10.0,10,189.805253
13.0,13,189.819066
9.0,9,189.828967
16.0,16,189.849713
18.0,18,189.872908
18.0,18,189.891039
18.0,18,189.906515
13.0,13,189.921562
28.0,28,189.952334
19.0,19,189.969904
31.0,31,189.99838
15.0,15,190.01469
15.0,15,190.030736
14.0,14,190.0485
18.0,18,190.06522
25.0,25,190.087127
16.0,16,190.103895
11.0,11,190.114534
31.0,31,190.14303
36.0,36,190.182429
17.0,17,190.203698
14.0,14,190.214794
39.0,39,190.255511
16.0,16,190.271959
19.0,19,190.292866
30.0,30,190.320253
14.0,14,190.335596
19.0,19,190.359169
12.0,12,190.377568
15.0,15,190.395957
19.0,19,190.41903
22.0,22,190.44178
16.0,16,190.46508
39.0,39,190.510464
19.0,19,190.532629
12.0,12,190.54403
16.0,16,190.567046
16.0,16,190.583491
11.0,11,190.595579
16.0,16,190.613729
12.0,12,190.629111
12.0,12,190.640678
10.0,10,190.649902
20.0,20,190.675794
14.0,14,190.697704
12.0,12,190.71364
22.0,22,190.732888
14.0,14,190.748216
18.0,18,190.771533
15.0,15,190.78802
15.0,15,190.800397
12.0,12,190.808702
12.0,12,190.82102
12.0,12,190.83265
19.0,19,190.847918
18.0,18,190.864578
16.0,16,190.883341
55.0,55,190.931859
21.0,21,190.950159
28.0,28,190.977436
20.0,20,191.007361
11.0,11,191.022566
11.0,11,191.033714
13.0,13,191.052183
22.0,22,191.07629
23.0,23,191.105283
12.0,12,191.117504
33.0,33,191.153257
18.0,18,191.189211
16.0,16,191.2094
23.0,23,191.227939
60.0,60,191.290915
16.0,16,191.312069
17.0,17,191.334581
16.0,16,191.349249
14.0,14,191.364211
10.0,10,191.37935
11.0,11,191.391713
12.0,12,191.404262
16.0,16,191.419519
29.0,29,191.45672
11.0,11,191.466019
61.0,61,191.532259
14.0,14,191.544567
17.0,17,191.565299
12.0,12,191.579454
13.0,13,191.600323
19.0,19,191.614249
11.0,11,191.629677
23.0,23,191.656878
25.0,25,191.689131
15.0,15,191.712183
16.0,16,191.739211
60.0,60,191.805126
11.0,11,191.820231
10.0,10,191.830473
14.0,14,191.848579
17.0,17,191.865785
13.0,13,191.876594
12.0,12,191.888609
20.0,20,191.917033
35.0,35,191.950704
15.0,15,191.967621
14.0,14,191.979843
15.0,15,192.002827
15.0,15,192.021952
15.0,15,192.034587
27.0,27,192.061631
38.0,38,192.104836
9.0,9,192.115878
20.0,20,192.136013
19.0,19,192.157486
14.0,14,192.174426
11.0,11,192.1879
87.0,87,192.290582
37.0,37,192.332128
11.0,11,192.350217
11.0,11,192.359885
17.0,17,192.379311
12.0,12,192.392715
12.0,12,192.411104
17.0,17,192.434241
18.0,18,192.454113
66.0,66,192.534067
14.0,14,192.548397
17.0,17,192.566435
18.0,18,192.582699
15.0,15,192.60041
14.0,14,192.616516
10.0,10,192.636344
14.0,14,192.652521
14.0,14,192.670802
15.0,15,192.690415
13.0,13,192.703007
13.0,13,192.714388
17.0,17,192.731641
26.0,26,192.767001
27.0,27,192.796565
10.0,10,192.805449
17.0,17,192.823541
14.0,14,192.846774
16.0,16,192.862244
10.0,10,192.871561
22.0,22,192.897214
19.0,19,192.921046
14.0,14,192.935783
12.0,12,192.953632
16.0,16,192.971788
22.0,22,193.007069
61.0,61,193.079816
25.0,25,193.107497
19.0,19,193.131949
31.0,31,193.169061
11.0,11,193.179062
16.0,16,193.193955
40.0,40,193.233089
17.0,17,193.260268
13.0,13,193.275064
9.0,9,193.283037
17.0,17,193.298471
24.0,24,193.331371
22.0,22,193.355112
12.0,12,193.373732
16.0,16,193.391242
17.0,17,193.412847
15.0,15,193.428978
22.0,22,193.451125
26.0,26,193.478623
10.0,10,193.49009
16.0,16,193.505823
23.0,23,193.523784
102.0,102,193.636706
21.0,21,193.660381
25.0,25,193.69078
31.0,31,193.724331
17.0,17,193.73858
30.0,30,193.783514
22.0,22,193.806223
48.0,48,193.851443
21.0,21,193.872286
15.0,15,193.898188
12.0,12,193.911987
28.0,28,193.939727
12.0,12,193.951289
16.0,16,193.968076
11.0,11,193.9793
16.0,16,194.000413
26.0,26,194.027223
13.0,13,194.045727
33.0,33,194.07525
13.0,13,194.09155
13.0,13,194.103045
13.0,13,194.121738
22.0,22,194.142906
10.0,10,194.155318
13.0,13,194.168159
68.0,68,194.244074
15.0,15,194.263845
15.0,15,194.279718
12.0,12,194.295671
15.0,15,194.318091
8.0,8,194.326176
20.0,20,194.34436
28.0,28,194.368228
12.0,12,194.382566
20.0,20,194.408356
14.0,14,194.427146
24.0,24,194.449621
25.0,25,194.4756
21.0,21,194.491861
13.0,13,194.504879
14.0,14,194.515712
26.0,26,194.53883
10.0,10,194.550114
9.0,9,194.556453
12.0,12,194.566705
21.0,21,194.588548
14.0,14,194.600914
21.0,21,194.631539
18.0,18,194.649986
16.0,16,194.665841
16.0,16,194.681485
17.0,17,194.695758
11.0,11,194.713364
23.0,23,194.739527
24.0,24,194.765674
36.0,36,194.802723
20.0,20,194.828429
13.0,13,194.849644
15.0,15,194.863392
19.0,19,194.884455
16.0,16,194.899146
18.0,18,194.926978
19.0,19,194.950415
10.0,10,194.962312
40.0,40,195.011986
16.0,16,195.037478
13.0,13,195.053558
24.0,24,195.082656
24.0,24,195.113111
15.0,15,195.138453
14.0,14,195.15347
10.0,10,195.168017
11.0,11,195.180935
16.0,16,195.202491
11.0,11,195.212618
19.0,19,195.240483
41.0,41,195.295069
21.0,21,195.333428
16.0,16,195.355262
13.0,13,195.36903
58.0,58,195.442262
15.0,15,195.468364
26.0,26,195.505853
22.0,22,195.532528
14.0,14,195.557018
13.0,13,195.578146
76.0,76,195.684213
17.0,17,195.705276
59.0,59,195.788976
14.0,14,195.808801
16.0,16,195.828568
11.0,11,195.841525
14.0,14,195.867401
24.0,24,195.902043
18.0,18,195.921421
18.0,18,195.94764
15.0,15,195.969426
14.0,14,195.994449
13.0,13,196.007729
15.0,15,196.029459
36.0,36,196.072657
11.0,11,196.091698
24.0,24,196.119314
27.0,27,196.149333
14.0,14,196.170034
21.0,21,196.195037
13.0,13,196.206796
12.0,12,196.218024
23.0,23,196.24268
34.0,34,196.286313
15.0,15,196.300417
10.0,10,196.31221
16.0,16,196.329271
14.0,14,196.347487
22.0,22,196.374526
30.0,30,196.406297
20.0,20,196.426652
21.0,21,196.454289
13.0,13,196.467257
17.0,17,196.488792
14.0,14,196.506361
19.0,19,196.527042
39.0,39,196.567483
21.0,21,196.591672
23.0,23,196.615558
17.0,17,196.637145
17.0,17,196.659242
33.0,33,196.702513
31.0,31,196.739447
16.0,16,196.76001
13.0,13,196.77616
27.0,27,196.808959
17.0,17,196.827996
44.0,44,196.883211
21.0,21,196.906904
22.0,22,196.931958
20.0,20,196.946467
16.0,16,196.961401
24.0,24,196.984002
24.0,24,197.028763
34.0,34,197.059765
14.0,14,197.074033
9.0,9,197.08149
13.0,13,197.097176
16.0,16,197.112392
20.0,20,197.134637
18.0,18,197.15332
24.0,24,197.175492
12.0,12,197.187434
16.0,16,197.208383
12.0,12,197.21979
16.0,16,197.235105
13.0,13,197.24657
13.0,13,197.264416
11.0,11,197.274763
12.0,12,197.287496
13.0,13,197.297848
19.0,19,197.326236
16.0,16,197.346241
19.0,19,197.366895
13.0,13,197.381395
17.0,17,197.402129
18.0,18,197.430485
13.0,13,197.4433
12.0,12,197.455509
14.0,14,197.47314
14.0,14,197.488479
15.0,15,197.503142
14.0,14,197.519093
16.0,16,197.536909
10.0,10,197.548149
12.0,12,197.560115
16.0,16,197.573992
48.0,48,197.618695
15.0,15,197.632103
13.0,13,197.644344
8.0,8,197.651963
16.0,16,197.67381
20.0,20,197.691361
18.0,18,197.708545
14.0,14,197.725375
18.0,18,197.741997
23.0,23,197.76428
101.0,101,197.862711
16.0,16,197.876867
13.0,13,197.889201
17.0,17,197.907476
31.0,31,197.9344
14.0,14,197.955314
14.0,14,197.97289
16.0,16,198.200392
21.0,21,198.231138
10.0,10,198.241011
18.0,18,198.264988
17.0,17,198.283601
20.0,20,198.304936
25.0,25,198.336795
22.0,22,198.365379
14.0,14,198.378766
20.0,20,198.401413
9.0,9,198.411789
15.0,15,198.429502
14.0,14,198.452775
20.0,20,198.473805
18.0,18,198.494236
12.0,12,198.511963
14.0,14,198.52913
15.0,15,198.546487
67.0,67,198.62515
20.0,20,198.655591
17.0,17,198.673158
17.0,17,198.696263
14.0,14,198.708482
11.0,11,198.725972
25.0,25,198.762987
15.0,15,198.778255
16.0,16,198.794208
17.0,17,198.815251
17.0,17,198.831732
13.0,13,198.853756
24.0,24,198.878014
17.0,17,198.89913
14.0,14,198.9139
19.0,19,198.936694
17.0,17,198.9589
10.0,10,198.975175
12.0,12,198.989632
12.0,12,199.002298
22.0,22,199.026167
14.0,14,199.050014
25.0,25,199.079875
20.0,20,199.100274
10.0,10,199.112809
16.0,16,199.133358
24.0,24,199.158784
10.0,10,199.170773
12.0,12,199.18508
12.0,12,199.200755
19.0,19,199.22607
13.0,13,199.243044
12.0,12,199.256608
16.0,16,199.280709
46.0,46,199.331027
21.0,21,199.352961
21.0,21,199.380973
13.0,13,199.397526
17.0,17,199.416743
15.0,15,199.430461
19.0,19,199.451938
9.0,9,199.464307
54.0,54,199.53163
22.0,22,199.556695
20.0,20,199.576759
19.0,19,199.604659
22.0,22,199.628146
15.0,15,199.644512
28.0,28,199.67453
37.0,37,199.726279
10.0,10,199.735414
18.0,18,199.756739
14.0,14,199.769844
12.0,12,199.785702
112.0,112,199.898901
13.0,13,199.909302
12.0,12,199.918247
21.0,21,199.942244
22.0,22,199.958603
27.0,27,199.978486
17.0,17,199.990406
22.0,22,200.015163
13.0,13,200.024055
14.0,14,200.033494
17.0,17,200.04739
29.0,29,200.070777
45.0,45,200.108267
14.0,14,200.125036
12.0,12,200.134118
12.0,12,200.147017
13.0,13,200.155381
14.0,14,200.165298
12.0,12,200.175133
11.0,11,200.186933
26.0,26,200.211138
20.0,20,200.226312
20.0,20,200.243189
13.0,13,200.257712
14.0,14,200.269867
14.0,14,200.289134
14.0,14,200.302608
18.0,18,200.335921
16.0,16,200.353142
17.0,17,200.371126
27.0,27,200.400386
22.0,22,200.433107
12.0,12,200.444887
15.0,15,200.457598
31.0,31,200.481075
22.0,22,200.498621
21.0,21,200.525416
19.0,19,200.537943
14.0,14,200.556603
12.0,12,200.572575
11.0,11,200.584406
19.0,19,200.598485
14.0,14,200.608915
25.0,25,200.637505
14.0,14,200.652442
10.0,10,200.658068
25.0,25,200.678662
19.0,19,200.698107
28.0,28,200.729809
23.0,23,200.758562
40.0,40,200.796592
16.0,16,200.815531
24.0,24,200.8455
14.0,14,200.854353
62.0,62,200.916792
38.0,38,200.955159
15.0,15,200.969191
15.0,15,200.984903
16.0,16,201.000829
12.0,12,201.01493
13.0,13,201.026886
17.0,17,201.050515
14.0,14,201.071119
21.0,21,201.10456
20.0,20,201.127195
15.0,15,201.146817
10.0,10,201.156388
14.0,14,201.180645
18.0,18,201.201676
17.0,17,201.224449
24.0,24,201.255582
15.0,15,201.271974
10.0,10,201.286711
18.0,18,201.305831
13.0,13,201.324082
18.0,18,201.34707
13.0,13,201.361721
14.0,14,201.379186
33.0,33,201.426858
29.0,29,201.468556
20.0,20,201.495562
12.0,12,201.510491
9.0,9,201.5237
27.0,27,201.562093
17.0,17,201.588452
18.0,18,201.6078
22.0,22,201.634216
14.0,14,201.657648
15.0,15,201.677544
19.0,19,201.703061
24.0,24,201.728972
37.0,37,201.777208
13.0,13,201.791508
18.0,18,201.816023
28.0,28,201.85247
42.0,42,201.909814
15.0,15,201.928121
13.0,13,201.942895
16.0,16,201.961189
13.0,13,201.981386
20.0,20,202.004354
24.0,24,202.033462
33.0,33,202.080973
11.0,11,202.096565
26.0,26,202.131011
19.0,19,202.152471
10.0,10,202.162478
21.0,21,202.186724
20.0,20,202.204295
14.0,14,202.214013
16.0,16,202.22833
20.0,20,202.247659
13.0,13,202.256663
13.0,13,202.266705
11.0,11,202.284085
11.0,11,202.301128
21.0,21,202.320292
12.0,12,202.329974
10.0,10,202.341362
10.0,10,202.35341
18.0,18,202.372899
13.0,13,202.388094
20.0,20,202.403862
10.0,10,202.414058
18.0,18,202.431768
12.0,12,202.444114
11.0,11,202.452991
11.0,11,202.465994
10.0,10,202.487562
11.0,11,202.499789
115.0,115,202.615683
11.0,11,202.631459
20.0,20,202.65326
67.0,67,202.725725
9.0,9,202.732792
15.0,15,202.752842
12.0,12,202.764623
19.0,19,202.791511
17.0,17,202.814961
17.0,17,202.836939
25.0,25,202.863035
89.0,89,202.965569
18.0,18,202.982016
12.0,12,202.99782
18.0,18,203.023221
16.0,16,203.040236
16.0,16,203.055829
11.0,11,203.068083
20.0,20,203.088671
14.0,14,203.1057
37.0,37,203.148752
14.0,14,203.168739
101.0,101,203.267543
26.0,26,203.28688
16.0,16,203.299286
16.0,16,203.319343
39.0,39,203.360637
11.0,11,203.372715
28.0,28,203.399578
19.0,19,203.426395
14.0,14,203.443492
15.0,15,203.463123
31.0,31,203.498275
45.0,45,203.555259
16.0,16,203.57318
40.0,40,203.620208
13.0,13,203.634604
32.0,32,203.671188
18.0,18,203.689929
16.0,16,203.706038
12.0,12,203.718241
15.0,15,203.738467
18.0,18,203.762941
22.0,22,203.787499
10.0,10,203.798477
30.0,30,203.829329
17.0,17,203.85339
12.0,12,203.865049
13.0,13,203.878798
53.0,53,203.937678
20.0,20,203.963965
20.0,20,203.983514
14.0,14,203.99941
16.0,16,204.019506
18.0,18,204.037912
14.0,14,204.060469
10.0,10,204.071915
14.0,14,204.095778
12.0,12,204.107446
10.0,10,204.116474
11.0,11,204.128654
23.0,23,204.163181
14.0,14,204.176483
16.0,16,204.193118
13.0,13,204.207687
13.0,13,204.227604
53.0,53,204.28285
22.0,22,204.303701
21.0,21,204.324964
36.0,36,204.360652
16.0,16,204.376694
86.0,86,204.475948
13.0,13,204.4881
12.0,12,204.505158
11.0,11,204.517171
13.0,13,204.529057
47.0,47,204.585717
12.0,12,204.602818
16.0,16,204.61912
19.0,19,204.638999
31.0,31,204.677715
12.0,12,204.694677
11.0,11,204.703341
62.0,62,204.77645
12.0,12,204.794968
13.0,13,204.8109
39.0,39,204.855633
20.0,20,204.878872
16.0,16,204.89257
22.0,22,204.91626
12.0,12,204.928369
36.0,36,204.960937
18.0,18,204.987601
17.0,17,205.010057
14.0,14,205.028671
14.0,14,205.041104
15.0,15,205.05731
54.0,54,205.119001
15.0,15,205.135271
25.0,25,205.156882
38.0,38,205.19836
11.0,11,205.215152
9.0,9,205.22446
25.0,25,205.2505
11.0,11,205.262882
15.0,15,205.281996
12.0,12,205.299309
11.0,11,205.30658
17.0,17,205.32392
12.0,12,205.336887
40.0,40,205.375342
26.0,26,205.406788
14.0,14,205.42642
18.0,18,205.448593
18.0,18,205.470935
13.0,13,205.484792
18.0,18,205.501892
31.0,31,205.536379
33.0,33,205.568174
17.0,17,205.588816
10.0,10,205.600638
18.0,18,205.621571
45.0,45,205.671916
32.0,32,205.708607
22.0,22,205.729862
11.0,11,205.745507
52.0,52,205.795954
11.0,11,205.812145
25.0,25,205.835433
24.0,24,205.864757
72.0,72,205.956025
38.0,38,206.005684
30.0,30,206.042118
13.0,13,206.062809
28.0,28,206.09853
12.0,12,206.111626
42.0,42,206.156853
10.0,10,206.170032
12.0,12,206.182912
12.0,12,206.194884
26.0,26,206.226037
11.0,11,206.241179
16.0,16,206.261684
9.0,9,206.27096
20.0,20,206.290827
12.0,12,206.306831
14.0,14,206.323228
13.0,13,206.334952
14.0,14,206.344928
22.0,22,206.368385
16.0,16,206.385253
20.0,20,206.406071
22.0,22,206.428653
15.0,15,206.447136
12.0,12,206.460492
91.0,91,206.546691
24.0,24,206.571955
24.0,24,206.603235
11.0,11,206.614101
11.0,11,206.626975
13.0,13,206.643319
13.0,13,206.659579
17.0,17,206.683182
19.0,19,206.701952
18.0,18,206.718411
14.0,14,206.74236
17.0,17,206.762066
15.0,15,206.779636
55.0,55,206.828007
22.0,22,206.859434
16.0,16,206.873571
43.0,43,206.912317
14.0,14,206.925957
12.0,12,206.946638
11.0,11,206.957999
14.0,14,206.969731
15.0,15,206.985961
20.0,20,207.008707
20.0,20,207.028884
23.0,23,207.057812
11.0,11,207.070373
16.0,16,207.090885
14.0,14,207.103719
19.0,19,207.126105
15.0,15,207.143261
29.0,29,207.180053
11.0,11,207.193483
45.0,45,207.239692
15.0,15,207.262004
50.0,50,207.323444
12.0,12,207.337986
16.0,16,207.360641
74.0,74,207.449066
10.0,10,207.463367
16.0,16,207.476605
13.0,13,207.494402
41.0,41,207.550987
13.0,13,207.570803
42.0,42,207.618092
13.0,13,207.639504
22.0,22,207.667722
74.0,74,207.771029
17.0,17,207.792642
10.0,10,207.804734
9.0,9,207.819577
16.0,16,207.841673
19.0,19,207.862252
22.0,22,207.897309
16.0,16,207.913084
16.0,16,207.936127
23.0,23,207.962376
24.0,24,207.994602
19.0,19,208.016204
33.0,33,208.06039
10.0,10,208.07004
16.0,16,208.093198
20.0,20,208.117608
112.0,112,208.255227
17.0,17,208.27578
19.0,19,208.301381
14.0,14,208.320035
14.0,14,208.337373
9.0,9,208.344853
88.0,88,208.43731
13.0,13,208.454552
26.0,26,208.484258
14.0,14,208.501037
12.0,12,208.514706
23.0,23,208.53545
13.0,13,208.555079
29.0,29,208.584524
14.0,14,208.598981
10.0,10,208.610799
17.0,17,208.631348
57.0,57,208.685678
16.0,16,208.704694
19.0,19,208.725654
14.0,14,208.744288
50.0,50,208.792343
13.0,13,208.806844
22.0,22,208.832318
12.0,12,208.84859
11.0,11,208.860969
16.0,16,208.87458
14.0,14,208.888862
24.0,24,208.914535
14.0,14,208.929861
12.0,12,208.942342
12.0,12,208.955878
25.0,25,208.987065
14.0,14,209.003155
21.0,21,209.033241
10.0,10,209.042698
18.0,18,209.061778
17.0,17,209.0824
16.0,16,209.098523
17.0,17,209.118079
17.0,17,209.140657
22.0,22,209.164691
17.0,17,209.181072
29.0,29,209.20886
21.0,21,209.235291
20.0,20,209.256059
15.0,15,209.269735
13.0,13,209.283748
14.0,14,209.298906
12.0,12,209.312352
14.0,14,209.331409
11.0,11,209.34124
16.0,16,209.361398
37.0,37,209.403638
14.0,14,209.416943
10.0,10,209.433103
61.0,61,209.49728
18.0,18,209.513363
99.0,99,210.143613
17.0,17,210.162713
13.0,13,210.182296
12.0,12,210.195643
15.0,15,210.209353
63.0,63,210.283573
66.0,66,210.367458
14.0,14,210.381624
13.0,13,210.393933
15.0,15,210.414544
9.0,9,210.42753
10.0,10,210.438103
14.0,14,210.450691
11.0,11,210.463226
13.0,13,210.478594
63.0,63,210.543555
10.0,10,210.555412
15.0,15,210.568063
16.0,16,210.586403
15.0,15,210.60325
9.0,9,210.611906
12.0,12,210.623556
17.0,17,210.646065
41.0,41,210.68577
20.0,20,210.707006
31.0,31,210.738451
54.0,54,210.796869
14.0,14,210.81255
9.0,9,210.821106
14.0,14,210.834725
16.0,16,210.853482
13.0,13,210.872617
56.0,56,210.937061
12.0,12,210.950299
12.0,12,210.966919
17.0,17,210.987086
29.0,29,211.015796
13.0,13,211.025694
73.0,73,211.107294
23.0,23,211.125527
16.0,16,211.139892
17.0,17,211.158271
32.0,32,211.195101
11.0,11,211.204582
8.0,8,211.211738
15.0,15,211.225744
13.0,13,211.242701
10.0,10,211.254283
12.0,12,211.263949
13.0,13,211.276669
11.0,11,211.294777
12.0,12,211.305741
27.0,27,211.331137
9.0,9,211.338211
29.0,29,211.371781
30.0,30,211.407853
28.0,28,211.434631
17.0,17,211.449952
30.0,30,211.475457
24.0,24,211.501746
11.0,11,211.513946
14.0,14,211.529005
23.0,23,211.555216
15.0,15,211.575608
16.0,16,211.592043
131.0,131,211.738206
17.0,17,211.756127
12.0,12,211.767657
15.0,15,211.781447
14.0,14,211.793138
20.0,20,211.817977
14.0,14,211.833562
12.0,12,211.844645
48.0,48,211.896737
12.0,12,211.914404
18.0,18,211.928303
16.0,16,211.943069
17.0,17,211.960222
13.0,13,211.975796
12.0,12,211.987152
9.0,9,211.994956
17.0,17,212.014879
28.0,28,212.037038
16.0,16,212.048498
18.0,18,212.061586
14.0,14,212.070601
20.0,20,212.086176
9.0,9,212.093359
56.0,56,212.136045
16.0,16,212.146252
22.0,22,212.162235
11.0,11,212.169632
13.0,13,212.178034
11.0,11,212.187802
19.0,19,212.204518
23.0,23,212.221324
12.0,12,212.230354
14.0,14,212.240506
19.0,19,212.260761
15.0,15,212.269721
14.0,14,212.281039
15.0,15,212.292386
12.0,12,212.30531
10.0,10,212.311634
8.0,8,212.317502
17.0,17,212.330094
85.0,85,212.392828
30.0,30,212.412
77.0,77,212.468284
85.0,85,212.532703
8.0,8,212.540827
26.0,26,212.556583
25.0,25,212.571221
39.0,39,212.597433
10.0,10,212.607293
24.0,24,212.623964
28.0,28,212.644544
19.0,19,212.654287
27.0,27,212.674603
14.0,14,212.684848
60.0,60,212.728572
14.0,14,212.741248
30.0,30,212.76637
17.0,17,212.777754
50.0,50,212.822012
12.0,12,212.830722
17.0,17,212.852471
13.0,13,212.863594
9.0,9,212.869318
51.0,51,212.911235
50.0,50,212.952158
13.0,13,212.961994
46.0,46,212.990937
17.0,17,213.001821
53.0,53,213.045784
102.0,102,213.121562
25.0,25,213.148688
21.0,21,213.169757
72.0,72,213.244438
15.0,15,213.261276
16.0,16,213.277391
15.0,15,213.289992
10.0,10,213.302016
52.0,52,213.350807
36.0,36,213.390164
18.0,18,213.407515
11.0,11,213.424329
21.0,21,213.447136
15.0,15,213.468358
62.0,62,213.540163
50.0,50,213.609514
17.0,17,213.626751
18.0,18,213.647996
14.0,14,213.66814
11.0,11,213.685369
20.0,20,213.70774
11.0,11,213.720252
10.0,10,213.730555
18.0,18,213.753929
13.0,13,213.773371
64.0,64,213.850584
14.0,14,213.866489
15.0,15,213.890704
10.0,10,213.906833
12.0,12,213.921939
21.0,21,213.943766
27.0,27,213.989434
13.0,13,214.005645
11.0,11,214.022746
17.0,17,214.044727
17.0,17,214.067053
25.0,25,214.099941
24.0,24,214.131716
12.0,12,214.146679
13.0,13,214.168975
13.0,13,214.183562
10.0,10,214.197925
12.0,12,214.213516
15.0,15,214.236833
15.0,15,214.254975
12.0,12,214.26825
13.0,13,214.281728
24.0,24,214.326697
12.0,12,214.340122
14.0,14,214.360332
31.0,31,214.400433
13.0,13,214.422227
15.0,15,214.437746
11.0,11,214.451449
10.0,10,214.464424
12.0,12,214.48355
28.0,28,214.530693
18.0,18,214.544749
15.0,15,214.56197
13.0,13,214.575641
21.0,21,214.599006
10.0,10,214.617414
14.0,14,214.634529
20.0,20,214.654295
10.0,10,214.665802
10.0,10,214.67285
15.0,15,214.688982
12.0,12,214.702408
20.0,20,214.726693
18.0,18,214.745598
99.0,99,214.850242
14.0,14,214.868112
24.0,24,214.891829
52.0,52,214.948246
11.0,11,214.960056
18.0,18,214.9784
24.0,24,214.999885
12.0,12,215.011029
47.0,47,215.05837
15.0,15,215.076232
14.0,14,215.089516
17.0,17,215.106217
13.0,13,215.131086
21.0,21,215.158493
12.0,12,215.172517
15.0,15,215.189198
34.0,34,215.232716
19.0,19,215.259222
14.0,14,215.272165
17.0,17,215.294419
22.0,22,215.314638
11.0,11,215.333053
16.0,16,215.348071
11.0,11,215.35817
17.0,17,215.373836
17.0,17,215.39252
42.0,42,215.437274
39.0,39,215.4764
14.0,14,215.491623
24.0,24,215.518449
13.0,13,215.533405
9.0,9,215.540878
13.0,13,215.556065
16.0,16,215.573241
23.0,23,215.592782
23.0,23,215.616355
20.0,20,215.636527
21.0,21,215.660176
13.0,13,215.675436
12.0,12,215.688561
17.0,17,215.705046
15.0,15,215.722942
97.0,97,215.831128
11.0,11,215.846823
11.0,11,215.856997
12.0,12,215.873775
22.0,22,215.902935
9.0,9,215.910857
56.0,56,215.980337
16.0,16,215.999155
10.0,10,216.010201
10.0,10,216.018783
42.0,42,216.064761
11.0,11,216.075618
17.0,17,216.099993
18.0,18,216.117371
27.0,27,216.150163
66.0,66,216.223186
21.0,21,216.25182
15.0,15,216.266193
14.0,14,216.282076
16.0,16,216.301549
14.0,14,216.310824
38.0,38,216.350301
41.0,41,216.390715
16.0,16,216.409562
13.0,13,216.420908
80.0,80,216.511593
12.0,12,216.527145
15.0,15,216.545179
40.0,40,216.591803
62.0,62,216.661948
15.0,15,216.672944
14.0,14,216.689865
21.0,21,216.708073
39.0,39,216.746461
11.0,11,216.757998
22.0,22,216.78202
17.0,17,216.798552
53.0,53,216.855179
16.0,16,216.873925
13.0,13,216.88917
15.0,15,216.905959
14.0,14,216.91648
11.0,11,216.926691
13.0,13,216.940307
15.0,15,216.957098
48.0,48,217.002525
16.0,16,217.017325
22.0,22,217.04154
12.0,12,217.052932
10.0,10,217.062192
26.0,26,217.088217
9.0,9,217.102932
30.0,30,217.135554
13.0,13,217.149649
17.0,17,217.174003
10.0,10,217.186473
22.0,22,217.212967
9.0,9,217.219776
17.0,17,217.239796
36.0,36,217.279068
48.0,48,217.332405
55.0,55,217.390949
19.0,19,217.410599
17.0,17,217.426474
25.0,25,217.450683
15.0,15,217.464364
20.0,20,217.491636
16.0,16,217.513538
32.0,32,217.544225
29.0,29,217.57205
12.0,12,217.587061
23.0,23,217.610176
21.0,21,217.629477
22.0,22,217.650774
21.0,21,217.669463
12.0,12,217.686188
20.0,20,217.70548
29.0,29,217.731909
23.0,23,217.756374
15.0,15,217.774919
13.0,13,217.794071
13.0,13,217.810507
20.0,20,217.832034
71.0,71,217.915384
15.0,15,217.932732
13.0,13,217.949436
36.0,36,217.99041
19.0,19,218.015003
90.0,90,218.112124
53.0,53,218.170907
15.0,15,218.191396
16.0,16,218.212556
15.0,15,218.231234
17.0,17,218.248164
29.0,29,218.278117
29.0,29,218.315549
10.0,10,218.327886
14.0,14,218.344448
15.0,15,218.356493
12.0,12,218.374773
11.0,11,218.386682
13.0,13,218.405612
20.0,20,218.425724
17.0,17,218.450672
35.0,35,218.488703
12.0,12,218.503917
26.0,26,218.533701
20.0,20,218.560915
16.0,16,218.579583
12.0,12,218.594933
19.0,19,218.622536
15.0,15,218.642078
31.0,31,218.678892
13.0,13,218.690437
29.0,29,218.7307
11.0,11,218.743059
21.0,21,218.769263
22.0,22,218.793087
13.0,13,218.811286
30.0,30,218.848625
9.0,9,218.857274
58.0,58,218.925219
12.0,12,218.938551
26.0,26,218.969198
17.0,17,218.98799
13.0,13,219.003706
18.0,18,219.022377
22.0,22,219.045177
16.0,16,219.064111
10.0,10,219.072255
23.0,23,219.097083
12.0,12,219.122962
11.0,11,219.139365
16.0,16,219.15768
18.0,18,219.175314
16.0,16,219.196629
18.0,18,219.221182
11.0,11,219.233373
10.0,10,219.246204
19.0,19,219.275863
44.0,44,219.32505
25.0,25,219.353586
13.0,13,219.366537
38.0,38,219.412579
26.0,26,219.43857
18.0,18,219.458368
17.0,17,219.476336
21.0,21,219.501645
17.0,17,219.520401
12.0,12,219.536103
94.0,94,219.646097
10.0,10,219.657706
11.0,11,219.669472
17.0,17,219.684116
15.0,15,219.699973
23.0,23,219.724767
16.0,16,219.745488
13.0,13,219.75909
14.0,14,219.775042
20.0,20,219.801426
56.0,56,219.873246
17.0,17,219.892669
11.0,11,219.907344
11.0,11,219.920338
13.0,13,219.942955
13.0,13,219.957833
28.0,28,219.994782
18.0,18,220.018796
11.0,11,220.031706
21.0,21,220.057033
17.0,17,220.081198
17.0,17,220.104334
18.0,18,220.122591
32.0,32,220.162992
14.0,14,220.180431
16.0,16,220.200514
17.0,17,220.220134
13.0,13,220.234895
18.0,18,220.265151
23.0,23,220.295986
11.0,11,220.305541
21.0,21,220.334831
27.0,27,220.36236
11.0,11,220.378104
19.0,19,220.398714
11.0,11,220.414826
11.0,11,220.424764
11.0,11,220.439656
58.0,58,220.509336
15.0,15,220.524854
32.0,32,220.563972
13.0,13,220.585163
16.0,16,220.604557
18.0,18,220.625196
9.0,9,220.633417
14.0,14,220.654135
23.0,23,220.685936
11.0,11,220.695792
46.0,46,220.750594
26.0,26,220.783299
17.0,17,220.80727
13.0,13,220.820958
17.0,17,220.840298
19.0,19,220.869016
17.0,17,220.885498
40.0,40,220.929865
15.0,15,221.121777
14.0,14,221.136141
22.0,22,221.158673
19.0,19,221.179795
14.0,14,221.193049
23.0,23,221.225279
32.0,32,221.259445
18.0,18,221.28017
15.0,15,221.295939
16.0,16,221.315282
44.0,44,221.359183
39.0,39,221.402012
28.0,28,221.429647
25.0,25,221.458224
15.0,15,221.478141
27.0,27,221.506205
13.0,13,221.516133
14.0,14,221.531109
21.0,21,221.55915
14.0,14,221.574629
10.0,10,221.590497
18.0,18,221.613318
20.0,20,221.636643
14.0,14,221.655654
10.0,10,221.664431
14.0,14,221.69054
40.0,40,221.73656
13.0,13,221.747694
16.0,16,221.762813
12.0,12,221.778715
25.0,25,221.806826
14.0,14,221.824203
20.0,20,221.845009
11.0,11,221.857216
21.0,21,221.88705
23.0,23,221.914267
16.0,16,221.932267
23.0,23,221.962698
13.0,13,221.975188
13.0,13,221.996278
21.0,21,222.017408
14.0,14,222.035098
12.0,12,222.046873
24.0,24,222.074155
16.0,16,222.093243
17.0,17,222.120794
19.0,19,222.139546
20.0,20,222.161136
19.0,19,222.185812
17.0,17,222.212526
15.0,15,222.228193
30.0,30,222.262746
10.0,10,222.268621
26.0,26,222.295499
31.0,31,222.328602
13.0,13,222.346619
11.0,11,222.359223
33.0,33,222.403158
9.0,9,222.413725
20.0,20,222.430856
17.0,17,222.44623
18.0,18,222.469658
19.0,19,222.488712
14.0,14,222.504086
15.0,15,222.524044
16.0,16,222.549275
11.0,11,222.560162
26.0,26,222.587923
18.0,18,222.606897
22.0,22,222.641342
20.0,20,222.661658
15.0,15,222.677036
20.0,20,222.696882
33.0,33,222.736947
10.0,10,222.747077
16.0,16,222.763362
21.0,21,222.784395
35.0,35,222.828023
11.0,11,222.840696
15.0,15,222.865142
15.0,15,222.885485
13.0,13,222.904013
54.0,54,222.965934
17.0,17,222.986618
17.0,17,223.014431
26.0,26,223.051912
18.0,18,223.069897
13.0,13,223.079153
13.0,13,223.088243
19.0,19,223.114371
18.0,18,223.139454
20.0,20,223.162737
19.0,19,223.180968
17.0,17,223.200825
15.0,15,223.213522
15.0,15,223.232358
15.0,15,223.251083
16.0,16,223.271654
18.0,18,223.290455
13.0,13,223.305869
10.0,10,223.317362
27.0,27,223.349594
12.0,12,223.362741
37.0,37,223.399997
17.0,17,223.417093
15.0,15,223.436144
9.0,9,223.449516
36.0,36,223.485888
20.0,20,223.509485
9.0,9,223.525519
15.0,15,223.543047
24.0,24,223.576879
11.0,11,223.588573
10.0,10,223.601528
19.0,19,223.617844
38.0,38,223.66113
12.0,12,223.6731
27.0,27,223.708213
31.0,31,223.737945
20.0,20,223.760501
25.0,25,223.787356
67.0,67,223.856086
20.0,20,223.87757
28.0,28,223.910942
44.0,44,223.963439
13.0,13,223.982608
21.0,21,224.002981
9.0,9,224.013025
27.0,27,224.0441
22.0,22,224.073472
16.0,16,224.090505
18.0,18,224.110349
24.0,24,224.133651
24.0,24,224.162618
10.0,10,224.173439
21.0,21,224.195002
18.0,18,224.213273
25.0,25,224.242477
14.0,14,224.258135
12.0,12,224.273968
17.0,17,224.296196
24.0,24,224.32475
14.0,14,224.340558
15.0,15,224.357286
12.0,12,224.372829
19.0,19,224.394032
24.0,24,224.416727
15.0,15,224.432251
37.0,37,224.470132
14.0,14,224.487994
20.0,20,224.506611
32.0,32,224.544268
13.0,13,224.559027
15.0,15,224.580739
23.0,23,224.601478
12.0,12,224.61339
16.0,16,224.632683
28.0,28,224.666659
11.0,11,224.683838
15.0,15,224.703365
44.0,44,224.749796
22.0,22,224.779993
17.0,17,224.799561
19.0,19,224.814861
11.0,11,224.828203
19.0,19,224.853275
25.0,25,224.887178
16.0,16,224.906859
17.0,17,224.924788
11.0,11,224.939952
12.0,12,224.958006
21.0,21,224.979042
23.0,23,225.000117
20.0,20,225.022295
20.0,20,225.042678
20.0,20,225.062235
23.0,23,225.085009
29.0,29,225.114283
19.0,19,225.133373
17.0,17,225.148385
16.0,16,225.16572
23.0,23,225.196328
17.0,17,225.213141
20.0,20,225.23562
15.0,15,225.250917
9.0,9,225.261901
10.0,10,225.273136
13.0,13,225.286649
16.0,16,225.304652
18.0,18,225.325767
10.0,10,225.337224
16.0,16,225.353887
15.0,15,225.36805
18.0,18,225.388324
12.0,12,225.402379
17.0,17,225.417943
19.0,19,225.44117
15.0,15,225.460047
39.0,39,225.507247
23.0,23,225.529845
18.0,18,225.552961
12.0,12,225.568911
18.0,18,225.588486
32.0,32,225.623142
60.0,60,225.682205
17.0,17,225.707625
15.0,15,225.720747
16.0,16,225.737078
22.0,22,225.761629
29.0,29,225.795436
11.0,11,225.80739
15.0,15,225.822794
15.0,15,225.838142
11.0,11,225.853163
11.0,11,225.865126
14.0,14,225.878249
21.0,21,225.906814
13.0,13,225.92301
28.0,28,225.949162
15.0,15,225.964956
11.0,11,225.974649
20.0,20,226.000142
18.0,18,226.023821
20.0,20,226.04687
11.0,11,226.056824
27.0,27,226.083784
21.0,21,226.110968
10.0,10,226.119534
20.0,20,226.146039
19.0,19,226.172863
26.0,26,226.204072
25.0,25,226.234976
13.0,13,226.251016
15.0,15,226.273463
14.0,14,226.288915
14.0,14,226.312308
14.0,14,226.329327
38.0,38,226.382904
9.0,9,226.394267
16.0,16,226.415476
24.0,24,226.445687
18.0,18,226.469456
9.0,9,226.482614
24.0,24,226.518859
24.0,24,226.549037
29.0,29,226.592438
18.0,18,226.615796
10.0,10,226.632215
15.0,15,226.650906
14.0,14,226.670738
31.0,31,226.713283
14.0,14,226.731184
11.0,11,226.748528
14.0,14,226.771912
16.0,16,226.790907
14.0,14,226.809706
33.0,33,226.855474
16.0,16,226.879829
16.0,16,226.903674
16.0,16,226.929513
15.0,15,226.948641
22.0,22,226.984283
18.0,18,227.0055
29.0,29,227.046706
10.0,10,227.062143
14.0,14,227.080885
12.0,12,227.098185
14.0,14,227.118178
55.0,55,227.193794
18.0,18,227.218419
30.0,30,227.261439
63.0,63,227.326638
14.0,14,227.346707
20.0,20,227.367335
25.0,25,227.395041
24.0,24,227.422615
12.0,12,227.434004
18.0,18,227.456626
22.0,22,227.477579
18.0,18,227.496074
11.0,11,227.504257
19.0,19,227.528627
19.0,19,227.553557
15.0,15,227.569235
23.0,23,227.592335
41.0,41,227.636425
10.0,10,227.645384
34.0,34,227.690858
11.0,11,227.700685
17.0,17,227.725134
28.0,28,227.759171
14.0,14,227.77122
31.0,31,227.804746
15.0,15,227.825033
16.0,16,227.842434
17.0,17,227.864407
46.0,46,227.916177
33.0,33,227.957672
27.0,27,227.989086
25.0,25,228.019998
24.0,24,228.046755
15.0,15,228.069955
49.0,49,228.11939
24.0,24,228.145414
18.0,18,228.162154
13.0,13,228.178831
25.0,25,228.205616
30.0,30,228.237064
13.0,13,228.248778
17.0,17,228.274033
68.0,68,228.345268
26.0,26,228.371515
22.0,22,228.397058
17.0,17,228.416377
10.0,10,228.422913
14.0,14,228.436214
18.0,18,228.449231
14.0,14,228.470514
13.0,13,228.489565
29.0,29,228.515231
23.0,23,228.54112
48.0,48,228.602835
35.0,35,228.640505
13.0,13,228.657447
13.0,13,228.668298
18.0,18,228.696619
11.0,11,228.713068
17.0,17,228.730294
12.0,12,228.742352
11.0,11,228.758538
15.0,15,228.771577
17.0,17,228.795072
15.0,15,228.808451
15.0,15,228.826369
12.0,12,228.836861
37.0,37,228.870071
26.0,26,228.904423
11.0,11,228.920279
20.0,20,228.939477
16.0,16,228.956237
20.0,20,228.971802
22.0,22,228.999554
13.0,13,229.012279
16.0,16,229.029135
18.0,18,229.046755
13.0,13,229.062689
11.0,11,229.074289
14.0,14,229.086334
16.0,16,229.105865
11.0,11,229.122185
19.0,19,229.14169
28.0,28,229.170408
51.0,51,229.23351
15.0,15,229.2476
20.0,20,229.267186
17.0,17,229.287519
17.0,17,229.30494
23.0,23,229.334336
10.0,10,229.34493
74.0,74,229.429558
21.0,21,229.44844
12.0,12,229.462309
18.0,18,229.479116
24.0,24,229.502013
18.0,18,229.523395
16.0,16,229.551095
13.0,13,229.563056
13.0,13,229.574948
52.0,52,229.623356
10.0,10,229.637547
15.0,15,229.651968
25.0,25,229.677114
18.0,18,229.694103
9.0,9,229.709001
42.0,42,229.749825
24.0,24,229.774416
17.0,17,229.792318
10.0,10,229.80658
14.0,14,229.820916
16.0,16,229.837008
17.0,17,229.857567
18.0,18,229.876941
14.0,14,229.89274
23.0,23,229.912453
20.0,20,229.939386
11.0,11,229.956186
19.0,19,229.97802
13.0,13,229.992843
12.0,12,230.004416
18.0,18,230.034001
55.0,55,230.08927
14.0,14,230.107564
27.0,27,230.139832
21.0,21,230.162308
21.0,21,230.183089
28.0,28,230.210787
31.0,31,230.244497
15.0,15,230.26275
47.0,47,230.310407
9.0,9,230.320971
17.0,17,230.339095
13.0,13,230.35499
19.0,19,230.376529
36.0,36,230.40986
14.0,14,230.422311
14.0,14,230.442259
15.0,15,230.457804
13.0,13,230.470104
11.0,11,230.482263
26.0,26,230.506676
25.0,25,230.535057
19.0,19,230.554348
17.0,17,230.571316
18.0,18,230.592175
12.0,12,230.604209
18.0,18,230.625187
18.0,18,230.650786
13.0,13,230.666191
16.0,16,230.681665
16.0,16,230.697696
86.0,86,230.794507
15.0,15,230.813449
16.0,16,230.830999
18.0,18,230.852606
25.0,25,230.878371
22.0,22,230.907712
19.0,19,230.925451
22.0,22,230.951339
12.0,12,230.964241
10.0,10,230.974774
28.0,28,231.007374
33.0,33,231.045559
15.0,15,231.058384
97.0,97,231.163327
13.0,13,231.174412
17.0,17,231.193114
27.0,27,231.214787
21.0,21,231.231771
24.0,24,231.257725
13.0,13,231.271783
74.0,74,231.364164
33.0,33,231.402607
23.0,23,231.427681
46.0,46,231.484061
43.0,43,231.52684
12.0,12,231.542319
21.0,21,231.56737
24.0,24,231.590028
44.0,44,231.631705
65.0,65,231.705475
12.0,12,231.716763
12.0,12,231.73091
18.0,18,231.748497
22.0,22,231.780871
16.0,16,231.796951
22.0,22,231.819537
11.0,11,231.832747
13.0,13,231.851328
16.0,16,231.869428
18.0,18,231.887326
18.0,18,231.90195
29.0,29,231.930108
26.0,26,231.956312
14.0,14,231.966218
29.0,29,232.005237
16.0,16,232.026665
11.0,11,232.033976
16.0,16,232.04946
29.0,29,232.085211
17.0,17,232.104591
23.0,23,232.128295
44.0,44,232.180304
15.0,15,232.194118
29.0,29,232.227295
24.0,24,232.250291
17.0,17,232.267387
14.0,14,232.281273
15.0,15,232.301004
24.0,24,232.325165
29.0,29,232.35441
13.0,13,232.368633
10.0,10,232.386095
12.0,12,232.39758
20.0,20,232.417377
14.0,14,232.433472
13.0,13,232.451016
37.0,37,232.492723
14.0,14,232.509697
35.0,35,232.732718
15.0,15,232.756742
16.0,16,232.777579
25.0,25,232.810071
60.0,60,232.892731
13.0,13,232.920503
14.0,14,232.939819
12.0,12,232.954865
18.0,18,232.982451
35.0,35,233.034014
13.0,13,233.05502
35.0,35,233.098575
25.0,25,233.139915
10.0,10,233.154802
11.0,11,233.170301
16.0,16,233.192118
16.0,16,233.218484
14.0,14,233.238875
34.0,34,233.279799
12.0,12,233.297193
10.0,10,233.318424
17.0,17,233.346871
22.0,22,233.373393
12.0,12,233.389096
10.0,10,233.407268
17.0,17,233.436515
13.0,13,233.453025
16.0,16,233.474122
16.0,16,233.493644
36.0,36,233.546996
38.0,38,233.603791
12.0,12,233.621445
10.0,10,233.636326
16.0,16,233.662873
32.0,32,233.707901
12.0,12,233.725358
25.0,25,233.756471
28.0,28,233.78682
26.0,26,233.811508
16.0,16,233.827693
13.0,13,233.843767
13.0,13,233.859043
25.0,25,233.888676
24.0,24,233.91479
12.0,12,233.927366
22.0,22,233.956658
20.0,20,233.97859
17.0,17,233.996065
22.0,22,234.017807
16.0,16,234.042142
14.0,14,234.057434
10.0,10,234.068379
12.0,12,234.080662
11.0,11,234.096717
15.0,15,234.109765
18.0,18,234.128293
23.0,23,234.1578
29.0,29,234.190072
14.0,14,234.204217
18.0,18,234.228735
24.0,24,234.260001
18.0,18,234.282145
20.0,20,234.304684
19.0,19,234.326282
13.0,13,234.340496
10.0,10,234.358809
23.0,23,234.382085
13.0,13,234.394018
9.0,9,234.401339
15.0,15,234.417334
24.0,24,234.439411
18.0,18,234.455046
14.0,14,234.474673
12.0,12,234.490669
16.0,16,234.507669
14.0,14,234.526331
12.0,12,234.539593
20.0,20,234.570481
14.0,14,234.588612
14.0,14,234.603158
41.0,41,234.647053
19.0,19,234.67227
23.0,23,234.697692
12.0,12,234.710538
18.0,18,234.731515
12.0,12,234.747788
18.0,18,234.763741
27.0,27,234.797393
20.0,20,234.819967
21.0,21,234.845423
35.0,35,234.892615
12.0,12,234.905923
41.0,41,234.949122
43.0,43,235.005033
12.0,12,235.015633
19.0,19,235.035436
18.0,18,235.050921
30.0,30,235.086898
10.0,10,235.095465
17.0,17,235.112088
15.0,15,235.12654
14.0,14,235.145531
13.0,13,235.159
17.0,17,235.175474
30.0,30,235.208346
17.0,17,235.227634
47.0,47,235.274589
33.0,33,235.311056
12.0,12,235.324226
23.0,23,235.352281
12.0,12,235.365214
14.0,14,235.376329
13.0,13,235.388783
18.0,18,235.419206
15.0,15,235.437032
15.0,15,235.450356
14.0,14,235.466574
20.0,20,235.493251
15.0,15,235.516374
16.0,16,235.532587
39.0,39,235.57025
19.0,19,235.595749
27.0,27,235.6338
20.0,20,235.656116
15.0,15,235.673761
18.0,18,235.696741
13.0,13,235.715582
34.0,34,235.752996
22.0,22,235.77595
14.0,14,235.797005
11.0,11,235.814195
46.0,46,235.862242
19.0,19,235.883584
17.0,17,235.903444
22.0,22,235.931812
25.0,25,235.957905
40.0,40,236.004017
21.0,21,236.033953
20.0,20,236.056163
37.0,37,236.096288
18.0,18,236.116548
31.0,31,236.155924
19.0,19,236.173419
10.0,10,236.184133
22.0,22,236.205281
14.0,14,236.230862
19.0,19,236.252034
14.0,14,236.265197
37.0,37,236.301896
19.0,19,236.333256
13.0,13,236.347657
40.0,40,236.391285
12.0,12,236.404099
34.0,34,236.449805
16.0,16,236.467084
14.0,14,236.479957
19.0,19,236.499645
17.0,17,236.520057
17.0,17,236.542489
41.0,41,236.584097
26.0,26,236.608864
22.0,22,236.638221
22.0,22,236.66407
12.0,12,236.676126
14.0,14,236.693785
13.0,13,236.705867
11.0,11,236.719144
27.0,27,236.741716
11.0,11,236.751216
11.0,11,236.762144
13.0,13,236.773437
21.0,21,236.795498
13.0,13,236.808702
13.0,13,236.823594
15.0,15,236.840431
13.0,13,236.857596
20.0,20,236.877515
18.0,18,236.899891
31.0,31,236.932009
20.0,20,236.955034
18.0,18,236.975507
25.0,25,237.005641
13.0,13,237.017439
15.0,15,237.032553
10.0,10,237.04443
26.0,26,237.076999
10.0,10,237.089483
11.0,11,237.099321
14.0,14,237.110474
29.0,29,237.135952
14.0,14,237.147364
25.0,25,237.174499
18.0,18,237.19209
15.0,15,237.21361
43.0,43,237.257518
21.0,21,237.28307
19.0,19,237.305462
14.0,14,237.321359
26.0,26,237.346134
10.0,10,237.355781
41.0,41,237.402296
24.0,24,237.432537
15.0,15,237.445701
15.0,15,237.459641
18.0,18,237.485463
17.0,17,237.50282
25.0,25,237.526724
14.0,14,237.541177
25.0,25,237.564257
17.0,17,237.586786
19.0,19,237.605827
11.0,11,237.6177
16.0,16,237.633003
9.0,9,237.643425
28.0,28,237.669011
12.0,12,237.684919
19.0,19,237.707119
23.0,23,237.733433
26.0,26,237.761147
11.0,11,237.772413
11.0,11,237.781749
24.0,24,237.81071
21.0,21,237.835319
17.0,17,237.852633
32.0,32,237.885443
11.0,11,237.903627
32.0,32,237.934609
11.0,11,237.943757
18.0,18,237.963586
26.0,26,237.990807
26.0,26,238.02246
10.0,10,238.030331
14.0,14,238.043916
13.0,13,238.06027
14.0,14,238.076947
12.0,12,238.088397
12.0,12,238.10402
33.0,33,238.140804
11.0,11,238.154298
11.0,11,238.164536
36.0,36,238.21012
16.0,16,238.230968
17.0,17,238.250612
36.0,36,238.286096
24.0,24,238.315509
14.0,14,238.331649
17.0,17,238.347574
50.0,50,238.400193
10.0,10,238.414576
10.0,10,238.430492
11.0,11,238.443176
16.0,16,238.459561
18.0,18,238.477265
16.0,16,238.497695
21.0,21,238.523187
38.0,38,238.565165
18.0,18,238.582803
17.0,17,238.6058
12.0,12,238.623296
17.0,17,238.640229
12.0,12,238.652857
17.0,17,238.671517
12.0,12,238.684901
59.0,59,238.755763
16.0,16,238.772837
12.0,12,238.789864
17.0,17,238.808219
25.0,25,238.839091
15.0,15,238.856322
9.0,9,238.868563
13.0,13,238.884665
14.0,14,238.899558
22.0,22,238.924589
24.0,24,238.956013
24.0,24,238.981714
10.0,10,238.991915
26.0,26,239.022437
20.0,20,239.052178
14.0,14,239.066461
20.0,20,239.088538
25.0,25,239.115914
15.0,15,239.140267
25.0,25,239.165936
13.0,13,239.1775
16.0,16,239.190298
11.0,11,239.203772
12.0,12,239.217793
23.0,23,239.247007
19.0,19,239.266292
16.0,16,239.285394
10.0,10,239.294503
23.0,23,239.319008
19.0,19,239.339329
13.0,13,239.356326
17.0,17,239.374177
20.0,20,239.395432
18.0,18,239.416766
21.0,21,239.441128
17.0,17,239.46057
16.0,16,239.477821
30.0,30,239.512638
15.0,15,239.53277
9.0,9,239.540439
54.0,54,239.598545
12.0,12,239.611042
22.0,22,239.638335
34.0,34,239.67643
11.0,11,239.688937
11.0,11,239.701781
16.0,16,239.722491
12.0,12,239.734493
59.0,59,239.796745
9.0,9,239.804779
15.0,15,239.822917
10.0,10,239.831042
22.0,22,239.853727
13.0,13,239.870867
15.0,15,239.890572
14.0,14,239.902056
20.0,20,239.922472
18.0,18,239.944747
13.0,13,239.961712
19.0,19,239.986309
19.0,19,240.004206
10.0,10,240.017209
30.0,30,240.051658
19.0,19,240.07523
10.0,10,240.089447
18.0,18,240.108326
18.0,18,240.129574
10.0,10,240.138621
16.0,16,240.153404
13.0,13,240.166513
35.0,35,240.206909
32.0,32,240.238434
22.0,22,240.26375
19.0,19,240.287033
9.0,9,240.303401
23.0,23,240.324958
11.0,11,240.338489
22.0,22,240.364018
13.0,13,240.384697
10.0,10,240.394372
9.0,9,240.408953
19.0,19,240.426255
9.0,9,240.441848
13.0,13,240.455283
19.0,19,240.477077
18.0,18,240.499262
15.0,15,240.519872
12.0,12,240.532326
10.0,10,240.540814
13.0,13,240.555449
20.0,20,240.577206
16.0,16,240.595953
30.0,30,240.622382
14.0,14,240.639094
14.0,14,240.656618
24.0,24,240.680229
30.0,30,240.713627
11.0,11,240.722675
29.0,29,240.757776
16.0,16,240.776083
12.0,12,240.789156
25.0,25,240.820372
25.0,25,240.850032
16.0,16,240.867825
49.0,49,240.920182
16.0,16,240.937208
11.0,11,240.95276
12.0,12,240.965954
13.0,13,240.978662
22.0,22,241.008558
12.0,12,241.024534
28.0,28,241.053396
24.0,24,241.078829
16.0,16,241.096522
13.0,13,241.116896
24.0,24,241.142106
20.0,20,241.162164
21.0,21,241.184592
20.0,20,241.213769
14.0,14,241.23211
17.0,17,241.249578
16.0,16,241.266183
12.0,12,241.281663
47.0,47,241.335971
11.0,11,241.349288
20.0,20,241.373477
14.0,14,241.390389
12.0,12,241.404353
13.0,13,241.42283
19.0,19,241.447008
13.0,13,241.463843
19.0,19,241.484494
15.0,15,241.496835
15.0,15,241.508188
12.0,12,241.519909
16.0,16,241.540319
11.0,11,241.548677
17.0,17,241.567547
14.0,14,241.582278
12.0,12,241.594026
13.0,13,241.607627
12.0,12,241.619742
23.0,23,241.645313
21.0,21,241.666038
33.0,33,241.701568
15.0,15,241.711538
28.0,28,241.741883
25.0,25,241.766858
11.0,11,241.773434
28.0,28,241.80023
13.0,13,241.822754
20.0,20,241.843056
22.0,22,241.865784
16.0,16,241.883537
19.0,19,241.914596
43.0,43,241.9771
29.0,29,242.013003
13.0,13,242.029106
19.0,19,242.060116
10.0,10,242.068985
18.0,18,242.091538
23.0,23,242.120529
28.0,28,242.161762
24.0,24,242.191164
18.0,18,242.213477
18.0,18,242.237825
13.0,13,242.261328
27.0,27,242.295536
10.0,10,242.307963
27.0,27,242.343911
14.0,14,242.366531
17.0,17,242.394279
19.0,19,242.418181
13.0,13,242.439805
58.0,58,242.517758
9.0,9,242.528647
25.0,25,242.570808
14.0,14,242.588681
44.0,44,242.6524
12.0,12,242.67344
17.0,17,242.696613
24.0,24,242.727675
16.0,16,242.752626
12.0,12,242.773013
21.0,21,242.80503
14.0,14,242.822473
16.0,16,242.8425
15.0,15,242.86457
14.0,14,242.88453
23.0,23,242.914744
11.0,11,242.929039
40.0,40,242.979036
11.0,11,242.995349
12.0,12,243.010555
26.0,26,243.04341
17.0,17,243.063469
22.0,22,243.093758
14.0,14,243.109641
15.0,15,243.133458
24.0,24,243.162005
38.0,38,243.215118
14.0,14,243.232363
25.0,25,243.265853
21.0,21,243.297049
13.0,13,243.31546
17.0,17,243.337923
11.0,11,243.356473
15.0,15,243.376892
29.0,29,243.416931
29.0,29,243.456286
18.0,18,243.485253
12.0,12,243.50425
27.0,27,243.537488
20.0,20,243.562363
15.0,15,243.586815
24.0,24,243.620722
19.0,19,243.646194
23.0,23,243.675314
19.0,19,243.699697
25.0,25,243.739114
41.0,41,243.792696
16.0,16,243.816615
15.0,15,243.839372
13.0,13,243.856805
12.0,12,243.876378
14.0,14,243.892308
21.0,21,243.932535
39.0,39,243.98213
13.0,13,244.002373
19.0,19,244.028003
19.0,19,244.058688
15.0,15,244.079925
23.0,23,244.109848
14.0,14,244.131012
13.0,13,244.150913
30.0,30,244.193701
13.0,13,244.208426
25.0,25,244.242704
20.0,20,244.271899
118.0,118,244.440059
20.0,20,244.466486
14.0,14,244.482889
12.0,12,244.503289
25.0,25,244.544078
11.0,11,244.554047
16.0,16,244.571503
44.0,44,244.629835
27.0,27,244.67319
38.0,38,244.717958
33.0,33,244.977761
25.0,25,245.008593
12.0,12,245.022835
12.0,12,245.038284
11.0,11,245.05356
23.0,23,245.089633
9.0,9,245.100184
15.0,15,245.121166
15.0,15,245.138741
11.0,11,245.158166
15.0,15,245.181109
20.0,20,245.208955
18.0,18,245.231805
22.0,22,245.269084
10.0,10,245.280111
13.0,13,245.299563
15.0,15,245.315814
22.0,22,245.347641
9.0,9,245.357457
13.0,13,245.37551
10.0,10,245.388116
9.0,9,245.401949
14.0,14,245.422993
13.0,13,245.436996
14.0,14,245.452446
15.0,15,245.479005
21.0,21,245.504542
16.0,16,245.524812
15.0,15,245.544714
14.0,14,245.568002
35.0,35,245.613911
11.0,11,245.62903
16.0,16,245.650754
18.0,18,245.686148
21.0,21,245.708773
11.0,11,245.720011
16.0,16,245.735773
10.0,10,245.748592
31.0,31,245.781262
10.0,10,245.793558
12.0,12,245.806216
22.0,22,245.833426
14.0,14,245.847399
20.0,20,245.870297
11.0,11,245.881841
32.0,32,245.92793
23.0,23,245.958015
18.0,18,245.978635
13.0,13,246.002313
11.0,11,246.019021
16.0,16,246.038523
12.0,12,246.05811
26.0,26,246.09276
14.0,14,246.117004
27.0,27,246.152195
10.0,10,246.166595
48.0,48,246.228987
15.0,15,246.251967
14.0,14,246.273765
16.0,16,246.293412
25.0,25,246.32647
20.0,20,246.353052
19.0,19,246.376663
16.0,16,246.396167
25.0,25,246.432779
17.0,17,246.456052
11.0,11,246.470104
17.0,17,246.491701
18.0,18,246.515152
32.0,32,246.558129
17.0,17,246.580033
12.0,12,246.595701
21.0,21,246.619324
13.0,13,246.644338
19.0,19,246.666595
15.0,15,246.686077
15.0,15,246.702294
33.0,33,246.749151
51.0,51,246.814327
25.0,25,246.850853
9.0,9,246.862965
22.0,22,246.895775
12.0,12,246.910873
12.0,12,246.925203
11.0,11,246.941949
16.0,16,246.964328
31.0,31,247.002084
23.0,23,247.030311
19.0,19,247.06156
12.0,12,247.078854
14.0,14,247.095997
20.0,20,247.118527
25.0,25,247.158007
18.0,18,247.185039
19.0,19,247.209584
21.0,21,247.233503
19.0,19,247.265597
30.0,30,247.302325
34.0,34,247.345209
19.0,19,247.369483
19.0,19,247.384765
12.0,12,247.4011
18.0,18,247.420309
44.0,44,247.470055
16.0,16,247.488701
23.0,23,247.51857
19.0,19,247.535603
17.0,17,247.560193
16.0,16,247.584144
14.0,14,247.603394
24.0,24,247.627964
15.0,15,247.64701
67.0,67,247.733978
12.0,12,247.753209
29.0,29,247.794282
22.0,22,247.820121
19.0,19,247.847716
16.0,16,247.871255
31.0,31,247.917334
17.0,17,247.937362
17.0,17,247.957666
30.0,30,248.006178
12.0,12,248.021089
15.0,15,248.040857
34.0,34,248.082023
19.0,19,248.112258
12.0,12,248.12857
9.0,9,248.138432
53.0,53,248.209964
35.0,35,248.256348
16.0,16,248.27629
31.0,31,248.321993
38.0,38,248.369061
16.0,16,248.393072
24.0,24,248.424196
37.0,37,248.473679
12.0,12,248.489896
13.0,13,248.512005
21.0,21,248.535479
18.0,18,248.565523
16.0,16,248.590117
21.0,21,248.624232
16.0,16,248.646282
19.0,19,248.674605
12.0,12,248.691237
20.0,20,248.725421
43.0,43,248.784401
11.0,11,248.799415
18.0,18,248.830059
15.0,15,248.848546
48.0,48,248.917637
36.0,36,248.965629
14.0,14,248.989168
26.0,26,249.025228
11.0,11,249.041721
15.0,15,249.064231
31.0,31,249.10614
22.0,22,249.14276
14.0,14,249.165274
8.0,8,249.175156
11.0,11,249.188937
9.0,9,249.207042
14.0,14,249.228143
22.0,22,249.261461
14.0,14,249.278639
17.0,17,249.304987
13.0,13,249.323174
52.0,52,249.403973
29.0,29,249.448078
20.0,20,249.476285
32.0,32,249.519769
11.0,11,249.533354
16.0,16,249.560421
57.0,57,249.64947
47.0,47,249.719729
21.0,21,249.751209
29.0,29,249.788597
24.0,24,249.825792
13.0,13,249.840514
15.0,15,249.86702
39.0,39,249.923709
20.0,20,249.950849
14.0,14,249.973899
10.0,10,249.991446
12.0,12,250.007016
18.0,18,250.0316
13.0,13,250.05396
12.0,12,250.071693
11.0,11,250.083377
25.0,25,250.123854
10.0,10,250.135641
61.0,61,250.221165
13.0,13,250.242366
55.0,55,250.323114
13.0,13,250.345051
13.0,13,250.361615
12.0,12,250.381938
18.0,18,250.407932
21.0,21,250.437698
16.0,16,250.460501
11.0,11,250.472026
29.0,29,250.519792
34.0,34,250.566233
48.0,48,250.635841
21.0,21,250.664755
55.0,55,250.753051
12.0,12,250.77072
27.0,27,250.813554
14.0,14,250.830389
35.0,35,250.884485
21.0,21,250.914446
22.0,22,250.946222
12.0,12,250.964205
13.0,13,250.983169
20.0,20,251.017327
13.0,13,251.035815
14.0,14,251.056421
48.0,48,251.130583
9.0,9,251.14231
25.0,25,251.174772
29.0,29,251.222826
30.0,30,251.264534
14.0,14,251.286516
19.0,19,251.310818
17.0,17,251.33796
15.0,15,251.359041
18.0,18,251.383836
19.0,19,251.413475
21.0,21,251.442279
21.0,21,251.46882
10.0,10,251.483972
31.0,31,251.52743
19.0,19,251.551803
18.0,18,251.582332
16.0,16,251.601968
35.0,35,251.654506
13.0,13,251.673821
18.0,18,251.698834
11.0,11,251.716999
18.0,18,251.744605
21.0,21,251.781004
67.0,67,251.882876
41.0,41,251.946194
12.0,12,251.961333
34.0,34,252.002042
56.0,56,252.084788
31.0,31,252.132719
23.0,23,252.167566
20.0,20,252.193749
13.0,13,252.214405
19.0,19,252.241682
10.0,10,252.259511
9.0,9,252.269493
27.0,27,252.309082
16.0,16,252.329776
13.0,13,252.344242
18.0,18,252.3764
12.0,12,252.395738
23.0,23,252.426349
11.0,11,252.438296
25.0,25,252.47861
16.0,16,252.50429
17.0,17,252.528721
14.0,14,252.545007
17.0,17,252.580334
16.0,16,252.605747
14.0,14,252.623326
24.0,24,252.654659
18.0,18,252.685401
13.0,13,252.706118
12.0,12,252.725561
26.0,26,252.758581
15.0,15,252.784866
24.0,24,252.820333
19.0,19,252.846097
14.0,14,252.864647
11.0,11,252.883362
29.0,29,252.926211
12.0,12,252.942321
12.0,12,252.96069
16.0,16,252.987008
15.0,15,253.014385
40.0,40,253.067671
16.0,16,253.093513
14.0,14,253.115942
15.0,15,253.138876
11.0,11,253.156792
12.0,12,253.172552
14.0,14,253.195611
29.0,29,253.234203
23.0,23,253.263015
18.0,18,253.291721
27.0,27,253.329273
25.0,25,253.366914
23.0,23,253.400315
24.0,24,253.433577
16.0,16,253.456958
52.0,52,253.532682
25.0,25,253.563329
24.0,24,253.595537
14.0,14,253.61914
15.0,15,253.638038
11.0,11,253.656179
19.0,19,253.683834
20.0,20,253.715885
17.0,17,253.739198
13.0,13,253.756202
28.0,28,253.792167
20.0,20,253.82478
18.0,18,253.853027
11.0,11,253.868669
17.0,17,253.889854
17.0,17,253.910573
57.0,57,253.987722
29.0,29,254.033273
29.0,29,254.071161
42.0,42,254.13077
29.0,29,254.174846
18.0,18,254.195068
43.0,43,254.25375
20.0,20,254.28325
13.0,13,254.303408
12.0,12,254.317506
81.0,81,254.439941
22.0,22,254.473824
32.0,32,254.521802
15.0,15,254.546689
19.0,19,254.571377
13.0,13,254.593762
36.0,36,254.642269
33.0,33,254.694175
13.0,13,254.713432
16.0,16,254.734346
58.0,58,254.822979
30.0,30,254.865637
70.0,70,254.969441
11.0,11,254.9837
16.0,16,255.009501
17.0,17,255.038636
23.0,23,255.072451
24.0,24,255.105637
29.0,29,255.150952
11.0,11,255.162952
12.0,12,255.186551
18.0,18,255.212028
15.0,15,255.236445
13.0,13,255.255525
31.0,31,255.300976
9.0,9,255.310923
17.0,17,255.336571
18.0,18,255.363754
38.0,38,255.416934
10.0,10,255.432856
16.0,16,255.458025
15.0,15,255.48247
14.0,14,255.503447
18.0,18,255.525946
17.0,17,255.553791
12.0,12,255.570384
12.0,12,255.58936
14.0,14,255.60589
12.0,12,255.623637
16.0,16,255.642298
48.0,48,255.713171
13.0,13,255.725136
25.0,25,255.761769
16.0,16,255.782036
44.0,44,255.844107
13.0,13,255.859929
12.0,12,255.87985
24.0,24,255.915053
16.0,16,255.937176
12.0,12,255.953444
15.0,15,255.977517
15.0,15,255.995357
14.0,14,256.018635
68.0,68,256.108821
16.0,16,256.132566
13.0,13,256.15075
25.0,25,256.181543
13.0,13,256.203474
14.0,14,256.226001
17.0,17,256.245465
17.0,17,256.270719
36.0,36,256.319094
32.0,32,256.35972
144.0,144,256.552238
15.0,15,256.570109
13.0,13,256.591021
18.0,18,256.616194
15.0,15,256.641074
16.0,16,256.659816
25.0,25,256.693891
17.0,17,256.718462
15.0,15,256.742199
8.0,8,256.753848
17.0,17,256.773634
56.0,56,256.857307
27.0,27,256.893693
11.0,11,256.90871
18.0,18,256.930492
13.0,13,256.95825
15.0,15,256.973048
20.0,20,256.999411
15.0,15,257.022174
12.0,12,257.045022
18.0,18,257.071427
10.0,10,257.085115
17.0,17,257.105854
23.0,23,257.139881
29.0,29,257.179953
9.0,9,257.19453
32.0,32,257.235055
12.0,12,257.25528
25.0,25,257.286174
44.0,44,257.347776
15.0,15,257.372379
18.0,18,257.400027
17.0,17,257.423816
10.0,10,257.438874
16.0,16,257.465987
11.0,11,257.484467
14.0,14,257.506006
17.0,17,257.524807
17.0,17,257.55477
17.0,17,257.584519
30.0,30,257.623902
15.0,15,257.645476
43.0,43,257.709485
16.0,16,257.737083
24.0,24,257.768179
13.0,13,257.788331
17.0,17,257.810453
17.0,17,257.837832
27.0,27,257.870989
18.0,18,257.898609
33.0,33,257.940195
19.0,19,257.967311
12.0,12,257.986984
12.0,12,258.002001
23.0,23,258.030873
14.0,14,258.048784
12.0,12,258.06662
26.0,26,258.104265
20.0,20,258.129315
30.0,30,258.168859
28.0,28,258.209991
11.0,11,258.225349
21.0,21,258.25153
12.0,12,258.272489
12.0,12,258.288671
32.0,32,258.335971
20.0,20,258.362752
23.0,23,258.40035
12.0,12,258.417633
20.0,20,258.444613
14.0,14,258.459649
17.0,17,258.48741
11.0,11,258.498493
12.0,12,258.517612
58.0,58,258.597232
21.0,21,258.632422
11.0,11,258.648757
23.0,23,258.678773
70.0,70,258.770108
9.0,9,258.782413
12.0,12,258.798036
18.0,18,258.825744
36.0,36,258.8685
24.0,24,258.899567
14.0,14,258.911857
16.0,16,258.936817
18.0,18,258.961725
32.0,32,259.004983
25.0,25,259.038187
37.0,37,259.346179
18.0,18,259.371338
12.0,12,259.39144
13.0,13,259.407511
19.0,19,259.433268
24.0,24,259.466492
9.0,9,259.481129
20.0,20,259.503626
15.0,15,259.522607
25.0,25,259.55562
52.0,52,259.626458
17.0,17,259.653462
24.0,24,259.68661
49.0,49,259.760614
35.0,35,259.805114
12.0,12,259.822967
12.0,12,259.841443
16.0,16,259.866424
20.0,20,259.902598
17.0,17,259.928459
28.0,28,259.967517
12.0,12,259.981359
24.0,24,260.019661
19.0,19,260.040412
22.0,22,260.077243
12.0,12,260.092914
21.0,21,260.124743
15.0,15,260.147098
16.0,16,260.174518
20.0,20,260.200315
20.0,20,260.230523
18.0,18,260.253545
36.0,36,260.309038
32.0,32,260.351159
15.0,15,260.373441
13.0,13,260.393791
24.0,24,260.428598
17.0,17,260.453696
11.0,11,260.469711
40.0,40,260.527582
13.0,13,260.547828
13.0,13,260.563581
13.0,13,260.588518
15.0,15,260.610233
27.0,27,260.648052
13.0,13,260.663887
28.0,28,260.711974
20.0,20,260.740065
12.0,12,260.756509
18.0,18,260.779734
15.0,15,260.808277
19.0,19,260.833685
33.0,33,260.875443
22.0,22,260.907938
23.0,23,260.937288
15.0,15,260.957548
20.0,20,260.982917
51.0,51,261.058842
33.0,33,261.108974
23.0,23,261.140064
21.0,21,261.166003
16.0,16,261.187988
22.0,22,261.23029
12.0,12,261.247145
18.0,18,261.265591
11.0,11,261.280827
17.0,17,261.303221
11.0,11,261.321776
17.0,17,261.342603
29.0,29,261.372555
14.0,14,261.394397
16.0,16,261.420241
14.0,14,261.436341
12.0,12,261.454021
14.0,14,261.477755
17.0,17,261.49858
21.0,21,261.527642
12.0,12,261.546803
50.0,50,261.621174
9.0,9,261.635485
13.0,13,261.651922
25.0,25,261.690566
22.0,22,261.720317
16.0,16,261.745775
54.0,54,261.815762
53.0,53,261.890065
47.0,47,261.960682
33.0,33,262.006392
18.0,18,262.029517
12.0,12,262.047296
35.0,35,262.098345
15.0,15,262.119137
9.0,9,262.133842
16.0,16,262.162441
11.0,11,262.183812
20.0,20,262.211059
19.0,19,262.237183
17.0,17,262.26037
15.0,15,262.284179
19.0,19,262.307549
29.0,29,262.356709
12.0,12,262.372037
14.0,14,262.39298
15.0,15,262.415618
19.0,19,262.441929
16.0,16,262.468916
22.0,22,262.501121
15.0,15,262.522209
15.0,15,262.546003
13.0,13,262.567075
9.0,9,262.582029
34.0,34,262.628764
56.0,56,262.710548
14.0,14,262.729165
16.0,16,262.75551
15.0,15,262.781398
19.0,19,262.807791
11.0,11,262.820236
18.0,18,262.850094
17.0,17,262.871382
20.0,20,262.902289
16.0,16,262.925522
13.0,13,262.945801
27.0,27,262.985304
13.0,13,263.001807
17.0,17,263.027022
27.0,27,263.063553
12.0,12,263.077384
17.0,17,263.107145
16.0,16,263.12787
10.0,10,263.141006
16.0,16,263.161615
36.0,36,263.210188
13.0,13,263.226494
18.0,18,263.256418
32.0,32,263.304519
23.0,23,263.337217
12.0,12,263.352972
28.0,28,263.397883
9.0,9,263.407589
18.0,18,263.428724
23.0,23,263.459505
25.0,25,263.49206
21.0,21,263.52451
13.0,13,263.540422
19.0,19,263.564724
21.0,21,263.59511
24.0,24,263.629286
24.0,24,263.658276
63.0,63,263.743967
12.0,12,263.761598
10.0,10,263.772739
25.0,25,263.802325
29.0,29,263.84317
32.0,32,263.878592
19.0,19,263.895344
16.0,16,263.911045
66.0,66,263.984372
13.0,13,263.999633
9.0,9,264.007771
16.0,16,264.027468
19.0,19,264.045856
18.0,18,264.068171
12.0,12,264.08089
20.0,20,264.09835
78.0,78,264.180817
17.0,17,264.200966
10.0,10,264.212618
44.0,44,264.261392
15.0,15,264.275939
17.0,17,264.295018
19.0,19,264.31515
15.0,15,264.328354
28.0,28,264.359778
11.0,11,264.374686
19.0,19,264.395674
23.0,23,264.422958
12.0,12,264.439259
23.0,23,264.464166
17.0,17,264.485188
12.0,12,264.498205
16.0,16,264.514745
28.0,28,264.549064
18.0,18,264.566971
15.0,15,264.583411
40.0,40,264.626202
21.0,21,264.654631
20.0,20,264.674135
22.0,22,264.69844
13.0,13,264.712176
14.0,14,264.726584
25.0,25,264.758308
16.0,16,264.774607
27.0,27,264.797658
18.0,18,264.821959
15.0,15,264.837278
17.0,17,264.860505
17.0,17,264.877195
24.0,24,264.906973
27.0,27,264.938631
14.0,14,264.952797
14.0,14,264.972277
16.0,16,264.991599
24.0,24,265.019577
27.0,27,265.052872
18.0,18,265.077444
15.0,15,265.102475
55.0,55,265.18247
12.0,12,265.197578
21.0,21,265.224404
13.0,13,265.243909
17.0,17,265.267243
15.0,15,265.293481
13.0,13,265.310438
16.0,16,265.335382
14.0,14,265.357656
18.0,18,265.38475
11.0,11,265.401572
23.0,23,265.436901
12.0,12,265.450317
39.0,39,265.503267
11.0,11,265.515266
10.0,10,265.533674
12.0,12,265.551956
16.0,16,265.570116
18.0,18,265.59706
38.0,38,265.651451
13.0,13,265.666172
11.0,11,265.679654
9.0,9,265.693795
58.0,58,265.771733
21.0,21,265.802735
9.0,9,265.812972
25.0,25,265.845923
16.0,16,265.870185
15.0,15,265.892382
11.0,11,265.914588
15.0,15,265.938016
21.0,21,265.967274
11.0,11,265.984242
11.0,11,265.996146
13.0,13,266.020066
11.0,11,266.034261
11.0,11,266.051204
9.0,9,266.063016
28.0,28,266.098795
15.0,15,266.124664
67.0,67,266.212161
14.0,14,266.229084
21.0,21,266.260875
10.0,10,266.275742
19.0,19,266.302529
15.0,15,266.32727
24.0,24,266.351515
28.0,28,266.39427
18.0,18,266.413649
24.0,24,266.450115
13.0,13,266.467944
17.0,17,266.497845
30.0,30,266.538164
17.0,17,266.560914
13.0,13,266.581868
25.0,25,266.621729
12.0,12,266.643042
10.0,10,266.655117
12.0,12,266.671175
13.0,13,266.688827
48.0,48,266.757104
17.0,17,266.778692
15.0,15,266.803259
21.0,21,266.835235
10.0,10,266.847126
14.0,14,266.864732
37.0,37,266.914536
35.0,35,266.970511
31.0,31,267.016055
13.0,13,267.03118
12.0,12,267.04846
12.0,12,267.069456
13.0,13,267.08693
19.0,19,267.112776
10.0,10,267.123548
13.0,13,267.152457
26.0,26,267.188905
9.0,9,267.199757
42.0,42,267.265695
12.0,12,267.285352
36.0,36,267.331702
13.0,13,267.344746
12.0,12,267.368475
30.0,30,267.412323
40.0,40,267.470332
11.0,11,267.484576
14.0,14,267.50678
28.0,28,267.546844
12.0,12,267.567533
15.0,15,267.589378
13.0,13,267.606333
14.0,14,267.629184
10.0,10,267.647629
15.0,15,267.67312
14.0,14,267.687481
22.0,22,267.723408
12.0,12,267.738371
35.0,35,267.791213
15.0,15,267.812504
25.0,25,267.849677
33.0,33,267.892537
13.0,13,267.906917
26.0,26,267.938255
10.0,10,267.956924
20.0,20,267.987952
21.0,21,268.01273
16.0,16,268.033945
13.0,13,268.052605
18.0,18,268.077289
25.0,25,268.11073
9.0,9,268.12095
9.0,9,268.138041
14.0,14,268.155443
22.0,22,268.182858
10.0,10,268.197662
20.0,20,268.225345
13.0,13,268.241521
15.0,15,268.263412
24.0,24,268.29955
13.0,13,268.319349
17.0,17,268.344109
17.0,17,268.366511
14.0,14,268.383401
12.0,12,268.408165
15.0,15,268.430258
15.0,15,268.452374
16.0,16,268.473522
18.0,18,268.502399
17.0,17,268.526936
10.0,10,268.538705
9.0,9,268.550763
30.0,30,268.596399
16.0,16,268.622704
18.0,18,268.646693
13.0,13,268.670407
17.0,17,268.695825
13.0,13,268.71697
18.0,18,268.744494
12.0,12,268.760003
11.0,11,268.773966
33.0,33,268.814945
20.0,20,268.837122
10.0,10,268.847395
21.0,21,268.871376
13.0,13,268.888144
17.0,17,268.904085
15.0,15,268.922662
14.0,14,268.940742
19.0,19,268.963406
14.0,14,268.980823
13.0,13,269.000772
22.0,22,269.034241
10.0,10,269.048601
20.0,20,269.072627
13.0,13,269.088809
14.0,14,269.104712
29.0,29,269.145744
29.0,29,269.181753
10.0,10,269.192877
21.0,21,269.227955
12.0,12,269.243316
17.0,17,269.265316
22.0,22,269.291286
14.0,14,269.312655
23.0,23,269.346421
12.0,12,269.359745
13.0,13,269.375053
42.0,42,269.422649
23.0,23,269.454029
13.0,13,269.468258
21.0,21,269.491938
18.0,18,269.517331
16.0,16,269.541928
16.0,16,269.562538
17.0,17,269.580745
18.0,18,269.607716
12.0,12,269.623357
13.0,13,269.638747
15.0,15,269.661251
12.0,12,269.67718
15.0,15,269.697216
12.0,12,269.711906
18.0,18,269.732578
24.0,24,269.765186
25.0,25,269.7929
17.0,17,269.819418
13.0,13,269.835706
14.0,14,269.85659
21.0,21,269.882898
18.0,18,269.904242
16.0,16,269.925282
18.0,18,269.951184
15.0,15,269.973475
22.0,22,270.001222
27.0,27,270.036558
45.0,45,270.093337
27.0,27,270.131628
26.0,26,270.16581
13.0,13,270.182667
23.0,23,270.217103
12.0,12,270.232192
21.0,21,270.254957
17.0,17,270.285918
15.0,15,270.308687
22.0,22,270.336781
28.0,28,270.377438
14.0,14,270.394606
24.0,24,270.425647
110.0,110,270.580254
14.0,14,270.597616
23.0,23,270.630371
11.0,11,270.65141
13.0,13,270.66852
18.0,18,270.697013
16.0,16,270.717646
16.0,16,270.74256
20.0,20,270.768885
19.0,19,270.794325
23.0,23,270.828584
49.0,49,270.899401
12.0,12,270.915372
16.0,16,270.936403
14.0,14,270.955338
14.0,14,270.974225
16.0,16,271.000489
18.0,18,271.021559
23.0,23,271.048935
15.0,15,271.066854
29.0,29,271.113285
16.0,16,271.134239
13.0,13,271.148774
15.0,15,271.172443
12.0,12,271.190512
15.0,15,271.210557
15.0,15,271.232477
33.0,33,271.275659
13.0,13,271.296545
32.0,32,271.339675
9.0,9,271.350022
21.0,21,271.379437
12.0,12,271.39448
40.0,40,271.450568
22.0,22,271.478396
13.0,13,271.49894
17.0,17,271.526013
18.0,18,271.553434
16.0,16,271.57665
17.0,17,271.598718
22.0,22,271.627193
17.0,17,271.655277
24.0,24,271.68322
15.0,15,271.697924
11.0,11,271.711489
19.0,19,271.742625
51.0,51,271.810064
13.0,13,271.832222
17.0,17,271.851384
10.0,10,271.865654
10.0,10,271.876257
12.0,12,271.894199
30.0,30,271.937992
19.0,19,271.959159
51.0,51,272.027435
19.0,19,272.056703
14.0,14,272.073037
17.0,17,272.0996
13.0,13,272.113723
16.0,16,272.134941
15.0,15,272.157966
15.0,15,272.173675
13.0,13,272.192333
55.0,55,272.268513
28.0,28,272.303902
21.0,21,272.33501
15.0,15,272.354493
9.0,9,272.370374
29.0,29,272.405052
13.0,13,272.421855
13.0,13,272.437827
11.0,11,272.461856
16.0,16,272.486842
11.0,11,272.504039
11.0,11,272.520487
26.0,26,272.556206
17.0,17,272.576949
12.0,12,272.594961
25.0,25,272.632637
32.0,32,272.683606
24.0,24,272.715163
17.0,17,272.735113
29.0,29,272.783198
12.0,12,272.801924
21.0,21,272.827427
11.0,11,272.843598
23.0,23,272.877503
21.0,21,272.904691
11.0,11,272.919979
18.0,18,272.942415
24.0,24,272.980154
20.0,20,273.007409
13.0,13,273.296501
14.0,14,273.310085
9.0,9,273.320957
19.0,19,273.350264
11.0,11,273.36675
20.0,20,273.3969
12.0,12,273.413658
12.0,12,273.432344
18.0,18,273.454741
36.0,36,273.507501
13.0,13,273.527117
16.0,16,273.552562
33.0,33,273.598205
27.0,27,273.635034
26.0,26,273.670112
17.0,17,273.695398
26.0,26,273.73461
15.0,15,273.758576
15.0,15,273.775037
15.0,15,273.800277
11.0,11,273.821571
15.0,15,273.840926
11.0,11,273.853816
22.0,22,273.887861
12.0,12,273.908663
13.0,13,273.924257
14.0,14,273.947462
32.0,32,273.997423
9.0,9,274.007732
15.0,15,274.035693
41.0,41,274.095751
18.0,18,274.12439
12.0,12,274.142042
17.0,17,274.168084
15.0,15,274.185322
27.0,27,274.227088
17.0,17,274.248559
13.0,13,274.268452
11.0,11,274.281013
25.0,25,274.325939
14.0,14,274.344833
11.0,11,274.358728
14.0,14,274.373788
13.0,13,274.398894
14.0,14,274.415198
20.0,20,274.449077
35.0,35,274.497971
34.0,34,274.548558
54.0,54,274.622794
9.0,9,274.638762
17.0,17,274.662769
13.0,13,274.687476
15.0,15,274.705385
35.0,35,274.754347
15.0,15,274.773947
14.0,14,274.793029
24.0,24,274.826133
14.0,14,274.850481
28.0,28,274.886421
13.0,13,274.909298
42.0,42,274.97619
11.0,11,274.988205
14.0,14,275.007674
15.0,15,275.033997
16.0,16,275.061235
13.0,13,275.077478
13.0,13,275.096127
15.0,15,275.121076
12.0,12,275.13712
42.0,42,275.195266
14.0,14,275.21353
14.0,14,275.233325
16.0,16,275.253706
14.0,14,275.275893
13.0,13,275.291568
41.0,41,275.354717
17.0,17,275.384992
19.0,19,275.408395
15.0,15,275.433063
41.0,41,275.491412
14.0,14,275.51128
37.0,37,275.564029
37.0,37,275.615065
13.0,13,275.639094
15.0,15,275.65605
11.0,11,275.676443
15.0,15,275.698096
20.0,20,275.728205
19.0,19,275.753322
15.0,15,275.771551
14.0,14,275.798126
13.0,13,275.814704
20.0,20,275.844182
22.0,22,275.875995
13.0,13,275.896756
14.0,14,275.915009
16.0,16,275.939179
14.0,14,275.962921
16.0,16,275.986357
22.0,22,276.018546
15.0,15,276.038427
20.0,20,276.067294
20.0,20,276.102957
15.0,15,276.128538
31.0,31,276.170704
14.0,14,276.1888
16.0,16,276.213588
24.0,24,276.247122
20.0,20,276.277648
20.0,20,276.308173
21.0,21,276.33329
38.0,38,276.389817
12.0,12,276.409284
18.0,18,276.4314
20.0,20,276.457727
18.0,18,276.487838
35.0,35,276.544905
9.0,9,276.557333
18.0,18,276.580171
18.0,18,276.614459
14.0,14,276.631756
12.0,12,276.648336
13.0,13,276.669139
14.0,14,276.689793
9.0,9,276.701119
15.0,15,276.72878
14.0,14,276.750706
13.0,13,276.769818
22.0,22,276.797692
9.0,9,276.813859
27.0,27,276.855155
40.0,40,276.910642
20.0,20,276.941693
34.0,34,276.987099
17.0,17,277.01356
15.0,15,277.039955
18.0,18,277.063883
53.0,53,277.144987
19.0,19,277.169458
28.0,28,277.210294
31.0,31,277.25683
20.0,20,277.285253
23.0,23,277.313586
21.0,21,277.349758
15.0,15,277.372299
28.0,28,277.410614
14.0,14,277.429279
21.0,21,277.472268
13.0,13,277.488459
15.0,15,277.511996
14.0,14,277.531584
36.0,36,277.591407
12.0,12,277.607592
14.0,14,277.628932
16.0,16,277.655629
14.0,14,277.675809
14.0,14,277.692048
13.0,13,277.708595
43.0,43,277.773652
21.0,21,277.807046
25.0,25,277.839649
42.0,42,277.901608
20.0,20,277.929813
16.0,16,277.956129
40.0,40,278.013606
12.0,12,278.02949
25.0,25,278.060603
14.0,14,278.084412
19.0,19,278.112451
15.0,15,278.137921
14.0,14,278.155298
29.0,29,278.205444
20.0,20,278.233712
15.0,15,278.251908
15.0,15,278.279359
10.0,10,278.296611
84.0,84,278.413831
16.0,16,278.436427
14.0,14,278.452256
11.0,11,278.47226
13.0,13,278.491912
27.0,27,278.528736
27.0,27,278.570176
36.0,36,278.625725
14.0,14,278.642875
36.0,36,278.696771
18.0,18,278.723567
47.0,47,278.785378
15.0,15,278.813013
10.0,10,278.829482
14.0,14,278.845919
17.0,17,278.871409
51.0,51,278.940851
12.0,12,278.956465
13.0,13,278.972063
16.0,16,278.996456
36.0,36,279.053614
25.0,25,279.086154
15.0,15,279.103096
13.0,13,279.130542
22.0,22,279.158081
12.0,12,279.176631
56.0,56,279.26218
13.0,13,279.282084
23.0,23,279.319737
26.0,26,279.356504
15.0,15,279.375113
50.0,50,279.451754
14.0,14,279.469434
53.0,53,279.547679
18.0,18,279.571785
14.0,14,279.596872
9.0,9,279.609745
13.0,13,279.630772
22.0,22,279.663003
28.0,28,279.704876
21.0,21,279.739985
12.0,12,279.757695
12.0,12,279.773192
14.0,14,279.793285
12.0,12,279.809752
15.0,15,279.833563
17.0,17,279.863346
14.0,14,279.889906
21.0,21,279.916222
14.0,14,279.94215
15.0,15,279.960942
32.0,32,280.004335
27.0,27,280.047055
13.0,13,280.064683
12.0,12,280.080667
19.0,19,280.108976
32.0,32,280.152979
33.0,33,280.198008
19.0,19,280.225617
32.0,32,280.272523
17.0,17,280.29411
15.0,15,280.313233
25.0,25,280.346278
15.0,15,280.374727
13.0,13,280.392799
21.0,21,280.425451
13.0,13,280.443082
14.0,14,280.467196
19.0,19,280.494824
14.0,14,280.515214
15.0,15,280.532931
13.0,13,280.556282
20.0,20,280.589064
12.0,12,280.60456
21.0,21,280.633677
20.0,20,280.669344
20.0,20,280.699967
49.0,49,280.765779
19.0,19,280.799586
14.0,14,280.819912
26.0,26,280.859421
31.0,31,280.910694
22.0,22,280.935843
10.0,10,280.955348
21.0,21,280.984295
18.0,18,281.007566
21.0,21,281.039711
15.0,15,281.063804
11.0,11,281.079838
11.0,11,281.098451
11.0,11,281.114169
25.0,25,281.151583
19.0,19,281.179043
20.0,20,281.209749
14.0,14,281.229448
18.0,18,281.260924
13.0,13,281.278004
13.0,13,281.300377
18.0,18,281.329267
17.0,17,281.353944
15.0,15,281.375147
17.0,17,281.403155
22.0,22,281.43056
45.0,45,281.509058
16.0,16,281.53295
12.0,12,281.548141
11.0,11,281.560624
10.0,10,281.578001
30.0,30,281.6176
11.0,11,281.633893
13.0,13,281.650054
10.0,10,281.668145
11.0,11,281.683403
15.0,15,281.702009
16.0,16,281.728049
16.0,16,281.752161
17.0,17,281.779078
17.0,17,281.80116
20.0,20,281.833677
25.0,25,281.868741
11.0,11,281.885405
21.0,21,281.912419
20.0,20,281.943392
15.0,15,281.967691
11.0,11,281.982281
12.0,12,282.001192
13.0,13,282.021966
37.0,37,282.071526
16.0,16,282.096024
9.0,9,282.107061
15.0,15,282.132591
14.0,14,282.155642
15.0,15,282.173149
27.0,27,282.21009
12.0,12,282.230748
17.0,17,282.254019
24.0,24,282.28558
17.0,17,282.314252
11.0,11,282.326974
12.0,12,282.350425
22.0,22,282.381678
11.0,11,282.399867
19.0,19,282.422717
41.0,41,282.486626
17.0,17,282.509104
26.0,26,282.542594
24.0,24,282.574425
13.0,13,282.59869
16.0,16,282.620717
16.0,16,282.647261
17.0,17,282.666672
21.0,21,282.697959
17.0,17,282.72214
15.0,15,282.744019
12.0,12,282.764293
19.0,19,282.791605
44.0,44,282.860005
11.0,11,282.876712
19.0,19,282.903022
26.0,26,282.942314
15.0,15,282.967213
26.0,26,283.001812
40.0,40,283.057069
31.0,31,283.106306
15.0,15,283.125192
65.0,65,283.217433
12.0,12,283.233444
16.0,16,283.259815
19.0,19,283.292994
10.0,10,283.305434
24.0,24,283.337775
14.0,14,283.364008
25.0,25,283.399323
16.0,16,283.419127
12.0,12,283.43383
19.0,19,283.464454
13.0,13,283.48732
10.0,10,283.498394
19.0,19,283.525372
17.0,17,283.552396
13.0,13,283.571199
14.0,14,283.593548
9.0,9,283.605621
54.0,54,283.685564
41.0,41,283.745601
10.0,10,283.760749
18.0,18,283.783863
17.0,17,283.812692
33.0,33,283.860833
17.0,17,283.885575
12.0,12,283.908068
13.0,13,283.928496
17.0,17,283.953073
14.0,14,283.976481
11.0,11,283.993347
13.0,13,284.018702
15.0,15,284.038604
13.0,13,284.055477
41.0,41,284.108414
15.0,15,284.132046
40.0,40,284.18801
20.0,20,284.218011
11.0,11,284.236686
13.0,13,284.257611
15.0,15,284.280007
16.0,16,284.299752
9.0,9,284.309601
9.0,9,284.328093
25.0,25,284.36287
13.0,13,284.381088
47.0,47,284.441033
14.0,14,284.464541
14.0,14,284.480335
14.0,14,284.500184
19.0,19,284.52997
56.0,56,284.607199
16.0,16,284.631761
22.0,22,284.653995
12.0,12,284.670641
20.0,20,284.698728
12.0,12,284.716154
17.0,17,284.738458
18.0,18,284.761786
12.0,12,284.782396
11.0,11,284.797982
19.0,19,284.821309
15.0,15,284.848581
21.0,21,284.878594
16.0,16,284.903503
28.0,28,284.943732
18.0,18,284.966632
28.0,28,285.006569
12.0,12,285.023945
25.0,25,285.059559
16.0,16,285.083356
17.0,17,285.105569
19.0,19,285.129774
10.0,10,285.149261
10.0,10,285.159751
17.0,17,285.182219
29.0,29,285.222545
14.0,14,285.24124
14.0,14,285.267657
18.0,18,285.291724
15.0,15,285.312445
14.0,14,285.328831
10.0,10,285.344057
39.0,39,285.40184
36.0,36,285.448087
31.0,31,285.493152
26.0,26,285.531773
30.0,30,285.579618
14.0,14,285.602722
10.0,10,285.614017
35.0,35,285.660713
10.0,10,285.681536
10.0,10,285.694358
10.0,10,285.71144
14.0,14,285.731191
16.0,16,285.756991
18.0,18,285.789253
13.0,13,285.806048
14.0,14,285.823187
19.0,19,285.853552
15.0,15,285.881324
20.0,20,285.907211
20.0,20,285.932524
21.0,21,285.961129
14.0,14,285.985808
39.0,39,286.036134
12.0,12,286.051916
11.0,11,286.071556
25.0,25,286.107741
11.0,11,286.122746
18.0,18,286.145538
14.0,14,286.165814
14.0,14,286.190535
25.0,25,286.220082
68.0,68,286.318604
10.0,10,286.334639
47.0,47,286.390521
11.0,11,286.409022
14.0,14,286.424284
18.0,18,286.451127
19.0,19,286.476197
18.0,18,286.496389
16.0,16,286.522691
14.0,14,286.546776
15.0,15,286.563912
13.0,13,286.583955
27.0,27,286.618579
14.0,14,286.640305
15.0,15,286.657239
16.0,16,286.674957
13.0,13,286.692769
11.0,11,286.715984
19.0,19,286.735818
11.0,11,286.749256
19.0,19,286.772838
11.0,11,286.791624
18.0,18,286.818239
42.0,42,286.881063
15.0,15,286.896432
19.0,19,286.931051
51.0,51,287.003503
12.0,12,287.025709
10.0,10,287.038947
14.0,14,287.064355
23.0,23,287.096291
25.0,25,287.132171
17.0,17,287.157803
11.0,11,287.178089
21.0,21,287.207125
20.0,20,287.241339
12.0,12,287.257707
33.0,33,287.306
13.0,13,287.327834
14.0,14,287.34919
27.0,27,287.385335
24.0,24,287.419958
16.0,16,287.446164
19.0,19,287.475317
40.0,40,287.535515
14.0,14,287.560447
22.0,22,287.590569
14.0,14,287.606704
11.0,11,287.622013
13.0,13,287.64329
11.0,11,287.664461
27.0,27,287.702024
54.0,54,287.781321
12.0,12,287.803107
17.0,17,287.825998
11.0,11,287.842186
32.0,32,287.88792
17.0,17,288.237327
11.0,11,288.252753
15.0,15,288.278661
16.0,16,288.303706
26.0,26,288.339278
11.0,11,288.356825
15.0,15,288.382185
21.0,21,288.410671
18.0,18,288.440372
11.0,11,288.45216
13.0,13,288.474505
21.0,21,288.504262
22.0,22,288.535537
50.0,50,288.613741
12.0,12,288.630529
11.0,11,288.647374
9.0,9,288.659487
72.0,72,288.753732
19.0,19,288.781172
20.0,20,288.811993
13.0,13,288.833303
13.0,13,288.850916
21.0,21,288.878807
20.0,20,288.911765
15.0,15,288.938523
14.0,14,288.962216
17.0,17,288.983898
22.0,22,289.014204
35.0,35,289.066967
17.0,17,289.089613
20.0,20,289.123859
40.0,40,289.17751
31.0,31,289.229
17.0,17,289.253251
13.0,13,289.273508
23.0,23,289.303586
14.0,14,289.331239
17.0,17,289.355036
12.0,12,289.373303
12.0,12,289.389376
13.0,13,289.410015
14.0,14,289.435258
14.0,14,289.452814
25.0,25,289.490662
14.0,14,289.510262
17.0,17,289.539687
17.0,17,289.567189
21.0,21,289.595918
13.0,13,289.617956
9.0,9,289.633604
18.0,18,289.66013
41.0,41,289.716942
17.0,17,289.745342
14.0,14,289.767936
36.0,36,289.817757
15.0,15,289.844303
20.0,20,289.877091
11.0,11,289.887939
15.0,15,289.909511
12.0,12,289.926198
13.0,13,289.950974
12.0,12,289.968999
12.0,12,289.985759
12.0,12,290.002198
12.0,12,290.02176
17.0,17,290.053312
12.0,12,290.069585
15.0,15,290.086929
9.0,9,290.105902
11.0,11,290.117923
13.0,13,290.139824
15.0,15,290.16205
14.0,14,290.187543
16.0,16,290.209369
79.0,79,290.329365
12.0,12,290.34474
18.0,18,290.374523
12.0,12,290.391231
23.0,23,290.425618
12.0,12,290.442448
14.0,14,290.468484
12.0,12,290.486124
14.0,14,290.507125
21.0,21,290.535016
14.0,14,290.559889
13.0,13,290.58025
16.0,16,290.602049
18.0,18,290.622033
13.0,13,290.647229
16.0,16,290.673069
17.0,17,290.69529
17.0,17,290.717088
37.0,37,290.768795
14.0,14,290.795091
11.0,11,290.813372
19.0,19,290.834254
14.0,14,290.860139
13.0,13,290.882745
13.0,13,290.899261
14.0,14,290.920148
15.0,15,290.941702
19.0,19,290.964995
31.0,31,291.009159
15.0,15,291.032825
17.0,17,291.062035
12.0,12,291.080091
10.0,10,291.102373
12.0,12,291.120684
16.0,16,291.144879
19.0,19,291.165781
14.0,14,291.190152
14.0,14,291.208494
16.0,16,291.236358
10.0,10,291.252766
28.0,28,291.294265
21.0,21,291.324704
11.0,11,291.344521
10.0,10,291.354758
17.0,17,291.386609
34.0,34,291.4386
19.0,19,291.469123
16.0,16,291.490032
13.0,13,291.511192
22.0,22,291.543278
11.0,11,291.558151
15.0,15,291.579943
12.0,12,291.596233
20.0,20,291.625503
11.0,11,291.647566
19.0,19,291.676272
13.0,13,291.695541
38.0,38,291.749389
25.0,25,291.787205
12.0,12,291.800207
10.0,10,291.813552
16.0,16,291.834394
30.0,30,291.879884
23.0,23,291.911006
18.0,18,291.942974
11.0,11,291.960523
33.0,33,292.011361
13.0,13,292.025644
20.0,20,292.046303
20.0,20,292.065459
13.0,13,292.082694
23.0,23,292.107769
16.0,16,292.134967
16.0,16,292.155831
25.0,25,292.186617
25.0,25,292.212981
15.0,15,292.229288
17.0,17,292.249685
9.0,9,292.260945
15.0,15,292.278751
9.0,9,292.28775
13.0,13,292.301773
13.0,13,292.318358
12.0,12,292.335733
39.0,39,292.3997
11.0,11,292.412598
48.0,48,292.468324
25.0,25,292.492722
16.0,16,292.507138
17.0,17,292.522531
15.0,15,292.5452
20.0,20,292.567256
11.0,11,292.582256
12.0,12,292.59699
21.0,21,292.62228
26.0,26,292.666942
14.0,14,292.684947
13.0,13,292.702025
12.0,12,292.721269
10.0,10,292.734691
20.0,20,292.768142
79.0,79,292.869291
13.0,13,292.890324
24.0,24,292.914403
16.0,16,292.9326
16.0,16,292.954251
14.0,14,292.969754
23.0,23,292.995048
40.0,40,293.045787
15.0,15,293.06552
19.0,19,293.090976
24.0,24,293.117207
18.0,18,293.13617
16.0,16,293.15925
12.0,12,293.175947
14.0,14,293.194344
18.0,18,293.213055
13.0,13,293.227454
21.0,21,293.256561
26.0,26,293.288936
42.0,42,293.33725
9.0,9,293.344821
17.0,17,293.369802
20.0,20,293.394792
12.0,12,293.41041
17.0,17,293.429591
23.0,23,293.463458
20.0,20,293.486634
23.0,23,293.516077
33.0,33,293.553715
14.0,14,293.573266
19.0,19,293.590768
21.0,21,293.617288
18.0,18,293.63249
29.0,29,293.666604
18.0,18,293.688025
95.0,95,293.792968
15.0,15,293.807421
24.0,24,293.832914
19.0,19,293.854538
11.0,11,293.868065
16.0,16,293.891631
18.0,18,293.91263
15.0,15,293.931407
11.0,11,293.944529
21.0,21,293.966021
21.0,21,293.9929
19.0,19,294.01495
28.0,28,294.050678
12.0,12,294.067497
22.0,22,294.101457
13.0,13,294.114077
12.0,12,294.130828
18.0,18,294.150018
34.0,34,294.206893
18.0,18,294.227437
11.0,11,294.240527
13.0,13,294.255596
16.0,16,294.278882
17.0,17,294.303746
20.0,20,294.328179
15.0,15,294.342009
19.0,19,294.370736
10.0,10,294.387444
12.0,12,294.405908
14.0,14,294.420063
12.0,12,294.439367
15.0,15,294.456898
13.0,13,294.471115
18.0,18,294.494164
36.0,36,294.539655
42.0,42,294.570237
20.0,20,294.591634
20.0,20,294.61762
24.0,24,294.644639
24.0,24,294.670132
14.0,14,294.688483
34.0,34,294.734294
11.0,11,294.751465
28.0,28,294.781008
13.0,13,294.79988
11.0,11,294.819418
11.0,11,294.837818
74.0,74,294.925904
21.0,21,294.945955
17.0,17,294.965654
25.0,25,294.993893
10.0,10,295.004201
34.0,34,295.065506
25.0,25,295.091385
39.0,39,295.144004
12.0,12,295.157318
22.0,22,295.180411
12.0,12,295.19291
14.0,14,295.212672
14.0,14,295.229721
9.0,9,295.242254
21.0,21,295.267319
19.0,19,295.29101
23.0,23,295.316084
15.0,15,295.338808
40.0,40,295.390002
12.0,12,295.408899
11.0,11,295.421948
11.0,11,295.439839
28.0,28,295.486185
17.0,17,295.503222
16.0,16,295.52099
15.0,15,295.545736
18.0,18,295.567602
23.0,23,295.594194
16.0,16,295.609394
11.0,11,295.621245
18.0,18,295.639272
11.0,11,295.651192
15.0,15,295.666348
17.0,17,295.682191
13.0,13,295.696293
12.0,12,295.710009
15.0,15,295.729286
18.0,18,295.753022
13.0,13,295.769225
13.0,13,295.785797
15.0,15,295.800683
12.0,12,295.811732
12.0,12,295.823407
18.0,18,295.846246
12.0,12,295.857254
17.0,17,295.874761
19.0,19,295.895379
9.0,9,295.906369
12.0,12,295.918034
13.0,13,295.933403
34.0,34,295.969961
10.0,10,295.984751
13.0,13,295.996734
22.0,22,296.018793
14.0,14,296.037426
26.0,26,296.077417
12.0,12,296.091519
14.0,14,296.107627
15.0,15,296.124202
52.0,52,296.204142
29.0,29,296.236444
10.0,10,296.244424
16.0,16,296.266192
68.0,68,296.337159
9.0,9,296.347552
30.0,30,296.376493
12.0,12,296.391337
28.0,28,296.424645
30.0,30,296.455816
28.0,28,296.483564
14.0,14,296.496963
14.0,14,296.514175
11.0,11,296.524167
14.0,14,296.542769
17.0,17,296.559103
19.0,19,296.588064
26.0,26,296.614895
34.0,34,296.651928
16.0,16,296.672537
13.0,13,296.687193
12.0,12,296.699407
17.0,17,296.716306
17.0,17,296.742191
16.0,16,296.767596
13.0,13,296.785799
19.0,19,296.810373
14.0,14,296.826077
14.0,14,296.853649
28.0,28,296.899818
11.0,11,296.912744
18.0,18,296.937056
22.0,22,296.963732
22.0,22,296.995569
15.0,15,297.012126
17.0,17,297.028108
15.0,15,297.050719
15.0,15,297.064164
11.0,11,297.077081
13.0,13,297.096164
19.0,19,297.124751
12.0,12,297.139345
12.0,12,297.152285
19.0,19,297.171902
18.0,18,297.194906
15.0,15,297.208342
12.0,12,297.220466
16.0,16,297.242602
13.0,13,297.266797
14.0,14,297.283815
10.0,10,297.297506
15.0,15,297.314153
16.0,16,297.335918
11.0,11,297.349429
11.0,11,297.360284
13.0,13,297.375072
12.0,12,297.392848
13.0,13,297.413074
27.0,27,297.452958
11.0,11,297.470258
15.0,15,297.491136
12.0,12,297.510906
10.0,10,297.526587
18.0,18,297.548645
9.0,9,297.569519
14.0,14,297.586466
14.0,14,297.61033
21.0,21,297.6343
11.0,11,297.654086
14.0,14,297.672143
10.0,10,297.686173
17.0,17,297.710556
12.0,12,297.730751
16.0,16,297.753372
37.0,37,297.79858
27.0,27,297.837095
23.0,23,297.874335
15.0,15,297.89074
11.0,11,297.907543
23.0,23,297.942429
23.0,23,297.98155
12.0,12,297.995135
23.0,23,298.027025
14.0,14,298.045718
16.0,16,298.072415
29.0,29,298.114367
10.0,10,298.135966
20.0,20,298.166934
15.0,15,298.191081
18.0,18,298.218266
14.0,14,298.239266
16.0,16,298.260441
15.0,15,298.283716
17.0,17,298.30131
15.0,15,298.324398
12.0,12,298.348939
24.0,24,298.387972
14.0,14,298.409664
10.0,10,298.422548
19.0,19,298.454619
18.0,18,298.476474
24.0,24,298.498913
15.0,15,298.512064
13.0,13,298.523659
47.0,47,298.585354
11.0,11,298.604758
18.0,18,298.626502
22.0,22,298.654311
21.0,21,298.678334
19.0,19,298.701773
33.0,33,298.738347
24.0,24,298.770199
27.0,27,298.799868
10.0,10,298.80766
28.0,28,298.840159
18.0,18,298.87134
21.0,21,298.901692
18.0,18,298.925921
12.0,12,298.940008
16.0,16,298.962683
19.0,19,298.986337
17.0,17,299.007733
11.0,11,299.018247
17.0,17,299.040359
15.0,15,299.057716
14.0,14,299.080009
25.0,25,299.10769
9.0,9,299.120956
17.0,17,299.152058
14.0,14,299.172081
11.0,11,299.187417
11.0,11,299.203468
17.0,17,299.225349
15.0,15,299.245735
13.0,13,299.26008
12.0,12,299.278352
14.0,14,299.296504
12.0,12,299.310013
14.0,14,299.326814
29.0,29,299.35908
16.0,16,299.384213
11.0,11,299.397655
27.0,27,299.433562
17.0,17,299.451995
14.0,14,299.474381
17.0,17,299.495626
29.0,29,299.525751
18.0,18,299.542392
12.0,12,299.558175
21.0,21,299.586378
12.0,12,299.600829
26.0,26,299.625942
11.0,11,299.641414
16.0,16,299.656385
25.0,25,299.681667
18.0,18,299.707952
16.0,16,299.729169
21.0,21,299.751625
23.0,23,299.781706
13.0,13,299.800941
15.0,15,299.826023
27.0,27,299.854256
22.0,22,299.886146
14.0,14,299.902679
12.0,12,299.918099
23.0,23,299.947132
16.0,16,299.967419
13.0,13,299.98143
13.0,13,300.004955
11.0,11,300.014983
17.0,17,300.037084
43.0,43,300.080959
18.0,18,300.106446
15.0,15,300.12289
18.0,18,300.143429
39.0,39,300.188361
12.0,12,300.206436
12.0,12,300.220777
9.0,9,300.230535
15.0,15,300.24831
16.0,16,300.267827
71.0,71,300.346767
12.0,12,300.355424
11.0,11,300.363682
12.0,12,300.378698
25.0,25,300.410961
12.0,12,300.425144
15.0,15,300.439036
14.0,14,300.459823
23.0,23,300.489068
36.0,36,300.531184
11.0,11,300.541552
12.0,12,300.560626
13.0,13,300.576187
21.0,21,300.600323
13.0,13,300.618251
13.0,13,300.637358
13.0,13,300.653512
13.0,13,300.665635
13.0,13,300.677317
15.0,15,300.696577
17.0,17,300.717429
24.0,24,300.742651
12.0,12,300.756176
16.0,16,300.77278
47.0,47,300.828217
31.0,31,300.868382
21.0,21,300.8908
9.0,9,300.907172
17.0,17,300.926952
25.0,25,300.953602
33.0,33,300.984403
13.0,13,300.999713
17.0,17,301.016315
40.0,40,301.057421
11.0,11,301.069143
29.0,29,301.104129
13.0,13,301.11858
10.0,10,301.132657
15.0,15,301.153029
33.0,33,301.191153
12.0,12,301.203815
12.0,12,301.217291
18.0,18,301.245739
14.0,14,301.264829
14.0,14,301.282111
25.0,25,301.606884
15.0,15,301.623717
44.0,44,301.67623
16.0,16,301.691821
19.0,19,301.712569
15.0,15,301.731244
21.0,21,301.76037
29.0,29,301.795621
18.0,18,301.813533
14.0,14,301.83185
16.0,16,301.860336
21.0,21,301.884458
12.0,12,301.896832
36.0,36,301.940041
13.0,13,301.957385
34.0,34,301.999
16.0,16,302.019461
19.0,19,302.03823
13.0,13,302.059875
26.0,26,302.085483
18.0,18,302.104871
19.0,19,302.122367
18.0,18,302.144023
22.0,22,302.169144
21.0,21,302.191216
13.0,13,302.208874
21.0,21,302.234035
29.0,29,302.267637
12.0,12,302.280242
18.0,18,302.300298
11.0,11,302.317016
14.0,14,302.330551
16.0,16,302.347103
25.0,25,302.373008
27.0,27,302.405974
12.0,12,302.419731
12.0,12,302.432453
20.0,20,302.452096
13.0,13,302.46987
21.0,21,302.496058
44.0,44,302.547277
22.0,22,302.576101
16.0,16,302.597208
16.0,16,302.616971
15.0,15,302.634271
14.0,14,302.647425
21.0,21,302.680076
9.0,9,302.692434
14.0,14,302.710071
17.0,17,302.731711
18.0,18,302.753016
11.0,11,302.770589
18.0,18,302.788185
12.0,12,302.801737
40.0,40,302.844974
22.0,22,302.87247
24.0,24,302.904483
14.0,14,302.913425
11.0,11,302.925061
15.0,15,302.939186
17.0,17,302.956805
13.0,13,302.973938
12.0,12,302.993041
17.0,17,303.014515
19.0,19,303.033012
18.0,18,303.052434
13.0,13,303.07121
11.0,11,303.087079
20.0,20,303.106392
16.0,16,303.123757
18.0,18,303.14218
12.0,12,303.155692
12.0,12,303.167863
18.0,18,303.190978
21.0,21,303.220988
12.0,12,303.23785
14.0,14,303.257148
14.0,14,303.270387
24.0,24,303.300782
13.0,13,303.317131
21.0,21,303.34257
17.0,17,303.363435
12.0,12,303.391747
11.0,11,303.403688
12.0,12,303.415364
11.0,11,303.423959
19.0,19,303.445273
28.0,28,303.476243
11.0,11,303.4916
11.0,11,303.505608
10.0,10,303.520497
14.0,14,303.536368
13.0,13,303.549256
12.0,12,303.565251
10.0,10,303.577962
28.0,28,303.611173
22.0,22,303.634897
17.0,17,303.651282
18.0,18,303.675323
20.0,20,303.704146
14.0,14,303.716943
25.0,25,303.74415
15.0,15,303.765433
11.0,11,303.779512
29.0,29,303.811434
16.0,16,303.823342
10.0,10,303.8369
15.0,15,303.849198
20.0,20,303.871486
16.0,16,303.893687
11.0,11,303.916857
30.0,30,303.958092
11.0,11,303.970109
12.0,12,303.989425
38.0,38,304.050827
29.0,29,304.083944
15.0,15,304.105304
12.0,12,304.12421
17.0,17,304.149667
31.0,31,304.191213
18.0,18,304.210129
10.0,10,304.226555
15.0,15,304.249642
15.0,15,304.26487
30.0,30,304.308808
13.0,13,304.329315
10.0,10,304.349251
18.0,18,304.369719
11.0,11,304.384226
11.0,11,304.399863
15.0,15,304.420455
11.0,11,304.439948
28.0,28,304.47008
17.0,17,304.492332
11.0,11,304.509656
11.0,11,304.525456
14.0,14,304.546685
9.0,9,304.561854
25.0,25,304.593191
10.0,10,304.605047
11.0,11,304.618835
13.0,13,304.63475
11.0,11,304.658456
55.0,55,304.725758
15.0,15,304.747662
15.0,15,304.766161
15.0,15,304.791335
13.0,13,304.809024
38.0,38,304.865223
10.0,10,304.877541
19.0,19,304.902856
11.0,11,304.917691
13.0,13,304.933636
11.0,11,304.955554
28.0,28,304.993775
12.0,12,305.012042
20.0,20,305.03632
21.0,21,305.062932
11.0,11,305.078749
14.0,14,305.09447
60.0,60,305.169635
13.0,13,305.187033
15.0,15,305.201792
13.0,13,305.217239
20.0,20,305.235212
12.0,12,305.247135
12.0,12,305.260947
10.0,10,305.275225
97.0,97,305.380981
17.0,17,305.40026
26.0,26,305.427995
44.0,44,305.477557
14.0,14,305.49417
19.0,19,305.512994
19.0,19,305.535922
18.0,18,305.554257
14.0,14,305.568338
16.0,16,305.586295
22.0,22,305.614896
11.0,11,305.624089
14.0,14,305.641808
43.0,43,305.69823
16.0,16,305.719896
16.0,16,305.735708
15.0,15,305.753664
17.0,17,305.77575
13.0,13,305.798008
13.0,13,305.814957
30.0,30,305.851463
12.0,12,305.865544
10.0,10,305.876372
26.0,26,305.910985
10.0,10,305.919632
24.0,24,305.945961
76.0,76,306.036613
15.0,15,306.053025
14.0,14,306.065731
9.0,9,306.077428
13.0,13,306.098271
16.0,16,306.115512
18.0,18,306.132546
21.0,21,306.155049
15.0,15,306.167005
10.0,10,306.175349
13.0,13,306.183993
21.0,21,306.208728
24.0,24,306.238815
42.0,42,306.282237
28.0,28,306.318452
15.0,15,306.3356
18.0,18,306.356781
13.0,13,306.369241
17.0,17,306.39478
26.0,26,306.423151
18.0,18,306.448272
23.0,23,306.470505
21.0,21,306.498241
18.0,18,306.522781
32.0,32,306.564237
16.0,16,306.578769
13.0,13,306.591711
81.0,81,306.681802
14.0,14,306.695497
14.0,14,306.710024
9.0,9,306.724196
12.0,12,306.73805
16.0,16,306.768427
17.0,17,306.785447
17.0,17,306.799693
17.0,17,306.819889
15.0,15,306.836488
13.0,13,306.85474
17.0,17,306.873718
11.0,11,306.887409
66.0,66,306.955881
11.0,11,306.965011
10.0,10,306.971987
12.0,12,306.984428
13.0,13,307.004095
21.0,21,307.031671
15.0,15,307.059773
13.0,13,307.079771
15.0,15,307.099662
23.0,23,307.123182
19.0,19,307.153376
27.0,27,307.186726
12.0,12,307.208159
13.0,13,307.225374
17.0,17,307.246407
13.0,13,307.258857
18.0,18,307.278343
28.0,28,307.305771
19.0,19,307.329499
15.0,15,307.352591
21.0,21,307.379794
14.0,14,307.391077
24.0,24,307.417754
17.0,17,307.439631
33.0,33,307.481322
23.0,23,307.505925
11.0,11,307.515654
13.0,13,307.531077
16.0,16,307.555002
20.0,20,307.577547
12.0,12,307.591183
20.0,20,307.612082
18.0,18,307.634954
17.0,17,307.657766
12.0,12,307.672271
39.0,39,307.72073
16.0,16,307.7464
15.0,15,307.769543
17.0,17,307.791359
19.0,19,307.812783
17.0,17,307.838193
15.0,15,307.854748
28.0,28,307.891113
15.0,15,307.912035
15.0,15,307.928783
14.0,14,307.946332
12.0,12,307.95873
10.0,10,307.972243
29.0,29,308.006275
17.0,17,308.022117
15.0,15,308.037497
16.0,16,308.056776
15.0,15,308.083012
16.0,16,308.102806
15.0,15,308.119846
12.0,12,308.139883
15.0,15,308.174263
11.0,11,308.195982
25.0,25,308.242219
19.0,19,308.271329
10.0,10,308.287203
14.0,14,308.304815
20.0,20,308.325092
12.0,12,308.339278
16.0,16,308.360465
12.0,12,308.372516
15.0,15,308.389982
19.0,19,308.410944
17.0,17,308.434846
12.0,12,308.453528
11.0,11,308.468233
15.0,15,308.490929
19.0,19,308.519665
21.0,21,308.542269
10.0,10,308.551564
27.0,27,308.584748
22.0,22,308.619949
17.0,17,308.636786
17.0,17,308.652837
20.0,20,308.674846
18.0,18,308.703573
10.0,10,308.710819
16.0,16,308.725085
16.0,16,308.736434
26.0,26,308.769402
18.0,18,308.787242
25.0,25,308.81463
17.0,17,308.832578
16.0,16,308.85385
10.0,10,308.863976
17.0,17,308.87767
18.0,18,308.900113
27.0,27,308.929739
26.0,26,308.952209
12.0,12,308.962954
22.0,22,308.986498
11.0,11,308.997379
21.0,21,309.02217
16.0,16,309.036985
14.0,14,309.049702
46.0,46,309.102349
22.0,22,309.130482
15.0,15,309.14839
27.0,27,309.174855
20.0,20,309.200825
17.0,17,309.219429
16.0,16,309.23853
17.0,17,309.258213
18.0,18,309.283912
24.0,24,309.307843
10.0,10,309.320801
31.0,31,309.352743
18.0,18,309.3734
12.0,12,309.385706
37.0,37,309.429249
15.0,15,309.443673
17.0,17,309.473027
22.0,22,309.494338
15.0,15,309.51195
37.0,37,309.55815
11.0,11,309.573955
31.0,31,309.609892
21.0,21,309.635073
16.0,16,309.654225
21.0,21,309.681284
29.0,29,309.707508
20.0,20,309.72247
37.0,37,309.760675
14.0,14,309.779605
12.0,12,309.793789
31.0,31,309.828452
19.0,19,309.852103
11.0,11,309.866882
10.0,10,309.877641
22.0,22,309.90283
18.0,18,309.926145
17.0,17,309.94522
16.0,16,309.964223
17.0,17,309.982043
10.0,10,309.994387
33.0,33,310.033468
13.0,13,310.050463
10.0,10,310.062504
18.0,18,310.078496
20.0,20,310.103352
15.0,15,310.119845
13.0,13,310.131069
14.0,14,310.151433
25.0,25,310.179832
16.0,16,310.195666
12.0,12,310.206555
12.0,12,310.220618
12.0,12,310.236174
16.0,16,310.256238
15.0,15,310.272663
18.0,18,310.288884
17.0,17,310.312293
13.0,13,310.324732
18.0,18,310.341037
17.0,17,310.364992
15.0,15,310.381094
11.0,11,310.392191
24.0,24,310.418935
13.0,13,310.434862
71.0,71,310.53367
14.0,14,310.553427
15.0,15,310.576184
15.0,15,310.597524
14.0,14,310.619123
14.0,14,310.638179
21.0,21,310.668009
31.0,31,310.706393
42.0,42,310.760481
15.0,15,310.780908
37.0,37,310.82995
13.0,13,310.846153
18.0,18,310.875583
14.0,14,310.894476
16.0,16,310.915058
11.0,11,310.93087
13.0,13,310.949024
25.0,25,310.985015
38.0,38,311.035303
18.0,18,311.057648
11.0,11,311.076727
30.0,30,311.112487
12.0,12,311.12468
12.0,12,311.135021
18.0,18,311.163229
15.0,15,311.188742
11.0,11,311.20165
15.0,15,311.22366
11.0,11,311.242133
18.0,18,311.265868
15.0,15,311.285225
10.0,10,311.301226
10.0,10,311.314027
9.0,9,311.327003
25.0,25,311.364802
9.0,9,311.379407
24.0,24,311.417757
22.0,22,311.44432
23.0,23,311.470843
50.0,50,311.53039
24.0,24,311.566295
18.0,18,311.584396
26.0,26,311.620884
24.0,24,311.650333
17.0,17,311.66791
11.0,11,311.679622
18.0,18,311.694892
15.0,15,311.713638
37.0,37,311.753563
11.0,11,311.767555
21.0,21,311.788099
13.0,13,311.80173
36.0,36,311.848119
11.0,11,311.860467
19.0,19,311.878851
15.0,15,311.8931
14.0,14,311.913993
64.0,64,311.976704
11.0,11,311.988699
18.0,18,312.005486
16.0,16,312.028209
14.0,14,312.043322
11.0,11,312.056027
12.0,12,312.069308
12.0,12,312.083823
22.0,22,312.105048
22.0,22,312.13903
12.0,12,312.156095
9.0,9,312.169289
10.0,10,312.176696
19.0,19,312.201694
18.0,18,312.226834
17.0,17,312.248218
13.0,13,312.261695
12.0,12,312.273522
15.0,15,312.286124
13.0,13,312.301448
20.0,20,312.322294
26.0,26,312.353942
51.0,51,312.401448
21.0,21,312.432381
21.0,21,312.453572
22.0,22,312.476457
14.0,14,312.49198
17.0,17,312.51297
35.0,35,312.554328
20.0,20,312.575141
86.0,86,312.667278
22.0,22,312.694536
11.0,11,312.707892
11.0,11,312.717296
30.0,30,312.755088
14.0,14,312.77801
22.0,22,312.80914
12.0,12,312.822445
10.0,10,312.831722
11.0,11,312.850556
20.0,20,312.875729
16.0,16,312.892504
14.0,14,312.912733
56.0,56,312.983843
18.0,18,313.002771
20.0,20,313.025032
16.0,16,313.044925
14.0,14,313.069465
23.0,23,313.094053
18.0,18,313.123688
15.0,15,313.142738
14.0,14,313.163035
13.0,13,313.178171
19.0,19,313.203013
31.0,31,313.241068
16.0,16,313.265012
14.0,14,313.276185
18.0,18,313.298307
25.0,25,313.324203
15.0,15,313.345312
12.0,12,313.359218
14.0,14,313.376877
15.0,15,313.393364
22.0,22,313.422025
29.0,29,313.45802
11.0,11,313.473656
18.0,18,313.492449
21.0,21,313.518025
38.0,38,313.562676
17.0,17,313.585574
14.0,14,313.608867
12.0,12,313.624645
11.0,11,313.635669
53.0,53,313.700049
10.0,10,313.709148
14.0,14,313.727835
48.0,48,314.059785
11.0,11,314.070311
14.0,14,314.096058
27.0,27,314.140497
49.0,49,314.198347
15.0,15,314.219255
10.0,10,314.2271
15.0,15,314.243947
60.0,60,314.315562
20.0,20,314.337119
16.0,16,314.354359
14.0,14,314.368798
15.0,15,314.383239
10.0,10,314.395225
10.0,10,314.40571
13.0,13,314.422914
56.0,56,314.478052
18.0,18,314.498107
9.0,9,314.509309
13.0,13,314.524162
18.0,18,314.544009
22.0,22,314.564887
12.0,12,314.579185
21.0,21,314.605906
10.0,10,314.614779
13.0,13,314.627361
14.0,14,314.641639
11.0,11,314.659016
10.0,10,314.667586
16.0,16,314.684072
13.0,13,314.69761
15.0,15,314.71663
16.0,16,314.731825
19.0,19,314.750681
11.0,11,314.764476
11.0,11,314.782675
29.0,29,314.822702
12.0,12,314.83651
59.0,59,314.906926
31.0,31,314.947973
29.0,29,314.97916
14.0,14,314.995073
13.0,13,315.00803
25.0,25,315.038418
32.0,32,315.070341
13.0,13,315.085454
28.0,28,315.110958
13.0,13,315.133006
13.0,13,315.150149
21.0,21,315.170223
15.0,15,315.186994
37.0,37,315.227103
20.0,20,315.240189
16.0,16,315.25222
17.0,17,315.271439
15.0,15,315.286651
65.0,65,315.355477
28.0,28,315.383048
12.0,12,315.395072
11.0,11,315.406941
34.0,34,315.442124
11.0,11,315.457509
16.0,16,315.477965
10.0,10,315.491937
16.0,16,315.50887
18.0,18,315.53297
73.0,73,315.620235
14.0,14,315.638573
21.0,21,315.663736
14.0,14,315.678397
16.0,16,315.694757
15.0,15,315.716661
15.0,15,315.738024
12.0,12,315.749907
11.0,11,315.7607
32.0,32,315.794829
11.0,11,315.80766
12.0,12,315.820655
19.0,19,315.844682
36.0,36,315.882668
11.0,11,315.895425
12.0,12,315.908303
20.0,20,315.930752
11.0,11,315.946436
13.0,13,315.960865
13.0,13,315.972237
19.0,19,315.991706
14.0,14,316.008591
12.0,12,316.021207
13.0,13,316.034564
17.0,17,316.058569
11.0,11,316.072048
13.0,13,316.086763
24.0,24,316.117314
14.0,14,316.133715
9.0,9,316.14674
13.0,13,316.167189
24.0,24,316.195127
21.0,21,316.219029
25.0,25,316.245423
17.0,17,316.267213
15.0,15,316.285616
15.0,15,316.304465
15.0,15,316.32442
13.0,13,316.337406
31.0,31,316.36938
17.0,17,316.385532
14.0,14,316.402048
17.0,17,316.423105
11.0,11,316.431962
16.0,16,316.450132
14.0,14,316.470859
35.0,35,316.506246
13.0,13,316.519762
16.0,16,316.536452
16.0,16,316.555361
17.0,17,316.573892
17.0,17,316.59181
17.0,17,316.610107
18.0,18,316.629149
17.0,17,316.6477
13.0,13,316.665775
21.0,21,316.687253
18.0,18,316.705199
72.0,72,316.787736
16.0,16,316.809097
45.0,45,316.866951
18.0,18,316.894395
15.0,15,316.914856
12.0,12,316.931212
14.0,14,316.944728
34.0,34,316.989967
10.0,10,317.001179
14.0,14,317.021187
10.0,10,317.031737
10.0,10,317.05144
26.0,26,317.08472
15.0,15,317.103392
16.0,16,317.127779
31.0,31,317.172157
15.0,15,317.198633
15.0,15,317.211493
11.0,11,317.228867
20.0,20,317.257696
24.0,24,317.285974
26.0,26,317.324542
18.0,18,317.34554
20.0,20,317.374292
12.0,12,317.394695
18.0,18,317.418106
17.0,17,317.442255
14.0,14,317.460752
13.0,13,317.480227
16.0,16,317.505937
16.0,16,317.52428
23.0,23,317.557748
16.0,16,317.578633
32.0,32,317.622006
37.0,37,317.671454
16.0,16,317.700748
11.0,11,317.716504
17.0,17,317.74511
16.0,16,317.76847
14.0,14,317.788301
17.0,17,317.805805
13.0,13,317.826999
22.0,22,317.85396
30.0,30,317.890817
15.0,15,317.903396
11.0,11,317.919659
11.0,11,317.934726
27.0,27,317.963653
14.0,14,317.97857
11.0,11,317.995219
83.0,83,318.083057
12.0,12,318.098601
10.0,10,318.107838
20.0,20,318.13008
33.0,33,318.161922
15.0,15,318.186373
12.0,12,318.200651
16.0,16,318.21847
19.0,19,318.24417
14.0,14,318.261231
12.0,12,318.275173
14.0,14,318.292674
13.0,13,318.307785
15.0,15,318.333077
33.0,33,318.368615
9.0,9,318.37793
14.0,14,318.394448
11.0,11,318.410532
19.0,19,318.433721
14.0,14,318.449556
13.0,13,318.463769
17.0,17,318.487052
13.0,13,318.503641
23.0,23,318.530252
56.0,56,318.602147
18.0,18,318.627422
20.0,20,318.655217
15.0,15,318.677205
16.0,16,318.696188
21.0,21,318.719252
24.0,24,318.746341
12.0,12,318.759271
15.0,15,318.774607
15.0,15,318.790533
12.0,12,318.801309
12.0,12,318.809942
11.0,11,318.818527
51.0,51,318.879506
24.0,24,318.902817
26.0,26,318.926915
64.0,64,318.999291
9.0,9,319.013884
55.0,55,319.067462
17.0,17,319.085537
13.0,13,319.100257
20.0,20,319.122957
28.0,28,319.163595
18.0,18,319.184175
16.0,16,319.202439
13.0,13,319.219598
18.0,18,319.2379
21.0,21,319.26295
11.0,11,319.278615
18.0,18,319.305211
13.0,13,319.322018
11.0,11,319.333546
12.0,12,319.345196
16.0,16,319.367815
15.0,15,319.378581
12.0,12,319.392347
20.0,20,319.411195
13.0,13,319.429265
15.0,15,319.441129
12.0,12,319.452894
18.0,18,319.479361
27.0,27,319.514518
20.0,20,319.534963
19.0,19,319.553807
13.0,13,319.574814
11.0,11,319.588332
11.0,11,319.600979
11.0,11,319.613255
11.0,11,319.62668
15.0,15,319.643065
15.0,15,319.661426
42.0,42,319.710674
13.0,13,319.72424
24.0,24,319.75279
37.0,37,319.786006
17.0,17,319.797847
11.0,11,319.808345
10.0,10,319.821238
13.0,13,319.83086
13.0,13,319.840475
17.0,17,319.852574
14.0,14,319.866145
43.0,43,319.907804
11.0,11,319.914257
12.0,12,319.925116
15.0,15,319.942726
15.0,15,319.956007
11.0,11,319.966078
16.0,16,319.979684
14.0,14,319.995189
43.0,43,320.029949
12.0,12,320.038972
14.0,14,320.047963
13.0,13,320.061403
14.0,14,320.070302
16.0,16,320.082625
14.0,14,320.099919
12.0,12,320.113443
57.0,57,320.157097
16.0,16,320.170046
10.0,10,320.175889
15.0,15,320.196887
37.0,37,320.224889
14.0,14,320.236991
12.0,12,320.24684
12.0,12,320.260583
13.0,13,320.271165
16.0,16,320.283673
18.0,18,320.302663
17.0,17,320.31752
29.0,29,320.338344
21.0,21,320.352785
29.0,29,320.374188
13.0,13,320.385272
21.0,21,320.405283
13.0,13,320.416799
13.0,13,320.430773
12.0,12,320.443911
20.0,20,320.45813
49.0,49,320.496567
13.0,13,320.508969
21.0,21,320.52755
19.0,19,320.544992
18.0,18,320.566358
20.0,20,320.580583
12.0,12,320.592245
14.0,14,320.601981
13.0,13,320.614351
41.0,41,320.645108
20.0,20,320.663114
27.0,27,320.681551
10.0,10,320.68952
18.0,18,320.701852
19.0,19,320.724631
13.0,13,320.734792
13.0,13,320.746329
11.0,11,320.753531
15.0,15,320.768299
24.0,24,320.786139
19.0,19,320.802141
11.0,11,320.811623
91.0,91,320.906268
8.0,8,320.914534
17.0,17,320.937248
34.0,34,320.967554
11.0,11,320.981598
20.0,20,320.999401
12.0,12,321.011588
13.0,13,321.029349
41.0,41,321.084038
17.0,17,321.10203
13.0,13,321.118939
15.0,15,321.138419
15.0,15,321.156752
18.0,18,321.17944
15.0,15,321.198025
11.0,11,321.207857
12.0,12,321.224675
16.0,16,321.243103
18.0,18,321.263903
14.0,14,321.277727
13.0,13,321.295908
13.0,13,321.310595
12.0,12,321.324506
16.0,16,321.345512
15.0,15,321.365065
12.0,12,321.378925
19.0,19,321.39679
10.0,10,321.407055
19.0,19,321.426186
17.0,17,321.449536
28.0,28,321.477291
58.0,58,321.539078
15.0,15,321.559317
11.0,11,321.572286
13.0,13,321.58596
24.0,24,321.612968
16.0,16,321.634866
26.0,26,321.669018
15.0,15,321.685953
17.0,17,321.707751
8.0,8,321.720298
15.0,15,321.738471
15.0,15,321.761064
29.0,29,321.79499
23.0,23,321.830851
33.0,33,321.869396
17.0,17,321.888573
26.0,26,321.914674
11.0,11,321.929117
14.0,14,321.941432
10.0,10,321.951622
25.0,25,321.980576
12.0,12,321.99298
13.0,13,322.005472
13.0,13,322.020574
13.0,13,322.034757
15.0,15,322.054849
10.0,10,322.068061
16.0,16,322.083358
36.0,36,322.119968
19.0,19,322.144289
11.0,11,322.156447
16.0,16,322.177416
26.0,26,322.204412
11.0,11,322.219049
15.0,15,322.234824
24.0,24,322.257748
20.0,20,322.282762
17.0,17,322.30425
14.0,14,322.317742
16.0,16,322.339518
10.0,10,322.352009
34.0,34,322.393949
47.0,47,322.450545
14.0,14,322.469167
16.0,16,322.490793
25.0,25,322.522496
11.0,11,322.533656
17.0,17,322.551174
13.0,13,322.565104
10.0,10,322.579071
19.0,19,322.599367
30.0,30,322.633263
13.0,13,322.646233
13.0,13,322.662754
15.0,15,322.685262
12.0,12,322.696153
16.0,16,322.7114
12.0,12,322.726851
15.0,15,322.743625
14.0,14,322.757865
32.0,32,322.794224
24.0,24,322.824165
17.0,17,322.844334
23.0,23,322.866129
17.0,17,322.88683
19.0,19,322.911412
15.0,15,322.930409
26.0,26,322.963134
25.0,25,322.995702
9.0,9,323.007886
13.0,13,323.023684
23.0,23,323.060489
36.0,36,323.108452
28.0,28,323.147858
18.0,18,323.175758
12.0,12,323.190974
13.0,13,323.209489
10.0,10,323.223179
12.0,12,323.239247
15.0,15,323.261992
15.0,15,323.282484
33.0,33,323.325581
14.0,14,323.346416
40.0,40,323.397822
26.0,26,323.431786
22.0,22,323.464667
19.0,19,323.486174
22.0,22,323.520303
19.0,19,323.547975
12.0,12,323.568647
15.0,15,323.586287
20.0,20,323.617032
22.0,22,323.65019
12.0,12,323.668177
13.0,13,323.684471
13.0,13,323.701185
9.0,9,323.71966
16.0,16,323.747342
11.0,11,323.759778
10.0,10,323.776469
14.0,14,323.792943
18.0,18,323.82677
17.0,17,323.852861
16.0,16,323.877887
13.0,13,323.896905
15.0,15,323.924274
28.0,28,323.965638
12.0,12,323.98226
26.0,26,324.018948
98.0,98,324.159193
14.0,14,324.178869
15.0,15,324.195873
11.0,11,324.207342
16.0,16,324.228741
14.0,14,324.249224
33.0,33,324.277932
29.0,29,324.30696
12.0,12,324.324145
19.0,19,324.348093
25.0,25,324.374663
18.0,18,324.39368
14.0,14,324.409735
24.0,24,324.434412
12.0,12,324.450396
25.0,25,324.475627
15.0,15,324.494894
29.0,29,324.522529
14.0,14,324.541981
96.0,96,324.645795
10.0,10,324.663066
11.0,11,324.674565
17.0,17,324.689689
17.0,17,324.708973
12.0,12,324.724128
12.0,12,324.73739
19.0,19,324.763096
27.0,27,324.790678
16.0,16,324.810028
14.0,14,324.830077
13.0,13,324.844582
25.0,25,324.874573
11.0,11,324.893914
15.0,15,324.911827
14.0,14,324.92365
25.0,25,324.947411
18.0,18,324.974353
11.0,11,324.986331
14.0,14,325.00034
11.0,11,325.015499
21.0,21,325.036997
34.0,34,325.081113
10.0,10,325.089713
40.0,40,325.131594
13.0,13,325.148024
68.0,68,325.216199
27.0,27,325.244581
23.0,23,325.274655
14.0,14,325.289374
17.0,17,325.306324
23.0,23,325.328553
57.0,57,325.404993
24.0,24,325.432647
15.0,15,325.446304
16.0,16,325.465403
13.0,13,325.485635
15.0,15,325.504174
13.0,13,325.525186
55.0,55,325.814157
13.0,13,325.828315
10.0,10,325.840408
22.0,22,325.865361
12.0,12,325.878055
32.0,32,325.914009
13.0,13,325.929156
27.0,27,325.955462
18.0,18,325.975335
17.0,17,325.996943
14.0,14,326.019548
17.0,17,326.036727
17.0,17,326.053913
17.0,17,326.080553
13.0,13,326.095681
11.0,11,326.113434
10.0,10,326.121403
26.0,26,326.156861
14.0,14,326.173804
10.0,10,326.186991
14.0,14,326.200682
18.0,18,326.222703
11.0,11,326.236154
29.0,29,326.266232
15.0,15,326.27718
12.0,12,326.28945
18.0,18,326.316386
20.0,20,326.337543
19.0,19,326.359482
104.0,104,326.479607
12.0,12,326.49602
16.0,16,326.512078
28.0,28,326.546053
15.0,15,326.560493
64.0,64,326.633994
19.0,19,326.661711
30.0,30,326.696138
31.0,31,326.728072
14.0,14,326.752918
14.0,14,326.766349
95.0,95,326.88102
25.0,25,326.901377
23.0,23,326.92178
18.0,18,326.94181
73.0,73,327.026319
25.0,25,327.052628
15.0,15,327.073014
11.0,11,327.084756
10.0,10,327.093692
12.0,12,327.107271
15.0,15,327.124583
28.0,28,327.154797
23.0,23,327.178498
10.0,10,327.188508
15.0,15,327.20846
37.0,37,327.255772
23.0,23,327.281586
14.0,14,327.297589
20.0,20,327.330891
15.0,15,327.357618
13.0,13,327.371202
21.0,21,327.393754
35.0,35,327.436413
10.0,10,327.448305
15.0,15,327.468315
15.0,15,327.481149
20.0,20,327.514862
16.0,16,327.532943
15.0,15,327.545446
24.0,24,327.577186
12.0,12,327.593647
45.0,45,327.639859
19.0,19,327.660592
15.0,15,327.680685
42.0,42,327.725621
16.0,16,327.74536
33.0,33,327.787062
12.0,12,327.798221
13.0,13,327.812466
34.0,34,327.841818
22.0,22,327.866553
36.0,36,327.906917
16.0,16,327.927675
18.0,18,327.944052
16.0,16,327.957021
19.0,19,327.986848
20.0,20,328.019469
11.0,11,328.034589
35.0,35,328.081115
15.0,15,328.096242
11.0,11,328.113465
14.0,14,328.136172
89.0,89,328.235728
17.0,17,328.250514
16.0,16,328.269711
14.0,14,328.290466
23.0,23,328.31486
14.0,14,328.335731
13.0,13,328.354917
15.0,15,328.373624
25.0,25,328.407011
26.0,26,328.434495
14.0,14,328.451603
15.0,15,328.46928
14.0,14,328.483305
10.0,10,328.498401
12.0,12,328.514328
12.0,12,328.52702
14.0,14,328.540399
13.0,13,328.556166
20.0,20,328.581535
11.0,11,328.591382
15.0,15,328.613258
10.0,10,328.628816
34.0,34,328.672146
32.0,32,328.710615
11.0,11,328.726153
15.0,15,328.74368
18.0,18,328.771745
15.0,15,328.793172
32.0,32,328.828915
16.0,16,328.845609
17.0,17,328.866045
23.0,23,328.88985
49.0,49,328.944526
11.0,11,328.958884
16.0,16,328.986483
16.0,16,329.004167
21.0,21,329.029766
15.0,15,329.047449
28.0,28,329.085008
14.0,14,329.099996
15.0,15,329.120871
35.0,35,329.160919
26.0,26,329.191832
13.0,13,329.210298
27.0,27,329.244669
12.0,12,329.259163
27.0,27,329.301756
15.0,15,329.326372
11.0,11,329.343156
11.0,11,329.354298
16.0,16,329.378643
11.0,11,329.395837
18.0,18,329.426741
9.0,9,329.437002
11.0,11,329.45802
14.0,14,329.474036
87.0,87,329.599041
17.0,17,329.621933
13.0,13,329.649741
22.0,22,329.684054
19.0,19,329.711821
14.0,14,329.72886
30.0,30,329.780993
17.0,17,329.801967
20.0,20,329.832774
21.0,21,329.865031
20.0,20,329.889588
18.0,18,329.908209
14.0,14,329.925315
10.0,10,329.939735
14.0,14,329.96008
15.0,15,329.980696
21.0,21,330.006681
15.0,15,330.026509
17.0,17,330.057589
10.0,10,330.071962
15.0,15,330.087807
17.0,17,330.115649
25.0,25,330.148366
11.0,11,330.167819
23.0,23,330.196288
16.0,16,330.217761
14.0,14,330.241296
15.0,15,330.263741
14.0,14,330.282976
15.0,15,330.301399
11.0,11,330.322714
10.0,10,330.34503
53.0,53,330.418407
10.0,10,330.434229
32.0,32,330.487082
14.0,14,330.502371
10.0,10,330.517466
19.0,19,330.541658
17.0,17,330.560735
22.0,22,330.586189
18.0,18,330.605514
13.0,13,330.618142
22.0,22,330.644575
10.0,10,330.653607
16.0,16,330.671051
19.0,19,330.696778
15.0,15,330.727432
11.0,11,330.737849
48.0,48,330.788468
17.0,17,330.81111
14.0,14,330.82802
21.0,21,330.849329
24.0,24,330.871432
15.0,15,330.892685
14.0,14,330.910866
18.0,18,330.926884
16.0,16,330.942056
18.0,18,330.960258
11.0,11,330.974097
14.0,14,330.992589
11.0,11,331.004862
13.0,13,331.018698
24.0,24,331.055244
12.0,12,331.070917
13.0,13,331.083916
41.0,41,331.13409
10.0,10,331.149076
39.0,39,331.200117
30.0,30,331.227023
14.0,14,331.243766
21.0,21,331.268665
20.0,20,331.287329
17.0,17,331.307092
13.0,13,331.320469
26.0,26,331.357306
29.0,29,331.394588
16.0,16,331.413911
20.0,20,331.434585
27.0,27,331.465254
10.0,10,331.475509
17.0,17,331.495462
14.0,14,331.510467
15.0,15,331.530152
60.0,60,331.593888
15.0,15,331.615873
11.0,11,331.625134
21.0,21,331.652928
9.0,9,331.662071
20.0,20,331.689486
16.0,16,331.713279
12.0,12,331.730812
11.0,11,331.744042
9.0,9,331.75212
12.0,12,331.767101
27.0,27,331.804361
12.0,12,331.820472
16.0,16,331.843572
10.0,10,331.854911
24.0,24,331.885903
15.0,15,331.901593
12.0,12,331.91289
18.0,18,331.933687
15.0,15,331.952444
10.0,10,331.966051
30.0,30,331.994295
25.0,25,332.021284
38.0,38,332.069763
15.0,15,332.088166
11.0,11,332.09791
12.0,12,332.111108
24.0,24,332.146464
20.0,20,332.171491
13.0,13,332.18771
15.0,15,332.201581
19.0,19,332.226401
15.0,15,332.249328
24.0,24,332.277404
10.0,10,332.287614
12.0,12,332.303214
13.0,13,332.32066
16.0,16,332.341353
18.0,18,332.360659
13.0,13,332.380672
29.0,29,332.416231
16.0,16,332.438208
14.0,14,332.453775
25.0,25,332.484567
24.0,24,332.517992
16.0,16,332.540989
36.0,36,332.578943
12.0,12,332.594759
18.0,18,332.61461
20.0,20,332.636197
47.0,47,332.689012
11.0,11,332.700093
13.0,13,332.713273
21.0,21,332.730692
36.0,36,332.775307
22.0,22,332.800513
13.0,13,332.816586
19.0,19,332.834496
24.0,24,332.864816
15.0,15,332.886571
11.0,11,332.900174
40.0,40,332.94004
11.0,11,332.953474
31.0,31,332.989898
16.0,16,333.01003
22.0,22,333.049359
28.0,28,333.091086
16.0,16,333.120109
55.0,55,333.198045
14.0,14,333.213618
16.0,16,333.234163
25.0,25,333.27031
12.0,12,333.283399
9.0,9,333.297474
41.0,41,333.344735
20.0,20,333.377281
15.0,15,333.395338
18.0,18,333.414932
17.0,17,333.431726
18.0,18,333.458053
16.0,16,333.472675
12.0,12,333.48984
11.0,11,333.502182
23.0,23,333.527927
21.0,21,333.553714
14.0,14,333.567593
23.0,23,333.59414
37.0,37,333.635708
11.0,11,333.649122
13.0,13,333.663015
18.0,18,333.692005
20.0,20,333.723911
16.0,16,333.738982
13.0,13,333.751877
16.0,16,333.774714
19.0,19,333.809395
17.0,17,333.828484
16.0,16,333.848263
11.0,11,333.862842
10.0,10,333.8766
14.0,14,333.894454
11.0,11,333.904311
15.0,15,333.92122
14.0,14,333.941664
10.0,10,333.950531
13.0,13,333.966389
12.0,12,333.979414
11.0,11,334.002424
11.0,11,334.016877
14.0,14,334.03498
22.0,22,334.066239
64.0,64,334.151171
25.0,25,334.178658
17.0,17,334.197501
15.0,15,334.218277
12.0,12,334.236476
10.0,10,334.25075
17.0,17,334.269485
28.0,28,334.300376
13.0,13,334.321051
10.0,10,334.333379
37.0,37,334.379508
47.0,47,334.442463
16.0,16,334.46328
9.0,9,334.474504
24.0,24,334.504554
20.0,20,334.530901
15.0,15,334.550708
12.0,12,334.563321
35.0,35,334.599169
23.0,23,334.629483
13.0,13,334.647765
28.0,28,334.679124
16.0,16,334.69869
20.0,20,334.72886
13.0,13,334.751151
33.0,33,334.790694
13.0,13,334.805521
37.0,37,334.853772
35.0,35,334.899857
22.0,22,334.930951
15.0,15,334.946806
12.0,12,334.962308
15.0,15,334.984601
11.0,11,334.997756
11.0,11,335.013419
15.0,15,335.037978
25.0,25,335.077293
12.0,12,335.089671
19.0,19,335.10886
12.0,12,335.127166
17.0,17,335.154929
12.0,12,335.168455
18.0,18,335.192568
22.0,22,335.218636
20.0,20,335.244227
9.0,9,335.254395
39.0,39,335.299218
59.0,59,335.367416
16.0,16,335.383519
21.0,21,335.412452
24.0,24,335.442232
15.0,15,335.459151
30.0,30,335.49251
16.0,16,335.50767
18.0,18,335.524953
21.0,21,335.551575
8.0,8,335.563237
19.0,19,335.581367
25.0,25,335.611326
60.0,60,335.678514
15.0,15,335.700837
21.0,21,335.729832
12.0,12,335.745599
35.0,35,335.796896
30.0,30,335.844095
19.0,19,335.874748
13.0,13,335.890387
15.0,15,335.911034
13.0,13,335.930388
18.0,18,335.94382
12.0,12,335.959677
11.0,11,335.976551
88.0,88,336.105784
27.0,27,336.144149
21.0,21,336.173216
24.0,24,336.205016
27.0,27,336.244678
75.0,75,336.342473
12.0,12,336.35775
27.0,27,336.395744
20.0,20,336.429153
15.0,15,336.446829
17.0,17,336.46866
11.0,11,336.489121
15.0,15,336.513575
18.0,18,336.536876
30.0,30,336.576492
18.0,18,336.601525
28.0,28,336.640959
15.0,15,336.658508
11.0,11,336.672446
12.0,12,336.691814
16.0,16,336.717483
11.0,11,336.730269
11.0,11,336.740758
12.0,12,336.760777
11.0,11,336.781152
60.0,60,336.851602
37.0,37,336.894225
18.0,18,336.919835
13.0,13,336.936243
11.0,11,336.948543
29.0,29,336.978771
21.0,21,337.003196
15.0,15,337.01884
10.0,10,337.029456
15.0,15,337.04233
13.0,13,337.059355
40.0,40,337.113659
42.0,42,337.156424
20.0,20,337.178683
13.0,13,337.19312
10.0,10,337.211722
17.0,17,337.229578
15.0,15,337.246596
36.0,36,337.284364
35.0,35,337.326936
41.0,41,337.373557
14.0,14,337.388672
16.0,16,337.410982
12.0,12,337.431785
11.0,11,337.447734
13.0,13,337.462406
14.0,14,337.482906
15.0,15,337.508947
21.0,21,337.530812
13.0,13,337.544628
23.0,23,337.574292
12.0,12,337.592212
12.0,12,337.607692
18.0,18,337.624925
14.0,14,337.641014
15.0,15,337.664156
17.0,17,337.680804
16.0,16,337.696576
22.0,22,337.719875
28.0,28,337.753359
24.0,24,337.778403
15.0,15,337.794488
10.0,10,337.80757
20.0,20,337.838739
10.0,10,337.848623
19.0,19,337.868782
12.0,12,337.881445
30.0,30,337.917658
26.0,26,337.947109
18.0,18,337.966547
12.0,12,337.980116
14.0,14,338.000517
9.0,9,338.009037
22.0,22,338.036011
21.0,21,338.057536
15.0,15,338.07828
13.0,13,338.093517
24.0,24,338.126248
37.0,37,338.168006
15.0,15,338.190165
12.0,12,338.203044
12.0,12,338.216002
19.0,19,338.239892
12.0,12,338.546664
27.0,27,338.57664
10.0,10,338.589633
17.0,17,338.605542
59.0,59,338.669568
12.0,12,338.684345
11.0,11,338.698558
12.0,12,338.714466
22.0,22,338.752119
17.0,17,338.773736
14.0,14,338.791939
19.0,19,338.814359
16.0,16,338.847147
10.0,10,338.862159
15.0,15,338.883238
17.0,17,338.908062
11.0,11,338.926227
10.0,10,338.938027
24.0,24,338.970654
15.0,15,338.989033
25.0,25,339.022733
14.0,14,339.040238
18.0,18,339.064582
17.0,17,339.0878
12.0,12,339.106411
16.0,16,339.124655
52.0,52,339.185757
27.0,27,339.213778
18.0,18,339.240031
14.0,14,339.252888
19.0,19,339.279732
17.0,17,339.295027
26.0,26,339.327768
23.0,23,339.356565
13.0,13,339.374575
13.0,13,339.391647
11.0,11,339.417891
18.0,18,339.44067
21.0,21,339.471251
20.0,20,339.499827
27.0,27,339.53846
21.0,21,339.5847
13.0,13,339.599781
11.0,11,339.613039
12.0,12,339.633858
20.0,20,339.656476
19.0,19,339.68016
15.0,15,339.699599
15.0,15,339.721498
13.0,13,339.735569
26.0,26,339.766943
11.0,11,339.776968
28.0,28,339.819925
18.0,18,339.842143
19.0,19,339.865895
9.0,9,339.875836
59.0,59,339.956095
96.0,96,340.086734
14.0,14,340.108275
16.0,16,340.126596
12.0,12,340.149609
21.0,21,340.172232
14.0,14,340.191628
9.0,9,340.207348
12.0,12,340.225128
12.0,12,340.237123
11.0,11,340.251191
11.0,11,340.263748
14.0,14,340.283496
18.0,18,340.311017
11.0,11,340.322099
23.0,23,340.35271
16.0,16,340.379395
21.0,21,340.419311
25.0,25,340.471945
20.0,20,340.49322
12.0,12,340.511924
9.0,9,340.520676
39.0,39,340.561943
13.0,13,340.576008
16.0,16,340.595654
15.0,15,340.613191
60.0,60,340.682548
13.0,13,340.700213
13.0,13,340.724146
38.0,38,340.769182
16.0,16,340.788493
13.0,13,340.802225
21.0,21,340.831899
20.0,20,340.859444
14.0,14,340.877936
16.0,16,340.89314
27.0,27,340.932427
12.0,12,340.947187
11.0,11,340.95946
17.0,17,340.977931
21.0,21,341.008307
16.0,16,341.032862
38.0,38,341.076411
12.0,12,341.091193
29.0,29,341.132506
22.0,22,341.159694
10.0,10,341.171531
15.0,15,341.18908
15.0,15,341.207252
17.0,17,341.2268
13.0,13,341.242634
13.0,13,341.256543
32.0,32,341.294959
18.0,18,341.314428
19.0,19,341.342588
12.0,12,341.357856
17.0,17,341.379298
23.0,23,341.406505
15.0,15,341.428635
33.0,33,341.470037
44.0,44,341.528078
55.0,55,341.586988
37.0,37,341.624991
16.0,16,341.641418
25.0,25,341.67471
10.0,10,341.689103
14.0,14,341.703865
20.0,20,341.723696
10.0,10,341.739969
12.0,12,341.757246
19.0,19,341.774508
11.0,11,341.789089
28.0,28,341.823855
19.0,19,341.843371
17.0,17,341.866336
17.0,17,341.885838
24.0,24,341.914632
14.0,14,341.932701
13.0,13,341.945828
11.0,11,341.961786
17.0,17,341.985642
62.0,62,342.068783
10.0,10,342.08093
20.0,20,342.105798
15.0,15,342.130687
13.0,13,342.146592
16.0,16,342.174586
10.0,10,342.191513
25.0,25,342.22599
77.0,77,342.332517
10.0,10,342.34605
18.0,18,342.365165
19.0,19,342.39398
14.0,14,342.409379
16.0,16,342.429611
26.0,26,342.464964
53.0,53,342.544193
13.0,13,342.562275
14.0,14,342.585461
27.0,27,342.623258
29.0,29,342.655812
27.0,27,342.691679
16.0,16,342.714456
18.0,18,342.7352
31.0,31,342.784354
13.0,13,342.802478
30.0,30,342.844251
10.0,10,342.856547
13.0,13,342.877424
12.0,12,342.896831
11.0,11,342.914195
14.0,14,342.935297
27.0,27,342.972595
10.0,10,342.985531
54.0,54,343.053227
13.0,13,343.072675
14.0,14,343.093228
13.0,13,343.111099
17.0,17,343.13398
18.0,18,343.15519
12.0,12,343.176141
15.0,15,343.199828
63.0,63,343.273307
21.0,21,343.298664
16.0,16,343.322286
26.0,26,343.351009
15.0,15,343.373766
19.0,19,343.395091
12.0,12,343.416604
11.0,11,343.4307
11.0,11,343.440608
11.0,11,343.454471
13.0,13,343.468517
10.0,10,343.482411
9.0,9,343.492036
13.0,13,343.508855
13.0,13,343.530359
14.0,14,343.545033
15.0,15,343.563332
14.0,14,343.578176
21.0,21,343.611084
13.0,13,343.625608
11.0,11,343.639761
18.0,18,343.66045
15.0,15,343.683673
44.0,44,343.739537
17.0,17,343.759667
22.0,22,343.791301
24.0,24,343.822123
18.0,18,343.844031
11.0,11,343.86181
35.0,35,343.901073
11.0,11,343.913625
13.0,13,343.935912
14.0,14,343.950889
15.0,15,343.967753
13.0,13,343.984133
40.0,40,344.033095
16.0,16,344.049664
24.0,24,344.073756
13.0,13,344.089744
9.0,9,344.103587
25.0,25,344.13414
13.0,13,344.148784
15.0,15,344.170579
13.0,13,344.184953
49.0,49,344.243035
15.0,15,344.261096
12.0,12,344.277349
16.0,16,344.2944
12.0,12,344.308308
18.0,18,344.336868
20.0,20,344.367453
11.0,11,344.377805
16.0,16,344.395803
20.0,20,344.42512
13.0,13,344.44389
79.0,79,344.524521
37.0,37,344.572377
49.0,49,344.626799
26.0,26,344.663463
19.0,19,344.693141
51.0,51,344.751857
14.0,14,344.765592
13.0,13,344.78266
21.0,21,344.8037
28.0,28,344.831205
12.0,12,344.844093
24.0,24,344.877404
19.0,19,344.899263
16.0,16,344.917131
12.0,12,344.930367
21.0,21,344.958469
10.0,10,344.968927
13.0,13,344.985638
18.0,18,345.0073
21.0,21,345.037499
20.0,20,345.067916
15.0,15,345.085192
95.0,95,345.199214
36.0,36,345.240191
40.0,40,345.285201
91.0,91,345.393287
25.0,25,345.419381
10.0,10,345.428467
13.0,13,345.441674
44.0,44,345.491068
16.0,16,345.508859
18.0,18,345.530227
46.0,46,345.587178
16.0,16,345.606198
43.0,43,345.652694
47.0,47,345.724395
20.0,20,345.749991
12.0,12,345.764006
35.0,35,345.816001
13.0,13,345.838903
10.0,10,345.854885
24.0,24,345.885409
15.0,15,345.898906
10.0,10,345.915183
56.0,56,345.976572
16.0,16,346.00098
15.0,15,346.019121
21.0,21,346.049007
16.0,16,346.067191
22.0,22,346.101753
14.0,14,346.120882
18.0,18,346.14366
18.0,18,346.164934
17.0,17,346.181999
24.0,24,346.212321
11.0,11,346.227923
11.0,11,346.241541
13.0,13,346.253205
10.0,10,346.26303
19.0,19,346.289572
45.0,45,346.349547
15.0,15,346.364721
15.0,15,346.382896
23.0,23,346.416374
21.0,21,346.440504
17.0,17,346.459499
21.0,21,346.484298
18.0,18,346.514202
21.0,21,346.533841
15.0,15,346.550566
26.0,26,346.577661
15.0,15,346.600277
13.0,13,346.619611
37.0,37,346.666571
39.0,39,346.707838
17.0,17,346.738852
13.0,13,346.751802
16.0,16,346.770319
14.0,14,346.785026
14.0,14,346.804313
14.0,14,346.825128
21.0,21,346.851469
23.0,23,346.874644
53.0,53,346.940917
13.0,13,346.953593
24.0,24,346.984648
16.0,16,347.006207
23.0,23,347.04554
16.0,16,347.067881
33.0,33,347.108837
16.0,16,347.125452
14.0,14,347.143928
15.0,15,347.158686
16.0,16,347.177818
23.0,23,347.204601
105.0,105,347.333355
10.0,10,347.349647
20.0,20,347.371003
18.0,18,347.390776
49.0,49,347.455043
13.0,13,347.474421
11.0,11,347.481893
59.0,59,347.548579
133.0,133,347.713805
35.0,35,347.754839
15.0,15,347.774664
12.0,12,347.789698
20.0,20,347.815373
29.0,29,347.843835
21.0,21,347.869946
23.0,23,347.89601
15.0,15,347.915685
41.0,41,347.964046
11.0,11,347.975602
25.0,25,347.999014
28.0,28,348.034541
16.0,16,348.051213
49.0,49,348.105387
19.0,19,348.126938
36.0,36,348.176289
14.0,14,348.192679
103.0,103,348.319662
14.0,14,348.340975
15.0,15,348.366997
38.0,38,348.422008
15.0,15,348.443019
35.0,35,348.494231
43.0,43,348.550731
9.0,9,348.566882
13.0,13,348.588358
16.0,16,348.609658
16.0,16,348.635448
30.0,30,348.675002
20.0,20,348.70671
21.0,21,348.738994
18.0,18,348.764895
104.0,104,348.917613
21.0,21,348.946277
39.0,39,349.005906
13.0,13,349.0276
13.0,13,349.050676
15.0,15,349.07012
31.0,31,349.120898
78.0,78,349.245619
28.0,28,349.289099
13.0,13,349.312098
18.0,18,349.334997
12.0,12,349.353428
12.0,12,349.367355
25.0,25,349.402057
19.0,19,349.423692
15.0,15,349.443814
30.0,30,349.482998
15.0,15,349.496223
30.0,30,349.537702
15.0,15,349.562572
20.0,20,349.584064
10.0,10,349.592576
14.0,14,349.608516
21.0,21,349.637246
110.0,110,349.757234
25.0,25,349.783909
19.0,19,349.80064
19.0,19,349.830168
15.0,15,349.848512
35.0,35,349.885658
11.0,11,349.894881
17.0,17,349.921178
87.0,87,350.021426
16.0,16,350.0412
13.0,13,350.061572
14.0,14,350.082574
36.0,36,350.125633
12.0,12,350.143468
22.0,22,350.170213
27.0,27,350.205089
53.0,53,350.267342
23.0,23,350.289737
36.0,36,350.328062
17.0,17,350.356542
36.0,36,350.400765
67.0,67,350.475533
12.0,12,350.487586
101.0,101,350.605866
12.0,12,350.620451
11.0,11,350.62919
13.0,13,350.645846
14.0,14,350.666857
25.0,25,350.691809
12.0,12,350.707495
13.0,13,350.728913
12.0,12,350.746835
18.0,18,350.774206
23.0,23,350.801745
16.0,16,350.819539
15.0,15,350.838447
22.0,22,350.869408
11.0,11,350.885404
15.0,15,350.902828
11.0,11,350.915899
10.0,10,350.92855
36.0,36,350.966467
41.0,41,351.01389
14.0,14,351.03315
14.0,14,351.04682
54.0,54,351.105928
14.0,14,351.120127
17.0,17,351.1422
11.0,11,351.154385
21.0,21,351.180172
15.0,15,351.196176
17.0,17,351.217798
12.0,12,351.231225
12.0,12,351.244771
13.0,13,351.260175
31.0,31,351.622651
19.0,19,351.643805
11.0,11,351.656255
15.0,15,351.676846
15.0,15,351.698993
16.0,16,351.716058
48.0,48,351.771019
35.0,35,351.817534
22.0,22,351.846803
12.0,12,351.860679
12.0,12,351.874805
117.0,117,352.010204
69.0,69,352.08559
40.0,40,352.136478
10.0,10,352.150107
19.0,19,352.17252
36.0,36,352.215468
16.0,16,352.233349
108.0,108,352.362932
86.0,86,352.459435
21.0,21,352.482507
11.0,11,352.494153
11.0,11,352.505945
43.0,43,352.550803
88.0,88,352.659052
28.0,28,352.692224
13.0,13,352.711168
12.0,12,352.732616
13.0,13,352.748474
22.0,22,352.770244
19.0,19,352.796484
29.0,29,352.829819
54.0,54,352.892378
17.0,17,352.90727
28.0,28,352.942264
9.0,9,352.952135
12.0,12,352.967803
24.0,24,353.000169
23.0,23,353.02642
108.0,108,353.151389
18.0,18,353.176258
11.0,11,353.187019
14.0,14,353.205256
13.0,13,353.218866
21.0,21,353.243428
18.0,18,353.268765
58.0,58,353.34328
22.0,22,353.368517
11.0,11,353.384844
12.0,12,353.400275
41.0,41,353.447925
30.0,30,353.484149
14.0,14,353.50369
36.0,36,353.541735
57.0,57,353.600205
16.0,16,353.617867
11.0,11,353.632755
16.0,16,353.652334
13.0,13,353.668656
21.0,21,353.691007
24.0,24,353.717366
11.0,11,353.730141
29.0,29,353.758467
11.0,11,353.772246
15.0,15,353.791669
18.0,18,353.808434
26.0,26,353.83607
11.0,11,353.848278
26.0,26,353.882409
31.0,31,353.91831
9.0,9,353.92691
20.0,20,353.954638
11.0,11,353.97841
13.0,13,353.994502
22.0,22,354.023358
20.0,20,354.052212
14.0,14,354.06945
11.0,11,354.085155
80.0,80,354.179563
17.0,17,354.194502
13.0,13,354.211635
15.0,15,354.230275
104.0,104,354.355642
34.0,34,354.39695
12.0,12,354.41431
11.0,11,354.423553
30.0,30,354.456051
22.0,22,354.479373
11.0,11,354.496565
66.0,66,354.572215
106.0,106,354.71738
16.0,16,354.740152
20.0,20,354.773425
65.0,65,354.863129
14.0,14,354.885375
19.0,19,354.917715
13.0,13,354.939825
30.0,30,354.983552
18.0,18,355.015727
53.0,53,355.086805
28.0,28,355.133161
13.0,13,355.150669
18.0,18,355.173646
10.0,10,355.184784
33.0,33,355.237124
15.0,15,355.256921
28.0,28,355.295486
13.0,13,355.320435
14.0,14,355.340854
15.0,15,355.362966
46.0,46,355.431562
52.0,52,355.504446
14.0,14,355.530791
15.0,15,355.552369
14.0,14,355.570412
16.0,16,355.590854
13.0,13,355.610304
12.0,12,355.629637
19.0,19,355.655882
12.0,12,355.668952
11.0,11,355.684482
106.0,106,355.789247
17.0,17,355.807709
13.0,13,355.822012
55.0,55,355.888266
30.0,30,355.920684
24.0,24,355.952785
44.0,44,356.003438
53.0,53,356.06708
67.0,67,356.133721
14.0,14,356.154187
13.0,13,356.167439
12.0,12,356.184642
18.0,18,356.206179
16.0,16,356.222004
111.0,111,356.344435
14.0,14,356.368598
12.0,12,356.382674
16.0,16,356.400353
14.0,14,356.414219
14.0,14,356.431996
100.0,100,356.54285
13.0,13,356.560203
12.0,12,356.573429
83.0,83,356.671109
13.0,13,356.679815
50.0,50,356.726514
82.0,82,356.819257
14.0,14,356.834145
21.0,21,356.856625
16.0,16,356.876726
12.0,12,356.889018
49.0,49,356.939825
80.0,80,357.026664
13.0,13,357.03996
12.0,12,357.053201
86.0,86,357.157537
14.0,14,357.171878
15.0,15,357.193383
100.0,100,357.305995
27.0,27,357.340626
13.0,13,357.354574
48.0,48,357.410833
70.0,70,357.488609
24.0,24,357.52328
12.0,12,357.535868
18.0,18,357.556226
16.0,16,357.572508
50.0,50,357.625221
15.0,15,357.641765
20.0,20,357.664434
73.0,73,357.750128
18.0,18,357.77389
13.0,13,357.786059
16.0,16,357.808693
17.0,17,357.826573
13.0,13,357.845371
12.0,12,357.859355
18.0,18,357.876537
23.0,23,357.903192
11.0,11,357.921239
17.0,17,357.937259
19.0,19,357.957022
14.0,14,357.971037
14.0,14,357.990494
13.0,13,358.002657
18.0,18,358.02316
15.0,15,358.039223
19.0,19,358.06162
72.0,72,358.140085
12.0,12,358.151886
11.0,11,358.165502
11.0,11,358.178443
22.0,22,358.203598
15.0,15,358.219859
17.0,17,358.241461
15.0,15,358.264699
24.0,24,358.288154
13.0,13,358.301117
14.0,14,358.315502
34.0,34,358.365686
11.0,11,358.378729
23.0,23,358.403116
16.0,16,358.421078
23.0,23,358.454067
17.0,17,358.471841
12.0,12,358.485026
22.0,22,358.504289
15.0,15,358.52409
11.0,11,358.537644
19.0,19,358.558087
14.0,14,358.575328
9.0,9,358.588669
17.0,17,358.605204
110.0,110,358.734386
35.0,35,358.786242
10.0,10,358.803931
35.0,35,358.860013
36.0,36,358.907267
34.0,34,358.957633
17.0,17,358.980938
12.0,12,358.997365
22.0,22,359.02713
15.0,15,359.049565
53.0,53,359.121537
14.0,14,359.138963
14.0,14,359.157291
82.0,82,359.276961
17.0,17,359.30897
14.0,14,359.326303
15.0,15,359.344615
14.0,14,359.360537
39.0,39,359.423728
15.0,15,359.440912
23.0,23,359.475365
14.0,14,359.49415
68.0,68,359.599059
14.0,14,359.620399
29.0,29,359.66584
16.0,16,359.691038
15.0,15,359.712019
18.0,18,359.733395
78.0,78,359.841407
11.0,11,359.856289
23.0,23,359.89394
18.0,18,359.919527
16.0,16,359.940584
14.0,14,359.957954
39.0,39,360.015231
13.0,13,360.031499
28.0,28,360.068916
11.0,11,360.08467
28.0,28,360.121041
25.0,25,360.143181
16.0,16,360.159425
16.0,16,360.174083
12.0,12,360.19134
75.0,75,360.277944
11.0,11,360.291883
23.0,23,360.317299
81.0,81,360.412157
11.0,11,360.421966
18.0,18,360.441577
14.0,14,360.456173
16.0,16,360.482241
15.0,15,360.508968
21.0,21,360.534237
11.0,11,360.547934
29.0,29,360.594855
15.0,15,360.621884
18.0,18,360.644433
87.0,87,360.754328
29.0,29,360.802121
16.0,16,360.826781
35.0,35,360.873837
29.0,29,360.918991
23.0,23,360.951623
20.0,20,360.977507
73.0,73,361.082809
11.0,11,361.095399
77.0,77,361.215465
14.0,14,361.235678
22.0,22,361.26684
10.0,10,361.278834
16.0,16,361.301239
36.0,36,361.352811
70.0,70,361.456287
13.0,13,361.474195
13.0,13,361.494802
15.0,15,361.516884
18.0,18,361.544338
16.0,16,361.566086
9.0,9,361.585401
12.0,12,361.602538
32.0,32,361.647775
77.0,77,361.755174
35.0,35,361.810861
15.0,15,361.830191
16.0,16,361.85438
24.0,24,361.887526
100.0,100,362.015576
34.0,34,362.059042
32.0,32,362.09433
21.0,21,362.117376
16.0,16,362.143367
27.0,27,362.179496
13.0,13,362.196759
42.0,42,362.261685
39.0,39,362.315849
10.0,10,362.331054
19.0,19,362.357644
94.0,94,362.491504
18.0,18,362.521413
51.0,51,362.575695
62.0,62,362.654979
41.0,41,362.712509
83.0,83,362.84245
51.0,51,362.919303
11.0,11,362.929652
14.0,14,362.956419
16.0,16,362.987477
83.0,83,363.105203
13.0,13,363.121257
12.0,12,363.137523
39.0,39,363.197637
85.0,85,363.309716
17.0,17,363.325961
14.0,14,363.345642
21.0,21,363.374341
18.0,18,363.401752
42.0,42,363.460021
41.0,41,363.516444
34.0,34,363.566554
16.0,16,363.591137
88.0,88,363.719533
81.0,81,363.834672
17.0,17,363.86139
75.0,75,363.971931
14.0,14,363.99025
12.0,12,364.010429
23.0,23,364.042992
13.0,13,364.057106
13.0,13,364.076852
15.0,15,364.098125
15.0,15,364.129859
50.0,50,364.200867
142.0,142,364.736071
17.0,17,364.759556
108.0,108,364.924958
13.0,13,364.949236
12.0,12,364.966454
86.0,86,365.063439
30.0,30,365.099301
71.0,71,365.169598
15.0,15,365.185158
74.0,74,365.268741
18.0,18,365.288577
20.0,20,365.310364
25.0,25,365.335748
11.0,11,365.350296
93.0,93,365.467567
69.0,69,365.546482
10.0,10,365.556769
74.0,74,365.633296
24.0,24,365.66394
26.0,26,365.692654
13.0,13,365.706064
11.0,11,365.718219
17.0,17,365.738315
12.0,12,365.750104
17.0,17,365.773484
14.0,14,365.788298
11.0,11,365.803497
11.0,11,365.814826
16.0,16,365.830596
21.0,21,365.851231
10.0,10,365.862622
13.0,13,365.884699
52.0,52,365.940628
12.0,12,365.954564
12.0,12,365.970624
19.0,19,365.995917
10.0,10,366.008222
16.0,16,366.025852
18.0,18,366.047356
16.0,16,366.067336
70.0,70,366.156143
14.0,14,366.174261
36.0,36,366.223745
12.0,12,366.241206
9.0,9,366.257744
85.0,85,366.383189
72.0,72,366.488016
13.0,13,366.511135
65.0,65,366.613994
23.0,23,366.649998
22.0,22,366.685533
77.0,77,366.797751
16.0,16,366.826172
14.0,14,366.841071
13.0,13,366.866037
16.0,16,366.89175
17.0,17,366.921999
82.0,82,367.048246
13.0,13,367.074325
19.0,19,367.100185
17.0,17,367.132506
66.0,66,367.23172
60.0,60,367.320445
14.0,14,367.345132
13.0,13,367.361851
15.0,15,367.384429
15.0,15,367.405004
17.0,17,367.430422
18.0,18,367.455709
14.0,14,367.479998
72.0,72,367.592601
45.0,45,367.660778
12.0,12,367.677588
14.0,14,367.694724
17.0,17,367.725609
75.0,75,367.833379
11.0,11,367.851772
11.0,11,367.86862
12.0,12,367.890361
21.0,21,367.919007
24.0,24,367.953825
16.0,16,367.9762
17.0,17,367.999384
14.0,14,368.020784
14.0,14,368.03723
18.0,18,368.068123
22.0,22,368.098676
71.0,71,368.202268
69.0,69,368.302245
15.0,15,368.326131
22.0,22,368.36882
15.0,15,368.384039
15.0,15,368.405504
19.0,19,368.434879
69.0,69,368.534862
15.0,15,368.556934
71.0,71,368.662866
69.0,69,368.761892
11.0,11,368.785838
16.0,16,368.808095
18.0,18,368.831313
53.0,53,368.91681
11.0,11,368.938187
37.0,37,368.994523
11.0,11,369.010565
21.0,21,369.040823
12.0,12,369.063176
33.0,33,369.118837
12.0,12,369.138613
22.0,22,369.167218
29.0,29,369.215985
14.0,14,369.236246
58.0,58,369.316545
14.0,14,369.337089
11.0,11,369.3559
66.0,66,369.457706
13.0,13,369.474834
15.0,15,369.49542
16.0,16,369.525068
10.0,10,369.541597
72.0,72,369.649565
13.0,13,369.668337
21.0,21,369.701462
15.0,15,369.728107
16.0,16,369.752367
20.0,20,369.781733
23.0,23,369.818592
76.0,76,369.924014
13.0,13,369.942855
16.0,16,369.966953
14.0,14,369.986418
23.0,23,370.020446
14.0,14,370.04814
21.0,21,370.07612
27.0,27,370.116344
16.0,16,370.140286
13.0,13,370.156547
28.0,28,370.193551
10.0,10,370.209336
21.0,21,370.23738
22.0,22,370.268919
20.0,20,370.295543
22.0,22,370.330379
12.0,12,370.350202
51.0,51,370.417112
18.0,18,370.442848
13.0,13,370.466105
54.0,54,370.543561
17.0,17,370.572303
16.0,16,370.592081
32.0,32,370.634576
28.0,28,370.678366
17.0,17,370.702855
55.0,55,370.789312
37.0,37,370.845949
28.0,28,370.889593
16.0,16,370.909719
39.0,39,370.963203
63.0,63,371.061636
14.0,14,371.083533
28.0,28,371.123672
16.0,16,371.145653
23.0,23,371.184487
13.0,13,371.200496
36.0,36,371.250229
19.0,19,371.275541
36.0,36,371.333277
58.0,58,371.416534
16.0,16,371.441386
36.0,36,371.493495
68.0,68,371.597285
16.0,16,371.618805
77.0,77,371.730177
38.0,38,371.784094
20.0,20,371.820592
29.0,29,371.862689
22.0,22,371.897647
47.0,47,371.969533
14.0,14,371.990812
63.0,63,372.090859
25.0,25,372.130758
14.0,14,372.154083
21.0,21,372.185011
17.0,17,372.206002
14.0,14,372.232535
18.0,18,372.254547
75.0,75,372.360204
12.0,12,372.376043
66.0,66,372.466311
14.0,14,372.488533
77.0,77,372.606937
13.0,13,372.623559
18.0,18,372.653007
60.0,60,372.744619
14.0,14,372.763848
11.0,11,372.780004
16.0,16,372.805943
12.0,12,372.82224
17.0,17,372.851813
19.0,19,372.87723
60.0,60,372.968887
17.0,17,372.992227
27.0,27,373.038126
68.0,68,373.142102
17.0,17,373.170691
27.0,27,373.214292
59.0,59,373.310954
43.0,43,373.380208
22.0,22,373.411795
34.0,34,373.455212
13.0,13,373.480034
105.0,105,373.640929
53.0,53,373.724217
61.0,61,373.823869
14.0,14,373.84685
71.0,71,373.951955
52.0,52,374.029774
15.0,15,374.055842
101.0,101,374.216116
18.0,18,374.239028
80.0,80,374.361065
63.0,63,374.453017
25.0,25,374.489151
69.0,69,374.597411
12.0,12,374.619417
71.0,71,374.731679
15.0,15,374.755463
68.0,68,374.856052
44.0,44,374.924974
23.0,23,374.95985
31.0,31,375.006022
73.0,73,375.111989
16.0,16,375.13545
66.0,66,375.23235
14.0,14,375.257381
12.0,12,375.274673
69.0,69,375.382665
68.0,68,375.483154
41.0,41,375.542704
35.0,35,375.597759
22.0,22,375.632468
43.0,43,375.694519
29.0,29,375.740407
14.0,14,375.763057
29.0,29,375.800362
61.0,61,375.879543
24.0,24,375.914241
33.0,33,375.960649
20.0,20,375.987934
69.0,69,376.08312
32.0,32,376.127282
26.0,26,376.169577
62.0,62,376.248308
23.0,23,376.282954
12.0,12,376.303019
60.0,60,376.389057
75.0,75,376.498845
32.0,32,376.541421
33.0,33,376.589803
17.0,17,376.611427
22.0,22,376.640911
41.0,41,376.69634
29.0,29,376.738331
46.0,46,376.803901
40.0,40,376.857725
55.0,55,376.932831
22.0,22,376.965025
27.0,27,377.005337
55.0,55,377.07425
55.0,55,377.153605
40.0,40,377.210409
31.0,31,377.250207
57.0,57,377.327971
29.0,29,377.363281
30.0,30,377.408975
49.0,49,377.481502
40.0,40,377.543401
31.0,31,377.584824
53.0,53,377.660317
40.0,40,377.713495
13.0,13,377.731993
102.0,102,377.878802
19.0,19,377.906976
36.0,36,377.960587
17.0,17,377.982574
17.0,17,378.006165
62.0,62,378.101124
35.0,35,378.150769
39.0,39,378.206848
61.0,61,378.297625
30.0,30,378.346065
21.0,21,378.379631
80.0,80,378.495063
14.0,14,378.518437
38.0,38,378.575737
98.0,98,378.718658
45.0,45,378.782232
29.0,29,378.826402
99.0,99,378.989532
48.0,48,379.063461
55.0,55,379.150038
40.0,40,379.206256
24.0,24,379.243726
29.0,29,379.642708
29.0,29,379.68417
58.0,58,379.770467
18.0,18,379.794373
15.0,15,379.82186
29.0,29,379.862354
12.0,12,379.87913
12.0,12,379.897748
11.0,11,379.916767
27.0,27,379.955233
24.0,24,379.989553
46.0,46,380.062826
26.0,26,380.100013
38.0,38,380.157944
61.0,61,380.251105
47.0,47,380.332196
16.0,16,380.352696
38.0,38,380.40701
13.0,13,380.422634
25.0,25,380.46374
35.0,35,380.51226
11.0,11,380.526024
60.0,60,380.613669
29.0,29,380.661091
16.0,16,380.68258
36.0,36,380.732156
54.0,54,380.810397
30.0,30,380.851495
57.0,57,380.931155
50.0,50,381.012315
13.0,13,381.028748
23.0,23,381.070054
21.0,21,381.103193
19.0,19,381.133369
11.0,11,381.143835
13.0,13,381.171707
13.0,13,381.188654
38.0,38,381.239052
54.0,54,381.31834
48.0,48,381.393521
14.0,14,381.410329
31.0,31,381.452617
14.0,14,381.477726
24.0,24,381.515388
29.0,29,381.557391
25.0,25,381.591915
48.0,48,381.656714
40.0,40,381.719788
19.0,19,381.74573
12.0,12,381.761772
27.0,27,381.801647
38.0,38,381.85814
24.0,24,381.89375
14.0,14,381.912624
86.0,86,382.028076
13.0,13,382.047883
11.0,11,382.064939
37.0,37,382.119471
18.0,18,382.146508
20.0,20,382.174751
34.0,34,382.225687
20.0,20,382.252037
73.0,73,382.360849
34.0,34,382.416406
13.0,13,382.430353
32.0,32,382.473529
25.0,25,382.517611
33.0,33,382.566402
11.0,11,382.584172
17.0,17,382.609535
26.0,26,382.646353
12.0,12,382.66731
65.0,65,382.773736
43.0,43,382.841746
50.0,50,382.915821
52.0,52,382.998984
20.0,20,383.030206
32.0,32,383.080387
32.0,32,383.123664
28.0,28,383.174116
13.0,13,383.191044
71.0,71,383.29489
31.0,31,383.345443
43.0,43,383.408068
48.0,48,383.482382
49.0,49,383.558758
44.0,44,383.626791
42.0,42,383.690432
17.0,17,383.712835
20.0,20,383.741076
63.0,63,383.837534
13.0,13,383.861954
14.0,14,383.883529
49.0,49,383.94974
23.0,23,383.989118
10.0,10,384.005842
29.0,29,384.050707
34.0,34,384.098631
69.0,69,384.197592
17.0,17,384.227497
21.0,21,384.256895
42.0,42,384.324991
68.0,68,384.426715
49.0,49,384.506324
89.0,89,384.642564
34.0,34,384.69001
34.0,34,384.747191
38.0,38,384.807336
44.0,44,384.872928
15.0,15,384.894299
26.0,26,384.937438
23.0,23,384.970606
58.0,58,385.0649
75.0,75,385.158512
33.0,33,385.190347
56.0,56,385.258084
116.0,116,385.418251
45.0,45,385.482937
36.0,36,385.537673
21.0,21,385.568997
58.0,58,385.654523
68.0,68,385.752536
44.0,44,385.813601
32.0,32,385.8626
94.0,94,386.000397
29.0,29,386.043564
19.0,19,386.070162
16.0,16,386.095086
26.0,26,386.129002
26.0,26,386.167727
28.0,28,386.206071
32.0,32,386.259132
12.0,12,386.276626
41.0,41,386.335141
19.0,19,386.364711
31.0,31,386.410384
43.0,43,386.475596
12.0,12,386.491504
11.0,11,386.509772
18.0,18,386.537926
12.0,12,386.555129
13.0,13,386.575582
27.0,27,386.613298
33.0,33,386.661884
13.0,13,386.687096
17.0,17,386.710627
39.0,39,386.769296
34.0,34,386.824595
18.0,18,386.853235
39.0,39,386.912013
32.0,32,386.961133
42.0,42,387.029123
57.0,57,387.10183
28.0,28,387.138527
20.0,20,387.166739
32.0,32,387.22203
30.0,30,387.267535
15.0,15,387.285768
31.0,31,387.335596
16.0,16,387.359277
30.0,30,387.410323
19.0,19,387.435404
17.0,17,387.462477
12.0,12,387.483079
14.0,14,387.503737
15.0,15,387.52617
14.0,14,387.543391
50.0,50,387.623093
25.0,25,387.655848
12.0,12,387.672503
59.0,59,387.762128
41.0,41,387.827571
11.0,11,387.845791
13.0,13,387.863992
19.0,19,387.893295
15.0,15,387.923816
12.0,12,387.943296
16.0,16,387.96494
14.0,14,387.979531
24.0,24,388.015485
14.0,14,388.040508
21.0,21,388.068811
19.0,19,388.0955
16.0,16,388.12289
22.0,22,388.154133
15.0,15,388.177297
25.0,25,388.213548
18.0,18,388.248836
14.0,14,388.266555
17.0,17,388.289753
27.0,27,388.324619
14.0,14,388.353345
42.0,42,388.413803
18.0,18,388.446471
20.0,20,388.476146
19.0,19,388.503561
17.0,17,388.531244
18.0,18,388.56039
10.0,10,388.57701
32.0,32,388.6276
10.0,10,388.640816
12.0,12,388.660956
15.0,15,388.682382
9.0,9,388.698097
11.0,11,388.71372
37.0,37,388.772091
17.0,17,388.79194
48.0,48,388.868602
20.0,20,388.896063
66.0,66,388.990137
14.0,14,389.007211
15.0,15,389.035004
11.0,11,389.05205
12.0,12,389.073219
12.0,12,389.091829
11.0,11,389.111654
13.0,13,389.129495
89.0,89,389.262113
12.0,12,389.281092
11.0,11,389.301631
18.0,18,389.325218
18.0,18,389.355855
26.0,26,389.392703
12.0,12,389.413473
16.0,16,389.434556
21.0,21,389.469106
12.0,12,389.489097
13.0,13,389.511181
18.0,18,389.535293
21.0,21,389.569914
23.0,23,389.596066
14.0,14,389.621511
13.0,13,389.638822
33.0,33,389.687181
40.0,40,389.739105
14.0,14,389.764023
21.0,21,389.791616
16.0,16,389.813858
12.0,12,389.829436
29.0,29,389.876868
14.0,14,389.899817
50.0,50,389.967559
15.0,15,389.991051
41.0,41,390.050846
18.0,18,390.07512
37.0,37,390.12823
19.0,19,390.152948
15.0,15,390.176942
28.0,28,390.221446
14.0,14,390.240407
25.0,25,390.276899
24.0,24,390.318614
18.0,18,390.34573
17.0,17,390.367196
12.0,12,390.384912
13.0,13,390.407455
15.0,15,390.425951
17.0,17,390.450204
15.0,15,390.472545
15.0,15,390.499326
15.0,15,390.524386
22.0,22,390.553986
12.0,12,390.572186
21.0,21,390.603718
13.0,13,390.629223
22.0,22,390.660253
29.0,29,390.701146
38.0,38,390.763306
16.0,16,390.78911
18.0,18,390.814411
13.0,13,390.839971
27.0,27,390.876545
25.0,25,390.917315
19.0,19,390.943225
20.0,20,390.969436
26.0,26,391.010543
16.0,16,391.035182
30.0,30,391.075077
43.0,43,391.138224
22.0,22,391.173238
23.0,23,391.203976
17.0,17,391.233977
16.0,16,391.258602
17.0,17,391.286896
96.0,96,391.436184
16.0,16,391.460675
12.0,12,391.477357
13.0,13,391.497822
14.0,14,391.518274
26.0,26,391.554177
27.0,27,391.594408
25.0,25,391.634399
13.0,13,391.65583
34.0,34,391.703673
21.0,21,391.730789
14.0,14,391.756528
15.0,15,391.772855
18.0,18,391.798785
13.0,13,391.816613
23.0,23,391.857811
23.0,23,391.888723
46.0,46,391.950544
26.0,26,391.986768
24.0,24,392.0218
19.0,19,392.043967
10.0,10,392.058083
16.0,16,392.081692
23.0,23,392.120687
20.0,20,392.14648
13.0,13,392.167691
15.0,15,392.190257
62.0,62,392.283291
109.0,109,392.446375
28.0,28,392.489052
9.0,9,392.504372
19.0,19,392.529518
20.0,20,392.554961
12.0,12,392.574432
33.0,33,392.622024
12.0,12,392.642777
13.0,13,392.661142
14.0,14,392.679917
11.0,11,392.694413
24.0,24,392.726491
16.0,16,392.747192
12.0,12,392.763631
30.0,30,392.811247
22.0,22,392.839752
11.0,11,392.857603
12.0,12,392.875335
17.0,17,392.895531
103.0,103,393.046551
36.0,36,393.103446
10.0,10,393.115262
35.0,35,393.164748
10.0,10,393.183237
14.0,14,393.205708
13.0,13,393.224928
47.0,47,393.297302
15.0,15,393.321196
23.0,23,393.353334
31.0,31,393.395022
22.0,22,393.430294
19.0,19,393.45985
19.0,19,393.483047
19.0,19,393.515117
21.0,21,393.545892
50.0,50,393.623033
10.0,10,393.634619
24.0,24,393.6682
13.0,13,393.686505
27.0,27,393.724986
16.0,16,393.748714
19.0,19,393.776747
16.0,16,393.802945
12.0,12,393.821791
22.0,22,393.854742
10.0,10,393.869571
11.0,11,393.886388
15.0,15,393.91585
10.0,10,393.928077
25.0,25,393.964019
10.0,10,393.979839
20.0,20,394.016362
15.0,15,394.033602
15.0,15,394.047301
15.0,15,394.068541
10.0,10,394.088064
12.0,12,394.103409
12.0,12,394.123778
21.0,21,394.150358
16.0,16,394.177557
14.0,14,394.194707
64.0,64,394.281618
15.0,15,394.301785
16.0,16,394.327409
12.0,12,394.345476
24.0,24,394.378871
17.0,17,394.39836
12.0,12,394.419678
17.0,17,394.443954
15.0,15,394.462167
10.0,10,394.477257
10.0,10,394.81883
11.0,11,394.838987
14.0,14,394.861023
20.0,20,394.888528
15.0,15,394.909699
18.0,18,394.935363
16.0,16,394.957538
19.0,19,394.980842
24.0,24,395.015268
12.0,12,395.032215
12.0,12,395.051712
18.0,18,395.074619
15.0,15,395.098709
9.0,9,395.110383
22.0,22,395.142679
18.0,18,395.167721
17.0,17,395.195451
20.0,20,395.224786
17.0,17,395.25364
17.0,17,395.275222
14.0,14,395.296593
13.0,13,395.317357
44.0,44,395.380328
15.0,15,395.400326
16.0,16,395.424662
35.0,35,395.476175
35.0,35,395.524082
10.0,10,395.535411
75.0,75,395.643761
15.0,15,395.666753
21.0,21,395.693472
71.0,71,395.796032
16.0,16,395.820694
24.0,24,395.852453
20.0,20,395.882204
22.0,22,395.910105
17.0,17,395.938689
13.0,13,395.956102
14.0,14,395.975474
21.0,21,396.005257
16.0,16,396.027049
11.0,11,396.04098
68.0,68,396.135557
18.0,18,396.160911
14.0,14,396.186754
19.0,19,396.215869
14.0,14,396.23582
54.0,54,396.313554
9.0,9,396.327853
14.0,14,396.348865
16.0,16,396.370398
11.0,11,396.387287
16.0,16,396.415747
48.0,48,396.476456
19.0,19,396.502471
30.0,30,396.546578
13.0,13,396.568631
11.0,11,396.581797
14.0,14,396.597647
14.0,14,396.623286
17.0,17,396.649321
26.0,26,396.683774
23.0,23,396.716313
18.0,18,396.739018
16.0,16,396.763251
19.0,19,396.789388
17.0,17,396.814601
9.0,9,396.826485
10.0,10,396.844087
10.0,10,396.857374
13.0,13,396.872527
11.0,11,396.887984
22.0,22,396.927597
14.0,14,396.945209
14.0,14,396.966531
13.0,13,396.982896
12.0,12,397.004232
39.0,39,397.061789
18.0,18,397.085624
17.0,17,397.105476
11.0,11,397.128526
11.0,11,397.145314
16.0,16,397.163655
15.0,15,397.184527
9.0,9,397.19945
13.0,13,397.216454
11.0,11,397.235664
30.0,30,397.27486
15.0,15,397.300265
16.0,16,397.319396
17.0,17,397.344696
12.0,12,397.360794
12.0,12,397.382951
15.0,15,397.401609
36.0,36,397.454638
15.0,15,397.476641
11.0,11,397.497797
13.0,13,397.515004
18.0,18,397.540121
11.0,11,397.552594
13.0,13,397.573509
39.0,39,397.625082
10.0,10,397.638329
13.0,13,397.658191
14.0,14,397.679337
75.0,75,397.793032
10.0,10,397.808249
24.0,24,397.837187
15.0,15,397.859065
19.0,19,397.886403
12.0,12,397.902714
13.0,13,397.918965
27.0,27,397.963966
13.0,13,397.981994
15.0,15,398.003647
11.0,11,398.020115
20.0,20,398.0507
21.0,21,398.080864
18.0,18,398.10483
23.0,23,398.137177
13.0,13,398.164097
22.0,22,398.19294
18.0,18,398.221077
17.0,17,398.243988
16.0,16,398.27377
12.0,12,398.290436
13.0,13,398.306304
15.0,15,398.32911
16.0,16,398.353539
14.0,14,398.372757
17.0,17,398.401723
20.0,20,398.430083
62.0,62,398.519934
25.0,25,398.551297
20.0,20,398.584433
44.0,44,398.641494
27.0,27,398.677225
15.0,15,398.703819
17.0,17,398.724586
11.0,11,398.739963
16.0,16,398.765733
18.0,18,398.795131
17.0,17,398.82184
16.0,16,398.841899
16.0,16,398.867363
17.0,17,398.894227
22.0,22,398.922629
21.0,21,398.951948
17.0,17,398.978769
17.0,17,399.004267
20.0,20,399.031469
21.0,21,399.057475
29.0,29,399.105075
30.0,30,399.143754
19.0,19,399.172428
92.0,92,399.301965
63.0,63,399.396732
16.0,16,399.423633
19.0,19,399.449461
17.0,17,399.47361
16.0,16,399.497619
17.0,17,399.52386
20.0,20,399.550831
15.0,15,399.572154
12.0,12,399.589792
20.0,20,399.615229
31.0,31,399.656813
16.0,16,399.675987
40.0,40,399.74053
36.0,36,399.790725
43.0,43,399.85283
32.0,32,399.898509
22.0,22,399.937781
19.0,19,399.959218
13.0,13,399.980259
13.0,13,399.996753
28.0,28,400.039858
11.0,11,400.056026
38.0,38,400.100624
15.0,15,400.123224
37.0,37,400.177938
18.0,18,400.203938
27.0,27,400.236576
16.0,16,400.263352
10.0,10,400.28355
12.0,12,400.298635
16.0,16,400.320863
46.0,46,400.389686
15.0,15,400.414158
27.0,27,400.455649
64.0,64,400.545943
24.0,24,400.58481
20.0,20,400.618294
54.0,54,400.694871
30.0,30,400.737725
14.0,14,400.756285
34.0,34,400.812304
14.0,14,400.828959
18.0,18,400.854861
11.0,11,400.875728
35.0,35,400.925189
12.0,12,400.940958
11.0,11,400.958118
16.0,16,400.986456
19.0,19,401.013518
14.0,14,401.031343
11.0,11,401.046571
20.0,20,401.07289
30.0,30,401.12339
11.0,11,401.137021
26.0,26,401.16791
34.0,34,401.220684
17.0,17,401.252408
19.0,19,401.280024
32.0,32,401.332837
16.0,16,401.356625
18.0,18,401.390695
33.0,33,401.436596
19.0,19,401.466629
11.0,11,401.482289
13.0,13,401.508585
21.0,21,401.540582
23.0,23,401.575587
20.0,20,401.60983
16.0,16,401.636306
19.0,19,401.666883
17.0,17,401.689396
14.0,14,401.710842
18.0,18,401.742687
20.0,20,401.771218
19.0,19,401.800417
22.0,22,401.834383
21.0,21,401.86624
9.0,9,401.880795
14.0,14,401.899367
22.0,22,401.934069
14.0,14,401.954135
15.0,15,401.97548
16.0,16,401.998354
15.0,15,402.028498
15.0,15,402.048654
11.0,11,402.06453
20.0,20,402.095521
18.0,18,402.126251
15.0,15,402.15072
18.0,18,402.180228
11.0,11,402.196854
20.0,20,402.230375
15.0,15,402.251942
15.0,15,402.276963
48.0,48,402.348387
24.0,24,402.386333
14.0,14,402.413059
14.0,14,402.438299
20.0,20,402.465398
17.0,17,402.48897
26.0,26,402.529634
22.0,22,402.565406
20.0,20,402.595052
16.0,16,402.619901
12.0,12,402.643008
45.0,45,402.71498
17.0,17,402.737309
9.0,9,402.75276
14.0,14,402.776649
12.0,12,402.795776
59.0,59,402.881059
24.0,24,402.915899
14.0,14,402.941723
14.0,14,402.966506
14.0,14,402.988976
21.0,21,403.021018
25.0,25,403.060014
11.0,11,403.077635
11.0,11,403.094422
19.0,19,403.121667
20.0,20,403.158638
16.0,16,403.183333
10.0,10,403.197181
20.0,20,403.226332
14.0,14,403.252526
18.0,18,403.282228
9.0,9,403.294693
15.0,15,403.318466
89.0,89,403.456132
20.0,20,403.486368
26.0,26,403.528264
25.0,25,403.560189
20.0,20,403.594131
38.0,38,403.652125
35.0,35,403.7076
32.0,32,403.750902
40.0,40,403.817676
12.0,12,403.834174
24.0,24,403.865811
34.0,34,403.919894
13.0,13,403.941617
24.0,24,403.974213
20.0,20,404.005763
23.0,23,404.035784
13.0,13,404.058365
23.0,23,404.096169
87.0,87,404.240605
23.0,23,404.272681
12.0,12,404.29425
13.0,13,404.318702
40.0,40,404.378373
55.0,55,404.46148
54.0,54,404.551066
44.0,44,404.61058
14.0,14,404.634398
30.0,30,404.676105
46.0,46,404.748221
16.0,16,404.773285
14.0,14,404.797729
16.0,16,404.824914
17.0,17,404.852012
32.0,32,404.900262
11.0,11,404.917647
12.0,12,404.940229
12.0,12,404.961342
14.0,14,404.979682
9.0,9,404.996047
13.0,13,405.01293
18.0,18,405.044178
39.0,39,405.103131
18.0,18,405.132596
16.0,16,405.156061
21.0,21,405.187664
22.0,22,405.216805
17.0,17,405.249322
33.0,33,405.294157
37.0,37,405.350189
15.0,15,405.372858
16.0,16,405.393761
20.0,20,405.420639
18.0,18,405.443538
11.0,11,405.463325
19.0,19,405.491651
12.0,12,405.509201
26.0,26,405.545632
48.0,48,405.614897
15.0,15,405.635817
20.0,20,405.666925
10.0,10,405.68489
19.0,19,405.708814
12.0,12,405.724809
18.0,18,405.749686
15.0,15,405.78056
16.0,16,405.803207
23.0,23,405.834689
19.0,19,405.868795
17.0,17,405.893026
15.0,15,405.913917
32.0,32,405.957926
20.0,20,405.991202
28.0,28,406.033423
13.0,13,406.051835
42.0,42,406.116981
14.0,14,406.135468
17.0,17,406.167415
31.0,31,406.209483
16.0,16,406.234673
14.0,14,406.255987
22.0,22,406.292235
11.0,11,406.309086
40.0,40,406.366206
14.0,14,406.392445
17.0,17,406.417224
12.0,12,406.432884
11.0,11,406.449904
10.0,10,406.463295
13.0,13,406.488834
11.0,11,406.50508
34.0,34,406.560145
16.0,16,406.58395
15.0,15,406.608438
13.0,13,406.629028
19.0,19,406.65109
16.0,16,406.67412
33.0,33,406.733464
13.0,13,406.750725
13.0,13,406.76944
37.0,37,406.829172
18.0,18,406.86151
12.0,12,406.87746
12.0,12,406.896485
12.0,12,406.914455
15.0,15,406.940909
20.0,20,406.970784
15.0,15,406.988664
13.0,13,407.01404
18.0,18,407.041116
30.0,30,407.083282
96.0,96,407.220345
21.0,21,407.248832
20.0,20,407.279301
33.0,33,407.324537
20.0,20,407.350268
13.0,13,407.36848
15.0,15,407.394825
18.0,18,407.426269
19.0,19,407.454014
13.0,13,407.476389
21.0,21,407.511795
17.0,17,407.538358
25.0,25,407.57292
26.0,26,407.611364
18.0,18,407.641975
91.0,91,407.781856
16.0,16,407.804272
12.0,12,407.823099
23.0,23,407.86723
19.0,19,407.895905
13.0,13,407.913262
14.0,14,407.933578
11.0,11,407.957249
14.0,14,407.981102
16.0,16,408.005976
17.0,17,408.03292
19.0,19,408.06909
17.0,17,408.094274
17.0,17,408.116588
22.0,22,408.15367
24.0,24,408.192036
38.0,38,408.247264
25.0,25,408.285225
30.0,30,408.325576
49.0,49,408.405055
16.0,16,408.428816
11.0,11,408.448483
11.0,11,408.468964
15.0,15,408.498953
52.0,52,408.561812
27.0,27,408.608007
21.0,21,408.639259
12.0,12,408.655413
22.0,22,408.682763
31.0,31,408.721806
23.0,23,408.746047
27.0,27,408.781413
27.0,27,408.820366
34.0,34,408.867117
17.0,17,408.886413
16.0,16,408.911868
13.0,13,408.92468
17.0,17,408.94254
14.0,14,408.961365
47.0,47,409.024499
14.0,14,409.040354
41.0,41,409.085181
22.0,22,409.118067
11.0,11,409.14158
13.0,13,409.16299
33.0,33,409.199437
12.0,12,409.21806
19.0,19,409.245208
14.0,14,409.259788
22.0,22,409.289839
12.0,12,409.303222
17.0,17,409.324399
10.0,10,409.333236
14.0,14,409.348314
16.0,16,409.367413
15.0,15,409.38558
16.0,16,409.40398
18.0,18,409.424988
15.0,15,409.442716
16.0,16,409.466985
35.0,35,409.505359
14.0,14,409.514752
18.0,18,409.540604
19.0,19,409.564825
40.0,40,409.895428
17.0,17,409.922818
13.0,13,409.940606
14.0,14,409.95754
25.0,25,409.988878
17.0,17,410.006423
12.0,12,410.019621
12.0,12,410.04037
26.0,26,410.06676
13.0,13,410.082081
15.0,15,410.095795
10.0,10,410.114007
21.0,21,410.141737
36.0,36,410.179118
15.0,15,410.197245
44.0,44,410.251235
12.0,12,410.264036
75.0,75,410.34318
22.0,22,410.371245
25.0,25,410.406111
17.0,17,410.431413
12.0,12,410.44608
21.0,21,410.469953
18.0,18,410.49406
22.0,22,410.523839
19.0,19,410.544546
39.0,39,410.596076
21.0,21,410.624057
15.0,15,410.636971
42.0,42,410.692627
24.0,24,410.71837
28.0,28,410.755524
12.0,12,410.774727
14.0,14,410.787762
15.0,15,410.808081
19.0,19,410.834496
15.0,15,410.849714
13.0,13,410.866499
10.0,10,410.875692
15.0,15,410.896922
10.0,10,410.909856
13.0,13,410.922515
13.0,13,410.934958
14.0,14,410.954403
11.0,11,410.964687
15.0,15,410.986577
11.0,11,411.000395
13.0,13,411.015808
16.0,16,411.03123
16.0,16,411.046736
11.0,11,411.05775
18.0,18,411.096593
15.0,15,411.114301
16.0,16,411.137171
15.0,15,411.152841
13.0,13,411.168602
14.0,14,411.191126
25.0,25,411.221793
9.0,9,411.229336
20.0,20,411.254484
13.0,13,411.270474
12.0,12,411.286696
11.0,11,411.302423
13.0,13,411.327338
24.0,24,411.350453
11.0,11,411.363028
15.0,15,411.388845
13.0,13,411.40575
14.0,14,411.424547
25.0,25,411.452416
12.0,12,411.463714
17.0,17,411.484615
61.0,61,411.549736
11.0,11,411.563682
10.0,10,411.57781
17.0,17,411.601499
13.0,13,411.60997
17.0,17,411.626798
15.0,15,411.644427
9.0,9,411.656065
19.0,19,411.676356
16.0,16,411.700495
13.0,13,411.717021
20.0,20,411.745798
49.0,49,411.806736
13.0,13,411.8197
15.0,15,411.838694
22.0,22,411.871581
26.0,26,411.907002
10.0,10,411.916806
88.0,88,412.008982
20.0,20,412.03322
12.0,12,412.04462
41.0,41,412.085273
15.0,15,412.102958
15.0,15,412.127131
33.0,33,412.163134
12.0,12,412.175711
63.0,63,412.245015
16.0,16,412.265208
14.0,14,412.280949
12.0,12,412.294642
12.0,12,412.306699
33.0,33,412.353788
17.0,17,412.374365
11.0,11,412.390973
15.0,15,412.407278
22.0,22,412.44748
10.0,10,412.459121
13.0,13,412.479073
11.0,11,412.490493
15.0,15,412.516055
11.0,11,412.535722
10.0,10,412.54383
17.0,17,412.563915
26.0,26,412.593406
21.0,21,412.614687
12.0,12,412.627303
36.0,36,412.67027
12.0,12,412.686859
14.0,14,412.705177
16.0,16,412.725016
14.0,14,412.742803
20.0,20,412.766402
13.0,13,412.782066
16.0,16,412.797712
10.0,10,412.806854
12.0,12,412.822321
31.0,31,412.859645
19.0,19,412.882701
17.0,17,412.902805
20.0,20,412.929165
31.0,31,412.972589
14.0,14,412.988519
12.0,12,413.001902
15.0,15,413.021296
13.0,13,413.034403
10.0,10,413.049149
16.0,16,413.071487
24.0,24,413.101718
26.0,26,413.135309
14.0,14,413.15408
19.0,19,413.172918
20.0,20,413.198874
12.0,12,413.21431
21.0,21,413.240607
38.0,38,413.288454
95.0,95,413.408142
15.0,15,413.426997
15.0,15,413.441906
30.0,30,413.485775
13.0,13,413.503222
21.0,21,413.528132
13.0,13,413.544663
16.0,16,413.56343
17.0,17,413.588912
23.0,23,413.622221
18.0,18,413.642419
10.0,10,413.658888
10.0,10,413.676741
11.0,11,413.693007
34.0,34,413.737358
32.0,32,413.788204
20.0,20,413.820667
19.0,19,413.848977
32.0,32,413.901696
10.0,10,413.918
15.0,15,413.941977
13.0,13,413.964494
11.0,11,413.975894
24.0,24,414.023112
57.0,57,414.112724
16.0,16,414.135293
9.0,9,414.14885
16.0,16,414.167574
19.0,19,414.20267
16.0,16,414.225015
18.0,18,414.245997
28.0,28,414.285038
15.0,15,414.314771
28.0,28,414.348194
21.0,21,414.374807
14.0,14,414.3967
16.0,16,414.432826
13.0,13,414.450315
29.0,29,414.490978
40.0,40,414.553079
19.0,19,414.584057
14.0,14,414.597497
17.0,17,414.622242
33.0,33,414.661969
34.0,34,414.70426
30.0,30,414.746949
20.0,20,414.771736
54.0,54,414.833659
16.0,16,414.853133
17.0,17,414.870641
15.0,15,414.882595
37.0,37,414.933582
15.0,15,414.951292
17.0,17,414.97439
14.0,14,414.989035
16.0,16,415.00373
13.0,13,415.0203
22.0,22,415.051682
11.0,11,415.067583
52.0,52,415.126813
17.0,17,415.15272
32.0,32,415.192178
35.0,35,415.243182
13.0,13,415.254913
16.0,16,415.281838
15.0,15,415.298877
27.0,27,415.334646
33.0,33,415.378045
17.0,17,415.397091
34.0,34,415.430286
10.0,10,415.438724
15.0,15,415.45774
61.0,61,415.534551
19.0,19,415.559514
21.0,21,415.581936
17.0,17,415.599924
13.0,13,415.615524
13.0,13,415.631855
100.0,100,415.747283
48.0,48,415.812674
22.0,22,415.840674
17.0,17,415.863734
44.0,44,415.920474
16.0,16,415.939591
15.0,15,415.968035
14.0,14,415.986216
28.0,28,416.0193
13.0,13,416.033654
25.0,25,416.068789
14.0,14,416.086843
13.0,13,416.101683
15.0,15,416.121671
36.0,36,416.171335
26.0,26,416.198452
20.0,20,416.223526
12.0,12,416.236914
42.0,42,416.292545
16.0,16,416.308111
32.0,32,416.343549
14.0,14,416.358619
23.0,23,416.389942
91.0,91,416.51792
18.0,18,416.541996
14.0,14,416.563581
10.0,10,416.580199
50.0,50,416.642513
14.0,14,416.656526
17.0,17,416.67762
28.0,28,416.721995
20.0,20,416.752413
12.0,12,416.768142
12.0,12,416.783454
23.0,23,416.820711
22.0,22,416.849483
44.0,44,416.91089
22.0,22,416.93627
23.0,23,416.965766
17.0,17,416.986804
24.0,24,417.02114
18.0,18,417.046335
17.0,17,417.063044
21.0,21,417.089908
25.0,25,417.12539
16.0,16,417.145367
24.0,24,417.182895
13.0,13,417.199041
13.0,13,417.215915
16.0,16,417.235132
19.0,19,417.26037
11.0,11,417.271343
14.0,14,417.288487
20.0,20,417.315459
12.0,12,417.333227
54.0,54,417.396592
11.0,11,417.41
15.0,15,417.431104
13.0,13,417.444652
17.0,17,417.460974
13.0,13,417.476729
10.0,10,417.486169
12.0,12,417.50193
21.0,21,417.528193
29.0,29,417.561415
13.0,13,417.572041
10.0,10,417.582152
19.0,19,417.603705
12.0,12,417.616625
59.0,59,417.703926
39.0,39,417.754268
17.0,17,417.775719
13.0,13,417.792854
14.0,14,417.810666
24.0,24,417.840462
39.0,39,417.878928
15.0,15,417.894118
26.0,26,417.920729
17.0,17,417.946807
17.0,17,417.968738
27.0,27,417.998176
14.0,14,418.011043
16.0,16,418.029452
12.0,12,418.041968
13.0,13,418.057427
16.0,16,418.075193
15.0,15,418.092211
15.0,15,418.107869
19.0,19,418.131279
21.0,21,418.155655
13.0,13,418.168224
19.0,19,418.18992
12.0,12,418.203374
32.0,32,418.236074
21.0,21,418.267934
15.0,15,418.291742
23.0,23,418.322462
17.0,17,418.343402
92.0,92,418.466901
12.0,12,418.480468
11.0,11,418.495217
13.0,13,418.509178
19.0,19,418.533908
14.0,14,418.547701
15.0,15,418.568888
16.0,16,418.585636
18.0,18,418.615057
14.0,14,418.629726
14.0,14,418.64549
14.0,14,418.662087
14.0,14,418.683937
22.0,22,418.705981
17.0,17,418.723462
19.0,19,418.747137
9.0,9,418.764279
16.0,16,418.783896
12.0,12,418.797185
11.0,11,418.811757
10.0,10,418.826926
23.0,23,418.852798
12.0,12,418.872263
23.0,23,418.907209
12.0,12,418.92802
16.0,16,418.948822
19.0,19,418.976307
12.0,12,418.992258
14.0,14,419.011725
26.0,26,419.049731
11.0,11,419.065234
52.0,52,419.124146
13.0,13,419.139862
11.0,11,419.152607
27.0,27,419.183602
14.0,14,419.201127
11.0,11,419.218363
11.0,11,419.231431
10.0,10,419.245534
12.0,12,419.258597
12.0,12,419.278075
13.0,13,419.290714
18.0,18,419.313098
11.0,11,419.322978
18.0,18,419.350502
15.0,15,419.368336
15.0,15,419.387962
15.0,15,419.405763
11.0,11,419.423257
15.0,15,419.441293
9.0,9,419.451293
15.0,15,419.47137
18.0,18,419.504923
14.0,14,419.526688
10.0,10,419.538774
10.0,10,419.556446
95.0,95,419.699344
9.0,9,419.71642
24.0,24,419.751142
15.0,15,419.769915
10.0,10,419.787634
20.0,20,419.818416
11.0,11,419.836096
19.0,19,419.859236
19.0,19,419.892399
94.0,94,420.038333
13.0,13,420.057071
33.0,33,420.101823
10.0,10,420.12404
16.0,16,420.14149
15.0,15,420.158366
9.0,9,420.172718
30.0,30,420.218013
17.0,17,420.242538
24.0,24,420.276129
14.0,14,420.294803
11.0,11,420.32033
13.0,13,420.337696
15.0,15,420.360046
16.0,16,420.379888
17.0,17,420.404685
18.0,18,420.431002
13.0,13,420.451488
15.0,15,420.472551
14.0,14,420.497827
16.0,16,420.520706
12.0,12,420.541058
32.0,32,420.590058
11.0,11,420.608715
49.0,49,420.671393
16.0,16,420.69245
19.0,19,420.720245
15.0,15,420.738729
13.0,13,420.753692
10.0,10,420.764942
18.0,18,420.785351
12.0,12,420.799517
13.0,13,420.812329
16.0,16,420.83412
13.0,13,420.849046
14.0,14,420.869022
25.0,25,420.897102
23.0,23,420.924833
23.0,23,420.951565
13.0,13,420.971733
14.0,14,420.984666
12.0,12,420.998016
13.0,13,421.010435
12.0,12,421.02754
18.0,18,421.051097
11.0,11,421.064884
23.0,23,421.086843
12.0,12,421.104048
12.0,12,421.1169
20.0,20,421.139956
87.0,87,421.258773
27.0,27,421.295535
14.0,14,421.310287
15.0,15,421.32935
12.0,12,421.343781
17.0,17,421.366803
16.0,16,421.38192
14.0,14,421.392952
16.0,16,421.405907
12.0,12,421.417858
14.0,14,421.430107
12.0,12,421.441538
17.0,17,421.467323
17.0,17,421.485795
11.0,11,421.49835
19.0,19,421.518856
12.0,12,421.531088
13.0,13,421.548565
14.0,14,421.564923
21.0,21,421.585513
66.0,66,421.655458
14.0,14,421.67782
11.0,11,421.690833
22.0,22,421.714663
23.0,23,421.736187
13.0,13,421.754412
13.0,13,421.77082
91.0,91,421.881988
13.0,13,421.894317
17.0,17,421.918795
50.0,50,421.986944
11.0,11,421.997463
15.0,15,422.013516
13.0,13,422.031835
14.0,14,422.049075
10.0,10,422.0587
23.0,23,422.088813
14.0,14,422.108757
16.0,16,422.12683
30.0,30,422.162681
68.0,68,422.244233
13.0,13,422.261609
15.0,15,422.278341
38.0,38,422.323806
16.0,16,422.341215
15.0,15,422.359166
20.0,20,422.384266
33.0,33,422.419731
27.0,27,422.438421
40.0,40,422.486334
25.0,25,422.523793
24.0,24,422.550786
11.0,11,422.562403
14.0,14,422.583303
18.0,18,422.6039
20.0,20,422.899761
9.0,9,422.915436
13.0,13,422.933608
13.0,13,422.946556
15.0,15,422.961351
14.0,14,422.974915
12.0,12,422.990437
27.0,27,423.018168
13.0,13,423.030493
36.0,36,423.06853
19.0,19,423.099799
11.0,11,423.119334
23.0,23,423.147537
20.0,20,423.171475
11.0,11,423.185891
29.0,29,423.2225
12.0,12,423.238512
107.0,107,423.362221
19.0,19,423.38728
10.0,10,423.400325
16.0,16,423.422793
11.0,11,423.435552
13.0,13,423.45677
12.0,12,423.469469
15.0,15,423.483381
34.0,34,423.513303
10.0,10,423.52731
10.0,10,423.541069
13.0,13,423.553389
20.0,20,423.574733
14.0,14,423.596332
15.0,15,423.611883
21.0,21,423.639533
30.0,30,423.675618
12.0,12,423.691309
13.0,13,423.705168
21.0,21,423.736022
35.0,35,423.77731
13.0,13,423.797925
28.0,28,423.838989
19.0,19,423.856585
22.0,22,423.887339
19.0,19,423.910331
11.0,11,423.920224
12.0,12,423.933408
21.0,21,423.961611
14.0,14,423.978998
14.0,14,423.997632
13.0,13,424.011561
13.0,13,424.026635
11.0,11,424.04736
37.0,37,424.087382
15.0,15,424.105788
18.0,18,424.123098
27.0,27,424.16052
45.0,45,424.208045
16.0,16,424.224565
14.0,14,424.242495
13.0,13,424.263886
16.0,16,424.281273
11.0,11,424.293751
12.0,12,424.306324
16.0,16,424.32677
11.0,11,424.343116
17.0,17,424.369958
16.0,16,424.389333
22.0,22,424.417395
24.0,24,424.44941
14.0,14,424.472064
11.0,11,424.488236
14.0,14,424.507492
10.0,10,424.517931
18.0,18,424.531209
18.0,18,424.54566
13.0,13,424.563769
18.0,18,424.582358
23.0,23,424.609615
12.0,12,424.621998
27.0,27,424.655669
13.0,13,424.67363
21.0,21,424.697915
15.0,15,424.715248
16.0,16,424.735746
33.0,33,424.773745
13.0,13,424.788632
20.0,20,424.808898
14.0,14,424.825597
18.0,18,424.843489
41.0,41,424.887987
18.0,18,424.907543
13.0,13,424.927633
10.0,10,424.938511
24.0,24,424.966561
13.0,13,424.984349
12.0,12,425.00423
15.0,15,425.025106
17.0,17,425.04414
12.0,12,425.056666
13.0,13,425.082507
25.0,25,425.110713
22.0,22,425.133426
14.0,14,425.155335
19.0,19,425.183449
18.0,18,425.201606
14.0,14,425.218012
18.0,18,425.235924
16.0,16,425.2539
50.0,50,425.316411
26.0,26,425.346628
29.0,29,425.376638
17.0,17,425.406598
27.0,27,425.431791
14.0,14,425.448757
55.0,55,425.507708
16.0,16,425.525244
15.0,15,425.536629
17.0,17,425.557361
13.0,13,425.570249
17.0,17,425.596138
52.0,52,425.6718
23.0,23,425.707162
17.0,17,425.727725
18.0,18,425.756021
15.0,15,425.77332
16.0,16,425.795421
14.0,14,425.819309
30.0,30,425.861185
17.0,17,425.885711
17.0,17,425.91071
16.0,16,425.934172
13.0,13,425.957042
21.0,21,425.98528
28.0,28,426.029467
18.0,18,426.056151
32.0,32,426.101578
19.0,19,426.13172
75.0,75,426.236231
13.0,13,426.256236
34.0,34,426.303047
12.0,12,426.324411
12.0,12,426.339405
32.0,32,426.385103
21.0,21,426.414654
27.0,27,426.454026
21.0,21,426.482395
52.0,52,426.557003
17.0,17,426.587085
12.0,12,426.603538
14.0,14,426.620384
16.0,16,426.645606
15.0,15,426.669464
21.0,21,426.697722
17.0,17,426.719986
15.0,15,426.741042
16.0,16,426.762801
17.0,17,426.784525
12.0,12,426.798528
16.0,16,426.819008
13.0,13,426.846502
12.0,12,426.862217
18.0,18,426.881636
16.0,16,426.898593
11.0,11,426.914698
14.0,14,426.928908
18.0,18,426.953111
9.0,9,426.962604
18.0,18,426.984968
13.0,13,426.998163
27.0,27,427.032768
22.0,22,427.057562
40.0,40,427.091856
10.0,10,427.10231
12.0,12,427.117773
14.0,14,427.131792
18.0,18,427.15714
18.0,18,427.17526
18.0,18,427.196672
21.0,21,427.21749
11.0,11,427.23202
9.0,9,427.242081
13.0,13,427.258197
32.0,32,427.291602
16.0,16,427.311433
13.0,13,427.327268
31.0,31,427.368959
11.0,11,427.381696
19.0,19,427.411311
23.0,23,427.437987
15.0,15,427.459956
15.0,15,427.481821
12.0,12,427.498107
13.0,13,427.511523
15.0,15,427.527444
13.0,13,427.540957
13.0,13,427.555532
12.0,12,427.574949
11.0,11,427.587624
14.0,14,427.603825
17.0,17,427.626153
19.0,19,427.648562
15.0,15,427.666466
18.0,18,427.688837
21.0,21,427.7135
11.0,11,427.726712
23.0,23,427.75603
13.0,13,427.7732
16.0,16,427.795151
24.0,24,427.824246
21.0,21,427.848526
61.0,61,427.928515
16.0,16,427.952633
13.0,13,427.976415
24.0,24,428.009864
11.0,11,428.022199
35.0,35,428.071793
20.0,20,428.101604
19.0,19,428.127668
15.0,15,428.144083
26.0,26,428.169398
12.0,12,428.185078
11.0,11,428.197538
14.0,14,428.210365
17.0,17,428.233187
35.0,35,428.268602
17.0,17,428.294003
19.0,19,428.313942
14.0,14,428.333974
24.0,24,428.36092
16.0,16,428.379382
12.0,12,428.398345
17.0,17,428.419364
14.0,14,428.436659
36.0,36,428.475775
35.0,35,428.51581
14.0,14,428.537724
32.0,32,428.572392
12.0,12,428.587551
26.0,26,428.620094
10.0,10,428.639014
20.0,20,428.666023
35.0,35,428.714897
21.0,21,428.737129
95.0,95,428.855272
19.0,19,428.873485
19.0,19,428.89653
18.0,18,428.921972
19.0,19,428.945938
40.0,40,428.991183
19.0,19,429.014628
13.0,13,429.028047
41.0,41,429.07801
9.0,9,429.085568
36.0,36,429.12652
44.0,44,429.169992
58.0,58,429.238286
40.0,40,429.28616
27.0,27,429.32234
27.0,27,429.35258
28.0,28,429.391235
16.0,16,429.411902
58.0,58,429.483529
22.0,22,429.50909
20.0,20,429.536206
13.0,13,429.550954
19.0,19,429.574424
16.0,16,429.593536
14.0,14,429.614259
12.0,12,429.630502
48.0,48,429.690494
45.0,45,429.751982
24.0,24,429.786311
26.0,26,429.81438
13.0,13,429.829128
27.0,27,429.867213
63.0,63,429.959055
23.0,23,429.990799
13.0,13,430.008873
36.0,36,430.058762
16.0,16,430.086783
26.0,26,430.114643
9.0,9,430.127418
29.0,29,430.163023
13.0,13,430.179485
29.0,29,430.213566
17.0,17,430.228814
54.0,54,430.292805
30.0,30,430.330011
15.0,15,430.344842
97.0,97,430.464336
14.0,14,430.480508
12.0,12,430.49558
19.0,19,430.518178
15.0,15,430.535053
19.0,19,430.560438
11.0,11,430.57938
15.0,15,430.595261
38.0,38,430.642223
21.0,21,430.670396
18.0,18,430.689556
27.0,27,430.724833
16.0,16,430.744097
12.0,12,430.7549
18.0,18,430.776582
23.0,23,430.799963
44.0,44,430.846085
34.0,34,430.886439
10.0,10,430.90144
13.0,13,430.916933
18.0,18,430.93705
19.0,19,430.957216
18.0,18,430.982341
17.0,17,431.000273
14.0,14,431.017253
14.0,14,431.030391
28.0,28,431.062567
18.0,18,431.085895
17.0,17,431.104378
15.0,15,431.121882
68.0,68,431.200377
17.0,17,431.217177
22.0,22,431.232924
15.0,15,431.243856
35.0,35,431.277625
11.0,11,431.290529
43.0,43,431.325185
11.0,11,431.332283
25.0,25,431.356772
11.0,11,431.36482
15.0,15,431.376127
40.0,40,431.408558
40.0,40,431.444091
32.0,32,431.470973
12.0,12,431.481035
58.0,58,431.533045
14.0,14,431.546878
19.0,19,431.561483
12.0,12,431.571054
21.0,21,431.590361
33.0,33,431.619678
13.0,13,431.630792
14.0,14,431.639442
14.0,14,431.650725
34.0,34,431.677065
13.0,13,431.68566
25.0,25,431.71004
11.0,11,431.717346
16.0,16,431.731943
29.0,29,431.754491
18.0,18,431.76649
19.0,19,431.781285
12.0,12,431.798031
22.0,22,431.818864
15.0,15,431.834295
19.0,19,431.853948
19.0,19,431.878839
17.0,17,431.893659
21.0,21,431.917461
60.0,60,431.97809
37.0,37,432.021639
9.0,9,432.032109
92.0,92,432.124997
35.0,35,432.155441
14.0,14,432.176362
13.0,13,432.187459
11.0,11,432.197739
27.0,27,432.22791
15.0,15,432.246556
15.0,15,432.261016
24.0,24,432.281979
13.0,13,432.292623
20.0,20,432.313359
10.0,10,432.322761
16.0,16,432.342632
18.0,18,432.358658
15.0,15,432.386771
20.0,20,432.416901
25.0,25,432.442194
31.0,31,432.475194
42.0,42,432.526085
10.0,10,432.53469
17.0,17,432.55305
20.0,20,432.581798
12.0,12,432.600821
44.0,44,432.65317
12.0,12,432.66586
44.0,44,432.713225
11.0,11,432.732993
16.0,16,432.74973
16.0,16,432.767469
19.0,19,432.789236
21.0,21,432.812461
13.0,13,432.827338
13.0,13,432.845081
19.0,19,432.860888
46.0,46,432.924124
12.0,12,432.937074
16.0,16,432.955186
55.0,55,433.021577
14.0,14,433.04022
25.0,25,433.074837
29.0,29,433.108391
63.0,63,433.183571
11.0,11,433.197427
11.0,11,433.209851
13.0,13,433.224605
13.0,13,433.246321
11.0,11,433.262668
16.0,16,433.279462
21.0,21,433.300624
11.0,11,433.314187
14.0,14,433.330597
13.0,13,433.347878
18.0,18,433.366871
18.0,18,433.386997
13.0,13,433.405515
17.0,17,433.425116
19.0,19,433.449482
19.0,19,433.467634
12.0,12,433.48499
23.0,23,433.513134
14.0,14,433.531014
32.0,32,433.573979
13.0,13,433.591189
17.0,17,433.61244
89.0,89,433.723771
92.0,92,433.826225
25.0,25,433.862651
30.0,30,433.899336
16.0,16,433.916538
17.0,17,433.934752
13.0,13,433.951914
38.0,38,433.99746
13.0,13,434.008482
24.0,24,434.032933
40.0,40,434.08475
19.0,19,434.105196
29.0,29,434.134427
16.0,16,434.151701
16.0,16,434.178893
12.0,12,434.193339
13.0,13,434.207714
20.0,20,434.229769
90.0,90,434.35169
29.0,29,434.383097
19.0,19,434.402541
17.0,17,434.419833
29.0,29,434.451741
100.0,100,434.568204
91.0,91,434.675313
13.0,13,434.691771
16.0,16,434.714923
16.0,16,434.733958
12.0,12,434.745692
13.0,13,434.760275
15.0,15,434.77918
19.0,19,434.808635
23.0,23,434.839877
25.0,25,435.165306
100.0,100,435.286184
24.0,24,435.316477
22.0,22,435.339601
30.0,30,435.375746
55.0,55,435.448392
21.0,21,435.469297
12.0,12,435.485381
39.0,39,435.532645
55.0,55,435.609897
11.0,11,435.625013
19.0,19,435.647105
14.0,14,435.66172
17.0,17,435.685254
33.0,33,435.723339
17.0,17,435.743528
16.0,16,435.765067
12.0,12,435.78212
15.0,15,435.799091
51.0,51,435.857049
98.0,98,435.965309
30.0,30,436.000118
17.0,17,436.015242
24.0,24,436.045526
39.0,39,436.097462
12.0,12,436.114424
11.0,11,436.125203
13.0,13,436.143201
20.0,20,436.169458
32.0,32,436.211762
13.0,13,436.228
19.0,19,436.250582
20.0,20,436.274461
20.0,20,436.296667
36.0,36,436.339912
18.0,18,436.357868
18.0,18,436.382576
11.0,11,436.400141
12.0,12,436.41418
18.0,18,436.434535
13.0,13,436.451297
22.0,22,436.48169
15.0,15,436.495485
23.0,23,436.520954
17.0,17,436.53847
18.0,18,436.567172
15.0,15,436.584582
14.0,14,436.599075
19.0,19,436.618731
24.0,24,436.652168
11.0,11,436.666468
13.0,13,436.685321
14.0,14,436.703371
90.0,90,436.830086
27.0,27,436.865967
11.0,11,436.875942
11.0,11,436.889831
11.0,11,436.906538
14.0,14,436.920124
17.0,17,436.9403
12.0,12,436.953723
17.0,17,436.979421
38.0,38,437.02774
16.0,16,437.045482
25.0,25,437.080079
17.0,17,437.102186
94.0,94,437.214463
109.0,109,437.362753
14.0,14,437.385338
17.0,17,437.410681
24.0,24,437.443774
12.0,12,437.460595
20.0,20,437.491813
19.0,19,437.523181
12.0,12,437.541176
19.0,19,437.569031
14.0,14,437.591357
16.0,16,437.619914
51.0,51,437.697748
12.0,12,437.717787
75.0,75,437.829945
21.0,21,437.864949
31.0,31,437.916519
12.0,12,437.93162
15.0,15,437.957079
9.0,9,437.970392
71.0,71,438.084585
17.0,17,438.113376
40.0,40,438.175633
14.0,14,438.197912
94.0,94,438.350726
29.0,29,438.394513
12.0,12,438.41271
24.0,24,438.454733
51.0,51,438.513615
13.0,13,438.531388
14.0,14,438.55156
17.0,17,438.577404
15.0,15,438.593599
31.0,31,438.621344
15.0,15,438.643653
16.0,16,438.664504
12.0,12,438.679096
25.0,25,438.708788
10.0,10,438.722102
12.0,12,438.744752
26.0,26,438.771363
12.0,12,438.782806
18.0,18,438.803486
33.0,33,438.846094
17.0,17,438.864272
15.0,15,438.881754
13.0,13,438.895471
10.0,10,438.911255
12.0,12,438.925139
13.0,13,438.942302
13.0,13,438.956724
12.0,12,438.974396
13.0,13,438.989944
59.0,59,439.070709
15.0,15,439.092303
12.0,12,439.111042
17.0,17,439.134221
11.0,11,439.151122
18.0,18,439.177366
11.0,11,439.19533
21.0,21,439.221512
16.0,16,439.237382
10.0,10,439.249241
19.0,19,439.273369
24.0,24,439.300308
18.0,18,439.316222
10.0,10,439.32869
22.0,22,439.357506
15.0,15,439.375481
13.0,13,439.391514
53.0,53,439.453001
17.0,17,439.474242
16.0,16,439.491578
16.0,16,439.506932
14.0,14,439.522012
14.0,14,439.541607
14.0,14,439.556871
48.0,48,439.606592
11.0,11,439.620251
12.0,12,439.639148
16.0,16,439.663323
9.0,9,439.67463
54.0,54,439.74772
16.0,16,439.773724
20.0,20,439.798629
17.0,17,439.821511
16.0,16,439.838319
15.0,15,439.860248
13.0,13,439.877351
19.0,19,439.900676
11.0,11,439.913493
20.0,20,439.940335
95.0,95,440.054592
53.0,53,440.122199
18.0,18,440.142085
13.0,13,440.160034
13.0,13,440.180446
9.0,9,440.189038
16.0,16,440.208301
12.0,12,440.225014
26.0,26,440.255026
31.0,31,440.301556
17.0,17,440.322661
11.0,11,440.339968
16.0,16,440.361486
22.0,22,440.391924
65.0,65,440.47129
12.0,12,440.490637
15.0,15,440.507252
12.0,12,440.520368
75.0,75,440.604861
9.0,9,440.621213
19.0,19,440.639044
18.0,18,440.659621
17.0,17,440.676317
102.0,102,440.807211
21.0,21,440.8286
14.0,14,440.843256
24.0,24,440.870983
21.0,21,440.90976
65.0,65,440.991044
15.0,15,441.009919
22.0,22,441.036882
41.0,41,441.087979
12.0,12,441.105992
13.0,13,441.122981
39.0,39,441.169359
38.0,38,441.224559
10.0,10,441.236011
52.0,52,441.296207
46.0,46,441.344348
20.0,20,441.370003
16.0,16,441.388435
13.0,13,441.40777
14.0,14,441.425508
14.0,14,441.442225
21.0,21,441.462355
13.0,13,441.478704
25.0,25,441.516094
16.0,16,441.538777
83.0,83,441.643064
34.0,34,441.684361
13.0,13,441.699861
65.0,65,441.778267
16.0,16,441.795977
19.0,19,441.812678
9.0,9,441.829945
15.0,15,441.850273
14.0,14,441.865372
13.0,13,441.878963
33.0,33,441.909581
13.0,13,441.933191
14.0,14,441.947392
12.0,12,441.961004
16.0,16,441.978005
14.0,14,441.99766
16.0,16,442.012595
31.0,31,442.04494
20.0,20,442.065832
55.0,55,442.140101
14.0,14,442.158877
16.0,16,442.172656
21.0,21,442.196626
15.0,15,442.22218
30.0,30,442.257985
15.0,15,442.279308
50.0,50,442.339525
17.0,17,442.358194
70.0,70,442.431343
20.0,20,442.45795
15.0,15,442.476362
17.0,17,442.494511
15.0,15,442.511187
20.0,20,442.533739
32.0,32,442.579195
98.0,98,442.701208
17.0,17,442.724123
23.0,23,442.748352
51.0,51,442.817855
14.0,14,442.842069
13.0,13,442.86071
12.0,12,442.876216
13.0,13,442.890784
38.0,38,442.949294
41.0,41,443.000468
36.0,36,443.041011
55.0,55,443.112168
8.0,8,443.123745
13.0,13,443.137749
86.0,86,443.240282
17.0,17,443.264409
11.0,11,443.280764
10.0,10,443.293313
92.0,92,443.41413
17.0,17,443.439843
17.0,17,443.46451
19.0,19,443.49517
20.0,20,443.524746
14.0,14,443.545676
65.0,65,443.642916
20.0,20,443.672014
13.0,13,443.693602
47.0,47,443.762351
11.0,11,443.782025
13.0,13,443.802602
13.0,13,443.820575
15.0,15,443.841621
23.0,23,443.87736
23.0,23,443.912886
38.0,38,443.966896
84.0,84,444.093507
15.0,15,444.123471
12.0,12,444.140936
13.0,13,444.159582
40.0,40,444.220016
24.0,24,444.259106
14.0,14,444.275763
13.0,13,444.298702
31.0,31,444.34856
12.0,12,444.368971
13.0,13,444.390243
14.0,14,444.415152
37.0,37,444.467572
11.0,11,444.48721
92.0,92,444.614022
42.0,42,444.663583
10.0,10,444.671988
35.0,35,444.714312
12.0,12,444.731558
15.0,15,444.75059
34.0,34,444.787166
11.0,11,444.804063
84.0,84,444.88528
13.0,13,444.897853
12.0,12,444.911551
37.0,37,444.95813
11.0,11,444.971906
16.0,16,444.990921
16.0,16,445.009248
15.0,15,445.034454
10.0,10,445.046549
26.0,26,445.08476
14.0,14,445.099977
14.0,14,445.123207
15.0,15,445.147031
14.0,14,445.16072
13.0,13,445.176245
11.0,11,445.193091
44.0,44,445.246025
13.0,13,445.259203
15.0,15,445.275977
11.0,11,445.290192
21.0,21,445.317001
17.0,17,445.335553
12.0,12,445.353202
12.0,12,445.37058
12.0,12,445.385883
15.0,15,445.403314
11.0,11,445.413799
12.0,12,445.429782
15.0,15,445.449715
22.0,22,445.476613
12.0,12,445.489834
19.0,19,445.513032
17.0,17,445.529891
12.0,12,445.542609
12.0,12,445.558951
10.0,10,445.575296
41.0,41,445.620787
30.0,30,445.657431
14.0,14,445.67837
16.0,16,445.698695
17.0,17,445.717518
16.0,16,445.747981
11.0,11,445.765749
10.0,10,445.780764
13.0,13,445.797364
18.0,18,445.81867
11.0,11,445.836284
9.0,9,445.849581
26.0,26,445.882377
13.0,13,445.896638
19.0,19,445.918281
15.0,15,445.935088
16.0,16,445.948177
34.0,34,445.991604
69.0,69,446.079984
14.0,14,446.099825
16.0,16,446.12022
15.0,15,446.136099
58.0,58,446.20768
10.0,10,446.220805
19.0,19,446.240129
48.0,48,446.304624
19.0,19,446.327086
19.0,19,446.351713
10.0,10,446.361319
9.0,9,446.373102
16.0,16,446.39668
14.0,14,446.417583
13.0,13,446.432899
14.0,14,446.453191
10.0,10,446.463765
11.0,11,446.479057
14.0,14,446.494806
14.0,14,446.510799
13.0,13,446.525735
17.0,17,446.547992
54.0,54,446.615345
11.0,11,446.627524
13.0,13,446.642463
10.0,10,446.655655
32.0,32,446.692775
13.0,13,446.7098
15.0,15,446.723675
15.0,15,446.743439
11.0,11,446.757054
16.0,16,446.774798
11.0,11,446.787256
25.0,25,446.821365
12.0,12,446.834997
9.0,9,446.843845
39.0,39,446.887346
11.0,11,446.909259
14.0,14,446.925479
12.0,12,446.940942
12.0,12,446.956213
14.0,14,446.976685
13.0,13,446.991573
15.0,15,447.018864
17.0,17,447.039598
21.0,21,447.073778
14.0,14,447.096077
11.0,11,447.11032
16.0,16,447.129122
33.0,33,447.176174
10.0,10,447.187146
12.0,12,447.200895
42.0,42,447.261518
16.0,16,447.284521
18.0,18,447.30279
12.0,12,447.320783
11.0,11,447.334486
12.0,12,447.35127
11.0,11,447.366833
30.0,30,447.400224
11.0,11,447.417588
31.0,31,447.460484
12.0,12,447.474959
17.0,17,447.492818
20.0,20,447.520411
42.0,42,447.581655
13.0,13,447.604647
14.0,14,447.623152
10.0,10,447.638907
11.0,11,447.653684
16.0,16,447.676363
20.0,20,447.704007
15.0,15,447.724304
13.0,13,447.743414
35.0,35,447.789612
41.0,41,447.840701
28.0,28,447.875975
10.0,10,447.892974
16.0,16,447.913681
16.0,16,447.937988
26.0,26,447.965716
17.0,17,447.992271
24.0,24,448.022033
12.0,12,448.035948
12.0,12,448.047888
14.0,14,448.065157
14.0,14,448.082942
13.0,13,448.330705
12.0,12,448.348605
21.0,21,448.371952
35.0,35,448.409627
12.0,12,448.4221
15.0,15,448.437964
14.0,14,448.46084
14.0,14,448.485008
17.0,17,448.510725
13.0,13,448.526264
27.0,27,448.572223
19.0,19,448.58855
18.0,18,448.60906
13.0,13,448.623367
44.0,44,448.683074
11.0,11,448.695995
21.0,21,448.720385
22.0,22,448.747154
20.0,20,448.776997
19.0,19,448.800464
17.0,17,448.823541
12.0,12,448.839584
56.0,56,448.918462
73.0,73,449.016784
19.0,19,449.0375
13.0,13,449.050381
14.0,14,449.074378
40.0,40,449.116674
16.0,16,449.136085
19.0,19,449.158131
12.0,12,449.178122
17.0,17,449.199043
23.0,23,449.223583
27.0,27,449.252399
16.0,16,449.277779
46.0,46,449.328224
36.0,36,449.368149
11.0,11,449.382169
40.0,40,449.429844
18.0,18,449.455269
28.0,28,449.499122
11.0,11,449.515468
47.0,47,449.581097
18.0,18,449.612445
19.0,19,449.63834
10.0,10,449.650291
12.0,12,449.671739
16.0,16,449.699687
52.0,52,449.781079
29.0,29,449.825221
16.0,16,449.853055
39.0,39,449.916658
10.0,10,449.93269
17.0,17,449.953294
13.0,13,449.974879
13.0,13,449.993364
23.0,23,450.029547
14.0,14,450.053934
12.0,12,450.075056
48.0,48,450.149551
24.0,24,450.182537
27.0,27,450.221464
22.0,22,450.259524
56.0,56,450.349316
20.0,20,450.377759
18.0,18,450.405391
42.0,42,450.47305
14.0,14,450.492044
29.0,29,450.54192
55.0,55,450.623061
56.0,56,450.704721
13.0,13,450.729042
32.0,32,450.764634
19.0,19,450.784891
55.0,55,450.850593
21.0,21,450.867332
42.0,42,450.923193
30.0,30,450.95402
27.0,27,450.988157
42.0,42,451.044374
22.0,22,451.06627
36.0,36,451.106946
14.0,14,451.131702
50.0,50,451.201804
43.0,43,451.255491
18.0,18,451.278472
40.0,40,451.334868
25.0,25,451.367476
12.0,12,451.380284
15.0,15,451.393705
15.0,15,451.413594
18.0,18,451.433367
27.0,27,451.462283
25.0,25,451.491354
23.0,23,451.516934
23.0,23,451.547846
31.0,31,451.583138
17.0,17,451.599665
40.0,40,451.650535
55.0,55,451.709262
75.0,75,451.800491
17.0,17,451.82117
39.0,39,451.872743
92.0,92,451.98868
15.0,15,452.003664
22.0,22,452.030989
78.0,78,452.130306
30.0,30,452.171194
14.0,14,452.185094
70.0,70,452.276708
33.0,33,452.320009
41.0,41,452.376316
13.0,13,452.393753
93.0,93,452.514023
44.0,44,452.574144
50.0,50,452.63611
63.0,63,452.711934
24.0,24,452.737501
51.0,51,452.801794
58.0,58,452.863703
14.0,14,452.879836
26.0,26,452.909973
29.0,29,452.947651
99.0,99,453.070851
32.0,32,453.115138
9.0,9,453.126317
21.0,21,453.15658
106.0,106,453.285693
20.0,20,453.309634
26.0,26,453.342058
99.0,99,453.467842
29.0,29,453.505026
68.0,68,453.58138
68.0,68,453.660803
14.0,14,453.678365
13.0,13,453.696038
100.0,100,453.819583
37.0,37,453.870014
23.0,23,453.899224
33.0,33,453.937068
42.0,42,453.984015
63.0,63,454.054769
17.0,17,454.076831
33.0,33,454.116352
13.0,13,454.13644
20.0,20,454.15844
47.0,47,454.220592
15.0,15,454.238681
99.0,99,454.358274
78.0,78,454.456697
38.0,38,454.503831
65.0,65,454.578611
100.0,100,454.695563
75.0,75,454.775218
15.0,15,454.793261
43.0,43,454.84253
14.0,14,454.861536
54.0,54,454.920144
26.0,26,454.954404
96.0,96,455.082567
33.0,33,455.127758
55.0,55,455.192728
38.0,38,455.242944
61.0,61,455.322524
31.0,31,455.357315
25.0,25,455.39039
67.0,67,455.469593
24.0,24,455.499829
25.0,25,455.525158
17.0,17,455.542346
101.0,101,455.686907
15.0,15,455.71108
23.0,23,455.743864
23.0,23,455.774581
55.0,55,455.860021
51.0,51,455.935025
24.0,24,455.969954
63.0,63,456.068745
91.0,91,456.207508
54.0,54,456.282462
14.0,14,456.305566
45.0,45,456.371379
31.0,31,456.422178
39.0,39,456.475056
17.0,17,456.500631
51.0,51,456.576954
11.0,11,456.596104
68.0,68,456.693397
15.0,15,456.71316
22.0,22,456.741652
27.0,27,456.780849
48.0,48,456.844658
47.0,47,456.90402
18.0,18,456.928765
102.0,102,457.062432
19.0,19,457.084677
33.0,33,457.119257
70.0,70,457.207237
76.0,76,457.311829
101.0,101,457.443758
35.0,35,457.480804
80.0,80,457.574457
105.0,105,457.706982
13.0,13,457.718245
25.0,25,457.739463
52.0,52,457.798095
22.0,22,457.82628
34.0,34,457.864842
15.0,15,457.881446
17.0,17,457.898889
37.0,37,457.952124
23.0,23,457.983228
49.0,49,458.046497
36.0,36,458.096563
11.0,11,458.112515
19.0,19,458.133648
41.0,41,458.179006
12.0,12,458.192804
28.0,28,458.227148
15.0,15,458.245924
31.0,31,458.286027
26.0,26,458.313255
32.0,32,458.351157
15.0,15,458.369048
11.0,11,458.385258
10.0,10,458.39466
14.0,14,458.414353
29.0,29,458.446853
34.0,34,458.491363
16.0,16,458.511635
14.0,14,458.531423
34.0,34,458.565893
22.0,22,458.598686
15.0,15,458.622342
19.0,19,458.644783
38.0,38,458.697146
62.0,62,458.776493
16.0,16,458.79765
27.0,27,458.833055
15.0,15,458.850318
34.0,34,458.888734
10.0,10,458.90349
12.0,12,458.919137
19.0,19,458.942714
28.0,28,458.975099
13.0,13,458.987981
14.0,14,459.00816
13.0,13,459.025621
14.0,14,459.041274
47.0,47,459.099352
41.0,41,459.15113
12.0,12,459.164313
46.0,46,459.225145
12.0,12,459.24182
11.0,11,459.263992
32.0,32,459.314972
37.0,37,459.357717
28.0,28,459.395554
14.0,14,459.416118
14.0,14,459.434562
17.0,17,459.454306
14.0,14,459.469004
32.0,32,459.514567
26.0,26,459.548622
20.0,20,459.573613
11.0,11,459.588164
15.0,15,459.607159
40.0,40,459.655873
20.0,20,459.682084
34.0,34,459.730718
17.0,17,459.756194
11.0,11,459.771422
10.0,10,459.782537
24.0,24,459.813559
11.0,11,459.840723
18.0,18,459.869567
15.0,15,459.887697
12.0,12,459.905494
36.0,36,459.959519
13.0,13,459.979487
26.0,26,460.017218
10.0,10,460.03403
26.0,26,460.063552
12.0,12,460.07713
12.0,12,460.088017
11.0,11,460.097505
13.0,13,460.114479
11.0,11,460.13381
21.0,21,460.156839
12.0,12,460.169847
29.0,29,460.210504
14.0,14,460.229161
46.0,46,460.286719
11.0,11,460.301225
15.0,15,460.324798
44.0,44,460.383409
51.0,51,460.449495
10.0,10,460.458984
70.0,70,460.567938
11.0,11,460.580538
31.0,31,460.620281
11.0,11,460.638671
13.0,13,460.65866
11.0,11,460.67207
12.0,12,460.686718
48.0,48,460.745191
16.0,16,460.770412
10.0,10,460.780097
29.0,29,460.817489
41.0,41,460.872586
23.0,23,460.900182
29.0,29,460.934233
90.0,90,461.042291
31.0,31,461.085171
63.0,63,461.176763
16.0,16,461.195021
13.0,13,461.211067
13.0,13,461.223884
69.0,69,461.600479
13.0,13,461.616699
22.0,22,461.641464
8.0,8,461.651346
17.0,17,461.681112
13.0,13,461.699298
51.0,51,461.772988
15.0,15,461.794055
17.0,17,461.82659
49.0,49,461.901582
54.0,54,461.981912
90.0,90,462.124516
93.0,93,462.273085
10.0,10,462.291977
14.0,14,462.314385
12.0,12,462.332225
31.0,31,462.383075
13.0,13,462.407252
17.0,17,462.429631
16.0,16,462.453509
56.0,56,462.541494
53.0,53,462.616263
10.0,10,462.628842
16.0,16,462.654094
21.0,21,462.684968
40.0,40,462.742324
18.0,18,462.770042
78.0,78,462.874979
16.0,16,462.896718
60.0,60,462.978677
14.0,14,462.997517
50.0,50,463.059585
15.0,15,463.08146
10.0,10,463.095026
91.0,91,463.20033
95.0,95,463.3228
17.0,17,463.350146
13.0,13,463.369658
49.0,49,463.431677
17.0,17,463.456902
16.0,16,463.476077
18.0,18,463.494664
55.0,55,463.562417
37.0,37,463.610909
92.0,92,463.724818
15.0,15,463.737607
28.0,28,463.771008
99.0,99,463.885166
16.0,16,463.907554
48.0,48,463.967194
13.0,13,463.982365
14.0,14,464.000855
21.0,21,464.026409
63.0,63,464.115101
18.0,18,464.136418
15.0,15,464.159285
49.0,49,464.224184
12.0,12,464.23893
36.0,36,464.283735
34.0,34,464.32417
12.0,12,464.341735
57.0,57,464.416151
39.0,39,464.465523
30.0,30,464.500086
47.0,47,464.555795
11.0,11,464.569851
23.0,23,464.596466
21.0,21,464.621581
24.0,24,464.650566
37.0,37,464.704189
35.0,35,464.74965
12.0,12,464.764932
18.0,18,464.795989
31.0,31,464.83372
41.0,41,464.885896
11.0,11,464.898196
28.0,28,464.930058
13.0,13,464.943741
13.0,13,464.959491
16.0,16,464.976869
44.0,44,465.029928
29.0,29,465.070559
12.0,12,465.086092
27.0,27,465.119454
38.0,38,465.164268
13.0,13,465.179046
20.0,20,465.203682
17.0,17,465.225533
53.0,53,465.293603
11.0,11,465.307684
13.0,13,465.322194
14.0,14,465.341181
36.0,36,465.394028
13.0,13,465.413486
47.0,47,465.474895
23.0,23,465.50979
11.0,11,465.526268
50.0,50,465.588549
52.0,52,465.650166
22.0,22,465.674606
35.0,35,465.719359
40.0,40,465.764616
56.0,56,465.824769
82.0,82,465.921565
13.0,13,465.943158
16.0,16,465.96405
35.0,35,466.013381
52.0,52,466.076565
34.0,34,466.12578
15.0,15,466.141715
40.0,40,466.189211
40.0,40,466.232695
16.0,16,466.253005
13.0,13,466.270909
46.0,46,466.322899
24.0,24,466.349066
20.0,20,466.374866
12.0,12,466.388159
20.0,20,466.410013
62.0,62,466.485754
45.0,45,466.541343
25.0,25,466.569531
39.0,39,466.622073
24.0,24,466.652393
46.0,46,466.714268
23.0,23,466.747091
46.0,46,466.789006
43.0,43,466.835459
12.0,12,466.85069
31.0,31,466.886507
24.0,24,466.919127
15.0,15,466.940578
32.0,32,466.980296
35.0,35,467.023517
27.0,27,467.05315
20.0,20,467.075226
43.0,43,467.129504
14.0,14,467.148024
18.0,18,467.170429
12.0,12,467.189537
22.0,22,467.22409
41.0,41,467.282568
35.0,35,467.332111
12.0,12,467.353278
17.0,17,467.378073
20.0,20,467.399059
25.0,25,467.431163
14.0,14,467.452372
21.0,21,467.477893
31.0,31,467.518684
47.0,47,467.572762
35.0,35,467.610682
54.0,54,467.674844
42.0,42,467.720495
54.0,54,467.782617
24.0,24,467.811265
37.0,37,467.867455
35.0,35,467.916334
15.0,15,467.935992
34.0,34,467.993068
11.0,11,468.011967
57.0,57,468.096025
77.0,77,468.210238
15.0,15,468.232182
38.0,38,468.290696
11.0,11,468.307724
10.0,10,468.323885
33.0,33,468.371618
11.0,11,468.392283
13.0,13,468.410054
13.0,13,468.427055
11.0,11,468.442121
13.0,13,468.461462
13.0,13,468.479666
33.0,33,468.528481
25.0,25,468.562824
37.0,37,468.625532
13.0,13,468.644167
15.0,15,468.665162
54.0,54,468.744947
59.0,59,468.83641
13.0,13,468.856006
13.0,13,468.870843
14.0,14,468.888139
53.0,53,468.95491
30.0,30,468.995184
14.0,14,469.015105
13.0,13,469.028777
18.0,18,469.051197
15.0,15,469.068642
12.0,12,469.080918
39.0,39,469.131025
9.0,9,469.144875
90.0,90,469.256771
13.0,13,469.27167
30.0,30,469.303052
35.0,35,469.346544
18.0,18,469.368621
14.0,14,469.382512
36.0,36,469.426984
15.0,15,469.448382
12.0,12,469.461309
15.0,15,469.476937
12.0,12,469.490922
25.0,25,469.524677
34.0,34,469.56101
10.0,10,469.573248
12.0,12,469.587822
14.0,14,469.607959
10.0,10,469.621659
20.0,20,469.643221
14.0,14,469.659546
94.0,94,469.778836
35.0,35,469.825105
10.0,10,469.835522
16.0,16,469.85291
29.0,29,469.89245
16.0,16,469.91551
62.0,62,469.993202
13.0,13,470.00896
57.0,57,470.08971
12.0,12,470.106147
18.0,18,470.133252
26.0,26,470.162216
13.0,13,470.183344
13.0,13,470.196156
25.0,25,470.217592
34.0,34,470.257469
13.0,13,470.274071
14.0,14,470.289526
14.0,14,470.305283
24.0,24,470.338448
11.0,11,470.356379
20.0,20,470.377662
14.0,14,470.392115
11.0,11,470.404621
16.0,16,470.423528
26.0,26,470.456161
24.0,24,470.487415
11.0,11,470.499812
15.0,15,470.522186
12.0,12,470.533991
15.0,15,470.555177
18.0,18,470.574084
12.0,12,470.589139
25.0,25,470.617511
16.0,16,470.636465
20.0,20,470.6646
35.0,35,470.71418
12.0,12,470.728597
31.0,31,470.771657
12.0,12,470.786164
12.0,12,470.802884
38.0,38,470.848658
15.0,15,470.871757
16.0,16,470.890861
20.0,20,470.918562
17.0,17,470.938671
11.0,11,470.952623
44.0,44,471.007289
17.0,17,471.030966
35.0,35,471.078111
13.0,13,471.094212
40.0,40,471.136132
34.0,34,471.183953
12.0,12,471.197747
13.0,13,471.215078
38.0,38,471.261902
65.0,65,471.347941
14.0,14,471.361234
38.0,38,471.411838
28.0,28,471.444015
22.0,22,471.469356
16.0,16,471.492006
12.0,12,471.506952
27.0,27,471.539366
34.0,34,471.583604
24.0,24,471.609514
14.0,14,471.62332
31.0,31,471.661286
12.0,12,471.678464
13.0,13,471.698276
15.0,15,471.71745
48.0,48,471.77651
26.0,26,471.811314
33.0,33,471.854359
14.0,14,471.870744
13.0,13,471.885955
30.0,30,471.931697
25.0,25,471.965824
11.0,11,471.980737
22.0,22,472.009582
33.0,33,472.056435
16.0,16,472.070105
11.0,11,472.077897
33.0,33,472.123173
14.0,14,472.14002
13.0,13,472.155823
10.0,10,472.169363
17.0,17,472.188664
43.0,43,472.250284
25.0,25,472.275984
42.0,42,472.332288
57.0,57,472.40125
12.0,12,472.423337
36.0,36,472.469639
12.0,12,472.484725
21.0,21,472.507375
44.0,44,472.564718
11.0,11,472.581144
37.0,37,472.632172
35.0,35,472.67516
13.0,13,472.695589
23.0,23,472.730501
20.0,20,472.755279
20.0,20,472.779183
28.0,28,472.816837
40.0,40,472.870713
45.0,45,472.93029
28.0,28,472.970982
13.0,13,472.989243
25.0,25,473.015467
38.0,38,473.063531
12.0,12,473.076706
36.0,36,473.119266
35.0,35,473.162998
59.0,59,473.232364
98.0,98,473.35276
47.0,47,473.411288
46.0,46,473.470297
16.0,16,473.488831
10.0,10,473.501111
22.0,22,473.528872
13.0,13,473.545306
27.0,27,473.579785
33.0,33,473.623667
15.0,15,473.642971
39.0,39,473.695279
60.0,60,473.770396
53.0,53,473.834387
13.0,13,473.855254
28.0,28,473.89553
33.0,33,473.936113
12.0,12,473.946998
28.0,28,473.979204
51.0,51,474.03866
39.0,39,474.084628
17.0,17,474.09963
44.0,44,474.138224
22.0,22,474.154887
69.0,69,474.220825
16.0,16,474.234264
30.0,30,474.264761
31.0,31,474.295384
40.0,40,474.325322
16.0,16,474.336997
21.0,21,474.356745
47.0,47,474.56781
33.0,33,474.600789
46.0,46,474.63642
53.0,53,474.68448
14.0,14,474.695075
28.0,28,474.719534
36.0,36,474.747445
13.0,13,474.760371
104.0,104,474.85325
36.0,36,474.883566
48.0,48,474.930306
43.0,43,474.969736
55.0,55,475.027444
15.0,15,475.045738
69.0,69,475.128094
32.0,32,475.169649
13.0,13,475.18494
37.0,37,475.23156
15.0,15,475.249719
13.0,13,475.264105
31.0,31,475.29999
44.0,44,475.35443
27.0,27,475.390382
60.0,60,475.467666
31.0,31,475.505237
26.0,26,475.533353
45.0,45,475.586099
18.0,18,475.612027
60.0,60,475.680879
23.0,23,475.7107
27.0,27,475.745503
12.0,12,475.762741
12.0,12,475.773622
32.0,32,475.80949
30.0,30,475.850738
11.0,11,475.867179
19.0,19,475.888206
38.0,38,475.935202
15.0,15,475.958054
13.0,13,475.975046
121.0,121,476.114002
12.0,12,476.127686
19.0,19,476.151263
28.0,28,476.19077
19.0,19,476.215194
33.0,33,476.256393
13.0,13,476.273734
21.0,21,476.299846
16.0,16,476.32008
21.0,21,476.350075
11.0,11,476.359857
14.0,14,476.385688
15.0,15,476.404646
19.0,19,476.425053
12.0,12,476.439208
16.0,16,476.46131
13.0,13,476.48158
14.0,14,476.497213
36.0,36,476.537203
42.0,42,476.593494
29.0,29,476.628378
33.0,33,476.665186
29.0,29,476.699764
11.0,11,476.713671
14.0,14,476.7308
14.0,14,476.743562
13.0,13,476.753009
14.0,14,476.77159
13.0,13,476.789868
12.0,12,476.804979
32.0,32,476.847146
13.0,13,476.867709
25.0,25,476.908525
21.0,21,476.934343
24.0,24,476.968064
13.0,13,476.99177
22.0,22,477.025298
13.0,13,477.042019
37.0,37,477.096966
32.0,32,477.146302
28.0,28,477.185594
12.0,12,477.203612
24.0,24,477.235549
12.0,12,477.258243
10.0,10,477.273772
13.0,13,477.28849
31.0,31,477.33464
12.0,12,477.355654
15.0,15,477.371428
12.0,12,477.386233
19.0,19,477.415924
14.0,14,477.440312
35.0,35,477.484429
12.0,12,477.500242
31.0,31,477.546006
14.0,14,477.568997
30.0,30,477.608024
18.0,18,477.642563
15.0,15,477.660772
15.0,15,477.688504
13.0,13,477.705276
10.0,10,477.726494
15.0,15,477.746849
13.0,13,477.765322
30.0,30,477.80879
26.0,26,477.85392
26.0,26,477.890071
13.0,13,477.915977
14.0,14,477.939377
41.0,41,477.995671
19.0,19,478.029391
19.0,19,478.060106
12.0,12,478.076013
19.0,19,478.105227
12.0,12,478.122409
29.0,29,478.166012
12.0,12,478.182501
27.0,27,478.224751
12.0,12,478.247705
28.0,28,478.290576
29.0,29,478.331161
16.0,16,478.34858
37.0,37,478.396434
17.0,17,478.424328
30.0,30,478.47964
17.0,17,478.505024
11.0,11,478.521504
19.0,19,478.555534
13.0,13,478.574813
16.0,16,478.5977
29.0,29,478.641668
17.0,17,478.671792
28.0,28,478.713141
30.0,30,478.764535
20.0,20,478.79575
16.0,16,478.825924
14.0,14,478.843368
15.0,15,478.870536
69.0,69,478.965793
12.0,12,478.984431
31.0,31,479.028623
13.0,13,479.044226
13.0,13,479.070782
16.0,16,479.09831
36.0,36,479.154511
12.0,12,479.177078
13.0,13,479.19403
31.0,31,479.242801
13.0,13,479.263085
11.0,11,479.286295
26.0,26,479.321529
35.0,35,479.384283
41.0,41,479.444863
26.0,26,479.490408
24.0,24,479.522545
30.0,30,479.567126
14.0,14,479.592765
12.0,12,479.608919
24.0,24,479.646357
31.0,31,479.694998
10.0,10,479.708032
20.0,20,479.73636
14.0,14,479.754196
14.0,14,479.779062
13.0,13,479.798919
15.0,15,479.822717
16.0,16,479.849265
70.0,70,479.952832
54.0,54,480.042005
19.0,19,480.070112
28.0,28,480.117178
19.0,19,480.142914
13.0,13,480.164821
57.0,57,480.251456
12.0,12,480.26871
38.0,38,480.326696
13.0,13,480.348363
13.0,13,480.365405
16.0,16,480.387415
12.0,12,480.408316
13.0,13,480.429956
16.0,16,480.451089
13.0,13,480.468987
14.0,14,480.494256
13.0,13,480.51235
39.0,39,480.577063
51.0,51,480.65857
33.0,33,480.708652
12.0,12,480.722951
34.0,34,480.768974
18.0,18,480.788708
31.0,31,480.825419
17.0,17,480.84712
12.0,12,480.86053
24.0,24,480.88673
27.0,27,480.922867
22.0,22,480.952492
10.0,10,480.964689
14.0,14,480.977844
26.0,26,481.011703
42.0,42,481.068261
46.0,46,481.13653
11.0,11,481.15437
13.0,13,481.17936
29.0,29,481.217501
14.0,14,481.236722
16.0,16,481.263399
54.0,54,481.340023
15.0,15,481.367665
12.0,12,481.384821
12.0,12,481.402769
32.0,32,481.450736
29.0,29,481.49702
40.0,40,481.554496
23.0,23,481.593139
24.0,24,481.633783
12.0,12,481.649524
15.0,15,481.670781
30.0,30,481.720086
36.0,36,481.782364
16.0,16,481.803715
33.0,33,481.849782
27.0,27,481.893847
10.0,10,481.911061
32.0,32,481.960277
17.0,17,481.991604
24.0,24,482.030342
14.0,14,482.053093
20.0,20,482.088279
24.0,24,482.125831
23.0,23,482.160236
31.0,31,482.213318
29.0,29,482.256348
14.0,14,482.274225
15.0,15,482.301701
28.0,28,482.349281
17.0,17,482.373947
15.0,15,482.402752
22.0,22,482.436477
11.0,11,482.45292
46.0,46,482.526673
13.0,13,482.543537
14.0,14,482.560386
15.0,15,482.579267
15.0,15,482.599828
21.0,21,482.632526
14.0,14,482.653356
18.0,18,482.678489
28.0,28,482.72607
14.0,14,482.747809
25.0,25,482.780746
44.0,44,482.855452
29.0,29,482.897619
47.0,47,482.974997
12.0,12,482.994608
52.0,52,483.087411
13.0,13,483.106766
18.0,18,483.139253
30.0,30,483.187051
33.0,33,483.250441
12.0,12,483.271508
14.0,14,483.290991
20.0,20,483.323196
27.0,27,483.37408
22.0,22,483.40607
14.0,14,483.431355
31.0,31,483.483346
15.0,15,483.505791
52.0,52,483.594699
25.0,25,483.633586
19.0,19,483.664435
15.0,15,483.68789
20.0,20,483.717443
14.0,14,483.740543
15.0,15,483.765201
14.0,14,483.793707
30.0,30,483.839841
9.0,9,483.860204
15.0,15,483.880015
17.0,17,483.912457
29.0,29,483.957262
24.0,24,483.999904
17.0,17,484.024047
16.0,16,484.052726
16.0,16,484.07946
16.0,16,484.103284
13.0,13,484.121423
18.0,18,484.153849
22.0,22,484.18894
18.0,18,484.216859
20.0,20,484.248138
22.0,22,484.288941
14.0,14,484.309967
16.0,16,484.332579
16.0,16,484.352399
15.0,15,484.38373
17.0,17,484.407548
19.0,19,484.441106
11.0,11,484.454429
21.0,21,484.497979
13.0,13,484.515663
95.0,95,484.671157
48.0,48,484.745589
18.0,18,484.775182
34.0,34,484.831424
9.0,9,484.842618
16.0,16,484.868673
12.0,12,484.888371
41.0,41,484.950018
17.0,17,484.971356
17.0,17,484.999256
15.0,15,485.025039
33.0,33,485.074503
66.0,66,485.172355
17.0,17,485.193569
21.0,21,485.235965
35.0,35,485.285343
12.0,12,485.301255
13.0,13,485.328135
11.0,11,485.345422
11.0,11,485.360754
36.0,36,485.411867
15.0,15,485.439181
12.0,12,485.458116
38.0,38,485.509555
10.0,10,485.527568
28.0,28,485.573888
12.0,12,485.594322
39.0,39,485.661089
36.0,36,485.715777
13.0,13,485.737581
13.0,13,485.758019
15.0,15,485.781707
9.0,9,485.794958
29.0,29,485.841483
22.0,22,485.878761
41.0,41,485.938126
18.0,18,485.970643
15.0,15,485.989566
22.0,22,486.026079
12.0,12,486.047986
13.0,13,486.066043
13.0,13,486.083353
15.0,15,486.11061
15.0,15,486.136631
32.0,32,486.18848
96.0,96,486.335631
12.0,12,486.359304
41.0,41,486.42051
28.0,28,486.465383
27.0,27,486.511512
14.0,14,486.534699
48.0,48,486.614464
15.0,15,486.639326
184.0,184,486.9314
16.0,16,486.959039
10.0,10,486.976725
14.0,14,486.99942
11.0,11,487.019013
33.0,33,487.072596
92.0,92,487.220633
16.0,16,487.245067
40.0,40,487.30941
13.0,13,487.332102
35.0,35,487.386719
10.0,10,487.406932
34.0,34,487.453381
13.0,13,487.473743
13.0,13,487.497228
42.0,42,487.56087
11.0,11,487.579324
18.0,18,487.612609
45.0,45,487.684984
13.0,13,487.704015
31.0,31,487.756827
11.0,11,487.772263
15.0,15,487.792974
19.0,19,487.825507
11.0,11,487.843264
14.0,14,487.864411
14.0,14,487.889798
26.0,26,487.928903
18.0,18,487.955669
10.0,10,487.973062
23.0,23,488.00997
99.0,99,488.164999
12.0,12,488.182711
13.0,13,488.204368
21.0,21,488.238103
15.0,15,488.261471
25.0,25,488.294144
48.0,48,488.37587
10.0,10,488.392916
14.0,14,488.413149
13.0,13,488.431147
14.0,14,488.461802
20.0,20,488.492925
25.0,25,488.530295
15.0,15,488.560363
11.0,11,488.580997
29.0,29,488.627339
14.0,14,488.651969
20.0,20,488.681536
16.0,16,488.708232
25.0,25,488.748108
13.0,13,488.771877
11.0,11,488.788241
19.0,19,488.816981
21.0,21,488.847561
24.0,24,488.882926
14.0,14,488.901886
14.0,14,488.924684
13.0,13,488.940594
33.0,33,488.991581
10.0,10,489.007332
14.0,14,489.027931
18.0,18,489.058352
16.0,16,489.089027
16.0,16,489.113678
20.0,20,489.145775
9.0,9,489.158656
11.0,11,489.180222
10.0,10,489.195364
16.0,16,489.22304
24.0,24,489.264186
12.0,12,489.284266
26.0,26,489.420144
17.0,17,489.450699
24.0,24,489.492814
11.0,11,489.50993
13.0,13,489.52857
16.0,16,489.556449
15.0,15,489.581935
13.0,13,489.604777
18.0,18,489.631676
20.0,20,489.665216
11.0,11,489.6822
16.0,16,489.709242
16.0,16,489.731654
19.0,19,489.767266
12.0,12,489.786791
14.0,14,489.808255
21.0,21,489.841907
25.0,25,489.880923
24.0,24,489.92078
10.0,10,489.932411
18.0,18,489.96155
19.0,19,489.994744
23.0,23,490.031994
17.0,17,490.057703
15.0,15,490.078788
18.0,18,490.116374
30.0,30,490.161206
11.0,11,490.179588
48.0,48,490.261728
13.0,13,490.283086
14.0,14,490.309023
10.0,10,490.327364
11.0,11,490.345287
14.0,14,490.37239
14.0,14,490.388887
17.0,17,490.416042
13.0,13,490.44427
18.0,18,490.473442
16.0,16,490.499736
13.0,13,490.517776
20.0,20,490.553146
14.0,14,490.579644
17.0,17,490.605844
12.0,12,490.623377
13.0,13,490.646386
13.0,13,490.672987
19.0,19,490.701049
15.0,15,490.724615
19.0,19,490.756289
16.0,16,490.785789
14.0,14,490.805402
11.0,11,490.823561
18.0,18,490.849678
12.0,12,490.869772
13.0,13,490.885868
21.0,21,490.916458
24.0,24,490.957336
12.0,12,490.98107
14.0,14,491.005025
17.0,17,491.029671
21.0,21,491.061345
18.0,18,491.090486
12.0,12,491.105607
13.0,13,491.12303
12.0,12,491.140235
15.0,15,491.168986
36.0,36,491.221085
14.0,14,491.23989
13.0,13,491.263683
18.0,18,491.293502
11.0,11,491.310886
28.0,28,491.354478
23.0,23,491.388689
13.0,13,491.413311
15.0,15,491.434231
13.0,13,491.456925
13.0,13,491.479602
17.0,17,491.505492
16.0,16,491.528568
14.0,14,491.550734
19.0,19,491.582128
14.0,14,491.606531
16.0,16,491.629092
16.0,16,491.652234
13.0,13,491.67429
13.0,13,491.69732
36.0,36,491.745904
13.0,13,491.76776
10.0,10,491.784685
31.0,31,491.83406
12.0,12,491.852031
10.0,10,491.863593
21.0,21,491.90168
28.0,28,491.946141
15.0,15,491.968203
24.0,24,492.011989
57.0,57,492.101076
13.0,13,492.122199
15.0,15,492.142951
13.0,13,492.160161
15.0,15,492.18071
19.0,19,492.210885
17.0,17,492.237278
16.0,16,492.260416
15.0,15,492.280394
16.0,16,492.311845
13.0,13,492.334607
13.0,13,492.354381
12.0,12,492.371972
20.0,20,492.406734
20.0,20,492.436925
15.0,15,492.457932
12.0,12,492.476495
12.0,12,492.498585
13.0,13,492.521129
18.0,18,492.545885
12.0,12,492.564037
11.0,11,492.585726
18.0,18,492.621418
43.0,43,492.685755
13.0,13,492.707433
19.0,19,492.737836
22.0,22,492.770681
16.0,16,492.79308
27.0,27,492.834929
30.0,30,492.878829
21.0,21,492.90749
14.0,14,492.935706
13.0,13,492.953059
25.0,25,492.987511
12.0,12,493.008091
16.0,16,493.036216
11.0,11,493.053483
12.0,12,493.075553
11.0,11,493.094632
10.0,10,493.110086
16.0,16,493.136427
16.0,16,493.162298
15.0,15,493.187588
21.0,21,493.219221
18.0,18,493.250574
19.0,19,493.282828
16.0,16,493.307753
16.0,16,493.332374
26.0,26,493.372368
21.0,21,493.406177
11.0,11,493.424908
14.0,14,493.451844
18.0,18,493.475845
55.0,55,493.560799
37.0,37,493.616968
12.0,12,493.635269
12.0,12,493.657597
28.0,28,493.702818
63.0,63,493.807689
11.0,11,493.825142
24.0,24,493.864284
14.0,14,493.887429
19.0,19,493.916704
27.0,27,493.96332
11.0,11,493.976953
12.0,12,493.997747
21.0,21,494.032978
13.0,13,494.051682
8.0,8,494.067368
9.0,9,494.082826
13.0,13,494.102446
27.0,27,494.148158
19.0,19,494.184005
15.0,15,494.212713
18.0,18,494.240535
12.0,12,494.261143
12.0,12,494.283186
24.0,24,494.324736
12.0,12,494.346109
14.0,14,494.371514
16.0,16,494.401582
59.0,59,494.497047
35.0,35,494.547299
30.0,30,494.59925
9.0,9,494.611975
19.0,19,494.646426
12.0,12,494.662505
11.0,11,494.675388
17.0,17,494.709247
13.0,13,494.729989
25.0,25,494.76773
20.0,20,494.800757
16.0,16,494.822453
15.0,15,494.849373
16.0,16,494.872802
14.0,14,494.89127
32.0,32,494.942412
15.0,15,494.969416
14.0,14,494.991421
20.0,20,495.022587
12.0,12,495.042328
13.0,13,495.065557
17.0,17,495.089666
25.0,25,495.130135
19.0,19,495.160128
24.0,24,495.195965
16.0,16,495.22511
40.0,40,495.287336
10.0,10,495.304957
17.0,17,495.336442
19.0,19,495.365257
38.0,38,495.425521
17.0,17,495.450086
15.0,15,495.477045
18.0,18,495.503089
15.0,15,495.524788
31.0,31,495.572398
18.0,18,495.603245
14.0,14,495.621161
15.0,15,495.64745
17.0,17,495.668799
20.0,20,495.700016
12.0,12,495.716755
27.0,27,495.761143
16.0,16,495.7845
14.0,14,495.806144
16.0,16,495.835916
18.0,18,495.864718
17.0,17,495.888052
37.0,37,495.948503
15.0,15,495.972344
14.0,14,495.99321
19.0,19,496.017619
15.0,15,496.04987
17.0,17,496.072806
28.0,28,496.1124
16.0,16,496.13567
14.0,14,496.163604
15.0,15,496.185109
47.0,47,496.248043
10.0,10,496.267478
21.0,21,496.301347
26.0,26,496.341465
31.0,31,496.385434
10.0,10,496.401691
15.0,15,496.427641
12.0,12,496.444565
19.0,19,496.472396
11.0,11,496.489631
14.0,14,496.51481
12.0,12,496.530138
11.0,11,496.542797
15.0,15,496.569584
32.0,32,496.619128
12.0,12,496.636855
27.0,27,496.679688
16.0,16,496.70295
14.0,14,496.724411
14.0,14,496.746371
14.0,14,496.765605
12.0,12,496.784224
11.0,11,496.803735
15.0,15,496.82742
14.0,14,496.84542
18.0,18,496.873348
29.0,29,496.918551
16.0,16,496.94078
17.0,17,496.963398
22.0,22,496.999469
22.0,22,497.032124
14.0,14,497.054731
30.0,30,497.100391
14.0,14,497.125084
15.0,15,497.153268
17.0,17,497.181658
35.0,35,497.246285
59.0,59,497.342824
34.0,34,497.404819
19.0,19,497.436605
10.0,10,497.448468
13.0,13,497.465333
13.0,13,497.490137
13.0,13,497.513176
13.0,13,497.531438
22.0,22,497.567756
57.0,57,497.661751
18.0,18,497.689706
15.0,15,497.716772
21.0,21,497.749694
16.0,16,497.777092
19.0,19,497.80578
13.0,13,497.829479
19.0,19,497.863024
35.0,35,497.923525
18.0,18,497.951118
14.0,14,497.974836
12.0,12,497.99403
13.0,13,498.019526
13.0,13,498.041976
16.0,16,498.066567
18.0,18,498.087113
15.0,15,498.11041
12.0,12,498.130825
22.0,22,498.160389
11.0,11,498.177299
22.0,22,498.209513
16.0,16,498.238269
23.0,23,498.277232
16.0,16,498.301826
94.0,94,498.456141
24.0,24,498.494357
28.0,28,498.535913
13.0,13,498.555705
18.0,18,498.586785
15.0,15,498.608734
19.0,19,498.638234
11.0,11,498.658802
19.0,19,498.690535
18.0,18,498.722933
49.0,49,498.800632
17.0,17,498.824453
17.0,17,498.862914
15.0,15,498.884154
12.0,12,498.903236
14.0,14,498.928397
12.0,12,498.949373
31.0,31,499.002814
11.0,11,499.018861
11.0,11,499.035798
10.0,10,499.056184
13.0,13,499.077813
34.0,34,499.126512
28.0,28,499.166348
53.0,53,499.255631
10.0,10,499.269661
15.0,15,499.294743
12.0,12,499.311628
19.0,19,499.346661
10.0,10,499.358342
29.0,29,499.405528
26.0,26,499.446855
10.0,10,499.463719
25.0,25,499.509264
12.0,12,499.527532
21.0,21,499.561953
9.0,9,499.578686
21.0,21,499.61289
53.0,53,499.694533
15.0,15,499.715384
12.0,12,499.732507
12.0,12,499.750043
41.0,41,499.816007
12.0,12,499.835876
18.0,18,499.866779
21.0,21,499.903685
10.0,10,499.920981
23.0,23,499.955029
19.0,19,499.982104
13.0,13,500.01081
12.0,12,500.029541
19.0,19,500.058207
22.0,22,500.09477
13.0,13,500.119462
28.0,28,500.16222
15.0,15,500.187633
12.0,12,500.210271
17.0,17,500.239036
11.0,11,500.254655
16.0,16,500.279119
22.0,22,500.312213
25.0,25,500.357692
25.0,25,500.395865
15.0,15,500.414434
16.0,16,500.448012
14.0,14,500.468021
15.0,15,500.492054
14.0,14,500.512341
22.0,22,500.5547
13.0,13,500.574922
17.0,17,500.602962
24.0,24,500.64362
14.0,14,500.670002
27.0,27,500.705179
20.0,20,500.739847
22.0,22,500.763739
14.0,14,500.790288
30.0,30,500.834098
10.0,10,500.853111
16.0,16,500.875304
15.0,15,500.896599
15.0,15,500.919079
16.0,16,500.947072
13.0,13,500.965624
24.0,24,501.007193
12.0,12,501.026375
15.0,15,501.052738
9.0,9,501.064477
18.0,18,501.097075
16.0,16,501.121447
28.0,28,501.16986
18.0,18,501.194449
24.0,24,501.231596
16.0,16,501.259435
26.0,26,501.298259
31.0,31,501.34295
16.0,16,501.373226
14.0,14,501.390872
13.0,13,501.409276
14.0,14,501.430034
8.0,8,501.442995
20.0,20,501.475221
17.0,17,501.500078
28.0,28,501.545593
15.0,15,501.577017
21.0,21,501.607399
16.0,16,501.632458
12.0,12,501.652931
23.0,23,501.69818
35.0,35,501.7517
13.0,13,501.770158
12.0,12,501.792292
16.0,16,501.822507
51.0,51,501.901619
11.0,11,501.914815
22.0,22,501.953476
20.0,20,501.990096
15.0,15,502.015681
18.0,18,502.03969
17.0,17,502.063961
54.0,54,502.158412
48.0,48,502.236968
56.0,56,502.328019
17.0,17,502.35398
13.0,13,502.377262
16.0,16,502.405837
14.0,14,502.430189
18.0,18,502.456158
34.0,34,502.520876
26.0,26,502.557902
19.0,19,502.589746
18.0,18,502.622488
12.0,12,502.644708
23.0,23,502.680352
11.0,11,502.696247
25.0,25,502.733953
14.0,14,502.758753
14.0,14,502.777124
14.0,14,502.800119
24.0,24,502.839249
11.0,11,502.860502
12.0,12,502.878727
16.0,16,502.905451
13.0,13,502.929515
12.0,12,502.951374
15.0,15,502.976779
12.0,12,502.995615
13.0,13,503.013534
13.0,13,503.039621
19.0,19,503.070692
16.0,16,503.095642
18.0,18,503.122922
17.0,17,503.160774
18.0,18,503.189205
13.0,13,503.208602
12.0,12,503.227954
45.0,45,503.306616
13.0,13,503.326192
39.0,39,503.386975
31.0,31,503.430825
14.0,14,503.46215
15.0,15,503.484641
14.0,14,503.503497
25.0,25,503.540457
13.0,13,503.568432
23.0,23,503.599089
11.0,11,503.617214
13.0,13,503.636261
31.0,31,503.690592
12.0,12,503.707629
18.0,18,503.73599
13.0,13,503.75642
16.0,16,503.781559
24.0,24,503.816852
17.0,17,503.842256
13.0,13,503.864622
9.0,9,503.884965
16.0,16,503.909937
34.0,34,503.96014
21.0,21,503.991221
15.0,15,504.020164
15.0,15,504.043204
14.0,14,504.064789
13.0,13,504.087502
15.0,15,504.112202
17.0,17,504.142339
24.0,24,504.179899
11.0,11,504.193474
55.0,55,504.28216
19.0,19,504.311907
24.0,24,504.349132
21.0,21,504.392335
18.0,18,504.424154
13.0,13,504.44339
21.0,21,504.478245
23.0,23,504.513473
16.0,16,504.537843
14.0,14,504.559174
14.0,14,504.585346
11.0,11,504.601791
11.0,11,504.619101
45.0,45,504.697558
17.0,17,504.725091
15.0,15,504.750866
13.0,13,504.773082
13.0,13,504.798433
17.0,17,504.824232
16.0,16,504.85048
22.0,22,504.895739
11.0,11,504.914066
14.0,14,504.932437
28.0,28,504.976242
19.0,19,505.011679
17.0,17,505.038791
15.0,15,505.062389
13.0,13,505.081529
12.0,12,505.105652
13.0,13,505.126151
16.0,16,505.150075
14.0,14,505.174834
13.0,13,505.198283
12.0,12,505.223191
16.0,16,505.247781
18.0,18,505.278354
10.0,10,505.292063
11.0,11,505.305665
29.0,29,505.356499
13.0,13,505.37601
16.0,16,505.404926
26.0,26,505.453736
10.0,10,505.468556
13.0,13,505.490601
23.0,23,505.618864
17.0,17,505.650288
15.0,15,505.672293
16.0,16,505.695853
14.0,14,505.727422
16.0,16,505.752176
17.0,17,505.775388
11.0,11,505.79347
14.0,14,505.81832
11.0,11,505.837745
53.0,53,505.913708
35.0,35,505.969298
11.0,11,505.987386
13.0,13,506.002646
12.0,12,506.021206
17.0,17,506.047405
16.0,16,506.074333
19.0,19,506.103904
13.0,13,506.123841
19.0,19,506.156231
15.0,15,506.181573
29.0,29,506.22229
24.0,24,506.25681
25.0,25,506.292796
15.0,15,506.319968
23.0,23,506.358459
19.0,19,506.39014
17.0,17,506.414044
16.0,16,506.441842
69.0,69,506.535448
10.0,10,506.54731
14.0,14,506.562832
17.0,17,506.584751
47.0,47,506.635528
17.0,17,506.653836
21.0,21,506.683224
14.0,14,506.69979
19.0,19,506.724516
10.0,10,506.738358
22.0,22,506.772585
33.0,33,506.819679
16.0,16,506.841852
12.0,12,506.857436
9.0,9,506.872877
13.0,13,506.893611
24.0,24,506.92517
16.0,16,506.947807
16.0,16,506.965373
15.0,15,506.992286
17.0,17,507.017634
36.0,36,507.068806
17.0,17,507.095922
17.0,17,507.123619
11.0,11,507.139634
12.0,12,507.149573
33.0,33,507.20264
18.0,18,507.231918
12.0,12,507.248275
15.0,15,507.266731
9.0,9,507.282334
45.0,45,507.352889
13.0,13,507.371782
11.0,11,507.38783
38.0,38,507.436038
18.0,18,507.462655
15.0,15,507.486043
17.0,17,507.511229
14.0,14,507.528795
14.0,14,507.551651
13.0,13,507.569173
16.0,16,507.590533
10.0,10,507.608662
12.0,12,507.629416
11.0,11,507.642473
19.0,19,507.671397
15.0,15,507.692519
31.0,31,507.743258
18.0,18,507.770795
15.0,15,507.792197
14.0,14,507.814243
17.0,17,507.845116
17.0,17,507.868765
13.0,13,507.884892
11.0,11,507.901862
17.0,17,507.933291
15.0,15,507.955098
25.0,25,507.988168
17.0,17,508.009619
25.0,25,508.057739
15.0,15,508.072988
46.0,46,508.150104
17.0,17,508.170861
18.0,18,508.202778
12.0,12,508.221083
29.0,29,508.266167
28.0,28,508.30962
15.0,15,508.342305
13.0,13,508.361061
17.0,17,508.386642
18.0,18,508.417062
32.0,32,508.473861
26.0,26,508.511888
20.0,20,508.546597
40.0,40,508.609221
15.0,15,508.635548
18.0,18,508.666547
13.0,13,508.689451
28.0,28,508.729257
14.0,14,508.758919
14.0,14,508.782821
13.0,13,508.802536
19.0,19,508.832972
11.0,11,508.849964
16.0,16,508.876551
23.0,23,508.913311
10.0,10,508.931264
11.0,11,508.946944
37.0,37,509.01445
12.0,12,509.030536
19.0,19,509.05766
18.0,18,509.094347
29.0,29,509.137549
25.0,25,509.17553
11.0,11,509.191155
16.0,16,509.218175
19.0,19,509.248638
14.0,14,509.267665
20.0,20,509.299034
11.0,11,509.320276
20.0,20,509.353776
13.0,13,509.378416
19.0,19,509.407522
10.0,10,509.428513
16.0,16,509.454857
18.0,18,509.484379
13.0,13,509.503216
15.0,15,509.526968
13.0,13,509.539944
10.0,10,509.556404
21.0,21,509.588537
16.0,16,509.614639
24.0,24,509.650011
10.0,10,509.666736
23.0,23,509.701664
20.0,20,509.736618
12.0,12,509.751291
17.0,17,509.776709
30.0,30,509.825199
36.0,36,509.881052
11.0,11,509.902536
15.0,15,509.925303
23.0,23,509.957406
23.0,23,509.99416
15.0,15,510.020265
18.0,18,510.045328
16.0,16,510.068793
35.0,35,510.126316
18.0,18,510.15662
15.0,15,510.176286
15.0,15,510.200852
12.0,12,510.224432
14.0,14,510.246637
22.0,22,510.277042
17.0,17,510.300402
15.0,15,510.331629
36.0,36,510.386631
15.0,15,510.407633
23.0,23,510.445568
21.0,21,510.477684
18.0,18,510.501591
13.0,13,510.52287
12.0,12,510.543067
14.0,14,510.563816
32.0,32,510.610126
15.0,15,510.637503
19.0,19,510.664446
11.0,11,510.68019
14.0,14,510.701098
12.0,12,510.719852
18.0,18,510.74855
13.0,13,510.774799
11.0,11,510.788187
16.0,16,510.812478
13.0,13,510.8363
17.0,17,510.872282
25.0,25,510.91198
17.0,17,510.937192
13.0,13,510.965594
19.0,19,510.99777
10.0,10,511.014759
23.0,23,511.056385
14.0,14,511.074085
12.0,12,511.095198
11.0,11,511.113421
16.0,16,511.139638
12.0,12,511.165401
16.0,16,511.191044
19.0,19,511.219348
37.0,37,511.271734
19.0,19,511.302573
15.0,15,511.325603
15.0,15,511.34682
19.0,19,511.37871
59.0,59,511.474847
13.0,13,511.496542
20.0,20,511.528772
26.0,26,511.563585
12.0,12,511.584682
10.0,10,511.605745
12.0,12,511.624479
19.0,19,511.652563
15.0,15,511.670167
22.0,22,511.707205
13.0,13,511.724736
25.0,25,511.761807
18.0,18,511.791731
26.0,26,511.829187
15.0,15,511.854154
11.0,11,511.87393
13.0,13,511.895933
23.0,23,511.936122
14.0,14,511.954293
15.0,15,511.976688
17.0,17,512.003931
11.0,11,512.024163
15.0,15,512.046983
31.0,31,512.087351
17.0,17,512.113915
11.0,11,512.133216
14.0,14,512.152133
12.0,12,512.171483
24.0,24,512.210609
18.0,18,512.24359
12.0,12,512.26032
39.0,39,512.319993
20.0,20,512.349837
21.0,21,512.389335
14.0,14,512.41434
13.0,13,512.433691
13.0,13,512.4553
27.0,27,512.492071
14.0,14,512.519796
11.0,11,512.536566
18.0,18,512.55554
14.0,14,512.583529
13.0,13,512.601991
13.0,13,512.626471
19.0,19,512.652935
15.0,15,512.677712
41.0,41,512.741611
23.0,23,512.778555
15.0,15,512.799082
15.0,15,512.827432
19.0,19,512.855483
12.0,12,512.873546
12.0,12,512.89205
15.0,15,512.918604
17.0,17,512.945909
13.0,13,512.964969
15.0,15,512.987211
12.0,12,513.008774
26.0,26,513.049973
12.0,12,513.06582
17.0,17,513.092595
11.0,11,513.108869
15.0,15,513.136154
15.0,15,513.160388
11.0,11,513.176544
14.0,14,513.197794
13.0,13,513.217478
9.0,9,513.236775
19.0,19,513.26168
41.0,41,513.331401
14.0,14,513.35494
20.0,20,513.387571
12.0,12,513.404831
20.0,20,513.43662
24.0,24,513.476561
14.0,14,513.499056
25.0,25,513.534828
16.0,16,513.569586
17.0,17,513.594826
13.0,13,513.612831
40.0,40,513.6756
16.0,16,513.702004
17.0,17,513.730488
20.0,20,513.76577
24.0,24,513.803782
15.0,15,513.825248
33.0,33,513.884477
13.0,13,513.902194
15.0,15,513.925649
12.0,12,513.948198
18.0,18,513.977524
36.0,36,514.033684
20.0,20,514.062651
14.0,14,514.093614
12.0,12,514.110674
11.0,11,514.124239
19.0,19,514.153119
20.0,20,514.187033
11.0,11,514.204716
16.0,16,514.229448
14.0,14,514.246681
14.0,14,514.273068
13.0,13,514.293528
13.0,13,514.312781
25.0,25,514.355265
18.0,18,514.388787
37.0,37,514.439466
14.0,14,514.463277
13.0,13,514.480733
17.0,17,514.510987
10.0,10,514.525992
86.0,86,514.650296
11.0,11,514.66811
17.0,17,514.699428
27.0,27,514.740326
33.0,33,514.787138
13.0,13,514.812006
10.0,10,514.828783
18.0,18,514.854247
12.0,12,514.871439
10.0,10,514.884013
12.0,12,514.908753
13.0,13,514.926473
20.0,20,514.955179
58.0,58,515.047827
16.0,16,515.074605
28.0,28,515.117926
20.0,20,515.146646
12.0,12,515.162789
13.0,13,515.18154
18.0,18,515.209424
17.0,17,515.233604
17.0,17,515.258713
29.0,29,515.301393
15.0,15,515.328722
18.0,18,515.356228
16.0,16,515.379254
22.0,22,515.412202
16.0,16,515.437318
36.0,36,515.488004
14.0,14,515.510434
21.0,21,515.548001
31.0,31,515.598639
19.0,19,515.624987
17.0,17,515.659277
14.0,14,515.680296
16.0,16,515.704891
25.0,25,515.744188
30.0,30,515.790857
28.0,28,515.838512
13.0,13,515.858698
32.0,32,515.906551
14.0,14,515.929605
25.0,25,515.974679
34.0,34,516.022967
15.0,15,516.054344
10.0,10,516.071201
18.0,18,516.097313
20.0,20,516.12566
18.0,18,516.15385
26.0,26,516.19119
19.0,19,516.225841
12.0,12,516.24452
11.0,11,516.265839
16.0,16,516.29202
18.0,18,516.31715
15.0,15,516.338214
19.0,19,516.371037
11.0,11,516.385227
14.0,14,516.40858
15.0,15,516.430877
20.0,20,516.455348
11.0,11,516.472597
14.0,14,516.498768
12.0,12,516.517147
12.0,12,516.535957
17.0,17,516.560982
20.0,20,516.597288
16.0,16,516.620848
14.0,14,516.644391
13.0,13,516.663869
16.0,16,516.695614
19.0,19,516.727854
13.0,13,516.746903
11.0,11,516.765689
14.0,14,516.792519
20.0,20,516.818687
15.0,15,516.839425
15.0,15,516.864144
19.0,19,516.895762
15.0,15,516.92136
22.0,22,516.953501
16.0,16,516.978555
13.0,13,517.004405
11.0,11,517.021978
14.0,14,517.039284
12.0,12,517.055889
12.0,12,517.077953
12.0,12,517.098299
20.0,20,517.129134
11.0,11,517.146113
20.0,20,517.177128
12.0,12,517.196236
19.0,19,517.225636
24.0,24,517.263803
16.0,16,517.291685
15.0,15,517.317217
10.0,10,517.335207
12.0,12,517.354001
11.0,11,517.374782
16.0,16,517.404299
16.0,16,517.427845
11.0,11,517.442428
26.0,26,517.486963
11.0,11,517.507239
18.0,18,517.530853
13.0,13,517.549643
35.0,35,517.612186
14.0,14,517.636456
21.0,21,517.668651
12.0,12,517.687438
23.0,23,517.733046
14.0,14,517.750464
19.0,19,517.782965
10.0,10,517.797514
15.0,15,517.829152
17.0,17,517.853782
17.0,17,517.883386
17.0,17,517.909744
25.0,25,517.953388
17.0,17,517.978338
13.0,13,518.002949
15.0,15,518.01983
11.0,11,518.045571
13.0,13,518.061954
14.0,14,518.08722
13.0,13,518.108322
18.0,18,518.147712
15.0,15,518.169037
18.0,18,518.199767
16.0,16,518.226383
16.0,16,518.259469
16.0,16,518.278605
15.0,15,518.300507
13.0,13,518.31985
27.0,27,518.373274
16.0,16,518.39938
20.0,20,518.433444
14.0,14,518.456535
18.0,18,518.490914
18.0,18,518.516028
12.0,12,518.535119
12.0,12,518.556877
10.0,10,518.578681
13.0,13,518.596857
21.0,21,518.629497
14.0,14,518.657428
17.0,17,518.684525
15.0,15,518.709157
18.0,18,518.736742
12.0,12,518.759573
21.0,21,518.795245
13.0,13,518.817956
35.0,35,518.874173
13.0,13,518.896728
14.0,14,518.916001
19.0,19,518.950864
14.0,14,518.977015
15.0,15,518.997769
14.0,14,519.02771
12.0,12,519.046779
25.0,25,519.087415
14.0,14,519.108257
17.0,17,519.140305
14.0,14,519.159627
11.0,11,519.182807
12.0,12,519.201463
12.0,12,519.222971
13.0,13,519.240425
12.0,12,519.259873
27.0,27,519.302639
16.0,16,519.332852
13.0,13,519.350688
15.0,15,519.379039
16.0,16,519.402997
14.0,14,519.424968
12.0,12,519.444984
23.0,23,519.486968
9.0,9,519.49848
19.0,19,519.529079
14.0,14,519.553396
36.0,36,519.610531
35.0,35,519.662741
18.0,18,519.701762
17.0,17,519.72925
22.0,22,519.767315
11.0,11,519.782937
56.0,56,519.875912
63.0,63,519.981267
27.0,27,520.025534
51.0,51,520.112215
37.0,37,520.170067
18.0,18,520.195834
19.0,19,520.229757
16.0,16,520.255091
12.0,12,520.27402
11.0,11,520.293044
19.0,19,520.32823
20.0,20,520.360223
13.0,13,520.383254
19.0,19,520.416259
13.0,13,520.434637
14.0,14,520.455127
28.0,28,520.503807
86.0,86,520.647165
20.0,20,520.677563
35.0,35,520.737919
11.0,11,520.754879
14.0,14,520.779051
13.0,13,520.79555
23.0,23,520.835974
23.0,23,520.878816
17.0,17,520.901862
21.0,21,520.938851
14.0,14,520.961922
13.0,13,520.977977
12.0,12,520.999179
12.0,12,521.017903
13.0,13,521.040717
13.0,13,521.063569
65.0,65,521.175055
14.0,14,521.194877
53.0,53,521.279327
16.0,16,521.30768
19.0,19,521.337552
15.0,15,521.364888
12.0,12,521.382595
11.0,11,521.405291
12.0,12,521.424323
32.0,32,521.753613
31.0,31,521.798462
22.0,22,521.837061
22.0,22,521.871566
18.0,18,521.900065
16.0,16,521.925546
24.0,24,521.972286
21.0,21,522.004818
13.0,13,522.023721
20.0,20,522.052135
19.0,19,522.085255
14.0,14,522.108684
22.0,22,522.139017
71.0,71,522.251186
17.0,17,522.282373
16.0,16,522.30478
13.0,13,522.323678
10.0,10,522.341569
16.0,16,522.369104
14.0,14,522.390612
27.0,27,522.433885
13.0,13,522.455287
16.0,16,522.48498
18.0,18,522.515757
26.0,26,522.556778
13.0,13,522.581526
33.0,33,522.636318
13.0,13,522.655764
18.0,18,522.687695
25.0,25,522.727229
17.0,17,522.752501
29.0,29,522.797945
32.0,32,522.851838
11.0,11,522.870277
10.0,10,522.892861
9.0,9,522.905641
26.0,26,522.944021
23.0,23,522.983948
13.0,13,523.006845
14.0,14,523.031327
22.0,22,523.06228
14.0,14,523.085644
10.0,10,523.105168
12.0,12,523.123644
22.0,22,523.154949
10.0,10,523.16894
13.0,13,523.196752
10.0,10,523.210546
15.0,15,523.236143
18.0,18,523.262871
16.0,16,523.289286
26.0,26,523.330232
16.0,16,523.353922
11.0,11,523.372952
20.0,20,523.409227
14.0,14,523.425849
12.0,12,523.442368
26.0,26,523.482361
16.0,16,523.51264
9.0,9,523.525433
18.0,18,523.551087
24.0,24,523.588054
22.0,22,523.631121
17.0,17,523.655949
22.0,22,523.693654
17.0,17,523.723036
15.0,15,523.750779
45.0,45,523.825675
17.0,17,523.853896
30.0,30,523.90087
12.0,12,523.925113
20.0,20,523.956232
22.0,22,523.987886
31.0,31,524.037968
10.0,10,524.055336
12.0,12,524.074934
29.0,29,524.123314
10.0,10,524.137333
19.0,19,524.172301
20.0,20,524.203788
17.0,17,524.229187
13.0,13,524.249809
41.0,41,524.321847
39.0,39,524.376827
37.0,37,524.436671
9.0,9,524.447767
12.0,12,524.467426
21.0,21,524.498498
16.0,16,524.524014
10.0,10,524.542597
21.0,21,524.575963
10.0,10,524.588644
12.0,12,524.608066
40.0,40,524.673705
39.0,39,524.740118
12.0,12,524.760076
16.0,16,524.782579
16.0,16,524.807184
12.0,12,524.830844
13.0,13,524.848415
28.0,28,524.895555
11.0,11,524.912508
18.0,18,524.945248
31.0,31,524.991518
31.0,31,525.039772
9.0,9,525.052857
27.0,27,525.101181
13.0,13,525.121253
15.0,15,525.146884
13.0,13,525.166645
19.0,19,525.198977
14.0,14,525.223983
36.0,36,525.277128
39.0,39,525.331136
22.0,22,525.372613
10.0,10,525.38616
13.0,13,525.40787
14.0,14,525.42822
13.0,13,525.450973
11.0,11,525.468849
14.0,14,525.489548
14.0,14,525.504129
23.0,23,525.542055
25.0,25,525.584756
20.0,20,525.612645
14.0,14,525.63728
30.0,30,525.689676
16.0,16,525.713567
17.0,17,525.738311
29.0,29,525.792464
15.0,15,525.8181
12.0,12,525.833938
13.0,13,525.861529
12.0,12,525.881647
35.0,35,525.938657
29.0,29,525.987311
15.0,15,526.006561
13.0,13,526.02959
20.0,20,526.067884
13.0,13,526.088596
14.0,14,526.108285
14.0,14,526.132743
21.0,21,526.170069
16.0,16,526.194665
11.0,11,526.212656
55.0,55,526.303735
44.0,44,526.382993
26.0,26,526.425539
20.0,20,526.452981
15.0,15,526.480453
20.0,20,526.513997
16.0,16,526.538177
11.0,11,526.555496
21.0,21,526.590818
28.0,28,526.639348
24.0,24,526.674184
13.0,13,526.69791
11.0,11,526.714782
42.0,42,526.783229
17.0,17,526.814365
15.0,15,526.831493
11.0,11,526.84757
28.0,28,526.897068
14.0,14,526.920956
28.0,28,526.968779
13.0,13,526.9878
53.0,53,527.07486
20.0,20,527.105058
9.0,9,527.119064
23.0,23,527.160173
12.0,12,527.179411
11.0,11,527.198616
27.0,27,527.244037
12.0,12,527.261435
25.0,25,527.304446
14.0,14,527.325275
9.0,9,527.342412
14.0,14,527.362788
19.0,19,527.397787
29.0,29,527.437983
15.0,15,527.461242
15.0,15,527.484396
23.0,23,527.525615
13.0,13,527.547012
10.0,10,527.560562
23.0,23,527.599149
17.0,17,527.630275
19.0,19,527.660092
43.0,43,527.7346
13.0,13,527.755226
37.0,37,527.820474
19.0,19,527.851838
17.0,17,527.880358
14.0,14,527.90261
25.0,25,527.947819
12.0,12,527.967016
49.0,49,528.047006
20.0,20,528.078506
27.0,27,528.125993
42.0,42,528.189305
14.0,14,528.210518
15.0,15,528.236083
13.0,13,528.257674
16.0,16,528.279087
9.0,9,528.291159
13.0,13,528.309949
51.0,51,528.394089
65.0,65,528.491771
89.0,89,528.638947
18.0,18,528.666616
15.0,15,528.69451
35.0,35,528.754406
30.0,30,528.802288
11.0,11,528.821783
28.0,28,528.870304
11.0,11,528.889067
13.0,13,528.909108
12.0,12,528.928024
18.0,18,528.960373
20.0,20,528.991968
13.0,13,529.015375
46.0,46,529.088147
15.0,15,529.113916
12.0,12,529.132919
13.0,13,529.152118
18.0,18,529.187985
17.0,17,529.2192
12.0,12,529.236037
13.0,13,529.256222
13.0,13,529.280726
31.0,31,529.336004
14.0,14,529.357393
12.0,12,529.377229
13.0,13,529.398912
14.0,14,529.421754
27.0,27,529.463089
46.0,46,529.541981
24.0,24,529.581021
18.0,18,529.608828
17.0,17,529.634889
12.0,12,529.652541
13.0,13,529.671389
13.0,13,529.692889
11.0,11,529.707543
12.0,12,529.726719
31.0,31,529.764784
22.0,22,529.808032
17.0,17,529.828561
15.0,15,529.847954
15.0,15,529.86704
40.0,40,529.919729
14.0,14,529.93487
13.0,13,529.94822
18.0,18,529.972552
46.0,46,530.031845
26.0,26,530.05945
16.0,16,530.076266
25.0,25,530.10881
31.0,31,530.146798
12.0,12,530.16023
11.0,11,530.17279
45.0,45,530.227965
15.0,15,530.250491
18.0,18,530.276765
13.0,13,530.299079
22.0,22,530.330111
13.0,13,530.347419
13.0,13,530.367133
11.0,11,530.381853
38.0,38,530.441978
15.0,15,530.462914
12.0,12,530.476254
12.0,12,530.491047
21.0,21,530.524721
10.0,10,530.538838
14.0,14,530.557015
19.0,19,530.577719
14.0,14,530.596882
20.0,20,530.633858
17.0,17,530.654382
13.0,13,530.668452
20.0,20,530.694853
12.0,12,530.717177
22.0,22,530.746796
29.0,29,530.781098
14.0,14,530.794903
18.0,18,530.816458
16.0,16,530.83516
37.0,37,530.877816
14.0,14,530.899531
34.0,34,530.948311
45.0,45,531.010556
13.0,13,531.031413
18.0,18,531.056663
26.0,26,531.092431
18.0,18,531.11116
12.0,12,531.12147
13.0,13,531.142171
11.0,11,531.156006
16.0,16,531.174093
25.0,25,531.205304
10.0,10,531.216303
60.0,60,531.287459
89.0,89,531.390762
18.0,18,531.408178
20.0,20,531.429402
15.0,15,531.454617
16.0,16,531.474548
14.0,14,531.492109
44.0,44,531.547724
34.0,34,531.594132
11.0,11,531.604713
9.0,9,531.616853
11.0,11,531.632236
13.0,13,531.653713
26.0,26,531.683356
16.0,16,531.707501
20.0,20,531.728009
14.0,14,531.74893
27.0,27,531.779059
14.0,14,531.798645
39.0,39,531.85216
18.0,18,531.871886
13.0,13,531.888093
25.0,25,531.921685
10.0,10,531.932322
20.0,20,531.965011
16.0,16,531.982977
15.0,15,531.999565
23.0,23,532.022232
58.0,58,532.099658
14.0,14,532.118372
13.0,13,532.132712
18.0,18,532.152741
17.0,17,532.186266
15.0,15,532.209507
19.0,19,532.23473
14.0,14,532.25658
11.0,11,532.275948
27.0,27,532.310014
10.0,10,532.324999
14.0,14,532.342772
39.0,39,532.397032
42.0,42,532.441901
30.0,30,532.484468
12.0,12,532.499538
45.0,45,532.559705
12.0,12,532.576824
10.0,10,532.589404
14.0,14,532.604599
33.0,33,532.646425
13.0,13,532.665577
13.0,13,532.683431
12.0,12,532.697492
11.0,11,532.713085
10.0,10,532.721272
12.0,12,532.735241
18.0,18,532.75926
25.0,25,532.800332
17.0,17,532.818564
33.0,33,532.863208
91.0,91,532.98024
30.0,30,533.025608
14.0,14,533.041327
10.0,10,533.054388
15.0,15,533.069893
34.0,34,533.124425
14.0,14,533.140108
38.0,38,533.186022
12.0,12,533.199792
10.0,10,533.214252
14.0,14,533.232291
13.0,13,533.245802
15.0,15,533.262988
13.0,13,533.278482
15.0,15,533.297062
90.0,90,533.404433
10.0,10,533.41809
19.0,19,533.444136
14.0,14,533.459673
18.0,18,533.482573
14.0,14,533.50121
23.0,23,533.533745
14.0,14,533.55414
12.0,12,533.572338
26.0,26,533.608335
39.0,39,533.66335
11.0,11,533.674694
12.0,12,533.690934
49.0,49,533.755359
12.0,12,533.774274
29.0,29,533.809158
19.0,19,533.832509
21.0,21,533.85523
11.0,11,533.870962
15.0,15,533.887752
16.0,16,533.910253
18.0,18,533.931787
21.0,21,533.955826
31.0,31,533.991966
22.0,22,534.016227
18.0,18,534.039667
17.0,17,534.062898
18.0,18,534.086126
14.0,14,534.101795
10.0,10,534.118381
21.0,21,534.148995
31.0,31,534.187643
16.0,16,534.208021
14.0,14,534.229499
15.0,15,534.255323
12.0,12,534.270444
13.0,13,534.284508
12.0,12,534.296814
26.0,26,534.333689
38.0,38,534.383238
10.0,10,534.400972
17.0,17,534.421987
13.0,13,534.43955
13.0,13,534.452644
25.0,25,534.482631
14.0,14,534.495441
58.0,58,534.574487
22.0,22,534.599542
18.0,18,534.624802
12.0,12,534.639427
11.0,11,534.653427
43.0,43,534.701908
22.0,22,534.73018
13.0,13,534.744843
13.0,13,534.762292
50.0,50,534.822999
27.0,27,534.85449
13.0,13,534.874836
17.0,17,534.903636
17.0,17,534.927696
15.0,15,534.955308
13.0,13,534.972993
21.0,21,535.003368
19.0,19,535.036608
18.0,18,535.067176
18.0,18,535.088878
19.0,19,535.120135
9.0,9,535.131937
15.0,15,535.15925
16.0,16,535.182483
12.0,12,535.20348
89.0,89,535.339777
14.0,14,535.365037
22.0,22,535.396197
10.0,10,535.414068
14.0,14,535.43556
46.0,46,535.499696
13.0,13,535.517336
17.0,17,535.546719
18.0,18,535.57377
63.0,63,535.668781
17.0,17,535.69717
17.0,17,535.724892
31.0,31,535.774353
13.0,13,535.793936
18.0,18,535.817288
14.0,14,535.844337
24.0,24,535.88332
10.0,10,535.895501
18.0,18,535.92408
13.0,13,535.945687
36.0,36,535.984132
13.0,13,535.993408
17.0,17,536.013386
27.0,27,536.049187
10.0,10,536.063546
11.0,11,536.073562
93.0,93,536.193167
17.0,17,536.216315
92.0,92,536.328279
23.0,23,536.355544
19.0,19,536.379682
41.0,41,536.427865
15.0,15,536.445576
74.0,74,536.824669
15.0,15,536.841195
13.0,13,536.859548
13.0,13,536.873646
58.0,58,536.947623
14.0,14,536.966747
23.0,23,537.001274
17.0,17,537.021634
10.0,10,537.033724
48.0,48,537.073491
15.0,15,537.096851
18.0,18,537.116682
25.0,25,537.145633
13.0,13,537.163099
36.0,36,537.212584
12.0,12,537.22701
12.0,12,537.243874
15.0,15,537.261015
13.0,13,537.287527
14.0,14,537.302732
16.0,16,537.322629
17.0,17,537.341815
30.0,30,537.386812
15.0,15,537.413032
12.0,12,537.428189
63.0,63,537.501281
16.0,16,537.522999
14.0,14,537.539626
13.0,13,537.554182
19.0,19,537.577465
12.0,12,537.596913
13.0,13,537.614333
17.0,17,537.631494
29.0,29,537.667755
27.0,27,537.69962
10.0,10,537.712187
16.0,16,537.729379
66.0,66,537.80521
28.0,28,537.839881
13.0,13,537.858656
15.0,15,537.873662
15.0,15,537.893029
18.0,18,537.923627
12.0,12,537.939315
10.0,10,537.951191
27.0,27,537.986543
13.0,13,538.013454
30.0,30,538.053012
11.0,11,538.064526
38.0,38,538.115217
19.0,19,538.140772
38.0,38,538.177685
16.0,16,538.196931
18.0,18,538.22378
21.0,21,538.248607
28.0,28,538.289109
15.0,15,538.307193
13.0,13,538.324523
13.0,13,538.343859
11.0,11,538.357751
22.0,22,538.38218
14.0,14,538.399814
24.0,24,538.438027
15.0,15,538.45768
14.0,14,538.473422
15.0,15,538.491717
12.0,12,538.507608
13.0,13,538.526701
12.0,12,538.541379
54.0,54,538.616026
15.0,15,538.637509
12.0,12,538.652147
11.0,11,538.670472
13.0,13,538.683826
49.0,49,538.758915
45.0,45,538.809348
29.0,29,538.844157
13.0,13,538.859665
14.0,14,538.881055
11.0,11,538.89431
11.0,11,538.90587
11.0,11,538.921065
12.0,12,538.942587
8.0,8,538.952259
56.0,56,539.019384
12.0,12,539.037281
44.0,44,539.095631
13.0,13,539.109913
23.0,23,539.141222
53.0,53,539.196436
18.0,18,539.223545
14.0,14,539.24403
13.0,13,539.264431
35.0,35,539.305084
11.0,11,539.324066
51.0,51,539.393367
26.0,26,539.425342
16.0,16,539.445593
30.0,30,539.481642
32.0,32,539.51992
14.0,14,539.535202
12.0,12,539.553243
16.0,16,539.573332
15.0,15,539.596305
10.0,10,539.607764
14.0,14,539.622883
87.0,87,539.740183
10.0,10,539.755629
12.0,12,539.770554
21.0,21,539.797207
38.0,38,539.846411
66.0,66,539.952268
33.0,33,540.011434
14.0,14,540.026685
16.0,16,540.052338
19.0,19,540.077542
15.0,15,540.095332
28.0,28,540.129865
16.0,16,540.152664
11.0,11,540.170224
19.0,19,540.191468
12.0,12,540.206073
13.0,13,540.228812
15.0,15,540.241582
14.0,14,540.255934
12.0,12,540.275127
10.0,10,540.288533
53.0,53,540.355228
17.0,17,540.378007
15.0,15,540.397813
16.0,16,540.420103
21.0,21,540.445483
12.0,12,540.459049
17.0,17,540.482039
50.0,50,540.559364
19.0,19,540.585738
26.0,26,540.62455
14.0,14,540.638196
15.0,15,540.662958
15.0,15,540.688955
52.0,52,540.754184
18.0,18,540.772677
12.0,12,540.791553
15.0,15,540.809355
15.0,15,540.825224
13.0,13,540.84145
26.0,26,540.878174
11.0,11,540.894093
45.0,45,540.953214
33.0,33,540.988579
11.0,11,541.011194
35.0,35,541.054008
19.0,19,541.078062
14.0,14,541.100571
38.0,38,541.148449
14.0,14,541.167898
21.0,21,541.19866
15.0,15,541.224293
29.0,29,541.270928
12.0,12,541.290142
12.0,12,541.307496
23.0,23,541.337617
13.0,13,541.361668
22.0,22,541.390417
32.0,32,541.443696
36.0,36,541.499227
15.0,15,541.533055
10.0,10,541.549122
13.0,13,541.567967
12.0,12,541.584064
40.0,40,541.65105
25.0,25,541.690519
16.0,16,541.714845
13.0,13,541.73701
20.0,20,541.769786
18.0,18,541.799456
11.0,11,541.818794
39.0,39,541.877063
10.0,10,541.897829
18.0,18,541.91997
11.0,11,541.942285
28.0,28,541.987118
16.0,16,542.014157
31.0,31,542.067425
11.0,11,542.083283
17.0,17,542.105163
13.0,13,542.129115
13.0,13,542.15326
36.0,36,542.205192
13.0,13,542.229525
15.0,15,542.255181
10.0,10,542.273639
70.0,70,542.367799
12.0,12,542.383408
12.0,12,542.403881
17.0,17,542.429134
12.0,12,542.449815
22.0,22,542.474661
14.0,14,542.495607
14.0,14,542.510047
12.0,12,542.523795
50.0,50,542.59224
14.0,14,542.611918
12.0,12,542.62858
26.0,26,542.670151
11.0,11,542.681731
10.0,10,542.699188
33.0,33,542.739912
35.0,35,542.788449
53.0,53,542.849907
19.0,19,542.879708
12.0,12,542.892499
19.0,19,542.918216
21.0,21,542.947236
15.0,15,542.977065
12.0,12,542.992935
12.0,12,543.008479
17.0,17,543.027129
56.0,56,543.115385
15.0,15,543.1343
54.0,54,543.203974
13.0,13,543.218135
87.0,87,543.334818
27.0,27,543.364838
20.0,20,543.392658
22.0,22,543.414673
87.0,87,543.524625
11.0,11,543.535817
14.0,14,543.549398
82.0,82,543.660514
31.0,31,543.713185
15.0,15,543.728007
54.0,54,543.807546
28.0,28,543.847054
32.0,32,543.882312
12.0,12,543.897645
12.0,12,543.909726
17.0,17,543.93018
21.0,21,543.958054
16.0,16,543.975179
16.0,16,543.993327
13.0,13,544.01909
38.0,38,544.06802
13.0,13,544.081782
17.0,17,544.107518
29.0,29,544.142176
16.0,16,544.166708
11.0,11,544.180322
34.0,34,544.224757
92.0,92,544.344391
14.0,14,544.37204
15.0,15,544.389675
14.0,14,544.41318
36.0,36,544.463306
11.0,11,544.482922
14.0,14,544.501576
12.0,12,544.519264
11.0,11,544.533147
18.0,18,544.555291
17.0,17,544.578403
15.0,15,544.594416
42.0,42,544.652841
14.0,14,544.670548
14.0,14,544.692897
15.0,15,544.715727
22.0,22,544.74693
26.0,26,544.786577
13.0,13,544.802393
15.0,15,544.821134
20.0,20,544.849941
57.0,57,544.912715
15.0,15,544.936332
16.0,16,544.955793
15.0,15,544.970464
11.0,11,544.987778
12.0,12,545.003984
13.0,13,545.021804
44.0,44,545.086102
21.0,21,545.119866
42.0,42,545.180801
16.0,16,545.19891
14.0,14,545.216691
13.0,13,545.233822
33.0,33,545.275197
10.0,10,545.288214
15.0,15,545.304349
22.0,22,545.335489
34.0,34,545.38091
30.0,30,545.417332
44.0,44,545.477216
94.0,94,545.608593
30.0,30,545.648817
14.0,14,545.672285
60.0,60,545.756274
15.0,15,545.780648
18.0,18,545.805159
15.0,15,545.824308
15.0,15,545.844818
65.0,65,545.926954
12.0,12,545.942328
22.0,22,545.97354
13.0,13,545.985581
34.0,34,546.021579
13.0,13,546.031199
12.0,12,546.042013
13.0,13,546.051439
18.0,18,546.076279
57.0,57,546.122407
13.0,13,546.132928
10.0,10,546.143019
16.0,16,546.160423
19.0,19,546.180387
13.0,13,546.193573
13.0,13,546.204962
13.0,13,546.218757
17.0,17,546.23279
31.0,31,546.261006
89.0,89,546.350231
11.0,11,546.365492
12.0,12,546.38009
13.0,13,546.395272
63.0,63,546.455376
24.0,24,546.479213
19.0,19,546.499149
14.0,14,546.509562
48.0,48,546.548853
14.0,14,546.565639
26.0,26,546.587504
11.0,11,546.601858
11.0,11,546.615153
14.0,14,546.635329
20.0,20,546.652867
11.0,11,546.662133
47.0,47,546.705475
15.0,15,546.721885
19.0,19,546.736412
39.0,39,546.768072
9.0,9,546.774966
13.0,13,546.790148
25.0,25,546.814838
21.0,21,546.832272
28.0,28,546.857372
14.0,14,546.874268
12.0,12,546.884414
17.0,17,546.8996
14.0,14,546.912542
18.0,18,546.93564
11.0,11,546.947852
14.0,14,546.958626
11.0,11,546.969282
15.0,15,546.988203
31.0,31,547.019045
42.0,42,547.079992
20.0,20,547.10832
40.0,40,547.161089
15.0,15,547.178572
12.0,12,547.193902
37.0,37,547.238803
27.0,27,547.276022
11.0,11,547.290311
54.0,54,547.356133
12.0,12,547.371797
34.0,34,547.414011
49.0,49,547.479618
17.0,17,547.497042
15.0,15,547.515355
45.0,45,547.572745
16.0,16,547.593162
13.0,13,547.611316
14.0,14,547.640027
22.0,22,547.675024
13.0,13,547.693512
15.0,15,547.713627
17.0,17,547.7404
15.0,15,547.768743
20.0,20,547.803256
37.0,37,547.865969
30.0,30,547.911539
93.0,93,548.054415
13.0,13,548.075268
13.0,13,548.097054
41.0,41,548.161165
19.0,19,548.190421
19.0,19,548.213411
19.0,19,548.24378
13.0,13,548.265304
11.0,11,548.282533
58.0,58,548.380243
61.0,61,548.47925
18.0,18,548.506665
11.0,11,548.528471
14.0,14,548.550461
16.0,16,548.578911
28.0,28,548.624678
17.0,17,548.652947
106.0,106,548.812189
11.0,11,548.830799
11.0,11,548.847444
14.0,14,548.866753
13.0,13,548.889481
47.0,47,548.944237
18.0,18,548.966697
13.0,13,548.990072
35.0,35,549.039152
12.0,12,549.054096
24.0,24,549.078489
10.0,10,549.096889
14.0,14,549.114848
14.0,14,549.129459
14.0,14,549.148525
59.0,59,549.227138
46.0,46,549.283429
30.0,30,549.331372
30.0,30,549.374614
92.0,92,549.511966
17.0,17,549.531502
18.0,18,549.554868
96.0,96,549.688791
60.0,60,549.775675
16.0,16,549.796384
17.0,17,549.822183
13.0,13,549.839173
33.0,33,549.889029
35.0,35,549.935195
91.0,91,550.355782
13.0,13,550.371068
23.0,23,550.405555
23.0,23,550.441495
30.0,30,550.478229
13.0,13,550.497608
26.0,26,550.530759
28.0,28,550.567438
55.0,55,550.635079
30.0,30,550.67899
32.0,32,550.725092
20.0,20,550.754386
12.0,12,550.766328
16.0,16,550.78569
14.0,14,550.808922
17.0,17,550.835194
20.0,20,550.862711
14.0,14,550.879642
47.0,47,550.935604
14.0,14,550.957978
12.0,12,550.971001
18.0,18,550.991527
13.0,13,551.01292
12.0,12,551.028746
24.0,24,551.058128
10.0,10,551.069489
14.0,14,551.090713
11.0,11,551.101277
19.0,19,551.12652
51.0,51,551.194043
16.0,16,551.217275
15.0,15,551.237073
36.0,36,551.285085
31.0,31,551.330605
27.0,27,551.368608
13.0,13,551.384959
16.0,16,551.409424
17.0,17,551.437526
60.0,60,551.523478
20.0,20,551.547046
16.0,16,551.568004
39.0,39,551.611118
45.0,45,551.672721
30.0,30,551.707085
39.0,39,551.753694
51.0,51,551.819149
15.0,15,551.837323
13.0,13,551.854143
59.0,59,551.922247
12.0,12,551.936
13.0,13,551.956401
101.0,101,552.097685
17.0,17,552.118259
43.0,43,552.175872
91.0,91,552.29451
31.0,31,552.33213
11.0,11,552.346284
95.0,95,552.465134
12.0,12,552.485316
13.0,13,552.504437
11.0,11,552.518249
13.0,13,552.534291
44.0,44,552.599045
41.0,41,552.65952
17.0,17,552.682866
63.0,63,552.767188
17.0,17,552.798642
49.0,49,552.860061
14.0,14,552.879705
108.0,108,553.022836
14.0,14,553.04325
12.0,12,553.055453
11.0,11,553.066489
17.0,17,553.079329
11.0,11,553.091159
41.0,41,553.147644
29.0,29,553.181616
25.0,25,553.209099
23.0,23,553.244191
54.0,54,553.319561
12.0,12,553.337709
11.0,11,553.348701
14.0,14,553.370344
34.0,34,553.410569
15.0,15,553.438563
13.0,13,553.45706
16.0,16,553.478797
28.0,28,553.512478
56.0,56,553.586478
11.0,11,553.59942
13.0,13,553.618315
11.0,11,553.636355
19.0,19,553.657911
34.0,34,553.699382
36.0,36,553.741965
16.0,16,553.761387
10.0,10,553.774232
63.0,63,553.853623
37.0,37,553.896865
16.0,16,553.919305
13.0,13,553.936465
10.0,10,553.955732
55.0,55,554.036191
38.0,38,554.099718
14.0,14,554.119983
30.0,30,554.171923
13.0,13,554.196061
30.0,30,554.243104
14.0,14,554.267858
14.0,14,554.290262
28.0,28,554.336788
13.0,13,554.357025
32.0,32,554.411063
11.0,11,554.427462
22.0,22,554.458754
9.0,9,554.474509
10.0,10,554.489497
20.0,20,554.51951
14.0,14,554.543882
14.0,14,554.564911
53.0,53,554.64866
63.0,63,554.743252
59.0,59,554.835452
28.0,28,554.878918
15.0,15,554.901121
54.0,54,554.977675
18.0,18,555.007098
12.0,12,555.021151
12.0,12,555.036583
21.0,21,555.067592
63.0,63,555.158097
14.0,14,555.175444
47.0,47,555.238971
17.0,17,555.258844
69.0,69,555.359333
36.0,36,555.409372
11.0,11,555.423161
21.0,21,555.44776
13.0,13,555.466388
13.0,13,555.485103
76.0,76,555.578572
11.0,11,555.589104
12.0,12,555.611387
15.0,15,555.634193
12.0,12,555.654324
11.0,11,555.669433
20.0,20,555.70041
10.0,10,555.717546
16.0,16,555.737655
49.0,49,555.807999
16.0,16,555.832324
17.0,17,555.852657
65.0,65,555.933568
27.0,27,555.969251
12.0,12,555.992748
22.0,22,556.018667
20.0,20,556.047932
18.0,18,556.070643
17.0,17,556.094712
19.0,19,556.117105
13.0,13,556.133832
29.0,29,556.169442
36.0,36,556.218108
24.0,24,556.249564
13.0,13,556.270197
26.0,26,556.308938
33.0,33,556.362165
13.0,13,556.38489
14.0,14,556.400986
21.0,21,556.429191
35.0,35,556.471756
24.0,24,556.50216
14.0,14,556.522845
18.0,18,556.5431
45.0,45,556.602113
35.0,35,556.653485
22.0,22,556.680702
9.0,9,556.691556
46.0,46,556.755955
65.0,65,556.836667
33.0,33,556.879745
17.0,17,556.908133
12.0,12,556.931062
13.0,13,556.953353
12.0,12,556.96963
20.0,20,556.988943
12.0,12,557.011133
12.0,12,557.025768
10.0,10,557.039718
17.0,17,557.06703
13.0,13,557.087568
12.0,12,557.102059
91.0,91,557.207816
12.0,12,557.223173
50.0,50,557.296391
13.0,13,557.307712
35.0,35,557.345348
12.0,12,557.363093
14.0,14,557.382536
39.0,39,557.433998
37.0,37,557.475996
15.0,15,557.495949
11.0,11,557.513756
15.0,15,557.529123
56.0,56,557.609929
14.0,14,557.626495
16.0,16,557.651061
17.0,17,557.677246
44.0,44,557.745257
54.0,54,557.82326
32.0,32,557.870011
12.0,12,557.887903
21.0,21,557.914375
33.0,33,557.959075
22.0,22,557.99369
20.0,20,558.017669
16.0,16,558.037918
16.0,16,558.05776
11.0,11,558.07204
10.0,10,558.090807
12.0,12,558.105385
30.0,30,558.146152
15.0,15,558.16859
11.0,11,558.181862
35.0,35,558.234228
39.0,39,558.293133
14.0,14,558.317113
15.0,15,558.3411
16.0,16,558.363137
15.0,15,558.382158
31.0,31,558.431287
51.0,51,558.502969
31.0,31,558.545527
87.0,87,558.663435
14.0,14,558.687841
46.0,46,558.748792
12.0,12,558.764205
12.0,12,558.780144
38.0,38,558.837048
16.0,16,558.858217
30.0,30,558.901007
41.0,41,558.962001
14.0,14,558.987324
14.0,14,559.006618
37.0,37,559.064451
27.0,27,559.098134
12.0,12,559.12059
31.0,31,559.162039
14.0,14,559.182662
13.0,13,559.199163
51.0,51,559.277091
13.0,13,559.295041
12.0,12,559.309445
23.0,23,559.337757
15.0,15,559.35558
40.0,40,559.404233
11.0,11,559.415787
40.0,40,559.470213
59.0,59,559.560645
15.0,15,559.582251
29.0,29,559.619885
20.0,20,559.653319
12.0,12,559.669932
47.0,47,559.742098
18.0,18,559.761406
16.0,16,559.77858
13.0,13,559.797791
36.0,36,559.839292
10.0,10,559.854201
13.0,13,559.868393
15.0,15,559.892854
14.0,14,559.915877
67.0,67,559.997287
14.0,14,560.015756
65.0,65,560.100376
16.0,16,560.121156
109.0,109,560.27161
15.0,15,560.295889
12.0,12,560.317262
9.0,9,560.330213
18.0,18,560.359928
13.0,13,560.382005
13.0,13,560.403543
62.0,62,560.507554
12.0,12,560.527403
13.0,13,560.542525
21.0,21,560.579751
9.0,9,560.594302
17.0,17,560.618657
13.0,13,560.639215
16.0,16,560.664233
15.0,15,560.688296
61.0,61,560.780155
13.0,13,560.798734
27.0,27,560.845571
45.0,45,560.916274
69.0,69,561.024749
27.0,27,561.058941
55.0,55,561.1463
13.0,13,561.164487
15.0,15,561.188546
35.0,35,561.244416
12.0,12,561.267891
12.0,12,561.288448
13.0,13,561.306398
14.0,14,561.32711
13.0,13,561.345824
31.0,31,561.389334
52.0,52,561.461333
11.0,11,561.474732
31.0,31,561.518689
62.0,62,561.595869
13.0,13,561.610576
11.0,11,561.62332
27.0,27,561.661882
26.0,26,561.693568
15.0,15,561.71307
14.0,14,561.728137
20.0,20,561.757508
13.0,13,561.773918
22.0,22,561.805354
11.0,11,561.819209
14.0,14,561.838275
14.0,14,561.857471
13.0,13,561.873749
16.0,16,561.894058
12.0,12,561.91629
73.0,73,562.013484
24.0,24,562.043352
14.0,14,562.064768
52.0,52,562.148394
27.0,27,562.17944
74.0,74,562.277903
91.0,91,562.397038
14.0,14,562.41545
42.0,42,562.469236
19.0,19,562.488902
16.0,16,562.50769
10.0,10,562.527707
11.0,11,562.541817
15.0,15,562.557178
58.0,58,562.636684
19.0,19,562.667164
36.0,36,562.715821
11.0,11,562.730175
15.0,15,562.752267
13.0,13,562.76852
27.0,27,562.794053
25.0,25,562.821273
14.0,14,562.842854
12.0,12,562.860939
11.0,11,562.875752
42.0,42,562.92154
14.0,14,562.943597
27.0,27,562.980924
13.0,13,562.998043
43.0,43,563.046307
16.0,16,563.065681
10.0,10,563.081893
16.0,16,563.100319
14.0,14,563.115083
16.0,16,563.136249
35.0,35,563.185854
15.0,15,563.206044
21.0,21,563.230862
10.0,10,563.245547
30.0,30,563.290988
13.0,13,563.305987
18.0,18,563.332113
38.0,38,563.379468
17.0,17,563.409944
40.0,40,563.465976
32.0,32,563.502013
41.0,41,563.556937
10.0,10,563.571372
10.0,10,563.584449
51.0,51,563.650713
17.0,17,563.673254
14.0,14,563.694103
15.0,15,563.71643
11.0,11,563.730339
33.0,33,563.772669
11.0,11,563.790603
15.0,15,563.808812
16.0,16,563.828437
42.0,42,563.880272
11.0,11,563.897511
55.0,55,563.977196
12.0,12,563.993229
49.0,49,564.296651
53.0,53,564.364992
13.0,13,564.384236
92.0,92,564.510891
12.0,12,564.525621
15.0,15,564.549315
11.0,11,564.564737
61.0,61,564.654979
17.0,17,564.677062
48.0,48,564.751105
88.0,88,564.866449
35.0,35,564.915873
21.0,21,564.942466
92.0,92,565.067804
60.0,60,565.145862
29.0,29,565.185464
42.0,42,565.247552
38.0,38,565.300605
36.0,36,565.353468
15.0,15,565.37093
15.0,15,565.393733
49.0,49,565.460063
40.0,40,565.506196
33.0,33,565.552632
14.0,14,565.566819
13.0,13,565.585977
17.0,17,565.612751
25.0,25,565.642407
50.0,50,565.686859
13.0,13,565.707221
46.0,46,565.76692
16.0,16,565.78598
11.0,11,565.799607
11.0,11,565.818638
22.0,22,565.849785
26.0,26,565.883725
22.0,22,565.91472
13.0,13,565.939742
10.0,10,565.955976
31.0,31,565.995572
22.0,22,566.025284
15.0,15,566.050028
58.0,58,566.125287
13.0,13,566.146665
30.0,30,566.183849
28.0,28,566.219851
39.0,39,566.27494
14.0,14,566.289961
13.0,13,566.308053
60.0,60,566.386213
55.0,55,566.454877
15.0,15,566.468307
22.0,22,566.494503
12.0,12,566.512499
63.0,63,566.599464
22.0,22,566.634244
13.0,13,566.648459
17.0,17,566.680312
10.0,10,566.69814
55.0,55,566.790876
16.0,16,566.815633
12.0,12,566.838673
46.0,46,566.912775
58.0,58,567.000565
17.0,17,567.024799
17.0,17,567.053115
59.0,59,567.151637
16.0,16,567.174825
48.0,48,567.257464
63.0,63,567.363401
43.0,43,567.427298
14.0,14,567.451843
14.0,14,567.469724
12.0,12,567.486989
40.0,40,567.551935
40.0,40,567.623721
49.0,49,567.700646
10.0,10,567.715075
13.0,13,567.730507
58.0,58,567.811943
10.0,10,567.823495
39.0,39,567.87352
17.0,17,567.890654
17.0,17,567.916905
48.0,48,567.974821
13.0,13,567.99344
24.0,24,568.026038
16.0,16,568.044564
16.0,16,568.062843
37.0,37,568.107108
14.0,14,568.128802
32.0,32,568.164863
32.0,32,568.205015
47.0,47,568.267117
12.0,12,568.280725
22.0,22,568.309707
35.0,35,568.361422
19.0,19,568.387116
72.0,72,568.488192
14.0,14,568.50725
49.0,49,568.567774
12.0,12,568.587019
37.0,37,568.636886
44.0,44,568.694253
16.0,16,568.711847
60.0,60,568.793627
15.0,15,568.811126
13.0,13,568.824703
51.0,51,568.896175
12.0,12,568.915315
61.0,61,569.000613
14.0,14,569.025422
64.0,64,569.110665
58.0,58,569.195725
13.0,13,569.215008
15.0,15,569.233598
55.0,55,569.307081
42.0,42,569.363803
18.0,18,569.382732
51.0,51,569.445404
34.0,34,569.490573
18.0,18,569.518164
33.0,33,569.564385
14.0,14,569.588614
14.0,14,569.605042
30.0,30,569.646147
64.0,64,569.737244
32.0,32,569.782041
53.0,53,569.856864
32.0,32,569.901404
13.0,13,569.915766
37.0,37,569.959373
16.0,16,569.979624
10.0,10,570.00436
13.0,13,570.019212
29.0,29,570.050427
18.0,18,570.074029
48.0,48,570.141523
67.0,67,570.225752
30.0,30,570.260504
18.0,18,570.28116
37.0,37,570.339278
15.0,15,570.361421
61.0,61,570.44204
35.0,35,570.495507
10.0,10,570.512446
12.0,12,570.526756
12.0,12,570.539809
20.0,20,570.562027
13.0,13,570.579781
15.0,15,570.594873
41.0,41,570.644672
10.0,10,570.660864
67.0,67,570.746113
50.0,50,570.805671
15.0,15,570.826116
27.0,27,570.860206
36.0,36,570.905692
57.0,57,570.982052
72.0,72,571.081217
13.0,13,571.095742
44.0,44,571.159855
32.0,32,571.19906
12.0,12,571.214037
30.0,30,571.254307
17.0,17,571.27565
14.0,14,571.289536
42.0,42,571.351775
13.0,13,571.365479
12.0,12,571.383677
40.0,40,571.433566
40.0,40,571.490809
59.0,59,571.57171
43.0,43,571.640631
16.0,16,571.663765
11.0,11,571.675925
15.0,15,571.69966
67.0,67,571.803742
13.0,13,571.821166
48.0,48,571.880976
11.0,11,571.892756
15.0,15,571.909354
33.0,33,571.947016
11.0,11,571.967919
15.0,15,571.985924
13.0,13,572.007047
14.0,14,572.021435
12.0,12,572.0329
14.0,14,572.04943
15.0,15,572.071297
12.0,12,572.084977
30.0,30,572.121249
12.0,12,572.135198
31.0,31,572.180232
13.0,13,572.197194
41.0,41,572.247461
17.0,17,572.265375
41.0,41,572.335772
12.0,12,572.350911
51.0,51,572.416412
23.0,23,572.446573
54.0,54,572.52579
13.0,13,572.541538
35.0,35,572.591711
37.0,37,572.635754
14.0,14,572.657848
33.0,33,572.707642
35.0,35,572.749162
24.0,24,572.778135
90.0,90,572.900565
42.0,42,572.94029
15.0,15,572.958847
34.0,34,573.011499
35.0,35,573.065382
45.0,45,573.136307
18.0,18,573.162138
20.0,20,573.191922
64.0,64,573.295137
46.0,46,573.372286
38.0,38,573.432657
85.0,85,573.57081
81.0,81,573.713531
20.0,20,573.746935
69.0,69,573.856541
27.0,27,573.897833
15.0,15,573.922405
25.0,25,573.966743
13.0,13,573.984857
10.0,10,573.99951
42.0,42,574.074593
73.0,73,574.188575
58.0,58,574.272802
33.0,33,574.31205
80.0,80,574.421652
76.0,76,574.521501
55.0,55,574.589024
15.0,15,574.603713
21.0,21,574.634959
37.0,37,574.681193
13.0,13,574.695208
17.0,17,574.714231
61.0,61,574.806902
32.0,32,574.853159
53.0,53,574.931653
35.0,35,574.976543
15.0,15,574.994875
81.0,81,575.105662
37.0,37,575.147501
38.0,38,575.198116
65.0,65,575.285192
58.0,58,575.337559
43.0,43,575.393994
39.0,39,575.44996
83.0,83,575.564458
45.0,45,575.626182
17.0,17,575.642267
35.0,35,575.683384
40.0,40,575.738446
68.0,68,575.823542
97.0,97,575.937267
83.0,83,576.034401
37.0,37,576.08579
27.0,27,576.123505
42.0,42,576.172897
22.0,22,576.202424
17.0,17,576.227382
19.0,19,576.247652
14.0,14,576.262064
53.0,53,576.328389
37.0,37,576.371462
15.0,15,576.386134
75.0,75,576.480996
12.0,12,576.494518
19.0,19,576.516159
16.0,16,576.539583
62.0,62,576.616988
114.0,114,576.786576
14.0,14,576.809226
18.0,18,576.835905
89.0,89,576.954487
36.0,36,576.999262
16.0,16,577.022226
55.0,55,577.097231
31.0,31,577.141322
76.0,76,577.235717
20.0,20,577.266359
39.0,39,577.311524
67.0,67,577.410945
60.0,60,577.493213
21.0,21,577.527092
15.0,15,577.546482
93.0,93,577.673234
88.0,88,577.794633
60.0,60,577.879655
44.0,44,577.930442
11.0,11,577.945392
34.0,34,578.267565
109.0,109,578.414815
89.0,89,578.518791
103.0,103,578.645585
48.0,48,578.717579
45.0,45,578.780107
34.0,34,578.82455
19.0,19,578.85057
70.0,70,578.939196
14.0,14,578.958293
41.0,41,579.018143
55.0,55,579.085141
71.0,71,579.178153
74.0,74,579.277753
66.0,66,579.365983
90.0,90,579.507433
97.0,97,579.661089
51.0,51,579.74201
61.0,61,579.830285
128.0,128,580.026711
26.0,26,580.066276
40.0,40,580.135943
158.0,158,580.386448
57.0,57,580.479949
82.0,82,580.587023
89.0,89,580.702389
118.0,118,580.842168
78.0,78,580.938717
101.0,101,581.071131
75.0,75,581.177564
91.0,91,581.306122
57.0,57,581.366375
80.0,80,581.468861
97.0,97,581.589357
49.0,49,581.656487
83.0,83,581.7682
165.0,165,582.000644
90.0,90,582.120214
81.0,81,582.219757
125.0,125,582.366594
124.0,124,582.532213
132.0,132,582.699546
70.0,70,582.790809
36.0,36,582.833407
42.0,42,582.881597
112.0,112,583.026594
14.0,14,583.051224
50.0,50,583.119256
53.0,53,583.184166
18.0,18,583.207945
135.0,135,583.379743
28.0,28,583.414485
40.0,40,583.465056
85.0,85,583.568746
19.0,19,583.59394
36.0,36,583.635732
18.0,18,583.651206
88.0,88,583.775307
47.0,47,583.83993
18.0,18,583.871447
65.0,65,583.947788
29.0,29,583.987501
20.0,20,584.009237
60.0,60,584.085335
45.0,45,584.140347
56.0,56,584.215101
22.0,22,584.235341
57.0,57,584.307668
74.0,74,584.41522
50.0,50,584.484689
51.0,51,584.563094
55.0,55,584.636268
187.0,187,584.871328
26.0,26,584.912565
128.0,128,585.091006
106.0,106,585.237143
95.0,95,585.359707
48.0,48,585.415032
63.0,63,585.497697
40.0,40,585.548435
78.0,78,585.65122
158.0,158,585.9113
86.0,86,586.052989
106.0,106,586.231037
50.0,50,586.309355
31.0,31,586.362475
51.0,51,586.440255
79.0,79,586.572817
110.0,110,586.741858
39.0,39,586.801809
17.0,17,586.827076
37.0,37,586.874599
57.0,57,586.95233
79.0,79,587.050282
107.0,107,587.19594
174.0,174,587.42432
92.0,92,587.548544
30.0,30,587.585936
19.0,19,587.61117
219.0,219,587.883724
62.0,62,587.958653
80.0,80,588.068462
33.0,33,588.108898
67.0,67,588.203448
155.0,155,588.404032
116.0,116,588.54787
24.0,24,588.575105
20.0,20,588.597997
220.0,220,588.887897
16.0,16,588.910559
32.0,32,588.949188
45.0,45,589.004905
65.0,65,589.087401
41.0,41,589.145525
33.0,33,589.184148
38.0,38,589.230763
12.0,12,589.246098
28.0,28,589.284551
38.0,38,589.339994
28.0,28,589.377789
16.0,16,589.39815
12.0,12,589.422331
37.0,37,589.476618
24.0,24,589.509562
12.0,12,589.521092
19.0,19,589.550042
31.0,31,589.588645
33.0,33,589.626607
27.0,27,589.66518
22.0,22,589.699061
107.0,107,589.831134
15.0,15,589.849228
28.0,28,589.884744
50.0,50,589.946387
11.0,11,589.9647
156.0,156,590.20259
95.0,95,590.320884
10.0,10,590.336375
26.0,26,590.360743
24.0,24,590.384821
43.0,43,590.418757
19.0,19,590.438691
32.0,32,590.464649
38.0,38,590.499678
52.0,52,590.542486
98.0,98,590.641326
16.0,16,590.656338
12.0,12,590.666945
19.0,19,590.689565
71.0,71,590.761604
68.0,68,590.825579
15.0,15,590.837642
183.0,183,591.004127
31.0,31,591.032154
18.0,18,591.046631
205.0,205,591.225698
14.0,14,591.237031
21.0,21,591.258768
12.0,12,591.272138
30.0,30,591.30191
22.0,22,591.532015
19.0,19,591.555065
42.0,42,591.608137
13.0,13,591.62243
13.0,13,591.637653
22.0,22,591.668262
20.0,20,591.688277
12.0,12,591.702107
13.0,13,591.720064
10.0,10,591.731843
13.0,13,591.749273
11.0,11,591.759264
14.0,14,591.777191
14.0,14,591.799256
19.0,19,591.83183
48.0,48,591.905087
26.0,26,591.947264
12.0,12,591.969468
37.0,37,592.029543
27.0,27,592.073831
14.0,14,592.093243
23.0,23,592.136132
14.0,14,592.154503
11.0,11,592.173565
11.0,11,592.19009
28.0,28,592.238392
15.0,15,592.266999
11.0,11,592.280713
34.0,34,592.337669
12.0,12,592.359457
13.0,13,592.377799
32.0,32,592.430963
20.0,20,592.461602
10.0,10,592.482834
29.0,29,592.531036
26.0,26,592.57073
17.0,17,592.601372
10.0,10,592.618014
27.0,27,592.659484
14.0,14,592.678755
12.0,12,592.694815
11.0,11,592.715185
15.0,15,592.741242
20.0,20,592.773541
15.0,15,592.799871
60.0,60,592.895379
44.0,44,592.952637
17.0,17,592.972413
24.0,24,592.999352
18.0,18,593.021676
13.0,13,593.037783
15.0,15,593.054514
15.0,15,593.071633
15.0,15,593.09132
12.0,12,593.105327
12.0,12,593.11995
10.0,10,593.130625
53.0,53,593.199634
65.0,65,593.281234
10.0,10,593.291074
11.0,11,593.304195
32.0,32,593.343206
38.0,38,593.392857
18.0,18,593.413134
15.0,15,593.431528
15.0,15,593.453964
10.0,10,593.464067
30.0,30,593.499395
13.0,13,593.512049
47.0,47,593.571705
92.0,92,593.688431
32.0,32,593.731732
27.0,27,593.766449
22.0,22,593.801113
18.0,18,593.823118
14.0,14,593.841586
11.0,11,593.86124
14.0,14,593.881189
13.0,13,593.894502
47.0,47,593.95795
51.0,51,594.028589
86.0,86,594.146358
22.0,22,594.178879
26.0,26,594.213302
67.0,67,594.310331
15.0,15,594.335433
53.0,53,594.409685
10.0,10,594.424518
16.0,16,594.445216
14.0,14,594.465117
14.0,14,594.488493
75.0,75,594.58914
59.0,59,594.657021
36.0,36,594.706852
31.0,31,594.744504
15.0,15,594.763978
11.0,11,594.775053
16.0,16,594.800675
18.0,18,594.822523
23.0,23,594.852749
88.0,88,594.964175
19.0,19,594.99203
36.0,36,595.036422
13.0,13,595.054568
16.0,16,595.0737
14.0,14,595.096438
11.0,11,595.111892
23.0,23,595.142452
57.0,57,595.208275
22.0,22,595.23696
10.0,10,595.251562
29.0,29,595.286269
17.0,17,595.308405
14.0,14,595.331072
15.0,15,595.351958
84.0,84,595.460216
31.0,31,595.497346
14.0,14,595.523795
14.0,14,595.538225
14.0,14,595.557532
33.0,33,595.593076
14.0,14,595.618645
27.0,27,595.652847
13.0,13,595.672208
52.0,52,595.73405
11.0,11,595.746995
20.0,20,595.770075
27.0,27,595.804864
9.0,9,595.813537
10.0,10,595.834285
15.0,15,595.853138
86.0,86,595.963401
46.0,46,596.027669
14.0,14,596.046009
15.0,15,596.068835
85.0,85,596.200036
88.0,88,596.342061
37.0,37,596.402867
64.0,64,596.509788
101.0,101,596.67956
40.0,40,596.738248
20.0,20,596.777196
67.0,67,596.884142
14.0,14,596.907759
23.0,23,596.945632
89.0,89,597.090811
9.0,9,597.102672
94.0,94,597.254448
25.0,25,597.296076
15.0,15,597.322904
38.0,38,597.383402
22.0,22,597.420071
28.0,28,597.460009
98.0,98,597.622637
93.0,93,597.777164
51.0,51,597.867279
35.0,35,597.928083
14.0,14,597.953943
29.0,29,598.005591
33.0,33,598.057129
19.0,19,598.090392
13.0,13,598.116843
14.0,14,598.13817
29.0,29,598.186423
15.0,15,598.206294
16.0,16,598.238529
15.0,15,598.262233
27.0,27,598.307829
92.0,92,598.471026
96.0,96,598.642469
12.0,12,598.660838
41.0,41,598.723966
95.0,95,598.86914
15.0,15,598.888514
17.0,17,598.908106
20.0,20,598.93277
84.0,84,599.036872
91.0,91,599.15907
15.0,15,599.176333
98.0,98,599.313538
63.0,63,599.412986
92.0,92,599.574875
35.0,35,599.626457
13.0,13,599.647054
12.0,12,599.6642
58.0,58,599.760555
96.0,96,599.918012
33.0,33,599.955172
29.0,29,599.996256
62.0,62,600.072114
19.0,19,600.103379
13.0,13,600.12189
8.0,8,600.13369
43.0,43,600.210578
13.0,13,600.2278
37.0,37,600.291322
15.0,15,600.321568
16.0,16,600.352654
31.0,31,600.394291
12.0,12,600.416873
99.0,99,600.583914
118.0,118,600.771641
15.0,15,600.797455
15.0,15,600.825624
19.0,19,600.854969
65.0,65,600.96258
13.0,13,600.980134
14.0,14,600.998628
99.0,99,601.163594
27.0,27,601.211389
17.0,17,601.242173
17.0,17,601.265381
23.0,23,601.299222
95.0,95,601.46945
13.0,13,601.488439
15.0,15,601.514129
15.0,15,601.539572
91.0,91,601.702295
43.0,43,601.779888
96.0,96,601.944527
48.0,48,602.028447
95.0,95,602.195233
14.0,14,602.21524
92.0,92,602.374857
10.0,10,602.393208
15.0,15,602.423209
16.0,16,602.448306
103.0,103,602.616983
27.0,27,602.659195
39.0,39,602.730225
104.0,104,602.900885
13.0,13,602.925436
14.0,14,602.950263
35.0,35,603.005938
16.0,16,603.034474
17.0,17,603.064156
33.0,33,603.118409
20.0,20,603.154377
19.0,19,603.185667
25.0,25,603.227998
50.0,50,603.307537
37.0,37,603.376452
30.0,30,603.423147
22.0,22,603.465816
13.0,13,603.486453
12.0,12,603.509762
17.0,17,603.542374
30.0,30,603.592334
93.0,93,603.752088
95.0,95,603.919639
98.0,98,604.080864
47.0,47,604.17114
21.0,21,604.205288
99.0,99,604.380273
55.0,55,604.481218
26.0,26,604.522974
99.0,99,604.698512
30.0,30,604.751173
15.0,15,604.776835
20.0,20,604.814003
15.0,15,604.840266
44.0,44,604.920992
42.0,42,604.99374
98.0,98,605.162046
13.0,13,605.183761
47.0,47,605.269897
44.0,44,605.344262
30.0,30,605.390984
22.0,22,605.431657
44.0,44,605.513273
14.0,14,605.536374
33.0,33,605.589908
13.0,13,605.614503
22.0,22,605.652587
58.0,58,605.751299
87.0,87,605.89793
17.0,17,605.928495
26.0,26,605.971614
55.0,55,606.058301
79.0,79,606.190933
96.0,96,606.34639
50.0,50,606.431349
14.0,14,606.458842
44.0,44,606.535045
99.0,99,606.708269
30.0,30,606.762723
56.0,56,606.854206
78.0,78,606.990992
76.0,76,607.125594
94.0,94,607.651522
24.0,24,607.69538
65.0,65,607.802418
96.0,96,607.959832
61.0,61,608.068828
43.0,43,608.138495
104.0,104,608.318248
34.0,34,608.374235
25.0,25,608.417121
77.0,77,608.543492
68.0,68,608.657126
60.0,60,608.759434
22.0,22,608.802026
99.0,99,608.965968
77.0,77,609.085567
116.0,116,609.286523
29.0,29,609.336724
41.0,41,609.408936
37.0,37,609.473753
33.0,33,609.527144
35.0,35,609.591388
35.0,35,609.639647
109.0,109,609.819607
69.0,69,609.929162
123.0,123,610.13193
56.0,56,610.218521
38.0,38,610.274096
46.0,46,610.352774
38.0,38,610.418484
42.0,42,610.485461
103.0,103,610.659546
73.0,73,610.784341
46.0,46,610.863045
126.0,126,611.079775
51.0,51,611.161812
70.0,70,611.275589
52.0,52,611.369411
46.0,46,611.448181
54.0,54,611.536501
41.0,41,611.603468
59.0,59,611.707642
55.0,55,611.802202
53.0,53,611.891567
133.0,133,612.119367
321.0,321,612.642686
89.0,89,612.794008
36.0,36,612.851487
90.0,90,613.00524
44.0,44,613.077908
77.0,77,613.209467
67.0,67,613.32469
46.0,46,613.394123
48.0,48,613.474106
76.0,76,613.59205
50.0,50,613.675967
101.0,101,613.855214
63.0,63,613.972107
41.0,41,614.04621
68.0,68,614.163281
73.0,73,614.292209
45.0,45,614.373
76.0,76,614.503038
56.0,56,614.599489
50.0,50,614.682566
68.0,68,614.80261
107.0,107,614.984759
59.0,59,615.080973
76.0,76,615.212301
51.0,51,615.30478
43.0,43,615.371476
76.0,76,615.499665
55.0,55,615.590891
111.0,111,615.785101
102.0,102,615.960707
12.0,12,615.981093
69.0,69,616.101479
96.0,96,616.275253
114.0,114,616.47467
149.0,149,616.730259
56.0,56,616.826336
65.0,65,616.952055
500.0,500,617.810074
500.0,500,618.645199
500.0,500,619.473888
500.0,500,620.290938
500.0,500,621.136448
500.0,500,621.984226
158.0,158,622.239515
206.0,206,622.574227
500.0,500,623.379004
316.0,316,623.888931
376.0,376,625.393747
500.0,500,626.161736
500.0,500,626.97748
137.0,137,627.197327
359.0,359,627.782082
308.0,308,628.284207
253.0,253,628.675146
269.0,269,629.107264
208.0,208,629.435061
219.0,219,629.786553
197.0,197,630.104373
224.0,224,630.462881
37.0,37,630.519801
195.0,195,630.841279
151.0,151,631.090626
209.0,209,631.424858
196.0,196,631.7525
190.0,190,632.082302
183.0,183,632.383175
172.0,172,632.67614
223.0,223,633.06232
227.0,227,633.458114
218.0,218,633.832556
234.0,234,634.237683
182.0,182,634.539657
110.0,110,634.733716
135.0,135,634.958082
236.0,236,635.356846
221.0,221,635.722974
227.0,227,636.099343
231.0,231,636.476249
235.0,235,636.857276
17.0,17,636.885998
169.0,169,637.159042
222.0,222,637.517253
231.0,231,637.884321
211.0,211,638.208971
229.0,229,638.580952
203.0,203,638.919054
167.0,167,639.197947
88.0,88,639.344461
76.0,76,639.470318
13.0,13,639.493493
255.0,255,639.903893
210.0,210,640.257595
217.0,217,640.634244
208.0,208,640.990863
212.0,212,641.36064
228.0,228,642.542869
205.0,205,642.885654
99.0,99,643.049559
234.0,234,643.432107
155.0,155,643.669153
213.0,213,644.008434
211.0,211,644.341826
176.0,176,644.618701
15.0,15,644.641609
210.0,210,645.002065
121.0,121,645.211167
202.0,202,645.558463
228.0,228,645.925404
164.0,164,646.199359
225.0,225,646.591203
100.0,100,646.759337
148.0,148,647.011978
223.0,223,647.398989
72.0,72,647.527364
157.0,157,647.805042
211.0,211,648.17483
213.0,213,648.553452
233.0,233,648.926708
214.0,214,649.262856
233.0,233,649.561849
172.0,172,649.795084
226.0,226,650.098686
225.0,225,650.392828
220.0,220,650.699097
234.0,234,651.015249
104.0,104,651.168313
175.0,175,651.402082
206.0,206,651.660173
217.0,217,651.967504
216.0,216,652.217292
185.0,185,652.486401
154.0,154,652.693584
219.0,219,653.004678
106.0,106,653.156801
158.0,158,653.344822
232.0,232,653.644786
40.0,40,653.706642
153.0,153,653.914868
123.0,123,654.091939
46.0,46,654.152429
178.0,178,654.448809
41.0,41,654.513058
112.0,112,654.704962
212.0,212,655.058915
176.0,176,655.346581
150.0,150,655.55597
225.0,225,655.854488
81.0,81,655.973802
34.0,34,656.022139
106.0,106,656.162146
161.0,161,656.372675
47.0,47,656.431144
200.0,200,656.705474
100.0,100,656.840886
43.0,43,656.896694
85.0,85,657.005229
204.0,204,657.255237
198.0,198,657.953309
192.0,192,658.20425
109.0,109,658.344345
55.0,55,658.419528
64.0,64,658.508181
66.0,66,658.605926
39.0,39,658.662853
49.0,49,658.732753
42.0,42,658.787574
108.0,108,658.931708
98.0,98,659.0622
45.0,45,659.128151
58.0,58,659.220719
252.0,252,659.542762
56.0,56,659.613862
149.0,149,659.807616
17.0,17,659.831416
60.0,60,659.916207
500.0,500,660.651465
48.0,48,660.732521
113.0,113,660.916843
17.0,17,660.943979
54.0,54,661.032144
87.0,87,661.178747
500.0,500,661.904755
102.0,102,662.024508
500.0,500,662.703413
500.0,500,663.365095
500.0,500,664.030835
65.0,65,664.130168
500.0,500,664.687101
500.0,500,665.192348
500.0,500,665.765125
53.0,53,665.841815
500.0,500,666.558098
256.0,256,667.007454
438.0,438,667.735244
500.0,500,668.412544
500.0,500,669.096861
424.0,424,669.692722
500.0,500,670.37875
500.0,500,671.066042
143.0,143,671.259912
12.0,12,671.279665
398.0,398,672.580472
500.0,500,673.369556
244.0,244,673.776516
11.0,11,673.803312
37.0,37,673.856162
231.0,231,674.17662
500.0,500,674.859583
500.0,500,675.534696
256.0,256,675.911143
86.0,86,676.02136
11.0,11,676.03579
76.0,76,676.143456
92.0,92,676.248821
500.0,500,676.943405
500.0,500,677.624515
500.0,500,678.330079
227.0,227,678.630313
11.0,11,678.644694
500.0,500,679.396316
500.0,500,680.222843
500.0,500,680.900578
288.0,288,681.27748
285.0,285,681.697894
231.0,231,682.011677
153.0,153,682.230224
146.0,146,682.419258
128.0,128,682.589147
140.0,140,682.786745
9.0,9,682.798212
190.0,190,683.036748
137.0,137,683.216064
143.0,143,683.434563
147.0,147,683.63787
42.0,42,683.691093
130.0,130,683.872421
141.0,141,684.091953
130.0,130,684.261805
136.0,136,684.445076
130.0,130,684.641574
101.0,101,684.792824
131.0,131,684.975032
41.0,41,685.028764
128.0,128,685.208117
127.0,127,685.418008
38.0,38,685.478745
12.0,12,685.497299
56.0,56,685.599194
99.0,99,685.762634
125.0,125,685.972208
55.0,55,686.060069
48.0,48,686.138565
32.0,32,686.199852
50.0,50,686.280859
52.0,52,686.35951
34.0,34,686.409909
70.0,70,686.505355
56.0,56,686.878352
44.0,44,686.944888
14.0,14,686.961993
99.0,99,687.105357
83.0,83,687.227973
54.0,54,687.295278
15.0,15,687.315366
30.0,30,687.360569
69.0,69,687.454656
70.0,70,687.559586
138.0,138,687.76052
54.0,54,687.829564
82.0,82,687.94205
58.0,58,688.01983
90.0,90,688.142463
48.0,48,688.222834
47.0,47,688.288699
69.0,69,688.408815
41.0,41,688.463912
96.0,96,688.606821
107.0,107,688.742191
34.0,34,688.78977
51.0,51,688.858685
34.0,34,688.915882
46.0,46,688.992267
38.0,38,689.050423
71.0,71,689.146549
28.0,28,689.186491
41.0,41,689.246096
62.0,62,689.328617
58.0,58,689.406694
37.0,37,689.461755
93.0,93,689.602371
44.0,44,689.667045
62.0,62,689.749515
95.0,95,689.882625
30.0,30,689.926145
37.0,37,689.973861
49.0,49,690.041591
52.0,52,690.108596
12.0,12,690.127557
40.0,40,690.187502
76.0,76,690.298501
33.0,33,690.346692
31.0,31,690.386306
72.0,72,690.495194
89.0,89,690.615223
31.0,31,690.664791
54.0,54,690.737997
34.0,34,690.794311
42.0,42,690.864241
13.0,13,690.887688
91.0,91,691.017362
94.0,94,691.151835
52.0,52,691.223779
25.0,25,691.264566
20.0,20,691.292844
65.0,65,691.390109
55.0,55,691.488061
72.0,72,691.603533
99.0,99,691.77175
28.0,28,691.823825
63.0,63,691.924355
37.0,37,691.989548
49.0,49,692.070099
54.0,54,692.160515
80.0,80,692.302577
53.0,53,692.393351
32.0,32,692.450864
213.0,213,692.747221
241.0,241,693.075879
61.0,61,693.166246
132.0,132,693.360528
28.0,28,693.394414
40.0,40,693.443804
67.0,67,693.548085
29.0,29,693.587694
248.0,248,693.950305
86.0,86,694.064264
45.0,45,694.128541
40.0,40,694.184091
64.0,64,694.272891
17.0,17,694.292803
189.0,189,694.560871
29.0,29,694.608674
29.0,29,694.650722
92.0,92,694.786184
102.0,102,694.924861
37.0,37,694.959342
192.0,192,695.236329
122.0,122,695.395897
35.0,35,695.451812
32.0,32,695.492022
37.0,37,695.539639
185.0,185,695.781964
87.0,87,695.904406
177.0,177,696.133316
39.0,39,696.184395
128.0,128,696.341203
172.0,172,696.591561
65.0,65,696.679107
116.0,116,696.830686
68.0,68,696.918651
164.0,164,697.153954
141.0,141,697.335441
500.0,500,698.108737
165.0,165,698.395165
500.0,500,699.191634
110.0,110,699.329463
63.0,63,699.424899
55.0,55,699.505598
103.0,103,699.656869
42.0,42,699.713207
500.0,500,700.409389
31.0,31,700.446637
500.0,500,701.147225
59.0,59,701.227674
121.0,121,701.957537
52.0,52,702.026776
122.0,122,702.194686
99.0,99,702.33017
36.0,36,702.376315
40.0,40,702.421884
51.0,51,702.496442
74.0,74,702.594849
35.0,35,702.646589
140.0,140,702.834571
34.0,34,702.880793
103.0,103,703.011507
25.0,25,703.040865
36.0,36,703.08836
55.0,55,703.173483
51.0,51,703.25301
28.0,28,703.301926
32.0,32,703.341588
100.0,100,703.484893
70.0,70,703.583418
71.0,71,703.672752
46.0,46,703.73843
74.0,74,703.861142
33.0,33,703.915918
99.0,99,704.082319
29.0,29,704.134214
76.0,76,704.268011
55.0,55,704.365099
76.0,76,704.499651
59.0,59,704.604582
105.0,105,704.7938
28.0,28,704.845022
91.0,91,704.991786
39.0,39,705.053653
30.0,30,705.094998
103.0,103,705.248271
101.0,101,705.376261
48.0,48,705.452952
92.0,92,705.590076
95.0,95,705.720153
32.0,32,705.766139
50.0,50,705.835034
35.0,35,705.886582
30.0,30,705.926972
123.0,123,706.096416
40.0,40,706.157174
33.0,33,706.213858
31.0,31,706.258928
63.0,63,706.348287
46.0,46,706.41425
50.0,50,706.481631
39.0,39,706.529392
34.0,34,706.578139
101.0,101,706.722801
95.0,95,706.861003
36.0,36,706.910413
39.0,39,706.959646
50.0,50,707.029459
112.0,112,707.186597
97.0,97,707.325691
60.0,60,707.419129
29.0,29,707.462293
19.0,19,707.494409
70.0,70,707.583879
87.0,87,707.703991
32.0,32,707.748322
36.0,36,707.798145
100.0,100,707.933864
28.0,28,707.972237
93.0,93,708.108653
36.0,36,708.161595
26.0,26,708.194883
10.0,10,708.203169
97.0,97,708.347806
44.0,44,708.408869
99.0,99,708.551567
93.0,93,708.693638
88.0,88,708.809771
95.0,95,708.937721
27.0,27,708.978514
97.0,97,709.101238
50.0,50,709.167645
92.0,92,709.312399
40.0,40,709.371451
96.0,96,709.49417
95.0,95,709.61924
98.0,98,709.752517
39.0,39,709.806265
58.0,58,709.889884
35.0,35,709.945301
45.0,45,710.018573
97.0,97,710.182412
93.0,93,710.339089
89.0,89,710.49318
57.0,57,710.586067
39.0,39,710.656502
64.0,64,710.765031
22.0,22,710.807751
29.0,29,710.857684
32.0,32,710.896931
39.0,39,710.94615
98.0,98,711.078865
25.0,25,711.11719
96.0,96,711.245287
27.0,27,711.282377
102.0,102,711.408203
41.0,41,711.45304
50.0,50,711.498015
27.0,27,711.523322
45.0,45,711.566425
27.0,27,711.593348
40.0,40,711.627368
40.0,40,711.663433
43.0,43,711.703844
38.0,38,711.744117
98.0,98,711.842382
27.0,27,711.86831
24.0,24,711.890368
32.0,32,711.922815
38.0,38,711.960717
39.0,39,711.998304
23.0,23,712.020208
75.0,75,712.099195
46.0,46,712.142872
85.0,85,712.225411
32.0,32,712.258235
19.0,19,712.279948
49.0,49,712.32612
37.0,37,712.363699
35.0,35,712.397796
76.0,76,712.469639
29.0,29,712.493129
110.0,110,712.621892
53.0,53,712.696633
37.0,37,712.745685
32.0,32,712.788831
102.0,102,712.924668
53.0,53,712.997903
31.0,31,713.043417
72.0,72,713.138411
119.0,119,713.292231
93.0,93,713.41783
115.0,115,713.572584
46.0,46,713.627713
63.0,63,713.714557
97.0,97,713.844725
49.0,49,713.91236
39.0,39,713.962088
23.0,23,713.991454
63.0,63,714.074001
95.0,95,714.196974
53.0,53,714.269625
42.0,42,714.322915
98.0,98,714.444858
101.0,101,714.581641
101.0,101,714.715751
40.0,40,714.76822
22.0,22,714.797527
97.0,97,714.939221
80.0,80,715.053449
47.0,47,715.115613
91.0,91,715.228695
125.0,125,715.396165
26.0,26,715.427535
107.0,107,715.567732
41.0,41,715.898973
57.0,57,715.980975
96.0,96,716.125414
79.0,79,716.228342
81.0,81,716.330176
91.0,91,716.461269
18.0,18,716.490568
58.0,58,716.566645
56.0,56,716.639498
93.0,93,716.763149
60.0,60,716.848854
93.0,93,716.977335
29.0,29,717.018881
71.0,71,717.114445
25.0,25,717.147429
99.0,99,717.287766
32.0,32,717.333813
112.0,112,717.493934
147.0,147,717.707337
49.0,49,717.777386
77.0,77,717.882741
74.0,74,717.9789
50.0,50,718.049183
123.0,123,718.213102
98.0,98,718.345439
35.0,35,718.395021
32.0,32,718.437809
33.0,33,718.478145
114.0,114,718.62015
35.0,35,718.664905
23.0,23,718.695749
39.0,39,718.747904
43.0,43,718.801811
47.0,47,718.860568
28.0,28,718.897488
36.0,36,718.946774
63.0,63,719.023844
14.0,14,719.047133
98.0,98,719.174005
38.0,38,719.236993
28.0,28,719.283566
12.0,12,719.307394
27.0,27,719.352212
39.0,39,719.416355
89.0,89,719.5594
36.0,36,719.620924
12.0,12,719.638475
74.0,74,719.759934
14.0,14,719.778153
11.0,11,719.799841
26.0,26,719.838958
97.0,97,719.997654
77.0,77,720.118443
97.0,97,720.280148
17.0,17,720.307357
95.0,95,720.453357
16.0,16,720.481966
15.0,15,720.505018
12.0,12,720.523828
22.0,22,720.561494
14.0,14,720.585504
87.0,87,720.734262
97.0,97,720.901251
20.0,20,720.931942
70.0,70,721.051581
94.0,94,721.213571
59.0,59,721.312572
38.0,38,721.371183
26.0,26,721.416757
13.0,13,721.438696
19.0,19,721.469722
37.0,37,721.530661
12.0,12,721.549103
28.0,28,721.600657
51.0,51,721.68594
87.0,87,721.834949
90.0,90,721.981985
94.0,94,722.150095
92.0,92,722.303026
22.0,22,722.343144
10.0,10,722.360056
104.0,104,722.531711
56.0,56,722.620162
25.0,25,722.662581
30.0,30,722.710992
84.0,84,722.859849
91.0,91,723.010369
26.0,26,723.054882
27.0,27,723.096557
28.0,28,723.148255
66.0,66,723.252245
56.0,56,723.318845
13.0,13,723.332966
41.0,41,723.390662
82.0,82,723.514453
57.0,57,723.607232
63.0,63,723.711872
16.0,16,723.741816
26.0,26,723.782237
24.0,24,723.821799
57.0,57,723.925639
42.0,42,723.994202
45.0,45,724.062565
75.0,75,724.193605
57.0,57,724.286793
81.0,81,724.431198
71.0,71,724.556039
14.0,14,724.584914
21.0,21,724.620226
57.0,57,724.721425
29.0,29,724.773617
93.0,93,724.935514
98.0,98,725.084257
89.0,89,725.237241
17.0,17,725.267118
90.0,90,725.431715
23.0,23,725.4727
12.0,12,725.497105
70.0,70,725.627725
18.0,18,725.655195
56.0,56,725.75687
55.0,55,725.860927
83.0,83,726.010856
14.0,14,726.031947
89.0,89,726.192199
89.0,89,726.358322
87.0,87,726.506987
10.0,10,726.525762
20.0,20,726.561323
35.0,35,726.627371
16.0,16,726.655964
20.0,20,726.688671
52.0,52,726.781182
65.0,65,726.899725
85.0,85,727.058464
11.0,11,727.078891
11.0,11,727.098979
19.0,19,727.13143
22.0,22,727.17604
22.0,22,727.213633
60.0,60,727.325315
25.0,25,727.379388
16.0,16,727.40719
14.0,14,727.430103
13.0,13,727.450051
50.0,50,727.545202
91.0,91,727.714871
95.0,95,727.88967
90.0,90,728.053039
10.0,10,728.072324
91.0,91,728.244739
17.0,17,728.275374
24.0,24,728.322533
16.0,16,728.354636
25.0,25,728.401659
83.0,83,728.552588
33.0,33,728.619655
30.0,30,728.674454
45.0,45,728.756175
57.0,57,728.853784
91.0,91,729.016646
31.0,31,729.078321
11.0,11,729.098129
60.0,60,729.205512
66.0,66,729.321637
58.0,58,729.426021
16.0,16,729.456301
27.0,27,729.500007
11.0,11,729.515504
31.0,31,729.576325
57.0,57,729.674648
10.0,10,729.693167
25.0,25,729.734285
14.0,14,729.76486
32.0,32,729.819653
53.0,53,729.911578
13.0,13,729.934433
58.0,58,730.040144
89.0,89,730.205081
15.0,15,730.233212
17.0,17,730.258828
16.0,16,730.294641
50.0,50,730.384738
16.0,16,730.413536
29.0,29,730.462851
72.0,72,730.597132
87.0,87,730.747549
16.0,16,730.775516
45.0,45,730.857963
12.0,12,730.887219
23.0,23,730.926743
20.0,20,730.962723
87.0,87,731.129693
26.0,26,731.176513
37.0,37,731.244555
13.0,13,731.265079
71.0,71,731.391464
66.0,66,731.499816
88.0,88,731.658399
88.0,88,731.808622
40.0,40,731.876479
52.0,52,731.971122
89.0,89,732.129194
22.0,22,732.166905
73.0,73,732.294237
16.0,16,732.673287
23.0,23,732.712292
88.0,88,732.869337
90.0,90,733.026932
89.0,89,733.180426
88.0,88,733.336302
89.0,89,733.49372
88.0,88,733.651341
10.0,10,733.672242
9.0,9,733.686497
87.0,87,733.838741
91.0,91,733.985897
10.0,10,734.010515
87.0,87,734.157495
76.0,76,734.279604
13.0,13,734.299838
92.0,92,734.467428
56.0,56,734.568335
92.0,92,734.735417
10.0,10,734.750937
91.0,91,734.918095
93.0,93,735.090095
53.0,53,735.19139
9.0,9,735.206083
88.0,88,735.376776
14.0,14,735.398297
11.0,11,735.417831
87.0,87,735.579803
92.0,92,735.748265
93.0,93,735.918151
88.0,88,736.075431
92.0,92,736.236688
91.0,91,736.403076
96.0,96,736.572578
18.0,18,736.606054
14.0,14,736.632438
39.0,39,736.708315
13.0,13,736.728214
98.0,98,736.901135
87.0,87,737.063501
94.0,94,737.237354
17.0,17,737.267604
47.0,47,737.358097
92.0,92,737.521175
95.0,95,737.699827
12.0,12,737.72172
93.0,93,737.898761
94.0,94,738.075845
10.0,10,738.096343
96.0,96,738.273839
12.0,12,738.294137
45.0,45,738.375257
29.0,29,738.429784
23.0,23,738.465842
26.0,26,738.512482
98.0,98,738.689778
97.0,97,738.85766
14.0,14,738.883933
18.0,18,738.91667
93.0,93,739.077449
11.0,11,739.10451
52.0,52,739.190694
91.0,91,739.351302
93.0,93,739.509363
40.0,40,739.582027
93.0,93,739.752599
18.0,18,739.784696
98.0,98,739.962877
92.0,92,740.141583
95.0,95,740.314361
13.0,13,740.334417
15.0,15,740.366783
15.0,15,740.397742
96.0,96,740.577166
100.0,100,740.76685
96.0,96,740.935125
14.0,14,740.961371
93.0,93,741.132829
22.0,22,741.16793
97.0,97,741.343867
96.0,96,741.525581
99.0,99,741.706263
97.0,97,741.879351
13.0,13,741.907463
103.0,103,742.086138
96.0,96,742.261673
101.0,101,742.449849
96.0,96,742.624658
98.0,98,742.804918
97.0,97,742.982865
101.0,101,743.165496
98.0,98,743.345222
98.0,98,743.514978
102.0,102,743.69239
17.0,17,743.720893
15.0,15,743.751451
100.0,100,743.931394
99.0,99,744.115245
12.0,12,744.136621
12.0,12,744.16022
102.0,102,744.340414
104.0,104,744.530156
100.0,100,744.716994
102.0,102,744.904896
97.0,97,745.089834
102.0,102,745.279425
108.0,108,745.472359
106.0,106,745.648094
109.0,109,745.835438
103.0,103,746.010201
106.0,106,746.192447
108.0,108,746.375303
105.0,105,746.560507
109.0,109,746.755988
111.0,111,746.949663
105.0,105,747.133721
110.0,110,747.32463
113.0,113,747.51909
113.0,113,747.707802
116.0,116,747.912973
117.0,117,748.127584
112.0,112,748.31902
117.0,117,748.530074
20.0,20,748.563552
16.0,16,748.593107
110.0,110,748.782365
117.0,117,748.990198
116.0,116,749.176613
117.0,117,749.333803
117.0,117,749.52823
119.0,119,749.730354
15.0,15,749.751152
120.0,120,749.955433
111.0,111,750.144387
122.0,122,750.340596
124.0,124,750.96291
16.0,16,750.992267
112.0,112,751.193433
119.0,119,751.398777
126.0,126,751.622442
18.0,18,751.657635
130.0,130,751.893513
123.0,123,752.10608
117.0,117,752.299022
113.0,113,752.485437
116.0,116,752.674021
123.0,123,752.883759
132.0,132,753.10716
135.0,135,753.343517
114.0,114,753.53624
129.0,129,753.754711
144.0,144,753.985906
136.0,136,754.222939
500.0,500,755.079638
500.0,500,755.963303
500.0,500,756.859996
103.0,103,757.035074
500.0,500,757.921319
500.0,500,758.787822
500.0,500,759.649045
500.0,500,760.528929
500.0,500,761.419469
500.0,500,762.290905
500.0,500,763.143236
500.0,500,764.00938
500.0,500,764.858466
500.0,500,765.727014
500.0,500,766.559525
500.0,500,767.391973
