#{"t_start": 1756072246.921201, "env_id": "None"}
r,l,t
103.48642,21,3.276115
76.76172,16,3.301875
76.655876,16,3.808136
76.348206,16,4.047371
86.514496,18,4.216246
81.54725,17,4.615499
162.01398,33,4.976886
81.15271,17,5.205813
76.195404,16,5.732296
167.42456,36,6.508118
166.42072,32,7.162662
134.56996,29,7.921677
89.28405,19,8.178766
267.83624,58,8.91625
104.801956,22,9.204286
98.757065,20,9.441786
76.81995,16,9.9766
107.46346,22,10.403053
98.0594,20,10.772457
81.43711,17,10.968863
76.28465,16,10.986058
108.85329,23,11.432115
94.281296,19,11.640311
115.32021,26,12.040106
199.6842,39,12.391757
152.37906,31,12.723427
98.384125,20,12.975793
98.26385,20,13.171813
97.12485,20,13.509787
118.80734,24,13.855955
86.91071,18,14.178173
116.39605,23,14.436917
130.5807,29,15.204685
115.65383,24,15.510411
111.89908,23,15.62484
98.57483,20,15.708868
80.079384,17,16.203833
153.59637,31,16.854602
86.267975,18,17.12038
99.313034,20,17.474079
217.98799,44,18.72223
100.53762,21,19.011358
166.9713,32,19.445832
91.86171,19,19.962709
152.01456,31,20.623504
103.90018,21,21.149126
71.871704,15,21.605294
86.56352,18,21.941498
108.16507,22,22.300882
91.7885,19,22.725904
86.94833,19,23.118285
76.465225,16,23.155504
148.91121,31,23.793552
144.50293,29,23.922884
81.06312,17,24.281462
173.95438,37,24.784379
81.332,17,25.191838
108.65764,22,25.471848
86.45656,18,25.639046
81.21779,17,25.841509
98.47336,20,26.064962
159.8221,33,26.297827
86.593155,18,26.571515
87.823616,18,26.987236
80.29505,17,27.419244
76.46744,16,27.630241
71.663185,15,27.670023
133.21445,28,28.082097
161.27441,33,28.504987
81.24262,17,28.822605
107.64206,22,29.133014
120.13006,24,29.404811
82.15324,17,29.684609
114.52081,23,30.071006
121.75919,25,30.403405
126.28062,25,30.697138
107.63106,23,31.262341
87.865616,18,31.297732
148.65608,30,31.591056
122.26384,25,31.849274
108.73947,24,32.124634
81.26012,17,32.447382
117.64358,25,32.618819
130.04202,25,32.947162
191.9151,39,33.410384
129.39587,27,33.715275
88.09404,18,34.032711
86.385735,18,34.413911
124.30344,28,34.739735
112.687584,23,34.968674
200.92792,44,35.823169
94.6223,21,36.320727
80.84588,17,36.379831
107.246635,23,36.917282
99.53613,20,37.167671
88.91263,19,37.707146
209.66423,45,38.368829
90.27987,19,38.531035
99.37497,22,38.641179
81.118286,17,38.841221
264.38806,54,39.310468
81.157,17,39.496262
92.04164,19,39.617247
92.35734,19,39.785635
81.07249,17,39.964743
85.74164,18,40.165761
144.19218,30,40.36815
204.67348,41,40.817724
85.98568,18,41.007317
81.31755,17,41.340721
152.01349,31,41.771463
198.53226,38,42.120335
91.34995,19,42.173115
133.91623,30,42.313387
109.27427,23,42.445348
141.8846,30,42.659764
146.531,30,42.774651
126.24626,27,42.959023
171.0412,40,43.34829
96.05954,20,43.615383
124.45683,25,43.82946
135.69214,29,44.114241
76.51663,16,44.456066
106.398766,22,44.772845
166.21326,32,45.088044
162.75194,35,45.687819
81.0281,17,45.722604
102.30879,21,45.821981
123.66167,27,46.338859
127.608734,27,46.562259
167.14674,35,47.084098
177.39375,37,47.603006
154.14915,32,47.929063
120.40944,24,48.331993
86.85529,18,48.370316
217.09483,45,48.746877
134.90245,29,49.1182
80.9131,17,49.268294
123.40949,26,49.525783
153.73796,32,49.919411
90.506584,19,50.0035
109.09458,22,50.304116
81.01934,17,50.626432
98.381996,20,50.728899
156.32156,31,50.815245
81.47336,17,50.920758
91.300735,19,51.053569
196.62273,39,51.395819
106.98865,24,51.532296
92.265854,19,51.742344
128.19527,25,52.169786
81.34862,17,52.213251
88.162766,18,52.367023
76.27886,16,52.634176
91.021645,19,52.782938
127.07842,27,52.834709
76.45239,16,52.929354
104.83188,22,53.060904
164.09811,35,53.585284
99.42902,20,53.895823
141.95491,30,54.512809
124.33095,28,54.842716
163.51459,34,55.133364
99.57826,21,55.308191
131.28542,27,55.352484
148.97536,32,55.522011
88.218124,18,55.658832
141.68619,30,55.856531
140.95236,30,56.624178
93.81866,20,56.944782
169.91486,37,57.180662
202.06897,42,57.720859
81.002625,17,58.088295
155.3831,32,58.634801
159.29407,34,58.777197
140.2007,29,59.035404
154.49199,32,59.351303
81.01499,17,59.591604
76.30518,16,59.637336
106.98952,22,59.797137
135.48335,28,60.12687
154.7122,33,60.388232
120.632,25,61.080203
143.88113,31,61.409279
188.83809,42,62.199199
82.25688,17,62.407406
161.75957,36,63.262789
142.21599,31,63.738665
151.47574,31,63.82663
102.80505,21,63.926641
144.02673,29,64.308743
119.34332,25,64.591747
155.92462,32,64.876521
95.9418,20,65.071604
211.41502,45,65.903919
83.72111,18,66.157926
75.88446,16,66.192182
125.329765,29,66.625022
140.48486,30,66.936258
142.59259,31,67.475735
76.32493,16,67.721142
155.02397,32,67.947153
139.48001,30,68.304616
158.48294,33,68.437756
134.69756,28,68.649064
186.98027,39,68.820165
174.75462,37,69.232348
194.61974,41,69.546094
108.821556,22,69.987097
188.80846,39,70.42542
93.003746,19,70.515456
147.69243,32,70.670351
184.25885,39,71.019231
89.523796,19,71.260161
167.78506,35,71.824175
128.07777,25,71.924752
164.79886,35,72.331252
227.24774,50,72.905185
153.8369,30,73.503365
223.11754,45,73.852219
209.82236,46,74.431486
86.05836,18,74.463269
80.99043,17,74.674746
148.95332,32,74.944032
159.20515,33,75.241403
66.99632,14,75.268547
184.5635,39,75.503614
278.1353,62,75.819134
174.16086,37,76.742089
128.70622,26,77.098592
100.93585,21,77.480787
71.54589,15,77.983094
87.53687,18,78.099197
181.02852,39,78.845315
178.47221,38,79.35788
134.77452,28,79.654382
162.8327,35,80.184096
160.39128,35,80.697158
159.16254,33,81.435693
194.47177,43,82.251343
153.16476,32,82.55462
174.98848,37,83.18114
183.08517,37,83.740697
201.14594,45,84.309446
144.33127,33,84.640478
203.89276,40,85.242063
166.39584,37,85.570672
173.86766,36,85.690647
164.60405,35,85.771356
188.74039,42,86.251493
152.65555,34,86.466349
159.51582,34,86.811767
165.84662,36,87.517869
143.0218,33,87.754367
179.8347,40,88.094102
193.60909,43,88.373741
170.64705,36,88.844385
167.56831,38,89.085053
200.01292,45,89.568605
138.6781,31,90.191832
224.53519,48,90.404059
159.87154,35,90.578387
244.84186,52,90.741024
135.25043,32,90.902839
152.83656,35,91.167492
116.88751,27,91.303538
175.79614,40,91.768767
134.47406,28,92.035978
175.8707,38,92.423145
154.43227,34,92.709364
174.09993,39,93.063108
147.28365,31,93.480187
139.06706,31,93.723193
193.0514,42,94.173212
142.50421,31,94.785762
151.73354,33,95.308389
204.26686,45,95.602346
129.83467,28,95.784474
183.8728,41,96.55071
178.72914,39,97.411725
246.46315,51,98.693825
144.45177,32,98.897161
197.25372,40,99.634645
139.01869,30,100.382857
117.97879,26,100.566328
128.5944,28,100.921246
132.65111,29,101.024466
122.87419,27,101.46089
244.17079,50,101.99512
111.41524,24,102.190009
105.84017,24,102.421719
71.35337,15,102.637149
181.10745,40,103.035164
184.0659,38,103.433339
135.20554,30,103.884349
129.1809,28,104.310278
202.07231,42,104.668159
209.17769,44,104.949805
180.1154,39,105.154454
221.13531,48,105.376447
161.16074,36,105.593469
178.60052,39,105.915794
186.28088,43,106.250746
139.71513,31,106.489393
206.21947,43,106.689619
193.20029,42,106.965301
220.51205,45,107.44015
230.74565,50,107.756922
132.81343,29,107.878573
195.35344,40,108.020749
134.09969,29,108.191746
99.14864,23,108.32951
213.60426,44,108.524298
162.65613,38,108.796519
189.80368,41,108.98916
76.05703,16,109.107805
199.63972,42,109.315792
130.04803,30,109.514072
113.78833,27,109.664858
201.3683,45,109.861802
71.658646,15,109.966129
76.19255,16,110.045923
126.03304,30,110.218176
71.20856,15,110.349874
117.290474,27,110.485063
176.11253,36,110.801703
80.821724,17,110.850609
81.36529,17,110.935076
168.36292,36,111.094585
112.7694,25,111.22697
174.05087,38,111.408629
92.79177,21,111.477539
92.814705,21,111.590986
160.40562,35,111.849668
116.44507,26,112.011969
131.88591,31,112.197259
184.1795,41,112.397653
80.880394,17,112.435261
112.542496,27,112.609648
131.93831,30,112.809255
76.41573,16,113.08304
76.38833,16,113.352167
71.75697,15,113.570128
137.2478,29,113.791773
76.31198,16,113.951093
149.67494,35,114.535572
166.41779,38,114.918027
134.76828,31,115.086196
178.38292,39,115.420731
151.8191,35,115.658872
113.84477,23,115.773835
230.71152,48,116.136782
142.4672,32,116.406909
66.61546,14,116.522706
163.26878,38,116.785342
61.920994,13,116.80581
171.3683,36,117.235381
106.27355,25,117.536631
186.40895,39,118.312114
125.039505,29,118.780579
168.99825,37,119.228869
81.082306,17,119.351401
66.49847,14,119.439736
128.42107,30,119.780977
120.56753,28,120.174445
110.32784,25,120.419879
205.86684,41,120.815537
82.61594,18,120.978949
121.23729,28,121.258272
109.592316,25,121.337605
89.87775,19,121.432023
108.86983,25,121.532885
139.92094,33,121.618399
117.39981,27,121.67972
88.32565,19,121.750627
158.19408,36,121.895611
201.25392,42,121.99897
136.2958,30,122.100139
165.57976,36,122.202535
193.93019,41,122.450191
194.20511,43,122.944289
214.40208,44,123.516267
214.61935,44,124.037034
168.2089,41,124.300436
82.74664,18,124.450922
143.36761,32,124.6243
121.23809,26,124.882969
124.904015,26,124.996727
138.60313,32,125.12437
226.30318,45,125.394219
240.03413,48,125.616094
182.21935,37,125.729103
228.75974,51,125.906347
162.78647,34,125.966068
297.78537,56,126.15837
211.35818,44,126.306559
209.82521,46,126.65599
216.95699,45,126.941005
190.60902,40,127.167033
208.4445,44,127.355345
160.53612,33,127.505401
298.20212,60,128.349141
190.22372,40,128.723264
175.53285,35,128.951007
76.11049,16,129.207559
295.96466,60,130.282577
136.93,28,130.683848
87.80071,18,130.717849
191.9697,39,131.053561
71.55594,15,131.366748
184.62958,38,131.672623
130.31302,28,131.825349
136.36191,28,132.063106
156.32593,34,132.340971
145.72351,33,132.656214
217.00223,48,133.099047
152.56828,35,133.481334
213.28639,49,134.255926
131.75494,27,134.486949
240.17961,49,135.013489
193.11676,40,135.201708
235.99907,48,135.570923
214.59549,41,136.141024
249.81937,51,136.726869
192.96686,42,137.055516
174.18964,37,137.404147
237.12918,49,137.848569
163.32365,34,138.277051
177.78024,37,138.992796
208.17735,43,139.509997
213.63547,44,140.005352
219.6577,44,140.373508
131.69101,27,140.635105
148.86674,31,140.873637
227.475,46,141.232014
144.07475,30,141.530417
80.876236,17,141.75851
119.88323,24,142.021657
139.2413,28,142.220604
181.01335,37,142.666156
135.78835,27,142.942859
244.25586,51,143.485502
206.95123,42,143.798448
113.61944,23,143.995682
174.98344,36,144.334496
286.22217,55,144.872069
122.56904,25,145.00439
126.38859,25,145.132317
160.7202,34,145.546669
116.744896,24,145.791903
140.91403,29,146.163496
120.77082,25,146.298194
151.69447,31,146.477862
239.0363,50,147.02965
166.65517,34,147.191616
168.53268,35,147.334614
129.53207,26,147.453051
145.34589,30,147.575816
87.35008,18,147.613637
129.9459,26,147.661443
156.2213,33,147.856434
151.63881,32,148.10123
159.59488,35,148.355726
152.19496,31,148.618227
140.86253,30,148.848724
142.94093,29,149.258793
143.41795,30,149.569338
249.0729,50,150.060696
156.16954,32,150.343187
113.71729,23,150.621948
132.13116,27,150.805224
281.0047,54,151.535002
195.98877,40,151.869504
124.01854,25,152.019719
190.1852,42,152.252985
141.7178,29,152.580694
133.42514,27,152.783284
139.78282,28,152.897172
99.16884,20,153.269118
139.06276,28,153.670311
145.76556,30,153.817957
138.08922,28,154.270488
146.59204,29,154.372281
125.271935,25,154.559019
76.15207,16,154.762248
143.87402,31,155.176583
114.70297,23,155.498986
147.1467,29,155.857036
267.4222,50,156.268777
124.75881,25,156.397334
140.95734,29,156.48453
178.0459,37,156.777669
138.59572,28,157.128909
224.75429,44,157.29981
115.80964,23,157.35944
154.40451,31,157.730007
197.21892,41,158.086974
137.70273,28,158.278967
106.75234,21,158.495148
211.36006,43,159.088814
189.70259,41,159.577199
143.28775,29,159.988769
162.51051,36,160.504378
247.41402,46,160.801173
129.7033,26,160.993777
180.71947,40,161.284838
97.62351,20,161.40222
219.97672,43,161.702163
192.24445,41,161.802029
148.97765,30,162.065462
178.233,38,162.6867
158.0473,33,162.80035
142.50116,29,162.956376
128.34938,26,163.087644
195.83925,41,163.350912
167.22346,34,163.80222
154.46468,31,164.015357
125.78209,26,164.172988
197.9304,41,164.511399
262.41113,53,165.145073
231.1267,44,165.681605
159.66788,34,165.864153
194.80466,37,166.092404
162.53668,32,166.31976
113.265114,23,166.473678
182.41832,40,166.715034
149.14905,33,166.911256
140.53639,29,167.173414
128.42606,26,167.338395
254.4895,51,167.644704
138.9549,28,167.826242
165.05432,33,167.986972
189.88449,37,168.220038
246.65747,51,168.470109
156.75938,34,168.88508
123.30335,26,169.091267
154.78833,32,169.365471
138.9247,29,169.496866
124.7424,25,169.74891
122.71962,25,169.873538
139.13622,29,170.125856
145.87898,29,170.607069
113.58966,23,170.724563
76.1091,16,170.848244
169.33934,37,171.402894
109.243195,22,171.588175
87.75738,18,171.662087
238.76451,48,171.85547
159.41438,34,172.022859
109.71663,22,172.104089
132.42094,27,172.248011
144.88342,31,172.484781
140.34554,29,172.771482
155.78445,34,173.178034
212.08588,41,173.924952
267.23755,54,175.29048
184.40602,39,175.997126
155.49103,33,176.387169
129.8352,29,176.753573
140.40508,29,177.001008
175.33917,39,177.450987
155.12231,33,177.963713
197.80153,41,178.736902
258.4058,54,179.296316
137.29118,28,179.774032
290.66095,57,180.513774
189.6717,39,180.840875
215.249,43,181.389167
416.60275,83,182.184738
248.49635,49,182.287032
299.6915,57,182.745713
193.78397,41,182.994786
294.31628,60,183.636484
347.79526,65,184.997737
263.06302,55,185.634279
120.23123,25,186.378999
240.71098,48,186.768753
231.81667,49,187.421666
218.90842,45,188.070184
262.10812,52,188.389394
334.71466,71,189.120826
304.4657,68,189.779976
248.55103,49,190.550654
310.29263,60,191.226412
306.83652,59,191.550903
126.86063,26,191.636827
271.99414,59,191.857295
166.8492,36,192.030895
260.13733,54,192.268878
270.38452,54,192.521418
256.8642,50,192.653735
229.17941,45,193.003977
219.25087,45,193.164073
231.17308,46,193.288957
129.64064,27,193.392012
159.2184,33,193.504678
181.27151,38,193.674611
244.55144,54,193.927285
215.58037,46,194.097248
165.7821,36,194.297525
219.85808,47,194.677964
244.31908,48,195.27821
327.09628,63,195.729362
259.6212,55,196.078233
381.02277,72,196.553404
340.61887,64,196.952647
300.42484,56,197.350393
307.11688,58,197.876889
294.0949,56,198.304644
270.4497,52,198.653765
341.13403,64,198.947375
297.7274,56,199.333628
297.28833,56,199.559158
344.65378,65,200.074155
317.27408,63,200.570015
309.7972,59,200.898646
354.40506,66,201.158186
259.4252,50,201.459567
267.87463,52,201.649979
279.19815,54,201.92514
234.90001,48,202.22858
294.93848,57,202.560235
305.5134,60,202.826843
327.71426,61,203.29597
286.9847,54,203.557247
263.7591,50,203.727264
292.69946,56,204.142833
248.82475,48,204.562547
302.68256,58,204.936299
420.59662,81,205.781494
270.20328,55,206.737733
147.96214,32,206.911905
256.47336,55,207.105328
196.2676,42,207.489665
299.52423,61,208.116039
136.96318,31,208.369388
227.69035,46,208.977015
227.68983,48,209.380602
272.91507,54,209.830638
168.29791,38,210.037758
233.68892,46,210.177125
109.31961,26,210.302705
236.7752,51,210.752646
364.20425,73,211.491225
127.13833,27,211.786257
176.85014,38,212.151234
116.137436,26,212.233785
136.83005,31,212.35071
298.96478,57,212.624439
295.19232,58,212.929354
79.45407,17,212.98761
194.32849,42,213.104568
174.46935,42,213.430215
128.6679,30,213.700743
155.29549,35,213.994839
124.61148,28,214.202674
146.15874,32,214.440233
217.94525,49,214.635899
187.91708,41,215.052855
116.92504,26,215.242442
238.69353,51,215.830204
290.74286,55,216.357131
192.07338,41,216.575452
144.91225,33,216.897733
259.16818,52,217.546685
245.16452,55,218.127971
118.25944,27,218.188717
157.228,37,218.259477
257.62454,49,218.453062
287.65158,62,218.842014
194.19148,46,219.226703
202.11444,44,219.446834
297.38733,57,219.998024
327.51666,65,220.499268
277.51978,54,220.923958
260.07434,53,221.374393
313.1312,60,221.851126
243.62617,50,222.788283
185.97197,39,222.944166
228.12437,44,223.081065
238.72643,45,223.264725
285.9092,59,223.575511
250.95361,51,223.956498
260.3816,51,224.320566
336.8097,69,224.803618
217.58934,42,225.068966
251.49626,50,225.340095
273.53354,53,225.651067
292.98526,58,225.92287
207.98056,40,226.326214
239.05177,46,226.646844
268.37418,51,226.850444
242.63998,46,227.017179
261.3764,53,227.416486
257.85098,50,227.601164
265.7346,53,227.776637
278.20142,54,227.903016
267.65683,50,228.172698
215.87466,48,228.581638
285.71417,56,229.185655
307.50128,57,229.841265
226.90472,47,230.229813
248.0713,47,230.580361
301.69308,58,230.982386
271.15076,52,231.574864
235.72395,46,232.150625
213.6928,43,232.402753
202.72275,40,232.735337
236.05115,46,232.970244
259.05795,50,233.281887
187.67477,36,233.372584
215.8886,41,233.515808
186.14857,36,233.648935
200.87598,39,233.953856
175.57565,34,234.219337
205.9534,40,234.40016
231.14467,44,234.503395
190.1036,36,234.627542
179.03052,34,234.810357
224.44362,45,235.113733
158.26482,31,235.314418
204.933,39,235.574151
187.99576,36,235.671847
220.31056,43,235.893111
197.88124,38,235.988751
216.87656,41,236.300828
205.81345,39,236.617971
151.53604,31,236.870082
170.80057,33,237.346872
218.26927,41,237.778274
208.69267,39,238.160228
227.27335,43,239.142591
204.45224,39,239.373363
228.40724,43,240.180667
196.36362,37,240.266446
160.25717,31,240.52089
251.66026,49,240.719323
222.62712,43,240.974301
218.68596,43,241.22657
219.94135,41,241.578147
202.47809,38,241.746121
234.70992,45,242.088638
120.46553,25,242.277024
139.89395,28,242.372368
137.75201,28,242.469535
234.02829,44,242.604342
195.37874,39,242.926598
232.63412,44,243.315249
137.06888,28,243.440439
237.63687,46,243.593456
195.05923,38,243.836005
180.5926,34,244.334106
235.5651,44,244.485497
219.66109,44,244.663343
191.78448,36,244.870568
306.67606,62,245.252354
186.65987,36,245.564568
202.35124,39,246.016423
247.52435,48,246.279501
179.34846,34,246.42131
189.03653,36,246.77111
199.98862,38,246.972641
231.74292,44,247.320572
219.10269,43,247.583105
241.30727,46,247.822664
183.71323,40,247.989807
236.6375,45,248.295601
198.59218,37,248.538825
181.53983,35,248.744315
217.31284,42,248.907928
261.48315,49,249.205776
165.70325,32,249.267539
249.53342,48,249.529074
198.36993,40,249.805314
198.2373,38,249.935166
223.84009,42,250.120731
192.38231,38,250.234244
214.29477,41,250.380011
195.05458,37,250.435282
202.82196,39,250.528605
181.2585,36,250.728068
220.52104,42,251.019183
229.8136,44,251.256933
217.33888,42,251.593112
244.57147,47,251.924617
212.53279,41,252.464597
157.08698,33,252.606259
176.00293,35,252.691121
191.09341,37,252.825946
235.92847,46,252.907405
183.18967,36,253.058201
76.29235,16,253.140951
213.69897,43,253.33041
244.00479,46,253.517016
161.9132,32,253.674089
231.39607,45,254.010695
217.08325,41,254.129673
142.07063,29,254.387424
245.40262,47,254.748243
181.7393,35,255.147861
262.77512,55,255.702587
239.86552,47,256.097457
104.60055,23,256.157993
285.86972,53,256.515113
237.2178,45,256.979816
248.9985,48,258.083434
205.10027,39,258.503276
113.781586,24,259.112145
206.64133,40,259.614341
233.15117,45,260.150786
195.37262,39,260.463941
193.82936,37,260.913678
200.30952,41,261.275101
136.98701,29,261.481387
183.2841,38,261.968387
183.0134,39,262.465999
162.08286,32,262.672999
166.44351,36,262.891951
230.70535,46,263.2124
219.29886,42,263.436103
140.33125,29,263.603888
191.13396,41,263.923565
181.57516,37,264.172101
247.00417,51,264.497859
262.23602,51,264.855065
213.25887,43,265.038549
232.43887,45,265.768978
226.22789,44,266.121571
251.2548,48,266.254943
229.49684,45,266.891015
149.30281,30,267.031476
242.52054,48,267.470895
174.30153,34,268.017612
310.27112,62,268.230288
229.62833,43,268.518963
242.89325,52,268.843345
267.80026,51,269.263817
259.64026,49,269.393807
176.75069,36,269.599206
235.99127,48,269.892998
240.94342,51,270.226369
215.86179,42,270.516114
252.87991,48,270.794132
244.84854,48,271.325969
217.16888,49,271.565771
274.1706,63,271.889313
224.0358,47,272.179524
143.04762,30,272.457539
261.49442,49,273.130133
158.31067,36,273.265354
86.34776,18,273.385821
279.96353,63,273.977402
170.4459,37,274.130982
142.08751,30,274.421591
196.46773,42,274.816988
230.17288,48,275.072102
213.85168,49,275.666588
102.58536,21,275.734667
268.2973,51,276.368935
144.72784,28,276.615824
285.43073,61,277.136974
92.924995,19,277.26577
207.88324,40,277.453184
169.82532,39,277.636685
144.68747,32,277.744267
357.60507,78,278.004347
317.11945,68,278.627527
184.1429,43,278.898485
287.34915,56,279.257794
158.47272,33,279.436332
154.8977,32,279.756322
221.28508,47,280.078462
279.3339,59,280.60438
219.39127,43,280.920399
274.8229,57,281.252358
166.34723,38,281.452947
187.34985,42,281.528344
276.5424,63,281.936903
115.25598,27,282.236324
232.01338,54,282.722214
133.66945,28,282.793353
184.78726,42,282.894809
135.41107,30,282.951989
225.0181,45,283.105953
124.69879,24,283.175905
76.09849,16,283.226101
184.04163,40,283.370175
147.94803,31,283.432338
309.36145,59,283.618239
241.40407,49,283.86658
85.94758,18,283.951473
133.25693,33,284.134445
87.167915,18,284.190825
131.8217,28,284.284993
103.854744,21,284.348509
92.993324,19,284.393178
143.31496,30,284.46887
104.27765,21,284.510866
119.4446,26,284.581009
224.4471,46,284.761724
222.32417,41,285.09339
80.95723,17,285.124039
186.2653,37,285.419508
248.8314,53,285.788499
218.55,43,285.952201
193.1172,41,286.259453
126.328125,26,286.391143
161.72131,34,286.516752
159.66772,34,286.656783
178.48726,37,286.789744
257.1258,56,286.967459
287.92062,57,287.261907
160.51065,34,287.478401
304.13547,68,287.898245
109.12082,22,287.943259
292.93845,58,288.290689
186.41956,39,288.444695
87.24441,18,288.518678
240.07884,51,289.034086
92.87539,19,289.230081
195.13145,36,289.518732
87.06472,18,289.552334
277.58957,61,290.158191
171.40964,37,290.380788
132.35648,28,290.462738
208.88678,42,290.606519
105.346375,21,290.665395
97.0238,20,290.702724
81.03453,17,290.746268
192.76813,39,290.840098
92.02206,19,290.928042
85.656494,18,290.97594
247.66698,52,291.203359
162.68323,35,291.352496
165.15678,32,291.498343
98.0116,20,291.672329
207.90742,43,292.166078
97.647026,20,292.32931
184.66707,38,292.505598
208.78964,41,292.694978
159.01604,34,292.841122
129.0568,27,293.047734
134.2126,28,293.120197
186.65839,39,293.48673
302.78415,60,294.156821
144.45663,29,294.322897
162.68384,33,294.715273
232.71765,52,295.259109
143.57013,30,295.466348
80.8444,17,295.534391
125.011566,28,295.634734
226.09708,46,295.977944
162.0457,34,296.059852
126.946106,26,296.335411
234.0329,49,296.495134
210.99414,45,296.752038
179.37976,37,296.920454
167.30486,36,297.183805
249.63268,49,297.553366
126.67304,27,297.744907
144.1777,30,297.941342
193.54932,38,298.072563
232.57524,48,298.31768
216.80997,44,298.41457
90.89827,19,298.448938
99.194984,20,298.546741
103.630974,21,298.586411
241.61946,49,298.776863
236.4431,47,298.932632
161.38025,34,299.023171
225.15195,41,299.17121
87.27365,18,299.236836
160.72165,31,299.331175
107.29171,22,299.389029
178.71072,37,299.636457
151.37051,31,299.745435
265.4656,51,300.008193
175.91678,37,300.214808
288.15512,55,300.477649
149.98787,30,300.55562
214.07224,40,300.756213
126.15917,25,300.88823
208.80156,39,301.186053
196.51761,40,301.322103
191.51509,38,301.461134
162.96236,37,301.84886
135.565,28,302.151681
161.64375,33,302.472003
150.60922,31,302.574279
110.33746,22,302.609584
261.5009,51,302.695647
215.62434,43,302.848882
80.964424,17,302.91768
184.3465,37,303.007398
190.53104,39,303.131922
80.944466,17,303.187629
245.18512,52,303.371358
258.38727,48,303.594052
298.95914,61,303.754209
245.59207,50,303.888858
243.851,47,304.08706
200.02687,41,304.194624
167.50279,35,304.386008
226.8988,49,304.515076
198.77148,41,304.764493
120.45546,24,304.891757
164.35048,34,304.995999
98.42643,20,305.086024
208.53238,45,305.404492
173.78474,35,305.478979
80.934204,17,305.511094
191.82224,38,305.65809
164.9351,34,305.729548
132.4125,27,305.84563
104.84433,21,305.920732
216.43262,46,306.139675
119.83207,25,306.216331
80.787674,17,306.329147
81.545166,17,306.391401
148.13063,32,306.495408
157.54657,32,306.668994
220.29434,43,306.997195
161.16266,32,307.226123
164.71259,36,307.527504
112.68519,23,307.721307
191.25629,37,307.967265
196.61221,39,308.158809
143.7765,30,308.277283
219.43375,43,308.500407
234.43433,45,308.725141
148.63744,34,308.833735
245.17525,53,309.168212
120.9,24,309.390914
86.06741,18,309.499543
290.99634,61,309.808858
147.66454,29,310.008777
255.52852,49,310.240672
93.485725,19,310.460597
143.23624,29,310.640102
146.02194,30,310.835619
141.48969,29,310.945554
189.78401,40,311.027604
185.73535,39,311.178245
166.72556,36,311.433535
141.14215,28,311.661499
201.72446,42,311.836818
108.208916,22,312.090171
210.7739,43,312.204464
205.17126,44,312.335681
125.634476,26,312.381826
80.96136,17,312.416044
86.71545,18,312.447191
142.32385,33,312.505077
98.52336,20,312.548623
76.30497,16,312.580937
146.93636,31,312.646302
166.51457,37,312.716794
169.69398,36,312.787989
103.8477,21,312.859674
113.40818,23,312.924439
221.80493,42,313.077607
177.20332,39,313.213486
158.32616,32,313.427282
209.74728,41,313.605939
93.3225,19,313.657763
98.0958,20,313.747985
187.60046,39,313.875383
124.99895,25,313.971996
203.51122,43,314.117879
218.16167,48,314.316709
136.49951,27,314.411633
92.36908,19,314.451466
219.30525,46,314.58345
181.24677,36,314.726774
254.23038,54,314.93852
129.71199,26,314.990726
124.456024,26,315.055881
172.74684,34,315.22307
147.40755,31,315.365584
109.75742,22,315.472225
140.97742,30,315.821337
245.53781,48,316.149712
189.58759,37,316.34123
97.22607,20,316.446486
128.19934,25,316.683491
138.17577,29,316.787093
170.33383,36,316.966798
85.8598,18,317.078
92.15331,19,317.164659
133.46062,28,317.329541
132.25978,27,317.444456
210.56194,41,317.603977
236.74454,46,317.939934
189.36191,36,318.089927
92.62715,19,318.137204
129.26364,27,318.210655
81.46345,17,318.255988
97.85326,20,318.3252
92.193535,19,318.374505
238.23239,52,318.476586
196.50323,41,318.59842
165.0183,36,318.777544
92.201515,19,318.835682
82.31665,17,318.909467
398.56696,80,319.251561
176.80276,39,319.353035
192.36205,37,319.454643
149.80702,30,319.521012
86.524635,18,319.56152
185.23178,36,319.688848
246.4884,48,319.912076
223.45384,43,320.045849
96.91578,20,320.110352
189.74162,36,320.215538
91.35154,19,320.284013
174.67017,35,320.421174
191.22282,38,320.514068
91.90385,19,320.591344
236.34697,49,320.784538
113.39047,23,320.857316
205.29607,41,320.960107
92.89359,19,321.013583
203.7475,41,321.22121
163.91438,33,321.372843
178.37744,36,321.482061
92.87545,19,321.524796
206.40848,40,321.701077
195.96045,39,321.866715
129.94832,26,321.910815
147.22063,30,322.152875
203.3622,40,322.244
273.93304,57,322.400384
150.02274,31,322.487046
148.76375,30,322.601262
99.29669,20,322.649744
180.42532,36,322.803095
180.0918,38,323.060774
135.27545,28,323.288601
135.32185,27,323.380346
214.08313,42,323.565342
272.07935,51,323.740165
217.1408,42,323.880493
171.0754,34,323.956807
75.95174,16,324.017618
254.55658,53,324.190373
261.0114,49,324.454467
217.57571,43,324.606821
264.64017,55,324.943122
143.40018,29,325.101997
217.01622,40,325.248139
225.89255,43,325.580882
115.264915,23,325.62899
177.7246,35,325.745178
274.86844,54,325.856486
145.84839,29,325.911875
204.1842,39,326.040452
368.25882,73,326.368964
180.6305,34,326.739163
174.1542,34,326.963582
189.22137,37,327.159557
94.24168,19,327.246989
219.40077,44,327.636371
215.7483,42,327.887054
232.02542,44,328.111642
240.9369,46,328.277423
279.2529,57,328.404692
105.4707,21,328.454318
146.94858,29,328.699666
197.09465,37,328.970026
309.55826,56,329.307226
297.98056,52,329.605983
108.11001,22,329.768599
256.18802,54,330.116198
216.35709,43,330.337318
229.64212,44,330.452066
244.19106,45,330.602026
203.80937,39,330.800412
185.04836,38,330.900746
286.92313,56,331.013875
363.3874,68,331.175243
321.63968,58,331.397583
213.51854,40,331.54287
275.50912,54,331.638355
193.49112,37,331.69768
189.01794,42,331.868194
187.88867,38,332.06755
192.4215,38,332.185168
94.161766,19,332.25925
101.07919,21,332.313242
194.24092,37,332.39457
122.03191,25,332.432084
106.9444,22,332.519972
138.95412,28,332.563981
93.7857,19,332.610492
311.06387,62,332.905809
249.78148,48,333.197571
140.08008,28,333.405333
192.50829,38,333.584454
193.68976,39,333.704666
152.54256,31,333.892097
134.02031,27,333.939279
260.12802,50,334.174707
205.72557,42,334.319188
282.1692,53,334.476084
135.55586,27,334.571367
226.81786,44,334.760245
157.33337,33,334.860339
208.50826,40,335.060799
121.007675,24,335.246354
222.12288,43,335.426848
125.74203,25,335.481645
209.70135,41,335.580018
179.33095,37,335.641536
172.12645,34,335.728482
237.71625,46,335.832675
201.6645,39,335.934149
185.3562,36,336.161891
162.81447,32,336.3563
121.31812,24,336.48089
237.16608,49,336.83148
286.01917,57,337.183675
131.28033,27,337.296795
198.73067,39,337.935007
313.90967,65,338.412746
197.72333,38,338.605311
151.34314,33,339.051072
332.89505,65,339.522475
126.81867,26,339.643657
242.7314,46,339.793383
235.98242,47,340.130111
255.6938,52,340.679525
185.87857,36,340.76161
236.84567,45,340.994642
270.4438,54,341.239224
114.86496,23,341.61219
174.76544,35,341.754827
175.0759,37,342.047278
164.60439,33,342.267632
216.89069,44,342.401263
281.87732,54,342.508244
229.52196,47,342.691035
162.02486,32,342.831384
219.23854,42,343.007706
177.74779,34,343.077451
166.73688,34,343.184149
182.99815,38,343.332476
125.65343,25,343.413845
166.27112,33,343.6137
229.16418,47,343.794133
275.23923,52,343.997597
203.63358,40,344.130685
195.48329,40,344.380019
266.62308,53,344.747608
275.25787,53,344.859342
263.92004,55,345.103601
200.8678,40,345.170291
155.19815,32,345.28544
147.81967,30,345.348034
135.998,28,345.388159
92.10405,19,345.434563
96.692276,20,345.505027
223.56358,41,345.662952
97.13479,20,345.769711
206.16045,40,346.110392
146.02617,29,346.265942
201.32675,40,346.372259
242.19676,47,346.468269
261.57364,49,346.623047
150.8875,30,346.673107
163.39522,33,346.765022
86.61042,18,346.828131
258.12958,51,346.972178
144.4374,30,347.053633
235.68147,46,347.183622
130.46518,27,347.243117
220.76993,41,347.470237
206.81042,42,347.576554
169.87506,34,347.658371
101.76927,21,347.724632
195.96996,41,347.815334
197.06372,41,348.182678
80.771126,17,348.431132
130.86107,26,348.835986
97.33246,20,349.133298
152.63821,33,349.442581
141.06438,29,349.654569
312.53955,69,349.951082
110.28294,22,350.024204
95.2224,20,350.085227
162.74783,34,350.16335
202.62509,40,350.36635
130.09001,26,350.424656
185.43051,37,350.500723
90.96531,19,350.583431
114.795,23,350.625131
389.8491,70,350.887695
127.79138,25,350.948559
204.07434,40,351.077419
200.4533,41,351.24402
143.10362,29,351.396338
151.79073,31,351.484555
135.72528,27,351.533228
225.33923,45,351.675479
122.567604,25,351.760359
217.14925,44,351.894285
103.63895,21,351.954215
165.17871,33,352.041513
115.04473,23,352.125916
156.58249,32,352.248962
270.12778,52,352.358173
182.86821,38,352.42519
98.02792,20,352.460789
193.89342,40,352.527238
116.119484,23,352.587526
217.22615,42,352.720548
109.90969,22,352.798891
254.68477,47,352.96531
130.97153,26,353.029062
129.56438,26,353.074306
216.7475,43,353.171655
168.8658,34,353.26517
217.8787,43,353.366283
330.80338,65,353.501841
182.03674,36,353.601712
198.75685,39,353.706746
121.506355,24,353.753631
157.09941,33,353.854181
328.29932,65,354.113858
138.1327,29,354.207543
287.46924,54,354.37922
240.2031,47,354.493305
207.26709,41,354.591232
194.45744,38,354.708979
288.6496,54,354.920277
243.07394,46,355.077484
277.9142,57,355.37276
187.6626,38,355.540658
266.8936,58,355.696418
218.30902,45,355.781955
269.96796,55,355.886281
113.56046,23,356.009489
250.4202,48,356.203632
186.27052,36,356.322706
203.33476,43,356.438282
230.96504,46,356.599736
301.14764,55,356.841862
263.75647,52,357.006783
249.71344,49,357.101466
231.8056,50,357.202257
187.08788,38,357.310484
268.28207,49,357.395898
229.82732,52,357.492507
198.56787,39,357.56046
81.47675,17,357.577274
229.41972,44,357.683126
228.20891,44,357.756449
341.36328,63,357.998458
178.87682,36,358.055968
172.51454,35,358.125853
295.41788,57,358.256672
215.9313,46,358.492008
164.32515,33,358.616823
183.4311,36,358.834737
194.37447,38,359.066022
176.57324,36,359.360529
225.56677,44,359.605082
208.79486,48,359.819298
173.15,34,360.074383
253.51321,51,360.243315
203.34825,41,360.330439
219.90945,41,360.462546
251.57185,49,360.609305
364.26013,75,360.871509
300.2424,58,361.133898
147.01814,30,361.205854
206.78755,42,361.325073
239.36276,46,361.574401
166.40598,39,361.797204
194.76285,39,361.996747
173.79839,35,362.104481
196.67612,40,362.302816
195.24794,38,362.507285
297.7817,59,362.788692
184.6237,37,363.07264
174.48584,35,363.180689
216.80855,44,363.48523
219.33003,43,363.90363
197.77269,40,364.105591
107.92568,22,364.347402
247.81015,51,364.61552
323.3671,61,364.918225
249.93816,54,365.373878
296.1502,58,365.565559
182.17923,37,365.650088
247.46294,47,365.749096
212.05478,43,365.857537
207.05182,41,366.058996
179.74637,36,366.234201
212.7251,42,366.37009
232.27611,45,366.64605
158.33864,32,367.067896
147.49922,30,367.175597
186.06586,39,367.498558
208.99828,40,367.768553
144.86972,30,368.40929
163.36304,33,368.544045
205.34904,42,368.911401
174.42984,36,369.241222
261.0893,52,369.783077
210.85345,42,370.036147
402.59338,75,370.616022
211.7829,43,370.876942
151.63954,31,371.032374
204.27228,42,371.118473
251.20764,51,371.304905
182.4839,37,371.377517
344.31915,66,371.504984
230.3733,46,371.659453
195.35457,41,371.935846
244.76514,49,372.123343
215.60849,43,372.290132
206.1257,42,372.60201
258.09894,52,373.108039
289.93558,57,373.22941
239.69423,48,373.429814
197.05777,40,373.824302
326.46124,64,374.410895
271.012,52,374.516408
309.81583,61,374.679121
216.28416,45,374.768635
331.11322,69,375.149035
278.8064,61,375.737401
255.65994,51,376.05456
253.49109,52,376.293941
294.1322,58,376.592878
373.6333,69,377.058066
232.21326,46,377.294959
250.62236,50,378.131591
239.33759,48,378.645463
275.289,52,379.021178
250.29555,50,379.298904
291.49326,61,379.66973
228.32564,46,379.883417
282.92438,55,380.09407
233.6327,50,380.253981
222.64377,46,380.401667
336.216,67,380.607125
318.7599,62,380.806416
330.52048,65,381.086093
248.09358,54,381.407237
249.24454,49,381.602002
327.5821,64,381.90508
262.94855,54,382.072224
242.31572,49,382.327544
227.94055,47,382.571811
289.17554,63,382.72609
365.6123,67,383.033803
290.49603,59,383.286567
289.4771,56,383.763317
228.2324,43,383.876479
163.06844,33,384.019786
225.71376,46,384.115247
294.9195,60,384.263992
223.77402,43,384.383904
266.89166,50,384.553151
196.89104,38,384.70541
216.88731,43,384.976596
230.38293,46,385.249165
349.9408,63,385.774798
254.61967,50,386.228871
235.04565,47,386.587007
218.0132,43,386.932785
200.39954,41,387.243747
179.20454,38,387.513811
239.39227,49,387.974897
236.37587,47,388.555808
312.3563,61,388.980846
234.88849,49,389.140339
245.02374,50,389.272797
279.10794,52,389.474336
206.04875,41,389.575248
276.5232,53,389.79575
334.08447,65,390.095817
310.285,60,390.575449
254.866,51,390.766817
199.92,39,390.965455
187.9494,37,391.172265
248.17319,47,391.275306
285.30502,59,391.380393
290.67404,54,391.51598
221.17676,43,391.656988
261.58636,52,392.124863
242.11003,49,392.304758
286.56662,59,392.438427
195.62607,42,392.536916
265.7308,54,392.679193
203.56274,48,392.810203
216.5199,48,393.014913
306.70453,62,393.190379
235.92598,54,393.42419
182.04657,35,393.488751
350.41034,71,393.674953
303.70883,56,394.0008
262.2243,51,394.290097
377.15756,70,394.731063
329.02765,63,395.018307
302.1961,60,395.250053
217.00583,44,395.409327
384.95654,79,395.694266
215.77235,46,395.796733
370.4992,73,396.169578
264.9758,51,396.370164
270.46347,52,396.574255
176.46837,36,396.839316
253.70477,48,397.16949
165.64925,34,397.453637
209.97916,41,397.774027
225.62021,45,397.963242
183.5575,37,398.096508
173.56163,34,398.253069
267.08752,52,398.506835
522.412,99,398.887635
368.58713,72,399.188014
287.28638,58,399.385687
113.36135,23,399.450611
229.5232,44,399.671151
334.12415,62,399.972328
308.4914,60,400.344993
191.2903,40,400.526584
105.40374,21,400.604558
338.31717,69,400.899701
247.50262,52,401.020848
107.59366,22,401.150347
361.05756,71,401.539651
331.26086,69,401.809456
446.2061,84,402.050706
201.61958,42,402.160806
206.63245,42,402.237796
276.2815,60,402.402148
294.4438,58,402.524013
234.11932,49,402.62668
249.76706,49,403.075911
262.50674,50,403.351247
272.74994,52,403.533804
262.53482,52,403.73889
169.78658,34,403.907311
268.08826,53,404.085783
284.80264,56,404.331405
281.84042,57,404.527419
302.9824,61,404.770936
317.0589,63,405.224521
268.4931,57,405.431586
326.57867,62,405.788685
361.20297,71,406.306242
221.51819,49,407.007285
319.03464,64,407.308789
313.07068,59,407.716937
276.64417,56,408.069434
298.36542,58,408.212221
200.0672,41,408.443516
302.53104,58,408.759522
288.73154,59,409.032322
212.45656,47,409.473586
224.32227,49,409.761966
321.99896,64,410.208765
150.94458,29,410.351685
299.6879,58,410.671025
183.45764,40,410.795025
279.6383,60,410.969193
318.42804,67,411.608974
224.32579,52,411.791627
282.89215,56,411.884161
335.42407,72,412.026663
365.46436,81,412.214414
305.1126,66,412.43537
285.83514,56,412.631369
284.61322,58,412.827057
236.22002,56,413.11506
256.87924,52,413.391366
194.76744,45,413.768986
295.09787,58,414.340301
211.84784,46,414.855461
185.36636,42,415.44417
200.33943,46,415.657124
255.49529,57,415.984938
158.5843,36,416.33648
201.148,46,416.499443
301.01508,61,417.017955
256.50583,59,417.403574
245.8179,53,418.103721
199.02481,46,418.517017
85.70883,18,418.732229
212.82957,48,419.207174
255.47987,56,419.652298
265.2966,61,419.797747
245.28069,55,420.687899
284.58005,59,420.965588
224.03435,46,421.086462
309.9249,62,421.294326
222.80289,48,421.618154
239.95905,55,421.936198
198.58081,44,422.150331
297.94672,64,422.444709
312.80014,65,422.728551
295.83118,63,423.025079
278.124,55,423.132249
265.4177,61,423.29047
239.70868,51,423.595834
331.3126,68,423.858098
264.10416,57,424.191518
273.367,57,424.382486
267.57703,53,424.487652
305.40546,64,424.611709
343.53415,74,424.880701
272.8193,55,425.15786
284.27472,64,425.646518
255.16261,54,425.844149
186.57468,40,425.945542
265.48904,53,426.169983
368.47324,76,426.652861
236.72154,54,427.156266
198.83774,47,427.453339
250.06635,51,427.660042
175.21208,40,428.128839
229.37631,51,428.542233
219.19307,51,428.725019
203.86214,47,428.906563
265.60995,54,429.137713
198.44531,43,429.382591
223.07486,48,429.710748
241.28442,54,429.849705
239.0352,54,430.066356
203.00066,46,430.417647
209.12383,46,430.707998
194.47226,43,430.921579
221.76228,47,431.042017
337.1769,71,431.295978
189.38797,42,431.465979
218.7641,49,431.732599
204.06194,45,432.030176
159.28368,36,432.210686
189.09865,42,432.412702
190.47385,44,432.486376
212.96721,47,432.577725
100.12465,21,432.609398
238.19872,52,432.770932
255.12503,53,433.019845
225.88524,50,433.332414
268.94586,57,433.576049
203.80621,45,433.765805
202.90482,46,433.955807
225.00156,51,434.279398
189.76813,43,434.506047
175.7192,38,434.613004
278.70786,61,434.85275
228.76105,51,435.028309
240.92383,55,435.142553
222.60515,51,435.246365
155.13087,34,435.37352
186.69304,43,435.472761
232.571,54,435.633756
258.0654,58,435.772887
215.82631,46,435.877276
230.28624,53,436.004185
197.56049,45,436.112794
169.28737,37,436.233011
302.19296,65,436.483317
239.64128,55,436.675242
273.83905,63,436.820039
200.08983,45,436.921027
305.02896,69,437.049499
244.59894,55,437.229447
181.53632,35,437.307566
169.84897,37,437.423908
212.58945,48,437.547112
202.29568,46,437.691767
247.8229,56,437.919418
234.15355,53,438.132766
179.5811,41,438.291852
163.33138,35,438.354339
146.76242,28,438.449476
273.68622,62,438.590341
269.5146,63,438.768248
248.51515,57,439.032284
247.63512,59,439.206924
269.00198,56,439.342436
191.59766,42,439.435663
258.02307,61,439.565352
229.9803,52,439.667448
195.7286,44,439.749728
227.40343,53,439.829934
227.85121,52,439.922012
183.08104,43,440.018785
210.21565,48,440.11207
242.10829,55,440.238442
203.87157,47,440.324551
207.06364,45,440.404088
185.69913,45,440.485482
243.31703,55,440.595231
211.90082,47,440.725113
240.29375,53,440.874535
235.8356,56,441.010618
242.89812,54,441.10179
227.1199,53,441.261761
211.5037,48,441.379007
220.94485,53,441.535292
250.96538,60,441.636386
213.99019,49,441.713153
234.53134,55,441.810224
196.53415,48,441.920206
248.8327,59,442.08734
232.32314,55,442.177663
203.84834,48,442.262279
164.91403,40,442.329527
137.36986,33,442.376338
150.3692,35,442.458141
128.43245,30,442.521298
134.87808,32,442.566976
176.26643,41,442.685726
178.62611,42,442.905452
147.21179,35,442.991146
130.2463,31,443.096125
126.75572,31,443.16738
123.65475,30,443.314359
142.97263,34,443.378043
143.39471,32,443.454015
145.39714,34,443.610411
164.41258,39,443.850785
146.82703,34,443.902788
139.75615,32,444.079673
123.25124,29,444.167341
145.75978,34,444.281229
119.55852,29,444.37017
134.53534,32,444.559307
115.19293,28,444.67435
92.58243,22,444.754577
88.298546,20,444.821525
131.51633,32,444.935489
156.10005,37,445.02361
152.72902,35,445.09552
147.83702,35,445.174268
117.494896,28,445.2189
163.76775,38,445.345645
196.88696,47,445.449313
191.64467,47,445.580584
171.57166,42,445.67562
151.65474,37,445.761088
198.44934,46,445.884588
190.92131,46,446.030293
182.87616,44,446.275692
140.76328,34,446.373709
159.34288,38,446.444916
240.13269,58,446.586274
231.3943,53,446.683804
244.89081,59,446.778785
258.55643,61,446.920531
202.63708,47,447.003999
218.92265,51,447.185721
295.91486,65,447.390888
261.9753,61,447.572626
217.81564,47,447.662827
200.63214,45,447.807996
228.01295,51,447.917259
268.34677,61,448.092573
290.71042,64,448.380174
195.81874,44,448.483428
225.37338,52,448.634537
219.82607,48,448.763617
182.45192,42,448.848134
226.09135,52,448.957319
225.23154,53,449.085426
293.28647,63,449.252818
362.80588,74,449.425032
236.29709,55,449.577715
185.29532,42,449.66673
217.65863,49,449.813298
240.33498,54,449.915079
195.40205,44,450.044304
230.0686,54,450.161166
269.4855,61,450.327996
209.40788,50,450.469553
197.60023,49,450.567498
195.84566,43,450.700361
169.54369,38,450.821673
235.69444,57,450.916543
199.74765,47,451.016632
230.08197,52,451.136206
210.75552,50,451.305753
200.50156,45,451.396203
258.5139,59,451.519686
237.8976,56,451.678312
242.66035,57,451.803706
275.878,66,451.919669
236.30351,56,452.098529
218.13301,52,452.342327
192.94583,44,452.501446
297.477,65,452.667978
260.1239,61,452.896168
245.40092,55,453.016231
237.81075,53,453.162176
278.64816,63,453.313186
229.81543,52,453.434786
327.88098,75,453.606309
214.31873,48,453.75293
209.65836,47,453.838683
232.31924,53,453.951632
230.88359,52,454.090557
259.76398,59,454.186339
242.38448,54,454.340208
213.3842,49,454.485394
226.92477,52,454.585212
315.11877,67,454.733701
228.2587,50,454.897296
224.019,50,455.035707
247.19264,57,455.14902
242.34024,55,455.29863
250.48827,56,455.453538
357.09924,73,455.642995
237.98456,50,455.760564
242.14574,56,455.934751
310.9893,68,456.198861
377.62793,81,456.462206
326.4315,71,456.651459
287.54767,66,456.862045
301.24283,71,457.061046
307.01492,65,457.20086
267.81183,56,457.45139
267.87012,62,457.579008
392.8576,90,457.798855
305.6043,67,457.906957
493.28308,116,458.234211
318.06854,64,458.357088
363.39322,78,458.538794
352.14984,72,458.674022
296.1285,62,458.860418
277.61984,64,459.017621
225.11539,49,459.108743
342.00183,76,459.264899
292.5926,61,459.407665
287.9402,65,459.579258
246.6503,55,459.737811
302.55933,64,459.877899
265.99112,59,460.04617
278.88983,60,460.177774
200.91287,46,460.25245
328.71085,70,460.400528
271.10272,63,460.540053
299.28278,64,460.653667
288.16113,61,460.790514
304.267,58,461.001374
304.94952,63,461.233893
265.0805,57,461.385632
300.3396,64,461.552089
271.3817,57,461.687473
294.67557,60,461.786005
268.7353,55,461.921636
239.79253,53,462.18459
324.07214,69,462.329936
273.32913,63,462.505142
279.09412,61,462.700369
276.865,62,462.869601
270.56775,58,462.998873
283.7501,58,463.188461
270.636,58,463.318422
258.85553,55,463.422604
227.95712,49,463.510715
282.74695,57,463.639041
233.86888,49,463.75957
151.58052,30,463.826971
232.43463,50,464.044084
215.68002,45,464.298174
251.59529,58,464.507801
164.25636,34,464.58831
245.4213,50,464.839386
298.91516,58,465.003203
232.65881,49,465.109552
285.85974,57,465.221464
285.19522,61,465.430649
395.62933,76,465.602713
258.75696,54,465.732343
253.15091,57,465.853302
271.8671,59,466.045534
250.5289,51,466.171937
255.39722,56,466.349085
256.71753,52,466.547066
297.5829,65,466.711574
315.76254,68,466.885657
271.66672,60,467.135896
258.75452,52,467.396727
359.5757,74,467.632191
176.327,37,467.700713
155.16127,32,467.762867
262.818,56,467.892861
328.0435,68,468.117802
232.80634,51,468.246254
231.11873,50,468.322483
235.37119,48,468.399984
237.90578,55,468.48169
226.80673,45,468.614932
218.37727,46,468.705482
341.12973,69,468.809963
259.82632,56,468.894709
308.96802,67,469.090628
211.08167,42,469.209312
245.12076,52,469.37764
327.21667,65,469.495529
276.163,59,469.606911
80.57987,17,469.631403
80.84032,17,469.658371
243.61871,54,469.757854
294.94092,61,469.908493
300.12344,56,470.090183
278.91318,66,470.254626
330.02185,72,470.507233
307.53223,61,470.718388
273.70737,61,470.829438
163.18341,32,470.872251
285.96692,58,470.966938
252.21315,50,471.072447
234.65784,54,471.160326
297.52878,61,471.370564
262.2034,57,471.469428
218.67265,52,471.562559
230.99321,52,471.655937
403.32672,79,471.872692
257.96408,53,471.985917
322.20435,66,472.115706
254.32014,51,472.251262
235.63695,54,472.368456
85.82966,18,472.434901
324.15237,68,472.640878
343.754,73,472.778122
349.3002,75,472.966479
337.20197,68,473.138741
268.20645,57,473.303139
351.17487,66,473.48474
225.19138,45,473.607255
276.15234,58,473.741996
253.8077,60,473.922744
291.45953,67,474.170859
210.68697,50,474.570049
260.49496,55,474.848066
254.84627,47,474.971578
207.4221,48,475.07035
303.66217,64,475.264014
304.74466,66,475.41222
289.8624,61,475.633493
346.92334,69,475.927555
229.57347,45,476.183491
273.22675,60,476.394306
301.92044,68,476.66713
321.4502,67,476.832543
346.36624,71,477.108477
298.90448,65,477.306421
304.09985,65,477.452008
270.8033,58,477.599475
337.5366,73,477.78173
306.61523,68,477.951612
303.76782,65,478.212235
298.12747,63,478.339475
238.97026,55,478.465084
405.11713,86,478.639496
317.25577,66,478.806446
321.89285,73,478.991697
294.69702,59,479.167391
256.08417,52,479.342889
298.46054,64,479.545233
287.07404,62,479.681739
355.6926,72,479.877153
280.8886,58,480.017518
367.58804,77,480.165041
254.86034,55,480.263209
396.76566,76,480.41898
357.98563,71,480.552784
270.20453,54,480.646973
313.20718,61,480.809131
274.287,57,480.909945
303.05347,65,481.014306
273.65515,54,481.141777
353.1432,68,481.265716
339.61484,68,481.383659
276.38718,62,481.517854
327.83798,62,481.651019
321.5366,62,481.785346
753.5581,170,482.220151
258.2271,49,482.374963
168.69646,34,482.491552
366.68503,83,482.77426
284.75302,54,482.885622
319.16418,71,483.11723
215.93219,46,483.185147
371.49643,73,483.380499
257.69067,55,483.530743
309.15823,63,483.718826
302.32822,57,483.855565
347.6212,71,484.088802
316.58698,67,484.236985
305.52112,65,484.391903
265.21115,55,484.47679
287.18033,61,484.580663
183.80853,38,484.660469
386.69806,81,484.867774
323.19016,64,485.027945
330.22763,66,485.2833
293.64423,62,485.577996
393.06146,78,485.845821
254.39287,50,486.034023
412.12195,81,486.185251
273.3007,61,486.293287
312.1876,61,486.437407
389.12357,84,486.612347
272.9292,59,486.726105
249.88461,53,486.84872
299.43713,68,486.993781
321.884,68,487.130358
267.60925,60,487.294404
91.83327,19,487.3583
245.79758,56,487.491757
506.98035,103,487.730527
344.01852,68,487.987265
339.23096,66,488.273411
218.72423,45,488.43097
294.83475,65,488.611372
295.88025,63,488.752951
312.483,66,488.922684
102.96783,21,489.045361
275.69043,53,489.281901
315.75693,64,489.4685
103.672134,21,489.519659
268.8867,56,489.693822
411.62503,77,489.841885
283.53442,62,489.991446
325.3877,70,490.225713
296.34207,62,490.351251
347.80957,74,490.570378
312.82922,66,490.685006
250.6221,57,490.785711
104.22011,21,490.815463
352.63095,71,490.939763
300.27234,69,491.077044
169.85701,33,491.158484
275.8131,54,491.251537
190.45485,39,491.311538
382.91568,78,491.474298
87.47022,18,491.528429
301.9395,66,491.725858
374.88712,78,491.959502
266.5925,58,492.20319
277.30215,60,492.31883
286.8485,61,492.424407
308.7915,67,492.578004
305.3154,70,492.714292
272.0732,54,492.811164
234.39609,50,492.903888
293.19058,59,493.021724
430.87418,86,493.244951
438.54898,95,493.431375
316.80344,68,493.60191
220.90802,47,493.682239
281.72968,58,493.808318
291.98193,58,493.900651
294.72537,63,494.048823
296.42825,60,494.173856
325.06625,67,494.324589
271.45215,58,494.440155
331.0329,69,494.585831
244.81166,56,494.708715
308.39862,64,494.884465
296.78638,64,495.075755
278.97107,60,495.224171
333.12344,69,495.333113
133.2749,27,495.384298
195.19466,43,495.486312
430.49127,89,495.629405
319.4564,70,495.770999
91.04762,19,495.802809
382.25732,84,496.020979
285.6486,57,496.133645
332.09482,66,496.260793
226.68385,48,496.349305
343.75375,71,496.476535
377.8671,73,496.6285
198.07423,39,496.706522
455.8993,91,496.867642
139.13754,28,496.910092
171.54411,34,496.985451
264.1972,60,497.106895
322.86804,69,497.309565
250.68747,51,497.456628
347.77527,69,497.585102
357.7287,68,497.723014
216.49112,44,497.789299
245.72052,50,497.903256
108.22607,22,497.957762
165.73047,38,498.115136
123.88023,25,498.152579
216.25832,42,498.234221
301.86636,60,498.334665
212.90666,42,498.402
213.0442,42,498.567776
253.53798,58,498.738884
107.85901,22,498.794638
257.0735,53,498.917472
181.68597,38,499.025057
124.856834,25,499.085925
373.76324,78,499.281225
287.50546,60,499.425404
344.57465,65,499.572465
236.67986,50,499.800349
297.32788,59,499.925491
244.71568,53,500.017914
232.27637,47,500.209316
218.14062,44,500.302955
107.8408,22,500.338895
443.48038,91,500.586247
304.16452,63,500.791499
278.28888,59,500.914957
265.16083,55,501.032531
398.93213,82,501.249821
225.03403,48,501.475871
230.17004,49,501.650503
331.11295,69,501.885741
262.28583,51,502.010558
299.9093,63,502.140611
361.21332,74,502.295254
291.65567,62,502.405994
307.27353,64,502.547332
172.61034,39,502.629749
220.19598,47,502.750781
357.40167,76,502.936495
474.99982,93,503.096774
259.03644,54,503.180255
359.83432,73,503.339006
251.78601,54,503.433466
259.51276,55,503.580054
304.7865,65,503.695389
257.33505,55,503.839256
312.99353,68,504.072152
193.80089,43,504.156635
274.6937,58,504.272725
206.42368,46,504.379211
282.61432,59,504.502579
252.56992,56,504.662995
224.6068,50,504.751957
290.784,62,504.864914
378.63504,81,505.071841
193.36017,43,505.171079
247.71834,53,505.379225
345.2151,73,505.584021
295.27158,62,505.714176
241.70357,53,505.806426
210.38722,47,505.901741
169.9859,39,506.037832
329.82153,70,506.314843
210.43532,46,506.478681
212.03026,48,506.593767
217.69707,48,506.693599
340.70587,80,506.872499
295.00256,65,507.038303
292.91458,64,507.158913
267.58676,61,507.283906
266.14203,52,507.375104
320.0032,69,507.535066
165.85837,38,507.61028
241.81525,54,507.710084
255.45436,49,507.848223
258.41525,49,507.944963
366.45862,77,508.116861
220.65852,48,508.222209
312.47388,65,508.420846
342.45428,70,508.653826
300.65656,63,508.759807
211.25891,46,508.85928
293.04413,60,508.95133
291.55664,62,509.063958
453.40176,93,509.304203
268.24097,58,509.394047
346.86188,70,509.547456
439.09644,94,509.74668
347.36682,70,509.871058
343.11197,72,510.028334
315.6069,61,510.155636
270.4951,55,510.36898
178.2073,39,510.448443
189.16692,42,510.535009
471.16428,93,510.726718
295.0303,57,510.84127
284.5298,58,510.983457
447.41486,87,511.254664
385.92166,75,511.510378
410.62845,79,511.851801
346.52792,67,512.100862
325.3455,66,512.342666
235.68452,50,512.488609
235.49208,48,512.622521
283.13544,61,512.775288
202.88623,45,512.879456
290.83765,60,513.096158
326.25653,67,513.302268
270.2885,55,513.49581
281.68137,60,513.676743
203.88615,43,513.851207
225.15207,47,513.978522
253.4468,51,514.171512
298.4746,60,514.309946
235.04176,48,514.420818
266.57553,54,514.54566
317.7531,64,514.658474
247.7673,51,514.901277
271.28015,55,515.086509
282.41403,58,515.279297
261.04208,53,515.487704
272.8261,56,515.729802
291.48547,60,515.844593
303.21637,62,516.035266
252.7215,51,516.36728
260.3946,52,516.586481
268.90082,55,516.878569
296.95993,60,517.069514
290.97565,60,517.29553
293.84064,60,517.446358
232.81836,49,517.574675
254.44333,53,517.834942
322.4527,65,518.057705
282.5182,58,518.329996
231.26454,49,518.500275
280.29108,56,518.652929
313.1378,64,518.969872
249.37204,51,519.069491
293.06927,59,519.233747
254.76517,54,519.337434
233.92067,51,519.432029
273.19547,55,519.535595
266.2123,54,519.689682
282.78116,57,519.807563
268.31268,54,519.918339
251.3272,48,520.005012
239.36166,50,520.088283
296.21967,56,520.209772
315.94168,64,520.355205
269.94107,56,520.527549
245.39436,50,520.644286
296.92902,59,520.801994
276.83148,58,520.920985
313.2831,63,521.201577
293.92136,60,521.373429
304.33005,62,521.514644
338.241,68,521.741213
275.04507,56,521.94707
270.58682,56,522.151474
296.26355,60,522.274664
273.16284,55,522.399346
261.40463,54,522.604555
260.32355,54,522.744359
259.2222,52,522.860868
280.13623,56,523.007841
285.31177,57,523.191077
213.46687,46,523.318061
245.64357,49,523.470127
452.48132,88,523.717918
222.56557,47,523.90666
239.86984,50,524.102979
266.91266,53,524.378927
276.92947,55,524.557813
291.2077,58,524.661958
282.8192,58,524.782877
239.0852,49,524.903181
280.96768,59,525.054518
318.64468,64,525.184425
266.21494,53,525.366589
291.7894,58,525.538173
301.66312,62,525.767412
320.82697,65,525.95735
260.36566,51,526.11469
283.37094,57,526.403981
306.23447,62,526.690014
370.68463,71,526.953029
266.3321,56,527.057591
336.334,64,527.179802
222.17673,46,527.247118
264.8298,54,527.343964
266.82175,56,527.441208
351.2371,70,527.580304
295.546,59,527.674312
334.33447,66,527.779057
360.65024,71,527.987248
272.6005,55,528.099261
303.4114,59,528.248852
217.46329,43,528.337543
340.24896,68,528.486717
357.77722,72,528.699739
229.22293,47,528.795615
231.72275,47,528.911959
260.60263,51,529.111082
294.8458,57,529.402261
298.66708,60,529.57469
317.18295,62,529.717003
222.45895,43,529.894326
336.81516,64,530.019039
265.14093,55,530.146525
272.49258,56,530.267977
252.39603,51,530.400376
277.7163,55,530.538131
252.46323,51,531.117642
278.54126,56,531.382661
263.65887,51,531.516369
301.26495,59,531.641677
269.36115,52,531.750423
211.22005,46,531.834355
186.73798,38,531.899331
225.16423,47,531.990739
270.4793,57,532.200234
298.04724,61,532.368915
259.0471,51,532.492827
240.93874,45,532.601079
269.7442,55,532.782207
291.96762,58,532.884803
300.7828,60,533.004488
265.37292,52,533.114959
86.997574,18,533.148419
282.47464,60,533.26946
206.04425,41,533.37787
276.3104,56,533.498758
228.27708,43,533.569397
256.71252,47,533.650859
318.9647,65,533.817207
196.26743,42,533.935201
346.423,68,534.058842
355.31046,70,534.208411
272.31787,55,534.327291
293.32578,58,534.44842
298.5885,60,534.567124
373.16684,74,534.807166
319.16058,63,534.963542
246.08865,51,535.153801
223.26086,45,535.25843
292.82327,59,535.37323
210.16061,45,535.456663
283.1421,57,535.571414
409.66467,88,535.780623
340.4681,66,535.967626
489.99612,105,536.15724
175.21538,39,536.255876
400.73532,83,536.531816
367.53363,72,536.694388
414.7906,85,536.907245
332.93387,66,537.037321
662.7295,135,537.445472
250.56296,51,537.57321
268.60034,55,537.676081
463.42023,102,538.050991
166.246,36,538.15628
197.23186,43,538.234577
191.92178,41,538.355389
375.78433,75,538.534258
231.0122,47,538.617605
288.84174,54,538.734818
234.18292,46,538.832772
142.57837,30,538.914764
162.899,36,539.004217
325.8388,66,539.191976
180.97667,40,539.31396
137.08968,28,539.373619
373.5784,83,539.661496
254.52205,52,539.804777
273.0274,55,540.012542
169.46707,38,540.094932
226.63637,46,540.186427
168.991,37,540.258661
181.53531,39,540.366357
478.70236,91,540.599909
329.58295,66,540.838804
135.40973,30,540.942971
247.01445,50,541.108021
352.65057,83,541.298952
318.89343,71,541.449853
322.57993,70,541.652201
300.57278,72,541.872243
344.42615,72,542.026906
331.86163,71,542.163106
327.34317,74,542.279482
255.64586,58,542.378794
351.03607,82,542.515895
331.24548,79,542.689892
147.73672,31,542.762709
371.9787,85,543.021839
347.07944,80,543.190881
204.86034,43,543.306308
289.0594,68,543.491436
265.39395,55,543.668012
182.97586,39,543.76475
255.03673,59,543.890098
288.6517,62,544.122566
217.64804,47,544.214899
248.51381,52,544.37468
267.58508,61,544.559748
339.53143,79,544.81848
306.03397,69,545.088604
276.03113,60,545.333133
275.34103,59,545.455188
276.29092,59,545.580425
301.0397,63,545.72223
266.38547,58,545.871523
250.25414,54,546.003388
339.1767,74,546.171742
300.65732,65,546.333143
258.16605,56,546.442097
442.63855,103,546.710935
260.9213,56,546.924555
349.125,77,547.284241
154.05264,33,547.404785
284.24268,61,547.538734
281.73782,61,547.912368
401.59784,83,548.14176
335.93256,77,548.356216
254.88577,55,548.512001
407.43964,82,548.750571
371.10788,80,548.973777
417.2554,96,549.419691
171.24847,37,549.528659
315.74908,66,549.675225
303.3852,68,549.783246
276.09964,63,549.976341
338.42148,73,550.17528
268.12885,61,550.310546
261.20505,60,550.510334
383.2805,87,550.709834
263.66696,64,550.827721
202.84184,43,550.929195
347.8725,74,551.061142
331.76636,70,551.185888
354.58755,76,551.311687
286.50598,63,551.425544
276.07666,61,551.554011
203.11555,41,551.63141
296.23914,63,551.830223
276.91898,60,552.035976
250.24477,52,552.216822
325.46365,69,552.420891
259.47217,55,552.622914
375.6252,73,552.814497
359.8796,73,552.993446
379.2381,79,553.257641
272.92636,56,553.485914
194.39017,41,553.612449
267.73492,58,554.090364
389.459,80,554.312548
377.68365,73,554.442962
264.2888,59,554.546893
254.2844,57,554.638537
259.44983,59,554.768845
319.7833,69,554.913181
264.22867,59,555.061653
385.56387,88,555.358378
440.53702,98,555.713242
306.91214,68,555.887026
305.291,72,556.091442
244.56929,51,556.260297
300.329,70,556.473973
207.95992,44,556.588726
152.186,33,556.669226
215.35266,47,556.760767
381.89545,78,556.979626
161.74174,35,557.077836
204.81128,44,557.17268
218.92827,49,557.273692
168.75746,36,557.366865
332.69336,81,557.551365
198.03267,43,557.643492
166.94534,37,557.721044
192.00911,42,557.87622
277.17023,66,558.077117
134.5591,29,558.130192
175.54468,39,558.208673
192.9503,41,558.300878
185.93729,39,558.383269
213.6474,47,558.48474
374.07306,87,558.751334
228.1146,49,558.88403
242.395,51,559.060119
297.50574,69,559.241835
173.24669,38,559.342393
255.82219,54,559.591899
213.45012,45,559.733895
247.3643,53,559.9166
275.8508,62,560.18392
351.29498,68,560.393275
203.93922,44,560.46694
191.28918,40,560.549618
325.85822,72,560.701838
221.91092,49,560.83258
345.05237,71,561.000893
304.88882,64,561.156973
296.67184,71,561.337058
166.47221,35,561.438778
228.92224,50,561.562144
401.7926,91,561.813073
308.70023,65,561.988088
162.42471,35,562.051018
154.986,33,562.115473
222.79926,47,562.257689
268.1159,59,562.364985
213.81973,44,562.437464
205.72888,45,562.516551
167.96672,36,562.608471
180.31247,38,562.671272
354.80103,81,562.833164
417.94293,90,563.105685
145.00879,31,563.261468
337.12796,77,563.666167
269.76962,62,563.892185
184.4036,39,564.047181
380.37323,79,564.350839
221.40123,49,564.523578
240.40924,52,564.717458
285.31635,61,565.000776
205.47537,44,565.127796
208.36583,44,565.334501
340.56992,73,565.514987
426.43115,95,565.751204
370.66043,79,565.887485
299.32645,69,566.042928
164.63684,36,566.125251
299.70926,69,566.246857
384.77524,91,566.42407
315.23364,71,566.619953
370.74103,87,566.920703
308.27795,65,567.051973
242.1751,51,567.145842
342.44583,75,567.355201
261.39822,59,567.499005
237.26549,52,567.640153
246.47972,53,567.800106
273.60263,61,568.042065
201.8916,42,568.157467
312.83844,67,568.286953
255.36353,54,568.390747
259.7376,56,568.521495
349.08984,77,568.693834
296.90247,64,568.818343
263.76962,57,568.958008
292.3189,60,569.113775
314.20636,68,569.284861
285.09018,59,569.427383
285.12357,61,569.56776
627.6314,126,569.851205
355.05835,75,570.135399
306.46933,64,570.342609
288.7288,58,570.548657
287.00327,60,570.755348
325.37756,72,570.907372
433.167,87,571.100255
355.4899,75,571.29057
295.93298,67,571.4259
373.80997,76,571.602134
295.32617,64,571.766867
306.63464,63,571.885556
266.1966,55,572.040266
276.28424,56,572.167193
319.8117,67,572.31949
333.368,74,572.598143
273.2613,60,572.891752
318.6238,63,573.064064
237.38206,54,573.237732
302.12112,61,573.448394
323.69095,69,573.622915
344.13412,68,573.774672
263.3251,55,573.913698
241.39648,53,574.115381
282.1039,55,574.255724
289.3223,55,574.383613
319.74976,67,574.583164
195.56273,39,574.670952
254.30223,55,574.784766
239.92528,47,574.897199
221.75266,51,575.054347
299.67822,60,575.316806
191.93063,37,575.512485
215.04442,43,575.597932
288.19403,60,575.758478
284.56577,62,576.022032
292.34714,61,576.177491
281.34106,67,576.386095
251.27327,51,576.471454
292.72446,63,576.654607
309.54227,61,576.877796
428.19543,87,577.123736
284.59158,59,577.298006
296.1339,61,577.475833
359.32693,75,577.707019
241.38905,49,577.886757
371.8363,77,578.139475
231.27376,48,578.234111
290.53662,57,578.418928
278.2262,57,578.583956
325.2937,71,578.768645
312.65347,71,578.908613
274.7615,62,579.041112
273.90964,55,579.184906
140.36449,29,579.253416
242.13687,50,579.465166
278.90234,58,579.580531
281.8436,62,579.74451
313.49023,59,579.927603
316.1063,60,580.078722
274.0772,53,580.235013
251.33603,57,580.370505
309.66376,64,580.507415
285.60733,56,580.67755
304.859,60,580.766046
332.20178,74,580.890722
274.11166,59,581.032659
289.04196,62,581.183798
277.2618,54,581.30233
245.84392,55,581.51442
229.69374,47,581.709829
311.71494,65,581.948694
305.17203,72,582.081645
249.58524,49,582.218508
258.78305,53,582.308905
348.13773,74,582.444226
261.046,60,582.562511
259.8334,62,582.821188
380.16815,78,583.137929
299.1058,61,583.391822
409.23282,83,583.635199
225.57747,45,583.767619
399.09738,89,583.998152
306.39206,57,584.150996
263.86404,53,584.272988
274.87823,56,584.400059
243.6491,49,584.546901
353.7003,65,584.726525
277.26505,64,584.892247
293.17813,61,585.067223
286.79706,64,585.26751
275.3726,55,585.468117
330.88074,67,585.644418
274.0337,61,585.848785
302.66592,68,586.077403
468.76157,94,586.489265
214.37277,48,586.686322
254.69772,60,586.84479
289.5769,64,586.992224
340.4883,71,587.1321
280.69498,57,587.293725
319.009,70,587.464554
271.42108,54,587.555997
189.2441,37,587.685031
158.83392,33,587.775699
260.07095,58,587.985648
174.36172,36,588.118529
258.89682,51,588.213177
257.771,51,588.343334
288.0582,61,588.518535
135.06294,28,588.584477
249.46202,47,588.771343
321.31955,70,588.969591
200.5442,41,589.069958
308.24765,63,589.22163
285.14023,54,589.375468
248.21083,53,589.608027
285.10538,63,589.824164
264.10706,54,590.000515
266.303,56,590.203634
197.19527,38,590.3716
319.8084,64,590.610714
302.7137,66,590.817091
266.25906,58,590.930641
350.70612,79,591.097383
285.05157,60,591.236979
180.752,38,591.320421
463.94635,90,591.533018
290.34616,63,591.715349
245.90999,53,591.960987
312.1502,66,592.184193
306.44733,62,592.354638
279.86432,59,592.561922
318.83234,65,592.763145
269.14838,56,592.976156
300.01974,59,593.252517
368.0278,79,593.447081
279.48495,59,593.624464
274.71844,58,593.753862
294.6065,60,593.931615
302.77753,64,594.063193
304.44452,63,594.261486
330.8263,70,594.473215
318.31207,68,594.644253
359.40512,80,594.835056
306.3897,67,595.011899
254.59303,53,595.159073
276.96356,58,595.324804
301.00714,64,595.493095
251.38206,56,595.607162
315.83923,67,595.774606
305.50323,65,595.999084
248.51128,55,596.126203
292.95615,63,596.351174
226.15588,50,596.506391
277.30887,58,596.695225
275.16983,59,596.848828
270.78967,56,596.990975
271.54706,57,597.136243
291.01193,59,597.273043
307.82098,64,597.447722
322.77432,71,597.703598
274.51544,57,597.885897
302.3414,61,598.067683
254.55351,56,598.185478
271.83124,56,598.38345
222.37764,46,598.536106
292.15454,61,598.735695
280.38663,59,598.896414
297.31665,63,599.125277
274.82883,57,599.348549
275.62112,54,599.615073
317.87976,66,599.883736
275.70425,56,600.145938
276.0445,57,600.37801
308.4815,64,600.55459
331.5187,71,600.702858
290.21652,61,600.898504
254.42633,53,601.014503
276.86404,58,601.161591
322.25446,68,601.370867
286.02747,59,601.550962
275.631,58,601.658483
243.12271,53,601.766338
312.2767,65,602.0148
332.322,72,602.171601
263.59802,56,602.352983
379.16742,81,602.593927
290.38016,61,602.753738
236.99843,50,602.957687
294.8481,66,603.218598
264.40326,56,603.337402
300.64246,62,603.590655
308.9418,65,603.804784
232.228,50,603.905895
278.50388,62,604.075625
292.7411,63,604.221434
253.65216,54,604.374882
334.54236,70,604.541185
249.85081,52,604.792515
287.2971,61,604.941111
251.45612,54,605.067422
324.94952,69,605.301548
300.1996,63,605.691922
227.52902,48,605.802829
295.72137,61,606.036151
251.7443,53,606.286218
244.00432,51,606.408888
318.68738,66,606.590359
262.6327,55,606.822429
260.4012,57,607.004853
297.06186,65,607.209605
275.53046,62,607.376953
239.44333,51,607.550744
264.3716,56,607.686027
254.66998,54,607.79699
262.6492,56,607.926435
312.9598,71,608.053403
275.30707,60,608.254615
246.27551,53,608.355831
260.79074,55,608.47336
293.13254,63,608.654622
268.45416,57,608.825286
235.99084,50,608.969861
269.1386,56,609.119775
278.8836,61,609.279016
291.80753,61,609.434613
232.65517,49,609.532707
248.88203,52,609.682348
348.71127,77,609.931784
276.64136,59,610.101188
336.29132,70,610.405047
264.76523,59,610.786139
230.27882,48,611.244064
284.61813,62,611.908611
334.4839,73,612.819479
340.55682,74,613.554328
291.60403,63,613.947276
287.144,59,614.811249
276.04248,57,615.513343
280.61127,60,616.135097
253.05165,55,616.813006
223.66504,48,617.130191
278.83203,59,617.436155
311.59644,66,617.637534
310.6229,66,618.199371
334.3192,76,618.653285
232.74321,50,618.768472
289.07346,61,618.912631
387.55728,84,619.914108
247.95634,56,620.440599
303.49496,66,620.839283
256.32315,56,621.766657
308.76624,65,622.146834
277.39325,56,622.770635
256.79675,53,623.35102
246.82056,56,623.851148
255.63408,58,624.369312
295.03268,67,625.423131
301.18414,64,625.98742
336.1356,72,626.459314
338.98538,76,626.734221
439.59558,86,627.575508
246.51033,52,627.920111
338.09247,67,628.664843
404.5686,85,629.609782
285.04544,59,629.996937
267.3989,57,630.393315
250.09836,51,631.188213
254.85828,55,632.22987
304.99442,64,633.037661
262.6891,53,633.518348
271.10303,61,633.964108
278.49875,57,634.397054
307.1714,62,635.239718
309.35654,65,635.652054
266.93677,59,635.766458
310.52756,64,635.893429
258.1556,51,636.303229
265.35602,55,636.825735
277.55984,55,636.925716
225.69693,47,637.007296
292.0645,64,637.481474
310.74323,69,638.447217
273.87677,59,639.083406
404.5178,84,639.974099
238.59619,52,640.514183
276.9814,57,641.473405
252.07121,50,642.04863
306.43933,67,642.514399
205.77477,44,643.333357
334.8618,69,643.953551
288.791,65,644.550026
279.92923,62,644.77259
251.70624,54,645.42307
242.15692,51,645.91859
267.71744,56,646.578064
256.26392,54,647.065406
265.31802,59,647.61887
347.9304,80,648.803468
261.476,56,649.378002
320.55908,68,650.584572
239.4119,55,651.25281
301.8746,64,651.758348
267.71594,61,652.620643
274.8137,59,653.180688
269.22424,56,653.558231
262.17593,56,653.659055
356.83365,77,654.466456
283.58582,59,654.911139
323.59793,71,655.0446
234.96202,49,655.194982
366.8712,73,655.386659
327.8379,71,655.973936
305.9144,66,656.41923
306.94458,67,656.710631
311.34592,63,656.931759
275.79645,55,657.160473
235.66278,51,657.448663
334.48422,72,658.092728
251.5364,54,658.496873
290.56165,63,659.353353
288.69846,61,660.375543
235.28635,49,660.880149
326.88013,70,661.111087
290.44962,61,661.820232
287.5188,63,662.525327
302.16138,63,663.001348
328.38272,71,663.277379
289.04022,60,663.462891
302.72513,62,663.570648
283.47107,57,663.788105
296.59406,61,664.371356
259.59494,55,664.542266
252.46614,57,664.681189
285.99377,60,664.845082
312.70242,67,665.062583
288.08228,65,665.685025
287.63696,59,666.357277
264.56638,54,666.863125
328.97076,67,667.192205
359.79868,79,668.035596
298.19107,60,668.543793
228.33333,52,668.93023
335.42545,79,669.673418
241.47656,54,670.06591
222.39781,45,670.365571
287.56577,64,670.849897
248.34753,56,671.146023
261.79282,60,671.584193
291.6757,59,672.063376
376.6676,87,672.501457
259.41693,57,672.757741
271.23166,54,673.032734
329.0583,68,673.243869
367.19614,82,673.9301
346.31998,66,674.240006
301.0801,59,674.739812
256.84076,52,675.167331
276.45374,57,675.60087
355.62018,81,676.256946
307.24213,61,677.024856
287.71796,58,677.619392
320.58554,65,678.242634
311.07144,62,678.651474
287.5267,59,679.497887
328.4565,75,680.244117
370.10254,76,680.849869
296.67212,67,681.303001
432.412,89,681.740148
316.4983,66,682.024945
420.69168,90,682.495194
318.84048,60,683.180907
321.35287,66,683.448936
380.07034,80,683.847162
304.82953,61,684.447132
303.88284,59,684.859944
298.14017,61,684.995313
326.89325,65,685.759971
333.71127,65,686.140239
330.7282,67,686.462119
307.3933,63,686.970368
292.78726,58,687.316613
295.8385,59,687.420508
371.725,80,687.621255
316.33804,67,688.149354
319.03232,67,688.482202
313.93823,60,688.680234
364.30975,74,689.141874
336.02145,69,689.819302
280.698,60,690.333762
305.28064,65,690.979167
267.3994,53,691.391956
348.4459,67,692.193333
371.67307,78,692.691975
186.57515,39,693.259227
402.68918,82,693.614389
152.95576,32,693.672566
280.89795,57,693.830708
332.4924,66,694.014543
151.71956,32,694.078815
268.52252,55,694.405206
407.6097,83,694.835562
365.53964,71,695.24691
197.02184,40,695.477364
327.90683,73,696.128824
270.1065,56,696.426897
286.3865,55,696.867894
263.77963,55,697.356331
276.07202,57,697.528192
258.04153,50,697.633816
178.90456,37,697.723359
277.94394,58,698.368529
178.44151,38,698.612528
328.49722,65,699.15978
234.92162,48,699.697622
312.7692,63,700.379037
205.38295,42,700.767411
354.34363,71,701.642255
229.41562,46,702.121657
211.56967,42,702.375979
297.12048,63,702.803517
285.8728,58,703.038859
191.64815,39,703.161588
274.26877,56,703.760067
275.71112,55,703.964018
204.4891,41,704.077826
263.60507,53,704.262769
282.71527,58,704.676903
133.54686,27,704.766558
235.49832,47,704.957014
394.22552,74,705.252879
154.0948,32,705.339381
259.23352,55,705.600219
218.47641,43,705.936819
154.04584,31,706.103162
281.2494,65,706.642479
293.96606,59,706.969396
287.3903,56,707.389837
305.61432,65,707.892212
240.77525,48,708.111261
227.54019,47,708.229676
313.72128,60,708.843
355.95956,79,709.376405
280.949,54,709.757759
322.36194,66,710.126779
254.0817,51,710.362941
466.487,96,710.964522
170.7383,34,711.411673
295.9754,71,711.929445
310.28784,61,712.38047
454.5166,90,712.657156
245.21765,50,712.980107
128.99844,27,713.157751
296.88382,63,713.530478
312.0094,62,713.85016
260.6272,51,714.037899
248.15991,48,714.550783
361.4388,81,715.36785
382.37732,76,715.859851
279.81763,67,716.217611
271.85562,66,716.795582
311.64713,62,717.293046
255.7678,50,717.469805
272.02103,58,717.722783
405.47272,84,718.217751
300.97647,67,718.879851
280.67877,63,719.312998
168.8799,37,719.664515
289.37036,62,720.692364
248.3288,50,721.041866
211.21252,43,721.334843
283.11475,58,722.125817
257.33667,52,722.298185
288.1458,56,722.501978
381.9973,79,722.99741
316.4696,68,723.264031
276.4427,54,723.540825
200.44113,42,723.649533
407.54416,80,723.981353
305.844,63,724.52597
296.6627,58,725.088124
303.77545,64,725.542928
281.78018,59,725.809354
286.31192,57,726.254955
282.53244,59,726.841345
314.82382,62,727.576455
193.18271,40,728.095501
113.965485,23,728.192884
326.9803,70,728.780006
226.5846,44,729.008121
247.46066,51,729.212621
233.1055,46,729.596394
289.02853,64,730.199855
271.37628,53,730.646271
248.51457,53,731.123263
270.91183,56,731.466303
318.5825,69,731.970984
189.63315,41,732.037848
98.332375,20,732.176582
291.91025,62,732.968057
154.6999,33,733.017973
165.13727,36,733.081346
181.75468,38,733.158596
156.31616,33,733.212123
333.13315,72,733.400548
287.2014,62,733.551638
296.92148,63,733.728671
341.12637,67,734.092195
205.88898,45,734.180931
129.6005,26,734.253088
233.23856,46,734.478124
250.504,50,734.658286
159.99744,34,734.833122
293.7131,57,735.162213
137.18117,28,735.24728
251.58562,49,735.489443
302.39407,66,736.059312
203.00621,42,736.240194
303.95346,59,737.00192
174.525,36,737.695625
472.08762,104,738.555071
134.98648,29,738.653496
119.24235,24,738.773239
297.33618,64,738.946798
129.01154,26,739.001788
282.76523,54,739.348416
292.36194,64,739.806297
182.91646,36,740.407441
194.34016,40,740.626093
231.77238,50,740.909486
217.31912,47,741.241274
213.60226,43,741.35387
128.80626,26,741.400662
258.0796,53,741.545255
163.96347,34,741.602991
180.40225,37,741.695895
174.023,36,741.928871
240.63443,47,742.072102
234.09244,48,742.301795
92.81843,19,742.355284
241.7439,48,742.494564
97.74163,20,742.545953
115.64885,24,742.592523
235.08145,48,742.730762
335.1443,67,742.929763
307.18353,65,743.25638
196.95618,40,743.406867
164.56155,34,743.480247
243.50719,52,743.656339
186.7686,36,743.838053
188.21031,37,743.987559
173.47954,36,744.122926
265.18475,53,744.319761
140.46349,30,744.462187
263.33594,54,744.990308
134.4816,27,745.104174
206.84584,45,745.365135
313.96646,61,745.715152
273.34958,53,746.004728
276.13766,55,746.331839
276.3465,57,746.555862
228.60587,44,746.665599
176.76874,39,746.762076
277.7762,55,747.042414
261.77014,55,747.151212
340.97507,78,747.553558
251.93982,50,747.75569
310.35065,66,748.146222
307.33612,59,748.344397
472.16956,102,748.740931
350.72955,70,749.058265
378.48932,76,749.313225
284.12796,55,749.523995
292.92145,61,749.782886
318.68817,68,750.217798
255.36812,52,750.564492
171.58276,36,750.634482
245.81972,49,750.72689
262.535,52,750.851557
109.87392,22,751.019873
242.34767,49,751.347767
300.1056,63,751.617143
261.60214,52,751.719683
265.6393,52,751.85945
272.5266,58,752.046393
311.70096,69,752.779469
284.11444,57,753.110912
321.13336,69,753.319624
277.47095,57,753.626381
215.55261,45,753.833307
209.14407,45,753.991359
299.3655,60,754.359284
201.13776,41,754.598829
324.53857,65,754.992948
303.04724,59,755.362416
255.97601,52,755.573653
204.48477,45,755.655482
238.12611,47,755.836304
247.60068,53,756.029778
247.78442,49,756.256597
239.52185,51,756.432972
303.2064,62,756.710398
364.5472,85,757.088553
269.02435,53,757.275434
183.67151,37,757.393977
170.93365,38,757.517451
193.04407,40,757.665706
233.7975,51,757.845918
265.75775,55,758.102566
240.56474,50,758.222744
270.6216,54,758.367704
160.1251,34,758.470512
132.23232,26,758.528583
297.80457,60,758.705905
288.92487,60,758.91437
243.14081,50,759.128753
268.74585,55,759.422769
286.47028,58,759.669492
230.90361,45,759.815613
294.72095,59,759.973984
196.94655,40,760.102696
370.63245,81,760.456864
159.86496,35,760.513231
257.60468,51,760.620841
266.01584,57,760.819675
177.30089,38,760.952794
290.0911,59,761.345126
167.62288,36,761.574776
324.45065,70,761.822152
255.83609,50,761.939919
282.58218,57,762.262985
219.81598,45,762.849273
214.61383,46,763.031034
288.5532,68,763.49355
213.24922,45,764.012453
238.33847,50,764.451972
167.5064,36,765.050185
214.97887,48,765.73466
206.58006,43,766.21813
172.12177,36,766.486689
203.86433,42,767.125438
102.47954,21,767.357138
236.02965,46,767.798316
309.52808,64,768.161331
248.54901,52,768.505776
239.26349,49,768.755502
312.06552,68,768.961674
310.57907,60,769.257207
207.13943,43,769.447176
155.25896,34,769.561385
158.48735,34,769.75997
186.67169,40,769.921186
183.87961,40,770.273389
232.703,43,770.671576
225.54027,46,770.83024
183.4785,38,770.918912
288.11282,60,771.044761
165.8768,36,771.1056
175.78638,37,771.165626
208.45757,43,771.239334
227.50465,49,771.405193
245.62376,48,771.678537
184.758,39,771.856543
240.20505,46,772.356379
151.02179,32,772.617207
204.20241,41,772.897658
202.36642,42,773.02733
154.37642,34,773.140429
296.27383,61,773.340324
168.32013,37,773.504887
243.61752,51,773.920756
168.20036,35,774.112562
288.83585,66,774.392672
149.88867,31,774.498915
249.61053,54,774.620549
224.92477,43,774.863679
278.1975,61,775.299045
250.29521,53,775.646209
207.79515,44,775.849874
174.38039,37,775.929256
265.35315,55,776.15927
245.68295,51,776.392557
194.19374,40,776.587645
211.38182,49,776.917726
285.68222,60,777.088825
296.69037,63,777.256584
261.4305,53,777.41711
232.00536,48,777.566489
314.28427,62,777.715333
195.46825,40,777.848153
267.74347,54,778.079742
277.2772,56,778.386994
350.54434,69,778.684687
182.61519,38,778.758334
235.9159,49,778.89463
184.0591,38,778.989022
91.752464,19,779.032588
213.61333,44,779.211839
177.24765,35,779.44604
169.33131,37,779.799201
245.7602,47,780.047536
103.676704,21,780.099386
256.09586,50,780.212529
320.52136,69,780.571859
183.49977,37,780.659846
196.27301,38,780.749207
92.102974,19,780.898863
236.55084,46,781.325978
125.81891,25,781.415331
85.197655,18,781.487652
183.1583,38,781.56164
268.13632,59,781.722365
200.98451,40,782.13226
238.27406,49,782.285825
205.68965,42,782.501152
320.9651,61,782.724411
219.74033,44,782.785897
91.935425,19,782.814499
261.75043,52,782.900675
184.20625,37,782.975557
165.53252,32,783.045485
92.90883,19,783.125297
141.47864,29,783.318497
213.69403,43,783.59994
192.97598,39,783.829364
198.0749,40,783.974932
302.29086,59,784.086221
240.79094,50,784.202444
257.87418,51,784.323932
174.44258,37,784.580188
198.55142,40,784.835618
383.93668,72,785.045643
186.75137,38,785.169998
293.60135,58,785.279881
191.09613,39,785.5381
280.94455,57,785.803249
171.2983,36,785.970865
247.8428,51,786.150443
449.53333,95,786.520002
317.96985,73,786.803504
310.10168,60,787.009774
107.56596,22,787.115617
184.33612,37,787.215729
281.4107,58,787.435991
203.84688,42,787.600971
468.3213,97,788.274915
263.9501,51,788.434512
221.61247,45,788.721333
294.0693,53,788.968641
252.82268,49,789.216087
447.10376,89,789.5191
256.06714,50,789.666188
244.96207,50,789.833879
408.3048,87,790.094371
383.30634,81,790.316926
233.29234,47,790.656809
346.27496,67,791.169558
349.51102,66,791.921262
330.4879,62,792.383553
315.4993,61,792.683077
268.96927,57,793.099339
392.48517,82,793.685963
329.83704,64,794.120881
305.53067,61,794.306944
291.2117,62,794.507934
294.09412,59,795.23187
384.62274,73,795.676453
273.23535,56,796.325968
288.77292,59,797.144062
377.97647,73,797.398784
372.58615,84,797.925803
347.49063,77,798.510634
311.39975,63,799.204107
466.59732,112,800.089897
276.92044,61,800.84545
257.52597,51,801.484759
356.05695,78,802.076306
217.88094,44,802.141708
341.5643,71,802.52489
237.35417,49,803.051442
271.4349,55,803.299716
153.80534,33,803.42647
340.84412,71,803.707837
259.99258,56,803.947378
245.41246,48,804.081665
410.94073,80,804.786022
310.03482,66,805.311144
307.95343,60,805.978513
272.75592,58,806.577854
350.60086,77,806.942526
525.6947,109,807.831038
318.88895,67,808.47457
298.80914,63,808.858839
103.763054,21,808.943538
458.01938,104,809.59652
356.93945,79,809.956259
368.54477,78,810.487492
360.1351,73,810.89581
395.3534,90,811.482427
261.75873,53,811.589177
320.20947,72,811.819848
267.87445,58,811.954264
424.62515,93,812.144017
269.62106,51,812.415356
164.95164,32,812.583815
234.36763,46,812.794462
329.9786,63,813.079588
337.75558,72,813.273281
345.07455,67,813.456834
293.6582,60,813.623966
338.38913,70,813.768977
366.85602,81,814.431421
210.23044,42,814.659265
248.74953,52,814.842206
357.58868,75,815.216398
168.91278,35,815.420796
340.58676,75,815.83345
282.2971,57,816.081942
214.07828,44,816.760314
237.82323,49,817.515529
281.87024,55,818.058872
268.65762,55,818.581249
201.86584,41,819.062945
180.62773,37,819.233169
345.7695,76,820.262139
265.64453,55,820.652524
316.73764,63,820.815369
209.94958,42,820.935287
241.14334,49,821.296082
239.59126,47,821.384048
258.93954,50,821.787124
328.57455,66,822.275549
211.52766,43,822.393667
259.94412,53,822.524852
238.43985,48,822.647829
250.99345,50,822.881005
195.87137,40,823.080361
225.06723,46,823.524725
144.3766,31,823.590255
239.46681,47,823.82698
328.9432,68,824.107518
352.71045,70,824.686951
220.92873,45,824.887463
351.18857,73,825.463619
174.73204,36,825.668309
192.66075,41,825.871373
341.96194,72,826.344573
227.72704,47,826.491933
320.76633,66,826.806309
374.80334,80,827.334624
307.92987,60,827.943584
287.22675,58,828.208042
259.5041,50,828.596031
271.8856,53,829.063649
126.142845,25,829.207073
234.0833,46,829.355013
436.53055,87,830.055232
258.18005,53,830.477304
297.88196,63,830.814706
148.81699,32,830.878442
346.71268,67,831.350021
173.88397,38,831.571415
158.64827,33,831.745284
365.69916,75,831.908317
263.2011,52,832.004904
240.96156,46,832.377633
207.29787,44,832.755166
274.06265,52,833.059554
256.6441,49,833.430946
312.0022,63,833.619707
309.72092,60,833.918005
272.82938,55,834.264368
432.99973,88,834.583816
428.7898,82,835.10433
352.32867,73,835.499987
234.67703,49,835.68931
304.0459,62,835.91309
254.78662,55,836.207461
218.71996,44,836.315788
339.81036,68,836.684114
347.18542,70,836.965709
278.11697,58,837.314609
294.69693,61,837.594347
282.3529,57,837.828448
307.14304,59,838.115032
263.56897,54,838.685071
267.97162,54,839.168171
381.89233,77,839.538318
439.45547,90,840.148295
364.26425,69,840.625488
339.67764,72,841.1201
335.991,72,841.671463
393.8628,83,841.97863
280.95,58,842.175921
294.19907,57,842.967486
328.94632,64,843.68767
412.05505,86,845.270054
394.90167,75,845.6337
418.48694,82,846.321653
327.8829,66,847.091071
356.5618,68,847.769114
297.61487,59,848.362504
269.43378,51,848.75309
358.05054,68,849.085354
250.58774,52,849.291096
333.653,69,849.681621
304.30008,58,850.079279
375.1677,71,850.415701
349.14462,66,850.58364
241.17552,50,850.799844
373.07556,70,851.192925
246.04427,51,851.502587
300.09656,59,851.773453
319.49774,62,851.943983
387.40668,76,852.206192
302.61322,60,852.71922
287.85974,56,853.179503
278.81937,54,853.594165
330.00342,62,854.315665
298.5092,56,854.564073
351.56006,66,855.241981
327.80945,61,855.684914
316.06763,60,856.806042
310.40945,60,857.702584
271.12134,51,858.085449
316.07162,61,858.567542
301.52115,57,858.720887
325.2961,62,858.878846
286.37085,55,859.239997
371.00848,72,859.63591
303.1131,58,859.822018
270.42386,52,859.99775
287.25455,55,860.14965
275.30743,52,860.358412
370.2787,70,860.634649
343.18793,69,861.298407
336.75278,69,861.67708
294.8509,58,862.18599
280.05417,57,862.833591
285.63654,57,863.23273
308.9017,61,863.37381
310.839,62,863.702268
396.55658,76,864.326274
319.9727,62,864.465168
332.4907,66,864.687983
237.06102,46,865.205728
309.4461,61,865.475599
326.4215,62,865.670723
294.63922,59,865.887472
343.23962,67,866.548234
405.97324,79,866.85091
176.11603,37,866.979388
253.4047,51,867.334197
340.89166,69,867.853622
346.924,66,867.999388
306.69727,59,868.228871
207.65224,42,868.412616
287.19333,55,869.040596
373.54962,70,869.318254
295.05753,60,869.588527
323.29736,61,869.896715
270.54083,53,870.411368
339.39883,63,870.603205
276.767,52,870.88057
360.73236,68,871.66508
268.6335,54,871.846366
314.9581,58,872.455153
294.4304,56,872.790476
296.8715,57,873.147144
463.5381,94,873.708165
300.0614,56,874.176356
346.7496,67,874.854671
293.60107,56,875.391498
386.26266,74,876.032824
298.31284,56,876.386919
355.1847,67,876.683818
310.97415,58,877.227849
248.31458,49,877.584166
327.58554,60,877.978643
343.85458,65,878.554983
316.88165,59,879.288566
385.2653,72,879.905409
318.5903,59,880.176288
295.55243,57,880.646405
325.2815,61,881.208503
328.35364,66,881.340381
305.26114,58,881.505095
267.49646,50,881.709237
352.9692,66,882.15694
283.42752,53,882.361682
294.001,56,882.865048
315.23138,60,883.747391
314.19757,59,884.442674
274.82764,54,885.17185
369.09177,72,886.024604
287.21744,54,886.278961
291.62585,54,886.793826
286.75372,54,887.360827
315.4842,59,887.90906
267.47238,51,888.223073
264.27466,51,888.62763
263.1014,51,888.707858
334.36597,64,889.276065
330.44067,62,889.688985
291.78638,55,889.937335
328.41852,63,890.515398
271.89783,53,891.230076
277.2598,54,891.702237
318.47278,62,892.783805
289.65732,55,893.90938
231.44017,44,894.407721
310.86578,63,894.972568
197.04758,38,895.192613
175.14247,37,895.423551
279.32275,53,896.126726
302.92694,57,896.764823
318.4623,61,897.377985
321.85715,62,897.5707
385.8156,72,897.851785
240.9701,47,898.392448
431.58713,82,898.800612
246.54659,47,898.908273
311.28912,58,899.783844
175.32341,37,900.044658
315.84955,60,900.834632
212.38351,43,901.546992
353.78015,67,902.334961
275.69366,53,903.067986
322.88312,63,903.50745
288.66064,53,903.927632
353.7493,67,904.737034
249.47386,48,905.275347
261.83017,52,905.574341
295.41074,56,905.917729
261.42804,52,906.204477
337.07346,64,906.466035
292.96896,54,906.673554
308.21677,61,907.389913
309.72427,58,907.636718
371.44464,69,907.902444
290.54114,54,908.038889
316.89117,60,908.325578
293.22815,55,908.688531
188.03757,38,908.971443
342.73273,64,909.372497
275.89172,54,909.847027
288.8282,54,910.197262
248.20653,49,910.374575
231.18571,46,910.570785
216.05376,43,910.703538
329.09045,61,911.140333
236.77946,47,911.512383
240.22356,48,911.84976
275.78497,53,912.177951
293.95953,56,912.570469
298.53525,58,912.954666
248.71835,49,913.274912
281.51642,56,913.578094
358.63745,67,914.216977
342.7964,65,915.01829
317.9476,61,915.329145
325.17584,62,915.609964
316.8767,59,915.874154
375.9071,71,916.182332
324.44534,60,916.573642
257.96313,50,916.993321
303.50427,58,917.149616
360.10843,69,917.320272
322.55856,62,917.437029
296.95267,57,918.071612
274.89572,53,918.360517
258.29932,50,918.745432
269.9122,53,919.277043
250.7251,48,919.605194
318.67487,61,919.869876
261.96988,51,920.172554
331.4313,64,920.740181
296.87216,55,921.124524
258.12598,50,921.42428
280.91016,56,921.923363
268.79092,52,922.313485
271.32895,54,922.797765
315.2239,61,923.310631
305.31686,57,923.754167
299.99673,58,924.151394
330.44623,63,924.427483
299.9433,58,924.701186
325.7659,63,924.965413
280.99542,54,925.195601
323.9889,62,925.753186
306.3488,59,926.028275
295.69632,57,926.167536
317.5241,61,926.557564
274.60138,53,926.790029
306.24524,59,927.078449
289.93213,56,927.264913
281.59158,55,927.545576
292.91846,56,927.975874
364.27847,69,928.478309
288.3167,53,928.969441
262.63504,51,929.402894
304.13416,59,930.184641
337.52945,65,930.656628
310.85425,60,930.908881
263.81866,51,931.188444
291.58408,56,931.96547
337.67532,65,932.492921
491.25613,98,932.882331
295.8345,56,933.137398
271.30527,53,933.314421
284.13818,55,933.560313
276.89392,54,933.994919
251.98517,49,934.239993
356.04993,69,934.524274
403.44916,80,934.81808
264.43753,51,935.602376
327.2433,62,936.189023
297.58502,58,936.72802
293.59216,57,937.195347
242.68521,47,937.539428
279.43207,54,937.973912
257.36566,50,938.446234
290.6948,56,938.723605
339.75055,66,938.951243
236.23816,46,939.084462
303.93036,57,939.374233
276.46603,53,939.811862
249.41788,48,940.196401
286.33585,56,940.499185
273.06146,53,940.852788
235.50847,46,941.181495
391.77414,77,941.962542
312.8557,62,942.315984
293.43207,58,942.64512
339.02158,66,943.034788
240.90274,47,943.177601
264.33286,53,943.554797
371.85556,76,944.134133
278.72614,54,944.455357
288.65048,56,944.889908
340.03937,68,945.440613
306.51492,60,945.667857
249.23346,48,945.938458
309.39545,61,946.253739
351.8734,69,946.53555
284.22876,55,947.27016
324.07217,63,947.614009
309.2479,60,947.75739
285.25757,56,948.065738
371.9645,74,948.321122
331.237,65,948.808633
275.01395,53,949.153347
246.09157,48,949.359345
272.20377,53,949.526015
469.52045,96,950.447426
328.80032,63,950.590545
250.45406,51,950.786597
391.17368,77,951.567835
309.53986,61,951.882362
234.69812,46,951.994714
251.58931,49,952.158895
383.6445,75,953.013588
405.7342,79,953.326724
395.82147,83,953.800753
173.97775,35,953.984521
225.21739,44,954.09562
213.24646,42,954.238519
252.77267,47,954.636507
236.08728,47,954.980597
280.62552,52,955.137858
301.46823,59,955.354379
180.8497,37,955.454636
223.93108,44,955.947144
200.41914,40,956.235488
192.79854,38,956.341486
211.74487,41,956.448208
358.75974,82,956.977699
204.25801,40,957.160904
255.74435,49,957.445224
247.67401,46,957.654235
238.60248,47,957.851555
220.33488,44,958.136105
241.19942,47,958.308478
253.37509,46,958.52098
264.4869,51,958.789194
302.75134,59,958.95908
308.58185,59,959.280609
231.92245,45,959.971236
221.5192,43,960.279271
387.65247,74,961.360893
297.33444,58,962.353571
270.8513,53,962.924507
287.31546,55,963.42423
237.02322,46,964.097847
220.53122,43,964.586862
161.13655,33,965.23596
259.82742,50,965.748154
222.608,44,965.98756
215.71223,43,966.298727
190.33365,38,966.685608
270.2843,53,967.289222
264.88168,52,967.615043
245.2811,48,967.908716
226.30563,45,968.448914
211.53033,42,969.174152
194.3057,39,969.601645
203.3521,40,970.070394
192.36398,39,970.368992
219.2352,43,970.60823
272.29288,53,971.06469
315.17715,60,971.342563
192.33832,38,971.631959
289.07913,55,972.047663
228.02217,44,972.463503
215.48633,42,972.828335
230.29462,44,973.046772
241.31032,47,973.27644
272.45358,59,973.837636
232.9351,43,973.947698
195.11902,39,974.030031
325.54062,65,974.477672
169.42476,35,974.694144
298.36255,59,975.009138
272.05878,59,975.274735
328.40958,67,975.87882
223.19896,44,976.242252
257.24854,56,977.159425
264.2778,52,977.510887
431.0386,82,977.777352
313.4675,60,977.99027
173.39764,36,978.107027
278.99228,54,978.409136
249.0921,49,978.818698
232.02399,48,979.310569
222.75134,42,979.728525
326.0616,63,980.244207
303.7929,62,980.748946
233.15636,45,981.015942
238.04713,46,981.32454
91.52395,19,981.467862
202.6306,40,982.074372
333.31537,63,982.389324
85.87334,18,982.459771
291.81335,57,982.845729
144.83679,30,982.886048
262.0771,54,982.974612
176.39374,36,983.156903
87.25882,18,983.178211
220.05551,44,983.682049
165.0543,33,983.788571
249.7629,48,983.895675
217.80367,43,983.972348
227.71732,44,984.047537
242.52124,48,984.126316
194.89464,39,984.232784
137.5265,29,984.425947
242.77982,47,984.631821
238.54005,48,984.934849
273.92865,53,985.083227
227.05745,46,985.525999
182.7047,36,985.63855
231.3534,45,985.980751
238.51045,47,986.554765
227.54054,45,986.875424
268.15497,52,987.618207
285.08688,56,988.166407
259.2385,54,988.45617
193.17816,39,988.575696
266.18338,53,988.918675
249.62254,50,989.148687
249.3192,49,989.595226
265.46338,54,989.845988
273.0753,54,990.265507
187.88779,39,990.486163
244.39368,48,990.752394
232.58847,47,991.018683
260.578,51,991.330235
259.17456,51,991.574106
231.88867,46,991.72427
285.5222,56,992.021312
250.62996,49,992.37321
195.05739,39,992.451635
247.1922,48,992.560244
233.21722,46,992.760165
209.26935,41,992.916634
232.52898,46,993.193041
249.85292,48,993.40133
229.00708,45,993.548603
231.70915,47,993.727059
244.84244,48,993.837171
236.22241,46,993.91221
257.43295,51,994.013386
269.91962,54,994.152504
261.1996,51,994.353136
233.23344,46,994.499962
219.09557,45,994.664083
190.56824,38,994.858818
263.66806,52,995.175635
229.30484,46,995.414277
258.02115,55,995.738525
197.9295,40,995.879139
211.054,42,996.080004
247.59035,49,996.557852
231.53459,45,996.876522
234.29666,46,997.173975
217.43123,43,997.435115
287.28098,57,997.897678
254.26105,49,998.600431
269.14728,54,998.875428
196.52222,40,999.043156
224.62505,45,999.31058
262.3196,51,999.515849
245.10172,50,999.752156
183.86359,37,999.899382
290.58627,57,1000.133641
260.37225,51,1000.299527
268.9415,56,1000.510275
291.73495,59,1000.74798
140.4199,29,1000.852623
235.10098,45,1001.132397
298.01105,60,1001.582392
293.06653,56,1001.853033
180.11874,37,1001.953819
195.99281,40,1002.053297
143.68335,30,1002.125322
278.08774,54,1002.228962
218.98157,44,1002.433712
175.8089,36,1002.512849
267.13373,52,1002.740503
174.34338,36,1002.901508
207.03839,42,1003.074443
262.12292,51,1003.3439
186.81691,38,1003.475106
236.09444,46,1003.655676
251.9094,49,1004.082885
140.72023,30,1004.352699
202.07045,40,1004.605322
187.0178,38,1004.703567
176.99821,36,1004.843336
183.10785,37,1004.991916
231.80356,47,1005.2682
258.79037,52,1005.649947
248.81546,49,1005.883056
233.95537,47,1006.26682
209.28038,40,1006.571598
229.09877,45,1006.753132
191.1371,39,1006.932797
157.93117,32,1007.276981
280.71967,57,1007.726837
188.11699,37,1008.214607
199.6296,40,1008.467421
259.18744,50,1008.877788
282.74802,55,1009.239397
152.73723,32,1009.381026
238.79349,48,1009.900135
197.92023,38,1010.192771
206.85774,42,1010.964287
321.25906,64,1011.359337
308.00177,61,1011.849496
192.81874,39,1012.092928
97.8361,20,1012.177852
164.17511,34,1012.326907
239.4329,46,1013.009302
98.24857,20,1013.106101
255.55142,51,1013.456029
225.83823,47,1013.966962
185.23117,38,1014.282175
204.3229,40,1014.688222
246.9745,49,1014.940779
230.27094,45,1015.177992
136.81998,27,1015.372111
297.14868,58,1015.810987
267.6141,53,1016.089798
189.51729,37,1016.317278
263.8654,51,1016.733752
185.97726,38,1016.951645
169.84917,34,1017.022007
262.19427,56,1017.286591
264.94232,57,1017.63402
263.5124,53,1018.234707
277.75162,60,1018.396017
276.19897,54,1018.956267
254.78745,55,1019.4994
209.22925,42,1020.266147
225.63272,45,1020.630627
286.5947,53,1021.227761
220.37825,44,1021.35984
283.1325,56,1022.020092
256.70578,50,1022.350471
132.18222,26,1022.404284
181.55104,37,1022.476929
248.15971,48,1022.548167
80.56209,17,1022.570865
205.61415,42,1022.627983
92.13277,19,1022.66066
204.6049,41,1022.71932
337.47714,67,1022.827463
215.14754,41,1022.920643
253.18893,50,1023.086416
249.99077,50,1023.16012
269.87207,55,1023.889488
337.0532,69,1024.931393
178.73032,35,1025.033429
238.91766,45,1025.379382
290.52542,55,1025.514962
196.8087,40,1025.679749
309.44745,61,1025.821355
146.22734,31,1025.910969
192.89421,40,1026.042571
255.09636,52,1026.217147
238.03241,48,1026.676272
474.7321,97,1027.374704
225.5303,45,1028.075882
226.07898,46,1028.504344
241.53378,48,1028.858534
283.8367,60,1029.054603
292.94714,58,1029.724293
234.1347,46,1029.969931
187.11632,38,1030.083307
383.73532,76,1030.257511
252.98889,49,1030.474844
282.66342,56,1031.049899
250.42244,53,1031.224102
213.40038,42,1031.40562
235.57878,44,1031.620042
225.96512,45,1031.844177
169.84653,34,1031.93202
250.89911,47,1032.002621
203.62914,40,1032.187186
206.18195,42,1032.375872
103.80108,21,1032.486689
189.64038,39,1032.87983
282.944,54,1033.215696
226.1535,44,1033.283996
285.50974,61,1033.624803
215.92262,42,1034.126723
338.4872,69,1034.673192
214.65814,40,1034.830641
221.56902,43,1035.213071
206.75641,42,1035.543998
262.06427,50,1035.840275
284.7399,54,1036.084419
178.5348,35,1036.733201
259.67654,51,1036.923593
271.7446,55,1037.373763
239.90022,46,1037.691349
207.32492,42,1037.948907
212.15074,40,1038.073721
246.17836,46,1038.173452
328.03168,64,1038.363878
164.38232,35,1038.530414
223.01483,44,1038.846624
193.20938,39,1039.052083
145.92625,31,1039.200752
215.64519,42,1039.407037
191.38889,38,1039.501251
436.73126,85,1039.891994
309.81503,61,1040.181628
237.98708,47,1040.535886
283.69077,55,1040.830796
239.33438,48,1041.007695
316.8916,64,1041.404072
237.8314,44,1041.805111
291.73282,59,1042.099556
231.0251,46,1042.339214
288.85672,56,1042.451719
313.63943,70,1043.038186
201.76804,42,1043.184855
276.35104,53,1043.463559
127.42814,27,1043.680154
263.37085,52,1044.143763
281.78476,55,1045.192743
246.78905,49,1045.65208
366.37332,72,1046.241304
348.57587,74,1047.01989
240.0488,50,1047.51669
254.01682,51,1048.082474
335.3215,68,1048.583819
237.8097,48,1048.941508
201.71545,40,1049.054194
91.810394,19,1049.082614
320.94702,62,1049.413241
308.22043,59,1049.632349
80.51918,17,1049.804107
307.66544,60,1050.319172
191.18962,38,1050.480805
154.28137,32,1050.694322
275.5415,53,1050.860412
110.67625,22,1050.939105
186.63824,38,1051.049
223.22606,44,1051.123351
276.81903,54,1051.224808
244.22359,50,1051.441561
309.31702,60,1051.654723
307.53064,58,1051.874203
280.2409,55,1051.973606
310.1062,59,1052.163819
309.6052,60,1052.293484
328.37204,64,1052.471018
271.12155,50,1052.620218
328.7667,64,1052.919801
269.2118,52,1053.183872
298.33862,57,1053.456697
327.16812,64,1053.749784
244.38846,49,1053.897622
358.94748,76,1054.233255
290.88577,56,1054.438936
267.13983,52,1054.644242
254.02164,49,1054.816762
253.62694,49,1054.972027
195.35893,38,1055.24579
80.68624,17,1055.3565
274.1595,53,1055.559972
271.01132,52,1055.860365
241.3008,47,1056.118232
274.63614,55,1056.645641
177.62993,35,1056.760281
241.41179,47,1057.010007
233.99007,45,1057.266233
245.092,48,1057.557913
189.39894,38,1057.918263
298.81094,57,1058.534561
232.92723,47,1058.77799
187.34346,37,1058.937192
281.2429,54,1059.382774
264.90375,51,1059.961438
258.1304,50,1060.432858
246.59993,48,1060.704645
310.57404,61,1061.132938
270.98337,52,1061.345298
295.44363,58,1061.964691
280.291,55,1062.203598
216.2067,43,1062.279418
233.28798,46,1062.361129
254.4994,49,1062.509533
319.68277,63,1062.718473
275.48416,53,1062.913359
215.34305,43,1063.290701
258.136,50,1063.584049
197.93155,39,1063.791758
341.02655,65,1064.338672
212.04059,42,1064.626512
254.58344,49,1065.127049
249.78174,49,1065.6885
171.99257,35,1066.120139
210.64145,41,1066.566803
214.83391,42,1066.92729
274.8375,55,1067.491853
157.68863,34,1067.819777
319.4408,63,1068.123716
225.64825,45,1068.349767
239.2766,47,1068.574862
236.5521,45,1068.831835
308.78796,61,1069.319233
311.55518,61,1069.776191
253.20729,51,1070.088694
230.13693,45,1070.296983
170.51003,35,1070.406013
148.15846,32,1070.640118
212.66634,42,1071.005553
257.6344,50,1071.573809
259.14713,51,1071.925643
219.00598,43,1072.317995
324.6289,64,1072.645123
287.962,56,1073.0066
345.51038,67,1073.509844
198.47523,40,1073.737693
209.74661,41,1074.621024
222.49445,44,1075.521142
254.26334,48,1075.840148
278.13577,55,1076.229557
372.97562,70,1076.836
283.76114,56,1077.118385
295.1956,55,1077.49372
301.0718,57,1078.0292
289.26434,56,1078.663476
299.00827,56,1078.905535
242.07657,48,1079.205202
295.06705,57,1079.306826
200.14488,39,1079.377455
338.29626,67,1079.60435
256.52844,49,1079.863726
261.98212,51,1080.223616
217.90842,42,1080.497041
329.71548,63,1080.747414
271.1983,53,1080.853319
284.44205,55,1081.032787
322.60764,63,1081.381979
320.5019,61,1081.619476
301.02527,57,1081.886123
264.27567,51,1082.111166
286.3169,54,1082.308874
192.11768,38,1082.40078
283.2615,53,1082.494979
290.102,55,1082.796546
255.61407,53,1082.925511
295.34772,59,1083.037155
353.20853,70,1083.274
200.53223,44,1083.505188
309.44412,60,1083.740094
332.55807,64,1084.233593
212.79547,42,1084.74674
245.78595,46,1085.108739
278.13718,54,1085.642859
212.07112,43,1086.159241
297.9801,59,1086.520314
497.78506,111,1087.446858
385.41956,73,1087.874566
270.22937,53,1088.275122
343.47372,71,1088.706141
292.31842,57,1088.944778
475.58838,99,1089.514079
300.30447,58,1089.67084
284.39746,56,1089.977749
310.78113,60,1090.514688
278.19562,55,1090.699873
307.9399,60,1090.929344
323.00247,63,1091.429645
277.3466,52,1091.931257
256.62695,48,1092.260623
241.9913,48,1092.478534
236.40877,44,1092.604389
321.70453,63,1093.319554
257.76764,51,1094.181469
268.24265,52,1094.717297
342.0901,67,1095.57375
332.7811,64,1095.921793
227.4816,45,1096.19487
270.7045,55,1096.90917
244.20662,47,1097.399417
383.05313,76,1097.956679
211.06383,41,1098.210447
299.13153,56,1098.333492
154.54251,33,1098.646399
300.60037,65,1099.081806
251.73087,49,1099.463921
245.6916,47,1099.698693
227.12764,45,1099.824628
284.14417,58,1100.498078
298.5046,61,1101.238893
323.67642,65,1101.759178
302.91144,60,1102.362562
281.86203,54,1102.994949
325.87848,64,1103.56805
231.29472,46,1103.743213
284.73065,56,1103.967045
267.16858,52,1104.142727
287.46973,56,1104.49438
375.3369,75,1104.937582
418.91632,83,1105.562221
321.2721,64,1106.193097
251.67691,50,1106.613422
346.88272,69,1107.242164
236.38478,47,1107.483118
225.06308,45,1107.618249
262.8504,51,1108.042697
276.29858,55,1108.322004
246.58191,48,1108.665827
271.67065,54,1109.125474
243.74008,48,1109.274206
303.5563,59,1109.395442
195.80685,38,1109.475072
249.03458,49,1109.569277
220.97299,44,1109.73979
305.7702,60,1110.0399
314.40512,61,1110.650749
263.21463,51,1110.889278
275.30432,54,1111.282309
294.9258,57,1111.689395
229.1463,45,1112.179149
289.33682,57,1112.853586
375.5163,77,1113.391252
420.69485,89,1114.095809
251.92424,49,1114.91787
270.01752,52,1115.160355
309.08496,61,1115.72922
337.95496,67,1116.52307
445.74353,90,1117.720785
279.14276,56,1118.052731
308.949,60,1118.328503
346.7463,74,1118.86302
259.90738,50,1119.082419
283.33847,58,1119.254481
249.57202,49,1119.368561
276.14038,53,1119.481688
357.3598,73,1119.687754
277.06287,54,1119.837017
304.794,71,1120.195482
252.37897,51,1120.566495
103.451904,21,1120.725185
272.47357,56,1121.144962
272.69833,53,1121.497906
277.62933,56,1121.762408
269.43857,53,1122.332583
252.9996,50,1122.792884
275.48602,56,1122.904892
250.55241,49,1123.037534
280.37677,55,1123.466657
264.55573,51,1124.000293
319.9582,68,1124.294862
288.97382,60,1124.500355
283.5597,59,1125.43817
287.26965,56,1125.805225
266.20273,51,1126.444679
345.5368,67,1126.770478
444.76132,91,1127.218311
270.3995,53,1127.636108
321.74304,63,1127.877296
261.8515,49,1127.966972
259.8955,53,1128.178031
338.7299,69,1128.560879
255.72337,51,1128.822871
294.82205,58,1129.020126
284.21704,55,1129.162031
226.1586,45,1129.254897
247.54202,52,1129.374345
305.9694,57,1129.468976
327.7779,63,1129.935618
317.2376,63,1130.408289
299.97983,58,1130.535113
328.92538,62,1130.700026
303.8354,58,1131.241565
272.0023,53,1131.683948
240.0503,47,1131.902327
274.94556,52,1132.259816
378.7863,73,1132.618938
376.3148,71,1132.84558
285.8373,55,1132.987537
205.4009,42,1133.135451
427.87518,82,1133.602624
264.49295,52,1133.790333
283.32028,54,1134.408126
413.48993,86,1135.189154
243.48145,48,1135.424096
256.68085,49,1135.702846
376.82022,76,1136.34885
304.7114,57,1136.852348
253.92726,49,1137.357126
342.63794,66,1138.19655
270.10474,52,1138.680332
299.74268,56,1139.040604
249.88997,49,1139.194174
268.23602,52,1139.430345
329.44412,65,1139.672632
283.9217,55,1139.920404
292.86545,56,1140.224457
290.73,56,1140.653666
292.98874,56,1141.220212
280.6916,54,1141.678285
337.84064,64,1141.919361
263.5478,51,1142.083419
302.0401,57,1142.216652
249.62445,48,1142.505105
177.3944,36,1142.827194
416.60513,82,1143.520485
292.46228,57,1143.781243
269.00235,51,1144.100584
281.22614,57,1144.461534
285.86926,54,1144.788934
284.50275,54,1144.960347
332.7795,64,1145.29117
336.12115,64,1145.76517
338.45935,63,1146.012681
283.74625,54,1146.194913
233.34372,45,1146.345843
267.81158,52,1146.637408
290.54968,56,1147.116498
296.08786,58,1147.429785
370.72498,71,1147.826581
246.72931,48,1148.086423
295.59955,57,1148.59154
261.9177,50,1149.122169
286.77545,56,1149.767835
340.16113,66,1150.174442
304.05817,60,1150.587984
269.09976,53,1150.747054
291.66647,57,1151.349238
352.7754,67,1151.905349
326.97803,61,1152.190333
297.43243,56,1152.760866
274.03928,53,1153.266182
400.3486,76,1153.803067
282.39542,54,1154.092164
258.94104,50,1154.532987
344.07672,66,1155.030623
375.50128,73,1155.505609
265.8276,52,1156.052491
264.61115,51,1157.100833
294.32654,56,1157.506464
289.22614,56,1157.886361
360.0693,69,1158.116244
282.42422,53,1158.60709
288.56433,56,1158.871495
345.52582,68,1159.563979
268.2254,51,1159.840464
311.2515,58,1160.05079
281.5668,54,1160.267155
390.6198,76,1160.925779
335.97668,64,1161.373083
328.2109,63,1161.590881
310.09885,62,1161.964749
345.04803,68,1162.350367
315.99216,60,1162.789613
238.26765,46,1163.071702
279.2947,53,1163.387064
261.05618,50,1163.635612
312.36087,59,1164.127015
70.891945,15,1164.35203
369.18387,67,1164.806245
309.05417,58,1165.579938
306.70746,58,1166.40546
335.36304,63,1167.308614
372.61398,67,1167.559642
336.87738,65,1168.095119
274.10455,52,1168.452646
282.1327,53,1168.863482
292.95865,55,1169.177303
308.23132,58,1169.492232
274.38058,51,1169.648984
315.5877,58,1170.049734
281.36804,52,1170.228443
325.63922,60,1170.399195
235.00299,45,1170.698652
328.0186,61,1171.230128
342.1924,64,1171.356597
309.40494,57,1171.484983
369.4474,68,1171.846362
358.8348,69,1172.439456
431.2985,79,1172.714607
350.29266,69,1173.086831
477.5167,92,1173.919857
232.00867,45,1174.279689
321.03568,60,1175.117698
419.55276,79,1175.763569
237.2169,45,1176.03067
301.38742,57,1176.57675
294.56604,54,1176.928033
272.25723,50,1177.226081
318.0526,60,1177.521612
433.54062,81,1177.905299
315.46048,58,1178.205997
521.6629,97,1178.727658
274.97882,52,1179.041913
442.0335,86,1179.331922
400.05493,78,1179.476624
261.84283,50,1179.627787
334.41962,62,1180.140051
272.99496,52,1180.308714
358.73734,67,1180.550691
303.08185,57,1180.661233
231.50961,44,1180.752646
249.98523,48,1180.829312
276.14868,52,1181.051692
290.69064,54,1181.316028
224.68427,43,1181.435757
285.12646,54,1181.702834
259.29855,48,1182.002515
303.40115,58,1182.213658
289.2437,55,1182.405087
297.8826,57,1182.706235
326.13907,61,1182.942575
314.60214,61,1183.371215
326.06528,63,1183.796891
316.7728,59,1184.120402
308.25018,61,1184.349832
342.54758,65,1184.602123
336.7771,64,1184.920047
268.30173,51,1185.210743
279.1357,52,1185.48247
253.27744,50,1185.807384
365.33218,70,1186.299138
295.06268,56,1186.514216
271.89688,52,1186.798219
255.2633,49,1187.414333
344.58804,65,1187.772272
175.09433,34,1188.003375
417.88147,81,1188.364116
243.17952,48,1188.448211
280.07828,56,1188.565952
271.45593,52,1188.922305
271.71094,52,1189.116224
272.01248,52,1189.349247
374.80475,71,1189.57094
214.44173,44,1189.6507
263.10248,50,1189.882554
251.97777,48,1189.984486
279.38263,53,1190.423277
301.3361,56,1190.763252
220.67082,42,1190.911727
310.02744,59,1191.073009
319.175,61,1191.221757
267.45145,51,1191.415169
295.9652,55,1191.733092
313.2259,59,1192.377209
300.28705,57,1192.850547
317.71945,60,1193.236227
261.05173,51,1193.67549
218.88664,42,1193.987553
336.66888,66,1194.640476
293.22568,56,1195.177542
295.92297,56,1195.349964
277.54858,53,1195.501206
286.80057,55,1195.973811
324.87036,61,1196.245263
296.0977,55,1196.437068
354.74872,66,1196.566993
228.20978,46,1196.65166
317.61475,60,1196.900701
295.51236,57,1197.15182
318.14062,60,1197.456774
352.23486,68,1197.879789
299.02914,56,1198.078608
290.7703,55,1198.69342
276.66098,53,1199.070631
296.65738,56,1199.22487
277.93076,53,1199.341766
272.69427,52,1199.461791
195.44243,40,1199.530008
330.19638,61,1199.902703
351.7473,65,1200.364009
321.17868,62,1200.747553
285.27832,54,1201.014225
265.00864,50,1201.300831
305.79025,60,1201.659707
290.1066,55,1202.053918
401.20502,77,1202.260362
203.01253,40,1202.331405
270.99136,52,1202.438104
249.76253,47,1202.540201
250.22809,47,1202.786789
257.55566,49,1203.323587
293.46805,58,1203.859777
269.7974,53,1204.13799
270.1983,51,1204.468831
214.68788,44,1204.661108
249.07751,47,1204.876145
307.76733,58,1205.117187
327.63345,64,1205.460521
97.83176,20,1205.554011
292.8954,59,1205.811827
305.86276,58,1206.104527
301.3401,57,1206.343529
205.83455,40,1206.52238
303.1486,57,1206.811957
354.30423,67,1207.208692
221.09833,43,1207.429527
288.11246,56,1207.65635
227.14597,44,1207.925562
336.97455,66,1208.082944
308.51495,60,1208.178605
256.49225,48,1208.30842
264.69516,51,1208.523484
92.76985,19,1208.571043
289.92584,63,1208.827456
245.26865,48,1209.098581
269.59744,54,1209.234765
267.3364,52,1209.391609
176.12823,36,1209.440843
294.89795,57,1209.537472
281.99005,55,1209.656803
157.6112,32,1209.75211
258.76526,50,1209.929976
304.3722,58,1210.237752
368.84308,74,1210.71806
197.67918,39,1210.931886
321.93872,64,1211.310025
274.50174,53,1211.446638
221.41573,45,1211.512078
292.5768,59,1211.939089
261.05035,50,1212.277921
283.69095,55,1212.54392
251.26924,48,1212.630351
310.41656,60,1212.994733
265.60208,51,1213.362584
288.3994,56,1213.626257
294.08368,57,1213.711455
277.3427,54,1213.803936
356.6346,70,1214.255802
266.9234,54,1214.608079
168.6277,35,1214.682678
172.24214,35,1214.791285
169.80736,35,1214.852018
292.4313,59,1214.972822
236.9912,51,1215.403518
176.256,35,1215.957485
299.74652,59,1216.067668
111.121506,22,1216.11171
76.087364,16,1216.136256
167.784,34,1216.211449
291.90878,57,1216.475514
260.15128,51,1216.880777
232.58946,45,1217.21114
266.40628,52,1217.45985
299.5683,60,1217.635231
165.89566,34,1217.772352
221.08438,45,1218.002461
193.3001,39,1218.200626
224.27551,44,1218.453362
311.9892,67,1218.833045
233.70918,47,1218.955181
267.93698,52,1219.166165
260.04456,58,1219.767685
253.94139,52,1220.233625
246.03651,52,1220.349233
227.0784,44,1220.674266
241.48148,48,1221.417081
287.1286,61,1221.73047
249.9936,48,1221.891888
303.6086,67,1222.409424
261.34747,51,1222.510029
332.53702,66,1222.704329
221.56569,43,1222.946566
226.77518,49,1223.100662
255.7399,55,1223.307145
252.6576,49,1223.447533
222.61626,44,1223.712426
209.72537,41,1223.863932
193.98085,39,1224.045187
209.7141,42,1224.176035
149.98422,30,1224.225031
174.23497,35,1224.372181
280.86273,54,1224.802537
244.63867,47,1224.967118
75.89067,16,1225.005182
261.6114,50,1225.290443
239.37476,50,1225.600099
249.96518,51,1225.789619
208.25185,44,1226.270108
154.32533,31,1226.374008
174.21135,36,1226.577718
134.28049,27,1226.636504
249.75246,55,1227.04981
247.17366,53,1227.54356
132.10944,27,1227.641852
244.47426,48,1227.733522
179.81621,40,1227.877087
225.47044,52,1228.344489
250.69704,57,1229.111641
198.23354,45,1229.309747
194.05003,42,1229.527352
190.38449,42,1229.774335
150.65926,33,1229.874028
232.48982,52,1229.961271
191.30444,41,1230.047992
190.65416,44,1230.202375
182.31525,43,1230.381153
197.75803,46,1230.561561
184.79482,42,1230.829022
190.81636,41,1231.028263
186.5518,40,1231.204769
258.8341,56,1231.400406
207.9029,45,1231.470573
207.9149,45,1231.576527
229.94221,50,1231.901681
198.16232,43,1232.109034
212.36388,48,1232.527687
210.61372,46,1232.848378
241.07362,51,1233.112326
223.51662,50,1233.572149
252.77432,54,1234.000932
190.10182,41,1234.145605
211.55197,46,1234.417012
255.51057,57,1235.168347
194.30351,45,1235.862989
187.32965,43,1236.131145
180.98853,40,1236.583068
181.74568,42,1236.869701
168.59363,36,1237.005108
154.64459,35,1237.132279
206.07458,45,1237.399326
196.08061,41,1237.705853
211.78441,45,1238.014906
207.05829,45,1238.256788
193.60278,44,1238.561986
144.44005,33,1238.791143
174.83958,40,1239.017871
186.4361,43,1239.163111
234.96776,53,1239.377262
210.90875,47,1239.685673
176.13571,39,1239.752086
206.77612,48,1239.843055
206.76863,47,1240.116124
195.49982,43,1240.357125
185.9762,41,1240.55325
236.001,51,1240.767773
210.64526,46,1240.977701
213.12532,47,1241.050665
244.13959,51,1241.134801
188.1232,39,1241.250107
218.07335,46,1241.670208
183.3974,38,1241.871742
208.3501,45,1242.113263
215.04684,45,1242.378451
238.33954,50,1242.71744
188.01117,43,1243.044495
241.14934,51,1243.217208
266.1615,55,1244.028084
252.65274,54,1244.218721
191.28162,39,1244.691494
209.26729,45,1245.175978
210.2128,44,1245.679707
211.5562,44,1246.08874
229.66902,47,1246.449592
209.85974,43,1246.582342
172.39977,37,1246.663362
247.43565,51,1246.887376
213.86923,48,1247.277611
198.87857,40,1247.476045
191.43266,39,1247.568843
213.62267,42,1247.829832
243.82367,48,1247.999177
101.97147,21,1248.08236
255.1419,56,1248.4042
225.5988,47,1248.52262
247.754,54,1248.646117
248.64494,57,1248.864228
153.9998,30,1248.947484
210.49202,49,1249.108759
130.93489,27,1249.198719
253.33522,54,1249.423577
268.33984,58,1249.519415
170.08737,36,1249.625321
219.4194,48,1249.894346
244.58008,55,1250.226577
219.1538,47,1250.488769
205.09335,45,1250.653839
213.09828,49,1250.774877
220.52429,49,1250.847592
249.17209,54,1251.107871
147.56091,33,1251.350258
149.53748,33,1251.520978
198.54239,43,1251.84357
239.3078,51,1252.228333
194.20216,44,1252.57996
241.7256,52,1252.79217
202.16359,46,1253.000036
158.6677,34,1253.318019
156.74196,36,1253.535241
214.28412,47,1253.636118
298.03235,63,1254.075614
236.0807,53,1254.810598
205.01926,44,1255.195233
211.45944,46,1255.487194
265.71524,56,1255.774094
188.45932,41,1255.977769
179.3753,41,1256.143915
241.76846,51,1256.361878
194.7232,43,1256.542291
202.89488,45,1256.744884
191.22824,41,1256.856851
219.50931,49,1257.006597
216.6778,45,1257.387711
234.22392,49,1257.63063
227.53433,48,1257.915952
249.29878,52,1258.065746
247.55148,51,1258.347084
259.54645,54,1258.494838
242.10672,55,1258.606061
218.5438,47,1258.915859
231.90164,46,1259.354586
194.79817,42,1259.57121
294.7775,66,1259.778374
206.02661,44,1259.932893
188.50613,41,1260.211413
226.68031,49,1260.661553
242.71388,53,1260.962139
232.02203,48,1261.131377
184.4399,39,1261.444117
226.74213,48,1261.971999
236.0261,51,1262.296631
219.30838,47,1262.623139
279.1266,60,1263.27887
191.35254,40,1264.022845
245.97144,51,1264.509005
264.06107,55,1265.126621
260.6969,55,1265.30412
223.45728,49,1265.579396
230.88832,51,1265.758522
214.43857,48,1266.265319
190.49716,43,1266.409507
263.29755,53,1266.524244
214.9178,48,1266.65726
229.9119,51,1267.153734
237.81808,51,1267.40078
254.07373,54,1267.732193
273.07758,56,1267.968027
240.74428,57,1268.067765
191.0702,40,1268.189537
253.15292,55,1268.441562
206.72166,45,1268.640326
225.01431,51,1268.816163
291.56052,59,1269.109647
195.88557,42,1269.29417
271.9156,56,1269.530951
266.60873,51,1269.77353
222.96544,49,1269.906033
238.43703,51,1270.044703
398.31802,78,1270.480142
247.54358,53,1270.832685
286.82935,57,1271.135557
205.51393,42,1271.514126
246.9581,52,1271.710547
263.7462,56,1272.013963
220.74644,48,1272.393645
207.11266,47,1272.858651
224.08272,46,1273.198662
266.041,53,1273.565885
233.98236,47,1273.933296
274.27094,57,1274.370639
316.2902,62,1274.758886
264.7423,53,1275.106742
235.34084,48,1275.297441
200.86052,43,1275.427159
239.16824,48,1275.684663
209.11247,43,1275.99875
186.84613,40,1276.252012
278.04138,57,1276.967144
207.14322,44,1277.139014
263.9727,54,1277.497788
239.26208,49,1277.650312
237.76955,48,1277.738622
239.44159,47,1278.103025
253.64098,51,1278.48499
265.03278,54,1278.662604
286.44534,54,1278.775154
297.31464,58,1278.972279
413.61865,77,1279.45208
271.229,54,1279.73014
261.11032,51,1280.043251
344.4078,64,1280.512116
269.68097,50,1280.823883
270.87494,52,1281.149289
270.42456,51,1281.493812
254.86597,48,1281.857998
344.75616,65,1282.563205
284.4696,53,1283.076028
227.95616,44,1283.283963
203.6917,41,1283.777425
252.07649,49,1284.145239
252.59138,48,1284.59258
242.83452,47,1284.910754
231.79504,44,1285.190878
233.68874,45,1285.665208
263.71582,50,1285.919268
213.08372,41,1286.281171
251.78745,47,1286.548482
219.36116,42,1286.792379
248.99301,47,1286.885297
239.75716,45,1287.161951
198.48642,39,1287.508135
224.79257,43,1287.850839
274.02774,52,1288.053996
277.40482,52,1288.25294
254.19313,48,1288.420111
189.85457,38,1288.530969
291.92395,55,1288.823723
286.7983,53,1289.145247
263.06317,51,1289.491537
253.37886,49,1289.684766
284.11322,53,1289.941564
230.47984,44,1290.097838
286.1648,53,1290.427359
219.93126,44,1290.664504
242.85216,49,1291.122168
247.56549,47,1291.367552
268.2191,52,1291.814417
304.60742,59,1292.308009
280.48306,53,1292.560772
269.09174,52,1292.838936
283.2047,55,1293.326098
255.64021,50,1293.63482
292.2089,61,1293.930243
321.8473,60,1294.359801
252.81693,49,1294.649127
261.04306,50,1294.937444
277.52722,55,1295.182699
254.91653,51,1295.436382
274.14975,56,1295.751285
252.74266,49,1296.142096
275.50995,56,1296.384091
115.02978,23,1296.472534
204.72862,40,1297.027341
241.90155,49,1297.342584
162.13287,33,1297.433189
237.68617,47,1297.526326
275.89267,52,1297.72278
150.29338,31,1297.992393
266.832,53,1298.289779
410.84848,79,1298.731803
250.69864,49,1299.105431
252.13419,47,1299.438345
316.42606,59,1299.675017
350.5955,68,1299.900297
321.87122,61,1300.106055
367.2568,69,1300.462796
284.7859,54,1300.582436
243.03038,47,1300.693707
269.82214,51,1300.867519
269.7413,52,1301.152607
309.43036,57,1301.318488
314.40793,59,1301.937261
319.705,61,1302.194979
308.27545,60,1302.321315
269.42838,51,1302.557511
253.45695,50,1302.716396
227.17535,46,1302.875305
323.3195,60,1303.112293
276.27844,53,1303.374821
227.18999,44,1303.571636
223.82904,43,1303.688418
356.42554,69,1304.162106
273.83084,51,1304.796118
411.4144,77,1305.091941
343.5547,65,1305.469048
242.5483,49,1305.815114
297.31686,56,1306.072481
198.72067,40,1306.221466
286.6612,55,1306.388226
479.71082,91,1306.918543
325.784,62,1307.574099
310.3652,59,1307.728876
381.1706,73,1308.349079
240.25517,47,1308.546813
370.02524,79,1309.25494
349.8897,70,1309.771377
201.56087,41,1310.3922
200.52196,41,1310.913486
130.0564,27,1311.280606
402.65802,77,1312.194561
325.94733,61,1312.962498
316.33197,59,1313.335756
261.20743,49,1313.718877
325.3148,62,1314.088773
305.04492,57,1314.440147
286.634,55,1314.774353
303.5902,57,1315.110078
218.8457,42,1315.287202
251.0466,49,1315.6884
319.71228,60,1315.901248
260.65573,49,1316.102605
381.83798,76,1316.373778
253.78754,50,1316.479326
279.3392,57,1316.58241
690.8434,149,1316.932339
347.34497,68,1317.070287
603.529,132,1317.562268
378.7059,76,1317.872334
234.96477,50,1317.979504
230.94124,50,1318.078518
278.73862,55,1318.237129
198.67796,40,1318.445816
258.5483,52,1318.629484
238.09784,51,1318.869377
207.05908,42,1319.043999
221.99649,44,1319.197997
265.49097,56,1319.293638
244.89532,47,1319.367441
267.70197,52,1319.457759
235.84114,47,1319.543769
214.8963,42,1319.763772
277.16156,53,1320.243401
282.5811,57,1320.65655
241.48514,48,1320.811239
359.08167,73,1321.124771
210.26788,42,1321.336449
241.10239,47,1321.557829
274.19836,53,1322.075737
385.7046,73,1322.379585
249.93483,49,1322.559091
239.2937,47,1322.635177
206.16881,43,1322.804243
306.1476,61,1323.019162
370.20343,70,1323.350162
318.12683,63,1323.794738
254.92836,50,1324.06577
240.17032,49,1324.251089
319.2459,62,1324.450125
245.76009,49,1324.86686
300.88303,57,1324.978113
233.20456,49,1325.117911
291.40637,57,1325.298289
259.3522,52,1325.456245
187.6783,39,1325.666365
238.60658,48,1326.032201
236.86357,46,1326.20814
222.32072,44,1326.419167
252.72351,52,1326.773605
271.56647,55,1326.984726
266.4875,54,1327.221951
196.83827,40,1327.325616
264.09198,51,1327.550746
236.86792,49,1327.626683
261.29382,52,1327.781909
244.30241,51,1327.906508
462.7849,90,1328.089761
158.88391,33,1328.142886
183.69295,38,1328.210889
359.97348,80,1328.358092
220.66856,45,1328.563676
338.01755,68,1328.764723
165.24002,34,1328.819952
253.47066,51,1328.899089
156.62305,33,1328.95035
284.4707,57,1329.171255
333.7351,62,1329.418037
176.79399,37,1329.54393
310.66086,61,1329.707418
213.81612,43,1329.836447
200.79375,40,1329.956153
139.37874,29,1330.061586
376.49738,70,1330.482306
352.62378,67,1330.708264
224.89006,45,1330.862414
259.547,49,1331.15168
1073.5613,215,1332.45142
298.31918,57,1332.727289
262.74225,54,1332.88623
212.35248,43,1333.061326
563.5294,107,1333.659255
589.32043,115,1334.533505
340.86618,65,1334.871347
432.47675,84,1335.307703
415.74933,88,1335.823109
355.8326,78,1336.396475
435.5212,96,1337.172745
313.78952,63,1337.52126
222.95676,49,1337.642073
409.57733,92,1338.480234
555.63086,125,1338.777678
175.81708,36,1339.107287
626.9974,129,1339.945976
533.84454,104,1340.614108
321.43692,59,1341.183792
171.76251,34,1341.525138
366.27234,75,1342.131676
438.5825,82,1342.533333
256.33057,56,1342.785669
708.74097,157,1343.624851
368.84106,78,1344.056342
299.91248,65,1344.348694
311.24527,59,1344.582268
320.8987,67,1344.856322
252.14459,53,1345.037157
302.79425,59,1345.425042
563.2955,120,1346.040125
218.5138,44,1346.251345
349.0006,75,1346.376177
388.72473,82,1347.136378
272.2155,60,1347.363586
343.64087,74,1347.499107
351.0977,79,1347.822447
296.31152,56,1348.470061
370.27423,73,1348.768521
340.8291,64,1349.187215
557.5987,123,1350.198296
405.2874,91,1350.88225
379.15015,78,1351.483565
256.15796,50,1351.861416
324.6838,64,1352.440836
267.5084,55,1352.82211
273.84735,55,1352.993026
255.23697,48,1353.33679
242.1023,46,1353.705095
354.42606,73,1354.800576
322.02502,62,1355.102608
458.0762,99,1355.388496
258.51562,49,1355.638007
276.90842,55,1356.104775
278.07144,52,1356.299847
279.27258,53,1356.427489
277.78632,53,1356.53116
305.66202,60,1356.672613
371.59106,78,1356.966809
260.35367,54,1357.252332
241.72287,49,1357.510992
329.05026,67,1357.835881
469.8101,94,1358.325799
361.49628,79,1358.873848
236.42744,46,1359.202622
331.97394,71,1359.855967
280.23697,55,1360.265925
267.2959,50,1360.740676
269.38068,60,1361.310501
240.7879,49,1361.512399
285.23154,56,1362.092381
465.63046,104,1362.818805
458.916,103,1363.721221
278.06348,53,1363.956622
348.17038,74,1364.441981
290.02344,55,1364.579087
292.6431,56,1364.864547
389.67584,71,1365.476284
382.55356,80,1365.72981
321.53607,61,1365.8583
286.93893,59,1366.744964
280.22702,54,1366.96645
510.73605,99,1367.359819
266.06412,53,1367.519368
339.89758,70,1367.7363
304.87433,60,1367.959444
335.4601,70,1368.499539
362.16522,71,1368.860749
321.92737,61,1369.404884
412.0167,88,1369.729129
390.63345,75,1370.48578
370.72354,71,1370.891096
488.08908,100,1371.473873
294.86176,59,1371.637732
618.9973,121,1372.328178
366.52393,72,1372.554516
267.8981,57,1372.82598
402.97562,83,1373.095306
451.79227,90,1373.640325
305.51794,60,1374.014756
471.6299,90,1374.249706
288.64682,61,1374.512155
373.76944,85,1375.247422
411.2763,93,1375.673
350.4397,75,1375.878003
265.35736,59,1376.022846
386.9665,83,1376.964532
380.23712,75,1377.510275
253.57536,52,1377.628543
268.80362,54,1377.971885
271.7434,57,1378.301773
260.36768,53,1378.84041
379.9099,88,1379.825433
530.3364,107,1380.892746
365.80798,82,1381.292721
305.60678,69,1381.749007
423.61765,89,1382.513633
312.66998,64,1383.341082
571.14453,131,1383.987872
259.05008,55,1384.183493
484.3254,96,1384.721117
308.7382,62,1385.023645
373.9493,74,1385.273867
260.27448,60,1385.485453
298.22342,62,1385.841725
218.1829,44,1386.200292
196.43843,44,1386.582096
199.22316,39,1386.792044
372.2561,79,1387.176929
308.46664,65,1387.312563
268.1695,56,1387.415243
306.60535,71,1387.561221
262.19495,51,1387.962484
377.6657,82,1388.393455
274.70105,60,1388.564413
331.39386,72,1388.761589
339.5119,67,1389.582382
424.0995,93,1390.494297
326.74222,65,1390.848719
386.53406,89,1391.096403
729.2322,162,1391.718236
272.71988,56,1392.110415
383.26242,77,1392.448388
438.5717,87,1392.616451
494.727,112,1393.23017
137.84216,29,1393.473082
247.77153,50,1393.669095
460.24002,96,1393.903494
203.34454,46,1394.002385
304.58075,59,1394.358785
515.4996,115,1395.228261
633.00323,129,1396.337916
287.68887,64,1396.51601
372.4349,84,1397.458899
318.57126,66,1397.703768
303.47653,58,1397.909071
429.83524,93,1398.156013
250.1476,58,1398.296232
377.93707,86,1398.509263
315.19452,72,1398.741665
290.7455,64,1398.923402
410.03696,85,1399.278805
445.5513,88,1399.760658
477.55493,94,1400.230183
422.52344,81,1400.54798
344.01935,77,1400.968271
377.89758,83,1401.311886
259.01074,58,1401.655937
242.5442,54,1401.96974
281.72443,63,1402.288684
425.59027,87,1402.736507
392.3808,74,1402.978248
302.9929,66,1403.241544
291.08398,62,1403.50748
363.2437,79,1403.772615
782.05164,153,1404.488503
396.9602,76,1404.760234
623.07904,119,1405.424693
341.7078,78,1405.798059
332.95374,72,1406.220332
252.43433,50,1406.538671
316.76907,67,1406.894855
418.31216,78,1407.475903
358.77634,73,1407.750295
322.3518,61,1407.928231
256.5706,56,1408.15466
367.63754,75,1408.618535
261.883,51,1408.915214
414.54498,78,1409.359097
420.44443,82,1409.712722
234.45776,46,1410.163154
264.92914,53,1410.504274
276.92294,60,1410.951028
406.01617,78,1411.519318
315.0547,60,1411.941727
191.55147,39,1412.189027
350.78644,70,1412.984896
396.52252,77,1413.622142
402.80557,77,1413.931941
315.5143,60,1414.353202
293.71884,59,1414.631987
492.18896,100,1415.192137
370.5217,81,1415.809846
268.1495,54,1416.184985
589.65894,129,1417.000671
632.9611,124,1417.549162
584.8579,117,1418.238692
699.02673,142,1418.959031
525.72516,109,1419.41754
422.15994,87,1420.26235
449.9096,89,1420.844871
376.14294,73,1421.739789
271.00293,56,1421.855013
207.8416,41,1422.000324
366.70892,71,1422.399375
432.6046,88,1422.889868
773.93085,155,1423.758176
371.8368,77,1424.782314
490.77948,96,1425.334921
281.81696,59,1425.496256
332.52612,75,1426.235538
227.57324,47,1426.477689
401.17163,85,1426.640156
593.483,129,1427.425086
352.55295,79,1427.965353
323.66644,63,1428.282456
255.7286,50,1428.504779
491.90558,103,1429.336518
320.27417,69,1430.181588
254.35852,52,1430.695627
309.68967,65,1431.3204
461.23453,93,1431.942184
370.94272,78,1432.469872
211.63292,44,1432.742825
292.03677,62,1433.491774
197.98003,42,1433.800076
240.43367,50,1434.1315
516.65845,110,1434.641932
277.24152,58,1435.207803
306.50214,69,1435.596787
929.5349,193,1436.033196
267.82266,56,1436.135929
264.48154,58,1436.891442
436.38333,87,1437.193542
259.66367,56,1437.342897
306.9979,71,1437.656421
399.57895,93,1438.611064
346.0855,73,1439.242968
404.9569,94,1439.764234
328.75018,69,1440.262453
280.80435,61,1440.713686
284.34534,59,1441.074574
493.5592,106,1441.492778
303.52795,64,1441.75569
312.5306,63,1442.007913
315.06857,66,1442.228261
277.53726,57,1442.392925
499.75632,100,1442.733183
547.0073,112,1443.064059
474.23233,92,1443.247101
290.55478,63,1443.444611
374.28433,78,1443.821805
303.2822,63,1443.94048
345.7695,73,1444.224964
318.8594,70,1444.851878
349.3916,69,1445.093993
314.6093,69,1445.233617
355.55252,75,1445.42427
321.78882,68,1445.652586
288.0108,60,1445.85569
319.44904,67,1446.114553
400.81107,82,1446.424185
291.19247,61,1446.664248
331.8835,70,1446.989504
356.9929,74,1447.244337
280.68094,59,1447.45645
378.27258,83,1447.737244
400.43582,81,1448.264839
327.2532,65,1448.664058
270.7851,58,1449.210397
324.95752,69,1449.554172
353.90378,76,1450.233681
473.48383,102,1450.943203
252.5367,55,1451.339223
353.4191,75,1451.700316
278.0021,56,1451.970613
417.389,92,1452.449206
329.5693,69,1452.883954
308.40283,65,1453.155548
349.34747,77,1453.424542
336.53946,71,1453.821634
362.77997,76,1454.179368
380.95383,82,1454.929003
412.37402,89,1455.429077
297.75098,61,1456.063381
237.50328,52,1456.286822
367.51392,77,1456.782597
294.83026,63,1457.126456
290.35446,61,1457.464743
354.5186,70,1457.798681
295.15503,62,1458.068541
372.29303,82,1458.413669
457.99567,92,1458.787442
253.6369,56,1458.920994
353.47043,80,1459.350275
425.96515,95,1459.772852
318.12167,68,1460.309531
236.97517,53,1460.534688
316.37344,73,1461.365855
253.94604,55,1461.960734
285.05295,66,1462.294386
542.9452,107,1462.877655
257.121,56,1463.19668
328.69415,75,1463.5756
261.64273,59,1463.898832
289.42804,60,1464.00328
240.24033,54,1464.090639
399.901,84,1464.45423
286.13977,60,1464.956938
284.36786,59,1465.36593
278.8495,60,1465.799237
235.2184,52,1466.034985
795.334,159,1467.517949
386.29135,82,1468.190051
484.20828,97,1468.86843
209.78366,46,1469.020179
319.98413,70,1469.501659
717.9515,143,1470.630759
337.5746,71,1471.269401
381.29987,77,1471.453664
345.83286,76,1471.884794
356.4689,74,1472.212662
357.2089,71,1472.527912
616.6437,132,1473.190617
341.9306,73,1473.329621
381.34204,79,1473.749347
324.45212,67,1474.10652
387.19537,83,1474.555777
328.8794,69,1475.116394
496.31787,99,1475.331971
330.90973,68,1475.448024
343.73657,71,1476.039897
285.21915,59,1476.323357
552.91315,112,1476.590366
549.79,112,1477.496933
330.10428,69,1477.620183
486.1782,101,1478.27266
329.81677,67,1478.606677
450.2277,90,1478.853435
378.56433,80,1479.343228
382.0291,81,1479.789443
373.23087,76,1480.114089
392.4298,78,1480.324521
247.74637,53,1480.574449
332.5167,67,1480.956659
323.92432,67,1481.268559
384.48096,76,1481.540798
298.86063,63,1481.679091
454.2161,93,1481.989318
411.23184,85,1482.488109
392.8737,80,1482.897768
415.48276,87,1483.250025
517.26495,108,1483.664469
349.32428,75,1483.92057
369.91245,79,1484.358578
332.19858,71,1484.938648
629.8283,131,1485.468388
333.66513,70,1485.686441
460.70587,92,1486.180989
348.0932,73,1486.384694
380.05286,77,1486.699857
473.29407,96,1486.862095
304.1276,64,1486.971357
321.10995,67,1487.102275
467.11575,95,1487.306936
392.13373,81,1487.454129
316.70404,68,1487.605435
350.86258,76,1487.75104
398.3702,81,1487.947838
319.11014,69,1488.134064
298.49493,64,1488.387105
279.77563,60,1488.546607
355.25766,78,1488.72885
339.68597,71,1488.962452
382.90924,82,1489.204332
378.75806,91,1489.451346
400.2058,89,1489.878368
265.83432,57,1490.12097
322.2414,68,1490.331191
379.45364,81,1490.626588
368.64056,79,1490.911854
358.50357,76,1491.125866
294.08786,64,1491.260632
388.84692,85,1491.463819
351.55038,76,1491.754136
278.77707,60,1491.944553
387.369,79,1492.142328
267.7358,57,1492.375275
321.8579,68,1492.607676
445.6615,103,1492.934589
296.0224,63,1493.205941
364.17755,78,1493.455213
395.24725,88,1493.716547
387.63376,83,1493.971131
440.1075,100,1494.196518
698.06433,154,1494.609129
548.8799,115,1494.842642
401.36942,86,1495.02532
322.80884,67,1495.171319
506.291,111,1495.377659
369.36847,77,1495.511251
497.2356,111,1495.721205
184.42685,37,1495.784997
300.14993,61,1495.900342
172.06525,33,1495.961925
408.0756,87,1496.187124
331.7763,68,1496.346644
469.95367,105,1496.624429
397.45535,84,1496.821827
310.69962,64,1496.963407
357.56146,74,1497.106054
485.7802,107,1497.327175
366.91736,77,1497.498382
311.56622,65,1497.641777
411.2849,87,1497.804886
356.1808,75,1497.964787
435.71094,91,1498.166592
400.21295,85,1498.33771
328.94995,69,1498.46327
324.74365,66,1498.600469
304.35593,63,1498.723559
396.11478,84,1498.934672
466.8288,104,1499.175327
498.06854,110,1499.52335
455.95496,100,1499.744222
402.51688,85,1500.075379
315.64127,64,1500.283637
349.78687,75,1500.462121
461.79233,97,1500.762163
417.0138,88,1501.010477
357.84744,76,1501.216598
293.4375,61,1501.366165
429.4459,92,1501.603095
394.6379,83,1501.765954
378.03128,82,1501.933523
434.2088,95,1502.124984
339.663,71,1502.300176
395.7828,83,1502.511298
366.58215,78,1502.761388
298.68304,63,1503.030719
352.57654,74,1503.242625
371.09116,78,1503.465244
380.73795,80,1503.813362
441.85068,102,1504.068245
353.17563,73,1504.33417
446.767,95,1504.559746
380.9701,84,1504.731685
369.01025,78,1504.91902
268.75006,58,1505.040706
411.8803,89,1505.311534
459.92776,105,1505.580855
281.57843,59,1505.777759
307.82767,63,1505.938368
439.3765,97,1506.168567
404.8217,85,1506.339764
242.90137,51,1506.456825
314.6989,65,1506.639022
280.97885,58,1506.823426
252.4888,52,1506.93515
350.05765,70,1507.081758
294.8042,62,1507.203248
369.75793,76,1507.368543
337.74265,69,1507.56056
275.63284,57,1507.734195
348.34677,73,1507.94187
316.7693,65,1508.15142
281.87747,59,1508.427618
337.79465,71,1508.65401
318.27832,67,1508.87359
377.9239,80,1509.285309
403.08792,82,1509.489223
344.83524,74,1509.797842
331.26923,69,1510.047002
370.15308,76,1510.278076
247.85172,57,1510.399044
269.82333,59,1510.523521
296.85678,62,1510.667127
302.4979,65,1510.807909
326.22797,68,1510.948575
270.81198,55,1511.076105
289.3062,61,1511.227635
271.6971,56,1511.367187
275.1016,57,1511.468054
275.48383,57,1511.570854
309.9163,65,1511.726619
433.7234,90,1511.931792
342.13202,70,1512.216477
366.11725,75,1512.494597
672.2239,136,1512.980195
273.36987,57,1513.11283
342.68558,72,1513.280721
395.83908,82,1513.56847
347.35522,72,1513.836529
271.23428,56,1513.9386
457.44464,98,1514.213722
260.31094,54,1514.353007
389.54025,83,1514.542868
484.21808,110,1514.810347
305.18063,64,1515.022419
443.31174,97,1515.298011
325.2878,68,1515.511117
395.8515,84,1515.725585
423.1376,87,1515.961856
365.09314,78,1516.211774
478.7494,98,1516.570476
412.0634,89,1516.9175
378.36908,87,1517.233982
320.16772,74,1517.486125
633.28815,137,1517.950332
300.773,67,1518.175885
453.05573,93,1518.409361
419.64767,87,1518.621789
237.49756,51,1518.731949
313.67975,68,1519.038393
231.25504,53,1519.213278
234.92203,54,1519.350758
218.22417,46,1519.461338
274.02213,62,1519.610064
252.98228,52,1519.771993
236.8181,51,1519.88356
266.63916,60,1520.005138
301.99088,64,1520.20036
276.18503,63,1520.358436
393.78894,81,1520.585425
337.2627,73,1520.792192
268.13034,56,1520.892955
226.43237,52,1521.020928
303.8241,67,1521.167915
339.42383,72,1521.442782
358.57452,77,1521.678108
336.24835,70,1521.803474
222.21054,50,1521.891376
344.9567,72,1522.016042
365.41742,74,1522.146382
442.93997,89,1522.300359
343.91113,72,1522.428784
342.8278,70,1522.562931
353.2946,72,1522.687368
232.22643,53,1522.786415
265.03268,59,1522.923998
259.98764,56,1523.094147
527.8193,110,1523.409069
322.8895,69,1523.665391
267.5572,60,1523.800685
284.0408,63,1523.935309
289.32266,61,1524.093348
307.67303,67,1524.216125
265.6267,59,1524.341875
311.14987,63,1524.456022
223.95586,51,1524.553888
261.32867,58,1524.677595
235.52069,53,1524.833484
398.54605,81,1525.080014
196.81757,40,1525.191029
232.83217,53,1525.299623
269.59607,58,1525.406638
231.00603,52,1525.518762
336.2784,73,1525.718748
478.60803,99,1526.091211
319.8272,67,1526.295911
293.40863,59,1526.428062
254.27826,55,1526.5591
302.51117,64,1526.707556
293.2666,64,1526.899284
278.6849,56,1527.012733
380.9855,83,1527.283595
294.36734,60,1527.48048
413.60864,97,1527.708024
270.46866,56,1527.93683
414.13715,86,1528.288105
279.54254,56,1528.432261
302.7465,61,1528.586797
323.99136,64,1528.760298
351.6704,72,1529.039772
403.49506,83,1529.361813
334.864,68,1529.523676
581.8038,116,1529.788766
537.54694,120,1530.083649
424.44104,82,1530.296996
433.4629,89,1530.556941
323.47293,67,1530.744768
458.8771,94,1530.945789
342.95273,72,1531.147054
399.39023,84,1531.329867
441.08154,91,1531.545115
541.8802,113,1531.813797
414.98166,88,1532.020313
275.4674,57,1532.131793
425.2153,86,1532.394272
518.517,107,1532.693294
421.3474,85,1532.898479
421.0376,90,1533.115073
685.5744,153,1533.603866
513.1279,106,1533.992431
399.77957,80,1534.184291
485.4138,99,1534.375023
355.31317,72,1534.501838
461.06064,94,1534.672875
469.0042,94,1534.905293
620.0589,139,1535.248235
376.25388,77,1535.41612
402.78043,93,1535.71541
397.67142,80,1536.005793
389.6097,79,1536.314674
492.35168,100,1536.553152
425.14355,89,1536.766678
416.3499,95,1537.039363
378.8897,79,1537.292402
288.21185,61,1537.477149
439.97595,97,1537.716305
297.963,64,1537.8753
428.71405,97,1538.108683
326.44595,70,1538.28421
387.0806,84,1538.508257
404.1713,85,1538.726284
415.7951,87,1538.914228
427.75293,94,1539.180132
324.00925,68,1539.347589
354.9869,75,1539.543379
288.94305,66,1539.734143
398.48477,78,1539.924133
364.13586,78,1540.182233
327.0008,65,1540.377963
348.9568,68,1540.622241
387.47348,75,1540.785194
397.81244,85,1540.992073
356.7022,76,1541.178437
350.3458,75,1541.362372
290.67612,64,1541.557508
383.30142,83,1541.775038
370.59888,81,1541.950555
386.3499,79,1542.132603
366.18094,75,1542.296797
423.10437,84,1542.471946
284.43964,59,1542.673967
445.85223,96,1542.905442
251.85991,51,1543.009152
293.77533,59,1543.132575
457.89865,90,1543.33404
276.47812,53,1543.435975
331.84457,69,1543.58618
329.526,69,1543.731762
433.80066,100,1543.944616
510.14096,104,1544.186298
334.17865,68,1544.398347
301.43927,63,1544.537141
294.87177,64,1544.725489
257.41,53,1544.897167
318.00235,66,1545.036094
352.09332,73,1545.193269
288.63608,60,1545.362719
349.80267,74,1545.568245
331.95,70,1545.733431
461.25928,100,1545.993286
369.56747,75,1546.182841
359.825,75,1546.362805
269.65164,59,1546.552778
341.21732,72,1546.708458
321.48312,68,1546.912666
360.36185,75,1547.109322
328.20398,72,1547.28392
338.85147,71,1547.496968
356.84045,74,1547.728718
427.23798,87,1548.015865
332.35962,72,1548.181775
338.7701,72,1548.34431
321.81766,67,1548.503157
342.82913,72,1548.764763
275.44824,58,1548.914907
321.59372,70,1549.208452
255.31093,54,1549.415951
328.08322,71,1549.625821
281.68326,60,1549.763003
325.2266,69,1549.921421
257.2235,58,1550.071188
359.52347,78,1550.255617
297.46564,69,1550.431566
270.6105,62,1550.631124
342.5805,77,1550.80685
433.03464,99,1551.008835
266.71332,61,1551.138439
294.31567,68,1551.341941
250.75851,56,1551.509511
308.4639,69,1551.715646
446.15695,91,1552.091612
284.79968,56,1552.323368
331.96005,70,1552.56224
421.82294,83,1552.765205
407.1145,80,1553.012341
336.5785,65,1553.182374
339.732,67,1553.469918
388.95743,75,1553.795327
371.8194,74,1554.038941
400.6565,77,1554.372157
498.52625,96,1554.832167
503.09085,99,1555.140803
490.24585,101,1555.403625
430.7694,84,1555.676303
467.17535,92,1555.962662
292.9426,58,1556.096282
344.69672,67,1556.241942
487.58685,95,1556.495686
413.6426,80,1556.702557
370.02032,72,1556.926319
366.777,74,1557.142256
341.33072,68,1557.330004
373.53735,73,1557.58784
378.5786,77,1557.904792
344.0544,69,1558.155815
388.10254,77,1558.342652
426.11127,83,1558.576576
317.97382,63,1558.735351
355.3266,71,1558.90741
331.34012,65,1559.067868
342.57675,70,1559.252387
318.92825,65,1560.157832
382.86514,75,1560.348215
431.5215,95,1560.617086
373.41403,77,1560.794659
355.43936,78,1560.95651
355.06506,76,1561.235555
429.7557,88,1561.532324
377.27664,76,1561.784841
314.5305,66,1562.032372
380.66934,83,1562.336924
350.62863,69,1562.55248
309.86215,71,1562.70113
222.17282,50,1562.794908
244.12369,54,1562.906458
267.68503,59,1563.031932
286.8765,63,1563.162623
265.93024,60,1563.388916
292.12082,69,1563.664661
260.8685,56,1563.848633
234.99124,53,1564.022196
328.18906,74,1564.33566
261.4045,58,1564.523259
262.16177,60,1564.64968
244.36253,56,1564.867178
266.78955,60,1565.151694
268.55667,61,1565.415729
215.97574,48,1565.58687
321.18805,73,1565.773986
264.12936,60,1565.903359
309.02493,67,1566.056612
253.91061,56,1566.189466
341.5979,71,1566.344217
253.11766,55,1566.500342
338.14407,72,1566.739519
275.83582,59,1566.901585
321.69003,71,1567.169933
317.409,72,1567.422124
259.5376,61,1567.618244
320.2003,66,1567.81913
394.33643,81,1568.041445
277.06354,61,1568.249549
312.06384,71,1568.55174
319.2892,68,1568.754731
321.75552,70,1568.916968
339.45645,74,1569.240527
385.1141,79,1569.50286
343.79782,76,1569.756777
331.43216,70,1569.93921
383.1581,79,1570.176317
315.9215,71,1570.349401
275.50613,63,1570.506575
317.03775,70,1570.690524
339.19632,71,1570.888928
304.87317,69,1571.072485
359.72482,78,1571.220769
332.0698,75,1571.418097
337.48447,71,1571.587967
299.77634,65,1571.717875
296.57086,62,1571.832018
282.1591,60,1571.949063
336.82336,75,1572.090634
307.86423,65,1572.210018
301.13226,63,1572.336256
306.72964,64,1572.473355
313.94214,68,1572.601785
310.73364,66,1572.767259
322.78592,69,1572.95024
305.77692,65,1573.085865
333.7258,72,1573.265187
311.65494,65,1573.428868
315.7523,65,1573.587457
290.53683,65,1573.725127
278.64914,63,1574.000149
340.64038,69,1574.166881
337.09384,73,1574.385017
238.08778,54,1574.490479
343.84427,79,1574.820012
328.27603,71,1575.05875
332.86902,74,1575.225041
360.2482,72,1575.372731
300.06073,69,1575.540185
375.4864,76,1575.69104
330.4764,72,1575.880636
300.29993,69,1576.094582
267.91165,61,1576.245305
268.7734,61,1576.408786
334.01648,70,1576.600462
351.386,74,1576.800417
358.19537,79,1577.054917
248.41187,57,1577.174917
371.02365,80,1577.41046
240.00322,53,1577.537323
354.40366,69,1577.747432
289.74734,65,1577.902599
408.75574,85,1578.10464
285.36902,65,1578.321914
280.8574,64,1578.464455
322.61295,70,1578.74377
294.13452,65,1578.931584
367.9321,82,1579.196079
324.51846,69,1579.40974
260.6201,54,1579.536494
293.91513,64,1579.693985
254.9734,57,1579.836333
306.39487,69,1579.989923
300.12177,62,1580.168966
260.0672,57,1580.314997
278.9939,58,1580.6287
315.1817,71,1580.848162
269.629,57,1581.024247
298.57272,64,1581.208805
332.64667,67,1581.381263
337.08884,67,1581.596306
373.0368,72,1581.748966
301.62228,62,1581.881699
279.5005,55,1582.011953
299.62415,62,1582.125337
306.89758,60,1582.251894
302.97946,60,1582.377757
308.2949,59,1582.558702
340.61902,69,1582.708237
284.27444,56,1582.826695
325.93427,65,1582.978694
307.5551,62,1583.113412
288.65707,55,1583.254389
264.3076,52,1583.445624
309.7181,59,1583.600444
285.34775,55,1583.760625
294.72787,58,1583.909579
334.70938,64,1584.103662
279.33594,55,1584.246228
307.0833,61,1584.407943
352.78592,69,1584.628255
337.5078,67,1584.802345
359.66406,69,1584.992881
259.82553,52,1585.160705
313.47397,62,1585.310556
278.7241,54,1585.465331
291.68216,58,1585.61592
307.12778,61,1585.772415
315.9424,61,1585.962874
329.1854,64,1586.100731
331.40256,66,1586.356175
320.83264,65,1586.589492
331.75845,67,1586.739172
313.68622,65,1586.898211
319.86636,62,1587.057777
316.56522,61,1587.291992
70.98629,15,1587.32736
329.58917,67,1587.592935
275.6009,54,1587.776773
370.7703,74,1588.000106
360.95834,73,1588.350752
328.97617,65,1588.546834
309.53204,61,1588.824991
309.12152,62,1588.960432
338.89667,66,1589.259418
303.64984,58,1589.51695
254.82591,50,1589.639811
263.70816,51,1589.75687
260.0654,50,1589.88512
71.02995,15,1589.945174
264.51767,51,1590.088673
269.61798,50,1590.249665
289.41415,55,1590.419756
283.3641,54,1590.62392
319.713,61,1590.823673
283.71124,53,1590.96371
265.66284,52,1591.094925
415.2838,81,1591.282954
301.7336,57,1591.426088
369.27206,70,1591.696742
330.735,62,1591.880159
366.86395,70,1592.029903
334.419,65,1592.206735
418.62344,84,1592.433271
397.5079,76,1592.693659
376.1407,72,1592.832065
344.44254,65,1592.959481
339.55682,65,1593.165482
337.48404,64,1593.356933
377.2167,72,1593.569971
319.23306,61,1593.717212
404.51843,77,1593.918052
370.63568,71,1594.133657
294.51898,57,1594.373171
358.98874,69,1594.581926
304.1571,59,1594.771376
402.08078,77,1594.980597
367.87497,71,1595.157953
350.9158,67,1595.296376
327.09695,64,1595.479726
303.62033,58,1595.6237
259.05508,51,1595.72917
278.0202,53,1595.871218
415.16653,80,1596.03628
302.4029,58,1596.179248
447.14066,88,1596.444942
301.32056,59,1596.582514
397.16135,76,1596.731931
308.31567,61,1596.844955
494.60217,97,1597.039431
388.89813,75,1597.187518
337.57303,64,1597.328964
337.5661,67,1597.461141
414.97845,83,1597.649128
402.05505,78,1597.800024
371.22992,73,1597.975426
352.4173,67,1598.153649
332.54123,67,1598.302285
315.1209,61,1598.489275
434.45984,86,1598.677439
346.56345,74,1598.87422
369.92386,73,1599.127731
283.55536,64,1599.246911
345.80856,72,1599.420241
304.57153,69,1599.601924
410.8342,86,1599.811842
378.4784,76,1600.079586
452.0314,89,1600.425085
306.00208,65,1600.595111
340.0715,69,1600.719498
334.36423,64,1600.85626
341.98724,66,1600.998417
309.75897,59,1601.119699
327.63605,64,1601.277075
366.11087,74,1601.497772
293.74127,57,1601.63074
278.33066,54,1601.763496
360.19174,71,1601.957869
264.3035,51,1602.109784
315.22058,59,1602.237501
296.4001,60,1602.35118
293.16565,54,1602.472368
300.73776,58,1602.591978
289.84186,58,1602.729134
353.5629,69,1602.886215
319.6602,63,1603.018323
309.8349,58,1603.132195
266.72998,51,1603.227737
286.9684,56,1603.332063
307.5916,58,1603.433156
303.83615,58,1603.539312
310.54434,58,1603.672617
237.07489,47,1603.8142
286.83652,56,1603.974777
300.82495,58,1604.10679
328.79282,61,1604.285474
318.50436,61,1604.493352
322.36234,61,1604.816629
284.47964,56,1604.950404
278.82602,53,1605.072809
283.36472,56,1605.208893
369.27716,71,1605.400587
358.35693,66,1605.610151
371.1904,69,1605.740394
344.8852,63,1605.91958
368.96783,68,1606.129883
323.3591,62,1606.357791
324.5478,70,1606.55845
376.5684,70,1606.763597
442.39615,88,1606.973436
389.34253,72,1607.141941
318.9938,62,1607.292189
472.88687,92,1607.651133
350.12198,69,1607.875417
395.9676,73,1608.063012
318.5248,60,1608.238912
247.71268,45,1608.344539
321.24246,70,1608.473321
374.9369,71,1608.704896
318.47656,65,1608.827744
328.33725,70,1609.000648
390.5881,76,1609.204523
316.06537,61,1609.464413
374.37784,76,1609.785931
299.96866,66,1610.001575
325.6235,71,1610.2085
276.47736,60,1610.37287
323.502,67,1610.536036
319.23615,69,1610.678211
339.62564,67,1610.828705
297.39313,62,1610.964833
335.55142,69,1611.220284
414.44083,93,1611.433366
263.11185,51,1611.555262
363.1927,68,1611.725868
303.69647,67,1611.851655
262.912,55,1611.980436
316.6911,71,1612.191231
341.7113,70,1612.326305
271.11444,56,1612.460391
290.47034,57,1612.642876
342.36597,70,1612.87926
308.35675,62,1613.203969
332.7062,68,1613.398657
240.66295,50,1613.510487
331.80093,72,1613.649039
361.08057,70,1613.773744
331.83813,71,1613.916455
285.8897,56,1614.053149
315.92902,69,1614.186868
314.87354,62,1614.291
345.29208,69,1614.407096
345.39624,74,1614.531801
256.6307,49,1614.611387
284.4469,63,1614.727117
271.11337,58,1614.852663
243.06863,49,1614.943535
412.0659,85,1615.126151
250.41565,54,1615.208166
361.70532,80,1615.394954
269.98572,56,1615.585312
357.71506,73,1615.806316
294.01352,60,1616.028311
288.80563,58,1616.195255
295.60486,60,1616.442006
294.8349,61,1616.68222
369.42902,76,1616.931692
524.5383,108,1617.303448
428.47186,83,1617.46332
333.44714,70,1617.609021
382.3303,79,1617.83018
281.13467,56,1617.969751
369.0364,72,1618.12159
358.28436,75,1618.388394
273.87558,53,1618.481437
275.65756,56,1618.653379
298.4361,59,1618.831194
192.29884,39,1618.957079
290.23608,58,1619.139628
312.69873,61,1619.38161
218.61703,43,1619.472474
242.85332,49,1619.578938
286.68848,56,1619.73073
329.43164,65,1619.902135
227.04591,46,1620.026968
363.6414,69,1620.311451
252.612,52,1620.498113
328.50467,64,1620.715526
289.72717,63,1620.895012
266.73032,54,1621.091291
270.3128,55,1621.321399
172.47952,34,1621.465949
311.6474,64,1621.682849
299.10303,59,1621.82738
369.9725,72,1621.965257
253.8695,56,1622.081636
270.7729,59,1622.182208
331.3159,65,1622.325334
345.26144,67,1622.463632
327.558,62,1622.65258
288.0681,57,1622.776864
363.7174,73,1622.958295
369.11243,76,1623.103961
436.1858,85,1623.267709
437.69308,86,1623.485949
304.9508,66,1623.635288
324.8993,64,1623.788491
364.52728,70,1624.003185
343.2697,69,1624.13826
316.00568,63,1624.315817
222.69318,44,1624.402408
264.2794,51,1624.547696
383.58875,76,1624.689313
351.1552,69,1624.813042
370.72507,74,1624.956384
259.31046,52,1625.082289
264.38052,53,1625.18763
394.11005,78,1625.385554
274.64255,53,1625.541519
348.5421,77,1625.755807
183.6922,37,1625.834902
269.38354,56,1626.08674
297.41968,58,1626.221095
381.71762,79,1626.453999
262.63464,53,1626.592214
249.3919,52,1626.675284
279.81238,58,1626.820533
298.6973,62,1626.956136
195.67007,39,1627.019216
235.8786,48,1627.109598
236.97049,48,1627.220206
184.94463,37,1627.297755
329.1549,66,1627.423612
297.52185,59,1627.554718
315.87726,62,1627.834369
321.8042,72,1628.01872
246.01517,49,1628.127082
412.36844,78,1628.276927
389.27542,77,1628.474293
230.47798,46,1628.570919
351.8337,72,1628.97482
283.99347,56,1629.104478
276.85056,54,1629.2686
337.51505,66,1629.490944
317.84473,62,1629.703043
239.06177,48,1629.863841
176.90822,38,1629.941584
518.663,101,1630.171019
247.17807,49,1630.295581
271.4061,55,1630.455095
265.52786,51,1630.629933
311.20953,60,1630.766199
322.8593,68,1630.888565
182.95421,37,1630.951225
303.60654,60,1631.078612
371.4929,73,1631.226082
325.0436,64,1631.342259
255.34456,50,1631.430597
272.99625,55,1631.534496
256.93274,50,1631.738265
313.79486,61,1631.917912
342.00922,66,1632.056928
266.77097,52,1632.163326
261.86807,50,1632.240803
259.69916,50,1632.344416
279.6332,53,1632.430994
247.54485,47,1632.556624
250.93115,48,1632.665238
282.27344,54,1632.760586
310.533,60,1632.863778
278.88065,54,1632.968924
266.92493,51,1633.084471
253.85205,49,1633.247321
218.08368,43,1633.389024
183.1522,38,1633.485062
325.9428,62,1633.581778
233.8543,46,1633.654499
273.93274,54,1633.741279
248.31113,50,1633.85371
325.31323,64,1633.948982
354.99832,68,1634.05998
266.84073,51,1634.201828
333.53564,64,1634.41138
225.98189,42,1634.547082
281.54623,55,1634.647851
281.4336,56,1634.797597
211.35165,44,1634.924532
289.79547,55,1635.15462
302.46613,58,1635.325686
283.77924,54,1635.434737
242.16368,45,1635.528551
301.52667,57,1635.679779
287.23895,56,1635.814964
330.90228,63,1635.934879
310.90195,59,1636.074122
329.44556,61,1636.320125
171.62886,36,1636.446372
324.28885,62,1636.714029
338.4984,63,1636.90345
348.278,68,1637.04997
328.723,61,1637.164541
361.30032,69,1637.35507
303.85596,58,1637.492137
358.89133,69,1637.640227
160.04608,35,1637.728817
282.13562,52,1637.840756
240.12685,48,1637.961791
163.94196,34,1638.097073
315.1857,60,1638.291231
381.87582,72,1638.440762
338.03082,64,1638.625127
320.91946,60,1638.738358
327.5775,61,1638.895997
385.01248,77,1639.146472
321.70325,58,1639.374562
199.60114,41,1639.632613
291.72363,55,1640.347601
238.70319,45,1640.802403
312.43756,60,1641.177388
338.8381,63,1641.547031
304.9351,59,1642.10881
247.24017,48,1642.641327
255.33502,52,1643.01019
263.7772,52,1643.471719
336.52975,67,1643.798173
333.62814,66,1644.22432
263.04443,52,1644.50385
374.8277,80,1644.886185
324.12592,63,1645.166689
284.82382,55,1645.635386
233.89084,47,1646.09997
326.57288,64,1646.867148
321.6225,66,1647.246186
307.22385,61,1647.393618
434.75125,84,1647.7784
281.39395,54,1648.158382
274.54688,54,1648.346728
371.50317,74,1648.645249
356.4676,67,1648.826621
250.84546,50,1648.943633
155.8846,33,1649.125513
355.67853,68,1649.570689
343.7589,65,1649.988532
366.86893,70,1650.422291
337.4515,65,1650.883301
96.29818,21,1651.002684
339.63342,64,1651.464494
288.2672,55,1651.980892
365.16956,69,1652.399291
354.57883,68,1652.749879
338.6984,65,1652.957274
358.36908,67,1653.279942
322.07407,61,1653.878805
369.51147,70,1654.320866
355.2136,66,1654.710829
308.43268,61,1655.104849
316.3951,66,1655.36681
317.59933,71,1655.658638
369.11557,72,1656.383548
351.66177,66,1656.840559
286.28125,55,1657.177968
406.88052,77,1657.483903
403.7125,75,1657.618859
271.67758,53,1657.744108
315.91,58,1658.164937
281.39417,54,1658.653008
399.65692,75,1658.779716
309.57,59,1658.875171
294.6899,56,1659.125491
334.75375,66,1659.46873
273.16592,53,1659.764832
396.952,73,1660.335831
310.0411,59,1660.817212
394.9522,72,1661.271175
449.05948,85,1662.105613
317.48694,60,1662.625973
297.89838,56,1663.075942
355.24777,67,1663.392179
521.61285,103,1663.826844
417.7418,79,1664.277377
382.07898,74,1664.611462
329.01233,64,1665.160458
360.24948,67,1665.55995
354.2004,68,1666.159569
394.8533,75,1666.7988
378.3154,71,1667.054198
471.34488,89,1667.473865
277.51514,53,1667.680354
354.59497,74,1668.049955
339.47073,64,1668.271653
362.5035,69,1668.400596
359.73364,68,1668.581787
331.66483,62,1668.927223
468.89767,89,1669.479101
358.12848,68,1670.139646
318.9132,60,1670.427803
332.76785,63,1670.852252
370.8075,71,1671.1536
301.5728,56,1671.415747
355.6261,66,1671.804818
476.42258,91,1672.471192
503.48007,95,1673.265065
301.2086,55,1673.606773
430.1684,93,1674.001784
402.2681,76,1674.295316
388.2794,72,1674.616371
335.57184,64,1675.123206
460.16464,88,1675.823555
407.05664,80,1676.230657
551.5468,108,1677.072927
457.24808,94,1677.494895
537.5778,109,1678.091306
372.00687,70,1678.44054
278.60663,57,1678.628895
286.45312,57,1678.812455
366.4685,70,1679.194386
455.13107,87,1679.625801
369.8302,81,1680.136449
549.6341,104,1680.581297
373.92215,70,1680.954386
387.07382,74,1681.291272
514.48975,96,1681.927575
408.90298,79,1682.968108
410.28247,77,1683.515477
476.95996,94,1684.077774
417.31412,79,1684.314264
422.68893,88,1684.589313
340.53104,64,1684.894338
365.37445,68,1685.406658
352.9509,65,1685.916248
337.26828,62,1686.432462
295.6767,55,1686.649356
390.872,73,1686.876251
426.95767,78,1687.214164
538.04944,101,1687.460224
599.61456,114,1687.843833
540.92554,103,1688.275273
378.5074,73,1688.530823
522.659,100,1688.717949
424.46777,82,1688.909019
459.56088,89,1689.489543
380.16302,70,1689.924336
308.2608,58,1690.118035
262.54767,50,1690.2711
291.9964,55,1690.477706
304.97913,56,1690.685722
343.866,64,1691.136277
270.18472,54,1691.628394
401.98227,77,1692.029423
402.5556,76,1692.446653
424.56506,78,1693.085524
333.2459,62,1693.561326
471.23026,90,1694.253118
417.3978,79,1694.595748
270.09247,50,1694.881471
337.0968,64,1695.307553
512.1273,96,1695.64656
595.34216,113,1695.943188
361.77972,70,1696.278795
333.0805,64,1696.826895
442.06793,97,1697.209654
377.9998,70,1697.597496
497.96463,93,1697.770506
381.24365,70,1698.435343
426.61462,83,1698.846721
410.1019,78,1699.205624
314.78955,62,1699.412666
381.22708,70,1699.901036
353.8764,65,1700.439152
502.0999,95,1701.055546
313.6813,60,1701.525792
344.67,65,1701.920497
361.2643,69,1702.260231
407.16364,79,1702.570719
246.50092,50,1702.77749
431.47638,81,1703.190171
357.30298,67,1703.5566
440.96378,83,1703.927558
389.32846,74,1704.232614
343.24286,65,1704.412857
459.93475,86,1704.831299
391.54767,74,1705.040807
374.2825,68,1705.317272
362.04028,67,1705.561237
415.18204,75,1705.862402
613.1585,120,1706.440365
323.62167,61,1706.6379
462.70877,95,1707.072549
455.3896,95,1707.306448
509.84686,102,1707.897244
493.61902,97,1708.277745
420.4676,80,1708.570812
382.5054,75,1708.713981
466.7724,88,1708.894811
404.6924,75,1709.865772
492.10553,94,1710.417515
497.9518,93,1711.286263
324.33994,63,1711.917187
337.69742,62,1712.385329
251.06155,47,1712.762399
426.2241,78,1713.337833
307.26614,56,1713.734038
457.23303,85,1714.072714
429.15308,80,1714.809413
334.74683,61,1715.437864
385.2418,71,1715.725664
300.13208,55,1716.017009
353.17725,67,1716.251988
391.35046,73,1716.574727
619.0148,116,1717.07612
382.6179,74,1717.370329
271.20544,56,1717.734002
388.78543,72,1718.061736
526.1346,96,1718.677303
561.68164,103,1719.677636
552.7639,107,1720.288372
419.2024,91,1721.398184
282.6079,63,1721.573128
370.31458,68,1721.874668
355.03525,70,1722.478197
356.4191,65,1722.777271
445.5788,88,1722.98776
584.2939,110,1724.159468
475.98514,88,1724.498858
466.9183,85,1724.854336
562.94653,112,1725.754271
424.06342,80,1725.920269
410.85187,76,1726.451874
426.298,79,1727.04673
358.62085,65,1727.211634
402.20447,90,1727.722328
550.91516,102,1728.261862
446.22275,86,1728.554258
593.3589,113,1728.81884
313.83234,58,1729.193405
348.5507,64,1729.744893
503.38626,93,1730.037002
414.6521,84,1730.260454
419.41653,81,1730.729436
355.78192,65,1731.265498
835.08984,165,1731.869298
552.63727,118,1732.520125
372.77075,67,1732.696649
328.4153,75,1732.989407
479.2875,88,1733.49277
603.4426,113,1734.63258
423.01538,94,1735.703262
320.3273,61,1736.523589
352.0717,70,1736.903087
356.8792,69,1737.357
394.67227,73,1737.967362
595.5471,132,1739.250268
428.8226,82,1739.54334
417.81482,78,1740.483679
323.89114,63,1740.597709
323.81586,60,1740.89647
555.51556,121,1741.731027
413.46887,79,1741.981442
551.513,109,1742.302827
196.90184,42,1742.608076
337.77756,65,1742.896723
419.76782,84,1743.242218
423.62296,81,1743.6907
416.04364,79,1744.222753
378.24707,74,1744.678291
433.416,89,1745.388614
447.28546,99,1746.051771
389.4594,88,1746.838975
447.5132,86,1747.288635
411.32175,76,1747.76523
324.31223,60,1748.340152
334.43112,62,1748.68357
347.18777,65,1748.883006
480.34158,102,1749.374441
365.3458,68,1750.213973
469.73148,89,1750.485449
311.38123,58,1750.735275
287.12268,54,1751.200355
514.13306,105,1751.997305
363.69415,69,1752.430227
450.1847,87,1753.46463
545.6226,107,1754.586414
373.10596,71,1755.157837
437.2849,82,1755.858252
369.89737,72,1756.480322
320.03717,76,1757.381168
497.0713,113,1757.957202
450.61697,86,1758.278876
395.03107,73,1759.197618
570.30426,112,1759.504773
473.41556,89,1759.908082
418.34888,89,1760.818262
369.50244,68,1761.395612
363.9697,68,1762.409536
995.946,210,1764.580428
347.44733,65,1765.223112
389.62143,73,1765.628949
333.99533,63,1765.925094
318.7305,61,1766.263969
308.08334,64,1766.551547
466.5841,88,1767.048269
362.20358,68,1767.549286
385.18787,73,1768.223807
655.38806,130,1768.844318
315.31485,59,1769.277845
330.1648,63,1769.679115
322.78625,60,1770.107055
474.89325,94,1770.637012
323.3879,61,1771.021247
419.234,77,1771.247073
312.36676,59,1771.551968
315.31757,59,1771.885046
319.83893,60,1772.336782
419.92456,90,1773.26461
453.01556,101,1773.978957
341.43182,64,1774.367383
370.5154,71,1774.788343
346.11948,66,1775.043886
249.74474,47,1775.261379
389.9412,76,1775.819529
292.08118,55,1776.144065
263.2272,52,1776.356021
354.56268,66,1776.799237
387.3258,72,1777.0346
327.28973,68,1777.339441
429.6877,80,1777.625128
273.5484,55,1777.952774
276.36838,53,1778.374333
417.37643,79,1778.62697
545.4017,112,1778.896904
326.08255,63,1779.08618
221.67104,44,1779.434211
278.30182,57,1779.980682
681.4739,137,1780.79565
352.3076,67,1781.305406
281.18604,58,1782.067995
384.51627,73,1782.537906
435.9159,96,1783.384266
329.97397,66,1784.039212
304.92694,57,1784.311457
351.23685,67,1784.840246
332.03464,64,1785.338288
300.38336,59,1786.10796
287.70355,58,1786.58676
329.73193,63,1787.067872
384.46487,73,1787.343454
324.59583,62,1788.011108
339.5335,66,1788.366294
291.7801,56,1788.662346
424.03937,84,1789.150998
418.4955,81,1789.97037
257.68893,52,1790.486479
292.32675,58,1791.249851
609.69293,139,1792.638635
343.2169,66,1793.412005
374.82727,71,1794.176404
385.05652,72,1794.6098
302.4769,57,1795.159163
201.79507,39,1795.31663
324.02017,63,1795.795641
531.3916,102,1796.287883
343.7881,70,1796.767351
353.42245,67,1797.016026
306.14383,59,1797.140519
332.94135,65,1797.295326
308.33704,58,1797.723687
470.90613,92,1798.290387
302.46045,57,1798.470878
506.3036,103,1798.721971
633.50287,135,1799.510049
521.80804,100,1800.032202
423.17297,82,1800.567629
300.78018,57,1800.927818
335.48584,63,1801.516362
477.4225,100,1802.264662
330.93198,63,1803.1422
308.3038,58,1803.787948
342.43414,65,1804.215753
433.06308,80,1805.12553
393.34515,77,1805.772074
320.4146,60,1806.317184
503.6436,96,1806.66694
355.026,66,1807.022972
281.8435,53,1807.164959
533.88184,102,1807.967972
320.12875,60,1808.316551
280.60883,52,1808.451025
338.43912,66,1808.643768
290.23224,56,1808.851475
293.78253,55,1809.109159
342.30518,66,1809.257223
358.09225,68,1809.574179
332.99905,62,1810.025378
348.73767,66,1810.272275
452.14774,87,1810.724175
395.75024,76,1810.936756
276.22736,52,1811.40545
325.77814,61,1811.951813
733.7018,149,1812.689019
249.29411,47,1813.098884
277.41525,53,1813.314842
351.20316,68,1813.642375
312.94684,58,1814.522601
175.78821,37,1814.580696
403.12967,77,1814.998729
332.69946,63,1815.389189
429.26273,84,1815.942089
375.89352,73,1816.08749
364.5276,70,1816.611359
282.7746,53,1816.766596
386.54825,77,1817.250144
325.31845,62,1817.45105
594.2878,117,1818.182867
375.13965,70,1818.699922
279.83566,53,1818.880277
307.9666,58,1819.155448
338.32748,63,1819.480778
199.48007,39,1819.753394
352.3703,66,1820.02828
270.6044,52,1820.121892
334.001,69,1820.778548
371.13626,74,1821.111495
228.78192,50,1821.253912
353.11414,68,1821.421685
423.69495,84,1822.091509
373.62546,71,1822.294041
281.82373,58,1822.445666
377.78003,82,1822.749154
348.2504,65,1823.664451
331.63837,66,1824.573476
253.5671,53,1824.954599
332.50204,63,1825.328518
408.5233,81,1825.811068
238.95383,47,1826.128127
233.15862,51,1826.337097
260.977,51,1826.570749
243.451,47,1826.87559
488.409,97,1827.314369
455.2191,84,1827.698377
228.95242,47,1828.110757
420.20096,80,1828.349521
176.91487,37,1828.431639
260.9403,54,1828.514485
221.80148,44,1828.719019
180.53185,38,1828.842244
383.2405,74,1829.034558
422.5611,82,1829.686321
365.61365,69,1830.144557
184.28548,39,1830.245744
299.4344,58,1830.393649
244.59215,50,1830.654672
228.228,47,1830.847378
263.03156,53,1831.164252
168.51042,35,1831.514378
208.19748,42,1831.848437
294.22403,62,1832.052781
164.28493,35,1832.182928
261.78702,52,1832.433345
348.98514,65,1832.9242
265.22485,50,1833.628459
246.3329,47,1833.963065
274.76767,56,1834.466892
321.38855,60,1834.849481
158.69489,34,1835.215771
195.44821,40,1835.728097
373.4368,77,1836.214363
292.24936,58,1837.172837
265.68463,50,1837.711592
313.45944,59,1838.279384
208.47997,42,1838.369379
370.64825,73,1839.058285
354.4309,70,1839.268722
424.11148,86,1839.574625
286.39816,59,1839.727331
296.0312,58,1839.857722
518.88354,98,1840.186914
359.99347,69,1840.838313
303.44916,58,1841.35062
273.66794,52,1841.594716
191.8669,39,1841.846523
264.4676,50,1842.216835
341.14453,65,1842.630205
329.96417,64,1842.797759
259.76663,51,1843.275879
338.02316,65,1843.62586
315.81674,60,1844.072767
371.0761,71,1844.305828
230.18552,45,1844.491017
219.59515,43,1844.67279
334.0406,75,1845.029612
514.5213,96,1845.726198
410.91705,79,1846.266492
202.97269,41,1846.446811
266.31168,55,1846.6561
301.68414,59,1847.014911
287.4138,54,1847.281359
315.38348,60,1847.564096
215.042,42,1847.809685
275.39288,52,1848.153355
174.33453,37,1848.204132
377.56274,74,1848.365429
306.39053,63,1848.723512
313.64304,58,1849.217532
338.76514,73,1849.557621
328.56287,61,1849.672181
196.26717,42,1849.87572
151.90811,33,1850.024207
267.46497,51,1850.234616
383.301,73,1850.883273
113.74583,23,1851.001621
228.031,50,1851.565304
330.85327,63,1852.47653
320.7509,64,1852.98346
243.23389,51,1853.290069
265.75244,57,1853.879798
315.81476,60,1854.348054
326.8785,66,1855.081407
384.44952,83,1855.443234
235.5573,45,1855.563294
318.0132,60,1856.328228
354.24405,81,1856.622534
417.28995,82,1856.802866
295.0618,56,1856.903988
266.4549,50,1857.092686
251.38823,49,1857.363541
282.0615,53,1857.609138
482.49225,94,1858.394245
286.19763,56,1858.847656
245.37668,47,1859.1615
423.2405,81,1859.646989
318.39282,60,1860.134305
380.20837,71,1860.828787
301.20316,57,1861.305005
331.98218,64,1861.707679
269.94135,51,1862.131551
298.62122,57,1862.55218
276.70407,56,1862.832397
291.61057,57,1863.040505
229.72916,45,1863.299869
255.55482,49,1863.485348
342.70267,67,1863.857541
166.70459,35,1864.014198
262.35815,52,1864.144895
271.69586,57,1864.365046
386.589,77,1864.803739
308.6243,62,1864.921932
293.75647,56,1865.029294
345.7787,65,1865.338557
327.0244,62,1865.83282
293.09656,59,1866.133035
276.8774,53,1866.261847
334.17667,64,1866.579853
452.80457,87,1867.163902
389.0676,74,1867.48041
323.0514,64,1867.76066
331.18896,64,1868.271794
353.73392,66,1868.598497
314.27258,59,1869.214701
301.85654,58,1869.705967
327.40015,68,1870.368748
291.64114,61,1870.781727
255.84543,50,1871.392
445.0695,84,1871.927109
255.96906,49,1872.207031
265.23993,52,1872.453502
351.1098,66,1872.828173
476.42316,90,1873.548887
564.89197,108,1874.599099
319.13434,61,1875.000293
259.09604,50,1875.524378
355.05975,65,1875.740768
389.5427,75,1875.890006
352.1911,65,1876.171715
426.76862,100,1876.73148
299.35684,58,1877.013607
241.14452,50,1877.214336
261.8524,54,1877.766196
305.06186,61,1878.07477
231.51839,54,1878.694386
242.28078,49,1879.15294
229.37675,47,1879.439198
309.80804,62,1879.849756
325.7828,65,1880.296864
388.93915,72,1881.040879
283.78244,58,1881.393978
317.82806,61,1881.848732
207.18214,43,1882.375437
230.24242,47,1882.762533
162.50914,36,1882.940579
248.70547,48,1883.169071
324.89798,72,1883.415764
262.7195,56,1883.70514
326.24448,63,1883.948417
273.22623,58,1884.156411
153.86595,34,1884.30282
182.25375,39,1884.881094
211.51651,48,1884.994673
260.66193,52,1885.107718
211.7969,46,1885.225664
121.45718,27,1885.262216
176.6754,40,1885.325483
277.49777,61,1885.42568
231.33649,51,1885.636448
235.97382,54,1885.778788
267.81238,57,1886.148441
319.85593,68,1886.67657
170.67699,39,1886.791519
272.7903,64,1887.246249
221.46742,44,1887.535289
211.3564,46,1887.96216
243.49107,54,1888.243988
291.8063,58,1888.478688
205.23497,44,1888.717184
236.75688,51,1889.086861
305.902,63,1889.399318
242.55562,54,1889.616265
196.1188,43,1890.121332
128.06483,29,1890.274908
159.71555,35,1890.457938
314.49353,68,1890.974009
403.13986,76,1891.463669
301.70972,65,1891.726821
184.41629,41,1891.9499
333.21127,74,1892.541003
275.6207,61,1892.868172
325.1538,66,1893.281041
171.1813,38,1893.358177
241.72067,52,1893.546547
291.99207,67,1894.057096
282.8368,55,1894.327101
154.72244,34,1894.478899
267.9534,58,1894.597436
262.15204,52,1894.738275
238.46725,49,1894.838004
253.50446,54,1895.013648
306.36362,59,1895.469122
174.76894,37,1895.953277
291.8373,61,1896.336545
255.84883,58,1896.48382
299.06985,64,1896.627223
354.63995,74,1896.885074
206.367,43,1897.121709
259.01398,51,1897.510678
252.22426,50,1897.594348
250.28465,46,1897.671023
292.54715,63,1897.810308
273.2413,55,1898.046645
216.36813,47,1898.381225
204.97316,41,1898.554442
419.59454,82,1898.945671
265.36627,58,1899.046757
275.0194,58,1899.207637
222.61241,47,1899.405926
334.27353,66,1899.745086
283.11618,55,1900.063311
407.70303,86,1900.534018
185.84828,39,1900.670091
183.1967,39,1900.87508
315.62305,60,1901.105137
327.75137,63,1901.445915
199.4388,41,1901.648337
273.2991,54,1901.86788
446.96506,91,1902.103256
297.33762,57,1902.229686
314.5138,61,1902.480767
97.26428,20,1902.544636
201.55423,45,1902.655148
493.65237,109,1903.396671
358.84756,67,1903.674247
288.04263,57,1903.800452
343.39426,65,1904.024467
347.8642,66,1904.403064
375.13428,75,1904.845613
344.919,73,1905.028558
279.0187,55,1905.158442
417.99362,82,1905.680539
369.96616,82,1906.116687
449.14337,85,1906.535785
300.48438,61,1906.735942
265.98828,57,1907.128242
241.32062,49,1907.668524
380.5626,77,1907.93982
196.78368,43,1908.078961
272.16003,56,1908.578972
293.4333,58,1908.728275
314.60587,60,1908.942571
257.32785,52,1909.187893
357.66556,66,1909.687186
309.45605,64,1909.893609
297.7595,62,1910.40964
534.0879,101,1911.293397
227.49907,46,1911.533304
315.5019,71,1912.773933
223.4685,48,1913.047673
180.1606,39,1913.386365
192.06625,42,1913.641225
270.39926,52,1913.821084
350.20804,66,1914.02566
206.47365,44,1914.278133
265.39383,53,1914.534781
251.62485,50,1914.71022
233.46167,48,1914.901732
291.433,55,1915.404493
270.30273,56,1915.651099
351.41666,68,1915.887367
280.19336,52,1916.024663
235.32904,53,1916.300804
214.69702,45,1916.401437
201.42702,41,1916.477702
268.68723,53,1916.655374
310.38126,63,1916.870233
205.19524,45,1917.123681
260.6723,54,1917.465479
203.98848,44,1917.544655
149.06477,34,1917.664351
306.4828,59,1917.857956
205.28375,44,1917.985845
318.07126,59,1918.358279
283.48254,58,1918.84097
331.34558,74,1919.284444
256.52417,51,1919.822062
331.45496,65,1920.5066
326.87582,62,1921.036304
385.50653,74,1921.456073
362.7874,70,1921.907278
360.00696,67,1922.290662
371.9347,70,1922.94229
424.45328,86,1923.51431
384.87457,77,1924.486106
427.48032,82,1925.030182
367.39175,69,1925.26971
494.2419,94,1925.672213
194.85597,40,1925.873773
403.95288,75,1926.374407
515.4774,98,1926.577366
277.6128,54,1926.696974
399.26843,74,1927.335439
452.20572,85,1927.981711
372.50568,71,1928.640197
263.28546,52,1929.187421
459.64838,91,1929.834997
463.09216,90,1930.409196
446.5818,98,1931.041122
291.54813,68,1931.525071
254.26353,52,1931.780043
350.2637,73,1932.336018
388.1393,87,1932.970217
485.85712,98,1933.959968
260.49585,54,1934.159738
391.9549,74,1934.443339
357.86404,72,1934.6744
197.02989,41,1934.803352
396.38388,87,1935.069856
297.64178,63,1935.433927
339.79883,66,1935.752507
342.86765,72,1936.092816
263.3869,58,1936.255814
229.85968,53,1936.491929
283.01776,54,1936.849723
275.99484,56,1937.345151
226.1279,46,1937.488646
566.59467,109,1937.995516
444.63965,83,1938.430217
374.20935,75,1938.666138
315.52896,70,1938.970062
279.40256,53,1939.243192
266.94955,61,1939.497895
686.3789,135,1940.118303
233.53644,50,1940.330203
317.218,66,1940.664277
258.62354,53,1940.910074
304.88394,62,1941.077651
314.4497,68,1941.438933
206.96986,47,1941.719094
245.97359,50,1941.972938
521.55023,100,1942.297551
395.24997,77,1942.548481
182.20107,39,1942.632487
138.37709,30,1942.749609
262.50055,58,1942.902274
443.7094,86,1943.300203
220.25594,48,1943.558637
321.6403,70,1943.884972
461.48026,87,1944.547747
427.0643,81,1944.969034
830.6528,184,1945.863642
363.86328,83,1946.145117
323.75763,70,1946.320626
238.87932,55,1946.705477
216.80934,50,1947.029875
309.60034,62,1947.346514
116.25341,25,1947.461495
143.7483,31,1947.641843
228.50017,50,1948.142326
295.19644,65,1948.484474
240.80057,56,1949.181334
204.35931,46,1949.596787
350.01886,78,1950.345395
377.2013,72,1951.007326
313.98236,69,1951.764241
291.06418,64,1952.106083
197.18993,42,1952.475131
276.27286,60,1952.898941
376.38235,76,1953.452281
316.85623,68,1954.16427
103.233696,23,1954.199592
384.80417,78,1954.352368
357.2506,72,1954.72176
294.05252,66,1955.261365
310.4112,71,1955.483199
287.33517,62,1955.6363
368.2798,74,1955.916655
334.3622,69,1956.152241
404.68756,87,1956.705328
347.5066,73,1957.09659
467.02872,88,1957.433137
341.37836,81,1958.178255
351.313,71,1958.595182
490.10635,94,1959.268474
272.891,56,1959.607759
488.39008,99,1960.15314
389.0857,81,1960.745195
290.52087,61,1960.968323
376.99716,80,1961.479672
375.45178,74,1961.810676
229.55894,54,1962.151187
185.66779,42,1962.462501
144.43158,30,1962.681204
610.6937,120,1963.294586
322.40152,60,1963.441255
370.7285,81,1963.941206
292.17175,67,1964.278721
447.20422,85,1964.62694
506.12793,96,1965.067355
357.8037,75,1965.7322
364.43225,69,1966.11647
272.66492,62,1966.478117
371.04193,79,1966.943846
331.79193,75,1967.47424
396.95148,89,1967.984992
295.6652,55,1968.245605
497.53543,108,1969.477082
222.45422,50,1969.918413
236.10928,56,1970.3501
335.17447,69,1970.857401
337.55652,64,1971.624927
322.99954,66,1971.93156
178.54108,40,1972.374371
267.22333,60,1972.591681
480.112,91,1973.202953
361.10147,69,1973.664935
373.72183,71,1973.859947
669.26404,135,1974.561348
309.20422,64,1975.03246
248.7441,54,1975.26253
392.08484,75,1975.724456
253.0896,54,1976.444537
372.30643,72,1977.195672
515.59045,99,1978.415066
331.06134,74,1979.239247
365.29688,73,1979.469388
320.7406,59,1980.009801
342.42783,76,1980.399991
378.01022,79,1980.729086
371.53436,73,1980.985043
419.54675,81,1981.325357
366.22183,75,1981.715742
394.7501,88,1982.003642
443.2385,92,1982.171818
450.53937,92,1982.44369
411.2285,79,1982.644855
411.3764,79,1982.869089
341.898,78,1983.208913
389.77316,74,1983.47969
255.3014,57,1983.574699
460.08157,89,1983.727767
696.8819,144,1984.268521
304.84213,69,1984.553196
415.8433,80,1984.835799
289.4345,62,1985.039752
298.36475,65,1985.188742
421.50043,98,1985.53572
339.97473,75,1985.859323
155.70627,35,1985.926296
510.4328,102,1986.232231
235.72778,53,1986.401539
618.3686,119,1986.975641
316.12762,65,1987.277416
563.8203,128,1987.584606
193.3865,42,1987.740367
314.98016,63,1987.896522
305.02872,68,1988.110964
360.5657,72,1988.388322
364.92325,87,1988.554301
373.2113,72,1988.753861
344.42554,65,1988.891992
482.05927,92,1989.100368
573.33844,114,1989.47336
393.5708,86,1989.682193
342.91687,79,1989.926527
581.76044,122,1990.288919
368.20502,71,1990.452676
310.71744,71,1991.152505
388.3662,73,1991.525504
391.92343,74,1991.741165
307.1211,67,1991.871653
413.05707,79,1992.123057
324.79105,63,1992.469029
396.98123,86,1993.019905
336.28583,78,1993.304403
482.06476,110,1994.179551
284.45248,61,1994.541575
460.643,105,1994.834282
419.10834,93,1995.485051
202.88286,45,1995.680693
256.00555,56,1995.766021
301.63754,66,1995.905181
274.60385,55,1996.388665
371.73236,77,1996.773311
286.75995,60,1996.93879
300.61243,68,1997.133946
554.1105,123,1997.614643
326.8058,61,1997.893275
371.63538,72,1998.057132
450.03168,86,1998.272114
417.57715,81,1998.625559
385.91534,75,1999.362153
335.8584,62,1999.696942
446.86548,92,2001.091564
407.66135,91,2002.221884
373.909,76,2002.774579
452.325,96,2003.132381
279.37152,55,2003.391653
513.18146,101,2004.050302
700.2842,141,2005.054795
426.10938,83,2005.376802
426.04715,84,2005.591113
654.5572,131,2005.964583
535.9377,104,2006.729539
321.38202,69,2007.021422
312.34537,70,2007.192836
322.5585,71,2007.459518
494.38333,96,2007.910191
347.18,66,2008.353524
341.67258,69,2008.572233
350.4204,65,2008.827055
226.5534,50,2009.137886
524.8144,102,2009.899035
550.19415,106,2010.655643
393.27634,79,2011.005424
290.11874,60,2011.226634
423.3719,80,2011.624821
687.49255,136,2012.919166
360.49506,80,2013.730788
354.8691,77,2014.960083
413.0533,81,2015.540284
561.6796,108,2015.876619
295.27112,64,2016.418788
386.378,85,2016.842002
488.4381,97,2017.177484
387.83383,86,2017.448732
408.5753,78,2018.018248
532.1312,105,2018.631929
525.911,107,2019.477744
304.4742,59,2019.801414
410.6884,96,2020.258143
296.50375,56,2020.631382
291.421,66,2020.961234
293.22867,55,2021.385433
264.3342,60,2021.97477
383.6092,75,2022.578686
315.6991,62,2022.787747
286.00845,65,2023.037807
370.71704,71,2023.260026
360.14905,84,2023.59813
690.6048,139,2024.485763
341.37595,71,2024.799658
392.8131,78,2025.195234
328.68375,72,2025.486468
390.0613,78,2025.937659
365.52878,79,2026.205085
341.48453,68,2026.510208
284.9208,57,2026.657796
321.7653,67,2026.887206
391.85068,89,2027.144963
671.52625,142,2027.785298
308.6489,59,2028.06433
305.51187,57,2028.284023
428.683,94,2028.797079
513.65796,115,2030.257074
338.2557,65,2030.711942
402.20123,81,2031.15388
419.28525,84,2031.947427
412.97885,83,2032.366341
280.46353,52,2032.605758
305.7095,56,2032.873932
333.21103,62,2033.086193
240.64876,45,2033.279208
481.6283,98,2033.807385
286.7232,53,2034.1133
487.49387,106,2034.67517
442.42023,89,2035.107258
313.7055,59,2035.349953
405.55215,78,2035.881688
401.07397,78,2036.270593
360.41815,70,2036.472525
283.55072,56,2036.62874
384.94205,89,2037.145901
659.0854,131,2037.699033
337.6878,72,2038.035305
379.01996,75,2038.313547
317.75327,63,2039.035295
476.8663,98,2039.837247
252.02478,58,2040.609561
403.8549,88,2041.096357
393.6849,85,2041.733303
421.50113,84,2042.316231
338.52475,72,2042.665731
382.4791,84,2042.994992
587.77344,127,2043.529775
483.60895,92,2043.914301
501.49847,98,2044.313183
353.94553,66,2044.508945
445.6248,85,2044.955302
436.84305,94,2045.290139
297.31943,66,2046.718971
319.346,61,2047.248488
518.18054,116,2048.575075
521.89355,111,2049.902795
381.13535,76,2050.750197
380.25058,78,2051.211483
436.81625,89,2052.091099
417.32248,82,2052.407731
359.60065,71,2052.712382
305.9925,62,2052.982604
426.09946,96,2053.366682
442.66708,87,2053.834628
369.77737,87,2054.236531
348.26804,65,2054.679159
297.88608,57,2055.111553
507.5654,101,2055.492
233.71413,54,2055.650736
261.12048,57,2055.878582
209.41989,47,2056.238525
308.40045,65,2056.932006
226.993,52,2057.182397
230.3051,50,2057.64607
323.21518,77,2058.024196
175.70515,40,2058.220299
340.10623,74,2058.582948
355.1067,70,2058.824981
437.16092,87,2059.456136
350.23944,74,2060.044839
410.85278,82,2060.518802
483.88855,105,2061.615147
352.04507,74,2061.982317
378.1504,76,2062.349116
447.70612,94,2062.663865
496.96622,100,2063.198308
396.44342,76,2063.376172
332.54678,67,2063.728419
386.5682,74,2064.40643
399.67743,78,2064.95342
378.4475,74,2065.349468
390.90094,75,2066.090356
464.76474,91,2067.165582
556.997,109,2068.16801
333.0223,76,2068.753019
420.55524,81,2069.291007
404.13144,77,2069.833625
374.8641,75,2070.464941
338.05222,63,2070.644992
289.78317,55,2071.279244
346.91684,65,2071.475627
395.93332,75,2071.687819
282.40994,53,2071.942013
349.3523,66,2072.430784
376.127,71,2072.897359
410.61932,85,2073.269784
396.31,76,2073.541991
353.21167,67,2073.708261
387.7644,74,2073.943054
357.04813,67,2074.198341
310.89462,62,2074.467532
326.7015,63,2074.648262
377.01038,71,2074.870958
297.68478,56,2075.099294
358.12375,68,2075.504772
328.76605,63,2075.937134
338.01407,64,2076.128418
343.0551,67,2076.46434
502.36743,111,2077.028896
364.8291,73,2077.297037
356.17648,69,2077.448821
356.48465,67,2077.631216
288.57407,55,2077.839015
383.4118,73,2078.070708
355.98737,68,2078.406916
335.08887,63,2078.643803
288.06238,56,2078.843319
440.47064,87,2079.477569
270.59167,52,2079.828666
358.21042,68,2080.177878
377.81137,74,2080.396469
417.4427,80,2080.739566
313.5501,59,2081.010181
637.0362,128,2081.527987
342.06897,64,2081.675252
343.87347,65,2082.18238
373.37424,72,2082.723357
449.7594,86,2082.992299
524.38495,102,2083.606103
363.08096,69,2084.072339
458.9497,91,2084.38736
407.6792,78,2084.995212
409.81058,78,2085.447073
386.5965,74,2086.005001
327.00116,62,2086.544358
403.43793,77,2087.315812
483.55322,91,2088.148585
488.89362,94,2088.736424
305.82114,58,2089.269959
403.68842,77,2090.085049
398.35464,87,2090.489625
207.85025,47,2090.841576
374.98016,77,2091.155004
267.93854,59,2091.752262
311.33484,63,2092.088698
200.98997,45,2092.490844
226.24197,51,2092.594428
236.71925,52,2092.956245
267.83936,53,2093.040081
302.0887,67,2093.174247
217.55669,50,2093.370757
309.4246,63,2093.913191
224.35413,50,2094.240924
329.022,68,2094.475595
323.04742,68,2095.138927
426.64996,93,2095.612646
283.16724,57,2095.962716
290.50085,57,2096.375938
230.32475,51,2096.749669
409.40524,90,2097.381071
516.8259,107,2097.789661
179.51947,41,2098.11992
186.11531,43,2098.57546
415.67487,86,2099.079316
329.78244,66,2099.33931
307.78705,63,2099.543054
451.8501,87,2099.780981
377.8257,73,2100.252342
470.47195,100,2100.936278
342.78174,74,2101.647398
409.9408,80,2102.228775
421.8438,82,2102.609063
237.89325,52,2103.016147
246.4649,52,2103.375861
351.26505,69,2103.541631
416.4109,80,2103.68215
232.29724,51,2103.765836
389.4109,74,2104.051348
479.94995,93,2104.813048
323.15784,67,2105.195961
484.52563,95,2105.735647
350.84518,69,2106.450879
306.19604,64,2107.075084
315.29153,63,2107.424724
314.26254,62,2108.03134
300.0146,62,2108.43994
303.9741,60,2108.746133
357.21555,69,2109.061266
287.40308,59,2109.312626
358.37076,71,2109.568894
364.50815,70,2109.856309
326.58054,66,2110.234607
238.25383,54,2110.419145
271.5806,53,2110.806674
383.202,77,2111.257183
173.96681,32,2111.401835
251.55638,55,2111.790223
183.58183,33,2111.851755
212.29773,43,2112.04313
240.40054,48,2112.29303
337.75064,63,2112.889718
198.59776,36,2112.949244
355.35742,72,2113.110196
216.78966,40,2113.182482
231.31203,46,2113.485049
257.72964,50,2113.988514
448.69434,89,2114.641583
310.637,61,2115.561391
253.58987,51,2116.180721
294.11337,57,2116.980395
288.32614,56,2117.2462
255.04944,50,2117.714263
356.88498,69,2118.26194
256.9604,50,2118.617178
210.53716,43,2118.885141
400.22983,79,2119.383034
308.02393,63,2119.624578
301.9919,58,2119.873697
296.55396,69,2120.289099
356.40298,70,2120.600454
438.19028,82,2120.818432
310.24084,72,2121.270495
404.4183,78,2121.803951
416.288,86,2122.139844
354.20215,70,2122.41398
625.8697,124,2123.167157
290.8262,56,2123.493087
375.12405,70,2124.164124
382.61765,76,2124.649832
269.9125,53,2125.227635
477.1006,95,2126.00202
360.43906,75,2126.400751
478.5967,99,2127.050359
379.34467,73,2127.425589
440.85,98,2127.988598
301.42093,60,2128.256229
380.118,77,2128.484312
396.19528,77,2128.852882
246.57399,50,2129.095477
346.89914,67,2129.439336
371.88632,72,2129.648526
242.06012,46,2129.84836
494.0408,97,2130.589109
243.36746,50,2130.953681
295.00842,56,2131.351047
291.58875,61,2131.687229
326.37393,62,2132.037994
363.6227,70,2132.340945
255.01956,50,2132.588478
274.47153,52,2133.118813
288.89145,59,2133.420309
272.60336,53,2133.719437
360.87085,68,2134.477465
298.41022,56,2134.774785
439.19083,85,2135.322273
399.25378,76,2135.806732
399.46393,77,2136.390933
323.76068,62,2136.790871
383.12085,74,2137.227353
294.45462,55,2137.667384
299.21805,57,2138.321271
274.2354,52,2138.521284
312.61557,59,2139.09377
346.55093,66,2139.834
380.56357,73,2140.282474
405.51733,78,2141.140778
370.03223,70,2141.954162
301.886,57,2142.517691
305.85782,57,2142.793221
340.84967,64,2143.659566
342.2756,65,2144.128747
366.18457,69,2144.461653
364.24487,68,2144.713366
304.92163,57,2145.173914
313.30447,58,2145.520117
326.20724,61,2145.873523
284.0026,53,2146.023642
265.14044,50,2146.272088
301.64,57,2146.545408
262.1005,50,2146.860406
274.11914,52,2147.321738
450.79813,87,2147.51951
330.63458,63,2147.691653
341.34927,63,2148.153522
289.74503,55,2148.602637
280.2283,53,2148.873991
289.04163,55,2149.151992
279.0301,53,2149.459273
282.0577,54,2149.953277
265.90997,50,2150.388094
299.65503,56,2150.772536
294.54172,55,2151.201224
247.86375,47,2151.500603
306.17978,57,2151.908438
246.4413,46,2152.284038
321.94922,60,2152.588463
410.95468,78,2152.89497
281.4351,52,2153.083872
273.5089,51,2153.231424
240.96107,45,2153.470531
327.94733,61,2153.911382
292.35577,55,2154.23517
334.15826,62,2154.491308
285.33347,53,2154.837873
248.03038,46,2155.16571
289.9891,53,2155.38859
262.497,49,2155.718782
263.5541,49,2156.044621
290.0007,54,2156.654247
328.64618,62,2156.897294
279.55258,52,2157.125501
264.534,49,2157.515004
334.15073,62,2157.818475
319.28323,60,2158.078426
361.15274,67,2158.321523
324.82507,61,2158.49344
280.15292,53,2158.810853
342.84476,62,2158.97869
317.26132,59,2159.28278
293.87735,54,2159.571035
293.17767,56,2159.890827
272.39313,50,2160.19669
316.5982,59,2160.372129
363.35696,67,2160.938141
386.51562,71,2161.386032
270.6872,50,2161.485605
403.48254,75,2161.734926
341.17032,63,2162.03484
334.14542,62,2162.273108
337.73108,63,2162.751507
417.94595,78,2162.941099
349.20438,65,2163.196117
304.61624,57,2163.55129
333.4564,64,2163.997293
310.14523,57,2164.240221
311.60645,59,2164.369279
372.77924,71,2164.516937
288.8894,55,2164.957645
258.36627,49,2165.131648
294.98962,55,2165.440094
275.4447,52,2165.673791
340.02347,63,2165.963052
273.09488,51,2166.228131
219.75172,43,2166.398221
286.2133,53,2166.623064
312.5088,58,2166.795028
262.1418,49,2166.95623
355.32318,66,2167.257243
238.13408,45,2167.33303
304.31516,57,2167.450964
297.58716,55,2167.766879
251.27396,46,2167.950404
245.91873,46,2168.486852
272.21066,51,2168.593773
312.36694,58,2168.716471
413.20834,83,2168.897472
265.33386,49,2169.10747
285.27368,53,2169.457172
286.805,55,2169.551831
296.1331,55,2169.66279
281.77524,53,2169.836511
267.53973,51,2170.282475
348.23523,64,2170.4141
290.06274,55,2170.917768
280.98514,53,2171.282655
329.2878,63,2171.720756
347.33212,67,2172.335805
294.0955,54,2172.523691
348.6721,65,2173.111582
331.72614,65,2173.727964
412.28326,76,2174.294366
526.8075,107,2174.75395
331.08606,62,2175.490069
377.71918,70,2175.813081
349.67465,68,2175.943123
421.56833,82,2176.400725
512.9907,99,2177.119416
370.58484,73,2177.500692
232.62245,51,2178.032109
513.6551,98,2178.991795
513.6108,98,2179.769106
424.69223,86,2180.47083
397.94916,75,2180.918536
368.1953,69,2181.446898
432.80365,81,2182.152174
377.64795,73,2182.43288
344.0749,77,2183.098002
345.8794,67,2183.56765
469.97653,90,2183.969744
247.3012,52,2184.313552
468.8304,90,2185.004122
366.83514,69,2185.135349
324.43362,71,2185.291766
302.45343,63,2185.63131
356.23615,71,2186.145881
316.2981,71,2186.382624
364.85422,71,2186.620093
421.45853,79,2187.079041
266.0955,58,2187.341611
491.29303,93,2187.995358
516.5114,100,2188.559856
479.5731,97,2189.216114
552.5231,111,2190.006488
446.4526,87,2190.348097
416.25848,78,2190.770755
403.83752,76,2191.529374
306.8902,58,2191.958127
336.69748,63,2192.305321
371.8087,70,2192.457551
409.119,76,2192.796809
342.6383,65,2193.117742
482.043,92,2193.563457
383.91412,85,2193.717895
406.83093,77,2193.870592
279.84753,54,2193.990046
442.47162,96,2194.194152
505.54465,100,2195.063225
346.4258,68,2195.449906
533.18365,103,2196.241567
427.3416,88,2196.759482
351.94095,66,2197.116949
383.0178,88,2197.867112
288.0112,64,2198.32283
319.2848,62,2198.830763
580.9966,116,2199.548116
446.3575,88,2200.205954
317.57373,69,2200.429476
334.65817,64,2201.106955
517.2264,99,2201.713648
370.0439,83,2202.098907
310.13004,68,2202.776202
393.69522,82,2203.324488
533.39954,117,2203.645542
494.884,95,2204.170519
601.4232,119,2205.236155
385.50784,74,2205.411612
398.21677,77,2205.911917
345.4702,75,2206.918607
386.53366,81,2207.908443
538.1347,104,2208.608827
459.92352,90,2209.250667
552.93555,113,2209.735511
362.83853,80,2210.131114
299.29822,62,2210.597463
326.59506,72,2211.063361
268.99295,63,2211.346624
441.92682,95,2211.893134
653.16675,136,2212.867056
443.74115,96,2213.066753
321.38712,61,2213.221279
409.31186,91,2213.489647
181.37119,38,2213.637561
748.6413,165,2214.741591
343.70038,64,2215.036752
321.73135,60,2215.432156
373.05563,77,2216.288486
464.33276,90,2217.199749
351.98715,68,2217.653744
326.08853,76,2218.603001
589.9389,115,2219.607482
366.30795,75,2219.976261
316.08008,66,2220.265076
397.6496,77,2220.531997
542.3126,107,2221.153065
345.1326,72,2221.336752
361.36752,75,2221.582945
328.59726,70,2222.067885
438.97647,82,2222.441778
384.62326,73,2222.598833
291.70602,56,2222.68957
320.82104,60,2222.835663
319.95068,62,2223.084419
324.01538,63,2223.546771
390.20786,86,2223.859756
320.98505,60,2224.308944
235.58916,48,2224.633836
337.03506,64,2225.15264
466.03256,91,2225.824546
405.6103,87,2226.88991
475.89188,91,2227.465027
292.77838,61,2227.839443
416.18494,79,2228.308325
467.64697,89,2228.932798
346.69812,70,2229.452592
473.52118,99,2230.323723
423.48618,93,2230.751046
463.31284,98,2231.023989
300.50934,59,2231.590353
292.21155,59,2231.991075
290.7451,60,2232.177288
297.36746,67,2232.377194
246.81458,53,2232.562716
292.28625,63,2233.058332
254.10045,54,2233.613849
282.51364,58,2234.282181
215.35364,45,2234.681498
152.92223,30,2235.264713
266.9172,53,2235.837159
184.14844,36,2235.971557
304.05908,61,2236.596477
314.9428,62,2236.93516
281.84256,56,2237.22054
292.76932,57,2237.71282
265.52768,53,2238.277913
303.87192,60,2238.713183
275.89935,53,2238.862373
366.886,72,2239.502192
295.08548,57,2240.08748
255.18372,50,2240.325359
317.04916,63,2240.542238
265.16614,51,2240.729965
271.29074,53,2240.898302
326.77542,63,2241.330955
267.6689,51,2241.657652
249.26576,44,2241.931139
207.77213,39,2242.322992
231.0762,42,2242.416412
272.87393,48,2242.552745
196.59865,40,2242.849632
218.69734,41,2243.087458
204.19337,38,2243.300455
190.75441,35,2243.507803
266.8428,49,2243.713352
218.36578,42,2243.824719
210.1507,41,2243.914605
195.8534,37,2244.056921
254.61598,46,2244.269478
183.44226,34,2244.416242
184.40071,34,2244.7131
183.45314,35,2244.930772
201.79286,38,2245.124423
177.93994,33,2245.226782
230.61945,43,2245.449288
213.11684,39,2245.637813
211.93953,38,2245.905479
228.82143,40,2246.279637
224.28943,41,2246.435061
182.98181,34,2246.520735
265.38596,50,2246.649823
187.04205,34,2246.71422
234.37967,44,2246.891632
292.36786,57,2247.259162
208.18083,38,2247.669644
221.14384,41,2247.760909
215.09787,39,2247.838486
225.59865,44,2247.942494
211.49307,40,2248.068214
239.02962,45,2248.156795
264.18192,53,2248.271122
304.82983,58,2248.385939
285.5328,55,2248.714328
260.1918,50,2248.86083
205.91006,40,2248.985842
128.73734,24,2249.039574
239.37453,47,2249.157308
266.42053,49,2249.297981
272.74353,53,2249.573557
264.94965,47,2249.819818
387.24857,75,2250.163537
331.67062,63,2250.448747
274.31882,51,2250.633216
245.81537,46,2250.83611
255.71143,46,2251.119534
297.91733,57,2251.371678
244.77017,46,2251.626102
256.74167,48,2251.782469
282.52765,51,2252.313342
243.45273,46,2252.495377
269.88892,50,2252.761548
289.73016,53,2253.018064
279.24988,51,2253.308954
233.39618,43,2253.6238
233.28516,43,2254.00946
226.27281,43,2254.33018
263.1732,48,2254.719115
278.4965,50,2255.155063
257.75586,47,2255.341969
223.1832,42,2255.46295
226.2247,42,2255.650379
317.2836,58,2255.94759
303.3192,57,2256.21728
341.61484,64,2256.504251
321.47543,62,2256.775892
327.38873,62,2257.23483
273.7733,52,2257.479704
290.0812,57,2257.901256
286.011,54,2258.401276
262.066,50,2258.55824
296.50827,57,2258.769542
298.8272,56,2258.978841
313.2502,58,2259.180902
318.5319,59,2259.391629
323.30966,59,2259.6546
264.73407,51,2259.891855
267.06784,50,2260.142487
265.7166,52,2260.565353
279.15182,53,2260.871079
220.33098,45,2261.024606
310.5702,56,2261.539892
388.67447,74,2261.92033
302.97617,57,2262.240872
204.82932,40,2262.32177
257.5803,48,2262.447441
346.59137,65,2262.744206
274.114,52,2263.121387
313.92966,61,2263.398474
226.29727,45,2263.569712
348.48593,65,2263.760813
286.9367,53,2263.914364
251.241,48,2264.429304
220.2677,43,2264.945
288.0127,53,2265.353973
308.23495,58,2265.699666
358.55264,69,2266.285046
305.20062,55,2266.729051
278.71674,54,2267.09544
232.32999,47,2267.433334
258.09467,49,2267.678692
260.56302,50,2268.036161
292.4222,55,2268.578391
276.5525,51,2269.017842
279.3965,52,2269.2096
367.27963,68,2269.769196
315.9491,60,2270.346015
323.7318,61,2270.79955
315.2751,58,2271.033616
332.5927,64,2271.257649
292.43744,55,2271.582512
268.0674,50,2271.702527
374.2305,70,2272.294287
280.55716,54,2272.62523
282.9783,54,2272.743685
234.01808,45,2272.842495
339.50293,63,2272.987746
321.06116,61,2273.082016
310.59973,57,2273.20286
290.20224,56,2273.549053
246.01962,47,2273.911098
296.6179,53,2274.197045
311.5879,58,2274.415988
353.73184,67,2275.019929
294.91757,54,2275.517714
354.0659,65,2276.054281
351.44604,64,2276.602897
302.42352,56,2277.102262
342.7042,62,2277.563711
323.46005,60,2278.047924
273.80637,49,2278.465679
293.03394,54,2278.913657
305.13232,58,2279.55809
326.03983,60,2279.857588
407.3005,74,2280.31595
334.99478,62,2280.520192
308.40973,56,2280.681464
465.4911,102,2281.124797
496.83844,92,2281.640666
315.9002,58,2281.762212
355.60495,65,2281.923989
284.89,53,2282.203555
288.17868,54,2282.785812
294.88507,54,2283.269903
312.6292,57,2283.732402
330.86926,62,2284.160729
328.01398,62,2284.740031
280.25748,53,2285.593004
351.11453,66,2285.845211
277.78702,53,2286.255367
274.37512,52,2286.787869
273.22537,56,2287.168404
286.29657,58,2287.827372
294.0093,61,2288.709429
307.57843,58,2288.978887
289.00885,57,2289.451848
318.2019,59,2290.027629
273.34,58,2290.147587
279.66724,64,2290.424557
209.2066,45,2290.820752
312.16232,64,2291.293034
354.7383,69,2291.612343
213.73613,47,2291.754397
279.96967,56,2291.906136
151.32544,34,2291.965989
339.18723,70,2292.3211
149.44844,33,2292.48388
275.72778,57,2292.7517
214.8569,45,2293.069924
160.3271,36,2293.137588
376.46545,80,2293.453364
234.54413,48,2293.785819
241.83194,49,2294.121465
289.56482,60,2294.627305
242.39413,51,2295.08368
288.96857,59,2295.669697
141.23753,32,2295.816986
190.06927,41,2296.340605
93.09431,21,2296.482157
240.80101,50,2296.826843
249.43085,54,2297.243213
226.42432,49,2297.522576
202.32076,44,2297.768432
218.24759,46,2298.016039
215.78706,45,2298.158136
154.86992,32,2298.212674
157.6506,32,2298.268193
175.50786,39,2298.39082
208.01813,44,2298.802562
193.93411,42,2298.940242
148.55405,31,2299.036666
163.25746,35,2299.432254
165.36148,36,2299.501773
164.13594,35,2299.570474
145.49538,32,2299.629631
154.00462,33,2299.85945
125.323944,28,2300.123448
113.41727,24,2300.244198
151.78726,31,2300.387936
146.91357,31,2300.561074
190.94637,39,2300.961983
137.79413,30,2301.259321
207.74498,44,2301.801278
183.09889,40,2302.016924
201.71675,42,2302.296323
258.58548,55,2302.853036
136.19424,30,2303.052471
214.33646,45,2303.296079
160.60925,34,2303.537311
277.39267,56,2303.960153
288.81732,62,2304.486415
394.83414,73,2305.064492
219.32648,45,2305.488413
232.42534,47,2305.664106
196.54593,43,2305.992715
267.88855,56,2306.377
259.88797,52,2306.668289
265.17587,57,2306.880069
353.67413,68,2307.413334
380.0683,76,2307.863411
195.12376,42,2307.940337
216.79832,47,2308.034811
265.4714,57,2308.154791
232.44518,48,2308.275484
200.41165,44,2308.365701
314.77844,71,2308.696966
257.7232,55,2309.309795
227.5839,50,2309.669404
193.0962,41,2309.950297
382.45074,88,2311.00102
298.83517,61,2311.797409
208.22871,45,2312.253687
194.01976,41,2312.79304
260.25998,53,2313.183138
294.55698,66,2313.471011
524.83215,105,2314.617603
261.90625,53,2315.167331
271.19537,56,2315.524956
280.49933,58,2315.7617
241.66165,50,2315.86774
255.01228,53,2316.203845
284.44586,58,2316.782485
234.83485,48,2316.868883
332.356,68,2317.02107
262.6703,55,2317.504732
308.21823,59,2317.950138
250.13287,54,2318.158111
295.02325,60,2318.597251
450.8618,87,2319.301829
233.91937,49,2319.726835
274.77927,55,2320.123119
347.79257,72,2320.461854
346.74628,70,2321.044653
326.92404,61,2321.572969
355.86774,68,2322.07057
359.00735,69,2322.568101
367.68164,71,2323.159793
349.3026,67,2323.811266
440.7146,86,2324.216883
273.76352,52,2324.522349
358.11496,69,2324.642607
369.5652,70,2324.869638
426.21915,80,2325.201876
371.57587,69,2325.657238
403.41385,75,2325.783537
308.53717,62,2325.905648
358.65518,68,2326.215975
370.57205,71,2326.744962
322.6995,66,2327.00507
257.3866,55,2327.420574
323.24374,62,2327.604607
297.17957,56,2327.727975
243.57358,48,2327.968536
395.7384,76,2328.489239
305.0434,59,2328.682703
385.51483,73,2328.803353
285.80682,60,2328.942592
213.05692,48,2329.341361
303.23865,61,2329.670146
302.4891,59,2330.000951
263.6393,54,2330.204886
188.21518,41,2330.30901
236.80219,49,2330.411187
230.79713,49,2330.522861
399.6987,93,2330.982366
157.62334,34,2331.257401
295.47232,57,2331.745232
278.9926,58,2331.941224
329.07736,61,2332.514852
265.66885,55,2332.973191
330.57874,71,2333.101093
303.06195,65,2333.237039
332.27188,62,2333.927774
250.19896,52,2334.341518
193.28072,41,2334.421003
348.28012,67,2334.573674
410.76294,79,2335.012234
319.5262,62,2335.548236
263.65894,53,2335.708735
311.87463,65,2336.330926
577.3666,120,2336.975285
302.58597,61,2337.425883
357.8884,67,2337.874755
321.3829,61,2338.085651
408.4982,78,2338.553346
340.18356,68,2339.002864
206.32118,44,2339.35008
268.0853,54,2340.139795
280.69458,56,2341.188504
255.43747,54,2341.851172
373.44427,74,2343.528962
333.30286,69,2344.934191
256.09744,52,2345.3528
286.76462,59,2346.091266
243.54878,54,2346.90804
322.90997,66,2347.576429
223.53178,46,2347.747117
198.38002,42,2347.939472
184.4756,39,2348.247483
310.82605,63,2349.100623
237.86414,49,2349.332481
194.73125,39,2349.801331
240.48254,49,2350.381236
254.89702,51,2350.822799
231.63689,45,2350.963786
309.4342,61,2351.473212
303.97827,58,2352.138981
261.9564,53,2353.2797
262.5806,52,2353.764583
341.72495,67,2354.959978
367.23672,68,2355.271078
311.86237,60,2355.627824
282.83545,56,2356.252515
201.38042,41,2356.515481
268.696,53,2356.940009
290.1147,58,2357.360834
238.62015,47,2357.956988
274.29712,53,2358.268751
300.57504,62,2359.365018
258.38354,51,2359.953005
335.6504,62,2361.183329
195.55693,40,2361.745418
160.36705,33,2361.991867
246.06274,48,2362.685916
247.89737,47,2363.565075
228.83095,44,2364.17074
227.56908,44,2364.456886
273.604,52,2365.604954
286.38385,58,2366.300411
263.9818,51,2366.476737
283.47394,55,2366.633618
327.73215,65,2367.002306
228.84271,49,2367.357801
246.22533,49,2367.84324
200.18579,40,2368.154858
296.57242,59,2368.717325
220.66957,43,2369.037333
306.29965,56,2369.357022
192.92372,39,2369.541633
179.7553,34,2369.807227
296.054,56,2370.02832
214.71599,42,2370.303375
268.52863,54,2370.656811
217.64053,45,2371.108947
267.83542,53,2371.461452
332.74054,65,2372.02686
138.91417,30,2372.169329
325.18863,63,2372.446133
154.94199,33,2372.629532
348.40915,74,2373.033967
254.25682,52,2373.407283
269.42413,56,2373.590649
161.3523,32,2373.682127
228.20287,48,2373.893048
205.51472,42,2374.245854
292.98438,62,2374.683619
254.3388,54,2375.349904
201.9936,43,2375.992298
244.52148,50,2376.511527
269.4599,55,2376.934245
319.20493,67,2377.285305
294.23312,60,2377.675696
196.01454,40,2377.883978
202.31691,42,2378.250222
203.56708,42,2378.623054
273.52814,56,2379.208349
240.06067,50,2379.536131
386.56296,77,2380.777265
218.919,46,2381.207507
425.2573,86,2382.044418
356.3607,72,2382.91399
254.02718,55,2383.433031
206.20752,44,2383.594674
233.53847,49,2384.083584
207.62776,45,2384.931385
184.36221,39,2385.048523
274.03592,55,2385.277544
325.78436,66,2385.600914
188.26299,40,2385.819267
362.3722,74,2386.32778
207.95946,44,2387.370786
287.11203,57,2388.053032
417.37653,87,2388.727671
370.07858,73,2389.347815
336.48807,65,2389.884874
291.15353,57,2390.207375
302.76993,61,2390.488395
246.17482,50,2390.84392
325.02753,67,2391.687639
364.04214,73,2392.529846
289.6555,60,2392.869586
265.76456,55,2393.262785
414.49948,84,2393.759813
306.573,64,2394.069446
294.1834,61,2394.544959
443.40057,92,2394.968563
138.787,31,2395.087907
574.4917,119,2395.69949
385.8374,79,2396.053085
278.00818,60,2396.33993
367.75748,72,2397.12249
401.3406,82,2397.447543
548.0322,112,2397.770911
277.9246,63,2398.359073
298.21805,65,2398.758657
365.36478,72,2399.380295
291.54507,68,2399.727258
229.6599,50,2400.175276
327.62393,71,2400.588634
313.00592,69,2401.314195
288.8872,60,2401.756158
279.20346,59,2402.06893
500.47437,103,2403.217195
240.26013,51,2403.659568
321.64102,67,2404.173025
293.6193,65,2404.659983
570.38983,113,2405.713666
409.92505,84,2406.499907
508.17783,106,2407.290826
255.34778,53,2407.788672
342.87454,69,2408.258832
414.165,82,2408.78125
368.39133,75,2409.514546
294.16104,61,2410.241751
250.49486,54,2410.502204
274.34033,64,2410.779054
279.59186,55,2411.297856
284.25977,65,2412.039583
297.8734,59,2412.537716
295.65457,69,2413.249197
385.799,78,2414.2664
325.46082,65,2415.038419
324.6231,64,2415.630119
372.4272,73,2416.152079
389.67535,78,2416.815522
329.0858,67,2417.371539
323.69785,66,2417.965793
272.86517,54,2418.347907
315.07245,62,2418.816491
259.13382,60,2419.513918
296.2332,59,2419.961097
286.33008,59,2420.559484
269.28986,59,2421.312558
389.98633,79,2422.147666
310.74832,66,2422.999626
279.47208,64,2423.285861
376.9477,79,2423.917019
299.44254,59,2424.352747
434.45444,88,2424.999909
475.6975,107,2425.589026
361.1219,73,2426.02388
307.45563,61,2426.361304
266.31793,56,2426.580913
239.18115,55,2427.091791
456.78998,96,2427.499249
407.72003,89,2428.264781
403.97958,81,2429.049259
379.46564,77,2429.795722
375.06223,75,2430.446962
335.25824,66,2430.728594
397.00293,78,2431.600099
346.65207,70,2431.902578
380.95145,74,2432.109012
347.40387,71,2432.729718
397.6832,80,2433.33726
395.87012,88,2433.889286
346.3481,76,2434.361113
296.80646,62,2434.716093
242.2764,55,2435.409348
352.0436,72,2435.854543
317.40506,67,2436.419997
243.32748,53,2436.716894
351.7963,76,2437.284029
402.24127,79,2437.620442
336.9493,69,2438.102252
290.69638,59,2438.508506
260.28967,50,2438.826995
218.96587,44,2438.995381
238.69757,46,2439.156273
331.29446,72,2439.559821
334.38367,70,2439.750525
280.5025,59,2439.862658
281.31094,57,2439.995137
306.7,62,2440.403152
243.02338,50,2440.77396
225.63225,45,2441.260452
197.19049,39,2441.400545
255.35078,53,2441.747776
242.7929,47,2441.999033
314.4638,62,2442.308945
319.08264,63,2443.334611
282.61136,58,2443.84729
325.64337,68,2444.976048
284.5507,59,2445.576429
330.61496,69,2446.164726
291.0679,60,2446.470743
294.94073,58,2447.148385
248.97934,48,2447.663504
234.51164,48,2448.450232
231.07217,48,2449.193823
297.4128,58,2450.120563
496.57483,107,2451.089451
481.68286,100,2452.258541
362.52798,71,2452.924135
390.24124,87,2453.808293
489.85062,101,2454.740256
301.65247,65,2455.218767
362.2253,74,2455.796552
312.75034,61,2456.131883
495.97382,99,2456.678541
256.32605,54,2456.843608
414.26257,83,2457.06416
311.2897,68,2457.347849
309.10596,60,2457.666122
309.1773,66,2458.160557
305.82593,63,2458.842902
221.97891,47,2459.46583
399.2184,80,2461.143217
245.86102,52,2462.18741
217.01205,46,2462.940877
198.87054,42,2463.316452
238.75859,53,2464.192225
221.44061,46,2464.480003
329.59467,66,2464.827986
259.32245,51,2465.08818
328.32587,63,2465.376303
215.34319,45,2465.861033
218.08374,45,2466.36401
309.44183,63,2467.016482
265.9595,54,2467.875739
278.39603,58,2468.723032
240.95299,51,2469.427588
336.13345,64,2470.152412
274.61987,55,2470.889067
226.31808,49,2471.864798
227.05788,47,2472.237309
284.9516,56,2472.89303
275.18985,58,2473.732163
360.02087,71,2474.31857
227.43239,46,2474.900331
271.19476,56,2475.385479
288.7275,57,2475.881872
325.5869,62,2476.382885
282.05765,59,2477.154361
371.60974,72,2477.860683
339.69153,68,2478.3169
341.41965,69,2479.313621
338.82538,67,2480.14191
330.79147,65,2480.804267
387.61496,76,2481.573212
266.77487,55,2482.208396
354.8415,69,2482.682288
339.48492,66,2483.177324
314.6888,62,2484.048282
298.44467,59,2484.564546
329.0186,64,2485.173113
242.68156,50,2485.710369
255.59084,53,2486.510496
330.4495,65,2487.090774
353.97977,68,2487.68029
268.60376,56,2488.176247
360.69476,72,2488.791301
404.07883,79,2489.814217
252.82727,53,2490.344687
443.3512,86,2491.085502
356.44598,72,2491.896381
353.99234,70,2492.516509
332.82254,66,2492.937567
229.34892,48,2493.654888
381.02652,77,2494.12286
260.17084,53,2494.479069
227.94707,47,2494.824009
368.97272,75,2496.200896
294.3429,59,2497.592674
372.0364,73,2498.472058
263.256,54,2499.355837
228.242,47,2499.758228
327.27856,67,2500.775196
325.15027,64,2501.98947
222.57231,46,2502.71088
285.88712,59,2503.307985
259.703,53,2503.558845
213.62729,45,2504.058205
283.7208,59,2504.547836
340.4635,67,2505.213926
251.57825,51,2505.540223
260.16995,53,2506.552172
313.1628,62,2507.561518
367.97324,73,2508.538357
265.0536,55,2509.033879
204.72879,42,2509.223324
229.70714,48,2509.479082
266.90234,55,2510.199119
229.58366,48,2510.541793
195.84517,42,2510.912303
201.90823,42,2511.252108
181.95059,40,2511.473424
239.7449,52,2511.899941
165.33597,35,2512.261865
203.4796,43,2512.803871
245.92157,52,2513.574731
195.28001,41,2513.733341
173.91728,36,2513.894544
200.51962,44,2514.418611
190.01172,39,2514.716399
251.11209,52,2514.995958
172.5473,37,2515.395294
206.19933,44,2516.176983
205.93698,44,2516.452798
207.58253,44,2516.646035
194.86171,41,2517.429762
212.8413,45,2517.804778
153.02594,34,2518.183975
185.57623,40,2518.548679
186.69232,40,2519.111043
216.35788,45,2519.685002
202.47781,43,2520.277537
236.06053,50,2520.878844
237.84653,50,2522.155162
307.5355,62,2522.630157
212.2642,45,2523.108562
238.27115,50,2523.455836
250.46954,52,2523.778319
282.88773,59,2524.149769
260.79483,54,2524.647137
325.26517,65,2525.4912
279.08057,56,2525.863093
235.01886,48,2526.285876
221.45079,46,2526.498194
314.5318,62,2527.139892
267.72214,54,2527.496829
346.9877,68,2527.837662
426.25412,82,2528.854336
429.618,85,2529.507843
399.93396,79,2530.333857
393.30524,77,2531.335186
393.16013,76,2532.236871
413.1908,81,2532.917135
358.30374,70,2534.220122
377.02237,73,2534.675635
437.479,86,2535.425089
411.4273,81,2535.982727
508.34366,101,2537.388303
323.34814,63,2537.821233
493.97134,102,2538.867524
455.26462,90,2540.47856
518.71,102,2541.782974
883.33746,178,2543.167937
366.27902,74,2543.825562
454.10672,90,2544.95903
328.31848,68,2545.718063
372.90164,74,2546.937108
281.64667,64,2547.46631
233.58571,51,2547.574437
230.72615,49,2547.912781
249.1289,54,2548.464953
287.96054,59,2548.781498
287.72028,62,2549.263243
411.41824,83,2550.357459
343.30923,70,2550.954173
372.45782,75,2551.986969
457.99527,101,2552.952253
423.8124,86,2553.951306
489.13123,99,2555.208093
372.26746,76,2555.673225
374.25,79,2556.054693
444.6993,90,2556.672308
343.20966,78,2556.903891
361.6336,72,2557.359405
216.8115,48,2557.634567
364.68207,73,2557.929808
402.69635,82,2558.19879
233.15778,49,2558.61636
316.93204,65,2559.113182
343.98212,73,2559.584257
428.49118,95,2560.1297
232.9303,49,2560.430593
241.00648,54,2560.830467
264.25064,57,2561.302743
253.42929,54,2561.725923
243.47726,51,2562.35798
224.68477,48,2562.599167
207.11453,45,2562.798361
175.586,38,2562.989995
196.89546,43,2563.126239
174.98087,38,2563.325122
185.70929,40,2563.464709
171.61195,37,2563.553211
186.12825,41,2563.666263
190.50482,42,2563.816102
195.56631,42,2564.588214
185.50458,40,2564.891167
245.67331,56,2565.577026
196.30113,42,2565.725408
186.56503,42,2565.855177
202.10744,45,2566.025568
167.3543,36,2566.142868
227.25204,49,2566.455916
149.97307,34,2566.560185
225.28474,51,2566.925229
155.90723,34,2567.074981
224.58842,48,2567.179689
200.70906,44,2567.339826
147.4049,32,2567.540711
339.75708,67,2567.946547
249.38997,53,2568.19914
263.2409,55,2568.434529
192.2577,42,2568.688617
170.82126,37,2568.96045
211.2706,46,2569.296139
173.14305,37,2569.790971
177.44426,38,2570.139223
241.1933,50,2570.460237
125.08264,27,2570.647428
216.63629,45,2571.128069
203.80759,43,2571.471674
174.65048,38,2571.714735
111.28967,24,2571.832791
158.92,35,2572.081118
128.61359,28,2572.223647
144.44116,32,2572.334443
179.04604,40,2572.591288
114.62452,25,2572.776953
183.8215,40,2572.948723
155.07693,33,2573.078523
189.76231,41,2573.212601
194.5916,42,2573.485964
162.46498,34,2573.61833
227.98232,50,2573.799952
146.81331,31,2573.917974
197.23909,44,2574.198972
189.14363,42,2574.701935
170.7786,37,2575.0584
167.44759,35,2575.131732
132.42278,28,2575.375197
152.34785,33,2575.543893
169.33476,36,2575.982804
201.64804,44,2576.214985
151.78561,32,2576.403535
135.94159,29,2576.642038
223.4436,49,2576.883887
222.5941,47,2577.122019
193.58043,42,2577.239485
306.86526,63,2577.560888
177.33083,38,2577.657987
460.84988,103,2578.413092
218.10764,47,2578.727027
146.40475,31,2578.828748
136.94724,29,2578.928245
156.73488,33,2579.138821
582.2732,115,2579.669594
210.362,44,2579.930082
208.00139,46,2580.126216
220.43857,46,2580.217648
179.64542,38,2580.335299
302.13937,60,2580.52771
328.8253,73,2580.731963
353.12024,81,2581.151996
383.40887,76,2581.581978
219.0716,46,2581.765238
346.0207,75,2582.070876
231.47244,50,2582.189952
313.17578,65,2582.588513
263.64426,57,2582.984382
233.90057,49,2583.233545
190.44852,42,2583.376104
256.70325,54,2583.542256
222.45465,47,2583.811167
226.27011,49,2584.037471
318.6996,65,2584.399524
230.75362,48,2584.585703
265.67343,53,2584.954645
201.11499,43,2585.13803
218.69044,46,2585.26229
175.96202,37,2585.395658
361.1565,73,2585.74353
242.96803,52,2586.230483
336.52502,67,2586.637183
167.07768,35,2586.924191
716.6307,146,2588.208015
291.1844,61,2588.689057
387.33304,77,2589.386475
373.3163,74,2590.006145
347.8549,79,2590.496145
473.13977,105,2590.972968
317.58038,63,2591.23227
422.0767,94,2591.869024
138.02148,30,2592.027458
292.24094,65,2592.383943
394.72784,89,2592.699553
337.67548,78,2592.931369
304.62354,67,2593.257823
311.529,67,2593.551874
238.94846,52,2593.792497
219.59712,46,2593.873885
454.55957,103,2594.36032
481.94733,100,2595.012452
482.67764,98,2595.347737
342.85114,79,2595.578276
437.76257,86,2595.798682
410.5768,80,2596.214852
277.15347,56,2596.768203
207.19666,46,2596.879143
479.08563,107,2597.307646
513.7384,116,2597.914879
374.6347,76,2598.175944
459.07275,103,2599.467574
379.96262,87,2600.29462
235.25662,49,2600.71635
251.77153,54,2600.890869
329.9186,71,2601.173911
248.01744,52,2601.425389
541.58545,112,2602.030638
244.02657,54,2602.319902
424.3129,92,2602.684192
80.32349,17,2602.717677
329.2244,64,2603.022892
85.713,18,2603.115505
359.6365,72,2603.453274
275.94473,54,2603.844203
534.89294,118,2604.412889
176.3375,41,2604.617738
249.81223,53,2605.014835
309.0405,62,2605.346657
264.1102,58,2605.815016
127.10791,27,2605.898564
97.98117,21,2605.971966
92.84842,20,2606.064588
343.59207,77,2606.412891
247.42775,52,2606.708048
275.04266,59,2606.970145
225.9588,47,2607.132783
282.37766,65,2607.263232
179.10316,40,2607.366851
316.60684,66,2607.671756
179.38171,39,2607.986156
197.86201,44,2608.300601
192.84764,41,2608.552316
158.38867,35,2608.660049
274.50772,58,2608.999789
181.1893,39,2609.368934
142.96074,32,2609.5549
163.04463,36,2609.848447
231.31613,48,2610.059982
560.1998,126,2610.872164
443.23712,96,2611.521438
275.55222,59,2611.966632
289.77545,64,2612.180852
167.10757,37,2612.445327
327.4693,76,2613.111368
161.57683,36,2613.291386
181.4202,41,2613.461826
319.5626,71,2613.727105
237.08089,49,2613.853072
375.13388,81,2614.25645
236.5806,53,2614.730208
193.64627,44,2614.938473
127.56513,28,2615.051521
131.94551,30,2615.167969
138.11351,31,2615.262683
143.26993,32,2615.463468
162.92268,36,2615.898086
87.972755,19,2615.982773
192.65613,43,2616.220578
170.89618,37,2616.394739
146.62769,32,2616.528191
115.587616,26,2616.627388
126.05214,28,2616.772255
368.603,73,2617.277318
558.4415,114,2619.000232
618.6936,138,2620.318215
396.15515,79,2621.065727
436.73782,87,2621.655684
438.6238,87,2622.583395
435.753,87,2623.459039
555.01465,112,2624.2788
417.5069,83,2624.894914
421.7523,84,2625.336115
400.1031,79,2625.859027
368.9777,73,2626.414708
502.19107,100,2626.753181
491.88544,111,2627.382128
354.26755,70,2628.062789
383.48883,77,2628.452185
379.74057,75,2628.791906
361.78897,84,2629.221884
456.43332,96,2629.65693
158.03735,35,2629.748081
342.92886,80,2630.125206
392.3164,90,2630.446414
400.28192,80,2630.722194
363.16547,73,2630.99264
643.2757,134,2631.688572
247.97836,58,2631.871419
362.5907,84,2632.1321
351.7688,82,2632.771185
639.188,143,2633.220946
422.79074,84,2633.425578
460.50098,92,2633.647279
400.13055,79,2633.860281
421.47772,84,2637.476769
659.9078,134,2638.418513
355.7227,70,2638.770236
621.6538,126,2639.602468
359.58356,71,2640.034394
407.2355,81,2641.095617
379.56277,76,2642.103795
914.41754,201,2644.34487
417.1153,83,2645.596466
363.05417,72,2646.668613
382.65015,75,2647.320724
410.9411,82,2648.055991
516.1179,103,2648.777426
474.90512,96,2649.235386
426.3043,84,2649.736999
365.3537,73,2650.003156
406.6145,81,2650.414924
528.012,107,2650.843673
490.33694,99,2651.506302
476.33667,96,2652.038427
403.66724,81,2652.576526
375.69235,74,2653.00936
433.77707,87,2654.499651
403.86044,81,2655.375825
546.4497,110,2656.154534
375.5294,74,2656.74455
422.0158,84,2657.490526
378.2348,75,2657.775765
366.8562,73,2658.30227
431.21323,86,2658.832366
434.99298,87,2659.474233
402.40604,80,2659.779683
480.78412,97,2660.111967
522.8495,106,2660.583338
361.0832,71,2660.916319
496.66852,100,2661.758395
436.2945,87,2662.196477
400.29282,80,2663.087418
399.4654,80,2663.587961
568.34973,115,2664.275763
355.5616,70,2664.635121
375.15454,75,2665.027306
458.50613,92,2665.836244
354.41684,71,2666.14049
367.34198,73,2666.49846
315.78214,63,2666.900689
384.78918,77,2667.193882
368.7429,73,2667.62728
328.22427,65,2668.010853
321.8516,64,2668.222567
400.55002,80,2668.399673
336.52576,67,2668.582616
372.93085,75,2668.760518
462.63342,93,2669.252804
426.58896,86,2669.580975
385.5349,77,2670.1746
318.22076,63,2670.374773
372.67923,74,2670.59686
465.72913,106,2671.286566
304.58188,67,2671.871151
588.57007,122,2672.945502
337.23465,67,2673.300957
420.54254,86,2673.53977
427.61847,96,2674.329057
305.60004,68,2674.906027
382.34964,77,2675.464717
373.2031,75,2676.143133
390.52408,91,2676.958249
467.56903,93,2677.535031
427.56934,88,2678.259666
697.707,144,2679.261037
435.96454,91,2679.672081
377.47604,78,2680.051663
382.17407,80,2680.412771
208.56447,45,2680.56245
195.19835,43,2680.667267
249.9536,52,2680.979771
508.97537,110,2681.594319
391.98303,82,2681.914327
454.5956,94,2682.823577
797.9637,165,2683.705317
491.4223,104,2684.504971
484.6136,99,2685.199984
344.20947,73,2685.750948
317.0161,68,2686.159828
277.7967,60,2686.424501
295.1744,63,2686.697686
326.0182,75,2687.166213
809.31085,167,2688.04464
349.93835,78,2688.381172
343.33313,71,2688.827461
436.56296,99,2689.224826
326.70227,66,2689.559677
549.2559,113,2698.571691
195.7258,43,2699.027486
368.528,81,2700.263997
437.47556,87,2701.078865
339.3709,77,2701.964331
632.41974,140,2703.595444
366.52722,73,2704.186408
602.4791,124,2705.249191
419.89725,86,2705.791909
189.69017,42,2706.046142
380.45966,75,2707.065605
411.95078,82,2708.288325
314.7713,65,2709.307891
381.63684,88,2709.90674
253.2629,55,2710.592258
385.8155,74,2711.373981
491.14032,109,2712.935852
741.5094,161,2714.48801
492.97784,101,2715.956157
264.85327,56,2716.596984
441.11423,92,2718.06559
512.4257,109,2719.512469
549.2066,113,2721.172405
328.64935,65,2722.003474
454.28015,96,2723.160659
350.0819,68,2724.031145
513.9329,102,2724.826934
383.61874,76,2725.516227
435.81342,96,2726.83003
354.43546,70,2727.505295
421.97083,82,2728.294488
505.19113,99,2729.352535
442.99,88,2730.620681
430.5627,88,2731.961224
703.39087,142,2734.545228
524.706,107,2736.070935
357.71664,71,2736.945933
389.62787,76,2738.542045
420.1852,85,2739.668896
304.47995,62,2740.305645
337.03058,66,2741.071267
386.27,77,2741.857794
457.9881,89,2743.036601
356.05814,70,2744.177495
361.7471,72,2745.399437
437.97598,89,2746.061939
444.83197,92,2758.266712
372.2985,73,2759.353153
624.55304,132,2761.67169
343.03305,70,2763.181532
382.6087,74,2763.878035
396.59464,80,2764.271581
483.4911,106,2765.469154
289.0799,66,2765.755733
365.9542,75,2766.913228
354.9273,81,2767.983315
415.08978,93,2769.459335
413.76663,83,2770.419045
437.41336,90,2771.116524
416.21722,83,2771.621321
424.17532,92,2772.578794
340.96182,68,2772.898468
458.34793,92,2773.769581
596.4104,131,2774.935439
399.99628,81,2775.770686
350.76157,70,2776.2295
367.33228,75,2776.997879
486.86395,98,2777.373271
519.08295,106,2778.842499
419.23386,85,2781.030969
356.28043,79,2781.858157
448.01862,90,2782.677354
418.3668,85,2783.703688
580.83636,118,2784.851591
539.2815,109,2785.992766
398.9739,81,2786.846942
389.2067,79,2788.030316
363.9533,72,2789.561992
374.66498,75,2790.250513
402.55026,81,2791.097461
367.3746,74,2792.598291
345.8578,69,2794.367151
348.38327,70,2794.879978
385.92322,77,2795.706637
368.79327,75,2796.082023
352.3381,70,2796.394211
444.80942,90,2796.851879
376.37012,77,2797.491261
341.85626,69,2797.920113
557.36115,112,2799.19771
448.35516,90,2800.723991
431.85355,96,2801.526467
494.4482,98,2802.685678
600.93414,121,2804.220672
388.0572,75,2805.134217
645.2653,130,2806.784004
284.46536,64,2807.619159
451.58395,90,2809.077587
399.73764,89,2809.875716
410.56323,81,2810.436317
382.6572,75,2811.095717
325.03622,75,2811.995947
449.87656,102,2812.337162
623.47766,125,2813.382545
646.8907,133,2815.067861
480.4742,96,2815.851143
469.7708,94,2816.645128
488.84393,98,2817.873327
473.56235,94,2818.519905
411.76093,93,2819.8185
464.50275,93,2821.030847
566.14966,128,2822.063209
623.098,125,2823.219352
381.44086,76,2823.960461
381.1217,80,2825.023477
439.33588,92,2826.552001
347.1936,71,2826.927697
409.5729,83,2827.74087
418.8791,87,2828.509002
503.45184,106,2829.171535
398.98203,78,2829.608756
566.66693,115,2830.527013
532.9745,117,2831.474592
393.45233,78,2832.22716
371.88156,77,2832.965514
394.0409,78,2833.575475
444.01358,86,2834.138485
527.25995,113,2835.16835
470.61258,100,2835.496709
588.75745,118,2836.748339
556.6875,115,2837.412463
566.3861,114,2838.7604
470.81302,93,2840.498422
646.27374,129,2842.309765
726.91766,150,2844.489267
486.87228,96,2845.077779
474.6084,94,2845.797103
462.94434,90,2846.590977
461.07468,91,2846.993711
491.5419,109,2848.594998
570.2546,125,2849.970764
468.8937,91,2850.717124
731.4905,149,2853.098554
556.73145,124,2854.510972
389.4422,77,2855.318063
538.73865,108,2857.514828
621.7977,139,2859.552896
469.41837,106,2860.958626
598.9784,132,2862.746748
626.20374,128,2864.698781
336.11566,67,2865.272571
652.7631,132,2876.732195
484.82156,97,2877.946693
438.89633,99,2879.498495
652.05835,144,2881.616057
580.8867,116,2883.211704
369.81207,85,2884.391199
421.93823,96,2885.260014
371.70795,82,2886.388458
385.61423,88,2887.768856
437.05695,100,2889.288491
478.6903,108,2890.899435
552.3708,124,2893.24903
565.4169,116,2894.473267
615.0838,123,2895.729442
426.27725,97,2896.523871
1186.3912,241,2899.404782
430.8622,90,2900.375275
440.72958,87,2901.127228
422.09174,97,2902.172439
444.48468,89,2903.582898
473.23376,95,2904.496469
471.6023,107,2905.991888
498.50226,98,2907.260866
383.2794,87,2908.166727
436.54318,86,2909.000053
648.0852,143,2910.283216
479.05655,108,2911.636613
523.6621,103,2912.894344
447.81726,87,2913.649019
422.93967,84,2914.408962
376.8082,72,2915.464991
394.60104,77,2916.534119
500.9639,98,2917.803571
424.74902,81,2919.094009
464.467,91,2919.64626
316.49115,61,2920.284479
455.80447,91,2921.499058
394.8869,78,2922.286755
449.78537,89,2923.26711
447.22562,87,2924.373299
528.16003,103,2936.54244
597.07306,118,2937.924744
574.94824,113,2939.213602
446.59192,87,2940.099191
495.65945,96,2941.007555
561.2201,112,2942.233049
433.22968,85,2942.683489
436.4605,98,2943.532353
463.71536,90,2943.959387
379.05878,74,2944.639203
488.7093,107,2945.275192
329.48517,66,2945.989815
430.8286,82,2947.109231
471.2017,94,2948.08755
309.8413,60,2948.760606
389.41565,77,2949.428738
458.18335,93,2949.855611
345.57788,68,2950.348984
334.30386,67,2950.851196
504.41296,100,2951.423345
543.9168,111,2951.864632
458.40106,92,2952.487023
391.48743,86,2952.912186
459.37222,92,2953.181162
433.36884,85,2953.858658
1126.9128,230,2955.550889
496.68143,113,2956.764658
502.16223,100,2957.603422
707.44904,144,2958.700149
621.79926,127,2959.625245
437.01462,86,2959.965262
555.3425,125,2960.600589
611.60754,137,2961.257842
493.3882,97,2961.908845
569.80536,113,2962.482553
590.58453,119,2963.394581
412.75824,95,2963.9631
423.09048,83,2964.716866
514.5223,99,2965.118979
498.8417,98,2965.512998
505.78302,99,2965.899601
487.5398,94,2966.347506
414.5144,79,2966.708927
465.9571,91,2967.131351
557.80365,110,2967.850096
396.09555,78,2968.354997
507.51273,99,2969.334819
606.4437,121,2970.069836
634.2956,128,2970.896234
704.05774,140,2971.598871
471.6761,92,2971.866037
466.28467,105,2972.894939
399.09174,77,2973.589042
456.8132,89,2974.105009
547.0251,121,2974.927709
571.9,129,2976.004924
420.79312,83,2976.86867
642.023,130,2977.631885
465.6974,90,2978.442703
428.46756,85,2978.895125
505.54407,97,2979.847551
504.61963,97,2980.217711
526.62354,105,2981.427806
623.5534,131,2982.532406
454.55127,87,2983.452424
625.9741,125,2984.005928
455.3454,90,2984.340429
416.04742,81,2985.135393
545.5191,107,2986.401565
425.2914,82,2987.483526
408.08105,78,2988.330904
358.33087,68,2989.218001
459.6773,89,2990.11424
405.5777,78,2991.151112
381.43427,76,2992.257878
480.53735,93,2992.751606
338.74298,69,2993.477649
448.95752,86,2994.071411
663.10815,133,2994.886218
492.4869,96,2995.364167
395.74765,77,2995.765918
421.17548,81,2996.209492
555.30414,123,2997.162223
543.9736,108,2998.08335
532.0176,121,2999.063024
480.43927,92,2999.655881
611.4066,131,3000.375035
518.2047,115,3001.343643
525.91064,103,3002.134578
985.93726,206,3003.201313
469.5539,106,3004.480874
439.1791,85,3005.384793
449.9493,101,3006.214743
394.36475,79,3006.75604
382.91745,88,3007.327153
423.73117,84,3008.165051
369.18387,73,3009.423185
531.9906,106,3010.335493
458.92114,93,3011.191139
330.97293,65,3011.753248
275.02686,55,3011.927282
344.32278,68,3012.370201
300.88138,61,3013.152244
337.20886,68,3013.927503
375.166,74,3014.601162
336.7434,67,3015.545038
312.8763,62,3016.003926
444.25623,84,3016.733552
419.9275,81,3018.279869
511.54587,100,3019.255068
376.46967,73,3020.099629
309.74576,59,3020.763359
337.97784,64,3021.147199
316.07288,60,3021.652573
317.4359,64,3022.226901
305.74277,58,3022.407333
247.23335,48,3022.868159
244.90605,47,3023.443049
299.7088,59,3023.929143
276.4748,53,3024.403946
290.55118,56,3025.082573
278.80933,55,3025.687642
268.5198,52,3026.122442
277.65204,55,3026.41167
287.04443,55,3026.94821
282.61688,54,3027.280344
284.62405,55,3027.47897
307.83618,59,3027.695229
309.45984,59,3028.193127
289.28653,55,3028.503185
305.63773,58,3028.714455
234.75381,46,3028.912783
298.57758,57,3029.244189
262.30637,50,3029.518912
286.5247,56,3029.948346
312.58737,59,3030.416723
292.52267,56,3030.797786
219.96149,42,3030.963658
173.6993,34,3031.257475
277.69342,53,3031.517774
256.57233,49,3031.653358
245.02257,47,3031.755576
306.68005,58,3032.019882
261.938,52,3032.238876
278.88242,54,3032.872756
270.06607,53,3033.293578
277.2916,53,3033.963251
256.25244,49,3034.527448
306.0074,58,3035.547451
277.95135,54,3036.554682
283.3506,54,3037.47354
247.29109,48,3037.599413
236.46065,45,3037.83357
272.52145,52,3038.10806
261.709,51,3038.2646
179.29343,35,3038.348956
219.17908,43,3038.835778
269.7623,52,3039.351631
205.4583,40,3039.7049
249.92378,48,3040.005831
280.83008,54,3040.151284
271.46332,52,3040.426801
231.64232,45,3040.657596
274.4676,53,3041.104127
243.09012,48,3041.239829
246.59264,48,3041.383246
242.6032,48,3041.626398
262.33517,50,3042.136411
282.05997,54,3042.979734
288.25452,55,3043.347697
292.65204,56,3043.860292
274.73764,53,3044.225389
265.9941,51,3044.632885
262.2809,50,3044.937273
327.75665,62,3045.516298
274.96835,52,3046.200495
285.49155,55,3046.662758
255.72244,49,3046.853675
276.78998,53,3047.231957
237.93643,48,3047.554217
260.89282,51,3047.987365
200.4163,40,3048.156467
220.85745,43,3048.489793
205.55557,41,3048.82999
269.3627,51,3049.084205
230.96893,44,3049.411988
285.51462,55,3049.550893
255.70747,49,3049.833231
237.12561,46,3050.163978
208.84218,41,3050.490129
250.4052,49,3050.682753
203.4018,40,3050.814976
233.21283,45,3051.072054
252.45728,49,3051.368001
224.07521,44,3051.850671
244.51753,47,3052.044932
246.61198,48,3052.483971
256.39514,50,3052.952213
262.19772,50,3053.124792
261.07977,51,3053.306784
271.18454,52,3053.505901
259.16055,50,3054.264651
277.5179,53,3054.598119
269.43198,51,3054.877869
256.37796,49,3055.251495
277.90958,53,3055.572029
266.1558,51,3055.887456
255.83522,49,3056.134942
260.43958,50,3056.347663
302.31702,58,3056.684957
218.86603,43,3056.90202
262.68768,51,3057.164066
215.58476,42,3057.592374
251.43233,49,3058.18906
289.43558,55,3058.613121
238.29564,46,3058.785779
227.60461,44,3058.86595
231.02704,45,3059.109097
214.52371,42,3059.63814
232.24725,45,3059.884484
208.89876,41,3060.036429
259.04883,50,3060.149411
193.18846,38,3060.219365
166.80357,33,3060.324819
275.16913,53,3060.477683
337.23813,65,3060.959991
204.88963,40,3061.192537
197.97968,39,3061.42499
234.01021,45,3061.626124
198.75578,39,3061.888406
252.14359,49,3062.07172
210.77075,41,3062.202228
211.39102,41,3062.282431
208.15814,40,3062.413269
278.48523,53,3062.890328
80.84986,17,3063.144164
304.0096,58,3063.439134
214.07964,41,3063.523173
236.96901,45,3063.613867
215.15428,41,3063.727394
266.48996,51,3063.994571
250.78775,48,3064.13733
283.90085,54,3064.453
232.18703,45,3064.661083
80.50977,17,3064.717416
80.816734,17,3064.769321
80.97518,17,3064.900056
80.95161,17,3064.936095
80.84662,17,3064.982677
80.875694,17,3065.027906
224.1463,43,3065.143661
224.15376,43,3065.497222
257.82828,49,3065.7872
293.98923,56,3066.278172
182.41179,36,3066.377183
86.57459,18,3066.401448
81.33692,17,3066.443033
273.7308,52,3067.164821
257.2042,49,3067.337486
280.35727,54,3067.453335
166.61351,33,3067.568161
178.4288,35,3067.720725
189.99011,37,3067.890744
244.6413,47,3068.117868
251.907,48,3068.27801
210.33829,41,3068.476939
244.82104,47,3068.692135
219.31638,42,3068.880422
260.34845,51,3069.086575
317.72153,61,3069.467229
214.23608,42,3069.854177
231.9676,45,3070.151126
240.87094,47,3070.261354
260.95245,50,3070.728137
277.73145,53,3071.285546
221.02983,43,3071.36587
273.79636,52,3071.535233
276.42706,53,3071.717249
240.06142,46,3072.13536
251.9758,48,3072.468298
205.2022,40,3072.582809
211.75598,41,3072.659661
226.89148,44,3072.891321
240.03772,46,3073.234812
209.9646,41,3073.607824
254.39948,49,3073.745204
179.36424,35,3073.919114
216.9806,42,3074.025266
230.17804,44,3074.216357
157.55573,31,3074.421068
186.50885,37,3074.680694
173.06442,35,3074.890075
219.02342,43,3074.993089
190.03561,38,3075.196212
166.18723,33,3075.369538
195.21277,39,3075.593053
174.84972,35,3075.785378
228.72401,45,3075.904048
170.474,34,3075.995884
218.35286,42,3076.227083
239.50461,48,3076.447493
213.81934,42,3076.732201
222.21684,44,3076.96894
207.29185,42,3077.183907
233.59195,48,3077.536105
274.48587,57,3077.791291
242.00537,47,3078.122146
304.62296,63,3078.592483
264.3325,52,3079.10159
244.67403,48,3079.262352
256.34802,49,3079.695756
239.7301,47,3079.973678
240.19144,46,3080.227475
223.26617,44,3080.526157
246.78249,48,3080.854364
299.94617,57,3081.144245
248.72375,48,3081.49181
253.59152,49,3081.601598
243.96758,47,3081.793036
263.4793,51,3082.430444
272.59674,52,3082.720042
273.2462,52,3082.961085
257.78436,49,3083.477142
280.88742,54,3084.10939
250.18605,48,3084.497633
222.50545,43,3084.742721
256.17636,49,3084.949417
271.9811,52,3085.303987
273.3339,52,3085.463804
280.3014,54,3085.789247
255.39171,50,3086.114194
252.9866,49,3086.290155
286.05627,54,3086.525044
277.31094,52,3086.72505
281.07434,53,3087.049789
269.01752,51,3087.315691
266.64102,51,3087.645655
277.1613,52,3087.977957
267.16437,51,3088.375092
281.49948,54,3088.608825
254.06242,49,3088.777127
264.23074,51,3089.681009
272.14194,52,3089.99838
270.3608,52,3090.235314
281.19748,53,3090.510516
290.15546,55,3090.742942
247.7349,48,3090.961164
276.1729,53,3091.197445
267.8603,52,3091.708357
307.02087,59,3092.087907
264.7351,51,3092.284062
290.84546,56,3092.800843
255.32762,50,3093.036573
292.74295,56,3093.499983
254.17674,49,3093.703153
274.04333,52,3094.565586
263.84793,52,3094.782977
274.93106,53,3095.220476
256.74686,50,3095.602872
259.84955,50,3095.919435
267.28305,51,3096.372515
250.20657,48,3096.881619
262.134,51,3097.427077
256.19977,49,3097.835766
235.52422,46,3098.080058
255.22954,49,3098.514219
230.05502,45,3098.736685
250.18962,48,3098.92217
242.40201,47,3099.355041
260.99194,50,3099.758185
252.50516,49,3099.971795
245.39088,48,3100.162581
282.95184,54,3100.390443
270.12344,52,3100.577916
256.81345,50,3100.924422
252.37547,49,3101.262276
262.75977,52,3101.423946
253.2585,49,3101.565902
250.01868,48,3101.69685
281.60507,55,3101.906467
265.0307,52,3102.08285
246.13892,48,3102.218235
251.92628,49,3102.50704
257.64905,50,3102.961775
218.31076,43,3103.16573
224.9603,44,3103.455319
268.95383,52,3103.667033
262.19522,51,3104.181134
279.8367,54,3104.579489
267.64697,51,3104.808163
266.8657,52,3105.105835
275.0731,52,3105.417819
260.56955,50,3105.67681
276.598,53,3106.000032
268.08374,51,3106.255595
283.93546,55,3106.842359
253.66832,49,3107.030189
271.91257,53,3107.265451
255.10188,50,3107.393294
256.1062,49,3107.709569
242.39561,47,3108.169885
237.10124,46,3108.736374
245.5194,48,3109.018127
232.65027,46,3109.225466
241.6939,47,3109.420241
245.04164,48,3109.512409
247.42982,49,3109.683518
252.93663,49,3110.028095
247.3582,48,3110.334387
226.88632,44,3110.676115
247.6699,48,3110.774215
234.61455,46,3110.86203
269.1068,52,3111.215356
242.34425,48,3111.688977
224.89369,44,3112.000014
229.78221,45,3112.354122
238.01291,46,3112.573429
237.6657,46,3112.819154
235.04236,46,3113.180396
244.18011,47,3113.67812
278.17175,54,3113.892981
255.81354,50,3114.167803
241.91135,47,3114.348639
257.17596,49,3114.514494
240.91531,46,3114.666688
242.87251,47,3114.849727
237.27109,46,3115.231441
236.5851,46,3115.480906
230.1033,45,3115.6076
253.3595,49,3115.786484
261.95477,51,3115.977844
251.9537,49,3116.22238
244.78629,48,3116.431362
230.53575,45,3116.639107
241.58264,47,3117.192157
237.04822,46,3117.417161
247.21918,47,3117.651761
258.30643,50,3117.966172
232.01627,45,3118.331053
229.68658,44,3118.506203
260.6308,50,3118.769463
238.24603,46,3118.985275
250.54341,48,3119.114164
244.98198,47,3119.212267
243.13292,47,3119.491128
244.70683,47,3119.716196
237.37189,46,3120.019275
264.4194,51,3120.173319
244.86613,47,3120.362952
250.79309,48,3120.470881
245.52711,47,3120.648001
250.35881,48,3120.752017
244.95062,47,3120.901887
258.7728,50,3121.225299
250.68208,48,3121.445536
250.35219,48,3121.760984
259.89542,50,3122.041393
253.99695,49,3122.228368
244.19472,47,3122.48038
249.50691,48,3122.695499
239.75702,46,3122.969567
260.20874,50,3123.402046
250.68971,48,3123.634064
254.7228,49,3124.03197
239.4748,46,3124.323371
243.37634,47,3124.876901
250.1929,48,3125.232985
243.39569,47,3125.56656
243.99028,47,3125.862132
265.6959,51,3125.991467
258.12302,50,3126.412259
237.29405,46,3126.735069
250.58992,48,3127.066505
256.01385,49,3127.482178
248.1526,48,3127.923076
244.36261,47,3128.310186
239.57011,46,3128.444297
245.19922,47,3129.288628
239.67424,46,3129.507037
244.17815,47,3129.616984
240.27855,46,3129.888655
245.38695,47,3130.389123
249.95796,48,3130.763849
265.39944,51,3131.060516
247.79059,48,3131.319924
250.15712,48,3131.503781
255.14865,49,3131.800014
260.60837,50,3132.139014
260.82053,50,3132.319148
270.06772,52,3132.530125
243.47083,47,3133.00151
250.66838,48,3133.340606
260.83194,50,3133.587883
249.19948,48,3133.773626
253.7006,49,3134.069647
250.53938,48,3134.255541
235.38943,45,3134.478813
255.00189,49,3134.62027
245.48898,47,3134.70135
243.206,47,3134.812563
267.57712,51,3134.968051
239.75963,46,3135.160439
264.07904,50,3135.401614
276.55807,52,3135.553165
249.87685,48,3135.877725
264.33438,50,3136.032691
259.04617,49,3136.376172
261.12393,50,3136.669645
232.82529,45,3136.867418
252.87297,49,3137.15581
242.2808,46,3137.312168
265.75748,51,3137.712031
240.14445,46,3137.995118
258.07904,50,3138.248196
254.3349,49,3138.390583
249.00333,48,3138.551983
259.41367,50,3139.11862
260.52094,50,3139.468296
242.61835,47,3140.011492
252.42522,48,3140.679455
247.12685,48,3141.061268
237.08762,46,3141.588016
258.21033,50,3141.777572
253.80862,49,3142.11297
252.63963,49,3142.726376
264.6275,50,3143.013296
238.79852,46,3143.376949
237.62032,46,3143.818733
243.12471,47,3144.372252
252.0213,48,3144.700141
264.97382,51,3145.130825
250.96268,48,3145.298842
287.56534,54,3145.611043
268.34756,51,3145.707322
279.22998,53,3145.87322
264.47586,50,3146.016514
277.0168,52,3146.203712
285.1907,54,3146.61312
267.12665,51,3146.821635
266.57913,51,3147.014228
289.2669,54,3147.122225
281.15335,53,3147.337578
255.96043,48,3147.839789
264.9314,50,3148.299238
295.23578,56,3148.674039
275.2405,52,3148.980345
266.5821,50,3149.108715
279.6581,53,3149.355379
283.9141,53,3149.64453
279.61472,52,3150.081048
293.75354,55,3150.18385
284.90375,53,3150.288609
276.85272,52,3150.871049
287.01865,54,3151.229177
273.17606,51,3151.431525
278.7867,52,3151.708746
286.64346,54,3152.355317
279.75085,52,3152.508497
276.71893,52,3152.619609
279.10934,52,3152.874799
283.62552,53,3153.451995
278.3195,52,3153.671675
278.68475,52,3153.978277
267.1313,50,3154.101979
273.4722,51,3154.493888
282.4538,53,3154.953153
279.0433,52,3155.083103
287.12076,54,3155.202429
275.34564,51,3155.344499
284.23758,53,3155.663314
288.57727,54,3156.309258
291.42828,54,3156.476252
283.4098,53,3156.569404
278.2089,52,3156.900091
300.17276,56,3157.560976
285.82513,53,3157.819707
300.71365,56,3158.249847
277.7838,52,3158.408693
279.41428,52,3158.701467
295.95203,55,3158.890853
288.87067,54,3159.082071
284.47128,53,3159.528035
283.64468,53,3159.728024
268.42618,50,3160.095609
271.98834,51,3160.451674
288.5738,54,3160.894939
284.28824,53,3161.163629
277.90112,52,3161.67278
273.55862,51,3162.201797
284.51865,53,3162.497992
300.33688,56,3162.892352
266.50027,50,3163.217589
273.00632,51,3163.569915
276.0688,52,3163.90784
281.0528,53,3164.189075
275.22305,52,3164.514056
277.4099,52,3164.648424
248.68596,48,3164.769455
267.10196,50,3165.117351
277.53592,52,3165.596018
248.1102,47,3165.919548
271.443,51,3166.444594
260.58676,49,3166.775327
289.31418,54,3166.928804
289.34702,54,3167.102745
267.00464,50,3167.297147
285.32428,53,3167.471359
262.96188,49,3167.601728
265.5928,50,3167.895518
244.84267,46,3168.145051
258.4109,49,3168.35423
251.86452,48,3168.43854
231.63788,44,3168.539217
262.25903,50,3168.725626
259.3353,50,3168.933345
257.3602,49,3169.116272
271.36243,51,3169.283598
243.70723,46,3169.626912
277.2964,52,3169.903382
265.19894,50,3170.155609
281.80627,53,3170.298372
251.76808,48,3170.528801
262.84787,51,3170.680023
254.56403,49,3170.884751
257.33102,49,3171.296492
255.91882,49,3171.801444
249.01926,48,3172.054359
243.43759,46,3172.184732
251.66722,48,3172.415937
269.44855,51,3172.692214
245.11566,47,3173.015772
252.16487,48,3173.292648
267.5158,51,3173.656212
255.81923,49,3173.790221
255.57861,49,3174.061355
259.7493,50,3174.330745
277.17633,52,3174.707171
279.74634,53,3174.873547
286.89246,53,3175.379914
286.8064,54,3175.821515
269.04117,50,3176.114866
281.17505,53,3176.505755
281.7303,53,3176.793478
296.45038,55,3176.918306
267.58905,50,3177.350457
266.91095,50,3177.485559
312.64542,59,3177.688461
251.59326,48,3177.98348
272.07196,51,3178.404438
277.911,51,3178.60092
260.3322,50,3178.725917
272.8277,50,3178.860931
287.8069,53,3179.095815
287.4704,53,3179.683469
279.38324,51,3180.043851
277.57074,52,3180.362507
342.43164,63,3180.779531
263.7413,51,3181.708464
275.23193,51,3182.192863
280.71448,52,3182.796134
318.78677,60,3183.246209
279.93405,52,3183.447674
316.13358,59,3183.72198
270.3871,50,3184.511885
302.35373,55,3184.704324
298.534,55,3185.03068
297.58585,55,3185.509778
280.53363,52,3185.673959
292.19913,54,3185.926211
295.24356,54,3186.43558
275.0677,51,3186.828268
281.14725,52,3187.037908
307.37335,57,3187.229693
298.15598,56,3187.488577
281.5774,52,3187.810216
322.16483,61,3188.164278
299.8214,55,3188.381607
314.6036,59,3188.636577
292.64328,54,3188.828339
280.72372,53,3189.225958
330.74005,62,3189.723359
306.4432,57,3190.038977
289.2027,54,3190.228162
267.60727,50,3190.773339
287.85657,54,3191.006199
285.11554,54,3191.200513
279.87326,52,3191.463044
288.44934,54,3191.68786
279.4983,52,3192.000386
309.86075,58,3192.422175
315.7723,59,3193.252841
303.95404,56,3193.669058
304.1477,58,3194.272984
333.48596,63,3194.713264
319.02118,59,3195.132064
315.21835,58,3196.07933
324.39764,60,3196.477561
294.89285,54,3196.907856
317.85556,59,3197.033087
319.68652,59,3197.313669
360.27008,67,3197.755637
332.10956,61,3197.972271
346.01193,64,3198.183906
337.0621,62,3198.302411
311.33237,57,3198.432786
329.46152,60,3198.735471
319.2346,59,3199.081146
334.5745,61,3199.315393
304.58755,56,3199.62156
338.72852,62,3199.840632
320.44806,59,3200.134244
318.56805,59,3200.454904
308.64026,57,3200.765881
301.67154,56,3201.048808
318.62842,59,3201.321984
308.2467,57,3201.806717
301.70044,56,3202.469087
317.9749,58,3202.772138
324.68234,60,3203.009515
313.3026,58,3203.230467
294.07376,55,3203.437409
299.32376,56,3203.653504
301.8811,56,3203.887567
337.65375,63,3204.124276
320.52185,59,3204.469682
324.02557,60,3204.780178
297.3367,56,3205.195531
331.63602,61,3205.719404
317.7759,59,3206.324003
333.1754,61,3206.640022
275.10565,51,3206.992378
298.37918,56,3207.338635
306.30496,56,3207.496826
314.7886,59,3207.961109
272.38718,51,3208.315737
277.1046,51,3208.57036
323.26837,60,3208.971554
311.90347,58,3209.372827
302.4289,56,3209.882137
271.12933,52,3210.157382
306.5082,58,3210.628403
284.6126,54,3211.185166
297.5851,56,3211.597749
258.5503,50,3212.412613
241.827,47,3213.094879
260.87775,50,3213.251176
270.03827,51,3213.553165
281.485,53,3213.759079
326.26724,61,3214.485941
276.4808,52,3214.957957
339.76154,64,3215.432377
294.1766,55,3215.562188
300.98373,55,3216.011823
292.2219,54,3216.118775
300.05627,56,3216.246824
280.8102,52,3216.745379
308.69525,57,3217.198796
282.57755,53,3217.406906
289.87714,53,3217.785328
278.14688,52,3218.30402
307.60233,57,3218.692386
298.1079,55,3219.338248
290.28952,54,3219.781459
291.42636,54,3220.263875
298.1287,55,3220.65223
293.65024,54,3221.245664
283.1355,52,3221.780074
309.31598,57,3222.273721
274.6621,50,3222.616834
292.72314,54,3223.190298
298.96573,55,3223.545443
289.30765,53,3223.742648
278.46835,51,3223.999411
283.32462,52,3224.146648
288.51447,53,3224.293973
293.57455,54,3224.857134
290.59332,53,3225.170446
298.97476,55,3225.383632
298.48914,55,3225.5719
288.31943,53,3226.077935
278.98062,51,3226.425263
293.73352,54,3226.797778
292.39532,54,3227.105206
283.13696,52,3228.114484
309.04108,57,3228.679489
296.3207,55,3229.085809
278.21298,52,3229.335679
280.50198,51,3229.691322
290.67236,53,3230.074112
265.29868,50,3230.291765
282.62726,52,3230.710065
287.7351,53,3231.171516
287.50372,53,3231.89708
284.21967,52,3232.231106
300.01407,55,3232.69377
283.60132,52,3232.875218
292.8064,54,3233.064477
283.43665,52,3233.282346
282.91577,52,3233.625258
298.08902,55,3233.851598
278.07544,51,3234.024283
303.46136,56,3234.151715
289.3558,53,3234.710947
287.42273,53,3235.001317
273.38086,50,3235.236487
278.31955,51,3235.634632
266.2646,49,3235.800205
289.99863,53,3236.00253
290.6397,53,3236.3126
287.79617,53,3236.790723
283.82718,52,3236.955847
283.86478,52,3237.067103
300.44614,55,3237.203941
294.92557,54,3237.333668
293.04208,54,3237.991576
288.76273,53,3238.214894
274.40146,50,3238.455939
283.6287,52,3238.7081
289.0592,53,3238.989608
288.86743,53,3239.460887
276.81976,51,3239.611598
309.68347,57,3239.791431
299.24173,55,3240.326393
281.245,52,3240.700178
296.39825,55,3240.930001
277.9968,51,3241.237948
299.1247,55,3241.472972
296.79102,55,3241.659366
289.64673,53,3241.860879
304.73264,56,3241.970646
293.0999,54,3242.088565
283.76923,52,3242.193303
284.8326,52,3242.569479
301.5323,55,3242.958651
305.04767,56,3243.316786
311.21225,57,3243.558363
294.14148,54,3243.808259
315.63153,58,3244.238168
300.74536,55,3244.679718
289.69644,53,3244.930873
282.20813,52,3245.07543
281.35312,52,3245.349683
299.77298,55,3245.708751
305.47443,56,3245.990964
293.95523,54,3246.174661
280.3296,51,3246.583204
291.33292,53,3247.049322
304.69412,56,3247.197592
305.21536,56,3247.555644
278.78513,51,3247.969609
278.7579,51,3248.190602
302.54736,55,3248.431964
294.93967,54,3248.868325
320.66687,59,3249.554048
310.54816,57,3250.34452
290.40344,53,3250.642906
299.40417,55,3251.345235
303.73895,55,3252.178862
290.26474,53,3252.832943
315.6351,58,3253.216756
283.54556,52,3253.371293
286.6165,53,3253.625332
303.93845,56,3254.061139
270.20007,50,3254.177904
295.52567,54,3254.635533
297.58804,55,3254.913842
285.2687,52,3255.057285
285.91165,53,3255.16818
302.0779,56,3255.515965
293.51196,54,3256.185445
297.44543,55,3256.675113
306.55957,57,3256.904512
269.82724,50,3257.179579
268.78455,50,3257.739758
284.45374,53,3257.882695
291.53253,54,3258.303035
300.65363,56,3258.601047
289.47488,54,3258.917341
285.3714,53,3259.127197
280.9649,52,3259.498496
294.4545,55,3259.917713
275.43262,51,3260.210935
285.51462,53,3260.406164
286.91666,53,3260.584311
260.6749,48,3260.91779
285.62897,53,3261.340389
292.11948,54,3261.546842
315.23245,58,3261.909141
275.6753,51,3262.35718
282.3871,52,3262.59597
304.76495,56,3262.989657
287.3698,53,3263.298298
293.64377,54,3263.503786
287.19696,53,3264.352345
293.83047,54,3264.669078
281.38168,52,3265.088043
292.502,54,3265.408383
290.59583,53,3265.760731
279.47443,51,3265.886106
276.92148,51,3266.084071
290.26837,53,3266.236952
310.81476,57,3266.622845
278.99945,51,3266.79327
285.98987,52,3267.052088
321.34027,59,3267.293321
290.76367,53,3267.882663
313.402,58,3268.548616
286.04077,52,3269.240885
292.29404,53,3269.56488
300.89737,55,3270.017308
295.9721,54,3270.313523
272.82132,50,3270.7643
295.0043,54,3271.194337
296.14548,54,3271.658549
296.74847,54,3271.852154
296.12473,54,3272.21608
300.75928,55,3272.37776
290.47742,53,3272.566282
316.751,58,3273.025429
302.86752,55,3273.491004
296.62466,54,3273.58946
295.87723,54,3273.871952
278.76218,51,3274.367272
301.16388,55,3274.599084
298.9687,55,3274.797956
278.55484,51,3275.024337
296.07654,54,3275.445652
284.60474,52,3275.775866
293.76584,54,3276.642104
280.652,51,3277.219054
289.51462,53,3277.638808
280.13092,51,3278.08673
293.4703,53,3278.366921
273.007,51,3278.650874
285.12662,52,3278.912742
289.21146,53,3279.110417
290.64987,53,3279.407253
284.43332,52,3279.612402
289.0826,53,3279.842353
287.57358,53,3280.092457
281.9651,52,3280.325399
278.91248,51,3280.603156
293.64664,54,3280.863593
277.9521,51,3281.106312
273.49664,50,3281.397771
276.75357,51,3281.62725
276.84717,51,3281.78075
272.47247,50,3281.863707
281.6568,52,3281.999258
297.59842,55,3282.268406
273.73853,50,3282.639829
286.3072,53,3282.867764
279.88892,52,3283.002035
267.4698,49,3283.097903
247.02396,46,3283.320654
280.53613,52,3283.668068
287.18173,53,3283.978613
267.36774,50,3284.573828
264.5124,49,3284.916524
266.7252,49,3285.529895
251.15192,48,3285.934606
273.95102,51,3286.40644
265.47888,50,3286.737664
252.23738,48,3287.175747
248.04018,47,3287.423555
284.05402,53,3287.862768
257.395,49,3288.115582
261.43738,50,3288.636532
271.2591,51,3288.919746
278.12527,52,3289.209217
245.37947,47,3289.764053
257.16956,48,3290.244164
256.5114,48,3290.530632
274.9902,51,3290.884017
263.4254,50,3291.251593
258.80505,49,3291.465118
287.43307,54,3292.087364
261.62894,49,3292.390586
265.51648,50,3292.490958
248.65904,47,3292.611233
263.50464,50,3292.953251
261.81393,49,3293.224933
302.03476,57,3293.640243
260.42307,49,3293.841629
270.2799,51,3294.123594
280.51868,52,3294.406098
273.81998,51,3294.606387
266.81625,50,3294.808231
261.50565,49,3295.045597
291.5559,54,3295.360721
271.02304,50,3295.677847
284.5923,53,3295.998614
269.93808,50,3296.465143
259.50125,49,3296.780268
268.05652,50,3297.25316
272.7288,51,3297.721085
270.8758,50,3298.095409
263.21075,49,3298.291617
262.67615,49,3298.484868
262.87186,49,3298.674032
269.76535,50,3298.771816
260.87402,48,3299.271214
274.2218,51,3299.56154
300.42612,56,3299.930587
246.99042,47,3300.412375
272.69357,50,3300.667461
253.86829,47,3300.850352
252.6928,47,3301.036526
263.79102,50,3301.123505
267.90277,50,3301.470157
252.43492,47,3301.613915
276.14093,51,3301.87407
233.85562,44,3302.080521
267.17877,50,3302.329719
238.68448,45,3302.503694
266.39496,49,3302.854349
284.79166,53,3303.051692
267.9029,50,3303.356507
270.11554,51,3303.865912
249.23169,47,3304.13377
264.21844,49,3304.675412
260.0951,49,3305.252048
244.95885,46,3305.587636
209.98737,41,3306.015904
253.88104,48,3306.509144
199.405,40,3306.990481
230.46504,47,3307.271272
249.63509,47,3307.681986
250.899,47,3307.867529
256.02408,49,3308.062616
261.10645,49,3308.288361
266.83,50,3308.53203
271.44147,51,3308.77997
264.77505,50,3309.090278
271.9225,51,3309.327426
270.92212,52,3309.541203
300.95435,56,3309.916104
243.9576,47,3310.27724
262.662,50,3310.527618
266.71756,50,3311.170209
266.96906,50,3311.344284
193.53229,38,3311.469831
276.44022,53,3311.676141
281.13074,53,3312.108018
267.2601,54,3312.523976
287.49924,53,3312.893151
270.77835,51,3313.219655
264.93594,51,3313.819805
287.16647,57,3314.328776
274.09995,57,3314.716255
282.10446,53,3315.089566
195.022,41,3315.369406
177.1144,38,3315.778652
220.95163,43,3316.105165
281.9588,52,3316.661708
199.71187,42,3317.064148
296.02133,57,3317.627049
284.06238,56,3317.950329
207.42169,43,3318.133237
308.01965,60,3318.416903
284.37128,53,3318.768828
290.68814,54,3318.940205
271.5163,51,3319.235368
281.42792,54,3319.635194
281.7375,56,3319.849145
282.8243,52,3320.232774
311.60223,61,3320.70637
318.12415,67,3321.097611
285.1484,54,3321.353666
298.89896,61,3321.553304
278.2878,52,3321.748948
288.8617,53,3321.993849
295.56906,55,3322.3507
294.9115,55,3322.691657
274.92725,51,3322.828996
291.17212,54,3323.285224
280.74734,52,3323.510405
292.62567,54,3323.810731
282.91125,52,3323.955879
291.1946,54,3324.120064
304.9871,57,3324.406384
289.4706,53,3324.664661
300.49142,56,3324.86515
304.6924,57,3325.151525
282.20145,52,3325.247846
299.6152,57,3325.446681
285.3622,53,3326.082215
283.25525,53,3326.317227
289.91138,54,3326.690396
278.79376,52,3327.323697
286.1571,53,3327.495861
284.3939,53,3327.828719
294.229,55,3328.521523
291.22443,54,3328.711925
280.67883,52,3328.838366
275.06613,51,3329.073731
273.24487,51,3329.370071
284.4478,53,3329.864763
276.177,52,3330.124918
253.70605,48,3330.228472
261.4186,54,3330.374043
273.29657,53,3330.855393
297.35135,61,3331.137454
143.7929,32,3331.25895
172.13544,37,3331.552285
125.427246,28,3331.640015
221.49194,44,3331.742904
210.90332,44,3331.947983
242.65009,50,3332.078696
321.6101,69,3332.616224
215.5538,42,3332.879865
289.17105,56,3333.011318
274.69922,51,3333.136517
301.59796,57,3333.246609
289.6653,54,3333.356775
401.2522,83,3333.642858
262.3486,49,3333.753647
309.77814,65,3333.901016
300.8548,58,3334.096809
249.76703,47,3334.217712
375.7342,73,3334.386876
302.529,57,3334.549307
293.72162,55,3334.677701
285.06497,53,3334.80029
273.95377,51,3334.925319
277.35883,52,3335.068429
275.1756,51,3335.29792
269.18228,50,3335.528573
283.25208,53,3335.700611
260.25537,48,3335.910565
254.7077,47,3336.02227
271.01065,50,3336.13875
269.40555,50,3336.300238
291.58005,53,3336.531344
283.3706,52,3336.638709
279.48016,52,3336.841952
260.0515,48,3336.973577
275.258,50,3337.128879
275.7338,51,3337.235165
282.84848,52,3337.397813
282.61716,52,3337.570349
279.5209,51,3337.914518
281.00558,51,3338.089227
278.0965,51,3338.238383
271.19006,50,3338.409883
275.01752,50,3338.540227
286.68054,52,3338.708055
276.2167,51,3338.848125
276.3551,51,3338.966102
270.54236,50,3339.073762
296.22855,54,3339.220419
307.82034,56,3339.440465
308.5856,56,3339.605342
303.83542,55,3339.792244
290.14188,53,3339.915491
305.59692,56,3340.109354
294.13928,54,3340.332622
263.80148,49,3340.585591
301.3658,56,3340.742238
306.97113,57,3340.990969
282.1251,54,3341.132641
311.91177,59,3341.25949
317.9633,58,3341.380272
286.93845,53,3341.543599
328.16888,60,3341.685627
315.0005,59,3341.806293
251.02766,47,3341.910438
293.8126,54,3342.037117
283.35342,52,3342.143658
306.18948,57,3342.309559
285.58603,53,3342.447548
279.76642,51,3342.542477
271.59714,51,3342.699946
297.40952,54,3342.852347
289.8783,53,3342.979485
264.85437,49,3343.167167
323.3017,59,3343.347646
337.78293,62,3343.557831
293.5244,57,3343.741123
282.01678,52,3343.867266
292.775,53,3344.022148
287.68338,52,3344.175888
265.67764,49,3344.27217
286.7027,53,3344.38378
289.10187,53,3344.601215
308.96085,56,3344.735373
327.86243,60,3344.866401
301.9479,55,3345.008779
327.62503,61,3345.234728
291.12283,54,3345.395094
305.08472,56,3345.567734
323.77454,59,3345.782845
312.03146,57,3345.935611
307.42184,56,3346.149563
350.60425,64,3346.299346
280.78317,52,3346.397271
285.7458,52,3346.510525
336.72134,62,3346.685051
327.63922,60,3346.801705
354.79092,65,3347.091753
338.44464,63,3347.335444
382.72714,71,3347.695312
354.83884,66,3347.990219
262.85007,49,3348.214039
322.5635,60,3348.34891
276.85846,52,3348.57652
279.027,52,3348.693359
286.29333,55,3348.884464
264.838,50,3349.080893
342.32916,65,3349.236448
307.57877,56,3349.405963
383.2726,74,3349.611903
344.06445,65,3349.901539
374.3442,71,3350.221239
303.45782,57,3350.378541
363.72055,70,3350.583832
274.68692,52,3350.964087
289.5056,55,3351.287838
218.85138,47,3351.528674
337.3459,62,3351.778373
316.1852,63,3351.999022
348.45227,65,3352.199074
273.26587,51,3352.363005
312.47473,59,3352.503979
321.04495,59,3352.640438
253.82529,53,3352.863081
319.85455,60,3353.110421
294.83115,57,3353.32379
275.46442,58,3353.567462
315.4482,59,3353.994735
303.97714,58,3354.218295
313.63596,62,3354.563784
301.49136,57,3354.756021
307.43347,59,3354.879132
287.2755,54,3354.97832
281.8037,59,3355.092153
385.13397,76,3355.303312
378.1956,83,3355.498816
384.2146,79,3355.659599
286.17288,54,3355.768119
359.08423,67,3355.911001
357.52545,66,3356.105051
326.54135,61,3356.305359
277.09256,52,3356.489136
490.3914,99,3356.854895
283.93277,53,3356.995938
324.63968,61,3357.190476
302.1231,56,3357.346448
286.6616,53,3357.474082
303.78693,57,3357.599895
313.6331,58,3357.756462
278.41418,52,3357.886196
261.51614,49,3357.985108
290.73416,55,3358.086862
284.37872,54,3358.219779
272.6614,54,3358.391569
281.62476,53,3358.49125
326.84836,61,3358.600936
385.35333,75,3358.805221
437.38742,88,3359.174512
276.60202,52,3359.470542
325.1264,63,3359.710967
266.1349,53,3359.856859
254.35962,48,3360.001424
283.8149,54,3360.182384
291.40167,55,3360.428396
265.18616,50,3360.567373
279.14954,53,3360.731886
281.39627,54,3360.863266
254.3593,55,3360.967403
310.20016,62,3361.106287
382.41525,74,3361.24056
428.63358,87,3361.420602
303.23685,61,3361.550593
490.23004,99,3361.789062
285.1285,53,3361.906502
345.12164,69,3362.064175
361.67365,67,3362.200093
324.09714,72,3362.370029
356.7679,80,3362.737211
237.74745,55,3363.000277
298.921,62,3363.228737
366.47482,78,3363.433909
355.5797,79,3363.693381
240.53644,53,3363.894047
377.04974,74,3364.119546
380.8151,74,3364.293586
409.78174,78,3364.468929
571.87476,110,3364.802294
310.9435,72,3364.995127
429.674,95,3365.274387
282.76196,59,3365.542936
341.10837,68,3365.849638
353.68045,68,3366.020339
420.96506,83,3366.24807
338.60092,64,3366.432766
384.1593,76,3366.656977
337.0542,62,3366.786105
320.59155,60,3366.926914
292.79492,55,3367.072408
273.43753,50,3367.17748
306.22955,57,3367.373613
256.3882,47,3367.524436
259.22858,48,3367.610287
313.06522,58,3367.77002
299.73285,56,3367.956601
269.23917,50,3368.058722
279.97845,52,3368.289715
269.32864,51,3368.459348
273.80515,51,3368.628946
315.61374,59,3368.802629
238.95439,45,3368.907259
290.02316,54,3369.130055
320.31964,60,3369.291765
243.08081,46,3369.448972
254.51456,48,3369.557399
278.32285,52,3369.741917
269.6215,52,3369.961797
245.35098,47,3370.073918
229.54388,45,3370.253561
245.41328,47,3370.444307
243.63847,46,3370.592791
234.6344,45,3370.80718
315.35538,61,3370.989104
244.55975,47,3371.163503
285.16638,55,3371.378617
258.18878,49,3371.558214
315.04147,65,3371.778469
231.35574,44,3371.902964
263.95563,51,3372.005917
271.6609,53,3372.184565
253.62823,48,3372.281378
252.78784,48,3372.455568
251.25575,49,3372.657989
246.12376,47,3372.827034
280.7886,54,3372.944991
242.38608,46,3373.091026
241.63791,46,3373.204554
252.87733,49,3373.345298
241.23749,46,3373.472166
253.71585,49,3373.646408
283.15512,54,3373.777012
237.37524,45,3373.954118
280.19315,53,3374.057204
269.29214,51,3374.21715
254.19516,48,3374.338291
256.92606,50,3374.457473
274.0216,53,3374.568212
246.81555,47,3374.680951
264.50806,51,3374.785419
287.8725,55,3374.909054
280.00668,54,3375.045445
313.69846,60,3375.266427
308.38394,60,3375.401142
322.82068,63,3375.706767
348.12875,68,3375.924678
362.3863,68,3376.202134
258.813,50,3376.329741
249.95517,48,3376.503132
333.00958,64,3376.670578
384.96555,74,3376.874224
339.25235,65,3377.015587
436.69827,83,3377.29723
394.32043,77,3377.574298
400.99313,86,3377.939497
413.98828,79,3378.331853
360.5132,68,3378.513914
326.13144,68,3378.77437
382.51688,75,3379.079066
416.5053,86,3379.437633
534.9279,104,3379.81139
508.9994,110,3380.206632
545.6514,114,3380.522576
382.2213,76,3380.853462
449.25482,85,3381.08413
539.8658,121,3381.506455
448.46783,104,3382.068773
420.5405,98,3382.393922
170.89262,40,3382.568236
257.56143,58,3382.746154
197.45474,47,3382.875017
341.68042,74,3383.033631
142.46542,34,3383.121534
169.79199,40,3383.203969
185.44904,42,3383.352911
167.79259,39,3383.484474
150.67282,35,3383.631404
480.4924,95,3383.93736
187.47363,44,3384.055991
239.3937,51,3384.152695
350.3973,74,3384.435833
519.52057,99,3384.811724
487.40488,100,3385.061599
393.6237,84,3385.294707
419.59015,79,3385.665225
345.12646,81,3385.987747
485.27844,96,3386.30744
307.93826,73,3386.570725
125.97268,29,3386.633232
343.5495,74,3386.953413
137.93204,33,3387.080031
388.90814,92,3387.313931
166.9725,40,3387.430588
350.5785,81,3387.843984
149.8657,35,3387.956107
178.45023,42,3388.079064
333.30478,67,3388.32468
356.74713,72,3388.631337
289.55457,57,3388.873834
301.03165,61,3389.05792
369.2096,82,3389.381148
599.37335,119,3389.847981
113.91649,27,3389.914565
442.529,99,3390.52678
244.17065,54,3390.705144
564.22064,127,3391.094001
638.1511,134,3391.412314
442.54495,86,3391.601955
422.46542,88,3391.801522
503.07452,104,3392.145584
479.27997,101,3392.389491
466.8103,91,3392.568012
449.82068,89,3392.794508
421.93622,84,3393.041012
374.57895,74,3393.255149
456.22775,87,3393.462907
340.37903,67,3393.610888
482.238,98,3393.829167
464.81546,91,3394.044898
378.11566,71,3394.188011
383.39243,74,3394.44777
230.91779,49,3394.580826
379.09616,71,3394.711266
523.95154,116,3395.036911
331.9808,77,3395.25392
525.9139,106,3395.511893
470.1469,92,3395.758789
394.7386,81,3396.113911
402.2917,79,3396.428108
452.15213,89,3396.673907
194.54108,45,3396.811445
181.65854,42,3397.01159
310.47504,67,3397.343617
142.27597,33,3397.55905
164.12325,38,3397.697895
240.01059,51,3397.930748
100.675476,20,3398.00364
251.84795,57,3398.171882
177.12834,37,3398.248232
130.22607,30,3398.301217
182.01091,41,3398.456176
183.56969,42,3398.549791
155.52919,36,3398.720747
120.404144,28,3398.880665
129.87129,29,3398.946378
129.33661,30,3399.030181
172.5644,39,3399.141352
103.411,24,3399.190332
151.94371,34,3399.298839
117.767006,26,3399.382266
140.4174,29,3399.442229
106.30057,21,3399.494121
110.05371,23,3399.548564
106.73391,21,3399.662853
89.57673,18,3399.709095
94.39286,19,3399.742599
110.772675,23,3399.809433
94.66791,19,3399.890352
100.87736,20,3399.924282
118.89612,25,3400.038693
122.792854,26,3400.11725
106.14725,21,3400.176688
115.914536,23,3400.217342
115.99652,24,3400.270027
111.67116,22,3400.317753
123.18222,26,3400.420707
129.36388,28,3400.478351
225.15971,50,3400.658914
302.53836,61,3400.829982
343.74304,67,3400.995298
397.67328,78,3401.267671
254.65253,50,3401.465742
403.28766,78,3401.639985
432.57614,86,3401.918621
192.87956,43,3402.082501
243.05739,52,3402.202741
375.0923,74,3402.364091
187.53099,42,3402.449449
344.48145,68,3402.864675
386.32758,75,3403.034159
380.1261,75,3403.295258
433.98837,84,3403.560705
369.81195,71,3403.728272
319.37308,61,3403.896156
408.561,79,3404.092515
279.16,57,3404.235275
271.74805,54,3404.372744
354.73413,67,3404.649677
347.00223,68,3404.856453
360.51453,68,3405.00642
571.94745,110,3405.328077
395.22833,74,3405.587569
339.0938,66,3405.761319
379.16385,73,3406.005976
390.44537,76,3406.207168
350.68314,68,3406.394521
379.57153,75,3406.637393
407.58643,78,3406.91089
357.94635,67,3407.184383
460.83075,87,3407.48959
371.0631,71,3407.965428
465.66925,91,3408.287068
413.47446,79,3408.460585
442.69852,83,3408.656383
395.93515,76,3408.862472
450.38785,88,3409.097236
359.96646,69,3409.250224
503.09964,97,3409.496169
402.38275,77,3409.727206
397.95706,75,3409.952432
357.46826,68,3410.151449
385.19742,75,3410.3454
335.91483,65,3410.59516
356.72418,69,3410.887217
496.66183,96,3411.16783
378.9085,71,3411.467113
385.06125,74,3411.70535
356.97415,67,3411.858599
470.05798,93,3412.160344
374.84286,72,3412.373183
387.1692,78,3412.724518
486.5001,94,3413.057719
369.29797,71,3413.243015
380.80396,73,3413.49331
375.2295,74,3413.80518
400.87408,78,3414.113317
439.9675,86,3414.55551
433.2796,84,3414.953155
505.72293,99,3415.451279
594.3147,116,3415.942738
442.4364,84,3416.263363
553.9858,112,3416.704567
418.4093,82,3416.977058
472.60516,92,3417.326972
459.262,91,3418.882353
335.7495,63,3419.147909
419.088,78,3419.528862
367.48953,72,3419.835971
381.8356,75,3420.280385
377.95892,76,3420.734563
431.09808,85,3421.007813
402.16397,77,3421.301329
458.10028,87,3421.643869
380.66183,76,3421.840237
445.11298,102,3422.182533
377.54825,73,3422.534981
397.75613,77,3422.847608
353.85318,69,3422.991066
523.04846,102,3423.259214
327.72977,64,3423.427967
349.5414,67,3423.636747
476.8907,91,3423.896837
367.68185,70,3424.135491
473.33453,99,3424.648217
559.5563,109,3425.044783
429.3383,84,3425.363347
412.60693,83,3425.615878
438.47498,88,3425.913797
433.67084,84,3426.215933
383.2945,81,3426.488975
503.12256,100,3426.773816
542.3502,106,3427.070627
417.20264,80,3427.305322
611.3303,120,3427.757025
409.43185,79,3428.050179
488.68356,96,3428.419678
452.5389,103,3428.825069
392.91,90,3429.156377
357.324,85,3429.607343
242.43623,57,3429.868566
139.49884,34,3429.95015
234.79085,53,3430.120234
520.7276,103,3430.572048
371.72583,87,3430.833039
492.69943,94,3431.077389
538.72485,107,3431.360229
353.6466,74,3431.56802
171.03326,41,3431.652708
329.22827,78,3431.860017
433.75742,98,3432.224206
522.1553,108,3432.581769
410.42407,79,3432.960761
584.4707,116,3433.512129
549.2452,110,3433.797044
446.6181,103,3434.100869
553.4209,116,3434.44245
443.73798,85,3434.738979
596.9806,122,3435.117646
525.9415,102,3435.511875
568.2064,115,3435.769364
465.32092,104,3436.019772
507.5159,98,3436.288263
385.58844,89,3436.561671
286.07034,67,3436.751868
163.52574,39,3436.853247
327.02344,72,3437.001296
508.4183,116,3437.262309
177.44168,42,3437.338587
467.4974,102,3437.872996
389.56558,77,3438.18252
359.9978,82,3438.374973
455.70596,97,3438.681356
569.97,111,3439.06107
317.53235,78,3439.250806
152.26178,37,3439.323129
552.62244,123,3439.745872
243.70468,57,3439.965909
101.46623,24,3440.00904
179.16704,42,3440.211844
165.9358,39,3440.296067
144.99146,35,3440.438526
266.38055,58,3440.640193
354.19608,84,3441.065444
392.12347,89,3441.272117
148.91212,36,3441.348856
309.08475,75,3441.541875
234.72058,53,3441.710393
453.96124,106,3442.040057
387.93933,91,3442.403386
391.35703,92,3442.643124
476.16202,92,3442.912714
356.93436,86,3443.174876
475.47366,104,3443.475715
389.7201,76,3443.813537
394.84128,79,3444.041793
465.97095,90,3444.422033
533.82404,107,3444.9796
361.60678,70,3445.162485
437.12964,86,3445.404091
483.16302,96,3445.640302
385.8645,74,3446.031523
379.12936,73,3446.41489
404.9655,78,3446.686326
351.59317,67,3446.975109
393.28024,75,3447.295122
398.94482,76,3447.628438
403.41162,77,3447.964642
437.9559,85,3448.252417
370.03854,70,3448.417256
387.12662,74,3448.61333
372.16992,72,3448.759485
365.12756,70,3449.083867
351.19043,67,3449.333894
464.09488,90,3449.626575
465.94186,92,3449.900185
462.54227,90,3450.244918
405.78345,77,3450.525057
409.68643,79,3450.740459
396.41327,75,3450.905001
365.21814,69,3451.156022
424.31485,81,3451.393689
450.2039,87,3451.820496
399.3222,76,3452.022926
581.0702,124,3452.329811
343.88635,67,3452.614514
360.17447,69,3452.959568
366.20987,69,3453.317986
324.37802,62,3453.473235
397.8034,76,3453.784433
382.59515,75,3454.077123
366.36063,72,3454.294138
462.6261,91,3454.684162
328.14905,65,3455.031898
368.3117,73,3455.175513
358.19928,69,3455.405973
552.93933,109,3455.883643
343.07925,65,3456.051076
378.9333,72,3456.364523
340.0558,65,3456.595834
230.05774,44,3456.728269
343.0706,65,3456.944942
351.9822,67,3457.265421
293.35443,55,3457.437365
224.8317,43,3457.603049
455.52658,88,3457.89634
333.07257,63,3458.110765
363.8522,69,3458.375216
293.79965,57,3458.605121
224.60898,43,3458.793716
345.54465,67,3459.052165
228.24968,43,3459.150673
571.24536,111,3459.628666
394.95654,79,3459.92732
499.11673,101,3460.218907
421.24097,95,3460.487576
510.50992,98,3460.766989
368.20563,72,3460.919176
354.96136,67,3461.080485
447.59656,84,3461.334845
307.367,59,3461.521714
396.82965,77,3461.713534
439.37283,87,3461.933442
359.74246,74,3462.152704
428.7151,85,3462.370998
353.4224,74,3462.617841
340.97598,71,3462.882422
315.70435,66,3463.091585
316.16092,68,3463.278731
376.13614,80,3463.513443
428.0048,85,3463.700357
349.85602,67,3463.877435
426.39233,87,3464.164508
320.64047,61,3464.376196
365.77228,74,3464.567023
329.8937,67,3464.761894
399.52667,76,3464.974892
429.8036,88,3465.361986
326.58362,66,3465.508681
329.47107,63,3465.711464
514.48956,102,3465.964364
291.39236,56,3466.080275
434.74725,83,3466.274108
416.18924,79,3466.464169
266.7037,54,3466.563677
444.72205,97,3466.806407
413.77878,81,3467.04346
341.1647,65,3467.214298
322.65634,60,3467.501506
362.39175,71,3467.871874
649.58044,127,3468.364463
578.19836,112,3468.784273
474.4853,98,3469.173438
357.63345,75,3469.565851
499.00735,98,3469.904821
463.033,89,3470.298142
463.66083,91,3470.74856
363.1094,69,3471.25082
397.9804,85,3471.463248
497.7358,99,3471.933483
453.5942,91,3472.169186
682.7732,137,3472.940264
393.4357,77,3473.301966
412.41943,81,3473.53022
344.68143,66,3473.762448
416.74268,79,3474.071671
757.28253,149,3474.556963
525.64355,102,3474.961236
514.3527,104,3475.357921
433.05524,85,3475.66455
350.0161,77,3475.963131
571.7416,111,3476.475923
494.8925,106,3476.917612
450.16815,95,3477.275183
351.17584,71,3477.623592
522.282,112,3478.067085
352.9442,78,3478.286824
564.7254,117,3478.579139
323.57654,71,3478.819591
352.75952,80,3479.031522
376.05737,83,3479.338405
508.17966,102,3479.756337
484.7567,96,3480.200352
408.50174,79,3480.570092
744.44574,154,3481.157562
478.66684,108,3481.461164
542.8189,118,3481.782449
548.51575,106,3482.22175
526.4695,101,3482.593781
562.0249,109,3482.960949
380.00983,71,3483.20194
395.02106,75,3483.533897
277.2097,52,3483.781979
282.24518,53,3484.0244
272.81598,51,3484.139568
262.24368,49,3484.263095
341.57178,64,3484.49916
275.64688,51,3484.700823
265.8458,49,3484.810302
443.7538,84,3485.061285
299.03677,55,3485.291547
301.8728,56,3485.441438
366.5761,68,3485.66308
402.33038,75,3485.937841
388.56226,72,3486.160436
416.06824,78,3486.396676
306.55133,56,3486.602015
358.569,66,3486.865637
447.98706,84,3487.033215
557.5834,110,3487.378062
419.9584,78,3487.764205
539.40515,111,3488.257065
341.07306,78,3488.623938
494.75415,107,3489.195976
348.16568,80,3489.578757
461.54492,88,3489.92508
378.44495,70,3490.191736
337.01257,62,3490.366067
663.45483,134,3490.873344
290.4227,53,3491.019235
387.78918,72,3491.223662
362.4338,67,3492.135366
374.51666,69,3493.113169
551.68756,118,3494.958956
310.0572,57,3495.404336
291.3348,54,3495.953393
316.38058,58,3496.485611
324.9271,60,3497.195909
442.21564,88,3498.003268
450.8007,85,3498.867012
400.1536,75,3499.762359
668.98346,133,3500.87493
597.95416,121,3501.905435
424.19205,80,3502.945674
436.66675,82,3504.351545
547.39685,113,3506.253577
411.1597,77,3507.827177
359.16626,82,3508.717777
350.49152,80,3509.387928
361.9887,75,3510.478861
497.51685,101,3511.462773
394.80338,74,3512.495535
395.6428,74,3513.12881
434.13705,95,3514.192864
464.3892,89,3515.273123
347.07764,79,3515.929997
439.16882,82,3516.520708
402.84058,76,3517.52918
331.02194,61,3518.578746
593.29047,127,3520.568392
287.15344,53,3521.289313
448.0442,99,3522.504303
316.43304,58,3523.101927
542.2972,104,3524.84294
500.3626,96,3525.768533
392.72046,73,3526.181339
343.2099,63,3526.736261
305.49258,56,3527.863749
303.87308,56,3528.458108
283.1463,52,3529.542572
297.98956,55,3530.282705
305.8172,57,3530.933963
231.07278,43,3531.365114
287.5374,53,3531.884674
379.43393,70,3533.046156
356.7726,66,3533.757753
362.5989,67,3534.525407
345.63043,64,3535.137805
409.49384,92,3536.265213
482.51923,91,3537.82845
339.07922,78,3539.116127
399.5252,74,3540.363256
363.171,84,3541.042041
487.32468,102,3541.873339
343.86545,79,3542.283284
365.74512,68,3542.912257
463.30286,102,3544.298617
442.91013,96,3545.521561
448.15485,100,3546.497687
508.58606,110,3547.866918
406.0403,93,3548.666161
374.8474,78,3549.720618
584.2405,123,3550.782782
524.2734,107,3552.260353
281.23175,63,3552.879136
262.03864,59,3553.287784
413.4191,88,3553.888711
264.9896,59,3554.865175
191.99245,42,3555.248716
530.35406,112,3557.185979
472.73398,97,3558.099111
498.16223,103,3558.710756
407.48764,81,3559.918816
527.62317,109,3560.499164
437.08203,98,3561.641382
302.25858,71,3562.051564
422.35077,79,3563.173704
499.54785,97,3563.983942
403.0466,75,3564.660915
327.66928,60,3565.369286
304.0948,56,3565.79637
575.50275,110,3566.806719
443.90002,97,3567.847885
296.26038,66,3568.542328
366.73395,84,3569.334695
544.0944,114,3569.997543
570.0396,113,3570.74248
475.6705,99,3571.788867
434.56137,94,3572.552933
406.17697,79,3573.21487
416.2131,93,3574.167919
375.4751,86,3574.551943
319.67352,59,3575.055715
456.14572,86,3576.278302
331.12616,61,3576.819022
386.7071,86,3577.767105
351.75674,65,3578.179941
345.47855,64,3578.822922
470.29364,89,3579.523681
297.31555,55,3579.987521
524.79285,100,3580.897973
395.28482,73,3581.732902
454.64984,85,3582.322032
431.02887,81,3583.346225
288.66495,54,3583.947124
413.9049,78,3584.806444
390.29834,86,3585.449214
293.58823,54,3586.161267
400.3118,75,3586.52532
559.0718,108,3587.318911
506.5558,103,3588.033568
406.32266,76,3588.749433
447.97803,85,3589.590447
278.88513,65,3589.93778
300.8964,70,3590.734662
416.04062,78,3591.329084
322.38675,74,3592.105618
388.07886,72,3592.747287
432.2815,97,3593.457675
476.63885,90,3594.175114
405.63663,90,3595.34252
480.68533,101,3595.912004
467.0873,101,3596.494101
395.40424,90,3597.095008
492.68787,108,3598.174465
356.06546,82,3598.670192
471.5925,89,3599.416841
475.88675,90,3600.448972
550.1468,107,3601.143696
518.21094,98,3602.07627
432.63092,94,3602.483253
486.52274,92,3603.279764
448.9856,84,3603.980238
428.01785,97,3604.964413
357.93307,66,3606.085172
315.6883,58,3606.532181
436.7182,98,3606.924565
366.68835,68,3607.107755
395.00488,73,3607.30377
330.43558,61,3607.426957
369.75662,84,3607.656984
604.6199,126,3607.951391
362.886,67,3608.07563
570.9098,121,3608.310121
356.1236,82,3608.498763
529.0598,115,3608.717316
381.0322,88,3608.884441
401.85944,92,3609.054108
376.51715,86,3609.23659
441.00345,83,3609.412534
446.61084,84,3609.594395
446.28943,102,3609.797775
420.88663,95,3609.994333
445.7797,84,3610.159326
272.7083,50,3610.245347
388.0325,72,3610.36791
454.49753,85,3610.519676
336.71112,62,3610.649017
320.987,59,3610.783456
320.99246,59,3610.886928
512.5334,99,3611.066937
357.76837,66,3611.189068
481.18457,108,8196.903153
417.4479,92,8197.262089
568.01855,114,8197.907773
373.14203,69,8198.241866
514.6119,97,8198.703755
311.35013,57,8199.11493
315.90643,58,8199.429622
285.66217,53,8199.69114
315.25366,58,8200.048108
493.9441,93,8200.858954
371.89716,69,8201.096786
316.01205,58,8201.422056
354.5515,65,8201.763134
295.50668,54,8202.133465
300.95242,55,8202.697271
281.45236,52,8203.053906
279.47852,51,8203.444867
290.03516,53,8203.683061
271.80585,50,8203.950396
274.80508,51,8204.258087
291.8125,54,8204.547175
292.1008,54,8204.859141
281.91754,52,8205.102016
278.64905,51,8205.449298
304.5921,56,8205.776586
340.49667,63,8206.263411
291.02905,54,8206.721335
275.43512,51,8207.123663
287.70444,53,8207.517242
302.1781,56,8208.000957
274.20514,50,8208.270792
284.1757,52,8208.639188
285.6544,53,8208.982659
286.82968,53,8209.237682
279.70026,51,8209.40042
284.12076,52,8209.747946
283.97372,52,8210.046761
286.92825,53,8210.385809
280.8209,52,8210.80081
287.77106,53,8211.059241
291.5069,54,8211.38442
274.20892,50,8211.572854
259.66183,48,8211.932199
270.73386,50,8212.309115
285.32407,52,8212.562305
286.04596,53,8212.888144
289.74884,53,8213.133278
281.52893,52,8213.419003
271.42212,50,8213.945389
292.30243,54,8214.258947
281.32797,52,8214.500047
280.70294,52,8214.722952
414.22406,77,8215.489792
297.30896,55,8215.96153
284.12036,52,8216.349416
295.50385,54,8216.596774
290.34714,53,8216.882253
330.4251,61,8217.551111
366.67978,68,8218.213908
300.12637,55,8218.746856
299.63275,55,8219.098813
474.92484,89,8220.002372
275.2525,51,8220.595877
311.70468,57,8220.983909
468.58322,103,8221.464994
353.04083,65,8222.176913
464.9059,100,8222.510941
423.65637,79,8223.286108
543.7376,118,8224.710613
373.97803,69,8225.545
392.72894,92,8226.274076
471.93225,89,8227.003832
466.03693,103,8227.754589
509.08084,111,8228.603338
444.48578,83,8229.178959
461.73782,102,8229.620873
656.0576,133,8230.300301
409.69928,92,8230.804028
523.8425,100,8231.083408
286.17307,53,8231.463022
497.6721,95,8232.060485
676.34735,131,8232.552391
474.35666,89,8232.930861
447.50235,84,8233.283251
608.1221,125,8234.07789
430.95856,98,8235.09573
524.4958,102,8235.798789
640.05566,125,8236.907933
387.34515,89,8237.817258
453.38104,102,8238.496105
617.3586,123,8240.148317
249.3179,49,8240.460412
537.79156,120,8241.296097
462.2895,98,8241.714639
616.2092,133,8242.245055
431.36798,88,8242.514611
223.84402,51,8242.658524
260.91013,58,8242.864346
389.13925,86,8243.187967
540.8018,121,8244.307765
429.3217,100,8245.273516
432.97836,99,8246.468316
322.4659,71,8247.379622
166.83148,33,8247.649063
208.4613,42,8248.009024
187.33713,39,8248.47258
291.00714,60,8249.070708
288.5618,65,8249.777757
336.3345,78,8250.302484
355.08844,81,8250.978543
577.8714,115,8251.377167
367.53738,86,8252.335796
278.2584,62,8252.990565
288.14685,67,8253.665179
358.25278,83,8254.75162
447.10254,99,8255.778285
549.46204,108,8256.635211
250.95778,53,8257.295365
217.67168,44,8258.021062
194.48854,44,8258.490362
405.28644,87,8259.092059
529.84814,110,8259.624529
650.8308,146,8260.10587
445.30417,93,8260.697328
384.1184,71,8260.992238
544.54846,118,8261.386487
361.31836,83,8261.886854
272.64035,51,8262.338363
450.20245,97,8263.040734
248.49284,54,8263.420218
254.48724,59,8264.00883
362.3626,74,8264.52117
241.33144,50,8264.929473
385.83197,72,8265.538704
385.6758,72,8266.087699
312.14972,70,8266.503758
348.165,74,8267.053591
386.58997,88,8267.370196
368.20358,85,8268.049184
229.30476,48,8268.219343
422.96768,79,8268.811274
427.4642,80,8269.32719
439.79437,82,8269.940111
551.0685,116,8270.576741
292.08,61,8271.173759
256.5393,57,8271.502958
514.41956,98,8271.970392
388.75528,72,8272.889056
614.43475,118,8273.979447
284.3869,61,8274.462093
435.11438,99,8274.824841
367.3443,85,8275.260405
149.80865,30,8275.419379
325.80817,71,8275.678489
181.86612,35,8275.984685
289.23978,64,8276.409567
385.7574,88,8276.871731
259.8084,58,8277.26135
295.38834,64,8277.853225
277.10828,62,8278.120898
370.48898,85,8278.386229
236.70064,45,8278.567477
219.18893,50,8278.898598
194.1527,43,8279.299959
301.60883,67,8279.71324
276.08423,60,8280.063295
492.251,93,8280.86837
522.5151,100,8281.388329
498.36087,95,8281.897267
481.30136,91,8282.296256
367.5707,68,8282.642086
610.6004,119,8282.989102
282.25836,52,8283.320201
278.2776,65,8283.857081
369.05466,68,8284.55247
299.47894,55,8284.847728
253.2392,59,8285.286965
299.1622,69,8285.717882
478.20084,90,8286.189064
434.09613,81,8286.51125
401.8975,75,8286.898123
305.24338,56,8287.281503
369.34125,68,8287.974503
287.32538,53,8288.679628
282.01538,52,8289.102863
400.0113,74,8289.436714
545.4834,104,8289.946236
523.16846,100,8290.426744
313.6088,58,8290.886342
282.8077,65,8291.093685
238.19168,47,8291.292307
301.43527,70,8291.517698
404.74707,76,8292.09193
513.0778,98,8293.092828
276.5167,59,8293.525844
419.7875,96,8293.918549
293.64853,54,8294.241623
453.82196,85,8294.637091
276.83182,51,8294.996804
270.41367,50,8295.320027
547.2198,105,8295.857641
499.95004,104,8296.635235
262.27084,52,8296.835262
262.88693,59,8296.985214
336.63608,74,8297.958295
221.2352,50,8298.104306
158.46169,32,8298.199416
297.02316,66,8298.47829
312.28836,66,8298.748652
359.41583,79,8299.426171
457.4489,86,8299.827725
516.66156,98,8300.043234
540.44824,106,8300.66555
285.44675,52,8301.069601
294.18506,54,8301.228822
294.41904,54,8301.490666
311.75778,57,8301.750018
362.5994,67,8302.109004
300.99188,55,8302.348289
279.21237,51,8302.634874
288.85004,53,8302.835647
401.20105,75,8303.518812
315.75635,58,8303.968367
282.1279,52,8304.236151
282.6825,52,8304.384113
281.87195,52,8304.647758
289.56238,53,8305.203115
278.57562,51,8305.49116
292.5022,54,8305.701205
286.60013,53,8305.926745
265.88132,49,8306.223072
294.10248,54,8306.60102
390.04776,72,8306.992825
506.90176,96,8307.864785
442.22607,83,8308.344431
245.96002,56,8308.568101
300.4596,69,8309.229812
383.17087,88,8310.416516
598.27295,115,8311.772191
398.789,74,8312.429224
484.907,92,8312.789782
497.94272,94,8313.881811
358.12332,66,8314.505164
279.4066,51,8315.007
298.2291,69,8315.486274
290.1765,53,8315.734107
357.56244,66,8316.267184
592.75244,118,8316.992386
371.73526,69,8317.158298
207.25143,41,8317.260684
446.56403,84,8317.564958
460.06036,86,8318.587788
394.9967,89,8319.021418
233.23611,52,8319.504564
246.74652,54,8319.905924
278.12598,66,8320.330558
399.24384,89,8321.629789
537.0156,104,8322.341944
407.9221,76,8322.909924
321.2621,59,8323.420789
236.77768,52,8323.79845
605.58606,117,8324.682259
281.45258,52,8325.101293
353.35388,80,8325.649119
339.88464,79,8326.211486
384.76016,86,8326.386718
195.20012,39,8326.49299
265.78268,52,8326.638804
296.4832,69,8327.160387
294.52933,63,8327.65204
179.32092,41,8328.119296
188.95164,37,8328.399545
194.76736,45,8328.747113
141.25874,27,8329.378015
135.06345,26,8329.715726
107.11464,21,8329.830229
188.88298,37,8330.19639
125.67123,24,8330.347861
118.4575,23,8330.431959
147.7483,28,8330.777916
124.12832,24,8331.063167
134.74695,26,8331.318512
160.9462,32,8331.72685
146.24498,29,8331.874832
136.60924,27,8332.004229
206.67915,45,8332.634058
178.40105,34,8333.015708
213.79497,42,8333.27132
170.81311,34,8333.591978
156.50003,31,8334.00636
138.36569,27,8334.135024
141.73813,27,8334.232628
157.6405,30,8334.4162
275.7983,61,8334.705634
485.97983,99,8335.308664
324.80707,75,8335.718018
499.43008,95,8335.968596
254.46222,55,8336.120172
202.87614,44,8336.360799
460.00693,86,8337.046487
276.76746,51,8337.370094
272.36554,50,8337.640311
276.19983,51,8337.975533
295.80304,55,8338.422169
284.6998,52,8338.726459
285.8277,53,8338.98601
287.15906,53,8339.42469
288.0228,53,8339.689139
281.11652,52,8340.014594
288.41943,53,8340.301419
286.68622,53,8340.420847
280.11496,52,8340.902307
281.5111,52,8341.15526
272.5149,50,8341.334797
275.67276,51,8341.508999
292.95917,54,8341.872281
290.91928,54,8342.131837
280.61298,52,8342.456399
285.89343,53,8342.700501
270.10934,50,8342.985057
286.14838,53,8343.150106
291.73257,54,8343.318277
280.34497,52,8343.560333
291.01886,54,8343.732552
275.25415,51,8344.010413
275.1452,51,8344.437879
276.7154,51,8344.819551
271.1424,50,8344.929571
275.58798,51,8345.044774
286.00125,53,8345.652455
276.5534,51,8346.022978
280.94882,52,8346.230778
276.50626,51,8346.471868
295.79312,54,8346.745584
300.63297,56,8347.024434
271.01843,50,8347.281307
270.05896,50,8347.491872
280.77142,52,8347.755494
285.17972,53,8348.140858
293.73126,54,8348.476233
291.5188,54,8348.747072
291.69977,54,8349.31457
276.73206,51,8349.835341
271.1357,50,8350.170887
269.80698,50,8350.510551
275.49374,51,8350.789637
285.95828,53,8350.943295
296.86893,55,8351.144359
271.27988,50,8351.257617
287.23276,53,8351.40695
279.47766,52,8351.667509
319.62793,59,8351.970688
270.91125,50,8352.281108
282.8928,52,8352.545412
270.382,50,8352.682919
303.50552,56,8352.891631
266.61652,49,8353.032426
258.3812,48,8353.236118
268.4938,50,8353.380715
265.8106,49,8353.706986
260.4131,49,8353.87299
268.2248,50,8354.22693
288.1524,54,8354.521573
268.39453,50,8354.713974
243.81317,46,8355.002493
284.98843,53,8355.171255
278.8722,52,8355.355186
253.39726,47,8355.618203
264.43738,49,8355.873817
270.37994,50,8356.078577
297.15518,55,8356.451234
275.59177,51,8356.647336
255.51897,47,8356.874275
269.01825,50,8357.136368
321.70087,60,8357.499608
275.64685,51,8357.647932
301.0855,56,8358.049355
297.03754,55,8358.481282
263.60022,49,8359.19505
498.3606,97,8359.95677
437.1321,84,8361.129617
313.9371,59,8361.433652
496.38467,99,8362.244029
366.56274,84,8363.151912
388.6996,76,8363.744287
270.43964,63,8363.889821
134.9435,26,8364.081303
282.38498,54,8364.423803
641.00836,144,8365.162425
325.7081,62,8365.298479
485.7976,94,8366.025961
450.3214,88,8366.681319
491.61343,96,8367.627615
340.32257,66,8368.047323
239.53145,45,8368.398545
261.16742,50,8368.856044
416.5792,81,8369.894834
431.19925,84,8370.494989
248.84618,47,8370.917017
379.763,87,8371.186112
302.62622,59,8371.515612
360.88715,68,8372.097347
259.53128,49,8372.490864
406.50317,77,8372.792726
301.27795,57,8373.101092
253.33148,48,8373.258465
284.30414,54,8373.442034
239.41753,45,8373.641726
247.41006,47,8373.732018
545.9897,109,8374.409733
343.73102,65,8374.739754
266.98822,50,8374.957649
331.97894,62,8375.163289
326.56946,74,8375.462502
365.40186,69,8375.882947
196.52516,40,8376.448725
309.54224,72,8376.746854
305.6214,66,8376.989165
310.80103,72,8377.380673
471.06406,103,8378.748817
358.80768,68,8379.514899
446.14365,84,8380.488242
236.11774,48,8380.871306
257.1413,48,8381.191031
376.9437,71,8381.499453
239.75662,45,8381.668428
298.95563,56,8382.304896
581.33984,112,8383.31252
260.07492,49,8383.623848
258.98096,49,8383.938181
276.38608,52,8384.053488
262.64722,49,8384.275131
271.81134,51,8384.523333
239.42006,45,8384.894115
442.67413,84,8385.412869
590.42633,114,8385.651175
451.71512,86,8385.854858
392.3751,75,8386.085652
616.3102,128,8387.301412
300.674,70,8387.709212
281.41647,53,8387.975787
379.4235,88,8388.514247
296.1878,55,8388.88168
348.13718,65,8389.117626
390.92166,74,8389.401916
283.40198,52,8389.966256
481.93365,92,8390.438695
587.2125,132,8391.235649
431.7748,82,8391.596769
305.2337,58,8391.726367
482.9804,109,8392.133337
389.8256,73,8393.068139
398.12674,92,8393.749288
524.4409,100,8394.531248
293.71033,65,8395.243622
372.86902,70,8395.691137
446.50348,84,8396.212349
297.34464,56,8396.664924
474.60126,92,8397.558315
345.11737,80,8398.424737
679.7897,143,8399.48109
226.16673,48,8399.699942
558.836,110,8400.750971
277.40735,62,8401.116049
346.02264,65,8401.742893
272.1737,62,8402.27801
321.23157,61,8402.78621
453.107,87,8403.217409
392.05713,74,8404.289878
297.2248,56,8404.648712
338.89493,78,8404.996635
355.20633,67,8405.595759
399.71466,85,8406.415044
364.2921,69,8406.950486
292.40784,55,8407.448725
346.40256,67,8407.700258
378.78595,72,8408.536115
470.9846,108,8408.836046
378.36884,73,8409.132152
300.38013,68,8409.733269
277.1758,60,8410.436463
442.2393,93,8411.593276
325.41855,75,8412.789246
335.08173,63,8413.030094
567.8949,129,8413.720362
492.99713,95,8414.138303
501.91336,98,8414.890365
360.08246,83,8415.240081
436.50565,102,8415.504418
603.45593,132,8416.373401
266.48166,63,8416.761445
341.6149,65,8417.16211
344.79367,78,8417.608005
317.8041,60,8418.006402
418.51956,93,8418.716599
536.2211,108,8419.276055
437.7302,86,8419.576876
285.5122,55,8420.184029
377.1986,74,8420.975457
258.67062,50,8421.780462
264.92758,51,8422.210792
644.58484,149,8424.350773
251.7659,48,8424.636681
228.5239,44,8425.087428
322.4028,62,8425.64473
222.28485,43,8426.236531
239.68077,46,8426.428324
293.2808,57,8426.816399
225.06416,50,8427.003605
250.37373,58,8427.161054
319.99026,61,8427.356281
282.2925,54,8427.857485
439.76678,87,8428.662162
384.96854,74,8428.979939
331.98508,73,8429.27831
375.80548,86,8429.694489
390.58002,88,8430.397808
389.91153,87,8430.930233
313.91464,73,8431.616524
212.56844,45,8431.926904
435.3674,96,8432.674197
170.23329,36,8432.95794
211.79065,44,8433.158822
443.69537,85,8433.575303
359.71985,69,8434.415872
464.90707,88,8434.974818
474.30832,108,8436.045037
410.20953,80,8436.88947
574.8627,116,8437.496526
579.046,116,8437.988484
331.50467,77,8438.573119
257.39163,58,8438.759953
408.8616,77,8438.939707
393.7933,74,8439.380025
501.44397,115,8440.014922
523.2907,101,8440.560966
618.17725,136,8442.017988
350.57425,82,8442.466611
441.02017,85,8443.454722
501.07056,115,8444.377267
400.11716,92,8444.987554
463.1443,91,8446.009703
279.48508,53,8446.396368
391.26514,76,8446.820982
281.29855,64,8447.058587
349.08817,83,8447.825952
189.44252,42,8448.04882
101.26243,20,8448.085228
110.143234,25,8448.140767
107.93205,21,8448.189005
109.25123,21,8448.225799
82.808815,17,8448.247781
115.87898,22,8448.309742
83.26024,17,8448.359781
76.921196,16,8448.416697
76.82727,16,8448.45842
78.02771,16,8448.503432
77.70392,16,8448.583757
110.7525,21,8448.63307
76.9657,16,8448.654647
77.986534,16,8448.686943
76.99737,16,8448.770978
77.76133,16,8448.850001
75.80703,16,8449.044563
71.570404,15,8449.063997
76.43102,16,8449.199276
77.349144,16,8449.427694
77.45264,16,8449.583094
70.87869,15,8449.836671
78.07337,16,8449.8691
90.7504,18,8449.949002
97.07157,19,8450.051517
83.47672,17,8450.165627
84.43457,17,8450.25519
84.36393,17,8450.358782
77.97369,16,8450.649849
84.393906,17,8450.671673
97.595,19,8450.762614
84.616486,17,8450.834677
84.39453,17,8450.919415
116.07162,22,8450.998271
97.35248,19,8451.152059
90.83043,18,8451.445687
91.493965,18,8451.538556
97.55342,19,8451.604211
77.93174,16,8451.670224
77.47342,16,8451.701797
78.35088,16,8451.789044
76.53932,16,8451.875049
77.00774,16,8451.975384
77.44727,16,8452.074782
84.1461,17,8452.187965
76.70173,16,8452.2077
76.77907,16,8452.292754
70.96219,15,8452.316398
76.93867,16,8452.465835
84.78469,17,8452.816948
78.29709,16,8452.835795
83.532394,17,8453.1621
77.926956,16,8453.333156
109.63895,21,8453.395102
96.242386,19,8453.633854
83.84672,17,8453.709913
96.66206,19,8453.760995
103.66085,20,8453.859416
84.33828,17,8454.004513
97.08307,19,8454.146225
84.02595,17,8454.166561
77.78944,16,8454.250065
77.87804,16,8454.383965
91.154175,18,8454.474422
84.1323,17,8454.620191
77.335846,16,8454.784706
77.27308,16,8454.811181
96.49959,19,8454.943741
77.0486,16,8455.022049
83.59068,17,8455.062669
90.71827,18,8455.154904
97.981636,19,8455.246363
77.37925,16,8455.299993
116.21699,22,8455.501039
77.61459,16,8455.624309
102.86365,20,8455.708006
83.11747,17,8455.735222
97.88998,19,8455.823073
90.661835,18,8455.87378
116.263245,22,8455.969441
83.59169,17,8456.008761
89.75041,18,8456.088276
76.982834,16,8456.19483
84.154305,17,8456.292737
77.136086,16,8456.404842
128.70944,24,8456.4809
103.21181,20,8456.510346
102.65646,20,8456.548829
108.432526,21,8456.586567
108.57564,21,8456.62389
120.747795,23,8456.671483
109.79329,21,8456.794037
109.24742,21,8456.991773
114.8527,22,8457.096343
114.778595,22,8457.211029
96.66455,19,8457.32388
135.09053,25,8457.47788
110.25507,21,8457.55485
128.87032,24,8457.630276
90.7242,18,8457.659451
89.44916,18,8457.687622
115.834435,22,8457.785296
128.22821,24,8457.86204
90.2233,18,8457.906627
90.51306,18,8457.955001
90.73385,18,8458.039297
91.15125,18,8458.144037
96.974174,19,8458.281884
90.4952,18,8458.330926
90.61351,18,8458.393626
97.55495,19,8458.466173
104.0374,20,8458.563053
97.111275,19,8458.733974
97.5165,19,8458.829489
83.951256,17,8458.882944
97.31235,19,8458.938633
97.65386,19,8458.998283
84.02351,17,8459.065741
84.09782,17,8459.108372
109.99046,21,8459.248843
97.307816,19,8459.313795
104.011826,20,8459.428488
104.124916,20,8459.552805
103.45567,20,8459.702397
97.91814,19,8459.820479
90.67583,18,8459.931447
104.052055,20,8460.023264
103.94949,20,8460.177471
132.09329,25,8460.404399
125.9481,24,8460.52037
89.296455,18,8460.585859
130.50935,25,8460.661498
108.536545,21,8460.837458
146.98656,28,8461.027838
134.1502,25,8461.168068
120.31816,23,8461.322509
158.27228,29,8461.431853
126.641,24,8461.547633
120.81815,23,8461.745002
140.78453,27,8461.882643
130.82613,25,8462.01187
146.75499,28,8462.292294
108.21645,21,8462.423873
199.98413,40,8462.74185
147.86652,28,8463.016512
164.61934,37,8463.567837
448.0905,105,8464.159068
321.8183,69,8464.559302
411.41754,88,8465.23756
483.95596,107,8466.058982
307.99182,58,8466.450722
342.86554,65,8466.866406
264.23727,60,8467.482444
475.50165,94,8467.851933
274.91034,61,8468.067786
449.9427,92,8468.809301
630.72363,130,8470.123739
393.64322,91,8470.988762
364.9162,72,8471.618954
363.94247,84,8472.336723
397.25424,77,8472.874237
391.07486,91,8473.314344
434.3475,83,8473.708499
378.95728,71,8473.970917
514.26337,98,8474.422806
396.76437,74,8474.826791
489.51215,93,8475.390185
407.15707,76,8475.769742
522.3056,100,8476.376275
460.65323,87,8476.733717
454.3875,86,8477.017765
422.46332,79,8477.447139
366.21133,80,8478.093276
443.89368,84,8478.596966
307.43503,57,8478.728891
254.31477,59,8478.937336
477.0634,92,8479.53941
361.4114,80,8480.090909
426.1362,80,8480.636175
271.40555,50,8480.893309
276.42252,51,8481.13677
308.6882,57,8481.549421
348.71594,65,8481.790565
576.9104,112,8482.113363
248.87677,58,8482.321549
368.48245,69,8482.501621
351.0234,65,8482.867884
584.8746,115,8483.241844
369.83902,69,8483.631663
240.99146,45,8484.052738
313.4172,58,8484.39567
361.34668,68,8484.613581
233.60037,50,8484.884382
291.7491,55,8485.454439
215.90254,47,8485.679994
639.3944,127,8486.719372
352.3799,66,8487.017931
389.27234,73,8487.93143
481.5728,94,8488.418536
847.87946,174,8489.684129
356.68304,69,8490.257207
490.54822,97,8490.819926
245.86397,54,8491.185684
369.53207,81,8491.673888
264.93198,50,8491.788306
467.41885,106,8492.303126
311.9523,68,8492.651438
219.31064,47,8492.801071
272.1895,62,8493.265158
542.46643,108,8493.9189
369.88303,79,8494.542757
438.24777,101,8495.796474
536.5794,104,8497.195451
320.9669,60,8497.745203
300.34256,71,8498.30995
336.55328,76,8498.721604
810.7159,162,8499.984924
389.78604,76,8500.814415
389.94946,83,8501.000794
622.9399,123,8501.960993
291.601,63,8502.136893
380.18478,84,8502.47426
465.57886,90,8502.909572
283.08865,66,8503.251093
309.59705,71,8503.745232
410.5892,92,8504.445038
727.261,146,8505.789758
487.64456,109,8506.517055
430.0422,84,8507.398096
464.11414,104,8508.074169
466.65845,106,8508.923949
449.18677,103,8509.774897
438.27667,86,8510.553813
334.571,65,8511.151249
338.22324,71,8511.316153
413.93152,79,8511.943659
362.78745,69,8512.535723
355.62012,68,8512.933216
313.97937,60,8513.268698
366.88205,71,8513.862285
248.4412,47,8514.00966
571.7582,113,8514.604125
274.04028,52,8515.186388
324.51425,62,8515.626626
284.37643,66,8516.155666
308.68243,59,8516.675726
363.02756,69,8517.500726
245.8916,46,8517.860908
340.75378,78,8518.71539
240.86833,56,8519.59802
244.35564,56,8520.341422
464.38376,88,8520.90236
311.5573,65,8521.080942
447.5361,88,8521.591783
356.17307,81,8522.034805
392.9926,76,8522.297667
398.98532,87,8522.920177
407.6118,78,8523.441645
359.23923,83,8524.219602
267.50003,52,8525.075019
286.6665,67,8525.588097
355.75525,67,8526.169717
469.2356,91,8527.199283
255.67282,48,8527.772441
231.07565,43,8528.017575
225.7369,42,8528.237418
196.69586,37,8528.316508
191.13321,36,8528.568002
200.20807,38,8528.686715
223.7705,42,8528.826221
211.45424,40,8529.00852
195.4314,37,8529.178813
230.75063,43,8529.442709
201.77802,38,8529.675775
201.2161,38,8529.822433
236.75551,44,8530.045752
224.91461,42,8530.321985
231.43001,43,8530.539977
236.13696,44,8530.650598
225.33205,42,8530.854009
274.82468,52,8531.103769
239.88197,45,8531.528746
235.29681,45,8531.777103
218.50055,42,8531.909498
229.03285,44,8532.075642
301.47113,58,8532.4424
231.17775,44,8532.585236
232.60243,44,8532.778399
215.9505,42,8532.921327
237.61378,45,8533.050057
229.282,43,8533.239045
253.04228,48,8533.756613
236.91441,45,8534.054786
248.23763,47,8534.203485
247.27777,47,8534.601721
264.82925,50,8535.036615
264.27737,50,8535.49068
262.7681,49,8535.864496
238.06027,45,8536.064701
235.52708,44,8536.387234
247.64273,46,8536.91402
244.14629,45,8537.215959
223.66055,43,8537.865202
236.80325,45,8538.419413
250.63394,47,8539.06349
238.7336,45,8539.487844
230.31848,43,8539.791421
216.96075,41,8539.979225
272.46497,53,8540.189229
235.22896,46,8540.596015
236.5801,46,8541.022219
298.04233,58,8541.585412
241.68433,46,8541.812534
229.8483,44,8542.033059
251.20572,49,8542.195737
254.38728,50,8542.742839
228.71648,44,8542.935111
316.5609,61,8543.472611
387.94086,86,8544.127111
270.74835,53,8544.371305
423.5089,98,8544.74597
303.4419,59,8545.125697
240.80356,47,8545.467944
324.2461,64,8545.866922
340.75983,67,8546.258436
334.61377,66,8546.873988
240.21535,46,8547.122485
324.9622,70,8547.706188
362.20932,78,8548.193304
454.62372,90,8549.430766
235.66823,46,8549.666013
371.53973,87,8550.441745
605.9338,125,8551.544452
343.3451,75,8551.971148
286.55637,63,8552.438774
100.941574,20,8552.710258
166.958,35,8553.243978
243.50945,52,8553.631086
207.50104,46,8554.186521
559.21826,125,8555.303116
410.23572,83,8556.096134
256.3619,54,8556.501488
226.4773,49,8556.630141
242.63852,48,8556.800589
411.92996,95,8557.348175
226.06622,50,8557.744085
387.05075,84,8558.481455
218.0554,46,8558.665595
538.62537,119,8559.41743
366.64764,77,8559.784801
285.0887,64,8560.170969
657.9977,138,8561.275292
307.08325,60,8561.652033
437.50653,100,8562.074891
281.4941,55,8562.584311
326.35233,65,8563.166833
283.4782,55,8563.313877
326.82352,65,8563.609434
392.1733,88,8564.266564
364.0658,72,8564.840361
346.25168,68,8565.42285
235.45279,46,8565.865033
401.1712,80,8566.646844
321.44998,64,8567.110502
440.2354,103,8567.741315
371.60132,73,8568.467529
362.57626,72,8569.095354
314.10376,61,8569.608656
357.94653,71,8570.032538
275.59988,53,8570.143088
257.8409,50,8570.466769
246.59407,47,8570.76241
257.72562,49,8570.984935
228.96115,44,8571.147338
391.34207,77,8571.365934
225.69962,43,8571.491551
224.24023,43,8571.676119
238.67279,46,8571.912419
217.39232,42,8572.046783
301.80246,59,8572.502227
399.10046,79,8573.073957
494.55435,98,8573.820647
238.89236,46,8574.154316
218.16136,42,8574.384995
326.07803,63,8574.787457
259.47275,49,8574.974773
228.51337,44,8575.139328
349.51224,69,8575.322329
357.7164,72,8575.869274
382.04712,76,8576.539585
402.84637,94,8576.988805
292.88867,57,8577.590302
608.5206,124,8578.0848
194.7281,44,8578.375766
454.84183,91,8579.08308
265.4476,51,8579.332356
410.4954,82,8580.35015
291.09848,56,8580.492628
417.65613,81,8581.611058
371.33502,74,8581.781414
242.95871,46,8581.977735
288.3828,56,8582.131726
228.57814,44,8582.395962
379.40732,75,8582.710889
211.08548,41,8582.997494
408.77496,80,8583.308749
257.94183,50,8583.52744
309.30548,60,8583.746692
212.41849,41,8583.914049
237.38043,46,8584.138591
225.28687,43,8584.296963
253.90913,48,8584.513859
218.20016,42,8584.729966
283.2102,66,8584.934028
344.49155,67,8585.147161
423.26004,85,8585.482091
274.33896,53,8585.689929
334.93027,66,8586.187201
259.52283,49,8586.514301
289.5894,56,8586.833676
291.5441,57,8587.231719
292.86768,57,8587.469003
351.89423,69,8587.735885
291.68414,57,8588.07609
348.80048,67,8588.558814
284.03546,55,8589.04569
370.98413,72,8589.292042
275.4808,52,8589.503892
276.38953,52,8589.953237
347.3057,68,8590.331835
390.6199,76,8590.777406
320.37198,62,8591.116104
238.37657,46,8591.33727
347.41403,67,8591.765982
239.04457,46,8591.97523
226.61436,43,8592.355727
250.72041,48,8592.750089
329.81927,64,8593.165559
486.3849,111,8593.856143
429.8275,84,8594.16832
266.71426,51,8594.45193
368.22632,86,8595.088953
335.36996,65,8595.586783
238.49182,52,8595.757665
274.01157,64,8596.363411
299.06125,58,8596.632138
421.2192,83,8597.131649
267.01923,51,8597.396059
427.5177,99,8597.908106
490.35175,95,8598.429908
400.2888,84,8598.937943
575.51984,125,8599.766856
376.3584,83,8600.332932
609.7124,125,8600.967942
226.29956,50,8601.361529
472.5927,110,8602.134004
601.82733,136,8602.841567
575.7991,122,8603.222991
329.0109,65,8603.408603
536.81726,122,8604.164723
375.45334,74,8604.621392
251.8357,53,8604.771227
329.3359,65,8605.0819
264.08316,55,8605.251787
479.6811,101,8605.481508
126.57566,24,8605.528062
155.73856,30,8605.646523
258.91425,52,8606.178196
284.46982,65,8606.711419
158.59486,31,8606.809346
171.42598,39,8607.082577
597.09534,127,8608.580435
269.72208,51,8608.935129
255.0876,53,8609.220606
457.57614,106,8609.966808
289.3317,61,8610.332577
298.6116,70,8610.739783
401.57242,77,8611.106989
311.36087,72,8611.407575
449.28198,88,8612.053004
384.20865,76,8612.604561
271.32376,62,8613.228465
449.18127,89,8613.772277
344.27176,67,8614.029036
357.40656,70,8614.354231
309.60135,60,8614.567423
285.854,55,8614.824452
260.8543,59,8615.16036
263.97443,58,8615.393805
397.9064,79,8615.692819
295.9174,68,8615.842212
542.59357,112,8616.643405
475.0429,96,8617.121208
542.80414,106,8617.58713
296.81158,69,8617.931845
304.1406,66,8618.37875
209.28806,46,8618.747504
367.47644,77,8619.146463
167.15186,33,8619.232259
366.56274,79,8619.613418
376.36374,84,8620.008635
301.5577,67,8620.423616
317.63144,72,8620.96096
279.1255,64,8621.34947
553.451,110,8621.979143
407.58258,95,8622.465986
454.41245,92,8622.970279
383.3599,77,8623.379735
350.23953,70,8623.812522
417.0984,83,8624.166911
569.9286,116,8624.698977
323.7183,62,8625.082521
252.00824,48,8625.254445
342.88632,66,8625.49732
300.58514,58,8625.828996
383.52203,75,8626.256643
341.676,68,8626.659041
334.32758,65,8627.215646
490.76917,100,8628.254194
285.79285,66,8628.601585
502.15012,111,8629.555757
532.4788,121,8631.532243
435.07208,88,8632.612217
365.78674,86,8633.761355
333.71024,65,8634.146865
296.00034,58,8634.456745
289.05377,56,8634.967465
238.31259,46,8635.300858
352.44614,69,8635.985524
250.61588,49,8636.527232
474.15994,93,8637.509445
264.79996,52,8638.007651
582.8659,132,8639.170647
495.5577,99,8640.215503
459.86942,91,8640.908845
407.1361,83,8641.426019
324.57166,64,8641.650515
419.64142,97,8642.365597
317.2829,62,8642.715572
402.6368,80,8643.36249
286.81848,55,8644.382635
425.53702,85,8644.64318
278.4104,54,8644.920881
403.75327,80,8645.859738
349.6414,69,8646.17176
278.25748,54,8646.646939
248.06848,47,8647.402117
242.30609,47,8648.132226
347.42142,69,8648.680847
397.84546,80,8649.095316
390.0147,78,8649.895802
243.68365,48,8650.205178
316.90445,69,8650.580394
292.68753,68,8651.149695
381.61554,77,8652.073746
374.30173,75,8652.526369
283.24954,57,8653.150917
304.80475,68,8653.898864
423.2534,85,8654.398118
304.8056,60,8654.581386
408.79517,83,8654.890775
362.58304,72,8655.335292
341.30545,71,8655.694058
302.2109,60,8655.881136
231.24367,53,8656.158061
289.3346,64,8656.401185
190.92078,44,8656.568571
339.15112,64,8656.760718
246.18556,52,8656.969725
426.448,84,8657.84772
308.86807,60,8658.553753
255.16309,49,8658.953096
169.67676,37,8659.624505
286.2505,59,8660.066551
278.19113,60,8660.986707
272.57877,52,8661.452483
223.70222,44,8662.415192
420.49658,85,8663.183425
230.61276,48,8663.904768
301.7492,61,8664.472214
280.8046,56,8664.605947
285.53766,64,8664.762366
300.50333,66,8665.201005
141.46497,26,8665.308597
250.464,58,8665.71939
287.65903,63,8666.142861
290.40808,62,8666.62449
176.57176,41,8666.875815
215.46794,42,8667.220465
152.859,35,8667.522214
470.3318,104,8668.283224
388.65305,80,8669.051888
658.6737,141,8669.840592
454.0302,93,8670.454484
304.35864,60,8670.638641
340.7892,73,8671.084395
324.50616,64,8671.610224
321.3171,64,8671.880841
323.96616,64,8672.026656
374.90356,88,8672.439027
294.80884,58,8672.975477
353.67447,71,8673.153672
291.71695,66,8673.329988
300.7139,64,8673.717434
479.15427,108,8674.360259
344.89188,70,8674.619181
332.0873,68,8674.98008
306.6149,71,8675.466661
252.24008,50,8675.696681
387.79163,77,8676.284491
347.60315,69,8676.794584
293.53162,59,8677.13402
300.55377,67,8677.947712
237.77129,55,8678.354945
321.58322,64,8678.906903
377.71564,75,8679.944105
334.68076,66,8680.614327
304.56946,60,8681.455958
328.8844,65,8682.573031
392.31845,80,8683.465588
288.1214,60,8684.127249
284.24667,56,8684.476863
608.95435,130,8685.2771
242.51648,56,8685.745071
302.8461,63,8686.124274
361.7732,81,8686.588245
293.51047,67,8686.755522
303.56277,61,8687.19571
275.25177,62,8688.098973
253.50728,58,8688.698751
425.2996,86,8689.565838
351.12027,75,8690.356019
407.35345,83,8691.872015
315.45816,62,8692.426444
378.9143,75,8693.415105
379.405,76,8694.318195
338.2611,67,8694.879071
341.55664,69,8695.877729
571.1111,119,8696.888879
476.66116,96,8698.155253
559.5801,115,8700.166493
763.3841,157,8701.041681
379.03214,74,8701.482743
212.32913,45,8701.830117
284.22644,55,8702.403352
353.37137,70,8703.255872
262.85886,51,8703.504906
319.51285,63,8703.868752
363.25137,71,8704.244817
285.17078,55,8704.837409
233.59392,44,8705.1596
332.43848,65,8705.339251
379.09113,73,8705.600709
320.05487,63,8706.361976
297.93817,58,8707.052766
278.7551,66,8708.066653
367.59,73,8708.492299
296.4016,58,8709.19902
354.57294,70,8709.853184
411.88538,81,8710.810656
364.73682,74,8711.951129
299.40878,59,8712.392964
374.99283,81,8712.856335
316.93286,75,8713.62559
399.61353,80,8714.366017
302.8086,59,8715.058255
297.64618,70,8715.589904
375.02924,88,8716.549264
397.73743,78,8717.385558
295.81995,58,8718.249527
288.71417,56,8719.067556
416.0159,81,8719.458289
330.92166,64,8719.985484
328.24454,64,8720.640632
259.7924,58,8721.013055
416.79953,84,8721.95263
562.73816,109,8722.778545
253.89062,56,8722.962879
507.38715,115,8724.068149
435.13315,85,8724.544777
402.26913,77,8725.052767
332.31738,64,8725.595148
355.08304,69,8726.073938
347.97614,68,8727.135505
482.9735,96,8727.82665
490.12964,97,8728.451088
467.96158,93,8729.338599
253.4589,49,8729.944052
233.4952,45,8730.508389
262.87918,49,8730.762276
324.38455,62,8731.253675
320.31342,62,8731.675841
341.53928,66,8731.855146
364.51822,71,8732.037593
252.38072,49,8732.245433
558.3682,125,8733.375945
240.48491,47,8733.71944
247.75298,47,8734.330873
320.23523,62,8735.176517
249.68352,48,8735.449852
486.6273,97,8736.498704
254.9291,49,8736.921247
502.18933,100,8737.578572
384.09702,75,8738.02992
521.29486,105,8738.600208
252.85193,49,8738.995634
253.20525,49,8739.309358
523.68677,106,8739.827648
370.7716,72,8740.266434
350.69504,69,8740.9982
464.53897,95,8741.560563
326.28033,75,8742.18511
378.65054,81,8742.524116
427.11957,100,8743.353302
349.15097,78,8743.928967
252.98529,57,8744.452459
198.9256,46,8744.765789
173.36069,39,8745.105341
252.35767,57,8745.304775
284.77948,64,8745.718095
211.40144,46,8745.905612
439.8492,95,8746.296168
360.6597,81,8746.618299
514.5909,110,8747.030909
269.76288,60,8747.199019
283.4142,66,8747.647567
239.90503,54,8748.018343
429.22687,100,8748.531994
190.60835,40,8748.699173
187.85481,43,8748.879827
395.10117,87,8749.189938
398.15002,93,8749.55935
345.9765,69,8749.839321
392.9997,92,8750.320719
388.43298,85,8750.505101
509.98395,112,8750.930928
446.0073,100,8751.630521
305.6668,71,8752.032442
444.11655,90,8752.428114
414.2375,86,8753.214103
249.70187,57,8753.445723
238.52045,47,8753.591921
459.8975,107,8754.262935
374.73056,86,8754.653471
349.6403,77,8754.924011
297.83115,66,8755.342187
302.92966,64,8755.891299
228.09637,50,8756.224224
144.42152,33,8756.386155
233.93799,51,8756.779294
256.6439,58,8757.369859
479.43192,105,8757.628314
417.87186,83,8757.964899
330.92172,73,8758.645018
384.312,82,8758.956393
601.5818,135,8760.035535
435.3953,96,8760.335037
501.0214,107,8760.708411
334.5994,71,8761.083435
326.1128,77,8761.319005
452.13495,99,8761.538797
190.4018,41,8761.776068
417.92654,98,8762.233761
257.79312,59,8762.700511
378.49887,88,8763.029222
502.2434,98,8763.57782
466.97388,95,8764.060174
589.8898,134,8764.804249
508.59897,105,8765.290102
487.2126,97,8765.974878
470.9743,94,8766.605166
395.95587,80,8767.04695
401.97253,80,8767.527604
441.1521,89,8768.082807
277.09067,65,8768.737922
440.4981,91,8769.28333
335.89453,78,8769.900354
393.95712,78,8770.521962
678.09485,142,8771.436985
412.55692,82,8771.883053
394.77225,77,8772.124252
483.92136,96,8772.819018
392.56778,77,8773.152638
332.7633,64,8773.29818
356.71457,70,8773.596378
270.6493,52,8773.951756
313.4454,63,8774.387215
450.1432,89,8775.026665
167.10107,37,8775.16865
195.45491,45,8775.418729
240.47496,52,8775.799331
210.24155,44,8776.128825
202.20796,44,8776.469022
194.58202,41,8776.658377
281.8764,61,8776.915903
297.18243,61,8777.120684
251.90909,48,8777.363242
435.5517,84,8777.864638
318.11145,69,8778.598785
373.74695,76,8779.275172
436.92612,87,8779.927062
408.45447,79,8780.515644
367.98032,71,8781.007349
458.8665,90,8781.449252
386.37744,77,8781.961076
440.5361,85,8782.382741
468.33997,93,8782.622978
577.1049,117,8783.443696
456.31268,97,8783.888581
390.86517,81,8784.282105
556.24365,117,8784.887154
250.56134,57,8785.591036
549.0253,118,8786.593519
342.27155,68,8786.897202
432.0289,90,8787.677142
336.7493,70,8788.25939
576.5573,119,8789.616194
466.3949,95,8790.394686
251.74672,56,8791.184028
534.8281,114,8791.51581
288.2011,62,8791.74254
487.16388,98,8792.492459
493.59006,106,8793.17249
528.90796,120,8794.12164
378.60733,81,8795.455234
289.0671,60,8795.926931
278.545,54,8796.12638
305.4842,64,8796.485114
195.56345,43,8796.810569
132.34587,25,8797.045083
252.58138,50,8797.442098
175.4703,35,8797.9072
188.02592,37,8798.130044
325.96292,67,8798.475304
245.11221,56,8798.925315
160.43443,31,8798.97935
182.91228,41,8799.056147
231.27275,53,8799.275465
196.1293,44,8799.630136
323.19193,68,8799.981249
371.60318,83,8800.37197
407.72516,84,8801.255796
173.66391,40,8801.727108
407.59863,84,8802.449291
217.97723,43,8802.770334
336.5791,70,8803.755719
220.43077,51,8804.319018
213.49825,42,8804.689671
210.92345,47,8805.417432
222.02812,43,8805.655694
166.57773,32,8805.819507
115.21862,22,8806.339977
179.17885,38,8806.724752
109.58848,21,8806.984905
203.69002,41,8807.423057
151.63132,29,8807.57616
207.61722,41,8807.927096
202.98141,40,8808.22766
166.68254,32,8808.39817
218.83443,43,8808.698419
190.19528,44,8809.078115
196.85245,45,8809.388962
159.92134,36,8809.530543
212.723,49,8809.674412
255.13925,56,8809.790987
312.50937,71,8810.24495
223.405,51,8810.485706
209.55199,47,8810.845598
171.24896,39,8810.927572
365.7637,82,8811.473261
658.311,140,8812.312772
385.9266,78,8813.572471
188.27618,43,8813.884805
415.73407,97,8814.96686
452.0395,103,8816.133943
460.4872,90,8816.524807
371.00284,76,8816.80899
439.3354,99,8817.782521
389.96252,90,8818.312176
352.83176,66,8818.892472
439.49142,85,8819.591497
438.16046,99,8820.764143
404.96274,91,8821.353564
307.63837,58,8821.935817
329.87997,62,8822.712365
489.4936,109,8823.416304
491.2984,95,8824.205625
313.40103,59,8824.689485
542.35236,112,8825.550768
356.9873,68,8825.876638
320.52057,61,8825.992003
331.4189,63,8826.618523
524.52075,115,8827.292454
545.908,107,8828.087359
580.25073,115,8828.525931
280.26736,53,8828.615017
412.09995,79,8828.873671
377.30606,72,8829.267996
365.74945,70,8829.603465
483.38922,94,8830.145318
340.04556,64,8830.957338
468.71887,90,8831.81505
573.1021,118,8832.671998
354.28424,82,8833.13835
352.80258,67,8833.430871
318.40576,62,8833.703823
408.4474,80,8834.065411
340.62988,66,8834.414764
269.71295,52,8834.58482
325.32065,63,8834.882807
271.3521,52,8835.249799
329.41602,64,8835.373277
287.71982,56,8835.629278
263.6188,51,8836.115462
232.55836,44,8836.224743
249.29565,47,8836.464894
314.10135,61,8836.67272
406.7973,80,8837.528044
302.4062,58,8837.985581
361.527,70,8838.210772
278.56613,54,8838.329447
372.31662,73,8838.547412
369.39304,72,8838.987477
283.84586,55,8839.228884
329.90646,64,8839.428281
280.6194,54,8839.569269
356.36673,69,8839.713308
395.43552,75,8839.967999
340.03336,66,8840.61983
391.6522,77,8840.970697
412.75964,79,8841.139129
386.74048,76,8841.563179
384.0717,74,8842.208857
495.65475,99,8842.433685
277.52036,53,8842.637523
519.6551,100,8843.495297
544.14825,107,8843.928755
406.50323,77,8844.682727
412.5541,78,8844.903853
381.74783,73,8845.173291
581.9795,118,8845.693618
377.76276,72,8846.145683
406.96277,94,8846.401821
510.78796,101,8846.8337
461.50287,97,8847.366208
468.35635,90,8847.6635
415.73035,80,8847.988209
488.70566,101,8848.577055
441.31442,84,8849.109781
397.48016,75,8849.404501
475.99976,93,8850.116408
436.98822,85,8850.790189
513.57043,103,8851.668928
561.0527,111,8852.7186
460.27365,88,8853.573005
483.10117,95,8854.543179
446.6093,85,8854.813593
501.2741,100,8855.320181
321.31607,62,8855.51092
393.84064,91,8856.121557
516.7854,118,8856.763728
338.84973,66,8857.010362
333.21515,65,8857.38882
351.67203,68,8857.601799
348.77792,80,8857.965832
460.9091,91,8858.612105
391.59445,76,8858.883734
412.68985,82,8859.100132
412.45306,81,8859.656367
469.22913,94,8860.131721
407.9269,81,8860.50222
535.2928,117,8861.23479
328.69925,66,8861.4598
251.07532,57,8861.787163
343.92157,71,8862.221084
376.42368,74,8863.010455
120.22781,23,8863.121665
380.80807,75,8863.500721
317.16602,75,8863.939068
347.4528,71,8864.365426
422.05246,84,8864.748464
471.17194,95,8865.787446
207.09413,41,8866.05216
463.50092,93,8866.799071
374.2081,72,8866.933758
385.20383,74,8867.274281
413.89148,81,8867.804067
388.2901,75,8868.199984
368.15927,72,8868.400821
362.848,70,8868.725416
376.27054,73,8869.141933
618.27136,132,8869.662799
287.6742,66,8869.920034
307.71152,72,8870.220525
381.5452,82,8870.966841
572.64825,117,8871.933968
353.62482,74,8872.598803
347.26672,73,8873.02695
210.89804,47,8873.531736
423.3848,88,8874.068613
341.69922,79,8874.585633
430.0871,85,8875.19491
404.8705,79,8875.857288
424.4896,97,8876.452515
428.909,84,8876.820575
411.27393,81,8877.690493
305.57193,72,8877.938489
443.80045,103,8879.036618
350.22495,75,8879.60949
341.27634,67,8880.163863
377.22983,73,8880.545749
384.8347,76,8880.95453
388.7144,76,8881.598211
238.64885,54,8881.809218
484.6057,112,8882.573791
552.24133,125,8883.458223
297.4716,70,8884.301869
577.3222,128,8885.221076
347.21396,81,8885.697448
259.5763,56,8885.819135
164.93613,33,8886.086123
431.6073,100,8886.583733
157.83281,31,8886.700155
241.68655,52,8886.8627
425.9678,85,8887.272027
317.29004,62,8887.77877
417.27765,97,8888.589258
325.43787,66,8888.991621
365.24173,84,8889.783334
488.86804,99,8891.074084
355.1306,70,8892.079519
426.5399,85,8892.741188
466.8425,94,8893.2698
347.00558,68,8893.601545
470.16873,94,8894.049343
510.40887,102,8894.396775
376.69272,74,8894.628362
416.47037,83,8895.098644
373.94855,74,8895.558947
434.44766,85,8895.861466
485.9561,99,8896.828275
358.929,70,8897.265603
405.94574,79,8898.082277
359.09683,69,8898.667898
405.0059,80,8899.326941
420.6291,82,8900.285941
335.42053,65,8900.639945
354.2862,70,8901.060611
440.14136,99,8901.517594
405.22433,79,8901.755626
393.70197,77,8902.23016
433.9093,84,8903.039386
369.51425,72,8903.507558
368.91934,72,8903.741079
379.0403,73,8904.20792
406.79752,79,8904.631994
407.54175,79,8905.068335
426.70984,84,8905.377702
447.89993,87,8905.796816
436.21304,85,8906.175694
413.52237,81,8906.605264
371.46863,72,8907.051099
464.77237,90,8908.233934
454.01062,89,8908.985362
380.062,88,8909.589748
348.5368,67,8909.9411
446.17447,88,8910.319192
407.86746,92,8910.849097
444.2406,92,8911.343386
234.0831,50,8911.534829
487.77832,100,8911.864325
312.18155,73,8912.154457
416.54083,82,8912.672503
395.1637,76,8913.136406
494.21384,98,8913.485056
421.46234,93,8914.135312
263.70792,56,8914.692657
351.958,69,8915.028465
290.29163,63,8915.175894
303.4238,67,8915.320273
450.29648,88,8916.288764
431.35672,85,8916.748775
371.79263,86,8917.686378
412.0701,81,8918.637619
387.34283,76,8918.993078
459.14444,89,8919.472319
325.17618,72,8919.841942
393.58563,76,8920.211321
389.6458,76,8920.407425
387.88742,79,8920.717116
470.13547,92,8921.088131
163.83394,37,8921.303176
340.24634,68,8921.561475
549.30206,114,8922.320178
299.7447,64,8922.601089
353.16214,73,8923.089785
407.73978,82,8923.8233
469.3344,95,8924.056789
431.15134,86,8924.655765
499.91782,105,8925.314758
428.46738,94,8925.62935
331.53198,73,8926.590067
451.0852,87,8927.489088
433.03024,89,8928.548616
416.41177,82,8928.806515
379.9394,88,8929.40228
408.90262,80,8929.842759
439.43716,90,8930.146016
453.8509,93,8930.398137
360.08023,80,8930.895741
451.33652,90,8931.335519
426.03,83,8931.547694
465.7259,92,8931.962882
540.9589,108,8932.736988
402.02164,77,8933.454342
373.56012,72,8933.916422
333.13083,63,8934.110636
391.4689,75,8934.526134
396.25412,76,8935.160929
566.11163,120,8935.502329
288.02115,56,8935.765873
351.20728,68,8936.275645
396.63217,77,8936.792482
289.9161,56,8937.005773
388.42532,77,8937.49001
365.23248,70,8937.99897
409.81693,81,8938.38903
437.79593,87,8938.733414
408.08023,79,8938.921655
437.1232,86,8939.159436
258.85065,50,8939.387912
302.03085,58,8939.678973
350.42667,68,8940.128638
396.29614,78,8940.543323
355.41757,68,8941.086801
378.5774,74,8941.315671
378.5698,74,8941.653497
397.01093,78,8942.099339
445.45773,88,8942.585339
370.69437,72,8942.944892
396.515,78,8943.316869
254.98979,49,8943.516189
379.22086,74,8943.923932
297.26572,57,8944.206823
389.87668,77,8944.889167
411.83228,81,8945.175537
285.28036,55,8945.38624
323.95987,63,8945.548698
378.0511,73,8946.094297
296.73685,58,8946.605213
371.54465,72,8947.168496
389.45514,74,8947.716269
493.9382,95,8947.925543
409.5794,80,8948.317094
453.8671,87,8948.786816
387.13022,75,8949.017323
389.24088,75,8949.184215
403.6263,80,8949.568957
384.46265,75,8949.961011
321.9814,63,8950.365173
376.58362,73,8950.825715
379.9632,74,8951.2604
229.03387,44,8951.649669
400.1508,78,8952.05175
423.8116,84,8952.592374
385.9488,75,8952.996979
339.7317,66,8953.311137
392.262,75,8953.598661
500.49564,96,8954.323931
382.94086,74,8954.709506
449.70496,85,8955.342197
289.21667,55,8955.701769
368.6239,71,8956.149026
462.604,89,8956.717216
378.89047,72,8957.135497
338.47235,64,8957.497859
386.02322,73,8958.027341
474.4703,109,8958.804001
412.5272,81,8959.293058
472.47177,92,8959.554846
507.80896,100,8960.200787
389.0838,75,8960.720211
357.9027,69,8961.010096
515.9095,98,8961.536906
430.88004,82,8962.091757
458.92175,88,8962.780656
540.6186,105,8963.861171
469.00378,89,8964.522285
474.43765,90,8964.940197
468.6055,91,8965.302345
415.76578,80,8965.566599
508.8036,104,8966.75165
445.14023,88,8967.484669
647.5051,127,8968.16175
355.7034,69,8968.461933
456.7984,90,8969.116466
451.42282,91,8969.315719
373.95456,71,8969.486816
360.13608,70,8969.904655
664.2888,150,8970.696496
370.1387,71,8971.286577
409.6355,81,8971.795147
319.18073,62,8972.243463
384.06372,76,8972.668351
393.65002,77,8973.304622
339.87198,66,8973.81636
332.84033,65,8974.303891
307.79944,60,8974.953573
509.3868,101,8975.794898
331.43982,64,8976.201784
394.13953,77,8976.929884
352.13425,68,8977.450901
376.03064,73,8977.738601
372.1863,72,8977.977245
460.60477,90,8978.565346
348.21442,81,8978.87874
626.63416,134,8979.308616
388.90073,88,8980.148208
382.43176,75,8980.646116
300.69342,70,8981.072636
490.9349,95,8981.513243
370.16635,86,8982.086077
516.75854,100,8982.683804
234.45538,52,8983.024337
410.01538,77,8983.281533
286.16846,67,8983.67225
420.07074,79,8984.078276
346.5201,81,8984.801315
237.36557,52,8984.997274
474.3912,91,8985.410691
471.94568,91,8985.704964
417.20102,80,8986.072512
473.02924,91,8986.948067
397.90137,76,8987.837561
421.833,80,8988.101618
501.51068,96,8988.643296
306.7159,58,8989.143878
421.27878,79,8989.415998
542.9931,106,8990.156648
436.78125,85,8990.584013
324.88547,63,8991.343438
345.78848,67,8992.057306
666.2302,142,8993.149199
386.11197,75,8993.853313
321.91446,63,8994.190331
418.13455,81,8994.504129
365.2223,70,8995.00558
494.34735,98,8995.512748
389.64615,75,8996.154068
410.00186,79,8996.51012
454.848,90,8996.902037
325.16925,62,8997.375105
432.39062,99,8998.051632
541.5922,124,8998.56741
380.0619,88,8999.129594
450.14832,89,8999.597048
478.13696,92,9000.007651
396.95114,77,9000.689964
465.39932,98,9001.402734
474.66202,93,9002.603268
389.68146,75,9003.105214
543.2931,110,9003.73858
460.25714,91,9004.158437
452.8828,90,9004.673306
421.60168,83,9005.161514
234.21472,51,9005.497136
240.2632,51,9005.803896
450.9786,88,9006.356579
214.63942,46,9006.484625
266.7291,60,9006.821017
359.1136,84,9007.132399
353.8618,69,9007.4567
376.806,88,9007.929665
371.5613,72,9008.315511
335.04443,65,9008.495372
316.7673,74,9008.988444
399.0912,77,9009.381249
290.8573,69,9009.624068
384.39465,90,9010.039093
364.79697,70,9010.357007
371.71188,71,9011.012337
341.21124,66,9011.794801
376.65186,72,9012.33149
391.22913,75,9013.168267
499.15683,99,9013.585645
497.3592,99,9014.031262
412.83795,79,9014.406992
387.42462,75,9014.955989
413.0564,94,9015.490725
595.4867,119,9016.1831
425.3213,83,9016.499645
295.27057,68,9016.623496
281.59613,66,9016.968177
256.9254,59,9017.15188
293.2653,64,9017.689985
356.79053,83,9018.044773
409.85086,88,9018.878919
381.42654,89,9019.528692
460.7531,89,9019.975592
246.63785,54,9020.473027
426.04398,83,9020.811804
377.27167,74,9021.37854
265.17828,56,9021.678614
421.5416,83,9022.10346
272.4273,61,9022.452125
420.82877,83,9022.731317
402.98013,78,9023.207817
472.9716,91,9023.475453
449.67444,86,9023.923313
432.9564,83,9024.295717
509.11295,99,9024.598253
509.7196,100,9025.000973
436.6813,83,9025.692523
426.31177,82,9025.912485
465.08093,90,9026.140602
473.49872,93,9026.710724
387.73038,75,9027.28936
312.8279,60,9027.545336
436.75253,84,9028.206671
496.1158,97,9028.891992
305.88464,59,9029.022889
441.14468,85,9029.241936
418.9525,80,9029.928033
418.005,80,9030.276534
322.15387,62,9030.558192
455.13092,88,9031.260449
434.0643,83,9031.587774
397.54297,76,9032.177274
260.92337,49,9032.364329
405.56375,78,9032.713326
260.4395,50,9032.961831
258.67722,49,9033.404841
290.8102,56,9033.726312
337.1627,64,9034.532685
283.94955,54,9035.098817
328.55167,63,9035.486451
274.8877,52,9035.672657
219.0402,42,9036.084107
317.2034,61,9036.550599
373.04034,72,9036.785728
362.86176,69,9037.112307
401.19012,77,9037.622868
365.33066,70,9038.703465
442.19113,85,9038.993617
415.7556,81,9039.39037
397.4163,77,9039.964964
443.06937,84,9040.492143
435.92435,83,9040.755184
425.569,81,9041.58624
550.6276,106,9042.542338
539.48926,106,9043.193438
440.44498,84,9043.524135
416.63266,78,9043.873258
477.83746,92,9044.348532
486.1505,94,9044.781821
285.88458,67,9045.166022
429.45984,81,9045.556089
573.6641,113,9046.058963
470.87424,90,9046.443425
444.06387,85,9046.941618
451.12503,88,9047.577564
572.05536,123,9048.467038
297.7896,70,9048.736288
493.19077,96,9049.317692
464.64868,89,9049.601042
451.1725,85,9050.091529
508.0264,102,9050.737153
536.16327,106,9051.319819
478.58008,94,9052.252928
514.5859,101,9053.225902
457.4161,87,9054.088663
506.55295,97,9055.081527
473.5166,92,9055.849123
463.88995,88,9056.193212
442.6331,85,9056.616141
543.518,106,9057.562996
445.85153,88,9058.231914
429.1788,81,9058.552027
446.88782,85,9059.139132
696.5835,143,9059.972023
356.4839,83,9060.498717
602.3014,126,9061.789161
419.12607,79,9062.592314
337.55066,77,9063.400703
452.73755,87,9064.081584
422.65024,80,9064.715441
476.5269,92,9065.357522
503.73386,98,9065.832391
445.14133,84,9066.358529
471.9459,89,9066.907212
449.39026,85,9067.310201
440.68323,83,9067.694199
503.5218,97,9068.321319
341.8077,64,9068.573244
550.6645,108,9069.301346
472.6255,90,9069.551966
450.75577,85,9070.293447
432.19318,81,9070.995535
484.93954,95,9071.487837
421.20596,79,9072.494232
439.4469,84,9073.231292
503.84177,97,9073.685494
368.09134,69,9073.959179
440.00644,83,9074.427525
416.83807,80,9074.724035
367.55206,69,9075.188429
333.76852,62,9075.726691
402.11536,76,9076.242903
481.1588,93,9076.547963
471.3767,90,9076.822735
575.5887,113,9077.597571
511.29803,101,9077.905666
221.53023,45,9078.082451
230.8189,47,9078.232495
441.4317,84,9078.919108
217.0016,44,9079.168635
226.48015,45,9079.504042
194.30722,39,9079.821695
206.67946,41,9080.238777
214.31586,43,9080.524026
194.91182,39,9080.742525
287.0419,58,9081.205904
437.05496,85,9081.740584
397.54883,75,9082.22004
238.67963,45,9082.63426
497.95135,95,9083.494959
202.0814,40,9083.777265
219.97601,44,9083.884059
339.7017,66,9084.304996
249.65698,51,9084.83918
238.44621,48,9085.142075
215.06471,43,9085.330794
503.23865,111,9086.012398
438.12405,82,9086.284642
816.1328,163,9087.079886
457.40372,86,9087.393601
262.21786,52,9087.709498
542.2382,122,9088.306746
526.8024,102,9088.713303
540.5246,110,9089.392915
339.7338,64,9089.69993
386.13165,73,9090.056441
491.668,95,9090.503317
329.4547,62,9090.67629
337.11655,63,9090.803015
491.4353,94,9091.119075
575.32825,116,9091.764536
479.16946,91,9092.525169
402.7281,76,9093.039222
437.60855,82,9093.323964
450.15213,85,9094.017404
350.203,66,9094.47597
351.17865,66,9094.77807
290.83548,55,9095.076636
239.5431,45,9095.340058
462.30756,89,9095.696115
434.12213,83,9095.979963
499.03384,98,9096.493472
554.626,114,9096.811386
620.0947,124,9097.679883
495.0333,97,9098.310422
336.32037,64,9098.683429
527.1044,115,9099.628345
423.8666,82,9100.134774
462.65622,88,9100.470044
426.3264,80,9100.833188
502.8594,98,9101.69234
452.16574,90,9102.417991
497.14743,106,9103.254884
836.7067,172,9103.994994
356.51752,69,9104.2799
376.63315,75,9104.44089
418.64197,96,9104.643986
476.27316,92,9105.4252
443.6106,93,9105.803272
606.5297,128,9107.046747
462.6465,91,9107.517555
484.98834,98,9107.766656
334.0118,73,9107.977307
437.51068,89,9108.697248
564.80206,119,9109.1437
435.08713,99,9109.730538
366.69827,84,9110.077631
510.844,98,9110.462048
561.28296,107,9110.850879
458.27628,91,9111.222263
660.2304,145,9111.62127
474.36032,103,9112.13256
544.2323,123,9112.696953
267.84558,57,9112.953471
300.09616,56,9113.123832
322.90985,61,9113.572485
211.67505,43,9113.882848
513.59503,107,9114.315772
222.58733,45,9114.465351
249.54509,50,9114.671788
453.7519,89,9115.275357
542.21643,110,9115.910243
197.65901,40,9116.08303
208.0496,43,9116.283094
299.52487,61,9116.713439
182.77826,37,9116.882003
174.94238,35,9117.04453
179.94948,36,9117.267958
194.16003,38,9117.381694
256.6489,54,9117.532722
169.67807,34,9117.596636
194.66739,38,9117.661797
173.13896,33,9117.761838
215.75941,43,9118.099161
176.73605,35,9118.450848
249.47305,48,9118.771075
205.18146,41,9118.838413
211.16927,41,9118.906553
189.60057,38,9119.079341
304.60785,59,9119.216973
313.85733,71,9119.546389
215.43948,43,9119.71246
435.45587,92,9120.077811
176.26872,35,9120.29273
232.32823,46,9120.445532
542.83734,105,9120.824966
297.24072,60,9120.979537
212.38615,43,9121.089787
216.6841,44,9121.23477
512.8141,100,9121.499101
420.76074,80,9121.692076
392.73093,74,9121.86894
342.1416,65,9121.997935
457.76813,86,9122.20455
384.28857,72,9122.379982
441.91006,83,9122.594157
439.5427,83,9122.78393
432.61548,82,9123.008929
340.8556,64,9123.156919
325.61472,61,9123.359271
466.29172,89,9123.711659
446.75385,86,9123.993993
337.82095,64,9124.218528
295.38528,56,9124.333339
519.37415,105,9124.620045
505.2958,110,9124.883751
405.4011,92,9125.074154
412.84326,80,9125.234558
491.3788,109,9125.487842
425.93723,95,9125.709017
479.1486,94,9125.923976
464.84717,103,9126.19149
391.08594,86,9126.416204
206.17656,42,9126.497353
436.01016,83,9126.675722
206.31636,42,9126.757737
469.40527,104,9126.971302
440.09988,92,9127.209832
341.50214,66,9127.368853
400.19916,79,9127.601723
291.29712,56,9127.79406
631.5721,126,9128.217192
452.36444,90,9128.536121
302.8803,59,9128.782238
408.4176,82,9129.205853
375.41183,84,9129.497292
410.60126,91,9129.810593
417.2102,83,9129.978502
314.3127,69,9130.259074
408.37485,79,9130.444697
457.30472,96,9130.779491
469.83347,93,9131.082175
325.3377,75,9131.369657
424.476,88,9131.665181
358.5358,74,9131.868636
290.9786,56,9131.974688
265.63474,51,9132.112567
270.19928,52,9132.278364
266.48917,51,9132.384306
255.971,49,9132.568317
252.9564,48,9132.746306
240.60445,46,9132.95113
257.6639,49,9133.11473
259.91367,50,9133.411953
255.09633,49,9133.648081
231.2303,45,9133.815616
187.4621,37,9134.021847
239.22923,47,9134.20735
170.15797,34,9134.351331
229.3416,45,9134.512426
226.32556,45,9134.646991
215.57268,43,9134.750237
270.0371,52,9134.888996
212.02138,42,9135.008465
235.9115,47,9135.091811
209.61469,42,9135.183638
238.43776,46,9135.283157
157.91484,32,9135.383094
219.99539,44,9135.4818
192.98895,39,9135.559389
206.00244,41,9135.647261
196.27562,39,9135.719836
265.2252,52,9135.840042
312.97394,60,9135.973733
168.7089,34,9136.083515
260.06586,50,9136.203257
301.6185,66,9136.337249
282.0985,54,9136.488215
330.05673,64,9136.691891
272.49295,54,9136.81051
494.87042,101,9137.070318
278.75912,55,9137.223208
290.12683,56,9137.393834
219.00894,43,9137.536005
291.0232,56,9137.693105
303.8446,59,9137.945537
417.0297,84,9138.297639
375.49106,85,9138.563391
458.39404,93,9138.818633
489.83337,98,9139.064108
527.83044,108,9139.43829
505.65604,109,9139.680438
320.22144,62,9139.878411
361.54605,71,9140.09769
349.3616,68,9140.291992
434.6253,98,9140.634789
688.8641,152,9141.076718
435.61545,97,9141.335161
501.51196,103,9141.599819
376.09204,72,9141.807428
337.38776,64,9142.083905
324.62442,62,9142.256102
519.61743,105,9142.691155
478.38318,95,9143.004309
274.62573,55,9143.180811
484.05228,104,9143.542149
278.69748,63,9143.668668
515.90845,107,9144.047306
459.9845,94,9144.314247
262.95148,50,9144.401016
307.93372,60,9144.628328
281.97565,54,9144.769265
265.9546,51,9144.883878
263.18774,50,9145.012427
273.98514,52,9145.20731
465.83087,94,9145.444472
581.1329,131,9145.866281
376.00174,85,9146.170949
421.27158,93,9146.403773
524.3877,105,9146.668347
469.55054,97,9146.977258
360.1763,70,9147.262479
275.9951,63,9147.455552
475.46466,102,9147.722448
478.39444,98,9147.97109
490.55182,99,9148.24405
477.5401,104,9148.489212
390.901,78,9148.643516
419.2627,95,9148.857786
343.94397,77,9149.019267
421.64017,93,9149.306786
311.77567,59,9149.449681
426.48505,94,9149.743062
316.33963,72,9150.129223
274.81726,63,9150.268066
495.7615,99,9150.684438
348.2894,67,9150.926234
493.15143,98,9151.199843
344.98047,66,9151.456042
313.8547,60,9151.620524
309.2705,59,9151.768982
441.7944,100,9152.008721
391.0604,78,9152.190946
249.42618,56,9152.374578
379.56717,75,9152.657768
456.1114,97,9152.917181
387.13275,76,9153.061274
396.9786,86,9153.24271
257.43103,57,9153.468442
429.69748,86,9153.643189
390.78864,88,9153.829729
356.82104,72,9154.109682
307.99554,60,9154.311458
288.86627,65,9154.543856
394.12762,87,9154.741549
359.16333,80,9154.957226
331.43478,75,9155.16277
293.36395,65,9155.378197
343.79135,76,9155.519464
314.48856,60,9155.64506
393.13745,79,9155.808747
255.94893,58,9155.982821
374.99966,82,9156.259827
395.7414,78,9156.497401
322.84085,65,9156.658346
392.09158,80,9156.877159
403.73712,82,9157.129634
337.13745,67,9157.380846
300.5473,59,9157.549088
271.5025,61,9157.804801
321.71295,74,9158.092615
418.08337,87,9158.282677
388.67224,80,9158.538244
302.2895,71,9158.742657
283.5711,57,9158.853392
353.42215,75,9158.992721
324.09763,78,9159.189151
261.47903,60,9159.29786
511.40942,112,9159.526533
83.63305,18,9159.557915
275.301,64,9159.694948
342.3255,78,9159.846619
313.77313,72,9160.037181
359.0799,70,9160.338935
305.31006,66,9160.578206
259.55136,58,9160.776436
512.46716,111,9161.199707
269.82523,51,9161.319421
315.91904,60,9161.497089
413.77533,79,9161.757254
292.15848,55,9161.918823
274.5228,52,9162.06976
274.68933,52,9162.241709
289.23007,54,9162.405197
264.38525,49,9162.541273
319.58316,60,9162.731093
283.98148,53,9162.977268
260.93918,49,9163.129363
285.83353,53,9163.238697
274.16882,51,9163.387432
255.51515,48,9163.480703
261.28506,49,9163.591907
287.46832,54,9163.745501
279.2457,52,9163.870938
267.185,50,9164.001481
243.03261,46,9164.085945
282.8916,53,9164.183446
269.78906,51,9164.322263
281.5476,53,9164.412236
276.71884,53,9164.531095
293.52707,55,9164.63083
297.38977,56,9164.739651
302.22797,56,9164.908217
285.20453,53,9165.039147
279.8352,52,9165.156528
247.21445,46,9165.242109
278.41995,52,9165.393831
262.6197,49,9165.560375
247.05586,47,9165.713464
256.9351,48,9165.817113
239.47864,45,9165.900934
241.99167,45,9166.045257
248.73735,47,9166.138561
260.93945,49,9166.263008
220.25911,42,9166.365806
243.14633,46,9166.498784
236.1336,45,9166.596509
235.68454,46,9166.705277
246.97954,47,9166.79445
225.2167,43,9166.882159
230.85422,43,9166.972674
229.08713,43,9167.046775
255.56807,47,9167.126493
236.1638,44,9167.210367
275.1494,51,9167.420412
251.20068,47,9167.557578
258.6774,48,9167.69618
242.21327,46,9167.879246
246.04103,47,9168.059666
240.62164,46,9168.238136
269.43445,50,9168.373001
240.77113,46,9168.490697
245.88512,47,9168.640876
257.6393,49,9168.755752
270.28104,51,9168.852305
260.85583,49,9168.957088
246.13623,46,9169.048568
246.02246,46,9169.130105
245.88666,46,9169.209484
232.9808,44,9169.288214
246.58638,46,9169.509304
263.22903,49,9169.613837
256.15625,48,9169.764437
262.73505,49,9169.862513
267.0749,50,9169.972596
259.0428,49,9170.134067
266.4338,50,9170.275563
255.20824,48,9170.370338
305.65622,57,9170.542517
273.03583,51,9170.666678
261.30466,49,9170.912773
230.78165,44,9171.049717
256.61807,48,9171.188727
280.1877,52,9171.301075
256.46173,48,9171.395459
258.41412,48,9171.525048
268.98294,50,9171.626738
279.59253,52,9171.767514
284.18842,53,9171.876608
276.9918,52,9171.985766
234.63693,44,9172.089088
258.084,48,9172.210889
240.96898,45,9172.329576
259.91565,49,9172.431139
243.822,46,9172.529732
235.0631,44,9172.622524
229.60059,43,9172.725536
261.13773,49,9172.833758
242.26599,46,9172.987471
226.83582,43,9173.103228
249.80923,47,9173.249617
250.40419,47,9173.368613
250.83116,47,9173.471431
240.11206,45,9173.587758
216.9662,41,9173.684935
220.34296,42,9173.801281
248.20262,47,9173.956617
228.00499,43,9174.064583
227.46109,43,9174.20031
227.25836,43,9174.439484
247.302,47,9174.639288
230.51877,44,9174.79793
267.07184,49,9174.927661
278.38623,51,9175.241038
278.1044,51,9175.493006
231.96796,44,9175.624823
211.98656,40,9175.722361
244.23381,46,9175.856707
227.3427,43,9175.986446
222.31862,42,9176.139021
255.08707,48,9176.25296
294.51834,54,9176.387734
214.991,41,9176.490406
228.24713,43,9176.614372
265.64154,50,9176.796589
239.38605,45,9176.962578
219.73476,42,9177.055227
253.14796,48,9177.208112
286.5137,53,9177.370297
186.39172,36,9177.464461
271.42462,51,9177.592602
244.39893,46,9177.74385
265.77792,49,9177.881789
233.4152,44,9178.019629
283.692,53,9178.195641
261.18765,49,9178.34188
289.88144,54,9178.592174
266.1407,50,9178.74842
269.21216,50,9178.876633
226.51643,43,9179.005478
261.80634,49,9179.185188
254.01723,48,9179.345479
268.60687,50,9179.521153
258.63226,49,9179.621898
272.90137,51,9179.736923
243.87642,46,9179.828454
257.52243,48,9179.944105
248.51178,46,9180.052204
252.2508,48,9180.205714
267.7644,50,9180.322867
266.03122,49,9180.434829
271.5866,50,9180.684533
203.29652,39,9180.757757
265.418,51,9180.868703
218.51482,44,9180.948207
262.46555,49,9181.051185
250.01695,47,9181.182303
235.41815,44,9181.258477
228.7187,43,9181.389845
204.61427,39,9181.461982
186.5417,36,9181.575971
175.39316,34,9181.720286
213.42471,41,9181.808126
212.94604,41,9181.944993
261.39996,48,9182.148211
233.94957,44,9182.335621
306.8753,59,9182.557844
354.67514,68,9182.798606
200.35805,39,9182.900448
222.31152,42,9183.009545
183.98463,36,9183.133585
261.3589,50,9183.273932
313.5702,59,9183.413693
472.86166,88,9183.730503
308.47174,57,9183.932658
343.1259,65,9184.076714
227.51736,46,9184.163462
399.49258,76,9184.327469
351.81403,65,9184.4874
395.12836,74,9184.679482
533.26483,114,9185.022386
353.70483,80,9185.312019
533.17914,104,9185.553828
357.51505,81,9185.746465
396.60196,88,9185.919398
273.90604,64,9186.220364
316.82404,72,9186.459208
474.77917,96,9186.802854
375.8337,85,9187.020177
415.43628,96,9187.322479
323.72418,74,9187.600038
444.82043,84,9187.916501
516.99097,101,9188.477362
402.33966,77,9188.681228
374.00394,85,9188.988222
335.01416,65,9189.280208
390.2657,73,9189.525781
332.2814,64,9190.510748
295.08392,55,9190.90835
320.6912,60,9191.074474
521.00275,103,9191.41171
310.42874,59,9191.607984
312.67554,60,9191.761717
433.69458,82,9191.936428
422.17395,94,9192.259754
415.92938,80,9192.445966
422.43866,80,9192.735862
340.53647,66,9192.945387
513.16895,100,9193.296251
339.09854,79,9193.542181
414.561,94,9193.825514
395.45224,82,9194.027169
325.91983,76,9194.285249
283.396,66,9194.575923
293.30185,55,9194.718592
410.01825,79,9194.95407
390.7112,89,9195.244649
288.86334,54,9195.456699
271.29208,52,9195.636659
305.1005,59,9195.772529
298.7542,57,9195.885159
370.8259,72,9196.063974
257.43436,50,9196.172191
523.3713,115,9196.416014
291.96027,54,9196.547066
338.76544,65,9196.663619
313.3198,60,9196.809557
331.06204,77,9197.012184
370.07425,71,9197.15626
522.857,108,9197.391667
372.5112,71,9197.563722
321.50995,62,9197.772159
231.9822,46,9197.956984
324.931,63,9198.138723
232.64401,45,9198.29138
259.46988,50,9198.399403
274.64948,53,9198.532259
396.72043,78,9198.760189
380.84738,73,9198.923464
331.60333,63,9199.118565
275.18686,53,9199.221052
301.3486,61,9199.404743
292.8596,57,9199.547597
351.03506,69,9199.758999
219.13297,46,9199.873753
280.6217,62,9200.069659
296.87637,58,9200.202708
358.51483,79,9200.404321
295.2856,64,9200.601002
372.69153,76,9200.96468
201.06966,43,9201.158177
261.7192,59,9201.311822
169.17072,33,9201.41319
243.72594,55,9201.564513
339.56116,69,9201.794476
259.66302,58,9201.928436
341.80032,68,9202.093752
315.62302,60,9202.29732
425.38437,94,9202.528139
339.01755,67,9202.864925
327.05347,70,9203.076306
200.67708,39,9203.166619
429.16052,87,9203.465971
317.57916,63,9203.624698
327.15057,64,9203.748746
240.44763,46,9203.857462
196.35312,39,9203.953842
223.14932,45,9204.056011
324.96262,65,9204.221724
251.8582,48,9204.367805
336.99374,70,9204.5576
280.28052,60,9204.690057
278.6916,56,9204.873606
414.44565,97,9205.115092
308.69806,64,9205.254785
249.96783,50,9205.353143
228.25858,45,9205.534817
242.67497,46,9205.681513
198.26,39,9205.805169
176.47746,34,9205.876052
217.08621,44,9205.966333
241.98085,47,9206.060419
307.7443,59,9206.230016
324.3661,63,9206.398507
336.12164,68,9206.633528
371.94077,88,9206.849747
326.2841,62,9207.014774
286.81406,56,9207.247815
319.00345,76,9207.4051
391.76163,76,9207.643061
317.32153,61,9207.810455
372.41556,88,9208.111255
468.6056,91,9208.316603
392.6984,75,9208.509758
426.08752,83,9208.757596
403.79382,91,9208.927706
293.25095,56,9209.082834
284.78656,55,9209.197582
243.02908,52,9209.315408
440.1469,90,9209.558671
672.1463,147,9210.122085
399.51645,79,9210.301982
305.59064,58,9210.418391
476.98453,93,9210.693947
689.3365,135,9211.031327
188.17973,37,9211.105956
289.7521,54,9211.222522
348.20288,67,9211.360772
476.51468,92,9211.599451
239.84361,45,9211.696272
350.16833,66,9211.849802
330.91336,63,9211.990888
644.34534,129,9212.362833
420.94727,85,9212.714912
254.42043,51,9212.879333
236.68054,45,9213.063515
151.11882,29,9213.173508
243.92743,47,9213.328661
229.20166,44,9213.449299
184.95079,36,9213.556644
329.64374,64,9213.757342
209.82086,43,9213.935728
317.96075,62,9214.092129
254.69995,48,9214.295936
139.89922,27,9214.363285
212.8365,41,9214.49876
390.92523,70,9214.738321
419.07797,82,9214.964903
390.4864,85,9215.174321
370.40665,82,9215.376941
315.78906,71,9215.623332
325.8867,68,9215.862336
275.16785,60,9216.064619
455.2192,92,9216.328814
468.87378,94,9216.618176
252.64143,57,9216.815203
315.5226,71,9216.956911
326.79242,72,9217.095237
535.00586,104,9217.482287
446.68945,103,9217.751433
238.61479,52,9217.84599
516.6923,101,9218.1096
327.7786,73,9218.299899
329.88107,68,9218.478989
395.54486,78,9218.674464
355.02515,69,9218.818272
313.08557,66,9219.02035
355.3714,73,9219.326564
283.92453,55,9219.443656
347.16397,72,9219.679794
353.34985,67,9219.81302
287.00214,59,9219.995595
392.75314,83,9220.190842
264.02707,53,9220.308625
291.10187,56,9220.436713
174.44452,35,9220.553381
190.90338,36,9220.673496
190.10562,37,9220.819596
171.05406,33,9220.930186
144.43578,28,9221.025195
135.04225,26,9221.114501
270.54446,52,9221.214572
166.78035,32,9221.31359
169.60677,32,9221.432813
156.49529,30,9221.559814
167.11893,32,9221.631898
138.06813,27,9221.678192
159.71155,31,9221.761262
144.24947,28,9221.880574
75.507034,16,9221.918722
75.81733,16,9221.935687
75.81005,16,9221.985698
138.06001,27,9222.100633
153.15689,30,9222.170265
75.81954,16,9222.210801
75.70062,16,9222.244065
80.11825,17,9222.276125
159.67244,31,9222.402902
75.57062,16,9222.461143
127.52212,25,9222.502494
127.97931,25,9222.539826
122.1392,24,9222.632936
148.29585,29,9222.690035
75.59781,16,9222.721249
137.50328,27,9222.905724
163.8185,32,9222.96561
166.4083,32,9223.016514
75.60989,16,9223.057704
140.90746,27,9223.145748
143.61142,28,9223.201262
137.51675,27,9223.289635
75.71387,16,9223.32876
75.8916,16,9223.353616
80.47183,17,9223.379443
75.56182,16,9223.406097
75.67543,16,9223.425594
75.65867,16,9223.452118
75.523895,16,9223.479766
75.8503,16,9223.534185
75.59048,16,9223.558555
75.581314,16,9223.575289
75.804214,16,9223.610177
161.80846,31,9223.664227
159.59863,31,9223.71034
75.68297,16,9223.766541
75.55728,16,9223.804916
137.85933,27,9223.924936
75.66809,16,9223.993858
132.69511,26,9224.075044
127.510994,25,9224.142027
153.92572,30,9224.235856
122.11041,24,9224.336467
121.18402,24,9224.40638
145.98737,28,9224.522667
137.91493,27,9224.591369
115.824425,23,9224.650156
116.148415,23,9224.749538
177.2691,34,9224.867096
277.52692,54,9225.034684
249.52501,49,9225.156686
189.8773,36,9225.305279
154.70482,30,9225.393288
149.60173,29,9225.445177
207.70546,40,9225.523199
155.7427,30,9225.588842
191.88089,36,9225.652693
160.66983,31,9225.757448
161.58362,31,9225.875422
216.13936,44,9226.022322
206.29947,42,9226.196387
390.78732,77,9226.460917
213.38983,44,9226.560389
432.11346,81,9226.789039
482.09433,93,9227.010535
435.54913,82,9227.289186
457.53864,88,9227.546268
355.20966,67,9227.796509
449.10904,85,9228.087456
353.0495,66,9228.21626
359.33963,69,9228.344357
426.46634,80,9228.574292
457.945,87,9228.78896
403.99738,76,9229.076858
587.05975,113,9229.545229
369.36777,71,9229.783444
405.1647,76,9230.115392
283.2409,53,9230.245791
544.01434,105,9230.672305
481.60507,93,9230.937566
476.77325,90,9231.237887
439.35245,83,9231.522489
527.6289,103,9231.933004
448.6655,86,9232.286825
473.17575,90,9232.487045
443.87967,84,9232.821865
606.9539,123,9233.256738
563.362,109,9233.541304
537.39703,106,9233.912595
584.6269,125,9234.327215
381.4106,72,9234.476697
489.1224,94,9234.7604
584.40564,114,9235.058003
401.40253,76,9235.221718
330.9687,62,9235.396656
432.8018,82,9235.595353
516.81573,100,9235.839012
456.9568,91,9236.107481
339.1443,64,9236.258613
341.19177,65,9236.383251
494.7221,94,9236.585216
423.7784,80,9236.757062
609.63684,131,9237.012733
365.33472,82,9237.202922
444.8951,85,9237.417767
265.2199,56,9237.61994
247.1305,54,9237.805064
280.88074,58,9238.051497
267.724,58,9238.205292
483.63416,92,9238.512348
245.59421,53,9238.700026
341.6241,73,9238.935896
451.33804,87,9239.200762
314.42935,64,9239.389866
261.8749,59,9239.539111
479.2836,110,9239.992389
367.32928,71,9240.282941
269.89786,59,9240.493868
482.9348,111,9240.834667
266.01663,58,9241.05766
357.83453,80,9241.322797
575.8775,114,9241.610914
483.16092,111,9241.851543
334.9325,74,9242.071623
262.70544,61,9242.236713
365.3738,85,9242.449403
549.7673,111,9242.8217
412.7973,94,9243.102817
439.24933,84,9243.436681
465.07285,100,9243.6701
460.00073,88,9243.869258
379.3249,75,9244.038755
604.86084,119,9244.399244
278.61047,53,9244.519417
364.86224,70,9244.687583
168.31853,32,9244.755364
228.7928,45,9244.911067
206.9376,42,9245.071254
240.9442,48,9245.235365
271.56384,55,9245.41322
269.99854,58,9245.540218
286.9122,58,9245.782257
269.12054,58,9246.062758
239.69617,49,9246.204413
404.70862,92,9246.460692
534.29785,103,9246.733616
264.33768,56,9246.914267
214.80814,43,9247.005907
372.65298,68,9247.303918
484.94193,108,9247.602717
246.24706,51,9247.811152
209.00276,42,9248.019094
287.9127,61,9248.310991
335.7685,63,9248.532753
507.19495,99,9248.794578
479.7354,93,9249.059734
493.70554,95,9249.446364
491.49753,94,9249.75803
519.29803,101,9250.073919
281.4593,53,9250.224289
287.10992,54,9250.346877
511.12674,100,9250.568778
297.46524,56,9250.690171
416.71997,78,9250.859515
328.98892,77,9251.010813
255.21713,58,9251.121861
564.49884,114,9251.373596
432.1219,82,9251.63065
537.6144,103,9251.892818
516.22473,101,9252.222611
541.459,104,9252.509903
403.98044,78,9252.725041
272.20758,51,9252.835388
498.85168,95,9253.09339
345.26566,65,9253.224073
347.6855,66,9253.402144
320.41058,60,9253.606175
242.94308,46,9253.708437
296.37994,56,9253.825363
244.17456,46,9253.920738
325.91763,62,9254.039599
303.2641,57,9254.168904
508.70245,100,9254.370989
384.04663,72,9254.565862
280.8317,53,9254.71269
292.00983,55,9254.887832
305.9644,58,9255.028887
240.85345,45,9255.245706
260.47113,49,9255.346505
269.9637,51,9255.497207
257.16434,48,9255.614616
256.39554,48,9255.816111
376.4332,73,9255.982001
322.11734,61,9256.12638
272.08157,51,9256.238758
237.91656,45,9256.334373
255.7946,48,9256.471159
195.7287,38,9256.554943
175.4232,34,9256.648728
194.01308,37,9256.769923
236.70691,45,9256.905029
277.95547,52,9257.055217
282.29987,53,9257.166228
232.84863,44,9257.311351
203.01105,38,9257.378788
284.81793,54,9257.491253
225.00441,42,9257.593576
189.06892,36,9257.714474
250.03482,47,9257.796753
288.62875,55,9258.025001
250.3951,48,9258.166151
239.09557,45,9258.348643
280.94067,54,9258.557939
298.97272,58,9258.661879
176.89043,34,9258.72531
390.3913,75,9258.964054
357.452,68,9259.107469
277.92758,54,9259.22341
224.81868,43,9259.306642
346.5402,66,9259.450394
244.23398,45,9259.586764
217.4325,41,9259.685192
267.95044,51,9259.791576
294.458,57,9259.909217
230.52518,44,9260.02795
252.79037,48,9260.148097
339.2302,64,9260.289578
254.1183,51,9260.392778
298.8062,62,9260.54218
327.25848,64,9260.686425
294.03616,56,9260.903359
452.21503,87,9261.074843
263.4949,50,9261.236944
317.49994,62,9261.41092
276.2213,53,9261.518899
265.06143,51,9261.63516
310.3108,60,9261.834038
290.17368,55,9261.935263
335.55655,64,9262.125362
250.33983,47,9262.276036
292.55505,54,9262.444824
270.46356,52,9262.560894
291.20364,54,9262.721023
323.93842,63,9262.985068
244.96992,45,9263.119033
247.8727,47,9263.403949
285.80414,56,9263.531849
349.71704,66,9263.747137
294.1001,57,9263.955246
303.62723,60,9264.105179
236.54187,44,9264.265505
902.8474,186,9264.899352
568.3018,111,9265.324686
208.60808,39,9265.447959
375.31488,73,9265.736981
350.9014,69,9266.016083
265.714,51,9266.187118
331.41113,65,9266.507421
497.74457,98,9266.809765
361.9267,71,9266.9814
308.41556,60,9267.10786
270.05298,50,9267.197461
254.32309,48,9267.281554
267.36716,52,9267.399575
257.77264,51,9267.501133
310.6978,60,9267.637324
262.4711,51,9267.822153
300.11285,59,9267.927857
403.52493,77,9268.097455
301.2799,59,9268.214649
440.1079,86,9268.40373
422.4247,81,9268.641488
391.42938,77,9268.881402
268.02084,52,9268.992805
647.16296,128,9269.470665
283.80588,55,9269.611253
455.69653,85,9269.881092
318.17786,61,9270.024715
269.9048,55,9270.132855
268.4429,54,9270.301496
294.4373,60,9270.452541
342.42648,67,9270.590122
340.39957,66,9270.752985
358.03073,70,9270.955166
382.2491,87,9271.156347
410.19293,79,9271.338248
367.32584,69,9271.497508
271.87408,53,9271.641836
329.13467,64,9271.87186
414.49893,82,9272.131117
483.31064,94,9272.523654
261.18408,51,9272.683321
294.68124,57,9272.847117
331.08603,64,9272.98
396.83682,77,9273.225904
304.0837,58,9273.715147
388.54083,74,9274.33584
295.55258,58,9274.585111
257.9022,51,9275.04323
309.62634,60,9275.288827
325.25833,64,9275.606314
241.94884,47,9276.184279
369.87723,70,9276.612822
148.7172,29,9276.738796
250.08662,49,9277.158904
232.76213,48,9277.534577
293.9363,65,9277.915453
379.75253,75,9278.316338
354.21658,69,9278.644008
364.9077,69,9279.025338
336.22403,66,9279.694379
242.55885,48,9280.125783
127.36552,25,9280.2112
96.51872,19,9280.471007
83.86311,17,9280.561664
107.95947,21,9280.6002
102.05061,20,9280.676701
108.40519,21,9280.722914
233.72922,47,9280.970267
99.894554,20,9281.229002
90.919136,18,9281.53468
102.96362,20,9281.649446
96.91984,19,9281.67613
83.35155,17,9281.74726
109.15382,21,9281.834143
82.698326,17,9281.881295
83.37594,17,9281.912372
96.411835,19,9281.9438
76.48279,16,9282.006041
103.491745,20,9282.040344
83.75319,17,9282.098267
95.4418,19,9282.192288
89.78613,18,9282.246928
102.96861,20,9282.295831
83.33557,17,9282.314534
120.38934,23,9282.564936
96.50902,19,9282.613411
113.16987,22,9282.734974
89.24843,18,9282.798339
103.044876,20,9282.905488
115.341446,22,9283.133649
116.07733,22,9283.238739
115.27911,22,9283.376473
135.53958,26,9283.519155
120.475494,23,9283.721633
119.8677,23,9283.811215
125.72926,24,9283.964783
137.23523,26,9284.004622
131.48138,25,9284.074747
135.6733,26,9284.182133
119.468765,23,9284.272838
124.084145,24,9284.385963
167.43422,31,9284.460843
141.32397,27,9284.55959
115.405815,22,9284.650284
130.59361,25,9284.7212
136.781,26,9284.828127
124.08533,24,9285.042342
196.67337,36,9285.149961
155.01675,29,9285.408276
173.82486,32,9285.505278
160.68257,30,9285.680718
173.48087,32,9285.789642
172.76015,32,9286.015693
124.34775,24,9286.064633
172.03717,32,9286.479348
176.16449,33,9286.622385
173.05377,32,9286.784011
140.9571,27,9287.095486
153.78574,29,9287.39109
181.1991,33,9287.845504
197.56119,36,9287.939147
161.46327,30,9288.074046
164.89171,31,9288.236992
192.38638,35,9288.483844
134.62498,26,9288.53792
164.19492,31,9289.102225
130.32082,25,9289.330406
140.03966,27,9289.577941
124.33144,24,9289.717805
156.0576,29,9289.835501
140.193,27,9290.053152
131.4192,25,9290.109618
162.37764,30,9290.15793
142.42628,27,9290.235644
158.19202,30,9290.323361
165.36624,31,9290.555632
176.19417,33,9290.739238
159.84752,30,9290.936613
149.19496,29,9291.051643
146.08691,28,9291.198637
197.20709,36,9291.304849
141.48457,27,9291.396686
155.54169,29,9291.484581
164.27908,31,9291.554279
140.94583,27,9291.631775
152.06873,29,9291.687656
159.24805,30,9291.735597
152.47125,29,9291.821254
80.31296,17,9291.858876
184.83803,34,9291.916908
154.6722,29,9292.000886
189.36955,35,9292.096283
80.460884,17,9292.182049
116.69326,22,9292.313516
183.63959,34,9292.633325
157.1007,30,9292.968372
155.39413,29,9293.140389
152.91273,29,9293.308537
161.55627,30,9293.547667
166.79366,31,9293.750692
173.9254,32,9294.020165
146.84677,28,9294.391237
171.2576,32,9294.529347
159.6245,30,9294.747928
159.98409,30,9294.916595
156.31917,29,9295.083843
75.50265,16,9295.116576
154.84032,29,9295.262215
141.52313,27,9295.416682
75.81087,16,9295.527694
155.90097,29,9295.654318
168.39334,31,9295.795223
169.04614,31,9295.86482
135.70651,26,9295.936858
144.9332,27,9296.002748
154.62907,29,9296.101587
152.1267,29,9296.185604
136.07436,26,9296.272524
160.1744,30,9296.419194
147.48175,28,9296.58317
166.28139,31,9296.87606
148.48486,28,9297.057999
167.98615,31,9297.218472
157.41391,29,9297.339183
167.3204,31,9297.488648
162.48233,30,9297.603932
151.04306,28,9297.683945
150.42612,28,9297.73324
151.38802,29,9297.831131
167.18047,31,9297.902505
139.5663,27,9297.988186
147.76656,28,9298.0861
155.39941,30,9298.179396
136.79234,27,9298.278258
154.67705,29,9298.362115
172.57405,32,9298.432234
155.6513,29,9298.514679
139.27026,26,9298.637657
157.69612,30,9298.789653
158.66785,30,9298.83942
135.12502,26,9299.042974
149.52917,29,9299.287493
165.89337,32,9299.448066
154.6033,29,9299.677883
163.00182,32,9299.81231
210.23961,40,9299.994221
210.84225,38,9300.275495
206.65366,41,9300.438198
190.0278,37,9300.504578
184.46808,36,9300.565545
167.9689,33,9300.684757
181.86653,36,9300.880097
199.2015,38,9301.068578
176.07295,34,9301.421535
247.60434,46,9301.797265
237.61168,47,9301.925445
205.48898,39,9302.001605
238.82579,47,9302.158158
403.4687,78,9302.504789
239.0361,45,9302.815931
402.63147,80,9303.171641
170.8906,33,9303.336635
473.51343,99,9303.74727
296.12924,58,9303.946131
357.64062,74,9304.329692
348.10114,72,9304.51802
80.66546,17,9304.724387
181.26328,36,9305.079345
245.67085,48,9305.492727
304.78207,66,9306.036414
254.03001,51,9306.516386
583.22797,118,9307.098973
379.13046,77,9308.015212
219.67943,48,9308.427521
297.07587,64,9308.844847
507.69852,104,9309.111091
305.96948,67,9309.341994
326.01907,73,9310.270962
360.7164,72,9310.453494
616.2129,121,9311.195118
701.24133,152,9312.016374
655.9834,139,9312.513691
485.1498,106,9313.072876
606.4334,117,9314.120024
544.27216,116,9314.886345
321.45865,62,9315.258783
339.32953,66,9315.574213
396.4698,77,9316.017804
371.28674,72,9316.701178
577.3448,111,9317.497453
288.97696,55,9317.774029
389.0875,73,9318.373471
401.51617,77,9319.270547
279.94296,54,9319.475753
303.87503,59,9319.905216
591.58716,111,9320.575696
306.22424,58,9320.954691
344.8745,78,9321.436307
504.8612,102,9321.676679
319.08386,72,9321.883009
386.43948,77,9322.842516
233.12634,45,9323.021754
430.54486,84,9323.694232
437.37976,92,9324.540732
447.46753,90,9325.549394
401.99234,76,9326.17187
493.3124,101,9326.907668
350.30325,71,9327.600081
297.2887,57,9327.985796
234.18153,43,9328.292479
271.44577,52,9328.538401
294.57477,54,9328.830796
287.2913,54,9329.273725
368.79132,71,9329.54153
348.4745,67,9329.831473
592.2999,119,9330.271696
151.93182,31,9330.495916
193.22054,39,9330.860898
425.7473,86,9331.251745
194.61392,39,9331.367849
316.887,59,9331.621506
101.01732,20,9331.717238
114.83287,22,9331.844064
95.91164,19,9331.903227
335.15997,64,9332.202138
157.23561,31,9332.514605
325.69925,64,9332.79419
293.92947,56,9333.011085
262.1873,51,9333.196264
353.58923,66,9333.591801
248.5988,56,9333.965307
513.1828,102,9334.531391
394.40372,82,9335.038959
341.18213,64,9335.466508
455.65454,88,9336.083738
109.50107,22,9336.231617
204.62778,40,9336.424177
321.9149,61,9336.757124
266.0071,51,9336.993408
241.7385,46,9337.303158
467.61023,90,9337.886808
225.44592,43,9338.371357
234.35187,45,9338.693817
429.75146,81,9339.200887
317.98264,72,9339.624315
211.56593,43,9339.840164
277.8394,64,9340.233535
284.30988,63,9340.768614
277.50522,62,9340.898284
284.96167,63,9341.007622
270.81757,60,9341.286167
407.09125,78,9341.919642
944.78577,209,9343.322846
191.01266,41,9343.709075
496.38928,103,9344.680236
320.8113,73,9345.252971
584.50806,116,9346.16664
347.77673,69,9346.692246
378.72867,77,9347.134734
317.7561,62,9347.678859
487.40796,94,9348.201902
268.5146,52,9348.522884
284.05698,53,9348.624762
248.64746,48,9348.738549
262.25842,49,9348.871083
220.94325,42,9349.049054
308.88342,59,9349.263387
171.36534,33,9349.353871
318.46027,59,9349.619318
174.78525,33,9349.765871
216.28026,41,9349.912209
179.05391,34,9349.977326
163.9112,31,9350.045429
264.70657,48,9350.130189
282.9244,57,9350.386737
246.1902,48,9350.971853
274.82208,53,9351.290895
158.05281,31,9351.379199
190.87378,36,9351.596431
294.32602,56,9351.763133
330.52194,64,9352.036645
244.65773,48,9352.251551
340.02103,65,9352.395595
337.4445,65,9352.59904
321.44577,61,9352.88581
286.3553,54,9352.976448
200.6424,38,9353.048521
223.57397,42,9353.124102
224.72504,42,9353.206139
150.49852,29,9353.320918
217.85788,42,9353.444279
145.44252,27,9353.550845
127.93408,24,9353.725423
109.13013,21,9353.81126
115.37984,22,9353.907082
127.84723,24,9354.019446
115.260735,22,9354.1005
121.74087,23,9354.158636
139.864,26,9354.268435
142.19768,28,9354.320559
150.14851,28,9354.364724
648.20807,127,9354.683771
500.6961,97,9354.975207
473.92307,90,9355.468951
294.47226,57,9355.746015
522.9225,103,9355.950131
373.97864,74,9356.380426
343.7536,66,9356.809272
364.19315,72,9357.148975
490.06018,96,9357.393181
629.6195,122,9358.256497
258.01608,54,9358.639692
225.51353,49,9358.857358
584.3201,116,9359.664819
407.5095,80,9359.923582
347.0317,69,9360.045126
288.17435,64,9360.318979
498.7219,103,9360.550538
248.8967,57,9360.768489
270.37668,56,9360.94466
304.7628,60,9361.229013
382.34442,85,9361.539681
261.3966,58,9361.660442
349.89685,77,9362.290122
364.8594,76,9362.621044
270.12274,55,9362.86324
233.1864,54,9363.32295
375.8213,75,9363.619375
357.00327,77,9363.955906
473.4014,98,9364.590061
238.93233,55,9364.879364
373.11722,76,9365.196618
376.3815,77,9365.531876
366.01993,76,9365.942559
350.44824,72,9366.504161
274.72974,65,9367.468845
245.16756,48,9368.021348
383.46585,77,9368.868971
307.28372,60,9369.461034
291.0355,59,9369.921414
214.42264,43,9370.286307
228.57376,46,9370.544317
254.11285,50,9370.802855
229.97112,46,9371.218346
173.7067,36,9371.299264
245.29622,48,9371.39324
192.84601,39,9371.590768
178.16017,36,9371.954141
301.11194,62,9372.334015
325.03702,65,9372.502748
266.20288,53,9372.610199
221.13745,43,9372.738344
196.8429,39,9372.878313
288.87106,57,9373.101054
263.7233,51,9373.319864
351.5121,70,9373.659325
261.73727,51,9374.202708
392.18784,78,9375.073718
511.97842,103,9375.590939
389.35822,78,9376.342818
282.91736,55,9376.761123
380.1676,74,9377.091764
248.7918,50,9377.530871
307.5135,62,9377.759556
325.43933,66,9377.992383
253.80464,52,9378.242465
214.19867,43,9378.496767
296.80945,57,9378.646164
262.5406,50,9378.749069
291.48932,55,9379.108282
224.63197,42,9379.633523
293.6616,57,9380.000136
247.40042,45,9380.407313
232.14586,43,9380.527281
247.07692,47,9380.703412
236.81047,43,9381.034497
251.78648,46,9381.166186
235.61153,43,9381.573285
312.47592,61,9381.807319
247.3463,45,9381.890379
253.80838,46,9382.001116
254.06905,46,9382.150862
242.76015,44,9382.561046
252.24173,46,9383.026271
248.63765,45,9383.303475
251.26219,46,9383.469667
242.05789,44,9383.659828
248.36154,45,9383.797026
221.22467,41,9383.98497
267.44824,49,9384.139843
244.06891,45,9384.384446
276.26434,50,9384.807795
279.83765,51,9385.306272
227.61494,42,9385.759994
272.4091,49,9386.252352
248.78474,45,9386.72068
258.6676,48,9387.028019
217.88203,41,9387.232564
233.57898,44,9387.49194
258.78418,47,9387.599471
260.02228,48,9388.170338
241.3098,44,9388.631225
273.747,50,9388.951978
250.56163,46,9389.28928
250.63434,46,9389.542509
277.72156,51,9389.884072
285.7308,52,9390.049314
289.75366,53,9390.406672
268.643,49,9390.589612
296.8759,54,9390.860697
311.11295,57,9391.013023
291.27902,53,9391.114528
262.38437,48,9391.233828
255.59409,47,9391.314861
281.63022,52,9391.405361
276.0288,51,9391.527047
305.46304,56,9391.826813
305.25955,56,9392.339715
250.63702,46,9392.887732
261.033,48,9393.100274
272.01736,50,9393.544888
281.04553,51,9394.157092
292.19684,53,9394.530336
286.36624,52,9394.906133
300.6421,55,9395.127237
291.64566,53,9395.493272
296.60956,54,9395.879665
303.3058,55,9396.176423
318.7103,58,9396.436541
294.23663,53,9396.681419
324.01202,59,9396.876942
284.70255,52,9397.319266
307.42917,56,9397.658526
307.40665,56,9398.039222
285.14325,52,9398.446099
313.1895,57,9399.104078
306.17905,56,9399.396717
299.62506,55,9399.510365
314.27127,57,9399.860099
308.44537,56,9400.353953
314.40622,57,9400.616815
296.6516,54,9400.758666
288.22705,52,9401.328872
302.4732,55,9401.862722
251.51248,46,9402.166875
267.54736,49,9402.58343
300.57202,55,9402.856572
272.84222,50,9403.465127
278.84244,51,9403.766408
266.66815,49,9404.187928
274.48,50,9404.525729
312.6028,57,9405.151717
293.02023,53,9405.541669
305.55136,56,9405.988441
307.70123,56,9406.212542
336.77765,61,9406.663251
302.32034,55,9407.037706
275.9281,50,9407.690494
303.18124,55,9407.91504
302.9515,55,9408.57033
324.27588,59,9408.742239
284.5074,52,9409.44247
304.54453,55,9409.776874
308.4887,56,9409.942921
320.02332,58,9410.087267
342.33463,62,9410.44572
314.10526,57,9410.801018
318.6585,58,9411.56742
298.6854,54,9411.8961
302.6159,55,9412.167096
303.055,55,9412.447015
292.85245,53,9412.945432
303.50897,56,9413.40248
298.1058,54,9414.146355
328.3644,60,9414.666319
323.36105,59,9415.091381
286.02148,52,9415.637692
272.46585,50,9415.789869
302.88126,55,9416.194096
271.77142,50,9416.766329
272.33075,51,9417.154762
285.55835,52,9417.642978
196.83011,38,9417.827559
308.54657,57,9418.0458
302.999,55,9418.154962
248.83424,47,9418.257521
320.59528,58,9418.382224
288.69016,54,9418.771786
214.62766,41,9419.220799
291.50635,55,9419.461618
320.52634,59,9419.666477
258.24765,48,9420.065289
303.16367,55,9420.57303
317.37714,58,9421.03222
307.13943,56,9421.443296
303.72195,55,9421.741127
307.4548,56,9421.976623
177.39406,34,9422.142242
298.45175,54,9422.4658
295.1685,54,9422.787781
270.65454,50,9422.97497
292.39053,54,9423.245116
282.67926,51,9423.57391
298.79147,54,9423.89545
270.3656,50,9424.334137
346.33826,63,9424.886884
319.24863,58,9425.06562
315.01248,57,9425.279639
297.65735,54,9425.628101
292.47882,53,9425.928507
329.88638,60,9426.305207
297.52475,54,9426.530096
302.9765,55,9426.860879
308.96506,56,9427.043103
291.9062,53,9427.258101
274.09906,50,9427.446161
310.50974,57,9427.650803
234.21274,45,9428.072608
242.93793,45,9428.623875
269.46332,50,9428.868358
215.87639,42,9429.152625
254.45178,48,9429.792954
221.55176,42,9430.103467
290.39734,54,9430.49304
169.7594,34,9430.70189
233.39975,44,9431.313673
229.96225,44,9431.55895
199.03766,38,9431.84936
266.59122,49,9432.324849
321.57645,58,9432.92366
278.24075,51,9433.241632
288.0225,53,9433.484439
308.62564,56,9433.708399
331.92697,60,9434.110672
271.56705,50,9434.332789
317.80396,58,9434.675631
278.6594,51,9434.928427
286.04556,52,9435.317319
292.5288,54,9435.75478
291.77808,53,9436.16768
314.25415,57,9436.404717
286.5107,52,9436.522595
201.05904,38,9436.803667
290.89966,53,9437.201462
248.25932,46,9437.490524
304.0618,56,9437.609692
259.88306,49,9437.748097
270.393,50,9438.127701
279.67792,51,9438.64039
238.73141,45,9439.091564
190.2525,36,9439.386017
228.04974,43,9439.640841
258.32126,48,9439.942012
162.09917,32,9440.162089
196.27264,38,9440.367162
201.66574,38,9440.690691
221.45609,43,9440.837527
198.92459,38,9441.025228
185.11922,36,9441.26517
161.84799,32,9441.594307
220.00375,42,9441.903824
167.57549,33,9441.977144
201.5907,39,9442.131993
186.88394,36,9442.535289
181.48163,35,9442.846198
225.05396,43,9443.113962
248.90407,46,9443.209311
208.54414,40,9443.324308
313.9117,57,9443.882833
300.2528,54,9444.271297
319.25287,58,9444.495772
291.24377,53,9444.649811
293.21198,53,9445.171546
248.91241,46,9445.542413
249.06837,47,9445.848102
286.2038,52,9445.984538
273.73367,51,9446.216785
261.9901,49,9446.404052
263.28415,50,9446.569825
223.81133,43,9446.740956
175.44965,34,9446.880469
208.64192,40,9447.152764
290.61652,53,9447.273983
245.2369,46,9447.428246
245.65598,47,9447.585363
245.44852,46,9447.936777
253.3691,48,9448.546764
287.96152,52,9448.697561
290.79764,53,9449.135151
310.5333,56,9449.754154
300.48074,55,9450.016647
297.72183,54,9450.495467
304.0086,55,9450.840932
309.78784,56,9451.268187
296.92593,54,9451.929463
309.5266,56,9452.72599
309.74005,56,9453.426145
287.77808,52,9453.923666
298.89102,54,9454.498385
315.23093,57,9455.210442
287.0371,52,9455.767818
292.76447,53,9456.067753
278.2568,52,9456.599214
300.5298,55,9457.121675
292.25424,53,9457.7152
292.3276,53,9458.173626
287.1991,52,9458.48361
286.97147,52,9458.611474
314.3916,57,9458.821664
325.06567,59,9459.071622
325.44614,59,9459.626414
297.50067,54,9459.89435
302.3183,55,9460.013483
319.5473,58,9460.516827
281.94363,51,9461.027363
298.77634,54,9461.363905
303.2609,55,9461.564105
297.99576,54,9462.014277
298.1933,54,9462.603334
324.398,59,9462.981243
308.70792,56,9463.51572
329.476,60,9463.929705
302.57635,55,9464.248127
286.62012,52,9464.644883
291.59396,53,9464.94198
297.04102,54,9465.064508
281.48706,51,9465.388147
314.60785,57,9465.7837
308.84845,56,9466.200483
330.21957,60,9466.876696
293.0591,53,9467.291513
318.53775,58,9467.441177
297.93076,54,9467.690816
303.47885,55,9467.980175
303.4163,55,9468.449532
329.81497,60,9468.668165
281.42816,51,9469.003704
292.27655,53,9469.349572
314.34048,57,9470.125122
308.6302,56,9470.549109
303.633,55,9470.988457
330.48334,60,9471.659879
292.17865,53,9472.185234
298.11337,54,9472.570671
318.84338,58,9473.244865
308.55444,56,9473.463349
263.24524,49,9473.683934
281.5437,51,9474.05064
296.01202,55,9474.465383
319.33435,58,9474.790793
319.20746,58,9475.249466
314.84796,57,9475.559787
274.59613,50,9475.85201
302.8241,55,9476.089055
293.26178,53,9476.390447
302.8364,55,9476.634684
325.15308,59,9476.863167
319.25275,58,9477.101891
329.712,60,9477.247886
326.5691,60,9477.690549
309.35654,56,9478.096456
328.16553,60,9478.448892
330.837,60,9478.573054
301.74374,55,9478.663631
262.4972,49,9478.753762
261.55667,49,9478.875882
252.42708,47,9479.417917
311.09723,57,9479.77048
304.03268,57,9480.647189
307.79825,56,9481.960995
334.96237,61,9482.560774
336.78433,61,9483.423977
283.9757,53,9484.265419
340.9655,62,9484.914464
360.81384,67,9485.962821
261.29797,50,9486.91748
281.1832,54,9487.417629
322.29968,59,9487.716754
365.79248,67,9488.373339
338.47205,68,9489.06702
247.33972,50,9489.419554
298.59958,56,9489.688516
238.55544,47,9490.215431
230.3072,46,9490.735346
322.67554,64,9491.440529
289.74548,55,9492.340464
204.69421,40,9492.734635
214.1537,43,9493.060186
256.3896,51,9493.666484
288.17627,55,9494.189604
263.80695,53,9494.975841
316.95685,58,9495.440542
334.39893,63,9495.964254
345.85257,63,9496.372922
246.49173,50,9497.120015
334.45807,61,9497.586597
363.24127,66,9498.147729
180.23154,35,9498.557587
273.17947,51,9498.727285
236.5298,45,9499.011271
186.01704,36,9499.179984
235.06271,45,9499.385614
279.8681,52,9499.562091
183.55894,35,9500.100984
253.27005,48,9500.490221
211.58218,40,9500.593149
253.73482,48,9500.733679
205.17441,39,9501.000991
213.80046,41,9501.59254
253.39775,47,9501.944615
169.75188,33,9502.264222
194.9507,37,9502.56376
171.8972,33,9502.82056
175.34877,34,9503.114938
240.45361,45,9503.63976
269.29962,50,9504.098085
220.8385,42,9504.722934
312.47614,57,9505.510472
250.24171,47,9506.236364
295.36816,54,9506.833629
303.50082,55,9507.322836
315.1992,57,9507.500953
339.79138,62,9508.120124
330.76865,60,9509.144974
245.30544,47,9509.707083
428.08624,83,9510.488469
363.11298,67,9510.724491
313.2688,57,9511.103217
275.19763,51,9511.422333
313.92993,57,9511.903213
334.23895,62,9512.880932
313.82645,57,9513.707227
266.74405,50,9514.292004
296.85117,54,9515.287153
302.98758,55,9515.903985
301.8643,55,9516.244509
229.31277,44,9516.943361
236.3467,45,9517.507392
279.8355,51,9518.234152
309.67535,56,9518.817281
267.0462,50,9519.167279
324.1443,62,9519.458271
296.50778,55,9519.641938
279.72818,52,9520.045572
236.56454,45,9520.307302
253.1508,48,9520.774204
330.77423,61,9521.257955
289.5984,53,9521.771868
263.2658,49,9522.449752
182.77666,35,9522.89973
213.76215,41,9523.335146
224.58197,42,9523.763227
207.72955,40,9524.02997
251.0062,47,9524.389785
279.32883,51,9524.603763
278.81097,51,9524.975252
247.29256,47,9525.454174
293.5427,54,9525.937085
279.90317,51,9526.224118
320.38974,58,9526.965707
245.08278,46,9527.679146
294.9654,55,9528.505933
281.8433,53,9528.925887
230.26459,44,9529.274599
221.54498,43,9529.701172
315.0278,58,9530.19882
213.03738,41,9530.608209
311.4502,57,9531.317546
203.42543,39,9531.682017
243.21835,46,9532.171828
360.16,66,9532.563743
264.03577,51,9533.088241
208.06586,40,9533.311682
259.38068,49,9533.494525
324.58765,60,9534.224004
192.70857,41,9534.537728
220.87682,45,9534.65495
229.3437,45,9535.127356
170.57423,36,9535.189052
183.30754,38,9535.488194
232.69766,48,9535.821724
245.1939,48,9536.112297
223.37587,44,9536.349978
224.21901,43,9536.717129
169.8453,36,9536.968645
206.44165,40,9537.237134
220.00117,44,9537.527977
167.80518,35,9537.742359
228.1119,44,9538.25979
161.8791,34,9538.996601
258.1703,48,9539.670844
213.0506,41,9540.552855
232.2529,45,9540.917102
309.25333,59,9541.768453
276.1642,54,9542.261172
354.31757,65,9542.592488
230.60066,44,9542.678433
295.37418,54,9542.970362
340.3407,62,9543.701034
433.00894,83,9545.092148
295.49792,55,9545.441638
328.31787,60,9546.573276
292.97916,53,9547.352245
268.40692,50,9547.970234
329.2437,60,9548.569838
301.7954,55,9549.629433
292.42746,53,9550.032238
325.25607,59,9550.626137
296.52362,54,9551.075907
292.29596,53,9551.969756
308.8073,56,9552.514622
297.36932,54,9553.332047
293.071,53,9554.106968
313.35144,57,9554.718745
303.98663,55,9555.218876
330.03278,60,9556.264652
323.9419,59,9557.534282
303.4064,55,9558.283923
286.04343,52,9559.283849
273.4521,51,9559.596833
291.35693,53,9560.373202
268.3446,50,9560.987262
308.9102,56,9561.354382
314.70267,57,9561.860731
292.0173,53,9562.379009
314.45114,57,9562.520193
291.46243,53,9562.704673
312.6248,57,9563.465255
292.1267,53,9564.50014
296.4249,55,9564.866554
335.3644,61,9565.172447
303.35507,55,9565.553684
303.5949,55,9566.041977
298.05942,54,9566.550076
308.50488,56,9566.86462
319.3192,58,9567.523211
299.0362,54,9567.898549
312.22168,57,9568.523089
373.67267,69,9568.998719
339.9604,62,9569.58691
349.4335,64,9570.212964
322.52597,59,9570.675501
318.0649,58,9571.267759
396.84534,73,9572.356858
