#{"t_start": 1756072155.0429883, "env_id": "None"}
r,l,t
81.58556,17,1.78628
81.44054,17,1.869076
156.74362,32,2.047132
86.13021,18,2.119098
97.638626,20,2.203511
76.44084,16,2.27406
82.6733,17,2.349568
76.8925,16,2.424907
81.33239,17,2.498241
190.19652,37,2.661593
76.429504,16,2.733796
126.54789,27,2.85263
147.35365,32,2.986479
152.98448,32,3.132783
159.38199,31,3.310189
119.79043,23,3.457565
93.714,20,3.587939
81.467834,17,3.666269
175.07545,34,3.862203
92.23395,19,3.97202
81.214096,17,4.040742
98.5821,20,4.148003
76.30257,16,4.209588
81.27367,17,4.290637
88.709785,18,4.412426
76.30788,16,4.490615
76.48422,16,4.560385
81.41373,17,4.680936
86.709946,18,4.775025
86.13801,18,4.856651
110.43683,25,4.972378
88.66164,18,5.058667
122.53759,25,5.180561
135.12962,27,5.326936
92.95504,19,5.415325
81.55542,17,5.503814
81.95078,17,5.583107
133.38797,27,5.730522
93.11017,19,5.823349
123.983574,27,5.966985
191.27744,38,6.151531
97.36863,20,6.246441
81.09493,17,6.334126
86.04176,18,6.423266
81.4156,17,6.516215
76.57378,16,6.594707
95.01066,19,6.685867
87.46865,18,6.772823
86.89225,18,6.882401
135.97208,27,7.013087
111.24241,24,7.108158
81.11112,17,7.18259
81.21978,17,7.251718
86.01036,18,7.338869
117.1087,23,7.45849
148.70287,33,7.626248
130.52032,26,7.73125
86.142456,18,7.805138
121.394844,24,7.90801
164.029,35,8.062301
107.32443,22,8.162955
86.92028,18,8.248034
112.09231,23,8.351202
85.68776,18,8.417678
111.39885,23,8.496466
81.21029,17,8.542243
89.34068,19,8.60866
81.26465,17,8.685601
147.41617,29,8.796095
81.48915,17,8.877289
87.2885,18,8.95294
112.99761,23,9.065253
76.59976,16,9.125734
81.45446,17,9.188065
107.4869,22,9.285465
87.508415,18,9.361978
81.61375,17,9.40742
86.42262,18,9.512923
76.533165,16,9.575577
81.28599,17,9.636024
99.54778,20,9.720574
120.187,26,9.831272
76.60024,16,9.871144
76.33012,16,9.923682
101.2194,21,10.015539
102.78262,22,10.120075
138.05327,28,10.232364
88.250404,18,10.296177
152.67056,30,10.437363
128.94348,27,10.58306
99.18322,20,10.677719
98.08643,22,10.820302
81.38113,17,10.908421
147.6154,29,11.061107
76.5013,16,11.138169
76.727745,16,11.206431
97.11014,20,11.294577
76.33264,16,11.401382
86.65914,18,11.487616
81.48443,17,11.570602
157.29973,33,11.727788
127.88857,25,11.858869
81.04078,17,11.934811
76.296104,16,11.98761
81.55154,17,12.062861
81.25094,17,12.143707
112.31369,23,12.266469
86.16598,18,12.36376
81.29549,17,12.443415
184.25726,39,12.616638
81.08246,17,12.690059
81.33614,17,12.771554
93.384895,19,12.903556
85.84542,18,13.006932
81.15721,17,13.096356
102.12735,21,13.188954
82.10532,17,13.251099
81.48075,17,13.348234
76.44219,16,13.413692
91.71156,19,13.501271
96.11379,20,13.616545
76.62175,16,13.68885
123.368996,25,13.813054
123.29671,26,13.933876
76.8028,16,14.022031
87.32545,18,14.118479
157.06944,35,14.302694
82.14242,17,14.424963
153.7007,32,14.555852
91.31321,19,14.637866
81.61463,17,14.711183
99.33297,21,14.792569
208.95537,43,14.983215
76.66701,16,15.051571
148.78726,30,15.186299
192.39595,39,15.390977
100.59838,20,15.477709
98.09607,20,15.583629
146.2517,32,15.714937
100.92072,23,15.83803
81.40544,17,15.893435
76.30482,16,15.945252
145.37346,28,16.104753
86.644135,18,16.187796
166.96797,33,16.345655
81.76236,17,16.405904
160.10771,32,16.549728
200.05084,41,16.744603
94.1437,19,16.823866
93.07688,19,16.909396
98.061295,20,16.996601
98.30608,20,17.079895
81.16641,17,17.164149
76.3925,16,17.239986
119.877556,24,17.360409
95.15328,20,17.447274
98.41685,20,17.533825
76.41043,16,17.6058
81.076614,17,17.704013
182.88301,39,17.911475
87.201546,18,18.004933
98.89033,20,18.124869
170.5599,34,18.294029
160.75104,32,18.438514
166.45963,34,18.55382
87.31719,18,18.635159
81.29672,17,18.710374
81.45806,17,18.800835
95.67884,20,18.891461
76.517296,16,18.965847
87.60213,19,19.059896
81.36442,17,19.157961
81.387924,17,19.248504
81.68299,17,19.330681
104.39107,22,19.45714
81.539665,17,19.562285
119.51351,24,19.700873
81.90976,17,19.78296
86.91304,18,19.913456
92.36692,19,20.003345
98.03598,20,20.089469
96.42251,20,20.197208
86.88553,18,20.24928
81.50346,17,20.35684
81.396545,17,20.413256
76.49178,16,20.481697
111.88209,23,20.569957
91.696915,19,20.65451
76.78781,16,20.719115
76.28413,16,20.786154
103.46289,21,20.908292
81.32817,17,20.980212
173.54572,36,21.143408
119.87906,24,21.245605
81.321815,17,21.320425
101.751045,21,21.4247
87.00244,18,21.527927
202.26376,41,21.703301
81.096405,17,21.786267
94.45738,19,21.873428
109.425865,23,21.976463
87.508995,18,22.046045
81.30858,17,22.117999
76.54927,16,22.218421
120.210785,25,22.32137
81.22281,17,22.395566
93.167564,19,22.477376
81.38757,17,22.584044
81.2853,17,22.658045
102.32582,21,22.741827
108.89709,22,22.846985
135.9963,29,22.974379
92.079735,19,23.037097
146.6635,29,23.130337
98.87164,21,23.268063
86.00577,18,23.46001
85.777336,18,23.540348
86.50011,18,23.664791
125.107506,25,23.791789
86.67815,18,23.888284
121.22302,25,24.05937
81.40751,17,24.114911
157.26025,31,24.263725
156.04666,33,24.390763
87.71841,18,24.465906
146.8461,29,24.593546
81.44908,17,24.682507
81.33339,17,24.752964
117.83276,24,24.865746
120.16561,25,24.971393
87.23093,18,25.068822
143.10358,28,25.199927
81.38541,17,25.266905
96.46988,21,25.349846
81.31917,17,25.422771
76.61384,16,25.494867
81.54971,17,25.57876
81.392166,17,25.657512
86.07232,18,25.734368
81.42081,17,25.841951
139.96866,28,25.994155
86.335915,18,26.072881
111.39265,23,26.173244
81.48427,17,26.250036
93.58832,19,26.337964
81.36209,17,26.4228
81.411606,17,26.522333
150.68404,30,26.686407
111.406075,23,26.784582
97.25823,20,26.87528
161.0088,32,27.020349
204.0822,40,27.205415
81.51149,17,27.27265
121.44081,24,27.414703
81.11089,17,27.514786
81.271866,17,27.601094
93.37071,19,27.692758
164.95534,32,27.824825
81.012024,17,27.893496
86.46497,18,27.974172
164.89075,33,28.114053
81.46719,17,28.226825
87.1828,18,28.344566
126.16381,25,28.470359
112.43008,25,28.587752
81.35972,17,28.662978
81.24003,17,28.755155
81.066895,17,28.846224
76.31915,16,28.914948
82.5873,17,28.994919
87.41101,18,29.071718
86.60378,18,29.190011
106.889305,22,29.340043
81.38846,17,29.483705
81.250465,17,29.574779
159.86502,32,29.83062
81.293335,17,29.900412
131.64561,29,29.993769
81.44754,17,30.059434
132.87692,27,30.215864
125.21149,28,30.381802
81.444145,17,30.491955
80.96404,17,30.575378
164.4202,33,30.738595
116.959595,23,30.856939
87.849815,18,30.933473
81.3898,17,31.053128
87.16893,18,31.156595
112.699776,22,31.29908
81.36519,17,31.429468
117.39665,24,31.519747
85.86424,18,31.638506
86.55875,18,31.709654
160.84927,32,31.89852
76.57341,16,31.99385
81.08675,17,32.074406
81.2841,17,32.159107
87.75501,18,32.271714
81.68591,17,32.323096
81.22442,17,32.415773
114.44642,26,32.542674
150.00577,30,32.697446
154.19347,30,32.878803
76.42855,16,32.951814
144.21205,28,33.081392
81.47662,17,33.160081
102.54458,21,33.269228
97.06696,20,33.345189
123.44887,26,33.481574
81.415276,17,33.572877
81.22799,17,33.658699
81.37238,17,33.718549
156.06229,31,33.843936
97.6809,20,33.949505
93.02609,19,34.023688
121.30351,24,34.146815
84.777596,18,34.217528
82.81818,17,34.282193
81.059814,17,34.362445
116.68744,26,34.477556
138.91269,27,34.576822
81.1914,17,34.642245
138.92163,28,34.769769
189.3492,39,34.958422
131.06987,29,35.096011
106.078026,21,35.187288
141.06465,29,35.342307
204.05965,41,35.511229
81.91984,17,35.584432
76.572395,16,35.697011
76.2895,16,35.753342
81.36524,17,35.825402
87.56817,18,35.920567
81.07141,17,35.992909
86.220665,18,36.076993
113.104385,23,36.178647
97.29281,20,36.300398
98.20031,20,36.376582
115.70022,24,36.481622
82.43302,17,36.550365
76.73633,16,36.631469
81.43592,17,36.703332
116.56385,25,36.801843
102.86158,21,36.884225
123.50437,27,37.014678
148.53476,29,37.144802
150.76938,33,37.328038
103.84917,21,37.460733
81.19577,17,37.535086
76.76679,16,37.60434
152.3442,29,37.729594
76.465385,16,37.797102
97.87495,20,37.888376
81.46654,17,37.965992
96.30946,20,38.071933
87.017166,18,38.132473
86.31826,18,38.214951
86.53948,18,38.390613
81.16269,17,38.49957
191.47101,41,38.703899
112.93322,23,38.84374
86.38776,18,38.929003
81.07017,17,39.001846
92.14892,19,39.088393
105.697815,21,39.255391
91.864296,19,39.334427
76.51659,16,39.395502
81.05552,17,39.48676
106.68123,22,39.622577
86.758316,18,39.711425
112.54267,24,39.837938
122.43946,25,39.928629
106.13496,22,40.00613
81.92335,17,40.10591
81.311806,17,40.191689
114.90427,23,40.305984
122.75569,24,40.417327
200.81259,38,40.601197
86.118744,18,40.675956
108.400955,22,40.769186
81.102554,17,40.832123
86.168304,18,40.9319
76.51234,16,40.999785
88.057526,18,41.076372
109.483185,22,41.155626
108.97035,22,43.090634
81.424904,17,43.180437
92.96415,19,43.292002
81.50354,17,43.363284
104.40847,21,43.426455
145.43083,31,43.558382
156.06496,30,43.700261
182.23691,39,43.970129
102.61952,21,44.098157
76.65931,16,44.154128
81.14082,17,44.217254
81.275566,17,44.298775
153.13474,32,44.419058
81.33373,17,44.482121
81.40335,17,44.555544
112.64371,23,44.64173
162.28465,36,44.79875
87.71344,18,44.879662
90.645874,19,44.937638
81.109375,17,45.003559
76.33453,16,45.08092
124.86121,26,45.226222
136.04974,27,45.429709
148.37143,32,45.606503
81.15708,17,45.670305
119.09164,24,45.792365
81.42167,17,45.878304
87.00861,18,45.962598
76.57756,16,46.085738
93.27608,19,46.170368
92.540535,19,46.254655
143.6548,30,46.425501
111.19657,22,46.522076
87.10367,18,46.607659
83.945206,18,46.710826
81.487625,17,46.818514
98.786606,20,46.913321
96.90703,20,46.992682
76.82335,16,47.132794
86.78344,18,47.231479
81.52281,17,47.312774
88.46092,18,47.384162
170.11444,34,47.528918
81.01974,17,47.599284
105.81495,21,47.696581
101.70214,22,47.796103
94.19461,19,47.877189
92.281166,19,47.970425
115.79965,23,48.079632
151.6571,30,48.201585
81.008736,17,48.268548
88.32177,18,48.333974
104.27055,21,48.448214
102.16768,21,48.55103
188.9688,39,48.732184
156.39592,30,48.887527
169.54364,33,49.036772
71.5946,15,49.110476
102.56587,21,49.208519
89.8145,19,49.287202
81.40166,17,49.372609
132.76846,26,49.574516
105.12829,23,49.663332
103.43486,21,49.784519
130.00182,26,49.927684
80.96769,17,50.000137
123.07234,25,50.107708
76.41943,16,50.174
81.446205,17,50.248149
212.72107,45,50.471069
76.5417,16,50.542266
81.498276,17,50.626199
121.950264,24,50.761372
166.47763,34,50.943136
177.9698,36,51.164992
97.59129,20,51.291401
81.33781,17,51.429959
81.34856,17,51.477551
86.02587,18,51.540376
76.44099,16,51.605989
138.25568,27,51.746475
143.93651,29,51.855346
81.48705,17,51.961115
81.26608,17,52.043624
187.19232,40,52.244476
161.29535,31,52.372642
86.59074,18,52.471276
86.92484,18,52.557733
97.392715,20,52.638251
85.81627,18,52.716911
171.93083,35,52.86475
131.97897,27,52.968858
93.270294,19,53.06282
152.84476,33,53.205356
86.272896,18,53.291452
136.55818,29,53.436926
81.67065,17,53.51253
81.63257,17,53.592162
76.59245,16,53.661189
174.17381,34,53.816317
165.18727,36,54.005096
87.29163,18,54.042668
76.38006,16,54.072889
151.20517,29,54.214806
81.218506,17,54.293319
82.322205,17,54.366696
91.63301,19,54.464224
81.52298,17,54.539481
76.33646,16,54.632853
85.939896,18,54.72281
81.46732,17,54.794547
76.172874,16,54.86884
80.98052,17,54.918429
88.20817,18,54.983182
99.56153,20,55.077598
81.26526,17,55.148853
115.68702,23,55.305735
76.333466,16,55.384211
168.75494,34,55.520927
81.32825,17,55.581423
109.510254,22,55.658436
134.25323,30,55.80272
81.318825,17,55.873205
139.28621,28,56.0047
135.11307,26,56.112518
76.71304,16,56.180685
81.013824,17,56.250881
86.92046,18,56.322252
124.82933,25,56.415292
129.00592,25,56.515153
131.54448,30,56.655967
86.953186,18,56.727412
97.88027,20,56.864509
174.98595,33,57.00617
123.675064,25,57.1012
81.42077,17,57.232192
85.539894,18,57.305361
180.51619,36,57.440065
81.65171,17,57.508433
188.67917,36,57.659073
102.07813,21,57.744211
86.1828,18,57.824287
81.07715,17,57.903258
76.724304,16,57.970436
148.5446,30,58.090055
119.01085,26,58.207481
81.52098,17,58.284847
160.83844,32,58.432736
93.14164,19,58.525562
102.65489,21,58.674853
76.53818,16,58.78094
103.69324,21,58.870039
215.57181,42,59.058923
86.593185,18,59.136944
91.01066,19,59.225057
109.115456,22,59.313632
92.03478,19,59.401237
81.949936,17,59.489053
104.23773,21,59.595318
86.1416,18,59.684909
88.9455,18,59.767314
163.32175,33,59.89537
86.062195,18,59.965933
86.592705,18,60.031193
82.540504,17,60.099758
143.35536,31,60.221854
81.37856,17,60.306055
110.92196,24,60.425753
76.40119,16,60.50693
135.3073,29,60.639366
87.25719,18,60.720401
81.242,17,60.799122
81.21098,17,60.871088
149.92505,31,61.023564
132.34563,27,61.167567
86.300545,18,61.304211
86.5763,18,61.418332
151.84128,33,61.612256
76.172104,16,61.696403
81.6038,17,61.773535
76.48274,16,61.857208
141.2956,29,62.015986
76.65761,16,62.080878
76.32531,16,62.145497
87.32675,18,62.221207
98.64552,20,62.305743
86.96649,18,62.431449
193.7788,38,62.666737
81.18321,17,62.769151
130.25739,29,62.92057
86.08518,18,63.025753
196.09055,39,63.198899
138.66798,30,63.318351
103.83264,21,63.404131
175.76852,36,63.572264
103.71115,21,63.672322
81.14768,17,63.758457
179.97105,38,63.909457
178.22562,34,64.069016
123.55182,27,64.187384
86.9225,18,64.276135
81.58865,17,64.386743
86.93912,18,64.506826
168.84622,33,64.663264
137.74619,29,64.793968
119.021194,24,64.884851
147.56232,31,65.025014
102.43638,21,65.12121
76.659454,16,65.175081
76.586334,16,65.225698
76.51224,16,65.304763
81.30895,17,65.380312
145.18135,31,65.52062
76.74625,16,65.60213
92.08843,19,65.692422
116.768265,24,65.856513
114.38299,23,65.983088
101.41731,21,66.081196
76.89411,16,66.160922
101.747086,21,66.252752
76.85436,16,66.312863
87.6438,18,66.380432
86.61975,18,66.448208
92.66684,19,66.515249
100.45506,21,66.585901
81.80191,17,66.668078
81.44977,17,66.771887
107.81445,22,66.900377
146.30685,31,67.034628
98.64856,20,67.137914
76.688896,16,67.210704
81.294174,17,67.28658
140.60489,30,67.422412
157.21744,34,67.580372
76.60284,16,67.647531
139.41069,28,67.779086
152.82184,29,67.899979
85.874435,18,67.979545
122.32381,27,68.103402
81.34042,17,68.174794
121.934,24,68.291606
109.60865,22,68.428423
81.28012,17,68.504512
81.091034,17,68.591742
93.01814,19,68.669532
76.842964,16,68.735716
109.56435,23,68.849446
76.60395,16,68.922135
92.76156,19,69.024163
94.00433,19,69.141266
87.12313,18,69.243886
135.53432,27,69.377576
76.45829,16,69.452803
144.72855,29,69.575369
81.66864,17,69.648993
116.81275,23,69.74419
97.57679,20,69.859549
169.04552,36,70.050877
226.78136,44,70.236179
81.32263,17,70.317163
81.18236,17,70.387413
137.40303,30,70.523361
172.155,34,70.682992
81.37098,17,70.777647
92.02145,19,70.878536
80.99811,17,70.990612
81.81089,17,71.135468
92.37976,19,71.238497
81.395515,17,71.325533
115.479546,23,71.447452
156.92004,31,71.609063
108.01968,22,71.742931
125.32701,27,71.904528
114.88265,25,72.114864
156.49501,31,72.313219
81.24541,17,72.400911
81.33623,17,72.463522
76.43474,16,72.520377
144.19098,32,72.66849
81.604645,17,72.739413
81.32158,17,72.826982
95.522125,20,72.91542
106.12728,22,73.018145
92.8795,19,73.110333
124.81881,25,73.217232
81.57032,17,73.293406
114.50237,24,73.425441
81.29829,17,73.48314
81.16408,17,73.574337
91.04064,19,73.668056
105.65984,21,73.74714
93.200066,19,73.889169
81.62045,17,74.001461
81.46843,17,74.123771
76.65526,16,74.195249
169.11888,35,74.419082
121.896515,25,74.547478
127.25876,27,74.677204
104.199776,21,74.761539
118.82829,25,74.862441
93.46628,20,74.926639
97.4439,20,75.072219
172.50446,36,75.261892
81.80543,17,75.339448
81.44403,17,75.400059
87.52478,18,75.493132
102.36148,21,75.572718
81.54754,17,75.663317
254.3872,48,75.965114
87.22104,18,76.096035
86.62486,18,76.258056
155.14378,33,76.463235
86.386406,18,76.537364
76.56143,16,76.617352
106.91639,22,76.719698
81.26479,17,76.803758
81.28589,17,76.879896
81.486,17,76.931554
92.56318,19,77.012692
133.5561,26,77.11052
92.36056,19,77.189882
130.6331,28,77.307052
129.33568,26,77.434255
98.76415,20,77.524474
81.17729,17,77.621803
81.338455,17,77.7203
134.77286,27,77.850616
88.508606,19,77.955385
100.52904,20,78.08488
81.143234,17,78.162195
115.41936,24,78.263487
81.24142,17,78.342088
143.95215,29,78.498523
147.48184,30,78.624376
87.1223,18,78.687478
93.50614,19,78.760789
87.38021,18,78.846354
196.66328,40,79.003045
76.1865,16,79.069514
91.49888,19,79.16515
142.92845,30,79.316123
183.16129,39,79.463165
148.54564,31,79.592627
81.023384,17,79.669355
81.392914,17,79.742978
139.75906,28,79.868578
100.94108,21,79.967233
88.20807,18,80.050958
109.75289,22,80.156206
112.18484,22,80.311101
86.078735,18,80.384886
124.3673,26,80.492574
86.41854,18,80.604765
132.69801,27,80.719122
120.936554,25,80.879158
134.87355,28,81.04931
76.45971,16,81.14519
91.7736,20,81.221832
98.21651,20,81.304617
94.795494,19,81.397142
179.65141,37,81.558065
76.469864,16,81.64107
81.25818,17,81.733349
160.40994,32,81.875911
98.77398,20,82.010995
92.34866,19,82.130154
86.456,18,82.22028
112.75955,23,82.31862
88.70007,18,82.412278
143.81665,30,83.695798
81.397255,17,83.795304
86.8444,18,83.891208
81.08946,17,83.994765
166.11493,33,84.133679
135.57231,28,84.263079
90.70666,19,84.349068
81.47917,17,84.428179
81.468475,17,84.505435
86.0565,18,84.579924
93.184326,19,84.633423
86.89727,18,84.711162
81.25622,17,84.786824
98.14921,20,84.876822
86.57085,18,84.953985
81.38207,17,85.054191
76.34234,16,85.11491
76.44343,16,85.167923
76.36165,16,85.244666
81.55021,17,85.312401
110.89055,22,85.408256
81.337746,17,85.473655
81.86594,17,85.562002
85.727684,18,85.640886
81.37055,17,85.719914
82.829575,17,85.798139
96.977264,20,85.894547
209.41895,43,86.120888
99.89581,20,86.256196
126.98201,26,86.392301
81.46467,17,86.475285
92.06604,19,86.555657
181.95822,39,86.723031
81.41412,17,86.782943
115.41119,24,86.900677
87.775276,18,86.995941
166.28206,33,87.148531
81.53308,17,87.226469
85.942955,18,87.329338
114.15858,23,87.420523
87.81222,18,87.511145
97.83558,20,87.598675
81.09722,17,87.665382
76.42316,16,87.714369
81.26523,17,87.777994
96.19354,20,87.84631
152.15805,33,87.978429
153.30728,33,88.100793
157.0989,33,88.216545
118.07513,23,88.281806
105.29944,22,88.36764
76.772064,16,88.453627
138.6544,30,88.593541
91.98865,19,88.662153
126.2524,25,88.750404
100.25294,21,88.85237
81.16336,17,88.911147
98.77709,20,88.988455
76.37742,16,89.083105
97.3031,22,89.184791
107.66324,22,89.282732
223.87532,45,89.506515
110.84637,22,89.6059
76.463806,16,89.65247
76.28044,16,89.713621
86.387665,18,89.793081
125.9607,26,89.926106
101.26461,21,90.019198
101.7168,22,90.128104
85.45838,18,90.20881
81.24549,17,90.28187
101.256836,21,90.381245
95.46036,20,90.504036
81.211334,17,90.605905
116.87447,24,90.740348
81.23312,17,90.822978
117.059906,25,90.939745
81.3649,17,91.036285
76.37599,16,91.101146
102.91721,21,91.193248
87.07189,18,91.272256
71.832405,15,91.315371
110.64727,22,91.442896
81.779785,17,91.53995
122.96486,25,91.650929
81.07165,17,91.731755
81.2186,17,91.807502
127.31571,27,91.937773
145.85728,32,92.163941
81.17944,17,92.221041
76.32454,16,92.277958
85.93608,18,92.373376
127.062164,26,92.571371
76.821,16,92.680327
123.64304,24,92.774024
99.227005,20,92.902861
104.52657,21,93.046253
132.28484,28,93.236757
109.606125,22,93.335123
76.741486,16,93.42444
81.75462,17,93.503552
81.31506,17,93.579687
187.31328,38,93.791148
175.501,37,93.97184
92.84469,19,94.08024
86.669846,18,94.175381
92.99312,19,94.256751
141.10463,30,94.433724
81.61964,17,94.507893
119.46826,27,94.644649
112.725136,23,94.795251
81.34927,17,94.915899
172.97366,34,95.164418
179.33511,34,95.423361
76.515915,16,95.526389
81.59268,17,95.638934
194.28297,39,95.867019
142.07474,28,95.995026
117.829124,24,96.096063
155.41013,32,96.228399
133.18916,28,96.402093
129.61148,28,96.577619
108.40305,22,96.728041
99.74482,21,96.834621
81.208244,17,96.910458
90.42119,18,97.057138
152.85501,32,97.333009
82.40181,17,97.461699
153.34953,33,97.735839
81.13739,17,97.86068
130.4575,26,98.017452
158.17725,31,98.258004
88.79245,18,98.413974
76.71369,16,98.500228
86.37049,18,98.577991
76.21472,16,98.721925
97.97358,20,98.85281
134.97871,28,99.049138
102.69155,21,99.203286
76.233894,16,99.281816
110.62981,23,99.451265
126.599075,25,99.583186
81.38727,17,99.664611
165.16765,34,99.794145
147.1053,29,99.965923
233.59082,49,100.287335
80.96398,17,100.354752
81.22585,17,100.421274
98.31801,20,100.518764
106.31337,22,100.723524
98.609406,20,100.860708
143.15685,28,101.021983
177.68404,36,101.238519
91.767746,19,101.368567
81.55456,17,101.505383
117.6915,24,101.674097
122.292145,25,101.89592
86.704765,18,102.033193
92.67376,19,102.117963
76.39318,16,102.305876
87.292435,18,102.516419
76.68267,16,102.623991
76.41822,16,102.77353
86.62773,18,102.880763
86.522,18,102.968092
81.27999,17,103.048515
81.68735,17,103.185539
102.46566,22,103.307867
86.322205,18,103.468626
193.15178,40,103.770263
81.41016,17,103.929915
110.59155,22,104.054909
86.560974,18,104.189038
76.537895,16,104.30232
81.207344,17,104.357555
81.33774,17,104.404396
86.64341,18,104.463664
115.23482,23,104.5892
85.92355,18,104.715195
92.26048,19,104.806915
81.49281,17,104.875085
129.33578,26,104.985768
81.316315,17,105.047839
113.73902,24,105.128452
81.38594,17,105.182101
87.54313,18,105.258747
169.32036,32,105.369085
76.4841,16,105.431256
88.10675,18,105.489589
111.026794,22,105.568213
88.03318,18,105.636431
87.13749,18,105.759755
126.04099,26,105.970687
87.36899,19,106.079915
195.31697,40,106.33168
76.4393,16,106.379687
135.43828,29,106.474098
86.17759,18,106.601218
80.98617,17,106.748997
81.36221,17,106.891364
135.41199,27,107.152133
81.258804,17,107.325874
94.385994,19,107.480664
92.275696,19,107.60825
187.97693,38,107.893523
119.27523,24,108.138511
92.69829,19,108.253797
151.09076,31,108.363705
152.09698,31,108.489894
87.54128,18,108.556266
151.06989,32,108.675967
94.08725,19,108.757583
125.828735,26,108.89294
116.48065,23,109.002067
100.451035,21,109.121567
139.27113,27,109.312038
81.464355,17,109.375325
146.81042,31,109.496642
81.46074,17,109.569755
107.224236,22,109.676612
76.45222,16,109.752283
86.33222,18,109.871738
76.50831,16,110.003905
126.00763,25,110.125398
81.315506,17,110.217441
100.09675,20,110.375035
112.27827,23,110.543099
137.78972,27,110.723884
81.479385,17,110.803542
87.087204,18,110.890555
76.58852,16,110.98739
129.64438,28,111.124639
76.634865,16,111.233978
121.37117,24,111.410164
109.569725,23,111.549644
121.19177,24,111.647653
103.679855,21,111.718193
120.47614,25,111.807715
76.71605,16,111.895801
81.597084,17,111.985005
152.49916,32,112.090656
87.60008,18,112.145455
86.19154,18,112.203551
81.401405,17,112.25799
159.3159,34,112.430365
82.39116,17,112.531782
170.6219,35,112.823265
81.2357,17,112.885949
173.50555,34,113.020236
168.25658,35,113.192088
93.20737,19,113.275645
150.9189,30,113.39018
144.13869,28,113.595025
76.516525,16,113.716345
108.51759,22,113.871323
92.83994,19,114.025873
101.75439,21,114.169239
81.47484,17,114.234617
86.22958,18,114.281775
98.21651,20,114.342728
120.83863,25,114.43031
81.244774,17,114.521418
86.32643,18,114.709295
187.833,38,114.940274
93.43725,19,115.053835
76.452866,16,115.125648
81.40823,17,115.250205
76.57195,16,115.308675
91.75038,19,115.415912
92.368355,19,115.553249
132.25864,27,115.725825
86.566376,18,115.816617
107.4718,23,115.889422
199.50423,42,116.09605
92.17874,19,116.212065
108.19001,22,116.318957
142.24527,28,116.510693
81.32685,17,116.641256
115.916725,23,116.830554
122.03254,27,117.095124
92.321144,19,117.256454
122.82999,28,117.490571
91.516846,19,117.595458
81.32491,17,117.739508
99.864944,22,117.882676
87.29565,18,118.020757
130.37044,28,118.198331
127.29208,29,118.339322
161.60872,31,118.492227
87.279396,18,118.597807
182.5238,38,118.91571
148.16139,30,119.158637
126.23938,26,119.363542
171.45432,34,119.519836
205.76251,41,119.728653
86.07911,18,119.810898
170.20245,34,119.951502
150.66357,32,120.153496
76.63098,16,120.238452
86.07195,18,120.293462
76.77928,16,120.412859
128.8828,27,120.616072
87.77472,18,120.706541
81.00945,17,120.765373
229.06853,44,121.061888
87.31903,18,121.160988
150.54391,30,121.261014
118.950775,24,121.382572
138.74988,27,121.518156
86.90396,18,121.578449
81.10118,17,121.680703
86.541916,18,121.804731
108.73443,22,121.975202
102.99647,21,122.067725
123.77965,25,122.219934
172.49292,34,122.495811
92.771614,19,122.580465
141.83286,30,122.72667
143.68387,30,122.92022
86.224915,18,123.021915
106.336555,22,123.113921
98.297745,20,123.210244
91.964455,19,123.286182
76.73629,16,123.330399
81.24173,17,123.434754
81.10473,17,123.506531
155.96312,31,123.764735
81.13352,17,123.886679
92.2203,19,124.032406
130.71243,27,124.23743
76.54834,16,124.352366
108.57487,22,124.53582
149.27737,30,124.743955
91.22395,19,124.863026
107.08126,22,125.001748
81.331245,17,125.115531
76.56315,16,125.162624
145.36592,31,125.318959
143.36304,30,125.47975
90.0898,19,125.592036
100.75902,20,125.7186
76.56633,16,125.772626
101.50458,21,125.881507
119.40128,24,126.052188
147.38641,31,126.276642
86.61041,18,126.410017
171.22696,33,126.682164
117.17693,24,126.882843
152.20506,32,126.971272
108.19134,22,127.040953
81.024284,17,127.088414
110.49256,22,127.173201
86.36976,18,127.224903
121.668884,24,127.318736
81.22161,17,127.37555
81.45549,17,127.453194
134.8423,27,127.578806
86.24383,18,127.760945
129.63026,26,127.896511
185.90353,35,128.109989
81.88016,17,128.239815
81.02011,17,128.368176
218.07458,44,128.615994
128.44356,27,128.757368
115.64331,24,128.868977
207.90172,41,129.077835
103.77431,21,129.170249
136.73853,27,130.766587
182.81007,36,130.966078
138.17607,29,131.124466
106.096825,22,131.223881
182.92479,36,131.589909
98.27537,20,131.725856
135.1305,29,131.899606
81.28222,17,131.963119
87.69704,18,132.054934
90.87112,19,132.165454
86.74757,18,132.26938
81.48014,17,132.388084
133.91711,27,132.606173
81.772255,17,132.69976
115.997635,24,132.928462
86.27276,18,133.109516
86.04783,18,133.228612
153.83177,31,133.4414
161.2529,36,133.708919
147.28085,30,133.939915
81.28909,17,134.035687
81.66182,17,134.110722
76.45376,16,134.192858
80.76753,17,134.305655
119.14084,25,134.480257
81.32723,17,134.613628
115.45791,24,134.767896
176.55782,37,135.055856
87.23232,18,135.184228
170.67412,35,135.480856
200.05615,42,135.780247
80.974335,17,135.911671
127.42292,26,136.091798
126.902084,25,136.339482
227.93422,44,136.635559
104.08825,21,136.705128
94.35009,19,136.774331
81.76492,17,136.863517
81.38087,17,136.976419
225.87715,46,137.259614
85.9953,18,137.375973
86.86327,18,137.519353
76.33156,16,137.615149
86.73559,18,137.741058
94.8126,21,137.815922
114.81936,23,137.952596
76.41158,16,138.046011
86.44518,18,138.188013
86.8386,18,138.33659
86.77016,18,138.400471
111.201546,23,138.486208
127.124825,26,138.621521
131.07999,27,138.742855
93.04863,19,138.852353
105.363716,22,139.023257
177.05531,35,139.21415
88.23821,18,139.304866
141.1783,32,139.502384
76.43764,16,139.588586
87.01012,18,139.688472
87.56296,18,139.760211
81.2507,17,139.832192
135.56726,27,139.904341
76.44089,16,139.936064
76.6287,16,139.976647
87.05268,18,140.020012
81.21507,17,140.055878
147.36757,32,140.131416
184.00839,39,140.267716
114.81855,23,140.357935
86.056496,18,140.410706
103.41507,21,140.476111
105.45109,21,140.586936
104.74243,21,140.649273
202.4144,40,140.759319
76.478516,16,140.819203
76.65593,16,140.865841
81.04446,17,140.903829
146.73662,29,141.08591
81.03676,17,141.187829
93.29827,19,141.361961
82.07884,17,141.451012
113.625305,23,141.588934
81.69854,17,141.671263
104.64003,21,141.797571
92.00485,19,141.904171
238.68799,49,142.209838
81.132614,17,142.30357
99.43572,20,142.423571
163.35388,33,142.560162
76.53908,16,142.624773
85.85795,18,142.706433
133.994,28,142.87811
81.056145,17,142.951761
104.00695,22,143.04565
159.08221,34,143.204228
194.0497,43,143.430028
191.81606,38,143.664748
194.54933,41,143.987564
81.546394,17,144.096078
85.90978,18,144.163036
145.46976,29,144.34667
131.70544,28,144.503373
100.02132,20,144.63315
110.27448,22,144.72371
81.034706,17,144.774918
81.30468,17,144.824209
114.00752,23,144.897832
97.28742,20,144.968118
99.73388,20,145.041024
89.97602,19,145.10713
81.43755,17,145.174481
81.844826,17,145.228924
125.0114,25,145.317894
81.358574,17,145.427715
81.970375,17,145.557031
107.205124,22,145.741495
133.81113,27,145.957473
86.78445,18,146.126039
86.44419,18,146.279258
76.66682,16,146.390191
210.15633,43,146.638654
97.990326,20,146.829767
157.74585,32,146.968409
76.62967,16,147.036731
104.28819,22,147.164826
91.23866,19,147.300527
81.375,17,147.426581
136.50371,28,147.633936
76.56481,16,147.771961
81.47539,17,147.874358
81.3383,17,147.963224
76.32374,16,148.094762
92.62225,19,148.225202
76.432396,16,148.313048
86.63165,18,148.375631
108.50871,22,148.481979
81.48002,17,148.572689
135.55338,30,148.649931
158.14392,34,148.796765
76.54741,16,148.918864
178.41249,36,149.131724
201.05257,42,149.37786
81.3849,17,149.488322
143.5078,29,149.64962
97.539406,20,149.803952
81.40344,17,149.926475
81.93081,17,150.033316
76.76415,16,150.138995
106.427376,21,150.25351
105.794075,21,150.408709
113.8868,24,150.555804
140.64772,29,150.772235
301.6626,61,151.215236
86.2465,18,151.347757
81.26031,17,151.4377
143.41551,31,151.636605
90.63701,19,151.759471
137.36978,27,151.907605
103.358185,21,152.068949
83.13199,17,152.137474
81.54234,17,152.250995
153.49991,30,152.399624
97.83744,20,152.452055
76.399536,16,152.523386
76.7081,16,152.617084
93.77919,19,152.737668
81.54007,17,152.847246
86.13606,18,152.903736
181.79013,38,153.035102
93.138885,19,153.111701
102.95784,21,153.184567
123.92828,25,153.286729
126.739,27,153.378422
154.0763,33,153.573104
101.590454,21,153.710335
117.18381,23,153.890811
159.47919,32,154.123731
92.374405,19,154.288697
97.53218,20,154.392031
97.475235,20,154.487486
85.78851,18,154.568343
201.59676,42,154.773832
81.36148,17,154.901231
93.3647,19,155.018312
111.3815,23,155.206118
81.22698,17,155.301353
90.99221,19,155.35735
111.22872,23,155.423517
87.6624,18,155.499869
109.242836,22,155.601185
91.198555,19,155.685539
98.58971,20,155.775559
104.33061,21,155.861452
81.33238,17,155.927763
139.31804,27,156.037889
76.5801,16,156.119252
125.93163,25,156.331514
194.47606,38,156.590891
152.2493,32,156.757497
97.274605,20,156.855007
76.66353,16,156.968427
81.63091,17,157.027346
166.73404,35,157.166872
81.73704,17,157.231472
110.61313,23,157.311185
86.11379,18,157.372209
91.1961,19,157.48763
88.39096,18,157.553229
111.47327,22,157.658487
139.71675,28,157.789022
155.1468,34,157.976549
169.38728,34,158.205298
125.03089,26,158.43647
91.27629,19,158.533041
114.52827,23,158.670148
81.574745,17,158.778416
76.39738,16,158.882729
161.74274,33,159.098273
228.72835,47,159.418117
86.173836,18,159.573676
179.36275,37,159.84644
81.31655,17,159.938466
208.37933,41,160.222595
81.53345,17,160.320312
81.34029,17,160.424114
106.18337,21,160.555511
93.26537,19,160.661768
93.07143,19,160.729336
166.02269,33,160.911119
110.842804,23,161.062227
177.8521,38,161.274267
87.81594,18,161.388062
105.32592,21,161.496664
96.81334,20,161.600638
127.87843,26,161.689134
101.126884,21,161.792403
105.08303,21,161.871967
93.05388,20,161.952306
87.667816,18,162.033731
231.41891,51,162.249184
115.32895,24,162.389997
76.8563,16,162.502517
93.799385,19,162.665188
230.27249,49,162.971716
209.88022,43,163.221319
86.599106,18,163.306058
149.42279,30,163.482157
81.40029,17,163.634441
91.9873,19,163.760527
117.91215,24,163.853427
140.48708,28,164.00619
81.46597,17,164.101542
125.90081,25,164.198687
115.75074,24,164.275549
137.14362,27,164.37542
76.75546,16,164.435898
87.2385,18,164.539673
81.44225,17,164.579214
96.41157,20,164.64077
81.39988,17,164.791995
81.44943,17,164.957612
177.30136,36,165.125512
87.86366,18,165.186995
143.63939,29,165.338241
191.26833,40,165.618243
98.48048,20,165.734007
105.30583,22,165.905974
150.10384,31,166.064391
105.58324,22,166.155512
183.48065,39,166.353774
76.31313,16,166.398478
122.56116,26,166.471179
164.22554,32,166.589269
81.41391,17,166.71394
81.52654,17,166.804024
97.75827,20,166.935299
76.64201,16,167.044204
86.07089,18,167.174608
142.79427,32,167.29885
136.36282,29,167.446131
112.460304,23,167.546855
102.15061,21,167.646401
161.75488,33,167.786182
76.4492,16,167.832423
76.43641,16,167.958899
171.41325,35,168.238397
81.37414,17,168.405094
81.416016,17,168.54336
112.64744,22,168.691811
97.56992,20,168.917974
97.23554,20,169.103702
86.43736,18,169.219723
80.99447,17,169.327331
130.66714,26,169.468794
87.76854,18,169.54141
87.065605,18,169.610261
108.014366,22,169.674995
129.54675,28,169.815454
139.06804,28,169.919821
81.336945,17,169.975397
172.30106,34,170.228587
86.95288,18,170.293241
81.4793,17,170.392172
108.87362,24,170.538094
81.04907,17,170.591125
107.578445,21,170.672984
178.68738,37,170.891185
119.29616,25,171.030314
76.56447,16,171.091672
76.40967,16,171.155881
107.43936,22,171.208922
119.33042,24,171.302543
195.85124,39,171.537743
87.63601,18,171.633218
86.02976,18,171.743127
97.24296,20,171.882773
119.92286,24,172.082819
99.75517,20,172.22667
81.18747,17,172.333138
181.72299,36,172.487421
110.31125,24,172.568584
86.40159,18,172.645093
86.02554,18,172.718594
102.940155,21,172.78401
93.53062,19,172.845228
181.56238,36,173.017449
81.58987,17,173.081368
93.136856,19,173.161276
86.84703,18,173.253222
76.36876,16,173.359797
123.87806,25,173.524954
76.63073,16,173.658827
81.21213,17,173.809776
92.09815,19,173.944926
81.496895,17,174.034337
107.7073,22,174.168478
163.1097,35,174.343836
248.81665,50,174.629765
81.33669,17,174.694182
105.27848,21,174.773827
81.33034,17,174.823647
185.54112,39,174.966523
131.09628,26,175.107053
86.159096,18,175.225732
81.46074,17,175.331861
81.27166,17,175.384619
162.80046,33,175.49905
86.44467,18,175.565611
110.77876,22,175.731941
82.06416,17,175.800763
149.74028,31,175.918812
87.56225,18,176.058936
81.21478,17,176.127385
97.455826,20,177.494731
120.37386,24,177.572328
249.0079,50,177.881352
76.30343,16,178.018549
115.16859,23,178.147104
143.35698,30,178.311647
94.2767,20,178.427042
81.60159,17,178.58306
103.26488,21,178.683743
81.20911,17,178.792057
86.548355,18,178.902422
81.58395,17,178.993109
86.827415,18,179.103993
91.724625,19,179.229013
115.607506,23,179.38172
86.04593,18,179.443275
76.576584,16,179.511304
86.999504,18,179.581712
161.48161,31,179.688751
76.74496,16,179.735562
102.553696,21,179.837896
117.22751,24,179.976282
76.433945,16,180.112297
81.277336,17,180.206848
81.20435,17,180.284447
86.81947,18,180.349485
86.32612,18,180.44232
86.029366,18,180.558306
87.2393,18,180.697869
100.639946,20,180.828821
256.3093,49,181.174283
97.38079,20,181.290897
96.87311,20,181.374238
86.73014,18,181.446561
85.53133,18,181.503261
92.358765,19,181.569683
76.61377,16,181.628545
149.49504,31,181.74842
81.69666,17,181.861749
86.12007,18,182.006757
99.06127,20,182.104511
151.38495,31,182.272493
98.79091,20,182.370572
154.72212,31,182.523774
107.72353,22,182.678139
107.18995,22,182.817389
87.21526,18,182.96014
81.23172,17,183.078829
147.0177,32,183.330461
147.06485,31,183.491954
76.51174,16,183.567073
107.73961,22,183.713407
150.12646,31,183.959125
130.99518,27,184.145148
122.392456,25,184.32832
98.37328,20,184.457326
140.68231,28,184.670811
160.10594,33,184.95103
81.17077,17,185.105283
82.030815,17,185.227219
76.751,16,185.331597
76.51723,16,185.44019
109.66108,22,185.591947
121.76808,26,185.801041
104.37642,21,186.00458
108.81915,24,186.209758
81.51044,17,186.344824
146.60605,30,186.534554
76.58486,16,186.623034
112.81397,25,186.785357
88.68516,18,186.903047
230.54745,46,187.170541
98.91562,20,187.299037
81.2524,17,187.404218
86.28799,18,187.489581
81.72139,17,187.569151
100.09192,20,187.658507
87.58504,18,187.789997
87.02174,18,187.893068
128.88322,25,188.101655
81.61032,17,188.26811
81.48793,17,188.435325
145.17622,29,188.651974
86.28489,18,188.772516
82.201256,17,188.868687
92.55209,19,188.937646
109.94522,22,189.038238
127.62024,27,189.230296
81.46873,17,189.28925
102.91876,21,189.405707
98.86127,20,189.617393
137.6593,29,189.893813
76.20236,16,190.055833
179.39876,34,190.265694
92.47325,19,190.405104
81.29585,17,190.55795
92.45247,19,190.722539
92.121994,19,190.907718
95.336876,20,191.028341
93.02389,19,191.213212
134.89978,27,191.335142
107.20347,22,191.478099
117.46674,24,191.634047
147.12408,30,191.803777
121.154915,24,191.967687
81.28188,17,192.071136
94.29731,20,192.208197
157.71463,33,192.427999
97.52438,20,192.557147
107.46953,22,192.676778
88.17667,18,192.802392
168.86699,33,193.034768
193.59482,38,193.398998
96.41707,20,193.596257
144.62401,29,193.816136
109.62335,23,193.988482
168.90555,34,194.213804
76.48665,16,194.318517
81.43074,17,194.438576
135.7015,27,194.564382
76.22758,16,194.633677
76.672745,16,194.700919
173.75356,34,194.920632
100.05504,21,195.018895
91.947296,19,195.15079
80.98089,17,195.254717
172.10393,35,195.456591
235.43138,46,195.780139
117.594765,24,195.939622
76.41834,16,196.024841
145.2365,28,196.248301
104.73299,21,196.388071
140.6063,28,196.610466
97.918785,20,196.799343
122.28821,24,196.994893
86.61744,18,197.127461
110.52127,22,197.247396
124.80401,25,197.389161
135.00354,27,197.556834
92.595795,19,197.662273
266.6359,55,198.010514
87.44531,18,198.134238
154.79138,33,198.359545
155.83997,31,198.469399
87.49819,18,198.511825
89.094894,18,198.561516
122.63059,24,198.635244
133.4878,27,198.704875
87.8791,18,198.784756
97.34782,20,198.918629
140.94057,28,199.101469
96.22934,20,199.221191
81.2015,17,199.336666
106.35343,22,199.482945
118.25814,24,199.670596
81.58511,17,199.770514
121.097305,25,199.922803
96.30616,20,200.056937
76.47238,16,200.172871
81.45041,17,200.273836
135.66971,27,200.494718
98.443756,20,200.62008
76.54227,16,200.729127
138.76556,31,200.832571
122.3281,26,200.977477
87.97101,18,201.102697
251.71141,54,201.491473
169.24269,34,201.718694
200.68614,40,201.984111
92.4359,19,202.123258
142.60713,28,202.307783
93.07832,19,202.477385
90.945885,19,202.632756
225.47188,48,202.958743
81.066696,17,203.080378
92.706154,19,203.195119
157.12642,32,203.40071
129.997,26,203.541105
76.42413,16,203.684196
111.66559,24,203.883889
86.972244,18,203.998753
114.54959,23,204.150583
96.29814,20,204.229435
117.62939,24,204.320824
87.83861,18,204.408686
99.57651,20,204.545166
92.93036,19,204.692885
81.2544,17,204.809771
86.738754,18,204.965201
86.90595,18,205.082767
187.25328,36,205.313995
81.0684,17,205.413982
81.73151,17,205.579052
86.768845,18,205.69426
86.23279,18,205.810398
169.14906,35,206.048296
81.165184,17,206.18159
140.90486,29,206.367171
99.67611,20,206.509902
95.52505,20,206.631805
155.55322,31,206.813072
108.670204,22,206.899218
253.22913,48,207.162692
113.97238,23,207.255857
135.15025,27,207.372839
81.62937,17,207.437911
175.2552,36,207.665373
170.25133,34,207.865311
81.44617,17,207.964845
164.79193,34,208.098757
164.29207,35,208.311291
97.88649,20,208.424432
86.29842,18,208.549894
194.0777,37,208.780766
86.80411,18,208.849514
101.85444,21,208.90852
86.55327,18,208.96779
86.68594,18,209.023551
81.08744,17,209.120598
92.35277,19,209.281277
137.14839,29,209.482374
81.68116,17,209.585618
115.34345,24,209.725701
122.65254,25,209.910793
81.395905,17,210.006732
221.9451,44,210.264255
86.88475,18,210.410535
86.11635,18,210.57116
93.75014,19,210.742545
131.54901,26,210.878069
81.77105,17,210.972282
136.1023,30,211.181713
76.38284,16,211.26408
90.87259,19,211.362468
111.93367,24,211.491668
112.425766,23,211.668061
93.168945,20,211.859433
143.34413,30,212.0947
99.97018,20,212.23146
103.627205,21,212.392468
129.54823,26,212.582083
139.42827,28,212.784875
133.7321,29,213.047877
251.01651,55,213.394191
86.29229,18,213.5311
107.93379,22,213.681449
141.18704,27,213.865724
146.57713,31,214.007142
172.91238,35,214.194443
85.99162,18,214.279738
95.22221,20,214.393483
94.85417,21,214.556749
81.20129,17,214.691023
170.472,36,214.926374
114.92174,24,215.058353
105.9899,21,215.136184
104.09158,21,215.270824
136.92052,29,215.514681
184.09433,38,215.722012
99.25591,20,215.889713
152.38113,32,216.09307
76.73801,16,216.200405
94.50335,19,216.258162
81.245804,17,216.31733
81.47638,17,216.372005
195.52716,43,216.527329
136.37744,29,216.632818
99.11465,20,216.75563
92.01113,19,216.911808
87.02954,18,217.011619
94.811,19,217.098023
76.730484,16,217.19937
189.9898,39,217.447263
203.45332,40,217.659911
136.8857,29,217.792934
87.38828,18,217.938089
102.0709,21,218.123302
96.20817,20,218.336743
190.29709,38,218.626235
86.16419,18,218.762235
97.28822,20,218.962675
107.94472,22,219.114002
193.29396,41,219.409791
76.42563,16,219.450982
87.37763,18,219.536571
103.17109,21,219.625403
167.62999,34,219.861468
175.30722,37,220.196542
81.40681,17,220.357712
85.93816,18,220.539847
126.58178,25,220.804597
98.390076,20,220.96695
85.88432,18,221.110274
217.71025,43,221.563663
76.52858,16,221.720943
207.83942,40,222.050837
124.28431,25,222.240793
191.95207,38,222.575457
97.99697,20,222.800961
93.03594,19,222.981348
98.10025,20,223.249614
124.89768,25,223.467334
76.56316,16,223.609438
81.461914,17,223.744731
92.10897,19,223.82362
94.11809,19,223.903316
108.2871,22,224.006877
98.60386,20,224.091307
175.52365,37,224.298516
81.40909,17,224.450629
164.76276,33,224.618586
90.08768,19,224.734057
146.95238,31,224.912316
99.0255,20,225.010904
81.86039,17,225.079646
91.27992,19,225.157326
109.64925,22,225.286304
184.00545,39,225.475004
205.89897,43,225.701396
144.2588,30,225.830276
139.08662,29,226.038912
135.29369,29,226.285038
76.622536,16,226.418989
81.32184,17,226.509887
167.95325,33,226.770898
94.11464,19,226.932003
100.62038,21,227.089772
85.30354,18,227.261531
81.06966,17,227.403076
104.91569,21,227.653067
159.13554,33,227.993941
81.23307,17,228.067235
115.528656,25,228.181317
107.781006,22,228.316732
110.836395,24,228.465255
179.5632,36,228.806689
149.01941,29,228.957831
86.33146,18,229.041437
183.54399,37,229.231235
118.56169,25,229.39344
176.06781,35,229.656586
131.13786,28,229.862603
146.99185,32,230.131424
87.22328,18,230.291471
99.543205,21,230.427615
81.22537,17,230.553324
100.306305,21,232.252545
134.60301,27,232.503912
107.96876,22,232.649814
161.45238,34,232.957224
108.92145,22,233.06195
81.73752,17,233.150361
94.150215,19,233.252361
106.981155,22,233.359357
97.26817,20,233.524686
81.210556,17,233.685832
139.95406,28,233.927008
94.24618,19,234.073865
104.94188,21,234.242113
101.777596,21,234.417262
86.2145,18,234.563061
136.66617,29,234.79924
92.275024,19,234.934982
131.28433,26,235.135366
130.66812,26,235.38211
116.98819,24,235.573363
112.62445,23,235.7286
122.07974,26,235.922671
94.17152,19,236.04931
122.269295,24,236.261562
107.16767,22,236.486153
117.400505,23,236.675002
116.261925,23,236.907758
86.857086,18,237.112808
100.94669,21,237.28814
109.974205,22,237.435003
136.63121,29,237.70504
113.87132,23,237.980223
198.8922,39,238.312871
147.77763,30,238.548436
144.51451,31,238.759088
148.73958,31,239.007721
270.9419,56,239.471513
98.26445,21,239.586727
86.53506,18,239.652696
175.10309,33,239.802653
109.70118,23,239.892625
76.72908,16,239.96725
138.31844,29,240.099631
109.16042,22,240.227131
81.32089,17,240.326256
119.35303,24,240.476772
151.88773,32,240.683786
109.31884,23,240.817182
81.53916,17,240.927548
127.68464,27,241.15369
82.47499,17,241.316164
118.23482,24,241.479344
86.0639,18,241.6506
109.472664,22,241.808317
86.95781,18,241.931118
76.72588,16,242.061163
86.60188,18,242.249341
81.56583,17,242.382146
130.00471,26,242.583198
100.44164,21,242.678921
93.172714,19,242.823291
117.98839,23,242.986042
86.52489,18,243.110279
150.02902,33,243.373035
120.5799,25,243.607625
97.42384,20,243.750128
88.80645,18,243.941407
165.66568,34,244.234199
81.52405,17,244.427206
76.5973,16,244.537008
90.32192,19,244.724597
139.09207,30,244.98252
200.67763,40,245.398563
120.54964,25,245.666353
86.38611,18,245.793753
172.56752,37,246.14679
132.00566,26,246.416867
138.36122,29,246.650262
81.184235,17,246.75343
81.10016,17,246.909274
183.68584,37,247.213489
159.09824,32,247.51149
116.49064,25,247.665891
140.52718,30,247.918335
110.23162,23,248.085023
137.14891,28,248.287551
129.4165,26,248.520048
131.43472,26,248.719511
160.52657,34,248.988926
274.8122,51,249.380253
104.49885,22,249.584332
81.42534,17,249.748429
76.52529,16,249.8659
91.3734,19,250.03012
97.76132,20,250.205718
104.8248,22,250.393919
168.43431,34,250.520756
133.16087,28,250.680543
120.80374,25,250.851796
156.91994,32,250.984628
169.72957,35,251.208578
86.998184,18,251.371414
92.52958,19,251.534879
227.84293,47,251.874516
132.65471,28,252.077649
158.49126,32,252.293176
76.64311,16,252.363829
137.96887,27,252.599828
93.93597,19,252.812699
112.25159,25,253.042533
138.80931,28,253.332465
93.45862,19,253.490557
98.081406,20,253.570058
146.08899,29,253.725822
103.94007,21,253.799328
92.695335,19,253.915148
124.89961,25,254.057357
113.44874,24,254.173683
81.71927,17,254.268785
86.366875,18,254.407822
182.69125,37,254.705847
126.669556,26,254.922076
91.57653,19,255.058447
161.53085,31,255.305913
137.42294,29,255.538141
168.62775,35,255.841158
115.806725,26,255.990807
125.8164,25,256.275939
81.38513,17,256.443433
132.86897,28,256.714403
93.68369,19,256.900595
206.85513,39,257.169514
145.59656,29,257.415277
109.12215,22,257.530935
106.422134,22,257.679818
171.30365,37,257.955359
133.5741,29,258.144608
141.59811,28,258.387296
117.438095,25,258.551702
87.36852,18,258.692885
80.907616,17,258.79829
97.36735,20,258.896185
91.81003,19,259.012501
71.57485,15,259.076864
88.25305,18,259.223222
132.13722,27,259.397544
81.56477,17,259.481222
86.84715,18,259.558577
96.189926,20,259.641659
168.59554,35,259.88752
81.33958,17,259.986355
104.34974,21,260.089131
76.539345,16,260.251499
206.33751,42,260.514074
152.92557,36,260.898276
131.00119,27,261.139741
96.07077,20,261.345532
144.83502,28,261.638492
91.9011,19,261.838282
81.47808,17,261.969725
81.25433,17,262.107531
76.49646,16,262.26945
108.176125,23,262.415769
99.27454,21,262.603381
146.0496,29,262.817541
87.21188,18,262.979287
87.16871,18,263.118998
85.837,18,263.284172
82.54452,17,263.431105
180.8473,36,263.683091
170.54466,33,263.803154
124.519,25,263.881579
160.65805,33,264.051209
76.68592,16,264.172556
173.40764,36,264.435186
151.38548,30,264.683741
87.11252,18,264.83511
141.28214,28,265.032004
124.56468,25,265.184226
138.34142,28,265.373804
107.111,22,265.53023
92.071014,19,265.659293
81.372215,17,265.74659
88.99373,18,265.831009
82.1078,17,265.961793
104.13054,21,266.139671
97.96875,20,266.308239
110.26376,23,266.511899
96.52047,20,266.652712
215.3823,44,266.970824
76.195755,16,267.084633
81.40178,17,267.21675
199.91736,40,267.452389
157.81567,31,267.672346
123.24983,25,267.841313
129.33481,27,268.067183
109.98893,22,268.263092
155.74718,32,268.558382
118.10036,24,268.716861
90.71301,19,268.842097
81.39604,17,268.930836
87.11075,18,269.056421
165.82648,34,269.289306
124.287544,25,269.487658
121.4329,26,269.701126
76.71644,16,269.775688
87.82204,18,269.851853
88.35135,18,270.011371
98.65468,20,270.150411
101.56407,21,270.23429
103.177826,21,270.372373
118.37522,24,270.526993
108.30363,22,270.709253
86.44118,18,270.869616
116.67712,24,271.109361
179.19415,39,271.40146
92.233826,19,271.52051
142.37799,28,271.767367
86.797386,18,271.917204
130.41843,26,272.098931
126.668304,26,272.28278
143.12177,29,272.532148
103.36006,21,272.693352
76.52277,16,272.841965
81.375465,17,272.966644
110.45362,22,273.148926
144.51639,29,273.364603
81.60261,17,273.454134
129.51936,26,273.657101
116.00153,23,273.84763
118.33272,25,274.005849
145.64296,31,274.20215
76.24459,16,274.290112
93.41585,19,274.401021
86.91325,18,274.504048
125.66539,28,274.739788
86.42876,18,274.890918
156.89542,35,275.08393
97.88371,20,275.223563
205.17496,41,275.678474
252.23381,55,276.167709
189.34184,37,276.499201
177.02455,38,276.741759
197.5325,41,277.073167
162.99811,35,277.323531
123.15956,26,277.567965
111.26627,22,277.779115
87.459755,18,277.966663
145.81766,29,278.246473
102.78272,21,278.410032
81.15401,17,278.560863
157.88716,36,278.954022
93.136055,19,279.172777
86.275925,18,279.328318
125.511795,27,279.541913
81.4845,17,279.732142
112.9202,24,279.885335
86.30014,18,279.94442
107.89749,22,280.086582
169.22218,34,280.300773
76.3066,16,280.410092
102.554115,21,280.510675
167.4499,33,280.647627
177.45755,35,280.773139
162.98409,32,280.952144
81.369705,17,281.094126
115.871994,26,281.363219
81.14682,17,281.534767
81.54581,17,281.697037
112.96438,23,281.933842
100.843765,20,282.11482
209.20143,42,282.625652
81.24077,17,282.874754
143.53839,30,283.158523
80.71124,17,283.324398
105.08031,21,283.504519
76.596054,16,283.6264
81.53947,17,283.739123
81.09404,17,283.85299
82.73511,17,284.00958
201.79338,40,284.362819
163.93994,33,284.684646
81.15879,17,284.840569
107.230415,22,285.044244
150.75275,30,285.339286
150.29172,30,285.646788
81.28777,17,285.841036
121.544,24,286.056066
92.79621,19,286.249064
108.56084,22,286.404558
106.755615,22,286.563172
137.92256,29,286.783832
197.524,42,287.084141
110.04414,24,287.30223
129.12619,26,287.545793
198.93558,39,287.814931
137.61447,28,288.047196
92.20244,19,288.162498
216.84097,43,288.617836
115.489265,24,288.819637
131.66408,27,288.984637
213.89816,44,289.221217
76.51028,16,289.397794
81.34387,17,289.581034
148.9581,31,289.825053
102.68471,21,289.982295
101.145164,21,290.112875
128.91304,25,290.274721
107.0321,22,290.386084
86.69911,18,290.47602
130.06326,26,290.601263
76.6905,16,290.683163
86.64116,18,290.775772
116.381905,25,290.921625
138.0584,27,291.100798
105.96093,22,291.215062
76.545456,16,291.298324
114.536415,23,291.481122
138.96425,29,291.705079
128.51024,27,291.868573
151.97015,33,292.024968
115.00978,23,292.152392
126.46555,25,292.302401
85.98423,18,292.489065
81.40298,17,292.565486
87.95375,18,292.685715
166.00188,35,292.935642
81.17023,17,293.068662
116.069824,23,293.267881
100.17709,21,293.368094
107.89325,22,293.514795
81.25214,17,293.61909
81.24874,17,293.718462
86.26627,18,293.838264
76.50214,16,293.961455
118.755066,24,294.155648
81.21219,17,294.231684
176.31136,36,296.114591
76.34282,16,296.237388
76.47623,16,296.381402
81.2826,17,296.506495
88.0527,19,296.682439
105.765526,22,296.84683
158.61986,34,297.173004
76.88146,16,297.307739
155.47768,30,297.59457
76.53163,16,297.754833
85.83056,18,297.889935
81.1421,17,298.010483
123.90937,26,298.209038
217.69794,41,298.396944
192.94563,40,298.648052
249.37901,50,298.881924
81.33899,17,299.024363
107.02955,22,299.135059
81.321075,17,299.294957
192.37883,41,299.630942
220.6915,46,299.867924
97.190414,20,299.967229
81.09664,17,300.153334
147.59462,31,300.521344
128.55096,26,300.688555
92.25534,19,300.900846
90.55098,19,301.091058
185.76283,37,301.459917
113.76226,25,301.740763
130.07536,27,301.988148
169.3705,37,302.313836
144.39845,30,302.493704
222.61176,46,302.746341
81.0946,17,302.846063
126.5621,26,303.049423
93.26585,19,303.245695
142.70264,30,303.516414
81.32121,17,303.6499
81.1368,17,303.803428
86.84531,18,303.970842
139.41844,30,304.301579
141.02638,29,304.469369
128.5132,26,304.619642
81.03134,17,304.755744
144.98549,30,305.009723
80.97711,17,305.101977
124.10405,25,305.318769
87.476494,18,305.494669
139.16042,29,305.714164
131.94121,28,305.853875
136.2095,30,306.139696
76.42553,16,306.222613
92.6879,19,306.306087
91.448875,19,306.410153
151.07707,29,306.643208
219.15367,42,306.842675
109.76228,22,306.950352
234.96451,50,307.308862
86.22235,18,307.421687
81.11263,17,307.571982
138.42451,30,307.746873
81.48133,17,307.857298
81.14857,17,308.018631
104.23661,21,308.179189
142.61235,30,308.470586
87.61236,18,308.63818
86.56431,18,308.851282
215.89291,42,309.243741
87.1026,18,309.434535
211.5046,40,309.802881
76.87435,16,309.967604
155.26862,30,310.146495
81.52486,17,310.256179
233.08308,46,310.673904
121.862305,24,310.961943
142.92235,30,311.232661
149.36871,29,311.495214
86.89374,18,311.614646
97.766,20,311.818791
193.48222,40,312.202784
81.36808,17,312.326935
81.274605,17,312.467353
91.971565,19,312.649142
87.47532,18,312.8415
137.03278,30,313.249966
93.522575,19,313.368913
136.31459,31,313.679463
132.32153,26,313.957294
117.030045,24,314.186927
172.38988,34,314.553149
217.67702,41,314.866268
91.28264,19,314.958863
103.999535,21,315.074823
87.65183,18,315.266096
159.3967,33,315.59087
159.12106,30,315.756896
104.282936,21,315.943811
88.2451,18,316.08405
87.40502,18,316.177943
149.97543,31,316.343207
144.05411,28,316.616389
85.669815,18,316.762443
81.270035,17,316.871486
87.8253,18,316.968107
121.98349,26,317.132676
186.49777,40,317.40163
106.344986,21,317.583481
76.35391,16,317.710295
146.65894,30,317.913594
119.818184,27,318.214064
204.55605,42,318.61286
97.291885,20,318.740369
107.54503,22,318.873246
147.61461,31,319.14228
81.3018,17,319.248855
115.80801,23,319.412502
81.353676,17,319.496944
100.43864,20,319.704875
88.343765,18,319.858804
80.97629,17,320.035204
86.09747,18,320.224283
81.17288,17,320.393835
92.88057,19,320.544035
107.57732,23,320.857089
98.9321,20,321.051445
143.16649,27,321.320476
152.0853,31,321.544366
175.69646,34,321.892499
91.18369,19,322.005107
162.6471,32,322.285653
114.40311,23,322.414087
105.44563,23,322.544299
113.84769,23,322.678437
113.18789,23,322.798846
115.00501,24,322.921703
226.22693,44,323.201071
194.77116,42,323.640647
108.68667,22,323.83162
86.34833,18,323.931405
247.51949,51,324.362999
81.15506,17,324.491289
87.513855,18,324.56579
158.09209,33,324.745995
93.2321,19,324.854053
117.63458,24,324.967404
94.101105,21,325.108634
182.11371,38,325.33044
104.88927,21,325.416262
92.89054,19,325.52543
118.45224,25,325.762857
106.63794,22,325.970243
135.98497,27,326.182047
111.11861,23,326.350245
142.891,30,326.546607
106.63427,22,326.697948
93.97693,19,326.800299
103.63816,21,326.924988
142.12769,28,327.227214
87.86309,18,327.439801
169.89133,34,327.589364
115.038895,23,327.738406
115.429474,25,327.973566
130.74304,28,328.180162
81.08398,17,328.251686
97.14996,20,328.364399
112.17713,23,328.532028
148.47368,29,328.811759
127.7747,26,328.94952
257.24185,49,329.222304
133.40712,28,329.442914
86.860664,18,329.548818
242.06253,48,329.997226
86.06728,18,330.151848
124.56128,26,330.41189
131.45915,26,330.720632
134.84167,27,330.862326
81.162155,17,330.956689
92.219795,19,331.070554
81.584404,17,331.163298
169.57057,36,331.363961
81.23275,17,331.432974
76.809044,16,331.513197
101.7384,21,331.652488
189.77234,38,332.041041
141.13588,29,332.246551
131.92653,29,332.406423
133.07394,27,332.599815
86.66994,18,332.706557
96.62099,20,332.84323
76.90881,16,332.942924
141.34734,30,333.161322
136.21819,31,333.519866
156.58557,32,333.680181
91.6637,19,333.77613
173.28654,33,334.067085
108.33687,21,334.205798
92.38922,19,334.310598
127.63602,25,334.44483
179.35617,36,334.728809
113.355194,24,334.92291
93.524185,19,335.040708
172.33217,34,335.254839
268.73553,54,335.621391
132.55534,28,335.811573
87.05853,18,335.898881
108.69374,22,336.125934
118.352425,24,336.385955
125.064804,26,336.715697
119.136856,25,336.990783
92.61895,19,337.165063
112.560905,23,337.38347
92.35606,19,337.565126
108.95827,22,337.760117
181.41801,38,337.973751
115.062485,23,338.170378
140.01733,30,338.38554
81.264656,17,338.558274
151.6662,32,338.826142
109.00139,24,338.986881
174.8096,36,339.238905
76.42209,16,339.343155
103.32766,21,339.535308
105.78039,22,339.718295
86.61225,18,339.798173
220.54875,42,340.059654
86.482796,18,340.227678
198.00784,39,340.466774
93.4471,19,340.585501
106.87026,22,340.769619
86.67883,18,340.910657
92.380554,19,341.007545
122.53628,24,341.196376
126.69296,27,341.397138
160.01262,33,341.704823
114.09148,23,341.889808
191.29475,37,342.256267
76.57292,16,342.454141
95.33098,20,342.657688
134.826,29,342.976365
106.75412,22,343.149667
149.72615,29,343.393101
81.26719,17,343.602786
95.862,21,343.753104
76.5303,16,343.871479
81.341225,17,343.983175
153.01303,30,344.170357
98.2059,20,344.300051
114.629364,23,344.535617
132.55638,29,344.811802
91.751144,19,345.00136
92.94184,19,345.202831
154.30275,31,345.368087
98.07739,20,345.495315
128.17128,26,345.641883
85.615105,18,345.800482
122.92634,27,346.080191
149.2352,30,346.341282
81.83977,17,346.48298
161.45561,33,346.769687
154.18715,32,347.037729
138.13274,28,347.303359
138.67104,27,347.508714
119.43477,26,347.692948
100.48613,21,347.924117
169.91135,35,348.248447
86.18117,18,348.366165
130.51459,26,348.488054
156.6339,34,348.674941
99.58102,20,348.791633
81.25134,17,348.885849
212.06915,44,349.136395
81.68487,17,349.250287
76.57074,16,349.425431
147.94188,31,349.653363
81.38085,17,349.820808
213.58847,44,350.070308
140.07834,29,350.229045
134.66116,27,350.377356
109.65968,22,350.510888
92.014946,19,350.630994
103.03458,21,350.738654
315.26227,58,351.173093
91.17775,19,351.40839
117.123085,24,351.668799
203.55827,39,352.122218
149.04163,30,352.405979
144.95616,31,352.698555
100.42692,20,352.8239
127.14914,26,353.040669
108.43498,22,353.231676
88.494026,18,353.331671
106.50832,22,353.47211
118.60535,24,353.61507
81.59315,17,353.754533
170.48297,35,353.969341
86.17989,18,354.068831
146.26643,31,354.286659
134.30908,28,354.531011
206.56645,41,354.918067
81.53004,17,355.025384
167.46771,33,355.324157
81.444496,17,355.485129
188.47105,40,355.697068
146.52502,31,355.895125
105.11238,21,356.056235
76.632614,16,356.159961
117.51272,26,356.353638
109.83819,22,356.508987
117.36204,23,356.632806
107.94265,22,356.753719
87.276566,18,356.933782
184.23914,38,357.218906
248.11304,51,357.493384
130.44908,27,357.750594
99.17443,20,357.864988
136.19261,29,358.014099
131.60483,27,358.135368
185.34631,37,358.309392
106.83342,21,358.47387
123.40637,25,358.611102
276.36227,55,358.930574
81.125465,17,361.04569
86.01439,18,361.146337
81.32165,17,361.2796
125.2849,25,361.504997
107.21885,23,361.6708
81.15074,17,361.761208
98.48616,20,361.885884
76.4618,16,362.015264
180.18587,38,362.27695
152.31766,31,362.492742
131.86363,27,362.643961
86.305435,18,362.749953
81.14691,17,362.861327
134.31343,26,363.017438
76.81446,16,363.098852
151.73015,31,363.291126
195.46075,41,363.570157
174.96368,37,363.78663
109.8583,22,363.92563
86.37489,18,364.017609
163.27802,34,364.192518
216.92476,41,364.408278
134.65625,27,364.672429
180.41902,37,364.968665
105.71161,22,365.127646
96.33086,20,365.274299
108.44281,22,365.470033
93.47564,19,365.64525
76.61032,16,365.821297
157.44785,30,366.059737
81.40406,17,366.156318
81.50164,17,366.280408
179.69974,35,366.627314
92.210304,19,366.826728
110.58429,23,367.047698
76.61164,16,367.130856
150.73438,29,367.435773
219.35834,42,367.71282
108.08349,22,367.920074
184.18533,37,368.185928
186.5797,36,368.408789
115.10025,23,368.587966
76.657776,16,368.669742
162.26881,36,368.864681
99.7891,21,368.999657
105.00504,21,369.12765
170.77492,37,369.33813
123.16862,26,369.497963
175.83621,33,369.70205
178.87119,36,369.926208
160.44308,34,370.155507
86.018265,18,370.269772
81.184784,17,370.353822
121.223335,27,370.543697
173.05634,33,370.753078
195.46782,41,370.968396
147.76633,31,371.175167
76.53406,16,371.262533
93.12071,19,371.455846
126.437065,27,371.698178
128.22363,26,371.895711
128.52048,30,372.06891
195.63385,38,372.321208
118.55884,25,372.504638
181.98071,39,372.805496
102.12291,21,372.989493
86.203995,18,373.127911
102.307236,21,373.257039
85.928665,18,373.392944
86.29876,18,373.475593
81.71717,17,373.577765
134.13963,29,373.758597
167.24725,33,374.065602
76.219925,16,374.152867
133.45158,26,374.288325
132.39973,26,374.411215
86.42173,18,374.527184
120.689766,24,374.698962
92.19927,19,374.795213
201.13808,39,375.010069
113.11292,23,375.263547
108.660934,22,375.433703
174.11069,36,375.807638
93.11899,19,375.985097
76.56966,16,376.106084
76.53934,16,376.313124
206.59897,45,376.711809
81.49618,17,376.815324
170.76569,32,377.072938
88.02357,18,377.146511
111.20818,22,377.33782
91.685295,19,377.461064
166.36435,33,377.639606
159.21323,33,377.815333
102.21909,21,377.921158
81.16774,17,378.040719
118.88597,26,378.217918
179.54504,38,378.446028
97.66507,20,378.576768
151.37495,31,378.731724
187.89674,36,378.96418
86.74005,18,379.153751
167.76303,34,379.351881
87.34536,18,379.459723
175.65009,35,379.722029
106.80803,21,379.839342
76.597115,16,379.922994
141.69778,30,380.170643
90.523796,19,380.270325
169.811,35,380.585068
177.96513,36,380.816327
137.00925,28,380.981228
87.35503,18,381.07886
178.13449,35,381.333213
98.24903,20,381.518191
132.27797,26,381.649734
247.91235,50,381.922585
92.37357,19,382.036537
173.31422,34,382.336053
81.175644,17,382.522887
102.62484,21,382.690042
176.3842,35,382.957362
81.389824,17,383.046738
190.75511,41,383.272508
81.414246,17,383.344359
197.34349,40,383.596089
122.01452,25,383.754197
90.49661,19,383.966318
85.381615,18,384.132776
81.1066,17,384.245203
168.63913,36,384.518792
163.42143,34,384.717532
81.24518,17,384.816684
137.30298,30,385.0016
123.89635,25,385.198012
111.55482,23,385.424711
141.80127,30,385.615196
86.77708,18,385.776004
165.07968,35,386.016772
117.01732,24,386.298972
107.99932,22,386.468205
92.443695,19,386.585603
190.20906,37,386.865623
149.58661,31,387.129908
76.67833,16,387.205211
120.085815,25,387.46146
157.69191,31,387.68667
92.44083,19,387.810011
206.56454,42,388.066821
98.97109,20,388.346907
91.0015,19,388.535463
93.558846,19,388.62938
178.94615,36,388.909476
137.13478,27,389.107754
136.0789,27,389.377223
121.7624,25,389.560745
109.29696,22,389.681411
138.19522,28,389.829828
86.33978,18,389.930146
92.343636,19,390.026739
76.43021,16,390.114549
107.21424,23,390.238073
142.94458,28,390.504684
152.20668,31,390.670184
86.732704,18,390.811943
227.74826,44,391.139126
169.69217,34,391.504024
157.46889,33,391.834675
86.70965,18,391.959177
87.06819,18,392.050401
181.89653,35,392.230507
101.84135,21,392.330235
212.63614,41,392.597504
116.85625,25,392.772528
81.04386,17,392.89935
80.87928,17,392.986571
130.69937,26,393.13467
167.59535,33,393.377399
76.64799,16,393.493494
212.05728,43,393.888982
210.30588,44,394.347245
112.48858,23,394.507845
127.07192,30,394.711811
92.52907,19,394.832975
116.09632,23,395.005063
86.15643,18,395.106609
76.594406,16,395.212356
157.37442,33,395.39905
159.10464,30,395.58437
81.508224,17,395.722069
86.87446,18,395.820532
97.976006,20,395.921359
132.27599,28,396.088593
81.20575,17,396.156411
123.52697,26,396.285633
136.41902,29,396.475411
124.09927,24,396.636171
85.99591,18,396.799783
163.05005,32,396.949895
86.65499,18,397.061908
128.53935,29,397.202106
87.04691,18,397.357736
225.79556,45,397.726722
100.75659,21,397.879013
92.30885,20,397.979438
71.96668,15,398.061621
91.779274,19,398.246153
96.21717,20,398.450032
104.569016,21,398.610477
118.846,24,398.735062
86.47493,18,398.834771
155.24982,31,399.00253
81.60747,17,399.093879
134.27673,29,399.395611
216.1553,45,399.678919
130.26546,28,399.931082
81.171585,17,400.089513
82.26892,17,400.212095
81.66173,17,400.337024
81.41841,17,400.49904
86.587975,18,400.689154
185.46191,38,401.111821
118.03766,26,401.36916
109.760124,23,401.518633
151.41154,32,401.725065
76.33117,16,401.849861
200.26169,41,402.263155
100.82829,20,402.398673
203.8778,41,402.769394
139.37094,30,402.968577
233.41129,48,403.190949
81.44334,17,403.273061
81.70475,17,403.429738
81.340195,17,403.569642
97.55891,20,403.6875
199.62677,39,403.956876
99.77614,21,404.112038
103.60959,21,404.261826
180.93047,38,404.532565
192.25464,38,404.806865
81.03918,17,404.884347
120.60217,25,404.997884
93.47716,19,405.083551
81.69873,17,405.170499
188.47853,38,405.420429
138.20819,27,405.676608
182.33977,34,406.082057
109.55767,22,406.229089
128.47804,26,406.519399
81.29814,17,406.647441
169.77875,34,406.847088
157.83473,30,407.049853
168.17749,35,407.344869
80.96454,17,407.413544
125.69064,25,407.572727
99.399635,22,407.82002
249.97096,51,408.153623
129.63382,28,408.336
151.59187,31,408.502826
175.81664,34,408.717899
81.28169,17,408.797136
135.22751,27,408.910094
242.65518,46,409.182019
216.37762,42,409.557472
86.10826,18,409.762614
163.84726,33,410.0844
150.54907,31,410.35911
81.61314,17,410.542544
143.73854,28,410.761514
263.71478,48,411.088156
128.00943,26,411.227881
86.57667,18,411.335921
92.19141,19,411.451071
86.613075,18,411.546523
140.71721,30,411.774141
166.31178,34,411.987186
153.5281,31,412.17512
143.00378,29,412.395715
121.22284,25,412.618475
103.93937,21,412.757876
76.49274,16,412.982719
184.64885,41,413.424891
123.98338,25,413.644295
81.65929,17,413.798164
162.51108,34,414.0094
93.97064,19,414.133091
85.95698,18,414.235477
92.87645,19,414.32103
129.31482,27,414.44651
94.86362,19,414.525983
109.29251,22,414.670766
209.21556,42,415.023637
105.37393,22,415.235065
159.11505,33,415.438346
252.94962,48,415.770956
93.87328,19,415.912909
90.8749,19,416.072035
81.431076,17,416.200368
172.34096,35,416.374342
135.24754,27,416.493436
141.05586,28,416.604311
137.58351,27,416.733469
105.67101,23,416.909339
102.11718,21,417.07512
170.75027,36,417.3546
81.73385,17,417.527959
92.210335,19,417.698064
92.79447,19,417.828938
76.67367,16,417.984044
181.70903,40,418.165989
195.27827,41,418.493016
98.04443,20,418.636388
192.6088,39,419.011026
155.75023,33,419.250928
148.63824,33,421.357861
108.17857,22,421.528104
81.77882,17,421.624062
110.728836,23,421.79544
76.46416,16,421.942401
76.57158,16,422.075466
163.98383,35,422.273739
196.0313,38,422.476227
148.74297,31,422.640009
76.53163,16,422.765139
100.314476,21,422.989541
86.37974,18,423.13123
102.72396,21,423.284195
146.61928,31,423.543405
196.13963,41,423.944155
86.64912,18,424.155375
166.70482,32,424.387458
130.62303,28,424.570766
212.59229,42,424.866172
183.51692,37,425.119173
81.146225,17,425.256153
133.05746,27,425.430074
85.7254,18,425.635056
87.65538,18,425.799219
224.76088,43,426.271797
251.21645,52,426.698741
104.53997,21,426.894923
91.52802,19,427.07707
180.23457,37,427.40184
104.00315,21,427.573686
183.88516,38,427.821931
110.64839,22,427.941185
76.650276,16,428.033749
93.684875,19,428.143779
120.784294,25,428.286726
143.95709,33,428.539399
166.2564,31,428.808149
134.22997,30,429.111563
154.50813,30,429.378324
170.60979,36,429.700917
86.44653,18,429.864382
137.93706,28,430.143484
76.74939,16,430.258229
148.7751,30,430.572838
81.18325,17,430.709651
132.9603,29,430.955929
138.94315,29,431.282999
144.61171,32,431.617272
109.022446,22,431.769424
121.75557,24,431.902597
186.54802,39,432.107781
81.48892,17,432.243892
86.43775,18,432.368389
81.404465,17,432.441317
181.98312,37,432.630488
120.629234,24,432.776917
76.37627,16,432.892724
99.29825,20,433.080663
81.32314,17,433.193627
175.99,33,433.346682
81.43701,17,433.476879
139.59908,30,433.639271
89.512215,19,433.752092
120.93313,24,433.846224
142.91048,28,433.979974
149.82718,31,434.182767
161.05418,31,434.457817
161.97379,34,434.68703
188.6057,37,434.899213
122.219574,24,435.021988
131.39352,27,435.144797
102.54303,21,435.286029
192.79088,39,435.503493
94.33024,19,435.616401
97.310394,20,435.820466
87.56708,18,435.979654
131.72684,27,436.110882
167.55714,36,436.280113
85.91412,18,436.383007
81.01012,17,436.473628
85.68162,18,436.571004
98.6884,20,436.677876
110.58889,24,436.825637
93.30262,19,436.94646
81.38948,17,437.064437
147.69223,31,437.194796
241.90038,50,437.464377
81.3406,17,437.553303
86.69755,18,437.64097
138.91948,27,437.78702
143.49338,29,438.021758
87.99314,18,438.172499
104.12736,21,438.347095
96.60985,21,438.467514
121.31154,24,438.59304
123.31412,25,438.708618
197.76443,41,438.990418
86.64867,18,439.188262
185.7199,38,439.555089
82.11159,17,439.713668
93.80595,19,439.842044
138.43205,28,439.972869
109.56979,22,440.097327
116.81572,25,440.231977
164.71475,33,440.41664
137.09245,28,440.571659
81.45987,17,440.670001
81.24092,17,440.754796
91.45797,19,440.83901
113.28832,23,440.94257
119.462875,24,441.043053
169.00189,33,441.263966
81.52286,17,441.454754
144.40479,28,441.661697
116.11319,24,441.871826
195.24304,42,442.21047
125.096375,26,442.374101
183.9104,39,442.609608
147.37679,32,442.788333
205.12048,40,443.002541
137.6215,28,443.160235
157.43022,32,443.33594
82.861435,17,443.425344
101.01454,21,443.555604
158.17496,32,443.749613
93.39656,19,443.855796
119.8824,24,443.994932
81.6844,17,444.090523
250.0635,49,444.446421
179.15225,36,444.670263
194.94115,38,444.942112
122.91863,24,445.12912
131.19717,27,445.321486
174.50949,36,445.63303
118.02039,25,445.797359
170.0877,34,445.99204
87.021416,18,446.111366
188.17699,39,446.363056
140.6999,29,446.558624
257.09528,51,446.941082
115.919495,24,447.089687
85.91844,18,447.19299
81.91,17,447.286743
258.58347,52,447.652664
136.12277,28,447.805784
183.81313,39,447.956334
115.22631,25,448.077155
102.48778,21,448.176395
76.532135,16,448.286266
99.73532,20,448.392882
205.16681,42,448.604613
81.54638,17,448.701298
189.5111,40,448.941113
76.62215,16,449.014745
87.108894,18,449.110806
81.36293,17,449.2019
202.4562,42,449.425041
108.283485,22,449.531502
153.39291,30,449.708753
81.198395,17,449.808334
169.47015,34,450.037846
277.1412,55,450.321756
295.9309,58,450.611155
143.28445,32,450.808323
86.75241,18,450.956561
160.82758,33,451.223576
168.65492,35,451.461035
148.06424,32,451.630699
145.67116,32,451.783934
115.79158,23,451.898139
104.47483,21,452.005282
225.61607,46,452.249594
110.90437,23,452.349
111.675674,23,452.479034
118.28393,24,452.610134
93.737015,20,452.744275
76.357735,16,452.829275
105.90981,21,452.928581
188.04573,37,453.108993
76.87554,16,453.169548
216.31755,43,453.514287
122.68434,27,453.717594
114.55932,24,453.915782
148.4574,30,454.123391
118.49769,24,454.314279
247.6257,50,454.633905
153.06297,30,454.904104
138.13425,31,455.234532
86.77912,18,455.340805
104.33291,21,455.454991
242.14479,50,455.885624
99.858696,21,456.080675
151.60289,33,456.384231
172.90598,36,456.696959
206.91827,43,456.980092
86.47969,18,457.07143
142.24678,30,457.27317
99.7662,20,457.447548
229.61697,46,457.768217
186.52892,36,458.000668
266.19937,54,458.479633
144.52614,28,458.691345
76.33349,16,458.86216
193.64201,38,459.104372
109.88726,22,459.287017
81.35641,17,459.37711
137.90796,28,459.588421
153.02007,32,459.837852
109.46875,22,460.119237
97.79944,21,460.25143
97.255516,20,460.365889
109.62385,22,460.560797
108.79197,24,460.784105
81.31742,17,460.858054
96.40095,20,461.011677
98.32522,20,461.10699
95.40666,20,461.274534
196.17232,37,461.568555
110.466125,22,461.735994
97.44797,20,461.851868
128.21681,26,462.069514
81.52684,17,462.222215
92.32378,19,462.40169
122.09735,26,462.762393
157.15901,33,463.056499
107.92027,22,463.300288
110.46271,22,463.571718
93.84428,19,463.738611
207.90865,41,464.287313
109.43547,22,464.427253
108.467705,22,464.546835
81.478645,17,464.639095
128.69565,25,464.829018
162.33969,34,465.145553
178.18164,36,465.590834
186.93353,40,465.951196
134.86974,28,466.205363
86.72875,18,466.302151
111.61599,23,466.449259
121.79596,24,466.609758
310.65973,57,467.086214
81.45676,17,467.234487
138.95506,28,467.558611
148.4648,30,467.806973
148.62704,29,468.125067
81.80774,17,468.239701
124.63244,27,468.504456
81.44507,17,468.668069
181.76295,37,469.077839
184.33934,37,469.468907
119.0739,26,469.707964
211.53323,41,470.122167
149.4335,30,470.438721
110.54346,22,470.659559
118.0582,26,470.805107
107.760315,22,470.911715
151.04822,31,471.084517
93.270905,19,471.175752
158.05809,31,471.356971
166.46239,35,471.541462
267.05603,57,471.899512
179.22629,37,472.268884
165.54907,33,472.70691
367.2632,78,473.139338
81.65107,17,473.209594
160.56119,32,473.407059
81.24033,17,473.505087
238.39342,49,473.843201
179.66547,36,474.106571
346.3645,70,474.666832
126.70048,25,474.934255
124.37179,26,475.236009
92.21489,19,475.389125
205.50575,40,475.860759
194.44865,39,476.245606
98.24734,21,476.429798
154.40053,30,476.641541
300.5849,59,477.218746
97.10374,20,477.436997
167.70908,35,477.772551
125.367615,27,478.07844
98.67441,20,478.304209
181.82593,35,478.682392
86.32514,18,478.88163
143.2002,32,479.23444
76.34247,16,479.424505
87.04702,18,479.613183
176.9549,35,479.982871
109.05327,22,480.099855
119.43745,25,480.271755
71.73375,15,480.350086
222.48244,44,480.79138
134.30797,28,480.963574
98.34888,20,481.091705
132.90979,26,481.253861
104.93756,21,481.382456
91.51845,19,481.499352
219.99281,49,483.15015
81.48832,17,483.244107
111.44743,23,483.482589
216.8511,44,483.795097
107.67425,22,483.968508
240.87479,46,484.27562
218.52687,41,484.593091
81.01893,17,484.699558
117.49184,24,484.876596
161.11772,33,485.177953
125.61649,25,485.339293
102.73301,21,485.536747
86.07912,18,485.632861
150.66681,32,485.932549
81.41943,17,486.105162
174.03003,35,486.374262
186.11636,39,486.751167
172.3199,33,486.929975
185.26115,38,487.143446
174.49695,36,487.401154
142.54375,29,487.638735
130.80655,26,487.878884
98.319756,20,487.996049
191.18,40,488.372383
192.27242,38,488.598091
142.73978,28,488.764698
135.36041,28,488.955605
255.60385,58,489.279965
151.8897,33,489.537263
91.18472,19,489.754353
301.0134,60,490.410853
207.46558,40,490.791061
81.616844,17,490.924585
236.94199,43,491.352455
208.48195,41,491.740502
159.08417,34,492.042124
145.6207,29,492.390031
269.56506,50,492.826133
106.31267,21,493.012872
226.09756,47,493.353875
125.09198,25,493.509501
89.86249,19,493.650159
124.495476,24,493.800692
113.12992,23,494.02403
86.45346,18,494.141423
91.1815,19,494.259729
99.126884,20,494.381056
202.04935,41,494.631664
86.72939,18,494.738097
153.20544,32,494.931961
162.9436,35,495.154752
113.807556,23,495.38041
125.949394,27,495.760668
81.296585,17,495.954512
86.39393,18,496.159882
147.98135,29,496.381302
142.21635,28,496.628861
88.846054,18,496.803636
221.97604,44,497.07473
86.09669,18,497.147166
92.79118,19,497.198515
334.96655,66,497.557602
175.82094,35,497.961979
195.78992,40,498.417736
196.792,41,498.822868
81.42571,17,499.006647
285.3865,59,499.514328
102.69244,21,499.616101
283.1612,60,500.112028
133.00647,26,500.288846
93.33237,19,500.481476
167.98361,34,500.709823
81.002396,17,500.859237
167.13301,32,501.118474
163.50636,34,501.404314
81.785484,17,501.501423
245.95601,50,501.827945
239.76292,51,502.226077
99.687546,20,502.403074
346.2159,64,502.876964
81.492065,17,503.008842
193.70995,37,503.389234
240.74419,44,503.836138
85.95083,18,503.995808
155.75871,33,504.311036
161.11201,33,504.461708
87.87724,18,504.605989
124.65529,26,504.865399
102.47738,22,504.993358
121.9678,25,505.154426
86.83985,18,505.339741
216.6895,44,505.643123
92.0555,19,505.779716
98.64387,21,505.953789
172.21294,36,506.351906
154.3171,33,506.690449
186.79668,37,507.089665
97.92821,20,507.209056
86.29295,18,507.415996
94.44817,20,507.591993
131.46814,28,507.769262
134.46474,28,507.967588
149.1891,32,508.199901
163.5506,35,508.455432
166.59966,34,508.647134
103.79344,21,508.745161
93.98491,19,508.871454
207.65948,43,509.289838
106.131256,21,509.470732
94.67628,19,509.572378
143.78783,28,509.731646
241.16951,47,510.116522
154.83638,30,510.479926
98.725945,20,510.700329
87.23603,18,510.846934
220.291,45,511.264953
82.59464,17,511.449799
139.32048,28,511.66226
105.80012,21,511.852113
91.97485,19,512.069877
192.51108,38,512.350529
97.02733,20,512.532294
109.484,22,512.708591
173.5692,34,512.981035
164.03592,34,513.237551
121.8178,24,513.523378
184.18913,36,513.854327
212.71713,43,514.269444
187.80865,41,514.60649
238.06274,48,515.007293
134.2566,30,515.210731
164.73932,33,515.402316
108.84783,22,515.51155
145.17781,30,515.693321
81.2726,17,515.781047
103.418465,21,515.920449
173.40689,38,516.282732
102.94714,21,516.442553
80.92528,17,516.563456
111.62522,25,516.717684
201.89189,40,516.969562
82.048454,17,517.072077
109.06854,22,517.313629
89.911896,19,517.495765
121.01248,26,517.742913
86.01982,18,517.949039
253.68637,51,518.309556
104.211464,21,518.420782
233.8743,45,518.905617
136.4447,28,519.206929
205.83133,43,519.608123
134.29008,27,519.923073
81.361496,17,520.069751
209.16049,40,520.39392
263.30606,53,520.761815
119.55658,24,520.893438
103.17881,22,520.980584
184.21512,36,521.193191
81.61861,17,521.39196
91.71816,19,521.589236
193.8789,38,521.941028
194.22899,38,522.182552
97.027504,20,522.306954
94.27366,19,522.427309
239.1547,47,522.86327
146.64822,33,523.120281
199.34105,42,523.403781
282.96442,56,523.91041
152.54964,33,524.167515
149.80737,33,524.45767
198.37239,41,524.821727
176.21814,37,525.070994
225.05376,47,525.44105
145.16507,28,525.695055
192.25143,40,526.067833
81.16037,17,526.18854
159.83682,33,526.461145
216.16025,45,526.829922
152.9963,32,527.028244
140.47672,28,527.23298
205.92052,42,527.539407
175.40791,37,527.868038
209.33563,45,528.161717
97.705956,20,528.293188
96.789566,20,528.422304
265.71204,51,528.749386
227.22902,43,529.02036
123.17692,25,529.241904
154.57076,31,529.553796
247.03474,50,529.959773
98.90581,20,530.0689
126.486,25,530.267523
128.50764,28,530.497565
98.77582,20,530.675737
81.16382,17,530.789292
228.02805,49,531.100566
332.40845,67,531.549753
159.30501,32,531.754791
144.85216,29,531.920867
87.47076,18,532.044403
293.19873,55,532.405869
127.24873,26,532.547741
209.14386,41,532.849981
130.28902,26,532.990767
165.65833,32,533.158619
258.502,48,533.454168
88.431274,18,533.59107
176.89133,37,533.82616
130.10138,26,534.015282
102.60348,22,534.157007
160.36584,35,534.368786
180.59695,39,534.639137
84.52139,18,534.768917
105.16116,22,534.974605
168.6433,34,535.256474
81.446625,17,535.404981
91.068756,19,535.575073
147.50871,31,535.843009
123.583855,28,536.055409
93.23865,19,536.138227
163.89198,33,536.359679
81.235596,17,536.468313
100.16826,21,536.69662
127.93432,26,536.952314
103.4816,21,537.116524
141.609,29,537.386084
164.14322,33,537.654228
137.81627,29,537.833544
98.333595,20,537.980325
81.282814,17,538.174505
81.909485,17,538.306244
140.68352,29,538.524082
100.893486,22,538.734023
81.299545,17,538.925372
143.57913,29,539.22157
126.91163,25,539.421761
100.5104,21,539.637757
134.21565,27,539.925334
193.1071,37,540.259842
158.7833,33,540.482989
144.99707,30,540.71408
165.23691,35,540.974819
218.64134,45,541.356605
86.46661,18,541.548977
81.14995,17,541.669306
98.077614,22,541.899269
129.17241,26,542.072156
94.68674,20,542.211901
86.00983,18,542.36172
167.456,35,542.641744
237.53958,49,542.979492
187.14813,38,543.272356
86.95094,18,543.422971
99.78375,22,543.595995
182.26668,36,543.865914
86.82431,18,544.021309
81.0978,17,544.180628
105.689896,24,544.404923
94.09531,19,544.568944
136.67769,27,544.798113
159.71422,32,545.026427
223.43379,43,545.34067
160.99153,32,545.618297
138.10988,30,545.998809
110.66963,22,546.22885
165.77821,36,546.574496
263.83124,55,547.006629
234.58617,47,547.354517
135.87114,26,547.573387
86.45853,18,547.699106
103.5777,21,547.866553
188.60936,38,549.61093
101.213135,21,549.781277
210.5574,44,550.201193
86.41118,18,550.330177
102.07576,22,550.526554
180.35828,37,550.825469
151.20943,30,551.024867
196.3156,38,551.3712
175.09511,33,551.624933
92.554535,19,551.770139
141.34418,28,551.989182
216.1705,44,552.378838
76.62875,16,552.499444
126.7862,27,552.729641
159.16322,32,552.987185
92.66413,19,553.124769
215.39236,42,553.474359
201.8111,44,553.805054
115.12033,24,553.978374
157.55946,32,554.21283
81.08788,17,554.37881
132.08427,28,554.572972
81.43081,17,554.716508
319.78995,63,555.206976
97.62139,20,555.369618
81.42555,17,555.479029
97.10055,20,555.633052
181.05121,36,555.941875
91.04805,19,556.179494
139.68185,27,556.528424
153.92102,32,556.792665
167.20563,32,557.030065
185.64598,36,557.331517
187.16272,36,557.708129
121.4249,27,557.973099
87.44275,18,558.12613
81.46677,17,558.250283
81.15657,17,558.403114
145.56122,30,558.637889
176.03477,34,558.883532
213.76929,44,559.179884
80.95267,17,559.308146
81.123085,17,559.532481
81.74477,17,559.680249
126.93742,26,559.890937
93.10352,19,560.030186
87.263115,18,560.20692
131.41748,27,560.401219
150.21942,30,560.621736
140.64665,29,560.846631
207.32843,42,561.209747
106.67561,23,561.396816
175.64557,35,561.674982
118.345215,24,561.870275
150.7458,31,562.166142
132.20683,27,562.410632
141.48743,28,562.678481
92.6579,19,562.889241
93.34857,19,563.075434
86.10137,18,563.215126
88.09681,18,563.368753
139.5951,28,563.56712
162.6199,33,563.829387
125.09475,27,564.043939
148.8178,30,564.272332
197.63695,41,564.598432
248.35173,50,565.011049
117.943306,24,565.249942
186.73662,37,565.633143
270.04208,53,566.047232
81.52278,17,566.184719
206.64932,41,566.51951
112.753914,24,566.826872
152.55591,34,567.105982
100.988434,21,567.25606
125.5413,27,567.444227
94.182755,19,567.595716
167.36818,33,567.883699
118.88327,24,568.080412
120.25005,24,568.276407
245.81845,50,568.727688
81.21532,17,568.827044
109.194435,22,568.988706
109.109276,22,569.152861
168.61288,36,569.508357
105.736786,22,569.681363
161.54634,30,569.954547
92.378044,19,570.163762
227.1506,45,570.50388
108.23826,24,570.680917
128.7049,25,570.854924
110.126595,22,571.082298
259.88004,49,571.467239
112.4305,23,571.649975
153.31079,33,571.924807
147.6133,31,572.157222
163.98134,35,572.424264
144.88484,29,572.638166
98.11651,21,572.803369
175.0412,37,573.079913
115.73486,24,573.304845
136.09187,28,573.548546
126.51218,28,573.890409
93.53543,19,574.162699
85.85902,18,574.303147
224.63374,49,574.648762
131.64388,26,574.855192
134.18663,26,575.046318
209.987,42,575.379633
209.61156,45,575.741723
290.29068,57,576.172972
87.94579,18,576.2903
102.99998,21,576.461487
252.3557,49,576.902521
125.59618,25,577.183533
136.60396,29,577.471564
81.27568,17,577.594797
233.5739,45,577.932161
230.7006,45,578.266661
81.2328,17,578.385153
154.26703,34,578.629388
96.00909,20,578.775424
147.9119,31,578.995549
108.61026,23,579.156002
200.7772,43,579.45227
356.24292,69,580.054555
176.28934,38,580.476823
87.68625,18,580.615127
101.54929,20,580.751863
165.53056,35,580.98597
288.55225,55,581.369977
214.0808,44,581.660816
137.40858,29,581.855844
124.23451,27,582.158232
76.291405,16,582.265534
129.92857,27,582.528361
222.41345,44,582.957528
100.622055,21,583.17312
86.309006,18,583.396718
81.33993,17,583.551768
174.61104,38,583.970394
92.34131,19,584.171717
161.80609,33,584.536481
130.55104,26,584.764421
103.99517,21,584.92447
244.73872,49,585.444352
146.70076,29,585.778899
250.05699,50,586.144318
86.36029,18,586.275904
215.93411,43,586.597425
97.305954,20,586.749218
86.20073,18,586.886985
95.04416,19,587.031985
100.64745,21,587.198168
86.197495,18,587.344692
226.56099,45,587.666686
92.16952,19,587.813926
155.65636,31,588.025307
217.63286,44,588.334558
269.50708,52,588.735162
106.76271,22,588.903138
99.97552,20,589.055014
93.40366,19,589.188537
139.08284,28,589.39059
172.94524,34,589.628539
278.9895,52,589.981775
132.97874,28,590.17063
195.07315,37,590.432678
86.81963,18,590.576925
92.331314,19,590.713365
167.98975,34,590.954642
149.13655,31,591.171273
245.86783,51,591.535527
103.210846,21,591.687596
139.82701,29,591.938756
149.39304,28,592.203303
162.7735,33,592.572183
161.63298,33,592.868461
94.57849,20,593.014526
86.85347,18,593.208262
87.346436,18,593.378381
81.2008,17,593.502013
119.09315,24,593.73522
116.864044,24,593.906506
115.83532,23,594.100891
153.55199,30,594.333241
140.5347,29,594.598844
153.97633,31,594.817796
96.984215,20,594.973825
181.536,38,595.270004
92.27713,19,595.452147
181.40913,37,595.82054
135.92146,27,596.023281
134.56995,27,596.27573
214.4991,42,596.66688
176.35977,35,596.952358
86.799576,18,597.099839
157.44968,31,597.329213
124.60149,25,597.573411
246.48106,50,598.0063
87.01581,18,598.158628
81.29575,17,598.276407
86.62441,18,598.40748
87.46679,18,598.536306
184.47635,37,598.815573
174.06627,35,599.152841
166.87785,36,599.456223
81.30493,17,599.585317
158.46646,32,599.87763
190.2065,38,600.18461
221.55824,46,600.70344
200.17896,42,601.132358
191.36708,39,601.559191
92.418015,19,601.773081
140.18057,29,602.087055
205.76541,43,602.471522
117.095055,25,602.669907
199.61855,40,603.047156
215.49889,44,603.479057
104.647095,21,603.667912
126.540955,25,603.879232
94.09037,19,604.025431
97.27379,20,604.189583
155.97784,33,604.503502
184.36475,36,604.776364
110.173294,23,604.954011
134.31767,27,605.192974
174.211,37,605.468216
139.23604,30,605.685133
174.65262,37,605.959
192.5433,39,606.345334
174.17725,34,606.68852
167.44304,35,606.958702
136.74606,28,607.252337
100.982544,21,607.518808
139.95018,28,607.720674
123.9798,27,607.919648
167.9418,33,608.285075
180.2497,34,608.618588
99.35413,22,608.900916
112.39591,23,609.11928
194.3909,41,609.430271
140.36823,28,609.640498
222.13405,46,610.003603
88.902245,19,610.201161
139.12949,27,610.502233
186.8096,38,610.793802
200.06853,42,611.170738
149.38086,29,611.375596
164.96977,33,611.633308
184.62663,34,611.869093
119.605286,26,612.050876
149.03941,29,612.338892
100.05887,21,612.560434
112.339386,25,612.798072
104.76177,21,612.987622
81.4334,17,613.124227
189.6567,38,613.380784
136.09082,29,613.585065
154.8052,31,613.919499
174.59258,34,614.249919
236.21837,43,614.703433
159.37157,32,615.023684
280.89218,60,615.52025
169.36986,35,615.848252
86.81374,18,615.989688
91.366875,19,616.173008
188.48102,37,616.531787
89.83421,19,616.761714
86.56241,18,616.965586
99.90345,21,617.204693
232.8644,44,617.529346
187.1873,37,617.877113
175.58008,34,618.160357
131.02786,28,618.356878
92.01557,19,618.486377
294.68353,65,621.018571
134.72232,27,621.220567
135.59418,27,621.433197
104.99505,23,621.605927
321.0349,59,622.093135
177.50252,35,622.362457
205.90385,42,622.738618
184.90965,37,623.020293
142.82309,29,623.225608
202.66519,40,623.488334
131.06548,26,623.66136
143.6739,30,623.873022
280.21652,53,624.42932
121.58964,24,624.638032
81.235435,17,624.757199
189.2983,40,625.056599
170.30643,35,625.325383
243.601,49,625.708701
367.35904,70,626.264045
94.060135,19,626.414285
174.83325,35,626.680831
124.57429,26,626.867199
169.5198,34,627.147101
123.56094,25,627.328537
296.60275,57,627.745664
92.98525,19,627.87169
169.14258,36,628.163601
149.5603,31,628.390841
150.79114,30,628.600711
183.92242,40,628.905669
180.36906,36,629.186282
239.4183,47,629.706159
85.905396,18,629.867872
81.41563,17,630.040768
285.0722,56,630.555477
159.34407,31,630.779369
143.93059,30,631.04178
163.1667,34,631.367737
209.03876,43,631.72833
119.53901,24,631.967753
81.433655,17,632.094823
92.25513,19,632.227741
215.43622,46,632.622484
243.2822,47,633.114278
107.62913,23,633.273512
164.53026,33,633.503105
127.130844,27,633.673733
149.3693,29,633.921738
226.09422,46,634.316213
85.20932,18,634.45687
150.41074,30,634.73432
86.3771,18,634.865357
178.02403,40,635.237105
165.27032,34,635.529398
204.53394,39,635.902743
189.4011,41,636.192532
167.7889,33,636.469124
220.01743,41,636.788259
239.95929,44,637.09665
130.04152,28,637.310981
249.96925,51,637.669347
97.64242,20,637.813408
174.01147,34,638.050312
182.27234,37,638.375634
146.90352,31,638.608452
117.61189,23,638.887218
98.35637,20,639.000262
246.8337,52,639.513165
178.86848,37,639.761963
160.88791,33,639.94691
76.70853,16,640.05476
260.70404,51,640.428528
211.67636,40,640.696457
148.47917,30,640.887093
178.44604,34,641.141759
252.62817,48,641.449172
143.73097,30,641.70486
108.36713,22,641.885273
140.7716,29,642.100021
198.23634,39,642.396714
184.66545,38,642.74118
128.2259,27,643.003615
117.45684,23,643.250125
189.65393,40,643.562658
226.73999,46,644.003759
196.73853,40,644.306795
262.28473,58,644.784019
86.65444,18,644.939908
88.83054,19,645.086696
99.258255,20,645.240746
105.317566,23,645.397001
197.56642,43,645.674752
223.95589,43,646.063616
165.78311,33,646.285052
92.90421,19,646.417921
211.99243,43,646.727246
232.75462,45,647.065872
117.67245,26,647.272148
229.763,45,647.620715
80.920265,17,647.745238
192.68016,39,648.046102
235.22034,52,648.414016
258.18784,52,648.804528
272.7294,52,649.254837
171.35338,38,649.562139
176.85558,34,649.957669
113.496216,23,650.146319
121.39969,25,650.385711
149.5466,29,650.646038
220.20753,47,651.077084
97.79307,20,651.22417
174.73514,38,651.496074
290.75327,64,651.956032
81.653046,17,652.071849
104.45662,21,652.219829
279.75998,51,652.590298
87.020134,18,652.717993
86.603935,18,652.829335
153.24141,30,653.043813
138.2813,30,653.281372
140.85373,29,653.494089
205.13925,44,653.832925
248.72528,47,654.237703
184.58765,36,654.515945
81.801,17,654.645324
213.98627,44,655.110766
159.17293,32,655.414593
168.56815,37,655.808897
163.54848,32,656.157857
105.14395,23,656.365694
254.5984,56,656.858078
169.14,35,657.127317
147.60643,29,657.332268
198.28433,40,657.665862
192.68636,40,658.041679
158.53262,34,658.324617
168.49962,34,658.571873
81.286575,17,658.695097
161.03033,32,658.939635
121.860985,27,659.170755
92.0557,19,659.352791
167.99142,32,659.649964
200.97011,43,660.14818
166.46466,35,660.435092
199.7117,42,660.886237
164.94806,33,661.163241
204.80475,44,661.61471
316.2277,65,662.137886
139.91815,30,662.419103
274.09744,53,662.903364
99.09353,20,663.123369
224.90465,46,663.511384
160.80853,34,663.758452
128.56145,26,663.967215
139.68414,28,664.241532
196.98672,46,664.691628
164.11607,32,664.926669
87.23525,18,665.096029
236.35135,45,665.501767
86.44657,18,665.729412
128.53561,26,665.985659
149.23189,29,666.237674
102.993034,21,666.411527
137.87132,28,666.698664
96.54061,20,666.884705
221.3058,45,667.32693
214.13402,44,667.760077
121.31628,25,667.947532
106.00118,22,668.108185
113.548546,23,668.313087
109.098335,22,668.493818
86.136246,18,668.620153
210.51343,42,668.980015
144.20056,29,669.182554
190.31012,37,669.445165
156.59586,34,669.686077
159.70087,31,669.903408
124.81575,25,670.080411
86.85782,18,670.208533
177.05864,37,670.458549
145.31386,31,670.673264
163.75647,32,670.895085
218.96959,46,671.25773
89.435135,18,671.383975
237.68736,48,671.747796
191.30586,38,672.010196
97.62732,20,672.16581
182.15173,37,672.433099
125.650826,26,672.637892
166.93513,35,672.899907
220.54677,45,673.208874
178.0643,35,673.465213
183.65671,36,673.724056
161.07208,31,673.941134
177.33295,38,674.220207
124.520935,25,674.410705
130.07742,28,674.696881
93.81194,19,674.842365
270.83173,54,675.304008
202.90631,39,675.593106
149.29028,30,675.827221
219.56259,46,676.181282
125.55084,25,676.422217
143.82845,28,676.774678
235.48613,49,677.378458
99.967926,20,677.597433
191.57234,41,678.007374
95.5672,20,678.233533
190.68872,37,678.55802
235.7663,49,678.916672
87.144806,18,679.0624
115.95616,23,679.272176
165.02458,32,679.478996
150.9055,32,679.695246
144.48996,30,679.981218
132.92564,27,680.267145
205.0128,41,680.598174
97.22638,20,680.734078
165.07593,34,680.952389
86.11135,18,681.067419
81.18112,17,681.176244
81.48268,17,681.338984
81.63398,17,681.453726
261.50632,53,681.782773
112.15486,25,681.9465
136.19408,30,682.150767
188.52388,39,682.455349
145.38983,29,682.661619
200.05513,39,682.956261
118.363045,27,683.157506
214.93861,43,683.489947
143.90097,28,683.667791
118.4403,24,683.835186
115.75959,23,684.043833
97.282745,20,684.183403
159.5941,33,684.444361
88.245544,18,684.565815
174.14671,35,684.864579
103.53684,21,684.996591
165.52487,32,685.224725
183.36075,36,685.508384
156.52972,32,685.67983
158.40709,34,685.913227
329.299,63,686.410348
118.638855,26,686.69061
114.49418,25,686.917051
149.23317,30,687.146088
157.01881,33,687.401593
241.81297,47,689.568054
97.91091,20,689.725614
156.01671,32,690.050607
220.88419,43,690.359791
169.61081,34,690.603057
169.54097,37,690.909549
220.83598,42,691.32907
170.5697,34,691.586028
222.32771,47,692.050998
177.40717,35,692.31434
153.47089,32,692.567061
193.56784,39,692.855541
170.5844,34,693.103004
245.96303,47,693.489354
91.96495,19,693.621125
142.03433,29,693.834136
124.03884,27,694.010539
142.16835,29,694.198952
171.97966,36,694.429831
101.139496,21,694.623606
156.24461,32,694.995809
86.658295,18,695.13735
176.1306,37,695.432022
112.6072,23,695.598848
114.30564,23,695.755969
297.52512,57,696.118189
109.954704,22,696.256911
201.85126,41,696.556059
197.24652,41,696.848623
157.4657,32,697.076292
138.58212,28,697.321673
92.66254,19,697.52162
188.98125,38,697.942664
179.96365,38,698.23429
196.28888,36,698.569908
292.45184,61,699.244732
246.30116,48,699.655385
203.20886,40,700.008905
169.40184,34,700.332185
96.35777,20,700.464931
181.65846,37,700.728586
170.2234,37,700.994421
284.3094,55,701.457104
194.6332,41,701.809383
218.57957,47,702.158123
129.29031,28,702.446706
325.40967,68,702.986201
128.504,27,704.428141
202.27957,43,704.967153
194.78069,38,705.29748
181.07272,36,705.565159
228.95122,48,705.860066
148.99393,30,706.050146
137.01837,28,706.251131
76.44271,16,706.380659
85.97726,18,706.51045
133.00603,26,706.668604
129.02667,26,706.875797
287.14453,64,707.507483
99.32849,21,707.664314
111.44283,23,707.859529
222.02275,46,708.265443
98.55251,20,708.388266
203.94281,38,708.692682
100.61553,21,708.963984
92.78737,19,709.211245
130.26183,26,709.342047
190.61047,38,709.754634
196.32007,41,710.306567
134.69513,27,710.519927
242.94792,51,710.864236
134.28726,26,711.018805
92.149635,19,711.153723
104.52935,21,711.268805
122.41729,26,711.466021
123.5849,28,711.610758
90.98077,19,711.758593
194.49446,39,712.158766
160.16962,33,712.438801
144.33714,28,712.651179
146.74852,31,712.904885
194.29643,41,713.320419
105.81675,21,713.515682
87.458595,18,713.623749
82.20824,17,713.757478
191.46524,41,714.143867
141.72087,27,714.32779
239.52133,50,714.908867
199.45607,39,715.147156
154.2788,33,715.376644
134.98006,27,715.524729
81.15333,17,715.722337
210.3254,40,716.155253
144.73404,30,716.440038
201.49835,41,716.815352
211.94495,45,717.098008
213.00662,42,717.459166
103.54938,21,717.655268
158.40094,31,717.983089
116.95184,24,718.227388
197.1197,40,718.594694
107.44338,23,718.684591
219.20862,45,718.964615
123.33261,27,719.149063
229.3677,44,719.408947
87.48751,18,719.558792
138.65234,28,719.728488
224.30557,45,720.027471
257.6945,53,720.483933
92.31117,19,720.749721
81.32153,17,720.970005
292.6416,51,721.531748
112.57586,23,721.689569
200.32101,41,722.053037
86.45461,18,722.297509
158.53351,32,722.658129
107.868835,22,722.910476
143.51819,29,723.317257
164.32115,33,723.605821
113.8958,25,723.849711
185.54575,41,724.085042
169.93933,37,724.368067
81.29427,17,724.534143
157.86688,32,724.711182
156.12318,34,725.033686
116.81218,23,725.197999
129.73444,26,725.546066
117.12409,24,725.783033
94.38908,19,725.915905
217.48422,43,726.361519
114.435326,23,726.575315
99.64862,20,726.690252
218.83391,42,726.978819
228.58644,47,727.387168
207.0979,41,727.713245
262.1598,52,728.179341
201.72849,42,728.608247
157.96165,32,728.836474
187.54996,39,729.148455
133.73409,29,729.307831
153.1746,30,729.513846
211.75826,39,729.767403
192.54419,38,730.105738
104.25125,23,730.242861
86.02815,18,730.370484
86.61473,18,730.593256
124.56847,25,730.862557
184.83582,37,731.240889
156.344,33,731.497389
131.86095,28,731.71594
325.72418,63,732.165604
165.24335,34,732.385179
194.00371,38,732.64911
224.22032,44,732.994328
93.00461,19,733.126439
119.05624,27,733.361675
264.41733,56,733.809557
149.32646,30,734.043003
125.58983,28,734.295227
120.67514,25,734.519174
219.32863,45,734.772163
93.57298,19,734.886952
186.85023,37,735.159674
173.63103,33,735.374203
91.827774,19,735.514139
192.6134,37,735.855824
142.84883,28,736.074263
91.76599,19,736.267701
198.19601,44,736.587302
123.72973,25,736.755543
76.59569,16,736.854018
257.05734,52,737.169334
243.48206,51,737.467135
243.79518,51,737.775825
135.84508,30,737.945306
142.03487,29,738.14849
102.49641,21,738.344991
137.97383,29,738.513209
146.7716,31,738.708362
87.150536,18,738.830495
86.07195,18,738.926891
238.6794,51,739.354886
164.0188,36,739.621679
170.41223,37,739.83381
176.12955,36,740.002898
214.92363,44,740.312382
157.47386,34,740.500888
221.94057,44,740.824606
259.57654,52,741.180069
211.84799,45,741.496747
163.6462,31,741.719109
154.06564,33,741.982054
159.70177,35,742.327767
124.58396,28,742.673478
254.39258,49,743.083272
126.069275,25,743.337281
114.28839,23,743.570023
86.66357,18,743.77983
142.12668,28,744.079597
180.40675,35,744.306489
164.51514,36,744.590086
247.81041,46,744.934054
167.62317,34,745.143697
106.9326,23,745.342165
196.97862,41,745.734584
121.93806,24,745.96683
153.43895,33,746.217772
231.68031,45,746.694414
259.074,48,747.125945
196.62814,41,747.51249
224.4469,50,748.024977
141.60541,30,748.238323
84.93516,18,748.415748
183.33672,37,748.644638
109.989494,23,748.784685
81.138855,17,748.887719
183.52567,38,749.282367
301.75586,64,749.721119
114.60374,24,749.967486
245.43044,50,750.516915
99.08423,20,750.689459
185.35013,40,750.91112
176.42627,37,751.186541
86.63987,18,751.351386
239.58043,52,751.647188
225.17941,51,751.974411
241.0832,49,752.409179
87.9983,18,752.539306
244.45941,52,752.961393
109.95588,22,753.08171
117.55032,24,753.202317
143.92644,30,753.529476
125.54382,26,753.707939
91.25759,19,753.887918
288.43097,55,754.232817
162.33531,35,754.58259
176.10593,37,754.834325
86.701675,18,754.974925
96.55328,20,755.222255
166.51482,36,755.500561
162.0932,32,755.85035
185.50543,35,756.060855
117.40029,23,756.225785
110.56413,23,756.395283
81.590256,17,756.49855
247.21556,53,756.80366
161.01909,33,758.792869
150.23424,31,759.029798
257.79163,51,759.32111
128.22064,25,759.458862
175.1396,35,759.674089
155.92561,32,759.996021
218.54857,45,760.302786
187.08409,37,760.598512
86.444916,18,760.700292
131.65053,29,760.982104
115.774315,23,761.211625
86.99818,18,761.311115
205.68623,39,761.679902
166.68208,37,762.048238
108.72771,22,762.307314
201.6718,39,762.635966
156.83417,30,762.92528
229.80481,48,763.333789
135.28108,27,763.629233
293.88763,56,764.15662
267.80182,55,764.639824
179.23512,39,764.986466
217.54082,45,765.41164
228.84167,45,765.7406
234.65492,45,766.124692
192.37744,42,766.44073
220.82715,47,766.918809
92.4771,19,767.149432
147.51413,29,767.405902
165.24599,34,767.810438
173.72975,33,768.044599
202.85864,40,768.384273
86.954865,18,768.47371
188.7302,35,768.678417
162.34322,32,768.838059
117.536766,23,768.945044
184.53003,36,769.159935
121.39511,24,769.28931
206.87389,42,769.51328
229.3522,44,769.726315
226.45926,47,770.02024
154.37698,31,770.22018
214.34315,43,770.467072
204.26227,40,770.680657
211.63773,42,771.065025
297.12158,58,771.480152
393.45935,77,772.141096
184.56775,36,772.490044
92.25375,20,772.673526
132.41185,27,772.961742
111.51566,22,773.216193
87.30271,18,773.381168
211.04083,44,773.714286
202.56831,40,774.14782
90.991974,19,774.329438
295.4082,59,774.901526
199.99156,42,775.299299
229.96895,47,775.642236
107.777176,22,775.762858
204.68102,41,776.051151
259.67603,49,776.405711
130.17375,25,776.661238
158.6769,33,777.045497
154.62433,32,777.475468
92.64657,19,777.590932
130.34116,27,777.780189
187.88962,37,778.063898
217.85672,42,778.413203
105.58268,22,778.595832
86.76453,18,778.711372
158.6079,33,778.92542
241.24323,48,779.302628
198.00694,39,779.694943
114.34778,23,779.933694
139.44185,29,780.112845
149.59834,30,780.342154
121.81578,27,780.584877
115.29145,23,780.801189
148.77605,29,781.025163
120.73006,27,781.27419
301.87494,58,781.772431
219.09276,44,782.196548
214.19116,44,782.693347
188.02724,37,783.06832
184.89891,37,783.393655
253.45428,49,783.75057
176.19637,37,784.182395
210.40935,44,784.530032
227.47632,45,784.917192
198.89825,42,785.241058
154.31345,35,785.509171
189.72638,37,785.880072
334.22076,64,786.304659
158.33887,31,786.57057
257.61447,55,786.997194
131.7858,26,787.273757
114.92787,24,787.533634
107.86652,22,787.785445
188.65369,40,788.234899
216.98611,44,788.504394
132.53424,27,788.650329
92.18399,19,788.757301
295.60062,58,789.047506
138.0436,27,789.233569
261.0231,52,789.757732
102.26609,21,790.060488
191.3425,38,790.425516
167.11412,36,790.703605
108.28737,22,790.831567
91.91142,19,790.962167
143.45227,29,791.338982
233.30319,50,791.934767
171.05292,35,792.269631
284.22656,54,792.902008
190.34473,38,793.237506
204.49106,40,793.516305
213.5298,44,793.882363
142.86142,28,794.059172
210.87773,42,794.415878
110.31448,22,794.609392
112.814,23,794.730655
226.73134,45,795.083446
238.51343,50,795.430544
197.12257,43,795.730622
213.98228,42,795.997957
102.98186,21,796.19049
218.14926,46,796.671436
202.01448,38,797.035504
121.897804,25,797.294461
134.52562,26,797.538809
151.21631,33,797.797633
231.4623,44,798.118328
167.90977,34,798.349392
203.0144,40,798.595145
193.01933,38,798.941709
189.92651,37,799.190419
164.79965,33,799.35502
180.83324,39,799.577456
158.96315,32,799.785211
183.92628,39,800.144952
118.60028,24,800.364809
232.90025,49,800.86929
147.65915,29,801.148304
133.3969,28,801.320446
247.24467,48,801.737895
247.18219,49,802.260758
114.183784,24,802.464576
220.03017,43,802.767454
220.6311,43,803.08428
284.03207,54,803.666547
133.29552,29,803.9778
297.02106,58,804.540705
189.38757,35,804.982912
134.1938,30,805.300592
101.80867,21,805.518684
98.158936,20,805.660526
208.20909,44,805.924927
120.89293,24,806.068523
108.7838,22,806.270107
135.78087,29,806.439461
146.67459,31,806.598922
286.88702,63,807.016934
216.5752,42,807.556791
274.37732,57,808.059112
87.358734,18,808.184953
127.22391,25,808.342746
92.18888,19,808.473606
94.98942,21,808.665025
169.66557,35,809.034021
117.43086,24,809.174301
246.36575,47,809.435957
105.711296,22,809.579868
243.20732,50,809.904406
192.13171,39,810.112748
193.12524,38,810.363832
244.33885,50,810.702649
118.23116,25,810.864096
159.85391,33,811.193877
285.22705,55,811.697574
165.85869,32,811.925269
114.45457,23,812.053342
192.83142,40,812.538729
217.16847,39,813.044548
228.26726,45,813.51887
142.3527,29,813.800509
97.00567,20,813.919481
202.41241,42,814.273563
157.12186,31,814.497282
114.68491,23,814.777575
81.51337,17,814.874154
155.02094,31,815.18582
193.998,39,815.474612
96.88089,20,815.613467
184.02791,37,815.965306
127.08487,27,816.253491
180.37381,35,816.627249
307.5353,59,816.962985
161.3852,33,817.160441
206.0927,42,817.400057
100.090996,20,817.527896
168.73116,34,817.827063
187.3833,39,818.24344
200.15547,39,818.551019
197.38602,38,818.907149
97.79371,21,819.027989
81.53385,17,819.162054
165.09534,33,819.366752
268.0755,53,819.842115
244.11357,49,820.227235
226.38014,45,820.529323
157.20557,30,820.755459
203.21707,41,821.08698
377.42935,72,821.786559
102.2188,22,822.031384
114.45042,26,822.25869
259.2764,53,822.664143
201.5298,42,822.887012
203.4847,39,823.108451
117.77809,25,823.251516
95.62537,21,823.369788
94.34299,19,823.470265
172.57637,40,823.779274
140.76971,29,824.000234
191.38535,41,824.342668
265.39026,50,824.653704
76.81941,16,824.786342
179.13707,38,825.046013
140.87741,28,825.310476
218.5281,43,825.621089
125.98556,27,825.827052
162.82837,33,826.287397
81.26575,17,828.470423
106.99285,22,828.692666
151.64272,30,829.008575
151.28323,31,829.363388
330.13458,69,830.104597
152.33878,30,830.318769
331.77863,69,830.92249
234.00432,47,831.358647
87.44099,18,831.450395
104.44135,21,831.604608
311.99588,56,832.025324
180.44737,38,832.345308
296.35788,61,832.755351
201.25833,41,833.061029
133.30405,28,833.236888
169.41707,34,833.442948
110.21838,22,833.611974
129.30727,26,833.769124
143.97644,32,833.98038
81.49488,17,834.164818
91.72619,19,834.376641
105.84905,22,834.643964
238.98485,47,835.021957
225.86209,45,835.473382
346.0124,81,836.115041
209.94609,44,836.440322
148.89584,32,836.646617
98.45719,20,836.871379
190.17807,42,837.127188
234.88167,44,837.532287
264.5991,54,838.035731
101.366806,21,838.193219
293.59354,61,838.609729
120.81224,24,838.791775
239.21461,48,839.227751
267.17285,53,839.6126
174.04608,37,839.997049
143.35997,29,840.253466
163.62836,32,840.426203
120.37599,24,840.616184
189.23926,36,840.927322
139.86127,29,841.095959
310.41257,59,841.547486
274.71634,60,841.993987
122.069626,24,842.152349
237.98906,53,842.552091
188.61536,39,842.851357
148.45221,31,843.122516
402.13477,77,843.638842
121.55669,25,843.809819
222.49396,46,844.289973
113.13795,23,844.503038
250.52411,48,844.879629
214.5677,42,845.201163
164.4031,35,845.581266
122.74747,24,845.842357
209.53804,39,846.23031
223.31985,45,846.696977
226.8113,46,847.035486
356.0838,69,847.506529
92.45634,19,847.613007
177.54788,39,847.827556
147.78351,31,848.000394
121.395134,25,848.156117
167.2015,33,848.355152
107.097946,22,848.50718
207.22502,41,848.808267
366.38385,68,849.334867
259.74182,51,849.674121
200.65712,39,850.078719
209.5881,46,850.457322
153.57457,32,850.647285
355.9276,69,851.016643
208.65079,39,851.253264
265.63144,51,851.762074
155.43042,31,852.035328
115.19441,25,852.289667
202.02669,40,852.603157
98.30429,20,852.931713
285.18967,57,853.460865
134.56746,28,853.719173
121.26426,25,853.871176
103.07917,21,853.993364
147.33215,30,854.211324
229.0783,49,854.577129
215.44656,46,855.040549
180.04213,35,855.251987
178.743,38,855.667329
170.96144,37,855.933858
163.18367,34,856.306231
139.21808,27,856.548459
204.16518,44,856.958785
98.12831,20,857.145872
158.26608,33,857.474314
160.60191,31,857.786576
245.24464,49,858.33157
199.29083,41,858.78745
215.09064,46,859.210325
179.65013,38,859.439234
141.9939,30,859.659565
93.054985,19,859.783617
365.97144,71,860.23045
147.88702,31,860.490143
137.09439,29,860.760977
173.8369,37,861.064811
169.83359,33,861.39844
157.7412,34,861.58954
274.0813,56,861.942112
244.77617,50,862.281419
150.13808,29,862.581679
186.79163,37,862.840404
121.9232,24,862.988467
194.31271,39,863.264647
256.45865,51,863.654601
134.68648,29,863.969439
190.46753,36,864.370919
87.50851,18,864.483704
197.81207,41,864.897284
126.96514,26,865.073786
180.32927,35,865.374436
203.50664,42,865.806866
174.46896,37,866.017386
144.78627,29,866.336806
348.20654,72,867.175883
102.01211,21,867.350344
343.7113,71,867.943867
218.74667,43,868.234503
191.18546,40,868.500439
145.95493,28,868.662567
164.07706,34,868.992688
195.80287,40,869.353256
121.89359,25,869.564055
141.18697,30,869.822992
110.29704,22,870.014792
87.05933,18,870.18197
103.67307,21,870.330077
209.04346,48,870.586814
128.66008,27,870.770516
151.9414,31,870.963427
178.99402,37,871.300834
153.68376,34,871.63354
163.70349,32,871.96574
217.11368,40,872.372441
275.16873,56,872.859634
319.02643,65,873.491606
228.55226,42,873.817449
250.42896,49,874.260596
230.66602,47,874.703476
192.99211,41,874.973945
266.32736,58,875.488566
179.55116,37,875.714754
372.25803,81,876.259267
81.52938,17,876.357958
162.07736,32,876.574769
381.37918,71,877.136586
226.08765,44,877.479092
183.52745,38,877.742933
234.52971,46,878.16394
181.49075,37,878.564409
208.1378,42,878.875875
107.92879,22,879.127793
118.22877,25,879.426451
188.11276,41,879.749615
218.07417,42,880.0802
146.01233,30,880.278563
201.10088,42,880.528682
231.58029,48,880.898808
199.1495,38,881.215154
141.5374,31,881.576602
219.84988,44,882.082657
174.79633,36,882.382627
306.44937,61,883.053682
178.44742,36,883.428332
97.19283,20,883.592079
154.88583,30,883.822174
215.9182,45,884.243638
130.6413,26,884.374309
156.06058,34,884.578155
76.22903,16,884.661125
120.8936,24,884.7976
97.29099,20,884.898617
237.66852,47,885.231558
253.13797,56,885.749687
129.2376,26,885.992613
182.76003,39,886.471842
80.9827,17,886.678749
92.87298,19,886.881068
213.82591,40,887.238362
143.10724,31,887.526974
115.369736,23,887.793044
93.590256,19,888.016735
128.05663,28,888.387441
87.552605,18,888.614268
166.66884,32,888.956851
194.61092,40,889.368425
115.461426,23,889.540943
270.09848,50,889.911874
206.42928,42,890.247165
236.94017,46,890.69689
171.83287,37,891.104963
260.37164,59,891.534655
109.31213,22,891.736081
194.53236,41,892.15601
185.76671,38,892.549133
248.23157,51,893.145591
161.42218,32,893.490412
227.27875,46,893.9915
284.5477,58,894.505543
150.21896,33,894.729531
93.683136,19,894.845164
113.381065,24,895.090584
167.53807,34,895.318829
86.38052,18,895.502544
184.96085,37,895.827844
134.58705,27,896.002915
250.0833,52,896.356405
212.3346,42,896.762153
85.588135,18,896.854389
136.16682,29,897.017089
156.32326,31,899.438203
205.15828,41,899.831457
98.52964,20,900.017236
261.58224,51,900.539062
309.2226,60,901.165723
209.97345,41,901.631208
183.0835,36,902.003742
284.35254,54,902.540896
222.61124,47,903.072795
114.512634,25,903.294079
178.74205,38,903.713095
277.7339,55,904.193374
306.405,62,904.60652
92.95246,19,904.710593
172.81656,34,905.098181
131.72998,29,905.311831
81.6438,17,905.409584
242.65784,47,905.812592
169.47806,33,906.20424
254.3616,49,906.693404
225.37218,46,906.953367
210.37907,40,907.188941
236.90572,46,907.452199
238.08972,45,907.750239
288.99908,55,908.122349
200.13115,40,908.635277
195.97702,40,908.93456
239.34988,47,909.338168
191.00076,40,909.692013
92.45675,19,909.78951
188.58983,37,909.990103
220.28004,43,910.350245
166.35283,33,910.682455
232.12538,46,911.035318
275.75174,53,911.51726
86.283104,18,911.634743
274.38086,53,912.077449
279.3023,52,912.430275
283.9468,53,912.941915
198.07268,38,913.156108
217.5774,42,913.522781
328.57535,61,914.042716
136.73401,29,914.342985
104.007195,23,914.520143
141.26889,31,914.855801
104.67123,21,915.031411
214.77307,44,915.387394
283.69977,58,915.874235
222.59035,43,916.335284
105.98355,21,916.547667
220.29282,45,916.931927
151.14478,33,917.239407
305.80606,58,917.688644
164.24446,32,917.848954
168.47377,34,918.069823
280.8142,53,918.521827
98.34947,20,918.689135
161.55183,32,918.953446
206.37611,42,919.326837
81.21718,17,919.502631
183.61865,39,919.758254
165.82353,32,919.958502
225.40553,42,920.180887
243.62471,54,920.668524
270.90024,52,921.182949
81.477974,17,921.34571
172.37907,35,921.670565
233.42894,48,921.934356
133.11253,26,922.172396
252.99742,52,922.632165
86.39592,18,922.747405
183.29344,37,923.113717
208.23875,42,923.359866
201.76393,45,923.68346
287.32214,59,924.194549
177.64456,35,924.5781
299.6467,59,924.963619
241.22276,48,925.341749
304.78656,58,925.778255
165.21358,34,926.004084
291.82648,57,926.461899
208.93312,42,926.840154
174.35536,35,927.152621
131.56395,28,927.324927
149.41623,33,927.527617
104.02615,21,927.658868
212.58847,42,927.969728
163.08867,35,928.276316
81.49247,17,928.481266
279.5741,55,929.050108
93.27475,20,929.17194
361.9653,72,929.558816
336.50607,65,929.919495
183.16144,38,930.17003
157.42728,34,930.379522
181.22891,38,930.616402
121.7841,25,930.743848
244.71228,47,931.110827
230.8595,50,931.582022
224.54483,46,932.008796
91.18182,19,932.162568
136.82008,27,932.469893
174.90889,37,932.855513
216.10962,44,933.306666
182.13931,35,933.630716
180.86818,38,933.949083
107.64786,22,934.159181
130.59045,28,934.449195
283.74713,52,935.012565
102.29229,21,935.218278
190.15335,37,935.65894
210.11826,43,936.099911
240.9537,46,936.561191
163.97595,35,936.824307
182.6078,37,937.09881
222.67044,45,937.443516
162.03647,34,937.744804
319.5843,67,938.426302
246.64091,48,938.927044
146.05502,31,939.279176
331.8431,63,939.890005
315.94977,62,940.489506
173.49225,34,940.759065
318.08954,62,941.160167
175.18103,35,941.371472
86.17387,18,941.495403
294.75995,64,942.031254
93.05829,19,942.184839
175.53958,35,942.456397
204.90894,45,942.872964
211.1461,45,943.199006
179.3732,35,943.383753
224.0087,44,943.66423
305.82535,56,944.018882
314.05878,59,944.343236
157.759,31,944.647049
274.54706,56,945.125923
188.29195,40,945.480293
241.38622,46,945.944855
214.53009,45,946.591918
158.91103,31,946.891787
210.76338,42,947.267928
127.41765,25,947.508895
186.39456,40,947.780193
127.61935,27,947.953923
141.96678,29,948.148733
136.96667,27,948.402531
241.34459,51,948.868497
170.83363,33,949.038733
183.10052,39,949.235565
81.50374,17,949.403361
291.82996,60,949.776503
91.649536,19,949.859749
147.71248,32,950.060087
178.98734,34,950.280388
177.07559,37,950.580595
97.97081,20,950.707187
120.21869,24,950.994856
178.2872,37,951.403561
127.42791,28,951.619981
217.82077,40,951.89197
86.57038,18,952.025993
144.29266,30,952.263469
253.79204,49,952.664187
182.70334,39,952.912884
243.74095,49,953.346349
208.68068,43,953.658728
274.56174,52,954.232604
197.3513,43,954.537667
179.88773,38,954.787848
102.49415,21,955.037329
166.73628,33,955.274047
204.99498,41,955.600773
124.75598,26,955.755343
196.31393,38,956.098095
192.11232,43,956.53131
146.73703,30,956.717968
99.13933,21,956.890988
205.24504,42,957.14735
258.78183,51,957.576939
105.839195,21,957.710441
230.94005,47,958.16848
114.87807,23,958.352243
116.76611,24,958.558829
188.35619,39,958.816314
353.60864,74,959.449798
120.77126,24,959.548871
90.61364,19,959.639999
203.72523,42,959.900808
239.3887,49,960.236713
246.95654,48,960.701533
223.5196,44,961.139478
162.2188,32,961.414814
183.72748,39,961.741093
199.25421,40,962.033996
307.55118,58,962.553364
179.81969,39,962.980163
215.68098,45,963.435426
186.29327,38,963.84706
198.153,39,964.171897
110.60913,22,964.42502
185.17258,36,964.750733
220.05736,46,965.032917
256.54013,55,965.663567
316.72836,62,966.065348
264.01526,55,966.501209
92.0912,19,966.602122
231.62375,51,967.006238
146.30362,32,968.765161
276.08936,57,969.130702
287.9389,54,969.688493
191.55421,37,969.921046
170.51186,37,970.175399
105.69278,21,970.429564
271.77747,53,970.772832
209.38567,42,971.22893
257.90775,55,971.6433
145.12254,30,971.820783
168.29759,35,972.059266
135.50354,28,972.247137
149.39487,31,972.600001
190.36217,38,973.029634
149.5716,30,973.230758
180.97214,35,973.495818
201.57533,40,973.908987
253.2535,51,974.478067
195.41069,38,974.772121
201.59506,40,975.107057
177.89313,36,975.354354
187.21426,43,975.623738
313.04507,58,976.204603
97.79226,20,976.39202
269.72018,54,976.854612
169.69484,36,977.26975
194.52397,38,977.488551
86.21975,18,977.648247
268.45038,51,978.136593
203.24942,42,978.484747
193.6254,38,978.657851
163.67323,35,978.887327
128.18243,26,979.061412
135.47543,27,979.268345
194.57903,40,979.490642
105.58293,21,979.688251
233.00543,48,980.076683
81.26515,17,980.258948
239.14719,46,980.593397
109.09959,22,980.826139
126.74175,27,981.122483
318.43423,63,981.649341
297.8455,54,981.974717
217.18736,47,982.43017
328.12735,65,982.902301
94.08694,19,983.091604
188.48456,38,983.38387
290.48834,54,983.822745
169.31215,34,984.143678
331.2067,74,984.739597
207.31001,44,985.171323
93.56661,19,985.315173
273.9924,51,985.668039
306.6839,58,986.158774
113.58302,23,986.3729
255.46199,49,986.84859
230.01299,47,987.19588
181.45227,36,987.429893
131.40604,26,987.691022
126.34542,25,987.933565
175.77449,37,988.251551
185.11992,40,988.49082
255.58696,58,989.079045
316.71115,60,989.536044
305.72867,61,989.884064
167.65201,33,990.069867
133.20685,29,990.311003
267.57556,52,990.783166
229.6206,43,991.1
140.06114,28,991.320005
123.27424,25,991.597463
185.14725,39,992.088934
260.0717,48,992.582707
261.45483,58,993.226313
251.77234,52,993.731125
86.981514,18,993.936241
183.6648,37,994.267816
273.3803,51,994.61306
220.78146,44,994.874145
178.38261,37,995.264676
191.19905,37,995.488255
147.09949,29,995.675737
365.37503,72,996.093329
235.28407,47,996.363432
138.61272,28,996.605747
298.2117,59,997.008075
97.99826,20,997.137259
218.4931,42,997.453837
134.7062,30,997.720964
260.99988,54,998.159344
162.30641,33,998.466472
160.49551,34,998.853696
245.07314,51,999.260926
306.2413,62,999.781536
156.64136,32,1000.031873
216.31392,45,1000.460829
215.79771,46,1000.887332
156.51526,33,1001.262633
200.42882,40,1001.626387
233.288,45,1002.063558
150.77843,34,1002.415201
87.927925,18,1002.593348
300.98645,64,1003.123814
179.49733,36,1003.356593
96.61613,20,1003.472488
142.08974,29,1003.794863
212.75702,46,1004.280694
237.67738,49,1004.572833
178.79213,35,1004.906521
283.1077,57,1005.366852
103.31897,21,1005.482321
81.35287,17,1005.583647
317.42947,61,1006.139035
267.05096,54,1006.658414
154.07803,32,1007.05154
178.88481,34,1007.397092
185.71835,36,1007.638249
184.49274,38,1007.891578
140.87805,28,1008.134466
338.1894,64,1008.691751
486.28668,99,1009.367175
147.72302,32,1009.572565
162.15244,35,1009.760955
298.79715,61,1010.04636
146.35045,30,1010.252695
138.60452,30,1010.408266
321.89227,59,1010.829701
153.5217,30,1010.986272
291.2427,56,1011.551966
240.5453,49,1011.945078
163.09158,31,1012.29887
266.85233,50,1012.624977
151.17348,32,1012.896272
109.13481,22,1013.01197
103.866455,21,1013.170792
161.96996,34,1013.365464
248.08643,49,1013.718454
229.69124,48,1013.981525
132.09624,31,1014.160265
221.92041,43,1014.500473
118.71823,25,1014.749242
155.90701,33,1015.117227
242.52704,48,1015.57633
227.00536,46,1015.963542
211.8515,40,1016.405351
304.47318,64,1017.015969
413.0872,82,1017.621141
217.65424,43,1017.94002
91.93051,19,1018.060313
208.81842,45,1018.534657
81.04659,17,1018.705842
137.99524,27,1019.094884
143.29994,29,1019.320507
206.3993,43,1019.675652
170.01443,33,1019.88881
189.70184,40,1020.154007
169.65076,36,1020.461036
268.16122,51,1020.81095
183.34352,37,1021.05228
155.63167,35,1021.244132
205.15831,41,1021.550287
318.84766,62,1022.213249
128.64307,26,1022.473503
272.7397,53,1022.907448
213.59811,39,1023.269402
91.6852,19,1023.408803
186.09862,39,1023.71298
136.2485,27,1023.895134
312.08722,57,1024.235602
288.50497,58,1024.621916
136.42484,29,1024.852854
213.64906,47,1025.126041
182.7131,35,1025.366775
158.92337,34,1025.59747
203.68954,44,1025.830192
286.0202,62,1026.366295
102.78821,21,1026.478525
136.50308,27,1026.632353
123.02036,24,1026.783914
108.21006,22,1026.920328
219.33365,43,1027.181015
142.48706,31,1027.391714
145.30019,29,1027.566242
210.09515,44,1027.83173
167.88274,36,1028.146373
86.64588,18,1028.333659
272.0716,54,1028.879618
188.18138,40,1029.285843
151.44508,34,1029.601728
291.24234,56,1030.135118
149.22444,32,1030.497661
179.40428,36,1030.961439
181.96783,36,1031.333124
241.17618,47,1031.750678
127.35072,26,1032.008924
135.92415,28,1032.292278
232.95726,47,1032.761615
230.98492,43,1033.246309
226.06642,49,1033.805752
92.287964,19,1034.020865
214.85791,42,1034.397134
249.20703,49,1034.839532
252.53879,49,1035.167146
295.6393,61,1035.691425
188.60994,40,1035.913473
204.99365,43,1037.701651
194.5264,37,1038.107293
321.57837,59,1038.664336
140.79768,29,1038.961791
277.65277,52,1039.549538
391.83856,75,1040.136157
147.42151,30,1040.414714
278.40054,57,1040.921422
81.487335,17,1041.003272
117.33296,23,1041.20844
194.46393,40,1041.461346
97.3269,20,1041.557048
329.93835,63,1041.866767
132.38693,26,1042.104824
161.19595,33,1042.399895
195.30138,38,1042.747677
225.78088,43,1043.265146
217.94353,45,1043.745729
180.6605,43,1044.191918
265.9407,56,1044.763268
231.69499,46,1045.117473
172.08585,36,1045.484803
233.72362,45,1045.924775
283.75867,55,1046.541233
169.94542,36,1046.959181
207.89183,40,1047.293441
270.4879,50,1047.744399
438.32727,79,1048.403203
176.71664,35,1048.629206
387.61078,75,1049.156054
339.84775,66,1049.815972
98.91598,20,1050.051613
222.82523,45,1050.561792
138.85233,27,1050.770496
103.29355,21,1050.90041
90.48844,19,1050.995844
239.40372,47,1051.391501
256.96664,51,1051.813567
192.67325,38,1052.078429
141.86205,29,1052.38367
210.5766,41,1052.862056
154.04994,30,1053.180986
378.74213,79,1053.936447
142.19781,30,1054.13555
166.92343,34,1054.474342
173.01398,36,1054.782468
284.40024,56,1055.182767
220.05206,46,1055.636248
228.39072,46,1056.147367
139.36191,29,1056.442961
377.93512,68,1057.196506
158.64445,31,1057.539346
329.34457,76,1057.98485
337.63046,65,1058.451232
185.5755,40,1058.890449
256.84714,53,1059.455889
258.35724,57,1059.920217
167.3522,35,1060.283455
210.1053,41,1060.63966
259.9455,51,1061.016644
246.48787,51,1061.47203
158.40488,34,1061.719081
103.22667,21,1061.917265
176.1859,38,1062.306843
109.33424,22,1062.509367
189.66234,38,1062.868397
242.43187,46,1063.222599
134.79565,29,1063.520587
186.49017,36,1063.819815
219.41074,46,1064.241655
303.1238,58,1064.730343
158.38776,32,1065.053987
161.15288,30,1065.251995
214.7889,41,1065.593285
261.16663,48,1065.998811
194.5092,38,1066.343809
322.10953,65,1066.752487
107.137726,22,1066.987137
163.1947,33,1067.216949
222.30083,49,1067.565996
228.66658,50,1067.946629
148.43216,32,1068.263118
112.86135,23,1068.408264
110.04597,22,1068.642853
134.18405,28,1068.897054
223.67366,49,1069.374955
166.46411,32,1069.715376
276.05286,57,1070.101035
101.21283,22,1070.230002
208.74883,41,1070.486664
167.66304,35,1070.657899
244.42317,51,1071.106157
146.18805,31,1071.397121
160.77519,32,1071.759567
234.46323,53,1072.331733
138.10023,27,1072.664421
285.34595,58,1073.251179
216.68521,48,1073.730804
147.3574,29,1074.029162
297.74493,59,1074.586205
149.57454,30,1074.767445
173.42023,35,1075.052624
81.558044,17,1075.221561
126.23347,26,1075.408188
175.55588,35,1075.73641
384.22687,76,1076.551153
160.1712,34,1076.872413
236.79234,48,1077.427925
148.33136,31,1077.749933
182.97559,37,1078.107195
378.78635,76,1078.917533
330.41727,63,1079.615384
181.82463,38,1080.100288
165.49164,31,1080.419126
285.48114,59,1081.02373
276.3446,56,1081.56082
274.25507,53,1082.091803
226.60071,45,1082.393645
180.13513,37,1082.648925
218.87006,42,1083.116392
190.77322,39,1083.562871
147.32358,30,1083.928459
234.77045,45,1084.312619
134.70798,28,1084.536503
187.77258,38,1084.764027
237.22795,50,1085.259403
261.10263,51,1085.585975
278.98416,58,1085.92193
267.31757,52,1086.320191
111.03492,23,1086.427784
216.16624,43,1086.646587
255.92273,49,1087.077199
119.276924,24,1087.288393
104.560135,21,1087.500407
237.72618,51,1087.884709
166.94093,37,1088.237908
192.20709,38,1088.617744
294.37155,57,1089.230253
163.4595,32,1089.488322
143.0848,28,1089.738235
86.79237,18,1089.889926
235.16753,49,1090.371556
306.17206,58,1090.768041
223.27063,42,1091.128159
185.47621,36,1091.348301
258.66458,50,1091.714824
343.2766,64,1092.431929
187.72377,40,1092.845915
137.06758,30,1093.117017
92.642586,19,1093.292374
160.49236,31,1093.607309
109.61258,22,1093.795861
209.0244,41,1094.15163
226.40837,45,1094.598238
81.19648,17,1094.760542
207.14165,46,1095.234668
210.26686,42,1095.501552
231.17517,48,1095.906651
204.52133,43,1096.259435
438.53665,84,1096.970205
264.82477,56,1097.533197
180.24352,34,1097.907986
259.7534,50,1098.52705
295.9381,55,1099.131986
144.7797,31,1099.43502
435.77844,82,1100.019296
208.7812,42,1100.223889
124.993,25,1100.353243
206.83426,42,1100.59756
116.04518,23,1100.721018
293.36652,57,1101.329477
103.07725,21,1101.581113
182.95822,38,1101.99946
153.4244,30,1102.315099
84.72329,18,1102.557142
245.88994,50,1103.131688
228.09792,47,1103.677778
211.92253,42,1104.149189
101.81972,21,1104.378932
223.81633,47,1104.885908
312.19086,65,1105.402022
150.52742,31,1105.616529
273.54105,52,1105.904327
99.11497,20,1105.994108
205.14737,38,1106.250661
148.41518,31,1106.529757
366.62314,79,1107.470083
98.61735,20,1107.662095
346.80887,65,1108.203366
480.75253,98,1109.077162
184.9013,36,1109.469451
147.10495,31,1109.906263
240.51768,48,1110.374325
128.73526,28,1110.58174
151.46947,32,1110.760805
212.2255,43,1112.746229
243.7099,47,1113.170436
456.26602,86,1113.981534
121.45286,27,1114.108649
292.33414,54,1114.447638
113.41248,23,1114.583565
289.99826,61,1115.075119
231.52579,45,1115.526705
399.73883,80,1116.294639
157.73169,34,1116.520517
262.94623,51,1116.851259
230.62384,48,1117.252124
267.61282,51,1117.850167
276.56747,54,1118.348185
233.56349,47,1118.654305
335.03812,63,1119.050535
239.89233,51,1119.409537
103.051735,21,1119.529618
289.58047,58,1119.943826
334.77512,66,1120.341246
177.20404,36,1120.543494
150.96976,30,1120.829221
192.64998,39,1121.16751
240.10939,45,1121.479
278.23285,58,1122.102937
229.74298,49,1122.59849
211.11491,41,1122.989281
221.79868,44,1123.40459
179.5143,37,1123.755615
137.027,30,1124.006545
332.6336,65,1124.566235
176.3686,36,1124.960162
220.01384,44,1125.265244
393.7679,72,1125.839371
242.88687,49,1126.239232
172.90393,40,1126.50045
98.2965,20,1126.645993
181.60164,38,1127.056132
133.08565,26,1127.288498
178.05563,37,1127.568002
156.54091,32,1127.826867
169.60612,34,1128.143234
264.0847,49,1128.656488
306.68176,62,1129.203074
176.6917,39,1129.46308
177.14699,38,1129.88117
290.95633,55,1130.539631
171.14188,34,1130.887832
252.45844,49,1131.339732
272.7933,52,1131.775401
242.74072,47,1132.159366
220.7454,44,1132.517628
138.97041,30,1132.768082
103.77636,21,1132.946458
263.0009,53,1133.48085
102.8792,21,1133.5838
189.66513,41,1133.928512
154.96072,32,1134.228141
175.69173,35,1134.456135
101.13829,20,1134.590348
122.10027,25,1134.838221
191.7592,39,1135.154093
254.21121,51,1135.568754
201.96631,41,1135.921053
274.70013,55,1136.356203
170.93445,36,1136.693476
269.1192,58,1137.266569
217.44801,44,1137.574036
290.19577,59,1138.194839
132.44275,29,1138.340393
183.05786,37,1138.597008
140.87111,31,1138.876209
313.773,65,1139.447195
313.16266,59,1139.963476
237.47229,50,1140.465173
178.17577,39,1140.86866
137.75755,28,1141.170485
412.9603,82,1142.134444
141.43617,29,1142.446641
314.04202,66,1143.02008
115.3413,25,1143.213525
252.05305,53,1143.476483
209.69955,43,1143.810069
368.89203,68,1144.366479
372.40274,70,1145.11556
258.60556,51,1145.508172
196.84665,40,1145.843125
225.04875,44,1146.243349
382.96152,73,1146.954087
281.41684,61,1147.343732
182.14513,35,1147.688683
143.78873,30,1147.914229
178.87756,36,1148.116844
131.95352,26,1148.253762
216.69325,43,1148.578774
326.42807,70,1149.460962
248.02547,50,1149.942899
210.35115,44,1150.28905
252.53622,54,1150.657937
259.2109,48,1151.142491
81.40889,17,1151.310884
330.8709,64,1151.957575
210.63524,41,1152.177692
241.70074,50,1152.651869
171.85085,38,1152.956394
204.26018,45,1153.250949
156.22551,31,1153.474555
93.63043,19,1153.563478
217.29976,46,1153.946139
169.39642,34,1154.155107
309.22006,61,1154.594092
194.09888,42,1155.026767
231.2188,44,1155.444009
103.219475,21,1155.684549
341.09946,65,1156.489465
301.37637,62,1157.087452
289.92023,59,1157.64194
253.27191,47,1158.09604
473.73413,91,1159.086542
261.92828,53,1159.639924
295.05472,55,1159.947544
235.79929,48,1160.218259
176.96214,36,1160.601245
460.5052,86,1161.402742
200.5069,41,1161.71406
265.79398,54,1162.086224
248.51787,48,1162.410154
309.6769,59,1162.775266
161.88614,35,1163.126003
153.73615,30,1163.402207
217.21219,45,1163.798055
86.015915,18,1163.959933
254.71063,53,1164.27439
151.23921,33,1164.580911
241.13339,47,1165.033587
278.6835,55,1165.69431
147.91534,32,1165.897766
216.03311,44,1166.382355
407.8401,79,1167.127778
171.17738,36,1167.401255
203.16449,40,1167.681812
341.05008,69,1168.134195
416.6013,82,1168.913155
157.60522,31,1169.283879
278.01877,53,1169.786665
285.6511,56,1170.244648
207.3308,43,1170.547555
193.94775,40,1170.906295
291.54385,53,1171.255944
204.02103,43,1171.569191
225.14278,46,1171.827002
222.61697,44,1172.11306
150.03954,30,1172.362021
274.0206,54,1172.79246
87.36793,18,1172.905061
212.33517,44,1173.186401
157.35085,32,1173.374833
299.19205,57,1173.737303
125.34224,28,1173.985561
109.508,23,1174.166
319.01807,66,1174.643724
230.9938,46,1174.891318
223.70232,48,1175.23114
115.30764,25,1175.396979
271.90118,55,1175.81035
97.65535,20,1175.924294
188.42485,37,1176.271735
219.94508,42,1176.513768
156.45227,34,1176.678554
257.46222,55,1177.178652
167.75493,34,1177.361234
280.66318,56,1177.850288
166.65605,37,1178.218549
161.14993,32,1178.541511
252.50993,53,1179.00649
205.7213,40,1179.276014
270.63776,60,1179.762791
236.24535,48,1180.120208
139.7819,29,1180.438056
217.3022,46,1180.931371
124.61467,25,1181.108078
190.33826,37,1181.305061
137.36331,28,1181.515712
254.08334,54,1184.011604
170.84738,33,1184.247443
355.1492,64,1184.849043
294.7434,60,1185.4027
198.10999,39,1185.872978
216.14801,40,1186.351108
140.28157,31,1186.688648
135.83025,27,1186.85641
268.7424,53,1187.445704
308.43845,59,1188.02933
251.32219,48,1188.57148
242.66197,49,1189.123428
181.60342,40,1189.566738
145.97453,29,1189.890468
136.43503,29,1190.111847
180.25423,41,1190.623457
250.28946,48,1191.164238
259.0111,52,1191.695693
93.14601,19,1191.907344
233.11053,45,1192.458618
176.03271,35,1192.849683
292.35117,63,1193.445155
265.66153,49,1193.84821
169.26414,36,1194.127295
289.86575,63,1194.72048
174.40488,36,1194.962337
222.61353,44,1195.188074
126.12052,28,1195.469124
95.29634,20,1195.699906
177.50578,34,1195.993438
291.00912,56,1196.485836
408.0135,76,1197.287523
143.74362,29,1197.646045
104.489685,21,1197.898238
117.12244,25,1198.186717
219.65929,43,1198.674062
199.3407,42,1198.974087
162.80801,34,1199.181137
116.588295,24,1199.40282
190.53528,37,1199.765188
355.24768,72,1200.439564
185.79965,38,1200.893516
187.17787,38,1201.170669
216.40898,46,1201.545152
148.36134,29,1201.831559
255.23552,52,1202.232238
193.40431,38,1202.646071
248.77989,45,1203.002914
195.06453,39,1203.321068
201.89622,43,1203.628473
177.86998,37,1203.93447
215.36053,49,1204.405734
376.65326,67,1204.93787
213.44247,41,1205.22769
185.87224,38,1205.546591
180.06702,37,1205.839273
169.37402,35,1206.117992
134.87772,27,1206.392779
118.83152,25,1206.670686
270.79358,57,1207.167952
192.44629,40,1207.49234
146.96375,29,1207.693009
195.99435,38,1207.915686
341.02502,64,1208.518922
313.92773,60,1208.867574
246.52776,51,1209.318588
247.14285,51,1209.646169
278.46872,59,1210.138747
218.97536,42,1210.381178
128.42377,25,1210.618609
263.6832,51,1211.12471
347.54797,81,1211.745256
203.54858,39,1212.25332
314.11844,62,1212.98473
390.6155,82,1213.767417
341.7752,67,1214.403537
201.14752,43,1214.795567
86.06032,18,1214.924443
162.74286,33,1215.267299
140.1116,28,1215.52493
255.47867,51,1215.938834
254.2971,51,1216.279421
173.29262,35,1216.579672
243.23094,46,1216.89099
195.45801,42,1217.312109
270.64926,56,1217.813392
251.41394,56,1218.409664
219.76183,45,1218.74794
156.21664,31,1219.064517
214.16301,46,1219.496657
148.6177,31,1219.79402
209.89853,42,1220.105308
287.62253,57,1220.708573
363.48846,67,1221.288151
165.38097,34,1221.618266
155.67677,32,1221.928
136.1944,26,1222.101778
172.90317,34,1222.340969
250.98854,46,1222.802084
175.26958,38,1223.125503
298.29794,56,1223.632683
171.61754,33,1223.838881
117.99831,24,1224.049127
159.82771,32,1224.301725
331.08835,58,1224.727407
176.82112,39,1225.19916
205.31462,43,1225.559368
283.44662,52,1225.94191
221.44806,43,1226.38204
160.09305,32,1226.594715
198.79048,40,1226.808017
305.6665,63,1227.20566
222.11288,47,1227.53015
107.8527,23,1227.729508
132.0875,26,1227.890797
118.2975,24,1228.10605
199.97774,42,1228.396256
189.36362,39,1228.635954
214.81891,41,1228.933428
323.19843,61,1229.440112
153.9882,30,1229.696662
279.5307,56,1230.014804
293.13586,61,1230.440478
222.08376,45,1230.713057
278.7994,62,1231.233387
213.27538,47,1231.591559
262.48047,52,1231.987659
414.74545,78,1232.486503
240.02281,50,1232.90775
235.38438,45,1233.259758
313.81323,62,1233.624443
418.14832,82,1234.16859
189.72827,42,1234.514717
273.3016,59,1235.062161
182.54251,36,1235.355788
143.2878,31,1235.686566
229.75386,46,1236.116992
204.22516,41,1236.382617
269.43756,53,1237.013834
197.07254,41,1237.327478
224.23874,44,1237.816982
125.195244,25,1237.970313
221.12941,45,1238.244063
197.22792,40,1238.525187
234.01512,47,1238.774858
144.4438,29,1238.960918
300.82605,57,1239.317411
103.889725,21,1239.475118
85.768295,18,1239.605764
250.15273,49,1239.885566
236.44588,46,1240.263938
269.94717,52,1240.560429
149.30896,30,1240.851608
313.1489,67,1241.321285
472.9968,89,1242.245056
190.54094,41,1242.570445
162.19919,33,1242.767092
121.21994,24,1242.902761
218.90121,45,1243.245651
130.63121,26,1243.458671
192.33615,42,1243.817762
181.11507,35,1244.23733
216.41086,45,1244.670478
229.29625,45,1245.097473
215.90164,43,1245.432181
302.10678,61,1245.787336
366.0981,67,1246.187441
233.16696,47,1246.529521
242.96736,45,1246.903296
184.8085,36,1247.259477
288.30594,58,1247.870374
177.12476,37,1248.202971
290.0977,55,1248.72467
181.1484,35,1249.049242
252.50941,51,1249.473316
227.83981,46,1249.754772
136.68115,27,1249.945509
293.26996,55,1250.510885
264.86804,56,1251.102846
219.31671,43,1251.499386
289.40005,56,1252.027776
184.99104,38,1252.30545
85.73715,18,1252.495949
282.76746,60,1252.997294
135.07648,27,1253.173694
269.54276,55,1253.560474
199.64003,41,1255.805599
322.19153,64,1256.518079
229.90942,47,1257.045954
107.69436,22,1257.224767
301.56552,62,1257.916137
287.08798,57,1258.486542
362.03403,70,1259.090383
286.39594,61,1259.590846
281.80515,59,1260.000781
256.21786,50,1260.447715
212.0371,43,1261.01539
235.03563,49,1261.626042
148.3367,29,1261.835034
435.66348,88,1262.524706
154.29736,33,1262.811518
206.32297,44,1263.169211
295.9866,57,1263.535179
178.43466,39,1264.027414
139.24724,28,1264.336446
246.48901,47,1264.81344
344.48346,64,1265.405577
271.4472,55,1265.969558
281.5332,52,1266.358844
365.08365,75,1266.883028
126.473785,26,1267.089566
142.15683,28,1267.316435
248.62456,50,1267.850852
140.69528,29,1268.14544
194.52075,39,1268.454159
371.12558,70,1268.995643
217.45891,44,1269.27783
315.9307,59,1269.754639
163.57788,33,1270.059402
105.28176,24,1270.302429
281.4333,53,1270.963436
114.83678,23,1271.157972
300.7945,57,1271.58619
275.83524,54,1272.00005
129.1527,29,1272.270725
132.23155,26,1272.480016
119.79103,24,1272.626429
259.89706,56,1272.97928
251.0703,56,1273.502928
113.101715,23,1273.694561
271.7732,53,1273.995991
295.52408,58,1274.457301
216.44333,47,1275.0109
121.254135,25,1275.352831
249.84428,50,1275.73206
260.93195,56,1276.316351
183.59125,38,1276.543379
369.8644,78,1277.149795
154.5238,31,1277.350423
209.5207,42,1277.630925
327.09778,66,1277.958264
266.8489,51,1278.268027
166.6659,32,1278.478496
262.98816,52,1278.744202
226.97629,45,1278.965747
315.36304,57,1279.398892
291.26584,57,1279.866354
269.8529,60,1280.274534
247.84436,47,1280.574602
184.62291,39,1280.939403
360.49857,64,1281.520425
282.91846,57,1281.96279
180.24933,37,1282.356765
260.89456,51,1282.919818
232.02287,46,1283.289062
353.83722,69,1283.908742
259.14706,48,1284.364623
313.17706,62,1284.914604
242.74457,48,1285.462659
192.44106,39,1285.796409
165.41989,33,1285.986382
337.3643,61,1286.603662
475.71613,104,1287.324937
179.58446,37,1287.728032
245.54039,48,1288.098074
296.73608,58,1288.514994
152.79149,33,1288.732486
375.15012,83,1289.428028
253.92088,47,1289.831151
265.20422,54,1290.247534
184.28561,35,1290.549265
206.78827,43,1290.9539
263.19516,50,1291.2675
227.79431,50,1291.567772
173.51874,35,1291.763779
348.92905,71,1292.228295
215.35449,44,1292.47933
185.96512,38,1292.843107
393.84512,78,1293.521037
304.0261,56,1293.909137
375.4672,70,1294.62163
259.49744,47,1294.921228
320.31714,68,1295.448742
324.22687,64,1295.958166
299.42242,62,1296.64676
199.85112,38,1297.081865
212.02715,45,1297.485883
294.74982,56,1298.119119
219.6566,45,1298.539085
216.38084,44,1298.905922
219.64781,47,1299.401035
249.594,48,1299.826348
214.04337,43,1300.119698
184.63649,37,1300.669148
105.3056,21,1300.873111
192.40097,39,1301.132231
213.28943,44,1301.407202
187.03477,42,1301.746356
207.5604,43,1302.226629
101.97085,22,1302.455056
361.89932,68,1302.905369
373.04404,76,1303.704448
217.48178,47,1304.204721
107.65201,22,1304.382666
173.20059,39,1304.701024
477.33188,97,1305.417317
250.6087,51,1305.776403
304.48633,64,1306.291999
140.91237,27,1306.521168
298.72858,58,1306.933505
286.18866,55,1307.296045
211.52846,44,1307.710575
128.21996,26,1307.963043
191.95914,37,1308.318863
328.86374,61,1308.771126
374.63327,70,1309.424673
396.91617,85,1310.094786
182.07826,36,1310.43001
202.47563,41,1310.780553
277.39362,52,1311.227792
86.65114,18,1311.424259
161.4693,35,1311.754764
230.15216,49,1312.244739
194.48724,36,1312.592433
366.16113,73,1313.150281
214.9151,46,1313.603323
209.96098,41,1314.019757
213.77014,42,1314.326674
90.991,19,1314.514824
230.36911,47,1314.94905
251.62294,54,1315.539826
93.77164,19,1315.742505
133.90596,26,1315.965451
306.27795,70,1316.726095
229.1517,46,1317.1746
249.79544,50,1317.464555
198.76653,39,1317.93014
164.60187,32,1318.256813
128.65147,28,1318.591566
202.14352,41,1318.894822
86.122215,18,1318.979959
201.46404,44,1319.298762
254.28107,52,1319.847927
185.26587,37,1320.230833
196.9864,43,1320.627346
296.36194,56,1321.262135
234.4284,43,1321.544854
290.62476,55,1321.973188
296.41766,55,1322.416805
107.58521,22,1322.597969
187.60966,38,1322.975853
298.79684,64,1323.448655
252.75146,51,1323.888024
290.29395,58,1324.559317
242.28564,52,1325.154911
158.2484,31,1325.487946
165.64008,33,1325.702832
130.89798,26,1325.927868
158.61557,35,1327.76255
109.61452,22,1327.973782
217.02184,43,1328.338544
97.15307,20,1328.491783
269.87857,57,1328.847862
275.00198,55,1329.146178
218.77658,45,1329.50448
265.93582,58,1330.149987
410.05856,81,1330.986995
86.23851,18,1331.128085
197.66978,38,1331.496342
205.67293,39,1331.789456
303.45853,59,1332.320821
282.95996,56,1332.840705
457.84906,87,1333.479451
381.29974,91,1334.441308
262.14838,49,1334.742858
157.80748,35,1334.957901
362.12143,67,1335.369007
171.31502,33,1335.550666
401.53497,82,1336.139374
208.78908,43,1336.536326
296.8331,58,1336.979708
262.44116,54,1337.308299
195.32445,41,1337.548876
254.34695,52,1337.877249
296.89893,56,1338.388716
282.85498,57,1338.982402
112.14524,23,1339.133185
113.70293,24,1339.262377
213.84187,41,1339.559247
303.73438,56,1340.132957
263.51584,55,1340.829968
242.46606,52,1341.336268
372.8167,73,1341.954113
392.1754,82,1342.546525
237.2569,49,1342.896274
138.99338,29,1343.197845
234.23502,48,1343.693944
303.85953,59,1344.108355
367.6146,72,1344.657568
86.56257,18,1344.878875
236.35773,46,1345.228965
306.9075,69,1345.84941
298.4108,57,1346.158311
144.7954,28,1346.283488
187.22281,37,1346.618597
251.25658,59,1347.271417
103.677086,21,1347.473435
183.71715,38,1347.880549
124.12067,25,1348.094525
195.22356,40,1348.519626
87.047264,18,1348.724791
293.29944,65,1349.360462
105.495544,21,1349.559217
299.9924,65,1350.047186
189.72636,40,1350.327471
286.9122,62,1350.736
382.1414,70,1351.31295
159.09424,33,1351.573436
132.44286,28,1351.839056
195.35004,39,1352.155157
357.08008,69,1352.689433
358.55353,71,1353.390942
236.86758,47,1353.734547
182.12656,40,1354.026055
167.05194,34,1354.409971
332.19095,64,1354.799523
179.17113,36,1355.003289
161.36476,35,1355.17787
197.88985,38,1355.514543
181.28421,39,1355.80672
351.748,66,1356.297451
210.49895,41,1356.533175
351.8539,73,1357.057028
86.38455,18,1357.159568
216.32834,42,1357.384109
306.53763,70,1357.782794
210.98407,44,1358.035944
356.31216,70,1358.699145
92.484245,19,1358.889878
151.23534,31,1359.22812
372.0062,76,1359.893107
242.85109,48,1360.24034
352.7634,72,1360.925468
325.4769,59,1361.330567
228.89487,50,1361.708763
107.58671,22,1361.851744
345.7275,63,1362.35865
299.0569,63,1363.0186
327.6447,72,1363.720898
216.21295,45,1363.930357
491.78888,99,1364.663889
345.28958,73,1365.342628
210.12206,42,1365.666156
150.50273,32,1365.878944
223.23917,42,1366.116027
297.1396,60,1366.762876
327.76962,61,1367.294602
263.29086,55,1367.786967
186.60074,37,1368.100285
254.81934,50,1368.570309
230.42685,45,1368.86315
226.052,48,1369.257513
445.1433,84,1369.836446
372.31342,75,1370.610178
249.35542,51,1370.999263
249.8442,48,1371.229522
253.13023,51,1371.50071
337.62405,73,1372.158977
200.69955,43,1372.531879
231.64987,47,1372.853642
269.65707,53,1373.181007
208.7994,43,1373.484864
259.59296,52,1373.886945
176.39464,38,1374.142834
239.92279,44,1374.402498
332.81668,63,1374.980022
550.09827,107,1376.148425
253.61621,53,1376.740475
240.05026,52,1377.309133
127.10895,26,1377.510133
202.2472,42,1377.801666
129.04062,25,1378.060247
296.06863,54,1378.572454
206.89812,47,1378.940974
228.43121,47,1379.356679
320.1758,63,1379.923084
272.00726,51,1380.341905
308.39087,59,1380.800833
329.8443,62,1381.242873
209.0176,43,1381.756732
199.71098,39,1381.955683
379.76703,74,1382.542451
91.65712,19,1382.665606
240.78041,47,1383.135895
222.92145,46,1383.460555
148.45805,32,1383.750544
370.86124,71,1384.339812
230.1263,42,1384.582106
104.92706,21,1384.82726
117.01574,24,1385.000374
356.7022,70,1385.513828
321.53665,61,1385.943493
272.24933,58,1386.403189
234.05658,47,1386.797796
207.12584,38,1387.238346
284.30563,59,1387.635846
374.10434,77,1388.392928
114.431915,23,1388.648963
281.22855,55,1389.158968
131.38696,26,1389.352233
460.4671,95,1390.063173
248.72089,48,1390.440045
282.7178,56,1390.93554
216.47342,46,1391.351361
274.5673,58,1391.707178
326.2945,64,1392.078516
214.3692,43,1392.363084
117.97303,26,1392.492594
232.54634,45,1392.784969
217.71169,42,1393.047019
160.11601,34,1393.389743
310.55246,64,1394.129714
289.4239,66,1396.376774
261.93448,51,1396.742638
131.24194,28,1396.99451
469.38034,87,1397.806116
295.03534,62,1398.265752
246.09238,49,1398.68663
280.6004,55,1399.237078
185.99222,37,1399.656641
110.47792,22,1399.863907
217.76205,45,1400.165786
244.05794,49,1400.580249
356.4767,71,1401.254752
274.7152,51,1401.574775
213.81432,44,1401.904827
97.180466,20,1402.027624
258.60583,51,1402.558978
218.01263,44,1402.891267
134.62767,30,1403.071717
327.34848,76,1403.61335
229.65758,49,1403.91712
346.75427,64,1404.404872
191.53366,40,1404.83798
118.22938,23,1405.053624
99.44955,22,1405.177996
243.84338,48,1405.482045
264.25717,53,1405.958523
248.55334,50,1406.363753
400.60855,75,1407.03809
196.60732,40,1407.297207
271.60748,57,1407.823737
154.94464,31,1408.080553
157.5931,32,1408.456513
98.17832,20,1408.656082
234.58257,47,1409.09585
189.77357,38,1409.333308
196.816,38,1409.709187
242.44135,50,1410.006847
162.1704,31,1410.197157
296.75687,57,1410.608131
260.31818,52,1411.027276
311.33914,60,1411.413369
285.68546,63,1412.047995
274.9181,53,1412.584816
510.42905,101,1413.586034
299.79932,66,1414.311435
260.6189,51,1414.731266
216.90248,47,1415.115017
218.01141,44,1415.432238
322.91635,65,1416.149691
379.26566,75,1416.818585
194.8542,39,1417.252213
201.54877,40,1417.650551
319.5301,62,1418.116948
209.18233,40,1418.428793
280.51086,61,1418.991926
290.2551,62,1419.518354
341.7305,66,1419.895848
300.01227,53,1420.331449
209.83226,41,1420.682425
330.33475,64,1421.166262
183.69257,39,1421.475256
194.04099,40,1421.896362
235.36453,48,1422.451488
239.2579,50,1422.958468
323.98135,62,1423.563155
175.00775,35,1423.782867
237.28781,50,1424.127945
398.29218,88,1424.88534
242.95766,52,1425.435543
86.63812,18,1425.628169
207.63623,41,1425.984305
263.83417,54,1426.456212
247.15633,48,1426.848292
165.16695,32,1427.089416
228.78806,47,1427.389104
297.47974,58,1427.970469
490.00336,98,1428.879283
285.73923,54,1429.241798
176.6128,34,1429.449828
206.63603,42,1429.72416
310.6135,66,1430.248445
128.89796,29,1430.523071
303.91708,66,1430.958748
265.82324,58,1431.309346
236.44238,48,1431.630562
278.1541,57,1432.169071
207.19022,41,1432.650499
397.3805,75,1433.206179
293.81723,56,1433.783354
227.33258,48,1434.422937
304.93417,58,1434.975093
217.93864,41,1435.204089
298.56845,59,1435.725043
433.55133,83,1436.544007
232.56288,47,1437.096284
191.38258,36,1437.359482
250.07462,48,1437.852715
208.73819,40,1438.102445
240.46315,51,1438.386935
296.1313,60,1438.793386
274.1645,56,1439.204813
361.74255,69,1439.728099
260.34055,52,1440.226363
254.8259,50,1440.778468
291.5979,55,1441.23394
507.35443,98,1442.168478
229.12988,46,1442.59926
347.36487,66,1443.385618
464.4434,88,1444.103959
271.10556,53,1444.630939
244.05966,49,1445.066091
368.98782,68,1445.717679
280.8858,57,1446.235605
216.84175,46,1446.545066
258.6603,49,1446.871375
132.39075,26,1447.057323
370.18777,77,1447.915599
226.47633,52,1448.398258
231.71936,47,1448.722565
287.40463,59,1449.177429
279.16406,53,1449.792684
229.56819,45,1450.245173
141.88123,30,1450.582503
248.30463,52,1451.120788
308.60132,62,1451.493754
151.7144,31,1451.753898
430.10345,79,1452.366085
331.3356,65,1452.917715
212.52998,46,1453.303988
245.043,46,1453.548672
282.57025,63,1454.115553
203.35834,41,1454.5144
102.11378,21,1454.654295
471.6343,94,1455.66963
328.69162,62,1456.38178
218.17508,41,1456.694117
445.2365,93,1457.434712
214.02869,45,1457.710811
336.561,64,1458.376466
445.3839,83,1459.192569
279.2571,57,1459.628643
258.27298,50,1460.068639
308.2303,62,1460.436699
302.69894,64,1460.900311
206.94078,44,1461.135401
256.82166,50,1461.626126
356.83868,73,1462.210365
247.11096,50,1462.721323
126.30327,25,1462.993827
216.58437,45,1463.452982
189.94893,41,1463.854607
438.6601,83,1464.626856
294.40833,55,1465.075276
373.22144,70,1465.572472
214.38924,40,1465.945673
248.35579,49,1466.294823
109.76771,22,1466.554356
307.57214,64,1468.810612
388.8112,74,1469.521839
282.83774,62,1470.08031
347.76172,78,1470.773957
241.52646,46,1471.144209
313.4353,61,1471.735379
385.4249,76,1472.432824
255.44882,47,1472.799907
597.75806,117,1473.712262
242.26003,50,1474.205601
294.7246,58,1474.672335
356.63593,72,1475.229373
103.7617,21,1475.456345
331.20853,63,1475.986821
315.11148,67,1476.658854
126.3015,25,1476.954013
243.26375,48,1477.257068
189.94318,38,1477.57849
237.3928,53,1477.989816
358.61475,72,1478.637572
218.22678,41,1478.979681
239.8551,45,1479.381806
315.893,60,1479.894932
140.49432,29,1480.196914
292.86432,55,1480.718196
316.51727,64,1481.221568
249.84772,49,1481.713198
228.70454,46,1482.109418
390.57092,83,1482.66061
183.7191,35,1482.879357
663.4276,136,1484.069324
352.75754,64,1484.611702
115.51943,23,1484.734509
365.05453,78,1485.216263
304.0065,56,1485.589968
336.4376,62,1486.06072
358.1786,73,1486.751441
305.73126,58,1487.14418
352.20657,68,1487.531544
226.65074,49,1487.968326
374.7462,73,1488.469207
310.85913,62,1489.007976
316.78204,64,1489.51554
207.96754,41,1489.864604
258.90747,51,1490.406174
239.76167,48,1490.974624
173.79266,34,1491.339053
224.10687,46,1491.821459
301.45087,60,1492.201838
406.4134,94,1493.038826
206.47856,43,1493.300028
261.8634,54,1493.77218
267.0033,56,1494.133177
171.93018,34,1494.353044
101.55484,21,1494.46293
191.54823,41,1494.807908
250.18883,47,1495.224074
341.16727,72,1495.760769
349.7719,67,1496.491992
86.83064,18,1496.666137
317.0784,60,1497.2157
174.4858,37,1497.502342
256.62674,52,1497.844848
164.37872,32,1498.04371
92.75271,19,1498.153177
263.9438,53,1498.58468
275.95532,61,1499.346248
116.23449,23,1499.542358
234.13838,46,1499.913417
220.6711,47,1500.391053
218.87286,49,1500.830974
220.97842,49,1501.274047
328.0143,65,1501.856695
292.39224,56,1502.195969
199.6506,40,1502.441933
156.47461,30,1502.605911
113.939835,24,1502.765483
345.60303,68,1503.386065
266.31924,54,1503.873626
252.5633,50,1504.190269
320.0201,64,1504.814336
212.05624,41,1505.109764
191.12975,39,1505.503067
291.46606,53,1506.060143
166.08496,33,1506.450105
300.0189,60,1506.870126
202.05453,43,1507.266064
201.44432,41,1507.666483
341.9989,66,1508.03764
324.61914,68,1508.577843
221.25485,42,1508.88339
181.28596,34,1509.16483
288.9051,57,1509.598604
251.92055,53,1509.899909
182.7393,39,1510.132178
241.469,51,1510.591211
281.42148,58,1511.024042
251.49518,54,1511.496026
252.17134,48,1511.942326
264.0532,57,1512.413492
259.21576,49,1512.872831
243.38416,50,1513.418242
136.35661,31,1513.717927
144.04504,31,1513.958339
309.27917,64,1514.599747
187.5609,37,1514.978677
192.72801,36,1515.232597
314.9046,61,1515.720252
192.37907,37,1516.211916
219.88298,43,1516.586628
317.11215,66,1517.114681
318.44708,61,1517.611732
235.24854,48,1518.037231
231.66237,47,1518.330092
297.19727,57,1518.709042
159.53928,34,1518.941586
330.8849,69,1519.686304
304.08243,63,1520.327341
286.57092,54,1520.732416
284.1346,56,1521.360379
254.20702,50,1521.915706
316.34573,71,1522.637108
253.83463,51,1523.197638
301.15338,60,1523.873056
399.78253,82,1524.596279
213.66856,46,1525.047123
199.96538,42,1525.496186
219.40794,44,1525.851594
213.11905,48,1526.273289
218.99547,47,1526.713382
81.423836,17,1526.831324
267.423,51,1527.098823
427.63745,82,1527.517572
322.4425,61,1527.832181
161.1617,34,1528.032459
187.33919,37,1528.394882
222.85092,44,1528.807301
250.16283,56,1529.227384
295.46158,56,1529.956277
165.1054,34,1530.270128
366.51605,70,1530.999564
162.56384,33,1531.190433
208.03177,41,1531.442603
285.63672,55,1531.97115
270.62457,56,1532.431391
515.7184,100,1533.190317
108.56698,22,1533.37791
300.116,55,1533.771197
223.4236,45,1534.093737
174.67734,37,1534.320756
196.52136,41,1534.664112
250.84714,51,1535.007055
360.22733,76,1535.72496
232.14041,48,1536.136722
436.12085,82,1536.833679
204.11855,41,1537.113124
203.09529,41,1538.891423
226.48442,48,1539.161894
354.0087,66,1539.671742
305.17477,61,1540.234458
268.37198,53,1540.813187
253.96475,51,1541.249474
308.58032,61,1541.835881
248.44974,49,1542.192745
379.76944,78,1542.793097
135.02588,27,1542.980743
217.83925,48,1543.518497
309.05945,61,1544.059164
293.49426,55,1544.580813
262.49527,54,1545.018652
112.76102,23,1545.247568
248.81735,51,1545.643828
350.9895,74,1546.337438
305.42764,59,1546.880813
272.2486,60,1547.358571
243.23834,50,1547.879603
253.5483,57,1548.277129
352.82312,72,1548.836148
269.81952,54,1549.23403
391.5915,77,1549.951267
168.01271,33,1550.182475
350.44467,66,1550.630011
104.20997,21,1550.747774
308.0931,62,1551.171053
231.08264,49,1551.580389
275.69437,53,1551.900631
117.62694,24,1552.167813
346.224,69,1552.81436
234.34605,48,1553.337507
354.9745,76,1553.969367
276.53122,51,1554.436247
110.60321,23,1554.580791
187.83981,39,1554.826768
343.1871,65,1555.326587
150.95723,32,1555.630865
155.31726,32,1555.89764
259.15762,51,1556.216478
215.78294,47,1556.438025
205.28467,40,1556.766676
327.37976,66,1557.12798
353.2054,73,1557.758856
175.92639,38,1557.974423
265.8181,52,1558.478484
268.652,51,1558.793286
406.33054,74,1559.394607
332.3925,67,1560.042528
271.16348,53,1560.358275
253.4208,49,1560.710624
202.81458,39,1561.051363
284.7341,59,1561.717778
438.2322,92,1562.563877
236.5985,49,1563.101859
300.09695,56,1563.602103
273.53564,59,1563.963362
326.27234,62,1564.378847
318.42123,66,1564.881666
267.83286,58,1565.236226
233.3319,52,1565.617052
231.4319,49,1566.088165
182.62213,38,1566.425932
312.0829,64,1569.344147
176.80954,38,1569.612896
330.01355,62,1570.166536
265.253,50,1570.463659
181.96074,38,1570.762261
380.5058,73,1571.170148
307.5633,64,1571.879072
318.0899,61,1572.46763
202.19463,44,1572.985003
262.76627,53,1573.287705
267.9556,59,1573.749447
297.22986,66,1574.384282
317.11185,71,1575.048265
357.69672,66,1575.578166
332.12277,63,1576.045715
296.60785,55,1576.611436
179.89362,37,1576.951161
300.68573,57,1577.400704
220.96849,44,1577.757621
265.21976,54,1578.201866
325.80313,59,1578.605298
192.14357,41,1578.887977
302.02988,62,1579.278521
437.79016,80,1579.880621
245.12665,49,1580.210734
169.15225,33,1580.430493
236.93608,47,1580.74007
323.42355,66,1581.151844
243.55238,51,1581.707461
119.576515,26,1581.901667
241.09592,49,1582.249193
289.76166,55,1582.70506
200.65575,40,1583.051467
284.02264,57,1583.568712
355.65927,67,1584.174807
341.6777,63,1584.665912
486.08716,98,1585.355188
233.18556,45,1585.673954
206.23914,43,1586.008641
303.63077,56,1586.474795
332.57782,59,1586.918622
187.56287,40,1587.201662
280.0074,52,1587.573379
255.6416,50,1587.96819
185.76408,39,1588.319339
344.49988,67,1588.864353
247.1592,48,1589.427471
387.43713,71,1590.068419
832.6686,170,1591.569324
229.6628,45,1591.892159
486.37164,93,1592.557897
278.74408,57,1592.934018
321.403,66,1593.364151
464.116,90,1594.076048
220.67584,44,1594.395257
352.26196,73,1595.06732
268.50232,54,1595.602085
246.03458,49,1596.051745
162.35437,34,1596.286228
276.1395,53,1596.630957
456.88293,100,1597.460011
312.54532,62,1598.052847
188.22345,38,1598.487815
252.40137,50,1598.938891
261.50803,48,1599.404037
288.8383,57,1599.877942
277.99454,55,1600.501859
230.55508,49,1601.004525
253.59076,51,1601.365701
248.07349,50,1601.716544
269.60626,51,1602.099919
329.4314,69,1602.641612
222.1698,45,1602.962439
281.2834,57,1603.372393
272.84738,59,1603.853885
215.18492,44,1604.215838
242.53642,52,1604.638051
692.7569,144,1605.810915
305.15198,56,1606.32137
233.99953,49,1606.683723
163.94331,32,1607.005803
340.7933,67,1607.602167
174.3173,37,1608.085027
265.7019,53,1610.228087
327.26053,70,1610.708153
288.3314,54,1611.076862
205.69205,39,1611.451842
334.2018,67,1611.89595
434.9115,81,1612.449139
223.29216,45,1612.931808
321.67557,58,1613.422542
303.41675,58,1613.846668
349.42178,73,1614.30118
367.2685,74,1614.84013
223.45183,45,1615.154972
330.26047,69,1615.532972
402.23373,80,1616.158576
315.19525,63,1616.634386
242.83818,47,1616.976714
258.0959,50,1617.343796
192.20398,40,1617.61016
253.33421,55,1617.976449
305.99036,64,1618.400827
369.19165,69,1618.809209
222.9866,45,1619.094736
289.8004,53,1619.417974
164.67348,36,1619.704164
270.24615,57,1620.118389
463.33038,89,1620.834652
255.71873,52,1621.3779
274.91708,57,1621.979856
279.9874,57,1622.442144
189.42992,40,1622.758481
219.2684,43,1623.065926
333.8395,62,1623.477513
258.5833,54,1623.816386
271.61322,51,1624.279549
477.61823,98,1625.119391
263.6774,55,1625.678821
253.92694,47,1626.058112
294.41467,63,1626.5419
288.84756,56,1627.05671
252.80179,49,1627.436288
295.60425,60,1627.982826
299.22952,61,1628.423272
104.81463,23,1628.595532
254.76398,51,1629.060437
278.72705,57,1629.458218
105.33718,21,1629.608087
418.4859,83,1630.212768
317.54514,68,1630.707439
279.6613,52,1631.10498
144.87996,31,1631.33537
248.85126,53,1631.727429
348.73822,65,1632.265133
211.35431,44,1632.634947
197.19017,41,1633.072626
496.34012,92,1633.858289
195.17386,40,1634.149445
259.23355,60,1634.615968
275.65482,58,1635.072151
418.45358,87,1635.698352
246.6837,50,1636.066086
343.3731,70,1636.57842
260.10684,51,1637.118002
274.78992,54,1637.549108
199.60045,42,1637.876498
290.3316,65,1638.401154
262.3823,52,1638.796739
289.18716,59,1639.239866
472.98547,94,1639.93796
215.94923,42,1640.263385
362.29324,68,1640.786216
314.64606,65,1641.277024
555.3847,109,1642.149115
248.53104,52,1642.532132
226.09985,46,1642.891615
413.9572,80,1643.695744
434.21173,85,1644.544666
213.62459,44,1644.895218
244.3379,50,1645.348001
286.76932,56,1645.753593
139.37987,29,1645.963097
503.25742,92,1646.601594
109.72386,22,1646.752452
264.6287,52,1647.200085
258.30624,51,1647.616229
311.13437,58,1648.079274
229.20572,47,1648.437224
342.1254,65,1648.974499
302.01678,67,1649.560591
199.49617,40,1649.847482
337.69238,65,1650.505278
299.32037,57,1651.055408
266.81763,53,1651.436776
229.81519,44,1651.850489
223.29567,47,1652.36599
213.55281,42,1652.69725
351.95364,70,1653.262165
298.40967,56,1653.723739
477.41263,94,1654.590815
319.5757,60,1655.106641
235.59026,51,1655.513171
290.70316,59,1655.982126
402.4258,82,1656.602823
339.1438,72,1657.169857
273.92078,53,1657.580844
376.6596,77,1658.207722
319.5845,60,1658.693522
192.10933,37,1659.005162
285.46124,55,1659.481157
309.68515,57,1660.032061
213.95186,43,1660.384305
351.4294,66,1660.829197
262.4405,56,1661.159359
173.19519,37,1661.420424
356.7364,73,1661.953235
235.94496,51,1662.331324
271.14026,54,1662.817051
332.2007,68,1663.31315
481.73178,94,1664.02034
195.75204,38,1664.306921
200.48213,40,1664.757749
326.84897,63,1665.32704
276.4783,54,1665.679612
311.8189,63,1666.133727
135.02696,27,1666.362911
250.48184,53,1666.721476
357.82697,70,1667.206643
237.59038,47,1667.651799
184.08664,40,1668.05565
195.06532,39,1668.452638
277.58667,56,1668.908201
258.78534,54,1669.273849
331.21368,62,1669.788723
116.00468,23,1669.948996
151.33798,29,1670.171391
195.44081,44,1670.673857
288.05112,55,1671.12767
218.50745,45,1671.600368
405.3238,78,1672.190174
212.73314,42,1672.516578
222.40038,46,1672.850411
285.75366,55,1673.4524
418.75623,79,1673.996926
152.157,30,1674.207941
271.54047,56,1674.60556
266.85315,55,1675.010825
505.66443,96,1677.292153
362.22763,67,1677.863384
212.22948,43,1678.167132
353.66,67,1678.66144
119.0066,24,1678.807378
383.24545,84,1679.47459
333.1296,65,1679.964226
173.04176,37,1680.254415
309.6366,59,1681.022583
239.89485,50,1681.4641
308.04486,66,1681.96994
320.6971,67,1682.561104
129.79008,25,1682.739535
244.34767,47,1683.067827
237.66531,47,1683.396728
248.79784,50,1683.727819
438.66824,89,1684.396608
155.67007,33,1684.653912
169.17288,33,1684.863046
208.41481,40,1685.196671
449.82108,91,1685.906558
227.82677,49,1686.279693
532.89545,106,1687.082077
153.81946,33,1687.393661
218.24396,46,1687.962811
339.46814,64,1688.491104
278.3515,57,1688.90343
358.0672,68,1689.475112
139.39613,27,1689.69549
226.01526,45,1690.055092
125.0728,26,1690.320587
473.03757,91,1691.17886
475.26874,95,1692.081621
205.06097,42,1692.487038
97.61737,20,1692.674975
107.62456,22,1692.975785
166.8925,35,1693.272609
298.49985,58,1693.66694
171.74396,33,1693.894789
176.80777,37,1694.222101
363.9055,77,1694.856239
163.72533,36,1695.072883
320.5222,59,1695.472512
345.67514,66,1696.065918
164.13988,32,1696.268019
332.9205,71,1696.827125
192.37549,40,1697.087136
185.10991,36,1697.318384
220.22177,45,1697.624684
455.9162,92,1698.406768
319.31625,66,1698.963956
175.89159,40,1699.291847
189.94069,37,1699.568356
338.25803,64,1700.106848
279.84027,55,1700.5735
335.9347,65,1701.313029
110.98473,22,1701.5083
224.55028,45,1701.778976
297.09418,61,1702.267103
381.25577,71,1703.019773
228.70026,43,1703.346317
206.7354,47,1703.682883
201.25739,42,1703.972344
327.6958,62,1704.49027
93.27839,19,1704.65254
258.71985,54,1705.135422
202.73921,40,1705.434068
355.79538,68,1706.127919
280.28653,53,1706.519257
271.8345,51,1706.99594
289.0935,54,1707.413843
409.46207,83,1708.164012
311.81943,63,1708.615418
311.22333,58,1709.093739
159.85417,31,1709.330675
185.66211,39,1709.695515
232.37936,45,1710.084821
331.13242,68,1710.594265
318.8488,65,1711.224797
279.7403,55,1711.677712
333.2552,67,1712.216804
194.0033,41,1712.538194
375.3912,82,1713.340738
213.73756,42,1713.77135
267.39996,56,1714.317174
265.60492,54,1714.774594
218.23088,45,1715.152318
252.33769,49,1715.516298
251.8948,51,1715.885688
365.6466,75,1716.422924
269.37637,53,1716.838812
268.4376,54,1717.301111
187.27014,39,1717.588812
262.43732,50,1717.954015
316.73492,71,1718.45983
223.12149,49,1718.805732
175.27261,37,1719.060246
281.74942,57,1719.458607
203.01543,39,1719.80995
290.54257,62,1720.340198
254.42912,49,1720.683542
340.32443,69,1721.33992
242.37306,47,1721.800754
162.11992,35,1722.033967
371.65936,70,1722.530253
178.34541,38,1722.812115
236.0833,45,1723.152226
91.114815,19,1723.304626
246.07436,47,1723.648781
339.80746,63,1724.144551
244.9645,51,1724.494713
319.50238,67,1725.283184
253.33029,51,1725.756776
326.91385,64,1726.308558
337.14114,63,1726.858309
318.77927,74,1727.559881
316.39777,62,1728.003034
120.34981,24,1728.161895
171.11673,35,1728.491023
409.05777,78,1729.092828
176.98203,34,1729.47375
152.12918,33,1729.86869
244.02373,51,1730.363898
418.64777,79,1730.991019
209.37454,41,1731.391296
303.82196,58,1731.942784
277.3523,55,1732.371639
195.19998,37,1732.649045
218.79037,46,1733.103539
361.15363,72,1733.800128
290.60785,56,1734.339061
200.64813,42,1734.56408
287.825,58,1734.94406
263.41785,51,1735.293726
395.59543,78,1735.909511
367.2204,71,1736.482437
214.36969,45,1736.828907
254.81212,55,1737.143289
341.44708,67,1737.507353
340.82257,74,1738.117009
350.54803,71,1738.63279
183.08871,42,1739.085824
264.04532,50,1739.501223
435.5959,80,1740.221087
266.46442,51,1740.676892
193.17659,42,1741.047277
290.70215,55,1741.618858
427.64337,85,1742.249866
318.88843,74,1742.774438
271.27512,57,1743.245731
244.75522,55,1743.669347
285.12894,52,1743.971659
294.62335,61,1745.921863
244.60452,49,1746.390962
213.09425,45,1746.745418
211.08223,43,1747.104035
256.1191,47,1747.478813
365.90298,75,1747.999913
337.47113,66,1748.590549
346.21085,71,1749.242851
231.69894,49,1749.566469
358.27438,67,1750.076522
91.49561,19,1750.218859
244.27852,48,1750.596913
324.67316,67,1750.99198
320.79437,72,1751.399547
336.329,66,1752.110358
125.021545,25,1752.373065
149.78897,32,1752.740844
212.91711,43,1753.25034
210.64641,45,1753.778653
380.6663,72,1754.414864
316.9138,73,1755.18489
157.3351,35,1755.427665
227.39526,45,1755.753964
315.64795,62,1756.384477
295.29517,58,1756.843955
270.6067,53,1757.338036
270.98312,57,1757.968643
213.41537,44,1758.460467
333.45343,72,1759.185073
308.19156,60,1759.857498
176.11932,35,1760.16909
210.12366,44,1760.414742
333.5145,64,1761.027379
194.76186,36,1761.379949
119.99243,24,1761.643785
346.47217,72,1762.387652
243.39806,49,1762.831285
407.26352,81,1763.500685
337.4887,63,1764.06272
244.0391,55,1764.522992
313.2537,63,1765.250108
542.0089,108,1766.285268
328.74017,63,1766.90746
268.04782,54,1767.385411
252.10707,50,1767.83357
164.01074,35,1768.206764
254.11324,52,1768.731102
103.4571,21,1768.86078
243.67162,48,1769.31479
146.44849,31,1769.550167
201.48663,40,1769.998016
244.29626,50,1770.479514
371.79837,84,1771.130089
291.75934,58,1771.87567
272.28397,54,1772.310668
172.99548,37,1772.692722
210.05974,44,1773.016364
226.57207,46,1773.331638
159.97717,32,1773.64097
301.18127,68,1774.360394
337.61523,63,1774.969536
351.8873,65,1775.567113
194.30518,39,1775.880175
325.21542,68,1776.570894
301.89386,55,1777.130966
98.573425,20,1777.321113
342.2006,63,1777.992748
309.5148,59,1778.532533
185.61362,39,1779.05037
192.15337,43,1779.526529
270.7191,55,1780.103541
233.31067,50,1780.536609
234.37207,48,1780.951927
332.15067,68,1781.80011
197.58131,38,1782.129749
316.67084,59,1782.755169
361.05304,64,1783.288897
262.82114,48,1783.777257
252.97374,49,1784.21681
303.68387,60,1784.660656
325.72052,61,1785.414078
200.93132,38,1785.751538
309.6543,58,1786.232154
219.30075,46,1786.653285
417.44995,94,1787.650933
271.79498,53,1788.158901
104.45374,21,1788.382556
217.32407,49,1788.800363
272.77228,53,1789.280859
345.31274,62,1789.767101
366.65494,68,1790.440301
473.59927,95,1791.108807
231.08347,50,1791.418296
317.4311,62,1791.852077
310.21774,60,1792.248615
194.57268,42,1792.571282
258.71326,47,1792.910631
280.66998,53,1793.363093
254.22266,48,1793.669212
315.1639,62,1794.059983
248.5961,49,1794.412257
273.41068,56,1794.713958
126.12154,29,1794.953521
357.3255,69,1795.477575
208.56273,41,1795.774005
240.76991,51,1796.26196
240.19945,51,1796.612132
231.51888,48,1796.987275
241.73842,49,1797.496006
508.17087,99,1798.104002
184.40681,39,1798.342618
191.86108,36,1798.610229
395.60596,73,1799.214066
161.43045,32,1799.460902
204.76501,44,1799.726433
233.87599,47,1800.153668
282.9334,59,1800.583711
240.11108,48,1800.984561
553.22327,113,1801.85258
285.5082,59,1802.485488
370.37973,74,1803.208276
303.16953,58,1803.577294
295.47153,57,1804.006425
111.234856,22,1804.220131
274.56372,54,1804.715247
375.3942,76,1805.484943
287.2873,56,1805.94524
208.66045,41,1806.344561
304.8377,55,1806.72886
324.54468,59,1807.184714
317.92508,68,1807.719954
253.83205,48,1808.084678
262.5514,57,1808.483796
227.01482,46,1809.076267
253.53581,49,1809.48631
389.65662,71,1810.099434
406.3735,78,1810.736347
349.83868,73,1811.316973
346.02536,68,1811.823113
141.01978,28,1812.03898
104.67801,21,1812.250239
352.8588,62,1812.828748
148.51251,28,1813.137402
179.52693,35,1813.447412
263.10846,50,1813.973809
179.59364,36,1814.335666
350.3702,66,1814.795118
216.6853,44,1815.209855
392.27045,80,1815.800988
201.06978,43,1816.043483
228.9378,45,1816.329454
463.90445,95,1817.046827
243.059,50,1819.527077
252.948,52,1819.891717
305.0747,58,1820.329413
334.42892,61,1820.773729
249.72125,48,1821.179178
243.51735,52,1821.702087
127.77292,26,1821.912935
216.34952,44,1822.184297
307.4002,63,1822.628205
160.19821,33,1822.933788
530.52435,109,1824.18108
220.74115,45,1824.66121
348.54547,70,1825.503299
306.89178,69,1826.174737
288.34732,58,1826.794865
209.52711,41,1827.194584
368.07996,77,1827.962456
508.6229,97,1828.674577
264.36774,57,1829.015342
223.23608,42,1829.297449
342.75858,66,1829.669236
224.33246,44,1829.938075
283.043,55,1830.31841
427.66345,86,1831.175555
240.8539,51,1831.479943
164.34515,33,1831.829343
304.33292,58,1832.467885
329.25116,63,1833.067446
304.69016,58,1833.413935
394.94586,82,1834.204447
379.16998,85,1835.061369
200.38185,41,1835.53982
257.4927,50,1835.798786
282.91302,61,1836.138698
231.02126,45,1836.357946
330.47342,62,1837.095181
423.98444,87,1838.135458
288.80768,54,1838.711838
232.78677,45,1839.009629
224.01187,45,1839.373327
282.92288,54,1839.979133
347.9976,69,1840.731323
176.73755,36,1841.058795
338.35165,63,1841.749089
232.02141,48,1842.159033
368.36166,69,1842.614654
279.7666,52,1843.224735
259.36282,52,1843.813215
264.49756,51,1844.414861
397.27173,74,1845.115119
279.7375,53,1845.420125
128.60515,28,1845.603236
269.28015,54,1846.035695
369.22955,70,1846.71616
177.54362,39,1847.150359
110.50208,22,1847.290786
460.86362,83,1847.990162
210.68428,40,1848.430705
172.6648,34,1848.686455
86.33658,18,1848.843961
380.62314,77,1849.60369
317.2597,63,1849.977178
340.3227,76,1850.574115
363.2088,73,1851.195258
312.56235,59,1851.611486
298.6646,61,1852.14933
216.69325,47,1852.657987
222.67911,42,1853.108266
223.42838,46,1853.580976
296.21875,55,1853.962091
268.17477,55,1854.564338
222.2236,43,1854.994548
260.56598,55,1855.523525
344.28482,69,1856.178467
183.88403,39,1856.578888
172.42462,35,1856.971593
333.42224,70,1857.618004
257.9215,57,1857.976155
215.14214,46,1858.333931
285.87534,55,1858.859118
370.35886,66,1859.578515
246.69571,49,1860.058328
283.99182,53,1860.471025
97.02952,22,1860.682643
152.07388,30,1861.000521
218.37761,48,1861.394555
247.2869,48,1861.698382
356.0173,74,1862.265501
238.16116,46,1862.613071
346.56342,65,1863.327168
455.5085,88,1864.199259
302.2941,59,1864.795136
148.73466,32,1864.99623
348.22473,69,1865.682141
244.83983,50,1866.076905
376.02234,77,1866.745159
260.09375,51,1867.142202
186.06517,39,1867.446697
343.33093,64,1867.868161
397.63315,72,1868.340124
305.6488,57,1868.739189
253.64738,53,1869.084419
262.43744,52,1869.423143
321.59085,59,1869.828862
155.3243,30,1870.024852
235.45766,45,1870.367172
210.97688,39,1870.68733
303.11517,58,1871.162964
309.24518,58,1871.801999
229.25415,45,1872.069813
313.68942,59,1872.58636
220.562,44,1873.016124
438.22647,81,1873.831557
231.9802,45,1874.284791
218.05685,41,1874.653033
282.68817,56,1875.142463
327.39554,69,1875.732241
237.04562,45,1876.100332
214.05232,40,1876.415919
297.30432,66,1876.965695
204.22609,43,1877.283022
321.5093,60,1877.840924
325.48248,63,1878.383197
221.26344,46,1878.831208
231.50992,48,1879.442959
426.7111,81,1880.234453
278.31403,54,1880.668451
263.69586,56,1881.084743
222.77621,51,1881.800075
195.58693,40,1882.153974
231.6134,44,1882.493338
299.68515,64,1883.013505
416.3868,78,1883.559935
307.35345,60,1884.202419
193.9133,39,1884.626157
218.32285,46,1884.932123
276.46866,53,1885.414772
247.73456,51,1885.996528
429.33325,80,1886.794654
246.3738,48,1887.245577
288.09497,54,1887.624599
202.57756,41,1887.906261
328.3749,70,1888.360086
195.91202,39,1888.596385
346.26312,71,1888.995388
249.62785,49,1889.267658
146.65027,32,1889.41718
243.29929,50,1889.791834
340.8069,64,1890.327155
424.20395,81,1892.548265
208.36075,45,1892.907382
344.3992,61,1893.39978
361.52774,76,1893.990432
245.91943,54,1894.385707
340.06384,64,1894.970268
446.27304,82,1895.793711
119.66302,24,1896.022125
200.42876,41,1896.30076
325.671,69,1896.958981
190.8237,42,1897.297067
253.79655,47,1897.604216
448.92432,86,1898.280451
389.75305,73,1899.097539
236.50307,52,1899.574644
370.83127,71,1900.308699
250.95828,47,1900.797265
237.39803,48,1901.229181
272.242,57,1901.83901
346.26407,69,1902.609425
355.67737,77,1903.425429
98.23659,20,1903.649174
433.15796,80,1904.350518
308.27316,66,1905.041323
166.78067,36,1905.358696
217.36536,45,1905.897144
135.2119,27,1906.173755
717.20465,129,1907.113185
229.65678,46,1907.396412
217.23625,42,1907.735142
347.67285,62,1908.332723
241.9978,46,1908.856497
221.43083,42,1909.14765
361.275,68,1909.687044
290.28284,57,1910.055198
232.2695,44,1910.373587
335.21603,65,1911.220785
259.77716,52,1911.765546
258.11932,51,1912.126272
326.8315,62,1912.603572
245.65378,48,1912.908439
250.8188,49,1913.389927
345.48053,64,1914.064171
154.72777,31,1914.30929
212.93794,46,1914.562581
659.8488,135,1915.80512
316.38593,64,1916.42202
346.32898,64,1916.989105
259.5525,49,1917.477174
381.52103,75,1917.99907
109.93559,22,1918.133468
316.82498,61,1918.511333
179.64488,39,1918.737711
615.5871,115,1919.843173
556.6991,104,1920.677032
268.94592,53,1921.063169
286.75055,55,1921.431827
276.58984,58,1921.907236
174.9151,35,1922.110236
332.51477,64,1922.55355
313.4605,57,1923.019948
342.92322,66,1923.54689
130.5042,26,1923.829203
262.98886,53,1924.245098
371.65057,80,1924.805919
349.6744,71,1925.425166
232.39627,46,1925.810611
254.51855,50,1926.163878
253.68672,51,1926.517271
351.87524,69,1927.305892
164.4945,32,1927.628098
269.38306,51,1927.99463
221.63551,43,1928.275421
307.75632,58,1928.672303
333.3187,67,1929.264762
279.92496,52,1929.708956
306.7238,58,1930.123959
170.61021,36,1930.37433
207.4022,43,1930.735825
281.4836,59,1931.027165
170.0384,36,1931.225113
272.53915,56,1931.592152
339.58118,62,1932.162877
261.62643,52,1932.626707
339.06824,63,1933.212839
229.75787,44,1933.618462
211.44861,43,1933.869958
319.956,72,1934.567425
292.03653,59,1935.138908
310.55075,58,1935.632182
325.30057,64,1936.278711
329.10928,70,1936.895475
98.45261,20,1937.002632
183.77817,40,1937.259303
488.47318,88,1938.077982
190.10234,37,1938.464962
262.62625,53,1938.904895
179.98343,38,1939.174882
518.39575,108,1940.113817
252.30383,54,1940.58792
225.98799,47,1941.146083
408.12494,78,1941.638099
430.67297,80,1942.557919
385.20355,78,1943.431744
261.5982,49,1943.927828
349.21268,62,1944.372381
384.48755,78,1945.194243
271.22855,56,1945.544851
230.16179,49,1946.035953
282.30325,55,1946.430741
345.14624,66,1947.220518
345.936,65,1947.871724
451.6717,84,1948.620713
305.3668,58,1948.99368
337.7594,65,1949.594633
319.42352,68,1950.391972
296.13336,57,1950.901468
303.45746,63,1951.633504
259.50192,50,1951.886868
182.48637,39,1952.179815
324.4312,64,1952.854995
288.1357,60,1953.247882
349.59998,69,1953.766319
211.79099,43,1954.151191
248.72182,52,1954.546093
378.9688,73,1955.166425
468.4091,86,1956.051642
145.33717,29,1956.285481
511.94962,99,1957.031184
305.63046,64,1957.5545
332.59912,63,1957.941571
399.26865,76,1958.392281
292.4253,60,1958.756491
323.82452,66,1959.117523
296.75836,58,1959.447382
242.97269,49,1959.819735
183.99362,41,1960.146362
246.37132,48,1960.499942
215.36334,44,1960.8101
253.70866,51,1961.29288
268.4077,54,1961.846588
274.93997,63,1964.37382
268.03928,55,1964.923765
315.01807,66,1965.742022
273.32883,53,1966.31051
260.56863,54,1966.713619
312.63364,66,1967.081721
328.53806,61,1967.617743
401.52298,77,1968.293048
349.28827,66,1968.881341
293.76715,57,1969.429215
258.42093,51,1969.822609
312.25797,62,1970.364738
209.73,41,1970.70141
302.5249,71,1971.464311
104.77712,21,1971.724759
210.76921,43,1972.172483
114.82732,23,1972.391994
332.71027,61,1973.042771
389.38763,73,1973.502162
357.20175,73,1974.252487
370.8478,70,1975.021486
199.50822,44,1975.417334
246.74486,47,1975.806119
274.1804,54,1976.21034
329.87384,59,1976.727155
379.3042,73,1977.135538
304.86322,63,1977.4778
327.86716,66,1977.830067
217.908,43,1978.067876
341.42993,65,1978.561963
286.7638,55,1978.975138
347.7989,64,1979.507395
131.33368,29,1979.677537
347.00476,67,1980.101368
412.41006,79,1980.635391
402.32028,75,1981.174808
215.2634,42,1981.560906
179.00475,38,1981.821755
246.95743,52,1982.168622
234.36882,47,1982.4424
207.44307,41,1982.730334
412.93637,76,1983.316917
381.6689,75,1983.860557
303.19168,61,1984.209187
280.39645,60,1984.719327
270.5153,49,1985.178064
393.99246,76,1985.659075
432.65518,79,1986.27191
254.78372,54,1986.657513
155.75584,31,1986.870656
424.2793,80,1987.72197
240.00291,45,1988.173424
332.57355,61,1988.643529
130.2036,26,1988.79507
181.13724,38,1989.117836
298.69415,62,1989.651443
393.01587,73,1990.352958
130.14508,28,1990.59062
316.19476,60,1991.144436
379.584,76,1991.71564
342.85025,66,1992.5302
344.16928,73,1993.163397
376.42136,71,1993.714517
310.49036,65,1994.225525
347.16684,64,1994.627282
238.43161,45,1995.088385
373.10718,72,1995.80885
379.0361,81,1996.450363
248.72057,52,1997.013707
279.4543,55,1997.511612
351.24072,65,1998.064561
220.7839,47,1998.572756
284.98676,57,1999.03011
338.5447,66,1999.628927
270.9846,53,1999.991833
272.12018,52,2000.275226
161.2813,33,2000.563329
156.71951,32,2000.82127
238.87572,46,2001.263949
229.18887,45,2001.654573
278.4241,54,2002.042905
325.62494,61,2002.612198
374.20938,72,2003.024392
235.8347,49,2003.343358
290.03278,53,2003.700748
162.46043,32,2003.826397
337.03494,62,2004.19044
244.54839,47,2004.63198
316.68015,69,2005.203307
199.94096,37,2005.456423
254.39395,54,2005.872098
259.4261,50,2006.41543
419.45218,90,2007.250575
284.71503,59,2007.715133
263.72076,56,2008.186167
295.64337,60,2008.697564
497.21075,95,2009.505738
327.9281,64,2009.96183
521.33044,102,2010.703695
316.6454,63,2011.268312
464.44492,92,2011.970614
287.0421,55,2012.501812
323.89438,66,2013.106485
483.7773,91,2014.009594
309.40933,62,2014.473377
283.8723,56,2014.923667
234.43695,48,2015.238096
479.12106,94,2015.910939
230.39359,46,2016.158277
210.1533,45,2016.508698
257.80826,50,2016.835348
311.23083,61,2017.395896
255.18536,50,2017.86167
576.05194,106,2018.649765
220.10434,43,2018.946121
164.96884,35,2019.165262
350.6772,65,2019.629352
289.46118,55,2020.018227
192.66331,40,2020.420733
356.31546,65,2020.968177
714.2911,131,2022.056406
244.76791,51,2022.425649
275.0659,52,2022.799955
107.85687,22,2022.918377
284.92413,55,2023.326398
277.62567,50,2023.673482
302.51068,60,2024.116033
283.69116,59,2024.559734
351.27835,68,2025.240617
212.34767,45,2025.672074
278.133,60,2026.186412
289.36627,57,2026.585277
218.91605,43,2026.841293
316.057,62,2027.403747
337.67017,70,2027.860643
267.95407,60,2028.325748
248.09355,46,2028.681874
244.63123,55,2029.18743
451.34683,94,2030.070359
281.73663,53,2030.526312
328.18918,61,2032.58724
280.39188,54,2033.057681
323.54916,61,2033.624703
414.01202,81,2034.389626
273.368,54,2034.863688
156.04688,33,2035.160661
317.7375,65,2035.660231
263.80356,53,2035.952009
230.1595,49,2036.261768
414.5243,87,2036.921409
276.58255,55,2037.414503
497.73203,100,2038.346293
378.1791,75,2038.998709
260.72614,53,2039.38952
140.10617,30,2039.628663
372.45267,71,2040.188305
416.29694,88,2041.006527
473.5669,90,2041.670203
279.47638,54,2042.208608
221.11246,43,2042.586637
252.5936,48,2043.108431
430.99567,91,2044.021677
264.6473,49,2044.540026
217.61235,45,2045.001321
331.03705,64,2045.58026
256.26935,50,2045.957163
369.8267,67,2046.337745
338.04782,65,2046.921575
261.2271,48,2047.374872
420.17755,80,2048.092062
346.86572,65,2048.757933
506.0846,94,2049.679071
384.48984,71,2050.103985
262.44196,50,2050.444038
182.60606,36,2050.649986
252.57048,49,2050.91456
348.9154,63,2051.546037
270.23923,55,2052.043176
364.89777,76,2052.789259
454.96817,87,2053.460687
265.8538,54,2053.832527
369.70587,72,2054.342901
264.84006,54,2054.668212
388.8838,73,2055.142158
495.29874,108,2056.063576
265.62906,56,2056.472707
213.60411,45,2056.753335
168.52092,33,2056.996167
289.77878,55,2057.404646
349.27905,71,2057.789689
301.74164,69,2058.269456
339.7997,65,2058.962918
136.01328,27,2059.220836
312.7209,62,2059.658859
434.45447,81,2060.406105
388.35138,74,2061.114877
439.69095,80,2061.858881
308.2239,62,2062.232402
198.64156,39,2062.482407
279.0309,56,2062.962489
428.69714,78,2063.564115
369.7329,67,2064.23023
332.62637,71,2064.708356
422.1031,89,2065.522582
257.577,50,2065.938919
388.78564,71,2066.63953
193.45085,40,2067.053174
202.47424,41,2067.317408
224.95502,47,2067.709329
310.44354,62,2068.207062
333.1105,67,2068.739144
234.65071,47,2069.10283
284.11127,53,2069.594437
143.08647,30,2069.900675
238.41853,48,2070.326305
263.6324,59,2070.746206
280.2258,61,2071.479045
372.57428,75,2072.058983
366.624,75,2072.567855
255.07185,53,2073.107451
327.4725,64,2073.699665
368.66888,72,2074.320246
305.4083,58,2074.982872
387.47476,82,2075.662778
423.25418,77,2076.391241
314.72968,58,2076.816515
235.69025,48,2077.218689
286.0977,58,2077.83908
354.6751,72,2078.576923
500.14056,101,2079.572219
496.87048,98,2080.65011
375.02115,73,2081.338379
209.0964,40,2081.8649
315.27347,65,2082.525518
320.61703,62,2083.212238
286.30762,52,2083.658442
303.20374,62,2084.105635
203.88434,43,2084.385712
318.41797,62,2084.967395
504.8008,105,2085.759143
309.5424,61,2086.281616
383.90808,72,2086.851109
468.78656,84,2087.642591
211.12308,42,2088.030586
334.61615,70,2088.651246
284.5748,58,2089.187388
297.0504,55,2089.639342
351.39453,68,2090.061222
414.3111,77,2090.642155
222.64404,49,2091.028337
434.8998,79,2091.840933
298.98294,58,2092.136171
289.10767,58,2092.589344
202.47719,39,2092.9142
513.7429,110,2093.765313
406.1475,83,2094.406073
307.83337,61,2094.755236
344.49716,63,2095.225351
377.52835,78,2095.878073
313.695,60,2096.199918
312.98944,61,2096.694647
336.88434,67,2097.332417
397.7059,78,2097.925987
369.2717,79,2098.5474
352.7281,75,2099.105565
269.8445,53,2099.47994
324.67545,65,2100.091509
345.99667,67,2100.68391
286.0591,55,2103.160646
146.80186,29,2103.396976
202.7197,39,2103.639683
392.9062,82,2104.263883
208.2654,43,2104.697951
283.2853,53,2105.242143
308.80283,62,2105.627044
176.4732,34,2105.976035
180.76299,38,2106.314838
553.90955,113,2107.228509
397.98453,82,2107.962761
173.07791,33,2108.294739
143.39497,30,2108.554949
220.84312,43,2108.837853
261.63492,50,2109.256484
329.36182,61,2109.772403
384.16144,70,2110.279916
337.62717,65,2110.694157
358.1734,65,2111.180207
446.7449,86,2111.977301
296.60925,55,2112.264048
246.92519,47,2112.572629
253.45155,55,2112.979291
342.16278,63,2113.557049
470.07965,86,2114.078675
201.97096,44,2114.364215
347.38113,62,2114.72835
331.87863,63,2115.254999
291.72232,55,2115.804281
310.6972,68,2116.381449
223.798,48,2116.921238
360.6986,73,2117.625254
220.52704,46,2118.040262
202.5609,40,2118.38761
201.78517,40,2118.674626
267.79617,51,2119.144126
284.79755,56,2119.683299
330.8463,61,2120.346257
271.49762,52,2120.826868
406.66742,76,2121.631072
421.5081,82,2122.348395
312.43146,64,2123.151789
317.75995,64,2123.821011
327.71753,59,2124.151916
244.95703,47,2124.44635
308.10858,62,2125.003864
341.01956,65,2125.398161
224.88544,48,2125.672309
131.74794,29,2125.879834
370.747,73,2126.61934
292.23468,57,2127.142648
214.66254,50,2127.5787
237.632,46,2127.867071
193.91669,39,2128.225013
287.9189,59,2128.638661
244.0588,47,2128.924736
195.93073,40,2129.270716
265.90518,60,2129.702767
373.94296,69,2130.171458
198.71484,44,2130.455288
362.76062,71,2130.961644
392.97995,81,2131.626352
291.40775,59,2132.261384
265.29712,52,2132.756456
209.44614,45,2133.005092
357.96378,67,2133.60383
368.5468,70,2134.219017
247.20341,55,2134.689884
255.35873,49,2134.999202
254.5487,50,2135.540305
339.95535,62,2136.019523
302.43683,73,2136.683658
296.4703,66,2137.407353
319.63892,66,2137.837788
238.80777,50,2138.244321
239.59073,46,2138.738307
221.9604,45,2139.21848
279.1898,57,2139.838536
352.25397,77,2140.607786
359.4927,67,2141.278497
252.47723,52,2141.77566
248.46716,48,2142.206027
388.8601,70,2142.812793
207.2291,44,2143.081674
418.53845,85,2143.609848
512.8279,100,2144.658289
333.6806,72,2145.441246
311.44073,66,2146.017341
295.24133,55,2146.452034
333.1581,63,2147.129297
478.9542,90,2147.925187
553.25824,107,2148.861427
332.85992,71,2149.581152
214.63927,43,2149.967797
345.9394,67,2150.866391
335.21622,62,2151.426756
379.71808,69,2151.932915
325.84958,61,2152.27933
265.93216,52,2152.744865
363.08667,82,2153.534554
407.2348,83,2154.181013
367.41745,77,2154.825574
420.40033,90,2155.4153
346.13837,67,2155.909446
145.76097,32,2156.208068
343.55527,71,2156.941517
409.7453,78,2157.742287
318.6444,63,2158.329973
191.63626,42,2158.793116
262.4249,53,2159.287256
223.70148,46,2159.629874
296.52673,57,2160.09699
438.1889,90,2161.159116
315.2636,72,2161.891268
367.8431,75,2162.65567
284.7343,52,2163.153516
334.54007,60,2163.624251
280.20193,56,2164.221715
401.32553,76,2164.871835
327.2919,62,2165.347717
239.26097,49,2165.854479
406.69266,74,2166.459592
149.18845,29,2166.657249
265.9153,53,2167.119269
259.5542,55,2167.538348
328.92804,64,2168.031679
304.4845,57,2168.599471
184.5675,40,2168.90258
336.02545,67,2169.510508
313.57925,66,2170.061255
364.0097,72,2170.645495
312.4466,70,2171.248565
218.92877,45,2171.506542
300.92596,62,2171.84069
343.25177,68,2172.415012
195.67545,39,2172.645748
443.40225,86,2175.117875
236.12816,49,2175.491742
233.53139,45,2175.813164
209.11948,44,2176.106191
368.25125,75,2176.821031
218.8944,45,2177.107724
311.06613,60,2177.578792
271.869,56,2177.924123
223.7221,45,2178.377637
300.924,57,2178.917439
296.49567,56,2179.333583
291.8268,54,2179.718795
400.10876,82,2180.295304
99.611176,20,2180.417782
354.68683,67,2180.846114
370.07684,71,2181.278331
502.80328,111,2181.938329
345.66006,66,2182.5747
274.5035,55,2183.089592
285.6503,66,2183.69418
254.18086,49,2184.137611
312.33844,61,2184.702847
280.95947,58,2185.207811
256.07098,53,2185.825644
323.9282,62,2186.320603
313.2968,59,2186.70175
504.20114,107,2187.257995
327.918,65,2187.641868
223.4976,47,2187.915467
279.20084,53,2188.531285
299.4494,56,2189.088271
327.78546,62,2189.664563
282.3605,57,2190.169835
315.03293,69,2190.631397
293.53992,63,2191.269237
185.85603,37,2191.750782
330.82913,68,2192.341672
309.6888,61,2192.990932
174.19977,37,2193.443734
313.1166,61,2193.96009
240.39514,52,2194.34672
268.3497,53,2194.784631
236.70306,47,2195.122228
322.86823,64,2195.567554
305.70938,56,2196.124859
282.1406,57,2196.711079
277.08337,58,2197.189472
277.96283,52,2197.640182
154.3521,30,2197.911108
229.9029,47,2198.358644
337.71854,69,2199.058987
362.6888,66,2199.663047
279.9044,61,2200.113652
273.3726,52,2200.420645
410.00238,84,2201.312811
387.97656,75,2201.857747
175.95999,40,2202.160124
261.35645,50,2202.582447
287.696,57,2203.009381
313.33377,61,2203.639082
354.28445,69,2204.138894
212.69707,45,2204.435749
391.99976,75,2205.249481
430.37106,77,2205.900015
139.53583,28,2206.081397
461.39362,91,2206.765266
411.3673,87,2207.570127
253.91283,48,2208.118211
313.27728,62,2208.816893
305.63965,65,2209.497179
168.89626,33,2209.87594
352.96613,76,2210.540982
269.76358,55,2210.937621
342.9285,68,2211.499931
201.389,42,2211.991214
156.8074,31,2212.225818
324.745,66,2212.621752
411.91617,80,2213.316372
286.3991,64,2213.884001
501.6887,96,2214.81528
241.80257,51,2215.211041
180.32669,37,2215.572389
286.2491,56,2216.152566
273.27365,54,2216.512415
328.22397,68,2217.15026
183.62738,34,2217.404068
229.06291,49,2217.799239
196.00601,39,2218.147697
220.38214,44,2218.573133
476.1747,92,2219.115424
608.1549,109,2219.975959
275.72708,56,2220.303669
341.04926,72,2220.774914
270.41016,53,2221.269089
283.28262,65,2221.701426
172.65868,35,2222.071332
215.45192,44,2222.592334
745.07715,144,2223.948896
215.79697,45,2224.370499
225.64519,45,2224.782059
329.857,62,2225.463709
305.18958,59,2225.981195
247.54349,51,2226.308184
372.0738,76,2227.024304
364.9457,69,2227.593266
230.08885,47,2227.973738
290.41092,56,2228.426084
344.5279,66,2228.923658
446.63318,95,2229.691813
327.96707,61,2230.188775
353.40714,68,2230.764924
213.24951,45,2231.154561
205.94359,41,2231.550061
370.62494,75,2232.27464
342.5523,68,2232.742375
225.63126,48,2233.145735
361.68347,69,2233.839046
290.68686,64,2234.465746
225.84389,47,2234.988852
303.26883,57,2235.487702
364.30243,69,2235.991793
236.3158,44,2236.217129
356.22345,67,2236.623224
235.82642,49,2236.901987
320.20288,70,2237.330107
169.47601,33,2237.585383
376.3972,77,2238.108177
351.34308,69,2238.784506
217.51158,42,2239.157577
335.61523,59,2239.689019
281.21323,54,2240.35523
338.88504,64,2240.829993
509.1634,98,2241.528251
400.0473,77,2242.095184
256.85333,48,2242.527603
245.21039,52,2242.940185
237.4076,45,2243.310151
304.65668,58,2244.900457
226.9895,44,2245.173772
433.90045,78,2245.839336
383.1115,75,2246.49389
223.62573,49,2246.930232
195.75455,41,2247.279714
381.9489,72,2247.806823
384.80533,78,2248.223406
273.2043,59,2248.606499
442.4301,88,2249.23228
317.2754,74,2249.612998
360.721,71,2250.161644
304.7794,59,2250.750463
351.47507,70,2251.359981
328.0853,73,2252.079784
274.07822,63,2252.494118
225.8145,45,2252.861555
390.91266,83,2253.756402
192.7079,41,2253.995026
284.65137,58,2254.314109
336.21597,64,2254.798462
335.54706,69,2255.603527
226.2249,46,2256.017976
393.09528,81,2256.660088
356.1222,66,2257.120445
437.09384,82,2257.742447
136.62732,27,2258.063203
292.38013,60,2258.769682
147.47945,29,2259.03178
322.62488,71,2259.799062
378.91904,77,2260.659481
459.92624,93,2261.33997
294.65457,57,2261.914165
307.2542,60,2262.477845
327.61847,65,2262.851011
337.97015,76,2263.247059
216.47874,44,2263.667594
446.0535,85,2264.203097
343.21503,69,2264.793376
335.19662,62,2265.519297
347.15417,63,2266.15492
353.9259,68,2266.668287
379.49017,73,2267.404312
350.38046,66,2267.911294
267.9888,52,2268.242932
400.0005,78,2268.758742
293.79373,55,2269.296588
331.62445,63,2269.776337
229.24004,44,2270.256082
336.06186,70,2270.982513
432.53125,77,2271.450451
336.48184,70,2271.917998
325.39902,66,2272.407728
258.9561,55,2273.017228
361.86203,65,2273.659463
119.14118,26,2273.875841
273.96432,56,2274.226756
381.52115,72,2274.695118
421.3286,83,2275.233945
103.66734,21,2275.358725
438.919,82,2275.832717
413.43195,81,2276.312256
295.93616,58,2276.791397
247.13931,46,2277.079717
600.5556,128,2278.17539
310.135,60,2278.667994
213.07414,46,2278.939512
335.99503,71,2279.378649
298.6254,62,2279.85308
187.84642,38,2280.066925
351.1379,67,2280.731812
320.61697,63,2281.407646
503.12354,89,2282.13519
379.4412,73,2282.69386
249.20631,50,2283.226925
294.7251,57,2283.789895
427.89096,84,2284.475508
368.00394,71,2285.098123
288.5799,54,2285.442921
272.17062,60,2285.930515
373.1784,67,2286.677273
246.51314,53,2287.232516
369.21875,73,2287.954338
326.3787,59,2288.421936
483.33557,100,2289.046279
411.95038,78,2289.426013
204.70815,39,2289.667462
231.32446,45,2289.959913
317.78482,61,2290.526763
256.19003,48,2290.782751
306.2823,63,2291.436273
201.97015,42,2291.773759
295.31662,62,2292.371006
258.37762,54,2292.998186
328.82153,68,2293.671049
410.1827,77,2294.216557
215.0653,47,2294.65207
309.8805,67,2295.315177
228.0614,45,2295.61255
219.10426,42,2295.983902
257.25787,50,2296.379827
377.57797,84,2296.903224
348.26022,66,2297.324308
287.79337,60,2297.982682
234.46622,47,2298.494891
195.45917,44,2298.963738
330.56165,62,2299.556307
378.19595,87,2300.415931
322.42014,62,2301.008577
321.57407,64,2301.529115
265.7171,58,2302.049398
370.1219,75,2303.017173
301.56903,61,2303.541642
499.9811,107,2304.393858
450.36453,85,2305.04433
219.76042,45,2305.361366
269.3438,52,2305.73503
375.00958,76,2306.472337
339.98358,65,2307.17908
344.70413,62,2307.781333
231.65254,48,2308.273179
276.79514,58,2308.73308
334.6069,63,2309.160588
238.96426,50,2309.567457
263.62396,50,2310.024004
265.0386,51,2310.531551
124.26999,25,2310.702302
271.12057,51,2311.139992
200.40686,42,2311.449819
422.86954,81,2312.049058
433.19574,87,2312.809908
204.10152,42,2314.690372
440.91818,84,2315.307994
335.72104,65,2315.821783
407.91153,83,2316.352108
256.67572,48,2316.707733
426.1553,85,2317.410138
174.67291,39,2317.803309
247.92659,55,2318.223966
485.27325,111,2319.224648
334.4846,73,2319.650502
263.49002,57,2320.210316
323.74838,60,2320.74849
361.72525,70,2321.4173
379.06766,75,2322.169433
291.84448,60,2322.652181
394.25342,76,2323.319897
240.78172,46,2323.644514
362.1984,74,2324.069521
364.932,75,2324.891996
186.86784,36,2325.151484
198.58243,45,2325.51746
283.58408,52,2325.990567
201.99646,42,2326.27563
303.32596,57,2326.665226
390.83102,75,2327.280033
277.2221,54,2327.715189
225.53029,46,2328.197811
191.42833,42,2328.411669
123.561775,24,2328.579748
276.96182,58,2328.972338
548.08435,112,2330.260245
138.68294,27,2330.574514
438.66837,81,2331.330706
383.78043,82,2332.054638
498.05438,105,2332.664063
404.18784,80,2333.040931
341.73932,68,2333.610521
481.92096,93,2334.260239
377.02924,76,2334.868105
269.42325,49,2335.247731
347.10318,65,2335.774961
360.41205,70,2336.333776
240.36339,50,2336.773699
281.21274,53,2337.192307
482.05698,91,2338.055746
355.15057,71,2338.629588
277.88013,54,2339.119945
343.2045,62,2339.498045
282.92065,58,2340.013057
437.26566,80,2340.840147
350.02368,66,2341.575869
312.3267,63,2342.135571
449.4781,91,2342.871321
256.74792,56,2343.301449
152.7536,32,2343.608365
310.38614,58,2344.282202
355.41455,72,2344.827336
341.0895,79,2345.403086
509.18097,102,2346.364404
271.52618,52,2346.774431
266.3169,56,2347.274141
506.66797,109,2348.000652
192.90834,40,2348.307521
276.7975,62,2348.872438
334.91528,64,2349.491813
191.81204,40,2349.908736
394.18393,74,2350.547883
461.21533,86,2351.366468
271.14423,51,2351.862127
320.44,60,2352.433572
190.75821,39,2352.685064
239.66383,55,2353.130248
328.7704,62,2353.66893
245.6075,54,2354.190804
302.38055,57,2354.728581
290.9441,54,2355.11512
223.8594,50,2355.558858
275.37775,54,2356.085801
649.4435,126,2357.22266
222.09747,45,2357.584347
422.62775,97,2358.433443
340.9622,65,2358.896102
325.26392,71,2359.520252
240.99728,51,2359.888899
203.39272,43,2360.195892
427.48038,89,2360.887805
600.5491,115,2361.693717
391.43793,79,2362.188327
306.912,58,2362.637193
169.35994,35,2362.945224
498.8101,93,2363.835252
380.77216,72,2364.439079
313.83356,60,2364.803843
517.3491,98,2365.548212
290.08237,61,2366.056601
359.25037,71,2366.569319
527.8534,94,2367.218401
307.78085,58,2367.554774
413.3988,89,2368.374634
284.04807,56,2368.944355
278.7674,64,2369.383283
340.05707,65,2369.982702
320.56723,65,2370.7402
384.65286,74,2371.570439
358.3305,65,2372.08146
291.24048,61,2372.659024
339.51434,64,2373.266609
310.87497,60,2373.773093
491.27066,103,2374.764434
274.2764,51,2375.33989
193.48541,38,2375.67469
285.5782,54,2375.99055
383.8605,70,2376.645615
221.63525,45,2377.08464
317.13208,61,2377.646102
307.95877,60,2378.157775
244.69598,47,2378.668298
155.81717,32,2379.02605
333.96097,62,2379.527027
322.40335,62,2380.016459
298.50964,56,2380.313954
239.63992,50,2380.607112
338.1504,70,2381.036115
243.5688,49,2381.59391
395.87274,83,2382.36276
205.45503,44,2382.779579
321.7996,60,2385.067057
373.8507,80,2385.942116
361.22784,75,2386.700876
313.31235,63,2387.21281
393.34543,70,2387.802032
281.06873,53,2388.232234
430.55048,81,2388.728941
363.81955,76,2389.534497
297.78232,59,2390.000364
193.62822,41,2390.328426
267.53305,57,2390.900029
282.28848,63,2391.402373
388.70584,68,2391.906094
393.07397,89,2392.477469
344.42575,73,2393.010614
278.67532,56,2393.471548
332.1261,62,2393.995693
236.74515,49,2394.424573
264.70956,54,2394.77272
445.402,83,2395.282006
265.807,62,2395.6207
359.0158,65,2396.291508
317.327,63,2396.848393
195.07784,40,2397.326114
393.98865,77,2398.044896
278.14307,57,2398.465158
254.2465,50,2398.76545
351.97476,69,2399.206959
195.79138,38,2399.642799
350.5949,68,2400.099295
260.3121,56,2400.519563
340.29144,72,2401.093767
261.52652,54,2401.498327
274.20023,58,2401.979774
298.46783,56,2402.398324
323.963,61,2403.037447
350.29544,68,2403.648876
290.26498,59,2404.146167
324.5573,63,2404.585088
266.3428,57,2405.076182
230.27962,44,2405.319136
227.8262,44,2405.631222
158.05023,32,2405.945531
451.01385,85,2406.62202
286.60648,58,2407.191373
346.43625,82,2408.043886
236.43123,50,2408.600953
286.57285,58,2409.15781
290.44427,56,2409.59451
199.60533,41,2409.850894
301.13995,60,2410.375325
448.19955,96,2411.015055
247.95045,51,2411.427479
279.11935,60,2412.033556
361.65552,70,2412.784242
277.78864,62,2413.431993
342.65656,66,2413.921828
485.05865,92,2414.66865
354.4844,70,2415.373745
300.12866,65,2415.925079
343.45728,64,2416.45093
329.6647,67,2417.104468
256.93622,50,2417.358952
263.28253,54,2417.697554
418.01657,86,2418.638658
161.63995,31,2418.960768
366.86755,75,2419.619992
354.28412,66,2420.074152
262.19394,54,2420.532738
310.2125,63,2421.073526
322.52722,63,2421.725662
301.93576,56,2422.243836
371.05,72,2422.819818
355.26562,81,2423.568445
282.74548,63,2424.077433
287.87085,57,2424.642866
155.52812,33,2425.058033
326.54617,63,2425.66546
224.72552,47,2426.269017
352.303,65,2426.911799
322.45993,62,2427.550678
244.61728,52,2427.941246
120.93906,24,2428.082728
278.3448,54,2430.089167
234.20863,49,2430.469506
379.0639,71,2431.005309
282.0933,58,2431.457144
364.50204,68,2431.891866
355.71332,70,2432.397491
205.25941,41,2432.745514
210.2611,42,2433.159464
298.1179,62,2433.789586
386.11374,85,2434.4991
286.95886,53,2434.92928
340.47385,65,2435.302286
194.2312,42,2435.679343
345.3519,74,2436.273605
204.19989,39,2436.516338
254.14029,50,2436.927128
373.86124,70,2437.402313
407.29355,81,2437.833663
227.67372,53,2438.142141
244.51231,51,2438.370458
388.58658,74,2438.77192
292.98547,60,2439.233602
239.4701,48,2439.648094
375.98987,69,2440.13552
291.62244,54,2440.559802
297.79907,57,2440.924864
178.69484,37,2441.137089
363.686,67,2441.605893
393.71826,73,2442.229951
320.26416,62,2442.777605
209.44643,42,2443.085691
210.90028,43,2443.383404
416.28192,87,2444.243953
398.6138,76,2444.745218
210.98438,47,2445.034502
269.8649,53,2445.443107
241.05249,48,2445.823161
380.8525,74,2446.286806
346.67825,75,2446.64682
261.08194,53,2446.985889
278.27597,53,2447.235896
372.41782,73,2447.714003
457.79642,82,2448.281431
375.07324,71,2448.700994
293.94666,59,2449.012499
354.5856,73,2449.777551
271.1712,51,2450.314563
216.16629,44,2450.625203
304.59818,64,2451.08129
276.91214,53,2451.35902
349.73746,68,2451.809531
332.5524,64,2452.324724
304.48843,57,2453.884725
318.03354,66,2454.321649
466.5661,88,2454.989078
336.25217,73,2455.416262
379.8698,80,2455.957576
179.3358,40,2456.227382
332.48502,62,2456.754552
399.76764,76,2457.325363
328.52374,61,2457.810654
285.73672,54,2458.118793
280.11685,62,2458.645785
379.3755,73,2459.453484
304.10736,59,2459.787518
350.09198,71,2460.203986
205.74127,41,2460.4244
390.28387,85,2460.993093
494.86172,88,2461.836951
375.2885,68,2462.322217
323.22678,59,2462.790804
412.92276,83,2463.582527
254.39095,50,2463.918581
354.6642,68,2464.383058
242.67339,59,2464.755137
382.26184,70,2465.379544
200.15572,42,2465.709162
379.7698,77,2466.46216
190.31444,42,2466.745329
180.8642,37,2466.99207
438.22464,84,2467.481507
278.132,53,2467.737035
485.60748,92,2468.179661
321.0806,60,2468.457203
277.90704,53,2468.848887
877.0409,173,2469.955665
413.53632,81,2470.289581
377.8852,69,2470.542093
235.32578,49,2470.873689
325.42032,72,2471.364252
292.76025,62,2471.921188
367.671,67,2472.546842
272.8621,53,2473.142653
301.92966,59,2473.528371
338.06158,78,2473.934596
346.50595,64,2474.220563
420.0326,93,2474.60419
287.6495,55,2474.884939
187.02846,38,2475.174584
369.0369,69,2475.654521
282.286,60,2476.389059
328.53958,64,2476.865129
279.91226,62,2477.141655
271.0354,57,2477.527225
330.78796,66,2478.116114
440.0716,85,2478.705466
319.9781,71,2479.249124
272.2915,61,2479.756831
245.05968,49,2480.043069
274.57507,57,2480.36581
235.23671,47,2480.754331
376.8838,84,2481.233568
227.13266,48,2481.456839
445.61972,88,2482.080421
222.10121,48,2482.331568
450.2229,85,2482.886701
255.37392,53,2483.233265
367.57996,71,2483.719833
304.67206,61,2484.24251
276.38007,54,2484.637825
343.20584,65,2484.933469
351.85773,66,2485.268996
261.04196,50,2485.480806
234.28252,54,2485.906368
187.67682,37,2486.20186
261.27222,56,2486.631048
443.0788,86,2487.061385
283.21335,61,2487.42032
411.52158,82,2487.899267
389.21527,72,2488.449597
412.87918,82,2489.169249
359.10703,68,2489.558185
260.27176,48,2490.022361
340.4764,65,2490.361238
373.6948,70,2490.93272
320.56052,62,2491.44768
377.37338,82,2492.097558
251.92442,47,2492.451397
346.73898,71,2492.761334
310.27267,63,2493.066828
278.52435,57,2493.316642
253.46971,48,2493.66505
349.50873,67,2494.135965
288.08038,57,2494.409337
195.65619,42,2494.634044
397.83804,75,2495.183864
362.19882,78,2495.665224
254.02861,54,2495.856498
312.83063,67,2496.247196
291.48984,57,2496.572671
252.61748,54,2496.856101
229.08307,48,2497.158575
270.10764,52,2497.46285
225.23383,46,2497.762135
287.2955,56,2498.130541
189.55522,38,2498.329468
363.35373,72,2498.827034
257.09314,58,2499.109225
239.2805,48,2499.422467
420.837,84,2500.049091
272.826,57,2500.405597
354.0175,67,2500.895005
262.6492,48,2501.33454
312.58743,57,2501.742206
381.43185,70,2502.318203
285.37473,54,2502.664522
292.58087,54,2503.240549
328.49265,63,2503.766018
281.61093,54,2504.184905
241.17111,45,2504.600855
276.19104,54,2504.97036
337.58368,64,2505.455231
267.19373,51,2505.967263
331.11252,66,2506.518866
223.08955,44,2506.922452
278.47623,56,2507.48792
313.22443,58,2508.139929
513.4652,105,2508.880815
390.00662,78,2509.408124
296.71576,56,2509.833446
334.61646,63,2510.182356
325.90228,61,2512.116179
311.2738,61,2512.647938
395.01178,82,2513.337935
212.31209,43,2513.641099
328.2946,60,2514.069212
358.99127,74,2514.773865
268.13788,57,2515.300291
390.18857,73,2515.934722
280.55777,56,2516.419874
104.54895,21,2516.561523
339.80496,74,2517.096536
415.41513,83,2517.730392
358.28964,77,2518.269031
326.88754,60,2518.831839
216.83388,48,2519.130704
362.55548,76,2519.874489
175.41135,36,2520.260432
328.00394,61,2520.96693
332.52185,68,2521.44359
241.68353,47,2521.803741
201.75584,44,2522.188409
308.52045,57,2522.589409
321.31744,63,2523.20771
327.75726,65,2523.73462
259.5056,56,2524.145622
301.5028,56,2524.580588
329.4316,62,2524.888738
244.66913,51,2525.158437
367.37424,70,2525.597558
261.81976,51,2525.930827
275.49326,54,2526.237644
293.12543,56,2526.497106
292.77972,58,2526.798586
192.98892,40,2526.953019
247.68575,48,2527.230254
456.00076,92,2527.901191
271.12653,61,2528.406932
259.22736,49,2528.73281
212.45119,45,2528.995293
277.73282,56,2529.33715
278.63922,53,2529.67322
254.71329,48,2529.854725
350.6172,72,2530.376519
252.27039,48,2530.829784
344.53317,67,2531.137194
349.3868,73,2531.568021
189.96959,41,2531.777107
342.11517,69,2532.236595
263.9221,58,2532.574477
181.6792,36,2532.831243
402.07104,87,2533.384188
364.29517,67,2533.750877
347.5658,68,2534.095301
415.19504,86,2534.758709
282.17368,55,2535.192326
488.84647,107,2536.012917
342.85535,65,2536.561419
301.59576,58,2536.822318
357.62238,72,2537.187929
274.73224,56,2537.43163
417.91904,83,2537.979038
333.1833,75,2538.653628
347.05502,65,2539.18996
539.2675,103,2539.954894
252.79744,55,2540.547091
303.04028,61,2540.937418
347.94507,68,2541.544048
199.86032,42,2541.989674
432.97784,79,2542.61297
179.50682,35,2542.872555
298.20236,64,2543.286899
230.2376,47,2543.6826
311.9527,60,2544.318424
380.97107,76,2544.916875
337.69482,63,2545.244815
284.04492,63,2545.532136
338.32715,70,2545.832625
438.607,85,2546.504523
228.58902,44,2546.807206
257.71732,56,2547.425273
341.99042,65,2547.970193
360.16122,69,2548.561937
357.05576,73,2549.037889
235.35709,44,2549.279804
354.75403,77,2549.661437
318.9449,73,2550.027509
499.74658,94,2550.447539
307.67993,60,2550.809363
207.38737,43,2551.12446
308.3961,57,2551.61288
308.93423,58,2552.138897
329.67334,63,2552.780311
294.75848,59,2553.289578
417.54962,78,2553.946024
412.02405,86,2554.779337
508.86752,108,2555.511974
277.9455,54,2555.72171
354.1647,74,2556.504746
274.1867,53,2556.985703
390.656,73,2557.364768
286.731,58,2557.6674
215.84079,49,2558.11431
392.99054,72,2558.798415
294.16864,59,2559.31043
314.42053,60,2559.752098
302.08493,57,2560.2444
273.7759,53,2560.756275
219.77025,46,2561.201424
251.42535,50,2561.699365
331.29303,68,2562.352231
112.32225,23,2562.540375
225.27614,45,2562.946618
527.99115,107,2563.848586
328.2315,60,2564.286761
364.3349,75,2564.846076
368.49826,73,2565.356162
359.82547,72,2565.842577
270.0038,51,2566.264062
446.3035,85,2566.777912
392.5302,86,2567.407181
335.88373,64,2567.884925
341.2901,63,2568.220049
242.44934,50,2568.433538
215.38052,44,2568.709651
389.92572,74,2569.372957
305.03134,57,2569.951364
289.18588,55,2570.265381
365.07147,68,2570.695162
269.7939,53,2570.91251
309.21664,67,2571.330002
124.46122,25,2571.528453
346.67017,70,2573.886637
340.3294,62,2574.330867
399.9693,74,2574.941068
302.52435,59,2575.463537
402.32666,86,2576.332597
390.4908,74,2576.850288
291.19257,55,2577.211986
354.34097,70,2577.5465
373.0285,70,2578.043517
310.75775,59,2578.515787
239.86536,48,2578.993952
248.23846,49,2579.355681
347.84457,70,2579.791748
400.9889,77,2580.292228
333.45093,64,2580.705186
359.74976,77,2581.19239
286.7665,63,2581.649685
280.17065,63,2582.107359
346.58337,74,2582.722833
268.27097,55,2583.106211
316.93637,62,2583.582606
307.29178,58,2583.99302
133.71533,26,2584.153837
372.88492,71,2584.606059
321.51413,62,2585.006482
284.55658,54,2585.33543
358.86465,68,2585.674668
167.41139,35,2585.988928
378.59195,79,2586.410519
467.12155,86,2587.026922
283.42856,61,2587.524156
326.12643,63,2588.066786
237.3175,49,2588.59701
212.82043,44,2589.108494
328.30258,63,2589.661732
334.9116,64,2589.978871
262.90988,52,2590.380382
631.1602,123,2591.342544
267.07022,51,2591.868785
355.90112,73,2592.59679
280.51584,58,2593.11134
452.835,83,2593.701764
294.65024,55,2594.134777
249.61958,51,2594.587628
283.16446,55,2595.022251
340.77444,63,2595.414943
330.79984,71,2596.108856
215.10344,47,2596.346957
266.95837,58,2596.790349
285.28116,58,2597.184781
233.7843,49,2597.663048
332.3398,63,2598.288395
292.3199,57,2598.747545
297.0831,61,2599.062215
298.14017,58,2599.567304
252.53534,53,2600.018361
429.5084,82,2600.709474
284.54572,54,2601.16616
278.36917,53,2601.557366
315.90393,63,2602.069442
316.26233,60,2602.551053
465.2881,93,2603.081375
418.3827,84,2603.565676
245.2647,56,2604.161967
478.77374,88,2604.929262
191.59016,37,2605.164803
270.92813,55,2605.456497
424.19794,79,2605.993278
309.6829,64,2606.431727
497.51956,98,2607.145789
312.17017,60,2607.550382
226.35547,45,2607.941957
345.595,63,2608.584162
264.92514,55,2609.158091
150.07465,29,2609.430666
332.7509,62,2610.055031
241.5692,47,2610.490318
301.7267,64,2611.075557
414.2178,79,2611.90667
356.6278,70,2612.485856
372.5973,76,2613.110681
317.28262,66,2613.652988
362.41696,69,2614.132784
346.1603,70,2614.576258
427.8599,81,2615.050762
253.58531,51,2615.313962
288.1404,64,2615.621436
283.48105,51,2615.843865
282.51236,57,2616.188877
295.74704,54,2616.54806
316.4084,58,2616.806476
316.57736,62,2617.272749
277.39435,58,2617.641984
283.46298,56,2617.965483
389.47455,77,2618.523827
263.87103,55,2618.918665
329.54745,67,2619.473106
297.39703,60,2619.870163
207.45802,43,2620.327647
274.25583,57,2620.834867
423.32114,88,2621.685564
396.62766,82,2622.397404
184.07903,38,2622.818572
205.33148,40,2623.217688
184.4134,37,2623.504808
243.54292,49,2623.907011
385.30096,82,2624.461833
428.15353,86,2625.213583
353.99066,64,2625.591028
266.4586,54,2625.8641
423.14392,78,2626.229516
353.096,68,2626.825217
230.51512,51,2627.228456
322.21466,69,2627.710324
143.94446,28,2627.890263
262.93253,55,2628.326686
324.9189,72,2628.713909
268.0135,58,2629.039393
205.407,42,2629.550369
280.59198,57,2630.017681
297.01718,64,2630.54485
324.64578,61,2631.070656
213.90617,47,2631.434904
386.88577,69,2631.89226
411.79407,82,2632.551397
301.9242,59,2633.193173
251.63908,51,2633.712521
350.25974,66,2634.293949
182.66995,38,2634.51401
263.9348,51,2634.944604
314.1603,59,2635.444013
336.59122,73,2635.928375
376.8624,76,2638.532129
249.28438,50,2638.887853
262.21326,53,2639.132896
309.819,60,2639.455066
341.26578,64,2639.86336
353.54398,69,2640.308152
381.94763,83,2640.788521
430.5649,86,2641.260479
361.75357,67,2641.625703
383.97974,70,2642.021885
278.74905,62,2642.344088
366.17136,73,2642.740655
377.69226,70,2643.129564
293.8631,60,2643.449676
364.04514,70,2643.805268
317.5088,59,2644.051299
260.86658,51,2644.375451
324.88834,74,2644.872736
261.1079,55,2645.146606
324.7164,63,2645.692924
381.81595,71,2646.188476
270.48227,58,2646.588164
391.98813,90,2647.255598
471.73843,97,2647.947815
356.82156,69,2648.450142
340.75952,66,2648.889347
290.93756,58,2649.292034
219.33025,42,2649.531788
230.10677,47,2649.831686
377.11423,78,2650.343946
304.9154,60,2650.894529
322.04288,61,2651.310908
287.82318,53,2651.547671
234.64801,51,2651.781558
251.88635,56,2652.263124
237.20674,48,2652.513871
278.95844,56,2652.895835
350.53833,64,2653.363284
392.3386,74,2654.075867
403.16092,75,2654.621751
350.82578,67,2655.00778
337.32352,62,2655.374141
332.94128,61,2655.692282
238.97131,51,2655.993462
315.29132,59,2656.387942
333.94724,62,2656.788393
253.77173,49,2657.150996
240.48721,48,2657.459156
417.91476,79,2657.917063
298.29,59,2658.346344
362.001,73,2658.817027
401.89178,78,2659.335478
300.46072,66,2659.735791
227.64766,49,2660.063154
411.53406,82,2660.691746
419.5824,91,2661.369506
378.88455,74,2661.955142
334.7733,71,2662.373957
327.62292,58,2662.680525
343.6664,68,2663.113618
326.10516,64,2663.624436
478.5342,91,2664.361677
303.2715,62,2664.832937
239.72305,46,2665.120252
274.52444,59,2665.741768
428.48584,80,2666.344185
369.10754,78,2667.012
354.604,69,2667.527069
361.24185,72,2667.978917
257.64124,54,2668.331912
304.11935,64,2668.747311
313.1134,58,2669.101674
489.39044,104,2669.802154
255.14194,49,2670.15712
282.9215,54,2670.419395
412.15442,75,2670.873914
273.73422,52,2671.115332
329.4522,61,2671.518725
306.75766,59,2671.81631
323.22354,62,2672.306492
337.63556,67,2672.641515
321.68384,61,2672.989285
279.8935,54,2673.294956
216.88306,40,2673.539618
178.70215,36,2673.757866
392.54764,81,2674.369447
309.329,63,2674.688219
248.63863,52,2674.971461
510.21295,103,2675.524902
421.57108,83,2676.29218
421.3945,80,2676.793904
203.1622,40,2677.075624
120.69352,24,2677.242842
206.7299,42,2677.745523
466.18872,88,2678.694059
298.34753,54,2679.227989
333.93613,76,2679.846743
376.31836,68,2680.324586
293.33,55,2680.64292
412.4617,78,2681.138707
398.77832,72,2681.734014
295.5539,68,2682.23602
340.07446,63,2682.681516
268.68158,56,2683.093825
277.5066,54,2683.445218
372.83295,72,2683.955925
422.83502,77,2684.560319
397.51215,80,2685.015984
431.3216,85,2685.924382
527.0768,103,2686.95515
250.67564,54,2687.300992
338.80566,71,2687.687048
345.62048,69,2688.108389
387.6011,73,2688.541749
440.27423,84,2689.03327
165.93597,35,2689.260831
366.03928,69,2689.666886
212.2468,40,2689.989715
201.87213,41,2690.295511
229.95514,47,2690.580712
281.92145,53,2690.965414
232.23274,44,2691.268708
392.43436,79,2691.819819
291.45395,57,2692.304108
310.82004,60,2692.707177
313.36765,66,2693.141415
301.91034,60,2693.675127
261.6527,56,2696.390435
212.12903,44,2696.766488
99.88299,20,2696.976049
494.42108,96,2697.632576
299.78912,60,2698.036506
401.20996,74,2698.513963
401.44492,73,2699.31845
414.60458,78,2699.966795
305.70877,65,2700.536849
265.91113,58,2701.082482
236.53247,47,2701.452512
243.79132,48,2701.854488
244.5638,46,2702.331876
317.03763,60,2702.872529
434.5166,88,2703.829812
380.00153,69,2704.554586
223.11746,45,2704.901113
237.09538,45,2705.269611
321.82944,65,2705.769578
235.62274,52,2706.126057
125.30148,25,2706.3686
256.5311,49,2706.895515
227.09924,43,2707.223248
264.29562,55,2707.866737
236.5485,47,2708.366175
309.43976,64,2709.020424
271.97476,54,2709.584738
339.3928,65,2710.274093
421.6383,90,2711.210621
157.26814,34,2711.538126
461.99078,90,2712.278018
298.3306,56,2712.637976
456.7187,85,2713.460035
289.29276,55,2713.839537
145.97664,31,2714.014508
361.88437,75,2714.532612
337.1799,73,2715.107052
408.58963,80,2715.86531
429.11432,82,2716.38481
217.76114,43,2716.582409
157.27492,33,2716.80118
364.96036,68,2717.296541
261.7528,54,2717.810576
549.49835,111,2718.897053
211.79076,42,2719.223512
339.6454,67,2719.710323
209.48846,43,2719.98887
455.52792,95,2720.674341
218.04773,41,2720.874355
242.85214,46,2721.219638
455.27747,80,2721.698916
151.03358,32,2721.811325
166.94849,39,2721.971166
441.9801,81,2722.505797
274.4376,52,2722.805661
327.66486,64,2723.203378
322.0405,58,2723.512464
357.49158,69,2723.957053
294.0148,59,2724.315705
282.38223,56,2724.773516
301.82703,57,2725.144531
262.66748,50,2725.504294
401.20154,86,2725.97989
519.8125,97,2726.642748
249.65388,52,2726.990387
327.49667,64,2727.367065
336.27933,70,2727.790591
291.75842,54,2728.082133
383.5777,74,2728.460782
423.26385,77,2729.247498
348.17102,68,2729.713259
383.31152,70,2730.277662
289.08417,64,2730.800912
403.5901,82,2731.245844
228.20561,42,2731.574129
326.8521,72,2731.988334
277.00208,56,2732.290833
273.21948,50,2732.754931
268.79367,49,2733.271773
295.20743,58,2733.818496
427.30954,82,2734.400836
166.10808,33,2734.605264
350.2592,66,2735.014851
428.54404,94,2735.698547
401.52966,82,2736.330949
407.84525,77,2736.930871
473.93668,88,2737.666455
275.63272,59,2738.207245
336.55533,70,2738.723019
202.21027,38,2738.924158
312.54343,62,2739.337118
284.98492,53,2739.78176
272.6864,62,2740.19778
287.07675,53,2740.52392
329.4664,65,2741.006351
331.31165,65,2741.5483
377.08,75,2742.073411
319.61853,59,2742.583035
317.70416,72,2743.034972
187.38309,38,2743.235101
326.04907,65,2743.839808
354.6131,68,2744.360901
341.8943,72,2744.84889
317.07593,65,2745.510901
268.81302,52,2745.926241
260.5462,50,2746.40363
362.87286,69,2746.834984
360.2974,79,2747.55399
343.28253,68,2748.238055
396.70126,84,2749.15702
615.8043,124,2749.965704
403.72675,80,2750.442673
480.46722,95,2751.341707
283.48322,65,2751.889492
219.32014,46,2752.319518
318.4217,63,2752.831688
188.4578,38,2753.049801
520.87476,95,2753.694463
441.2954,92,2754.21902
324.50162,63,2754.832919
491.45215,104,2755.694816
545.61115,108,2756.574463
226.0808,45,2756.963507
354.00366,66,2757.554107
455.66406,85,2758.127156
353.63736,81,2758.963297
345.58932,64,2759.415784
471.80637,92,2762.310606
349.5068,73,2763.07792
115.5833,25,2763.235454
213.3404,42,2763.5605
289.49814,56,2763.904923
606.5474,112,2764.844583
350.17725,64,2765.474004
313.2669,63,2765.935627
242.53767,46,2766.339912
244.2833,52,2766.79003
451.3547,83,2767.611285
258.9457,51,2768.008911
318.86755,63,2768.398398
306.38095,70,2768.818247
286.81265,58,2769.286958
254.63475,52,2769.647369
322.4979,63,2770.141767
235.8539,50,2770.5778
275.4356,59,2771.010257
302.4401,57,2771.452448
275.01822,56,2771.809709
313.62683,57,2772.361708
443.60385,84,2773.077992
336.1195,62,2773.580754
299.94315,56,2773.972483
242.2291,48,2774.225417
311.22894,65,2774.622424
447.72412,95,2775.356226
309.35938,60,2775.659993
410.00372,79,2776.236843
306.35913,74,2776.815076
534.5016,107,2777.653063
310.93015,66,2778.118949
290.36404,55,2778.3952
246.82997,46,2778.791666
166.77042,34,2779.030711
315.80063,68,2779.411316
245.91989,46,2779.665864
279.122,55,2780.161782
274.90286,54,2780.494025
299.50558,66,2780.8624
404.07858,82,2781.424598
333.81912,61,2781.752518
235.6727,46,2781.991794
344.87677,72,2782.383801
336.7125,66,2782.720965
238.98087,50,2782.993683
264.0371,54,2783.281473
282.81534,52,2783.531188
254.85138,47,2783.755137
481.35022,96,2784.149433
270.48148,53,2784.353805
304.12158,55,2784.558968
465.26517,94,2784.937581
245.39307,50,2785.167373
289.2366,54,2785.382972
231.1404,50,2785.576181
245.69,51,2785.796118
379.46906,74,2786.122896
273.2531,55,2786.333596
301.613,54,2786.555604
367.86844,70,2786.86529
302.1645,57,2787.096262
258.72278,52,2787.29844
298.55475,57,2787.537144
281.1157,55,2787.725211
389.9264,73,2787.957676
315.97528,60,2788.139383
458.7444,81,2788.479503
380.2662,73,2788.83727
268.4738,56,2789.048248
453.7192,96,2789.668354
282.25226,55,2790.046176
318.63095,60,2790.278111
244.70354,50,2790.656945
330.74612,65,2791.118432
144.7295,28,2791.303341
303.32803,59,2791.648715
260.21667,49,2792.104574
289.27795,59,2792.432082
135.82831,28,2792.574834
403.1515,94,2793.095915
427.44174,101,2794.056645
488.14542,96,2794.897049
335.2052,63,2795.353699
324.10184,67,2795.866016
175.9371,35,2796.185916
240.36603,55,2796.47859
421.00348,86,2797.139915
481.8327,94,2797.661514
428.97467,92,2798.072656
240.24992,47,2798.345688
437.60886,87,2799.039953
340.87418,75,2799.571904
205.53983,42,2799.951122
416.57614,77,2800.716695
438.46265,99,2801.40418
226.6193,48,2801.797388
167.26767,36,2802.074738
219.90242,42,2802.441351
230.15446,48,2802.875349
295.87427,58,2803.391165
318.84494,62,2803.93858
516.9769,95,2804.719419
318.31244,64,2805.248956
320.29254,60,2805.648674
379.39807,71,2806.081477
320.90533,60,2806.356303
282.39246,61,2806.75297
416.5604,75,2807.302406
202.63574,45,2807.633977
203.84415,41,2807.930875
365.95413,70,2808.463869
290.14502,64,2808.765778
321.06665,62,2809.090939
195.43665,39,2809.428392
237.9435,47,2809.863374
449.02692,83,2810.412338
226.93225,46,2810.877117
369.53455,70,2811.548572
285.6295,52,2811.951515
397.87167,73,2812.484729
203.22615,42,2812.795805
419.29062,78,2813.284921
332.20114,75,2813.676908
242.8895,53,2814.085672
381.82214,75,2814.716931
278.75137,53,2815.140472
285.5343,53,2815.462095
548.52783,115,2816.381964
300.44586,62,2816.807778
316.9519,66,2819.085117
328.01245,60,2819.620317
285.42456,62,2820.080927
247.91663,51,2820.459129
254.53548,52,2820.945793
151.35097,31,2821.229374
179.45935,35,2821.513038
326.32712,69,2821.993205
305.88184,62,2822.461879
328.85205,73,2822.897973
271.9179,56,2823.226414
408.64783,90,2823.878787
330.92102,62,2824.37069
209.66028,44,2824.75345
299.4382,56,2825.138493
552.97235,107,2825.892345
278.33575,57,2826.371303
312.6429,61,2826.868273
322.52017,61,2827.237537
313.1885,66,2827.820898
357.09857,67,2828.277628
288.1096,57,2828.697084
319.1323,59,2829.21348
317.38702,65,2829.745475
173.0806,35,2830.027345
182.27777,35,2830.32503
302.7472,57,2830.665714
330.70572,62,2830.981011
401.88736,76,2831.624104
267.61862,59,2832.220907
211.42613,46,2832.622335
352.86807,69,2833.163108
281.5432,58,2833.650485
258.97525,51,2834.132622
400.14862,83,2834.758619
240.47696,49,2835.139208
94.35227,20,2835.274338
309.89035,59,2835.611383
330.46878,62,2835.918909
388.55252,75,2836.231161
236.77321,45,2836.472904
539.46674,101,2837.14328
406.3106,78,2837.554474
333.34174,65,2838.03475
274.94928,51,2838.340404
336.05884,63,2838.635808
310.4283,63,2838.935182
272.7261,57,2839.218021
236.03276,48,2839.434678
549.4613,104,2839.868602
455.4749,87,2840.347904
259.7088,52,2840.643647
283.76413,54,2840.921487
334.44632,63,2841.214474
266.5636,54,2841.479021
427.0456,84,2841.827759
415.49463,80,2842.174665
456.81174,90,2842.57749
310.73553,69,2842.87501
354.37225,69,2843.171848
222.33397,50,2843.376616
381.46173,74,2843.702543
334.75284,65,2843.993902
212.7754,46,2844.228554
392.24503,78,2844.604466
301.55243,58,2844.877867
289.7323,56,2845.160938
309.54532,56,2845.424054
293.10904,62,2845.691147
288.98624,59,2845.95617
443.1982,84,2846.304144
257.0912,48,2846.517478
315.83667,60,2846.79552
418.24527,86,2847.20361
485.6194,95,2847.625537
380.0176,75,2847.98946
291.9018,55,2848.263494
200.48373,42,2848.46525
421.5474,84,2848.995795
232.87708,49,2849.551954
280.88464,60,2850.097826
426.332,82,2850.800463
345.16937,68,2851.346839
410.41534,76,2852.135465
274.2784,58,2852.558897
521.18463,102,2853.127115
281.28476,59,2853.569971
347.85117,64,2854.048557
444.4879,76,2854.53047
338.94934,69,2855.000544
207.4721,44,2855.381945
425.63623,97,2855.956828
302.19263,63,2856.530101
400.1605,74,2857.099205
179.79988,38,2857.362952
396.31378,80,2858.054251
283.68826,55,2858.433999
265.48126,58,2859.162665
514.3275,98,2860.035048
388.4533,74,2860.712884
535.6055,102,2861.555348
225.51332,47,2862.032312
238.96602,47,2862.370872
509.914,92,2863.304517
371.5826,69,2863.821036
287.50095,56,2864.290404
419.52606,88,2864.905567
340.11807,64,2865.740423
309.41672,61,2866.163365
339.4367,68,2866.451215
353.42606,69,2866.911426
312.6535,66,2867.547147
298.88007,68,2868.146953
194.85028,40,2868.450492
307.01144,56,2868.792525
350.83414,76,2869.349825
269.41644,55,2869.732903
296.16708,61,2870.07108
400.99124,80,2870.699295
316.4882,59,2870.981083
320.34912,64,2871.360989
292.72882,57,2871.691742
305.59665,60,2872.146133
212.9288,42,2872.512655
251.47052,50,2872.800454
246.59537,51,2872.997837
293.91498,67,2873.266377
528.66046,110,2875.619218
254.1473,49,2876.232379
329.03925,61,2876.618635
357.0697,73,2877.31146
465.59485,92,2877.893737
395.22464,76,2878.255278
345.58652,76,2878.551175
301.00125,58,2878.806763
156.57726,33,2879.035774
360.9418,70,2879.546764
404.32745,77,2880.095311
546.2651,118,2881.285968
197.24898,42,2881.616836
218.32932,44,2882.031416
215.90865,45,2882.45362
280.1664,53,2882.913229
502.3825,98,2883.674879
265.18155,51,2884.085691
305.37274,59,2884.67337
248.20638,47,2885.126195
373.93912,69,2885.58967
398.9319,78,2886.063787
289.0428,58,2886.518909
281.89124,58,2886.988102
297.3945,59,2887.57709
147.65358,31,2887.803338
361.17935,65,2888.268642
329.84396,63,2888.542839
342.059,61,2888.989612
373.63818,72,2889.431178
247.83803,50,2889.748554
249.11635,51,2889.997837
536.9912,103,2890.63972
300.68542,57,2890.936827
291.01126,55,2891.184126
249.21965,51,2891.524089
375.56363,72,2892.022261
290.48352,56,2892.244279
216.66772,43,2892.491267
222.9337,44,2892.789026
256.73602,50,2893.146793
209.94562,46,2893.51129
386.26782,73,2894.188964
269.02716,53,2894.791275
239.26651,46,2895.381904
361.29337,69,2895.980201
285.3477,59,2896.330346
402.56848,74,2896.931839
257.12756,52,2897.411435
413.56866,78,2897.928379
340.44806,78,2898.563498
389.2462,75,2899.111482
294.04596,62,2899.397281
321.68878,66,2899.971126
316.1282,59,2900.349232
331.46548,61,2900.647137
414.65848,77,2901.139804
350.91293,66,2901.552074
363.13068,69,2901.83746
233.69601,47,2902.099878
359.45285,65,2902.515119
320.09113,69,2902.909705
428.12924,79,2903.465062
252.52658,49,2903.830001
302.86243,62,2904.045074
307.36014,62,2904.292164
162.01172,32,2904.543028
346.4239,66,2904.971519
303.99072,58,2905.392994
292.07785,55,2905.773931
372.2624,74,2906.253811
371.90533,88,2906.927599
346.21838,71,2907.392492
329.91788,65,2907.791134
344.39722,70,2908.205303
161.93651,34,2908.456023
417.49857,76,2909.099262
349.62357,66,2909.58664
241.53812,49,2909.823076
485.23135,99,2910.410919
359.3241,65,2910.857511
363.1637,78,2911.468285
472.44067,87,2912.18869
298.949,56,2912.66951
278.14456,53,2913.237109
256.10468,49,2913.592138
410.40698,75,2914.103747
373.1298,70,2914.447446
109.95004,22,2914.605002
268.4638,57,2914.985653
347.961,74,2915.401428
497.40332,100,2916.232592
345.8207,64,2916.844911
251.29948,52,2917.275409
477.4076,102,2918.057948
313.37665,60,2918.609179
407.7998,75,2919.246663
388.69894,76,2919.851156
341.34225,64,2920.29465
256.7823,51,2920.604026
355.8083,79,2921.126147
223.5873,44,2921.391183
244.03601,53,2921.687045
268.2354,58,2922.064039
248.98364,50,2922.417775
228.51775,43,2922.812642
302.55966,56,2923.334719
398.8334,74,2924.079294
259.05728,56,2924.469765
450.1697,83,2925.164293
275.21204,57,2925.455936
451.31152,91,2926.074036
296.0663,63,2926.466498
323.36896,67,2926.90235
432.5423,82,2927.364817
416.10965,81,2928.04366
239.45512,48,2928.575783
357.51672,65,2929.179575
385.12067,84,2929.925784
356.07568,79,2930.723296
261.91495,55,2931.206219
333.47458,64,2931.733546
336.06573,72,2932.278324
246.24074,50,2932.686766
196.35155,40,2933.055781
397.1443,71,2933.620926
251.47195,51,2934.109221
215.79462,42,2934.442039
298.62912,57,2934.903007
311.32568,61,2936.718039
384.05313,84,2937.574678
537.7562,99,2938.424549
420.95728,80,2938.862863
283.51132,57,2939.195556
345.40906,68,2939.615694
315.84348,63,2939.90901
412.76538,79,2940.550434
310.94086,70,2941.103883
321.4737,63,2941.641082
407.2799,86,2942.22732
351.59656,68,2942.724804
319.3587,62,2943.403865
445.25418,81,2944.150614
408.85263,74,2944.733826
203.36191,39,2944.999066
247.85944,56,2945.493192
594.0607,122,2946.6031
254.75928,51,2946.91332
244.2853,49,2947.18418
335.84323,63,2947.606118
394.02274,77,2948.1149
265.81195,54,2948.401408
465.66394,89,2949.083996
317.29312,58,2949.596329
390.20712,74,2950.364838
299.49692,58,2950.79719
374.53824,67,2951.31926
326.49933,66,2951.868285
241.90163,53,2952.27104
312.9515,58,2952.590822
288.52863,57,2952.92649
316.85687,62,2953.421297
436.27075,80,2954.087914
298.87595,63,2954.37342
362.98517,68,2954.833791
289.8138,54,2955.294299
402.86792,73,2955.888681
273.02084,53,2956.270968
265.42914,49,2956.698964
260.96954,53,2956.996245
277.71762,53,2957.441579
245.15976,52,2957.797932
205.6249,40,2957.969654
323.89142,64,2958.247037
312.89792,61,2958.514872
376.99362,70,2958.850833
181.3504,37,2959.023328
266.56302,59,2959.302387
322.49792,60,2959.566754
338.1863,66,2959.856889
307.42648,59,2960.108353
263.12784,51,2960.315166
243.11592,47,2960.540047
282.11716,56,2960.810812
448.9833,89,2961.250575
321.82574,67,2961.534906
525.218,104,2961.99029
308.9057,60,2962.230047
338.1448,66,2962.529066
150.92462,29,2962.661709
321.41122,61,2962.948332
291.3824,56,2963.229883
269.41113,53,2963.466042
253.83104,49,2963.695602
307.8781,69,2964.016721
276.7803,58,2964.304352
312.52994,59,2964.576364
274.30606,63,2964.859298
345.7047,65,2965.142265
267.9617,52,2965.35658
381.48245,70,2965.668327
449.4024,85,2966.03361
276.83997,63,2966.299273
225.25755,45,2966.480341
340.93634,63,2966.753523
332.65524,63,2967.021548
403.6696,77,2967.332453
428.1642,84,2967.700703
405.4093,75,2968.077174
268.20438,50,2968.308428
277.1046,56,2968.663976
358.8429,77,2969.297569
373.7975,69,2969.825595
463.54114,100,2970.509797
172.5053,36,2970.721499
368.81348,71,2971.308791
409.83896,76,2971.82145
427.37384,81,2972.311849
241.59119,51,2972.683899
388.23926,72,2973.265652
540.6457,101,2974.052107
246.42409,48,2974.522648
369.97116,72,2975.207649
407.43277,78,2975.946019
341.73978,64,2976.425163
366.0497,68,2976.936383
320.7345,69,2977.426047
295.20114,55,2977.640067
288.93842,57,2977.935672
262.70584,51,2978.329186
371.1615,73,2978.852279
275.00266,53,2979.161611
371.36502,71,2979.456695
228.16576,47,2979.688521
309.59286,64,2979.993757
162.07867,33,2980.269613
317.90875,60,2980.752436
403.8653,85,2981.318793
316.82556,66,2981.919523
356.1823,68,2982.356115
339.6617,63,2982.705889
380.04187,72,2983.281861
343.17804,70,2983.875448
371.4564,74,2984.623374
214.3685,43,2984.989919
289.50488,56,2985.418727
313.4331,67,2985.929384
298.0242,56,2986.389895
246.63724,48,2986.675834
303.1468,64,2987.167658
310.8022,65,2987.799714
337.17554,64,2988.464298
185.02692,37,2988.817222
444.44553,87,2989.510886
346.55792,63,2990.286154
328.30417,66,2990.98789
365.3695,80,2991.980587
228.66336,48,2994.074989
403.68024,75,2994.74843
281.49762,60,2995.286926
298.37228,59,2995.858992
356.2116,68,2996.48273
217.57498,45,2997.021983
264.65112,54,2997.38131
352.68414,65,2997.76689
407.88138,75,2998.45813
321.6492,72,2998.976617
266.46664,60,2999.376541
454.48337,89,3000.019061
295.36618,55,3000.415196
344.29935,65,3000.942016
262.30484,52,3001.225041
230.69212,45,3001.50181
418.64392,91,3002.304601
485.77496,102,3003.130054
344.00885,64,3003.757982
319.802,62,3004.416299
370.4611,75,3005.245126
231.9712,46,3005.686415
308.0067,60,3006.367724
323.30234,64,3006.986519
316.57837,69,3007.753249
350.73526,65,3008.560114
332.2464,70,3009.112361
259.0273,49,3009.475544
430.06543,82,3010.194955
331.45493,60,3010.56489
426.66006,88,3011.138666
219.03497,42,3011.598737
261.49323,52,3012.079494
495.8452,100,3012.81565
380.95132,77,3013.277011
571.3691,106,3014.159127
369.9769,78,3014.713982
486.01852,90,3015.170764
316.09842,59,3015.476847
343.66235,75,3015.940961
271.8329,61,3016.379932
312.39417,65,3016.602357
193.48709,38,3016.738566
388.94455,72,3017.075339
416.32318,83,3017.581291
463.85278,92,3018.089622
333.25165,71,3018.453727
388.2643,75,3018.794409
251.53761,47,3019.03762
429.45126,81,3019.433049
321.31262,63,3019.696119
360.00192,66,3019.948477
318.46268,64,3020.230028
680.3154,130,3020.728204
400.0564,78,3021.047212
260.50906,49,3021.256588
314.68927,61,3021.510262
409.6729,79,3021.839756
584.3187,113,3022.314563
369.6021,78,3022.653536
251.07199,56,3022.873101
269.85648,54,3023.089893
293.21527,61,3023.3318
235.42091,44,3023.518629
251.56415,48,3023.735024
254.35982,52,3023.976771
283.19418,63,3024.286939
367.08923,84,3024.67174
264.01825,57,3024.958462
269.07523,52,3025.201821
299.86563,61,3025.480808
252.40813,47,3025.703201
279.30872,54,3025.958122
403.70386,77,3026.312084
255.72676,50,3026.555164
480.4075,100,3027.011456
473.70038,88,3027.439052
283.45132,58,3027.680219
271.8331,57,3027.878578
532.419,101,3028.206221
165.21521,31,3028.305999
391.0499,73,3028.768244
545.53485,110,3029.493665
387.83102,76,3030.149091
319.00946,62,3030.758382
336.13525,69,3031.121402
327.271,64,3031.461028
283.48404,55,3031.775153
288.51376,54,3032.108825
353.7381,69,3032.513633
470.17947,87,3033.094872
229.55194,45,3033.5438
332.31998,68,3034.260215
449.29373,96,3035.12539
297.1487,67,3035.645331
289.23236,57,3036.044838
283.59695,54,3036.523608
528.8218,117,3037.371407
397.122,84,3038.125268
218.6721,47,3038.493154
289.87918,62,3038.878311
323.1675,62,3039.249047
272.72293,59,3039.720175
271.1319,50,3040.01506
327.63416,61,3040.502676
279.86685,58,3040.903153
395.39423,72,3041.591922
300.02203,62,3041.958233
414.83572,81,3042.666839
427.51746,82,3043.388603
468.34116,93,3044.237012
235.9576,47,3044.4965
361.82086,72,3045.176176
295.89105,56,3045.722138
482.88092,87,3046.422613
234.65843,48,3046.80244
373.78506,73,3047.443823
282.49777,56,3047.997061
112.49773,24,3048.165438
249.42487,50,3048.566155
356.48816,69,3048.958295
263.8268,50,3049.33188
302.5815,57,3051.857578
359.77496,76,3052.560882
312.33392,58,3052.974082
290.94742,58,3053.349324
345.11066,66,3054.03707
155.71199,32,3054.276138
309.61234,59,3054.71026
472.3343,98,3055.698474
264.90195,52,3056.243176
282.9614,50,3056.738802
317.88034,60,3057.152659
281.42245,56,3057.523998
228.79553,46,3057.94917
270.10507,51,3058.418702
298.2772,61,3058.929512
332.64447,69,3059.285547
386.8768,71,3059.624411
353.454,69,3060.137157
272.90323,51,3060.459589
409.88205,78,3060.893215
347.39465,67,3061.419035
396.07596,81,3061.984676
333.4693,64,3062.540191
295.24057,59,3062.982752
282.1597,59,3063.406516
250.54617,51,3063.808528
299.28232,57,3064.233063
355.1414,69,3064.957776
237.1333,49,3065.433208
441.39737,89,3066.155569
357.66782,71,3066.689988
287.72354,55,3067.186582
418.13654,78,3067.816447
196.67986,42,3068.14237
288.18463,55,3068.625723
542.98267,102,3069.673848
277.0805,52,3070.261909
224.2922,45,3070.607416
330.14377,61,3071.038569
234.90724,52,3071.377545
294.99622,54,3071.809561
460.09634,86,3072.529862
137.43788,30,3072.794841
422.5807,79,3073.427192
313.1141,62,3073.994667
236.2644,47,3074.256268
333.13522,66,3074.669216
323.43378,65,3075.303073
414.7067,82,3075.850966
357.0388,73,3076.623457
399.88547,83,3077.242658
340.14322,65,3077.76138
306.0445,59,3078.333782
360.38412,68,3078.789844
403.4474,72,3079.334796
295.12485,61,3080.014062
445.57312,82,3080.788737
334.96484,61,3081.309009
241.65341,50,3081.831398
324.52252,61,3082.482026
273.37958,52,3082.910889
337.7975,62,3083.50776
357.21823,80,3084.210863
271.6732,53,3084.742108
340.058,68,3085.499446
364.95673,67,3086.104967
392.03885,78,3086.933831
139.1472,29,3087.241878
404.77216,88,3087.917528
390.20374,73,3088.371474
206.05759,41,3088.603623
345.31055,64,3088.949894
407.1639,78,3089.61059
284.50098,60,3090.177547
393.57318,75,3090.848515
295.47525,58,3091.38113
435.29535,83,3092.02755
346.33487,78,3092.877873
201.90599,43,3093.252385
392.77853,73,3094.072747
292.56796,56,3094.696757
396.22104,79,3095.598536
421.3184,93,3096.561665
285.5306,55,3096.907217
354.11273,70,3097.722805
501.4402,97,3098.728432
380.8838,70,3099.276343
224.5741,48,3099.64556
264.48447,50,3100.07897
354.05542,67,3100.769296
92.64505,19,3100.980112
304.16623,56,3101.442076
340.12863,73,3102.067608
335.39966,65,3102.53602
311.23254,58,3103.1933
371.77588,70,3103.761671
408.4121,75,3104.23609
348.69016,72,3104.964925
587.0274,121,3106.039076
336.248,73,3106.603866
285.7746,59,3107.062367
291.5459,64,3107.594719
347.23697,73,3108.338373
341.22717,78,3108.907928
413.3525,86,3109.382744
213.44365,44,3109.716938
301.90677,66,3110.277119
489.60016,89,3110.853483
348.7682,76,3111.748352
372.92587,75,3112.482676
287.24347,54,3112.847709
270.51828,54,3113.532331
478.09805,91,3114.197663
438.95135,85,3114.96581
547.6644,110,3115.525729
198.7448,43,3115.752131
473.5102,89,3116.228047
462.71136,98,3116.972052
262.65335,50,3117.451736
397.64078,81,3118.139801
181.72346,36,3118.380344
454.12613,86,3119.072957
350.9504,64,3119.695114
199.89847,40,3120.133239
206.25276,42,3120.565259
327.9014,68,3123.44266
388.31158,85,3124.209574
259.35724,51,3124.672949
379.50333,77,3125.490791
400.46167,82,3126.100504
300.0168,61,3126.741914
341.68524,70,3127.529167
358.52814,67,3128.241255
417.66733,78,3128.980258
399.85422,73,3129.750221
442.6427,96,3130.615211
361.72156,75,3131.10062
325.99484,69,3131.624435
351.34085,65,3132.171135
324.12866,63,3132.583886
302.26813,63,3132.917242
306.154,57,3133.364698
297.3573,64,3133.747655
383.61243,69,3134.509424
284.8187,52,3134.99495
381.50006,73,3135.543698
363.34702,68,3136.172677
372.47745,72,3136.722609
302.05997,56,3137.126489
449.73206,87,3137.618588
340.13623,63,3138.075038
284.5575,53,3138.451299
284.22855,57,3138.94598
191.0387,38,3139.29044
247.23825,51,3139.564412
352.83658,70,3140.185869
406.58423,85,3140.695693
297.06866,61,3141.041409
246.12495,54,3141.374368
260.68674,52,3141.78898
212.79878,41,3142.042295
329.8131,62,3142.38851
271.33383,61,3142.808293
445.04782,82,3143.315156
341.63135,74,3143.739943
523.8967,98,3144.432022
329.2303,68,3144.917581
296.75873,63,3145.307712
332.57077,71,3145.763306
453.0885,94,3146.487971
359.87164,74,3146.907963
402.02057,73,3147.347453
319.66647,64,3147.872799
439.29898,82,3148.395419
329.25308,62,3148.750346
295.68634,55,3149.295625
286.74814,62,3149.82324
603.6896,112,3150.741435
419.35068,81,3151.554934
361.73837,65,3151.922423
264.35037,49,3152.26061
233.42302,47,3152.580345
596.2017,111,3153.636106
316.713,59,3154.077141
341.18652,65,3154.534727
463.66412,86,3155.231509
321.57196,61,3155.729836
348.30298,67,3156.150731
239.55586,49,3156.55641
438.75433,86,3157.438453
288.28168,56,3157.947888
478.5912,84,3158.477942
445.2158,94,3159.073764
356.5756,70,3159.613686
304.49933,61,3160.011826
342.58228,68,3160.501658
207.01637,41,3160.911083
286.80566,57,3161.323397
335.00525,63,3161.74929
367.0147,70,3162.302745
352.1529,74,3162.812243
312.7229,64,3163.215604
324.31024,67,3163.6542
497.42438,93,3164.667377
376.51126,76,3165.233317
316.74042,65,3165.670683
308.12732,64,3166.140505
254.02327,51,3166.573632
421.0761,80,3167.204408
358.77734,72,3167.705916
327.5556,61,3168.104893
401.67477,75,3168.762566
393.34326,74,3169.389807
291.95108,56,3169.748093
365.2391,77,3170.334959
309.51685,58,3170.712907
319.3015,62,3171.147418
333.83258,69,3171.620869
480.25543,91,3172.207356
333.01593,74,3172.703556
207.46735,42,3173.034341
363.85938,71,3173.547593
336.3214,63,3173.918485
535.47437,100,3174.587445
303.5437,56,3176.494863
364.63168,68,3176.927695
394.37558,75,3177.446221
404.73602,79,3178.126605
318.1826,60,3178.593109
383.01614,71,3179.217391
430.21594,93,3179.883428
328.24966,61,3180.309032
428.0887,81,3180.838971
449.2302,86,3181.392221
318.7958,63,3181.899311
243.24448,45,3182.243041
383.39587,73,3182.765991
273.36234,57,3183.114514
293.01974,56,3183.730576
553.0036,103,3184.539448
232.376,47,3184.919449
467.7197,89,3185.455532
434.74338,86,3186.048511
310.2793,61,3188.529265
497.7189,103,3189.288683
276.85733,61,3189.858468
342.4234,67,3190.401287
284.02002,55,3190.940508
353.1312,72,3191.547812
284.35992,57,3191.973453
246.88239,52,3192.278149
392.4611,80,3192.9155
305.55634,63,3193.397644
394.56482,79,3193.955772
326.4456,66,3194.489491
309.1036,65,3194.95476
382.26132,70,3195.566992
400.10956,80,3196.260509
466.94482,90,3196.786568
332.0009,61,3197.16442
363.6166,66,3197.665435
335.75717,62,3198.115846
257.7896,52,3198.429141
367.3731,75,3199.070899
443.42834,101,3199.79337
405.04538,76,3200.505996
507.67914,95,3201.181688
237.75548,45,3201.597526
300.26407,58,3201.915319
325.82755,66,3202.606806
379.90204,83,3203.161186
406.84576,84,3203.746519
373.77023,78,3204.337856
331.64166,63,3204.924418
352.97983,76,3205.438318
359.1402,69,3206.017835
311.01172,63,3206.420711
403.40826,86,3206.993843
247.44934,50,3207.282126
440.6553,84,3207.790436
359.43692,74,3208.377845
287.66602,53,3208.736949
291.6241,64,3209.223571
256.46368,51,3209.555893
135.86705,27,3209.72442
275.6873,55,3210.129407
392.738,80,3210.828185
392.0342,72,3211.340203
277.04874,64,3211.826332
418.50784,79,3212.391501
320.41855,61,3212.761508
398.92853,76,3213.268091
340.03964,61,3213.646244
231.27965,45,3213.945244
330.24744,67,3214.335571
297.10773,57,3214.653779
380.6943,72,3215.067521
339.74432,64,3215.583392
300.7816,63,3216.020251
485.4922,96,3216.717785
295.56686,59,3217.101682
314.71793,62,3217.496074
260.14624,55,3217.865224
469.56198,94,3218.573714
241.47044,48,3218.915015
299.92755,59,3219.22096
302.38757,55,3219.656578
409.05695,76,3220.064948
385.2225,73,3220.458361
508.2674,107,3221.182431
314.13312,62,3221.596897
284.92255,63,3221.97445
252.99713,58,3222.315046
300.20175,64,3222.76513
259.03986,56,3223.121781
526.55115,104,3223.907234
250.86563,51,3224.320621
341.63983,67,3224.959342
325.59308,62,3225.504454
422.50043,81,3226.016558
364.17972,71,3226.624797
339.81262,66,3227.034095
383.99548,78,3227.543573
287.70068,53,3228.055257
324.4005,59,3228.568716
417.314,81,3229.049037
332.6035,61,3229.449937
380.79486,72,3229.990681
332.21594,61,3230.380756
280.41522,56,3230.739168
446.50943,86,3231.305433
404.04697,81,3231.944755
252.72255,52,3232.250518
207.26863,40,3232.489135
264.76617,51,3232.847636
335.02097,64,3233.2851
405.39423,72,3233.886913
282.78317,57,3234.239772
351.78485,71,3234.743129
393.77426,76,3235.306011
397.4482,73,3235.745178
257.63702,47,3236.053781
522.43933,95,3236.634414
458.04007,101,3237.534098
331.67267,67,3238.253565
257.8094,53,3238.628361
357.7081,73,3239.028211
266.19308,56,3239.347423
322.00818,60,3239.753113
242.43997,51,3240.099523
367.33926,67,3240.50352
299.33667,55,3240.91834
321.8699,61,3241.345789
601.48737,123,3242.124745
421.1774,86,3242.64247
342.14203,67,3243.133162
292.1682,55,3243.520136
273.75958,53,3243.880349
441.6269,84,3244.559203
472.6673,96,3245.286118
441.73315,82,3245.920063
230.03644,46,3246.218247
532.92053,107,3247.168137
362.51294,68,3249.614674
452.75204,96,3250.240672
335.2579,64,3250.639857
300.12665,60,3250.994924
432.43698,87,3251.661222
337.78995,62,3252.112262
236.88152,50,3252.52768
333.55295,61,3252.936377
328.82837,69,3253.361913
244.99509,48,3253.708577
269.10712,58,3254.256686
305.68414,58,3254.826131
314.88794,62,3255.295653
395.76773,76,3255.974565
312.74426,60,3256.508147
437.84592,80,3256.948591
384.72913,74,3257.316936
361.37375,68,3257.685718
343.00342,62,3258.078983
384.15137,71,3258.544263
362.76007,67,3258.970887
253.31923,48,3259.318542
303.45877,57,3259.769237
507.61548,101,3260.425259
281.66498,52,3260.743344
421.60794,77,3261.26296
394.71564,71,3261.651509
191.27518,36,3261.880728
319.98688,65,3262.39976
346.00983,63,3262.793664
291.9512,60,3263.297069
377.11237,75,3263.911273
214.73178,42,3264.207776
296.11972,55,3264.587482
737.93536,134,3265.700698
423.54102,79,3266.264742
339.1504,65,3266.811281
283.4445,60,3267.283759
365.18082,64,3267.729348
266.10876,52,3268.07197
324.65646,60,3268.468658
314.18274,57,3268.934926
383.9799,75,3269.629857
357.8276,76,3270.142275
278.69165,60,3270.680834
210.77711,40,3270.913236
307.87918,69,3271.357546
274.03326,52,3271.702015
322.56604,65,3272.085038
274.0,52,3272.391223
340.5025,64,3272.77764
271.23505,57,3273.144768
449.34692,97,3273.810813
304.73743,58,3274.22187
301.0534,68,3274.724571
323.6618,66,3275.128553
242.93596,52,3275.505919
265.0902,49,3275.851354
347.03387,64,3276.259932
242.50322,51,3276.601514
340.37036,72,3277.016613
541.8698,99,3277.586359
243.91843,54,3277.883827
280.5587,53,3278.172242
264.7259,52,3278.44696
379.96408,83,3278.923913
510.95547,97,3279.532218
285.7655,54,3279.944546
214.2711,46,3280.42032
263.09634,49,3280.781134
537.332,99,3281.492012
331.72925,61,3281.889022
260.87875,54,3282.225405
329.83954,67,3282.58492
375.75168,72,3283.007707
354.6813,72,3283.451546
335.2928,63,3283.83092
297.61542,56,3284.148401
338.45844,63,3284.562827
553.47815,109,3285.271296
371.89975,83,3285.774607
437.75095,82,3286.396907
254.39264,52,3286.710377
401.51828,77,3287.224056
248.189,57,3287.658544
480.6139,98,3288.378541
376.73303,77,3288.922366
365.0385,71,3289.383298
365.99182,75,3289.864893
543.19135,103,3290.591465
257.99774,53,3290.95178
363.10147,67,3291.400914
340.18106,64,3291.768824
298.81876,62,3292.167082
307.71396,65,3292.535077
242.68973,50,3293.026633
352.29138,76,3293.595106
230.44652,48,3294.047593
349.29266,68,3294.609337
432.90402,81,3295.206322
315.26785,59,3295.702244
320.29547,58,3296.174532
344.52997,65,3296.605759
393.50085,76,3297.235211
417.77774,77,3297.884201
265.19968,55,3298.277784
194.04225,41,3298.548764
403.97235,79,3299.045149
435.35037,87,3299.728907
386.2178,74,3300.292004
415.9162,77,3300.849512
286.78488,59,3301.303742
382.1288,79,3301.837922
352.89362,67,3302.260947
388.86035,75,3302.662636
555.0382,107,3303.321913
287.04486,59,3303.670977
344.74335,67,3304.185361
341.19077,64,3304.787077
341.2344,69,3305.282093
225.59201,45,3305.693352
323.38614,61,3306.256945
237.12274,48,3306.543808
272.737,58,3308.813156
527.8344,107,3309.569703
205.67223,42,3309.809315
349.23563,67,3310.383328
394.74045,79,3310.963044
328.7654,66,3311.364976
329.01486,61,3311.889141
289.70972,55,3312.220131
441.20975,99,3312.921808
360.64322,68,3313.427601
313.34665,59,3313.837334
307.6781,61,3314.236632
264.38867,51,3314.59969
306.39108,61,3315.044818
155.4493,30,3315.329444
317.5305,58,3315.782131
204.82346,40,3316.151719
374.34787,71,3316.872722
267.70065,51,3317.218122
255.639,52,3317.607029
307.9257,64,3318.058059
392.7685,73,3318.527359
239.52281,50,3318.843749
537.3537,104,3319.617838
489.59042,92,3320.359833
346.47052,66,3320.833887
485.3743,93,3321.478247
244.0448,50,3321.749948
429.2103,95,3322.579357
418.145,78,3323.050665
368.62036,77,3323.50521
232.15767,47,3323.767383
378.71887,73,3324.334521
342.7375,69,3324.879008
351.8256,66,3325.403921
310.63235,59,3325.858107
374.34412,76,3326.393756
337.81982,69,3326.919206
491.02356,89,3327.698141
298.66293,57,3328.159144
300.2048,56,3328.536472
689.51886,131,3329.407774
339.33905,73,3329.910607
383.64618,73,3330.459174
307.97418,62,3330.853256
457.29388,99,3331.533829
304.7269,59,3331.99251
310.86398,61,3332.397573
371.77667,78,3333.093243
229.5729,47,3333.347868
416.63287,76,3334.160298
459.66257,87,3334.813877
370.73224,70,3335.325383
288.06885,53,3335.684211
335.9881,65,3336.157534
403.93448,75,3336.627195
429.01865,81,3337.168544
300.1141,67,3337.537939
455.13965,93,3338.206239
331.47525,62,3338.558428
409.9034,79,3339.092485
360.32648,74,3339.724376
285.05496,59,3340.140982
313.55557,58,3340.533825
332.5182,68,3341.043908
286.17703,57,3341.572112
271.18994,53,3341.995443
268.13434,56,3342.357448
349.89584,65,3342.812049
398.69394,80,3343.400674
378.98376,86,3344.034418
387.7595,86,3344.657271
256.82684,51,3345.009928
297.7139,58,3345.358021
289.1583,56,3345.732619
440.11716,83,3346.283271
388.36313,72,3346.713654
421.88922,80,3347.225387
341.9853,61,3347.563361
343.00922,68,3348.00107
425.05743,87,3348.571071
405.11115,78,3349.036609
380.25458,73,3349.660814
402.323,82,3350.36234
221.04498,45,3350.855779
363.19434,68,3351.486869
136.61998,28,3351.696179
396.22293,81,3352.377375
263.02808,54,3352.733096
367.53302,68,3353.193103
414.0872,78,3353.703485
495.01245,95,3354.473218
184.2079,36,3354.661994
301.501,62,3355.081017
327.22446,62,3355.499768
235.73544,48,3355.81939
393.93924,76,3356.38608
291.51984,53,3356.862317
338.2272,66,3357.43721
487.47043,92,3358.063189
414.42804,83,3358.662369
357.3042,68,3359.11141
448.44632,86,3359.659688
304.8363,60,3360.121223
199.77702,40,3360.405522
381.73184,78,3360.910115
318.89377,62,3361.316458
523.00183,94,3361.989406
142.59871,28,3362.205816
336.0701,64,3362.573312
301.7164,60,3362.922071
313.76062,60,3363.283797
303.47952,57,3363.690211
188.36835,40,3363.917929
367.00394,70,3364.422425
411.66602,78,3365.111167
333.0221,61,3365.495233
354.70114,68,3365.932275
172.44104,36,3366.218286
262.89178,56,3366.574742
568.74054,128,3369.293915
126.42555,25,3369.457769
363.03693,66,3369.901585
395.57968,75,3370.328317
229.87546,45,3370.627532
367.976,73,3371.096115
344.7515,65,3371.475811
262.69208,52,3371.834142
435.18488,84,3372.405434
473.99106,92,3373.057864
594.5288,115,3373.826712
236.30247,48,3374.154794
482.6567,95,3375.102238
388.74466,73,3375.564168
328.3776,61,3375.890458
377.2173,68,3376.293587
388.73557,73,3376.719769
441.4367,90,3377.17332
285.80127,54,3377.548908
466.61328,94,3378.086812
436.16693,86,3378.706351
375.87766,68,3379.280936
261.562,56,3379.63274
377.96082,73,3380.218318
272.31198,53,3380.623215
369.78043,75,3381.157886
302.59634,58,3381.714452
371.35492,69,3382.261563
373.0036,74,3382.858515
305.69196,57,3383.347176
429.89923,85,3383.959684
139.14224,29,3384.173947
301.7984,59,3384.512155
336.39624,63,3385.03434
450.28796,92,3385.748587
280.17105,60,3386.228318
322.2408,60,3386.618138
313.6343,58,3386.977537
206.97302,45,3387.294802
328.93674,61,3387.769579
336.38327,69,3388.36931
317.82233,64,3388.77364
414.86005,78,3389.210224
341.7721,73,3389.710847
381.55524,72,3390.408476
240.63422,50,3390.693338
445.623,84,3391.340989
415.3708,80,3391.968987
285.60336,58,3392.395416
445.95047,93,3392.996956
418.79013,83,3393.556804
350.714,67,3394.040551
218.5101,46,3394.374014
343.97842,68,3394.884855
351.75418,71,3395.364514
338.34152,70,3395.794832
292.79156,55,3396.117134
411.30118,85,3396.81851
357.06546,67,3397.238263
418.6507,81,3397.898744
290.54813,58,3398.359198
229.71445,50,3398.768085
370.81186,72,3399.406878
268.08832,51,3399.815978
422.03174,84,3400.407286
346.23398,63,3400.751025
323.08307,62,3401.203663
282.7956,51,3401.450499
303.89417,62,3401.879489
399.20538,77,3402.347871
265.19034,53,3402.706557
459.29233,83,3403.222559
244.96603,52,3403.560871
313.96732,60,3403.886618
364.38013,67,3404.353149
403.1975,73,3404.837801
233.2239,47,3405.120542
350.51993,75,3405.62483
203.72762,42,3405.874935
425.85602,81,3406.336721
364.6173,71,3406.814011
342.5608,73,3407.317464
360.86383,73,3407.845656
258.46762,48,3408.208898
321.5623,60,3408.580636
212.97546,43,3408.848769
291.18997,61,3409.202434
356.09235,69,3409.656926
310.27716,65,3410.03878
283.93484,52,3410.407279
398.5268,73,3410.905177
225.47304,49,3411.307271
410.5165,76,3411.793007
313.6126,66,3412.325807
410.1108,80,3413.008853
411.7498,88,3413.518223
310.96365,57,3413.822803
346.6507,69,3414.28905
368.62567,75,3414.866663
285.96674,54,3415.202776
416.72964,77,3415.840926
300.67978,57,3416.296097
329.10782,63,3416.844595
323.78217,71,3417.403765
352.27286,66,3417.976521
423.04004,78,3418.527264
406.626,92,3419.165536
390.0211,77,3419.88523
381.49722,76,3420.495048
306.17252,56,3420.914524
231.64049,44,3421.178325
330.42303,64,3421.578831
210.08331,44,3421.855445
252.8853,47,3422.154108
590.2136,112,3422.919846
383.29572,70,3423.435314
324.46506,61,3423.961643
284.8741,56,3424.347172
360.18622,69,3424.782796
288.611,54,3425.150191
393.0198,80,3425.663686
416.95526,77,3426.13426
297.08127,54,3426.483173
321.12198,61,3428.664758
372.05115,72,3429.193577
312.85,58,3429.626352
484.72772,89,3430.250486
297.62762,62,3430.681078
457.8689,92,3431.414732
234.05373,50,3431.788654
224.02368,44,3432.102919
281.59183,54,3432.501621
225.82903,43,3432.904875
275.58618,51,3433.287666
234.86908,44,3433.619443
298.19675,57,3434.056147
196.36316,40,3434.382914
623.79456,128,3435.459042
473.56122,96,3436.246485
345.90234,70,3436.792876
241.58212,46,3437.149973
336.041,62,3437.590305
404.55328,73,3438.150046
348.01947,71,3438.701571
344.21622,67,3439.225885
279.02676,54,3439.603774
302.161,57,3440.0069
296.3602,60,3440.418754
306.71884,56,3440.834893
253.8443,56,3441.22622
339.73114,65,3441.616276
411.82217,77,3442.164748
301.1381,61,3442.619774
207.9254,46,3442.946606
228.91113,47,3443.292313
560.3152,109,3444.066703
431.55554,86,3444.812055
366.08188,69,3445.322926
329.76413,64,3445.83399
199.80055,42,3446.146562
398.1791,79,3446.70305
297.57614,58,3447.15592
550.6601,114,3448.079185
332.09244,63,3448.661407
395.65005,85,3449.338135
397.04364,73,3449.927069
399.17163,85,3450.576261
335.33575,63,3451.076308
365.61737,76,3451.642254
284.3904,58,3452.01358
284.50775,55,3452.392542
313.4773,58,3452.855746
317.27737,66,3453.401974
404.32672,79,3453.941371
351.84396,67,3454.399981
433.85126,82,3454.984156
256.58365,50,3455.37174
431.6375,79,3455.947787
298.99854,59,3456.36554
290.39404,57,3456.758313
331.00946,74,3457.206742
253.95299,54,3457.563865
351.77817,71,3458.070987
392.07693,83,3458.659827
519.00995,98,3459.416312
334.23822,70,3459.967491
234.04654,49,3460.319505
351.02905,65,3460.816646
335.31778,67,3461.359272
429.38123,78,3461.931839
292.77036,57,3462.377824
306.0757,64,3462.831522
250.00005,48,3463.216377
315.15582,62,3463.694485
298.16287,56,3464.1155
430.22827,81,3464.790386
386.5382,73,3465.28705
341.98715,69,3465.804136
660.22516,129,3466.766473
346.72925,71,3467.29032
350.8416,74,3467.870926
433.8562,81,3468.407379
263.98203,49,3468.773931
274.91223,61,3469.269388
312.56436,73,3469.790706
454.30154,88,3470.441846
420.22015,78,3471.025786
304.86447,59,3471.460385
238.99956,50,3471.89686
229.57436,45,3472.261203
320.40424,61,3472.711561
288.5928,56,3473.129853
325.41592,70,3473.646191
505.8847,96,3474.393911
391.0708,88,3475.062676
476.3588,104,3475.749318
370.20175,74,3476.298078
371.50653,72,3476.879738
362.9948,66,3477.435155
291.443,56,3477.850412
266.47604,60,3478.309444
237.40205,49,3478.665851
334.86652,69,3479.170166
328.0716,63,3479.616592
272.5182,58,3480.020768
335.50494,62,3480.484178
383.96066,77,3481.137444
331.34338,60,3481.62224
252.36922,52,3482.004976
393.24493,78,3482.619049
484.14215,107,3483.493801
316.82532,60,3483.943823
346.4797,67,3484.496713
327.08514,68,3485.068284
366.25034,77,3485.653283
317.16818,67,3486.144724
380.44666,74,3486.649939
457.7366,98,3487.433017
429.64398,80,3488.043965
383.15128,85,3488.730734
427.05167,78,3489.341373
424.57443,91,3489.9448
428.29178,89,3492.487568
331.7158,71,3493.034694
423.33502,77,3493.626489
462.1277,93,3494.420151
297.6433,64,3495.046506
317.9212,59,3495.518702
295.7577,54,3495.972296
331.6624,61,3496.370514
266.2356,57,3496.770398
617.8881,120,3497.651324
339.1653,65,3498.13852
364.13422,71,3498.659377
303.35764,67,3499.262479
320.32474,61,3499.686791
204.12581,42,3500.011304
250.1487,53,3500.442158
281.61896,60,3500.879107
454.18658,91,3501.542686
288.8331,56,3501.939565
419.61343,78,3502.472979
383.72705,76,3503.015128
483.08783,95,3503.724386
446.1502,82,3504.38199
332.85504,67,3504.887949
316.54535,64,3505.340653
338.60257,67,3505.846878
400.1755,78,3506.485339
345.87622,71,3506.972409
265.36188,57,3507.40514
348.52744,64,3507.861317
473.3638,99,3508.621488
448.34027,84,3509.202998
311.0427,67,3509.79121
339.82602,70,3510.349358
424.5028,82,3510.872407
528.26355,103,3511.524849
340.48108,69,3512.045681
419.02432,78,3512.637103
367.89645,71,3513.158967
314.74997,63,3513.601731
238.44548,47,3513.912409
508.88577,105,3514.697433
327.4884,63,3515.183592
404.0491,75,3515.711887
363.73325,76,3516.245674
380.86557,72,3516.811892
383.131,72,3517.369901
331.67532,64,3517.838312
335.80948,72,3518.446274
278.42517,53,3518.806242
176.06378,36,3519.053864
387.3314,75,3519.589941
402.929,76,3520.172667
304.46097,61,3520.615185
288.1087,63,3521.093314
395.59995,88,3521.73151
274.8526,53,3522.116878
352.18857,81,3522.712992
368.80646,70,3523.243428
303.16498,57,3523.685194
312.7046,58,3524.095659
364.22443,68,3524.633157
497.11444,94,3525.312758
355.96915,82,3525.93734
312.04242,59,3526.370627
232.67627,47,3526.711123
335.54605,63,3527.186629
387.804,71,3527.762325
346.88666,78,3528.396891
336.68747,64,3529.042586
290.3106,55,3529.536389
422.55325,82,3530.200572
310.5876,67,3530.721158
335.09952,63,3531.234711
334.15753,66,3531.695708
403.94693,73,3532.302519
390.1925,76,3532.900299
324.74496,61,3533.318028
278.13138,54,3533.766472
349.00775,67,3534.342287
315.27417,59,3534.927654
295.7707,61,3535.522585
419.77878,82,3536.155079
260.8355,61,3536.611111
323.95526,61,3537.04754
260.05292,59,3537.405951
361.67828,66,3537.879
408.92453,76,3538.436746
152.82129,31,3538.655344
413.68646,81,3539.23262
338.50845,66,3539.752754
294.17532,55,3540.16692
340.5007,74,3540.656374
225.11324,51,3541.023448
351.30368,69,3541.532365
229.69897,44,3541.851078
345.77957,65,3542.369112
360.60687,80,3542.934311
243.54765,48,3543.283979
294.37018,63,3543.706083
275.2889,57,3544.098408
336.63644,72,3544.57261
308.33093,58,3544.999642
253.9639,52,3545.351604
251.01039,51,3545.707968
323.78882,71,3546.282397
260.3578,49,3546.631856
338.7092,66,3547.101715
457.4243,88,3547.720125
348.3346,71,3548.41679
248.3183,52,3548.819456
281.2003,59,3549.316893
413.24362,84,3550.062153
357.60153,67,3550.585498
322.12686,62,3551.054481
270.82834,51,3551.44423
526.165,97,3552.166358
257.3375,51,3552.520077
372.04486,79,3553.088777
305.9736,62,3553.520366
420.84012,78,3556.002497
373.36087,74,3556.551539
311.12955,58,3556.985522
353.86725,73,3557.560229
401.20343,84,3558.19531
354.3706,76,3558.772393
322.18246,75,3559.331524
439.26575,87,3560.011529
271.3913,52,3560.41486
597.6548,116,3561.264118
328.63986,66,3561.755893
796.2076,156,3562.951488
267.32477,62,3563.401307
237.75545,51,3563.75262
323.34097,60,3564.156312
361.53754,66,3564.704967
334.3627,62,3565.129949
299.01758,57,3565.507289
596.52545,117,3566.401497
372.23172,73,3566.913213
234.38431,55,3567.335995
271.5069,57,3567.796143
360.1854,74,3568.469373
358.53464,74,3569.029362
288.35593,64,3569.478842
399.5551,83,3570.189774
355.6373,67,3570.713756
226.13982,47,3571.063233
361.5054,75,3571.642231
365.47775,66,3572.091771
394.90637,73,3572.640283
283.64365,56,3573.071354
397.25507,77,3573.65167
362.14032,81,3574.242518
623.6501,120,3575.141577
367.14926,66,3575.67852
373.34015,71,3576.2322
330.15475,62,3576.681822
197.45074,40,3576.983829
302.47833,68,3577.559916
400.12848,79,3578.145779
385.19415,73,3578.735942
441.04214,86,3579.39073
528.94135,104,3580.354331
368.6549,67,3580.856462
274.69318,58,3581.324168
424.52313,76,3581.854983
223.29326,52,3582.284454
434.3368,80,3582.934851
520.1486,105,3583.603889
500.50888,103,3584.211283
260.5608,55,3584.592057
296.72098,57,3584.922592
614.5108,118,3585.954237
371.72345,75,3586.486175
301.8353,63,3586.933676
270.71353,57,3587.351149
393.60764,87,3587.818725
418.86136,80,3588.24652
331.6466,63,3588.718175
319.7332,68,3589.127702
500.09125,96,3589.626315
365.67474,69,3590.188749
395.00632,72,3590.78324
333.39282,62,3591.163314
300.90814,58,3591.500026
406.25275,75,3591.993146
273.7156,59,3592.35614
412.58435,82,3592.945851
313.7953,61,3593.525688
254.55118,48,3593.815291
285.64084,64,3594.307676
414.2125,75,3594.874619
544.0147,104,3595.488157
332.58878,61,3596.084911
379.266,72,3596.553832
388.83276,73,3596.951104
387.14862,75,3597.445246
284.67938,57,3597.900886
173.38802,37,3598.188786
421.3049,81,3598.87878
311.35095,64,3599.281676
305.31686,57,3599.669398
450.92194,91,3600.379076
388.33426,75,3600.99603
279.3232,52,3601.333315
514.1781,113,3602.404541
377.71652,83,3603.042638
306.67868,56,3603.628826
386.63693,74,3604.31975
420.3637,76,3604.851054
198.72171,42,3605.277375
391.34918,73,3605.754318
296.83444,54,3605.995352
324.33,72,3606.591301
297.37796,59,3607.146489
257.78412,50,3607.487889
302.49344,64,3608.114577
388.62366,72,3608.571316
322.50616,58,3608.994179
262.23312,50,3609.362513
267.61627,52,3609.724681
319.4329,62,3610.037517
279.5835,57,3610.37499
365.16437,68,3610.923088
317.32303,67,3611.566814
300.83957,61,3612.1293
421.85507,79,3612.902727
337.8556,67,3613.643103
308.86475,57,3614.14085
391.31808,84,3614.719515
284.98068,67,3615.102916
316.16644,66,3615.480464
251.51906,48,3615.756912
607.0467,118,3616.630441
249.83401,50,3617.127049
288.99893,66,3619.552245
378.6016,73,3619.985435
320.51157,70,3620.608231
233.3659,44,3620.831548
330.23776,62,3621.159821
308.7345,63,3621.497229
395.3317,75,3621.957796
502.96017,97,3622.531518
404.74637,82,3623.30459
677.77576,137,3624.405479
354.5342,67,3624.843605
392.7387,73,3625.373578
286.78647,58,3625.740638
372.53284,86,3626.560449
336.5292,62,3627.095228
376.80582,70,3627.599956
363.06616,71,3628.170761
375.85083,75,3628.839064
306.6179,66,3629.299992
412.31992,76,3629.933599
332.4893,71,3630.447571
253.31308,47,3630.719951
320.16626,60,3631.051152
358.53265,70,3631.48685
328.72156,63,3631.784627
151.0665,33,3632.030932
394.88412,73,3632.433183
317.38284,61,3632.764
199.83415,42,3632.993639
323.80774,60,3633.520951
330.35086,62,3634.053854
303.86316,61,3634.676129
451.23547,88,3635.420899
383.8758,76,3636.093372
268.3972,53,3636.428646
292.16135,58,3636.764724
316.54843,61,3637.369534
300.07812,57,3637.919194
346.9036,64,3638.44723
426.31598,86,3639.222852
295.40225,57,3639.7772
281.76886,54,3640.182733
248.98367,52,3640.497305
396.5351,76,3641.005058
375.92242,74,3641.528502
415.4332,86,3642.218547
347.52698,67,3642.61057
233.39145,49,3642.86561
365.329,69,3643.407879
277.24915,63,3643.877406
235.21109,46,3644.136773
302.90237,60,3644.540838
412.86813,79,3644.972095
212.01929,44,3645.212852
214.04901,42,3645.434761
412.27655,79,3646.018498
338.96136,63,3646.674785
224.73521,42,3647.088888
360.80508,68,3647.434088
361.3265,75,3647.905764
231.70682,52,3648.269055
410.18634,77,3648.893793
275.20547,64,3649.392545
390.50327,72,3649.858651
389.8523,72,3650.216134
331.8,60,3650.578792
423.14453,88,3651.203932
360.56177,73,3651.801743
308.24463,56,3652.211565
344.42856,65,3652.766311
291.6416,56,3653.187238
399.00653,79,3653.856842
438.89014,90,3654.615598
538.51404,102,3655.428185
302.6822,60,3655.783249
289.31256,55,3656.10196
201.40504,43,3656.466079
422.74103,80,3657.05633
269.2469,51,3657.543778
298.2351,56,3657.883796
353.32996,66,3658.217005
282.62125,52,3658.583508
394.54407,80,3659.087616
364.82788,71,3659.452902
468.31284,90,3660.205569
246.16238,47,3660.478812
451.32657,85,3661.109827
269.04303,59,3661.435216
349.03577,68,3661.780962
409.42697,74,3662.175754
314.16016,60,3662.466495
438.6131,95,3663.065876
392.26434,74,3663.813958
348.11768,69,3664.534361
353.00876,68,3664.989617
550.5497,107,3665.532001
308.43887,64,3665.87254
246.72934,52,3666.221953
383.7417,71,3666.60112
329.75232,66,3667.06331
494.26627,103,3667.849154
405.13736,77,3668.391829
398.14157,77,3668.987901
301.21625,65,3669.51594
284.82687,59,3669.908602
378.4087,85,3670.715575
329.1137,60,3671.098944
325.0796,68,3671.65043
263.80057,62,3672.362006
413.23532,87,3672.994458
324.1889,60,3673.396944
322.70642,63,3673.75694
458.3175,96,3674.487641
395.72443,76,3675.023181
403.33105,76,3675.601403
184.87038,36,3675.889916
236.31038,45,3676.229723
366.3255,73,3676.770308
259.672,55,3677.093698
320.1947,59,3677.535418
361.02844,66,3677.91443
437.0186,87,3679.942411
375.70023,84,3680.825685
273.10748,63,3681.639541
307.40927,61,3682.141515
210.02003,45,3682.380076
334.8079,63,3682.843843
366.65164,70,3683.443697
344.93777,63,3683.889003
273.40814,52,3684.378277
213.05899,43,3684.76188
474.28662,89,3685.435697
254.04335,53,3685.819538
315.61575,64,3686.449292
360.98618,67,3687.133262
368.3586,70,3687.654562
187.15001,37,3687.893086
318.36972,67,3688.427482
323.65353,67,3688.878765
367.20578,69,3689.314093
323.3944,63,3689.793583
278.72736,62,3690.129265
686.53217,133,3691.027222
344.30176,64,3691.398167
199.71004,42,3691.643891
563.0929,107,3692.316794
315.00488,66,3692.763908
301.86072,58,3693.068148
436.81406,82,3693.81294
324.40558,60,3694.231182
377.29327,71,3694.797799
373.48907,68,3695.290867
309.5552,60,3695.807702
188.62285,37,3696.195312
306.66977,58,3696.919616
467.61923,85,3697.698676
183.74342,39,3698.088042
293.29193,56,3698.569572
296.89944,61,3698.934833
286.3041,53,3699.301424
252.0807,57,3699.670249
407.32846,79,3700.239822
306.12527,57,3700.651029
264.53293,52,3700.945423
360.6428,76,3701.430055
302.22412,57,3701.713654
296.7133,55,3702.011957
499.0897,100,3702.531076
330.67587,61,3702.846156
313.6189,71,3703.201967
259.95676,55,3703.531637
309.96536,58,3703.852499
312.25812,63,3704.224857
360.93292,71,3704.624564
339.6418,65,3704.990999
210.0217,46,3705.257113
404.88376,81,3705.700153
341.66986,71,3706.112344
471.17056,88,3706.610896
387.35782,72,3707.004225
406.39185,88,3707.490804
413.1807,79,3707.908394
416.64758,78,3708.294335
409.90195,80,3708.675312
297.58743,56,3708.953682
142.22502,34,3709.11299
390.72003,75,3709.485994
261.801,52,3709.742483
319.88608,64,3710.004087
344.7371,62,3710.290875
325.74915,68,3710.607689
454.27457,85,3711.027636
224.84769,48,3711.250975
382.8293,72,3711.611221
406.53894,82,3712.033311
304.31796,68,3712.373269
376.2117,78,3712.762474
210.48529,42,3712.961173
304.1454,59,3713.260082
276.4429,58,3713.530852
438.64688,96,3714.018867
242.44324,49,3714.282773
246.13103,53,3714.570236
229.23001,49,3714.833054
379.94772,73,3715.227544
533.7531,102,3715.709177
330.74786,69,3716.008902
463.97855,89,3716.360414
257.91562,53,3716.565803
325.33405,65,3716.836363
227.82051,45,3717.008184
256.75223,50,3717.19907
332.41278,65,3717.475575
277.28265,58,3717.693496
378.92105,74,3717.970525
398.2472,72,3718.272333
415.09985,77,3718.561399
280.15265,54,3718.77362
566.2486,115,3719.223472
235.06636,50,3719.413135
265.97235,51,3719.625564
320.68173,60,3719.860472
372.2644,70,3720.125696
306.85004,70,3720.419554
311.6464,61,3720.649235
268.9849,49,3720.83354
522.86176,102,3721.254994
259.34363,58,3721.481241
447.42084,93,3721.885254
201.11246,41,3722.069659
472.5315,85,3722.445134
504.85748,93,3722.849538
410.16776,75,3723.185149
498.51724,106,3723.648969
349.96576,68,3723.908829
427.57904,81,3724.240328
402.6487,76,3724.54344
370.33228,69,3724.798342
380.88367,73,3725.100015
284.68588,58,3725.332805
309.6137,61,3725.565818
568.17065,114,3726.02032
312.03986,62,8290.193624
289.52783,62,8290.618312
262.98428,49,8291.084772
347.80438,78,8291.770996
326.35117,65,8292.299779
399.39282,87,8292.994666
407.18372,80,8293.498426
392.79214,76,8294.121338
271.85562,61,8294.639878
331.1879,65,8295.078435
413.51804,77,8295.668807
411.78976,79,8296.219771
257.16232,56,8296.747086
301.70828,61,8297.268793
400.56238,74,8297.808097
246.44861,47,8298.142696
294.39767,58,8298.56516
330.18045,61,8299.05927
419.44763,77,8299.719996
328.6116,70,8300.251801
272.83658,53,8300.696918
238.28821,47,8301.169687
390.98505,86,8302.089811
331.98547,62,8302.656294
344.41666,63,8303.101283
402.4762,76,8303.846427
361.03064,73,8304.642672
321.24268,61,8305.171658
298.21933,60,8305.729656
336.27335,63,8306.149303
421.3742,81,8306.662579
391.14276,86,8307.586622
382.8967,80,8308.197457
392.7982,89,8308.946169
420.17886,81,8309.560859
308.68506,71,8309.949212
199.3076,39,8310.181086
385.0714,81,8310.698001
455.9572,80,8311.397068
345.66162,73,8311.780547
326.32718,70,8312.202052
401.69727,76,8312.688443
417.78143,82,8313.296053
358.80127,74,8313.81395
334.9666,61,8314.150413
388.5991,79,8314.657301
545.8518,116,8315.411482
457.34888,88,8316.135485
291.4908,59,8316.80566
291.41565,55,8317.20271
371.82178,71,8317.840375
348.87732,64,8318.491027
341.72012,76,8319.246242
320.70114,65,8319.93587
307.16864,57,8320.403195
455.41833,83,8321.220142
398.76324,80,8321.969033
311.8212,58,8322.371197
478.45917,98,8323.164093
347.3604,67,8323.827843
314.13748,61,8324.226833
291.12405,54,8324.516087
422.98737,89,8325.251178
278.55066,62,8325.885809
476.21262,86,8326.465137
312.20728,62,8327.074697
280.59692,52,8327.457605
345.56918,64,8327.954119
350.27393,72,8328.649304
588.1772,109,8329.788068
346.47318,69,8330.306163
314.31055,64,8330.683694
376.98306,72,8331.431618
351.2192,64,8331.928197
334.1547,71,8332.352693
332.38156,65,8332.782507
356.49197,66,8333.184951
342.52606,65,8333.676077
267.4031,56,8334.186558
396.5372,75,8334.783805
299.1154,55,8335.11732
211.63412,43,8335.505964
401.62714,75,8336.049346
511.8925,95,8336.969785
337.839,69,8337.459552
438.37637,81,8338.085375
370.39355,73,8338.769819
373.73224,79,8339.531698
371.36353,71,8340.294373
255.3331,56,8340.721599
310.96518,58,8341.156348
372.65738,70,8341.660851
372.52402,79,8342.39627
531.03253,109,8343.279989
315.6992,60,8343.745597
346.18002,77,8344.28031
521.1122,114,8345.264372
370.90088,68,8345.720632
371.47345,72,8346.494299
287.0694,62,8346.926594
280.39487,59,8347.354982
293.23636,63,8347.912591
292.67944,54,8348.198233
313.91476,65,8348.76239
351.7603,65,8349.376006
435.46237,89,8350.121745
469.54315,89,8350.635092
489.80292,104,8351.439064
207.78705,42,8351.856699
356.80984,68,8352.691487
482.6949,101,8353.520208
449.31735,97,8354.113557
208.968,44,8354.55987
332.25455,70,8355.086782
288.38623,57,8355.520358
280.86877,55,8355.954041
365.7483,67,8358.573732
242.10335,57,8359.139822
192.9023,38,8359.54608
414.75885,80,8360.210017
272.89273,52,8360.594053
366.01825,70,8361.168715
416.1581,79,8361.753417
211.29202,43,8362.120061
147.87166,29,8362.484576
316.88593,70,8363.166132
451.7218,86,8363.776381
403.47275,83,8364.228327
380.51376,81,8364.700619
346.96237,65,8365.042884
339.6892,65,8365.529118
530.85376,108,8366.384434
296.9717,59,8366.825046
342.76233,73,8367.351503
301.13843,56,8367.987875
325.50418,63,8368.737853
400.9978,77,8369.580955
299.59406,59,8370.286727
271.2294,56,8370.836996
446.9751,91,8372.045279
241.29875,53,8372.438849
653.16003,122,8373.529539
328.86783,62,8374.096472
233.63379,44,8374.313267
194.83334,41,8374.551838
180.63951,36,8374.717573
333.12524,62,8375.088922
343.45572,70,8375.70086
388.23676,71,8376.225549
320.13727,66,8376.716101
424.2416,77,8377.549581
274.542,52,8378.099144
344.85413,71,8378.652118
436.20258,85,8379.28452
303.6819,60,8379.952084
291.3574,56,8380.509162
314.58026,66,8381.17186
283.51456,57,8381.676262
256.97073,53,8382.258785
324.88992,69,8383.090594
364.18466,67,8383.661655
535.4224,91,8384.604381
363.63297,83,8385.34082
214.76962,41,8385.629286
478.32687,98,8386.597156
293.37436,60,8387.085456
303.94812,58,8387.617949
538.94257,113,8388.6778
357.789,66,8389.306538
300.7298,67,8389.745425
257.3673,50,8390.281924
270.93854,55,8390.854943
304.44348,60,8391.467368
306.03564,64,8392.161251
513.79144,114,8393.183937
359.4027,67,8393.566232
240.86166,49,8393.958675
355.5121,65,8394.46201
299.73196,58,8395.248515
360.79004,68,8396.003014
308.82513,57,8396.458257
344.8889,65,8397.019053
425.0323,93,8397.694625
703.39923,144,8399.101661
451.16205,82,8399.826523
242.2055,49,8400.268876
435.04092,90,8401.159375
349.9629,73,8401.773656
363.12296,66,8402.188296
236.73442,48,8402.457613
440.2014,85,8402.914432
306.3349,58,8403.235847
376.5957,79,8403.871838
501.6349,108,8404.588257
312.6682,69,8405.275041
416.23944,92,8406.084742
502.2649,94,8406.922834
288.8074,54,8407.523551
450.23328,85,8408.374915
389.1906,80,8408.856094
344.0988,64,8409.318093
323.6533,65,8409.8952
345.94238,64,8410.40007
397.00653,86,8411.136329
165.29903,34,8411.411592
287.09363,55,8411.811981
313.08496,63,8412.395181
391.69235,75,8412.975399
744.2846,142,8414.1191
385.27896,82,8414.750258
342.0774,72,8415.433209
280.11478,56,8415.834201
285.81165,55,8416.159052
271.85565,59,8416.536631
295.16037,53,8416.874761
360.0986,70,8417.387486
422.16003,80,8417.803223
406.3153,76,8418.410689
278.2903,52,8418.800907
281.42892,58,8419.220089
144.41206,30,8419.421798
691.4924,140,8420.584209
461.30298,89,8421.183701
400.5344,71,8421.753683
291.22934,56,8422.286214
386.0199,77,8422.801162
340.2779,63,8423.140252
384.47375,75,8423.978079
570.59686,113,8425.10431
302.09146,57,8425.542511
202.35324,43,8425.937459
226.42067,48,8426.354878
687.42004,138,8427.555385
418.5433,87,8430.344318
346.4042,63,8430.777919
333.43747,65,8431.222021
342.01776,69,8431.783526
223.5501,48,8432.242445
144.65211,28,8432.526361
415.815,76,8433.163218
304.5322,56,8433.669674
304.81064,58,8434.192166
329.4801,70,8434.772477
393.17413,71,8435.378576
336.07108,64,8435.896826
372.14392,77,8436.439053
336.91238,64,8437.039995
385.3063,74,8437.696546
453.87872,88,8438.424957
282.22073,53,8438.869226
331.0119,62,8439.448726
313.78564,59,8439.860643
400.55124,80,8440.676231
334.3209,69,8441.088982
401.37192,78,8441.705591
264.79028,53,8442.03502
325.2105,68,8442.451344
322.13382,61,8442.921345
230.60962,51,8443.404847
386.56522,84,8443.988011
419.4375,77,8444.713013
292.90494,56,8445.195373
399.3541,84,8445.713814
297.37433,56,8446.048863
389.67255,71,8446.50155
264.36746,51,8446.852088
404.34805,79,8447.387938
379.03888,80,8448.110531
432.98416,85,8448.687749
467.69016,103,8449.335966
493.45825,93,8449.980195
368.36493,68,8450.332232
278.84692,55,8450.640997
317.30283,70,8451.03157
298.1141,66,8451.572768
399.98123,75,8452.036549
383.9251,74,8452.467281
395.09735,75,8453.019158
317.8752,61,8453.529161
351.8308,73,8454.219488
401.90155,90,8455.049161
283.74188,55,8455.50819
224.30469,49,8455.854635
339.3739,67,8456.363041
528.62775,103,8457.093927
297.18738,65,8457.607902
224.09442,45,8458.100238
408.22513,78,8458.796765
301.2715,66,8459.440113
220.5419,44,8459.848448
287.6419,57,8460.32741
314.12665,59,8460.821778
379.56555,75,8461.279889
465.62006,88,8461.829247
344.76175,67,8462.4488
168.47461,34,8462.71112
395.0016,73,8463.220147
359.79813,78,8463.778291
277.865,59,8464.05993
250.13304,54,8464.363381
366.05878,67,8464.888449
471.06857,104,8465.718542
366.08826,72,8466.359676
304.45624,57,8466.75152
491.099,95,8467.33164
385.43048,79,8468.002673
370.09033,71,8468.713678
301.6893,66,8469.410851
419.77795,86,8470.172191
332.89148,62,8470.666689
381.09894,79,8471.441787
341.52695,65,8471.946421
265.32104,59,8472.498175
355.26373,69,8473.071489
348.93597,63,8473.452634
256.7545,48,8473.714496
409.71442,81,8474.404379
423.95667,80,8475.116162
274.89178,61,8475.495031
195.87599,41,8475.865981
323.98413,60,8476.468304
585.38806,113,8477.456475
227.86514,46,8477.780982
370.33597,72,8478.400919
338.0929,69,8479.095301
548.84033,106,8480.132306
276.1179,51,8480.644424
581.5798,122,8481.738837
291.21548,54,8482.139283
313.60596,58,8482.747243
373.21924,70,8483.425193
308.73856,63,8483.897769
574.62524,124,8485.061653
216.63126,44,8485.489519
341.0099,67,8485.997245
343.48148,68,8486.41303
484.2533,92,8486.922323
254.99377,55,8487.308003
318.38077,60,8487.874382
405.8531,79,8488.516935
556.0509,104,8489.388049
324.7642,64,8489.968962
403.77744,84,8490.6631
361.4284,67,8491.066768
593.1212,113,8491.867153
526.26056,108,8492.680945
323.4207,62,8493.108891
339.48257,62,8493.525388
245.20819,49,8494.114594
400.22687,74,8495.005914
413.26007,81,8497.711173
440.26273,81,8498.309811
339.48184,69,8498.829547
336.00873,62,8499.186155
474.90118,94,8501.407106
213.76761,42,8501.62871
497.06033,98,8502.471182
521.97833,100,8503.360299
293.0664,59,8504.032696
339.8183,68,8504.624957
308.73767,63,8505.158653
277.38257,59,8505.725789
361.37695,70,8506.451668
302.13345,56,8506.922033
320.95248,59,8507.688845
341.1074,65,8508.140848
334.3468,66,8508.712561
557.8759,102,8509.730519
504.99805,95,8510.53523
341.2225,67,8511.073883
362.99963,70,8511.719847
332.85263,63,8512.349127
297.61743,55,8512.818135
313.0533,68,8513.369318
343.21765,67,8514.085685
343.511,75,8514.889888
308.22366,60,8515.534714
615.01624,120,8516.457147
341.71634,71,8517.225049
304.1548,60,8517.733792
402.0059,74,8518.196764
230.21826,51,8518.680813
357.48828,67,8519.203997
227.38171,43,8519.442128
401.1868,78,8519.994635
330.5862,63,8520.338341
564.0078,115,8521.151745
286.12888,62,8521.55398
366.91345,70,8522.176741
337.29874,66,8522.615652
359.25223,67,8523.194939
374.2587,71,8523.691573
270.87225,52,8523.964759
241.71353,53,8524.332417
259.0747,53,8524.737753
292.68607,56,8525.137468
476.1049,95,8525.721411
210.65938,44,8526.207518
300.84192,63,8526.872814
466.92987,88,8527.620798
319.46613,60,8527.985239
408.2459,80,8528.598922
424.4902,74,8529.319952
203.79659,42,8529.709109
335.67123,63,8530.292993
320.83496,61,8530.736259
305.36166,66,8531.134464
340.32944,65,8531.626884
410.09985,94,8532.568802
485.18387,97,8533.409168
318.3509,70,8534.059406
286.04633,54,8534.618817
773.32306,155,8535.782538
318.5478,71,8536.248613
283.71136,54,8536.719229
369.12274,69,8537.130062
362.012,70,8537.691192
301.67303,63,8538.2842
427.9391,85,8538.914643
387.6515,80,8539.870554
377.18723,70,8540.712413
357.18036,65,8541.322563
425.31476,79,8542.02595
263.02185,50,8542.400901
207.4916,42,8542.725106
557.89996,106,8543.71571
397.41483,75,8544.525783
350.23947,69,8545.372215
349.51196,76,8546.120131
356.96436,77,8546.678494
293.46326,56,8547.153235
224.1765,47,8547.549558
314.5203,62,8547.928834
394.23746,70,8548.465201
212.34146,43,8548.774298
314.79425,58,8549.168272
394.92245,73,8549.625345
281.08093,52,8549.929432
379.0205,72,8550.624815
378.1011,74,8551.19912
296.2811,56,8551.535287
295.1949,65,8552.077296
266.0728,57,8552.629174
345.06497,64,8553.088181
290.73254,59,8553.639796
317.38028,60,8554.058373
302.94424,63,8554.745062
284.06174,65,8555.446254
275.71277,56,8555.909761
288.73413,54,8556.215442
189.51848,37,8556.465902
390.50214,87,8557.237362
349.65466,68,8557.758089
419.22733,83,8558.566919
288.3897,55,8559.086028
423.98172,92,8559.705744
359.4959,69,8560.086075
478.4267,99,8560.680556
295.36218,54,8561.095297
307.699,58,8561.56631
256.40765,54,8562.030105
390.6922,76,8562.750099
482.9186,93,8563.522703
583.35645,116,8564.216633
299.55423,57,8564.665215
320.7024,61,8565.238665
484.8627,93,8566.198217
244.12747,46,8566.601105
220.57077,44,8568.59717
317.0558,65,8569.208774
422.3699,80,8570.162871
461.00888,80,8570.847387
310.98294,58,8571.443667
422.51855,76,8572.156463
396.47705,70,8572.802724
221.31409,50,8573.099694
335.5724,72,8573.669698
287.5372,56,8574.101002
218.44876,47,8574.344733
312.4542,60,8574.675152
433.43427,80,8575.341505
367.66837,70,8576.033955
314.52142,69,8576.508324
321.67828,63,8576.955912
309.874,60,8577.572381
418.473,78,8578.278712
378.96408,70,8578.990745
302.4168,59,8579.718085
455.54724,85,8580.549975
336.02563,63,8580.972706
304.57782,63,8581.521187
356.78278,68,8581.977525
334.31577,63,8582.392976
329.15955,60,8582.811981
338.31747,63,8583.405438
373.55768,71,8583.90422
352.89838,67,8584.365182
371.99985,72,8584.919494
349.10608,71,8585.357839
375.75464,77,8585.840713
388.1847,74,8586.260701
385.4734,70,8586.816403
352.12604,64,8587.301315
377.60736,76,8588.035748
396.09583,80,8588.85468
294.62347,59,8589.350302
370.0834,78,8590.092327
355.5607,67,8590.696171
418.88162,87,8591.393047
428.1397,93,8592.235553
264.9145,52,8592.730178
538.53644,99,8593.461073
387.37817,81,8594.049026
406.61646,78,8594.794687
256.7934,53,8595.249335
370.1491,68,8595.796555
251.42215,54,8596.2572
271.5072,50,8596.566546
193.43916,40,8596.843459
395.7011,78,8597.653004
286.23264,56,8598.094883
465.37692,90,8598.849392
531.28156,112,8599.80533
308.74127,58,8600.159257
478.73215,91,8600.976619
359.39413,73,8601.715628
290.3672,53,8602.111298
346.7,75,8602.653103
298.25565,54,8603.120656
422.704,82,8603.975152
275.1325,60,8604.506667
220.98611,44,8604.844321
344.7494,68,8605.501266
300.44955,65,8606.001494
313.0027,65,8606.514087
670.7488,128,8607.347373
307.12115,60,8608.057789
587.0848,108,8608.865121
423.6819,84,8609.672796
320.3487,67,8610.275873
307.9604,65,8610.861618
234.39699,48,8611.34873
361.34656,77,8612.031967
531.75073,101,8612.909239
330.80753,68,8613.596904
388.35764,83,8614.40443
410.48904,80,8615.176926
320.9084,60,8615.571412
375.56357,71,8616.177898
307.09525,60,8616.599306
242.73396,54,8617.071535
929.9659,185,8618.32127
285.09872,54,8618.771277
234.82259,49,8619.200425
174.17517,34,8619.472142
387.29883,73,8620.10974
318.713,67,8620.650476
389.23788,71,8621.227453
272.14297,63,8621.704428
338.1837,73,8622.222454
442.0321,87,8623.11771
303.31876,59,8623.486431
219.74858,47,8623.819914
304.08017,56,8624.433974
335.31705,70,8625.156811
322.93674,61,8625.631622
322.87534,61,8626.326097
384.50085,74,8627.118624
343.45425,78,8627.851966
302.2748,57,8628.209337
370.81442,71,8628.645528
652.525,129,8630.077981
264.3635,50,8630.630173
360.23856,65,8631.038752
404.98703,88,8631.703663
372.2029,79,8632.210252
318.35965,63,8632.657863
349.69287,71,8633.161515
301.7781,66,8633.57442
266.96347,57,8634.036396
290.49127,61,8634.537225
653.1398,126,8635.789355
491.66046,97,8636.79907
392.8009,83,8637.436319
361.62936,66,8639.654479
319.7606,60,8640.254109
580.3742,108,8641.419125
435.2036,87,8642.227721
335.38022,71,8643.055805
296.04688,61,8643.593015
546.49695,106,8644.41698
454.27405,99,8645.352274
302.5233,57,8646.047961
317.91068,65,8646.5694
476.52136,95,8647.502277
380.93918,77,8648.117978
353.92612,68,8648.580557
402.07867,79,8649.338639
426.3821,87,8650.325506
452.7074,86,8650.890271
290.19702,53,8651.357668
370.226,70,8651.997256
345.29135,64,8652.515659
406.31094,79,8653.201436
218.91364,42,8653.576004
629.0853,122,8654.625245
482.04208,93,8655.454401
385.89853,76,8656.067763
260.5189,59,8656.684228
392.44525,83,8657.274038
393.59067,81,8657.784119
316.1672,66,8658.225111
426.49088,81,8658.925589
371.93732,68,8659.653005
328.41193,66,8660.393304
352.21042,69,8661.019651
460.27274,84,8661.880819
293.28967,56,8662.422262
261.44995,51,8662.840618
426.7265,78,8663.670492
387.07568,75,8664.174649
526.1323,108,8665.168762
327.1196,70,8665.702809
564.2957,109,8666.85662
282.96704,54,8667.285878
305.50128,66,8667.778342
275.6473,54,8668.114014
147.34782,30,8668.301117
334.1384,72,8668.94935
424.57584,91,8669.743944
406.8625,76,8670.416699
391.3559,82,8671.13484
442.1659,81,8671.743428
419.01,87,8672.503389
465.77142,90,8673.302902
284.897,62,8673.845958
313.0864,60,8674.593921
338.9591,63,8675.255713
241.6763,49,8675.707091
330.7383,65,8676.190634
334.13837,64,8676.756387
376.0409,74,8677.428695
303.53076,69,8677.901155
349.0385,72,8678.683671
316.19604,60,8679.289686
371.64288,77,8680.18016
498.66107,94,8681.015556
591.16705,110,8681.856281
354.76385,66,8682.5159
475.22864,88,8683.416585
285.66006,64,8683.905476
398.29755,77,8684.807267
225.40561,45,8685.286059
369.54642,69,8685.765765
366.43365,72,8686.215497
397.6139,76,8686.68723
360.38947,72,8687.108525
340.36664,66,8687.580953
364.51138,70,8688.111068
427.1647,83,8688.863657
408.37112,78,8689.642612
473.13034,88,8690.284419
404.52948,76,8690.859352
255.42401,52,8691.301422
307.0044,58,8691.733385
223.57858,47,8691.985495
299.66702,56,8692.33474
283.51947,59,8692.678668
318.55896,60,8693.112542
497.5115,100,8693.798111
320.23758,61,8694.304934
327.1188,61,8694.786615
371.03964,68,8695.147159
298.89044,56,8695.470452
428.5281,86,8696.04699
341.08813,68,8696.514902
441.23972,81,8697.343593
279.09247,62,8697.850984
329.1499,64,8698.534653
294.81,54,8698.893437
361.41293,66,8699.399945
318.2987,69,8700.178104
469.94415,98,8701.127341
329.9405,61,8701.684247
291.18988,58,8702.29721
278.14432,56,8702.734095
449.25458,103,8703.567214
396.17883,84,8704.287694
364.99963,67,8705.00753
342.47214,72,8705.640552
442.0775,83,8706.317537
212.78502,45,8706.813668
368.18436,80,8707.434108
331.67447,62,8708.04602
668.02496,145,8709.527496
369.41925,73,8710.275142
256.9235,59,8712.9633
290.80392,55,8713.311769
167.64696,33,8713.639333
344.14777,70,8713.999255
305.20273,57,8714.511321
342.37024,66,8714.970752
443.29663,86,8715.623513
364.62537,77,8716.248368
262.31778,50,8716.804065
372.4864,71,8717.427833
327.68027,67,8717.808246
343.11874,67,8718.315798
278.0012,57,8718.659747
366.55478,71,8719.249416
373.3057,76,8719.787115
275.58218,62,8720.280839
363.05466,78,8721.033165
274.8677,52,8721.460477
329.53903,64,8722.037391
483.73102,99,8722.735893
398.82266,75,8723.393799
249.6174,54,8723.786505
470.7043,91,8724.426806
400.40005,77,8725.196674
368.34833,70,8725.763324
306.9915,62,8726.264084
412.5103,80,8726.776977
404.3511,86,8727.473156
312.17285,58,8727.835742
429.01422,83,8728.405309
372.71445,69,8728.939078
415.91025,84,8729.646722
601.4744,127,8730.962652
285.255,57,8731.322996
297.3514,56,8731.827891
533.67053,102,8732.689841
287.3333,61,8733.468125
564.9092,109,8734.218275
207.93903,47,8734.704996
235.75586,47,8735.2405
445.50223,84,8735.884505
349.741,67,8736.574301
650.3021,130,8737.536795
426.77612,82,8738.073931
405.53876,85,8738.92816
353.3378,66,8739.474923
287.32065,59,8739.913266
278.57236,53,8740.188525
432.02975,83,8741.165418
451.33295,82,8742.075549
291.80893,57,8742.432074
397.4117,79,8742.86936
449.40753,93,8743.666829
387.22705,85,8744.230533
250.09334,47,8744.617571
426.65018,84,8745.220299
413.26047,78,8745.852747
325.45395,63,8746.305213
388.39807,84,8747.00443
440.4806,92,8747.65948
318.51904,64,8748.389626
740.71826,151,8749.951463
271.48706,56,8750.514941
209.22638,41,8750.742656
329.43607,65,8751.229656
450.2301,86,8752.239488
287.74475,53,8752.725866
211.71268,43,8753.072743
319.99768,59,8753.712315
374.79373,82,8754.60913
255.05338,51,8754.889739
319.93018,63,8755.355559
364.90497,80,8755.963703
254.7677,50,8756.378347
231.89206,52,8756.710943
293.63556,62,8757.253394
318.40494,60,8757.636111
321.58054,60,8758.05796
812.4394,156,8759.224981
265.4462,57,8759.825526
291.64017,63,8760.518664
318.98685,59,8761.146195
561.1722,105,8762.17875
399.88632,78,8762.879474
263.92468,49,8763.350011
242.2063,50,8763.871917
272.7566,51,8764.200913
426.98108,78,8764.799559
392.86832,83,8765.295131
439.76288,82,8766.008257
437.68063,88,8766.708101
297.91574,56,8767.288207
251.05159,47,8767.700542
459.7853,91,8768.212573
392.04926,72,8768.896291
350.68362,69,8769.659049
361.4237,66,8770.339732
571.4147,109,8771.380511
479.74997,96,8772.11976
313.9475,69,8772.731153
494.8088,89,8773.740152
383.07114,73,8774.344961
243.73933,47,8774.799018
298.54315,60,8775.194715
511.19223,96,8776.245472
378.56366,71,8777.113955
276.98062,51,8777.581516
372.3343,80,8778.391608
389.16312,74,8778.887441
341.67184,63,8779.529316
538.82196,111,8780.749438
482.59735,97,8781.532871
619.51526,123,8784.538445
321.67572,59,8784.826861
407.09326,80,8785.404819
385.2825,72,8785.933085
361.98007,67,8786.386523
477.02942,95,8787.01588
532.14014,98,8787.685955
290.23373,63,8788.142207
358.3104,65,8788.62595
332.18808,74,8789.237505
209.90858,42,8789.53253
368.47412,71,8789.999035
556.6787,114,8790.665757
327.06595,67,8791.13306
334.0362,62,8791.504115
275.34674,58,8791.820205
439.06592,82,8792.348449
290.13934,57,8792.675111
333.3373,71,8793.17865
623.703,124,8793.954234
431.70428,80,8794.471001
231.98222,48,8794.770181
338.31604,65,8795.152429
501.97113,96,8795.756345
333.9194,71,8796.163567
364.4871,68,8796.547518
549.9507,109,8797.395442
442.1567,82,8798.110177
491.3769,100,8798.763549
361.33884,74,8799.148236
525.1062,101,8799.828557
341.60205,62,8800.258564
376.2602,74,8800.81332
498.36353,95,8801.415853
287.45795,54,8801.705813
324.6298,60,8802.18867
308.24637,63,8802.686608
552.6409,113,8803.287802
339.51932,64,8803.647961
359.91245,68,8804.022846
335.3375,64,8804.456045
550.5033,109,8805.271821
244.41052,51,8805.681084
297.23364,55,8805.975198
394.67105,80,8806.403684
271.53983,53,8806.679292
422.2498,86,8807.397968
213.43652,43,8807.713029
360.07568,77,8808.193002
445.30276,85,8808.744802
733.6127,141,8809.50079
309.4775,68,8809.944259
232.28929,50,8810.211491
237.24948,47,8810.576294
328.3037,69,8810.936486
405.1375,77,8811.390996
277.14594,58,8811.730093
339.42154,77,8812.078392
415.06393,76,8812.45717
382.58063,73,8812.909773
362.46863,68,8813.305489
647.8353,123,8814.146282
504.0963,96,8814.788818
300.28165,64,8815.164708
302.73645,62,8815.553977
368.98135,73,8816.027961
608.5446,129,8816.919824
498.00912,90,8817.609498
461.12653,88,8818.287659
290.65375,54,8818.659209
362.80997,70,8819.210965
435.43396,96,8820.02124
344.78003,71,8820.46549
277.67062,52,8820.983183
366.5129,69,8821.375262
420.3483,80,8821.978752
424.10052,76,8822.581811
303.07874,57,8822.945459
721.9294,141,8824.084062
408.9914,79,8824.848888
374.40405,70,8825.264063
345.00827,65,8825.688659
431.09592,84,8826.307016
371.59323,68,8826.695632
258.53363,53,8827.000345
369.19684,70,8827.530153
378.0541,76,8828.060489
367.348,67,8828.722927
387.5769,78,8829.259735
339.3179,64,8829.852669
414.16003,79,8830.331001
506.10965,104,8830.977782
324.54706,61,8831.376765
351.65808,66,8831.765876
400.57736,90,8832.38915
482.5992,103,8833.225224
397.55884,80,8833.728762
237.37804,49,8834.137609
290.23746,56,8834.519231
306.02435,70,8834.960549
322.7851,62,8835.361592
288.8362,57,8835.813035
303.4603,61,8836.214825
237.57663,47,8836.455866
390.95175,73,8836.827818
299.4566,56,8837.11347
346.85767,64,8837.505719
261.64972,51,8837.855344
394.40265,72,8838.390891
357.2851,72,8838.872456
376.22687,71,8841.027055
497.1982,96,8841.63174
345.1357,76,8842.095802
365.81784,72,8842.625238
355.51236,69,8843.236751
312.4802,59,8843.656074
324.7562,59,8844.099321
264.55817,57,8844.44397
347.28964,66,8845.052043
300.9642,57,8845.433475
470.81155,92,8845.950669
393.90872,79,8846.44621
310.05746,65,8846.877485
332.24493,65,8847.340399
390.4591,74,8847.878756
346.41827,71,8848.394906
216.72105,46,8848.662559
419.88525,76,8849.083287
355.22562,68,8849.649463
296.09512,64,8850.00242
376.17642,75,8850.428856
461.7717,87,8851.046555
376.3403,77,8851.456729
289.39404,59,8851.949814
345.03622,76,8852.445956
273.70203,58,8852.827886
246.35902,47,8853.147866
320.66702,58,8853.621467
302.84186,56,8853.930031
456.9727,96,8854.443516
364.82907,69,8854.818849
357.2034,74,8855.279885
430.20737,92,8855.972861
395.55957,77,8856.592111
397.36163,74,8857.208345
263.97928,60,8857.619931
685.34906,144,8858.474967
346.1371,64,8858.944245
315.6007,60,8859.312351
302.0542,59,8859.709446
386.67596,72,8860.186745
537.54376,106,8860.995332
559.8597,105,8861.73878
298.9964,56,8862.161039
359.05173,74,8862.697911
343.4605,63,8863.123256
347.17517,64,8863.491015
257.85333,50,8863.817343
256.81845,48,8864.159712
351.6059,67,8864.736514
259.0097,56,8865.118274
472.50827,100,8865.924087
280.52985,63,8866.426205
427.66562,85,8866.986543
263.79898,49,8867.290131
394.61603,77,8867.755812
356.56598,65,8868.205413
408.9931,84,8868.707163
282.56067,56,8869.121922
491.73514,103,8869.853309
451.53732,93,8870.453401
485.76553,102,8871.008607
423.03467,77,8871.424013
248.30452,50,8871.737525
292.03662,60,8872.091497
327.0023,66,8872.482296
342.87894,63,8872.854136
316.95892,59,8873.204426
284.51862,53,8873.510769
295.5243,54,8873.837352
412.93155,81,8874.34304
266.25385,59,8874.730241
319.10425,70,8875.178916
474.1173,89,8875.831543
421.67822,88,8876.342579
393.52963,75,8876.769534
415.43008,85,8877.271466
341.41693,69,8877.798244
324.86856,61,8878.229244
430.42307,81,8878.717502
436.0482,92,8879.317755
325.4094,62,8879.77265
290.8252,56,8880.106907
340.65448,65,8880.555001
469.45444,97,8881.105735
404.59894,74,8881.542996
295.55804,56,8881.921357
336.19287,76,8882.409235
323.14932,65,8882.843553
382.61285,80,8883.398133
307.6043,62,8883.885623
412.3202,75,8884.609118
424.97342,91,8885.190892
262.25186,60,8885.57224
306.50198,60,8886.003813
271.2937,57,8886.411588
411.6204,77,8887.018696
221.43932,48,8887.389301
332.17465,64,8888.03939
484.56516,92,8888.663157
468.00302,99,8889.267854
394.972,84,8889.857943
110.21058,22,8890.060559
232.97511,44,8890.379242
435.17343,94,8891.021812
209.69528,41,8891.292855
410.12686,75,8891.762727
347.90784,64,8892.190979
385.67807,71,8892.605593
197.90018,45,8892.895274
352.91397,68,8893.352648
290.34702,64,8893.860296
338.3511,72,8894.372721
286.59338,54,8894.812874
333.41736,63,8895.293195
392.11252,75,8895.829617
322.0649,66,8896.432751
344.7964,78,8898.510103
350.59985,66,8898.903193
473.6916,104,8899.571303
431.31097,85,8900.071861
437.11072,84,8900.755535
374.94098,82,8901.306394
258.2744,49,8901.62292
302.7666,57,8901.972102
308.14743,59,8902.403189
205.49388,43,8902.659334
313.41248,57,8902.973372
351.05255,66,8903.417125
214.9527,44,8903.673558
406.14053,77,8904.167001
280.19562,57,8904.831764
453.60657,91,8905.624762
308.5121,56,8906.015179
380.6932,70,8906.53904
312.49734,65,8906.919768
372.04932,68,8907.458542
193.835,41,8907.749523
235.4926,47,8908.153677
323.7899,63,8908.674397
406.74908,81,8909.295749
377.9726,71,8909.780183
407.1684,74,8910.254774
405.65408,76,8910.799049
385.84894,71,8911.239967
344.0623,69,8911.680149
361.79248,71,8912.121813
361.81262,68,8912.523964
434.4506,81,8913.026347
231.07864,47,8913.377652
441.35565,88,8913.865936
261.09204,48,8914.202554
306.7191,58,8914.712869
500.9972,95,8915.451359
361.12424,80,8915.927402
406.8427,79,8916.480653
661.4545,121,8917.418526
269.111,57,8917.90822
417.00497,77,8918.477508
660.7539,136,8919.424188
324.0938,65,8919.902653
240.30858,49,8920.210387
272.25317,53,8920.588941
331.13275,65,8921.00912
687.04755,131,8921.955677
242.35631,48,8922.32987
240.20049,51,8922.753985
241.09077,52,8923.098901
349.6706,79,8923.643946
359.07693,68,8924.135769
329.4177,64,8924.690718
393.29852,78,8925.199883
670.25275,129,8926.112546
323.9853,61,8926.510932
573.8692,108,8927.20716
380.25604,76,8927.667784
450.2743,82,8928.265544
226.31458,46,8928.555673
291.50464,63,8928.925042
312.16205,65,8929.280911
241.84796,50,8929.590981
341.04117,65,8929.942383
275.37097,51,8930.254842
277.3356,63,8930.649725
241.20651,49,8930.951544
311.62906,64,8931.453601
279.6683,52,8931.786555
297.9261,56,8932.127291
348.74762,72,8932.685258
359.65073,72,8933.186258
412.35284,88,8933.933085
286.08463,54,8934.38078
412.65823,75,8934.929351
368.16934,69,8935.408027
385.30606,71,8935.928276
369.99896,69,8936.305079
270.8269,57,8936.653694
341.48407,78,8937.135624
320.993,61,8937.459959
424.21228,80,8938.101897
339.14767,63,8938.484034
348.52304,71,8938.904659
407.16882,81,8939.448653
311.80334,66,8939.873671
362.59558,71,8940.413205
267.91095,54,8940.855273
422.15222,79,8941.471245
464.9948,94,8942.040307
250.96469,50,8942.457691
366.24695,73,8943.117908
480.13522,109,8943.90145
370.42432,74,8944.390672
471.76318,105,8944.944402
322.49594,60,8945.325634
294.1588,64,8945.75383
329.32233,65,8946.21527
269.51132,52,8946.692159
302.88278,57,8947.196072
267.03992,55,8947.468119
323.27264,60,8947.978029
175.5121,37,8948.275304
284.81152,54,8948.64061
246.06184,51,8948.963433
487.32098,94,8949.531497
366.3664,71,8949.944285
296.72684,56,8950.301409
323.29178,74,8950.817134
329.99872,69,8951.230387
322.78165,61,8951.582228
406.17316,76,8952.016633
479.1941,102,8952.783118
308.30615,60,8953.116038
322.38458,63,8953.606782
402.18347,74,8954.200134
349.0026,80,8956.278373
552.24634,103,8957.202993
443.56693,97,8958.118505
341.19943,67,8958.710268
333.57993,62,8959.199315
382.48953,82,8959.879653
357.8403,69,8960.339741
198.30055,41,8960.688176
510.3648,97,8961.285688
361.15204,72,8961.790627
573.7509,125,8962.58809
367.74405,68,8962.992929
243.97221,50,8963.246755
465.24695,89,8963.671309
373.8571,69,8964.105268
483.83698,101,8964.589453
346.47064,65,8964.974721
270.17224,51,8965.28739
251.85184,55,8965.621857
386.1661,71,8966.042077
395.61328,80,8966.404691
287.3835,54,8966.767572
448.38458,99,8967.320355
297.73862,57,8967.653312
180.19879,35,8967.888673
438.0232,96,8968.477463
309.2308,59,8968.826598
561.1184,103,8969.509919
246.38345,56,8969.890277
511.85065,109,8970.538097
323.55765,62,8971.051333
295.87302,62,8971.446277
306.2378,59,8971.785728
330.6868,67,8972.30842
398.4046,79,8972.838405
291.81528,61,8973.197419
276.89044,53,8973.601123
259.34882,52,8973.914537
282.98984,52,8974.280465
366.79404,72,8974.810545
332.07846,68,8975.259312
314.063,65,8975.696668
366.04492,68,8976.187305
331.87903,62,8976.622689
298.1946,55,8976.984528
392.54684,73,8977.57213
323.30493,61,8977.990802
474.29086,104,8978.604994
249.97284,51,8978.983894
333.76804,63,8979.356214
507.2818,106,8979.974282
309.01788,60,8980.349287
389.6294,81,8980.855915
550.51965,120,8981.546665
347.28754,73,8981.998412
273.78574,55,8982.310584
415.06073,85,8982.777484
551.10046,103,8983.380593
347.5797,62,8983.819683
342.14645,68,8984.250687
315.99167,62,8984.591255
267.14597,60,8985.039479
378.158,78,8985.558619
258.33493,53,8985.91875
456.4613,97,8986.561347
411.085,82,8987.15426
327.7175,60,8987.594928
509.5493,98,8988.219107
281.05438,55,8988.549234
479.53778,102,8989.277389
466.54276,91,8989.910774
326.21417,61,8990.299344
333.59625,73,8990.873284
269.1475,52,8991.163834
373.67957,74,8991.621744
450.5319,87,8992.212786
458.2076,86,8992.730124
300.0283,57,8993.085216
267.7599,53,8993.497129
430.9738,85,8994.126862
512.3682,96,8994.700806
425.03317,83,8995.255092
383.88312,73,8995.902209
244.40025,51,8996.264733
347.24673,75,8996.93503
364.11212,67,8997.467149
353.28867,64,8997.836657
356.721,65,8998.315638
288.75778,56,8998.668406
338.3146,64,8999.080425
318.49976,60,8999.454141
308.93726,59,8999.781291
511.41608,95,9000.302528
511.42453,104,9001.008342
511.04956,99,9001.74384
343.71616,68,9002.327126
328.84235,60,9002.712084
501.0309,98,9003.320545
345.29474,76,9003.787605
291.12695,61,9004.196852
315.90332,58,9004.562423
288.948,55,9004.962906
549.48834,104,9005.712735
324.44128,68,9006.201065
434.0786,88,9006.693212
320.8141,60,9007.070015
420.77963,83,9007.570958
468.20477,98,9008.391649
385.50952,75,9008.82631
478.47607,90,9009.324736
423.9195,89,9009.95559
330.8479,62,9010.286845
257.92117,56,9012.471602
284.5709,58,9012.865731
310.46814,61,9013.348069
505.7922,97,9014.033126
537.4183,113,9014.681346
366.78015,69,9015.112204
309.32742,58,9015.51749
364.63846,73,9015.961396
342.04782,70,9016.413385
255.4159,49,9016.82091
534.73553,108,9017.538683
429.4089,79,9018.041726
397.2153,73,9018.628687
306.30838,61,9018.965884
416.99323,89,9019.558482
343.60095,76,9019.975734
364.7901,70,9020.466643
298.13165,61,9020.807651
295.80106,62,9021.184665
301.43265,57,9021.589364
420.8834,78,9022.182634
284.40738,55,9022.500254
379.43222,71,9022.857308
297.54968,56,9023.166177
389.49478,73,9023.750456
430.24606,80,9024.264092
287.74945,54,9024.613174
419.99017,89,9025.229429
379.45645,73,9025.723871
353.72348,67,9026.217072
473.90164,93,9026.92129
353.00848,73,9027.491869
345.40466,63,9027.951043
350.63443,70,9028.466767
491.65195,108,9029.193592
502.63345,110,9030.112005
231.31305,52,9030.530133
477.2511,97,9031.135303
290.7125,62,9031.547781
341.7868,65,9032.080294
278.18927,55,9032.41196
383.05365,76,9032.900249
259.10272,57,9033.446966
533.53687,101,9034.241301
325.29578,61,9034.688513
279.1898,54,9034.938048
360.1742,77,9035.485575
385.16443,84,9036.079827
246.2106,50,9036.428572
283.32056,55,9036.810674
565.02844,106,9037.608057
521.2066,109,9038.568733
317.32474,62,9039.172819
421.7378,84,9039.705159
403.8526,79,9040.23898
311.78888,64,9040.626103
427.11325,79,9041.047942
252.70486,50,9041.450653
286.5609,57,9041.874058
370.74176,68,9042.375124
603.36664,113,9043.04782
358.7452,67,9043.529831
464.58072,88,9044.085848
325.5054,67,9044.722838
328.21814,62,9045.282309
316.85742,66,9045.726375
246.32944,49,9046.064559
445.62033,84,9046.574233
324.0678,60,9046.907646
475.28476,100,9047.453387
239.74672,46,9047.67891
274.34875,50,9047.953883
417.72235,79,9048.392457
482.2878,88,9048.945995
362.8694,76,9049.428224
350.63196,66,9049.868125
262.54327,51,9050.270118
345.45883,64,9050.713919
420.7032,92,9051.280476
359.61697,67,9051.694791
303.30112,57,9052.048732
283.84848,59,9052.550986
262.42102,53,9052.978356
456.88486,89,9053.693493
422.47403,85,9054.304212
314.53387,60,9054.740536
274.3715,53,9055.147939
389.44305,72,9055.624906
484.0683,93,9056.189998
282.58304,53,9056.564522
273.36374,58,9056.877024
300.60886,55,9057.185685
313.9753,68,9057.630622
424.1618,82,9058.182022
391.69638,72,9058.742622
335.72696,75,9059.307872
292.431,60,9059.729908
257.29807,52,9060.048068
486.7572,95,9060.78612
386.38712,75,9061.253699
442.45117,88,9061.694818
293.86752,55,9062.039515
296.97385,61,9062.511542
569.51904,112,9063.313217
326.9325,62,9063.763899
369.3925,69,9064.270006
445.55463,87,9064.858913
359.75842,78,9065.286378
206.30939,43,9065.499607
485.90448,94,9066.078612
310.76242,69,9066.442493
283.58472,57,9066.822736
419.60416,80,9067.434054
245.16869,54,9067.864675
255.55388,55,9069.891491
311.68054,63,9070.322045
291.5831,60,9070.660449
367.55594,68,9071.135538
375.7326,70,9071.613748
242.46387,51,9071.953589
284.92282,53,9072.337728
473.96906,93,9072.939744
233.17554,47,9073.275896
365.57343,68,9073.672908
458.36276,90,9074.20119
299.44232,63,9074.620452
237.18224,48,9074.857201
235.94751,48,9075.206648
338.6297,72,9075.601765
337.06238,72,9075.999826
290.67368,59,9076.415817
254.3991,54,9076.793054
476.27515,98,9077.498539
392.62564,74,9077.994977
300.90002,56,9078.448664
427.97598,75,9079.135986
421.9611,87,9079.722974
373.45502,78,9080.393875
373.45236,72,9080.934387
323.69382,59,9081.301263
330.9837,69,9081.702827
506.22763,104,9082.561188
364.2956,68,9083.031072
292.62878,57,9083.398927
340.41287,64,9083.784062
268.51117,56,9084.128776
334.9388,76,9084.613044
378.45706,87,9085.314502
286.32272,57,9085.642275
335.0669,72,9086.16542
323.8923,70,9086.677669
286.38095,54,9087.030888
413.56696,83,9087.571012
307.4962,60,9087.931995
306.14954,58,9088.269089
411.55664,79,9088.741891
391.48666,74,9089.209734
327.51727,63,9089.606843
366.81216,76,9090.32914
354.26047,69,9090.876675
238.55786,50,9091.230314
346.728,64,9091.69584
406.88998,75,9092.249824
447.54645,82,9092.75844
397.1381,80,9093.445323
223.66599,48,9093.826772
376.61914,73,9094.366866
383.85138,72,9094.853487
214.56267,46,9095.180957
472.80258,88,9095.757781
260.50668,55,9096.178525
517.06323,96,9096.717183
233.57036,50,9097.010499
293.2325,65,9097.458059
296.60745,60,9097.852777
383.38956,71,9098.33816
313.47046,58,9098.668801
275.77927,59,9099.093816
423.47607,86,9099.825419
278.96133,52,9100.142054
362.7361,78,9100.655946
333.48532,73,9101.121711
243.60458,49,9101.42696
334.2727,67,9101.872203
416.03546,94,9102.581085
441.0938,84,9103.120409
398.41278,79,9103.735894
314.04004,62,9104.182766
308.58618,60,9104.586847
352.9499,77,9105.139128
209.99553,45,9105.443797
227.13153,46,9105.775004
311.39233,68,9106.221833
304.53833,58,9106.581401
295.5863,61,9107.003631
311.4561,69,9107.515507
340.39062,63,9107.895862
392.20633,79,9108.378921
338.72446,65,9108.874079
385.6917,73,9109.371979
362.0518,68,9109.762419
263.1164,50,9110.108796
291.22278,57,9110.508115
322.17636,60,9110.926201
345.78763,76,9111.563889
336.81793,62,9112.015182
343.18387,71,9112.417822
338.15775,63,9112.836136
341.58472,63,9113.409072
239.90762,51,9113.830224
332.2309,76,9114.549678
412.952,79,9115.195868
373.80173,72,9115.760179
367.9441,71,9116.268953
345.378,69,9116.772002
356.44727,67,9117.269745
424.6371,78,9117.941607
502.78427,114,9118.632716
321.89566,70,9119.03664
367.11322,69,9119.485626
402.16092,78,9120.039611
329.89966,61,9120.456986
279.95227,61,9120.903544
545.9098,112,9121.711639
317.4227,60,9122.11467
302.23245,65,9122.580697
431.09802,88,9123.37126
442.1595,98,9124.293889
311.48584,64,9124.769082
328.4769,61,9125.17276
304.18854,67,9125.592827
289.62222,62,9126.025613
595.95435,120,9126.898501
307.2928,59,9128.684049
485.50153,98,9129.314082
262.5019,56,9129.631023
666.07806,141,9130.389878
335.8776,64,9130.761022
309.79346,61,9131.140916
535.5853,112,9132.004277
397.22818,74,9132.562865
354.69846,69,9133.077405
683.2783,132,9133.952469
447.8168,84,9134.570522
335.0618,62,9134.940536
387.90427,72,9135.342185
468.10413,93,9135.886143
273.85727,54,9136.324517
369.15414,69,9136.87272
398.87625,74,9137.345488
377.92917,72,9137.91586
309.68402,57,9138.4301
319.7302,59,9138.863428
324.76782,66,9139.234212
321.07132,62,9139.674555
358.80066,71,9140.17636
222.3156,43,9140.453406
411.83618,81,9141.070554
328.69034,66,9141.467443
279.3244,53,9141.854889
389.86478,77,9142.398167
349.93457,67,9142.85413
346.79758,68,9143.349181
368.97513,76,9143.821196
371.3798,78,9144.33222
366.4553,67,9144.87711
439.6833,82,9145.39025
257.47574,54,9145.782996
392.7479,75,9146.23068
319.97748,69,9146.731667
445.21106,97,9147.426263
416.6565,77,9147.932496
367.03204,68,9148.547735
390.07184,75,9149.066818
386.99496,71,9149.498616
342.16858,67,9149.890931
376.8486,70,9150.448589
379.6548,70,9150.906084
338.84735,61,9151.520199
403.6473,90,9152.03856
301.29095,59,9152.368685
314.874,62,9152.753599
364.87454,76,9153.278679
384.52667,77,9153.824661
347.27295,69,9154.239548
378.54684,72,9154.775368
463.7717,94,9155.462883
266.25528,58,9155.871378
418.75943,86,9156.438918
575.5456,110,9157.28087
409.4972,75,9157.76052
272.85477,55,9158.12197
316.24896,57,9158.52629
514.5626,106,9159.166942
368.15576,77,9159.631869
356.62485,75,9160.132228
360.55563,68,9160.662878
521.054,97,9161.33149
374.72113,68,9161.745835
420.7479,76,9162.298901
336.74298,72,9162.737153
453.2736,92,9163.276371
329.55243,61,9163.745679
500.0132,91,9164.504004
331.7292,66,9165.109154
403.88647,78,9165.657252
448.77026,87,9166.231388
403.5184,74,9166.748618
367.16208,69,9167.33811
295.0866,58,9167.790122
563.0141,116,9168.682055
358.6401,69,9169.163278
284.97195,59,9169.523363
278.32996,56,9169.932152
320.87793,62,9170.345686
455.4104,84,9170.895
309.61423,65,9171.348059
356.64984,66,9171.795928
277.9243,52,9172.209693
261.38657,54,9172.578504
506.2565,96,9173.351832
308.68747,61,9173.827759
302.9776,57,9174.325262
337.73926,71,9174.766909
324.0783,59,9175.171499
439.05508,87,9175.718995
516.743,97,9176.288376
394.2816,86,9176.753729
156.80136,32,9177.038092
316.41882,62,9177.442791
301.92642,64,9177.914928
244.22684,49,9178.328846
351.42566,69,9178.799836
291.93234,54,9179.160544
505.29495,101,9179.874342
339.1151,73,9180.392292
587.38873,112,9181.275462
293.79657,61,9181.701245
495.97113,96,9182.453284
298.50266,59,9183.032449
328.3554,64,9183.579569
417.2025,81,9184.134734
335.2779,74,9184.589253
308.18112,58,9184.960432
372.16907,73,9185.478119
554.55005,105,9187.987656
316.87512,63,9188.367236
320.79257,72,9188.876177
458.6248,88,9189.652061
402.3678,82,9190.273502
444.39957,89,9190.774336
523.8313,102,9191.397278
303.6716,58,9191.772663
267.4788,58,9192.084802
311.75192,63,9192.496643
245.52357,55,9192.862343
269.75323,60,9193.33894
338.937,63,9193.707124
318.86197,64,9194.141297
446.68073,88,9194.689249
207.02237,45,9194.986342
316.37012,64,9195.500698
437.12018,88,9196.011197
317.03812,58,9196.409733
397.55386,76,9196.843463
328.03986,62,9197.246715
441.28314,94,9197.816621
415.06097,77,9198.271389
239.38536,50,9198.669339
328.28345,69,9199.12818
599.06415,119,9199.826651
414.23605,77,9200.270986
576.74725,115,9201.032258
590.4058,110,9201.619667
436.29257,88,9202.219305
278.21414,59,9202.61951
364.4769,72,9203.079365
356.70706,64,9203.570155
367.2644,68,9204.044004
409.22104,78,9204.661072
321.6936,63,9205.227234
380.39575,79,9205.808122
271.16934,60,9206.315103
443.52756,89,9206.895774
279.53537,55,9207.305652
427.82037,82,9207.86951
257.0825,56,9208.239885
437.24066,99,9208.849354
304.96906,56,9209.190716
376.10742,80,9209.701561
370.87427,80,9210.221369
358.871,75,9210.729123
292.9761,67,9211.291281
407.4354,74,9211.843425
298.6222,56,9212.197399
274.95782,67,9212.544934
371.52,74,9213.005857
225.5609,45,9213.293555
336.99887,62,9213.661903
318.508,60,9214.048817
382.67783,75,9214.68389
584.65753,108,9215.429032
433.26276,83,9216.049915
432.30728,93,9216.756169
380.85275,72,9217.251651
188.97212,38,9217.512098
299.48904,64,9217.982922
338.53168,72,9218.438138
483.80707,95,9219.065548
249.55415,48,9219.398627
336.0047,61,9219.895894
281.5686,57,9220.329619
310.22614,60,9220.859218
303.83258,57,9221.453341
414.27655,78,9222.131632
321.47205,69,9222.690475
292.41284,61,9223.08689
380.05576,74,9223.726314
356.3226,68,9224.319377
367.89926,72,9225.000088
379.4301,75,9225.612781
455.171,87,9226.274715
400.5774,84,9226.909993
206.27477,43,9227.287263
288.0068,54,9227.822973
361.147,69,9228.370744
259.96808,54,9228.827857
424.6894,80,9229.423707
435.4541,77,9230.057792
365.07684,72,9230.570051
310.24857,59,9231.034493
329.73697,62,9231.532372
273.13617,55,9232.0338
235.97339,54,9232.512966
265.79178,51,9232.928791
404.10794,74,9233.50487
443.2585,90,9234.326143
370.0961,76,9234.959498
387.63428,73,9235.661887
311.08704,64,9236.11729
331.53006,65,9236.568874
301.4576,59,9237.077525
477.73904,90,9237.799673
553.6998,115,9238.823012
367.42917,66,9239.241002
324.3028,64,9239.66887
316.6322,65,9240.111693
524.74646,108,9240.999227
232.95207,51,9241.408073
323.3683,68,9242.041764
241.19214,48,9242.501341
280.37427,57,9242.933463
280.01636,54,9243.41429
434.95923,81,9244.126581
485.45233,108,9245.05174
503.7428,105,9245.826184
575.1712,122,9246.970429
298.38867,61,9247.389436
332.81274,66,9249.965163
368.89,78,9250.546429
346.30878,66,9251.044906
319.2759,59,9251.511224
281.19788,53,9251.908569
331.75363,62,9252.524474
369.81207,68,9253.157115
423.07864,86,9253.855486
327.8236,61,9254.561299
435.79172,96,9255.321462
306.48166,57,9255.837828
261.2718,49,9256.178929
383.41458,81,9256.858589
204.24687,41,9257.258962
263.10556,58,9257.699557
379.59628,71,9258.329551
324.03232,61,9258.941352
305.32797,58,9259.389683
332.42847,62,9259.794436
304.71848,63,9260.373351
251.61664,50,9260.800327
294.47922,63,9261.421657
199.33034,43,9261.746156
447.77487,89,9262.446124
251.68686,48,9262.887402
466.62616,91,9263.493111
550.7326,122,9264.533344
609.39667,134,9265.584843
341.91843,62,9266.230963
389.4618,78,9268.282397
386.92035,85,9268.86411
296.7719,59,9269.439337
401.6887,78,9270.177359
491.5566,98,9270.748704
276.0221,55,9271.15908
381.28046,83,9271.755866
310.38577,60,9272.307221
345.02435,76,9273.054978
538.1077,108,9274.074053
336.41394,61,9274.521213
288.07825,59,9274.909511
297.23093,63,9275.480858
464.87463,101,9276.316278
351.67896,65,9276.767538
371.9049,69,9277.298846
445.2523,81,9278.055509
496.7385,93,9278.87323
324.05814,65,9279.435326
484.24573,88,9280.133446
314.4073,70,9280.71485
350.7477,76,9281.39487
388.83194,79,9282.013574
414.86044,75,9282.484778
250.98499,50,9282.795129
353.89642,68,9283.291421
325.89426,60,9283.683511
216.729,44,9283.9783
293.82898,55,9284.355507
509.03018,100,9285.099903
272.91232,51,9285.473424
359.77197,66,9285.953763
296.46716,58,9286.347783
279.3201,61,9286.873032
326.23026,67,9287.558888
426.65222,84,9288.516807
284.08185,67,9289.140585
443.3347,87,9289.762145
428.80096,86,9290.383424
249.73065,54,9290.88561
336.4863,67,9291.373546
219.09348,45,9291.71436
454.9831,88,9292.372721
380.50565,75,9292.864499
399.8925,81,9293.422696
443.27805,84,9294.08555
336.7356,68,9294.595959
416.65613,81,9295.198582
283.85056,58,9295.62594
523.7807,100,9296.500146
337.68533,67,9297.030346
322.8917,63,9297.408329
438.394,79,9297.972826
389.00027,73,9298.449772
283.5774,58,9298.810489
316.5662,65,9299.339088
328.23224,64,9299.873984
304.96936,63,9300.359881
345.81677,70,9300.87212
828.2492,166,9302.105334
289.91702,55,9302.497415
329.1835,60,9302.931504
431.81097,79,9303.47577
307.2197,64,9304.035611
355.4234,71,9304.742676
465.72644,100,9305.453615
337.7204,78,9306.13001
381.46225,74,9306.741773
247.56987,51,9307.155038
343.21024,64,9307.599123
285.08203,64,9308.0682
362.03537,68,9308.564953
319.90247,59,9309.123709
274.96347,57,9309.518476
272.88422,60,9310.027934
573.9828,123,9310.940865
370.42444,81,9311.53813
413.0313,82,9312.370823
239.29947,44,9312.792108
299.54144,56,9313.287685
349.13962,77,9313.879377
274.0112,60,9314.329477
516.1539,103,9315.141986
297.53665,56,9315.631072
479.71402,90,9316.27758
362.56396,70,9316.77778
290.7753,62,9319.029253
467.66394,97,9319.957351
362.74948,68,9320.640455
344.662,68,9321.236163
753.5284,145,9322.556674
556.1407,103,9323.301783
338.53986,73,9324.105018
352.83267,66,9324.706482
275.8378,51,9325.203352
262.9352,51,9325.583552
441.82144,94,9326.261189
328.7094,68,9326.74819
480.14792,88,9327.51196
478.64215,91,9328.212549
349.64807,63,9328.752632
378.6974,82,9329.45832
324.89148,60,9329.903496
291.1971,64,9330.466566
422.98633,78,9331.147249
510.65234,107,9331.92816
409.1377,75,9332.531634
344.25156,69,9333.010252
378.52972,73,9333.524732
302.52444,66,9333.920517
258.53897,51,9334.256612
366.8257,78,9334.920318
545.663,102,9335.771463
311.5841,62,9336.371899
495.34012,107,9337.324571
325.29517,61,9337.889452
452.58035,83,9338.679387
312.8696,63,9339.233222
544.45764,100,9339.928692
362.69916,64,9340.524539
388.39795,74,9341.258882
384.0423,71,9341.930903
287.0156,55,9342.350118
453.41327,92,9343.034552
315.87283,67,9343.481904
386.17743,88,9344.215822
427.26117,80,9344.735615
486.10742,99,9345.396138
420.25333,84,9346.094296
719.46216,143,9347.564638
434.34222,85,9348.201808
488.14648,100,9349.046852
460.37274,90,9349.683239
385.86868,71,9350.161538
351.47394,78,9350.77572
392.42505,74,9351.281944
420.33218,79,9351.83343
305.24164,57,9352.246538
361.09357,67,9352.722372
421.06155,95,9353.382229
336.94717,77,9353.934505
430.88034,90,9354.559529
457.5674,86,9355.108903
416.4216,79,9355.892478
427.60245,86,9356.656707
194.16756,40,9356.959619
426.76462,100,9357.762166
506.40073,103,9358.617862
262.42172,58,9359.011294
396.26828,76,9359.591329
490.5794,93,9360.196947
475.2558,92,9360.864889
328.08954,60,9361.442075
222.96402,47,9361.846413
404.70383,87,9362.669482
391.98788,80,9363.386957
315.1936,58,9363.944071
380.5795,69,9364.462563
562.7586,109,9365.351899
309.76196,65,9365.861819
279.22733,51,9366.281837
481.1292,98,9366.958741
424.77716,95,9367.611409
330.89612,63,9368.110443
223.8277,44,9368.38873
433.89435,82,9368.908755
245.69922,52,9369.305726
229.49911,51,9369.815297
317.5925,68,9370.35576
303.21375,66,9370.882874
411.31265,77,9371.364962
368.40195,68,9371.812342
442.5291,88,9372.776017
287.1961,53,9373.341786
368.75015,70,9373.825867
678.41974,133,9374.828531
320.167,60,9375.436548
245.07077,52,9375.78248
361.93546,74,9376.351112
258.09796,49,9376.687628
281.0368,54,9377.205323
290.1164,54,9377.84777
420.07874,81,9378.329373
418.9731,85,9379.130469
420.6298,84,9379.893429
202.75908,42,9380.12943
495.5286,92,9381.155177
315.85168,57,9381.671054
662.72156,135,9382.708174
375.08044,83,9383.391117
451.3677,84,9383.938039
324.40808,65,9384.349584
482.02905,91,9387.026001
299.16602,58,9387.524599
330.85452,67,9388.099503
291.04428,63,9388.715724
308.6356,62,9389.317498
449.03195,86,9389.861808
262.63135,53,9390.173715
374.4966,76,9390.542169
351.7136,64,9391.032827
331.8943,74,9391.437331
416.91855,76,9391.943671
332.75665,64,9392.578024
374.57654,68,9393.166999
308.41562,60,9393.59176
521.5071,97,9394.297437
452.38123,92,9394.883321
273.002,55,9395.395114
287.95773,61,9396.047378
271.8693,55,9396.473151
299.0092,59,9397.043975
330.82364,69,9397.68706
412.886,77,9398.179317
362.46484,67,9398.598496
455.75772,91,9399.337368
397.2723,75,9400.192943
316.03305,64,9401.13267
355.73874,66,9401.648757
319.96423,60,9402.077257
469.16357,89,9402.790207
409.47168,86,9403.321232
402.4791,73,9403.861476
299.47568,55,9404.430157
330.3766,66,9404.999522
455.68698,94,9405.671931
251.74101,51,9405.968809
295.6127,61,9406.514006
451.93777,87,9407.285796
210.09482,46,9407.644539
303.3617,63,9408.054703
428.9837,80,9408.660364
372.86484,70,9409.326959
298.28058,60,9409.968074
355.4809,67,9410.732504
353.18762,75,9411.475261
642.1797,118,9412.343794
362.4017,68,9413.050507
423.67764,81,9413.704098
408.19815,91,9414.447065
323.98062,59,9414.835725
387.82687,87,9415.630076
382.9891,72,9416.199697
315.6698,59,9416.757778
332.7415,72,9417.383373
306.49747,56,9417.823523
760.08356,155,9419.199059
401.92307,76,9419.775424
322.903,64,9420.444225
315.22604,58,9421.083544
516.3835,106,9422.217785
218.8721,47,9422.7189
358.97873,68,9423.231032
404.8934,75,9423.954384
356.47162,71,9424.584781
526.0451,100,9425.379845
352.41537,72,9425.874767
639.4306,123,9426.89135
211.55089,43,9427.190598
377.94003,69,9427.776596
381.18213,70,9428.414682
251.43756,49,9428.904327
374.32535,72,9429.582616
520.957,106,9430.707264
374.34555,72,9431.345302
306.21625,56,9431.749429
409.6662,77,9432.629887
419.33487,84,9433.320005
487.5647,95,9433.971442
292.0404,56,9434.603836
426.84396,80,9435.387595
306.367,59,9435.948909
273.42807,58,9436.272398
357.20917,66,9436.707453
346.02786,78,9437.151859
385.7946,72,9437.603658
273.24207,56,9438.040488
406.74854,73,9438.626823
315.96906,65,9439.171866
215.70148,46,9439.665725
317.54657,67,9440.119707
393.77353,85,9440.552877
342.34525,72,9441.315086
285.3334,53,9441.767017
404.3127,78,9442.440108
322.5707,59,9442.882394
324.64526,61,9443.404607
435.87415,86,9444.195218
312.52765,60,9444.71628
282.40952,54,9445.106018
350.70682,69,9445.933603
403.73962,74,9446.650933
426.97552,81,9447.430277
281.0385,58,9448.023181
481.7061,90,9448.808004
477.56598,97,9449.608932
345.7862,65,9449.99109
278.99707,55,9450.359708
268.72424,57,9450.790303
335.56818,63,9451.458152
408.77512,81,9452.069867
537.657,108,9453.023463
489.91248,90,9453.800055
279.6932,51,9454.24339
488.6875,104,9455.077651
339.89133,67,9455.762471
310.75943,61,9457.639942
469.48038,93,9458.315597
633.1944,127,9459.74297
408.8086,85,9460.534285
328.64166,61,9461.128606
322.01788,62,9461.499574
324.2665,63,9461.996072
711.1737,142,9463.02352
418.4205,86,9463.597096
323.93686,59,9463.961816
251.7547,48,9464.294589
242.24426,56,9464.725923
220.806,44,9465.003274
349.10367,65,9465.385781
450.00116,85,9465.889037
474.4908,104,9466.591565
252.7274,48,9467.017583
267.75134,51,9467.511395
310.19757,71,9468.169009
531.82574,105,9468.949833
221.40143,44,9469.316706
493.93747,100,9470.221364
463.58456,97,9471.143401
527.35443,97,9472.010684
397.83636,73,9472.612885
358.48474,76,9473.205401
375.89633,75,9473.794747
247.70372,50,9474.170756
504.01648,89,9474.737468
356.19885,68,9475.298101
719.74536,140,9476.796939
257.34982,50,9477.211281
553.17737,104,9478.23488
253.33,50,9478.54373
216.67868,45,9478.770951
501.31497,98,9479.395919
397.70114,74,9480.011089
544.00806,107,9480.956473
321.55768,66,9481.684279
373.98215,70,9482.126976
382.10828,78,9482.926882
407.11124,79,9483.546482
308.34006,58,9483.929666
311.22974,59,9484.478748
438.5155,83,9485.089976
428.4315,79,9485.881782
427.81955,80,9486.605823
269.96075,49,9486.991143
180.08896,37,9487.29501
680.09656,128,9488.38295
347.89313,75,9489.218769
411.91574,80,9490.032404
376.7768,70,9490.518559
403.8094,74,9491.009052
327.49957,68,9491.524315
296.32724,59,9492.143285
365.23978,78,9492.782992
330.8685,76,9493.54438
394.55353,74,9494.355339
736.1466,154,9495.761281
397.5037,73,9496.324393
285.05466,61,9496.70657
280.32556,56,9497.0979
372.91205,73,9497.65525
359.79883,71,9498.087967
349.38245,70,9498.570836
377.84464,69,9499.332944
191.37718,39,9499.768328
332.86255,64,9500.326829
343.6744,72,9500.754403
260.59363,56,9501.068972
354.31354,67,9501.736792
356.16394,71,9502.52083
377.1673,78,9503.40082
470.71002,104,9504.694448
659.1398,129,9506.214727
292.77414,58,9506.891119
336.78336,63,9507.522367
289.06833,63,9508.173253
553.40784,109,9509.333272
327.9737,62,9510.10045
313.7132,58,9510.551721
338.1046,64,9511.305744
199.5578,43,9511.804092
145.11954,32,9512.095562
477.93173,93,9512.796252
314.86325,61,9513.390932
380.3421,76,9514.100755
426.73367,83,9514.837747
453.6783,92,9515.713789
295.05643,55,9516.106476
546.74066,106,9516.801878
390.2037,74,9517.370896
452.16766,86,9518.19096
411.38666,77,9518.931151
423.07697,87,9519.638514
322.8716,67,9520.058498
213.06105,44,9520.410029
369.74167,73,9521.204824
322.09937,61,9521.664361
358.50735,73,9522.326661
311.44333,61,9522.785627
327.61462,60,9523.092636
332.363,63,9523.542502
374.34357,69,9524.093835
364.89337,69,9524.802142
262.55136,50,9525.179444
282.56314,62,9525.665823
376.38297,76,9526.256644
325.89444,60,9526.751563
296.796,62,9527.237979
497.3113,93,9529.330823
419.3344,78,9529.7924
215.0225,43,9530.047032
437.1232,88,9530.59916
348.41437,66,9531.04448
503.6718,99,9531.766121
384.11078,72,9532.339927
391.75735,81,9532.932955
284.79797,58,9533.246788
321.43738,70,9533.94994
385.25305,72,9534.478611
305.6175,60,9534.852543
337.38885,61,9535.264493
367.41,79,9535.961605
340.11923,64,9536.578893
350.5999,73,9537.093754
261.944,51,9537.372273
405.9652,75,9537.842447
543.2752,105,9538.467078
383.42343,76,9538.959533
643.0481,128,9539.907961
458.47256,89,9540.561553
349.3321,70,9541.023308
284.39627,61,9541.527569
395.4846,75,9542.210691
257.04752,53,9542.626268
331.15784,62,9543.318286
275.94305,53,9543.893743
334.43613,62,9544.556966
353.52856,66,9545.201996
444.19366,88,9546.142377
373.61658,72,9546.905615
388.7522,81,9547.754961
284.7745,63,9548.347808
423.84848,76,9548.84415
530.11774,99,9549.691036
267.4497,51,9550.081324
322.06372,62,9550.454205
437.2545,82,9551.189584
364.08167,69,9551.85789
493.91663,90,9552.633097
548.41565,114,9553.649365
456.41217,85,9554.191141
420.76956,81,9554.739917
356.136,75,9555.099195
437.65842,81,9555.528561
315.37143,66,9555.942118
297.88925,63,9556.34159
269.88058,54,9556.834062
279.57358,57,9557.210652
424.12155,77,9557.885387
371.51978,78,9558.515706
260.46155,50,9559.088784
449.94992,86,9559.775519
503.60214,106,9560.739792
263.2851,54,9561.279125
401.86768,75,9561.800308
435.9231,87,9562.546507
273.5071,52,9562.911042
385.91217,80,9563.567504
335.6098,79,9564.132315
302.13397,56,9564.541583
446.26984,81,9565.232234
469.82785,87,9566.010221
378.88104,82,9566.948315
350.03476,68,9567.649363
364.87854,67,9568.307406
399.13147,78,9568.980061
502.86484,108,9569.79671
381.5693,71,9570.581835
345.65097,65,9571.082113
303.781,67,9571.657168
331.88806,64,9571.889806
557.06177,108,9572.665423
324.72974,72,9573.202004
351.04065,67,9573.665511
383.13467,73,9574.283689
452.33627,97,9575.056445
455.17776,83,9575.766966
334.95258,70,9576.448914
301.83087,58,9576.948029
356.43613,68,9577.486509
451.15115,96,9578.193109
422.33682,79,9578.819041
259.9601,52,9579.018734
388.5433,74,9579.320332
305.21158,59,9579.6536
296.82993,63,9580.079458
389.96017,75,9580.510791
251.82297,45,9580.691491
302.29977,59,9580.949014
603.68463,124,9581.546106
365.83954,70,9582.229226
388.15424,72,9582.712437
338.00766,65,9583.035156
260.8068,52,9583.309327
361.72485,72,9583.78395
248.90726,54,9584.201779
354.86945,70,9584.780964
303.71545,60,9585.165765
439.04312,97,9585.897759
410.13208,89,9586.476918
388.96707,70,9587.027329
357.20444,69,9587.456295
321.4953,70,9587.74868
388.1116,82,9588.228055
504.36313,99,9588.997658
292.8237,57,9589.482256
353.12216,64,9589.935421
456.86804,91,9590.463671
359.39755,74,9590.909275
490.1392,94,9593.436239
348.22385,64,9593.857664
347.92612,64,9594.18992
348.68524,76,9594.533066
343.2697,69,9594.79484
280.89886,61,9595.07884
390.51825,87,9595.575529
525.3873,97,9596.261682
231.94043,44,9596.582101
342.81256,67,9597.031367
296.9597,62,9597.44646
397.75842,72,9598.056102
449.1669,85,9598.863825
366.50296,75,9599.457989
606.601,137,9600.699075
346.18936,69,9601.075233
281.26346,52,9601.438805
353.2332,71,9601.903191
388.7445,80,9602.387259
406.04086,77,9602.96235
232.72768,51,9603.254885
643.38544,122,9604.181669
463.43567,92,9604.731781
305.9862,61,9604.983178
371.4647,78,9605.436254
307.5525,69,9605.916604
264.9336,51,9606.244966
283.91064,55,9606.716275
412.9593,75,9607.286953
564.3625,117,9608.182952
255.19656,57,9608.632569
418.2602,79,9609.126911
306.18634,59,9609.452032
276.5813,52,9609.715256
267.6991,52,9610.104606
338.1803,66,9610.574302
392.89905,80,9611.315765
303.4604,61,9611.702867
343.87646,75,9612.0868
348.93478,69,9612.541057
247.49277,53,9612.834458
435.2292,81,9613.437309
349.37473,71,9613.819219
296.21207,64,9614.138028
306.1795,57,9614.479897
247.34985,51,9614.709415
1157.655,235,9616.075775
428.75085,80,9616.518763
311.2034,65,9616.817517
334.34695,63,9617.19976
354.05945,74,9617.546483
387.1936,71,9617.83872
410.10684,78,9618.277503
223.87457,44,9618.572493
456.63864,90,9619.132899
392.26562,87,9619.648652
334.35968,64,9619.900334
299.84753,57,9620.151794
316.67142,69,9620.468249
430.28387,91,9620.842945
381.03998,83,9621.162647
379.60147,78,9621.542898
468.0654,89,9622.238727
275.0447,51,9622.49605
399.39108,72,9623.031805
455.4289,95,9623.748584
287.26492,59,9624.116196
299.81848,55,9624.390361
348.9608,64,9624.775129
335.73575,71,9625.183425
451.39243,84,9625.847876
271.69366,52,9626.182897
390.01233,72,9626.577555
432.62698,81,9627.077321
346.54858,67,9627.551532
795.9348,153,9628.246092
290.25128,62,9628.689386
282.49875,56,9629.052117
497.45807,96,9629.94446
360.35144,80,9630.643952
447.109,86,9631.357956
314.9786,59,9631.621886
446.2044,87,9632.328673
472.28726,89,9632.977608
334.09656,70,9633.425402
358.00558,68,9633.676622
304.5789,68,9633.965521
338.30942,67,9634.639848
373.96286,80,9635.436725
630.7315,124,9636.704563
336.4863,63,9637.313111
335.4576,63,9637.903311
338.33786,66,9638.570227
346.32193,67,9639.103005
376.3423,69,9639.743553
278.50015,59,9640.367167
245.04883,48,9640.720986
494.38983,100,9641.549507
571.1074,119,9642.831855
345.55856,68,9643.391265
387.8878,73,9644.00479
316.14124,59,9644.558488
296.9836,55,9645.067437
387.506,74,9645.649772
352.9556,77,9646.178987
245.00989,54,9646.577945
309.3997,70,9647.148498
287.2691,53,9647.646787
286.1018,63,9648.347589
367.59067,67,9648.925756
434.72336,84,9651.407574
391.02386,80,9652.040508
357.9665,75,9652.870517
359.87207,75,9653.505589
229.5864,48,9653.716375
520.04596,96,9654.102881
423.37686,92,9654.728248
354.90363,66,9655.203748
260.02005,53,9655.448404
344.68826,63,9655.790559
292.8966,56,9656.334728
400.44534,83,9656.98585
488.25784,103,9657.756322
330.25085,72,9658.186065
382.35403,84,9658.663709
329.10397,68,9659.040098
477.98346,94,9659.457737
366.8648,69,9659.81999
403.7602,86,9660.4152
719.7519,144,9661.81491
334.3414,73,9662.552574
319.66476,65,9663.249288
333.10495,64,9663.865389
455.45078,89,9664.456953
385.7045,72,9664.918057
412.73434,76,9665.367244
491.4883,100,9665.976852
314.84418,59,9666.609711
367.5758,70,9667.299932
332.8368,74,9667.892624
381.47244,70,9668.472781
304.95926,62,9668.937528
280.33398,60,9669.315295
420.91534,81,9669.845495
291.75418,53,9670.218816
415.66586,79,9670.901046
429.24854,88,9671.399687
380.19363,75,9671.909167
263.33395,49,9672.358967
404.81827,76,9672.883266
363.14386,79,9673.284993
339.2756,76,9673.823647
301.4348,61,9674.295871
328.50516,65,9674.806071
402.7108,75,9675.482596
455.93567,93,9676.3094
333.65433,66,9676.615557
343.70068,71,9677.065748
367.91406,80,9677.548895
303.8315,62,9677.895256
256.44016,50,9678.220098
439.27426,84,9678.717887
356.89157,69,9679.116826
353.69473,80,9679.491939
661.6161,121,9680.40235
339.22266,64,9680.909614
527.6451,99,9681.608132
285.9788,58,9681.994153
404.7017,86,9682.591099
314.6215,63,9683.080117
436.80557,84,9683.790402
408.3361,92,9684.64187
363.32272,70,9685.321602
317.20795,59,9685.972372
325.42496,67,9686.625361
287.95605,57,9687.062586
349.2926,64,9687.475025
296.1645,61,9688.031687
276.49243,53,9688.419678
543.0261,102,9689.271544
353.95853,65,9689.782824
500.39386,96,9690.604512
409.34518,77,9691.017725
764.1182,150,9692.027722
367.52695,72,9692.369007
455.5353,95,9692.968296
441.721,92,9693.475259
374.57513,69,9693.774939
294.33188,67,9694.228149
350.47375,71,9694.677301
418.86456,75,9695.322877
298.76215,66,9695.712676
313.23254,58,9696.132499
321.02618,60,9696.619949
282.19418,64,9697.175883
495.53546,108,9698.081087
346.7897,80,9698.706535
457.36407,87,9699.16436
377.68826,79,9700.032966
329.1327,63,9700.535843
350.30984,74,9701.182511
403.1362,73,9701.713377
385.97952,74,9702.345376
402.23288,75,9702.988886
326.3657,64,9703.421597
402.27716,86,9703.929607
275.38608,57,9704.387214
287.5454,54,9704.923542
344.17096,65,9705.295768
511.7941,95,9706.046349
470.0368,89,9706.73207
415.45413,76,9707.378043
396.46097,84,9708.083961
524.8131,101,9708.828952
375.52228,82,9709.51096
532.0377,108,9710.565016
292.27463,55,9711.036232
445.13153,87,9711.66011
371.1254,70,9714.18186
223.82225,48,9714.489063
313.12152,59,9714.985013
318.667,62,9715.37601
509.3341,97,9716.117494
225.73286,51,9716.445418
377.00827,80,9717.075765
298.7335,67,9717.638558
352.14563,65,9718.291217
406.5221,73,9718.890725
311.68716,62,9719.220738
403.1922,76,9719.679179
228.84807,49,9720.07676
498.34528,98,9720.789938
319.04462,63,9721.220633
262.15247,49,9721.560288
401.58456,82,9722.23557
340.84842,64,9722.815303
246.0339,51,9723.258369
459.36786,88,9723.975644
350.6938,70,9724.628978
442.5289,90,9725.441629
396.49167,76,9725.888771
358.89325,72,9726.408919
226.65105,52,9726.884243
337.74985,75,9727.480508
391.81137,76,9728.015622
362.2058,77,9728.540761
326.56842,62,9728.903162
383.29166,88,9729.647115
363.6597,68,9730.305534
363.77927,68,9730.746367
381.5744,83,9731.359433
237.73813,49,9731.690886
459.6198,97,9732.386868
282.73035,59,9732.737494
476.6713,92,9733.334837
384.1889,72,9733.932575
287.61218,62,9734.273921
235.37979,46,9734.64015
270.65952,53,9735.183466
317.52933,67,9735.58254
410.68048,79,9736.065465
448.06088,83,9736.564561
208.52238,44,9736.8588
433.178,89,9737.379526
305.89093,59,9737.60813
371.2599,69,9738.229002
276.6654,52,9738.480977
299.238,55,9739.023082
291.1982,55,9739.393094
422.99255,78,9739.791646
219.89081,44,9740.052651
341.23383,63,9740.33322
277.32462,51,9740.564196
314.03763,61,9740.918294
380.83914,71,9741.364956
343.73862,71,9741.901212
404.62137,76,9742.462488
332.91327,66,9742.846773
274.39218,59,9743.230145
295.6076,56,9743.817294
324.6459,66,9744.39406
367.37787,71,9744.822788
315.26865,59,9745.259482
338.5648,73,9745.743817
538.0325,109,9746.444261
366.98584,68,9746.869652
295.2676,55,9747.287765
375.97098,71,9747.734251
352.84274,69,9748.182406
255.44699,54,9748.570665
349.4983,70,9749.058136
411.16055,79,9749.945281
335.27118,63,9750.361092
326.6732,69,9750.860238
350.34335,66,9751.384955
393.64575,72,9752.113452
375.10205,76,9752.850178
424.72415,82,9753.539885
332.41833,72,9754.248018
290.9535,55,9754.968283
406.04404,79,9755.754519
386.05142,85,9756.236171
244.38417,46,9756.563841
302.63586,56,9756.850711
652.9043,125,9757.617542
399.215,78,9758.057449
449.65427,86,9758.729235
631.6086,121,9759.7822
363.65405,69,9760.423553
411.30685,86,9761.297721
432.2595,80,9761.712863
389.79776,76,9762.429135
315.29105,58,9762.807438
436.7045,84,9763.270057
481.3251,92,9763.803241
283.76575,53,9764.020847
342.4452,66,9764.567311
328.88425,61,9765.313343
377.7126,82,9765.870613
515.50195,103,9766.775166
417.8971,83,9767.350043
331.92416,76,9767.771389
372.86484,72,9768.340566
371.52982,69,9768.950116
243.064,53,9769.348875
365.42657,68,9769.862376
384.74854,77,9770.301884
411.73676,77,9771.020252
314.93347,58,9771.426895
298.2912,58,9771.671424
486.42657,93,9772.599511
427.36526,93,9773.241685
263.67972,56,9773.665901
421.93622,81,9774.125133
283.8553,54,9776.422539
384.73788,70,9776.995898
322.11673,70,9777.603623
376.45175,69,9778.171036
396.61163,78,9778.532046
366.863,71,9778.880548
377.3965,79,9779.546435
401.94644,76,9780.181939
365.82425,66,9780.709535
409.29504,75,9781.302678
401.328,75,9781.74463
411.37912,89,9782.401551
620.029,126,9783.388883
348.01566,65,9783.762143
361.38736,69,9784.060947
473.03305,88,9784.653051
462.51068,99,9785.12562
523.22406,105,9785.675238
363.79425,73,9786.062514
522.33215,119,9786.795385
353.3935,71,9787.240274
318.88464,63,9787.712182
363.5154,70,9788.152296
284.44058,59,9788.610921
400.597,85,9789.291409
391.43933,78,9789.751214
331.43875,73,9790.411224
294.5754,61,9790.994343
192.47334,44,9791.406354
339.64093,64,9792.003977
343.0332,63,9792.399885
410.68817,82,9792.948822
434.54745,91,9793.4554
354.3427,71,9793.832941
377.66473,71,9794.302888
284.98502,53,9794.681083
320.85352,61,9795.116843
451.60144,87,9795.852274
283.41626,62,9796.515284
444.31476,93,9797.244684
419.78,80,9797.849791
403.49652,75,9798.551674
217.19798,44,9798.880952
285.61133,54,9799.237151
407.23846,80,9799.781217
428.9452,80,9800.447663
413.04218,88,9801.109842
258.2304,53,9801.380481
588.2169,110,9802.20357
410.94122,77,9802.61366
461.4942,90,9803.271881
300.0653,63,9803.786266
474.32056,100,9804.560181
314.4828,70,9805.124456
248.6375,54,9805.477449
311.0405,59,9805.892349
372.9331,79,9806.297737
346.6521,67,9806.812987
403.17966,78,9807.295014
532.2625,101,9808.152849
316.5802,65,9808.754083
354.41003,67,9809.396273
467.95633,90,9810.269692
321.73004,61,9810.677274
486.38547,107,9811.423617
475.64462,97,9811.957324
364.76715,67,9812.237701
340.98026,71,9812.580603
349.922,63,9813.084203
399.62054,81,9813.614918
536.8612,101,9814.460335
322.38412,60,9815.095299
296.62805,67,9815.802475
368.75342,68,9816.290593
342.63754,70,9816.778634
334.83316,64,9817.18735
291.59085,63,9817.778869
302.00684,61,9818.110699
353.4138,76,9818.442138
369.79364,78,9818.936056
286.44693,53,9819.184567
304.6526,57,9819.47482
271.4259,50,9819.868435
233.88667,52,9820.088076
352.153,66,9820.487783
328.78082,70,9820.788734
258.41833,53,9821.087201
386.8572,78,9821.478635
308.0665,57,9821.834699
506.93436,101,9822.541068
766.6408,156,9823.873919
448.7226,86,9824.39486
291.7314,65,9824.682168
218.68332,43,9824.979594
316.55148,58,9825.277489
445.39975,99,9825.998205
235.71129,52,9826.547211
390.3975,73,9827.356176
430.95084,90,9827.960302
323.4269,59,9828.381748
355.072,71,9828.889581
431.06604,80,9829.505917
514.424,99,9830.213261
333.7044,71,9830.632508
270.59665,53,9831.187515
418.7563,79,9831.70321
330.8675,62,9832.044917
367.1408,69,9832.622542
404.491,76,9833.214895
516.75586,98,9833.939955
350.47125,66,9836.492206
425.78665,78,9837.021612
410.1198,77,9837.632561
449.3416,84,9838.158674
372.6225,69,9838.650333
453.53372,96,9839.426965
412.2954,88,9839.989958
430.53772,84,9840.766711
316.06308,69,9841.178247
382.7662,78,9841.780436
316.68158,68,9842.381145
337.32928,69,9842.788668
328.54465,74,9843.331057
293.76733,55,9843.899496
159.62852,34,9844.192873
363.63892,75,9844.670298
375.63153,79,9845.281027
470.9037,89,9845.900929
346.36572,62,9846.32798
467.9379,89,9846.863643
417.9381,87,9847.813232
380.52448,80,9848.473148
439.67874,100,9849.232442
202.67387,42,9849.5306
320.80008,61,9849.865226
537.25275,111,9850.667886
477.48532,88,9851.461351
445.3454,93,9852.194855
258.87604,56,9852.736366
425.7985,79,9853.521051
641.00323,121,9854.606867
398.75095,81,9855.273695
364.22977,68,9855.785026
374.63043,71,9856.295352
586.8579,115,9857.202188
357.0202,66,9857.771243
278.54666,61,9858.233359
351.8423,65,9858.669535
260.0175,57,9859.019925
539.8575,106,9859.47034
247.54156,51,9859.679367
324.80627,63,9859.96011
332.65976,63,9860.321602
472.23645,97,9860.916613
354.34598,70,9861.662204
370.20816,82,9862.218758
208.58192,41,9862.502786
324.92334,71,9862.958685
483.1895,102,9863.700872
296.93713,54,9864.14559
394.53238,74,9864.672534
366.46088,73,9865.093226
380.57407,71,9865.720955
513.77423,106,9866.667412
474.58887,99,9867.447872
328.8015,68,9867.943507
308.00876,56,9868.525081
445.75558,86,9869.210045
345.044,67,9869.822274
381.96747,82,9870.559601
290.30917,54,9870.935833
403.80228,84,9871.417246
366.3858,79,9871.844974
358.35184,76,9872.279555
436.0844,88,9872.95673
396.59653,85,9873.613967
370.6261,71,9874.043676
431.55225,80,9874.698322
318.37503,69,9875.112597
397.29123,78,9875.592815
372.52835,72,9875.937748
205.50137,42,9876.127563
270.8374,55,9876.492441
309.65488,63,9877.051955
314.88956,60,9877.612541
443.4239,84,9878.389426
406.7033,76,9879.054393
237.5616,50,9879.450276
340.84308,66,9879.956884
322.52036,61,9880.525621
415.3446,83,9881.208518
305.50882,66,9881.612548
339.04102,74,9882.136826
306.6151,57,9882.404689
476.47733,89,9882.723895
381.77527,81,9882.962792
316.39905,63,9883.187296
684.5193,138,9883.828802
307.65125,67,9884.340178
251.47168,55,9884.776752
354.69897,76,9885.417098
341.65985,77,9885.962746
553.3061,113,9886.693329
319.59314,69,9887.193814
368.28278,81,9887.633271
239.20476,50,9887.847839
501.3034,97,9888.233186
400.62912,76,9888.623046
370.102,68,9889.239095
607.2175,116,9889.988202
408.48672,83,9890.533491
282.97125,52,9890.925492
235.81207,51,9891.238459
436.42905,80,9891.928093
246.0034,47,9892.251856
327.35254,62,9892.742779
350.07162,75,9893.342576
253.50407,50,9893.661747
244.75824,50,9893.925973
349.74298,74,9894.338771
375.10083,72,9896.510215
560.55927,105,9897.262424
337.16418,63,9897.79656
479.41217,103,9898.498667
503.66104,96,9899.299279
421.67642,80,9899.954551
388.33936,77,9900.528907
303.13287,58,9900.811146
289.9707,64,9901.080667
459.86688,93,9901.778549
275.98608,65,9902.144873
260.1361,49,9902.590925
411.02246,77,9903.172979
387.80948,76,9903.604019
314.5383,63,9904.140937
414.88638,84,9905.004427
358.80487,70,9905.572615
336.11325,67,9906.036015
431.26852,82,9906.661873
304.7108,58,9907.065187
338.00742,71,9907.437595
438.32166,89,9908.000463
427.88037,83,9908.605917
269.19427,62,9909.11111
283.77167,53,9909.528645
343.0712,67,9910.092689
419.35727,79,9910.590219
287.0194,58,9911.031963
376.9449,71,9911.469615
396.3276,87,9912.127036
273.91388,58,9912.601922
360.49683,75,9913.075668
346.2423,73,9913.413493
268.63586,53,9913.751215
313.38702,59,9914.298565
395.0435,77,9914.816067
532.6877,102,9915.469609
497.93918,102,9916.310858
515.8181,100,9916.996661
355.79813,66,9917.467145
316.09723,69,9917.914708
369.95743,77,9918.533521
312.33774,65,9919.183336
292.64395,68,9919.62488
423.54706,85,9920.207734
305.37848,61,9920.435691
331.46918,72,9920.74929
195.39937,37,9921.034354
199.54196,44,9921.347134
243.9937,48,9921.577812
522.9599,106,9922.189193
286.56934,62,9922.532784
375.82333,70,9922.943303
331.1739,61,9923.322207
532.4322,102,9923.980305
309.78458,59,9924.314
326.72867,61,9924.767626
386.4651,72,9925.452937
278.9668,60,9925.89166
302.94626,57,9926.148417
330.8836,73,9926.603067
596.7912,128,9927.277207
404.28073,76,9927.958141
404.29965,83,9928.379772
469.15552,98,9929.041593
403.0695,75,9929.504643
449.70596,81,9929.867484
307.80295,65,9930.26074
222.00755,46,9930.594793
493.04355,107,9931.374181
318.5966,67,9931.897134
329.22943,75,9932.379417
280.2398,57,9932.844643
421.65,86,9933.498976
391.35742,72,9934.0683
361.04108,69,9934.651102
440.9815,82,9935.347826
389.11267,74,9935.970062
397.14288,73,9936.550994
328.8298,60,9937.036096
355.4372,65,9937.521937
354.69095,72,9938.036419
271.72635,57,9938.525443
451.82388,89,9939.282844
284.02167,54,9939.677707
372.0103,69,9940.183001
378.7191,71,9940.569731
456.93262,85,9941.018812
446.3365,88,9941.598678
425.53763,80,9942.283871
263.51965,58,9942.671655
449.84338,84,9943.473408
707.3348,134,9944.69294
615.69055,116,9945.715142
422.93878,85,9946.344477
511.76892,106,9947.169854
480.67108,97,9947.944329
282.0693,54,9948.351089
316.45596,64,9948.985557
352.0873,80,9949.565698
257.87457,52,9949.906973
284.4892,55,9950.314816
454.9722,89,9951.20985
380.04428,76,9951.873669
345.0425,64,9952.429621
371.1968,74,9952.998297
303.54578,56,9953.568207
489.9066,98,9954.042794
448.76157,92,9954.499555
466.60587,88,9955.185906
417.94144,78,9957.483952
396.55124,77,9957.843079
386.8986,76,9958.5015
713.3126,139,9959.385192
362.66714,79,9960.03456
421.67703,79,9960.412944
455.19168,87,9960.959928
358.2691,76,9961.520213
488.71,94,9962.17005
278.60294,57,9962.628354
404.8813,75,9963.130813
339.6021,66,9963.657893
415.64444,78,9964.279576
235.79424,46,9964.612344
442.9878,90,9965.349911
397.05417,76,9965.767502
434.80316,83,9966.287227
282.85446,56,9966.680683
469.67682,95,9967.371647
296.85483,58,9967.83563
359.64023,76,9968.645202
349.40106,72,9969.367798
340.1153,63,9969.73599
446.2604,100,9970.280992
363.6803,67,9970.74687
347.45282,66,9971.254946
358.74713,79,9971.876769
435.29446,85,9972.553704
332.01346,62,9972.94572
342.11142,63,9973.352186
361.38162,74,9973.891212
226.37148,50,9974.214775
329.2566,63,9974.78028
369.80518,75,9975.291558
270.54834,54,9975.714912
242.80757,50,9976.075562
375.7107,75,9976.756308
325.82785,61,9977.313892
413.48782,84,9978.154797
411.8668,76,9978.841
213.87225,45,9979.166276
512.8073,97,9979.896298
425.38217,94,9980.715467
536.4211,101,9981.460658
326.0239,62,9982.0578
374.7294,67,9982.694748
410.12518,77,9983.317566
354.10327,64,9983.865913
451.38544,82,9984.635326
355.55704,67,9985.03452
297.8883,63,9985.267357
461.38663,87,9985.678887
507.6807,97,9986.296059
333.23956,65,9986.842706
426.97812,82,9987.685692
395.6009,77,9988.592819
524.5982,98,9989.412415
308.81387,58,9989.722549
461.78174,88,9990.14573
299.79434,68,9990.367999
270.87558,61,9990.803675
357.0651,68,9991.463933
222.8469,47,9991.863558
422.68225,80,9992.576963
268.2159,50,9993.009859
325.11743,68,9993.608557
311.4003,62,9994.249765
286.04388,62,9994.753648
419.70633,85,9995.49857
313.80627,61,9995.872118
485.7025,111,9996.718569
393.57254,83,9997.410009
315.55066,58,9997.940986
319.63138,64,9998.383549
510.06033,97,9998.998534
448.0247,97,9999.51193
303.46722,56,9999.954231
396.44055,77,10000.523991
306.3406,56,10000.924895
393.52612,82,10001.5752
387.91455,74,10002.192236
384.3104,83,10003.037544
337.9058,75,10003.819673
362.95758,72,10004.306004
470.1424,90,10004.982896
344.90686,65,10005.425036
471.53073,95,10006.174326
283.0096,53,10006.508296
356.88083,70,10007.154424
351.29343,67,10007.588049
426.5944,85,10008.085461
286.7252,55,10008.428063
321.93707,65,10008.919283
252.27667,54,10009.301572
438.1988,87,10010.003153
630.1854,126,10010.812547
481.2018,99,10011.673096
347.66904,71,10012.207062
340.41953,64,10012.615378
410.44034,77,10013.3392
522.3227,110,10014.02669
461.5128,88,10014.69951
401.00555,74,10015.27912
286.4739,54,10015.677911
707.57355,150,10016.952733
234.44653,50,10017.394002
311.67804,63,10017.93761
339.91306,65,10018.379352
306.76447,67,10018.741771
469.85324,93,10021.227549
373.35004,69,10021.789867
326.51947,63,10022.299068
360.06927,75,10022.735292
189.77362,40,10023.02879
557.0478,116,10024.031066
507.64075,98,10025.018781
449.8881,80,10025.627053
354.337,71,10026.20125
237.92577,45,10026.811635
346.1399,70,10027.192937
272.35373,60,10027.561864
398.12537,74,10028.050725
456.69693,85,10028.481998
267.01614,57,10029.014163
483.18353,91,10029.998235
468.1577,102,10030.530556
459.32608,91,10031.182154
403.707,80,10031.668174
418.05634,78,10032.205368
333.32364,71,10032.603079
411.2868,86,10033.338767
216.57266,45,10033.647246
396.44446,76,10034.270182
407.39673,77,10034.94855
386.66367,73,10035.525903
447.23657,84,10036.227449
431.00912,80,10036.824421
502.8982,99,10037.603532
298.65414,57,10038.048007
512.76984,114,10038.700573
316.75677,64,10039.042945
353.8249,70,10039.45445
461.06766,84,10040.096899
277.41153,57,10040.445953
383.19846,72,10041.004875
228.16144,45,10041.440912
376.41248,73,10042.090248
309.6581,66,10042.723507
375.7595,74,10043.443347
440.1834,93,10044.244407
389.5995,72,10044.596715
281.02194,56,10045.086738
355.88425,69,10045.627761
319.40955,71,10046.18513
688.96344,137,10047.225635
301.18796,64,10047.523497
274.98557,57,10047.927987
381.45575,77,10048.491061
252.29749,47,10050.820429
377.11377,73,10051.181936
305.54437,57,10051.469671
466.3999,86,10052.057975
350.73312,65,10052.524537
522.07764,113,10053.467689
295.92163,60,10054.014236
324.9425,64,10054.527498
283.89963,53,10055.039979
343.21832,64,10055.746759
298.70798,65,10056.311551
324.2304,72,10056.884624
203.83821,38,10057.196358
372.9219,80,10057.81247
409.022,83,10058.341832
412.15427,83,10059.065301
400.8317,85,10059.777275
289.08453,55,10060.137893
352.16162,71,10060.667781
388.1418,73,10060.973869
243.99355,53,10061.165704
479.70502,97,10061.709568
377.1247,69,10062.158523
291.02905,53,10062.586384
396.11667,77,10063.085929
313.68518,60,10063.413539
326.6885,73,10063.794609
442.7926,97,10064.524464
411.08832,77,10065.086308
519.34503,95,10065.895312
272.72195,53,10066.241184
443.65488,83,10066.960045
321.1986,71,10067.57212
218.23558,46,10068.023743
531.1264,98,10068.805692
386.80798,75,10069.378008
328.43866,72,10069.951776
525.96075,107,10070.635374
296.72247,55,10070.960942
303.30457,61,10071.429044
374.6638,73,10071.864436
374.46548,73,10072.296938
454.7661,90,10073.115762
544.19574,111,10074.020977
511.5084,99,10074.724566
342.92294,65,10075.124922
306.8945,57,10075.51264
565.9375,107,10076.193335
389.06522,74,10076.978045
314.83298,58,10077.666772
413.9508,77,10078.384573
426.90295,79,10079.011432
239.6815,50,10079.55932
421.36163,81,10080.208037
310.31482,59,10080.633756
430.67743,91,10081.394746
404.21063,73,10081.867258
541.01337,102,10082.888161
285.5344,53,10083.456068
420.83453,77,10084.051847
310.83078,65,10084.713488
409.5342,79,10086.980364
400.07745,75,10087.549301
253.7743,51,10087.826577
356.5714,68,10088.355547
300.7281,57,10088.823667
312.22574,59,10089.188721
320.76157,62,10089.751239
483.50974,92,10090.421099
321.5632,58,10090.880841
372.01572,71,10091.374367
337.0697,64,10091.659311
252.17508,48,10091.852666
411.8913,90,10092.439495
359.49808,68,10092.807215
353.44138,68,10093.312625
266.50397,58,10093.790138
297.03275,63,10094.358404
261.21252,50,10094.67661
393.7137,81,10095.297801
261.0616,52,10095.562631
344.50122,77,10096.109643
400.25912,75,10096.693791
377.62177,77,10097.139722
235.3269,50,10097.392756
335.4619,71,10098.02095
448.27063,86,10098.660398
416.48727,82,10099.617387
477.17908,94,10100.441758
315.81003,67,10100.784051
333.29587,62,10101.094135
454.07635,88,10101.58662
372.58136,69,10102.099398
371.41748,72,10102.500062
301.343,65,10103.137987
367.494,73,10103.797695
366.357,73,10104.41675
251.91902,56,10104.948932
455.69763,85,10105.626225
403.1156,75,10106.153479
363.05432,69,10106.823438
325.25204,60,10107.258319
383.07104,73,10107.744781
542.6015,105,10108.437361
446.96924,86,10109.214006
293.10373,56,10109.614006
471.55814,102,10110.272365
488.3045,103,10111.068584
393.98575,73,10111.65334
257.50497,54,10112.255389
329.0863,74,10112.775491
394.52252,76,10113.40595
298.70135,66,10113.941168
485.7573,88,10114.525248
394.51987,82,10114.962028
574.0132,118,10116.203037
374.55646,76,10116.867333
428.6984,80,10117.474682
331.03363,61,10118.009017
581.7737,111,10118.656146
472.28848,91,10119.407798
281.45767,52,10119.797533
279.03506,55,10120.011867
294.83737,64,10120.426829
317.9645,68,10120.680945
350.63666,66,10121.187129
273.49985,58,10121.582928
288.89468,56,10121.801275
378.74396,86,10122.419327
360.46863,73,10122.72992
349.5822,64,10123.085393
321.3436,72,10123.596052
422.9148,83,10124.385613
619.4731,123,10125.335653
436.23178,82,10125.827522
351.65625,67,10126.474423
576.7218,112,10127.359469
357.984,71,10128.106112
286.62677,53,10128.53658
294.42825,65,10129.290344
350.18094,65,10129.865162
541.4569,114,10130.793388
520.6863,96,10131.378525
383.92148,74,10131.950106
311.48804,66,10132.488705
332.9684,61,10132.905476
293.18344,67,10133.268431
278.47864,58,10133.607153
288.912,53,10134.037513
322.8237,60,10134.583408
451.5318,87,10135.306187
342.12454,64,10135.857917
270.5273,50,10136.252631
334.8578,62,10136.799431
300.8621,66,10137.420732
334.62512,61,10137.720258
339.13507,73,10138.319019
349.77216,70,10138.861073
467.4015,95,10139.997496
288.45074,60,10140.61772
305.09198,55,10140.99661
469.74774,89,10141.608199
334.79755,62,10142.085464
423.41708,81,10142.639152
434.54535,86,10142.982504
450.5669,87,10143.390192
360.602,67,10143.796796
313.82294,68,10144.540841
511.84412,105,10145.283178
300.57,63,10145.712584
384.6153,76,10146.230897
307.00818,57,10146.519051
223.45166,49,10146.896902
337.86758,62,10147.490138
404.7605,88,10149.967434
397.5523,78,10150.457615
340.9556,76,10150.943404
513.7444,107,10151.412102
394.87823,78,10151.895128
467.92978,87,10152.473325
463.19473,93,10153.24585
430.78152,88,10153.892663
395.93912,74,10154.370942
346.21735,77,10154.956736
327.2786,63,10155.327212
591.55,111,10156.00676
505.42532,95,10156.644214
292.62433,58,10157.114513
321.2147,61,10157.512811
696.93317,132,10158.239013
281.35706,57,10158.806988
279.60684,52,10159.380394
409.065,77,10159.906014
352.02112,66,10160.298614
289.93585,60,10160.725759
335.5021,63,10161.214222
417.13535,77,10161.781445
334.30902,61,10162.253298
381.51468,73,10162.740303
303.27966,62,10162.966561
398.34622,75,10163.334086
323.0703,67,10163.818622
395.57202,85,10164.190084
346.6695,75,10164.540919
319.6706,70,10165.054778
377.10358,73,10165.475528
271.16312,53,10165.946084
365.94125,67,10166.494562
310.18683,64,10166.962683
370.5067,73,10167.306434
312.04623,64,10167.935313
405.57776,77,10168.684917
384.08176,75,10169.370701
281.71246,62,10169.897225
294.00476,55,10170.311556
266.21024,56,10170.732969
310.5341,58,10171.172433
329.14783,62,10171.534303
372.5112,75,10171.913413
248.3532,47,10172.161361
499.52466,93,10172.72586
354.444,68,10173.232144
474.49222,95,10173.994643
340.07947,70,10174.753299
266.29764,50,10175.279957
371.86047,78,10175.687356
626.71674,126,10176.538974
254.25255,51,10177.005945
375.73822,83,10177.745265
378.11725,72,10178.208625
250.51518,54,10178.657126
420.11063,79,10179.494404
336.0943,63,10179.777033
419.50302,78,10180.176901
289.15662,59,10180.610168
468.48853,92,10181.419069
396.61972,87,10181.903182
525.7711,107,10182.598245
367.28128,83,10183.510215
311.89297,61,10183.807427
362.99814,68,10184.307693
480.6937,98,10185.024526
373.97272,71,10185.786498
309.05978,60,10186.309399
341.25046,63,10186.755933
252.58801,55,10187.28073
449.2912,87,10188.157942
483.8578,98,10188.91413
360.49506,72,10189.577936
404.6545,82,10190.227727
319.30524,60,10190.690875
406.72247,83,10191.132286
377.25748,70,10191.676183
349.41476,65,10192.25916
490.89462,98,10192.828344
354.23972,71,10193.286628
370.8007,75,10193.692635
336.59842,71,10194.195784
283.51392,62,10194.726436
395.0551,73,10195.311635
406.6286,86,10195.759411
303.29108,61,10196.18681
314.30206,62,10196.510352
432.77786,84,10197.119676
309.33298,68,10197.730021
396.38232,73,10198.139652
284.22687,64,10198.650615
392.20078,75,10199.158863
346.5243,63,10199.572997
226.8166,48,10199.768156
343.48984,74,10200.227214
285.24667,58,10200.595188
345.57233,83,10200.942475
394.13705,71,10201.3724
437.0259,82,10201.924503
232.29553,50,10202.098121
564.9328,114,10202.836249
243.29424,53,10203.327344
229.87848,51,10203.614387
305.40936,64,10204.071809
571.66833,104,10205.089633
327.47162,72,10205.664556
420.6469,82,10206.289072
391.06314,74,10206.903258
251.24463,47,10207.220219
360.67126,70,10207.799376
299.60873,57,10209.976066
384.15115,71,10210.492823
240.30586,47,10210.769598
436.04086,94,10211.473088
433.25415,84,10212.117612
376.37625,68,10212.548403
417.43677,79,10213.0446
393.7819,72,10213.452089
373.02032,68,10213.953846
435.33078,92,10214.33492
277.63205,60,10214.705176
366.55804,73,10215.133187
323.6972,60,10215.556844
261.78696,49,10215.829705
260.36142,49,10216.205091
354.61725,74,10216.75403
364.8644,72,10217.364713
327.87302,71,10217.818734
301.02487,60,10218.160492
427.95413,81,10218.597898
348.03708,64,10219.181984
256.10828,53,10219.724483
515.10223,98,10220.753639
452.52908,84,10221.483377
321.67584,67,10221.885436
543.7925,105,10222.423527
356.68756,78,10223.031356
367.68686,69,10223.487317
323.76636,66,10223.841679
405.3567,88,10224.442614
399.6797,76,10225.025245
454.14893,89,10225.70143
476.40024,92,10226.5906
311.969,62,10227.445713
258.58765,53,10227.896632
343.59952,64,10228.37014
458.7803,85,10229.021604
356.76764,78,10229.778476
292.89062,56,10230.296564
321.64325,62,10230.695827
353.64395,65,10231.17641
284.66214,53,10231.611297
405.08896,77,10232.23093
326.49344,66,10232.660017
174.57538,32,10232.883358
580.195,124,10233.76332
646.57697,130,10234.915949
349.96103,69,10235.268633
293.7797,58,10235.559408
430.0204,80,10236.030181
287.74994,55,10236.283073
364.48987,79,10236.674913
447.09204,97,10237.003458
400.95615,74,10237.427644
384.20053,75,10237.741261
436.95724,85,10238.270545
335.97562,73,10238.852165
262.32684,53,10239.245071
424.32275,82,10239.926985
206.38257,43,10240.273621
345.28552,63,10240.832922
485.63766,107,10241.738163
347.0603,77,10242.332114
426.8814,84,10242.755636
344.48038,66,10243.168784
363.58694,69,10243.629594
266.26334,51,10243.847429
476.07227,89,10244.441119
269.75208,53,10244.854268
356.11102,70,10245.306603
288.7953,63,10245.662426
421.9621,79,10246.204564
403.23117,76,10246.66805
275.70645,55,10246.898965
507.75015,98,10247.369281
566.3334,107,10248.005704
434.1269,82,10248.460646
372.35693,72,10248.794019
327.68143,63,10249.034492
249.91327,53,10249.488294
503.34595,96,10250.128575
502.20895,99,10250.670713
536.95135,110,10251.0414
413.8343,77,10251.394888
369.97833,70,10251.71932
332.56836,61,10252.07933
352.4118,65,10252.366076
527.2985,99,10252.861333
364.42184,70,10253.098292
463.20975,89,10253.609033
456.25934,84,10254.147897
235.5583,49,10254.447117
351.75656,75,10254.871288
272.15387,61,10255.181069
441.7207,91,10255.813463
347.63663,64,10256.243496
339.6098,72,10256.653407
331.77234,65,10257.040054
301.35446,58,10257.280605
277.95184,54,10257.730262
390.62067,72,10258.249228
313.9093,60,10258.792778
341.7461,66,10259.152767
470.843,94,10259.847114
358.81375,67,10260.242058
409.06747,84,10260.582153
370.472,70,10261.071608
253.67303,48,10261.465453
207.18642,43,10261.633254
600.79675,114,10262.619519
361.5552,69,10263.136931
448.13565,85,10263.959045
291.53165,61,10266.183827
291.73654,63,10266.61254
524.5615,96,10267.433734
448.94937,83,10268.133644
464.74893,100,10269.055483
419.33246,78,10269.65944
258.45544,55,10270.186933
550.4156,110,10271.157004
346.4056,70,10271.630174
385.0103,81,10272.200995
417.08612,78,10272.817835
323.24768,62,10273.357916
347.14526,69,10273.80313
177.86948,36,10274.086257
324.6265,69,10274.690652
471.11685,105,10275.600991
438.33615,94,10276.16677
285.92996,52,10276.540014
318.56976,60,10276.930013
327.394,66,10277.309445
262.8847,56,10277.61447
322.68628,59,10278.017166
457.65723,91,10278.64654
290.88504,60,10279.238767
358.27585,66,10279.75609
233.81711,49,10280.024281
281.1469,53,10280.369994
417.8156,89,10280.914228
387.53223,72,10281.52155
304.77185,60,10281.983811
362.2516,74,10282.573608
281.93015,59,10283.031156
483.65735,96,10283.88538
245.54767,53,10284.239567
313.69354,61,10284.76554
380.4199,77,10285.47436
593.7665,112,10286.47404
402.62894,79,10287.119548
275.0736,56,10287.485948
370.60608,76,10288.113188
282.3412,58,10288.499693
393.72635,84,10289.111639
349.22168,78,10289.587614
253.39339,48,10289.922866
250.9148,52,10290.25841
416.83548,86,10291.073193
426.3287,84,10291.825678
292.00308,67,10292.313399
465.63965,99,10293.063138
349.4547,68,10293.519065
279.58636,52,10293.917551
500.47726,106,10294.612554
349.1459,66,10295.131782
302.8685,58,10295.530498
340.48825,75,10295.982687
343.1709,64,10296.266394
318.71008,62,10296.630845
329.97882,63,10296.955232
406.15497,75,10297.511904
311.9742,68,10298.030202
373.7195,75,10298.53513
696.51013,139,10299.499238
344.59717,65,10300.057476
531.6487,107,10300.790083
339.44376,67,10301.28452
334.21832,70,10301.863054
469.52963,91,10303.030863
409.29526,85,10303.580789
543.83875,105,10304.375343
245.71338,46,10304.807013
370.17798,71,10305.517986
367.22653,72,10306.171572
467.43237,89,10306.804957
349.50302,68,10307.214827
449.0961,88,10307.902006
441.3129,83,10308.473686
374.13083,78,10309.037276
306.0406,68,10309.429027
274.70264,59,10309.932337
467.5874,99,10310.566239
287.30466,59,10310.935462
290.52533,60,10311.214993
284.97427,65,10311.613497
332.42682,62,10312.096174
318.5147,58,10312.405754
388.61972,71,10312.725995
293.51328,55,10313.119663
659.8424,124,10313.81632
254.24474,56,10314.238396
305.65195,57,10314.476727
301.80545,56,10314.884521
293.1642,56,10315.358079
380.65308,84,10315.982748
296.32077,54,10316.496072
437.8299,85,10317.184421
301.2621,61,10317.733029
362.34457,72,10318.171694
375.16104,67,10318.699274
313.12732,58,10319.193547
429.15887,77,10319.632386
326.46063,71,10319.962354
281.33905,55,10320.13899
359.47052,68,10320.538476
403.5409,75,10321.225684
305.08234,56,10321.651219
264.96494,50,10322.087342
342.97803,65,10322.540512
414.03537,79,10323.330726
429.39954,85,10324.02835
413.9281,94,10324.552789
236.05574,49,10324.919468
248.50473,52,10325.252808
383.51968,70,10325.780202
434.47754,81,10326.328828
365.90903,69,10328.688946
378.50385,73,10329.650902
432.3333,85,10330.737181
409.35785,88,10331.403752
225.80511,45,10331.889497
375.39124,72,10332.534376
331.84918,64,10332.994341
466.61694,86,10333.611368
302.31448,63,10334.147576
412.02817,93,10334.638412
354.99866,66,10334.894355
356.8921,69,10335.285314
432.12888,98,10335.699809
377.24445,76,10336.138497
316.32538,66,10336.543963
317.07166,58,10336.832383
535.6116,101,10337.437674
357.86884,71,10337.813519
351.30548,66,10338.064692
325.24338,68,10338.463351
420.75757,79,10338.912966
409.19028,79,10339.455077
319.84583,67,10339.850516
415.96545,82,10340.41993
366.84265,69,10340.914349
512.4409,100,10341.929138
588.9835,118,10342.923396
474.97458,103,10343.634388
359.4434,69,10344.175811
445.983,84,10344.745413
263.22058,56,10345.113969
318.4391,60,10345.424693
334.30484,80,10345.816938
489.32544,92,10346.567178
356.75946,80,10347.242427
363.48056,69,10347.798123
478.79822,105,10348.447403
337.66888,66,10348.88568
339.8899,73,10349.352197
308.9236,57,10349.813731
344.75638,62,10350.240013
355.76874,66,10350.661184
579.22174,108,10351.438454
359.47778,66,10351.869928
271.7598,51,10352.235059
367.6397,76,10352.698479
396.99048,77,10353.216497
283.3775,58,10353.502481
557.027,122,10354.143054
499.60693,108,10354.80588
305.1562,61,10355.100672
275.32056,60,10355.446486
302.2482,58,10355.897828
515.6363,105,10356.645926
315.09253,62,10356.997675
351.21997,71,10357.418932
220.44867,44,10357.566628
421.43344,77,10358.002063
310.93674,59,10358.382545
359.24338,73,10358.764549
469.7177,90,10359.275019
244.68333,52,10359.817615
407.75845,76,10360.398404
346.60397,66,10360.950014
415.47208,76,10361.386223
334.64868,70,10361.847363
388.29886,79,10362.185173
292.54025,65,10362.704336
274.43613,55,10363.092855
540.0156,103,10363.982777
440.77725,80,10364.757707
390.88846,89,10365.428187
317.268,70,10365.918719
319.5083,62,10366.445121
578.6843,112,10367.376924
414.61932,84,10368.218979
410.72998,89,10369.068345
396.3408,82,10369.58374
347.11874,67,10370.085031
631.4185,134,10371.080421
273.63406,60,10371.394726
408.07455,77,10372.053018
267.69672,51,10372.368458
422.74854,87,10372.8125
594.0141,132,10373.773633
292.33752,55,10373.995194
399.00064,76,10374.328
272.12735,51,10374.66713
345.26764,65,10374.918665
353.46118,73,10375.262324
338.17783,74,10375.964242
278.58252,53,10376.479008
351.36462,66,10376.940125
389.46338,69,10377.538539
342.9699,67,10377.963984
486.1028,110,10378.608476
351.63623,67,10378.908402
439.1857,80,10379.441477
425.31613,79,10379.864105
422.395,91,10380.348642
421.1673,82,10380.897627
268.89398,49,10381.256109
311.41046,58,10381.666011
382.8689,82,10382.358892
407.499,76,10382.843556
496.09656,92,10383.564033
284.18008,58,10383.953047
336.82928,67,10384.361405
401.01013,81,10386.505612
287.94992,54,10386.816095
442.17404,92,10387.225378
377.58456,73,10387.674283
351.15637,72,10388.024511
477.431,89,10388.493433
313.45087,60,10388.945509
364.92316,70,10389.545679
377.46417,83,10390.122972
328.45288,69,10390.602426
315.412,59,10390.907718
463.5831,93,10391.565156
323.5362,69,10392.11864
286.0032,68,10392.575698
308.8477,60,10392.968328
374.54855,68,10393.323613
403.72806,77,10393.752768
351.70508,68,10394.28997
389.70343,79,10394.982237
474.46237,91,10395.853519
395.05692,78,10396.393245
336.2632,62,10396.907431
510.12503,95,10397.559478
290.30402,64,10398.071905
449.44028,94,10398.893156
349.46246,64,10399.507438
323.11063,64,10400.100509
330.7468,60,10400.585991
343.54984,71,10400.906371
355.85733,67,10401.322297
478.96466,103,10402.153837
399.44647,84,10402.713055
374.1861,70,10403.180156
363.3913,73,10403.653769
484.39005,92,10404.360518
334.53098,63,10404.805167
219.14867,45,10405.170617
377.81918,83,10405.849953
353.21774,71,10406.467027
485.52988,90,10407.251283
368.82156,78,10407.927153
232.25267,49,10408.262069
244.66344,50,10408.675412
519.9445,103,10409.548539
275.9432,55,10410.121289
373.6078,73,10410.872641
526.5664,100,10411.584231
258.56094,51,10411.98181
299.16434,57,10412.466081
172.74574,38,10412.740448
334.53934,64,10413.144572
367.49002,67,10413.429672
309.022,61,10413.864069
234.94247,45,10414.094454
348.67242,76,10414.737948
351.8931,68,10415.362331
354.85022,72,10416.058437
231.34041,48,10416.461448
485.57135,90,10417.15722
300.3491,56,10417.60938
300.24933,65,10418.069099
314.2797,62,10418.615643
639.3673,128,10419.426407
402.69745,79,10419.972383
222.54994,44,10420.265816
468.1999,87,10421.032921
432.36423,91,10421.54485
502.06366,100,10422.169997
459.02478,85,10422.823545
410.87625,77,10423.511705
515.4281,104,10424.285467
364.93494,68,10424.996052
293.3144,56,10425.474724
374.27408,71,10426.114024
491.97986,100,10426.862152
422.39444,82,10427.426947
502.46057,102,10428.300285
329.9921,61,10428.751875
520.27985,99,10429.469362
351.98273,66,10429.924393
395.27747,74,10430.281531
413.74747,81,10430.596438
354.46326,65,10430.874025
363.23767,69,10431.411831
369.59186,78,10431.796486
316.87183,65,10432.072258
414.55573,77,10432.419967
385.29147,78,10432.951815
434.61453,83,10433.449985
475.0313,100,10434.141581
357.75134,78,10434.775706
344.96954,73,10435.323928
401.10516,86,10435.984289
344.37167,74,10436.539472
326.6509,63,10436.962546
286.37848,59,10437.346475
323.62253,62,10437.795673
330.03564,62,10438.289365
375.96167,69,10438.68611
329.57214,69,10439.104569
469.74524,83,10439.626987
318.64334,71,10440.191006
387.01086,72,10440.892822
387.8456,72,10441.465336
487.9395,99,10442.399268
491.81705,94,10443.174953
298.54776,69,10443.852094
417.57123,91,10444.347939
290.16968,55,10444.569458
420.59546,92,10445.303249
359.62494,77,10447.615031
521.64246,101,10448.32983
416.6332,79,10448.861513
434.02087,88,10449.306521
374.50266,76,10449.785505
292.7054,60,10450.292611
451.73953,89,10450.952014
325.9093,70,10451.355225
307.96317,58,10451.642452
414.9955,93,10452.122864
350.33658,70,10452.687052
447.01385,82,10453.315277
460.99014,85,10453.996358
305.79117,58,10454.413392
409.80884,78,10454.816096
320.093,61,10455.249728
366.82462,68,10455.683042
375.05078,81,10456.074106
375.567,71,10456.526475
306.49036,56,10456.857622
414.1885,83,10457.583502
620.73047,126,10458.187463
444.40063,95,10458.665321
414.19382,76,10459.176695
294.16364,65,10459.548605
305.85492,66,10459.782802
471.0969,88,10460.130878
397.36487,83,10460.637137
483.49222,103,10461.158841
364.84598,71,10461.510642
411.69452,78,10462.016123
332.6738,64,10462.40657
503.81702,91,10463.027869
395.6375,73,10463.51854
440.78964,85,10464.193907
694.9613,137,10465.173645
258.5375,56,10465.533463
278.2646,58,10466.017416
342.23758,63,10466.431196
332.88937,73,10466.838783
179.65617,37,10467.07828
254.12747,54,10467.670446
341.6526,69,10468.292633
352.35315,69,10468.929221
324.56625,62,10469.423058
429.91022,87,10469.920832
244.54308,48,10470.387218
368.7377,68,10470.916548
473.76056,97,10471.718175
298.77835,61,10472.251649
445.64514,93,10473.06733
274.28702,58,10473.466975
463.55496,91,10474.199862
376.47003,69,10474.490008
445.0093,83,10474.937488
264.84534,61,10475.292615
365.7596,70,10475.823797
289.12488,55,10476.239696
355.70016,64,10476.623414
383.64285,74,10477.253307
354.63376,72,10477.814523
377.34293,79,10478.410403
430.12598,81,10478.909159
361.3041,65,10479.326282
357.5843,70,10479.777963
427.04944,79,10480.172411
368.95023,70,10480.717829
473.27475,89,10481.489329
300.50293,65,10481.916162
407.10843,79,10482.613861
378.21576,74,10483.302437
291.34012,63,10483.851748
300.70242,57,10484.330999
547.90753,106,10485.163685
282.97412,57,10485.509922
411.54138,90,10486.179338
381.6082,79,10486.701355
528.28375,98,10487.5825
328.83438,62,10488.102533
457.36124,86,10488.60766
426.3799,82,10489.285794
367.6282,68,10489.699998
660.5874,120,10490.604892
350.65036,76,10491.11984
272.82532,58,10491.46466
350.94156,72,10491.892494
324.7371,71,10492.351888
335.34167,63,10492.954741
473.32294,91,10493.808934
380.8443,71,10494.503996
402.64117,79,10495.158457
547.8106,113,10496.263553
702.97235,141,10497.648854
416.48065,84,10498.483119
195.5537,42,10498.869926
268.1459,53,10499.204514
271.70154,60,10499.570043
368.12823,71,10500.140276
321.1905,61,10500.48503
343.9259,74,10501.045575
544.6973,117,10501.745807
349.69843,65,10502.19383
386.9508,76,10502.59349
400.61987,76,10503.234291
322.768,62,10503.628192
406.00522,74,10504.057801
362.92575,67,10504.634455
554.57275,110,10505.266475
307.87067,57,10507.525852
440.81503,96,10508.397333
413.1866,84,10509.044864
481.95502,95,10509.892313
735.04535,140,10511.048859
594.81866,125,10512.146147
366.45853,72,10512.667294
542.68854,100,10513.464485
277.61188,52,10513.902359
336.9761,68,10514.485516
322.70877,72,10515.096415
412.20755,82,10515.62321
217.02832,48,10515.927711
331.88672,65,10516.515917
313.0553,67,10516.812115
360.8259,70,10517.12292
403.7078,75,10517.580683
417.6305,90,10517.9922
307.12637,65,10518.493132
468.1978,88,10518.974504
324.17166,61,10519.44559
307.29837,61,10520.072018
260.92676,50,10520.33795
277.44193,60,10520.709414
381.50723,72,10521.278157
280.7335,53,10521.596569
322.96082,71,10522.056647
386.94012,73,10522.589647
458.64432,96,10523.423274
414.08664,77,10523.922226
268.10608,52,10524.428357
705.7915,145,10525.639071
429.1719,88,10526.43369
294.26538,54,10526.86662
275.79373,55,10527.372987
436.48804,81,10528.073294
394.89902,71,10528.609366
351.3891,65,10529.056031
363.59332,69,10529.497647
656.1834,129,10530.470428
353.26727,66,10530.875988
305.4348,56,10531.354837
549.5631,118,10532.102005
445.14618,86,10532.482923
438.1181,93,10533.320035
436.0711,80,10533.854426
402.60605,74,10534.341178
413.7308,77,10534.873168
511.63007,103,10535.442568
430.49557,81,10535.97098
327.76917,73,10536.51664
396.06952,76,10536.988817
739.4331,147,10537.845822
287.4135,56,10538.194158
329.5378,61,10538.572844
381.69305,71,10539.182409
320.45923,61,10539.756449
499.19254,93,10540.42793
370.0945,77,10540.73456
379.66287,72,10541.315863
307.9027,59,10541.672786
480.057,93,10542.295779
296.51132,63,10542.837688
434.75522,82,10543.332954
362.54144,68,10543.855518
313.50137,64,10544.404649
277.88763,52,10544.886771
315.9959,64,10545.477019
286.52084,52,10545.8445
370.88693,68,10546.320964
482.8958,93,10547.133073
373.16406,80,10547.555632
397.13666,74,10547.955799
480.19354,86,10548.488979
399.41727,75,10548.960264
470.09015,89,10549.697075
366.63394,72,10550.165627
351.52408,67,10550.622979
330.75525,61,10551.05134
535.2478,105,10551.760352
413.84598,92,10552.143719
390.62094,75,10552.409363
323.33286,65,10552.649776
501.76074,97,10553.322832
510.7765,112,10553.889253
382.7596,74,10554.392773
417.26962,78,10554.98564
593.23114,113,10555.67901
355.85397,67,10556.082955
342.55267,77,10556.551215
423.50647,79,10556.871311
440.1655,83,10557.37864
349.45142,67,10557.771352
501.6239,92,10558.326602
609.7479,115,10559.119915
311.52905,59,10559.4508
254.23256,50,10559.759135
378.67636,70,10560.02466
575.8635,126,10560.904944
309.82672,63,10561.367719
554.5855,109,10561.946561
372.9004,68,10562.407825
374.08713,68,10562.881711
336.97845,73,10563.462373
523.34735,98,10565.81181
280.9539,59,10566.241911
333.08322,65,10566.81233
322.3552,60,10567.181196
417.96255,78,10567.550312
416.8793,81,10567.868793
295.82626,58,10568.169879
557.6749,103,10568.561357
362.16388,70,10568.851732
217.19724,44,10568.96297
320.17264,73,10569.226153
359.3889,69,10569.464905
316.758,61,10569.908316
304.44348,64,10570.40096
405.80017,90,10571.152432
309.11404,67,10571.671164
389.19458,79,10572.25159
373.3794,69,10572.655733
360.19742,78,10573.17231
497.41705,93,10573.703554
328.28113,67,10574.142194
377.2519,75,10574.619018
422.75928,91,10575.109396
293.95227,61,10575.343068
348.38687,67,10575.699984
339.10403,68,10576.032764
343.08798,63,10576.293985
268.79712,58,10576.592379
489.61963,93,10577.234684
397.31903,77,10577.7218
313.0165,58,10578.13799
337.20966,63,10578.723328
360.29492,67,10579.225572
350.56927,65,10579.656811
375.75485,71,10580.20466
338.22845,67,10580.747665
354.98102,69,10581.445908
270.35477,64,10582.200892
546.822,105,10583.249749
341.23236,75,10583.800598
277.15967,53,10584.217093
374.3581,77,10584.690538
435.38107,81,10585.369445
412.9012,89,10586.125594
354.9344,70,10586.778584
473.5998,89,10587.568607
421.6975,80,10588.0219
295.26416,63,10588.35974
294.1994,62,10588.737597
342.90668,67,10589.170094
282.166,64,10589.620969
369.29526,70,10590.521738
372.97537,72,10591.249616
411.3762,88,10592.079109
407.0757,75,10592.438445
444.5612,96,10593.206518
454.355,101,10593.88865
660.4183,130,10594.778912
378.6351,72,10595.266071
223.20757,47,10595.59153
508.84717,98,10596.888994
378.50916,70,10597.274845
510.14264,100,10597.8755
376.8011,74,10598.397863
562.7468,107,10599.285884
909.0826,178,10600.767428
432.57355,78,10601.196298
364.67072,72,10601.672594
617.1926,125,10602.52761
355.7971,71,10602.902207
472.3807,88,10603.668989
392.0734,80,10604.345015
472.9612,99,10605.27872
346.34354,65,10605.879351
343.74164,65,10606.45595
335.62274,63,10606.883143
395.76126,72,10607.35456
353.7312,70,10607.747422
380.80734,75,10608.332535
748.831,148,10609.612768
285.03403,63,10610.094094
385.7309,72,10610.503281
531.1823,99,10611.500313
372.7213,76,10612.27727
348.80203,65,10612.566177
351.29678,74,10612.859625
483.9652,91,10613.430815
295.19977,56,10613.868047
560.1339,108,10614.66164
328.42435,70,10615.113604
463.58435,87,10615.651224
379.07034,75,10616.046755
428.6637,80,10616.607237
293.64767,64,10617.119664
384.37625,75,10617.554132
332.32062,74,10618.054544
313.94928,58,10618.51737
278.0543,55,10618.802344
503.36026,94,10619.443362
319.16266,73,10619.921647
437.21194,82,10620.412281
585.7565,114,10621.216252
369.29892,74,10621.781014
244.17805,52,10622.112786
297.16956,62,10622.481837
316.19656,59,10622.790561
366.41153,79,10625.681314
657.2306,128,10626.977252
462.80756,84,10627.644691
365.14658,74,10628.081092
376.71725,70,10628.518015
396.0135,77,10629.039902
336.10464,64,10629.512505
662.5114,124,10630.229449
415.59152,86,10630.969073
764.9102,150,10632.248316
514.1545,114,10633.266715
265.84268,57,10633.64772
439.2508,92,10634.137767
345.08243,65,10634.582335
306.76532,62,10635.045896
501.45032,106,10635.851883
397.7255,79,10636.284132
391.2475,78,10636.956213
300.68152,59,10637.484524
430.65237,88,10638.069488
453.56958,87,10638.620581
334.58038,73,10639.227854
286.859,64,10639.977666
332.58582,61,10640.396467
343.65204,64,10641.108114
319.4384,61,10641.726901
408.39917,86,10642.483371
294.64948,55,10642.844428
367.5888,77,10643.563434
468.22806,97,10644.409606
484.67142,89,10645.143758
297.41214,62,10645.614865
345.0146,68,10646.009742
618.28784,121,10646.898424
357.981,73,10647.586441
293.0518,64,10648.143133
428.40958,91,10648.905762
387.22293,90,10649.501898
316.4363,71,10650.02909
373.18323,70,10650.390021
374.88464,72,10650.719034
331.78793,74,10651.230503
296.57355,65,10651.697608
410.10165,89,10652.403103
364.0971,86,10653.13161
622.8473,118,10653.89503
365.4033,70,10654.379438
321.59155,67,10654.909926
491.3262,104,10655.751711
410.0534,78,10656.414676
227.89043,49,10656.750964
387.54468,82,10657.299945
422.8567,81,10657.800611
261.3575,55,10658.301506
333.09415,75,10658.940864
378.9758,70,10659.338103
427.6235,77,10659.723473
335.78824,75,10660.091722
322.89792,65,10660.389812
471.66727,97,10660.885145
357.44196,70,10661.278874
216.06651,44,10661.4852
381.24817,71,10662.031708
399.90036,76,10662.609699
690.71,141,10663.332454
466.09952,91,10663.96125
317.43958,60,10664.278956
266.11765,53,10664.769309
402.12534,74,10665.308079
352.84384,64,10665.591446
226.42393,47,10665.805843
382.233,70,10666.332011
381.04013,78,10667.123537
362.19202,77,10667.575036
491.34348,104,10668.400344
314.4604,60,10668.900027
247.99803,48,10669.114773
382.8433,74,10669.566547
401.37448,75,10670.147994
375.10065,69,10670.607761
407.3524,86,10671.233387
233.61594,50,10671.650177
339.20123,63,10672.003872
447.36484,89,10672.646622
227.43665,48,10672.88794
337.7373,67,10673.404399
280.3144,59,10674.038495
721.21277,140,10674.799822
319.2341,60,10675.023986
346.42166,71,10675.316495
392.9106,81,10675.819432
431.84033,92,10676.366222
588.82263,116,10677.396914
409.39853,76,10677.978042
464.85016,86,10678.545074
509.0189,96,10679.431355
410.2341,77,10679.933585
355.7894,65,10680.511086
301.78656,59,10680.928955
355.1143,67,10681.301631
387.79642,71,10681.677091
481.2765,89,10682.321979
297.03998,62,10682.774467
292.2338,55,10683.076217
423.81046,79,10683.730992
439.18018,82,10684.462605
363.4805,69,10687.279814
462.3641,89,10687.893516
247.71199,50,10688.177843
387.06583,71,10688.696959
398.67316,76,10689.246902
353.84238,65,10689.56145
265.8725,56,10689.921758
383.44623,76,10690.242938
542.1855,101,10690.663745
487.7503,100,10691.303962
253.40019,51,10691.532687
716.41626,139,10692.945923
414.76227,84,10693.578711
559.74817,110,10694.521365
382.68723,71,10695.098188
405.70367,77,10695.657328
176.00179,35,10695.879008
329.56573,73,10696.447802
345.24222,66,10697.068539
418.8133,82,10697.550039
336.17477,63,10697.766827
296.79413,60,10698.112698
415.66043,75,10698.594181
452.74094,98,10699.28899
492.05484,90,10700.03242
275.75955,59,10700.414325
353.4556,69,10700.632504
338.51303,67,10701.022867
438.23132,82,10701.494334
352.73093,69,10701.928717
348.6551,65,10702.317109
303.71457,68,10702.734932
411.47043,75,10703.119942
300.31235,60,10703.402082
351.6127,73,10703.858015
305.46658,56,10704.081611
344.3203,74,10704.473769
263.02576,56,10704.688469
482.4376,97,10705.116886
410.16354,79,10705.580979
416.5157,86,10706.065546
304.5452,67,10706.415592
377.42853,72,10706.691216
393.33813,73,10707.084426
287.17053,62,10707.246543
506.6032,97,10707.542072
411.16275,88,10707.794614
436.67575,80,10707.999211
677.17084,132,10708.478719
340.36142,73,10708.885032
368.50955,69,10709.266943
283.69696,60,10709.610431
514.27905,102,10710.088547
304.3661,70,10710.472273
435.68457,80,10710.783051
418.6211,87,10711.139928
376.4897,71,10711.593278
401.6405,75,10711.816124
339.10928,65,10712.211033
390.71002,73,10712.709455
315.77075,59,10712.975893
295.4656,56,10713.275052
413.8198,76,10713.615617
368.64648,67,10713.991577
393.55527,74,10714.389887
480.53226,90,10714.857059
416.36087,78,10715.394979
597.8633,117,10715.951644
417.4156,84,10716.197571
432.8343,84,10716.586999
433.478,97,10717.112735
369.61942,69,10717.494272
415.85504,91,10717.907454
340.5011,64,10718.374685
518.6011,104,10719.018801
450.13986,92,10719.596797
281.07144,58,10719.75951
297.5382,56,10720.038131
324.84787,60,10720.265843
365.16882,69,10720.538725
336.81403,65,10720.842386
306.91437,67,10721.164573
505.66437,95,10721.777825
406.63492,76,10722.235048
275.27548,54,10722.515128
352.867,66,10722.805065
390.25803,75,10723.097285
297.39178,65,10723.365422
274.66168,60,10723.657295
460.94662,91,10724.068675
378.26312,70,10724.356646
331.42142,75,10724.631294
392.0157,75,10724.946331
348.78946,74,10725.257962
353.38214,67,10725.52356
295.9101,61,10725.743227
437.04,96,10726.09926
333.88858,68,10726.373027
525.72266,99,10726.76135
310.98343,58,10726.99408
485.94934,96,10727.372222
517.0092,97,10727.673332
363.77924,81,10727.972448
347.2285,66,10728.197509
651.8919,126,10728.631785
318.035,60,10728.830045
378.71616,72,10729.087716
