#{"t_start": 1756065821.293284, "env_id": "None"}
r,l,t
233.0,48,3.5822
232.0,48,4.285886
232.0,48,4.964815
232.0,48,5.666615
232.0,48,6.353015
232.0,48,7.05378
232.0,48,7.73437
232.0,48,8.415368
232.0,48,9.10602
232.0,48,9.79944
232.0,48,10.514808
232.0,48,11.203415
232.0,48,11.892769
232.0,48,12.590487
232.0,48,13.278447
232.0,48,13.992233
232.0,48,14.681302
232.0,48,15.38053
232.0,48,16.078658
232.0,48,16.776071
232.0,48,17.493454
232.0,48,18.199669
232.0,48,18.901425
232.0,48,19.604469
232.0,48,20.297455
232.0,48,20.998082
232.0,48,21.703083
232.0,48,22.412599
232.0,48,23.123687
232.0,48,23.823184
232.0,48,24.512587
232.0,48,25.203019
232.0,48,25.885608
232.0,48,26.574137
232.0,48,27.2592
232.0,48,27.95719
232.0,48,28.640482
232.0,48,29.320278
232.0,48,30.02017
232.0,48,30.705222
232.0,48,31.403419
232.0,48,32.147912
232.0,48,32.84164
232.0,48,33.555299
232.0,48,34.248092
232.0,48,34.949509
232.0,48,35.637141
232.0,48,36.334571
232.0,48,37.018516
232.0,48,37.703792
232.0,48,38.435629
232.0,48,39.180404
232.0,48,39.928064
232.0,48,40.650194
232.0,48,41.361818
232.0,48,42.072918
232.0,48,42.811082
232.0,48,43.523749
232.0,48,44.241484
232.0,48,44.947474
232.0,48,45.66198
232.0,48,46.395542
232.0,48,47.125959
232.0,48,47.854503
232.0,48,48.540191
232.0,48,49.24583
232.0,48,49.950448
232.0,48,50.664732
232.0,48,51.379939
232.0,48,52.07154
232.0,48,52.766289
232.0,48,53.475975
232.0,48,54.202125
232.0,48,54.954707
232.0,48,55.665882
232.0,48,56.382648
232.0,48,57.078571
232.0,48,57.781731
232.0,48,58.544475
232.0,48,59.238643
232.0,48,59.946054
232.0,48,60.656392
232.0,48,61.360432
232.0,48,62.123435
232.0,48,62.898604
232.0,48,63.637589
232.0,48,64.39023
232.0,48,65.108978
232.0,48,65.822555
232.0,48,66.519851
232.0,48,67.284733
232.0,48,67.962897
232.0,48,68.675107
232.0,48,69.429647
232.0,48,70.137832
232.0,48,70.892264
232.0,48,71.681269
232.0,48,72.455786
232.0,48,73.220231
232.0,48,73.972979
232.0,48,74.77202
232.0,48,75.514995
232.0,48,76.215877
232.0,48,76.965805
232.0,48,77.761258
232.0,48,78.482302
232.0,48,79.240021
232.0,48,80.004937
232.0,48,80.773045
232.0,48,81.501342
232.0,48,82.273748
232.0,48,83.033491
232.0,48,83.771676
232.0,48,84.488262
232.0,48,85.242195
232.0,48,85.967036
232.0,48,86.756109
232.0,48,87.48821
232.0,48,88.289581
232.0,48,89.016278
232.0,48,89.819598
232.0,48,90.53429
232.0,48,91.215394
232.0,48,92.007136
232.0,48,92.721536
232.0,48,93.484164
232.0,48,94.201508
232.0,48,94.874936
232.0,48,95.598564
232.0,48,96.307776
232.0,48,97.080296
232.0,48,97.794401
232.0,48,98.533314
232.0,48,99.288274
232.0,48,100.082319
232.0,48,100.809685
232.0,48,101.513429
232.0,48,102.211194
232.0,48,102.962352
232.0,48,103.686697
232.0,48,104.373293
232.0,48,105.115382
232.0,48,105.943047
232.0,48,106.682484
232.0,48,107.428194
232.0,48,108.173293
232.0,48,108.949824
232.0,48,109.672304
232.0,48,110.410076
232.0,48,111.156999
232.0,48,111.8591
232.0,48,112.5995
232.0,48,113.3816
232.0,48,114.22017
232.0,48,114.957545
232.0,48,115.637899
232.0,48,116.405076
232.0,48,117.178234
232.0,48,117.933884
232.0,48,118.63957
232.0,48,119.312356
232.0,48,120.024399
232.0,48,120.729162
232.0,48,121.437357
232.0,48,122.11608
232.0,48,122.767827
232.0,48,123.449257
232.0,48,124.175643
232.0,48,124.865748
232.0,48,125.545562
232.0,48,126.242158
232.0,48,126.943531
232.0,48,127.648726
232.0,48,128.34893
232.0,48,129.04344
232.0,48,129.780691
232.0,48,130.491887
232.0,48,131.194653
232.0,48,131.955268
232.0,48,132.674129
232.0,48,133.403453
232.0,48,134.116293
232.0,48,134.843846
232.0,48,135.586253
232.0,48,136.272676
232.0,48,136.984585
232.0,48,137.686476
232.0,48,138.388736
232.0,48,139.112903
232.0,48,139.794623
232.0,48,140.49076
232.0,48,141.181429
232.0,48,141.868939
232.0,48,142.561599
232.0,48,143.276479
232.0,48,143.99211
232.0,48,144.718946
232.0,48,145.432208
232.0,48,146.146629
232.0,48,146.862985
232.0,48,147.59425
232.0,48,148.32622
232.0,48,149.036784
232.0,48,149.75709
232.0,48,150.479782
549.0,583,159.193883
622.0,183,161.922687
252.0,37,162.467945
252.0,37,163.012707
252.0,37,163.572165
252.0,37,164.122882
252.0,37,164.671441
252.0,37,165.217205
252.0,37,165.758481
252.0,37,166.297049
252.0,37,166.822079
252.0,37,167.37358
252.0,37,167.921013
252.0,37,168.466511
252.0,37,169.019187
252.0,37,169.564194
252.0,37,170.111571
252.0,37,170.650362
252.0,37,171.193072
252.0,37,171.7252
252.0,37,172.254218
252.0,37,172.791013
252.0,37,173.34094
252.0,37,173.88729
252.0,37,174.444899
252.0,37,175.010631
252.0,37,175.570345
252.0,37,176.117199
252.0,37,176.673122
252.0,37,177.225885
252.0,37,177.776853
252.0,37,178.328345
252.0,37,178.859396
252.0,37,179.396984
252.0,37,179.954113
252.0,37,180.488654
252.0,37,181.034132
252.0,37,181.56668
252.0,37,182.10233
252.0,37,182.669422
267.0,2406,218.806165
480.0,1784,245.701421
252.0,37,246.240905
252.0,37,246.78536
252.0,37,247.346419
252.0,37,247.904139
252.0,37,248.470545
252.0,37,249.007216
252.0,37,249.559479
252.0,37,250.085838
252.0,37,250.618987
252.0,37,251.167325
252.0,37,251.719549
252.0,37,252.265033
777.0,430,258.807378
247.0,41,259.411642
252.0,37,259.955501
252.0,37,260.521936
252.0,37,261.071921
252.0,37,261.622041
252.0,37,262.168713
252.0,37,262.723675
252.0,37,263.304598
252.0,37,263.863455
252.0,37,264.421963
252.0,37,264.97874
252.0,37,265.543261
252.0,37,266.089563
252.0,37,266.629927
252.0,37,267.184206
252.0,37,267.727205
252.0,37,268.293232
252.0,37,268.907724
252.0,37,269.470698
252.0,37,270.015217
252.0,37,270.591383
252.0,37,271.143405
252.0,37,271.711694
252.0,37,272.286292
252.0,37,272.843844
252.0,37,273.3905
252.0,37,273.933059
252.0,37,274.500329
252.0,37,275.033403
252.0,37,275.57115
252.0,37,276.111294
252.0,37,276.646266
252.0,37,277.220071
252.0,37,277.769079
252.0,37,278.343468
252.0,37,278.92772
252.0,37,279.493748
252.0,37,280.073716
252.0,37,280.623887
252.0,37,281.166031
252.0,37,281.732724
252.0,37,282.294433
252.0,37,282.857852
252.0,37,283.395905
252.0,37,283.938852
252.0,37,284.507454
252.0,37,285.054259
252.0,37,285.621529
252.0,37,286.205184
252.0,37,286.791392
252.0,37,287.368542
252.0,37,287.954036
252.0,37,288.525259
252.0,37,289.078353
252.0,37,289.63485
252.0,37,290.197853
252.0,37,290.749949
738.0,274,294.916724
895.0,1060,310.761523
252.0,37,311.312753
252.0,37,311.892611
252.0,37,312.440853
1005.0,401,318.555216
252.0,37,319.108098
252.0,37,319.653119
634.0,232,323.15209
631.0,95,324.594909
604.0,88,325.943769
769.0,192,328.762288
236.0,43,329.411047
213.0,54,330.234239
213.0,54,331.046969
213.0,54,331.865308
594.0,330,336.759653
249.0,37,337.297184
251.0,37,337.844444
246.0,39,338.422811
251.0,37,338.988468
252.0,37,339.533318
250.0,38,340.0882
250.0,38,340.649516
564.0,505,348.232567
252.0,37,348.781684
252.0,37,349.327698
250.0,38,349.891413
250.0,38,350.441069
1317.0,354,355.742628
252.0,37,356.287629
251.0,37,356.833805
252.0,37,357.366812
250.0,38,357.926991
250.0,37,358.466569
770.0,256,362.274581
250.0,38,362.837056
252.0,37,363.382426
252.0,37,363.941868
252.0,37,364.47538
252.0,37,365.022066
252.0,37,365.560672
252.0,37,366.094202
252.0,37,366.644767
252.0,37,367.183548
251.0,37,367.738945
252.0,37,368.296803
252.0,37,368.846908
251.0,38,369.41861
251.0,38,369.985716
246.0,38,370.560931
251.0,38,371.119174
249.0,37,371.675153
249.0,37,372.238661
252.0,37,372.794462
251.0,38,373.370128
250.0,38,373.920953
249.0,37,374.475226
251.0,38,375.018891
251.0,37,375.579425
252.0,37,376.142028
252.0,37,376.691763
252.0,37,377.264233
251.0,37,377.820837
802.0,250,381.475415
252.0,37,382.036387
252.0,37,382.582275
252.0,37,383.124033
252.0,37,383.677841
252.0,37,384.236425
252.0,37,384.799498
252.0,37,385.351188
252.0,37,385.901639
252.0,37,386.449326
252.0,37,386.98281
252.0,37,387.520433
252.0,37,388.070136
252.0,37,388.612175
252.0,37,389.160711
252.0,37,389.698873
252.0,37,390.23873
252.0,37,390.773222
252.0,37,391.317551
251.0,37,391.881139
252.0,37,392.422461
252.0,37,392.980016
252.0,37,393.513625
252.0,37,394.058032
252.0,37,394.640771
252.0,37,395.189923
252.0,37,395.749392
252.0,37,396.285243
252.0,37,396.821865
252.0,37,397.362153
252.0,37,397.90164
252.0,37,398.475774
252.0,37,399.02187
252.0,37,399.570269
252.0,37,400.131887
252.0,37,400.657768
252.0,37,401.21149
252.0,37,401.767468
252.0,37,402.298569
252.0,37,402.839063
252.0,37,403.383652
252.0,37,403.950727
252.0,37,404.530121
252.0,37,405.085526
252.0,37,405.661302
252.0,37,406.214309
252.0,37,406.782688
252.0,37,407.375857
252.0,37,407.933427
252.0,37,408.492331
252.0,37,409.055685
252.0,37,409.600535
252.0,37,410.160228
252.0,37,410.713096
252.0,37,411.290419
252.0,37,411.824858
252.0,37,412.410398
252.0,37,412.957618
252.0,37,413.533458
252.0,37,414.139854
252.0,37,414.710697
252.0,37,415.293655
252.0,37,415.850616
252.0,37,416.380787
252.0,37,416.948722
252.0,37,417.538492
252.0,37,418.093532
252.0,37,418.638911
252.0,37,419.202309
252.0,37,419.785628
252.0,37,420.330822
252.0,37,420.893114
252.0,37,421.454594
268.0,2406,458.589078
252.0,37,459.145985
251.0,37,459.718282
252.0,37,460.2785
252.0,37,460.847543
252.0,37,461.416931
252.0,37,461.975044
252.0,37,462.514685
252.0,37,463.072789
252.0,37,463.641104
252.0,37,464.169266
252.0,37,464.741611
252.0,37,465.295699
249.0,37,465.844639
249.0,37,466.409421
249.0,37,466.957579
249.0,37,467.52198
248.0,38,468.101507
249.0,37,468.683732
251.0,37,469.235114
251.0,37,469.77424
252.0,37,470.300335
252.0,37,470.818574
252.0,37,471.343493
252.0,37,471.875198
251.0,37,472.398181
637.0,184,475.085079
252.0,37,475.638077
252.0,37,476.18329
252.0,37,476.71494
252.0,37,477.257267
252.0,37,477.790494
252.0,37,478.345392
252.0,37,478.902514
252.0,37,479.456472
251.0,37,480.017457
251.0,37,480.572744
251.0,37,481.13399
612.0,361,486.567892
252.0,37,487.12555
252.0,37,487.700248
251.0,38,488.270743
252.0,37,488.835225
251.0,37,489.404112
252.0,37,489.961648
251.0,37,490.560201
251.0,37,491.147816
252.0,37,491.709368
636.0,187,494.668669
249.0,37,495.21499
699.0,392,501.369033
251.0,37,501.934941
249.0,37,502.511805
736.0,278,506.780641
802.0,247,510.536457
252.0,37,511.090186
252.0,37,511.652421
252.0,37,512.23904
252.0,37,512.815047
252.0,37,513.397013
252.0,37,513.979764
252.0,37,514.564488
252.0,37,515.132528
252.0,37,515.697129
252.0,37,516.267188
252.0,37,516.820638
252.0,37,517.391944
252.0,37,517.958396
252.0,37,518.526878
252.0,37,519.102297
252.0,37,519.657578
252.0,37,520.214865
252.0,37,520.772479
252.0,37,521.313775
252.0,37,521.884258
252.0,37,522.453607
252.0,37,523.031546
726.0,338,528.359428
252.0,37,528.923711
252.0,37,529.480183
252.0,37,530.060072
252.0,37,530.628055
252.0,37,531.18151
252.0,37,531.731699
252.0,37,532.293473
252.0,37,532.864131
252.0,37,533.415395
252.0,37,533.981525
252.0,37,534.532223
252.0,37,535.071585
252.0,37,535.61978
252.0,37,536.190822
252.0,37,536.743957
252.0,37,537.307588
252.0,37,537.876375
252.0,37,538.429894
252.0,37,538.99376
252.0,37,539.546644
252.0,37,540.120859
252.0,37,540.687409
252.0,37,541.233166
252.0,37,541.789204
252.0,37,542.33098
252.0,37,542.88914
252.0,37,543.457452
252.0,37,544.004653
252.0,37,544.554545
252.0,37,545.097825
252.0,37,545.682947
252.0,37,546.254571
252.0,37,546.823253
252.0,37,547.413888
252.0,37,547.978427
252.0,37,548.552389
252.0,37,549.133582
252.0,37,549.710923
252.0,37,550.289628
252.0,37,550.841353
252.0,37,551.40549
252.0,37,551.962967
252.0,37,552.507213
252.0,37,553.081124
252.0,37,553.626459
252.0,37,554.19709
252.0,37,554.760091
252.0,37,555.343926
252.0,37,555.934385
252.0,37,556.490869
252.0,37,557.043431
252.0,37,557.640962
252.0,37,558.22132
252.0,37,558.794516
252.0,37,559.350243
252.0,37,559.911838
252.0,37,560.517096
252.0,37,561.084546
252.0,37,561.632874
252.0,37,562.190728
252.0,37,562.765106
252.0,37,563.344565
252.0,37,563.915308
252.0,37,564.490576
252.0,37,565.021235
252.0,37,565.56954
252.0,37,566.117605
252.0,37,566.67047
252.0,37,567.232333
252.0,37,567.78359
252.0,37,568.336678
252.0,37,568.897625
252.0,37,569.437488
252.0,37,569.978566
252.0,37,570.521693
252.0,37,571.064204
252.0,37,571.638168
252.0,37,572.168003
252.0,37,572.724115
252.0,37,573.297866
252.0,37,573.838907
252.0,37,574.403413
252.0,37,574.960478
252.0,37,575.564328
252.0,37,576.11012
252.0,37,576.66955
252.0,37,577.243176
252.0,37,577.789604
252.0,37,578.369476
252.0,37,578.921874
252.0,37,579.476433
252.0,37,580.039305
252.0,37,580.573846
252.0,37,581.136623
252.0,37,581.684262
252.0,37,582.242759
252.0,37,582.810192
252.0,37,583.381198
252.0,37,583.928958
252.0,37,584.465459
252.0,37,585.047249
252.0,37,585.614958
252.0,37,586.17734
252.0,37,586.750992
252.0,37,587.318815
252.0,37,587.870443
252.0,37,588.430526
252.0,37,588.99055
252.0,37,589.578996
252.0,37,590.136751
252.0,37,590.698606
252.0,37,591.278308
252.0,37,591.81828
252.0,37,592.374069
252.0,37,592.904068
252.0,37,593.45924
252.0,37,594.044347
252.0,37,594.607656
252.0,37,595.201678
252.0,37,595.743297
252.0,37,596.312486
252.0,37,596.875277
252.0,37,597.43016
252.0,37,598.012324
252.0,37,598.566478
252.0,37,599.117351
252.0,37,599.684398
252.0,37,600.228836
252.0,37,600.789654
252.0,37,601.347889
252.0,37,601.89219
252.0,37,602.454293
252.0,37,602.958027
252.0,37,603.47837
252.0,37,603.998796
252.0,37,604.56907
252.0,37,605.115677
252.0,37,605.68268
252.0,37,606.244008
252.0,37,606.780257
252.0,37,607.316139
252.0,37,607.88694
252.0,37,608.404518
252.0,37,608.959733
252.0,37,609.516441
252.0,37,610.076786
252.0,37,610.656736
252.0,37,611.218839
252.0,37,611.764303
252.0,37,612.321541
803.0,244,616.005514
809.0,209,619.204161
252.0,37,619.750701
252.0,37,620.276425
252.0,37,620.838761
252.0,37,621.391642
252.0,37,621.940683
1009.0,409,627.997167
252.0,37,628.550033
252.0,37,629.103979
252.0,37,629.652612
252.0,37,630.197369
252.0,37,630.746916
252.0,37,631.314193
252.0,37,631.840487
252.0,37,632.404917
252.0,37,632.952809
252.0,37,633.510151
252.0,37,634.099625
252.0,37,634.63829
252.0,37,635.16873
252.0,37,635.711869
1028.0,266,639.797754
252.0,37,640.361219
252.0,37,640.920701
252.0,37,641.481757
252.0,37,642.08246
252.0,37,642.650578
252.0,37,643.214455
252.0,37,643.783473
252.0,37,644.335043
252.0,37,644.831898
252.0,37,645.371649
252.0,37,645.943465
252.0,37,646.487528
252.0,37,647.030155
252.0,37,647.626278
252.0,37,648.190935
252.0,37,648.779343
587.0,268,652.71969
251.0,37,653.283137
252.0,37,653.824311
777.0,396,659.833162
598.0,134,661.841935
252.0,37,662.378661
1027.0,273,666.439036
637.0,183,669.192378
634.0,104,670.791504
613.0,140,672.975662
1027.0,269,677.099417
252.0,37,677.653525
252.0,37,678.210255
252.0,37,678.766733
252.0,37,679.319347
252.0,37,679.895844
597.0,148,682.151455
805.0,232,685.683837
726.0,276,689.865148
712.0,294,694.285774
775.0,201,697.325839
636.0,190,700.249443
610.0,110,701.901458
1033.0,222,705.177347
252.0,37,705.705209
252.0,37,706.245176
252.0,37,706.787988
252.0,37,707.337981
252.0,37,707.904593
252.0,37,708.45902
252.0,37,709.001431
252.0,37,709.551913
252.0,37,710.088979
252.0,37,710.648826
252.0,37,711.205546
803.0,243,714.78581
634.0,114,716.442395
803.0,246,720.1015
631.0,219,723.591406
631.0,113,725.370668
805.0,231,728.880907
252.0,37,729.450591
252.0,37,730.015447
252.0,37,730.592395
252.0,37,731.159542
252.0,37,731.703008
803.0,244,735.437096
996.0,465,742.552663
252.0,37,743.0992
252.0,37,743.648539
808.0,213,746.858021
638.0,113,748.543683
808.0,211,751.750826
252.0,37,752.328023
252.0,37,752.891001
600.0,129,754.812749
252.0,37,755.360299
252.0,37,755.908069
252.0,37,756.462505
735.0,367,762.107844
632.0,130,764.072737
610.0,171,766.657555
647.0,720,777.559699
630.0,127,779.505562
704.0,404,785.549901
232.0,48,786.236333
232.0,48,786.924826
232.0,48,787.67369
232.0,48,788.395992
232.0,48,789.110056
232.0,48,789.815302
232.0,48,790.512651
1029.0,253,794.390526
628.0,154,796.683502
1016.0,338,801.804584
1395.0,434,808.285066
252.0,37,808.860776
252.0,37,809.411598
252.0,37,809.973075
252.0,37,810.55768
252.0,37,811.089607
252.0,37,811.608088
252.0,37,812.142464
772.0,430,818.713376
760.0,498,826.118011
637.0,181,828.730182
248.0,41,829.309633
245.0,42,829.91245
241.0,43,830.514376
961.0,2371,866.356025
232.0,48,867.11305
232.0,48,867.81532
232.0,48,868.528499
232.0,48,869.235878
232.0,48,869.979286
630.0,222,873.340094
250.0,40,873.970047
252.0,36,874.54055
249.0,33,875.033916
625.0,103,876.630631
248.0,42,877.267179
1036.0,276,881.418772
232.0,48,882.124371
232.0,48,882.831506
232.0,48,883.549902
232.0,48,884.258318
232.0,48,884.98281
1024.0,280,889.259163
252.0,37,889.837529
252.0,37,890.392639
799.0,265,894.371601
612.0,212,897.506624
621.0,167,899.99236
611.0,233,903.426926
787.0,339,908.473599
1400.0,409,914.609912
252.0,37,915.163326
252.0,37,915.711237
252.0,37,916.254975
252.0,37,916.821736
252.0,37,917.373822
252.0,37,917.926922
252.0,37,918.467223
252.0,37,919.022761
252.0,37,919.585256
252.0,37,920.134423
623.0,111,921.777483
249.0,36,922.337546
252.0,37,922.887348
252.0,37,923.423025
626.0,102,924.968279
1330.0,277,929.196362
621.0,125,931.088754
712.0,284,935.454731
1341.0,220,938.854709
1334.0,251,942.6832
252.0,37,943.270958
252.0,37,943.821283
252.0,37,944.368615
252.0,37,944.921
1032.0,243,948.589586
252.0,37,949.213217
252.0,37,949.7818
805.0,233,953.35272
628.0,139,955.417169
630.0,125,957.342504
1346.0,210,960.536987
621.0,149,962.757109
1030.0,253,966.560626
252.0,37,967.119496
252.0,37,967.693598
252.0,37,968.246013
1032.0,258,972.198236
252.0,37,972.749591
252.0,37,973.312484
252.0,37,973.877109
252.0,37,974.428018
252.0,37,974.964289
252.0,37,975.512999
1030.0,248,979.353163
252.0,37,979.896763
623.0,114,981.650161
633.0,109,983.319313
603.0,153,985.607506
625.0,145,987.783569
632.0,110,989.465389
252.0,37,990.030159
627.0,121,991.852349
627.0,113,993.57616
631.0,115,995.285476
630.0,131,997.277917
252.0,37,997.83178
807.0,218,1001.123034
630.0,95,1002.526791
634.0,104,1004.116518
641.0,160,1006.438773
803.0,246,1010.026467
624.0,182,1012.777996
635.0,116,1014.526011
616.0,126,1016.493538
625.0,100,1018.029525
614.0,136,1020.08991
623.0,115,1021.848238
633.0,112,1023.578767
630.0,119,1025.389704
619.0,142,1027.540719
624.0,99,1029.057113
624.0,110,1030.724207
800.0,259,1034.615341
804.0,239,1038.251384
623.0,118,1040.038753
632.0,108,1041.657666
252.0,37,1042.205175
633.0,110,1043.937651
635.0,194,1046.891998
813.0,183,1049.664846
634.0,113,1051.381256
631.0,128,1053.370812
609.0,129,1055.307214
596.0,272,1059.353597
600.0,125,1061.198399
619.0,128,1063.106071
649.0,110,1064.753851
252.0,37,1065.296355
252.0,37,1065.862994
252.0,37,1066.403812
252.0,37,1066.941531
252.0,37,1067.516141
617.0,122,1069.318892
252.0,37,1069.865637
252.0,37,1070.40178
252.0,37,1070.948748
1029.0,267,1075.043559
252.0,37,1075.591537
252.0,37,1076.157356
252.0,37,1076.717265
252.0,37,1077.285454
252.0,37,1077.869877
627.0,105,1079.484482
252.0,37,1080.030598
252.0,37,1080.597875
252.0,37,1081.173414
630.0,123,1083.0616
252.0,37,1083.638317
252.0,37,1084.214708
1035.0,217,1087.608974
252.0,37,1088.160558
252.0,37,1088.743079
252.0,37,1089.300338
252.0,37,1089.861926
252.0,37,1090.423204
1033.0,242,1094.078507
252.0,37,1094.633667
252.0,37,1095.194432
617.0,119,1097.047451
632.0,126,1098.946644
624.0,110,1100.576472
613.0,119,1102.365667
631.0,114,1104.067926
622.0,107,1105.638181
631.0,124,1107.476996
628.0,113,1109.10732
624.0,118,1110.945764
630.0,120,1112.759321
625.0,137,1114.818094
625.0,114,1116.501633
623.0,106,1118.09229
627.0,123,1119.9089
597.0,269,1123.99446
628.0,111,1125.701868
604.0,196,1128.61239
629.0,153,1130.894901
632.0,118,1132.664679
633.0,118,1134.449987
629.0,122,1136.259617
632.0,113,1137.917519
622.0,122,1139.766748
622.0,110,1141.46639
620.0,109,1143.101002
622.0,111,1144.763379
813.0,182,1147.4954
618.0,152,1149.785649
623.0,137,1151.824766
630.0,141,1153.976326
618.0,156,1156.378591
632.0,122,1158.21671
627.0,116,1159.988278
627.0,115,1161.731445
627.0,114,1163.45182
619.0,135,1165.579382
626.0,110,1167.195851
623.0,110,1168.837886
622.0,110,1170.531367
813.0,184,1173.290169
619.0,146,1175.490908
634.0,117,1177.284793
624.0,119,1179.024077
624.0,131,1180.975978
623.0,118,1182.687105
629.0,146,1184.837708
1422.0,249,1188.439773
624.0,113,1190.096854
625.0,113,1191.764838
625.0,113,1193.478136
620.0,130,1195.433465
716.0,345,1200.538778
626.0,108,1202.140889
619.0,115,1203.882218
621.0,110,1205.556901
626.0,110,1207.255461
622.0,107,1208.878098
620.0,112,1210.549572
619.0,132,1212.504181
622.0,111,1214.158409
624.0,113,1215.813009
618.0,114,1217.54123
615.0,123,1219.402137
612.0,255,1223.321844
1338.0,266,1227.383891
252.0,37,1227.94504
252.0,37,1228.500654
252.0,37,1229.067704
252.0,37,1229.612307
801.0,254,1233.525873
252.0,37,1234.069113
252.0,37,1234.638414
252.0,37,1235.201257
638.0,111,1236.867802
807.0,221,1240.142404
633.0,115,1241.828634
616.0,218,1245.01844
633.0,116,1246.789102
623.0,108,1248.403251
622.0,112,1250.094617
616.0,130,1252.071731
624.0,142,1254.208869
625.0,110,1255.857495
622.0,110,1257.4977
616.0,129,1259.466965
618.0,111,1261.135948
622.0,120,1262.935786
813.0,185,1265.74339
620.0,105,1267.316236
631.0,137,1269.364317
618.0,119,1271.124334
621.0,106,1272.683586
625.0,112,1274.291686
614.0,152,1276.519241
623.0,115,1278.21836
625.0,117,1279.974733
625.0,113,1281.639359
619.0,158,1283.983535
624.0,117,1285.760672
625.0,119,1287.551073
628.0,110,1289.173621
624.0,114,1290.89151
624.0,112,1292.588859
626.0,121,1294.396093
621.0,139,1296.479874
624.0,111,1298.152669
621.0,129,1300.070661
621.0,117,1301.819006
622.0,120,1303.630416
629.0,108,1305.238593
626.0,104,1306.800418
619.0,143,1308.980391
621.0,118,1310.79278
625.0,101,1312.323384
617.0,136,1314.3303
621.0,101,1315.843773
606.0,99,1317.315942
618.0,127,1319.198343
624.0,110,1320.817804
622.0,126,1322.726768
627.0,111,1324.421079
625.0,107,1325.985539
618.0,109,1327.595208
621.0,114,1329.358694
622.0,111,1331.035371
604.0,97,1332.532723
803.0,245,1336.223452
636.0,111,1337.914449
630.0,114,1339.636482
1033.0,236,1343.267669
629.0,233,1346.806907
252.0,37,1347.369442
252.0,37,1347.917446
252.0,37,1348.491153
252.0,37,1349.046249
252.0,37,1349.589669
252.0,37,1350.166717
252.0,37,1350.716237
252.0,37,1351.260028
252.0,37,1351.792517
635.0,100,1353.264795
614.0,126,1355.150358
252.0,37,1355.728667
630.0,130,1357.727374
1333.0,267,1361.798945
593.0,176,1364.47055
635.0,113,1366.086624
631.0,114,1367.787964
600.0,131,1369.802724
605.0,96,1371.274737
614.0,151,1373.548707
1313.0,265,1377.530658
622.0,111,1379.242773
605.0,102,1380.814718
630.0,115,1382.572374
618.0,113,1384.298318
622.0,131,1386.305424
621.0,139,1388.473275
622.0,104,1390.105919
622.0,116,1391.861537
605.0,94,1393.292118
605.0,94,1394.752215
607.0,106,1396.342384
604.0,116,1398.079394
755.0,236,1401.607599
634.0,102,1403.158742
252.0,37,1403.708841
252.0,37,1404.277142
252.0,37,1404.820457
252.0,37,1405.377206
252.0,37,1405.916772
252.0,37,1406.452508
632.0,107,1408.081636
252.0,37,1408.665674
252.0,37,1409.243662
252.0,37,1409.78464
252.0,37,1410.337939
252.0,37,1410.901942
252.0,37,1411.446283
252.0,37,1412.015917
252.0,37,1412.57788
252.0,37,1413.126817
252.0,37,1413.683565
252.0,37,1414.243862
252.0,37,1414.80845
252.0,37,1415.35126
252.0,37,1415.901917
252.0,37,1416.462481
252.0,37,1417.017715
252.0,37,1417.574019
252.0,37,1418.120698
252.0,37,1418.675125
252.0,37,1419.244611
252.0,37,1419.812328
252.0,37,1420.374188
252.0,37,1420.914126
252.0,37,1421.463187
252.0,37,1422.009816
252.0,37,1422.551545
252.0,37,1423.102416
252.0,37,1423.637913
252.0,37,1424.172354
250.0,37,1424.740406
252.0,37,1425.30819
252.0,37,1425.875674
252.0,37,1426.422012
252.0,37,1426.960575
252.0,37,1427.519853
250.0,37,1428.060585
250.0,37,1428.600755
252.0,37,1429.133713
252.0,37,1429.685259
252.0,37,1430.233322
252.0,37,1430.765324
252.0,37,1431.335402
252.0,37,1431.888056
252.0,37,1432.412032
252.0,37,1432.968688
252.0,37,1433.509994
252.0,37,1434.063887
252.0,37,1434.615883
252.0,37,1435.180504
252.0,37,1435.739337
252.0,37,1436.29772
252.0,37,1436.858224
252.0,37,1437.390212
252.0,37,1437.924776
252.0,37,1438.477903
250.0,37,1439.013269
252.0,37,1439.578554
252.0,37,1440.119055
252.0,37,1440.64608
252.0,37,1441.18737
252.0,37,1441.722881
252.0,37,1442.261592
252.0,37,1442.782298
252.0,37,1443.318145
252.0,37,1443.866629
252.0,37,1444.401263
252.0,37,1444.948928
252.0,37,1445.483263
252.0,37,1446.007626
252.0,37,1446.56335
252.0,37,1447.119173
252.0,37,1447.674944
252.0,37,1448.228853
252.0,37,1448.799661
252.0,37,1449.366876
252.0,37,1449.906444
252.0,37,1450.450138
252.0,37,1450.984972
252.0,37,1451.520571
252.0,37,1452.068075
252.0,37,1452.600308
252.0,37,1453.140328
252.0,37,1453.669927
252.0,37,1454.206355
252.0,37,1454.767633
252.0,37,1455.304719
252.0,37,1455.861265
252.0,37,1456.398404
252.0,37,1456.946384
252.0,37,1457.492208
252.0,37,1458.034327
252.0,37,1458.580994
252.0,37,1459.117784
252.0,37,1459.660769
252.0,37,1460.215698
252.0,37,1460.766924
252.0,37,1461.330225
252.0,37,1461.891177
252.0,37,1462.411703
252.0,37,1462.952276
252.0,37,1463.496457
252.0,37,1464.075977
252.0,37,1464.635535
252.0,37,1465.185924
252.0,37,1465.747157
252.0,37,1466.321232
252.0,37,1466.877496
252.0,37,1467.441015
252.0,37,1468.005765
252.0,37,1468.586313
252.0,37,1469.145799
252.0,37,1469.717696
252.0,37,1470.260653
252.0,37,1470.796736
252.0,37,1471.338205
252.0,37,1471.877091
252.0,37,1472.42519
252.0,37,1472.959057
252.0,37,1473.494964
252.0,37,1474.065773
252.0,37,1474.613492
252.0,37,1475.148924
252.0,37,1475.683553
252.0,37,1476.231664
252.0,37,1476.787887
252.0,37,1477.3199
252.0,37,1477.895323
252.0,37,1478.421573
252.0,37,1478.967656
252.0,37,1479.520317
252.0,37,1480.077976
252.0,37,1480.648851
252.0,37,1481.191173
252.0,37,1481.740234
252.0,37,1482.336001
252.0,37,1482.885213
252.0,37,1483.469122
252.0,37,1484.024361
252.0,37,1484.590923
252.0,37,1485.153142
252.0,37,1485.699872
252.0,37,1486.243456
252.0,37,1486.808745
252.0,37,1487.365417
252.0,37,1487.92284
252.0,37,1488.477098
252.0,37,1489.027891
252.0,37,1489.576654
252.0,37,1490.135404
252.0,37,1490.696368
252.0,37,1491.24585
252.0,37,1491.80535
252.0,37,1492.349999
252.0,37,1492.894894
252.0,37,1493.462199
252.0,37,1494.000927
252.0,37,1494.547146
252.0,37,1495.134317
252.0,37,1495.6872
252.0,37,1496.212919
252.0,37,1496.750133
252.0,37,1497.312523
252.0,37,1497.87046
252.0,37,1498.427554
252.0,37,1498.989505
252.0,37,1499.558557
252.0,37,1500.139204
252.0,37,1500.688806
252.0,37,1501.275644
252.0,37,1501.855392
252.0,37,1502.412409
252.0,37,1502.992056
252.0,37,1503.545042
252.0,37,1504.101384
252.0,37,1504.676419
252.0,37,1505.227356
252.0,37,1505.78986
252.0,37,1506.342532
252.0,37,1506.898175
252.0,37,1507.469649
252.0,37,1508.01257
252.0,37,1508.580909
252.0,37,1509.145758
252.0,37,1509.710351
252.0,37,1510.26984
252.0,37,1510.818624
252.0,37,1511.385427
252.0,37,1511.971228
252.0,37,1512.551706
252.0,37,1513.11209
252.0,37,1513.660465
252.0,37,1514.235683
252.0,37,1514.798847
252.0,37,1515.344484
252.0,37,1515.932698
252.0,37,1516.486767
252.0,37,1517.060756
252.0,37,1517.630962
252.0,37,1518.203973
252.0,37,1518.769152
252.0,37,1519.325945
252.0,37,1519.886744
252.0,37,1520.439501
252.0,37,1520.984988
252.0,37,1521.522908
252.0,37,1522.074883
252.0,37,1522.64744
252.0,37,1523.202881
252.0,37,1523.747706
252.0,37,1524.303686
252.0,37,1524.856994
252.0,37,1525.395645
252.0,37,1525.936705
252.0,37,1526.479355
252.0,37,1527.035284
252.0,37,1527.590647
252.0,37,1528.135649
252.0,37,1528.659604
252.0,37,1529.198868
252.0,37,1529.78209
252.0,37,1530.337893
252.0,37,1530.915685
252.0,37,1531.473362
252.0,37,1532.015063
252.0,37,1532.564849
252.0,37,1533.099794
252.0,37,1533.649876
252.0,37,1534.179755
252.0,37,1534.7144
252.0,37,1535.268691
252.0,37,1535.795384
252.0,37,1536.380829
252.0,37,1536.949987
252.0,37,1537.529378
252.0,37,1538.099656
252.0,37,1538.659825
252.0,37,1539.236103
252.0,37,1539.76823
252.0,37,1540.304026
252.0,37,1540.834958
252.0,37,1541.358183
252.0,37,1541.895112
252.0,37,1542.415167
252.0,37,1542.927935
252.0,37,1543.464137
252.0,37,1544.011682
252.0,37,1544.555412
252.0,37,1545.095345
252.0,37,1545.625137
252.0,37,1546.161465
252.0,37,1546.697959
252.0,37,1547.241763
252.0,37,1547.775595
252.0,37,1548.324916
252.0,37,1548.895139
252.0,37,1549.436325
252.0,37,1549.984845
252.0,37,1550.541923
252.0,37,1551.079822
252.0,37,1551.628166
252.0,37,1552.166702
252.0,37,1552.707703
252.0,37,1553.244361
252.0,37,1553.795922
252.0,37,1554.339886
252.0,37,1554.872737
252.0,37,1555.444962
252.0,37,1556.015286
252.0,37,1556.582459
252.0,37,1557.164883
252.0,37,1557.713423
252.0,37,1558.267011
252.0,37,1558.797028
252.0,37,1559.333076
252.0,37,1559.889018
252.0,37,1560.423042
252.0,37,1560.97943
252.0,37,1561.527443
252.0,37,1562.063115
252.0,37,1562.622401
252.0,37,1563.15347
252.0,37,1563.700631
252.0,37,1564.240083
252.0,37,1564.764776
252.0,37,1565.32311
252.0,37,1565.872954
252.0,37,1566.427868
252.0,37,1566.983905
252.0,37,1567.530266
252.0,37,1568.080542
252.0,37,1568.641556
252.0,37,1569.188777
252.0,37,1569.726067
252.0,37,1570.265187
252.0,37,1570.840794
252.0,37,1571.374768
252.0,37,1571.926502
252.0,37,1572.461202
252.0,37,1573.006212
252.0,37,1573.5549
252.0,37,1574.094313
252.0,37,1574.668634
252.0,37,1575.229914
252.0,37,1575.780351
252.0,37,1576.359487
252.0,37,1576.912264
252.0,37,1577.47704
252.0,37,1578.028746
252.0,37,1578.588392
252.0,37,1579.149673
252.0,37,1579.711954
252.0,37,1580.281011
252.0,37,1580.84003
252.0,37,1581.401455
252.0,37,1581.958611
252.0,37,1582.502064
252.0,37,1583.044926
252.0,37,1583.592773
252.0,37,1584.131999
252.0,37,1584.71923
252.0,37,1585.273055
252.0,37,1585.823744
252.0,37,1586.382793
252.0,37,1586.91838
252.0,37,1587.472258
252.0,37,1588.040755
252.0,37,1588.628379
252.0,37,1589.180685
252.0,37,1589.734769
252.0,37,1590.290458
252.0,37,1590.84467
252.0,37,1591.418401
252.0,37,1591.959486
252.0,37,1592.500799
252.0,37,1593.054257
252.0,37,1593.613629
252.0,37,1594.175432
252.0,37,1594.757888
252.0,37,1595.340354
252.0,37,1595.921991
252.0,37,1596.474196
252.0,37,1597.063635
252.0,37,1597.611619
252.0,37,1598.153635
252.0,37,1598.711913
252.0,37,1599.251597
252.0,37,1599.8
252.0,37,1600.353832
252.0,37,1600.934855
252.0,37,1601.491948
252.0,37,1602.033065
252.0,37,1602.586113
252.0,37,1603.132513
252.0,37,1603.670096
252.0,37,1604.218564
252.0,37,1604.749751
252.0,37,1605.312199
252.0,37,1605.860716
252.0,37,1606.408303
252.0,37,1606.971129
252.0,37,1607.51762
252.0,37,1608.076646
252.0,37,1608.633144
252.0,37,1609.194214
252.0,37,1609.750369
252.0,37,1610.293528
252.0,37,1610.860831
252.0,37,1611.41123
252.0,37,1611.966102
252.0,37,1612.527008
252.0,37,1613.085203
252.0,37,1613.632254
252.0,37,1614.161571
252.0,37,1614.686674
252.0,37,1615.235352
252.0,37,1615.781808
252.0,37,1616.331198
252.0,37,1616.866251
252.0,37,1617.408477
252.0,37,1617.967593
252.0,37,1618.502852
252.0,37,1619.05945
252.0,37,1619.601045
252.0,37,1620.143521
252.0,37,1620.708783
252.0,37,1621.262912
252.0,37,1621.816935
252.0,37,1622.371333
252.0,37,1622.933858
252.0,37,1623.495273
252.0,37,1624.032245
252.0,37,1624.60353
252.0,37,1625.13887
252.0,37,1625.672896
252.0,37,1626.215464
252.0,37,1626.739924
252.0,37,1627.288612
252.0,37,1627.838762
252.0,37,1628.390116
252.0,37,1628.940969
252.0,37,1629.493525
252.0,37,1630.049372
252.0,37,1630.591146
252.0,37,1631.134129
252.0,37,1631.689454
252.0,37,1632.228286
252.0,37,1632.776748
252.0,37,1633.311808
252.0,37,1633.85407
252.0,37,1634.42335
252.0,37,1634.988775
252.0,37,1635.542327
252.0,37,1636.083964
252.0,37,1636.632806
252.0,37,1637.178312
252.0,37,1637.720039
252.0,37,1638.297212
252.0,37,1638.835498
252.0,37,1639.365353
252.0,37,1639.908696
252.0,37,1640.442549
252.0,37,1640.981626
252.0,37,1641.517112
252.0,37,1642.052014
252.0,37,1642.603281
252.0,37,1643.145828
252.0,37,1643.708165
252.0,37,1644.26485
252.0,37,1644.806131
252.0,37,1645.380376
252.0,37,1645.930625
252.0,37,1646.485176
252.0,37,1647.021271
252.0,37,1647.585668
252.0,37,1648.148633
252.0,37,1648.688253
252.0,37,1649.252698
252.0,37,1649.827846
252.0,37,1650.381026
252.0,37,1650.964878
252.0,37,1651.517306
252.0,37,1652.051246
252.0,37,1652.604057
252.0,37,1653.144797
252.0,37,1653.706405
252.0,37,1654.244397
252.0,37,1654.807254
252.0,37,1655.363626
252.0,37,1655.91379
252.0,37,1656.459285
252.0,37,1657.01943
252.0,37,1657.591425
252.0,37,1658.165446
252.0,37,1658.741332
252.0,37,1659.298712
252.0,37,1659.822321
252.0,37,1660.377427
252.0,37,1660.895176
252.0,37,1661.383665
252.0,37,1661.905222
252.0,37,1662.439972
252.0,37,1662.993082
252.0,37,1663.55389
252.0,37,1664.107112
252.0,37,1664.672093
252.0,37,1665.26849
252.0,37,1665.816375
252.0,37,1666.37713
252.0,37,1666.918123
252.0,37,1667.47899
252.0,37,1668.031454
252.0,37,1668.599888
252.0,37,1669.18737
252.0,37,1669.735058
252.0,37,1670.27927
252.0,37,1670.888478
252.0,37,1671.486218
252.0,37,1672.082641
252.0,37,1672.653084
252.0,37,1673.224608
252.0,37,1673.825596
252.0,37,1674.387517
252.0,37,1675.004936
252.0,37,1675.592801
252.0,37,1676.142846
252.0,37,1676.693698
252.0,37,1677.285099
252.0,37,1677.81158
252.0,37,1678.404044
252.0,37,1678.954121
252.0,37,1679.581392
252.0,37,1680.149092
252.0,37,1680.772149
252.0,37,1681.337425
252.0,37,1681.93359
252.0,37,1682.53386
252.0,37,1683.094727
252.0,37,1683.66309
252.0,37,1684.195398
252.0,37,1684.795044
252.0,37,1685.373383
252.0,37,1685.960672
252.0,37,1686.518605
252.0,37,1687.069317
252.0,37,1687.618224
252.0,37,1688.19669
252.0,37,1688.746354
252.0,37,1689.361704
252.0,37,1689.891042
252.0,37,1690.479534
252.0,37,1691.040751
252.0,37,1691.610742
252.0,37,1692.194649
252.0,37,1692.772329
252.0,37,1693.343096
252.0,37,1693.896834
252.0,37,1694.495576
252.0,37,1695.067402
252.0,37,1695.636316
252.0,37,1696.227955
252.0,37,1696.806844
252.0,37,1697.362764
252.0,37,1697.935557
252.0,37,1698.478282
252.0,37,1699.025975
252.0,37,1699.626439
252.0,37,1700.204622
252.0,37,1700.778273
252.0,37,1701.352904
252.0,37,1701.901546
252.0,37,1702.481859
252.0,37,1703.060993
252.0,37,1703.623261
252.0,37,1704.212929
252.0,37,1704.784018
252.0,37,1705.324082
252.0,37,1705.86794
252.0,37,1706.462904
252.0,37,1706.999009
252.0,37,1707.568818
252.0,37,1708.100125
252.0,37,1708.655196
252.0,37,1709.208123
252.0,37,1709.754625
252.0,37,1710.341585
252.0,37,1710.923415
252.0,37,1711.561837
252.0,37,1712.090985
252.0,37,1712.692129
252.0,37,1713.253446
252.0,37,1713.78348
252.0,37,1714.380869
252.0,37,1714.924426
252.0,37,1715.501328
252.0,37,1716.071636
252.0,37,1716.614105
252.0,37,1717.174471
252.0,37,1717.768021
252.0,37,1718.312735
252.0,37,1718.883672
252.0,37,1719.442834
252.0,37,1720.058857
252.0,37,1720.622131
252.0,37,1721.153507
252.0,37,1721.715719
252.0,37,1722.272824
252.0,37,1722.83398
252.0,37,1723.392015
252.0,37,1723.962996
252.0,37,1724.543327
252.0,37,1725.064926
252.0,37,1725.706068
252.0,37,1726.270555
252.0,37,1726.816311
252.0,37,1727.397758
252.0,37,1727.976088
252.0,37,1728.551456
252.0,37,1729.07559
252.0,37,1729.563401
252.0,37,1730.052041
252.0,37,1730.561639
252.0,37,1731.070224
252.0,37,1731.551642
252.0,37,1732.103449
252.0,37,1732.62857
252.0,37,1733.184842
252.0,37,1733.706417
252.0,37,1734.248294
252.0,37,1734.804279
252.0,37,1735.358037
252.0,37,1735.898677
252.0,37,1736.443872
252.0,37,1736.968326
252.0,37,1737.505482
252.0,37,1738.075987
252.0,37,1738.625556
252.0,37,1739.169055
252.0,37,1739.726074
252.0,37,1740.282741
252.0,37,1740.839232
252.0,37,1741.379669
252.0,37,1741.968185
252.0,37,1742.509354
252.0,37,1743.050818
252.0,37,1743.640538
252.0,37,1744.176314
252.0,37,1744.723621
252.0,37,1745.255555
252.0,37,1745.804223
252.0,37,1746.349011
252.0,37,1746.883657
252.0,37,1747.419128
252.0,37,1747.974283
252.0,37,1748.539012
252.0,37,1749.099773
252.0,37,1749.656657
252.0,37,1750.219348
252.0,37,1750.754663
252.0,37,1751.269181
252.0,37,1751.797272
252.0,37,1752.308575
252.0,37,1752.837049
252.0,37,1753.353672
252.0,37,1753.866616
252.0,37,1754.395996
252.0,37,1754.926061
252.0,37,1755.460798
252.0,37,1755.993808
252.0,37,1756.536342
252.0,37,1757.088559
252.0,37,1757.606692
252.0,37,1758.128946
252.0,37,1758.645603
252.0,37,1759.167553
252.0,37,1759.712895
252.0,37,1760.269509
252.0,37,1760.830671
252.0,37,1761.382143
252.0,37,1761.94428
252.0,37,1762.489973
252.0,37,1763.051246
252.0,37,1763.621967
252.0,37,1764.177672
252.0,37,1764.711342
252.0,37,1765.240071
252.0,37,1765.777366
252.0,37,1766.322049
252.0,37,1766.862801
252.0,37,1767.411711
252.0,37,1767.963627
252.0,37,1768.504571
252.0,37,1769.065165
252.0,37,1769.615674
252.0,37,1770.15961
252.0,37,1770.71851
252.0,37,1771.261858
252.0,37,1771.818789
252.0,37,1772.359878
252.0,37,1772.910965
252.0,37,1773.465936
252.0,37,1774.02083
252.0,37,1774.586307
252.0,37,1775.137204
252.0,37,1775.690833
252.0,37,1776.24657
252.0,37,1776.79768
252.0,37,1777.358557
252.0,37,1777.900212
252.0,37,1778.421794
252.0,37,1778.962194
252.0,37,1779.466637
252.0,37,1779.99907
252.0,37,1780.557575
252.0,37,1781.104562
252.0,37,1781.677018
252.0,37,1782.246305
252.0,37,1782.79466
252.0,37,1783.328183
252.0,37,1783.861763
252.0,37,1784.41397
252.0,37,1784.953504
252.0,37,1785.509947
252.0,37,1786.060312
252.0,37,1786.59927
252.0,37,1787.143116
252.0,37,1787.688071
252.0,37,1788.237904
252.0,37,1788.782005
252.0,37,1789.325946
252.0,37,1789.875575
252.0,37,1790.415428
252.0,37,1790.979762
252.0,37,1791.535022
252.0,37,1792.081824
252.0,37,1792.644562
252.0,37,1793.192908
252.0,37,1793.75202
252.0,37,1794.291235
252.0,37,1794.827683
252.0,37,1795.373614
252.0,37,1795.910925
252.0,37,1796.46292
252.0,37,1797.001835
252.0,37,1797.543239
252.0,37,1798.088506
252.0,37,1798.630895
252.0,37,1799.192173
252.0,37,1799.749018
252.0,37,1800.285277
252.0,37,1800.838178
252.0,37,1801.393861
252.0,37,1801.953567
252.0,37,1802.492523
252.0,37,1803.04257
252.0,37,1803.602929
252.0,37,1804.139903
252.0,37,1804.694738
252.0,37,1805.23829
252.0,37,1805.773923
252.0,37,1806.318551
252.0,37,1806.870057
252.0,37,1807.429843
252.0,37,1807.979829
252.0,37,1808.52878
252.0,37,1809.088714
252.0,37,1809.64427
252.0,37,1810.214402
252.0,37,1810.759104
252.0,37,1811.305245
252.0,37,1811.870282
252.0,37,1812.40466
252.0,37,1812.966071
252.0,37,1813.526279
251.0,37,1814.073083
252.0,37,1814.623828
252.0,37,1815.17273
252.0,37,1815.726559
252.0,37,1816.271233
252.0,37,1816.822037
252.0,37,1817.390955
252.0,37,1817.934216
252.0,37,1818.487853
252.0,37,1819.035936
252.0,37,1819.610018
252.0,37,1820.187418
252.0,37,1820.747721
252.0,37,1821.300604
252.0,37,1821.859001
252.0,37,1822.409361
252.0,37,1822.977048
252.0,37,1823.518576
252.0,37,1824.095819
252.0,37,1824.65613
252.0,37,1825.201266
252.0,37,1825.746189
252.0,37,1826.329414
252.0,37,1826.872807
252.0,37,1827.426291
252.0,37,1827.978125
252.0,37,1828.540617
252.0,37,1829.090202
252.0,37,1829.658519
252.0,37,1830.199156
252.0,37,1830.747068
252.0,37,1831.299008
252.0,37,1831.864709
252.0,37,1832.438152
252.0,37,1832.993654
252.0,37,1833.534198
252.0,37,1834.119216
252.0,37,1834.663007
252.0,37,1835.224916
252.0,37,1835.784998
252.0,37,1836.35253
252.0,37,1836.887262
252.0,37,1837.437752
252.0,37,1837.977223
252.0,37,1838.514734
252.0,37,1839.056125
252.0,37,1839.647117
252.0,37,1840.267289
252.0,37,1840.82111
252.0,37,1841.345504
252.0,37,1841.897228
252.0,37,1842.441266
252.0,37,1842.9922
252.0,37,1843.576799
252.0,37,1844.163479
252.0,37,1844.700246
252.0,37,1845.273224
252.0,37,1845.845742
252.0,37,1846.412709
252.0,37,1846.978234
252.0,37,1847.548123
252.0,37,1848.116546
252.0,37,1848.649894
252.0,37,1849.213399
252.0,37,1849.751306
252.0,37,1850.31117
252.0,37,1850.888599
252.0,37,1851.458862
252.0,37,1852.042986
252.0,37,1852.569557
252.0,37,1853.10243
252.0,37,1853.675105
252.0,37,1854.254231
252.0,37,1854.840646
252.0,37,1855.408482
252.0,37,1855.95678
252.0,37,1856.499367
252.0,37,1857.051219
252.0,37,1857.610595
252.0,37,1858.158357
252.0,37,1858.703202
252.0,37,1859.27113
252.0,37,1859.824903
252.0,37,1860.369065
252.0,37,1860.908796
252.0,37,1861.451139
252.0,37,1861.999001
252.0,37,1862.529052
252.0,37,1863.077493
252.0,37,1863.610095
252.0,37,1864.13546
252.0,37,1864.685233
252.0,37,1865.256668
252.0,37,1865.806383
252.0,37,1866.361908
252.0,37,1866.925656
252.0,37,1867.485137
252.0,37,1868.049135
252.0,37,1868.619
252.0,37,1869.16677
252.0,37,1869.706195
252.0,37,1870.273676
252.0,37,1870.83443
252.0,37,1871.381177
252.0,37,1871.912722
252.0,37,1872.453415
252.0,37,1873.001672
252.0,37,1873.541369
252.0,37,1874.121027
252.0,37,1874.672337
252.0,37,1875.226654
252.0,37,1875.774939
252.0,37,1876.319043
252.0,37,1876.861948
252.0,37,1877.407617
252.0,37,1877.967672
252.0,37,1878.539261
252.0,37,1879.083686
252.0,37,1879.649431
252.0,37,1880.188096
252.0,37,1880.737107
252.0,37,1881.284134
252.0,37,1881.838546
252.0,37,1882.404813
252.0,37,1882.964016
252.0,37,1883.505082
252.0,37,1884.030746
252.0,37,1884.571911
252.0,37,1885.119021
252.0,37,1885.674866
252.0,37,1886.221389
252.0,37,1886.780568
252.0,37,1887.338175
252.0,37,1887.906641
252.0,37,1888.465528
252.0,37,1889.011543
252.0,37,1889.589078
252.0,37,1890.14681
252.0,37,1890.704958
252.0,37,1891.235328
252.0,37,1891.773239
252.0,37,1892.348066
252.0,37,1892.879281
252.0,37,1893.44312
252.0,37,1893.990783
252.0,37,1894.524812
252.0,37,1895.05879
252.0,37,1895.583836
252.0,37,1896.145021
252.0,37,1896.684245
252.0,37,1897.250703
252.0,37,1897.817923
252.0,37,1898.37697
252.0,37,1898.907807
252.0,37,1899.437479
252.0,37,1899.952533
252.0,37,1900.505757
252.0,37,1901.069411
252.0,37,1901.609013
252.0,37,1902.123999
252.0,37,1902.646242
252.0,37,1903.175969
252.0,37,1903.694312
252.0,37,1904.246082
252.0,37,1904.759332
252.0,37,1905.272716
252.0,37,1905.80816
252.0,37,1906.337743
252.0,37,1906.907208
252.0,37,1907.461151
252.0,37,1907.999835
252.0,37,1908.552918
252.0,37,1909.086925
252.0,37,1909.647137
252.0,37,1910.18793
252.0,37,1910.735126
252.0,37,1911.314825
252.0,37,1911.860271
252.0,37,1912.418073
252.0,37,1912.976198
252.0,37,1913.509909
252.0,37,1914.048859
252.0,37,1914.596087
252.0,37,1915.156838
252.0,37,1915.697447
252.0,37,1916.247507
252.0,37,1916.819705
252.0,37,1917.372783
252.0,37,1917.953669
252.0,37,1918.497045
252.0,37,1919.057429
252.0,37,1919.617045
252.0,37,1920.178599
252.0,37,1920.744327
252.0,37,1921.289499
252.0,37,1921.833022
252.0,37,1922.41116
252.0,37,1922.941211
252.0,37,1923.472477
252.0,37,1924.003095
252.0,37,1924.54771
252.0,37,1925.112429
252.0,37,1925.654328
252.0,37,1926.229316
252.0,37,1926.780997
252.0,37,1927.337362
252.0,37,1927.897173
252.0,37,1928.444413
252.0,37,1928.991509
252.0,37,1929.540514
252.0,37,1930.101357
252.0,37,1930.673769
252.0,37,1931.223087
252.0,37,1931.778198
252.0,37,1932.323646
252.0,37,1932.867677
252.0,37,1933.432603
252.0,37,1933.980235
252.0,37,1934.562478
252.0,37,1935.122304
252.0,37,1935.669789
252.0,37,1936.237801
252.0,37,1936.791282
252.0,37,1937.334814
252.0,37,1937.844424
252.0,37,1938.375021
252.0,37,1938.944245
252.0,37,1939.488851
252.0,37,1940.050379
252.0,37,1940.596224
252.0,37,1941.136592
252.0,37,1941.700899
252.0,37,1942.252782
252.0,37,1942.841254
252.0,37,1943.390852
252.0,37,1943.928359
252.0,37,1944.479187
252.0,37,1945.029571
252.0,37,1945.588007
252.0,37,1946.142683
252.0,37,1946.684631
252.0,37,1947.240267
252.0,37,1947.789299
252.0,37,1948.350827
252.0,37,1948.901643
252.0,37,1949.460857
252.0,37,1950.035739
252.0,37,1950.593264
252.0,37,1951.156613
252.0,37,1951.710521
252.0,37,1952.259682
252.0,37,1952.817644
252.0,37,1953.351334
252.0,37,1953.895285
252.0,37,1954.445924
252.0,37,1955.004049
252.0,37,1955.574803
252.0,37,1956.127081
252.0,37,1956.687747
252.0,37,1957.233882
252.0,37,1957.77199
252.0,37,1958.321225
252.0,37,1958.859669
252.0,37,1959.399931
252.0,37,1959.936239
252.0,37,1960.466284
252.0,37,1961.015776
252.0,37,1961.559807
252.0,37,1962.100485
252.0,37,1962.64116
252.0,37,1963.191595
252.0,37,1963.733485
252.0,37,1964.266819
252.0,37,1964.824008
252.0,37,1965.368649
252.0,37,1965.915673
252.0,37,1966.472164
252.0,37,1967.030874
252.0,37,1967.589013
252.0,37,1968.132161
252.0,37,1968.680592
252.0,37,1969.237627
252.0,37,1969.780294
252.0,37,1970.338923
252.0,37,1970.894629
252.0,37,1971.43402
252.0,37,1972.003418
252.0,37,1972.545969
252.0,37,1973.103581
252.0,37,1973.655783
252.0,37,1974.210205
252.0,37,1974.762107
252.0,37,1975.306293
252.0,37,1975.846392
252.0,37,1976.393275
252.0,37,1976.945239
252.0,37,1977.503397
252.0,37,1978.040322
252.0,37,1978.602563
252.0,37,1979.146235
252.0,37,1979.688375
252.0,37,1980.240121
252.0,37,1980.790941
252.0,37,1981.353596
252.0,37,1981.899773
252.0,37,1982.447565
252.0,37,1983.001674
252.0,37,1983.550018
252.0,37,1984.109657
252.0,37,1984.648182
252.0,37,1985.196579
252.0,37,1985.767076
252.0,37,1986.309719
252.0,37,1986.856861
252.0,37,1987.412822
252.0,37,1987.952942
252.0,37,1988.503606
252.0,37,1989.059421
252.0,37,1989.622296
252.0,37,1990.169726
252.0,37,1990.723834
252.0,37,1991.281477
252.0,37,1991.819427
252.0,37,1992.377242
252.0,37,1992.918119
252.0,37,1993.468392
252.0,37,1994.030722
252.0,37,1994.582702
252.0,37,1995.146683
252.0,37,1995.681085
252.0,37,1996.221178
252.0,37,1996.769074
252.0,37,1997.309483
252.0,37,1997.871452
252.0,37,1998.418802
252.0,37,1998.977168
252.0,37,1999.557007
252.0,37,2000.104009
252.0,37,2000.650935
252.0,37,2001.195897
252.0,37,2001.723217
252.0,37,2002.304922
252.0,37,2002.866684
252.0,37,2003.446286
252.0,37,2004.000715
252.0,37,2004.559551
252.0,37,2005.100558
252.0,37,2005.648417
252.0,37,2006.200237
252.0,37,2006.742625
252.0,37,2007.29983
252.0,37,2007.847133
252.0,37,2008.410625
252.0,37,2008.969099
252.0,37,2009.562757
252.0,37,2010.103097
252.0,37,2010.657738
252.0,37,2011.189112
252.0,37,2011.752445
252.0,37,2012.284403
252.0,37,2012.828586
252.0,37,2013.41236
252.0,37,2013.951945
252.0,37,2014.5002
252.0,37,2015.06531
252.0,37,2015.630705
252.0,37,2016.2049
252.0,37,2016.780519
252.0,37,2017.377854
252.0,37,2017.900027
252.0,37,2018.469672
252.0,37,2019.006245
252.0,37,2019.575356
252.0,37,2020.168314
252.0,37,2020.702052
252.0,37,2021.263577
252.0,37,2021.839681
252.0,37,2022.374623
252.0,37,2022.94136
252.0,37,2023.495162
252.0,37,2024.045515
252.0,37,2024.608685
252.0,37,2025.173606
252.0,37,2025.733968
252.0,37,2026.295095
252.0,37,2026.83006
252.0,37,2027.401035
252.0,37,2027.930587
252.0,37,2028.489355
252.0,37,2029.044015
252.0,37,2029.575815
252.0,37,2030.145535
252.0,37,2030.754609
252.0,37,2031.352088
252.0,37,2031.931881
252.0,37,2032.533512
252.0,37,2033.128428
252.0,37,2033.696037
252.0,37,2034.268548
252.0,37,2034.813578
252.0,37,2035.353449
252.0,37,2035.904602
252.0,37,2036.46465
252.0,37,2037.028029
252.0,37,2037.596674
252.0,37,2038.167318
252.0,37,2038.74288
252.0,37,2039.299929
252.0,37,2039.892254
252.0,37,2040.449369
252.0,37,2041.013417
252.0,37,2041.599297
252.0,37,2042.177079
252.0,37,2042.745188
252.0,37,2043.290283
252.0,37,2043.843787
252.0,37,2044.434672
252.0,37,2044.995916
252.0,37,2045.578326
252.0,37,2046.138412
252.0,37,2046.704466
252.0,37,2047.246514
252.0,37,2047.810781
252.0,37,2048.376888
252.0,37,2048.94135
252.0,37,2049.496882
252.0,37,2050.035356
252.0,37,2050.558398
252.0,37,2051.083017
252.0,37,2051.618715
252.0,37,2052.158516
252.0,37,2052.70174
252.0,37,2053.263432
252.0,37,2053.835847
252.0,37,2054.390416
252.0,37,2054.966106
252.0,37,2055.538081
252.0,37,2056.11189
252.0,37,2056.702494
252.0,37,2057.254294
252.0,37,2057.814726
252.0,37,2058.358448
252.0,37,2058.899331
252.0,37,2059.468218
252.0,37,2060.008868
252.0,37,2060.546165
252.0,37,2061.109329
252.0,37,2061.668984
252.0,37,2062.217243
252.0,37,2062.780461
252.0,37,2063.322712
252.0,37,2063.875526
252.0,37,2064.406551
252.0,37,2064.985629
252.0,37,2065.512636
252.0,37,2066.065864
252.0,37,2066.630032
252.0,37,2067.165787
252.0,37,2067.709872
252.0,37,2068.271995
252.0,37,2068.828988
252.0,37,2069.385575
252.0,37,2069.936342
252.0,37,2070.553534
252.0,37,2071.105668
252.0,37,2071.672084
252.0,37,2072.247103
252.0,37,2072.808215
252.0,37,2073.338632
252.0,37,2073.901422
252.0,37,2074.447496
252.0,37,2075.001771
252.0,37,2075.57537
252.0,37,2076.170724
252.0,37,2076.722009
252.0,37,2077.277617
252.0,37,2077.852618
252.0,37,2078.40391
252.0,37,2078.985449
252.0,37,2079.568347
252.0,37,2080.128775
252.0,37,2080.686217
252.0,37,2081.213779
252.0,37,2081.747817
252.0,37,2082.283779
252.0,37,2082.813869
252.0,37,2083.327103
252.0,37,2083.84864
252.0,37,2084.388543
252.0,37,2084.92599
252.0,37,2085.474306
252.0,37,2086.030851
252.0,37,2086.594939
252.0,37,2087.162847
252.0,37,2087.702779
252.0,37,2088.249988
252.0,37,2088.804109
252.0,37,2089.333248
252.0,37,2089.884646
252.0,37,2090.427367
252.0,37,2090.968771
252.0,37,2091.521806
252.0,37,2092.068409
252.0,37,2092.658143
252.0,37,2093.228815
252.0,37,2093.797076
252.0,37,2094.352861
252.0,37,2094.891077
252.0,37,2095.445045
252.0,37,2096.007469
252.0,37,2096.549135
252.0,37,2097.107492
252.0,37,2097.660082
252.0,37,2098.211577
252.0,37,2098.763463
252.0,37,2099.314521
252.0,37,2099.853933
252.0,37,2100.385598
252.0,37,2100.926294
252.0,37,2101.479352
252.0,37,2102.025551
252.0,37,2102.59348
252.0,37,2103.161037
252.0,37,2103.730225
252.0,37,2104.274085
252.0,37,2104.828866
252.0,37,2105.387255
252.0,37,2105.941409
252.0,37,2106.499106
252.0,37,2107.060547
252.0,37,2107.606231
252.0,37,2108.171298
252.0,37,2108.724128
252.0,37,2109.282693
252.0,37,2109.837092
252.0,37,2110.379369
252.0,37,2110.939374
252.0,37,2111.499604
252.0,37,2112.060187
252.0,37,2112.622888
252.0,37,2113.182702
252.0,37,2113.779975
252.0,37,2114.331073
252.0,37,2114.886112
252.0,37,2115.434058
252.0,37,2115.973556
252.0,37,2116.531561
252.0,37,2117.077587
252.0,37,2117.640822
252.0,37,2118.183933
252.0,37,2118.73529
252.0,37,2119.294506
252.0,37,2119.835371
252.0,37,2120.411862
252.0,37,2120.970204
252.0,37,2121.513404
252.0,37,2122.074344
252.0,37,2122.631835
252.0,37,2123.204686
252.0,37,2123.764539
252.0,37,2124.302823
252.0,37,2124.852838
252.0,37,2125.391049
252.0,37,2125.940963
252.0,37,2126.483051
252.0,37,2127.024262
252.0,37,2127.596458
252.0,37,2128.141412
252.0,37,2128.699955
252.0,37,2129.252354
252.0,37,2129.817021
252.0,37,2130.385245
252.0,37,2130.942327
252.0,37,2131.506091
252.0,37,2132.063693
252.0,37,2132.640605
252.0,37,2133.217206
252.0,37,2133.771641
252.0,37,2134.341375
252.0,37,2134.916574
252.0,37,2135.486982
252.0,37,2136.070402
252.0,37,2136.603903
252.0,37,2137.149879
252.0,37,2137.706702
252.0,37,2138.237864
252.0,37,2138.764519
252.0,37,2139.306967
252.0,37,2139.854388
252.0,37,2140.412102
252.0,37,2140.977693
252.0,37,2141.54502
252.0,37,2142.112464
252.0,37,2142.683322
252.0,37,2143.225581
252.0,37,2143.771069
252.0,37,2144.330971
252.0,37,2144.878343
252.0,37,2145.426742
252.0,37,2145.963823
252.0,37,2146.527543
252.0,37,2147.091021
252.0,37,2147.65085
252.0,37,2148.207471
252.0,37,2148.754207
252.0,37,2149.288744
252.0,37,2149.876152
252.0,37,2150.421717
252.0,37,2150.97205
252.0,37,2151.525647
252.0,37,2152.072919
252.0,37,2152.633668
252.0,37,2153.199009
252.0,37,2153.768985
252.0,37,2154.317352
252.0,37,2154.888597
252.0,37,2155.460557
252.0,37,2156.017502
252.0,37,2156.595023
252.0,37,2157.147383
252.0,37,2157.694994
252.0,37,2158.255905
252.0,37,2158.792472
252.0,37,2159.345579
252.0,37,2159.905506
252.0,37,2160.466555
252.0,37,2161.033212
252.0,37,2161.584697
252.0,37,2162.136902
252.0,37,2162.69452
252.0,37,2163.247171
252.0,37,2163.803715
252.0,37,2164.358419
252.0,37,2164.94606
252.0,37,2165.48473
252.0,37,2166.041493
252.0,37,2166.623119
252.0,37,2167.190072
252.0,37,2167.755108
252.0,37,2168.323685
252.0,37,2168.896835
252.0,37,2169.473512
252.0,37,2170.0132
252.0,37,2170.585357
252.0,37,2171.139297
252.0,37,2171.693684
252.0,37,2172.257378
252.0,37,2172.812632
252.0,37,2173.36441
252.0,37,2173.932412
252.0,37,2174.493808
252.0,37,2175.039963
252.0,37,2175.588169
252.0,37,2176.145214
252.0,37,2176.698339
252.0,37,2177.251745
252.0,37,2177.819746
252.0,37,2178.383359
252.0,37,2178.958158
252.0,37,2179.517166
252.0,37,2180.063239
252.0,37,2180.641536
252.0,37,2181.206778
252.0,37,2181.772388
252.0,37,2182.303828
252.0,37,2182.83009
252.0,37,2183.378962
252.0,37,2183.936133
252.0,37,2184.478826
252.0,37,2185.030843
252.0,37,2185.574424
252.0,37,2186.129768
252.0,37,2186.692985
252.0,37,2187.286547
252.0,37,2187.82794
252.0,37,2188.401321
252.0,37,2188.94603
252.0,37,2189.491866
252.0,37,2190.062037
252.0,37,2190.633822
252.0,37,2191.190855
252.0,37,2191.742187
252.0,37,2192.29703
252.0,37,2192.837176
252.0,37,2193.383254
252.0,37,2193.948603
252.0,37,2194.514133
252.0,37,2195.065487
252.0,37,2195.642113
252.0,37,2196.190964
252.0,37,2196.749206
252.0,37,2197.310677
252.0,37,2197.873185
252.0,37,2198.437016
252.0,37,2198.970174
252.0,37,2199.497738
252.0,37,2200.080326
252.0,37,2200.64271
252.0,37,2201.19101
252.0,37,2201.745278
252.0,37,2202.295285
252.0,37,2202.856735
252.0,37,2203.414437
252.0,37,2203.979787
252.0,37,2204.509695
252.0,37,2205.046187
252.0,37,2205.62174
252.0,37,2206.156392
252.0,37,2206.700992
252.0,37,2207.255237
252.0,37,2207.781918
252.0,37,2208.34592
252.0,37,2208.892553
252.0,37,2209.452872
252.0,37,2210.022771
252.0,37,2210.573213
252.0,37,2211.14434
252.0,37,2211.691968
252.0,37,2212.250869
252.0,37,2212.808594
252.0,37,2213.367975
252.0,37,2213.911358
252.0,37,2214.444794
252.0,37,2215.004097
252.0,37,2215.563248
252.0,37,2216.109953
252.0,37,2216.665282
252.0,37,2217.206442
252.0,37,2217.763531
252.0,37,2218.302591
252.0,37,2218.863641
252.0,37,2219.415353
252.0,37,2219.974875
252.0,37,2220.539522
252.0,37,2221.112435
252.0,37,2221.661483
252.0,37,2222.225591
252.0,37,2222.787302
252.0,37,2223.33429
252.0,37,2223.902691
252.0,37,2224.458724
252.0,37,2225.010505
252.0,37,2225.573339
252.0,37,2226.140325
252.0,37,2226.699346
252.0,37,2227.237037
252.0,37,2227.778341
252.0,37,2228.298477
252.0,37,2228.877391
252.0,37,2229.437805
252.0,37,2229.974457
252.0,37,2230.511954
252.0,37,2231.049573
252.0,37,2231.583224
252.0,37,2232.1171
252.0,37,2232.68154
252.0,37,2233.225448
252.0,37,2233.788938
252.0,37,2234.363572
252.0,37,2234.913751
252.0,37,2235.479345
252.0,37,2236.045582
252.0,37,2236.566245
252.0,37,2237.116824
252.0,37,2237.692854
252.0,37,2238.251509
252.0,37,2238.792975
252.0,37,2239.339518
252.0,37,2239.907209
252.0,37,2240.450913
252.0,37,2241.015402
252.0,37,2241.60624
252.0,37,2242.185335
252.0,37,2242.766349
252.0,37,2243.336691
252.0,37,2243.87163
252.0,37,2244.400927
252.0,37,2244.967543
252.0,37,2245.523882
252.0,37,2246.050534
252.0,37,2246.577162
252.0,37,2247.112766
252.0,37,2247.656991
252.0,37,2248.174893
252.0,37,2248.703713
252.0,37,2249.247203
252.0,37,2249.821827
252.0,37,2250.377401
252.0,37,2250.964559
252.0,37,2251.508501
252.0,37,2252.05566
252.0,37,2252.604112
252.0,37,2253.152911
252.0,37,2253.720585
252.0,37,2254.284348
252.0,37,2254.824105
252.0,37,2255.358436
252.0,37,2255.901844
252.0,37,2256.443488
252.0,37,2256.997796
252.0,37,2257.550261
252.0,37,2258.12103
252.0,37,2258.699478
252.0,37,2259.24664
252.0,37,2259.768724
252.0,37,2260.289748
252.0,37,2260.794491
252.0,37,2261.298412
252.0,37,2261.832815
252.0,37,2262.348185
252.0,37,2262.884323
252.0,37,2263.4334
252.0,37,2263.938479
252.0,37,2264.514359
252.0,37,2265.01063
252.0,37,2265.494485
252.0,37,2265.985918
252.0,37,2266.472153
252.0,37,2266.984468
252.0,37,2267.496472
252.0,37,2268.018065
252.0,37,2268.566122
252.0,37,2269.102325
252.0,37,2269.668006
252.0,37,2270.222121
252.0,37,2270.768554
252.0,37,2271.330398
252.0,37,2271.872368
252.0,37,2272.43764
252.0,37,2272.983168
252.0,37,2273.519691
252.0,37,2274.070617
252.0,37,2274.620852
252.0,37,2275.166845
252.0,37,2275.710486
252.0,37,2276.236704
252.0,37,2276.837542
252.0,37,2277.426519
252.0,37,2278.001557
252.0,37,2278.564359
252.0,37,2279.106504
252.0,37,2279.665789
252.0,37,2280.215566
252.0,37,2280.790471
252.0,37,2281.340999
252.0,37,2281.89343
252.0,37,2282.452259
252.0,37,2283.002817
252.0,37,2283.570395
252.0,37,2284.133798
252.0,37,2284.68015
252.0,37,2285.249847
252.0,37,2285.819701
252.0,37,2286.382863
252.0,37,2286.94672
252.0,37,2287.509397
252.0,37,2288.069361
252.0,37,2288.620364
252.0,37,2289.195279
252.0,37,2289.745497
252.0,37,2290.289898
252.0,37,2290.8586
252.0,37,2291.403662
252.0,37,2291.95736
252.0,37,2292.523737
252.0,37,2293.094566
252.0,37,2293.697017
252.0,37,2294.27527
252.0,37,2294.856056
252.0,37,2295.413362
252.0,37,2295.967266
252.0,37,2296.528473
252.0,37,2297.075993
252.0,37,2297.625119
252.0,37,2298.170543
252.0,37,2298.719853
252.0,37,2299.292086
252.0,37,2299.853407
252.0,37,2300.409389
252.0,37,2300.962559
252.0,37,2301.521957
252.0,37,2302.075423
252.0,37,2302.625026
252.0,37,2303.18392
252.0,37,2303.732098
252.0,37,2304.281524
252.0,37,2304.851664
252.0,37,2305.40437
252.0,37,2305.956901
252.0,37,2306.512721
252.0,37,2307.055423
252.0,37,2307.616719
252.0,37,2308.177875
252.0,37,2308.7393
252.0,37,2309.303551
252.0,37,2309.862856
252.0,37,2310.422207
252.0,37,2310.974803
252.0,37,2311.529146
252.0,37,2312.068368
252.0,37,2312.622027
252.0,37,2313.189636
252.0,37,2313.738252
252.0,37,2314.290165
252.0,37,2314.829586
252.0,37,2315.381558
252.0,37,2315.933159
252.0,37,2316.482598
252.0,37,2317.044043
252.0,37,2317.589062
252.0,37,2318.140115
252.0,37,2318.692443
252.0,37,2319.229117
252.0,37,2319.779902
252.0,37,2320.32074
252.0,37,2320.846928
252.0,37,2321.393912
252.0,37,2321.947599
252.0,37,2322.502549
252.0,37,2323.048442
252.0,37,2323.600133
252.0,37,2324.153961
252.0,37,2324.693541
252.0,37,2325.248324
252.0,37,2325.782201
252.0,37,2326.326832
252.0,37,2326.896741
252.0,37,2327.448072
252.0,37,2327.999555
252.0,37,2328.540935
252.0,37,2329.085878
252.0,37,2329.63595
252.0,37,2330.182155
252.0,37,2330.777798
252.0,37,2331.347397
252.0,37,2331.902428
252.0,37,2332.4751
252.0,37,2333.03117
252.0,37,2333.618121
252.0,37,2334.186291
252.0,37,2334.754442
252.0,37,2335.320065
252.0,37,2335.880193
252.0,37,2336.455013
252.0,37,2337.005685
252.0,37,2337.551232
252.0,37,2338.105622
252.0,37,2338.641459
252.0,37,2339.202463
252.0,37,2339.761641
252.0,37,2340.351379
252.0,37,2340.953877
252.0,37,2341.501608
252.0,37,2342.050778
252.0,37,2342.60175
252.0,37,2343.15313
252.0,37,2343.713597
252.0,37,2344.273129
252.0,37,2344.82581
252.0,37,2345.3728
252.0,37,2345.92615
252.0,37,2346.481246
252.0,37,2347.024236
252.0,37,2347.591245
252.0,37,2348.130207
252.0,37,2348.672431
252.0,37,2349.229951
252.0,37,2349.778151
252.0,37,2350.346883
252.0,37,2350.892521
252.0,37,2351.435069
252.0,37,2351.993891
252.0,37,2352.539144
252.0,37,2353.113458
252.0,37,2353.656684
252.0,37,2354.211729
252.0,37,2354.778783
252.0,37,2355.335158
252.0,37,2355.906886
252.0,37,2356.473635
252.0,37,2357.021569
252.0,37,2357.59173
252.0,37,2358.170655
252.0,37,2358.723144
252.0,37,2359.268167
252.0,37,2359.804077
252.0,37,2360.342047
252.0,37,2360.877067
252.0,37,2361.438281
252.0,37,2361.999125
252.0,37,2362.561684
252.0,37,2363.120239
252.0,37,2363.682542
252.0,37,2364.252941
252.0,37,2364.759196
252.0,37,2365.265625
252.0,37,2365.821815
252.0,37,2366.350355
252.0,37,2366.909931
252.0,37,2367.483361
252.0,37,2368.052641
252.0,37,2368.596046
252.0,37,2369.158738
252.0,37,2369.741022
252.0,37,2370.310198
252.0,37,2370.853226
252.0,37,2371.459915
252.0,37,2372.002543
252.0,37,2372.558742
252.0,37,2373.134476
252.0,37,2373.669709
252.0,37,2374.23474
252.0,37,2374.766499
252.0,37,2375.385765
252.0,37,2375.93597
252.0,37,2376.496081
252.0,37,2377.049318
252.0,37,2377.610135
252.0,37,2378.193482
252.0,37,2378.772104
252.0,37,2379.351127
252.0,37,2379.945021
252.0,37,2380.549803
252.0,37,2381.161823
252.0,37,2381.699516
252.0,37,2382.238255
252.0,37,2382.864753
252.0,37,2383.39681
252.0,37,2383.979288
252.0,37,2384.561098
252.0,37,2385.106529
252.0,37,2385.691678
252.0,37,2386.223893
252.0,37,2386.779942
252.0,37,2387.347892
252.0,37,2387.913869
252.0,37,2388.501244
252.0,37,2389.062529
252.0,37,2389.615283
252.0,37,2390.165276
252.0,37,2390.752875
252.0,37,2391.314081
252.0,37,2391.891654
252.0,37,2392.449129
252.0,37,2393.014061
252.0,37,2393.579656
252.0,37,2394.109583
252.0,37,2394.787438
252.0,37,2395.347544
252.0,37,2395.896395
252.0,37,2396.496094
252.0,37,2397.086986
252.0,37,2397.690827
252.0,37,2398.232572
252.0,37,2398.773222
252.0,37,2399.306181
252.0,37,2399.861722
252.0,37,2400.390352
252.0,37,2400.956256
252.0,37,2401.516381
252.0,37,2402.105015
252.0,37,2402.660658
252.0,37,2403.194412
252.0,37,2403.759792
252.0,37,2404.334638
252.0,37,2404.919844
252.0,37,2405.508024
252.0,37,2406.123826
252.0,37,2406.728278
252.0,37,2407.280426
252.0,37,2407.830455
252.0,37,2408.434573
252.0,37,2408.97663
252.0,37,2409.584965
252.0,37,2410.14513
252.0,37,2410.679656
252.0,37,2411.292628
252.0,37,2411.855038
252.0,37,2412.495863
252.0,37,2413.062133
252.0,37,2413.618051
252.0,37,2414.217382
252.0,37,2414.814117
252.0,37,2415.391039
252.0,37,2415.969714
252.0,37,2416.492895
252.0,37,2417.064669
252.0,37,2417.636231
252.0,37,2418.203249
252.0,37,2418.78542
252.0,37,2419.325747
252.0,37,2419.904292
252.0,37,2420.464782
252.0,37,2421.027653
252.0,37,2421.600851
252.0,37,2422.140767
252.0,37,2422.740763
252.0,37,2423.302243
252.0,37,2423.886235
252.0,37,2424.481179
252.0,37,2425.063079
252.0,37,2425.623081
252.0,37,2426.186771
252.0,37,2426.748008
252.0,37,2427.310607
252.0,37,2427.855573
252.0,37,2428.425565
252.0,37,2428.953832
252.0,37,2429.524919
252.0,37,2430.065782
252.0,37,2430.5892
252.0,37,2431.176243
252.0,37,2431.715052
252.0,37,2432.327155
252.0,37,2432.877909
252.0,37,2433.473204
252.0,37,2434.021243
252.0,37,2434.590786
252.0,37,2435.20928
252.0,37,2435.748463
252.0,37,2436.287909
252.0,37,2436.828399
252.0,37,2437.369235
252.0,37,2437.929907
252.0,37,2438.519609
252.0,37,2439.076962
252.0,37,2439.638987
252.0,37,2440.192901
252.0,37,2440.794879
252.0,37,2441.350682
252.0,37,2441.88643
252.0,37,2442.457572
252.0,37,2443.02557
252.0,37,2443.60515
252.0,37,2444.154056
252.0,37,2444.765422
252.0,37,2445.320826
252.0,37,2445.912843
252.0,37,2446.455874
252.0,37,2446.985029
252.0,37,2447.54858
252.0,37,2448.119763
252.0,37,2448.669598
252.0,37,2449.216941
252.0,37,2449.742648
252.0,37,2450.282313
252.0,37,2450.801178
252.0,37,2451.309851
252.0,37,2451.82978
252.0,37,2452.336142
252.0,37,2452.8494
252.0,37,2453.397309
252.0,37,2453.991972
252.0,37,2454.563656
252.0,37,2455.120882
252.0,37,2455.672173
252.0,37,2456.222385
252.0,37,2456.771662
252.0,37,2457.337841
252.0,37,2457.873852
252.0,37,2458.413301
252.0,37,2458.96589
252.0,37,2459.524761
252.0,37,2460.08448
252.0,37,2460.625258
252.0,37,2461.181557
252.0,37,2461.746642
252.0,37,2462.293197
252.0,37,2462.867295
252.0,37,2463.425529
252.0,37,2463.962371
252.0,37,2464.518877
252.0,37,2465.061257
252.0,37,2465.616321
252.0,37,2466.159209
252.0,37,2466.696416
252.0,37,2467.263637
252.0,37,2467.834384
252.0,37,2468.403116
252.0,37,2468.982444
252.0,37,2469.529874
252.0,37,2470.086015
252.0,37,2470.631155
252.0,37,2471.181828
252.0,37,2471.724313
252.0,37,2472.265194
252.0,37,2472.827253
252.0,37,2473.385044
252.0,37,2473.940114
252.0,37,2474.482672
252.0,37,2475.031295
252.0,37,2475.592314
252.0,37,2476.146506
252.0,37,2476.724022
252.0,37,2477.260851
252.0,37,2477.80098
252.0,37,2478.378013
252.0,37,2478.926304
252.0,37,2479.485573
252.0,37,2480.044069
252.0,37,2480.595996
252.0,37,2481.158745
252.0,37,2481.71948
252.0,37,2482.276724
252.0,37,2482.838218
252.0,37,2483.389063
252.0,37,2483.949831
252.0,37,2484.486828
252.0,37,2485.060379
252.0,37,2485.614206
252.0,37,2486.163124
252.0,37,2486.721598
252.0,37,2487.286915
252.0,37,2487.850971
252.0,37,2488.414556
252.0,37,2488.99479
252.0,37,2489.560049
252.0,37,2490.126443
252.0,37,2490.743012
252.0,37,2491.315749
252.0,37,2491.910223
252.0,37,2492.495043
252.0,37,2493.051775
252.0,37,2493.635252
252.0,37,2494.21008
252.0,37,2494.764277
252.0,37,2495.333055
252.0,37,2495.874713
252.0,37,2496.439403
252.0,37,2496.98298
252.0,37,2497.53377
252.0,37,2498.095415
252.0,37,2498.655938
252.0,37,2499.237147
252.0,37,2499.784326
252.0,37,2500.329873
252.0,37,2500.903811
252.0,37,2501.443444
252.0,37,2501.991528
252.0,37,2502.540576
252.0,37,2503.094824
252.0,37,2503.660023
252.0,37,2504.233768
252.0,37,2504.789597
252.0,37,2505.339498
252.0,37,2505.893198
252.0,37,2506.433941
252.0,37,2506.977921
252.0,37,2507.531528
252.0,37,2508.085481
252.0,37,2508.62938
252.0,37,2509.199783
252.0,37,2509.753075
252.0,37,2510.301479
252.0,37,2510.844467
252.0,37,2511.397562
252.0,37,2511.951429
252.0,37,2512.488847
252.0,37,2513.034044
252.0,37,2513.577239
252.0,37,2514.125373
252.0,37,2514.657421
252.0,37,2515.183037
252.0,37,2515.726387
252.0,37,2516.27588
252.0,37,2516.828768
252.0,37,2517.393526
252.0,37,2517.947661
252.0,37,2518.523611
252.0,37,2519.070698
252.0,37,2519.621081
252.0,37,2520.178984
252.0,37,2520.716558
252.0,37,2521.281722
252.0,37,2521.825806
252.0,37,2522.365191
252.0,37,2522.960836
252.0,37,2523.552147
252.0,37,2524.13217
252.0,37,2524.679796
252.0,37,2525.224628
252.0,37,2525.785495
252.0,37,2526.345357
252.0,37,2526.903945
252.0,37,2527.455643
252.0,37,2528.005244
252.0,37,2528.57681
252.0,37,2529.148489
252.0,37,2529.715028
252.0,37,2530.259269
252.0,37,2530.797231
252.0,37,2531.346517
252.0,37,2531.90863
252.0,37,2532.471737
252.0,37,2533.023717
252.0,37,2533.581631
252.0,37,2534.139913
252.0,37,2534.677302
252.0,37,2535.22613
252.0,37,2535.776764
252.0,37,2536.32329
252.0,37,2536.884175
252.0,37,2537.434118
252.0,37,2537.995482
252.0,37,2538.552194
252.0,37,2539.108322
252.0,37,2539.674047
252.0,37,2540.234478
252.0,37,2540.804447
252.0,37,2541.347713
252.0,37,2541.894473
252.0,37,2542.454767
252.0,37,2543.002758
252.0,37,2543.565938
252.0,37,2544.135638
252.0,37,2544.690443
252.0,37,2545.254737
252.0,37,2545.823038
252.0,37,2546.382829
252.0,37,2546.927008
252.0,37,2547.473546
252.0,37,2548.036173
252.0,37,2548.588901
252.0,37,2549.165022
252.0,37,2549.721057
252.0,37,2550.252441
252.0,37,2550.815077
252.0,37,2551.351498
252.0,37,2551.915375
252.0,37,2552.453606
252.0,37,2552.999788
252.0,37,2553.545624
252.0,37,2554.098149
252.0,37,2554.667245
252.0,37,2555.269831
252.0,37,2555.832038
252.0,37,2556.380603
252.0,37,2556.938305
252.0,37,2557.486125
252.0,37,2558.02634
252.0,37,2558.565736
252.0,37,2559.11127
252.0,37,2559.673137
252.0,37,2560.214242
252.0,37,2560.755816
252.0,37,2561.32922
252.0,37,2561.878662
252.0,37,2562.421813
252.0,37,2563.029579
252.0,37,2563.583324
252.0,37,2564.148504
252.0,37,2564.72763
252.0,37,2565.267778
252.0,37,2565.83074
252.0,37,2566.379412
252.0,37,2566.922506
252.0,37,2567.471814
252.0,37,2568.030051
252.0,37,2568.577752
252.0,37,2569.120911
252.0,37,2569.657045
252.0,37,2570.218668
252.0,37,2570.770992
252.0,37,2571.355703
252.0,37,2571.917997
252.0,37,2572.534812
252.0,37,2573.091327
252.0,37,2573.646527
252.0,37,2574.219711
252.0,37,2574.781881
252.0,37,2575.328124
252.0,37,2575.899796
252.0,37,2576.48288
252.0,37,2577.05076
252.0,37,2577.59235
252.0,37,2578.156327
252.0,37,2578.718736
252.0,37,2579.291807
252.0,37,2579.882
252.0,37,2580.434413
252.0,37,2580.992674
252.0,37,2581.556813
252.0,37,2582.11758
252.0,37,2582.697711
252.0,37,2583.230934
252.0,37,2583.800411
252.0,37,2584.360182
252.0,37,2584.917551
252.0,37,2585.47818
252.0,37,2586.051821
252.0,37,2586.619016
252.0,37,2587.211631
252.0,37,2587.767737
252.0,37,2588.353105
252.0,37,2588.91097
252.0,37,2589.476297
252.0,37,2590.05043
252.0,37,2590.59431
252.0,37,2591.13522
252.0,37,2591.691837
252.0,37,2592.249258
252.0,37,2592.787484
252.0,37,2593.324421
252.0,37,2593.86177
252.0,37,2594.421463
252.0,37,2594.984083
252.0,37,2595.548573
252.0,37,2596.131736
252.0,37,2596.683019
252.0,37,2597.232426
252.0,37,2597.794408
252.0,37,2598.347083
252.0,37,2598.884213
252.0,37,2599.448469
252.0,37,2599.992198
252.0,37,2600.528384
252.0,37,2601.0839
252.0,37,2601.629923
252.0,37,2602.197961
252.0,37,2602.746894
252.0,37,2603.314976
252.0,37,2603.874021
252.0,37,2604.420761
252.0,37,2604.993388
252.0,37,2605.545197
252.0,37,2606.110752
252.0,37,2606.687916
252.0,37,2607.249373
252.0,37,2607.812841
252.0,37,2608.371152
252.0,37,2608.923813
252.0,37,2609.454948
252.0,37,2609.996758
252.0,37,2610.545052
252.0,37,2611.100267
252.0,37,2611.649894
252.0,37,2612.193854
252.0,37,2612.720387
252.0,37,2613.260092
252.0,37,2613.80526
252.0,37,2614.363749
252.0,37,2614.937883
252.0,37,2615.4655
252.0,37,2616.030357
252.0,37,2616.567352
252.0,37,2617.120515
252.0,37,2617.687003
252.0,37,2618.24218
252.0,37,2618.806451
252.0,37,2619.367309
252.0,37,2619.924207
252.0,37,2620.495279
252.0,37,2621.04021
252.0,37,2621.589323
252.0,37,2622.091218
252.0,37,2622.592691
252.0,37,2623.138698
252.0,37,2623.692534
252.0,37,2624.230545
252.0,37,2624.767797
252.0,37,2625.335008
252.0,37,2625.900986
252.0,37,2626.457867
252.0,37,2626.99603
252.0,37,2627.50899
252.0,37,2628.03147
252.0,37,2628.569221
252.0,37,2629.114528
252.0,37,2629.657313
252.0,37,2630.182298
252.0,37,2630.697362
252.0,37,2631.252373
252.0,37,2631.799902
252.0,37,2632.366283
252.0,37,2632.897666
252.0,37,2633.42042
252.0,37,2633.959654
252.0,37,2634.480026
252.0,37,2635.032337
252.0,37,2635.586167
252.0,37,2636.141447
252.0,37,2636.720126
252.0,37,2637.281788
252.0,37,2637.869731
252.0,37,2638.432743
252.0,37,2638.989086
252.0,37,2639.545539
252.0,37,2640.092117
252.0,37,2640.650056
252.0,37,2641.19096
252.0,37,2641.745019
252.0,37,2642.285878
252.0,37,2642.822785
252.0,37,2643.381565
252.0,37,2643.938847
252.0,37,2644.477781
252.0,37,2645.026545
252.0,37,2645.589052
252.0,37,2646.157605
252.0,37,2646.701689
252.0,37,2647.260792
252.0,37,2647.832048
252.0,37,2648.389235
252.0,37,2648.948657
252.0,37,2649.496884
252.0,37,2650.06141
252.0,37,2650.642189
252.0,37,2651.196891
252.0,37,2651.748468
252.0,37,2652.302799
252.0,37,2652.853949
252.0,37,2653.397374
252.0,37,2653.931264
252.0,37,2654.497061
252.0,37,2655.046
252.0,37,2655.620188
252.0,37,2656.184675
252.0,37,2656.745326
252.0,37,2657.305947
252.0,37,2657.854417
252.0,37,2658.403107
252.0,37,2658.970503
252.0,37,2659.529994
252.0,37,2660.094761
252.0,37,2660.64692
252.0,37,2661.211529
252.0,37,2661.782323
252.0,37,2662.326722
252.0,37,2662.889162
252.0,37,2663.439605
252.0,37,2663.996364
252.0,37,2664.581237
252.0,37,2665.137973
252.0,37,2665.709911
252.0,37,2666.268212
252.0,37,2666.818958
252.0,37,2667.370871
252.0,37,2667.918193
252.0,37,2668.460935
252.0,37,2668.998795
252.0,37,2669.579398
252.0,37,2670.134222
252.0,37,2670.668068
252.0,37,2671.228887
252.0,37,2671.779302
252.0,37,2672.321273
252.0,37,2672.881462
252.0,37,2673.419717
252.0,37,2673.973443
252.0,37,2674.512683
252.0,37,2675.053867
252.0,37,2675.607994
252.0,37,2676.152298
252.0,37,2676.719864
252.0,37,2677.263241
252.0,37,2677.805086
252.0,37,2678.369995
252.0,37,2678.925147
252.0,37,2679.483171
252.0,37,2680.052275
252.0,37,2680.592033
252.0,37,2681.1426
252.0,37,2681.697137
252.0,37,2682.252948
252.0,37,2682.793712
252.0,37,2683.339622
252.0,37,2683.885148
252.0,37,2684.409367
252.0,37,2684.956417
252.0,37,2685.512059
252.0,37,2686.06631
252.0,37,2686.650549
252.0,37,2687.220673
252.0,37,2687.787357
252.0,37,2688.334639
252.0,37,2688.871588
252.0,37,2689.42243
252.0,37,2689.970188
252.0,37,2690.530299
252.0,37,2691.070723
252.0,37,2691.609011
252.0,37,2692.160648
252.0,37,2692.70521
252.0,37,2693.26133
252.0,37,2693.817642
252.0,37,2694.360704
252.0,37,2694.909675
252.0,37,2695.462653
252.0,37,2696.02144
252.0,37,2696.563936
252.0,37,2697.112942
252.0,37,2697.672538
252.0,37,2698.221186
252.0,37,2698.789232
252.0,37,2699.360149
252.0,37,2699.92108
252.0,37,2700.468736
252.0,37,2701.02196
252.0,37,2701.590794
252.0,37,2702.126348
252.0,37,2702.673234
252.0,37,2703.228133
252.0,37,2703.786472
252.0,37,2704.339722
252.0,37,2704.889162
252.0,37,2705.428001
252.0,37,2705.986784
252.0,37,2706.53029
252.0,37,2707.076664
252.0,37,2707.62653
252.0,37,2708.178301
252.0,37,2708.740125
252.0,37,2709.302289
252.0,37,2709.848271
252.0,37,2710.385879
252.0,37,2710.933704
252.0,37,2711.497871
252.0,37,2712.046205
252.0,37,2712.610459
252.0,37,2713.165838
252.0,37,2713.716819
252.0,37,2714.30289
252.0,37,2714.880396
252.0,37,2715.473823
252.0,37,2716.028103
252.0,37,2716.583521
252.0,37,2717.145363
252.0,37,2717.697933
252.0,37,2718.265517
252.0,37,2718.800622
252.0,37,2719.336657
252.0,37,2719.899601
252.0,37,2720.449983
252.0,37,2721.007279
252.0,37,2721.552451
252.0,37,2722.102827
252.0,37,2722.666453
252.0,37,2723.213904
252.0,37,2723.771111
252.0,37,2724.338458
252.0,37,2724.896466
252.0,37,2725.480512
252.0,37,2726.032703
252.0,37,2726.598395
252.0,37,2727.157775
252.0,37,2727.707829
252.0,37,2728.269335
252.0,37,2728.82139
252.0,37,2729.385409
252.0,37,2729.949064
252.0,37,2730.486563
252.0,37,2731.047271
252.0,37,2731.594599
252.0,37,2732.145748
252.0,37,2732.675329
252.0,37,2733.206373
252.0,37,2733.751108
252.0,37,2734.272405
252.0,37,2734.824889
252.0,37,2735.383483
252.0,37,2735.938966
252.0,37,2736.489282
252.0,37,2737.062318
252.0,37,2737.625155
252.0,37,2738.201191
252.0,37,2738.762219
252.0,37,2739.33476
252.0,37,2739.902922
252.0,37,2740.480196
252.0,37,2741.035013
252.0,37,2741.5801
252.0,37,2742.144861
252.0,37,2742.684698
252.0,37,2743.261346
252.0,37,2743.816736
252.0,37,2744.373112
252.0,37,2744.928955
252.0,37,2745.460319
252.0,37,2746.038301
252.0,37,2746.594807
252.0,37,2747.161468
252.0,37,2747.748559
252.0,37,2748.310696
252.0,37,2748.883474
252.0,37,2749.432753
252.0,37,2749.980839
252.0,37,2750.537177
252.0,37,2751.084857
252.0,37,2751.640033
252.0,37,2752.183202
252.0,37,2752.71294
252.0,37,2753.256946
252.0,37,2753.808185
252.0,37,2754.37313
252.0,37,2754.931555
252.0,37,2755.475341
252.0,37,2756.037228
252.0,37,2756.577372
252.0,37,2757.154489
252.0,37,2757.719047
252.0,37,2758.273772
252.0,37,2758.858734
252.0,37,2759.422953
252.0,37,2759.983585
252.0,37,2760.538833
252.0,37,2761.091609
252.0,37,2761.667401
252.0,37,2762.241073
252.0,37,2762.819983
252.0,37,2763.38113
252.0,37,2763.923078
252.0,37,2764.48471
252.0,37,2765.038721
252.0,37,2765.609522
252.0,37,2766.15608
252.0,37,2766.741042
252.0,37,2767.323713
252.0,37,2767.895699
252.0,37,2768.477412
252.0,37,2769.045001
252.0,37,2769.623823
252.0,37,2770.19945
252.0,37,2770.761998
252.0,37,2771.352951
252.0,37,2771.909991
252.0,37,2772.464998
252.0,37,2773.033692
252.0,37,2773.585149
252.0,37,2774.124732
252.0,37,2774.67774
252.0,37,2775.250363
252.0,37,2775.811032
252.0,37,2776.358264
252.0,37,2776.934969
252.0,37,2777.497702
252.0,37,2778.050884
252.0,37,2778.626074
252.0,37,2779.157132
252.0,37,2779.681961
252.0,37,2780.216965
252.0,37,2780.754878
252.0,37,2781.300898
252.0,37,2781.847462
252.0,37,2782.397544
252.0,37,2782.936924
252.0,37,2783.497626
252.0,37,2784.067516
252.0,37,2784.632962
252.0,37,2785.190451
252.0,37,2785.73823
252.0,37,2786.271608
252.0,37,2786.842208
252.0,37,2787.391946
252.0,37,2787.992172
252.0,37,2788.573735
252.0,37,2789.139234
252.0,37,2789.718817
252.0,37,2790.28646
252.0,37,2790.850227
252.0,37,2791.405151
252.0,37,2791.959332
252.0,37,2792.52234
252.0,37,2793.07292
252.0,37,2793.661928
252.0,37,2794.218714
252.0,37,2794.794419
252.0,37,2795.342448
252.0,37,2795.910502
252.0,37,2796.475257
252.0,37,2797.019218
252.0,37,2797.55528
252.0,37,2798.091811
252.0,37,2798.647995
252.0,37,2799.246401
252.0,37,2799.779799
252.0,37,2800.334122
252.0,37,2800.879867
252.0,37,2801.445096
252.0,37,2802.005652
252.0,37,2802.577678
252.0,37,2803.117924
252.0,37,2803.689963
252.0,37,2804.242243
252.0,37,2804.785263
252.0,37,2805.325939
252.0,37,2805.864939
252.0,37,2806.421076
252.0,37,2806.968337
252.0,37,2807.532754
252.0,37,2808.09194
252.0,37,2808.631126
252.0,37,2809.188356
252.0,37,2809.776356
252.0,37,2810.343465
252.0,37,2810.888991
252.0,37,2811.423555
252.0,37,2811.964923
252.0,37,2812.495534
252.0,37,2813.04225
252.0,37,2813.560321
252.0,37,2814.102262
252.0,37,2814.680576
252.0,37,2815.225795
252.0,37,2815.778043
252.0,37,2816.31958
252.0,37,2816.88241
252.0,37,2817.457357
252.0,37,2818.001192
252.0,37,2818.556866
252.0,37,2819.092872
252.0,37,2819.630489
252.0,37,2820.198656
252.0,37,2820.747964
252.0,37,2821.29332
252.0,37,2821.85807
252.0,37,2822.408401
252.0,37,2822.961645
252.0,37,2823.52004
252.0,37,2824.081511
252.0,37,2824.627009
252.0,37,2825.196393
252.0,37,2825.75261
252.0,37,2826.315818
252.0,37,2826.879298
252.0,37,2827.426607
252.0,37,2827.97206
252.0,37,2828.538095
252.0,37,2829.089623
252.0,37,2829.659921
252.0,37,2830.205749
252.0,37,2830.747322
252.0,37,2831.310225
252.0,37,2831.861587
252.0,37,2832.435325
252.0,37,2833.01565
252.0,37,2833.567326
252.0,37,2834.139738
252.0,37,2834.679458
252.0,37,2835.236326
252.0,37,2835.810208
252.0,37,2836.373394
252.0,37,2836.941075
252.0,37,2837.490986
252.0,37,2838.062755
252.0,37,2838.613655
252.0,37,2839.172323
252.0,37,2839.739417
252.0,37,2840.295994
252.0,37,2840.862686
252.0,37,2841.419147
252.0,37,2841.976077
252.0,37,2842.54486
252.0,37,2843.094938
252.0,37,2843.669033
252.0,37,2844.237081
252.0,37,2844.794959
252.0,37,2845.356208
252.0,37,2845.924669
252.0,37,2846.505591
252.0,37,2847.052729
252.0,37,2847.600188
252.0,37,2848.146115
252.0,37,2848.70695
252.0,37,2849.264059
252.0,37,2849.815005
252.0,37,2850.364598
252.0,37,2850.91857
252.0,37,2851.477763
252.0,37,2852.054864
252.0,37,2852.61475
252.0,37,2853.168545
252.0,37,2853.730049
252.0,37,2854.266004
252.0,37,2854.83912
252.0,37,2855.386459
252.0,37,2855.93869
252.0,37,2856.502131
252.0,37,2857.051318
252.0,37,2857.620007
252.0,37,2858.180358
252.0,37,2858.725862
252.0,37,2859.300498
252.0,37,2859.864753
252.0,37,2860.414064
252.0,37,2860.985299
252.0,37,2861.550942
252.0,37,2862.115129
252.0,37,2862.664022
252.0,37,2863.230574
252.0,37,2863.78512
252.0,37,2864.336349
252.0,37,2864.936006
252.0,37,2865.522565
252.0,37,2866.072986
252.0,37,2866.611305
252.0,37,2867.158787
252.0,37,2867.71386
252.0,37,2868.255181
252.0,37,2868.808046
252.0,37,2869.354761
252.0,37,2869.900301
252.0,37,2870.477593
252.0,37,2871.038053
252.0,37,2871.608457
252.0,37,2872.166733
252.0,37,2872.728825
252.0,37,2873.303302
252.0,37,2873.872577
252.0,37,2874.431452
252.0,37,2874.991365
252.0,37,2875.546053
252.0,37,2876.093816
252.0,37,2876.638158
252.0,37,2877.198757
252.0,37,2877.738271
252.0,37,2878.304384
252.0,37,2878.86847
252.0,37,2879.406753
252.0,37,2879.955759
252.0,37,2880.489572
252.0,37,2881.029242
252.0,37,2881.58274
252.0,37,2882.113343
252.0,37,2882.656326
252.0,37,2883.192746
252.0,37,2883.743126
252.0,37,2884.302865
252.0,37,2884.858848
252.0,37,2885.419543
252.0,37,2885.959707
252.0,37,2886.508838
252.0,37,2887.060774
252.0,37,2887.60966
252.0,37,2888.162297
252.0,37,2888.717695
252.0,37,2889.270113
252.0,37,2889.829207
252.0,37,2890.375828
252.0,37,2890.921141
252.0,37,2891.469169
252.0,37,2892.022778
252.0,37,2892.586575
252.0,37,2893.133461
252.0,37,2893.693551
252.0,37,2894.239715
252.0,37,2894.771875
252.0,37,2895.348294
252.0,37,2895.894582
252.0,37,2896.434586
252.0,37,2896.982559
252.0,37,2897.530181
252.0,37,2898.103174
252.0,37,2898.65521
252.0,37,2899.223853
252.0,37,2899.774457
252.0,37,2900.336313
252.0,37,2900.891834
252.0,37,2901.452191
252.0,37,2902.008264
252.0,37,2902.575982
252.0,37,2903.146833
252.0,37,2903.710688
252.0,37,2904.272444
252.0,37,2904.845567
252.0,37,2905.389524
252.0,37,2905.932782
252.0,37,2906.495277
252.0,37,2907.036383
252.0,37,2907.596436
252.0,37,2908.141826
252.0,37,2908.692553
252.0,37,2909.249752
252.0,37,2909.814167
252.0,37,2910.356933
252.0,37,2910.900523
252.0,37,2911.495915
252.0,37,2912.081639
252.0,37,2912.632847
252.0,37,2913.187234
252.0,37,2913.765411
252.0,37,2914.326062
252.0,37,2914.867355
252.0,37,2915.402385
252.0,37,2915.94622
252.0,37,2916.486107
252.0,37,2917.032786
252.0,37,2917.609547
252.0,37,2918.149473
252.0,37,2918.744481
252.0,37,2919.297152
252.0,37,2919.857194
252.0,37,2920.403527
252.0,37,2920.952249
252.0,37,2921.523124
252.0,37,2922.076016
252.0,37,2922.620735
252.0,37,2923.178488
252.0,37,2923.729016
252.0,37,2924.293085
252.0,37,2924.841004
252.0,37,2925.394162
252.0,37,2925.931797
252.0,37,2926.477906
252.0,37,2927.033678
252.0,37,2927.571208
252.0,37,2928.095957
252.0,37,2928.643658
252.0,37,2929.184826
252.0,37,2929.75745
252.0,37,2930.294724
252.0,37,2930.844805
252.0,37,2931.393423
252.0,37,2931.940543
252.0,37,2932.497854
252.0,37,2933.04203
252.0,37,2933.574843
252.0,37,2934.115295
252.0,37,2934.658231
252.0,37,2935.193846
252.0,37,2935.772161
252.0,37,2936.321904
252.0,37,2936.872224
252.0,37,2937.402858
252.0,37,2937.941911
252.0,37,2938.494119
252.0,37,2939.03658
252.0,37,2939.610512
252.0,37,2940.158498
252.0,37,2940.70683
252.0,37,2941.277262
252.0,37,2941.838214
252.0,37,2942.411998
252.0,37,2942.953686
252.0,37,2943.527419
252.0,37,2944.051711
252.0,37,2944.565801
252.0,37,2945.113713
252.0,37,2945.65532
252.0,37,2946.224231
252.0,37,2946.773426
252.0,37,2947.33644
252.0,37,2947.894119
252.0,37,2948.435025
252.0,37,2949.019444
252.0,37,2949.580385
252.0,37,2950.118092
252.0,37,2950.672829
252.0,37,2951.224329
252.0,37,2951.772718
252.0,37,2952.28033
252.0,37,2952.796671
252.0,37,2953.338508
252.0,37,2953.876625
252.0,37,2954.410039
252.0,37,2954.976519
252.0,37,2955.523861
252.0,37,2956.082089
252.0,37,2956.64741
252.0,37,2957.196815
252.0,37,2957.739241
252.0,37,2958.31129
252.0,37,2958.874974
252.0,37,2959.413679
252.0,37,2959.976353
252.0,37,2960.501173
252.0,37,2961.031433
252.0,37,2961.573309
252.0,37,2962.130907
252.0,37,2962.68842
252.0,37,2963.223042
252.0,37,2963.783721
252.0,37,2964.375984
252.0,37,2964.913217
252.0,37,2965.480587
252.0,37,2966.026182
252.0,37,2966.583752
252.0,37,2967.142319
252.0,37,2967.699359
252.0,37,2968.244729
252.0,37,2968.793483
252.0,37,2969.337747
252.0,37,2969.911147
252.0,37,2970.456065
252.0,37,2971.005015
252.0,37,2971.564973
252.0,37,2972.125219
252.0,37,2972.652122
252.0,37,2973.183707
252.0,37,2973.747523
252.0,37,2974.283918
252.0,37,2974.835124
252.0,37,2975.39476
252.0,37,2975.933125
252.0,37,2976.503053
252.0,37,2977.071805
252.0,37,2977.618659
252.0,37,2978.151518
252.0,37,2978.707605
252.0,37,2979.260882
252.0,37,2979.809958
252.0,37,2980.387282
252.0,37,2980.945025
252.0,37,2981.491466
252.0,37,2982.058455
252.0,37,2982.592982
252.0,37,2983.122618
252.0,37,2983.688136
252.0,37,2984.258159
252.0,37,2984.83705
252.0,37,2985.359353
252.0,37,2985.915481
252.0,37,2986.490089
252.0,37,2987.050352
252.0,37,2987.625717
252.0,37,2988.17624
252.0,37,2988.708991
252.0,37,2989.268151
252.0,37,2989.806434
252.0,37,2990.333266
252.0,37,2990.857537
252.0,37,2991.365449
252.0,37,2991.89743
252.0,37,2992.427216
252.0,37,2992.975167
252.0,37,2993.503988
252.0,37,2994.036855
252.0,37,2994.564499
252.0,37,2995.080524
252.0,37,2995.614034
252.0,37,2996.147228
252.0,37,2996.673191
252.0,37,2997.236446
252.0,37,2997.784171
252.0,37,2998.335655
252.0,37,2998.879893
252.0,37,2999.429143
252.0,37,2999.989212
252.0,37,3000.545523
252.0,37,3001.102314
252.0,37,3001.641706
252.0,37,3002.189241
252.0,37,3002.737996
252.0,37,3003.296096
252.0,37,3003.840244
252.0,37,3004.389254
252.0,37,3004.941595
252.0,37,3005.504593
252.0,37,3006.063452
252.0,37,3006.629063
252.0,37,3007.185848
252.0,37,3007.733585
252.0,37,3008.307102
252.0,37,3010.191673
252.0,37,3010.744342
252.0,37,3011.296547
252.0,37,3011.831284
252.0,37,3012.38601
252.0,37,3012.955742
252.0,37,3013.524049
252.0,37,3014.084414
252.0,37,3014.641682
252.0,37,3015.203005
252.0,37,3015.742939
252.0,37,3016.292608
252.0,37,3016.835202
252.0,37,3017.385114
252.0,37,3017.941853
252.0,37,3018.495952
252.0,37,3019.04986
252.0,37,3019.601215
252.0,37,3020.156579
252.0,37,3020.723326
252.0,37,3021.270406
252.0,37,3021.839169
252.0,37,3022.384012
252.0,37,3022.94486
252.0,37,3023.525486
252.0,37,3024.065087
252.0,37,3024.629311
252.0,37,3025.213729
252.0,37,3025.766174
252.0,37,3026.320032
252.0,37,3026.8747
252.0,37,3027.444641
252.0,37,3028.017612
252.0,37,3028.573066
252.0,37,3029.146975
252.0,37,3029.706918
252.0,37,3030.274937
252.0,37,3030.84045
252.0,37,3031.40096
252.0,37,3031.961912
252.0,37,3032.535792
252.0,37,3033.100316
252.0,37,3033.654526
252.0,37,3034.191941
252.0,37,3034.746058
252.0,37,3035.276839
252.0,37,3035.833138
252.0,37,3036.380592
252.0,37,3036.927584
252.0,37,3037.491658
252.0,37,3038.064177
252.0,37,3038.607486
252.0,37,3039.174994
252.0,37,3039.736391
252.0,37,3040.30264
252.0,37,3040.85136
252.0,37,3041.411586
252.0,37,3041.97411
252.0,37,3042.529516
252.0,37,3043.09717
252.0,37,3043.64736
252.0,37,3044.195297
252.0,37,3044.751215
252.0,37,3045.306574
252.0,37,3045.867546
252.0,37,3046.427163
252.0,37,3046.986386
252.0,37,3047.542736
252.0,37,3048.099189
252.0,37,3048.686698
252.0,37,3049.240116
252.0,37,3049.802343
252.0,37,3050.348722
252.0,37,3050.906311
252.0,37,3051.462509
252.0,37,3052.006199
252.0,37,3052.580648
252.0,37,3053.133236
252.0,37,3053.691808
252.0,37,3054.259739
252.0,37,3054.81095
252.0,37,3055.375083
252.0,37,3055.936596
252.0,37,3056.491179
252.0,37,3057.039289
252.0,37,3057.582966
252.0,37,3058.139771
252.0,37,3058.674589
252.0,37,3059.222114
252.0,37,3059.787366
252.0,37,3060.339827
252.0,37,3060.895504
252.0,37,3061.445461
252.0,37,3062.008427
252.0,37,3062.579884
252.0,37,3063.147586
252.0,37,3063.721543
252.0,37,3064.284744
252.0,37,3064.828963
252.0,37,3065.404963
252.0,37,3065.946359
252.0,37,3066.487576
252.0,37,3067.035192
252.0,37,3067.572297
252.0,37,3068.141076
252.0,37,3068.68799
252.0,37,3069.246005
252.0,37,3069.786612
252.0,37,3070.327251
252.0,37,3070.864134
252.0,37,3071.402266
252.0,37,3071.957632
252.0,37,3072.493192
252.0,37,3073.057914
252.0,37,3073.615729
252.0,37,3074.161009
252.0,37,3074.710643
252.0,37,3075.249082
252.0,37,3075.791888
252.0,37,3076.357831
252.0,37,3076.901611
252.0,37,3077.473031
252.0,37,3078.04014
252.0,37,3078.593719
252.0,37,3079.152739
252.0,37,3079.708419
252.0,37,3080.26876
252.0,37,3080.843996
252.0,37,3081.405737
252.0,37,3081.994122
252.0,37,3082.562548
252.0,37,3083.12869
252.0,37,3083.674934
252.0,37,3084.221524
252.0,37,3084.773893
252.0,37,3085.323985
252.0,37,3085.89557
252.0,37,3086.454157
252.0,37,3087.010677
252.0,37,3087.585858
252.0,37,3088.155808
252.0,37,3088.779958
252.0,37,3089.335595
252.0,37,3089.878473
252.0,37,3090.437419
252.0,37,3090.990465
252.0,37,3091.554793
252.0,37,3092.104474
252.0,37,3092.65883
252.0,37,3093.241607
252.0,37,3093.756804
252.0,37,3094.298724
252.0,37,3094.855304
252.0,37,3095.384197
252.0,37,3095.954041
252.0,37,3096.508889
252.0,37,3097.05723
252.0,37,3097.590099
252.0,37,3098.136036
252.0,37,3098.70736
252.0,37,3099.255223
252.0,37,3099.84188
252.0,37,3100.413345
252.0,37,3100.978494
252.0,37,3101.51631
252.0,37,3102.051444
252.0,37,3102.595856
252.0,37,3103.1508
252.0,37,3103.673083
252.0,37,3104.210397
252.0,37,3104.735165
252.0,37,3105.287218
252.0,37,3105.808128
252.0,37,3106.343199
252.0,37,3106.91752
252.0,37,3107.447918
252.0,37,3107.983194
252.0,37,3108.526727
252.0,37,3109.082806
252.0,37,3109.627072
252.0,37,3110.163334
252.0,37,3110.709356
252.0,37,3111.25026
252.0,37,3111.770729
252.0,37,3112.325922
252.0,37,3112.879835
252.0,37,3113.461258
252.0,37,3114.027566
252.0,37,3114.578899
252.0,37,3115.154189
252.0,37,3115.68132
252.0,37,3116.223776
252.0,37,3116.73756
252.0,37,3117.280567
252.0,37,3117.846382
252.0,37,3118.393112
252.0,37,3118.941176
252.0,37,3119.48723
252.0,37,3120.02205
252.0,37,3120.558011
252.0,37,3121.087897
252.0,37,3121.617261
252.0,37,3122.123573
252.0,37,3122.672873
252.0,37,3123.23059
252.0,37,3123.7966
252.0,37,3124.343461
252.0,37,3124.895855
252.0,37,3125.446591
252.0,37,3125.985333
252.0,37,3126.499976
252.0,37,3127.073234
252.0,37,3127.625784
252.0,37,3128.166353
252.0,37,3128.730481
252.0,37,3129.270426
252.0,37,3129.824034
252.0,37,3130.377784
252.0,37,3130.925415
252.0,37,3131.479501
252.0,37,3132.000385
252.0,37,3132.53425
252.0,37,3133.055016
252.0,37,3133.575784
252.0,37,3134.152534
252.0,37,3134.702192
252.0,37,3135.265382
252.0,37,3135.793403
252.0,37,3136.317443
252.0,37,3136.850067
252.0,37,3137.377378
252.0,37,3137.924235
252.0,37,3138.465154
252.0,37,3139.007733
252.0,37,3139.536944
252.0,37,3140.061499
252.0,37,3140.586694
252.0,37,3141.114887
252.0,37,3141.659369
252.0,37,3142.199903
252.0,37,3142.708794
252.0,37,3143.243389
252.0,37,3143.771937
252.0,37,3144.310549
252.0,37,3144.837413
252.0,37,3145.387327
252.0,37,3145.933299
252.0,37,3146.468545
252.0,37,3147.009567
252.0,37,3147.582484
252.0,37,3148.112985
252.0,37,3148.669694
252.0,37,3149.193179
252.0,37,3149.728714
252.0,37,3150.274885
252.0,37,3150.798596
252.0,37,3151.336482
252.0,37,3151.868443
252.0,37,3152.411837
252.0,37,3152.967824
252.0,37,3153.534105
252.0,37,3154.08306
252.0,37,3154.640133
252.0,37,3155.170681
252.0,37,3155.715623
252.0,37,3156.252879
252.0,37,3156.793942
252.0,37,3157.317088
252.0,37,3157.828849
252.0,37,3158.361379
252.0,37,3158.891053
252.0,37,3159.422284
252.0,37,3159.976284
252.0,37,3160.5248
252.0,37,3161.101616
252.0,37,3161.647963
252.0,37,3162.223904
252.0,37,3162.740453
252.0,37,3163.261643
252.0,37,3163.784959
252.0,37,3164.315092
252.0,37,3164.840569
252.0,37,3165.36
252.0,37,3165.954633
252.0,37,3166.498246
252.0,37,3167.015713
252.0,37,3167.605175
252.0,37,3168.126056
252.0,37,3168.673414
252.0,37,3169.259474
252.0,37,3169.786234
252.0,37,3170.310781
252.0,37,3170.830624
252.0,37,3171.33768
252.0,37,3171.849404
252.0,37,3172.357224
252.0,37,3172.881675
252.0,37,3173.414134
252.0,37,3173.953963
252.0,37,3174.495283
252.0,37,3175.012961
252.0,37,3175.564916
252.0,37,3176.092338
252.0,37,3176.625278
252.0,37,3177.170814
252.0,37,3177.695551
252.0,37,3178.22566
252.0,37,3178.765954
252.0,37,3179.29955
252.0,37,3179.843443
252.0,37,3180.377475
252.0,37,3180.916602
252.0,37,3181.446132
252.0,37,3181.97158
252.0,37,3182.521448
252.0,37,3183.062478
252.0,37,3183.602753
252.0,37,3184.137653
252.0,37,3184.677232
252.0,37,3185.222052
252.0,37,3185.746913
252.0,37,3186.298549
252.0,37,3186.826913
252.0,37,3187.368235
252.0,37,3187.91638
252.0,37,3188.439734
252.0,37,3188.981338
252.0,37,3189.499418
252.0,37,3190.016845
252.0,37,3190.55938
252.0,37,3191.093399
252.0,37,3191.640531
252.0,37,3192.176341
252.0,37,3192.713205
252.0,37,3193.242967
252.0,37,3193.774591
252.0,37,3194.318983
252.0,37,3194.850145
252.0,37,3195.376044
252.0,37,3195.92258
252.0,37,3196.468692
252.0,37,3197.023797
252.0,37,3197.572148
252.0,37,3198.117898
252.0,37,3198.668399
252.0,37,3199.205785
252.0,37,3199.758102
252.0,37,3200.294606
252.0,37,3200.827712
252.0,37,3201.362295
252.0,37,3201.9033
252.0,37,3202.466347
252.0,37,3203.01075
252.0,37,3203.546966
252.0,37,3204.101093
252.0,37,3204.636
252.0,37,3205.175004
252.0,37,3205.708962
252.0,37,3206.236463
252.0,37,3206.775762
252.0,37,3207.30544
252.0,37,3207.84887
252.0,37,3208.377402
252.0,37,3208.905931
252.0,37,3209.459362
252.0,37,3209.997853
252.0,37,3210.542443
252.0,37,3211.079818
252.0,37,3211.606164
252.0,37,3212.134117
252.0,37,3212.662808
252.0,37,3213.196371
252.0,37,3213.731489
252.0,37,3214.271294
252.0,37,3214.817404
252.0,37,3215.351956
252.0,37,3215.893118
252.0,37,3216.430999
252.0,37,3216.953386
252.0,37,3217.485905
252.0,37,3218.017055
252.0,37,3218.558265
252.0,37,3219.083618
252.0,37,3219.609921
252.0,37,3220.144186
252.0,37,3220.675234
252.0,37,3221.215233
252.0,37,3221.736191
252.0,37,3222.248383
252.0,37,3222.778307
252.0,37,3223.296585
252.0,37,3223.822879
252.0,37,3224.34745
252.0,37,3224.872439
252.0,37,3225.399899
252.0,37,3225.920461
252.0,37,3226.434869
252.0,37,3226.942734
252.0,37,3227.465558
252.0,37,3228.00048
252.0,37,3228.525461
252.0,37,3229.062876
252.0,37,3229.611482
252.0,37,3230.158163
252.0,37,3230.72765
252.0,37,3231.308358
252.0,37,3231.891497
252.0,37,3232.468266
252.0,37,3233.041103
252.0,37,3233.627328
252.0,37,3234.204733
252.0,37,3234.800859
252.0,37,3235.367734
252.0,37,3235.931483
252.0,37,3236.496152
252.0,37,3237.071084
252.0,37,3237.643941
252.0,37,3238.199635
252.0,37,3238.768565
252.0,37,3239.349839
252.0,37,3239.910961
252.0,37,3240.488051
252.0,37,3241.049729
252.0,37,3241.599365
252.0,37,3242.176349
252.0,37,3242.77355
252.0,37,3243.383366
252.0,37,3243.975474
252.0,37,3244.596809
252.0,37,3245.205544
252.0,37,3245.81708
252.0,37,3246.442591
252.0,37,3247.017016
252.0,37,3247.597012
252.0,37,3248.19677
252.0,37,3248.769663
252.0,37,3249.357314
252.0,37,3249.938864
252.0,37,3250.526585
252.0,37,3251.126019
252.0,37,3251.707969
252.0,37,3252.300141
252.0,37,3252.8932
252.0,37,3253.482735
252.0,37,3254.070031
252.0,37,3254.649342
252.0,37,3255.244097
252.0,37,3255.810356
252.0,37,3256.36996
252.0,37,3256.953537
252.0,37,3257.515095
252.0,37,3258.092397
252.0,37,3258.666864
252.0,37,3259.232562
252.0,37,3259.813764
252.0,37,3260.390563
252.0,37,3260.969265
252.0,37,3261.5345
252.0,37,3262.09623
252.0,37,3262.672089
252.0,37,3263.235962
252.0,37,3263.824798
252.0,37,3264.39553
252.0,37,3264.966205
252.0,37,3265.554328
252.0,37,3266.138394
252.0,37,3266.722782
252.0,37,3267.299469
252.0,37,3267.870739
252.0,37,3268.455286
252.0,37,3269.03211
252.0,37,3269.612393
252.0,37,3270.182051
252.0,37,3270.767356
252.0,37,3271.360593
252.0,37,3271.948483
252.0,37,3272.509625
252.0,37,3273.089655
252.0,37,3273.653331
252.0,37,3274.231805
252.0,37,3274.836812
252.0,37,3275.432958
252.0,37,3276.018729
252.0,37,3276.604558
252.0,37,3277.177021
252.0,37,3277.783382
252.0,37,3278.371496
252.0,37,3278.94396
252.0,37,3279.526527
252.0,37,3280.151243
252.0,37,3280.721399
252.0,37,3281.300032
252.0,37,3281.860679
252.0,37,3282.450413
252.0,37,3283.028305
252.0,37,3283.58836
252.0,37,3284.1552
252.0,37,3284.710907
252.0,37,3285.260098
252.0,37,3285.847808
252.0,37,3286.405443
252.0,37,3286.999073
252.0,37,3287.582432
252.0,37,3288.153959
252.0,37,3288.7396
252.0,37,3289.291733
252.0,37,3289.873296
252.0,37,3290.430132
252.0,37,3291.016428
252.0,37,3291.588254
252.0,37,3292.155567
252.0,37,3292.738194
252.0,37,3293.3254
252.0,37,3293.913585
252.0,37,3294.513707
252.0,37,3295.11817
252.0,37,3295.701461
252.0,37,3296.283815
252.0,37,3296.870562
252.0,37,3297.488134
252.0,37,3298.062187
252.0,37,3298.648119
252.0,37,3299.209848
252.0,37,3299.774634
252.0,37,3300.383042
252.0,37,3300.948536
252.0,37,3301.548064
252.0,37,3302.116057
252.0,37,3302.693911
252.0,37,3303.297235
252.0,37,3303.865442
252.0,37,3304.445323
252.0,37,3305.006453
252.0,37,3305.58855
252.0,37,3306.203547
252.0,37,3306.795678
252.0,37,3307.384011
252.0,37,3307.989358
252.0,37,3308.582346
252.0,37,3309.167034
252.0,37,3309.744397
252.0,37,3310.349607
252.0,37,3310.916545
252.0,37,3311.496153
252.0,37,3312.073829
252.0,37,3312.654333
252.0,37,3313.260689
252.0,37,3313.83475
252.0,37,3314.42136
252.0,37,3315.00808
252.0,37,3315.586637
252.0,37,3316.169225
252.0,37,3316.74455
252.0,37,3317.339688
252.0,37,3317.940411
252.0,37,3318.514143
252.0,37,3319.089107
252.0,37,3319.680568
252.0,37,3320.265544
252.0,37,3320.856147
252.0,37,3321.448172
252.0,37,3322.062014
252.0,37,3322.652015
252.0,37,3323.234785
252.0,37,3323.81481
252.0,37,3324.379247
252.0,37,3324.984713
252.0,37,3325.580884
252.0,37,3326.165879
252.0,37,3326.746974
252.0,37,3327.313376
252.0,37,3327.88724
252.0,37,3328.451132
252.0,37,3329.01602
252.0,37,3329.601403
252.0,37,3330.17737
252.0,37,3330.770503
252.0,37,3331.350266
252.0,37,3331.940349
252.0,37,3332.544537
252.0,37,3333.149471
252.0,37,3333.741418
252.0,37,3334.317149
252.0,37,3334.90549
252.0,37,3335.511298
252.0,37,3336.080002
252.0,37,3336.651401
252.0,37,3337.210802
252.0,37,3337.77342
252.0,37,3338.362972
252.0,37,3338.932389
252.0,37,3339.529927
252.0,37,3340.13164
252.0,37,3340.705623
252.0,37,3341.283026
252.0,37,3341.869649
252.0,37,3342.449018
252.0,37,3343.008355
252.0,37,3343.578255
252.0,37,3344.163106
252.0,37,3344.763925
252.0,37,3345.384597
252.0,37,3345.955222
252.0,37,3346.534891
252.0,37,3347.160158
252.0,37,3347.739462
252.0,37,3348.358578
252.0,37,3348.923556
252.0,37,3349.531925
252.0,37,3350.11974
252.0,37,3350.669177
252.0,37,3351.240094
252.0,37,3351.82027
252.0,37,3352.403315
252.0,37,3352.982785
252.0,37,3353.587379
252.0,37,3354.161437
252.0,37,3354.734542
252.0,37,3355.321102
252.0,37,3355.94753
252.0,37,3356.526805
252.0,37,3357.095764
252.0,37,3357.636033
252.0,37,3358.179288
252.0,37,3358.743205
252.0,37,3359.297876
252.0,37,3359.858109
252.0,37,3360.402356
252.0,37,3360.952926
252.0,37,3361.511323
252.0,37,3362.059888
252.0,37,3362.637969
252.0,37,3363.175528
252.0,37,3363.720761
252.0,37,3364.267017
252.0,37,3364.807882
252.0,37,3365.381856
252.0,37,3365.957265
252.0,37,3366.525855
252.0,37,3367.12096
252.0,37,3367.689354
252.0,37,3368.278012
252.0,37,3368.845059
252.0,37,3369.426751
252.0,37,3369.998535
252.0,37,3370.57074
252.0,37,3371.150945
252.0,37,3371.723773
252.0,37,3372.306306
252.0,37,3372.89285
252.0,37,3373.460214
252.0,37,3374.029646
252.0,37,3374.618528
252.0,37,3375.194887
252.0,37,3375.795263
252.0,37,3376.39145
252.0,37,3376.986924
252.0,37,3377.585273
252.0,37,3378.173778
252.0,37,3378.784114
252.0,37,3379.371823
252.0,37,3379.968733
252.0,37,3380.538209
252.0,37,3381.130212
252.0,37,3381.722908
252.0,37,3382.314748
252.0,37,3382.916142
252.0,37,3383.508784
252.0,37,3384.109281
252.0,37,3384.712647
252.0,37,3385.307023
252.0,37,3385.904171
252.0,37,3386.50475
252.0,37,3387.096288
252.0,37,3387.701813
252.0,37,3388.284213
252.0,37,3388.887966
252.0,37,3389.484268
252.0,37,3390.064816
252.0,37,3390.653247
252.0,37,3391.246412
252.0,37,3391.843753
252.0,37,3392.427711
252.0,37,3393.010646
252.0,37,3393.605652
252.0,37,3394.198419
252.0,37,3394.823364
252.0,37,3395.44616
252.0,37,3396.036389
252.0,37,3396.638869
252.0,37,3397.222756
252.0,37,3397.805653
252.0,37,3398.397681
252.0,37,3398.999771
252.0,37,3399.594421
252.0,37,3400.20091
252.0,37,3400.815881
252.0,37,3401.404677
252.0,37,3401.991469
252.0,37,3402.631821
252.0,37,3403.217121
252.0,37,3403.825813
252.0,37,3404.421885
252.0,37,3405.025162
252.0,37,3405.629695
252.0,37,3406.210815
252.0,37,3406.800911
252.0,37,3407.379448
252.0,37,3407.97099
252.0,37,3408.553449
252.0,37,3409.122058
252.0,37,3409.725758
252.0,37,3410.304034
252.0,37,3410.881189
252.0,37,3411.486043
252.0,37,3412.085015
252.0,37,3412.692445
252.0,37,3413.285991
252.0,37,3413.876693
252.0,37,3414.478515
252.0,37,3415.063083
252.0,37,3415.681005
252.0,37,3416.287605
252.0,37,3416.891839
252.0,37,3417.510165
252.0,37,3418.103073
252.0,37,3418.693586
252.0,37,3419.281067
252.0,37,3419.868995
252.0,37,3420.47086
252.0,37,3421.059165
252.0,37,3421.65837
252.0,37,3422.244189
252.0,37,3422.832179
252.0,37,3423.427353
252.0,37,3424.017665
252.0,37,3424.616975
252.0,37,3425.199007
252.0,37,3425.78179
252.0,37,3426.393186
252.0,37,3426.991537
252.0,37,3427.597877
252.0,37,3428.20975
252.0,37,3428.805163
252.0,37,3429.413717
252.0,37,3430.015976
252.0,37,3430.619747
252.0,37,3431.193685
252.0,37,3431.782597
252.0,37,3432.383059
252.0,37,3432.959215
252.0,37,3433.535647
252.0,37,3434.099671
252.0,37,3434.6714
252.0,37,3435.262822
252.0,37,3435.866764
252.0,37,3436.464814
252.0,37,3437.036697
252.0,37,3437.609641
252.0,37,3438.203328
252.0,37,3438.770485
252.0,37,3439.358325
252.0,37,3439.928639
252.0,37,3440.526291
252.0,37,3441.135114
252.0,37,3441.723798
252.0,37,3442.311224
252.0,37,3442.916983
252.0,37,3443.517228
252.0,37,3444.131074
252.0,37,3444.737935
252.0,37,3445.329144
252.0,37,3445.923643
252.0,37,3446.516097
252.0,37,3447.135342
252.0,37,3447.731132
252.0,37,3448.33844
252.0,37,3448.989455
252.0,37,3449.559411
252.0,37,3450.149652
252.0,37,3450.734103
252.0,37,3451.330636
252.0,37,3451.940949
252.0,37,3452.539469
252.0,37,3453.143409
252.0,37,3453.733221
252.0,37,3454.331482
252.0,37,3454.926025
252.0,37,3455.536579
252.0,37,3456.137477
252.0,37,3456.72517
252.0,37,3457.342022
252.0,37,3457.938735
252.0,37,3458.493572
252.0,37,3459.1058
252.0,37,3459.701895
252.0,37,3460.306787
252.0,37,3460.888999
252.0,37,3461.492014
252.0,37,3462.115872
252.0,37,3462.710556
252.0,37,3463.308684
252.0,37,3463.893413
252.0,37,3464.481149
252.0,37,3465.082067
252.0,37,3465.675427
252.0,37,3466.295293
252.0,37,3466.872502
252.0,37,3467.486961
252.0,37,3468.091133
252.0,37,3468.676565
252.0,37,3469.284215
252.0,37,3469.877772
252.0,37,3470.45872
252.0,37,3471.049494
252.0,37,3471.616958
252.0,37,3472.212133
252.0,37,3472.805794
252.0,37,3473.383449
252.0,37,3473.996139
252.0,37,3474.612713
252.0,37,3475.228194
252.0,37,3475.815965
252.0,37,3476.406793
252.0,37,3477.011259
252.0,37,3477.589241
252.0,37,3478.173382
252.0,37,3478.728844
252.0,37,3479.30168
252.0,37,3479.870476
252.0,37,3480.416983
252.0,37,3481.014903
252.0,37,3481.617371
252.0,37,3482.227093
252.0,37,3482.851757
252.0,37,3483.423282
252.0,37,3484.043
252.0,37,3484.641775
252.0,37,3485.270504
252.0,37,3485.870234
252.0,37,3486.474033
252.0,37,3487.048934
252.0,37,3487.694191
252.0,37,3488.289259
252.0,37,3488.851203
252.0,37,3489.471721
252.0,37,3490.050455
252.0,37,3490.593809
252.0,37,3491.189182
252.0,37,3491.773919
252.0,37,3492.351601
252.0,37,3492.94757
252.0,37,3493.512168
252.0,37,3494.113826
252.0,37,3494.686652
252.0,37,3495.24091
252.0,37,3495.825661
252.0,37,3496.429892
252.0,37,3497.040583
252.0,37,3497.667313
252.0,37,3498.311755
252.0,37,3498.984586
252.0,37,3499.57695
252.0,37,3500.166706
252.0,37,3500.790817
252.0,37,3501.412463
252.0,37,3502.024796
252.0,37,3502.650435
252.0,37,3503.200918
252.0,37,3503.854125
252.0,37,3504.436956
252.0,37,3505.05067
252.0,37,3505.664124
252.0,37,3506.281515
252.0,37,3506.925892
252.0,37,3507.520001
252.0,37,3508.121353
252.0,37,3508.714391
252.0,37,3509.341839
252.0,37,3509.953768
252.0,37,3510.530234
252.0,37,3511.141098
252.0,37,3511.726878
252.0,37,3512.297455
252.0,37,3512.922989
252.0,37,3513.534496
252.0,37,3514.114404
252.0,37,3514.731835
252.0,37,3515.340211
252.0,37,3515.975255
252.0,37,3516.571546
252.0,37,3517.173434
252.0,37,3517.773684
252.0,37,3518.38719
252.0,37,3518.978462
252.0,37,3519.569963
252.0,37,3520.167091
252.0,37,3520.713335
252.0,37,3521.281467
252.0,37,3521.832509
252.0,37,3522.364307
252.0,37,3522.932678
252.0,37,3523.493815
252.0,37,3524.065441
252.0,37,3524.680794
252.0,37,3525.272621
252.0,37,3525.876379
252.0,37,3526.4749
252.0,37,3527.047701
252.0,37,3527.644562
252.0,37,3528.24703
252.0,37,3528.842121
252.0,37,3529.434273
252.0,37,3530.028267
252.0,37,3530.659535
252.0,37,3531.252095
252.0,37,3531.859073
252.0,37,3532.428579
252.0,37,3533.016886
252.0,37,3533.639108
252.0,37,3534.230108
252.0,37,3534.83042
252.0,37,3535.451711
252.0,37,3536.034186
252.0,37,3536.649752
252.0,37,3537.223508
252.0,37,3537.830737
252.0,37,3538.416278
252.0,37,3539.013836
252.0,37,3539.631793
252.0,37,3540.200543
252.0,37,3540.815735
252.0,37,3541.408466
252.0,37,3541.972289
252.0,37,3542.562727
252.0,37,3543.149837
252.0,37,3543.744506
252.0,37,3544.331367
252.0,37,3544.932491
252.0,37,3545.507703
252.0,37,3546.075288
252.0,37,3546.676629
252.0,37,3547.315592
252.0,37,3547.948929
252.0,37,3548.588547
252.0,37,3549.201975
252.0,37,3549.857445
252.0,37,3550.484892
252.0,37,3551.111206
252.0,37,3551.754671
252.0,37,3552.37463
252.0,37,3553.030549
252.0,37,3553.675672
252.0,37,3554.328125
252.0,37,3554.962918
252.0,37,3555.605348
252.0,37,3556.268669
252.0,37,3556.892994
252.0,37,3557.532893
252.0,37,3558.171969
252.0,37,3558.859846
252.0,37,3559.494978
252.0,37,3560.127547
252.0,37,3560.760323
252.0,37,3561.395539
252.0,37,3562.044858
252.0,37,3562.719744
252.0,37,3563.368495
252.0,37,3564.017149
252.0,37,3564.678252
252.0,37,3565.307498
252.0,37,3565.942342
252.0,37,3566.626181
252.0,37,3567.268399
252.0,37,3567.922838
252.0,37,3568.569389
252.0,37,3569.226111
252.0,37,3569.906172
252.0,37,3570.548495
252.0,37,3571.178254
252.0,37,3571.824649
252.0,37,3572.471511
252.0,37,3573.104941
252.0,37,3573.74547
252.0,37,3574.377701
252.0,37,3574.98467
252.0,37,3575.599356
252.0,37,3576.21913
252.0,37,3576.828763
252.0,37,3577.461242
252.0,37,3578.108442
252.0,37,3578.757924
252.0,37,3579.388336
252.0,37,3580.030485
252.0,37,3580.697184
252.0,37,3581.349952
252.0,37,3582.005949
252.0,37,3582.654415
252.0,37,3583.303851
252.0,37,3584.011404
252.0,37,3584.700416
252.0,37,3585.355979
252.0,37,3586.002795
252.0,37,3586.633795
252.0,37,3587.308718
252.0,37,3587.972636
252.0,37,3588.614459
252.0,37,3589.25901
252.0,37,3589.88489
252.0,37,3590.536082
252.0,37,3591.153406
252.0,37,3591.778571
252.0,37,3592.413713
252.0,37,3593.05387
252.0,37,3593.715733
252.0,37,3594.366891
252.0,37,3595.04662
252.0,37,3595.672352
252.0,37,3596.310626
252.0,37,3596.956073
252.0,37,3597.580161
252.0,37,3598.237281
252.0,37,3598.882877
252.0,37,3599.554309
252.0,37,3600.213311
252.0,37,3600.880316
252.0,37,3601.547056
252.0,37,3602.17895
252.0,37,3602.854333
252.0,37,3603.526734
252.0,37,3604.177382
252.0,37,3604.841312
252.0,37,3605.481952
252.0,37,3606.146998
252.0,37,3606.826502
252.0,37,3607.470757
252.0,37,3608.130268
252.0,37,3608.820355
252.0,37,3609.477932
252.0,37,3610.132335
252.0,37,3610.77018
252.0,37,3611.425809
252.0,37,3612.067836
252.0,37,3612.707957
252.0,37,3613.366783
252.0,37,3614.015778
252.0,37,3614.664438
252.0,37,3615.298151
252.0,37,3615.938968
252.0,37,3616.600225
252.0,37,3617.247371
252.0,37,3617.898343
252.0,37,3618.561851
252.0,37,3619.210356
252.0,37,3619.897603
252.0,37,3620.545482
252.0,37,3621.197856
252.0,37,3621.862064
252.0,37,3622.512899
252.0,37,3623.21728
252.0,37,3623.849775
252.0,37,3624.505562
252.0,37,3625.174507
252.0,37,3625.821862
252.0,37,3626.494661
252.0,37,3627.172159
252.0,37,3627.834926
252.0,37,3628.483367
252.0,37,3629.130346
252.0,37,3629.778432
252.0,37,3630.411326
252.0,37,3631.049357
252.0,37,3631.688222
252.0,37,3632.327075
252.0,37,3632.994453
252.0,37,3633.629318
252.0,37,3634.258897
252.0,37,3634.904908
252.0,37,3635.531265
252.0,37,3636.170473
252.0,37,3636.845865
252.0,37,3637.515907
252.0,37,3638.178697
252.0,37,3638.809179
252.0,37,3639.471554
252.0,37,3640.103893
252.0,37,3640.754946
252.0,37,3641.37588
252.0,37,3642.008581
252.0,37,3642.680035
252.0,37,3643.307309
252.0,37,3643.94978
252.0,37,3644.60507
252.0,37,3645.270571
252.0,37,3645.926476
252.0,37,3646.563668
252.0,37,3647.207985
252.0,37,3647.821418
252.0,37,3648.453419
252.0,37,3649.101374
252.0,37,3649.754407
252.0,37,3650.406419
252.0,37,3651.045971
252.0,37,3651.687347
252.0,37,3652.347527
252.0,37,3652.983266
252.0,37,3653.612986
252.0,37,3654.271123
252.0,37,3654.932086
252.0,37,3655.580404
252.0,37,3656.227024
252.0,37,3656.887715
252.0,37,3657.542365
252.0,37,3658.139536
252.0,37,3658.823198
252.0,37,3659.483156
252.0,37,3660.132346
252.0,37,3660.766519
252.0,37,3661.385612
252.0,37,3662.055995
252.0,37,3662.714685
252.0,37,3663.345767
252.0,37,3663.989505
252.0,37,3664.626841
252.0,37,3665.283714
252.0,37,3665.955299
252.0,37,3666.637889
252.0,37,3667.274849
252.0,37,3667.909893
252.0,37,3668.627042
252.0,37,3669.270603
252.0,37,3669.910182
252.0,37,3670.53321
252.0,37,3671.179182
252.0,37,3671.809828
252.0,37,3672.440027
252.0,37,3673.083104
252.0,37,3673.724245
252.0,37,3674.370366
252.0,37,3675.015417
252.0,37,3675.648325
252.0,37,3676.328254
252.0,37,3676.980158
252.0,37,3677.622537
252.0,37,3678.286813
252.0,37,3678.918811
252.0,37,3679.562904
252.0,37,3680.194785
252.0,37,3680.840842
252.0,37,3681.515467
252.0,37,3682.140011
252.0,37,3682.799852
252.0,37,3683.447524
252.0,37,3684.100833
252.0,37,3684.759884
252.0,37,3685.398164
252.0,37,3686.05596
252.0,37,3686.699178
252.0,37,3687.348487
252.0,37,3688.013666
252.0,37,3688.651896
252.0,37,3689.300124
252.0,37,3689.931188
252.0,37,3690.544129
252.0,37,3691.183808
252.0,37,3691.794029
252.0,37,3692.45683
252.0,37,3693.101975
252.0,37,3693.746726
252.0,37,3694.397553
252.0,37,3695.014952
252.0,37,3695.66511
252.0,37,3696.2851
252.0,37,3696.903384
252.0,37,3697.545464
252.0,37,3698.18427
252.0,37,3698.83312
252.0,37,3699.477314
252.0,37,3700.113587
252.0,37,3700.781054
252.0,37,3701.412462
252.0,37,3702.090497
252.0,37,3702.726483
252.0,37,3703.375788
252.0,37,3704.036577
252.0,37,3704.6746
252.0,37,3705.326837
252.0,37,3705.990496
252.0,37,3706.642672
252.0,37,3707.300076
252.0,37,3707.966951
252.0,37,3708.614196
252.0,37,3709.25977
252.0,37,3709.926284
252.0,37,3710.581351
252.0,37,3711.222998
252.0,37,3711.880411
252.0,37,3712.528573
252.0,37,3713.174839
252.0,37,3713.85712
252.0,37,3714.493665
252.0,37,3715.185318
252.0,37,3715.856352
252.0,37,3716.480356
252.0,37,3717.11169
252.0,37,3717.755423
252.0,37,3718.396549
252.0,37,3719.021489
252.0,37,3719.651585
252.0,37,3720.299927
252.0,37,3720.927151
252.0,37,3721.574681
252.0,37,3722.21926
252.0,37,3722.836948
252.0,37,3723.470966
252.0,37,3724.110005
252.0,37,3724.751221
252.0,37,3725.385374
252.0,37,3726.045869
252.0,37,3726.706721
252.0,37,3727.342799
252.0,37,3727.977878
252.0,37,3728.623075
252.0,37,3729.257543
252.0,37,3729.9382
252.0,37,3730.588946
252.0,37,3731.238349
252.0,37,3731.90002
252.0,37,3732.536662
252.0,37,3733.157933
252.0,37,3733.830245
252.0,37,3734.497056
252.0,37,3735.148661
252.0,37,3735.809756
252.0,37,3736.448666
252.0,37,3737.089996
252.0,37,3737.734834
252.0,37,3738.371094
252.0,37,3739.026557
252.0,37,3739.678996
252.0,37,3740.313943
252.0,37,3740.974087
252.0,37,3741.644842
252.0,37,3742.318075
252.0,37,3742.988739
252.0,37,3743.647214
252.0,37,3744.322582
252.0,37,3744.974076
252.0,37,3745.605733
252.0,37,3746.247652
252.0,37,3746.882133
252.0,37,3747.540863
252.0,37,3748.174724
252.0,37,3748.815048
252.0,37,3749.462514
252.0,37,3750.105048
252.0,37,3750.767134
252.0,37,3751.407241
252.0,37,3752.05708
252.0,37,3752.748873
252.0,37,3753.3836
252.0,37,3754.067509
252.0,37,3754.74312
252.0,37,3755.372443
252.0,37,3755.997909
252.0,37,3756.62783
252.0,37,3757.272117
252.0,37,3757.912051
252.0,37,3758.540401
252.0,37,3759.154238
252.0,37,3759.802431
252.0,37,3760.480006
252.0,37,3761.118493
252.0,37,3761.759889
252.0,37,3762.421002
252.0,37,3763.034182
252.0,37,3763.679848
252.0,37,3764.301902
252.0,37,3764.954491
252.0,37,3765.623471
252.0,37,3766.260264
252.0,37,3766.929837
252.0,37,3767.587158
252.0,37,3768.241905
252.0,37,3768.934462
252.0,37,3769.606201
252.0,37,3770.29554
252.0,37,3770.949219
252.0,37,3771.587802
252.0,37,3772.262807
252.0,37,3772.921301
252.0,37,3773.592536
252.0,37,3774.265624
252.0,37,3774.902837
252.0,37,3775.543743
252.0,37,3776.146379
252.0,37,3776.791598
252.0,37,3777.419831
252.0,37,3778.038144
252.0,37,3778.688558
252.0,37,3779.335562
252.0,37,3780.002354
252.0,37,3780.658358
252.0,37,3781.321542
252.0,37,3781.99152
252.0,37,3782.643084
252.0,37,3783.309545
252.0,37,3783.958709
252.0,37,3784.572273
252.0,37,3785.186615
252.0,37,3785.823721
252.0,37,3786.502913
252.0,37,3787.119792
252.0,37,3787.767461
252.0,37,3788.459527
252.0,37,3789.088842
252.0,37,3789.768799
252.0,37,3790.425099
252.0,37,3791.094868
252.0,37,3791.775997
252.0,37,3792.434671
252.0,37,3793.113764
252.0,37,3793.77692
252.0,37,3794.394552
252.0,37,3795.072789
252.0,37,3795.696763
252.0,37,3796.340861
252.0,37,3796.994791
252.0,37,3797.633151
252.0,37,3798.269841
252.0,37,3798.921051
252.0,37,3799.57536
252.0,37,3800.233678
252.0,37,3800.882889
252.0,37,3801.569454
252.0,37,3802.248826
252.0,37,3802.927925
252.0,37,3803.588104
252.0,37,3804.239684
252.0,37,3804.889682
252.0,37,3805.541263
252.0,37,3806.187005
252.0,37,3806.80742
252.0,37,3807.471457
252.0,37,3808.118069
252.0,37,3808.779997
252.0,37,3809.472746
252.0,37,3810.130936
252.0,37,3810.760899
252.0,37,3811.413944
252.0,37,3812.066808
252.0,37,3812.753656
252.0,37,3813.414079
252.0,37,3814.079448
252.0,37,3814.746771
252.0,37,3815.3925
252.0,37,3816.053299
252.0,37,3816.720281
252.0,37,3817.409612
252.0,37,3818.104995
252.0,37,3818.737617
252.0,37,3819.382711
252.0,37,3820.082837
252.0,37,3820.768973
252.0,37,3821.430524
252.0,37,3822.093776
252.0,37,3822.775343
252.0,37,3823.435285
252.0,37,3824.109949
252.0,37,3824.765862
252.0,37,3825.390036
252.0,37,3826.054921
252.0,37,3826.665364
252.0,37,3827.276811
252.0,37,3827.892648
252.0,37,3828.51117
252.0,37,3829.154739
252.0,37,3829.816647
252.0,37,3830.441439
252.0,37,3831.049405
252.0,37,3831.645938
252.0,37,3832.284862
252.0,37,3832.916878
252.0,37,3833.569021
252.0,37,3834.244843
252.0,37,3834.895988
252.0,37,3835.541669
252.0,37,3836.181843
252.0,37,3836.829766
252.0,37,3837.489867
252.0,37,3838.165446
252.0,37,3838.816939
252.0,37,3839.478748
252.0,37,3840.123635
252.0,37,3840.768814
252.0,37,3841.449595
252.0,37,3842.115194
252.0,37,3842.774475
252.0,37,3843.398362
252.0,37,3844.065882
252.0,37,3844.713259
252.0,37,3845.35871
252.0,37,3846.008672
252.0,37,3846.649181
252.0,37,3847.299465
252.0,37,3847.932701
252.0,37,3848.589251
252.0,37,3849.221781
252.0,37,3849.874301
252.0,37,3850.531484
252.0,37,3851.166749
252.0,37,3851.825902
252.0,37,3852.476005
252.0,37,3853.114027
252.0,37,3853.76736
252.0,37,3854.403594
252.0,37,3855.05466
252.0,37,3855.692414
252.0,37,3856.326056
252.0,37,3856.980386
252.0,37,3857.623844
252.0,37,3858.293121
252.0,37,3858.918609
252.0,37,3859.560778
252.0,37,3860.206063
252.0,37,3860.845028
252.0,37,3861.487911
252.0,37,3862.140587
252.0,37,3862.788391
252.0,37,3863.44509
252.0,37,3864.103312
252.0,37,3864.76393
252.0,37,3865.419258
252.0,37,3866.071247
252.0,37,3866.736784
252.0,37,3867.378267
252.0,37,3868.02826
252.0,37,3868.657934
252.0,37,3869.294128
252.0,37,3869.945049
252.0,37,3870.600799
252.0,37,3871.275064
252.0,37,3871.936079
252.0,37,3872.606691
252.0,37,3873.277895
252.0,37,3873.932346
252.0,37,3874.579442
252.0,37,3875.220786
252.0,37,3875.874632
252.0,37,3876.54175
252.0,37,3877.201998
252.0,37,3877.874629
252.0,37,3878.514181
252.0,37,3879.164671
252.0,37,3879.838622
252.0,37,3880.501023
252.0,37,3881.154078
252.0,37,3881.796951
252.0,37,3882.451805
252.0,37,3883.115764
252.0,37,3883.769172
252.0,37,3884.433628
252.0,37,3885.081894
252.0,37,3885.724726
252.0,37,3886.378263
252.0,37,3887.016184
252.0,37,3887.690295
252.0,37,3888.334932
252.0,37,3888.970418
252.0,37,3889.634553
252.0,37,3890.279086
252.0,37,3890.955048
252.0,37,3891.623212
252.0,37,3892.278387
252.0,37,3892.926308
252.0,37,3893.584307
252.0,37,3894.242153
252.0,37,3894.903725
252.0,37,3895.551993
252.0,37,3896.211216
252.0,37,3896.835444
252.0,37,3897.478424
252.0,37,3898.125298
252.0,37,3898.763323
252.0,37,3899.427684
252.0,37,3900.089283
252.0,37,3900.740616
252.0,37,3901.392854
252.0,37,3902.036305
252.0,37,3902.68913
252.0,37,3903.332896
252.0,37,3904.018344
252.0,37,3904.669428
252.0,37,3905.33627
252.0,37,3905.998296
252.0,37,3906.61908
252.0,37,3907.2815
252.0,37,3907.923213
252.0,37,3908.567276
252.0,37,3909.241606
252.0,37,3909.897663
252.0,37,3910.576671
252.0,37,3911.245894
252.0,37,3911.907127
252.0,37,3912.563774
252.0,37,3913.219632
252.0,37,3913.88861
252.0,37,3914.529247
252.0,37,3915.155507
252.0,37,3915.832387
252.0,37,3916.466931
252.0,37,3917.142486
252.0,37,3917.783625
252.0,37,3918.438111
252.0,37,3919.07239
252.0,37,3919.705696
252.0,37,3920.367256
252.0,37,3921.016606
252.0,37,3921.667449
252.0,37,3922.333771
252.0,37,3923.004234
252.0,37,3923.661456
252.0,37,3924.287838
252.0,37,3924.931423
252.0,37,3925.600949
252.0,37,3926.238096
252.0,37,3926.900186
252.0,37,3927.568588
252.0,37,3928.208908
252.0,37,3928.863866
252.0,37,3929.530557
252.0,37,3930.210387
252.0,37,3930.875399
252.0,37,3931.528452
252.0,37,3932.177734
252.0,37,3932.816348
252.0,37,3933.463331
252.0,37,3934.092404
252.0,37,3934.734436
252.0,37,3935.405538
252.0,37,3936.048471
252.0,37,3936.695176
252.0,37,3937.347554
252.0,37,3937.98791
252.0,37,3938.647502
252.0,37,3939.310788
252.0,37,3939.990773
252.0,37,3940.638838
252.0,37,3941.277177
252.0,37,3941.932789
252.0,37,3942.59463
252.0,37,3943.259365
252.0,37,3943.921089
252.0,37,3944.590838
252.0,37,3945.260109
252.0,37,3945.909445
252.0,37,3946.576599
252.0,37,3947.23726
252.0,37,3947.884037
252.0,37,3948.536355
252.0,37,3949.186774
252.0,37,3949.853022
252.0,37,3950.537006
252.0,37,3951.213375
252.0,37,3951.883734
252.0,37,3952.548912
252.0,37,3953.205214
252.0,37,3953.849078
252.0,37,3954.487421
252.0,37,3955.163361
252.0,37,3955.803988
252.0,37,3956.476573
252.0,37,3957.116904
252.0,37,3957.755836
252.0,37,3958.44155
252.0,37,3959.094748
252.0,37,3959.77269
252.0,37,3960.40192
252.0,37,3961.036781
252.0,37,3961.679974
252.0,37,3962.324814
252.0,37,3962.993974
252.0,37,3963.632976
252.0,37,3964.270807
252.0,37,3964.945615
252.0,37,3965.613106
252.0,37,3966.300185
252.0,37,3966.953104
252.0,37,3967.618505
252.0,37,3968.307333
252.0,37,3968.998409
252.0,37,3969.66047
252.0,37,3970.301303
252.0,37,3970.950197
252.0,37,3971.634455
252.0,37,3972.270442
252.0,37,3972.93552
252.0,37,3973.59469
252.0,37,3974.263081
252.0,37,3974.938168
252.0,37,3975.545484
252.0,37,3976.188517
252.0,37,3976.84522
252.0,37,3977.495398
252.0,37,3978.163605
252.0,37,3978.813788
252.0,37,3979.483754
252.0,37,3980.134258
252.0,37,3980.787464
252.0,37,3981.432538
252.0,37,3982.060409
252.0,37,3982.717617
252.0,37,3983.358389
252.0,37,3983.99461
252.0,37,3984.660406
252.0,37,3985.31302
252.0,37,3985.958004
252.0,37,3986.600949
252.0,37,3987.245975
252.0,37,3987.926051
252.0,37,3988.564071
252.0,37,3989.222259
252.0,37,3989.847256
252.0,37,3990.518101
252.0,37,3991.167337
252.0,37,3991.790796
252.0,37,3992.429922
252.0,37,3993.079921
252.0,37,3993.704028
252.0,37,3994.355231
252.0,37,3995.006212
252.0,37,3995.66949
252.0,37,3996.317094
252.0,37,3996.983031
252.0,37,3997.638958
252.0,37,3998.27424
252.0,37,3998.92615
252.0,37,3999.602983
252.0,37,4000.24607
252.0,37,4000.917037
252.0,37,4001.551128
252.0,37,4002.19098
252.0,37,4002.837003
252.0,37,4003.483193
252.0,37,4004.157031
252.0,37,4004.800591
252.0,37,4005.470545
252.0,37,4006.16397
252.0,37,4006.839059
252.0,37,4007.489914
252.0,37,4008.134254
252.0,37,4008.799896
252.0,37,4009.470408
252.0,37,4010.125003
252.0,37,4010.787254
252.0,37,4011.412156
252.0,37,4012.065388
252.0,37,4012.700699
252.0,37,4013.3272
252.0,37,4013.975246
252.0,37,4014.623999
252.0,37,4015.315716
252.0,37,4015.965933
252.0,37,4016.599422
252.0,37,4017.251161
252.0,37,4017.866194
252.0,37,4018.558474
252.0,37,4019.213188
252.0,37,4019.842169
252.0,37,4020.491561
252.0,37,4021.141167
252.0,37,4021.798692
252.0,37,4022.434766
252.0,37,4023.114633
252.0,37,4023.80282
252.0,37,4024.448773
252.0,37,4025.132633
252.0,37,4025.76726
252.0,37,4026.42913
252.0,37,4027.084745
252.0,37,4027.746028
252.0,37,4028.417309
252.0,37,4029.062423
252.0,37,4029.71353
252.0,37,4030.370522
252.0,37,4031.008704
252.0,37,4031.681165
252.0,37,4032.319136
252.0,37,4032.957055
252.0,37,4033.623343
252.0,37,4034.266049
252.0,37,4034.925205
252.0,37,4035.568532
252.0,37,4036.23674
252.0,37,4036.91265
252.0,37,4037.559929
252.0,37,4038.195805
252.0,37,4038.815804
252.0,37,4039.461879
252.0,37,4040.151172
252.0,37,4040.828546
252.0,37,4041.493431
252.0,37,4042.138211
252.0,37,4042.804202
252.0,37,4043.455192
252.0,37,4044.097421
252.0,37,4044.824158
252.0,37,4045.47119
252.0,37,4046.12943
252.0,37,4046.791317
252.0,37,4047.445029
252.0,37,4048.091342
252.0,37,4048.71907
252.0,37,4049.362365
252.0,37,4050.008415
252.0,37,4050.654044
252.0,37,4051.313931
252.0,37,4051.970059
252.0,37,4052.61054
252.0,37,4053.261988
252.0,37,4053.87411
252.0,37,4054.511311
252.0,37,4055.176136
252.0,37,4055.833617
252.0,37,4056.4875
252.0,37,4057.129794
252.0,37,4057.811993
252.0,37,4058.463774
252.0,37,4059.098291
252.0,37,4059.769707
252.0,37,4060.428922
252.0,37,4061.076195
252.0,37,4061.713834
252.0,37,4062.355702
252.0,37,4062.997272
252.0,37,4063.648198
252.0,37,4064.298303
252.0,37,4064.95353
252.0,37,4065.606535
252.0,37,4066.251294
252.0,37,4066.923271
252.0,37,4067.603688
252.0,37,4068.237804
252.0,37,4068.883759
252.0,37,4069.562624
252.0,37,4070.238548
252.0,37,4070.91698
252.0,37,4071.58642
252.0,37,4072.253036
252.0,37,4072.905279
252.0,37,4073.569358
252.0,37,4074.2461
252.0,37,4074.929959
252.0,37,4075.607157
252.0,37,4076.255415
252.0,37,4076.897906
252.0,37,4077.568892
252.0,37,4078.241395
252.0,37,4078.868888
252.0,37,4079.554118
252.0,37,4080.234818
252.0,37,4080.870193
252.0,37,4081.518688
252.0,37,4082.13841
252.0,37,4082.783632
252.0,37,4083.443759
252.0,37,4084.11667
252.0,37,4084.764154
252.0,37,4085.40385
252.0,37,4086.036863
252.0,37,4086.648391
252.0,37,4087.261972
252.0,37,4087.875267
252.0,37,4088.513144
252.0,37,4089.163518
252.0,37,4089.83977
252.0,37,4090.484901
252.0,37,4091.127796
252.0,37,4091.78038
252.0,37,4092.442904
252.0,37,4093.10577
252.0,37,4093.788821
252.0,37,4094.453576
252.0,37,4095.11225
252.0,37,4095.786126
252.0,37,4096.443173
252.0,37,4097.147588
252.0,37,4097.834447
252.0,37,4098.492184
252.0,37,4099.175102
252.0,37,4099.864217
252.0,37,4100.540875
252.0,37,4101.217638
252.0,37,4101.889073
252.0,37,4102.572897
252.0,37,4103.257427
252.0,37,4103.960839
252.0,37,4104.624289
252.0,37,4105.294274
252.0,37,4105.997276
252.0,37,4106.691398
252.0,37,4107.398633
252.0,37,4108.084159
252.0,37,4108.759206
252.0,37,4109.442055
252.0,37,4110.123993
252.0,37,4110.803035
252.0,37,4111.467918
252.0,37,4112.152313
252.0,37,4112.810837
252.0,37,4113.466587
252.0,37,4114.156272
252.0,37,4114.832171
252.0,37,4115.524193
252.0,37,4116.243948
252.0,37,4116.914496
252.0,37,4117.599519
252.0,37,4118.286129
252.0,37,4118.947547
252.0,37,4119.625502
252.0,37,4120.292506
252.0,37,4120.97691
252.0,37,4121.658808
252.0,37,4122.34141
252.0,37,4123.04221
252.0,37,4123.717844
252.0,37,4124.426163
252.0,37,4125.096863
252.0,37,4125.763589
252.0,37,4126.439777
252.0,37,4127.100776
252.0,37,4127.788637
252.0,37,4128.449046
252.0,37,4129.116333
252.0,37,4129.799077
252.0,37,4130.48607
252.0,37,4131.195708
252.0,37,4131.894285
252.0,37,4132.577199
252.0,37,4133.274449
252.0,37,4133.944653
252.0,37,4134.638396
252.0,37,4135.336146
252.0,37,4136.03239
252.0,37,4136.734572
252.0,37,4137.426839
252.0,37,4138.129573
252.0,37,4138.822566
252.0,37,4139.512229
252.0,37,4140.238941
252.0,37,4140.935973
252.0,37,4141.625464
252.0,37,4142.301989
252.0,37,4142.970124
252.0,37,4143.675205
252.0,37,4144.396673
252.0,37,4145.095825
252.0,37,4145.779851
252.0,37,4146.459101
252.0,37,4147.157337
252.0,37,4147.827963
252.0,37,4148.511455
252.0,37,4149.186442
252.0,37,4149.872391
252.0,37,4150.576378
252.0,37,4151.245903
252.0,37,4151.944186
252.0,37,4152.615023
252.0,37,4153.296379
252.0,37,4153.991473
252.0,37,4154.674545
252.0,37,4155.374582
252.0,37,4156.052716
252.0,37,4156.744872
252.0,37,4157.429923
252.0,37,4158.139127
252.0,37,4158.921718
252.0,37,4159.754904
252.0,37,4160.518441
252.0,37,4161.440656
252.0,37,4162.338399
252.0,37,4163.197326
252.0,37,4164.054342
252.0,37,4164.863067
252.0,37,4165.647843
252.0,37,4166.478884
252.0,37,4167.380387
252.0,37,4168.184571
252.0,37,4168.956153
252.0,37,4169.746727
252.0,37,4170.535787
252.0,37,4171.356295
252.0,37,4172.160688
252.0,37,4172.982995
252.0,37,4173.777059
252.0,37,4174.518578
252.0,37,4175.302276
252.0,37,4176.059311
252.0,37,4176.771075
252.0,37,4177.52849
252.0,37,4178.260642
252.0,37,4179.139306
252.0,37,4179.948295
252.0,37,4180.779415
252.0,37,4181.641905
252.0,37,4182.494682
252.0,37,4183.368533
252.0,37,4184.137022
252.0,37,4184.967074
252.0,37,4185.789398
252.0,37,4186.603911
252.0,37,4187.483693
252.0,37,4188.190858
252.0,37,4188.867459
252.0,37,4189.673819
252.0,37,4190.548594
252.0,37,4191.350755
252.0,37,4192.056695
252.0,37,4192.8547
252.0,37,4193.732017
252.0,37,4194.528413
252.0,37,4195.367565
252.0,37,4196.092129
252.0,37,4196.841865
252.0,37,4197.628145
252.0,37,4198.447078
252.0,37,4199.243949
252.0,37,4200.088115
252.0,37,4200.939728
252.0,37,4201.70774
252.0,37,4202.564687
252.0,37,4203.426759
252.0,37,4204.273892
252.0,37,4205.094172
252.0,37,4205.905985
252.0,37,4206.666031
252.0,37,4207.40368
252.0,37,4208.171848
252.0,37,4208.990829
252.0,37,4209.866517
252.0,37,4210.667511
252.0,37,4211.476795
252.0,37,4212.271744
252.0,37,4213.143914
252.0,37,4213.924066
252.0,37,4214.697103
252.0,37,4215.591123
252.0,37,4216.337837
252.0,37,4217.166309
252.0,37,4217.955293
252.0,37,4218.815585
252.0,37,4219.62291
252.0,37,4220.453896
252.0,37,4221.36592
252.0,37,4222.21804
252.0,37,4223.019533
252.0,37,4223.88566
252.0,37,4224.774676
252.0,37,4225.648404
252.0,37,4226.485054
252.0,37,4227.295569
252.0,37,4228.107862
252.0,37,4228.893675
252.0,37,4229.742674
252.0,37,4230.523929
252.0,37,4231.326781
252.0,37,4232.090815
252.0,37,4232.8803
252.0,37,4233.678253
252.0,37,4234.496142
252.0,37,4235.340312
252.0,37,4236.115699
252.0,37,4236.938787
252.0,37,4237.783037
252.0,37,4238.572841
252.0,37,4239.326232
252.0,37,4240.234175
252.0,37,4241.099009
252.0,37,4242.038761
252.0,37,4242.902424
252.0,37,4243.759994
252.0,37,4244.589705
252.0,37,4245.367938
252.0,37,4246.24677
252.0,37,4247.062964
252.0,37,4247.786778
252.0,37,4248.683463
252.0,37,4249.530056
252.0,37,4250.276398
252.0,37,4251.040224
252.0,37,4251.793227
252.0,37,4252.479708
252.0,37,4253.157361
252.0,37,4253.839507
252.0,37,4254.606053
252.0,37,4255.302385
252.0,37,4256.056202
252.0,37,4256.843554
252.0,37,4257.652944
252.0,37,4258.488821
252.0,37,4259.267024
252.0,37,4260.008606
252.0,37,4260.796748
252.0,37,4261.663553
252.0,37,4262.531886
252.0,37,4263.356231
252.0,37,4264.135765
252.0,37,4264.946089
252.0,37,4265.706238
252.0,37,4266.482379
252.0,37,4267.318393
252.0,37,4268.195325
252.0,37,4269.032339
252.0,37,4269.86344
252.0,37,4270.680866
252.0,37,4271.483823
252.0,37,4272.319542
252.0,37,4273.211392
252.0,37,4274.004579
252.0,37,4274.804337
252.0,37,4275.539581
252.0,37,4276.380852
252.0,37,4277.231025
252.0,37,4278.005411
252.0,37,4278.861369
252.0,37,4279.731885
252.0,37,4280.559439
252.0,37,4281.432653
252.0,37,4282.187955
252.0,37,4282.965274
252.0,37,4283.772272
252.0,37,4284.567917
252.0,37,4285.466684
252.0,37,4286.37412
252.0,37,4287.15084
252.0,37,4288.058158
252.0,37,4288.819997
252.0,37,4289.626939
252.0,37,4290.442665
252.0,37,4291.227094
252.0,37,4292.035057
252.0,37,4292.905534
252.0,37,4293.734823
252.0,37,4294.498716
252.0,37,4295.339782
252.0,37,4296.154032
252.0,37,4296.894453
252.0,37,4297.691286
252.0,37,4298.581046
252.0,37,4299.436849
252.0,37,4300.301656
252.0,37,4301.231035
252.0,37,4302.021774
252.0,37,4302.782892
252.0,37,4303.648368
252.0,37,4304.430326
252.0,37,4305.322234
252.0,37,4306.189217
252.0,37,4307.073955
252.0,37,4307.85813
252.0,37,4308.591123
252.0,37,4309.459955
252.0,37,4310.227411
252.0,37,4311.114521
252.0,37,4311.866819
252.0,37,4312.674865
252.0,37,4313.494464
252.0,37,4314.305453
252.0,37,4315.134884
252.0,37,4316.003234
252.0,37,4316.85675
252.0,37,4317.659662
252.0,37,4318.456493
252.0,37,4319.264597
252.0,37,4320.248807
252.0,37,4321.168607
252.0,37,4322.014524
252.0,37,4322.835608
252.0,37,4323.57791
252.0,37,4324.485787
252.0,37,4325.240095
252.0,37,4326.043919
252.0,37,4326.841015
252.0,37,4327.597293
252.0,37,4328.425252
252.0,37,4329.127752
252.0,37,4329.924288
252.0,37,4330.711716
252.0,37,4331.511029
252.0,37,4332.29012
252.0,37,4333.048217
252.0,37,4333.893715
252.0,37,4334.806182
252.0,37,4335.592101
252.0,37,4336.313573
252.0,37,4337.026333
252.0,37,4337.743708
252.0,37,4338.51455
252.0,37,4339.380046
252.0,37,4340.234373
252.0,37,4341.047466
252.0,37,4341.885099
252.0,37,4342.69891
252.0,37,4343.480606
252.0,37,4344.397853
252.0,37,4345.235797
252.0,37,4346.107466
252.0,37,4346.938728
252.0,37,4347.738425
252.0,37,4348.551029
252.0,37,4349.424185
252.0,37,4350.271167
252.0,37,4351.084792
252.0,37,4351.866558
252.0,37,4352.721239
252.0,37,4353.572214
252.0,37,4354.478977
252.0,37,4355.323723
252.0,37,4356.118183
252.0,37,4356.918883
252.0,37,4357.695592
252.0,37,4358.535242
252.0,37,4359.321671
252.0,37,4360.154095
252.0,37,4360.977457
252.0,37,4361.831097
252.0,37,4362.676413
252.0,37,4363.632674
252.0,37,4364.481327
252.0,37,4365.327706
252.0,37,4366.099947
252.0,37,4366.862717
252.0,37,4367.665188
252.0,37,4368.432852
252.0,37,4369.193742
252.0,37,4369.968048
252.0,37,4370.813297
252.0,37,4371.585681
252.0,37,4372.383714
252.0,37,4373.21343
252.0,37,4373.919155
252.0,37,4374.6352
252.0,37,4375.435757
252.0,37,4376.281159
252.0,37,4377.1191
252.0,37,4377.878317
252.0,37,4378.636989
252.0,37,4379.428368
252.0,37,4380.287674
252.0,37,4381.135828
252.0,37,4381.924614
252.0,37,4382.708369
252.0,37,4383.501176
252.0,37,4384.271886
252.0,37,4385.11458
252.0,37,4385.982183
252.0,37,4386.742243
252.0,37,4387.509156
252.0,37,4388.38569
252.0,37,4389.279358
252.0,37,4390.175134
252.0,37,4391.067807
252.0,37,4391.97253
252.0,37,4392.890849
252.0,37,4393.737804
252.0,37,4394.685069
252.0,37,4395.575903
252.0,37,4396.406611
252.0,37,4397.328563
252.0,37,4398.177199
252.0,37,4399.033698
252.0,37,4399.962026
252.0,37,4400.763744
252.0,37,4401.63169
252.0,37,4402.433006
252.0,37,4403.206996
252.0,37,4403.995005
252.0,37,4404.790859
252.0,37,4405.566947
252.0,37,4406.442501
252.0,37,4407.223113
252.0,37,4408.114553
252.0,37,4408.916465
252.0,37,4409.832784
252.0,37,4410.588394
252.0,37,4411.404318
252.0,37,4412.229868
252.0,37,4413.151626
252.0,37,4413.915673
252.0,37,4414.678654
252.0,37,4415.474922
252.0,37,4416.307789
252.0,37,4417.071591
252.0,37,4417.903868
252.0,37,4418.787465
252.0,37,4419.669126
252.0,37,4420.466994
252.0,37,4421.30001
252.0,37,4422.138283
252.0,37,4422.980602
252.0,37,4423.827524
252.0,37,4424.667406
252.0,37,4425.397449
252.0,37,4426.215476
252.0,37,4426.959131
252.0,37,4427.680701
252.0,37,4428.502782
252.0,37,4429.331606
252.0,37,4430.165036
252.0,37,4430.961555
252.0,37,4431.726741
252.0,37,4432.630199
252.0,37,4433.491104
252.0,37,4434.373608
252.0,37,4435.283775
252.0,37,4436.123276
252.0,37,4436.983839
252.0,37,4437.855834
252.0,37,4438.612761
252.0,37,4439.467176
252.0,37,4440.277336
252.0,37,4441.155962
252.0,37,4442.004001
252.0,37,4442.886785
252.0,37,4443.657317
252.0,37,4444.470323
252.0,37,4445.255963
252.0,37,4446.050001
252.0,37,4446.858728
252.0,37,4447.680196
252.0,37,4448.464083
252.0,37,4449.373857
252.0,37,4450.183577
252.0,37,4450.838891
252.0,37,4451.723392
252.0,37,4452.617952
252.0,37,4453.365693
252.0,37,4454.12371
252.0,37,4454.939891
252.0,37,4455.823344
252.0,37,4456.698338
252.0,37,4457.482097
252.0,37,4458.202983
252.0,37,4458.94184
252.0,37,4459.643072
252.0,37,4460.419382
252.0,37,4461.255446
252.0,37,4462.036794
252.0,37,4462.872244
252.0,37,4463.67308
252.0,37,4464.539753
252.0,37,4465.34584
252.0,37,4466.126006
252.0,37,4466.924248
252.0,37,4467.715504
252.0,37,4468.515467
252.0,37,4469.321143
252.0,37,4470.176257
252.0,37,4470.990873
252.0,37,4471.771401
252.0,37,4472.610527
252.0,37,4473.435996
252.0,37,4474.190813
252.0,37,4474.981448
252.0,37,4475.76758
252.0,37,4476.551909
252.0,37,4477.309254
252.0,37,4478.162304
252.0,37,4479.015173
252.0,37,4479.891803
252.0,37,4480.751017
252.0,37,4481.529061
252.0,37,4482.315318
252.0,37,4483.250839
252.0,37,4484.048629
252.0,37,4484.777946
252.0,37,4485.573063
252.0,37,4486.388432
252.0,37,4487.239735
252.0,37,4488.031999
252.0,37,4488.837892
252.0,37,4489.668696
252.0,37,4490.44425
252.0,37,4491.236131
252.0,37,4492.18828
252.0,37,4493.003356
252.0,37,4493.932324
252.0,37,4494.756264
252.0,37,4495.607651
252.0,37,4496.424006
252.0,37,4497.213613
252.0,37,4498.012162
252.0,37,4498.887712
252.0,37,4499.709916
252.0,37,4500.53267
252.0,37,4501.302226
252.0,37,4502.127109
252.0,37,4502.874776
252.0,37,4503.603847
252.0,37,4504.359863
252.0,37,4505.187461
252.0,37,4506.092883
252.0,37,4506.964576
252.0,37,4507.837483
252.0,37,4508.68345
252.0,37,4509.527174
252.0,37,4510.377398
252.0,37,4511.167404
252.0,37,4512.070674
252.0,37,4512.85601
252.0,37,4513.694101
252.0,37,4514.518776
252.0,37,4515.481714
252.0,37,4516.281901
252.0,37,4517.130887
252.0,37,4517.922653
252.0,37,4518.74619
252.0,37,4519.494941
252.0,37,4520.276586
252.0,37,4521.09802
252.0,37,4521.900499
252.0,37,4522.727227
252.0,37,4523.540864
252.0,37,4524.388479
252.0,37,4525.247474
252.0,37,4526.15236
252.0,37,4526.945925
252.0,37,4527.732434
252.0,37,4528.442436
252.0,37,4529.1958
252.0,37,4529.91904
252.0,37,4530.741383
252.0,37,4531.513166
252.0,37,4532.295145
252.0,37,4533.102585
252.0,37,4533.871484
252.0,37,4534.701918
252.0,37,4535.520463
252.0,37,4536.37483
252.0,37,4537.265177
252.0,37,4538.07928
252.0,37,4538.884582
252.0,37,4539.743099
252.0,37,4540.523067
252.0,37,4541.282242
252.0,37,4542.160868
252.0,37,4542.960224
252.0,37,4543.770651
252.0,37,4544.54786
252.0,37,4545.381134
252.0,37,4546.169457
252.0,37,4547.082574
252.0,37,4548.103817
252.0,37,4548.904556
252.0,37,4549.766826
252.0,37,4550.605107
252.0,37,4551.510091
252.0,37,4552.383637
252.0,37,4553.200931
252.0,37,4554.154201
252.0,37,4554.946021
252.0,37,4555.90147
252.0,37,4556.77619
252.0,37,4557.491732
252.0,37,4558.219066
252.0,37,4558.951979
252.0,37,4559.704324
252.0,37,4560.556626
252.0,37,4561.314938
252.0,37,4562.183494
252.0,37,4563.011434
252.0,37,4563.886141
252.0,37,4564.844541
252.0,37,4565.620526
252.0,37,4566.496145
252.0,37,4567.395905
252.0,37,4568.358362
252.0,37,4569.159836
252.0,37,4570.133385
252.0,37,4571.028235
252.0,37,4571.785521
252.0,37,4572.63444
252.0,37,4573.421199
252.0,37,4574.214069
252.0,37,4575.02939
252.0,37,4575.826661
252.0,37,4576.722212
252.0,37,4577.458461
252.0,37,4578.329483
252.0,37,4579.193962
252.0,37,4580.029402
252.0,37,4580.804951
252.0,37,4581.624125
252.0,37,4582.588283
252.0,37,4583.482601
252.0,37,4584.322195
252.0,37,4585.191798
252.0,37,4586.178047
252.0,37,4587.029662
252.0,37,4587.861131
252.0,37,4588.678299
252.0,37,4589.537952
252.0,37,4590.393118
252.0,37,4591.134716
252.0,37,4591.952994
252.0,37,4592.754999
252.0,37,4593.560541
252.0,37,4594.323096
252.0,37,4595.008728
252.0,37,4595.787715
252.0,37,4596.566235
252.0,37,4597.503836
252.0,37,4598.329069
252.0,37,4599.271482
252.0,37,4600.161869
252.0,37,4600.968444
252.0,37,4601.793715
252.0,37,4602.637824
252.0,37,4603.41713
252.0,37,4604.343396
252.0,37,4605.266988
252.0,37,4606.020033
252.0,37,4606.791642
252.0,37,4607.527102
252.0,37,4608.380572
252.0,37,4609.166061
252.0,37,4610.028934
252.0,37,4611.035969
252.0,37,4611.823598
252.0,37,4612.735737
252.0,37,4613.544442
252.0,37,4614.33694
252.0,37,4615.236019
252.0,37,4616.069481
252.0,37,4616.971018
252.0,37,4617.743838
252.0,37,4618.53325
252.0,37,4619.309165
252.0,37,4620.051327
252.0,37,4620.84024
252.0,37,4621.734569
252.0,37,4622.70382
252.0,37,4623.605564
252.0,37,4624.389191
252.0,37,4625.091402
252.0,37,4625.911252
252.0,37,4626.718739
252.0,37,4627.489743
252.0,37,4628.303364
252.0,37,4629.116729
252.0,37,4629.88004
252.0,37,4630.690331
252.0,37,4631.509373
252.0,37,4632.275695
252.0,37,4633.050195
252.0,37,4633.824845
252.0,37,4634.590215
252.0,37,4635.410106
252.0,37,4636.202878
252.0,37,4636.964632
252.0,37,4637.771291
252.0,37,4638.529459
252.0,37,4639.330277
252.0,37,4640.091583
252.0,37,4640.887929
252.0,37,4641.575513
252.0,37,4642.279397
252.0,37,4643.050874
252.0,37,4643.843402
252.0,37,4644.694985
252.0,37,4645.483783
252.0,37,4646.289509
252.0,37,4647.045135
252.0,37,4647.899101
252.0,37,4648.644094
252.0,37,4649.373609
252.0,37,4650.155129
252.0,37,4650.957819
252.0,37,4651.828453
252.0,37,4652.712255
252.0,37,4653.503695
252.0,37,4654.388936
252.0,37,4655.228798
252.0,37,4656.103873
252.0,37,4656.973677
252.0,37,4657.831638
252.0,37,4658.727422
252.0,37,4659.582667
252.0,37,4660.452073
252.0,37,4661.389035
252.0,37,4662.262057
252.0,37,4663.087229
252.0,37,4663.904855
252.0,37,4664.673755
252.0,37,4665.598309
252.0,37,4666.477371
252.0,37,4667.431326
252.0,37,4668.299143
252.0,37,4669.077353
252.0,37,4669.833724
252.0,37,4670.760825
252.0,37,4671.626152
252.0,37,4672.381454
252.0,37,4673.153121
252.0,37,4673.864969
252.0,37,4674.601838
252.0,37,4675.433513
252.0,37,4676.268889
252.0,37,4677.125424
252.0,37,4677.957007
252.0,37,4678.775526
252.0,37,4679.602474
252.0,37,4680.449364
252.0,37,4681.344219
252.0,37,4682.19046
252.0,37,4682.974736
252.0,37,4683.761927
252.0,37,4684.65852
252.0,37,4685.388672
252.0,37,4686.178136
252.0,37,4686.940698
252.0,37,4687.770017
252.0,37,4688.638153
252.0,37,4689.413939
252.0,37,4690.226808
252.0,37,4691.017772
252.0,37,4691.802494
252.0,37,4692.62157
252.0,37,4693.405671
252.0,37,4694.23231
252.0,37,4695.105228
252.0,37,4695.911393
252.0,37,4696.635538
252.0,37,4697.395122
252.0,37,4698.17225
252.0,37,4698.982296
252.0,37,4699.832893
252.0,37,4700.627041
252.0,37,4701.433093
252.0,37,4702.298036
252.0,37,4703.162664
252.0,37,4704.055975
252.0,37,4704.896301
252.0,37,4705.651825
252.0,37,4706.343469
252.0,37,4707.063876
252.0,37,4707.999974
252.0,37,4708.864119
252.0,37,4709.674701
252.0,37,4710.553293
252.0,37,4711.362891
252.0,37,4712.18616
252.0,37,4713.002913
252.0,37,4713.901106
252.0,37,4714.778883
252.0,37,4715.651288
252.0,37,4716.548455
252.0,37,4717.426207
252.0,37,4718.306985
252.0,37,4719.240798
252.0,37,4720.120928
252.0,37,4720.944504
252.0,37,4721.80955
252.0,37,4722.568951
252.0,37,4723.361964
252.0,37,4724.160597
252.0,37,4725.044136
252.0,37,4725.850467
252.0,37,4726.72169
252.0,37,4727.637038
252.0,37,4728.495617
252.0,37,4729.306143
252.0,37,4730.031196
252.0,37,4730.853725
252.0,37,4731.672452
252.0,37,4732.504903
252.0,37,4733.371877
252.0,37,4734.214957
252.0,37,4735.097172
252.0,37,4735.893351
252.0,37,4736.643842
252.0,37,4737.361406
252.0,37,4738.056242
252.0,37,4738.814916
252.0,37,4739.653828
252.0,37,4740.537266
252.0,37,4741.319141
252.0,37,4742.106247
252.0,37,4742.8811
252.0,37,4743.718019
252.0,37,4744.539696
252.0,37,4745.332107
252.0,37,4746.122845
252.0,37,4746.99264
252.0,37,4747.859999
252.0,37,4748.695361
252.0,37,4749.540994
252.0,37,4750.296293
252.0,37,4751.018281
252.0,37,4751.867912
252.0,37,4752.705724
252.0,37,4753.564301
252.0,37,4754.351076
252.0,37,4755.20605
252.0,37,4755.989128
252.0,37,4756.742209
252.0,37,4757.627887
252.0,37,4758.525385
252.0,37,4759.386508
252.0,37,4760.18744
252.0,37,4761.02266
252.0,37,4761.818202
252.0,37,4762.614532
252.0,37,4763.441246
252.0,37,4764.259018
252.0,37,4765.031926
252.0,37,4765.878437
252.0,37,4766.681118
252.0,37,4767.430258
252.0,37,4768.252953
252.0,37,4769.020555
252.0,37,4769.745562
252.0,37,4770.448368
252.0,37,4771.162936
252.0,37,4771.939398
252.0,37,4772.694554
252.0,37,4773.603867
252.0,37,4774.369568
252.0,37,4775.23281
252.0,37,4776.040365
252.0,37,4776.885581
252.0,37,4777.685157
252.0,37,4778.426233
252.0,37,4779.194934
252.0,37,4780.029433
252.0,37,4780.880276
252.0,37,4781.717761
252.0,37,4782.440743
252.0,37,4783.117821
252.0,37,4783.878091
252.0,37,4784.574288
252.0,37,4785.427724
252.0,37,4786.261564
252.0,37,4787.03249
252.0,37,4787.876716
252.0,37,4788.757129
252.0,37,4789.626245
252.0,37,4790.400221
252.0,37,4791.182668
252.0,37,4791.977867
252.0,37,4792.774948
252.0,37,4793.55487
252.0,37,4794.317824
252.0,37,4795.061882
252.0,37,4795.813123
252.0,37,4796.64068
252.0,37,4797.375906
252.0,37,4798.130014
252.0,37,4798.850931
252.0,37,4799.586427
252.0,37,4800.377516
252.0,37,4801.16266
252.0,37,4801.927897
252.0,37,4802.649662
252.0,37,4803.355408
252.0,37,4804.034464
252.0,37,4804.809908
252.0,37,4805.638127
252.0,37,4806.48797
252.0,37,4807.326365
252.0,37,4808.158298
252.0,37,4809.128584
252.0,37,4809.913348
252.0,37,4810.63382
252.0,37,4811.373845
252.0,37,4812.092948
252.0,37,4812.899807
252.0,37,4813.694288
252.0,37,4814.481247
252.0,37,4815.276157
252.0,37,4816.031672
252.0,37,4816.728513
252.0,37,4817.630452
252.0,37,4818.37838
252.0,37,4819.147175
252.0,37,4819.884458
252.0,37,4820.618993
252.0,37,4821.366587
252.0,37,4822.203797
252.0,37,4823.039965
252.0,37,4823.831316
252.0,37,4824.540522
252.0,37,4825.36165
252.0,37,4826.123908
252.0,37,4826.89185
252.0,37,4827.640527
252.0,37,4828.419001
252.0,37,4829.164035
252.0,37,4829.940183
252.0,37,4830.78824
252.0,37,4831.596334
252.0,37,4832.3321
252.0,37,4833.096873
252.0,37,4833.874863
252.0,37,4834.623015
252.0,37,4835.49754
252.0,37,4836.305228
252.0,37,4837.142846
252.0,37,4837.977947
252.0,37,4838.749776
252.0,37,4839.632793
252.0,37,4840.460768
252.0,37,4841.236775
252.0,37,4842.144268
252.0,37,4842.990367
252.0,37,4843.7217
252.0,37,4844.58503
252.0,37,4845.396865
252.0,37,4846.169233
252.0,37,4847.112409
252.0,37,4847.927361
252.0,37,4848.803021
252.0,37,4849.643196
252.0,37,4850.445111
252.0,37,4851.313679
252.0,37,4852.109919
252.0,37,4852.94459
252.0,37,4853.799097
252.0,37,4854.601391
252.0,37,4855.364778
252.0,37,4856.225749
252.0,37,4856.992184
252.0,37,4857.818457
252.0,37,4858.673081
252.0,37,4859.623824
252.0,37,4860.389085
252.0,37,4861.268159
252.0,37,4862.019724
252.0,37,4862.92694
252.0,37,4863.778368
252.0,37,4864.570085
252.0,37,4865.375542
252.0,37,4866.093618
252.0,37,4866.921974
252.0,37,4867.789629
252.0,37,4868.589481
252.0,37,4869.391504
252.0,37,4870.227841
252.0,37,4870.96466
252.0,37,4871.88336
252.0,37,4872.630251
252.0,37,4873.434301
252.0,37,4874.231386
252.0,37,4875.113859
252.0,37,4876.040253
252.0,37,4876.884118
252.0,37,4877.686458
252.0,37,4878.579666
252.0,37,4879.471879
252.0,37,4880.308142
252.0,37,4881.107322
252.0,37,4881.884852
252.0,37,4882.667161
252.0,37,4883.480196
252.0,37,4884.341436
252.0,37,4885.164439
252.0,37,4886.037366
252.0,37,4886.937621
252.0,37,4887.753594
252.0,37,4888.576642
252.0,37,4889.344104
252.0,37,4890.100184
252.0,37,4890.8573
252.0,37,4891.557962
252.0,37,4892.287992
252.0,37,4892.972128
252.0,37,4893.692868
252.0,37,4894.509929
252.0,37,4895.423504
252.0,37,4896.274554
252.0,37,4897.080216
252.0,37,4897.885912
252.0,37,4898.643571
252.0,37,4899.387957
252.0,37,4900.265573
252.0,37,4901.007162
252.0,37,4901.798641
252.0,37,4902.588994
252.0,37,4903.317268
252.0,37,4904.07174
252.0,37,4904.828485
252.0,37,4905.596129
252.0,37,4906.322886
252.0,37,4907.135392
252.0,37,4907.954854
252.0,37,4908.673732
252.0,37,4909.527327
252.0,37,4910.284292
252.0,37,4911.079961
252.0,37,4911.850676
252.0,37,4912.631954
252.0,37,4913.38889
252.0,37,4914.175845
252.0,37,4914.984709
252.0,37,4915.910237
252.0,37,4916.799014
252.0,37,4917.657059
252.0,37,4918.526633
252.0,37,4919.255801
252.0,37,4920.105205
252.0,37,4920.87466
252.0,37,4921.670056
252.0,37,4922.492944
252.0,37,4923.298077
252.0,37,4924.086496
252.0,37,4924.915039
252.0,37,4925.707448
252.0,37,4926.506812
252.0,37,4927.397909
252.0,37,4928.245679
252.0,37,4929.177442
252.0,37,4929.99889
252.0,37,4930.790205
252.0,37,4931.661217
252.0,37,4932.477738
252.0,37,4933.23464
252.0,37,4934.021004
252.0,37,4934.791759
252.0,37,4935.601604
252.0,37,4936.377459
252.0,37,4937.232198
252.0,37,4938.090468
252.0,37,4938.848182
252.0,37,4939.582775
252.0,37,4940.392618
252.0,37,4941.236399
252.0,37,4942.123455
252.0,37,4943.038793
252.0,37,4943.824425
252.0,37,4944.664947
252.0,37,4945.493634
252.0,37,4946.319085
252.0,37,4947.068993
252.0,37,4947.900198
252.0,37,4948.796147
252.0,37,4949.61792
252.0,37,4950.372904
252.0,37,4951.12401
252.0,37,4951.95721
252.0,37,4952.82271
252.0,37,4953.641732
252.0,37,4954.424783
252.0,37,4955.175464
252.0,37,4955.950191
252.0,37,4956.805762
252.0,37,4957.58815
252.0,37,4958.421472
252.0,37,4959.300419
252.0,37,4960.035446
252.0,37,4960.801994
252.0,37,4961.596201
252.0,37,4962.389709
252.0,37,4963.311774
252.0,37,4964.175666
252.0,37,4964.91099
252.0,37,4965.78157
252.0,37,4966.570314
252.0,37,4967.381968
252.0,37,4968.212837
252.0,37,4969.077671
252.0,37,4969.980096
252.0,37,4970.863668
252.0,37,4971.741587
252.0,37,4972.57557
252.0,37,4973.33772
252.0,37,4974.226072
252.0,37,4975.148415
252.0,37,4976.007431
252.0,37,4976.851981
252.0,37,4977.766354
252.0,37,4978.584648
252.0,37,4979.387629
252.0,37,4980.196321
252.0,37,4980.983928
252.0,37,4981.861805
252.0,37,4982.623103
252.0,37,4983.563257
252.0,37,4984.415839
252.0,37,4985.221581
252.0,37,4986.058851
252.0,37,4986.949269
252.0,37,4987.852431
252.0,37,4988.737235
252.0,37,4989.589668
252.0,37,4990.374254
252.0,37,4991.13788
252.0,37,4991.913773
252.0,37,4992.707261
252.0,37,4993.529259
252.0,37,4994.285665
252.0,37,4995.014256
252.0,37,4995.853122
252.0,37,4996.662057
252.0,37,4997.375099
252.0,37,4998.179235
252.0,37,4998.94682
252.0,37,4999.838815
252.0,37,5000.640107
252.0,37,5001.366457
252.0,37,5002.153889
252.0,37,5002.920812
252.0,37,5003.785181
252.0,37,5004.623109
252.0,37,5005.473962
252.0,37,5006.285167
252.0,37,5007.119823
252.0,37,5007.980957
252.0,37,5008.801532
252.0,37,5009.599141
252.0,37,5010.508284
252.0,37,5011.442754
252.0,37,5012.316265
252.0,37,5013.127067
252.0,37,5013.978644
252.0,37,5014.862921
252.0,37,5015.724771
252.0,37,5016.494221
252.0,37,5017.246836
252.0,37,5018.10913
252.0,37,5018.847779
252.0,37,5019.522584
252.0,37,5020.211864
252.0,37,5020.90806
252.0,37,5021.694737
252.0,37,5022.539225
252.0,37,5023.352699
252.0,37,5024.205161
252.0,37,5025.049567
252.0,37,5025.787041
252.0,37,5026.628969
252.0,37,5027.461034
252.0,37,5028.225665
252.0,37,5029.022102
252.0,37,5029.783598
252.0,37,5030.550982
252.0,37,5031.349545
252.0,37,5032.296445
252.0,37,5033.105202
252.0,37,5033.953919
252.0,37,5034.813788
252.0,37,5035.646995
252.0,37,5036.398007
252.0,37,5037.298936
252.0,37,5038.064659
252.0,37,5038.881963
252.0,37,5039.638247
252.0,37,5040.430892
252.0,37,5041.237352
252.0,37,5042.022121
252.0,37,5042.898974
252.0,37,5043.687307
252.0,37,5044.506362
252.0,37,5045.34617
252.0,37,5046.194785
252.0,37,5047.025542
252.0,37,5047.937732
252.0,37,5048.823171
252.0,37,5049.625353
252.0,37,5050.395601
252.0,37,5051.199161
252.0,37,5051.993835
252.0,37,5052.796519
252.0,37,5053.686506
252.0,37,5054.524218
252.0,37,5055.400473
252.0,37,5056.288836
252.0,37,5057.16479
252.0,37,5057.982758
252.0,37,5058.80928
252.0,37,5059.749538
252.0,37,5060.542652
252.0,37,5061.322834
252.0,37,5062.068094
252.0,37,5062.895497
252.0,37,5063.707888
252.0,37,5064.476479
252.0,37,5065.363945
252.0,37,5066.108337
252.0,37,5066.950504
252.0,37,5067.779159
252.0,37,5068.599724
252.0,37,5069.490017
252.0,37,5070.351911
252.0,37,5071.175694
252.0,37,5072.014504
252.0,37,5072.894724
252.0,37,5073.666401
252.0,37,5074.497353
252.0,37,5075.357361
252.0,37,5076.228865
252.0,37,5077.057643
252.0,37,5077.954962
252.0,37,5078.785545
252.0,37,5079.692507
252.0,37,5080.535365
252.0,37,5081.250032
252.0,37,5082.108775
252.0,37,5082.932684
252.0,37,5083.694191
252.0,37,5084.509931
252.0,37,5085.316851
252.0,37,5086.096589
252.0,37,5086.900594
252.0,37,5087.707738
252.0,37,5088.462543
252.0,37,5089.303429
252.0,37,5090.290022
252.0,37,5091.210461
252.0,37,5091.982066
252.0,37,5092.828567
252.0,37,5093.608166
252.0,37,5094.366949
252.0,37,5095.167783
252.0,37,5096.020083
252.0,37,5096.88342
252.0,37,5097.678493
252.0,37,5098.444451
252.0,37,5099.198864
252.0,37,5099.915167
252.0,37,5100.854689
252.0,37,5101.651724
252.0,37,5102.464758
252.0,37,5103.245045
252.0,37,5103.973976
252.0,37,5104.773409
252.0,37,5105.538457
252.0,37,5106.325271
252.0,37,5107.022343
252.0,37,5107.710031
252.0,37,5108.57703
252.0,37,5109.371491
252.0,37,5110.155172
252.0,37,5110.904257
252.0,37,5111.667264
252.0,37,5112.416693
252.0,37,5113.214921
252.0,37,5114.053879
252.0,37,5114.819314
252.0,37,5115.644892
252.0,37,5116.447785
252.0,37,5117.214657
252.0,37,5117.995911
252.0,37,5118.760512
252.0,37,5119.53955
252.0,37,5120.306983
252.0,37,5121.026122
252.0,37,5121.841753
252.0,37,5122.558866
252.0,37,5123.344434
252.0,37,5124.10413
252.0,37,5124.864417
252.0,37,5125.664479
252.0,37,5126.390049
252.0,37,5127.103906
252.0,37,5127.883429
252.0,37,5128.664953
252.0,37,5129.40742
252.0,37,5130.068239
252.0,37,5130.821919
252.0,37,5131.61414
252.0,37,5132.336259
252.0,37,5133.147158
252.0,37,5133.971234
252.0,37,5134.705153
252.0,37,5135.513775
252.0,37,5136.238499
252.0,37,5137.098128
252.0,37,5137.82863
252.0,37,5138.550877
252.0,37,5139.347998
252.0,37,5140.089264
252.0,37,5140.818038
252.0,37,5141.523637
252.0,37,5142.297844
252.0,37,5143.119982
252.0,37,5144.018678
252.0,37,5144.845991
252.0,37,5145.661921
252.0,37,5146.401666
252.0,37,5147.118343
252.0,37,5147.824449
252.0,37,5148.641374
252.0,37,5149.413314
252.0,37,5150.292943
252.0,37,5151.234409
252.0,37,5152.013749
252.0,37,5152.734202
252.0,37,5153.471343
252.0,37,5154.248312
252.0,37,5155.104796
252.0,37,5155.943012
252.0,37,5156.755117
252.0,37,5157.508052
252.0,37,5158.278288
252.0,37,5159.064692
252.0,37,5159.84385
252.0,37,5160.630035
252.0,37,5161.428491
252.0,37,5162.238637
252.0,37,5162.977574
252.0,37,5163.680036
252.0,37,5164.327934
252.0,37,5164.993368
252.0,37,5165.731124
252.0,37,5166.449626
252.0,37,5167.181622
252.0,37,5167.91014
252.0,37,5168.607786
252.0,37,5169.458266
252.0,37,5170.301758
252.0,37,5171.001688
252.0,37,5171.731836
252.0,37,5172.381414
252.0,37,5173.102896
252.0,37,5173.872538
252.0,37,5174.589017
252.0,37,5175.4379
252.0,37,5176.187611
252.0,37,5176.979634
252.0,37,5177.800899
252.0,37,5178.500612
252.0,37,5179.271055
252.0,37,5180.170045
252.0,37,5180.941777
252.0,37,5181.676593
252.0,37,5182.431793
252.0,37,5183.129344
252.0,37,5183.784904
252.0,37,5184.516227
252.0,37,5185.296927
252.0,37,5186.033619
252.0,37,5186.899847
252.0,37,5187.650453
252.0,37,5188.424249
252.0,37,5189.232758
252.0,37,5189.978797
252.0,37,5190.791101
252.0,37,5191.612449
252.0,37,5192.442197
252.0,37,5193.254168
252.0,37,5193.970955
252.0,37,5194.82612
252.0,37,5195.597865
252.0,37,5196.336268
252.0,37,5197.118575
252.0,37,5197.849922
252.0,37,5198.667543
252.0,37,5199.489443
252.0,37,5200.30446
252.0,37,5201.07076
252.0,37,5201.838805
252.0,37,5202.656312
252.0,37,5203.356724
252.0,37,5204.10755
252.0,37,5204.811441
252.0,37,5205.588508
252.0,37,5206.36486
252.0,37,5207.16996
252.0,37,5207.876737
252.0,37,5208.671322
252.0,37,5209.489502
252.0,37,5210.28985
252.0,37,5211.012148
252.0,37,5211.728639
252.0,37,5212.501688
252.0,37,5213.202446
252.0,37,5213.894196
252.0,37,5214.662684
252.0,37,5215.365603
252.0,37,5216.102955
252.0,37,5216.928066
252.0,37,5217.72559
252.0,37,5218.450541
252.0,37,5219.218778
252.0,37,5219.980217
252.0,37,5220.682543
252.0,37,5221.481472
252.0,37,5222.335362
252.0,37,5223.128773
252.0,37,5223.998456
252.0,37,5224.816858
252.0,37,5225.712023
252.0,37,5226.498947
252.0,37,5227.240195
252.0,37,5228.027938
252.0,37,5228.80826
252.0,37,5229.563044
252.0,37,5230.327925
252.0,37,5231.053231
252.0,37,5231.887043
252.0,37,5232.610127
252.0,37,5233.339475
252.0,37,5234.109603
252.0,37,5234.851661
252.0,37,5235.582392
252.0,37,5236.366606
252.0,37,5237.120553
252.0,37,5237.811089
252.0,37,5238.589899
252.0,37,5239.325535
252.0,37,5240.094133
252.0,37,5240.864663
252.0,37,5241.519301
252.0,37,5242.205554
252.0,37,5242.921491
252.0,37,5243.648876
252.0,37,5244.454473
252.0,37,5245.274755
252.0,37,5246.020503
252.0,37,5246.745066
252.0,37,5247.430981
252.0,37,5248.215537
252.0,37,5249.029608
252.0,37,5249.922523
252.0,37,5250.716897
252.0,37,5251.463342
252.0,37,5252.250838
252.0,37,5252.994666
252.0,37,5253.695191
252.0,37,5254.464354
252.0,37,5255.170107
252.0,37,5255.903975
252.0,37,5256.710224
252.0,37,5257.434222
252.0,37,5258.163133
252.0,37,5258.943334
252.0,37,5259.70624
252.0,37,5260.440544
252.0,37,5261.256233
252.0,37,5262.038613
252.0,37,5262.787194
252.0,37,5263.535116
252.0,37,5264.285605
252.0,37,5265.034581
252.0,37,5265.775682
252.0,37,5266.558761
252.0,37,5267.337213
252.0,37,5268.11508
252.0,37,5268.890809
252.0,37,5269.602254
252.0,37,5270.290073
252.0,37,5271.044318
252.0,37,5271.818299
252.0,37,5272.605223
252.0,37,5273.434872
252.0,37,5274.168661
252.0,37,5274.977354
252.0,37,5275.793445
252.0,37,5276.467397
252.0,37,5277.243904
252.0,37,5277.977731
252.0,37,5278.703645
252.0,37,5279.514066
252.0,37,5280.341312
252.0,37,5281.076391
252.0,37,5281.871483
252.0,37,5282.716951
252.0,37,5283.532257
252.0,37,5284.241569
252.0,37,5285.051142
252.0,37,5285.795546
252.0,37,5286.55078
252.0,37,5287.216745
252.0,37,5287.994099
252.0,37,5288.712855
252.0,37,5289.423953
252.0,37,5290.151193
252.0,37,5290.867958
252.0,37,5291.633633
252.0,37,5292.485923
252.0,37,5293.241161
252.0,37,5294.029805
252.0,37,5294.727735
252.0,37,5295.518698
252.0,37,5296.265164
252.0,37,5297.035897
252.0,37,5297.802723
252.0,37,5298.553411
252.0,37,5299.337653
252.0,37,5300.099109
252.0,37,5300.739446
252.0,37,5301.412188
252.0,37,5302.220553
252.0,37,5302.960421
252.0,37,5303.648897
252.0,37,5304.359483
252.0,37,5305.113019
252.0,37,5305.963259
252.0,37,5306.689669
252.0,37,5307.440526
252.0,37,5308.22861
252.0,37,5308.980289
252.0,37,5309.697192
252.0,37,5310.479231
252.0,37,5311.317697
252.0,37,5312.095424
252.0,37,5312.837535
252.0,37,5313.64314
252.0,37,5314.383436
252.0,37,5315.190142
252.0,37,5315.954185
252.0,37,5316.794262
252.0,37,5317.525032
252.0,37,5318.311229
252.0,37,5319.096056
252.0,37,5319.929031
252.0,37,5320.688965
252.0,37,5321.414289
252.0,37,5322.127368
252.0,37,5322.969232
252.0,37,5323.726023
252.0,37,5324.484076
252.0,37,5325.208285
252.0,37,5325.897865
252.0,37,5326.577132
252.0,37,5327.299775
252.0,37,5328.060637
252.0,37,5328.803968
252.0,37,5329.581868
252.0,37,5330.393168
252.0,37,5331.22607
252.0,37,5332.017328
252.0,37,5332.748973
252.0,37,5333.487164
252.0,37,5334.199492
252.0,37,5334.96981
252.0,37,5335.718485
252.0,37,5336.509434
252.0,37,5337.280314
252.0,37,5338.020921
252.0,37,5338.732034
252.0,37,5339.514825
252.0,37,5340.268699
252.0,37,5341.113937
252.0,37,5341.88327
252.0,37,5342.734311
252.0,37,5343.43273
252.0,37,5344.163644
252.0,37,5344.939684
252.0,37,5345.710968
252.0,37,5346.512151
252.0,37,5347.28949
252.0,37,5348.131858
252.0,37,5348.843559
252.0,37,5349.56904
252.0,37,5350.443402
252.0,37,5351.211513
252.0,37,5352.078101
252.0,37,5352.874804
252.0,37,5353.641873
252.0,37,5354.427965
252.0,37,5355.286955
252.0,37,5356.149904
252.0,37,5356.784349
252.0,37,5357.579457
252.0,37,5358.496742
252.0,37,5359.181808
252.0,37,5359.879348
252.0,37,5360.614363
252.0,37,5361.354116
252.0,37,5362.163928
252.0,37,5362.97669
252.0,37,5363.746206
252.0,37,5364.44501
252.0,37,5365.163641
252.0,37,5365.909772
252.0,37,5366.739622
252.0,37,5367.557516
252.0,37,5368.362977
252.0,37,5369.167357
252.0,37,5369.860546
252.0,37,5370.655167
252.0,37,5371.446037
252.0,37,5372.25078
252.0,37,5373.053661
252.0,37,5373.806563
252.0,37,5374.621148
252.0,37,5375.375959
252.0,37,5376.186457
252.0,37,5376.955222
252.0,37,5377.778438
252.0,37,5378.597476
252.0,37,5379.311395
252.0,37,5380.040803
252.0,37,5380.708087
252.0,37,5381.408242
252.0,37,5382.172513
252.0,37,5382.930578
252.0,37,5383.772032
252.0,37,5384.548003
252.0,37,5385.332025
252.0,37,5386.068164
252.0,37,5386.884491
252.0,37,5387.607358
252.0,37,5388.463388
252.0,37,5389.225219
252.0,37,5390.012809
252.0,37,5390.899705
252.0,37,5391.610992
252.0,37,5392.378343
252.0,37,5393.150315
252.0,37,5393.931029
252.0,37,5394.628543
252.0,37,5395.319775
252.0,37,5396.181372
252.0,37,5396.929807
252.0,37,5397.649894
252.0,37,5398.367245
252.0,37,5399.309549
252.0,37,5400.18864
252.0,37,5400.896222
252.0,37,5401.625555
252.0,37,5402.376028
252.0,37,5403.194071
252.0,37,5403.935375
252.0,37,5404.758407
252.0,37,5405.490603
252.0,37,5406.24956
252.0,37,5407.013502
252.0,37,5407.830912
252.0,37,5408.652317
252.0,37,5409.443625
252.0,37,5410.176503
252.0,37,5410.954114
252.0,37,5411.692534
252.0,37,5412.495146
252.0,37,5413.229066
252.0,37,5413.978723
252.0,37,5414.787028
252.0,37,5415.6085
252.0,37,5416.369695
252.0,37,5417.113805
252.0,37,5417.944413
252.0,37,5418.643662
252.0,37,5419.431322
252.0,37,5420.153107
252.0,37,5420.826689
252.0,37,5421.633087
252.0,37,5422.409246
252.0,37,5423.182783
252.0,37,5423.909585
252.0,37,5424.650004
252.0,37,5425.425032
252.0,37,5426.262769
252.0,37,5427.03185
252.0,37,5427.789992
252.0,37,5428.5489
252.0,37,5429.29507
252.0,37,5430.062766
252.0,37,5430.829589
252.0,37,5431.614169
252.0,37,5432.362478
252.0,37,5433.102222
252.0,37,5433.776871
252.0,37,5434.445901
252.0,37,5435.228987
252.0,37,5435.954087
252.0,37,5436.772911
252.0,37,5437.573117
252.0,37,5438.356343
252.0,37,5439.132004
252.0,37,5439.877243
252.0,37,5440.619858
252.0,37,5441.438015
252.0,37,5442.150775
252.0,37,5442.907891
252.0,37,5443.635498
252.0,37,5444.378461
252.0,37,5445.089169
252.0,37,5445.850724
252.0,37,5446.596949
252.0,37,5447.424417
252.0,37,5448.118201
252.0,37,5448.852173
252.0,37,5449.586135
252.0,37,5450.360331
252.0,37,5451.096049
252.0,37,5451.763324
252.0,37,5452.516386
252.0,37,5453.325388
252.0,37,5454.114823
252.0,37,5454.871652
252.0,37,5455.593379
252.0,37,5456.383129
252.0,37,5457.099585
252.0,37,5457.857959
252.0,37,5458.666849
252.0,37,5459.482211
252.0,37,5460.167375
252.0,37,5460.902777
252.0,37,5461.759304
252.0,37,5462.536523
252.0,37,5463.266669
252.0,37,5463.998788
252.0,37,5464.848165
252.0,37,5465.63832
252.0,37,5466.426888
252.0,37,5467.184039
252.0,37,5467.888928
252.0,37,5468.592973
252.0,37,5469.32342
252.0,37,5470.046051
252.0,37,5470.742029
252.0,37,5471.54701
252.0,37,5472.350744
252.0,37,5473.169764
252.0,37,5473.915553
252.0,37,5474.617798
252.0,37,5475.296367
252.0,37,5476.004169
252.0,37,5476.775375
252.0,37,5477.558557
252.0,37,5478.313724
252.0,37,5479.03072
252.0,37,5479.763738
252.0,37,5480.453044
252.0,37,5481.263519
252.0,37,5481.937702
252.0,37,5482.656562
252.0,37,5483.346975
252.0,37,5484.086267
252.0,37,5484.95127
252.0,37,5485.72055
252.0,37,5486.47715
252.0,37,5487.350194
252.0,37,5488.105319
252.0,37,5488.927548
252.0,37,5489.66369
252.0,37,5490.398701
252.0,37,5491.161206
252.0,37,5491.877714
252.0,37,5492.596308
252.0,37,5493.356206
252.0,37,5494.197729
252.0,37,5494.98314
252.0,37,5495.780906
252.0,37,5496.535944
252.0,37,5497.249369
252.0,37,5498.021845
252.0,37,5498.837351
252.0,37,5499.597553
252.0,37,5500.391376
252.0,37,5501.14363
252.0,37,5501.951907
252.0,37,5502.774086
252.0,37,5503.577862
252.0,37,5504.400712
252.0,37,5505.170523
252.0,37,5505.973127
252.0,37,5506.725803
252.0,37,5507.425137
252.0,37,5508.139523
252.0,37,5508.839789
252.0,37,5509.579802
252.0,37,5510.38371
252.0,37,5511.075311
252.0,37,5511.818751
252.0,37,5512.604157
252.0,37,5513.350929
252.0,37,5514.126076
252.0,37,5514.945037
252.0,37,5515.748862
252.0,37,5516.494217
252.0,37,5517.258015
252.0,37,5518.066176
252.0,37,5518.895912
252.0,37,5519.673539
252.0,37,5520.519073
252.0,37,5521.31301
252.0,37,5522.109169
252.0,37,5522.832623
252.0,37,5523.628162
252.0,37,5524.421491
252.0,37,5525.138329
252.0,37,5525.90204
252.0,37,5526.647828
252.0,37,5527.390218
252.0,37,5528.135114
252.0,37,5528.912531
252.0,37,5529.631571
252.0,37,5530.365534
252.0,37,5531.087516
252.0,37,5531.887938
252.0,37,5532.574318
252.0,37,5533.307126
252.0,37,5534.062114
252.0,37,5534.851449
252.0,37,5535.585156
252.0,37,5536.348734
252.0,37,5537.090733
252.0,37,5537.832881
252.0,37,5538.6261
252.0,37,5539.505158
252.0,37,5540.358356
252.0,37,5541.124501
252.0,37,5541.910375
252.0,37,5542.743281
252.0,37,5543.473247
252.0,37,5544.242921
252.0,37,5544.996515
252.0,37,5545.749044
252.0,37,5546.559374
252.0,37,5547.334156
252.0,37,5548.103209
252.0,37,5548.818673
252.0,37,5549.591321
252.0,37,5550.227719
252.0,37,5550.922693
252.0,37,5551.657918
252.0,37,5552.440929
252.0,37,5553.176517
252.0,37,5553.945004
252.0,37,5554.697163
252.0,37,5555.544709
252.0,37,5556.290556
252.0,37,5557.093901
252.0,37,5557.846558
252.0,37,5558.652057
252.0,37,5559.48836
252.0,37,5560.228264
252.0,37,5560.955792
252.0,37,5561.713486
252.0,37,5562.421259
252.0,37,5563.231957
252.0,37,5563.981875
252.0,37,5564.739274
252.0,37,5565.488459
252.0,37,5566.357637
252.0,37,5567.044857
252.0,37,5567.842064
252.0,37,5568.621603
252.0,37,5569.426153
252.0,37,5570.145129
252.0,37,5570.874209
252.0,37,5571.738442
252.0,37,5572.510607
252.0,37,5573.318862
252.0,37,5574.118042
252.0,37,5575.012077
252.0,37,5575.885029
252.0,37,5576.617656
252.0,37,5577.404794
252.0,37,5578.270003
252.0,37,5579.057494
252.0,37,5579.789762
252.0,37,5580.529341
252.0,37,5581.39388
252.0,37,5582.14581
252.0,37,5582.977569
252.0,37,5583.822689
252.0,37,5584.576869
252.0,37,5585.38803
252.0,37,5586.190036
252.0,37,5586.918318
252.0,37,5587.703855
252.0,37,5588.443372
252.0,37,5589.226511
252.0,37,5589.952538
252.0,37,5590.835656
252.0,37,5591.657449
252.0,37,5592.46629
252.0,37,5593.160086
252.0,37,5593.933386
252.0,37,5594.852451
252.0,37,5595.636093
252.0,37,5596.454181
252.0,37,5597.264868
252.0,37,5598.07068
252.0,37,5598.864364
252.0,37,5599.675851
252.0,37,5600.391207
252.0,37,5601.287607
252.0,37,5602.143136
252.0,37,5602.960999
252.0,37,5603.744805
252.0,37,5604.538857
252.0,37,5605.388592
252.0,37,5606.120917
252.0,37,5607.00053
252.0,37,5607.834782
252.0,37,5608.618801
252.0,37,5609.398929
252.0,37,5610.239811
252.0,37,5611.051555
252.0,37,5611.897742
252.0,37,5612.665704
252.0,37,5613.45567
252.0,37,5614.296656
252.0,37,5615.076779
252.0,37,5615.773326
252.0,37,5616.481467
252.0,37,5617.23646
252.0,37,5617.915905
252.0,37,5618.688513
252.0,37,5619.372908
252.0,37,5620.099237
252.0,37,5620.807888
252.0,37,5621.532561
252.0,37,5622.174255
252.0,37,5622.852716
252.0,37,5623.490715
252.0,37,5624.231136
252.0,37,5624.894546
252.0,37,5625.552898
252.0,37,5626.236101
252.0,37,5626.918159
252.0,37,5627.702069
252.0,37,5628.578855
252.0,37,5629.443005
252.0,37,5630.220208
252.0,37,5630.959994
252.0,37,5631.692045
252.0,37,5632.441665
252.0,37,5633.160502
252.0,37,5633.892824
252.0,37,5634.657188
252.0,37,5635.323524
252.0,37,5636.127909
252.0,37,5636.851077
252.0,37,5637.710607
252.0,37,5638.379732
252.0,37,5639.185605
252.0,37,5639.934947
252.0,37,5640.642226
252.0,37,5641.423535
252.0,37,5642.161274
252.0,37,5642.958738
252.0,37,5643.797453
252.0,37,5644.598285
252.0,37,5645.380431
252.0,37,5646.133571
252.0,37,5647.005978
252.0,37,5647.775821
252.0,37,5648.528312
252.0,37,5649.265637
252.0,37,5650.014008
252.0,37,5650.753148
252.0,37,5651.526837
252.0,37,5652.273817
252.0,37,5652.942855
252.0,37,5653.714635
252.0,37,5654.475771
252.0,37,5655.261696
252.0,37,5655.916438
252.0,37,5656.60178
252.0,37,5657.321335
252.0,37,5658.10235
252.0,37,5658.961565
252.0,37,5659.733751
252.0,37,5660.648708
252.0,37,5661.463864
252.0,37,5662.234431
252.0,37,5663.019099
252.0,37,5663.883679
252.0,37,5664.646584
252.0,37,5665.468995
252.0,37,5666.34332
252.0,37,5667.212388
252.0,37,5667.994222
252.0,37,5668.686436
252.0,37,5669.465511
252.0,37,5670.298627
252.0,37,5671.112879
252.0,37,5671.940439
252.0,37,5672.783341
252.0,37,5673.549216
252.0,37,5674.281199
252.0,37,5675.127359
252.0,37,5675.937675
252.0,37,5676.686118
252.0,37,5677.470566
252.0,37,5678.245688
252.0,37,5679.009751
252.0,37,5679.702207
252.0,37,5680.505594
252.0,37,5681.234658
252.0,37,5682.09239
252.0,37,5682.850461
252.0,37,5683.563199
252.0,37,5684.346843
252.0,37,5685.055342
252.0,37,5685.795592
252.0,37,5686.492006
252.0,37,5687.213112
252.0,37,5687.98954
252.0,37,5688.802594
252.0,37,5689.551712
252.0,37,5690.331369
252.0,37,5691.065651
252.0,37,5691.811564
252.0,37,5692.555566
252.0,37,5693.331126
252.0,37,5694.097372
252.0,37,5694.903737
252.0,37,5695.78165
252.0,37,5696.629651
252.0,37,5697.425551
252.0,37,5698.139513
252.0,37,5698.883912
252.0,37,5699.665173
252.0,37,5700.493673
252.0,37,5701.309978
252.0,37,5702.149409
252.0,37,5702.980189
252.0,37,5703.789548
252.0,37,5704.554894
252.0,37,5705.320497
252.0,37,5706.059954
252.0,37,5706.777718
252.0,37,5707.554247
252.0,37,5708.409513
252.0,37,5709.170194
252.0,37,5709.958907
252.0,37,5710.628157
252.0,37,5711.417479
252.0,37,5712.156697
252.0,37,5712.847124
252.0,37,5713.612262
252.0,37,5714.467074
252.0,37,5715.287173
252.0,37,5715.984526
252.0,37,5716.725041
252.0,37,5717.389996
252.0,37,5718.065845
252.0,37,5718.7961
252.0,37,5719.529243
252.0,37,5720.256579
252.0,37,5720.982819
252.0,37,5721.731207
252.0,37,5722.571991
252.0,37,5723.424547
252.0,37,5724.203795
252.0,37,5725.078565
252.0,37,5725.918844
252.0,37,5726.666018
252.0,37,5727.490316
252.0,37,5728.269961
252.0,37,5729.072027
252.0,37,5729.75897
252.0,37,5730.613723
252.0,37,5731.440999
252.0,37,5732.330336
252.0,37,5733.123968
252.0,37,5733.917121
252.0,37,5734.792453
252.0,37,5735.532658
252.0,37,5736.353437
252.0,37,5737.165577
252.0,37,5737.983066
252.0,37,5738.793262
252.0,37,5739.560073
252.0,37,5740.319644
252.0,37,5741.06514
252.0,37,5741.834198
252.0,37,5742.594758
252.0,37,5743.331213
252.0,37,5744.08776
252.0,37,5744.847777
252.0,37,5745.681744
252.0,37,5746.468376
252.0,37,5747.101591
252.0,37,5747.780538
252.0,37,5748.583625
252.0,37,5749.430472
252.0,37,5750.300184
252.0,37,5751.195486
252.0,37,5751.876838
252.0,37,5752.633818
252.0,37,5753.441936
252.0,37,5754.25751
252.0,37,5755.001507
252.0,37,5755.723984
252.0,37,5756.481883
252.0,37,5757.266954
252.0,37,5758.097194
252.0,37,5758.853043
252.0,37,5759.666437
252.0,37,5760.377002
252.0,37,5761.098924
252.0,37,5761.876969
252.0,37,5762.655255
252.0,37,5763.480878
252.0,37,5764.330216
252.0,37,5765.103744
252.0,37,5765.839069
252.0,37,5766.597853
252.0,37,5767.345625
252.0,37,5768.150635
252.0,37,5768.980662
252.0,37,5769.830947
252.0,37,5770.620198
252.0,37,5771.493833
252.0,37,5772.291611
252.0,37,5773.118383
252.0,37,5773.947118
252.0,37,5774.855929
252.0,37,5775.720048
252.0,37,5776.571134
252.0,37,5777.225177
252.0,37,5778.118269
252.0,37,5778.898272
252.0,37,5779.78419
252.0,37,5780.57084
252.0,37,5781.280395
252.0,37,5782.060642
252.0,37,5782.908654
252.0,37,5783.692333
252.0,37,5784.570485
252.0,37,5785.437491
252.0,37,5786.346487
252.0,37,5787.084533
252.0,37,5787.922946
252.0,37,5788.757224
252.0,37,5789.638012
252.0,37,5790.428878
252.0,37,5791.196302
252.0,37,5792.04914
252.0,37,5792.805796
252.0,37,5793.594401
252.0,37,5794.365882
252.0,37,5795.176874
252.0,37,5795.870601
252.0,37,5796.516873
252.0,37,5797.19355
252.0,37,5798.030828
252.0,37,5798.872629
252.0,37,5799.720098
252.0,37,5800.484916
252.0,37,5801.217979
252.0,37,5802.02023
252.0,37,5802.862896
252.0,37,5803.637816
252.0,37,5804.51146
252.0,37,5805.319266
252.0,37,5806.072145
252.0,37,5806.905398
252.0,37,5807.669063
252.0,37,5808.483535
252.0,37,5809.32827
252.0,37,5810.243562
252.0,37,5811.025126
252.0,37,5811.805711
252.0,37,5812.614756
252.0,37,5813.484434
252.0,37,5814.35716
252.0,37,5815.193785
252.0,37,5816.050142
252.0,37,5816.819088
252.0,37,5817.700718
252.0,37,5818.671019
252.0,37,5819.507989
252.0,37,5820.349775
252.0,37,5821.106211
252.0,37,5822.05699
252.0,37,5822.982544
252.0,37,5823.889591
252.0,37,5824.759605
252.0,37,5825.580783
252.0,37,5826.453645
252.0,37,5827.319148
252.0,37,5828.133843
252.0,37,5829.024298
252.0,37,5829.872471
252.0,37,5830.663223
252.0,37,5831.530348
252.0,37,5832.546033
252.0,37,5833.354507
252.0,37,5834.222522
252.0,37,5835.172487
252.0,37,5836.07463
252.0,37,5836.842173
252.0,37,5837.621226
252.0,37,5838.589068
252.0,37,5839.42681
252.0,37,5840.170154
252.0,37,5840.939596
252.0,37,5841.760536
252.0,37,5842.549937
252.0,37,5843.322708
252.0,37,5844.19509
252.0,37,5844.905393
252.0,37,5845.73439
252.0,37,5846.515766
252.0,37,5847.319277
252.0,37,5848.071961
252.0,37,5848.907236
252.0,37,5849.70528
252.0,37,5850.583381
252.0,37,5851.438127
252.0,37,5852.257425
252.0,37,5853.1461
252.0,37,5853.929352
252.0,37,5854.797147
252.0,37,5855.553752
252.0,37,5856.291083
252.0,37,5857.068162
252.0,37,5857.887664
252.0,37,5858.606164
252.0,37,5859.37112
252.0,37,5860.115674
252.0,37,5860.947699
252.0,37,5861.741141
252.0,37,5862.473434
252.0,37,5863.345096
252.0,37,5864.1828
252.0,37,5864.852822
252.0,37,5865.696667
252.0,37,5866.423377
252.0,37,5867.196074
252.0,37,5867.964426
252.0,37,5868.719369
252.0,37,5869.416121
252.0,37,5870.253165
252.0,37,5871.095877
252.0,37,5871.906768
252.0,37,5872.652643
252.0,37,5873.364873
252.0,37,5874.190089
252.0,37,5875.047311
252.0,37,5876.005341
252.0,37,5876.874596
252.0,37,5877.605094
252.0,37,5878.353025
252.0,37,5879.11911
252.0,37,5879.850947
252.0,37,5880.50408
252.0,37,5881.318375
252.0,37,5882.041901
252.0,37,5882.77785
252.0,37,5883.572946
252.0,37,5884.248268
252.0,37,5885.098478
252.0,37,5885.840228
252.0,37,5886.516076
252.0,37,5887.322159
252.0,37,5888.211089
252.0,37,5888.872862
252.0,37,5889.499092
252.0,37,5890.213705
252.0,37,5890.90896
252.0,37,5891.732705
252.0,37,5892.331107
252.0,37,5892.918987
252.0,37,5893.534657
252.0,37,5894.292532
252.0,37,5895.126015
252.0,37,5895.899297
252.0,37,5896.582045
252.0,37,5897.295134
252.0,37,5898.041568
252.0,37,5898.74902
252.0,37,5899.496338
252.0,37,5900.168566
252.0,37,5900.908752
252.0,37,5901.717626
252.0,37,5902.497063
252.0,37,5903.230714
252.0,37,5903.937179
252.0,37,5904.719913
252.0,37,5905.471847
252.0,37,5906.272845
252.0,37,5907.071108
252.0,37,5907.921014
252.0,37,5908.659728
252.0,37,5909.410663
252.0,37,5910.106419
252.0,37,5910.837824
252.0,37,5911.574483
252.0,37,5912.343363
252.0,37,5913.014436
252.0,37,5913.843724
252.0,37,5914.542584
252.0,37,5915.328201
252.0,37,5916.06292
252.0,37,5916.897974
252.0,37,5917.684699
252.0,37,5918.36949
252.0,37,5919.065216
252.0,37,5919.875279
252.0,37,5920.603169
252.0,37,5921.328012
252.0,37,5922.022388
252.0,37,5922.672643
252.0,37,5923.33642
252.0,37,5924.150748
252.0,37,5924.948152
252.0,37,5925.669911
252.0,37,5926.408828
252.0,37,5927.153028
252.0,37,5927.915107
252.0,37,5928.559637
252.0,37,5929.20687
252.0,37,5929.863034
252.0,37,5930.663777
252.0,37,5931.436032
252.0,37,5932.219034
252.0,37,5932.999859
252.0,37,5933.795418
252.0,37,5934.556222
252.0,37,5935.332708
252.0,37,5936.228862
252.0,37,5936.987071
252.0,37,5937.667166
252.0,37,5938.312407
252.0,37,5939.004893
252.0,37,5939.729487
252.0,37,5940.478576
252.0,37,5941.246578
252.0,37,5942.13976
252.0,37,5943.007271
252.0,37,5943.794564
252.0,37,5944.666102
252.0,37,5945.353642
252.0,37,5946.166999
252.0,37,5946.958636
252.0,37,5947.6604
252.0,37,5948.366053
252.0,37,5949.038512
252.0,37,5949.747169
252.0,37,5950.512245
252.0,37,5951.249427
252.0,37,5952.026962
252.0,37,5952.764258
252.0,37,5953.493171
252.0,37,5954.300449
252.0,37,5955.062909
252.0,37,5955.890705
252.0,37,5956.621039
252.0,37,5957.399677
252.0,37,5958.163256
252.0,37,5958.933736
252.0,37,5959.718448
252.0,37,5960.433713
252.0,37,5961.126543
252.0,37,5961.810173
252.0,37,5962.60805
252.0,37,5963.368983
252.0,37,5964.137631
252.0,37,5964.942777
252.0,37,5965.721196
252.0,37,5966.440941
252.0,37,5967.121586
252.0,37,5967.889116
252.0,37,5968.542224
252.0,37,5969.304883
252.0,37,5970.074001
252.0,37,5970.925621
252.0,37,5971.716961
252.0,37,5972.451942
252.0,37,5973.137985
252.0,37,5973.891723
252.0,37,5974.543401
252.0,37,5975.246939
252.0,37,5975.946761
252.0,37,5976.624616
252.0,37,5977.25227
252.0,37,5978.002834
252.0,37,5978.777515
252.0,37,5979.553383
252.0,37,5980.311655
252.0,37,5981.066139
252.0,37,5981.905455
252.0,37,5982.575911
252.0,37,5983.34802
252.0,37,5984.128067
252.0,37,5984.828328
252.0,37,5985.632483
252.0,37,5986.382437
252.0,37,5987.151929
252.0,37,5987.939643
252.0,37,5988.683772
252.0,37,5989.394598
252.0,37,5990.13357
252.0,37,5990.990055
252.0,37,5991.775486
252.0,37,5992.537807
252.0,37,5993.239379
252.0,37,5994.090364
252.0,37,5994.824313
252.0,37,5995.551747
252.0,37,5996.358407
252.0,37,5997.104014
252.0,37,5997.796807
252.0,37,5998.547977
252.0,37,5999.312861
252.0,37,6000.072181
252.0,37,6001.01527
252.0,37,6001.789243
252.0,37,6002.517512
252.0,37,6003.219739
252.0,37,6003.920045
252.0,37,6004.77118
252.0,37,6005.533389
252.0,37,6006.40412
252.0,37,6007.222404
252.0,37,6007.923375
252.0,37,6008.651494
252.0,37,6009.363371
252.0,37,6010.146228
252.0,37,6010.991206
252.0,37,6011.65835
252.0,37,6012.368418
252.0,37,6013.071498
252.0,37,6013.821549
252.0,37,6014.558728
252.0,37,6015.267098
252.0,37,6015.956007
252.0,37,6016.635211
252.0,37,6017.49158
252.0,37,6018.314279
252.0,37,6019.09819
252.0,37,6019.867749
252.0,37,6020.63518
252.0,37,6021.342972
252.0,37,6022.035225
252.0,37,6022.798778
252.0,37,6023.602742
252.0,37,6024.239946
252.0,37,6024.927151
252.0,37,6025.603044
252.0,37,6026.287807
252.0,37,6026.934516
252.0,37,6027.596109
252.0,37,6028.231995
252.0,37,6028.971794
252.0,37,6029.774394
252.0,37,6030.537066
252.0,37,6031.33308
252.0,37,6032.182626
252.0,37,6032.979995
252.0,37,6033.784351
252.0,37,6034.603537
252.0,37,6035.542308
252.0,37,6036.305239
252.0,37,6037.036564
252.0,37,6037.676298
252.0,37,6038.332262
252.0,37,6039.134021
252.0,37,6039.849754
252.0,37,6040.622273
252.0,37,6041.333971
252.0,37,6042.178109
252.0,37,6042.859991
252.0,37,6043.597024
252.0,37,6044.483849
252.0,37,6045.292382
252.0,37,6046.080909
252.0,37,6046.791226
252.0,37,6047.583884
252.0,37,6048.454977
252.0,37,6049.200459
252.0,37,6049.906565
252.0,37,6050.498841
252.0,37,6051.091829
252.0,37,6051.710048
252.0,37,6052.5118
252.0,37,6053.407186
252.0,37,6054.264752
252.0,37,6055.068036
252.0,37,6055.888057
252.0,37,6056.642738
252.0,37,6057.472131
252.0,37,6058.302455
252.0,37,6059.197624
252.0,37,6059.940943
252.0,37,6060.644019
252.0,37,6061.388863
252.0,37,6062.088165
252.0,37,6062.793044
252.0,37,6063.490358
252.0,37,6064.066169
252.0,37,6064.899187
252.0,37,6065.692688
252.0,37,6066.50683
252.0,37,6067.344565
252.0,37,6068.044968
252.0,37,6068.858753
252.0,37,6069.509989
252.0,37,6070.23577
252.0,37,6071.030804
252.0,37,6071.917027
252.0,37,6072.74038
252.0,37,6073.594469
252.0,37,6074.418737
252.0,37,6075.182382
252.0,37,6075.850794
252.0,37,6076.546398
252.0,37,6077.301608
252.0,37,6078.039311
252.0,37,6078.897258
252.0,37,6079.604946
252.0,37,6080.310723
252.0,37,6081.033118
252.0,37,6081.938321
252.0,37,6082.87851
252.0,37,6083.677205
252.0,37,6084.451221
252.0,37,6085.30021
252.0,37,6086.078529
252.0,37,6086.876674
252.0,37,6087.739337
252.0,37,6088.604599
252.0,37,6089.543654
252.0,37,6090.315989
252.0,37,6091.097687
252.0,37,6091.932587
252.0,37,6092.711653
252.0,37,6093.565897
252.0,37,6094.339942
252.0,37,6095.03548
252.0,37,6095.734525
252.0,37,6096.542248
252.0,37,6097.38055
252.0,37,6098.126581
252.0,37,6098.808733
252.0,37,6099.556265
252.0,37,6100.305646
252.0,37,6101.008375
252.0,37,6101.730885
252.0,37,6102.633361
252.0,37,6103.429788
252.0,37,6104.28185
252.0,37,6105.027044
252.0,37,6105.697445
252.0,37,6106.385425
252.0,37,6107.086726
252.0,37,6107.84723
252.0,37,6108.63348
252.0,37,6109.352534
252.0,37,6110.27572
252.0,37,6110.960943
252.0,37,6111.722002
252.0,37,6112.505808
252.0,37,6113.247065
252.0,37,6114.045073
252.0,37,6114.86564
252.0,37,6115.656728
252.0,37,6116.396241
252.0,37,6117.162978
252.0,37,6118.09291
252.0,37,6118.859623
252.0,37,6119.631394
252.0,37,6120.372867
252.0,37,6121.171632
252.0,37,6121.932463
252.0,37,6122.664063
252.0,37,6123.386296
252.0,37,6124.166378
252.0,37,6125.010694
252.0,37,6125.738076
252.0,37,6126.461449
252.0,37,6127.17236
252.0,37,6127.875864
252.0,37,6128.646138
252.0,37,6129.314473
252.0,37,6129.983008
252.0,37,6130.775243
252.0,37,6131.498589
252.0,37,6132.202105
252.0,37,6133.020241
252.0,37,6133.781295
252.0,37,6134.553219
252.0,37,6135.361473
252.0,37,6136.105546
252.0,37,6136.91088
252.0,37,6137.730961
252.0,37,6138.50611
252.0,37,6139.349532
252.0,37,6140.193432
252.0,37,6140.910458
252.0,37,6141.627086
252.0,37,6142.30576
252.0,37,6143.045352
252.0,37,6143.757507
252.0,37,6144.470253
252.0,37,6145.20397
252.0,37,6145.978079
252.0,37,6146.774209
252.0,37,6147.433912
252.0,37,6148.230875
252.0,37,6148.964441
252.0,37,6149.678125
252.0,37,6150.48213
252.0,37,6151.279285
252.0,37,6152.032583
252.0,37,6152.777448
252.0,37,6153.477651
252.0,37,6154.149331
252.0,37,6154.863268
252.0,37,6155.630568
252.0,37,6156.296371
252.0,37,6157.011366
252.0,37,6157.650495
252.0,37,6158.293381
252.0,37,6159.036571
252.0,37,6159.708439
252.0,37,6160.495226
252.0,37,6161.167473
252.0,37,6161.814541
252.0,37,6162.51897
252.0,37,6163.272063
252.0,37,6164.013387
252.0,37,6164.759779
252.0,37,6165.506216
252.0,37,6166.277238
252.0,37,6167.104025
252.0,37,6167.866713
252.0,37,6168.657012
252.0,37,6169.328641
252.0,37,6170.028479
252.0,37,6170.69142
252.0,37,6171.334576
252.0,37,6172.001949
252.0,37,6172.691573
252.0,37,6173.344911
252.0,37,6174.050622
252.0,37,6174.758464
252.0,37,6175.509998
252.0,37,6176.196762
252.0,37,6177.008382
252.0,37,6177.699967
252.0,37,6178.457482
252.0,37,6179.238439
252.0,37,6179.996119
252.0,37,6180.704116
252.0,37,6181.475712
252.0,37,6182.246562
252.0,37,6183.02521
252.0,37,6183.707709
252.0,37,6184.467243
252.0,37,6185.205647
252.0,37,6186.111349
252.0,37,6186.818815
252.0,37,6187.619355
252.0,37,6188.419921
252.0,37,6189.291961
252.0,37,6190.03127
252.0,37,6190.841558
252.0,37,6191.573456
252.0,37,6192.367803
252.0,37,6193.131443
252.0,37,6194.119133
252.0,37,6195.008173
252.0,37,6195.640433
252.0,37,6196.298999
252.0,37,6196.922093
252.0,37,6197.738487
252.0,37,6198.686617
252.0,37,6199.536245
252.0,37,6200.318086
252.0,37,6201.046953
252.0,37,6201.920437
252.0,37,6202.652569
252.0,37,6203.460574
252.0,37,6204.204612
252.0,37,6204.960425
252.0,37,6205.726299
252.0,37,6206.579005
252.0,37,6207.509255
252.0,37,6208.390108
252.0,37,6209.108531
252.0,37,6209.832131
252.0,37,6210.534608
252.0,37,6211.38436
252.0,37,6212.256628
252.0,37,6212.957559
252.0,37,6213.931788
252.0,37,6214.757948
252.0,37,6215.394915
252.0,37,6216.178217
252.0,37,6216.941894
252.0,37,6217.765647
252.0,37,6218.52512
252.0,37,6219.165151
252.0,37,6219.937848
252.0,37,6220.654773
252.0,37,6221.429868
252.0,37,6222.180136
252.0,37,6222.959741
252.0,37,6223.662692
252.0,37,6224.459031
252.0,37,6225.20196
252.0,37,6226.021902
252.0,37,6226.902999
252.0,37,6227.658607
252.0,37,6228.382834
252.0,37,6229.123989
252.0,37,6229.840474
252.0,37,6230.635869
252.0,37,6231.35696
252.0,37,6232.184645
252.0,37,6232.93914
252.0,37,6233.838068
252.0,37,6234.726556
252.0,37,6235.55342
252.0,37,6236.309279
252.0,37,6237.034489
252.0,37,6237.734415
252.0,37,6238.457406
252.0,37,6239.232331
252.0,37,6239.886241
252.0,37,6240.697103
252.0,37,6241.377446
252.0,37,6242.266219
252.0,37,6243.04535
252.0,37,6243.820466
252.0,37,6244.799654
252.0,37,6245.483826
252.0,37,6246.357119
252.0,37,6247.134886
252.0,37,6247.870188
252.0,37,6248.689792
252.0,37,6249.507345
252.0,37,6250.347999
252.0,37,6251.016859
252.0,37,6251.777847
252.0,37,6252.611014
252.0,37,6253.34503
252.0,37,6254.072485
252.0,37,6254.775782
252.0,37,6255.505003
252.0,37,6256.239669
252.0,37,6256.976406
252.0,37,6257.605564
252.0,37,6258.404745
252.0,37,6259.172937
252.0,37,6259.923368
252.0,37,6260.600663
252.0,37,6261.258316
252.0,37,6261.930419
252.0,37,6262.724262
252.0,37,6263.435447
252.0,37,6264.299474
252.0,37,6265.043588
252.0,37,6265.845388
252.0,37,6266.625868
252.0,37,6267.620716
252.0,37,6268.33054
252.0,37,6269.179521
252.0,37,6269.855508
252.0,37,6270.563128
252.0,37,6271.380329
252.0,37,6272.170141
252.0,37,6272.905035
252.0,37,6273.686574
252.0,37,6274.422123
252.0,37,6275.158991
252.0,37,6275.953766
252.0,37,6276.772644
252.0,37,6277.597202
252.0,37,6278.344324
252.0,37,6279.144068
252.0,37,6279.985471
252.0,37,6280.713779
252.0,37,6281.542095
252.0,37,6282.346462
252.0,37,6282.988611
252.0,37,6283.84419
252.0,37,6284.712119
252.0,37,6285.531891
252.0,37,6286.369838
252.0,37,6287.09347
252.0,37,6287.790676
252.0,37,6288.534285
252.0,37,6289.217682
252.0,37,6289.992916
252.0,37,6290.853916
252.0,37,6291.534547
252.0,37,6292.304459
252.0,37,6293.039055
252.0,37,6293.861932
252.0,37,6294.587233
252.0,37,6295.398108
252.0,37,6296.318126
252.0,37,6297.158183
252.0,37,6298.011284
252.0,37,6298.868244
252.0,37,6299.699154
252.0,37,6300.437388
252.0,37,6301.213189
252.0,37,6301.980047
252.0,37,6302.781748
252.0,37,6303.506334
252.0,37,6304.27991
252.0,37,6305.098167
252.0,37,6305.934558
252.0,37,6306.699992
252.0,37,6307.416996
252.0,37,6308.337545
252.0,37,6309.384756
252.0,37,6310.222164
252.0,37,6311.036442
252.0,37,6311.85681
252.0,37,6312.582538
252.0,37,6313.414405
252.0,37,6314.180273
252.0,37,6314.956688
252.0,37,6315.692139
252.0,37,6316.489403
252.0,37,6317.455878
252.0,37,6318.282998
252.0,37,6319.170434
252.0,37,6320.050686
252.0,37,6321.081539
252.0,37,6322.143595
252.0,37,6323.105037
252.0,37,6323.955217
252.0,37,6324.557175
252.0,37,6325.271153
252.0,37,6326.20892
252.0,37,6327.088282
252.0,37,6328.055384
252.0,37,6328.788293
252.0,37,6329.575514
252.0,37,6330.429406
252.0,37,6331.163882
252.0,37,6331.993632
252.0,37,6332.821738
252.0,37,6333.642329
252.0,37,6334.547051
252.0,37,6335.52407
252.0,37,6336.341492
252.0,37,6337.198926
252.0,37,6337.986409
252.0,37,6338.860969
252.0,37,6339.57476
252.0,37,6340.307056
252.0,37,6341.162197
252.0,37,6342.070701
252.0,37,6342.851873
252.0,37,6343.600657
252.0,37,6344.373045
252.0,37,6345.240169
252.0,37,6346.016849
252.0,37,6346.873059
252.0,37,6347.736018
252.0,37,6348.689093
252.0,37,6349.554682
252.0,37,6350.333779
252.0,37,6351.037008
252.0,37,6351.762865
252.0,37,6352.484506
252.0,37,6353.257923
252.0,37,6354.07918
252.0,37,6354.901623
252.0,37,6355.602207
252.0,37,6356.367021
252.0,37,6357.161688
252.0,37,6357.968466
252.0,37,6358.709881
252.0,37,6359.411996
252.0,37,6360.155808
252.0,37,6360.97327
252.0,37,6361.745847
252.0,37,6362.476802
252.0,37,6363.290069
252.0,37,6364.066352
252.0,37,6364.820544
252.0,37,6365.618923
252.0,37,6366.432509
252.0,37,6367.322731
252.0,37,6368.235101
252.0,37,6369.08308
252.0,37,6369.847507
252.0,37,6370.683543
252.0,37,6371.592156
252.0,37,6372.362259
252.0,37,6373.146311
252.0,37,6373.897129
252.0,37,6374.648874
252.0,37,6375.465568
252.0,37,6376.251505
252.0,37,6377.037354
252.0,37,6378.040858
252.0,37,6378.893384
252.0,37,6379.654993
252.0,37,6380.443572
252.0,37,6381.18708
252.0,37,6382.082638
252.0,37,6382.850905
252.0,37,6383.508667
252.0,37,6384.47477
252.0,37,6385.156408
252.0,37,6386.042503
252.0,37,6386.778329
252.0,37,6387.555981
252.0,37,6388.647295
252.0,37,6389.580545
252.0,37,6390.348658
252.0,37,6391.15623
252.0,37,6391.888216
252.0,37,6392.828724
252.0,37,6393.648225
252.0,37,6394.326463
252.0,37,6395.002188
252.0,37,6395.789989
252.0,37,6396.516586
252.0,37,6397.301251
252.0,37,6397.998787
252.0,37,6398.713218
252.0,37,6399.387199
252.0,37,6400.212722
252.0,37,6400.981936
252.0,37,6401.74034
252.0,37,6402.530031
252.0,37,6403.325485
252.0,37,6404.017748
252.0,37,6404.817207
252.0,37,6405.488199
252.0,37,6406.206732
252.0,37,6407.051519
252.0,37,6407.810696
252.0,37,6408.660061
252.0,37,6409.543987
252.0,37,6410.396976
252.0,37,6411.090771
252.0,37,6411.871431
252.0,37,6412.571736
252.0,37,6413.372665
252.0,37,6414.119325
252.0,37,6415.009521
252.0,37,6415.986934
252.0,37,6416.92319
252.0,37,6417.834858
252.0,37,6418.735734
252.0,37,6419.569712
252.0,37,6420.453022
252.0,37,6421.145635
252.0,37,6422.046443
252.0,37,6422.925174
252.0,37,6423.668264
252.0,37,6424.410095
252.0,37,6425.214343
252.0,37,6426.026558
252.0,37,6427.042097
252.0,37,6427.7733
252.0,37,6428.775779
252.0,37,6429.565149
252.0,37,6430.297093
252.0,37,6431.429817
252.0,37,6432.383698
252.0,37,6433.313815
252.0,37,6434.51209
252.0,37,6435.697665
252.0,37,6436.709907
252.0,37,6437.607454
252.0,37,6438.499324
252.0,37,6439.313118
252.0,37,6440.37084
252.0,37,6441.416792
252.0,37,6442.273964
252.0,37,6443.180144
252.0,37,6444.080685
252.0,37,6445.134662
252.0,37,6446.204583
252.0,37,6447.124419
252.0,37,6448.156418
252.0,37,6449.082575
252.0,37,6449.962815
252.0,37,6451.157146
252.0,37,6451.930811
252.0,37,6453.131723
252.0,37,6454.211322
252.0,37,6455.113422
252.0,37,6456.125557
252.0,37,6457.25916
252.0,37,6458.185249
252.0,37,6459.169824
252.0,37,6460.259729
252.0,37,6461.334962
252.0,37,6462.4247
252.0,37,6463.689867
252.0,37,6464.733041
252.0,37,6465.928035
252.0,37,6467.030236
252.0,37,6467.692389
252.0,37,6468.657402
252.0,37,6469.469792
252.0,37,6470.495328
252.0,37,6471.812821
252.0,37,6472.820795
252.0,37,6473.927152
252.0,37,6475.096483
252.0,37,6476.451002
252.0,37,6477.590286
252.0,37,6478.807202
252.0,37,6479.819258
252.0,37,6480.837814
252.0,37,6481.76535
252.0,37,6482.982849
252.0,37,6483.977397
252.0,37,6484.95335
252.0,37,6485.795705
252.0,37,6486.78405
252.0,37,6487.950303
252.0,37,6488.978755
252.0,37,6489.972198
252.0,37,6490.735606
252.0,37,6491.749892
252.0,37,6492.660347
252.0,37,6493.619916
252.0,37,6494.697381
252.0,37,6495.749381
252.0,37,6496.803673
252.0,37,6498.026931
252.0,37,6499.222974
252.0,37,6500.22386
252.0,37,6501.219916
252.0,37,6502.28102
252.0,37,6503.343004
252.0,37,6504.54544
252.0,37,6505.638851
252.0,37,6506.674797
252.0,37,6507.899135
252.0,37,6508.870917
252.0,37,6510.010741
252.0,37,6511.084037
252.0,37,6512.325498
252.0,37,6513.338315
252.0,37,6514.424835
252.0,37,6515.48293
252.0,37,6516.450559
252.0,37,6517.296696
252.0,37,6518.272693
252.0,37,6519.325003
252.0,37,6520.067362
252.0,37,6521.078478
602.0,223,6526.856449
252.0,37,6527.917794
621.0,305,6537.027785
252.0,37,6538.252622
252.0,37,6539.205369
252.0,37,6540.148445
252.0,37,6541.091445
252.0,37,6542.039103
252.0,37,6542.958241
252.0,37,6543.730762
252.0,37,6544.701016
629.0,260,6552.277314
252.0,37,6553.528288
252.0,37,6554.456623
252.0,37,6555.375135
252.0,37,6556.416344
252.0,37,6557.551687
252.0,37,6558.909059
252.0,37,6559.991018
252.0,37,6560.964929
252.0,37,6561.817969
252.0,37,6562.985015
252.0,37,6563.902082
252.0,37,6565.113344
252.0,37,6566.1605
252.0,37,6567.161538
252.0,37,6568.225525
252.0,37,6569.42552
252.0,37,6570.348877
252.0,37,6571.528261
252.0,37,6572.452804
252.0,37,6573.337802
252.0,37,6574.666035
252.0,37,6575.687588
252.0,37,6576.754155
252.0,37,6577.694077
252.0,37,6578.664438
252.0,37,6579.480935
252.0,37,6580.575885
252.0,37,6581.509858
252.0,37,6582.424985
252.0,37,6583.519515
252.0,37,6584.695934
252.0,37,6585.664227
252.0,37,6586.690097
252.0,37,6587.656047
252.0,37,6588.77891
252.0,37,6589.779002
252.0,37,6590.839098
252.0,37,6591.895899
252.0,37,6593.202609
252.0,37,6594.187243
252.0,37,6595.064344
252.0,37,6595.93796
252.0,37,6596.997917
252.0,37,6598.10099
252.0,37,6599.085993
252.0,37,6600.036006
252.0,37,6601.264666
252.0,37,6602.511064
252.0,37,6603.777064
252.0,37,6604.800778
252.0,37,6605.78488
252.0,37,6606.698133
252.0,37,6607.814995
252.0,37,6608.810335
252.0,37,6609.660435
252.0,37,6610.798961
252.0,37,6611.813171
252.0,37,6612.674802
252.0,37,6613.817733
252.0,37,6615.056319
252.0,37,6616.251028
252.0,37,6617.086749
252.0,37,6618.087013
252.0,37,6619.2752
252.0,37,6620.458982
251.0,37,6621.933716
252.0,37,6622.859871
252.0,37,6623.919811
252.0,37,6624.900595
252.0,37,6625.946464
252.0,37,6627.130123
252.0,37,6628.397722
252.0,37,6629.397278
252.0,37,6630.269836
252.0,37,6631.077814
252.0,37,6632.15705
252.0,37,6633.314936
252.0,37,6634.256172
252.0,37,6635.387712
252.0,37,6636.308619
252.0,37,6637.208847
252.0,37,6638.197302
252.0,37,6639.338691
252.0,37,6640.339418
252.0,37,6641.232616
252.0,37,6642.176007
252.0,37,6643.312013
252.0,37,6644.392299
252.0,37,6645.432688
252.0,37,6646.382793
252.0,37,6647.657977
252.0,37,6648.616386
252.0,37,6649.708477
252.0,37,6650.803541
252.0,37,6651.813609
252.0,37,6652.61579
252.0,37,6653.67815
252.0,37,6654.748954
252.0,37,6655.800805
252.0,37,6656.558475
252.0,37,6657.497557
252.0,37,6658.349763
252.0,37,6659.29268
252.0,37,6660.255585
252.0,37,6661.213393
252.0,37,6662.323408
252.0,37,6663.309142
252.0,37,6664.542393
252.0,37,6665.631123
629.0,257,6672.759613
252.0,37,6673.575817
252.0,37,6674.369626
252.0,37,6675.11853
252.0,37,6676.080697
252.0,37,6676.968753
252.0,37,6678.057045
252.0,37,6678.929839
252.0,37,6679.952226
252.0,37,6681.015322
252.0,37,6682.097057
252.0,37,6683.37856
252.0,37,6684.312848
252.0,37,6685.216581
252.0,37,6686.060358
252.0,37,6687.032594
252.0,37,6687.963285
252.0,37,6688.824285
252.0,37,6689.832792
252.0,37,6690.800115
252.0,37,6691.845548
252.0,37,6692.815934
252.0,37,6693.93977
252.0,37,6694.934855
252.0,37,6695.843961
252.0,37,6696.889795
252.0,37,6698.030876
252.0,37,6699.08463
252.0,37,6700.125706
616.0,338,6709.777119
252.0,37,6710.666717
252.0,37,6711.700959
252.0,37,6712.532115
252.0,37,6713.495969
252.0,37,6714.410635
252.0,37,6715.208224
252.0,37,6716.081194
252.0,37,6717.169746
252.0,37,6718.105385
252.0,37,6719.042887
252.0,37,6719.959847
252.0,37,6721.037683
252.0,37,6721.873707
252.0,37,6722.577427
252.0,37,6723.647474
252.0,37,6724.604518
252.0,37,6725.711482
252.0,37,6726.898026
252.0,37,6727.697307
252.0,37,6728.698269
252.0,37,6730.057939
252.0,37,6731.123869
252.0,37,6732.01262
252.0,37,6733.014505
252.0,37,6734.040366
625.0,140,6737.688435
252.0,37,6738.675813
252.0,37,6739.521264
252.0,37,6740.603782
252.0,37,6741.680956
252.0,37,6742.576815
252.0,37,6743.539843
252.0,37,6744.640449
252.0,37,6745.690567
252.0,37,6746.760963
252.0,37,6747.796156
252.0,37,6748.698206
252.0,37,6749.759913
252.0,37,6750.734216
252.0,37,6751.738282
252.0,37,6752.725355
252.0,37,6753.514271
252.0,37,6754.395008
252.0,37,6755.62137
252.0,37,6756.382054
252.0,37,6757.467167
252.0,37,6758.449116
252.0,37,6759.525481
252.0,37,6760.431829
252.0,37,6761.36166
252.0,37,6762.23965
252.0,37,6763.192068
252.0,37,6764.097623
633.0,105,6766.41951
252.0,37,6767.3127
252.0,37,6768.266076
252.0,37,6769.304692
726.0,193,6774.421741
252.0,37,6775.307325
252.0,37,6775.956733
252.0,37,6776.885321
251.0,37,6778.225059
252.0,37,6779.14989
252.0,37,6780.18003
252.0,37,6780.996891
252.0,37,6781.9381
252.0,37,6783.180891
252.0,37,6784.197386
252.0,37,6785.218097
252.0,37,6786.231262
252.0,37,6787.105536
252.0,37,6788.08985
252.0,37,6789.048366
252.0,37,6789.948712
252.0,37,6790.928347
608.0,114,6793.572129
252.0,37,6794.425723
705.0,585,6808.620623
252.0,37,6809.511441
252.0,37,6810.525145
252.0,37,6811.451646
252.0,37,6812.442793
251.0,37,6813.494258
252.0,37,6814.398805
252.0,37,6815.458935
636.0,102,6818.21756
252.0,37,6819.433549
252.0,37,6820.320253
252.0,37,6821.27975
252.0,37,6822.300344
252.0,37,6823.325917
607.0,89,6825.793012
252.0,36,6826.618197
1032.0,235,6833.188172
252.0,37,6834.1119
252.0,37,6834.949233
252.0,37,6835.984396
638.0,178,6840.174284
252.0,37,6841.081741
252.0,37,6842.304525
252.0,37,6843.510588
634.0,104,6846.456832
252.0,37,6847.259453
252.0,37,6848.128459
1025.0,304,6855.95269
252.0,37,6856.777511
252.0,37,6857.784404
252.0,37,6858.699699
252.0,37,6859.81262
636.0,107,6862.481472
611.0,114,6865.399961
252.0,37,6866.201025
632.0,105,6868.747225
252.0,37,6869.714314
252.0,37,6870.576138
636.0,109,6873.140239
252.0,37,6874.031412
252.0,37,6874.761108
622.0,116,6877.368234
443.0,2435,6934.477807
619.0,108,6937.112148
790.0,321,6944.763752
248.0,41,6945.776382
225.0,53,6947.134037
245.0,43,6948.195512
243.0,44,6949.427417
648.0,839,6970.002793
252.0,40,6971.083751
250.0,40,6972.093922
249.0,39,6973.201174
249.0,39,6974.369495
249.0,39,6975.393253
249.0,39,6976.585708
249.0,39,6977.503913
249.0,39,6978.388934
249.0,39,6979.182618
249.0,39,6979.978097
249.0,39,6980.998856
249.0,39,6981.943331
250.0,40,6982.93353
250.0,39,6983.830901
249.0,39,6984.662
249.0,39,6985.565502
249.0,39,6986.543378
248.0,42,6987.526945
248.0,38,6988.442981
781.0,374,6997.431556
252.0,37,6998.301183
251.0,37,6999.188854
252.0,37,7000.044375
628.0,129,7002.767699
252.0,37,7003.524261
252.0,37,7004.355406
619.0,108,7006.874452
252.0,37,7007.701119
252.0,37,7008.497995
787.0,337,7015.682613
252.0,37,7016.519365
252.0,37,7017.520253
252.0,37,7018.352416
604.0,120,7021.19744
252.0,37,7022.060462
1028.0,289,7028.615335
252.0,37,7029.437507
615.0,112,7032.103611
252.0,37,7033.040773
252.0,37,7033.981505
252.0,37,7034.898504
635.0,108,7037.300444
252.0,37,7038.318342
252.0,37,7039.361086
1034.0,227,7045.77766
252.0,37,7046.833491
252.0,37,7047.883943
623.0,107,7050.725396
811.0,195,7055.156521
254.0,34,7056.078051
251.0,35,7057.282103
634.0,88,7059.605584
252.0,37,7060.733384
601.0,127,7069.748128
610.0,113,7072.275894
1017.0,333,7081.10565
248.0,38,7082.230772
248.0,38,7083.376468
632.0,243,7090.099537
248.0,38,7090.978446
248.0,38,7092.002343
248.0,38,7092.779208
250.0,39,7093.784186
248.0,38,7094.762237
249.0,39,7095.634411
252.0,38,7096.565766
248.0,38,7097.625494
630.0,114,7100.591574
252.0,37,7101.554471
251.0,37,7102.648064
634.0,101,7105.451431
635.0,105,7108.086412
601.0,122,7110.743762
252.0,37,7111.60048
621.0,115,7114.874467
622.0,108,7117.603822
252.0,37,7118.404675
252.0,37,7119.280286
626.0,121,7122.406377
611.0,128,7125.866223
252.0,37,7126.869242
634.0,98,7129.453433
252.0,37,7130.527771
636.0,98,7133.342768
618.0,108,7136.151993
631.0,247,7142.774912
251.0,37,7143.799391
634.0,107,7146.512108
637.0,116,7149.39706
627.0,166,7153.730425
621.0,110,7156.754392
632.0,111,7159.513092
636.0,102,7161.947118
632.0,107,7164.679001
252.0,38,7165.614951
633.0,129,7169.198869
252.0,37,7170.251342
252.0,37,7171.408136
632.0,110,7174.285066
629.0,109,7176.76515
252.0,37,7177.868685
252.0,37,7178.987753
635.0,98,7181.310281
252.0,37,7182.294841
252.0,37,7183.271036
252.0,37,7184.231906
629.0,103,7187.014327
252.0,37,7187.979339
814.0,179,7192.9619
1044.0,176,7197.920182
252.0,37,7198.735641
252.0,37,7199.566711
252.0,37,7200.506484
252.0,37,7201.397347
252.0,37,7202.129238
634.0,118,7205.658974
628.0,115,7208.469627
629.0,110,7211.32987
252.0,37,7212.335309
627.0,118,7215.461941
252.0,37,7216.407426
630.0,102,7219.111492
252.0,37,7220.142549
252.0,37,7221.104294
252.0,37,7221.865068
251.0,37,7222.739725
1308.0,422,7232.764542
630.0,118,7235.524418
629.0,123,7238.731582
630.0,118,7241.509362
252.0,37,7242.474087
599.0,234,7247.846189
632.0,111,7250.735217
1041.0,173,7255.04326
637.0,109,7257.777744
252.0,36,7258.80074
250.0,37,7259.611463
250.0,37,7260.485347
569.0,295,7268.262835
247.0,69,7270.598752
608.0,239,7276.455962
624.0,145,7279.739676
240.0,67,7281.22438
236.0,49,7282.534884
238.0,47,7283.673084
628.0,124,7286.611339
632.0,124,7289.502196
629.0,134,7292.625531
227.0,49,7293.643224
629.0,129,7296.972983
611.0,220,7302.629158
627.0,106,7305.473256
617.0,109,7307.911409
635.0,104,7310.693128
629.0,106,7313.238423
252.0,37,7314.222351
634.0,105,7316.944108
628.0,100,7319.829765
625.0,124,7322.662949
624.0,110,7325.738779
618.0,144,7329.685004
625.0,97,7332.21562
252.0,37,7333.067027
252.0,37,7333.884194
813.0,181,7338.731016
635.0,102,7341.069905
252.0,37,7341.918404
252.0,37,7342.872227
625.0,115,7345.870162
635.0,104,7348.63498
626.0,141,7352.466297
620.0,124,7355.757605
635.0,102,7358.337702
252.0,37,7359.410637
739.0,195,7365.127472
628.0,111,7367.761413
627.0,118,7371.090633
634.0,112,7373.856642
628.0,115,7376.624015
252.0,37,7377.551585
605.0,96,7380.236968
252.0,37,7381.258074
606.0,106,7384.297562
1035.0,205,7389.632921
628.0,111,7392.734035
622.0,137,7396.475795
252.0,37,7397.371189
636.0,105,7399.440209
629.0,117,7401.948156
629.0,101,7404.487396
1426.0,263,7410.957686
630.0,119,7413.910043
1433.0,210,7419.408483
637.0,103,7422.258116
610.0,85,7424.485267
635.0,105,7427.39344
1040.0,181,7431.456208
630.0,99,7434.37247
252.0,37,7435.301203
252.0,37,7436.599963
1066.0,186,7441.536283
627.0,101,7444.190475
730.0,222,7449.346393
631.0,97,7451.824137
252.0,37,7452.802714
252.0,37,7453.572383
1035.0,221,7459.449703
625.0,96,7461.937697
651.0,97,7464.427509
626.0,92,7466.839027
612.0,93,7469.410396
651.0,96,7471.919377
650.0,106,7474.331479
627.0,97,7476.958258
626.0,98,7479.78713
252.0,37,7480.725376
252.0,37,7481.747186
598.0,164,7485.549752
252.0,37,7486.526813
1035.0,217,7492.209956
649.0,113,7494.950266
1415.0,261,7501.793734
623.0,112,7504.56121
627.0,125,7507.26595
631.0,128,7510.277987
1045.0,170,7514.710694
1308.0,284,7521.771631
634.0,108,7524.378729
626.0,147,7527.735724
627.0,111,7530.761936
626.0,92,7533.62945
743.0,155,7537.262581
651.0,100,7539.809204
629.0,94,7542.253839
746.0,164,7546.328159
621.0,110,7549.366068
626.0,99,7551.817902
626.0,104,7554.331633
626.0,93,7556.572044
626.0,93,7558.952696
633.0,102,7561.572435
625.0,97,7564.156429
632.0,95,7566.737115
252.0,37,7567.970126
628.0,92,7570.43825
537.0,558,7583.914147
1039.0,205,7588.872502
1039.0,205,7594.00703
619.0,176,7598.411196
252.0,37,7599.363836
252.0,37,7600.289665
252.0,37,7601.253132
635.0,109,7603.73247
815.0,172,7607.619648
620.0,106,7609.86407
626.0,93,7612.123616
633.0,97,7614.501783
637.0,99,7616.858789
635.0,108,7619.639752
252.0,37,7620.849137
252.0,37,7621.844133
252.0,37,7622.919497
252.0,37,7623.955724
252.0,37,7624.85657
1322.0,340,7632.814372
1428.0,216,7638.539474
629.0,92,7641.240151
651.0,100,7643.681391
652.0,93,7645.933482
652.0,95,7648.009263
625.0,93,7650.06448
638.0,176,7654.708535
636.0,91,7657.079897
624.0,94,7659.498286
652.0,95,7661.954248
629.0,92,7664.179971
632.0,91,7666.320299
652.0,96,7668.48082
1034.0,240,7674.762993
737.0,142,7678.35437
1035.0,223,7683.767564
631.0,90,7686.277049
630.0,111,7689.536072
627.0,100,7692.229998
252.0,37,7693.15348
252.0,37,7694.275843
632.0,120,7697.610241
252.0,37,7698.718013
252.0,37,7699.750281
252.0,37,7700.52001
625.0,109,7703.519654
631.0,91,7706.17123
648.0,107,7709.293518
623.0,82,7711.395081
631.0,90,7713.503649
634.0,91,7715.893864
633.0,91,7718.211084
630.0,90,7720.446342
252.0,37,7721.446792
252.0,37,7722.377805
252.0,37,7723.191895
636.0,90,7725.470961
621.0,82,7727.927002
562.0,130,7731.015985
629.0,93,7733.050605
562.0,130,7736.128885
561.0,136,7739.90538
633.0,112,7742.670799
562.0,130,7745.975021
562.0,130,7749.438974
183.0,2406,7811.453401
562.0,131,7814.419713
252.0,37,7815.374524
252.0,37,7816.212756
252.0,37,7817.069644
252.0,37,7817.848854
692.0,2274,7876.807065
252.0,37,7877.631988
252.0,37,7878.421857
252.0,37,7879.396857
252.0,37,7880.208436
252.0,37,7881.143825
252.0,37,7881.952165
817.0,160,7886.048451
635.0,95,7888.654863
610.0,113,7891.671219
616.0,123,7895.389319
626.0,108,7898.013608
614.0,119,7901.344325
620.0,120,7904.143648
627.0,106,7906.846306
636.0,90,7908.938828
560.0,140,7912.314865
562.0,129,7916.074821
631.0,90,7918.519012
817.0,161,7923.129681
632.0,95,7925.266442
636.0,93,7927.692544
626.0,106,7930.380372
560.0,139,7933.382597
631.0,87,7935.530701
634.0,101,7937.761904
564.0,136,7940.934402
637.0,97,7943.566953
630.0,106,7946.367509
628.0,86,7948.827457
635.0,100,7951.069064
634.0,107,7954.202312
632.0,93,7956.856756
631.0,109,7959.52855
1540.0,453,7972.69816
628.0,108,7975.693892
620.0,100,7978.241011
629.0,106,7980.874179
629.0,109,7983.510183
627.0,121,7986.943245
626.0,94,7989.459042
634.0,110,7992.023418
632.0,95,7994.607927
624.0,94,7996.714794
631.0,95,7999.129837
635.0,95,8001.898936
632.0,122,8005.277473
624.0,102,8007.840708
625.0,99,8010.592901
629.0,93,8013.255356
629.0,98,8015.558444
625.0,96,8017.762892
626.0,93,8020.124096
626.0,94,8022.480643
625.0,91,8024.687578
625.0,98,8027.620918
1046.0,167,8031.964801
252.0,37,8032.728429
622.0,89,8034.916397
621.0,82,8037.305429
1043.0,184,8041.956622
625.0,99,8044.084531
252.0,37,8045.151937
252.0,37,8046.216331
252.0,37,8047.146302
252.0,37,8048.024951
252.0,37,8049.07831
252.0,37,8050.123953
623.0,110,8052.808983
632.0,103,8055.807512
622.0,276,8063.443675
633.0,109,8066.5781
609.0,205,8072.915143
634.0,120,8076.338622
487.0,997,8105.794138
-21.0,2406,8175.590518
249.0,33,8176.417521
525.0,856,8200.575855
603.0,163,8206.010895
632.0,117,8209.885698
774.0,236,8215.954568
637.0,109,8219.546348
-21.0,2406,8291.023222
779.0,1769,8338.067899
252.0,36,8339.100201
252.0,37,8340.128604
252.0,37,8341.134833
252.0,37,8342.075885
639.0,100,8344.569355
630.0,141,8347.990398
625.0,168,8352.019265
630.0,115,8355.193988
630.0,111,8358.288726
628.0,119,8361.423271
599.0,146,8364.803334
629.0,120,8367.82971
708.0,251,8373.500695
632.0,126,8376.691156
735.0,192,8381.310746
811.0,195,8386.359114
638.0,175,8390.515557
1044.0,178,8394.856192
1038.0,212,8399.887716
252.0,37,8400.744518
252.0,37,8401.527164
1411.0,324,8409.831452
1429.0,232,8415.488939
1407.0,356,8424.640047
635.0,193,8429.602389
622.0,113,8432.475651
631.0,127,8435.421135
617.0,125,8439.032701
811.0,196,8444.235507
618.0,196,8448.800152
621.0,105,8451.24787
623.0,116,8454.067115
600.0,195,8459.280569
623.0,108,8461.959163
625.0,110,8465.11394
623.0,127,8468.586277
630.0,112,8471.232569
812.0,189,8476.154006
630.0,116,8478.970916
621.0,118,8482.018642
753.0,181,8486.820459
245.0,40,8487.87747
252.0,37,8488.876662
252.0,37,8489.637895
619.0,126,8492.623339
1034.0,232,8498.614284
252.0,37,8499.441075
252.0,37,8500.444174
252.0,37,8501.484612
252.0,37,8502.661982
252.0,37,8503.437677
252.0,37,8504.413082
623.0,122,8508.194412
621.0,140,8511.72437
611.0,84,8513.914777
252.0,37,8514.907473
252.0,37,8515.859968
252.0,37,8516.823246
252.0,37,8517.801498
624.0,99,8520.201212
252.0,37,8521.194747
252.0,37,8522.201665
620.0,109,8524.943173
623.0,108,8527.565195
622.0,105,8530.676198
1042.0,187,8535.45814
252.0,37,8536.552878
252.0,37,8537.770864
618.0,139,8541.722926
622.0,113,8544.557464
620.0,115,8547.445493
629.0,120,8550.784086
734.0,156,8554.7538
572.0,145,8558.388262
810.0,201,8563.747705
252.0,37,8564.595724
252.0,37,8565.492843
252.0,37,8566.623686
252.0,37,8567.599946
252.0,37,8568.785065
252.0,37,8569.768134
628.0,130,8572.788183
1339.0,221,8578.537384
1043.0,179,8583.221615
252.0,37,8584.16089
252.0,37,8585.112394
252.0,37,8586.021115
252.0,37,8586.868439
604.0,114,8589.711758
1327.0,264,8596.547833
252.0,37,8597.41915
252.0,37,8598.284191
252.0,37,8599.139579
252.0,37,8600.264474
252.0,37,8601.045763
1419.0,282,8608.239753
252.0,37,8609.091853
611.0,91,8611.090016
610.0,94,8613.460797
252.0,37,8614.421257
620.0,117,8617.491588
252.0,37,8618.302284
608.0,102,8621.018071
626.0,93,8622.99484
622.0,110,8625.046489
617.0,116,8627.842661
1427.0,229,8633.707829
627.0,112,8636.72999
626.0,118,8640.063294
622.0,116,8643.107003
584.0,140,8646.798151
1421.0,256,8653.793371
621.0,110,8656.635818
606.0,110,8659.60141
754.0,190,8664.708631
624.0,111,8667.417514
631.0,112,8670.038331
635.0,194,8675.193745
620.0,123,8678.194766
750.0,211,8683.49365
1418.0,252,8690.160686
630.0,124,8693.198863
628.0,123,8696.44967
629.0,119,8699.512312
629.0,114,8702.834422
629.0,111,8705.752568
622.0,109,8708.395213
629.0,112,8711.465689
623.0,104,8714.355382
623.0,125,8717.908317
252.0,37,8719.013604
252.0,37,8719.773487
252.0,37,8720.689417
252.0,37,8721.614758
252.0,37,8722.579456
252.0,37,8723.615471
252.0,37,8724.511652
252.0,37,8725.431805
252.0,37,8726.340268
252.0,37,8727.226635
609.0,102,8729.999139
252.0,37,8730.848923
252.0,37,8732.081008
252.0,37,8733.054006
252.0,37,8734.082819
635.0,108,8736.552107
252.0,37,8737.537171
622.0,117,8740.504576
252.0,37,8741.400066
252.0,37,8742.34558
629.0,101,8744.818818
608.0,98,8747.539389
132.0,92,8749.635632
606.0,114,8752.467655
622.0,108,8755.11751
252.0,37,8756.219542
807.0,219,8761.412677
252.0,37,8762.412024
252.0,37,8763.661061
697.0,388,8775.058125
957.0,696,8797.582309
621.0,115,8800.966151
252.0,37,8802.341095
252.0,37,8803.731048
252.0,37,8804.895537
252.0,37,8806.212467
252.0,37,8807.450706
252.0,37,8808.969036
625.0,112,8812.710403
252.0,37,8813.900059
635.0,106,8816.83064
252.0,37,8817.922452
252.0,37,8819.210426
252.0,37,8820.460965
252.0,37,8821.293512
629.0,108,8824.251528
635.0,107,8827.576429
252.0,37,8828.661238
252.0,37,8829.832445
252.0,37,8831.087486
252.0,37,8832.160106
631.0,112,8835.553077
252.0,37,8837.164564
252.0,37,8838.546138
712.0,590,8855.744244
252.0,37,8857.166483
630.0,102,8860.396086
252.0,37,8861.239235
599.0,123,8864.131872
633.0,106,8866.615665
631.0,111,8870.244659
614.0,115,8873.499508
629.0,142,8878.783104
634.0,118,8882.326992
670.0,576,8901.829617
616.0,165,8908.291241
612.0,136,8912.903497
626.0,144,8917.552462
622.0,129,8922.051843
611.0,195,8928.090874
699.0,334,8939.061351
618.0,191,8945.610435
631.0,137,8950.395109
633.0,111,8953.516356
252.0,37,8954.715726
252.0,37,8955.907607
252.0,37,8957.593426
252.0,37,8958.743228
252.0,37,8959.749277
637.0,111,8963.068014
252.0,37,8964.318071
252.0,37,8965.653962
631.0,108,8969.234001
628.0,107,8971.928364
630.0,116,8975.79859
806.0,223,8982.56866
1573.0,984,9010.646115
606.0,101,9013.124931
634.0,114,9015.46713
632.0,115,9018.287068
629.0,120,9021.907085
166.0,76,9024.086284
965.0,655,9042.446
612.0,87,9044.810573
610.0,102,9048.065196
621.0,111,9051.476806
612.0,98,9054.427917
599.0,138,9063.012367
620.0,106,9065.337141
617.0,94,9068.145358
252.0,37,9069.446095
252.0,37,9070.273151
252.0,37,9071.29564
252.0,37,9072.595963
252.0,37,9073.792455
252.0,37,9074.905123
252.0,37,9075.966825
637.0,110,9078.677819
606.0,92,9081.44403
252.0,37,9082.568617
956.0,705,9102.265266
252.0,37,9103.344881
252.0,37,9104.491662
252.0,37,9105.65048
248.0,38,9106.833143
247.0,38,9107.897978
246.0,38,9109.079029
588.0,128,9112.343083
238.0,43,9113.718982
235.0,43,9115.010826
235.0,43,9115.817213
235.0,45,9116.482596
245.0,40,9122.171338
244.0,39,9123.122611
247.0,39,9124.386486
247.0,39,9125.678378
244.0,39,9127.016365
244.0,40,9128.429832
236.0,44,9130.122979
611.0,214,9137.35094
236.0,44,9138.871443
237.0,44,9140.178177
1321.0,372,9152.210716
240.0,42,9153.732252
1035.0,217,9160.184839
237.0,43,9161.572983
237.0,42,9163.008092
240.0,42,9164.396522
604.0,149,9169.241015
240.0,43,9170.729894
240.0,42,9183.636179
235.0,43,9185.243418
237.0,43,9186.564129
237.0,44,9188.007813
237.0,44,9189.255594
624.0,122,9192.262909
225.0,49,9193.691491
240.0,43,9195.061246
240.0,43,9196.568544
1042.0,188,9203.170944
239.0,42,9204.448915
240.0,43,9205.569821
240.0,43,9207.213015
237.0,43,9209.093256
612.0,133,9213.864197
631.0,117,9217.866048
240.0,41,9219.340933
1325.0,329,9230.45457
616.0,214,9247.480065
564.0,432,9262.094931
994.0,469,9276.817852
238.0,42,9278.310632
239.0,42,9279.446638
635.0,110,9282.911713
230.0,47,9284.503446
1300.0,462,9311.382417
81.0,115,9315.227281
1005.0,406,9328.777263
242.0,41,9330.072743
245.0,39,9331.183442
245.0,39,9332.506348
243.0,40,9333.908738
243.0,42,9335.51336
242.0,41,9336.962815
242.0,41,9338.209264
772.0,239,9345.45585
1032.0,252,9364.074999
238.0,43,9365.323235
239.0,42,9366.371702
239.0,42,9367.18421
239.0,42,9368.132532
240.0,43,9369.270421
243.0,42,9370.093552
239.0,42,9371.512608
240.0,42,9373.062558
240.0,42,9374.367278
240.0,42,9375.603895
240.0,43,9376.817746
236.0,44,9378.089805
238.0,43,9379.510855
239.0,42,9380.809481
628.0,120,9383.769886
236.0,44,9385.20597
237.0,44,9386.527403
232.0,48,9387.83375
232.0,48,9389.304019
234.0,45,9390.727326
231.0,48,9392.035998
231.0,48,9393.899187
232.0,48,9395.42923
232.0,48,9396.789434
232.0,48,9398.684774
231.0,48,9400.418255
232.0,48,9401.933499
232.0,48,9403.333412
232.0,48,9404.310324
625.0,139,9407.709351
232.0,48,9409.131567
234.0,46,9410.398834
237.0,44,9411.694099
237.0,44,9412.929047
236.0,44,9414.068973
238.0,43,9415.374278
238.0,43,9416.473414
239.0,43,9417.641183
239.0,43,9419.163551
238.0,43,9420.39071
239.0,43,9421.628285
762.0,209,9427.858368
240.0,42,9428.729467
239.0,43,9430.106741
806.0,223,9436.520061
786.0,346,9446.57703
571.0,286,9455.280896
240.0,41,9456.667296
240.0,42,9458.333714
239.0,42,9459.972371
239.0,43,9461.360162
239.0,43,9462.82583
239.0,43,9464.44117
239.0,43,9465.797277
237.0,43,9467.080551
239.0,43,9468.429088
908.0,983,9494.996469
238.0,43,9496.078755
238.0,43,9497.365482
627.0,116,9500.060851
238.0,43,9500.892859
238.0,43,9501.678394
622.0,126,9504.558279
237.0,44,9505.500348
1030.0,258,9511.850535
232.0,48,9513.039271
618.0,131,9516.733033
242.0,48,9517.898139
231.0,48,9519.211016
232.0,48,9520.383945
232.0,48,9521.594789
229.0,50,9522.823287
231.0,48,9524.178727
621.0,131,9527.249073
595.0,164,9531.499692
234.0,46,9532.494353
237.0,44,9533.632776
237.0,44,9535.048715
236.0,44,9536.152683
236.0,44,9537.203886
234.0,45,9538.391134
621.0,141,9542.214169
1284.0,433,9552.903612
232.0,48,9554.30306
232.0,48,9555.854872
232.0,48,9557.121023
232.0,48,9558.194219
232.0,48,9559.597178
232.0,48,9560.78084
232.0,48,9562.012235
232.0,48,9563.015241
612.0,155,9567.124736
1025.0,279,9574.657828
234.0,46,9575.773522
232.0,48,9577.074704
232.0,48,9578.446414
230.0,49,9579.524441
200.0,64,9581.245025
622.0,183,9586.564287
230.0,49,9588.193059
628.0,124,9592.059628
230.0,49,9593.132153
221.0,72,9595.167321
232.0,48,9596.356277
232.0,48,9597.660959
611.0,169,9602.429692
232.0,48,9603.603499
232.0,48,9604.91983
622.0,128,9608.673713
229.0,50,9609.912434
231.0,48,9611.18277
622.0,130,9615.284728
628.0,127,9618.740671
610.0,148,9622.465626
696.0,276,9628.960158
601.0,142,9632.983266
231.0,50,9634.562944
232.0,48,9635.805525
232.0,48,9636.865502
232.0,48,9638.252153
607.0,242,9645.400083
623.0,127,9649.111453
1028.0,267,9656.280329
232.0,48,9657.43282
232.0,48,9658.610834
232.0,48,9659.849739
232.0,48,9661.047114
232.0,48,9662.319616
622.0,135,9665.692603
615.0,144,9669.160808
232.0,48,9670.157163
1033.0,220,9675.4144
231.0,48,9676.561239
612.0,195,9681.375063
1545.0,343,9689.869579
599.0,186,9694.778012
591.0,149,9698.451891
230.0,49,9699.641281
625.0,132,9702.467375
600.0,164,9706.493796
600.0,205,9712.266577
232.0,48,9713.639657
720.0,216,9718.685652
1022.0,289,9726.53843
232.0,48,9727.659616
232.0,48,9728.841475
620.0,130,9732.344776
232.0,48,9733.400134
232.0,48,9734.62772
232.0,48,9735.789949
232.0,48,9736.947329
619.0,162,9741.282639
1023.0,297,9749.84919
231.0,48,9751.043561
629.0,130,9754.145874
71.0,123,9757.191975
988.0,672,9772.718217
993.0,464,9784.643414
602.0,185,9789.406236
634.0,204,9794.853577
232.0,47,9796.057175
1022.0,306,9804.906539
238.0,42,9806.067987
238.0,42,9807.237374
238.0,42,9808.29665
238.0,42,9809.2979
241.0,41,9810.280526
241.0,42,9811.388243
596.0,132,9814.681052
245.0,41,9815.610631
243.0,41,9817.059288
238.0,42,9818.211051
238.0,42,9819.801504
238.0,42,9820.937939
238.0,43,9822.24006
238.0,42,9823.167007
615.0,122,9826.802788
238.0,42,9828.031941
236.0,43,9829.21465
234.0,46,9830.6773
237.0,45,9831.923527
235.0,45,9833.063077
234.0,46,9834.347269
626.0,132,9837.818526
1037.0,215,9843.276446
233.0,46,9844.335299
232.0,48,9845.517846
239.0,44,9846.639522
237.0,45,9847.974347
238.0,43,9848.898025
238.0,42,9849.979236
238.0,42,9851.172993
238.0,42,9852.355588
240.0,43,9853.600735
238.0,42,9854.713816
238.0,42,9855.808969
238.0,42,9857.123146
240.0,42,9858.620293
623.0,124,9862.074896
608.0,123,9865.661628
615.0,120,9869.183745
620.0,126,9873.035067
238.0,43,9874.158584
238.0,42,9875.106322
608.0,194,9880.488055
1020.0,321,9888.848097
235.0,46,9889.970774
237.0,46,9890.912213
623.0,128,9894.67895
235.0,45,9895.865823
237.0,45,9897.047943
237.0,45,9898.404189
235.0,45,9899.767601
233.0,46,9900.959415
623.0,125,9904.361415
620.0,134,9907.549079
1032.0,260,9915.252738
625.0,125,9918.625007
230.0,49,9920.004544
615.0,141,9924.611385
715.0,278,9932.783056
659.0,316,9940.397105
-455.0,2406,10003.479881
-455.0,2406,14642.073169
-21.0,2406,14701.549561
249.0,33,14702.24054
236.0,40,14703.142541
235.0,40,14703.95735
249.0,33,14704.613184
-21.0,2406,14760.790406
249.0,33,14761.520746
249.0,33,14762.282
252.0,34,14763.060379
-21.0,2406,14822.042426
-22.0,2406,14878.409959
139.0,2406,14936.024764
139.0,2406,14991.519915
249.0,33,14992.278565
910.0,970,15013.9937
610.0,82,15015.775003
1295.0,483,15027.457365
249.0,33,15028.241629
249.0,33,15028.883108
249.0,33,15029.609688
249.0,33,15030.426971
249.0,33,15031.288342
249.0,33,15031.989226
249.0,33,15032.791111
249.0,33,15033.574742
249.0,33,15034.538003
249.0,33,15035.267726
249.0,33,15035.975594
249.0,33,15036.893365
249.0,33,15037.612482
249.0,33,15038.441464
1020.0,321,15045.704441
613.0,118,15048.348283
736.0,317,15055.795669
235.0,40,15056.695769
251.0,35,15057.485044
238.0,41,15058.510316
249.0,35,15059.225837
942.0,781,15076.936732
607.0,81,15078.803546
249.0,35,15079.68065
251.0,35,15080.434126
249.0,35,15081.245411
251.0,35,15082.0337
249.0,35,15082.749769
238.0,41,15083.687876
249.0,35,15084.37286
249.0,35,15085.02794
249.0,35,15085.739256
249.0,35,15086.479773
249.0,35,15087.421168
249.0,35,15088.204208
249.0,35,15089.084063
249.0,35,15089.786128
249.0,35,15090.554012
249.0,35,15091.247458
249.0,35,15091.914462
249.0,35,15092.716197
249.0,35,15093.541015
238.0,41,15094.378285
249.0,35,15095.215888
609.0,81,15097.298542
813.0,185,15102.072942
609.0,81,15103.827077
1325.0,314,15111.434967
249.0,35,15112.144204
249.0,35,15112.911486
249.0,35,15113.987671
249.0,35,15115.278795
249.0,35,15116.307496
249.0,35,15117.151797
249.0,35,15118.007258
249.0,35,15118.825307
249.0,35,15119.607909
249.0,35,15120.730448
249.0,35,15121.775365
249.0,35,15122.704893
249.0,35,15123.688979
249.0,35,15124.468442
250.0,35,15125.150964
249.0,35,15126.047464
609.0,81,15127.689002
249.0,35,15128.824257
721.0,211,15134.512327
246.0,37,15135.53398
244.0,37,15136.63718
244.0,36,15137.848975
249.0,35,15138.968514
249.0,35,15140.242825
238.0,40,15141.385643
248.0,36,15142.344807
247.0,36,15143.363418
612.0,114,15146.534575
251.0,35,15147.187238
235.0,46,15148.237237
244.0,39,15149.256972
245.0,39,15150.097955
244.0,39,15151.040135
1028.0,254,15157.935798
245.0,36,15159.33045
244.0,37,15160.221254
242.0,37,15161.275074
248.0,36,15162.513029
590.0,203,15167.95793
247.0,36,15168.775336
1010.0,365,15177.981522
245.0,36,15178.814426
245.0,36,15179.794864
245.0,36,15180.705336
245.0,36,15181.752177
245.0,38,15182.658056
245.0,36,15183.549318
244.0,37,15184.460179
244.0,37,15185.260813
244.0,36,15186.265736
236.0,41,15187.208356
242.0,41,15188.049812
232.0,48,15189.248191
232.0,48,15190.250012
232.0,48,15191.518226
232.0,48,15193.04519
232.0,48,15194.115375
232.0,48,15195.272266
232.0,48,15196.494848
232.0,48,15197.531004
232.0,48,15198.665642
232.0,48,15200.059184
232.0,48,15201.109813
232.0,48,15202.295388
232.0,48,15203.619538
232.0,48,15205.009377
232.0,48,15206.341174
232.0,48,15207.479378
232.0,48,15208.707299
232.0,48,15209.885221
232.0,48,15210.973158
232.0,48,15212.030177
232.0,48,15213.306289
232.0,48,15214.930906
232.0,48,15216.20128
232.0,48,15217.174163
232.0,48,15218.241312
232.0,48,15219.585455
232.0,48,15220.820854
232.0,48,15222.170105
232.0,48,15223.166466
232.0,48,15224.561024
232.0,48,15225.729106
232.0,48,15226.875031
232.0,48,15228.175637
232.0,48,15229.147338
232.0,48,15230.233116
232.0,48,15231.162966
232.0,48,15232.097807
232.0,48,15233.188853
232.0,48,15234.323971
600.0,206,15239.245797
232.0,48,15240.377642
232.0,48,15241.788398
232.0,48,15243.096361
232.0,48,15244.344152
232.0,48,15245.33338
232.0,48,15246.598593
232.0,48,15247.58502
232.0,48,15248.826253
232.0,48,15249.990163
593.0,204,15254.928578
232.0,48,15256.390781
232.0,48,15257.585273
232.0,48,15258.635373
232.0,48,15259.727376
232.0,48,15260.790735
232.0,48,15261.948668
232.0,48,15262.994397
232.0,48,15264.130634
232.0,48,15265.307561
232.0,48,15266.511898
232.0,48,15267.576793
232.0,48,15268.757655
232.0,48,15269.970414
232.0,48,15271.210284
232.0,48,15272.445946
232.0,48,15273.740551
232.0,48,15274.868425
232.0,48,15275.947607
232.0,48,15276.991846
232.0,48,15278.26888
232.0,48,15279.322015
232.0,48,15280.460821
232.0,48,15281.779634
232.0,48,15282.800437
232.0,48,15284.138498
232.0,48,15285.212626
605.0,139,15288.799809
232.0,48,15290.013262
232.0,48,15291.204559
232.0,48,15292.485819
232.0,48,15293.570127
232.0,48,15294.771646
1020.0,397,15303.906023
229.0,54,15305.435047
232.0,49,15306.594965
231.0,49,15308.068058
230.0,48,15309.24393
226.0,57,15310.874723
232.0,48,15312.353365
232.0,48,15313.672222
232.0,48,15314.724793
232.0,48,15316.337418
232.0,48,15317.872861
232.0,48,15319.164941
232.0,48,15320.254499
581.0,157,15323.980392
232.0,48,15325.230164
232.0,48,15326.66739
232.0,48,15327.828454
232.0,48,15329.287457
232.0,48,15330.55529
232.0,48,15331.625159
232.0,48,15332.985935
232.0,48,15334.165958
232.0,48,15335.584572
232.0,48,15336.657075
232.0,48,15337.852726
232.0,48,15339.279295
232.0,48,15340.571853
232.0,48,15341.775156
232.0,48,15343.049726
232.0,48,15344.041708
232.0,48,15345.182744
232.0,48,15346.35581
232.0,48,15347.838615
230.0,49,15349.254556
910.0,976,15373.704217
248.0,35,15374.658665
639.0,173,15378.424706
248.0,35,15379.196407
248.0,35,15380.244516
249.0,35,15381.13737
1025.0,289,15388.109408
236.0,40,15389.180891
247.0,36,15390.125105
233.0,42,15391.127313
235.0,42,15392.071054
611.0,107,15394.884731
234.0,43,15395.707131
626.0,103,15398.057848
239.0,41,15399.150032
232.0,48,15400.211746
232.0,48,15401.172094
243.0,39,15402.112625
243.0,39,15403.147988
618.0,115,15405.954354
232.0,48,15407.369544
232.0,48,15408.723467
232.0,48,15409.969404
232.0,48,15411.368659
231.0,48,15412.505572
232.0,48,15413.827988
232.0,48,15415.012676
232.0,48,15416.09141
232.0,48,15417.368926
232.0,48,15418.693395
584.0,142,15422.417372
232.0,48,15423.654228
603.0,142,15426.836216
608.0,138,15430.160333
231.0,49,15431.525029
213.0,136,15434.946355
625.0,147,15438.380884
244.0,37,15439.380059
244.0,37,15440.279158
247.0,36,15441.144301
237.0,41,15442.102242
232.0,48,15443.316103
232.0,48,15444.685041
231.0,48,15445.670459
232.0,48,15447.046851
232.0,48,15448.345116
232.0,48,15449.773312
232.0,48,15451.093094
231.0,48,15452.051635
232.0,48,15453.241229
232.0,48,15454.312055
232.0,48,15455.557934
232.0,48,15456.621674
232.0,48,15457.841052
232.0,48,15459.1034
232.0,48,15460.227208
232.0,48,15461.605043
232.0,48,15462.98805
232.0,48,15464.099099
232.0,48,15465.380665
596.0,177,15469.953184
232.0,48,15471.361319
242.0,41,15472.376742
232.0,48,15473.412162
240.0,40,15474.380671
233.0,48,15475.499602
1052.0,191,15479.912049
232.0,48,15481.222617
232.0,48,15482.420722
628.0,240,15488.732987
229.0,50,15490.153206
231.0,48,15491.528853
611.0,138,15494.852243
230.0,49,15496.15649
232.0,48,15497.306633
229.0,50,15498.320492
605.0,140,15502.112348
606.0,137,15505.426794
607.0,145,15509.102017
620.0,132,15512.114417
626.0,132,15515.041109
599.0,166,15519.251023
622.0,153,15523.102342
622.0,134,15526.917759
1008.0,443,15539.277948
232.0,48,15540.368315
1041.0,255,15546.85387
232.0,48,15548.102504
232.0,48,15549.303314
232.0,48,15550.39414
612.0,220,15555.591204
613.0,143,15559.239846
629.0,132,15562.426301
232.0,48,15563.556271
621.0,141,15566.5172
232.0,48,15567.471744
232.0,48,15568.466436
232.0,48,15569.428121
593.0,156,15573.176987
230.0,48,15574.186488
232.0,48,15575.267629
232.0,48,15576.381706
930.0,841,15595.75368
1025.0,267,15602.516939
249.0,34,15603.22666
249.0,33,15604.08513
1026.0,273,15611.005226
251.0,34,15612.0084
253.0,34,15612.735181
627.0,109,15615.073352
1045.0,159,15619.19127
249.0,33,15620.097126
1316.0,239,15625.475316
232.0,48,15626.490242
232.0,48,15627.589844
232.0,48,15628.866809
232.0,48,15629.93892
232.0,48,15630.94582
232.0,48,15632.165787
232.0,48,15633.145701
622.0,121,15635.926489
230.0,50,15637.023482
812.0,186,15641.246532
805.0,230,15646.758141
248.0,40,15647.789243
249.0,33,15648.567544
634.0,97,15650.933842
623.0,267,15657.065906
611.0,108,15659.334449
1044.0,223,15664.395227
232.0,48,15665.567229
232.0,48,15666.639458
232.0,48,15667.896096
623.0,122,15670.883477
626.0,155,15674.137271
611.0,139,15677.386945
230.0,49,15678.636996
597.0,187,15682.939501
1049.0,206,15687.573617
232.0,48,15688.747302
232.0,48,15689.919982
232.0,48,15691.04795
612.0,154,15694.567779
622.0,134,15697.645003
230.0,49,15698.670604
808.0,212,15703.986455
632.0,130,15707.229966
568.0,233,15712.781908
602.0,307,15720.248635
232.0,48,15721.356879
624.0,261,15727.369705
631.0,122,15730.462241
232.0,48,15731.566356
232.0,48,15732.864346
232.0,48,15733.945696
232.0,48,15735.013684
590.0,178,15739.269368
634.0,202,15744.171129
232.0,48,15745.436613
573.0,246,15751.359936
1259.0,583,15766.104062
228.0,56,15767.550544
232.0,48,15768.617708
236.0,44,15769.505147
231.0,49,15770.711031
232.0,48,15771.965207
232.0,48,15773.123177
232.0,48,15774.157752
1049.0,194,15778.512314
232.0,48,15779.453572
240.0,45,15780.355268
250.0,36,15781.074065
756.0,201,15785.468878
242.0,44,15786.533766
796.0,286,15792.937613
247.0,37,15793.862185
250.0,41,15794.683922
252.0,36,15795.573276
249.0,34,15796.544197
1321.0,231,15802.191776
249.0,33,15802.918155
444.0,2406,15860.992435
609.0,83,15862.882842
247.0,36,15863.710132
604.0,175,15867.795023
611.0,107,15870.444698
249.0,33,15871.173257
249.0,33,15872.035482
235.0,43,15873.037274
238.0,41,15874.03586
249.0,35,15874.94748
249.0,35,15875.895077
872.0,1214,15904.794572
602.0,122,15907.865026
1032.0,237,15914.705263
607.0,71,15916.776731
253.0,35,15917.83121
503.0,1675,15965.082716
1297.0,489,15980.243969
637.0,98,15984.32165
637.0,99,15987.468871
249.0,33,15988.246955
249.0,33,15989.133484
249.0,33,15990.274739
249.0,33,15991.482102
249.0,33,15992.724998
249.0,33,15994.041212
249.0,33,15995.003848
249.0,33,15996.004943
625.0,85,15998.873611
249.0,33,15999.512961
249.0,33,16000.280902
249.0,33,16001.407015
249.0,33,16002.359882
635.0,102,16005.980903
