#{"t_start": 1758300310.451668, "env_id": "None"}
r,l,t
25.0,25,1.138093
55.0,55,1.252044
14.0,14,1.260018
26.0,26,1.274346
14.0,14,1.286141
37.0,37,1.306822
15.0,15,1.315068
21.0,21,1.332877
13.0,13,1.340117
13.0,13,1.347364
12.0,12,1.354095
65.0,65,1.393778
38.0,38,1.418487
15.0,15,1.429249
22.0,22,1.445272
32.0,32,1.46312
38.0,38,1.487852
17.0,17,1.497218
19.0,19,1.507847
20.0,20,1.518803
28.0,28,1.540462
45.0,45,1.569468
16.0,16,1.578331
65.0,65,1.61795
19.0,19,1.627374
28.0,28,1.646462
12.0,12,1.652203
53.0,53,1.680823
42.0,42,1.700893
28.0,28,1.717634
14.0,14,1.724364
25.0,25,1.738703
45.0,45,1.763529
12.0,12,1.769313
10.0,10,1.774082
33.0,33,1.793266
11.0,11,1.798662
12.0,12,1.804409
29.0,29,1.821464
42.0,42,1.843798
22.0,22,1.857531
15.0,15,1.864636
41.0,41,1.887683
10.0,10,1.89246
63.0,63,1.925553
18.0,18,1.934103
16.0,16,1.944055
15.0,15,1.951237
14.0,14,1.966073
13.0,13,1.972446
13.0,13,1.978677
19.0,19,1.987703
9.0,9,1.997215
19.0,19,2.006213
31.0,31,2.020916
42.0,42,2.047508
15.0,15,2.05477
35.0,35,2.074679
28.0,28,2.087944
17.0,17,2.096006
11.0,11,2.104596
61.0,61,2.136705
27.0,27,2.151841
28.0,28,2.165151
21.0,21,2.178415
60.0,60,2.210031
16.0,16,2.217587
18.0,18,2.226163
47.0,47,2.253862
22.0,22,2.264342
30.0,30,2.281857
11.0,11,2.287059
35.0,35,2.306939
13.0,13,2.313131
17.0,17,2.321158
20.0,20,2.330647
18.0,18,2.342427
28.0,28,2.357955
9.0,9,2.362276
38.0,38,2.383671
20.0,20,2.393086
30.0,30,2.410625
24.0,24,2.421962
17.0,17,2.43005
45.0,45,2.456865
14.0,14,2.463503
22.0,22,2.473956
23.0,23,2.488182
15.0,15,2.495238
19.0,19,2.504312
12.0,12,2.513365
16.0,16,2.520962
44.0,44,2.541794
20.0,20,2.556842
15.0,15,2.563937
15.0,15,2.571011
16.0,16,2.578652
24.0,24,2.593331
10.0,10,2.598066
43.0,43,2.62172
17.0,17,2.629769
20.0,20,2.639243
28.0,28,2.658061
13.0,13,2.664282
12.0,12,2.669956
11.0,11,2.675243
50.0,50,2.702193
18.0,18,2.710789
22.0,22,2.724539
13.0,13,2.730701
48.0,48,2.756761
15.0,15,2.766133
24.0,24,2.777462
30.0,30,2.79508
10.0,10,2.799838
18.0,18,2.808353
24.0,24,2.82311
14.0,14,2.829856
18.0,18,2.838535
21.0,21,2.849049
13.0,13,2.858608
32.0,32,2.87638
21.0,21,2.88637
18.0,18,2.898344
14.0,14,2.904967
11.0,11,2.910171
26.0,26,2.922485
14.0,14,2.932486
41.0,41,2.952228
15.0,15,2.965447
13.0,13,2.971777
24.0,24,2.983257
12.0,12,2.989009
26.0,26,3.004986
48.0,48,3.028021
26.0,26,3.043695
20.0,20,3.053128
18.0,18,3.061739
20.0,20,3.077046
14.0,14,3.083641
13.0,13,3.089795
13.0,13,3.095987
13.0,13,3.1055
10.0,10,3.11024
29.0,29,3.123828
15.0,15,3.130964
24.0,24,3.145611
52.0,52,3.175662
21.0,21,3.185581
26.0,26,3.197882
14.0,14,3.20787
44.0,44,3.2285
19.0,19,3.240848
28.0,28,3.254003
14.0,14,3.260628
15.0,15,3.267787
45.0,45,3.294975
17.0,17,3.30308
97.0,97,3.355408
25.0,25,3.367245
40.0,40,3.391711
13.0,13,3.397866
99.0,99,3.451164
23.0,23,3.461998
29.0,29,3.481357
12.0,12,3.487089
38.0,38,3.505008
32.0,32,3.523402
24.0,24,3.534745
27.0,27,3.550883
13.0,13,3.557045
38.0,38,3.574949
15.0,15,3.587803
17.0,17,3.595825
15.0,15,3.602924
17.0,17,3.610955
18.0,18,3.622827
30.0,30,3.636897
11.0,11,3.642122
24.0,24,3.656796
25.0,25,3.668533
13.0,13,3.674721
14.0,14,3.687081
23.0,23,3.697919
21.0,21,3.707793
25.0,25,3.722986
11.0,11,3.728212
36.0,36,3.745091
17.0,17,3.756532
14.0,14,3.763158
15.0,15,3.770223
47.0,47,3.798006
23.0,23,3.8088
39.0,39,3.832063
12.0,12,3.837867
30.0,30,3.852344
31.0,31,3.872095
35.0,35,3.891218
50.0,50,3.9188
16.0,16,3.926574
13.0,13,3.936266
17.0,17,3.944436
35.0,35,3.96125
21.0,21,4.20948
12.0,12,4.21537
42.0,42,4.24214
19.0,19,4.252533
14.0,14,4.260242
11.0,11,4.266285
11.0,11,4.27666
14.0,14,4.284345
14.0,14,4.292003
116.0,116,4.365644
29.0,29,4.381416
14.0,14,4.38917
45.0,45,4.419781
19.0,19,4.430287
25.0,25,4.4488
16.0,16,4.457717
20.0,20,4.470575
16.0,16,4.482377
20.0,20,4.491818
16.0,16,4.499347
12.0,12,4.507332
17.0,17,4.518869
18.0,18,4.527524
13.0,13,4.533713
18.0,18,4.542289
21.0,21,4.555696
15.0,15,4.562824
36.0,36,4.583254
9.0,9,4.587573
16.0,16,4.595159
13.0,13,4.60131
39.0,39,4.625443
27.0,27,4.638225
17.0,17,4.6463
16.0,16,4.657263
44.0,44,4.677984
12.0,12,4.687212
25.0,25,4.699009
23.0,23,4.712041
18.0,18,4.724041
14.0,14,4.730781
17.0,17,4.738841
13.0,13,4.745014
26.0,26,4.760736
48.0,48,4.783327
24.0,24,4.798047
15.0,15,4.805142
20.0,20,4.816836
18.0,18,4.828866
13.0,13,4.835071
48.0,48,4.861086
28.0,28,4.87505
19.0,19,4.884254
8.0,8,4.888179
12.0,12,4.897535
26.0,26,4.910027
16.0,16,4.920038
8.0,8,4.923939
18.0,18,4.936164
22.0,22,4.946742
15.0,15,4.953994
18.0,18,4.966203
16.0,16,4.973968
28.0,28,4.987192
31.0,31,5.00869
10.0,10,5.015804
20.0,20,5.025291
35.0,35,5.045371
53.0,53,5.073745
32.0,32,5.088809
42.0,42,5.111979
29.0,29,5.127867
28.0,28,5.144588
38.0,38,5.162461
13.0,13,5.168622
15.0,15,5.179132
11.0,11,5.184378
16.0,16,5.191941
21.0,21,5.201874
44.0,44,5.228305
13.0,13,5.234499
23.0,23,5.248842
32.0,32,5.264001
38.0,38,5.285364
15.0,15,5.292478
15.0,15,5.299569
14.0,14,5.306249
12.0,12,5.315364
14.0,14,5.324242
24.0,24,5.335614
21.0,21,5.348981
22.0,22,5.359397
16.0,16,5.366989
50.0,50,5.394008
30.0,30,5.408107
12.0,12,5.41721
18.0,18,5.427969
11.0,11,5.43324
20.0,20,5.442698
12.0,12,5.451844
122.0,122,5.512663
17.0,17,5.524131
29.0,29,5.540056
22.0,22,5.553956
11.0,11,5.559214
21.0,21,5.569125
27.0,27,5.581851
11.0,11,5.590483
24.0,24,5.601812
32.0,32,5.616961
41.0,41,5.641904
14.0,14,5.648595
29.0,29,5.665739
10.0,10,5.670514
28.0,28,5.683711
17.0,17,5.695146
26.0,26,5.707442
24.0,24,5.718792
21.0,21,5.734334
18.0,18,5.742905
16.0,16,5.750536
15.0,15,5.761074
14.0,14,5.767736
60.0,60,5.799346
9.0,9,5.803676
12.0,12,5.809383
26.0,26,5.821665
29.0,29,5.84099
16.0,16,5.848566
43.0,43,5.872358
43.0,43,5.892596
15.0,15,5.903103
33.0,33,5.91867
54.0,54,5.949738
21.0,21,5.95971
13.0,13,5.969336
36.0,36,5.986309
10.0,10,5.991068
23.0,23,6.005397
36.0,36,6.022362
19.0,19,6.034679
11.0,11,6.042148
23.0,23,6.053029
16.0,16,6.060631
12.0,12,6.06635
13.0,13,6.075935
21.0,21,6.085876
12.0,12,6.091571
10.0,10,6.096341
24.0,24,6.111149
33.0,33,6.126763
59.0,59,6.160149
17.0,17,6.168211
14.0,14,6.178264
48.0,48,6.200911
13.0,13,6.210488
41.0,41,6.229813
37.0,37,6.253007
10.0,10,6.257772
63.0,63,6.290956
17.0,17,6.299032
21.0,21,6.312397
13.0,13,6.318604
28.0,28,6.331851
27.0,27,6.350141
50.0,50,6.375977
13.0,13,6.386663
57.0,57,6.4169
15.0,15,6.424057
17.0,17,6.432101
27.0,27,6.444839
15.0,15,6.458999
19.0,19,6.468046
16.0,16,6.475621
22.0,22,6.489371
12.0,12,6.495089
25.0,25,6.506896
9.0,9,6.511198
33.0,33,6.530134
23.0,23,6.541002
22.0,22,6.553687
39.0,39,6.57548
35.0,35,6.595341
42.0,42,6.615144
14.0,14,6.625178
17.0,17,6.633251
20.0,20,6.642694
11.0,11,6.64792
31.0,31,6.668219
19.0,19,6.67726
30.0,30,6.694743
18.0,18,6.70328
30.0,30,6.717424
16.0,16,6.728371
29.0,29,6.74204
17.0,17,6.750071
27.0,27,6.768439
18.0,18,6.777009
25.0,25,6.788792
34.0,34,6.808179
14.0,14,6.814812
17.0,17,6.82286
28.0,28,6.839431
14.0,14,6.846081
9.0,9,6.850401
22.0,22,6.862981
21.0,21,6.876352
21.0,21,6.886276
14.0,14,6.892912
28.0,28,6.909545
17.0,17,6.917583
19.0,19,6.926577
22.0,22,6.940365
28.0,28,7.191806
30.0,30,7.20988
16.0,16,7.217492
11.0,11,7.222802
21.0,21,7.232954
15.0,15,7.243683
9.0,9,7.248095
15.0,15,7.255345
26.0,26,7.270686
18.0,18,7.282856
19.0,19,7.292072
17.0,17,7.300255
29.0,29,7.317838
19.0,19,7.326959
31.0,31,7.341813
13.0,13,7.351475
31.0,31,7.366404
12.0,12,7.376749
19.0,19,7.392699
21.0,21,7.404316
12.0,12,7.41093
34.0,34,7.433582
20.0,20,7.444587
41.0,41,7.473024
12.0,12,7.479665
31.0,31,7.496723
49.0,49,7.527476
36.0,36,7.550684
17.0,17,7.558772
17.0,17,7.566844
22.0,22,7.582844
28.0,28,7.596202
62.0,62,7.628862
12.0,12,7.634596
31.0,31,7.652617
28.0,28,7.665898
56.0,56,7.698647
37.0,37,7.716703
12.0,12,7.726023
17.0,17,7.734259
13.0,13,7.740688
42.0,42,7.764622
38.0,38,7.785298
18.0,18,7.797439
14.0,14,7.804086
18.0,18,7.812628
13.0,13,7.818823
25.0,25,7.834058
35.0,35,7.850584
11.0,11,7.85581
56.0,56,7.887875
24.0,24,7.903145
11.0,11,7.908568
15.0,15,7.915909
18.0,18,7.924708
44.0,44,7.949528
13.0,13,7.955927
39.0,39,7.978051
10.0,10,7.985029
27.0,27,7.998346
9.0,9,8.006238
58.0,58,8.037775
20.0,20,8.047255
18.0,18,8.055765
12.0,12,8.06146
10.0,10,8.066222
16.0,16,8.077202
29.0,29,8.09331
58.0,58,8.124405
28.0,28,8.140947
11.0,11,8.146212
15.0,15,8.153348
22.0,22,8.163816
28.0,28,8.180414
51.0,51,8.210072
28.0,28,8.223341
11.0,11,8.228582
16.0,16,8.236153
48.0,48,8.26216
18.0,18,8.270658
18.0,18,8.282524
15.0,15,8.291832
15.0,15,8.29929
18.0,18,8.308084
13.0,13,8.317957
15.0,15,8.325316
22.0,22,8.336047
15.0,15,8.343376
24.0,24,8.358543
47.0,47,8.384794
9.0,9,8.391281
24.0,24,8.402979
15.0,15,8.410266
36.0,36,8.430653
38.0,38,8.448593
14.0,14,8.45859
16.0,16,8.466186
13.0,13,8.472358
15.0,15,8.479461
21.0,21,8.494882
14.0,14,8.501734
45.0,45,8.52663
13.0,13,8.532825
15.0,15,8.539937
18.0,18,8.548628
13.0,13,8.558403
18.0,18,8.567158
27.0,27,8.580223
15.0,15,8.587537
11.0,11,8.598182
49.0,49,8.621621
16.0,16,8.632607
32.0,32,8.64766
11.0,11,8.652889
12.0,12,8.661892
9.0,9,8.666279
33.0,33,8.681896
30.0,30,8.701505
30.0,30,8.716206
103.0,103,8.77511
27.0,27,8.787893
44.0,44,8.814477
39.0,39,8.835482
12.0,12,8.848498
23.0,23,8.863295
20.0,20,8.87374
13.0,13,8.884638
33.0,33,8.903221
43.0,43,8.927696
25.0,25,8.939802
16.0,16,8.947543
34.0,34,8.967338
30.0,30,8.981592
16.0,16,8.992704
32.0,32,9.010067
11.0,11,9.015326
13.0,13,9.021501
11.0,11,9.03009
23.0,23,9.040993
15.0,15,9.048094
12.0,12,9.053807
27.0,27,9.069914
22.0,22,9.080327
13.0,13,9.08648
31.0,31,9.106573
13.0,13,9.112883
14.0,14,9.119614
26.0,26,9.135534
18.0,18,9.144096
19.0,19,9.153081
16.0,16,9.163984
28.0,28,9.177237
12.0,12,9.182932
21.0,21,9.193023
16.0,16,9.204057
12.0,12,9.211851
19.0,19,9.221009
11.0,11,9.226301
28.0,28,9.243136
19.0,19,9.252126
23.0,23,9.263001
13.0,13,9.272549
23.0,23,9.283465
16.0,16,9.291071
27.0,27,9.307186
32.0,32,9.324553
9.0,9,9.328949
13.0,13,9.338724
25.0,25,9.350928
35.0,35,9.367642
26.0,26,9.383303
23.0,23,9.394174
17.0,17,9.405571
52.0,52,9.432732
11.0,11,9.441543
9.0,9,9.445959
12.0,12,9.451703
17.0,17,9.459949
14.0,14,9.46661
43.0,43,9.490237
61.0,61,9.52472
19.0,19,9.533984
39.0,39,9.556333
32.0,32,9.571737
26.0,26,9.587714
14.0,14,9.594382
44.0,44,9.620654
27.0,27,9.633712
36.0,36,9.654606
16.0,16,9.662239
25.0,25,9.674037
20.0,20,9.686826
25.0,25,9.698652
33.0,33,9.719547
26.0,26,9.732229
15.0,15,9.739532
24.0,24,9.754595
19.0,19,9.76379
17.0,17,9.772037
13.0,13,9.77834
40.0,40,9.801026
18.0,18,9.8097
15.0,15,9.816807
14.0,14,9.829123
31.0,31,9.84411
9.0,9,9.848397
28.0,28,9.865239
25.0,25,9.877395
46.0,46,9.90432
35.0,35,9.923485
29.0,29,9.941129
20.0,20,10.247255
14.0,14,10.254081
38.0,38,10.276549
25.0,25,10.288888
38.0,38,10.310986
18.0,18,10.31981
33.0,33,10.341573
25.0,25,10.353814
38.0,38,10.375931
14.0,14,10.382798
26.0,26,10.395471
10.0,10,10.400398
20.0,20,10.41363
20.0,20,10.423441
30.0,30,10.4435
27.0,27,10.456698
15.0,15,10.464136
39.0,39,10.486626
24.0,24,10.498343
12.0,12,10.504267
24.0,24,10.519403
20.0,20,10.529208
12.0,12,10.535085
28.0,28,10.553966
10.0,10,10.55874
14.0,14,10.5654
13.0,13,10.571562
12.0,12,10.577264
17.0,17,10.588654
13.0,13,10.59502
20.0,20,10.604699
23.0,23,10.618904
37.0,37,10.636408
20.0,20,10.651216
13.0,13,10.657429
13.0,13,10.66383
12.0,12,10.669718
25.0,25,10.685245
18.0,18,10.693819
13.0,13,10.699984
16.0,16,10.707546
10.0,10,10.712301
33.0,33,10.731255
15.0,15,10.73853
11.0,11,10.745882
24.0,24,10.760866
18.0,18,10.769724
18.0,18,10.778532
13.0,13,10.784909
29.0,29,10.80204
12.0,12,10.807747
12.0,12,10.8143
16.0,16,10.825771
14.0,14,10.832466
24.0,24,10.845989
17.0,17,10.854063
17.0,17,10.865714
14.0,14,10.8726
39.0,39,10.89159
24.0,24,10.90677
29.0,29,10.921086
26.0,26,10.937298
54.0,54,10.969177
24.0,24,10.980967
23.0,23,10.992198
13.0,13,11.001897
20.0,20,11.011429
19.0,19,11.02073
24.0,24,11.032474
26.0,26,11.050599
15.0,15,11.058026
13.0,13,11.064467
45.0,45,11.089906
37.0,37,11.111353
13.0,13,11.117759
23.0,23,11.129197
20.0,20,11.138969
51.0,51,11.169435
14.0,14,11.179796
16.0,16,11.187551
27.0,27,11.200764
19.0,19,11.210099
23.0,23,11.224801
13.0,13,11.231231
16.0,16,11.239061
51.0,51,11.268975
32.0,32,11.288076
16.0,16,11.295674
15.0,15,11.302814
49.0,49,11.32987
16.0,16,11.337704
10.0,10,11.34263
24.0,24,11.359814
13.0,13,11.366215
15.0,15,11.373598
12.0,12,11.379496
18.0,18,11.391604
63.0,63,11.424572
19.0,19,11.433634
10.0,10,11.438387
17.0,17,11.446676
22.0,22,11.462789
17.0,17,11.47113
15.0,15,11.478539
40.0,40,11.50143
30.0,30,11.516075
17.0,17,11.524374
9.0,9,11.532129
23.0,23,11.543023
18.0,18,11.551526
20.0,20,11.566418
63.0,63,11.600413
35.0,35,11.617517
29.0,29,11.635038
24.0,24,11.646452
11.0,11,11.651695
17.0,17,11.661796
15.0,15,11.672271
19.0,19,11.681394
16.0,16,11.68925
31.0,31,11.70765
12.0,12,11.713364
21.0,21,11.723283
16.0,16,11.730879
21.0,21,11.744327
20.0,20,11.753873
13.0,13,11.760045
11.0,11,11.767292
47.0,47,11.792807
11.0,11,11.798013
11.0,11,11.803234
45.0,45,11.827777
14.0,14,11.834414
23.0,23,11.848643
21.0,21,11.858537
20.0,20,11.870011
27.0,27,11.886523
25.0,25,11.898968
32.0,32,11.918052
40.0,40,11.937556
33.0,33,11.957106
12.0,12,11.962995
19.0,19,11.97425
23.0,23,11.988893
28.0,28,12.002563
29.0,29,12.020061
24.0,24,12.031778
27.0,27,12.044922
13.0,13,12.05468
20.0,20,12.064443
10.0,10,12.071418
39.0,39,12.093776
12.0,12,12.099468
29.0,29,12.113131
12.0,12,12.118815
22.0,22,12.13254
32.0,32,12.147588
16.0,16,12.158636
11.0,11,12.164039
12.0,12,12.172254
35.0,35,12.189282
28.0,28,12.206466
14.0,14,12.213301
58.0,58,12.24438
14.0,14,12.251027
34.0,34,12.270433
33.0,33,12.288602
12.0,12,12.294472
14.0,14,12.304759
17.0,17,12.313054
16.0,16,12.320857
16.0,16,12.328665
47.0,47,12.354973
15.0,15,12.362276
22.0,22,12.378431
12.0,12,12.384368
12.0,12,12.390283
11.0,11,12.395695
19.0,19,12.408454
35.0,35,12.425562
13.0,13,12.431947
30.0,30,12.450054
13.0,13,12.456434
18.0,18,12.465266
38.0,38,12.489207
14.0,14,12.496067
37.0,37,12.51712
10.0,10,12.521874
19.0,19,12.53087
23.0,23,12.548226
12.0,12,12.554211
38.0,38,12.572705
14.0,14,12.58481
8.0,8,12.588802
21.0,21,12.599048
11.0,11,12.604447
13.0,13,12.610792
26.0,26,12.626552
14.0,14,12.633199
19.0,19,12.642185
11.0,11,12.647408
22.0,22,12.661195
23.0,23,12.672075
19.0,19,12.68312
18.0,18,12.695397
15.0,15,12.702748
45.0,45,12.727814
27.0,27,12.74079
10.0,10,12.745555
11.0,11,12.750771
12.0,12,12.760026
27.0,27,12.773175
18.0,18,12.784012
15.0,15,12.794772
12.0,12,12.800544
26.0,26,12.813151
13.0,13,12.819553
23.0,23,12.834226
27.0,27,12.847447
22.0,22,12.858191
16.0,16,12.869198
18.0,18,12.877776
19.0,19,12.888871
15.0,15,12.899415
24.0,24,12.910851
29.0,29,12.925053
58.0,58,12.956852
30.0,30,12.974877
25.0,25,13.188179
27.0,27,13.20726
11.0,11,13.212765
13.0,13,13.219184
23.0,23,13.230541
21.0,21,13.244395
12.0,12,13.250345
36.0,36,13.269204
15.0,15,13.281573
12.0,12,13.287549
14.0,14,13.296974
17.0,17,13.305408
19.0,19,13.318538
16.0,16,13.326426
34.0,34,13.343115
17.0,17,13.355129
14.0,14,13.362051
20.0,20,13.371874
35.0,35,13.392228
18.0,18,13.40284
40.0,40,13.425168
32.0,32,13.440399
25.0,25,13.452302
12.0,12,13.461417
33.0,33,13.477077
11.0,11,13.482517
13.0,13,13.492385
24.0,24,13.506188
26.0,26,13.51892
19.0,19,13.531704
33.0,33,13.547858
13.0,13,13.554259
17.0,17,13.56603
28.0,28,13.579736
32.0,32,13.598828
24.0,24,13.612585
19.0,19,13.6219
10.0,10,13.626853
85.0,85,13.675108
24.0,24,13.686835
35.0,35,13.713873
31.0,31,13.72909
33.0,33,13.749014
35.0,35,13.766119
13.0,13,13.77257
19.0,19,13.785385
14.0,14,13.792296
14.0,14,13.799188
18.0,18,13.810185
34.0,34,13.830874
52.0,52,13.859686
9.0,9,13.86456
21.0,21,13.875133
21.0,21,13.888853
14.0,14,13.895703
32.0,32,13.913391
13.0,13,13.919757
29.0,29,13.937322
28.0,28,13.950974
20.0,20,13.9642
27.0,27,13.977384
20.0,20,13.987163
21.0,21,14.000623
17.0,17,14.008675
16.0,16,14.018247
53.0,53,14.046661
20.0,20,14.056147
16.0,16,14.067088
18.0,18,14.07562
17.0,17,14.083663
11.0,11,14.088887
21.0,21,14.102149
31.0,31,14.118805
35.0,35,14.138711
23.0,23,14.149611
49.0,49,14.176043
24.0,24,14.187368
28.0,28,14.203945
25.0,25,14.217808
41.0,41,14.240512
26.0,26,14.252839
11.0,11,14.258069
23.0,23,14.272321
11.0,11,14.277592
35.0,35,14.294062
10.0,10,14.298819
39.0,39,14.322563
16.0,16,14.330157
21.0,21,14.343439
25.0,25,14.355291
28.0,28,14.371828
26.0,26,14.384208
8.0,8,14.388042
24.0,24,14.399384
24.0,24,14.414121
18.0,18,14.424681
12.0,12,14.43041
13.0,13,14.436606
11.0,11,14.445226
25.0,25,14.457081
12.0,12,14.462788
22.0,22,14.476543
42.0,42,14.496408
20.0,20,14.509211
22.0,22,14.521698
26.0,26,14.53402
37.0,37,14.554888
28.0,28,14.568529
9.0,9,14.572952
13.0,13,14.582741
13.0,13,14.589132
15.0,15,14.596486
10.0,10,14.601392
19.0,19,14.614044
37.0,37,14.634108
17.0,17,14.642437
17.0,17,14.654191
28.0,28,14.667856
10.0,10,14.672641
16.0,16,14.680252
15.0,15,14.690734
12.0,12,14.696475
28.0,28,14.709726
35.0,35,14.731687
21.0,21,14.741793
30.0,30,14.759479
13.0,13,14.765861
17.0,17,14.774167
14.0,14,14.781021
37.0,37,14.802006
9.0,9,14.806318
30.0,30,14.823971
26.0,26,14.838694
25.0,25,14.850911
16.0,16,14.861993
19.0,19,14.87102
24.0,24,14.883026
24.0,24,14.898197
20.0,20,14.907956
12.0,12,14.913812
42.0,42,14.939668
61.0,61,14.972814
23.0,23,14.984057
62.0,62,15.017027
23.0,23,15.027912
13.0,13,15.039522
17.0,17,15.047595
22.0,22,15.058026
60.0,60,15.089662
77.0,77,15.129305
14.0,14,15.141657
22.0,22,15.152451
18.0,18,15.161107
17.0,17,15.172458
22.0,22,15.182918
22.0,22,15.193347
13.0,13,15.199532
21.0,21,15.212871
25.0,25,15.224748
26.0,26,15.242388
15.0,15,15.249555
17.0,17,15.257661
12.0,12,15.263372
16.0,16,15.270983
42.0,42,15.294773
18.0,18,15.303598
25.0,25,15.319222
23.0,23,15.33039
15.0,15,15.337525
13.0,13,15.349373
14.0,14,15.356327
16.0,16,15.364081
19.0,19,15.373117
16.0,16,15.384092
16.0,16,15.391724
30.0,30,15.405914
11.0,11,15.411186
34.0,34,15.430616
20.0,20,15.442085
23.0,23,15.456439
12.0,12,15.462187
16.0,16,15.469842
28.0,28,15.486437
24.0,24,15.497866
31.0,31,15.512519
23.0,23,15.526815
21.0,21,15.536831
41.0,41,15.561651
15.0,15,15.568828
35.0,35,15.588768
25.0,25,15.600728
10.0,10,15.605544
32.0,32,15.624065
25.0,25,15.635958
53.0,53,15.666461
19.0,19,15.675514
21.0,21,15.685524
29.0,29,15.702669
57.0,57,15.733037
31.0,31,15.750374
48.0,48,15.776515
25.0,25,15.788379
22.0,22,15.802151
23.0,23,15.813068
22.0,22,15.82351
30.0,30,15.841178
42.0,42,15.866459
28.0,28,15.882874
24.0,24,15.900302
27.0,27,15.925611
34.0,34,16.100862
35.0,35,16.121537
24.0,24,16.133017
20.0,20,16.145985
42.0,42,16.1679
30.0,30,16.185445
14.0,14,16.192097
29.0,29,16.205785
21.0,21,16.219179
39.0,39,16.237834
30.0,30,16.255561
14.0,14,16.264308
34.0,34,16.283782
28.0,28,16.297549
31.0,31,16.312658
41.0,41,16.336125
13.0,13,16.342499
11.0,11,16.347908
41.0,41,16.373386
54.0,54,16.403164
10.0,10,16.408116
26.0,26,16.42704
29.0,29,16.44089
20.0,20,16.450403
15.0,15,16.460856
25.0,25,16.475204
26.0,26,16.487499
18.0,18,16.499407
16.0,16,16.507044
12.0,12,16.512777
14.0,14,16.519455
20.0,20,16.532277
20.0,20,16.541801
33.0,33,16.557352
31.0,31,16.577375
33.0,33,16.59294
35.0,35,16.612854
27.0,27,16.625607
24.0,24,16.64034
23.0,23,16.651205
17.0,17,16.659255
13.0,13,16.670642
16.0,16,16.678277
34.0,34,16.694374
10.0,10,16.699178
11.0,11,16.707749
32.0,32,16.722845
10.0,10,16.727614
21.0,21,16.741172
28.0,28,16.754565
13.0,13,16.76073
25.0,25,16.777932
32.0,32,16.793066
11.0,11,16.798295
33.0,33,16.817333
20.0,20,16.826811
17.0,17,16.834903
12.0,12,16.844003
33.0,33,16.859603
21.0,21,16.869533
20.0,20,16.884425
12.0,12,16.890141
9.0,9,16.894447
11.0,11,16.899688
22.0,22,16.913493
14.0,14,16.920186
30.0,30,16.93449
28.0,28,16.951595
78.0,78,16.99503
18.0,18,17.003854
14.0,14,17.010727
14.0,14,17.020802
14.0,14,17.027463
45.0,45,17.052046
14.0,14,17.058915
8.0,8,17.062851
17.0,17,17.071151
25.0,25,17.088407
20.0,20,17.097894
28.0,28,17.111134
8.0,8,17.114962
21.0,21,17.128232
29.0,29,17.141929
25.0,25,17.15715
26.0,26,17.169514
71.0,71,17.208496
35.0,35,17.228377
13.0,13,17.234577
25.0,25,17.246472
25.0,25,17.261662
13.0,13,17.267855
16.0,16,17.275463
18.0,18,17.286293
23.0,23,17.300958
27.0,27,17.314106
16.0,16,17.321947
52.0,52,17.350657
12.0,12,17.356534
11.0,11,17.365343
24.0,24,17.377058
14.0,14,17.38594
17.0,17,17.397649
17.0,17,17.406008
9.0,9,17.410447
32.0,32,17.426017
19.0,19,17.438761
33.0,33,17.454947
31.0,31,17.473245
11.0,11,17.478574
48.0,48,17.507253
23.0,23,17.518132
22.0,22,17.528504
13.0,13,17.537989
41.0,41,17.557358
21.0,21,17.570584
23.0,23,17.58149
21.0,21,17.593482
27.0,27,17.609655
22.0,22,17.620086
12.0,12,17.625802
20.0,20,17.635274
25.0,25,17.650456
51.0,51,17.677851
12.0,12,17.683568
23.0,23,17.696472
24.0,24,17.711175
11.0,11,17.716437
16.0,16,17.724011
17.0,17,17.732043
11.0,11,17.737267
15.0,15,17.747857
18.0,18,17.756457
20.0,20,17.765928
72.0,72,17.805184
18.0,18,17.817113
18.0,18,17.825638
42.0,42,17.848752
57.0,57,17.875654
43.0,43,17.90128
16.0,16,17.908878
20.0,20,17.921739
12.0,12,17.927464
14.0,14,17.934124
14.0,14,17.940762
52.0,52,17.969341
10.0,10,17.974254
21.0,21,17.987687
14.0,14,17.996339
12.0,12,18.002066
19.0,19,18.011087
26.0,26,18.026788
13.0,13,18.032976
30.0,30,18.047132
18.0,18,18.059031
22.0,22,18.069488
13.0,13,18.075682
40.0,40,18.09995
16.0,16,18.107566
12.0,12,18.113271
11.0,11,18.118545
21.0,21,18.1319
14.0,14,18.138551
20.0,20,18.147997
23.0,23,18.162283
37.0,37,18.179763
36.0,36,18.202114
27.0,27,18.214908
22.0,22,18.22873
14.0,14,18.235371
13.0,13,18.241546
22.0,22,18.251973
15.0,15,18.26242
20.0,20,18.271912
11.0,11,18.277247
24.0,24,18.288586
18.0,18,18.302459
37.0,37,18.32054
22.0,22,18.334745
36.0,36,18.352328
17.0,17,18.364034
30.0,30,18.378691
26.0,26,18.391342
16.0,16,18.404581
26.0,26,18.417306
18.0,18,18.426105
21.0,21,18.439589
14.0,14,18.446349
17.0,17,18.454677
24.0,24,18.469799
17.0,17,18.478175
12.0,12,18.484099
24.0,24,18.495837
12.0,12,18.507103
19.0,19,18.516179
12.0,12,18.521872
25.0,25,18.533864
55.0,55,18.564014
17.0,17,18.575651
38.0,38,18.593689
13.0,13,18.600084
14.0,14,18.612253
16.0,16,18.619908
15.0,15,18.627038
25.0,25,18.639238
12.0,12,18.648419
18.0,18,18.656969
11.0,11,18.662215
19.0,19,18.671222
20.0,20,18.684027
13.0,13,18.690248
29.0,29,18.70444
30.0,30,18.724226
26.0,26,18.736555
29.0,29,18.753727
19.0,19,18.762768
11.0,11,18.768082
32.0,32,18.786543
24.0,24,18.797912
32.0,32,19.03373
11.0,11,19.042555
17.0,17,19.050968
15.0,15,19.058415
21.0,21,19.068797
33.0,33,19.087884
28.0,28,19.101105
17.0,17,19.112877
28.0,28,19.128615
37.0,37,19.149851
18.0,18,19.158421
20.0,20,19.168244
12.0,12,19.177514
36.0,36,19.194655
12.0,12,19.200432
31.0,31,19.22073
10.0,10,19.225536
22.0,22,19.235979
15.0,15,19.243119
30.0,30,19.26068
11.0,11,19.265945
36.0,36,19.286654
16.0,16,19.294268
22.0,22,19.304865
15.0,15,19.315604
42.0,42,19.338209
20.0,20,19.348019
13.0,13,19.357868
14.0,14,19.364763
26.0,26,19.377463
24.0,24,19.392668
19.0,19,19.402005
12.0,12,19.407927
38.0,38,19.431912
19.0,19,19.441234
23.0,23,19.452492
50.0,50,19.48031
12.0,12,19.486236
41.0,41,19.509705
13.0,13,19.516084
14.0,14,19.522982
14.0,14,19.535365
19.0,19,19.544732
34.0,34,19.561357
31.0,31,19.579416
44.0,44,19.604367
30.0,30,19.619083
67.0,67,19.657305
12.0,12,19.663216
14.0,14,19.673394
15.0,15,19.680557
42.0,42,19.700475
20.0,20,19.713325
47.0,47,19.741139
42.0,42,19.760959
27.0,27,19.777093
16.0,16,19.784724
58.0,58,19.815451
12.0,12,19.821167
22.0,22,19.833649
16.0,16,19.844955
25.0,25,19.857213
12.0,12,19.863106
23.0,23,19.874683
11.0,11,19.883637
14.0,14,19.890538
12.0,12,19.896433
23.0,23,19.907631
34.0,34,19.9276
18.0,18,19.938931
23.0,23,19.953593
9.0,9,19.958031
31.0,31,19.973132
32.0,32,19.992186
14.0,14,19.999049
53.0,53,20.028019
32.0,32,20.045318
74.0,74,20.084803
12.0,12,20.093981
14.0,14,20.100652
13.0,13,20.106931
14.0,14,20.113815
12.0,12,20.119726
29.0,29,20.142163
20.0,20,20.152002
26.0,26,20.16823
17.0,17,20.176575
17.0,17,20.184912
9.0,9,20.189334
22.0,22,20.203517
70.0,70,20.249718
62.0,62,20.300659
54.0,54,20.34665
18.0,18,20.355664
19.0,19,20.365018
18.0,18,20.37382
14.0,14,20.384211
14.0,14,20.39108
25.0,25,20.403242
14.0,14,20.410096
36.0,36,20.43111
35.0,35,20.453392
12.0,12,20.459227
48.0,48,20.482175
11.0,11,20.490809
49.0,49,20.513995
43.0,43,20.537761
19.0,19,20.548898
35.0,35,20.568888
24.0,24,20.58024
20.0,20,20.593043
22.0,22,20.603484
25.0,25,20.615304
14.0,14,20.625347
22.0,22,20.635804
21.0,21,20.645751
18.0,18,20.659661
10.0,10,20.664484
17.0,17,20.672594
13.0,13,20.678767
12.0,12,20.68451
21.0,21,20.697794
24.0,24,20.709173
29.0,29,20.722883
10.0,10,20.731015
22.0,22,20.741663
26.0,26,20.756007
9.0,9,20.763687
14.0,14,20.77037
54.0,54,20.799174
14.0,14,20.805851
10.0,10,20.810624
30.0,30,20.824821
16.0,16,20.835819
15.0,15,20.84293
16.0,16,20.850529
16.0,16,20.860156
15.0,15,20.870642
18.0,18,20.879217
20.0,20,20.888679
64.0,64,20.922518
40.0,40,20.945725
9.0,9,20.950187
15.0,15,20.959613
40.0,40,20.982627
26.0,26,20.995309
30.0,30,21.013128
37.0,37,21.030606
16.0,16,21.041575
17.0,17,21.049682
108.0,108,21.109349
13.0,13,21.115691
58.0,58,21.147308
12.0,12,21.153059
18.0,18,21.163622
19.0,19,21.172641
11.0,11,21.181272
31.0,31,21.195972
51.0,51,21.223322
16.0,16,21.230929
19.0,19,21.239966
24.0,24,21.254645
20.0,20,21.266163
19.0,19,21.275495
24.0,24,21.290798
31.0,31,21.305965
27.0,27,21.322628
34.0,34,21.339262
21.0,21,21.352925
16.0,16,21.360831
23.0,23,21.374093
24.0,24,21.389226
29.0,29,21.402947
20.0,20,21.412792
28.0,28,21.429905
16.0,16,21.43774
19.0,19,21.447055
12.0,12,21.452964
13.0,13,21.46256
55.0,55,21.494915
8.0,8,21.498903
37.0,37,21.516908
17.0,17,21.525176
13.0,13,21.534953
13.0,13,21.541368
20.0,20,21.551108
23.0,23,21.565782
15.0,15,21.575207
18.0,18,21.584033
13.0,13,21.590443
15.0,15,21.601176
16.0,16,21.609073
14.0,14,21.615944
17.0,17,21.624262
63.0,63,21.658458
13.0,13,21.664829
14.0,14,21.676895
76.0,76,21.716073
43.0,43,21.740029
13.0,13,21.746265
18.0,18,21.754795
14.0,14,21.761442
17.0,17,21.769496
22.0,22,21.785272
11.0,11,21.790499
76.0,76,21.970895
19.0,19,21.982398
22.0,22,21.996666
35.0,35,22.013788
17.0,17,22.025563
27.0,27,22.038771
21.0,21,22.049051
36.0,36,22.070081
13.0,13,22.076487
47.0,47,22.104916
18.0,18,22.113747
22.0,22,22.131029
12.0,12,22.137024
21.0,21,22.14733
19.0,19,22.156668
16.0,16,22.168105
35.0,35,22.186967
27.0,27,22.203242
28.0,28,22.217
19.0,19,22.226301
26.0,26,22.242458
16.0,16,22.25033
15.0,15,22.257698
26.0,26,22.27382
16.0,16,22.283512
31.0,31,22.298647
11.0,11,22.304063
21.0,21,22.317767
18.0,18,22.326486
32.0,32,22.344945
21.0,21,22.355138
20.0,20,22.364945
12.0,12,22.370841
10.0,10,22.379249
24.0,24,22.39287
14.0,14,22.399723
15.0,15,22.407062
27.0,27,22.42339
74.0,74,22.461613
20.0,20,22.47106
48.0,48,22.499792
23.0,23,22.511103
36.0,36,22.531838
22.0,22,22.545374
17.0,17,22.560591
53.0,53,22.594217
15.0,15,22.608162
42.0,42,22.632286
17.0,17,22.647312
29.0,29,22.663925
20.0,20,22.675416
34.0,34,22.701956
30.0,30,22.719405
20.0,20,22.733283
21.0,21,22.743716
12.0,12,22.750701
18.0,18,22.761199
80.0,80,22.813055
17.0,17,22.82118
18.0,18,22.829686
18.0,18,22.841555
15.0,15,22.848715
22.0,22,22.85913
11.0,11,22.864596
12.0,12,22.870313
18.0,18,22.882199
17.0,17,22.890238
72.0,72,22.929567
30.0,30,22.947095
9.0,9,22.951485
42.0,42,22.971255
17.0,17,22.9827
17.0,17,22.990786
36.0,36,23.009823
17.0,17,23.02135
12.0,12,23.027059
25.0,25,23.038861
14.0,14,23.048898
19.0,19,23.057954
45.0,45,23.082535
26.0,26,23.094868
38.0,38,23.118255
46.0,46,23.139981
30.0,30,23.15751
33.0,33,23.173125
12.0,12,23.178816
31.0,31,23.196825
14.0,14,23.205522
71.0,71,23.242463
49.0,49,23.268983
20.0,20,23.278484
18.0,18,23.29038
14.0,14,23.297044
26.0,26,23.311367
12.0,12,23.317291
43.0,43,23.341088
13.0,13,23.347262
29.0,29,23.364337
39.0,39,23.382983
21.0,21,23.397075
41.0,41,23.418805
17.0,17,23.430986
18.0,18,23.439589
31.0,31,23.454362
14.0,14,23.46486
24.0,24,23.476342
28.0,28,23.489834
17.0,17,23.501997
16.0,16,23.512111
18.0,18,23.521042
22.0,22,23.536029
13.0,13,23.542547
13.0,13,23.549046
20.0,20,23.558988
15.0,15,23.566489
20.0,20,23.581189
38.0,38,23.599441
16.0,16,23.61372
12.0,12,23.619784
12.0,12,23.625858
18.0,18,23.634965
61.0,61,23.668389
11.0,11,23.673956
9.0,9,23.681961
19.0,19,23.691517
57.0,57,23.725384
17.0,17,23.733946
33.0,33,23.754074
15.0,15,23.761654
13.0,13,23.768222
18.0,18,23.777241
11.0,11,23.782794
17.0,17,23.794828
41.0,41,23.81708
12.0,12,23.826522
11.0,11,23.833058
12.0,12,23.840984
24.0,24,23.856686
15.0,15,23.865137
21.0,21,23.883932
25.0,25,23.896209
12.0,12,23.90209
20.0,20,23.917448
19.0,19,23.926919
23.0,23,23.938342
18.0,18,23.950892
30.0,30,23.965747
14.0,14,23.972702
22.0,22,23.987158
23.0,23,23.998645
41.0,41,24.024538
13.0,13,24.03106
21.0,21,24.041576
11.0,11,24.047109
39.0,39,24.070131
13.0,13,24.07666
39.0,39,24.099603
18.0,18,24.10861
14.0,14,24.115607
31.0,31,24.136095
14.0,14,24.142848
19.0,19,24.151994
27.0,27,24.168365
33.0,33,24.184186
17.0,17,24.19571
41.0,41,24.215417
19.0,19,24.226836
42.0,42,24.251339
58.0,58,24.282906
19.0,19,24.292009
14.0,14,24.30209
28.0,28,24.315505
12.0,12,24.32151
16.0,16,24.331437
19.0,19,24.344507
16.0,16,24.352586
37.0,37,24.374473
18.0,18,24.383501
18.0,18,24.392509
16.0,16,24.400486
21.0,21,24.414195
14.0,14,24.42114
22.0,22,24.43402
12.0,12,24.44005
15.0,15,24.45109
24.0,24,24.463083
13.0,13,24.469597
21.0,21,24.483497
26.0,26,24.496476
51.0,51,24.525116
21.0,21,24.537531
33.0,33,24.557492
8.0,8,24.561531
27.0,27,24.574949
16.0,16,24.58327
12.0,12,24.596637
18.0,18,24.609797
11.0,11,24.617958
24.0,24,24.637731
34.0,34,24.668387
9.0,9,24.675054
17.0,17,24.68765
20.0,20,24.70405
18.0,18,24.712962
19.0,19,24.722238
19.0,19,24.737428
13.0,13,24.74424
16.0,16,24.752262
22.0,22,24.763375
18.0,18,24.775752
15.0,15,24.783119
22.0,22,24.794104
20.0,20,25.070776
14.0,14,25.077631
29.0,29,25.091573
11.0,11,25.096915
22.0,22,25.110763
13.0,13,25.116938
20.0,20,25.1264
16.0,16,25.133996
11.0,11,25.14268
20.0,20,25.154894
13.0,13,25.161366
16.0,16,25.169197
44.0,44,25.194178
16.0,16,25.202033
13.0,13,25.211743
19.0,19,25.220796
35.0,35,25.23732
34.0,34,25.259539
14.0,14,25.266568
15.0,15,25.274072
25.0,25,25.289659
29.0,29,25.30337
14.0,14,25.310027
40.0,40,25.332292
22.0,22,25.342741
21.0,21,25.35879
18.0,18,25.369614
30.0,30,25.384281
27.0,27,25.40174
11.0,11,25.406975
39.0,39,25.428817
23.0,23,25.439734
20.0,20,25.449351
10.0,10,25.460504
54.0,54,25.486884
15.0,15,25.497551
13.0,13,25.503767
49.0,49,25.530212
35.0,35,25.546882
59.0,59,25.581054
27.0,27,25.594176
30.0,30,25.612268
43.0,43,25.635915
19.0,19,25.645258
16.0,16,25.653084
17.0,17,25.663597
40.0,40,25.686735
25.0,25,25.698916
58.0,58,25.730519
25.0,25,25.746343
9.0,9,25.750776
28.0,28,25.766633
36.0,36,25.787632
14.0,14,25.794483
30.0,30,25.812384
34.0,34,25.828412
12.0,12,25.834118
19.0,19,25.846482
16.0,16,25.854104
22.0,22,25.866848
23.0,23,25.881478
25.0,25,25.893769
15.0,15,25.901267
16.0,16,25.90925
16.0,16,25.920714
18.0,18,25.92972
14.0,14,25.936728
19.0,19,25.946212
20.0,20,25.959748
24.0,24,25.97414
24.0,24,25.985877
24.0,24,26.00116
34.0,34,26.017719
27.0,27,26.034343
32.0,32,26.04996
11.0,11,26.055366
40.0,40,26.080289
17.0,17,26.088653
10.0,10,26.09703
13.0,13,26.103474
15.0,15,26.110845
14.0,14,26.117728
13.0,13,26.124131
21.0,21,26.137894
21.0,21,26.148247
30.0,30,26.168478
16.0,16,26.176389
15.0,15,26.183694
40.0,40,26.206438
27.0,27,26.219198
21.0,21,26.229131
29.0,29,26.246244
30.0,30,26.260408
30.0,30,26.280424
33.0,33,26.296284
12.0,12,26.302014
23.0,23,26.316597
32.0,32,26.331902
13.0,13,26.341461
19.0,19,26.350525
26.0,26,26.363195
13.0,13,26.3716
17.0,17,26.38331
15.0,15,26.390466
21.0,21,26.400465
21.0,21,26.413756
21.0,21,26.423695
41.0,41,26.446379
12.0,12,26.452127
23.0,23,26.462988
22.0,22,26.475502
11.0,11,26.48428
16.0,16,26.49192
27.0,27,26.504653
13.0,13,26.514123
14.0,14,26.520893
25.0,25,26.53312
13.0,13,26.539439
18.0,18,26.551586
34.0,34,26.567831
17.0,17,26.578207
16.0,16,26.589661
15.0,15,26.597067
15.0,15,26.604435
13.0,13,26.610823
24.0,24,26.625983
69.0,69,26.662736
11.0,11,26.667972
27.0,27,26.682916
26.0,26,26.698771
19.0,19,26.707772
16.0,16,26.715342
16.0,16,26.726282
30.0,30,26.740638
12.0,12,26.746338
11.0,11,26.751598
20.0,20,26.76461
11.0,11,26.77005
13.0,13,26.77699
17.0,17,26.791607
20.0,20,26.812497
29.0,29,26.833534
39.0,39,26.868101
18.0,18,26.883769
26.0,26,26.899823
20.0,20,26.917873
24.0,24,26.932642
12.0,12,26.940142
41.0,41,26.970455
22.0,22,26.985939
40.0,40,27.015629
18.0,18,27.026219
25.0,25,27.047536
19.0,19,27.058336
18.0,18,27.068484
19.0,19,27.079111
17.0,17,27.096843
17.0,17,27.106423
51.0,51,27.139925
23.0,23,27.152816
21.0,21,27.164596
11.0,11,27.175743
12.0,12,27.182514
25.0,25,27.199612
42.0,42,27.228399
12.0,12,27.235244
14.0,14,27.243236
16.0,16,27.257511
26.0,26,27.271074
25.0,25,27.283041
14.0,14,27.296297
13.0,13,27.302536
15.0,15,27.309661
26.0,26,27.321981
25.0,25,27.337311
23.0,23,27.34825
20.0,20,27.357711
34.0,34,27.377124
33.0,33,27.392698
16.0,16,27.40764
25.0,25,27.41948
14.0,14,27.426174
23.0,23,27.440465
15.0,15,27.447683
18.0,18,27.456299
67.0,67,27.491279
17.0,17,27.506628
12.0,12,27.512542
14.0,14,27.519359
15.0,15,27.526697
24.0,24,27.541545
13.0,13,27.547813
23.0,23,27.558799
18.0,18,27.567427
12.0,12,27.576583
15.0,15,27.583793
30.0,30,27.598119
26.0,26,27.616156
14.0,14,27.622896
37.0,37,27.640597
17.0,17,27.652133
17.0,17,27.660257
29.0,29,27.674067
24.0,24,27.688912
13.0,13,27.695138
18.0,18,27.703726
10.0,10,27.710798
49.0,49,27.737646
14.0,14,27.744372
25.0,25,27.759554
40.0,40,27.778412
24.0,24,27.7931
16.0,16,27.800662
37.0,37,27.827703
27.0,27,27.840469
35.0,35,27.860364
15.0,15,27.867462
24.0,24,27.87879
24.0,24,27.89344
41.0,41,27.915037
13.0,13,27.921232
29.0,29,28.244015
23.0,23,28.254974
21.0,21,28.268707
25.0,25,28.280609
30.0,30,28.2948
49.0,49,28.32367
27.0,27,28.339923
16.0,16,28.347505
38.0,38,28.36875
13.0,13,28.37496
25.0,25,28.386774
37.0,37,28.407555
31.0,31,28.42218
13.0,13,28.430618
23.0,23,28.444952
14.0,14,28.45159
17.0,17,28.459637
52.0,52,28.487716
22.0,22,28.498239
47.0,47,28.5241
14.0,14,28.53313
10.0,10,28.537954
23.0,23,28.552418
44.0,44,28.578178
14.0,14,28.584971
23.0,23,28.595969
54.0,54,28.625087
18.0,18,28.636143
20.0,20,28.649158
15.0,15,28.65637
34.0,34,28.67256
16.0,16,28.68358
19.0,19,28.692705
16.0,16,28.700378
33.0,33,28.719495
37.0,37,28.739455
10.0,10,28.744266
18.0,18,28.756351
11.0,11,28.761582
11.0,11,28.766793
23.0,23,28.777637
10.0,10,28.785699
29.0,29,28.799404
11.0,11,28.804673
26.0,26,28.820354
27.0,27,28.835429
17.0,17,28.84351
15.0,15,28.850615
22.0,22,28.864448
30.0,30,28.879148
18.0,18,28.891428
43.0,43,28.912125
17.0,17,28.920311
16.0,16,28.931594
34.0,34,28.950396
30.0,30,28.969437
13.0,13,28.978918
26.0,26,28.997953
20.0,20,29.018074
18.0,18,29.031047
16.0,16,29.045228
19.0,19,29.059237
12.0,12,29.073903
12.0,12,29.080601
32.0,32,29.096136
19.0,19,29.1093
10.0,10,29.114168
16.0,16,29.121896
35.0,35,29.144432
10.0,10,29.149395
25.0,25,29.161694
16.0,16,29.169595
24.0,24,29.184901
24.0,24,29.196649
24.0,24,29.211735
20.0,20,29.221224
14.0,14,29.22787
15.0,15,29.234961
24.0,24,29.251831
18.0,18,29.260364
30.0,30,29.274569
30.0,30,29.292126
19.0,19,29.301123
11.0,11,29.306356
20.0,20,29.319198
60.0,60,29.353204
21.0,21,29.36335
17.0,17,29.371558
15.0,15,29.378704
21.0,21,29.391974
24.0,24,29.403291
12.0,12,29.408995
12.0,12,29.41802
24.0,24,29.429362
51.0,51,29.458875
67.0,67,29.493819
18.0,18,29.502324
12.0,12,29.508013
43.0,43,29.531578
59.0,59,29.565222
20.0,20,29.57478
10.0,10,29.579545
35.0,35,29.599567
25.0,25,29.611492
14.0,14,29.618215
19.0,19,29.630685
10.0,10,29.635502
14.0,14,29.642232
16.0,16,29.652051
38.0,38,29.673693
30.0,30,29.688012
27.0,27,29.704183
34.0,34,29.72019
32.0,32,29.738606
21.0,21,29.748509
10.0,10,29.755435
10.0,10,29.763534
20.0,20,29.773079
29.0,29,29.786752
61.0,61,29.818752
25.0,25,29.833954
16.0,16,29.841562
46.0,46,29.86871
12.0,12,29.875088
29.0,29,29.889052
17.0,17,29.89724
27.0,27,29.913665
19.0,19,29.922807
12.0,12,29.928605
18.0,18,29.940648
14.0,14,29.947412
20.0,20,29.959184
13.0,13,29.965484
26.0,26,29.981192
17.0,17,29.98923
19.0,19,29.998212
25.0,25,30.013339
18.0,18,30.021816
13.0,13,30.027976
20.0,20,30.040742
15.0,15,30.047878
33.0,33,30.065571
41.0,41,30.088614
39.0,39,30.110327
18.0,18,30.119153
11.0,11,30.124563
27.0,27,30.137621
21.0,21,30.151059
13.0,13,30.1573
47.0,47,30.185336
16.0,16,30.19303
33.0,33,30.208776
51.0,51,30.236119
21.0,21,30.24935
26.0,26,30.261595
22.0,22,30.274182
17.0,17,30.285855
25.0,25,30.297863
20.0,20,30.307478
15.0,15,30.318015
17.0,17,30.326085
26.0,26,30.338373
18.0,18,30.350241
13.0,13,30.356449
33.0,33,30.374158
14.0,14,30.380955
71.0,71,30.421056
16.0,16,30.428656
15.0,15,30.435826
18.0,18,30.444454
22.0,22,30.458142
16.0,16,30.465712
22.0,22,30.478317
18.0,18,30.490203
22.0,22,30.500633
13.0,13,30.50681
13.0,13,30.512986
18.0,18,30.524852
21.0,21,30.534789
14.0,14,30.54142
11.0,11,30.546654
13.0,13,30.552803
37.0,37,30.575724
13.0,13,30.58192
15.0,15,30.592569
16.0,16,30.600195
15.0,15,30.607301
55.0,55,30.636482
15.0,15,30.643581
24.0,24,30.654903
38.0,38,30.678366
21.0,21,30.688309
25.0,25,30.703471
17.0,17,30.711506
10.0,10,30.716263
18.0,18,30.724782
12.0,12,30.733808
18.0,18,30.742326
15.0,15,30.749432
29.0,29,30.766411
33.0,33,30.78419
15.0,15,30.791276
20.0,20,30.804112
33.0,33,30.819652
33.0,33,30.838577
15.0,15,30.8457
9.0,9,30.849993
18.0,18,30.858487
55.0,55,30.889896
15.0,15,30.89706
22.0,22,30.910834
12.0,12,30.916533
28.0,28,30.929718
18.0,18,30.941562
29.0,29,30.955255
82.0,82,31.308689
9.0,9,31.317992
17.0,17,31.327321
15.0,15,31.335552
13.0,13,31.342742
19.0,19,31.357171
31.0,31,31.37478
14.0,14,31.382617
32.0,32,31.405913
22.0,22,31.416545
18.0,18,31.425237
19.0,19,31.437712
40.0,40,31.45659
15.0,15,31.467062
15.0,15,31.474202
13.0,13,31.480406
21.0,21,31.49036
16.0,16,31.503545
17.0,17,31.511607
47.0,47,31.537037
24.0,24,31.548347
17.0,17,31.556387
9.0,9,31.560658
11.0,11,31.569211
49.0,49,31.592329
27.0,27,31.610913
17.0,17,31.619751
28.0,28,31.633132
11.0,11,31.641901
29.0,29,31.655563
18.0,18,31.664062
23.0,23,31.678274
20.0,20,31.687756
18.0,18,31.698454
30.0,30,31.71601
23.0,23,31.726987
31.0,31,31.745255
14.0,14,31.751935
20.0,20,31.761375
28.0,28,31.77799
19.0,19,31.787075
19.0,19,31.796077
12.0,12,31.804009
29.0,29,31.821108
12.0,12,31.826811
18.0,18,31.835336
23.0,23,31.849546
10.0,10,31.854321
16.0,16,31.861909
10.0,10,31.866675
16.0,16,31.874289
12.0,12,31.883343
46.0,46,31.907231
23.0,23,31.921523
12.0,12,31.927557
26.0,26,31.939843
9.0,9,31.944176
9.0,9,31.9552
15.0,15,31.962354
13.0,13,31.968552
12.0,12,31.974245
13.0,13,31.980451
17.0,17,31.991891
27.0,27,32.006936
13.0,13,32.013115
13.0,13,32.022653
43.0,43,32.042958
31.0,31,32.060931
13.0,13,32.067116
14.0,14,32.073751
14.0,14,32.080394
25.0,25,32.095571
20.0,20,32.105024
29.0,29,32.121335
28.0,28,32.138045
28.0,28,32.151175
9.0,9,32.155453
32.0,32,32.173875
17.0,17,32.181893
19.0,19,32.19421
26.0,26,32.20645
15.0,15,32.215777
19.0,19,32.224781
14.0,14,32.234832
27.0,27,32.24753
28.0,28,32.264063
16.0,16,32.271638
19.0,19,32.280677
20.0,20,32.290138
66.0,66,32.326753
57.0,57,32.356898
15.0,15,32.36733
55.0,55,32.393196
15.0,15,32.40371
24.0,24,32.417264
36.0,36,32.437587
37.0,37,32.455066
26.0,26,32.470671
19.0,19,32.479692
20.0,20,32.489159
14.0,14,32.495809
47.0,47,32.523974
25.0,25,32.539107
54.0,54,32.56461
19.0,19,32.577061
37.0,37,32.594914
18.0,18,32.606813
23.0,23,32.620313
31.0,31,32.634972
18.0,18,32.646934
23.0,23,32.657791
9.0,9,32.662085
24.0,24,32.676723
31.0,31,32.691311
8.0,8,32.69512
22.0,22,32.708805
30.0,30,32.726073
26.0,26,32.740423
56.0,56,32.770174
55.0,55,32.799449
8.0,8,32.803275
21.0,21,32.816564
25.0,25,32.830649
29.0,29,32.844314
16.0,16,32.855276
16.0,16,32.862867
23.0,23,32.87372
22.0,22,32.887481
19.0,19,32.896486
26.0,26,32.908751
34.0,34,32.930256
17.0,17,32.938332
13.0,13,32.944505
13.0,13,32.954016
39.0,39,32.972426
15.0,15,32.979508
41.0,41,33.002182
62.0,62,33.036828
67.0,67,33.071776
18.0,18,33.080307
17.0,17,33.091698
10.0,10,33.096488
10.0,10,33.101244
19.0,19,33.110215
15.0,15,33.11735
25.0,25,33.135375
34.0,34,33.15195
35.0,35,33.172131
32.0,32,33.187222
24.0,24,33.201945
12.0,12,33.207662
22.0,22,33.218045
22.0,22,33.233934
26.0,26,33.246371
16.0,16,33.254042
27.0,27,33.270295
14.0,14,33.277177
57.0,57,33.307969
23.0,23,33.319704
9.0,9,33.325882
60.0,60,33.377493
14.0,14,33.387877
16.0,16,33.405509
17.0,17,33.418088
18.0,18,33.430573
18.0,18,33.446121
15.0,15,33.453521
27.0,27,33.466968
16.0,16,33.474939
51.0,51,33.50373
68.0,68,33.543221
34.0,34,33.563138
33.0,33,33.578681
21.0,21,33.591973
29.0,29,33.605651
16.0,16,33.61323
31.0,31,33.6312
29.0,29,33.648004
31.0,31,33.666296
21.0,21,33.676341
24.0,24,33.691145
20.0,20,33.70074
52.0,52,33.728603
10.0,10,33.733634
13.0,13,33.740191
39.0,39,33.765032
22.0,22,33.776071
11.0,11,33.781605
52.0,52,33.810715
15.0,15,33.818099
17.0,17,33.826696
46.0,46,33.862418
9.0,9,33.867028
24.0,24,33.883775
15.0,15,33.891255
47.0,47,33.917877
15.0,15,33.92521
25.0,25,33.937364
47.0,47,33.966085
18.0,18,33.974724
21.0,21,33.988152
47.0,47,34.010237
15.0,15,34.020681
25.0,25,34.032482
10.0,10,34.037244
36.0,36,34.059719
15.0,15,34.273769
47.0,47,34.299989
23.0,23,34.311047
11.0,11,34.316381
14.0,14,34.32312
16.0,16,34.334146
22.0,22,34.344584
25.0,25,34.358557
31.0,31,34.376813
28.0,28,34.390222
15.0,15,34.400817
30.0,30,34.415199
22.0,22,34.425748
27.0,27,34.442035
25.0,25,34.454015
24.0,24,34.471142
20.0,20,34.480819
14.0,14,34.487493
28.0,28,34.504176
15.0,15,34.511341
13.0,13,34.517544
61.0,61,34.54962
14.0,14,34.556289
10.0,10,34.563222
25.0,25,34.578507
15.0,15,34.585672
33.0,33,34.601289
18.0,18,34.613218
12.0,12,34.618954
39.0,39,34.640688
28.0,28,34.653951
12.0,12,34.659669
46.0,46,34.686785
20.0,20,34.696243
41.0,41,34.718848
28.0,28,34.732058
12.0,12,34.737766
26.0,26,34.75357
30.0,30,34.769819
52.0,52,34.797749
11.0,11,34.802996
21.0,21,34.816302
27.0,27,34.829093
55.0,55,34.858402
54.0,54,34.889565
15.0,15,34.896724
25.0,25,34.908557
38.0,38,34.929849
47.0,47,34.955325
23.0,23,34.966212
27.0,27,34.981126
17.0,17,34.992849
29.0,29,35.006683
36.0,36,35.027049
30.0,30,35.041217
52.0,52,35.070006
63.0,63,35.108157
20.0,20,35.117798
32.0,32,35.136568
20.0,20,35.146056
19.0,19,35.155045
9.0,9,35.16287
22.0,22,35.176034
21.0,21,35.186139
26.0,26,35.201897
40.0,40,35.220762
18.0,18,35.232636
46.0,46,35.254367
26.0,26,35.270025
19.0,19,35.281101
11.0,11,35.28635
14.0,14,35.293053
64.0,64,35.326602
35.0,35,35.346455
32.0,32,35.361518
15.0,15,35.372004
27.0,27,35.386837
27.0,27,35.402933
21.0,21,35.412921
23.0,23,35.42381
37.0,37,35.444571
39.0,39,35.462994
21.0,21,35.476412
24.0,24,35.489933
15.0,15,35.497061
38.0,38,35.518382
36.0,36,35.535364
10.0,10,35.543522
47.0,47,35.565613
21.0,21,35.578914
22.0,22,35.59144
13.0,13,35.597666
10.0,10,35.602465
36.0,36,35.622884
106.0,106,35.682599
29.0,29,35.698639
92.0,92,35.749371
9.0,9,35.753803
23.0,23,35.764868
13.0,13,35.771151
16.0,16,35.778866
19.0,19,35.79383
25.0,25,35.806045
24.0,24,35.821198
18.0,18,35.83003
41.0,41,35.849988
51.0,51,35.877384
17.0,17,35.89098
18.0,18,35.899703
32.0,32,35.914987
34.0,34,35.934521
26.0,26,35.946788
15.0,15,35.95388
18.0,18,35.965748
10.0,10,35.970512
17.0,17,35.97888
16.0,16,35.986669
26.0,26,36.004943
41.0,41,36.024949
19.0,19,36.037353
35.0,35,36.053814
23.0,23,36.067992
29.0,29,36.081641
19.0,19,36.090619
24.0,24,36.107446
20.0,20,36.117043
48.0,48,36.143244
14.0,14,36.149904
16.0,16,36.157497
32.0,32,36.175964
49.0,49,36.204698
23.0,23,36.215735
20.0,20,36.225327
65.0,65,36.259654
16.0,16,36.270697
14.0,14,36.277457
10.0,10,36.282296
54.0,54,36.313615
14.0,14,36.320376
14.0,14,36.327098
72.0,72,36.364758
12.0,12,36.370552
11.0,11,36.379256
21.0,21,36.389321
12.0,12,36.395086
15.0,15,36.404339
11.0,11,36.412972
16.0,16,36.420559
15.0,15,36.427651
15.0,15,36.434752
37.0,37,36.455486
20.0,20,36.464934
20.0,20,36.47768
26.0,26,36.48998
16.0,16,36.497547
13.0,13,36.505785
22.0,22,36.519547
24.0,24,36.530886
19.0,19,36.539856
29.0,29,36.556896
28.0,28,36.570059
45.0,45,36.594567
11.0,11,36.599783
29.0,29,36.618955
29.0,29,36.632645
21.0,21,36.64255
9.0,9,36.650178
17.0,17,36.658256
23.0,23,36.669111
46.0,46,36.694088
20.0,20,36.703522
17.0,17,36.713711
80.0,80,36.758133
19.0,19,36.767127
21.0,21,36.777376
27.0,27,36.793941
24.0,24,36.805606
29.0,29,36.825062
20.0,20,36.834508
52.0,52,36.862273
29.0,29,36.875942
12.0,12,36.881619
22.0,22,36.895347
23.0,23,36.906218
17.0,17,36.916349
31.0,31,36.934653
10.0,10,36.939401
32.0,32,36.954436
13.0,13,36.964243
22.0,22,36.974982
50.0,50,37.225564
22.0,22,37.235978
12.0,12,37.241684
17.0,17,37.253084
15.0,15,37.260218
20.0,20,37.269683
24.0,24,37.281138
19.0,19,37.293569
20.0,20,37.303027
34.0,34,37.324514
21.0,21,37.33452
36.0,36,37.354909
48.0,48,37.377598
18.0,18,37.389482
30.0,30,37.40367
28.0,28,37.4169
19.0,19,37.431341
28.0,28,37.444662
42.0,42,37.468238
24.0,24,37.480066
35.0,35,37.50064
40.0,40,37.519677
24.0,24,37.536954
36.0,36,37.554169
13.0,13,37.563825
59.0,59,37.592021
9.0,9,37.599711
67.0,67,37.636822
42.0,42,37.656646
23.0,23,37.6709
18.0,18,37.679452
19.0,19,37.688455
36.0,36,37.708988
22.0,22,37.719559
19.0,19,37.730858
15.0,15,37.741752
35.0,35,37.758495
10.0,10,37.763511
20.0,20,37.776851
12.0,12,37.782742
17.0,17,37.791065
14.0,14,37.797931
20.0,20,37.810835
17.0,17,37.818923
23.0,23,37.831857
37.0,37,37.852863
21.0,21,37.862813
14.0,14,37.869471
16.0,16,37.880443
24.0,24,37.891803
37.0,37,37.912597
12.0,12,37.918403
21.0,21,37.928704
45.0,45,37.955472
27.0,27,37.96866
34.0,34,37.98873
24.0,24,38.000117
9.0,9,38.004427
16.0,16,38.015368
28.0,28,38.028648
16.0,16,38.038497
17.0,17,38.049915
30.0,30,38.064143
26.0,26,38.076615
23.0,23,38.091048
50.0,50,38.118287
34.0,34,38.134343
42.0,42,38.159665
26.0,26,38.171969
34.0,34,38.191347
22.0,22,38.201792
17.0,17,38.20986
53.0,53,38.240249
15.0,15,38.247427
41.0,41,38.270131
46.0,46,38.295168
13.0,13,38.301555
16.0,16,38.30949
24.0,24,38.324632
13.0,13,38.331032
21.0,21,38.343339
9.0,9,38.347796
13.0,13,38.354169
15.0,15,38.364814
33.0,33,38.380428
12.0,12,38.386152
21.0,21,38.399462
19.0,19,38.40849
20.0,20,38.41797
31.0,31,38.436
15.0,15,38.445195
10.0,10,38.450008
19.0,19,38.459039
25.0,25,38.474241
10.0,10,38.479042
34.0,34,38.498614
12.0,12,38.504412
13.0,13,38.510616
13.0,13,38.516817
38.0,38,38.538129
30.0,30,38.554607
19.0,19,38.563749
25.0,25,38.579082
17.0,17,38.587178
39.0,39,38.608965
10.0,10,38.613751
20.0,20,38.623214
9.0,9,38.62755
29.0,29,38.64465
19.0,19,38.656184
38.0,38,38.678299
9.0,9,38.682823
16.0,16,38.690803
16.0,16,38.698787
34.0,34,38.719136
18.0,18,38.728106
16.0,16,38.736057
34.0,34,38.758736
16.0,16,38.766767
24.0,24,38.782194
59.0,59,38.810768
21.0,21,38.825232
43.0,43,38.854399
23.0,23,38.871946
17.0,17,38.881352
20.0,20,38.89234
12.0,12,38.903122
25.0,25,38.916833
19.0,19,38.927215
16.0,16,38.939982
18.0,18,38.949852
46.0,46,38.981678
10.0,10,38.98731
11.0,11,38.993471
30.0,30,39.010131
39.0,39,39.033588
17.0,17,39.04204
14.0,14,39.049049
24.0,24,39.066651
39.0,39,39.0857
10.0,10,39.094167
20.0,20,39.103963
11.0,11,39.109361
14.0,14,39.116229
16.0,16,39.127405
26.0,26,39.139796
28.0,28,39.153036
31.0,31,39.173651
21.0,21,39.183891
28.0,28,39.200838
28.0,28,39.214085
23.0,23,39.224968
40.0,40,39.24718
17.0,17,39.255231
14.0,14,39.268009
35.0,35,39.285187
15.0,15,39.292519
20.0,20,39.305743
21.0,21,39.31586
32.0,32,39.330922
19.0,19,39.343314
16.0,16,39.351319
35.0,35,39.374443
21.0,21,39.385304
21.0,21,39.395656
15.0,15,39.403019
16.0,16,39.417926
11.0,11,39.423438
22.0,22,39.43434
12.0,12,39.440297
29.0,29,39.457848
19.0,19,39.469471
42.0,42,39.493881
13.0,13,39.500355
26.0,26,39.513315
15.0,15,39.52418
13.0,13,39.53054
55.0,55,39.560668
14.0,14,39.569738
70.0,70,39.607821
15.0,15,39.615295
19.0,19,39.628176
15.0,15,39.635527
37.0,37,39.653479
16.0,16,39.664608
18.0,18,39.675472
22.0,22,39.686491
21.0,21,39.700448
9.0,9,39.704899
34.0,34,39.721464
28.0,28,39.73812
16.0,16,39.745881
17.0,17,39.753933
22.0,22,39.768181
36.0,36,39.788733
19.0,19,39.798038
27.0,27,39.814593
56.0,56,39.844459
18.0,18,39.853229
17.0,17,39.861585
30.0,30,39.88192
11.0,11,39.887347
17.0,17,39.895715
17.0,17,39.904035
15.0,15,39.91494
16.0,16,39.922714
11.0,11,39.928092
14.0,14,39.934881
24.0,24,39.95004
20.0,20,39.959718
31.0,31,40.257837
12.0,12,40.267485
14.0,14,40.274253
13.0,13,40.280607
56.0,56,40.313529
19.0,19,40.322496
25.0,25,40.337941
31.0,31,40.352574
46.0,46,40.378431
26.0,26,40.393614
29.0,29,40.411718
26.0,26,40.424479
18.0,18,40.433297
15.0,15,40.444139
16.0,16,40.452025
15.0,15,40.459425
37.0,37,40.480931
16.0,16,40.490922
16.0,16,40.498979
26.0,26,40.515341
14.0,14,40.522226
20.0,20,40.531853
12.0,12,40.537552
28.0,28,40.554146
68.0,68,40.590464
26.0,26,40.605287
19.0,19,40.614581
11.0,11,40.623472
11.0,11,40.6291
25.0,25,40.641251
29.0,29,40.658633
17.0,17,40.666682
62.0,62,40.701952
14.0,14,40.708816
23.0,23,40.720039
66.0,66,40.759119
71.0,71,40.798931
16.0,16,40.80685
22.0,22,40.81772
26.0,26,40.834033
38.0,38,40.852506
14.0,14,40.859309
21.0,21,40.873008
15.0,15,40.880469
22.0,22,40.891053
17.0,17,40.904604
13.0,13,40.911001
41.0,41,40.931293
16.0,16,40.942977
12.0,12,40.948971
41.0,41,40.972327
19.0,19,40.981361
11.0,11,40.986606
27.0,27,41.001354
65.0,65,41.036606
11.0,11,41.045463
17.0,17,41.053775
9.0,9,41.058201
13.0,13,41.064587
33.0,33,41.08351
22.0,22,41.09393
35.0,35,41.116178
37.0,37,41.133741
48.0,48,41.159658
34.0,34,41.175708
20.0,20,41.188538
37.0,37,41.208308
20.0,20,41.221329
44.0,44,41.24206
21.0,21,41.2553
27.0,27,41.268063
47.0,47,41.293965
14.0,14,41.300841
14.0,14,41.30954
22.0,22,41.323609
19.0,19,41.332618
20.0,20,41.342066
34.0,34,41.361469
22.0,22,41.372248
23.0,23,41.383377
21.0,21,41.397023
14.0,14,41.403859
21.0,21,41.416349
16.0,16,41.427757
23.0,23,41.438937
23.0,23,41.450095
34.0,34,41.470041
36.0,36,41.487799
17.0,17,41.499675
18.0,18,41.508584
15.0,15,41.51838
18.0,18,41.52722
13.0,13,41.536865
33.0,33,41.552371
18.0,18,41.561083
17.0,17,41.572916
20.0,20,41.582632
15.0,15,41.589949
19.0,19,41.602629
39.0,39,41.623896
11.0,11,41.629316
32.0,32,41.648607
11.0,11,41.654054
33.0,33,41.67344
24.0,24,41.684763
32.0,32,41.699818
15.0,15,41.710222
13.0,13,41.718634
21.0,21,41.728982
29.0,29,41.746731
77.0,77,41.787816
23.0,23,41.799072
24.0,24,41.814193
45.0,45,41.83843
21.0,21,41.852195
18.0,18,41.861026
17.0,17,41.869388
13.0,13,41.875778
13.0,13,41.885571
27.0,27,41.89884
16.0,16,41.906695
18.0,18,41.922515
19.0,19,41.932113
61.0,61,41.966512
14.0,14,41.973277
32.0,32,41.992722
33.0,33,42.011909
18.0,18,42.028456
27.0,27,42.05381
25.0,25,42.071993
49.0,49,42.113074
74.0,74,42.156206
33.0,33,42.175775
10.0,10,42.180754
15.0,15,42.188121
60.0,60,42.22116
77.0,77,42.264653
10.0,10,42.269586
24.0,24,42.284809
44.0,44,42.306437
23.0,23,42.321199
25.0,25,42.335376
22.0,22,42.346217
14.0,14,42.356698
18.0,18,42.365731
44.0,44,42.39096
40.0,40,42.410594
25.0,25,42.426288
11.0,11,42.433627
24.0,24,42.44554
25.0,25,42.461292
36.0,36,42.478941
21.0,21,42.489238
57.0,57,42.520685
55.0,55,42.552954
34.0,34,42.573064
12.0,12,42.578952
32.0,32,42.594532
18.0,18,42.606801
22.0,22,42.61762
33.0,33,42.639095
55.0,55,42.666878
16.0,16,42.678481
11.0,11,42.683924
29.0,29,42.698073
17.0,17,42.709761
15.0,15,42.716919
129.0,129,42.789741
44.0,44,42.810486
15.0,15,42.82128
27.0,27,42.834014
67.0,67,42.871857
12.0,12,42.877538
94.0,94,42.928268
15.0,15,42.935334
18.0,18,42.945684
16.0,16,42.957191
23.0,23,42.9685
19.0,19,42.977868
55.0,55,43.008193
16.0,16,43.016065
27.0,27,43.032666
24.0,24,43.04634
27.0,27,43.263193
12.0,12,43.269116
41.0,41,43.28915
17.0,17,43.300701
16.0,16,43.308553
22.0,22,43.319329
15.0,15,43.330051
19.0,19,43.339375
17.0,17,43.347658
22.0,22,43.360366
16.0,16,43.371684
22.0,22,43.382436
20.0,20,43.392233
20.0,20,43.405424
13.0,13,43.411812
57.0,57,43.443001
13.0,13,43.449372
34.0,34,43.467915
34.0,34,43.490978
23.0,23,43.502246
36.0,36,43.523342
24.0,24,43.53508
28.0,28,43.552201
32.0,32,43.569793
21.0,21,43.583537
33.0,33,43.599627
14.0,14,43.606495
53.0,53,43.63573
24.0,24,43.647462
11.0,11,43.65834
11.0,11,43.663946
47.0,47,43.690403
40.0,40,43.710034
36.0,36,43.731182
31.0,31,43.746365
28.0,28,43.76537
15.0,15,43.77282
12.0,12,43.778719
21.0,21,43.789127
25.0,25,43.804845
17.0,17,43.813186
22.0,22,43.824015
16.0,16,43.837207
12.0,12,43.845039
65.0,65,43.88751
34.0,34,43.904428
12.0,12,43.913865
30.0,30,43.928589
12.0,12,43.934572
112.0,112,43.99873
32.0,32,44.017132
15.0,15,44.024327
12.0,12,44.03006
21.0,21,44.040004
34.0,34,44.059611
12.0,12,44.06778
21.0,21,44.07814
13.0,13,44.087975
15.0,15,44.095346
23.0,23,44.106565
18.0,18,44.115338
19.0,19,44.128118
17.0,17,44.136451
19.0,19,44.145757
58.0,58,44.179666
37.0,37,44.204746
16.0,16,44.216474
14.0,14,44.22678
15.0,15,44.237781
12.0,12,44.251989
17.0,17,44.264369
11.0,11,44.275002
24.0,24,44.292688
22.0,22,44.311503
17.0,17,44.319927
28.0,28,44.333632
14.0,14,44.344275
33.0,33,44.360383
30.0,30,44.381044
18.0,18,44.389907
23.0,23,44.401158
19.0,19,44.41394
16.0,16,44.421805
16.0,16,44.429657
22.0,22,44.440442
24.0,24,44.455712
15.0,15,44.463099
21.0,21,44.47549
26.0,26,44.491677
27.0,27,44.505219
37.0,37,44.526756
20.0,20,44.536568
25.0,25,44.552223
14.0,14,44.559168
12.0,12,44.565087
13.0,13,44.571433
60.0,60,44.606328
51.0,51,44.634625
13.0,13,44.641002
17.0,17,44.649304
12.0,12,44.658574
21.0,21,44.668921
27.0,27,44.684413
19.0,19,44.69746
14.0,14,44.704416
31.0,31,44.719528
15.0,15,44.726863
23.0,23,44.741115
18.0,18,44.749586
54.0,54,44.778282
23.0,23,44.791275
25.0,25,44.806846
24.0,24,44.818609
28.0,28,44.83575
25.0,25,44.848033
31.0,31,44.8632
19.0,19,44.875939
16.0,16,44.886316
24.0,24,44.898047
13.0,13,44.908026
16.0,16,44.915881
25.0,25,44.928058
22.0,22,44.942173
20.0,20,44.952032
16.0,16,44.95988
22.0,22,44.970907
34.0,34,44.993082
10.0,10,44.998014
11.0,11,45.003479
23.0,23,45.018367
36.0,36,45.035916
21.0,21,45.049499
19.0,19,45.058517
22.0,22,45.069272
52.0,52,45.0995
11.0,11,45.104735
38.0,38,45.126065
50.0,50,45.154202
25.0,25,45.166474
19.0,19,45.175766
15.0,15,45.183194
10.0,10,45.193673
19.0,19,45.202931
23.0,23,45.21411
24.0,24,45.229034
41.0,41,45.248742
16.0,16,45.259932
16.0,16,45.267766
47.0,47,45.299921
71.0,71,45.337815
12.0,12,45.343712
98.0,98,45.396528
18.0,18,45.40852
16.0,16,45.416117
16.0,16,45.423672
31.0,31,45.441602
34.0,34,45.457612
31.0,31,45.475524
23.0,23,45.486726
29.0,29,45.502727
31.0,31,45.520658
18.0,18,45.529181
25.0,25,45.544269
51.0,51,45.568307
29.0,29,45.585269
41.0,41,45.606565
33.0,33,45.625484
19.0,19,45.63449
23.0,23,45.648677
26.0,26,45.660954
9.0,9,45.665278
15.0,15,45.672392
15.0,15,45.682833
28.0,28,45.69603
46.0,46,45.723399
18.0,18,45.731906
19.0,19,45.741
17.0,17,45.752337
27.0,27,45.765128
20.0,20,45.774565
24.0,24,45.789213
16.0,16,45.79678
18.0,18,45.807306
36.0,36,45.827621
15.0,15,45.834741
19.0,19,45.843709
10.0,10,45.851752
33.0,33,45.867328
45.0,45,45.891773
24.0,24,45.90306
36.0,36,45.925425
25.0,25,45.937225
22.0,22,45.947619
12.0,12,45.956672
15.0,15,45.963809
46.0,46,45.988795
21.0,21,45.998709
94.0,94,46.24008
19.0,19,46.253081
21.0,21,46.263214
23.0,23,46.274267
18.0,18,46.286255
14.0,14,46.292916
25.0,25,46.305095
17.0,17,46.318987
17.0,17,46.327437
28.0,28,46.341319
31.0,31,46.359903
22.0,22,46.37042
36.0,36,46.391288
21.0,21,46.401384
10.0,10,46.40621
30.0,30,46.426183
13.0,13,46.432488
34.0,34,46.44878
34.0,34,46.468453
76.0,76,46.509444
22.0,22,46.522519
21.0,21,46.536502
14.0,14,46.54347
16.0,16,46.551388
40.0,40,46.574695
16.0,16,46.582646
18.0,18,46.591569
37.0,37,46.61288
25.0,25,46.627203
18.0,18,46.639686
18.0,18,46.64867
26.0,26,46.661599
10.0,10,46.666589
22.0,22,46.680988
14.0,14,46.687977
13.0,13,46.694433
12.0,12,46.700418
15.0,15,46.711346
21.0,21,46.721784
21.0,21,46.734192
9.0,9,46.738693
18.0,18,46.751076
17.0,17,46.759641
15.0,15,46.76699
45.0,45,46.792324
40.0,40,46.815055
19.0,19,46.826377
17.0,17,46.834872
19.0,19,46.844298
20.0,20,46.857626
16.0,16,46.865602
15.0,15,46.87307
45.0,45,46.898372
22.0,22,46.90927
42.0,42,46.935516
25.0,25,46.948168
10.0,10,46.954541
18.0,18,46.968771
11.0,11,46.9742
27.0,27,46.987341
23.0,23,47.002484
27.0,27,47.017052
18.0,18,47.025843
22.0,22,47.042629
13.0,13,47.049128
32.0,32,47.064968
80.0,80,47.111422
13.0,13,47.11791
14.0,14,47.124873
26.0,26,47.139756
19.0,19,47.152442
17.0,17,47.160612
24.0,24,47.172137
18.0,18,47.184552
34.0,34,47.201421
17.0,17,47.213328
9.0,9,47.217888
41.0,41,47.240232
75.0,75,47.283231
15.0,15,47.294222
26.0,26,47.307099
28.0,28,47.324294
23.0,23,47.337739
10.0,10,47.342747
12.0,12,47.348735
18.0,18,47.361146
13.0,13,47.367713
21.0,21,47.378151
18.0,18,47.387095
14.0,14,47.397537
37.0,37,47.415894
10.0,10,47.420895
32.0,32,47.442207
42.0,42,47.462825
16.0,16,47.474033
62.0,62,47.506688
39.0,39,47.525743
18.0,18,47.537901
33.0,33,47.555969
17.0,17,47.564273
21.0,21,47.577977
20.0,20,47.587769
35.0,35,47.607615
16.0,16,47.615439
22.0,22,47.627831
40.0,40,47.654237
42.0,42,47.674666
24.0,24,47.689346
12.0,12,47.695044
29.0,29,47.708714
24.0,24,47.723802
45.0,45,47.747747
22.0,22,47.761951
16.0,16,47.769767
15.0,15,47.777128
15.0,15,47.787878
20.0,20,47.797642
26.0,26,47.810246
14.0,14,47.817063
11.0,11,47.825849
22.0,22,47.836609
38.0,38,47.860358
20.0,20,47.869842
22.0,22,47.880283
23.0,23,47.894506
29.0,29,47.908407
21.0,21,47.918454
24.0,24,47.933864
24.0,24,47.945765
12.0,12,47.953699
25.0,25,47.969586
16.0,16,47.977462
13.0,13,47.983828
37.0,37,48.004938
21.0,21,48.014825
33.0,33,48.033691
37.0,37,48.053684
12.0,12,48.059752
28.0,28,48.077002
40.0,40,48.096449
29.0,29,48.113997
18.0,18,48.122784
11.0,11,48.128192
58.0,58,48.161891
17.0,17,48.173633
25.0,25,48.185571
41.0,41,48.208893
24.0,24,48.220606
17.0,17,48.228891
10.0,10,48.233814
12.0,12,48.243135
31.0,31,48.26016
21.0,21,48.27046
18.0,18,48.282537
14.0,14,48.289211
17.0,17,48.297288
34.0,34,48.317188
10.0,10,48.322114
32.0,32,48.337699
25.0,25,48.353238
18.0,18,48.364005
11.0,11,48.369514
13.0,13,48.376004
23.0,23,48.39058
14.0,14,48.397243
37.0,37,48.414676
11.0,11,48.423475
19.0,19,48.432775
26.0,26,48.44548
16.0,16,48.456787
14.0,14,48.46608
12.0,12,48.472024
9.0,9,48.476482
33.0,33,48.496036
33.0,33,48.512183
27.0,27,48.529242
16.0,16,48.539645
22.0,22,48.555703
43.0,43,48.594917
17.0,17,48.60755
12.0,12,48.616492
19.0,19,48.636225
55.0,55,48.667112
43.0,43,48.691992
45.0,45,48.717767
53.0,53,48.747003
13.0,13,48.753241
17.0,17,48.761345
17.0,17,48.77166
23.0,23,48.786045
38.0,38,48.804034
22.0,22,48.817866
15.0,15,48.825897
28.0,28,48.840116
10.0,10,48.848555
22.0,22,48.85949
19.0,19,48.871471
24.0,24,48.886799
31.0,31,48.901984
13.0,13,48.908372
55.0,55,48.93854
13.0,13,48.944944
22.0,22,48.959116
11.0,11,48.964556
35.0,35,48.983782
12.0,12,48.99313
31.0,31,49.008325
49.0,49,49.035891
20.0,20,49.045851
15.0,15,49.05335
15.0,15,49.237188
12.0,12,49.243273
32.0,32,49.2591
9.0,9,49.263562
12.0,12,49.272957
16.0,16,49.282974
17.0,17,49.291386
44.0,44,49.31639
31.0,31,49.331553
17.0,17,49.343304
13.0,13,49.349731
30.0,30,49.364401
20.0,20,49.379637
38.0,38,49.398361
11.0,11,49.403761
27.0,27,49.420625
34.0,34,49.437587
39.0,39,49.460015
28.0,28,49.473383
14.0,14,49.485678
16.0,16,49.493864
17.0,17,49.502367
15.0,15,49.509869
13.0,13,49.516299
21.0,21,49.530072
25.0,25,49.542294
20.0,20,49.555477
16.0,16,49.563365
21.0,21,49.573641
25.0,25,49.588063
26.0,26,49.604403
11.0,11,49.609819
13.0,13,49.616221
14.0,14,49.623081
35.0,35,49.643574
14.0,14,49.650451
52.0,52,49.679626
13.0,13,49.688154
16.0,16,49.699533
18.0,18,49.708101
60.0,60,49.739622
28.0,28,49.753331
17.0,17,49.76176
28.0,28,49.77891
27.0,27,49.794116
13.0,13,49.803905
16.0,16,49.811814
13.0,13,49.818232
22.0,22,49.829043
14.0,14,49.839278
48.0,48,49.862761
16.0,16,49.874551
40.0,40,49.896146
24.0,24,49.911283
36.0,36,49.928814
50.0,50,49.956321
37.0,37,49.974259
51.0,51,50.003807
18.0,18,50.015644
69.0,69,50.05144
60.0,60,50.083292
43.0,43,50.106096
31.0,31,50.124247
11.0,11,50.129495
18.0,18,50.138027
32.0,32,50.156502
50.0,50,50.180108
33.0,33,50.20123
21.0,21,50.211288
29.0,29,50.22853
15.0,15,50.23573
31.0,31,50.250565
20.0,20,50.263504
25.0,25,50.275446
10.0,10,50.280286
32.0,32,50.301181
12.0,12,50.306967
11.0,11,50.312278
36.0,36,50.332911
28.0,28,50.34628
14.0,14,50.352989
19.0,19,50.365464
15.0,15,50.37267
18.0,18,50.381303
29.0,29,50.400705
16.0,16,50.40844
43.0,43,50.432372
10.0,10,50.437213
13.0,13,50.443468
27.0,27,50.456384
10.0,10,50.464532
26.0,26,50.476996
16.0,16,50.484681
22.0,22,50.498482
15.0,15,50.50796
14.0,14,50.514686
21.0,21,50.524755
19.0,19,50.537202
24.0,24,50.548554
24.0,24,50.559903
36.0,36,50.580201
13.0,13,50.586356
20.0,20,50.595798
40.0,40,50.620421
49.0,49,50.647271
13.0,13,50.653551
19.0,19,50.66265
23.0,23,50.677035
14.0,14,50.683768
11.0,11,50.689099
37.0,37,50.712391
32.0,32,50.727707
41.0,41,50.750949
46.0,46,50.772913
59.0,59,50.804283
17.0,17,50.817903
51.0,51,50.84194
31.0,31,50.860129
55.0,55,50.889737
30.0,30,50.904073
33.0,33,50.925478
18.0,18,50.934134
10.0,10,50.938972
18.0,18,50.951337
9.0,9,50.95589
24.0,24,50.967771
21.0,21,50.97814
29.0,29,50.998711
70.0,70,51.037825
17.0,17,51.046263
15.0,15,51.053682
18.0,18,51.066135
36.0,36,51.084025
17.0,17,51.095601
10.0,10,51.100411
53.0,53,51.131303
19.0,19,51.140504
32.0,32,51.155777
39.0,39,51.177801
19.0,19,51.187242
17.0,17,51.195683
29.0,29,51.213516
11.0,11,51.221188
20.0,20,51.231128
13.0,13,51.241005
43.0,43,51.261546
39.0,39,51.283689
23.0,23,51.295144
46.0,46,51.323616
65.0,65,51.359
13.0,13,51.36547
18.0,18,51.374132
43.0,43,51.39842
15.0,15,51.405724
19.0,19,51.418224
24.0,24,51.431674
18.0,18,51.440201
16.0,16,51.451164
28.0,28,51.46441
21.0,21,51.474322
58.0,58,51.506284
12.0,12,51.512252
16.0,16,51.525785
11.0,11,51.531171
18.0,18,51.539804
16.0,16,51.547641
17.0,17,51.559488
40.0,40,51.578949
22.0,22,51.593049
28.0,28,51.606661
24.0,24,51.61834
27.0,27,51.63703
19.0,19,51.646459
39.0,39,51.668987
10.0,10,51.673839
53.0,53,51.702562
67.0,67,51.741126
46.0,46,51.766486
23.0,23,51.777536
91.0,91,51.82437
18.0,18,51.838478
28.0,28,51.852173
22.0,22,51.862869
12.0,12,51.872245
15.0,15,51.879794
24.0,24,51.891489
13.0,13,51.897872
23.0,23,51.912291
18.0,18,51.920776
13.0,13,51.926934
27.0,27,51.94522
41.0,41,51.967165
31.0,31,52.27229
38.0,38,52.290854
31.0,31,52.309835
47.0,47,52.336611
25.0,25,52.351278
18.0,18,52.360263
15.0,15,52.36773
17.0,17,52.379735
24.0,24,52.391642
27.0,27,52.408527
16.0,16,52.41657
23.0,23,52.428085
41.0,41,52.454035
16.0,16,52.462036
17.0,17,52.470518
14.0,14,52.481016
24.0,24,52.492971
14.0,14,52.49995
19.0,19,52.509403
19.0,19,52.522352
18.0,18,52.531355
19.0,19,52.540805
29.0,29,52.560863
23.0,23,52.572294
14.0,14,52.579276
47.0,47,52.60604
27.0,27,52.619429
26.0,26,52.635853
15.0,15,52.643354
16.0,16,52.653563
12.0,12,52.662985
31.0,31,52.678376
29.0,29,52.692759
41.0,41,52.716547
27.0,27,52.733399
23.0,23,52.745035
47.0,47,52.77392
41.0,41,52.794391
16.0,16,52.805876
10.0,10,52.810933
11.0,11,52.816489
22.0,22,52.827522
44.0,44,52.852983
14.0,14,52.862156
23.0,23,52.873631
30.0,30,52.89468
11.0,11,52.902843
21.0,21,52.918274
24.0,24,52.94136
21.0,21,52.959067
26.0,26,52.984166
36.0,36,53.006186
18.0,18,53.015067
19.0,19,53.028456
34.0,34,53.045272
38.0,38,53.069887
20.0,20,53.079857
23.0,23,53.091297
25.0,25,53.107287
20.0,20,53.117258
12.0,12,53.123262
24.0,24,53.138795
20.0,20,53.148814
14.0,14,53.155854
17.0,17,53.170153
29.0,29,53.184649
20.0,20,53.194658
12.0,12,53.20415
23.0,23,53.215708
14.0,14,53.222749
32.0,32,53.242259
39.0,39,53.26178
24.0,24,53.27945
46.0,46,53.302389
14.0,14,53.312814
17.0,17,53.320995
33.0,33,53.336706
15.0,15,53.347205
12.0,12,53.353059
14.0,14,53.359778
15.0,15,53.369128
11.0,11,53.374444
45.0,45,53.399352
25.0,25,53.411315
48.0,48,53.437581
33.0,33,53.456781
19.0,19,53.465896
24.0,24,53.479794
11.0,11,53.488534
18.0,18,53.4972
21.0,21,53.507247
22.0,22,53.517839
31.0,31,53.536796
25.0,25,53.549287
16.0,16,53.560795
11.0,11,53.566354
60.0,60,53.600702
23.0,23,53.611691
25.0,25,53.623633
11.0,11,53.632529
21.0,21,53.643051
49.0,49,53.670568
28.0,28,53.686069
40.0,40,53.708544
19.0,19,53.717646
13.0,13,53.723878
22.0,22,53.738159
20.0,20,53.748208
19.0,19,53.757736
16.0,16,53.769195
11.0,11,53.776928
17.0,17,53.785457
26.0,26,53.798465
31.0,31,53.817477
21.0,21,53.828675
25.0,25,53.84487
27.0,27,53.858126
58.0,58,53.892337
21.0,21,53.902554
19.0,19,53.915141
18.0,18,53.923986
32.0,32,53.939578
29.0,29,53.957457
37.0,37,53.97589
43.0,43,54.003031
20.0,20,54.013051
32.0,32,54.032465
20.0,20,54.042459
28.0,28,54.059897
23.0,23,54.07141
15.0,15,54.078917
70.0,70,54.119388
25.0,25,54.135331
18.0,18,54.144356
15.0,15,54.151843
25.0,25,54.167661
11.0,11,54.173114
31.0,31,54.190329
36.0,36,54.211349
32.0,32,54.227012
22.0,22,54.241256
13.0,13,54.247809
11.0,11,54.253314
21.0,21,54.263837
12.0,12,54.269858
26.0,26,54.288423
103.0,103,54.345024
34.0,34,54.361348
18.0,18,54.369976
14.0,14,54.380053
45.0,45,54.403694
23.0,23,54.4181
53.0,53,54.443342
73.0,73,54.484821
46.0,46,54.508911
9.0,9,54.51345
18.0,18,54.525967
14.0,14,54.53299
23.0,23,54.544469
16.0,16,54.555897
13.0,13,54.562459
17.0,17,54.570936
18.0,18,54.579964
13.0,13,54.586478
17.0,17,54.600628
11.0,11,54.606147
15.0,15,54.613664
22.0,22,54.628115
37.0,37,54.646591
35.0,35,54.667401
38.0,38,54.685917
36.0,36,54.708759
33.0,33,54.72448
64.0,64,54.759267
14.0,14,54.769709
22.0,22,54.780727
46.0,46,54.809255
15.0,15,54.816789
15.0,15,54.824276
37.0,37,54.846151
32.0,32,54.862076
40.0,40,54.888967
14.0,14,54.895974
14.0,14,54.905118
30.0,30,54.923526
11.0,11,54.929045
14.0,14,54.936021
33.0,33,54.955844
59.0,59,54.98516
51.0,51,55.016183
30.0,30,55.034647
23.0,23,55.046145
33.0,33,55.066035
21.0,21,55.076953
20.0,20,55.089
45.0,45,55.452698
18.0,18,55.461379
16.0,16,55.472961
35.0,35,55.490347
26.0,26,55.503357
26.0,26,55.521791
56.0,56,55.552758
11.0,11,55.55826
32.0,32,55.574202
18.0,18,55.586693
56.0,56,55.620205
15.0,15,55.627747
13.0,13,55.634256
20.0,20,55.644275
25.0,25,55.660232
23.0,23,55.671744
12.0,12,55.677786
28.0,28,55.695231
35.0,35,55.712739
33.0,33,55.734564
18.0,18,55.743589
26.0,26,55.75656
34.0,34,55.776993
26.0,26,55.789951
19.0,19,55.80293
19.0,19,55.812444
18.0,18,55.823643
32.0,32,55.843125
14.0,14,55.85015
29.0,29,55.864638
51.0,51,55.893575
17.0,17,55.902072
24.0,24,55.917578
13.0,13,55.92632
17.0,17,55.934809
61.0,61,55.968764
14.0,14,55.979456
19.0,19,55.989024
14.0,14,55.996053
45.0,45,56.021948
26.0,26,56.037174
27.0,27,56.054217
32.0,32,56.07019
40.0,40,56.093553
12.0,12,56.099562
78.0,78,56.14312
23.0,23,56.154608
10.0,10,56.163149
13.0,13,56.169675
68.0,68,56.206964
26.0,26,56.219927
21.0,21,56.236079
13.0,13,56.242599
38.0,38,56.261533
21.0,21,56.275505
20.0,20,56.285491
20.0,20,56.295455
11.0,11,56.304403
29.0,29,56.318909
16.0,16,56.326915
28.0,28,56.346605
22.0,22,56.35761
19.0,19,56.367093
44.0,44,56.392456
17.0,17,56.400968
11.0,11,56.406487
37.0,37,56.428383
58.0,58,56.46301
30.0,30,56.477999
41.0,41,56.501916
28.0,28,56.51585
33.0,33,56.537933
41.0,41,56.560872
20.0,20,56.570565
13.0,13,56.577107
18.0,18,56.586091
36.0,36,56.607521
19.0,19,56.61704
25.0,25,56.633003
9.0,9,56.63972
66.0,66,56.676159
40.0,40,56.696085
22.0,22,56.710561
28.0,28,56.724558
24.0,24,56.742128
28.0,28,56.75553
31.0,31,56.773726
9.0,9,56.778084
27.0,27,56.790958
14.0,14,56.797696
120.0,120,56.863741
17.0,17,56.871896
25.0,25,56.887216
55.0,55,56.916762
13.0,13,56.923024
18.0,18,56.931641
11.0,11,56.936933
15.0,15,56.949648
30.0,30,56.964029
9.0,9,56.9684
18.0,18,56.976999
51.0,51,57.004532
14.0,14,57.01446
11.0,11,57.019731
10.0,10,57.024496
31.0,31,57.039099
45.0,45,57.066051
17.0,17,57.074219
17.0,17,57.085707
16.0,16,57.093751
13.0,13,57.100259
11.0,11,57.105768
23.0,23,57.120715
72.0,72,57.16229
9.0,9,57.166835
9.0,9,57.171354
75.0,75,57.212068
20.0,20,57.222016
16.0,16,57.233501
17.0,17,57.242035
27.0,27,57.257721
41.0,41,57.285034
52.0,52,57.328711
29.0,29,57.349966
16.0,16,57.370097
13.0,13,57.379773
42.0,42,57.401972
10.0,10,57.410901
31.0,31,57.426342
32.0,32,57.445686
31.0,31,57.463467
29.0,29,57.477912
17.0,17,57.489836
10.0,10,57.494821
24.0,24,57.506584
31.0,31,57.525219
10.0,10,57.530154
15.0,15,57.53752
30.0,30,57.555766
13.0,13,57.564219
83.0,83,57.60721
15.0,15,57.614396
30.0,30,57.63209
19.0,19,57.64119
29.0,29,57.658356
38.0,38,57.678659
18.0,18,57.687303
30.0,30,57.705125
14.0,14,57.711849
35.0,35,57.731951
49.0,49,57.75596
83.0,83,57.806418
32.0,32,57.822374
42.0,42,57.846155
58.0,58,57.879347
11.0,11,57.88466
40.0,40,57.907128
29.0,29,57.92102
16.0,16,57.92868
38.0,38,57.950199
75.0,75,57.992188
15.0,15,57.999424
26.0,26,58.015238
16.0,16,58.022928
37.0,37,58.043966
16.0,16,58.05168
11.0,11,58.056984
23.0,23,58.067999
16.0,16,58.08124
31.0,31,58.096115
27.0,27,58.109015
24.0,24,58.123917
20.0,20,58.133521
17.0,17,58.14166
17.0,17,58.153187
26.0,26,58.165649
32.0,32,58.186476
27.0,27,58.199441
18.0,18,58.208098
13.0,13,58.214343
61.0,61,58.246783
17.0,17,58.258297
22.0,22,58.493631
13.0,13,58.500152
36.0,36,58.521173
23.0,23,58.532195
39.0,39,58.554104
13.0,13,58.560295
114.0,114,58.623287
29.0,29,58.637183
19.0,19,58.649637
23.0,23,58.660691
37.0,37,58.678358
26.0,26,58.69634
34.0,34,58.712656
20.0,20,58.72573
57.0,57,58.756483
25.0,25,58.76847
17.0,17,58.776631
21.0,21,58.792249
17.0,17,58.800432
46.0,46,58.825794
16.0,16,58.833547
28.0,28,58.847008
16.0,16,58.858063
21.0,21,58.868219
16.0,16,58.875953
49.0,49,58.904963
11.0,11,58.910298
18.0,18,58.919079
19.0,19,58.931619
37.0,37,58.949423
36.0,36,58.970785
29.0,29,58.985252
20.0,20,59.000744
11.0,11,59.006281
32.0,32,59.022269
21.0,21,59.03933
34.0,34,59.056411
35.0,35,59.077295
40.0,40,59.100081
54.0,54,59.134282
21.0,21,59.146146
22.0,22,59.162586
20.0,20,59.173858
11.0,11,59.180139
44.0,44,59.210799
21.0,21,59.22278
14.0,14,59.230724
48.0,48,59.261441
14.0,14,59.269249
30.0,30,59.289926
12.0,12,59.29874
41.0,41,59.325543
46.0,46,59.351102
22.0,22,59.36687
13.0,13,59.37315
37.0,37,59.394696
23.0,23,59.413396
29.0,29,59.434654
14.0,14,59.450593
14.0,14,59.461056
18.0,18,59.474347
22.0,22,59.488442
21.0,21,59.511621
19.0,19,59.525645
15.0,15,59.536675
23.0,23,59.558952
26.0,26,59.578238
59.0,59,59.621318
56.0,56,59.652435
33.0,33,59.668767
21.0,21,59.682678
14.0,14,59.689681
14.0,14,59.696634
26.0,26,59.715204
19.0,19,59.724677
25.0,25,59.737104
54.0,54,59.766811
40.0,40,59.789396
26.0,26,59.801858
45.0,45,59.829046
30.0,30,59.843406
25.0,25,59.858813
64.0,64,59.892888
27.0,27,59.905827
17.0,17,59.916345
15.0,15,59.927324
16.0,16,59.935317
27.0,27,59.948742
14.0,14,59.955714
26.0,26,59.972162
21.0,21,59.982577
27.0,27,59.999507
13.0,13,60.006011
12.0,12,60.014177
12.0,12,60.020176
46.0,46,60.045993
11.0,11,60.051288
24.0,24,60.062764
16.0,16,60.073855
52.0,52,60.102106
13.0,13,60.108377
25.0,25,60.122879
24.0,24,60.138088
26.0,26,60.150426
61.0,61,60.182896
9.0,9,60.187382
22.0,22,60.198284
39.0,39,60.2231
26.0,26,60.235525
22.0,22,60.249439
17.0,17,60.257508
15.0,15,60.264613
16.0,16,60.272182
24.0,24,60.286878
23.0,23,60.297791
21.0,21,60.311008
35.0,35,60.330357
35.0,35,60.351155
18.0,18,60.359988
56.0,56,60.390728
33.0,33,60.406801
41.0,41,60.432804
20.0,20,60.442816
21.0,21,60.456753
44.0,44,60.478304
18.0,18,60.490504
41.0,41,60.510553
13.0,13,60.516935
41.0,41,60.542865
35.0,35,60.563713
19.0,19,60.57304
18.0,18,60.581868
30.0,30,60.59994
16.0,16,60.607784
12.0,12,60.613687
24.0,24,60.627462
29.0,29,60.645396
22.0,22,60.656399
20.0,20,60.66986
12.0,12,60.67591
37.0,37,60.694318
15.0,15,60.705282
18.0,18,60.714304
18.0,18,60.723301
36.0,36,60.747028
14.0,14,60.753921
20.0,20,60.763713
11.0,11,60.769119
21.0,21,60.782829
48.0,48,60.806204
39.0,39,60.82819
26.0,26,60.8433
14.0,14,60.853576
32.0,32,60.868683
17.0,17,60.876749
14.0,14,60.886743
21.0,21,60.896712
23.0,23,60.907561
67.0,67,60.944981
39.0,39,60.967513
16.0,16,60.975343
15.0,15,60.982684
28.0,28,60.999825
24.0,24,61.011529
11.0,11,61.01694
38.0,38,61.041222
26.0,26,61.054166
36.0,36,61.074847
14.0,14,61.081579
21.0,21,61.094968
18.0,18,61.103647
28.0,28,61.116997
35.0,35,61.139615
20.0,20,61.149668
19.0,19,61.159081
25.0,25,61.174856
27.0,27,61.18798
24.0,24,61.203102
28.0,28,61.216789
67.0,67,61.255543
43.0,43,61.280176
23.0,23,61.291436
19.0,19,61.300776
27.0,27,61.317407
20.0,20,61.327192
88.0,88,61.600527
21.0,21,61.611079
20.0,20,61.621121
22.0,22,61.635617
48.0,48,61.661558
17.0,17,61.673562
12.0,12,61.680023
24.0,24,61.695803
22.0,22,61.711971
46.0,46,61.753377
23.0,23,61.77629
15.0,15,61.787399
49.0,49,61.81765
55.0,55,61.84479
26.0,26,61.863544
17.0,17,61.872066
14.0,14,61.879027
50.0,50,61.907443
18.0,18,61.916468
39.0,39,61.939403
40.0,40,61.965136
23.0,23,61.976765
18.0,18,61.985631
12.0,12,61.991549
45.0,45,62.017039
50.0,50,62.04493
44.0,44,62.072368
20.0,20,62.082365
15.0,15,62.08988
50.0,50,62.118271
19.0,19,62.127785
18.0,18,62.140258
28.0,28,62.154277
36.0,36,62.17787
12.0,12,62.183966
21.0,21,62.194462
28.0,28,62.208463
55.0,55,62.239363
11.0,11,62.244923
86.0,86,62.296823
17.0,17,62.305318
78.0,78,62.347544
11.0,11,62.353082
63.0,63,62.390037
21.0,21,62.404052
11.0,11,62.409574
38.0,38,62.431957
19.0,19,62.44148
32.0,32,62.457372
46.0,46,62.486258
37.0,37,62.507918
41.0,41,62.527911
24.0,24,62.543068
30.0,30,62.557694
37.0,37,62.581329
64.0,64,62.615879
52.0,52,62.644525
18.0,18,62.653059
12.0,12,62.658741
19.0,19,62.667692
37.0,37,62.690794
25.0,25,62.702716
33.0,33,62.72183
13.0,13,62.728078
38.0,38,62.749635
18.0,18,62.758291
17.0,17,62.766459
23.0,23,62.779628
38.0,38,62.801202
17.0,17,62.80935
27.0,27,62.825596
17.0,17,62.833775
10.0,10,62.838607
15.0,15,62.845791
26.0,26,62.861656
30.0,30,62.878131
26.0,26,62.893984
14.0,14,62.900683
16.0,16,62.908334
52.0,52,62.93649
24.0,24,62.947976
22.0,22,62.965648
18.0,18,62.974621
17.0,17,62.984965
18.0,18,62.997002
14.0,14,63.003757
35.0,35,63.020471
47.0,47,63.046335
25.0,25,63.058295
11.0,11,63.066951
20.0,20,63.076541
26.0,26,63.091161
50.0,50,63.118415
18.0,18,63.127014
17.0,17,63.138567
17.0,17,63.14671
9.0,9,63.151056
25.0,25,63.162999
15.0,15,63.173577
53.0,53,63.204347
19.0,19,63.213506
61.0,61,63.24591
30.0,30,63.260209
16.0,16,63.267847
23.0,23,63.282192
18.0,18,63.29296
35.0,35,63.313067
20.0,20,63.322679
20.0,20,63.332249
27.0,27,63.348567
11.0,11,63.353869
22.0,22,63.364383
24.0,24,63.379195
13.0,13,63.387587
14.0,14,63.394332
62.0,62,63.427309
12.0,12,63.433097
20.0,20,63.442679
23.0,23,63.457046
24.0,24,63.468518
65.0,65,63.505023
55.0,55,63.534747
22.0,22,63.545331
21.0,21,63.558784
25.0,25,63.570741
20.0,20,63.580312
23.0,23,63.596858
38.0,38,63.615059
60.0,60,63.647049
33.0,33,63.666183
25.0,25,63.678123
25.0,25,63.695556
56.0,56,63.725594
22.0,22,63.736136
19.0,19,63.745416
34.0,34,63.765032
52.0,52,63.793184
24.0,24,63.806843
26.0,26,63.8193
35.0,35,63.842601
26.0,26,63.859607
22.0,22,63.876028
40.0,40,63.898082
27.0,27,63.915027
34.0,34,63.931799
21.0,21,63.945677
22.0,22,63.956319
11.0,11,63.96162
12.0,12,63.967396
31.0,31,63.98563
51.0,51,64.012171
14.0,14,64.02234
29.0,29,64.036193
23.0,23,64.050557
16.0,16,64.058306
35.0,35,64.074997
21.0,21,64.0884
28.0,28,64.103929
15.0,15,64.111118
20.0,20,64.124133
19.0,19,64.133256
15.0,15,64.140451
27.0,27,64.156743
35.0,35,64.173479
12.0,12,64.179256
14.0,14,64.189365
35.0,35,64.208264
19.0,19,64.217361
44.0,44,64.241788
65.0,65,64.276248
21.0,21,64.286294
51.0,51,64.316184
25.0,25,64.331586
16.0,16,64.339278
16.0,16,64.346959
21.0,21,64.357049
30.0,30,64.374777
37.0,37,64.607729
20.0,20,64.622946
22.0,22,64.633498
12.0,12,64.639257
13.0,13,64.64889
16.0,16,64.656483
32.0,32,64.671578
82.0,82,64.718624
57.0,57,64.745652
41.0,41,64.768602
41.0,41,64.792424
16.0,16,64.800421
38.0,38,64.824793
24.0,24,64.836262
40.0,40,64.858611
46.0,46,64.880532
44.0,44,64.904849
20.0,20,64.914416
20.0,20,64.929552
18.0,18,64.938196
20.0,20,64.947768
30.0,30,64.965561
24.0,24,64.97754
43.0,43,65.002255
15.0,15,65.009715
27.0,27,65.025266
21.0,21,65.039182
66.0,66,65.075297
16.0,16,65.083262
23.0,23,65.09465
19.0,19,65.107548
15.0,15,65.115013
9.0,9,65.119502
18.0,18,65.130396
20.0,20,65.143343
40.0,40,65.162393
18.0,18,65.174299
19.0,19,65.183445
35.0,35,65.200111
28.0,28,65.216846
15.0,15,65.224052
51.0,51,65.253958
51.0,51,65.281626
22.0,22,65.292145
44.0,44,65.316417
47.0,47,65.340979
31.0,31,65.359207
66.0,66,65.394001
13.0,13,65.400239
74.0,74,65.440942
17.0,17,65.452482
14.0,14,65.459221
14.0,14,65.465955
26.0,26,65.478402
12.0,12,65.48752
59.0,59,65.515691
38.0,38,65.539326
40.0,40,65.561861
18.0,18,65.570492
26.0,26,65.582858
40.0,40,65.605005
15.0,15,65.612088
20.0,20,65.624809
16.0,16,65.632369
31.0,31,65.649028
19.0,19,65.661327
30.0,30,65.675503
51.0,51,65.702943
22.0,22,65.713467
20.0,20,65.726325
16.0,16,65.734031
18.0,18,65.744945
37.0,37,65.765995
15.0,15,65.773102
29.0,29,65.786799
23.0,23,65.800964
14.0,14,65.807584
25.0,25,65.819367
18.0,18,65.831179
20.0,20,65.842707
19.0,19,65.851701
104.0,104,65.907307
26.0,26,65.919674
19.0,19,65.928767
27.0,27,65.947097
18.0,18,65.955721
31.0,31,65.973998
47.0,47,65.996418
20.0,20,66.009378
36.0,36,66.02655
10.0,10,66.031368
83.0,83,66.079681
13.0,13,66.085939
17.0,17,66.094068
55.0,55,66.12363
12.0,12,66.129393
11.0,11,66.134663
17.0,17,66.148127
42.0,42,66.168152
38.0,38,66.189733
24.0,24,66.20122
65.0,65,66.235564
38.0,38,66.259029
23.0,23,66.270074
38.0,38,66.291617
59.0,59,66.322977
29.0,29,66.336819
23.0,23,66.353059
16.0,16,66.360771
25.0,25,66.372683
29.0,29,66.389937
16.0,16,66.397602
26.0,26,66.410001
31.0,31,66.428195
55.0,55,66.459648
13.0,13,66.465921
57.0,57,66.496578
78.0,78,66.537144
32.0,32,66.558075
20.0,20,66.56806
32.0,32,66.583932
36.0,36,66.605266
25.0,25,66.617642
30.0,30,66.635947
38.0,38,66.656638
53.0,53,66.689518
42.0,42,66.713305
21.0,21,66.723311
12.0,12,66.729058
19.0,19,66.741486
66.0,66,66.779069
43.0,43,66.799559
21.0,21,66.812947
13.0,13,66.819194
44.0,44,66.843468
22.0,22,66.85399
38.0,38,66.877401
43.0,43,66.897962
22.0,22,66.911777
40.0,40,66.930885
69.0,69,66.969064
24.0,24,66.984376
17.0,17,66.992485
18.0,18,67.000999
9.0,9,67.00528
14.0,14,67.0152
56.0,56,67.041593
20.0,20,67.054402
38.0,38,67.074355
49.0,49,67.101125
32.0,32,67.119707
13.0,13,67.125966
18.0,18,67.134567
18.0,18,67.143226
52.0,52,67.173559
27.0,27,67.189851
32.0,32,67.205124
11.0,11,67.210402
33.0,33,67.229463
33.0,33,67.245158
56.0,56,67.276907
77.0,77,67.522941
32.0,32,67.541685
17.0,17,67.549847
16.0,16,67.557507
24.0,24,67.574302
21.0,21,67.584265
24.0,24,67.595603
32.0,32,67.614036
59.0,59,67.645188
17.0,17,67.653318
23.0,23,67.664311
33.0,33,67.686153
22.0,22,67.69723
17.0,17,67.709253
22.0,22,67.720025
33.0,33,67.736131
46.0,46,67.762048
20.0,20,67.771822
41.0,41,67.797542
22.0,22,67.808304
39.0,39,67.830825
32.0,32,67.849846
20.0,20,67.859643
18.0,18,67.868432
17.0,17,67.876721
21.0,21,67.892183
19.0,19,67.901189
45.0,45,67.92571
15.0,15,67.932816
21.0,21,67.942705
24.0,24,67.957467
35.0,35,67.974262
26.0,26,67.992299
28.0,28,68.005699
20.0,20,68.015244
50.0,50,68.042384
17.0,17,68.050525
31.0,31,68.068697
11.0,11,68.073987
28.0,28,68.093215
17.0,17,68.101604
16.0,16,68.109413
45.0,45,68.134677
45.0,45,68.156491
12.0,12,68.16557
11.0,11,68.170815
17.0,17,68.179132
46.0,46,68.207507
55.0,55,68.238706
10.0,10,68.243744
33.0,33,68.260132
22.0,22,68.275058
22.0,22,68.285951
33.0,33,68.30867
22.0,22,68.319215
40.0,40,68.342309
10.0,10,68.347158
17.0,17,68.355289
15.0,15,68.36273
38.0,38,68.384995
67.0,67,68.423911
58.0,58,68.456073
17.0,17,68.464532
24.0,24,68.476416
115.0,115,68.542381
22.0,22,68.556729
18.0,18,68.565749
20.0,20,68.57569
20.0,20,68.585653
29.0,29,68.605677
36.0,36,68.623435
14.0,14,68.633685
44.0,44,68.654609
25.0,25,68.669913
43.0,43,68.690424
30.0,30,68.710285
35.0,35,68.726953
15.0,15,68.737512
49.0,49,68.761008
20.0,20,68.77395
26.0,26,68.786343
70.0,70,68.825061
62.0,62,68.857974
23.0,23,68.872428
25.0,25,68.884266
14.0,14,68.890906
26.0,26,68.908723
27.0,27,68.921451
19.0,19,68.930416
47.0,47,68.955855
46.0,46,68.980827
15.0,15,68.987921
19.0,19,68.996888
19.0,19,69.011383
60.0,60,69.04334
40.0,40,69.063173
24.0,24,69.078459
34.0,34,69.095346
67.0,67,69.134188
13.0,13,69.140685
28.0,28,69.157758
44.0,44,69.179498
49.0,49,69.206334
27.0,27,69.225327
28.0,28,69.240548
55.0,55,69.272511
40.0,40,69.295479
21.0,21,69.305428
29.0,29,69.321982
15.0,15,69.332873
15.0,15,69.340246
23.0,23,69.351424
29.0,29,69.368933
22.0,22,69.379744
14.0,14,69.386585
29.0,29,69.404089
17.0,17,69.412404
61.0,61,69.447897
18.0,18,69.456841
24.0,24,69.46872
55.0,55,69.499432
30.0,30,69.519972
15.0,15,69.527461
34.0,34,69.547797
36.0,36,69.56561
10.0,10,69.570588
23.0,23,69.585467
19.0,19,69.594896
36.0,36,69.616136
18.0,18,69.627314
16.0,16,69.635247
15.0,15,69.642689
13.0,13,69.649147
64.0,64,69.684279
56.0,56,69.71493
24.0,24,69.731847
13.0,13,69.738015
14.0,14,69.744808
36.0,36,69.765414
106.0,106,69.820056
17.0,17,69.834136
51.0,51,69.859297
14.0,14,69.869716
25.0,25,69.882117
42.0,42,69.906006
41.0,41,69.92803
13.0,13,69.937823
30.0,30,69.954413
26.0,26,69.967124
23.0,23,69.982591
16.0,16,69.990159
29.0,29,70.003805
42.0,42,70.026915
36.0,36,70.050467
22.0,22,70.06089
14.0,14,70.067499
49.0,49,70.093904
16.0,16,70.101472
20.0,20,70.114188
15.0,15,70.121279
30.0,30,70.137515
16.0,16,70.148614
22.0,22,70.159137
29.0,29,70.172805
16.0,16,70.183716
27.0,27,70.196465
28.0,28,70.20964
38.0,38,70.230856
40.0,40,70.255207
40.0,40,70.274321
11.0,11,70.541606
15.0,15,70.554969
52.0,52,70.584086
32.0,32,70.599692
13.0,13,70.606061
28.0,28,70.622833
39.0,39,70.641497
19.0,19,70.659599
37.0,37,70.677564
13.0,13,70.683932
21.0,21,70.697594
16.0,16,70.705447
35.0,35,70.722528
20.0,20,70.735434
25.0,25,70.749316
25.0,25,70.76486
34.0,34,70.780906
20.0,20,70.790358
9.0,9,70.797938
23.0,23,70.808834
13.0,13,70.814967
60.0,60,70.846974
16.0,16,70.856619
60.0,60,70.888663
15.0,15,70.895832
20.0,20,70.908875
42.0,42,70.928903
17.0,17,70.940422
11.0,11,70.945715
30.0,30,70.962497
29.0,29,70.980344
54.0,54,71.010557
37.0,37,71.02893
33.0,33,71.048829
22.0,22,71.061746
22.0,22,71.072868
33.0,33,71.092175
50.0,50,71.119076
48.0,48,71.142704
34.0,34,71.164734
23.0,23,71.176183
19.0,19,71.189128
32.0,32,71.205014
39.0,39,71.227782
21.0,21,71.238231
17.0,17,71.246704
38.0,38,71.270917
18.0,18,71.27985
24.0,24,71.295264
12.0,12,71.301315
49.0,49,71.328859
18.0,18,71.33753
22.0,22,71.34807
62.0,62,71.384051
21.0,21,71.39447
16.0,16,71.405896
37.0,37,71.424218
19.0,19,71.437111
27.0,27,71.450471
18.0,18,71.459463
44.0,44,71.486736
25.0,25,71.499098
32.0,32,71.518446
11.0,11,71.523956
15.0,15,71.531411
13.0,13,71.537907
28.0,28,71.555236
57.0,57,71.588958
23.0,23,71.600401
15.0,15,71.607924
15.0,15,71.618865
17.0,17,71.627329
15.0,15,71.634803
21.0,21,71.645206
37.0,37,71.668675
9.0,9,71.673197
15.0,15,71.680672
18.0,18,71.693158
20.0,20,71.703207
19.0,19,71.712514
19.0,19,71.725257
30.0,30,71.739853
17.0,17,71.748357
23.0,23,71.762986
35.0,35,71.781991
38.0,38,71.803565
23.0,23,71.814435
17.0,17,71.822455
31.0,31,71.840658
58.0,58,71.873605
23.0,23,71.884601
14.0,14,71.891333
46.0,46,71.916693
44.0,44,71.941023
36.0,36,71.958155
30.0,30,71.978032
27.0,27,71.991201
18.0,18,72.003518
15.0,15,72.010726
17.0,17,72.018917
35.0,35,72.039351
49.0,49,72.063128
27.0,27,72.081724
43.0,43,72.102611
15.0,15,72.11355
28.0,28,72.127422
51.0,51,72.155492
44.0,44,72.181774
79.0,79,72.222914
18.0,18,72.231569
33.0,33,72.250717
14.0,14,72.257494
18.0,18,72.266176
11.0,11,72.271523
20.0,20,72.286942
17.0,17,72.295419
29.0,29,72.30985
17.0,17,72.321617
18.0,18,72.330297
21.0,21,72.340692
14.0,14,72.347661
42.0,42,72.371682
35.0,35,72.394282
11.0,11,72.399825
15.0,15,72.407297
43.0,43,72.432001
72.0,72,72.470839
18.0,18,72.479752
18.0,18,72.490985
16.0,16,72.502144
12.0,12,72.507889
23.0,23,72.518944
30.0,30,72.536542
14.0,14,72.543327
31.0,31,72.558726
11.0,11,72.568174
30.0,30,72.583034
20.0,20,72.595301
24.0,24,72.6114
20.0,20,72.621521
39.0,39,72.644442
49.0,49,72.668683
10.0,10,72.676969
29.0,29,72.69344
33.0,33,72.712871
22.0,22,72.723291
31.0,31,72.73795
36.0,36,72.75828
43.0,43,72.781942
22.0,22,72.795641
16.0,16,72.803655
20.0,20,72.817246
17.0,17,72.825606
79.0,79,72.867914
41.0,41,72.894107
18.0,18,72.903179
65.0,65,72.938196
15.0,15,72.945279
17.0,17,72.953296
25.0,25,72.968623
14.0,14,72.975246
12.0,12,72.98097
19.0,19,72.996022
30.0,30,73.010887
13.0,13,73.01738
26.0,26,73.033696
32.0,32,73.049272
34.0,34,73.069051
15.0,15,73.076161
25.0,25,73.087938
56.0,56,73.119804
13.0,13,73.125986
15.0,15,73.136414
62.0,62,73.168816
17.0,17,73.176961
33.0,33,73.192677
14.0,14,73.205063
41.0,41,73.224694
12.0,12,73.230449
41.0,41,73.253125
23.0,23,73.263947
14.0,14,73.273879
34.0,34,73.289888
18.0,18,73.29838
31.0,31,73.516828
53.0,53,73.545989
26.0,26,73.558613
18.0,18,73.567341
36.0,36,73.588353
10.0,10,73.593293
18.0,18,73.602064
13.0,13,73.614138
16.0,16,73.622201
42.0,42,73.64637
43.0,43,73.666881
28.0,28,73.683926
32.0,32,73.699212
23.0,23,73.715969
25.0,25,73.728502
12.0,12,73.734518
21.0,21,73.745084
22.0,22,73.759484
29.0,29,73.773866
19.0,19,73.78677
13.0,13,73.793272
20.0,20,73.803149
19.0,19,73.814885
37.0,37,73.839598
39.0,39,73.869059
21.0,21,73.87938
10.0,10,73.884355
23.0,23,73.895514
39.0,39,73.92026
23.0,23,73.931835
32.0,32,73.951341
33.0,33,73.968029
32.0,32,73.987481
10.0,10,73.992542
28.0,28,74.006498
35.0,35,74.034252
20.0,20,74.045763
19.0,19,74.062603
26.0,26,74.075175
22.0,22,74.085699
65.0,65,74.122357
31.0,31,74.140583
19.0,19,74.149582
14.0,14,74.156242
43.0,43,74.179929
37.0,37,74.200862
27.0,27,74.213639
33.0,33,74.235216
14.0,14,74.241907
21.0,21,74.251829
16.0,16,74.259408
17.0,17,74.270843
15.0,15,74.278006
42.0,42,74.297851
15.0,15,74.308432
24.0,24,74.319767
17.0,17,74.330328
24.0,24,74.345159
17.0,17,74.353196
30.0,30,74.367316
17.0,17,74.378784
27.0,27,74.391536
38.0,38,74.416787
19.0,19,74.42577
18.0,18,74.437111
32.0,32,74.455693
20.0,20,74.465142
15.0,15,74.472233
21.0,21,74.485565
21.0,21,74.495482
28.0,28,74.508684
22.0,22,74.522482
32.0,32,74.540056
40.0,40,74.562406
28.0,28,74.575833
71.0,71,74.61287
19.0,19,74.625262
38.0,38,74.645666
13.0,13,74.655287
23.0,23,74.666208
42.0,42,74.68944
25.0,25,74.7013
22.0,22,74.711701
10.0,10,74.716465
39.0,39,74.741183
18.0,18,74.749714
13.0,13,74.759362
19.0,19,74.768383
13.0,13,74.77457
22.0,22,74.784973
21.0,21,74.800846
73.0,73,74.84333
18.0,18,74.851914
17.0,17,74.859972
18.0,18,74.871994
24.0,24,74.883344
16.0,16,74.890916
22.0,22,74.904711
14.0,14,74.911361
47.0,47,74.936823
13.0,13,74.945319
17.0,17,74.953395
31.0,31,74.971352
30.0,30,74.985522
18.0,18,74.994019
38.0,38,75.015273
16.0,16,75.022837
21.0,21,75.036044
29.0,29,75.052091
17.0,17,75.060155
20.0,20,75.072994
21.0,21,75.08293
73.0,73,75.120638
26.0,26,75.132917
29.0,29,75.152249
12.0,12,75.157943
22.0,22,75.168317
26.0,26,75.183974
14.0,14,75.19061
30.0,30,75.208053
27.0,27,75.220868
11.0,11,75.226111
13.0,13,75.232289
16.0,16,75.243192
22.0,22,75.255872
14.0,14,75.262513
21.0,21,75.272434
26.0,26,75.2881
131.0,131,75.358755
14.0,14,75.365395
28.0,28,75.381963
104.0,104,75.434262
40.0,40,75.458765
24.0,24,75.470146
17.0,17,75.478196
43.0,43,75.501904
32.0,32,75.520354
15.0,15,75.527481
33.0,33,75.543035
15.0,15,75.553532
48.0,48,75.578383
24.0,24,75.593127
33.0,33,75.608714
48.0,48,75.634663
35.0,35,75.654526
13.0,13,75.663021
85.0,85,75.706373
41.0,41,75.728996
27.0,27,75.741769
17.0,17,75.74982
12.0,12,75.758882
24.0,24,75.772504
23.0,23,75.783375
18.0,18,75.795299
23.0,23,75.806209
14.0,14,75.812871
34.0,34,75.832263
17.0,17,75.840351
19.0,19,75.849365
35.0,35,75.871485
28.0,28,75.884709
14.0,14,75.891356
21.0,21,75.904691
27.0,27,75.917435
24.0,24,75.932094
18.0,18,75.940638
53.0,53,75.971214
23.0,23,75.982125
13.0,13,75.988315
43.0,43,76.011979
27.0,27,76.024752
17.0,17,76.036143
31.0,31,76.050824
27.0,27,76.066936
36.0,36,76.086229
42.0,42,76.109396
62.0,62,76.141909
17.0,17,76.149988
23.0,23,76.160869
27.0,27,76.179229
39.0,39,76.197575
21.0,21,76.210838
45.0,45,76.232101
33.0,33,76.474784
15.0,15,76.485071
31.0,31,76.503446
18.0,18,76.512003
24.0,24,76.523338
28.0,28,76.539947
28.0,28,76.553188
21.0,21,76.566408
16.0,16,76.574036
94.0,94,76.623958
18.0,18,76.635741
45.0,45,76.657045
14.0,14,76.663693
21.0,21,76.676985
26.0,26,76.691484
29.0,29,76.70856
22.0,22,76.718966
13.0,13,76.725142
99.0,99,76.778374
38.0,38,76.798579
14.0,14,76.808576
38.0,38,76.826547
38.0,38,76.84784
23.0,23,76.858752
23.0,23,76.869621
19.0,19,76.881975
14.0,14,76.890872
51.0,51,76.918357
36.0,36,76.935361
12.0,12,76.941079
31.0,31,76.959074
18.0,18,76.967613
13.0,13,76.973805
11.0,11,76.982392
22.0,22,76.995108
34.0,34,77.014515
19.0,19,77.023565
76.0,76,77.062747
36.0,36,77.083054
28.0,28,77.098635
14.0,14,77.105314
14.0,14,77.111966
22.0,22,77.125779
34.0,34,77.14185
14.0,14,77.151818
26.0,26,77.164188
13.0,13,77.170367
10.0,10,77.175144
30.0,30,77.192676
81.0,81,77.23659
20.0,20,77.246093
19.0,19,77.258422
25.0,25,77.270285
58.0,58,77.303283
13.0,13,77.309485
44.0,44,77.333641
41.0,41,77.353016
32.0,32,77.371467
23.0,23,77.382362
23.0,23,77.396597
18.0,18,77.407386
14.0,14,77.414043
31.0,31,77.432064
74.0,74,77.470297
110.0,110,77.531077
34.0,34,77.547293
29.0,29,77.564374
23.0,23,77.575293
55.0,55,77.606841
25.0,25,77.618689
13.0,13,77.624869
34.0,34,77.644303
69.0,69,77.680123
21.0,21,77.690088
30.0,30,77.709886
45.0,45,77.731171
14.0,14,77.7412
27.0,27,77.754009
12.0,12,77.759732
29.0,29,77.776782
32.0,32,77.79193
26.0,26,77.80982
42.0,42,77.82964
38.0,38,77.850944
20.0,20,77.860444
14.0,14,77.867093
31.0,31,77.885076
49.0,49,77.913756
22.0,22,77.924213
57.0,57,77.954471
87.0,87,77.998767
10.0,10,78.003541
13.0,13,78.015315
22.0,22,78.025779
14.0,14,78.032449
25.0,25,78.047608
16.0,16,78.055237
31.0,31,78.069893
31.0,31,78.091123
17.0,17,78.0992
15.0,15,78.106321
21.0,21,78.122144
12.0,12,78.127873
13.0,13,78.134051
19.0,19,78.143047
25.0,25,78.158172
59.0,59,78.189358
42.0,42,78.209213
42.0,42,78.234691
13.0,13,78.240874
12.0,12,78.246603
25.0,25,78.26176
32.0,32,78.276903
61.0,61,78.308976
55.0,55,78.340542
24.0,24,78.351873
14.0,14,78.361854
12.0,12,78.367585
63.0,63,78.400619
47.0,47,78.428338
42.0,42,78.448196
35.0,35,78.468046
37.0,37,78.485503
28.0,28,78.502098
55.0,55,78.533727
32.0,32,78.548919
19.0,19,78.557931
13.0,13,78.56746
55.0,55,78.593396
20.0,20,78.606193
60.0,60,78.64014
120.0,120,78.703249
18.0,18,78.711806
29.0,29,78.725499
62.0,62,78.760376
32.0,32,78.778847
24.0,24,78.790242
26.0,26,78.805858
56.0,56,78.834492
17.0,17,78.845989
21.0,21,78.855959
11.0,11,78.861207
24.0,24,78.876477
20.0,20,78.885985
10.0,10,78.890759
24.0,24,78.902127
22.0,22,78.915934
41.0,41,78.937524
17.0,17,78.948961
26.0,26,78.961251
23.0,23,78.97214
16.0,16,78.983078
23.0,23,78.993946
24.0,24,79.005271
33.0,33,79.02424
19.0,19,79.033227
15.0,15,79.042693
19.0,19,79.055098
29.0,29,79.068809
58.0,58,79.099388
26.0,26,79.114953
36.0,36,79.131939
21.0,21,79.144839
37.0,37,79.394722
47.0,47,79.420411
44.0,44,79.44112
39.0,39,79.465286
45.0,45,79.48986
11.0,11,79.495088
10.0,10,79.499842
14.0,14,79.50648
26.0,26,79.52208
64.0,64,79.557941
20.0,20,79.567439
10.0,10,79.572221
44.0,44,79.596364
23.0,23,79.60723
51.0,51,79.634565
33.0,33,79.655822
16.0,16,79.663439
22.0,22,79.673886
36.0,36,79.694148
13.0,13,79.700333
15.0,15,79.707437
21.0,21,79.717372
38.0,38,79.738606
31.0,31,79.758914
13.0,13,79.765132
38.0,38,79.783104
19.0,19,79.795422
88.0,88,79.84018
19.0,19,79.849161
38.0,38,79.872782
23.0,23,79.883682
13.0,13,79.889859
17.0,17,79.901274
30.0,30,79.915456
60.0,60,79.947059
29.0,29,79.966541
11.0,11,79.971815
76.0,76,80.011019
22.0,22,80.021441
72.0,72,80.058668
22.0,22,80.074893
51.0,51,80.102178
18.0,18,80.11073
21.0,21,80.120671
23.0,23,80.134812
16.0,16,80.142428
42.0,42,80.162196
54.0,54,80.193425
20.0,20,80.206212
39.0,39,80.224663
23.0,23,80.238832
39.0,39,80.257279
23.0,23,80.273865
10.0,10,80.278718
81.0,81,80.320235
14.0,14,80.326884
25.0,25,80.34202
24.0,24,80.353422
21.0,21,80.363377
13.0,13,80.369564
40.0,40,80.394103
22.0,22,80.404536
43.0,43,80.428149
26.0,26,80.440447
92.0,92,80.492717
29.0,29,80.506423
23.0,23,80.52065
14.0,14,80.527285
26.0,26,80.539547
75.0,75,80.583794
20.0,20,80.593331
35.0,35,80.609884
54.0,54,80.638667
27.0,27,80.654777
14.0,14,80.661445
23.0,23,80.672322
46.0,46,80.699645
30.0,30,80.71405
9.0,9,80.721824
12.0,12,80.727695
17.0,17,80.735977
46.0,46,80.761046
23.0,23,80.771941
70.0,70,80.810641
21.0,21,80.823895
20.0,20,80.83341
42.0,42,80.853192
40.0,40,80.875395
19.0,19,80.886642
52.0,52,80.914605
28.0,28,80.931165
25.0,25,80.94299
89.0,89,80.99044
27.0,27,81.006559
21.0,21,81.016719
15.0,15,81.024016
19.0,19,81.036424
37.0,37,81.053845
41.0,41,81.076552
28.0,28,81.092082
9.0,9,81.099838
70.0,70,81.136395
48.0,48,81.159029
28.0,28,81.175636
27.0,27,81.188428
69.0,69,81.226821
27.0,27,81.242938
11.0,11,81.248209
13.0,13,81.254421
20.0,20,81.263917
11.0,11,81.272516
24.0,24,81.2839
25.0,25,81.298632
41.0,41,81.321401
24.0,24,81.332773
47.0,47,81.358251
12.0,12,81.363986
21.0,21,81.377239
19.0,19,81.386263
12.0,12,81.392015
22.0,22,81.407363
41.0,41,81.436432
23.0,23,81.447341
26.0,26,81.463054
37.0,37,81.480452
19.0,19,81.492843
25.0,25,81.506594
24.0,24,81.51797
52.0,52,81.545878
94.0,94,81.596856
24.0,24,81.610119
30.0,30,81.627651
32.0,32,81.642759
15.0,15,81.649869
22.0,22,81.663654
66.0,66,81.698355
60.0,60,81.732176
19.0,19,81.741145
30.0,30,81.75525
36.0,36,81.779029
27.0,27,81.791915
60.0,60,81.825567
29.0,29,81.842644
13.0,13,81.848814
16.0,16,81.85639
11.0,11,81.861603
26.0,26,81.877226
25.0,25,81.889034
36.0,36,81.911188
27.0,27,81.923933
15.0,15,81.931018
21.0,21,81.944293
31.0,31,81.958895
35.0,35,81.978733
40.0,40,81.99756
26.0,26,82.015025
10.0,10,82.019793
61.0,61,82.051913
37.0,37,82.072627
20.0,20,82.082098
17.0,17,82.305067
26.0,26,82.322568
12.0,12,82.328337
16.0,16,82.335932
18.0,18,82.344456
17.0,17,82.352532
32.0,32,82.370976
16.0,16,82.378623
44.0,44,82.402706
27.0,27,82.417306
20.0,20,82.430203
16.0,16,82.437842
33.0,33,82.453393
49.0,49,82.479792
32.0,32,82.498241
15.0,15,82.505447
15.0,15,82.512571
25.0,25,82.529583
88.0,88,82.574313
37.0,37,82.595018
18.0,18,82.603558
27.0,27,82.616296
35.0,35,82.638103
14.0,14,82.644765
39.0,39,82.666461
14.0,14,82.673095
67.0,67,82.707904
20.0,20,82.717333
11.0,11,82.724381
38.0,38,82.745688
40.0,40,82.76784
14.0,14,82.774482
35.0,35,82.790948
53.0,53,82.819235
15.0,15,82.828161
21.0,21,82.84151
10.0,10,82.846293
34.0,34,82.862302
34.0,34,82.881683
18.0,18,82.890227
32.0,32,82.908645
10.0,10,82.913403
18.0,18,82.921914
36.0,36,82.944127
13.0,13,82.950317
32.0,32,82.965385
47.0,47,82.990815
13.0,13,82.996995
45.0,45,83.021537
60.0,60,83.055032
27.0,27,83.067754
19.0,19,83.080093
17.0,17,83.088123
13.0,13,83.094275
16.0,16,83.101836
12.0,12,83.110865
24.0,24,83.122223
46.0,46,83.149175
54.0,54,83.177939
62.0,62,83.210412
28.0,28,83.22363
16.0,16,83.233058
15.0,15,83.240157
45.0,45,83.264735
31.0,31,83.282714
26.0,26,83.295026
18.0,18,83.303587
19.0,19,83.315958
73.0,73,83.355592
66.0,66,83.3901
26.0,26,83.402441
25.0,25,83.417631
16.0,16,83.425296
18.0,18,83.43575
22.0,22,83.446206
15.0,15,83.456764
20.0,20,83.466236
120.0,120,83.529569
21.0,21,83.541472
14.0,14,83.548149
13.0,13,83.557752
20.0,20,83.567243
30.0,30,83.581392
60.0,60,83.613039
30.0,30,83.630585
9.0,9,83.634983
13.0,13,83.643008
29.0,29,83.66009
33.0,33,83.675672
30.0,30,83.693155
28.0,28,83.706392
33.0,33,83.725279
23.0,23,83.736326
42.0,42,83.761366
12.0,12,83.767114
16.0,16,83.774718
60.0,60,83.806314
24.0,24,83.817678
41.0,41,83.842177
28.0,28,83.855396
28.0,28,83.872536
30.0,30,83.886964
16.0,16,83.898165
10.0,10,83.903049
45.0,45,83.924666
36.0,36,83.947241
18.0,18,83.955953
20.0,20,83.969057
13.0,13,83.975384
13.0,13,83.98162
39.0,39,84.003377
50.0,50,84.026973
43.0,43,84.052444
22.0,22,84.062833
16.0,16,84.073871
30.0,30,84.088047
30.0,30,84.105573
24.0,24,84.116991
18.0,18,84.125549
26.0,26,84.141255
15.0,15,84.150259
27.0,27,84.163004
17.0,17,84.174531
31.0,31,84.189232
70.0,70,84.225531
46.0,46,84.252378
37.0,37,84.269841
65.0,65,84.303789
19.0,19,84.316142
30.0,30,84.330295
43.0,43,84.355725
61.0,61,84.387856
101.0,101,84.438688
43.0,43,84.464144
15.0,15,84.471272
18.0,18,84.483174
31.0,31,84.497893
32.0,32,84.516355
31.0,31,84.531039
30.0,30,84.548584
12.0,12,84.556156
15.0,15,84.563307
21.0,21,84.573312
33.0,33,84.592289
26.0,26,84.6046
13.0,13,84.61079
38.0,38,84.632113
22.0,22,84.642552
14.0,14,84.652578
15.0,15,84.661563
40.0,40,84.680471
18.0,18,84.692367
31.0,31,84.707023
20.0,20,84.719759
28.0,28,84.733075
22.0,22,84.743483
30.0,30,84.762813
39.0,39,84.781268
56.0,56,84.811027
54.0,54,84.839826
35.0,35,84.861477
31.0,31,84.876183
27.0,27,84.892314
20.0,20,84.90181
19.0,19,84.910809
29.0,29,84.927794
20.0,20,84.937374
14.0,14,84.945672
37.0,37,84.968365
55.0,55,85.192437
45.0,45,85.214349
25.0,25,85.229627
38.0,38,85.247608
85.0,85,85.296545
36.0,36,85.313674
74.0,74,85.351873
19.0,19,85.364339
69.0,69,85.402545
28.0,28,85.415807
28.0,28,85.432632
16.0,16,85.440428
20.0,20,85.449921
55.0,55,85.481407
13.0,13,85.487721
39.0,39,85.51781
19.0,19,85.531726
19.0,19,85.545449
27.0,27,85.570565
32.0,32,85.596543
20.0,20,85.613484
16.0,16,85.621302
63.0,63,85.658637
16.0,16,85.666403
34.0,34,85.688411
28.0,28,85.701672
34.0,34,85.721047
52.0,52,85.74552
36.0,36,85.765821
48.0,48,85.794439
18.0,18,85.803138
16.0,16,85.81085
13.0,13,85.817109
24.0,24,85.831887
33.0,33,85.847445
10.0,10,85.855471
16.0,16,85.863114
23.0,23,85.873976
32.0,32,85.894765
21.0,21,85.904789
26.0,26,85.917042
44.0,44,85.941071
14.0,14,85.947691
87.0,87,85.997702
28.0,28,86.011117
15.0,15,86.018321
14.0,14,86.028377
53.0,53,86.053227
52.0,52,86.080965
42.0,42,86.106515
21.0,21,86.116434
35.0,35,86.136223
28.0,28,86.149417
25.0,25,86.164497
121.0,121,86.227087
27.0,27,86.243207
52.0,52,86.271019
28.0,28,86.284255
27.0,27,86.299334
29.0,29,86.316495
19.0,19,86.325515
50.0,50,86.352456
34.0,34,86.371767
26.0,26,86.384192
21.0,21,86.396507
20.0,20,86.409634
21.0,21,86.419738
18.0,18,86.428288
19.0,19,86.44056
29.0,29,86.454322
46.0,46,86.479339
33.0,33,86.497108
25.0,25,86.512565
66.0,66,86.547266
11.0,11,86.552516
37.0,37,86.569943
37.0,37,86.590862
48.0,48,86.619642
15.0,15,86.626917
65.0,65,86.660908
57.0,57,86.691089
12.0,12,86.698932
63.0,63,86.732673
76.0,76,86.771858
26.0,26,86.787644
35.0,35,86.806756
47.0,47,86.832906
14.0,14,86.839618
55.0,55,86.868828
39.0,39,86.890441
12.0,12,86.896169
32.0,32,86.913636
13.0,13,86.919971
19.0,19,86.932323
42.0,42,86.952123
62.0,62,86.984712
23.0,23,86.999258
11.0,11,87.006542
21.0,21,87.01684
17.0,17,87.028711
65.0,65,87.06268
15.0,15,87.069906
35.0,35,87.086458
27.0,27,87.10257
45.0,45,87.126026
22.0,22,87.139813
50.0,50,87.166656
20.0,20,87.176175
52.0,52,87.204029
63.0,63,87.239336
15.0,15,87.246495
15.0,15,87.253637
19.0,19,87.262631
11.0,11,87.271225
91.0,91,87.319901
11.0,11,87.325204
30.0,30,87.342749
21.0,21,87.352713
15.0,15,87.359822
23.0,23,87.37401
23.0,23,87.384895
22.0,22,87.395545
27.0,27,87.413795
17.0,17,87.422078
19.0,19,87.43126
16.0,16,87.442228
23.0,23,87.453165
19.0,19,87.462157
85.0,85,87.508756
67.0,67,87.548449
38.0,38,87.566409
27.0,27,87.582492
100.0,100,87.635158
53.0,53,87.663488
19.0,19,87.672493
14.0,14,87.679127
20.0,20,87.69196
42.0,42,87.711745
15.0,15,87.724304
37.0,37,87.7418
40.0,40,87.764295
14.0,14,87.77093
22.0,22,87.781324
23.0,23,87.795535
10.0,10,87.800314
16.0,16,87.807901
49.0,49,87.837445
14.0,14,87.844338
23.0,23,87.859016
22.0,22,87.869801
35.0,35,87.886829
10.0,10,87.89516
18.0,18,87.903997
52.0,52,88.181305
74.0,74,88.219627
17.0,17,88.229814
32.0,32,88.248357
42.0,42,88.268221
58.0,58,88.298949
30.0,30,88.316456
19.0,19,88.32545
60.0,60,88.359552
35.0,35,88.376121
10.0,10,88.384241
15.0,15,88.391365
50.0,50,88.418256
16.0,16,88.425922
78.0,78,88.46845
19.0,19,88.477463
16.0,16,88.488389
18.0,18,88.496899
95.0,95,88.546728
30.0,30,88.564795
29.0,29,88.578928
19.0,19,88.591403
13.0,13,88.597792
21.0,21,88.608035
22.0,22,88.618738
20.0,20,88.631542
23.0,23,88.644596
26.0,26,88.660523
39.0,39,88.679403
18.0,18,88.688163
15.0,15,88.698878
76.0,76,88.740939
21.0,21,88.751297
22.0,22,88.76536
26.0,26,88.778078
18.0,18,88.786839
29.0,29,88.804125
15.0,15,88.811244
16.0,16,88.81884
40.0,40,88.846401
51.0,51,88.878227
59.0,59,88.914174
14.0,14,88.921883
17.0,17,88.931161
19.0,19,88.943517
44.0,44,88.971455
41.0,41,88.997716
24.0,24,89.01079
19.0,19,89.021156
18.0,18,89.0349
16.0,16,89.045741
55.0,55,89.079535
56.0,56,89.112362
33.0,33,89.128363
28.0,28,89.144934
12.0,12,89.153038
29.0,29,89.167206
60.0,60,89.199891
35.0,35,89.220263
35.0,35,89.237304
46.0,46,89.265134
15.0,15,89.272439
20.0,20,89.282174
35.0,35,89.302129
79.0,79,89.342568
31.0,31,89.362935
33.0,33,89.378943
26.0,26,89.398063
24.0,24,89.409722
89.0,89,89.458339
14.0,14,89.468497
19.0,19,89.477654
22.0,22,89.488357
21.0,21,89.501874
9.0,9,89.506181
25.0,25,89.519555
45.0,45,89.545951
13.0,13,89.552324
21.0,21,89.564975
45.0,45,89.590044
20.0,20,89.599567
41.0,41,89.622438
29.0,29,89.636125
35.0,35,89.65603
23.0,23,89.669157
19.0,19,89.681877
13.0,13,89.688255
15.0,15,89.695589
13.0,13,89.701959
29.0,29,89.719192
14.0,14,89.725829
15.0,15,89.732932
26.0,26,89.748708
15.0,15,89.755816
15.0,15,89.76506
17.0,17,89.77309
14.0,14,89.783099
20.0,20,89.79258
16.0,16,89.800177
21.0,21,89.810073
23.0,23,89.824307
34.0,34,89.840346
26.0,26,89.856026
23.0,23,89.869417
12.0,12,89.875306
18.0,18,89.887594
15.0,15,89.894938
15.0,15,89.9023
14.0,14,89.909323
10.0,10,89.914807
10.0,10,89.924302
27.0,27,89.939053
21.0,21,89.950499
19.0,19,89.967161
12.0,12,89.973783
17.0,17,89.983064
24.0,24,89.996153
45.0,45,90.024732
35.0,35,90.047762
84.0,84,90.102643
21.0,21,90.112694
15.0,15,90.123331
15.0,15,90.130469
19.0,19,90.139475
31.0,31,90.157497
11.0,11,90.162736
27.0,27,90.177737
31.0,31,90.198561
43.0,43,90.219046
14.0,14,90.229101
38.0,38,90.247075
19.0,19,90.25604
11.0,11,90.264612
25.0,25,90.2795
49.0,49,90.305967
20.0,20,90.315439
29.0,29,90.332518
43.0,43,90.352752
25.0,25,90.36787
22.0,22,90.380426
31.0,31,90.395058
50.0,50,90.422039
14.0,14,90.428681
39.0,39,90.450511
43.0,43,90.474082
47.0,47,90.498365
13.0,13,90.507897
17.0,17,90.515949
31.0,31,90.530555
44.0,44,90.554573
33.0,33,90.573427
31.0,31,90.590258
47.0,47,90.615741
15.0,15,90.622869
60.0,60,90.654454
38.0,38,90.675648
22.0,22,90.688313
24.0,24,90.699633
32.0,32,90.718085
41.0,41,90.737401
38.0,38,90.758607
14.0,14,90.765234
60.0,60,90.798962
24.0,24,90.813687
59.0,59,90.844748
32.0,32,90.859876
38.0,38,90.881074
24.0,24,90.89453
25.0,25,90.906296
20.0,20,90.919179
20.0,20,90.928623
16.0,16,90.936172
32.0,32,91.186959
21.0,21,91.199342
20.0,20,91.208852
19.0,19,91.221256
41.0,41,91.240606
13.0,13,91.250085
32.0,32,91.265258
76.0,76,91.306518
29.0,29,91.323543
24.0,24,91.334866
69.0,69,91.370719
17.0,17,91.378765
16.0,16,91.389715
15.0,15,91.399453
11.0,11,91.404719
49.0,49,91.431244
32.0,32,91.446325
71.0,71,91.483078
13.0,13,91.492579
24.0,24,91.506119
41.0,41,91.528818
27.0,27,91.54157
22.0,22,91.55196
58.0,58,91.582595
22.0,22,91.596315
31.0,31,91.613584
18.0,18,91.622103
28.0,28,91.638743
44.0,44,91.662826
14.0,14,91.669503
19.0,19,91.678482
14.0,14,91.68512
38.0,38,91.708523
19.0,19,91.717498
25.0,25,91.732594
61.0,61,91.764638
22.0,22,91.775065
20.0,20,91.784522
64.0,64,91.820202
19.0,19,91.829194
24.0,24,91.843887
14.0,14,91.850513
16.0,16,91.85807
65.0,65,91.892006
33.0,33,91.913094
23.0,23,91.923994
30.0,30,91.941623
21.0,21,91.951569
36.0,36,91.97194
44.0,44,91.992709
28.0,28,92.011834
46.0,46,92.037393
19.0,19,92.05252
18.0,18,92.062382
24.0,24,92.075487
57.0,57,92.1105
14.0,14,92.120223
44.0,44,92.148105
15.0,15,92.156282
16.0,16,92.168935
41.0,41,92.191206
20.0,20,92.206062
37.0,37,92.228313
23.0,23,92.244789
16.0,16,92.253591
34.0,34,92.272126
33.0,33,92.295247
12.0,12,92.302092
35.0,35,92.328602
21.0,21,92.341491
26.0,26,92.353727
24.0,24,92.368466
24.0,24,92.379765
28.0,28,92.392937
15.0,15,92.403405
75.0,75,92.445393
15.0,15,92.452692
12.0,12,92.458522
96.0,96,92.511785
23.0,23,92.525179
12.0,12,92.531051
28.0,28,92.547763
33.0,33,92.563312
24.0,24,92.57797
19.0,19,92.58696
18.0,18,92.595676
18.0,18,92.607855
64.0,64,92.644511
19.0,19,92.653823
18.0,18,92.662621
23.0,23,92.673826
19.0,19,92.686518
33.0,33,92.702564
22.0,22,92.716746
38.0,38,92.737421
23.0,23,92.752048
24.0,24,92.763723
60.0,60,92.796075
33.0,33,92.812093
14.0,14,92.822342
22.0,22,92.835264
92.0,92,92.883371
57.0,57,92.914437
18.0,18,92.926605
13.0,13,92.935188
35.0,35,92.952177
25.0,25,92.967758
16.0,16,92.975576
27.0,27,92.988684
53.0,53,93.017792
13.0,13,93.024146
13.0,13,93.03645
73.0,73,93.074111
26.0,26,93.086357
43.0,43,93.109938
40.0,40,93.128736
25.0,25,93.146068
31.0,31,93.160698
30.0,30,93.181899
49.0,49,93.209079
38.0,38,93.227583
94.0,94,93.282517
33.0,33,93.298504
11.0,11,93.303892
35.0,35,93.324331
42.0,42,93.350028
23.0,23,93.360982
77.0,77,93.400547
31.0,31,93.418541
55.0,55,93.447152
63.0,63,93.48024
24.0,24,93.494898
26.0,26,93.507136
45.0,45,93.53164
64.0,64,93.567356
21.0,21,93.57728
39.0,39,93.598976
49.0,49,93.625526
38.0,38,93.643613
11.0,11,93.651211
28.0,28,93.668312
37.0,37,93.68631
95.0,95,93.739286
82.0,82,93.784625
32.0,32,93.803405
43.0,43,93.82372
34.0,34,93.843112
66.0,66,93.880248
40.0,40,93.903028
44.0,44,93.924518
21.0,21,94.143275
17.0,17,94.151371
24.0,24,94.165335
24.0,24,94.179991
14.0,14,94.186627
45.0,45,94.207793
27.0,27,94.223911
18.0,18,94.232451
31.0,31,94.250448
28.0,28,94.266588
60.0,60,94.299191
35.0,35,94.31978
16.0,16,94.327618
21.0,21,94.337849
16.0,16,94.345656
40.0,40,94.370741
16.0,16,94.378587
22.0,22,94.392607
9.0,9,94.396896
29.0,29,94.410583
22.0,22,94.42433
18.0,18,94.432875
29.0,29,94.44654
60.0,60,94.480345
27.0,27,94.496454
14.0,14,94.503097
17.0,17,94.511169
72.0,72,94.54841
20.0,20,94.561175
25.0,25,94.575223
23.0,23,94.586128
17.0,17,94.597528
30.0,30,94.611692
24.0,24,94.62312
36.0,36,94.643579
19.0,19,94.65289
15.0,15,94.663593
51.0,51,94.69059
19.0,19,94.703076
17.0,17,94.711119
44.0,44,94.735207
87.0,87,94.781682
11.0,11,94.786917
26.0,26,94.802503
65.0,65,94.836523
11.0,11,94.841763
25.0,25,94.85358
25.0,25,94.865355
72.0,72,94.909163
24.0,24,94.920871
46.0,46,94.946483
33.0,33,94.962498
27.0,27,94.981031
27.0,27,94.993749
20.0,20,95.003178
31.0,31,95.021132
19.0,19,95.030105
30.0,30,95.047527
14.0,14,95.054179
17.0,17,95.062201
17.0,17,95.070261
12.0,12,95.081455
66.0,66,95.116052
21.0,21,95.126009
35.0,35,95.142505
17.0,17,95.153863
47.0,47,95.17596
15.0,15,95.188613
95.0,95,95.236616
30.0,30,95.254048
20.0,20,95.263488
30.0,30,95.278059
20.0,20,95.293054
12.0,12,95.298748
21.0,21,95.308699
11.0,11,95.31391
64.0,64,95.347452
63.0,63,95.380419
13.0,13,95.392121
37.0,37,95.409548
13.0,13,95.415715
43.0,43,95.439328
22.0,22,95.449744
27.0,27,95.465827
39.0,39,95.484191
17.0,17,95.499384
14.0,14,95.506119
49.0,49,95.532825
18.0,18,95.541347
66.0,66,95.575712
19.0,19,95.584699
32.0,32,95.605219
27.0,27,95.617961
31.0,31,95.635921
24.0,24,95.64723
21.0,21,95.657139
14.0,14,95.667066
42.0,42,95.686814
22.0,22,95.702592
31.0,31,95.717185
20.0,20,95.726649
23.0,23,95.740825
48.0,48,95.767483
33.0,33,95.783626
56.0,56,95.815786
18.0,18,95.824387
24.0,24,95.839035
34.0,34,95.855042
111.0,111,95.916392
40.0,40,95.935972
20.0,20,95.949174
24.0,24,95.960933
75.0,75,96.00304
40.0,40,96.026048
23.0,23,96.037333
16.0,16,96.048586
22.0,22,96.059393
26.0,26,96.07214
14.0,14,96.082315
34.0,34,96.098336
30.0,30,96.117854
27.0,27,96.130605
40.0,40,96.152633
16.0,16,96.1602
36.0,36,96.177126
84.0,84,96.225292
45.0,45,96.246573
23.0,23,96.260813
17.0,17,96.26885
26.0,26,96.281115
21.0,21,96.294363
15.0,15,96.30148
41.0,41,96.326214
42.0,42,96.346046
26.0,26,96.361606
46.0,46,96.383834
14.0,14,96.394097
11.0,11,96.399512
15.0,15,96.408964
78.0,78,96.450483
16.0,16,96.461641
48.0,48,96.484995
26.0,26,96.500817
58.0,58,96.534276
16.0,16,96.541854
13.0,13,96.548022
21.0,21,96.557938
37.0,37,96.578682
10.0,10,96.58356
57.0,57,96.61685
11.0,11,96.622307
38.0,38,96.644322
28.0,28,96.657973
8.0,8,96.661925
31.0,31,96.680533
22.0,22,96.691324
40.0,40,96.716339
27.0,27,96.729614
19.0,19,96.74233
58.0,58,96.770886
23.0,23,96.78559
71.0,71,96.825694
18.0,18,96.834475
12.0,12,96.840403
25.0,25,97.080791
62.0,62,97.114625
14.0,14,97.123611
27.0,27,97.136779
18.0,18,97.14882
42.0,42,97.168689
32.0,32,97.187149
46.0,46,97.212821
25.0,25,97.227041
22.0,22,97.237778
42.0,42,97.261244
30.0,30,97.275373
22.0,22,97.289074
19.0,19,97.298066
21.0,21,97.307974
38.0,38,97.331432
30.0,30,97.34614
34.0,34,97.366161
61.0,61,97.399205
15.0,15,97.40652
10.0,10,97.411404
57.0,57,97.444572
30.0,30,97.462599
42.0,42,97.48304
72.0,72,97.520457
18.0,18,97.534441
38.0,38,97.552952
64.0,64,97.587471
31.0,31,97.605949
15.0,15,97.613245
40.0,40,97.638107
60.0,60,97.67074
24.0,24,97.682463
21.0,21,97.692669
23.0,23,97.707068
45.0,45,97.728243
25.0,25,97.746003
23.0,23,97.757244
43.0,43,97.781513
35.0,35,97.798612
20.0,20,97.811697
16.0,16,97.819521
29.0,29,97.833559
20.0,20,97.848808
18.0,18,97.857697
21.0,21,97.867925
16.0,16,97.875759
10.0,10,97.883883
71.0,71,97.920645
19.0,19,97.929626
12.0,12,97.935305
25.0,25,97.95277
48.0,48,97.975925
20.0,20,97.98909
43.0,43,98.009936
13.0,13,98.019607
25.0,25,98.031726
24.0,24,98.045495
20.0,20,98.05869
15.0,15,98.066026
18.0,18,98.074831
24.0,24,98.089752
23.0,23,98.100638
36.0,36,98.117575
10.0,10,98.125654
34.0,34,98.141732
25.0,25,98.159419
38.0,38,98.177912
20.0,20,98.187652
34.0,34,98.207564
23.0,23,98.218717
11.0,11,98.227413
17.0,17,98.235762
27.0,27,98.251021
50.0,50,98.27883
9.0,9,98.28325
31.0,31,98.301574
56.0,56,98.327954
20.0,20,98.340701
19.0,19,98.35176
43.0,43,98.376086
21.0,21,98.386021
29.0,29,98.403511
24.0,24,98.415198
53.0,53,98.44432
40.0,40,98.46597
21.0,21,98.479722
19.0,19,98.489769
14.0,14,98.499692
25.0,25,98.523549
58.0,58,98.573747
38.0,38,98.600041
13.0,13,98.606488
22.0,22,98.621368
24.0,24,98.633166
61.0,61,98.668963
22.0,22,98.6797
15.0,15,98.690537
20.0,20,98.700299
28.0,28,98.713954
20.0,20,98.726924
80.0,80,98.77026
25.0,25,98.782146
21.0,21,98.795693
53.0,53,98.82165
9.0,9,98.82981
64.0,64,98.874538
51.0,51,98.899426
33.0,33,98.91903
13.0,13,98.925382
14.0,14,98.932216
37.0,37,98.953597
24.0,24,98.967469
18.0,18,98.979589
11.0,11,98.984885
24.0,24,98.996243
32.0,32,99.014643
54.0,54,99.04008
36.0,36,99.060434
36.0,36,99.082848
83.0,83,99.126079
30.0,30,99.140783
29.0,29,99.15837
46.0,46,99.183116
115.0,115,99.246186
31.0,31,99.264456
15.0,15,99.273829
14.0,14,99.280802
47.0,47,99.307341
31.0,31,99.322564
57.0,57,99.352913
81.0,81,99.400234
32.0,32,99.415949
27.0,27,99.432533
18.0,18,99.441096
78.0,78,99.483221
52.0,52,99.511132
19.0,19,99.520161
16.0,16,99.527727
23.0,23,99.541912
19.0,19,99.550902
18.0,18,99.559422
17.0,17,99.570789
20.0,20,99.58237
57.0,57,99.613483
29.0,29,99.62768
15.0,15,99.635064
13.0,13,99.644879
21.0,21,99.655199
24.0,24,99.666981
43.0,43,99.693498
19.0,19,99.70284
18.0,18,99.714921
16.0,16,99.722547
21.0,21,99.732453
27.0,27,99.748651
17.0,17,99.757005
89.0,89,99.805861
27.0,27,99.822508
18.0,18,99.831356
30.0,30,99.846038
57.0,57,100.100132
25.0,25,100.116064
12.0,12,100.12177
60.0,60,100.153522
11.0,11,100.15875
33.0,33,100.177601
17.0,17,100.185658
23.0,23,100.199002
29.0,29,100.216739
33.0,33,100.232879
40.0,40,100.255894
19.0,19,100.265205
63.0,63,100.30076
16.0,16,100.308519
13.0,13,100.314952
11.0,11,100.323813
34.0,34,100.340523
39.0,39,100.363009
89.0,89,100.411943
16.0,16,100.419815
22.0,22,100.434062
21.0,21,100.444385
21.0,21,100.454646
73.0,73,100.498937
16.0,16,100.506555
30.0,30,100.520752
22.0,22,100.534484
45.0,45,100.555703
33.0,33,100.574591
51.0,51,100.605074
15.0,15,100.612493
32.0,32,100.628233
20.0,20,100.641514
26.0,26,100.654226
53.0,53,100.685338
42.0,42,100.723847
30.0,30,100.745336
16.0,16,100.757191
32.0,32,100.78632
27.0,27,100.803048
9.0,9,100.8076
23.0,23,100.823037
25.0,25,100.835373
19.0,19,100.844716
84.0,84,100.89551
28.0,28,100.9111
27.0,27,100.927831
18.0,18,100.936688
12.0,12,100.942596
11.0,11,100.948011
41.0,41,100.971629
65.0,65,101.008854
67.0,67,101.045637
25.0,25,101.057851
36.0,36,101.078913
24.0,24,101.090674
21.0,21,101.104364
14.0,14,101.113394
28.0,28,101.127508
29.0,29,101.144999
26.0,26,101.157248
33.0,33,101.176147
26.0,26,101.188433
24.0,24,101.199754
18.0,18,101.21368
12.0,12,101.219402
45.0,45,101.244454
45.0,45,101.266486
55.0,55,101.296754
21.0,21,101.307175
15.0,15,101.319798
24.0,24,101.331139
51.0,51,101.359488
21.0,21,101.369829
37.0,37,101.391263
43.0,43,101.412275
26.0,26,101.430069
35.0,35,101.447121
33.0,33,101.466692
21.0,21,101.477004
23.0,23,101.491665
30.0,30,101.506902
41.0,41,101.532756
28.0,28,101.546668
17.0,17,101.554991
43.0,43,101.579024
30.0,30,101.597031
51.0,51,101.624016
19.0,19,101.636757
35.0,35,101.653968
23.0,23,101.668658
63.0,63,101.702787
37.0,37,101.720819
30.0,30,101.741003
13.0,13,101.747441
19.0,19,101.756773
16.0,16,101.764635
40.0,40,101.78756
29.0,29,101.80169
43.0,43,101.827409
22.0,22,101.837806
35.0,35,101.858235
15.0,15,101.865592
34.0,34,101.885609
24.0,24,101.897343
13.0,13,101.903707
34.0,34,101.923696
21.0,21,101.936278
18.0,18,101.945268
25.0,25,101.961261
49.0,49,101.988526
22.0,22,101.999311
25.0,25,102.012162
14.0,14,102.02417
28.0,28,102.04043
14.0,14,102.047255
22.0,22,102.061575
15.0,15,102.068926
20.0,20,102.078772
18.0,18,102.087634
31.0,31,102.106218
26.0,26,102.118892
60.0,60,102.153716
10.0,10,102.158649
19.0,19,102.171363
16.0,16,102.179183
27.0,27,102.192385
34.0,34,102.212419
14.0,14,102.219305
27.0,27,102.23786
18.0,18,102.246375
27.0,27,102.259271
27.0,27,102.275429
33.0,33,102.290992
33.0,33,102.309822
19.0,19,102.318789
57.0,57,102.351071
17.0,17,102.359144
32.0,32,102.377559
20.0,20,102.387011
20.0,20,102.396426
36.0,36,102.41667
15.0,15,102.423758
24.0,24,102.435054
28.0,28,102.45366
22.0,22,102.464057
17.0,17,102.472075
32.0,32,102.490514
21.0,21,102.500465
17.0,17,102.511798
19.0,19,102.520812
10.0,10,102.525562
64.0,64,102.561107
21.0,21,102.571038
22.0,22,102.584779
28.0,28,102.597959
17.0,17,102.605979
21.0,21,102.619185
20.0,20,102.628655
51.0,51,102.658137
63.0,63,102.691369
38.0,38,102.709204
26.0,26,102.724781
20.0,20,102.734202
19.0,19,102.743154
16.0,16,102.75632
40.0,40,102.77525
23.0,23,102.789497
26.0,26,102.801746
15.0,15,102.808854
35.0,35,102.828699
23.0,23,102.839551
17.0,17,102.84759
31.0,31,103.131275
21.0,21,103.141382
26.0,26,103.159451
41.0,41,103.178811
55.0,55,103.208114
23.0,23,103.222304
50.0,50,103.245895
52.0,52,103.275809
50.0,50,103.30349
26.0,26,103.316203
40.0,40,103.339049
19.0,19,103.348373
44.0,44,103.374753
24.0,24,103.386188
28.0,28,103.402949
32.0,32,103.418026
38.0,38,103.439224
16.0,16,103.446835
32.0,32,103.467719
26.0,26,103.480837
54.0,54,103.510676
19.0,19,103.519974
22.0,22,103.534133
16.0,16,103.541994
21.0,21,103.552261
30.0,30,103.572238
75.0,75,103.611768
41.0,41,103.632063
40.0,40,103.655129
39.0,39,103.680064
24.0,24,103.692015
47.0,47,103.718587
12.0,12,103.724473
41.0,41,103.747957
20.0,20,103.757715
23.0,23,103.771489
26.0,26,103.787793
28.0,28,103.801576
13.0,13,103.807932
47.0,47,103.83494
36.0,36,103.863516
41.0,41,103.88677
52.0,52,103.916352
42.0,42,103.940276
27.0,27,103.953772
35.0,35,103.976919
32.0,32,103.992778
16.0,16,104.000633
18.0,18,104.012802
11.0,11,104.018037
39.0,39,104.036403
56.0,56,104.066139
33.0,33,104.087127
19.0,19,104.096171
41.0,41,104.119
21.0,21,104.128934
34.0,34,104.148269
28.0,28,104.161545
86.0,86,104.207908
15.0,15,104.218466
19.0,19,104.227471
17.0,17,104.235516
16.0,16,104.243098
34.0,34,104.262474
20.0,20,104.271928
32.0,32,104.292545
30.0,30,104.306816
15.0,15,104.317261
16.0,16,104.324888
36.0,36,104.341865
39.0,39,104.363594
33.0,33,104.379147
17.0,17,104.392771
22.0,22,104.403313
57.0,57,104.433684
24.0,24,104.445025
15.0,15,104.455436
12.0,12,104.46117
70.0,70,104.499735
68.0,68,104.535242
39.0,39,104.556941
28.0,28,104.570255
56.0,56,104.602376
23.0,23,104.61343
20.0,20,104.62299
22.0,22,104.636769
17.0,17,104.644817
19.0,19,104.653789
17.0,17,104.668435
28.0,28,104.681785
40.0,40,104.706277
12.0,12,104.711975
60.0,60,104.743659
21.0,21,104.753882
19.0,19,104.762946
54.0,54,104.794566
48.0,48,104.821823
33.0,33,104.841715
13.0,13,104.848255
43.0,43,104.869687
23.0,23,104.88515
15.0,15,104.892497
48.0,48,104.921854
30.0,30,104.93645
28.0,28,104.953606
30.0,30,104.968531
12.0,12,104.974544
94.0,94,105.030737
32.0,32,105.052121
34.0,34,105.082603
23.0,23,105.101691
10.0,10,105.109184
45.0,45,105.146666
43.0,43,105.171926
56.0,56,105.205539
50.0,50,105.230412
47.0,47,105.256896
26.0,26,105.273048
45.0,45,105.295061
50.0,50,105.325417
16.0,16,105.333455
106.0,106,105.393229
27.0,27,105.408946
22.0,22,105.423524
18.0,18,105.432541
25.0,25,105.444979
40.0,40,105.46845
35.0,35,105.489393
14.0,14,105.496423
16.0,16,105.504433
35.0,35,105.527697
42.0,42,105.548705
15.0,15,105.556243
25.0,25,105.572229
30.0,30,105.587198
15.0,15,105.598102
43.0,43,105.621267
57.0,57,105.652516
22.0,22,105.663291
10.0,10,105.671708
70.0,70,105.709649
36.0,36,105.729043
19.0,19,105.741532
10.0,10,105.746378
19.0,19,105.755686
26.0,26,105.768367
29.0,29,105.785909
91.0,91,105.835735
39.0,39,105.858539
32.0,32,105.874516
35.0,35,105.895434
20.0,20,105.905447
16.0,16,105.916893
16.0,16,105.927132
27.0,27,106.125601
16.0,16,106.133343
37.0,37,106.154394
26.0,26,106.166703
119.0,119,106.231389
24.0,24,106.246056
26.0,26,106.258327
31.0,31,106.276235
106.0,106,106.332278
22.0,22,106.34623
20.0,20,106.355856
35.0,35,106.372618
17.0,17,106.384163
27.0,27,106.39713
33.0,33,106.416298
38.0,38,106.43661
21.0,21,106.450138
18.0,18,106.458793
40.0,40,106.477866
15.0,15,106.488436
19.0,19,106.497572
14.0,14,106.504346
19.0,19,106.513457
19.0,19,106.525933
21.0,21,106.538156
16.0,16,106.545856
25.0,25,106.561251
67.0,67,106.596494
24.0,24,106.607859
38.0,38,106.629122
29.0,29,106.644943
20.0,20,106.657754
53.0,53,106.682772
19.0,19,106.695189
43.0,43,106.715762
47.0,47,106.743716
65.0,65,106.778299
12.0,12,106.78409
48.0,48,106.810241
19.0,19,106.819235
26.0,26,106.834841
21.0,21,106.846837
35.0,35,106.866669
16.0,16,106.874263
30.0,30,106.888397
18.0,18,106.900316
38.0,38,106.918464
46.0,46,106.94596
50.0,50,106.973301
16.0,16,106.981016
19.0,19,106.989998
38.0,38,107.01133
49.0,49,107.040181
44.0,44,107.063917
29.0,29,107.081766
41.0,41,107.102076
9.0,9,107.110066
86.0,86,107.157504
54.0,54,107.186659
32.0,32,107.201929
19.0,19,107.214381
37.0,37,107.23208
76.0,76,107.274864
28.0,28,107.291981
98.0,98,107.342167
28.0,28,107.36095
16.0,16,107.368653
54.0,54,107.397778
43.0,43,107.41836
21.0,21,107.431784
41.0,41,107.453573
17.0,17,107.465602
88.0,88,107.51286
30.0,30,107.531168
18.0,18,107.539835
25.0,25,107.553684
41.0,41,107.576695
12.0,12,107.582472
9.0,9,107.586813
22.0,22,107.600676
43.0,43,107.621239
21.0,21,107.634577
21.0,21,107.644548
19.0,19,107.653517
48.0,48,107.681378
63.0,63,107.714379
20.0,20,107.723828
50.0,50,107.751057
21.0,21,107.763072
14.0,14,107.773202
11.0,11,107.778539
18.0,18,107.787182
17.0,17,107.795335
21.0,21,107.808774
15.0,15,107.816006
44.0,44,107.83704
19.0,19,107.849484
41.0,41,107.87102
27.0,27,107.887335
29.0,29,107.901207
51.0,51,107.928928
29.0,29,107.946106
26.0,26,107.958591
19.0,19,107.969629
41.0,41,107.993139
13.0,13,107.999505
28.0,28,108.016337
63.0,63,108.049304
19.0,19,108.058352
35.0,35,108.07673
22.0,22,108.090564
82.0,82,108.133031
20.0,20,108.14263
25.0,25,108.157968
27.0,27,108.172851
24.0,24,108.184334
32.0,32,108.20301
66.0,66,108.237904
40.0,40,108.26013
49.0,49,108.285796
18.0,18,108.298021
25.0,25,108.310218
23.0,23,108.321439
17.0,17,108.332965
18.0,18,108.341585
15.0,15,108.34878
24.0,24,108.363597
46.0,46,108.38835
16.0,16,108.402741
31.0,31,108.417624
28.0,28,108.430884
19.0,19,108.443225
64.0,64,108.478516
30.0,30,108.492655
26.0,26,108.508252
21.0,21,108.51818
71.0,71,108.554943
16.0,16,108.562529
19.0,19,108.576889
28.0,28,108.590568
15.0,15,108.597918
68.0,68,108.633869
47.0,47,108.659707
34.0,34,108.68127
21.0,21,108.691353
110.0,110,108.750244
25.0,25,108.762045
15.0,15,108.769159
43.0,43,108.795549
27.0,27,108.808959
47.0,47,109.054727
27.0,27,109.071962
19.0,19,109.083125
19.0,19,109.092494
68.0,68,109.129347
18.0,18,109.138165
26.0,26,109.154269
26.0,26,109.166933
44.0,44,109.193885
34.0,34,109.214256
37.0,37,109.23273
21.0,21,109.243223
19.0,19,109.255852
33.0,33,109.271652
26.0,26,109.289389
18.0,18,109.298036
28.0,28,109.311426
22.0,22,109.325396
32.0,32,109.340645
27.0,27,109.356726
14.0,14,109.363364
29.0,29,109.377043
91.0,91,109.428372
10.0,10,109.433128
61.0,61,109.465313
38.0,38,109.483507
12.0,12,109.494913
32.0,32,109.510805
29.0,29,109.528695
12.0,12,109.534701
19.0,19,109.544207
71.0,71,109.581572
20.0,20,109.59292
15.0,15,109.603686
35.0,35,109.6207
64.0,64,109.655619
30.0,30,109.673975
14.0,14,109.680939
22.0,22,109.691826
13.0,13,109.700245
45.0,45,109.726026
20.0,20,109.739365
19.0,19,109.749044
47.0,47,109.775581
17.0,17,109.78376
33.0,33,109.801473
18.0,18,109.813524
15.0,15,109.820734
35.0,35,109.837433
20.0,20,109.850402
20.0,20,109.859995
31.0,31,109.874982
27.0,27,109.892077
11.0,11,109.899364
62.0,62,109.932777
27.0,27,109.94589
21.0,21,109.959518
46.0,46,109.985185
27.0,27,110.000125
64.0,64,110.034089
41.0,41,110.057085
12.0,12,110.062875
15.0,15,110.070088
30.0,30,110.084424
44.0,44,110.111316
15.0,15,110.118817
32.0,32,110.13818
19.0,19,110.14766
20.0,20,110.161038
72.0,72,110.200156
56.0,56,110.233312
24.0,24,110.245324
91.0,91,110.293754
48.0,48,110.322934
68.0,68,110.360121
29.0,29,110.377898
42.0,42,110.39872
14.0,14,110.405698
9.0,9,110.415472
18.0,18,110.424273
24.0,24,110.435955
40.0,40,110.458544
13.0,13,110.464797
23.0,23,110.475783
33.0,33,110.494883
12.0,12,110.50064
16.0,16,110.5102
12.0,12,110.519367
17.0,17,110.527534
45.0,45,110.552394
19.0,19,110.561511
29.0,29,110.57538
22.0,22,110.58925
31.0,31,110.604063
40.0,40,110.628483
23.0,23,110.63949
15.0,15,110.646682
63.0,63,110.680005
51.0,51,110.707639
14.0,14,110.7163
19.0,19,110.728819
22.0,22,110.73938
15.0,15,110.746682
49.0,49,110.773709
29.0,29,110.787378
22.0,22,110.801148
21.0,21,110.81106
18.0,18,110.821661
22.0,22,110.835499
81.0,81,110.877199
86.0,86,110.923014
21.0,21,110.936476
32.0,32,110.951771
68.0,68,110.987574
21.0,21,111.00097
25.0,25,111.012952
22.0,22,111.025399
38.0,38,111.046959
65.0,65,111.081311
30.0,30,111.095637
21.0,21,111.109043
29.0,29,111.12498
15.0,15,111.132164
26.0,26,111.148432
41.0,41,111.170369
14.0,14,111.181588
37.0,37,111.19898
20.0,20,111.211946
33.0,33,111.230276
54.0,54,111.25955
22.0,22,111.270058
88.0,88,111.318565
39.0,39,111.339311
35.0,35,111.359429
51.0,51,111.387112
23.0,23,111.398141
23.0,23,111.409153
56.0,56,111.441368
16.0,16,111.449023
24.0,24,111.463835
12.0,12,111.469527
18.0,18,111.478003
30.0,30,111.495466
25.0,25,111.507235
32.0,32,111.525583
14.0,14,111.534304
35.0,35,111.551336
58.0,58,111.596498
15.0,15,111.612868
44.0,44,111.647614
25.0,25,111.670354
18.0,18,111.679295
37.0,37,111.697524
24.0,24,111.713138
18.0,18,111.722152
18.0,18,111.731166
37.0,37,111.755297
20.0,20,111.765344
15.0,15,111.776338
24.0,24,111.788361
43.0,43,111.813156
23.0,23,111.824185
10.0,10,111.82899
56.0,56,112.14773
36.0,36,112.168911
14.0,14,112.175832
16.0,16,112.183673
50.0,50,112.21138
20.0,20,112.221082
17.0,17,112.229323
28.0,28,112.248612
49.0,49,112.276343
16.0,16,112.283973
29.0,29,112.297653
57.0,57,112.327944
21.0,21,112.337974
24.0,24,112.355371
14.0,14,112.362377
33.0,33,112.382221
12.0,12,112.38808
22.0,22,112.398804
23.0,23,112.410001
24.0,24,112.425036
26.0,26,112.437606
35.0,35,112.465503
23.0,23,112.477403
49.0,49,112.504141
66.0,66,112.542645
34.0,34,112.562852
34.0,34,112.583724
34.0,34,112.603294
85.0,85,112.647607
40.0,40,112.673133
17.0,17,112.681591
43.0,43,112.702649
69.0,69,112.743049
67.0,67,112.781096
66.0,66,112.816722
23.0,23,112.828212
17.0,17,112.836692
117.0,117,112.903273
78.0,78,112.943272
24.0,24,112.957939
23.0,23,112.971232
14.0,14,112.978259
32.0,32,112.997699
27.0,27,113.010866
44.0,44,113.035736
17.0,17,113.044106
44.0,44,113.071776
28.0,28,113.085831
35.0,35,113.106655
36.0,36,113.124213
10.0,10,113.129174
14.0,14,113.139468
34.0,34,113.156106
35.0,35,113.179258
18.0,18,113.188317
10.0,10,113.19338
22.0,22,113.207843
27.0,27,113.221024
21.0,21,113.231241
33.0,33,113.250359
25.0,25,113.262133
16.0,16,113.271925
27.0,27,113.288974
16.0,16,113.29701
33.0,33,113.31714
24.0,24,113.329127
24.0,24,113.341113
43.0,43,113.365625
11.0,11,113.373268
19.0,19,113.386245
15.0,15,113.393632
35.0,35,113.410621
20.0,20,113.423758
34.0,34,113.440258
58.0,58,113.471178
23.0,23,113.484825
35.0,35,113.505752
37.0,37,113.527574
21.0,21,113.538009
54.0,54,113.568158
18.0,18,113.579316
10.0,10,113.584386
32.0,32,113.603713
14.0,14,113.610536
55.0,55,113.640573
62.0,62,113.673877
19.0,19,113.685405
13.0,13,113.691908
42.0,42,113.715991
14.0,14,113.722807
23.0,23,113.73445
22.0,22,113.749358
33.0,33,113.772866
13.0,13,113.790562
28.0,28,113.81082
44.0,44,113.849221
56.0,56,113.887105
19.0,19,113.896668
42.0,42,113.917448
36.0,36,113.938437
26.0,26,113.951077
43.0,43,113.975908
54.0,54,114.008374
17.0,17,114.016846
18.0,18,114.029218
24.0,24,114.040764
20.0,20,114.050354
32.0,32,114.069016
27.0,27,114.08193
36.0,36,114.104439
57.0,57,114.134567
15.0,15,114.141683
64.0,64,114.175235
30.0,30,114.191689
58.0,58,114.222782
24.0,24,114.237682
42.0,42,114.257773
29.0,29,114.27498
23.0,23,114.285989
39.0,39,114.310207
16.0,16,114.317914
65.0,65,114.352295
14.0,14,114.359017
33.0,33,114.378162
37.0,37,114.397992
15.0,15,114.405194
114.0,114,114.466318
16.0,16,114.474015
12.0,12,114.4832
20.0,20,114.492793
37.0,37,114.516057
32.0,32,114.531372
8.0,8,114.535227
57.0,57,114.56573
21.0,21,114.575773
33.0,33,114.594861
38.0,38,114.618544
18.0,18,114.627254
24.0,24,114.638766
42.0,42,114.66227
46.0,46,114.687616
73.0,73,114.728122
20.0,20,114.737722
41.0,41,114.760863
16.0,16,114.768571
38.0,38,114.786713
53.0,53,114.817543
47.0,47,114.843378
23.0,23,114.85438
65.0,65,114.889463
54.0,54,115.175679
29.0,29,115.194782
13.0,13,115.201321
24.0,24,115.21526
39.0,39,115.237265
27.0,27,115.250011
22.0,22,115.263764
37.0,37,115.281286
23.0,23,115.295479
16.0,16,115.303085
24.0,24,115.316525
45.0,45,115.341237
12.0,12,115.347
28.0,28,115.363751
66.0,66,115.398687
40.0,40,115.419932
55.0,55,115.449181
59.0,59,115.480304
31.0,31,115.494906
29.0,29,115.512106
35.0,35,115.530964
33.0,33,115.550134
22.0,22,115.560642
32.0,32,115.57927
32.0,32,115.594581
33.0,33,115.61372
45.0,45,115.640756
34.0,34,115.657019
43.0,43,115.680944
20.0,20,115.690493
13.0,13,115.696721
22.0,22,115.710572
12.0,12,115.716343
27.0,27,115.73141
23.0,23,115.745834
28.0,28,115.759255
19.0,19,115.76837
93.0,93,115.819519
11.0,11,115.826999
38.0,38,115.848551
14.0,14,115.855289
36.0,36,115.872437
34.0,34,115.892108
13.0,13,115.898369
15.0,15,115.905567
15.0,15,115.91617
31.0,31,115.933192
13.0,13,115.939428
40.0,40,115.961965
71.0,71,116.000488
79.0,79,116.045359
55.0,55,116.075029
84.0,84,116.117907
39.0,39,116.14169
21.0,21,116.151604
55.0,55,116.180806
20.0,20,116.190274
23.0,23,116.204606
32.0,32,116.219884
61.0,61,116.254507
33.0,33,116.276988
65.0,65,116.312006
22.0,22,116.322374
65.0,65,116.35966
19.0,19,116.369122
24.0,24,116.384303
35.0,35,116.401407
28.0,28,116.41844
15.0,15,116.425755
22.0,22,116.438565
32.0,32,116.458063
43.0,43,116.482791
26.0,26,116.495716
72.0,72,116.534851
40.0,40,116.560221
106.0,106,116.613993
38.0,38,116.635831
23.0,23,116.649519
36.0,36,116.670812
49.0,49,116.698169
28.0,28,116.711851
23.0,23,116.723103
36.0,36,116.746743
37.0,37,116.768805
44.0,44,116.7903
18.0,18,116.802628
34.0,34,116.819575
27.0,27,116.836379
56.0,56,116.866036
44.0,44,116.890574
26.0,26,116.903025
41.0,41,116.925946
65.0,65,116.963027
42.0,42,116.987149
45.0,45,117.012491
30.0,30,117.027128
54.0,54,117.061379
41.0,41,117.081479
21.0,21,117.095335
63.0,63,117.129566
18.0,18,117.13838
54.0,54,117.170836
9.0,9,117.175429
17.0,17,117.183963
30.0,30,117.202286
16.0,16,117.210151
16.0,16,117.217985
28.0,28,117.235086
29.0,29,117.249269
26.0,26,117.26793
17.0,17,117.27631
56.0,56,117.307147
27.0,27,117.320464
47.0,47,117.346877
19.0,19,117.356218
13.0,13,117.364988
22.0,22,117.379368
52.0,52,117.408245
67.0,67,117.444356
16.0,16,117.452276
22.0,22,117.465225
22.0,22,117.47937
18.0,18,117.488045
42.0,42,117.508079
19.0,19,117.520556
38.0,38,117.538706
58.0,58,117.572355
21.0,21,117.586379
19.0,19,117.595796
54.0,54,117.625588
11.0,11,117.631005
24.0,24,117.642844
50.0,50,117.673568
17.0,17,117.682112
41.0,41,117.70589
57.0,57,117.737254
32.0,32,117.752919
49.0,49,117.782832
16.0,16,117.790879
51.0,51,117.819505
101.0,101,117.878026
21.0,21,117.88859
11.0,11,117.894127
31.0,31,117.913208
22.0,22,117.924277
27.0,27,118.203251
38.0,38,118.226068
12.0,12,118.232129
15.0,15,118.239581
55.0,55,118.269997
27.0,27,118.288724
41.0,41,118.308733
19.0,19,118.321154
69.0,69,118.356894
32.0,32,118.372002
31.0,31,118.391799
48.0,48,118.417892
25.0,25,118.429868
54.0,54,118.459023
31.0,31,118.473663
43.0,43,118.499333
13.0,13,118.505567
18.0,18,118.514147
34.0,34,118.533731
72.0,72,118.571365
24.0,24,118.582812
84.0,84,118.631061
35.0,35,118.647554
67.0,67,118.68238
43.0,43,118.707761
13.0,13,118.71389
18.0,18,118.722341
31.0,31,118.740211
76.0,76,118.779194
20.0,20,118.79057
15.0,15,118.801201
37.0,37,118.818852
40.0,40,118.841405
45.0,45,118.866886
34.0,34,118.88303
17.0,17,118.893265
22.0,22,118.907324
23.0,23,118.918287
25.0,25,118.933506
16.0,16,118.941215
94.0,94,118.989512
17.0,17,119.000097
17.0,17,119.011949
11.0,11,119.017322
26.0,26,119.029937
20.0,20,119.043059
10.0,10,119.047975
71.0,71,119.086093
17.0,17,119.096733
33.0,33,119.117547
13.0,13,119.123743
28.0,28,119.136985
60.0,60,119.168629
35.0,35,119.188677
67.0,67,119.226255
26.0,26,119.238566
16.0,16,119.249449
17.0,17,119.25755
93.0,93,119.307467
27.0,27,119.323658
53.0,53,119.348613
10.0,10,119.356699
16.0,16,119.364305
36.0,36,119.381293
64.0,64,119.417779
24.0,24,119.432861
11.0,11,119.438218
53.0,53,119.466618
32.0,32,119.481732
31.0,31,119.499727
80.0,80,119.543844
12.0,12,119.549557
39.0,39,119.571248
23.0,23,119.582171
17.0,17,119.590221
28.0,28,119.609334
53.0,53,119.638853
42.0,42,119.658919
28.0,28,119.675692
51.0,51,119.703397
44.0,44,119.727087
35.0,35,119.74708
44.0,44,119.771211
19.0,19,119.780253
36.0,36,119.797216
32.0,32,119.817993
66.0,66,119.852856
23.0,23,119.86386
16.0,16,119.874893
28.0,28,119.888404
43.0,43,119.914455
33.0,33,119.930196
22.0,22,119.944013
16.0,16,119.95162
44.0,44,119.972343
18.0,18,119.984215
27.0,27,119.997
35.0,35,120.019331
30.0,30,120.034024
14.0,14,120.0409
21.0,21,120.057541
23.0,23,120.068808
26.0,26,120.084926
40.0,40,120.103805
41.0,41,120.128717
64.0,64,120.162506
26.0,26,120.174827
53.0,53,120.203237
22.0,22,120.21365
22.0,22,120.229696
24.0,24,120.241187
43.0,43,120.265121
18.0,18,120.273726
37.0,37,120.294785
17.0,17,120.304732
40.0,40,120.326925
28.0,28,120.344741
80.0,80,120.386362
34.0,34,120.405937
69.0,69,120.444428
21.0,21,120.4545
55.0,55,120.484107
67.0,67,120.519307
31.0,31,120.539658
85.0,85,120.58369
19.0,19,120.592829
30.0,30,120.610543
20.0,20,120.620162
38.0,38,120.643836
38.0,38,120.662095
8.0,8,120.665972
31.0,31,120.684278
22.0,22,120.694852
75.0,75,120.736203
17.0,17,120.74437
161.0,161,120.83123
21.0,21,120.843446
53.0,53,120.872205
15.0,15,120.87942
20.0,20,120.892396
22.0,22,120.902932
26.0,26,120.915373
74.0,74,121.202685
31.0,31,121.217353
84.0,84,121.262835
23.0,23,121.277258
22.0,22,121.28782
33.0,33,121.306992
15.0,15,121.314227
34.0,34,121.330546
27.0,27,121.348994
29.0,29,121.362881
18.0,18,121.374912
26.0,26,121.387434
74.0,74,121.426204
26.0,26,121.442045
39.0,39,121.462992
48.0,48,121.489417
11.0,11,121.49472
47.0,47,121.520573
24.0,24,121.532121
19.0,19,121.541218
54.0,54,121.572533
21.0,21,121.58599
21.0,21,121.596082
25.0,25,121.60805
36.0,36,121.628707
17.0,17,121.636889
36.0,36,121.659666
14.0,14,121.666426
15.0,15,121.673685
46.0,46,121.699044
84.0,84,121.74249
21.0,21,121.758057
23.0,23,121.769135
63.0,63,121.802631
18.0,18,121.81128
20.0,20,121.820907
50.0,50,121.848232
24.0,24,121.865301
9.0,9,121.869681
13.0,13,121.875933
24.0,24,121.887429
49.0,49,121.914203
45.0,45,121.939077
30.0,30,121.953392
19.0,19,121.968035
60.0,60,121.99996
44.0,44,122.021014
32.0,32,122.039734
45.0,45,122.063399
63.0,63,122.096893
14.0,14,122.107002
39.0,39,122.125646
26.0,26,122.141461
26.0,26,122.153881
102.0,102,122.211394
13.0,13,122.217657
25.0,25,122.229615
23.0,23,122.244018
56.0,56,122.272885
35.0,35,122.293041
21.0,21,122.303075
15.0,15,122.313633
19.0,19,122.322755
37.0,37,122.340463
54.0,54,122.371634
39.0,39,122.393682
36.0,36,122.41084
42.0,42,122.434316
24.0,24,122.449132
28.0,28,122.462592
37.0,37,122.48584
30.0,30,122.500229
32.0,32,122.515497
85.0,85,122.562814
36.0,36,122.582177
11.0,11,122.590851
20.0,20,122.60047
20.0,20,122.610034
73.0,73,122.648302
54.0,54,122.679578
49.0,49,122.70642
87.0,87,122.751313
15.0,15,122.761852
31.0,31,122.778872
20.0,20,122.788464
39.0,39,122.810559
34.0,34,122.82677
16.0,16,122.837868
32.0,32,122.853251
11.0,11,122.85858
42.0,42,122.884218
48.0,48,122.910618
50.0,50,122.937939
45.0,45,122.959519
54.0,54,122.990863
49.0,49,123.017688
25.0,25,123.029641
29.0,29,123.047077
82.0,82,123.091299
20.0,20,123.100745
68.0,68,123.136553
74.0,74,123.178458
23.0,23,123.191669
33.0,33,123.207448
46.0,46,123.232891
46.0,46,123.258297
21.0,21,123.268381
17.0,17,123.276558
26.0,26,123.294521
25.0,25,123.30652
26.0,26,123.32233
42.0,42,123.342392
23.0,23,123.356745
37.0,37,123.374413
41.0,41,123.399474
24.0,24,123.410951
39.0,39,123.432965
16.0,16,123.440677
25.0,25,123.455921
49.0,49,123.479364
63.0,63,123.514914
20.0,20,123.527896
88.0,88,123.573415
49.0,49,123.602273
14.0,14,123.608918
21.0,21,123.618856
85.0,85,123.665984
28.0,28,123.679392
38.0,38,123.70308
29.0,29,123.717049
15.0,15,123.724257
19.0,19,123.73671
68.0,68,123.775671
19.0,19,123.784805
23.0,23,123.795833
26.0,26,123.813879
30.0,30,123.828203
25.0,25,123.843582
25.0,25,123.855557
62.0,62,124.148581
69.0,69,124.185716
39.0,39,124.209986
15.0,15,124.217148
28.0,28,124.230418
66.0,66,124.265278
42.0,42,124.288821
25.0,25,124.300864
44.0,44,124.327448
43.0,43,124.351507
16.0,16,124.3592
20.0,20,124.368795
26.0,26,124.384598
29.0,29,124.398567
18.0,18,124.407229
31.0,31,124.427628
19.0,19,124.436781
37.0,37,124.457847
40.0,40,124.476927
30.0,30,124.494666
12.0,12,124.500494
77.0,77,124.542851
22.0,22,124.556757
27.0,27,124.569679
39.0,39,124.591623
22.0,22,124.602211
27.0,27,124.617276
32.0,32,124.63606
22.0,22,124.64664
21.0,21,124.660112
30.0,30,124.674488
24.0,24,124.685996
15.0,15,124.696565
13.0,13,124.702861
20.0,20,124.712459
32.0,32,124.733334
32.0,32,124.748635
23.0,23,124.762989
13.0,13,124.769273
40.0,40,124.788393
33.0,33,124.807576
57.0,57,124.840423
17.0,17,124.848593
14.0,14,124.855312
140.0,140,124.93093
48.0,48,124.957299
25.0,25,124.972625
22.0,22,124.983168
54.0,54,125.012387
18.0,18,125.021026
21.0,21,125.033283
34.0,34,125.053096
36.0,36,125.070294
37.0,37,125.091358
27.0,27,125.104285
15.0,15,125.114852
26.0,26,125.129497
43.0,43,125.153521
30.0,30,125.167856
17.0,17,125.179388
46.0,46,125.201405
47.0,47,125.227255
33.0,33,125.248634
13.0,13,125.254943
18.0,18,125.26361
62.0,62,125.296601
31.0,31,125.31147
17.0,17,125.323021
28.0,28,125.33866
22.0,22,125.349223
44.0,44,125.37367
21.0,21,125.387026
41.0,41,125.406693
42.0,42,125.430081
18.0,18,125.440925
74.0,74,125.479692
43.0,43,125.503676
23.0,23,125.514752
29.0,29,125.532014
77.0,77,125.574428
21.0,21,125.584373
18.0,18,125.596184
50.0,50,125.619817
14.0,14,125.629741
164.0,164,125.716446
52.0,52,125.746906
44.0,44,125.77155
30.0,30,125.785751
10.0,10,125.790497
17.0,17,125.798533
25.0,25,125.813776
35.0,35,125.83031
53.0,53,125.861006
52.0,52,125.889287
17.0,17,125.897468
14.0,14,125.907532
33.0,33,125.923335
22.0,22,125.93386
35.0,35,125.9561
86.0,86,126.000159
31.0,31,126.018134
19.0,19,126.02713
20.0,20,126.036601
46.0,46,126.063675
55.0,55,126.093131
28.0,28,126.106529
36.0,36,126.127105
11.0,11,126.13241
52.0,52,126.162743
28.0,28,126.176198
28.0,28,126.193002
29.0,29,126.206902
154.0,154,126.292702
59.0,59,126.324259
21.0,21,126.334382
27.0,27,126.347299
13.0,13,126.359114
15.0,15,126.366371
12.0,12,126.372164
12.0,12,126.377979
12.0,12,126.383758
24.0,24,126.398515
16.0,16,126.406103
17.0,17,126.414177
83.0,83,126.461962
104.0,104,126.51459
43.0,43,126.53855
36.0,36,126.555712
36.0,36,126.578476
39.0,39,126.600457
27.0,27,126.613406
15.0,15,126.620637
31.0,31,126.638853
16.0,16,126.646543
35.0,35,126.668761
21.0,21,126.678855
44.0,44,126.703245
15.0,15,126.710487
16.0,16,126.718176
41.0,41,126.741164
83.0,83,126.786362
9.0,9,126.790704
36.0,36,126.811299
25.0,25,126.823318
29.0,29,126.840525
14.0,14,126.847302
21.0,21,127.088597
48.0,48,127.115375
22.0,22,127.125796
30.0,30,127.143357
52.0,52,127.167943
36.0,36,127.190287
16.0,16,127.197908
73.0,73,127.235853
26.0,26,127.251696
25.0,25,127.263651
28.0,28,127.282546
28.0,28,127.29597
63.0,63,127.329365
31.0,31,127.347515
10.0,10,127.352394
138.0,138,127.427059
42.0,42,127.447139
21.0,21,127.460589
97.0,97,127.512516
52.0,52,127.540678
37.0,37,127.561776
32.0,32,127.577075
44.0,44,127.603649
45.0,45,127.628515
14.0,14,127.635242
45.0,45,127.660148
25.0,25,127.672171
23.0,23,127.685311
223.0,223,127.81112
20.0,20,127.820751
25.0,25,127.832759
108.0,108,127.893225
16.0,16,127.900961
23.0,23,127.915387
28.0,28,127.928823
11.0,11,127.934122
10.0,10,127.942265
14.0,14,127.94904
32.0,32,127.9644
44.0,44,127.991
20.0,20,128.00064
22.0,22,128.014631
15.0,15,128.021856
16.0,16,128.029536
13.0,13,128.035778
63.0,63,128.069287
32.0,32,128.087915
53.0,53,128.118832
23.0,23,128.129887
22.0,22,128.140427
39.0,39,128.16243
26.0,26,128.174892
60.0,60,128.20904
26.0,26,128.224869
32.0,32,128.239969
18.0,18,128.248487
71.0,71,128.288562
23.0,23,128.301697
30.0,30,128.316108
47.0,47,128.341968
31.0,31,128.360225
50.0,50,128.384153
49.0,49,128.413036
29.0,29,128.430322
27.0,27,128.443267
45.0,45,128.468139
17.0,17,128.476304
24.0,24,128.487801
15.0,15,128.498366
13.0,13,128.50678
50.0,50,128.534151
93.0,93,128.581981
27.0,27,128.594891
30.0,30,128.614746
23.0,23,128.625778
17.0,17,128.63733
28.0,28,128.650744
63.0,63,128.684294
27.0,27,128.697251
16.0,16,128.710377
35.0,35,128.727062
48.0,48,128.753426
20.0,20,128.763053
21.0,21,128.776495
53.0,53,128.801857
89.0,89,128.85336
43.0,43,128.873976
25.0,25,128.889566
21.0,21,128.899901
24.0,24,128.917642
59.0,59,128.946457
21.0,21,128.960189
21.0,21,128.970512
22.0,22,128.981274
150.0,150,129.066729
17.0,17,129.074901
39.0,39,129.097184
54.0,54,129.128695
33.0,33,129.144539
26.0,26,129.157022
63.0,63,129.190801
16.0,16,129.201901
20.0,20,129.211386
13.0,13,129.219677
13.0,13,129.225903
26.0,26,129.241606
23.0,23,129.252513
21.0,21,129.265747
41.0,41,129.28518
38.0,38,129.306382
25.0,25,129.320235
16.0,16,129.327833
22.0,22,129.341604
21.0,21,129.351533
17.0,17,129.359581
41.0,41,129.382338
19.0,19,129.391311
27.0,27,129.407382
81.0,81,129.451227
16.0,16,129.458902
19.0,19,129.471346
29.0,29,129.485302
27.0,27,129.498181
45.0,45,129.525159
24.0,24,129.536698
39.0,39,129.558776
25.0,25,129.570755
24.0,24,129.585624
15.0,15,129.592831
68.0,68,129.63091
50.0,50,129.658224
37.0,37,129.675882
41.0,41,129.698791
38.0,38,129.720189
44.0,44,129.743041
19.0,19,129.755515
35.0,35,129.77221
14.0,14,129.778955
43.0,43,130.113555
45.0,45,130.141082
23.0,23,130.15217
23.0,23,130.166614
44.0,44,130.1874
59.0,59,130.218546
13.0,13,130.224738
42.0,42,130.250182
48.0,48,130.276597
29.0,29,130.290483
44.0,44,130.314726
19.0,19,130.323706
22.0,22,130.337435
18.0,18,130.348089
22.0,22,130.358516
34.0,34,130.378091
64.0,64,130.412044
28.0,28,130.425437
41.0,41,130.450582
41.0,41,130.470199
12.0,12,130.479383
24.0,24,130.490891
21.0,21,130.500924
22.0,22,130.514776
31.0,31,130.529615
13.0,13,130.535855
19.0,19,130.550541
62.0,62,130.583623
59.0,59,130.615288
37.0,37,130.633071
18.0,18,130.641713
34.0,34,130.663572
27.0,27,130.676538
52.0,52,130.704759
45.0,45,130.729608
34.0,34,130.745809
29.0,29,130.765333
34.0,34,130.78164
13.0,13,130.791296
41.0,41,130.810916
16.0,16,130.818624
11.0,11,130.827273
12.0,12,130.833067
31.0,31,130.847876
27.0,27,130.866395
18.0,18,130.875104
15.0,15,130.882322
42.0,42,130.905679
17.0,17,130.913737
121.0,121,130.979908
21.0,21,130.990005
31.0,31,131.008139
32.0,32,131.023421
29.0,29,131.040656
64.0,64,131.076872
41.0,41,131.096506
16.0,16,131.107559
53.0,53,131.136421
30.0,30,131.150805
78.0,78,131.193777
47.0,47,131.219639
43.0,43,131.243509
67.0,67,131.281074
11.0,11,131.286404
23.0,23,131.297502
30.0,30,131.315197
46.0,46,131.336897
36.0,36,131.357216
22.0,22,131.369733
29.0,29,131.386939
16.0,16,131.394672
16.0,16,131.40236
39.0,39,131.424382
58.0,58,131.455422
30.0,30,131.472
13.0,13,131.478266
39.0,39,131.500352
10.0,10,131.50519
32.0,32,131.526971
27.0,27,131.539945
34.0,34,131.559563
32.0,32,131.577114
26.0,26,131.59299
76.0,76,131.632654
136.0,136,131.706593
15.0,15,131.713816
18.0,18,131.722438
15.0,15,131.733029
22.0,22,131.743601
11.0,11,131.748996
53.0,53,131.78099
12.0,12,131.786765
35.0,35,131.806931
13.0,13,131.813332
37.0,37,131.834812
56.0,56,131.862182
37.0,37,131.885536
23.0,23,131.896619
17.0,17,131.908239
62.0,62,131.944387
28.0,28,131.957664
22.0,22,131.96807
30.0,30,131.98866
54.0,54,132.017633
90.0,90,132.063361
30.0,30,132.083333
62.0,62,132.11601
32.0,32,132.131355
23.0,23,132.142237
30.0,30,132.159726
34.0,34,132.175783
32.0,32,132.196311
20.0,20,132.20583
30.0,30,132.223373
50.0,50,132.247211
17.0,17,132.258709
84.0,84,132.304462
23.0,23,132.315518
26.0,26,132.331345
30.0,30,132.345659
14.0,14,132.352378
23.0,23,132.366749
24.0,24,132.378225
42.0,42,132.403926
81.0,81,132.44589
29.0,29,132.463072
17.0,17,132.47124
29.0,29,132.485096
26.0,26,132.503166
66.0,66,132.538025
64.0,64,132.571756
18.0,18,132.580289
35.0,35,132.602278
39.0,39,132.620966
28.0,28,132.637734
49.0,49,132.661136
28.0,28,132.677947
18.0,18,132.686613
29.0,29,132.706126
46.0,46,132.728138
61.0,61,132.760608
27.0,27,132.776911
16.0,16,132.784628
28.0,28,132.800286
28.0,28,132.817209
26.0,26,133.069649
29.0,29,133.087203
45.0,45,133.110843
41.0,41,133.133716
28.0,28,133.146996
14.0,14,133.157034
27.0,27,133.170031
27.0,27,133.182929
26.0,26,133.199555
45.0,45,133.22754
18.0,18,133.236303
59.0,59,133.268893
33.0,33,133.285063
35.0,35,133.308275
31.0,31,133.323181
14.0,14,133.333851
39.0,39,133.352594
47.0,47,133.379036
22.0,22,133.389649
24.0,24,133.405257
34.0,34,133.423791
36.0,36,133.445007
45.0,45,133.466391
47.0,47,133.492717
19.0,19,133.50207
14.0,14,133.515375
38.0,38,133.534005
11.0,11,133.539376
54.0,54,133.569334
32.0,32,133.588852
33.0,33,133.60481
28.0,28,133.624901
36.0,36,133.6421
36.0,36,133.663762
30.0,30,133.678512
89.0,89,133.731304
32.0,32,133.746737
39.0,39,133.768888
17.0,17,133.777254
50.0,50,133.804613
24.0,24,133.81829
18.0,18,133.830623
13.0,13,133.836962
66.0,66,133.872639
77.0,77,133.912976
39.0,39,133.93776
100.0,100,133.989161
23.0,23,134.000493
38.0,38,134.024344
49.0,49,134.051336
20.0,20,134.060985
14.0,14,134.067745
14.0,14,134.077925
52.0,52,134.102873
17.0,17,134.114463
15.0,15,134.125679
17.0,17,134.133919
37.0,37,134.155206
17.0,17,134.1634
22.0,22,134.173972
43.0,43,134.198021
35.0,35,134.218169
20.0,20,134.230541
12.0,12,134.236505
16.0,16,134.244423
45.0,45,134.269923
15.0,15,134.27725
20.0,20,134.290349
42.0,42,134.311094
23.0,23,134.325541
52.0,52,134.352665
37.0,37,134.37392
28.0,28,134.387387
30.0,30,134.405206
42.0,42,134.428706
45.0,45,134.452513
50.0,50,134.479886
22.0,22,134.490448
65.0,65,134.524837
47.0,47,134.552883
28.0,28,134.569779
58.0,58,134.597208
9.0,9,134.604846
31.0,31,134.619517
18.0,18,134.628068
41.0,41,134.653241
35.0,35,134.67318
31.0,31,134.688056
20.0,20,134.697678
18.0,18,134.709698
24.0,24,134.721232
14.0,14,134.728028
21.0,21,134.743906
56.0,56,134.770847
15.0,15,134.781356
69.0,69,134.817543
28.0,28,134.831083
23.0,23,134.848012
13.0,13,134.854529
82.0,82,134.898009
24.0,24,134.909675
24.0,24,134.924736
67.0,67,134.962587
14.0,14,134.969322
15.0,15,134.976454
21.0,21,134.989729
43.0,43,135.010183
63.0,63,135.046727
13.0,13,135.05332
34.0,34,135.073089
40.0,40,135.095427
41.0,41,135.115425
67.0,67,135.153271
40.0,40,135.176409
18.0,18,135.18516
26.0,26,135.200973
19.0,19,135.210287
52.0,52,135.238782
29.0,29,135.255082
35.0,35,135.279271
15.0,15,135.28674
47.0,47,135.312887
15.0,15,135.320038
10.0,10,135.324816
43.0,43,135.348503
59.0,59,135.383259
52.0,52,135.410944
20.0,20,135.431125
32.0,32,135.456903
50.0,50,135.499287
102.0,102,135.563859
62.0,62,135.597238
33.0,33,135.613303
22.0,22,135.627301
29.0,29,135.641598
56.0,56,135.674541
18.0,18,135.683219
13.0,13,135.689428
27.0,27,135.705639
24.0,24,135.71702
52.0,52,135.744911
51.0,51,135.774828
16.0,16,135.782534
16.0,16,135.790211
55.0,55,135.820243
31.0,31,135.83878
80.0,80,136.102949
37.0,37,136.120812
19.0,19,136.133264
45.0,45,136.154498
27.0,27,136.172808
58.0,58,136.203601
40.0,40,136.223061
50.0,50,136.250785
36.0,36,136.273619
62.0,62,136.307196
56.0,56,136.337346
45.0,45,136.358886
29.0,29,136.378419
51.0,51,136.403502
20.0,20,136.416737
21.0,21,136.426876
66.0,66,136.461575
15.0,15,136.468695
85.0,85,136.517939
44.0,44,136.539026
38.0,38,136.560593
23.0,23,136.571595
87.0,87,136.623207
50.0,50,136.651025
42.0,42,136.671263
39.0,39,136.696006
15.0,15,136.703418
48.0,48,136.730232
15.0,15,136.737457
17.0,17,136.745634
26.0,26,136.761467
39.0,39,136.780153
23.0,23,136.797132
51.0,51,136.822129
61.0,61,136.854608
11.0,11,136.863179
18.0,18,136.871733
24.0,24,136.88307
23.0,23,136.899817
15.0,15,136.906967
37.0,37,136.924446
14.0,14,136.934421
36.0,36,136.951386
94.0,94,137.005093
24.0,24,137.016931
13.0,13,137.02336
10.0,10,137.028306
11.0,11,137.037139
17.0,17,137.045574
29.0,29,137.059796
13.0,13,137.066164
42.0,42,137.09226
90.0,90,137.142152
113.0,113,137.20151
25.0,25,137.2173
31.0,31,137.232315
23.0,23,137.246557
16.0,16,137.254188
20.0,20,137.26365
29.0,29,137.280651
32.0,32,137.297951
40.0,40,137.320845
28.0,28,137.334279
40.0,40,137.356513
10.0,10,137.361293
42.0,42,137.384429
32.0,32,137.401764
30.0,30,137.419933
28.0,28,137.433793
14.0,14,137.440721
71.0,71,137.478541
55.0,55,137.511339
44.0,44,137.536017
25.0,25,137.54815
36.0,36,137.569012
67.0,67,137.612667
27.0,27,137.632492
56.0,56,137.679074
81.0,81,137.732759
33.0,33,137.752763
18.0,18,137.761677
17.0,17,137.770075
52.0,52,137.798402
32.0,32,137.81993
54.0,54,137.84977
35.0,35,137.866588
28.0,28,137.883373
24.0,24,137.89536
30.0,30,137.912229
29.0,29,137.929605
25.0,25,137.941545
101.0,101,137.996508
18.0,18,138.005157
26.0,26,138.023488
43.0,43,138.044639
44.0,44,138.069631
28.0,28,138.083044
84.0,84,138.133561
97.0,97,138.183383
40.0,40,138.205925
54.0,54,138.237893
52.0,52,138.262398
48.0,48,138.288345
114.0,114,138.352166
21.0,21,138.362601
27.0,27,138.379066
33.0,33,138.394887
55.0,55,138.427332
39.0,39,138.450053
21.0,21,138.460398
30.0,30,138.478482
33.0,33,138.494345
25.0,25,138.506334
22.0,22,138.520282
16.0,16,138.530413
58.0,58,138.561858
16.0,16,138.569435
58.0,58,138.60003
41.0,41,138.625782
32.0,32,138.641435
30.0,30,138.659472
32.0,32,138.674829
39.0,39,138.696531
11.0,11,138.701765
59.0,59,138.735454
42.0,42,138.759081
64.0,64,138.793041
15.0,15,138.800291
53.0,53,138.832831
16.0,16,138.841005
35.0,35,139.005293
39.0,39,139.027894
20.0,20,139.039609
54.0,54,139.068619
26.0,26,139.084296
18.0,18,139.092981
33.0,33,139.108855
39.0,39,139.130983
48.0,48,139.159452
10.0,10,139.164348
27.0,27,139.177302
40.0,40,139.199842
17.0,17,139.208096
34.0,34,139.230873
33.0,33,139.248957
60.0,60,139.280683
40.0,40,139.302882
25.0,25,139.314902
23.0,23,139.329314
27.0,27,139.344773
24.0,24,139.356666
35.0,35,139.377077
40.0,40,139.39953
42.0,42,139.419751
33.0,33,139.438969
36.0,36,139.458678
49.0,49,139.485375
50.0,50,139.51231
22.0,22,139.52273
40.0,40,139.547004
27.0,27,139.560263
27.0,27,139.576674
41.0,41,139.596004
35.0,35,139.615895
73.0,73,139.655883
16.0,16,139.663624
27.0,27,139.680053
21.0,21,139.690199
89.0,89,139.736147
31.0,31,139.756655
15.0,15,139.763916
36.0,36,139.784632
27.0,27,139.79763
87.0,87,139.842212
35.0,35,139.864383
33.0,33,139.880859
75.0,75,139.924058
60.0,60,139.958397
39.0,39,139.977649
11.0,11,139.983133
16.0,16,139.994294
35.0,35,140.01085
58.0,58,140.041538
17.0,17,140.049748
14.0,14,140.061772
31.0,31,140.076629
27.0,27,140.089548
35.0,35,140.109643
44.0,44,140.13403
42.0,42,140.156045
31.0,31,140.174404
30.0,30,140.188786
45.0,45,140.213728
41.0,41,140.236724
58.0,58,140.27025
20.0,20,140.280043
26.0,26,140.292462
37.0,37,140.313332
47.0,47,140.338861
58.0,58,140.368647
38.0,38,140.390125
70.0,70,140.426939
37.0,37,140.448222
54.0,54,140.479928
19.0,19,140.488977
20.0,20,140.498461
66.0,66,140.532966
33.0,33,140.551948
52.0,52,140.582725
54.0,54,140.608481
66.0,66,140.643943
24.0,24,140.658898
66.0,66,140.696408
48.0,48,140.722733
13.0,13,140.729054
42.0,42,140.749452
47.0,47,140.777807
59.0,59,140.809689
38.0,38,140.831449
39.0,39,140.850214
28.0,28,140.866818
19.0,19,140.878126
32.0,32,140.896636
31.0,31,140.911538
128.0,128,140.981796
42.0,42,141.005233
109.0,109,141.061252
27.0,27,141.080067
53.0,53,141.109308
41.0,41,141.128895
29.0,29,141.145934
34.0,34,141.162006
25.0,25,141.17943
12.0,12,141.185411
16.0,16,141.193189
33.0,33,141.212578
66.0,66,141.24759
28.0,28,141.260955
16.0,16,141.268577
61.0,61,141.30326
15.0,15,141.313796
21.0,21,141.323981
12.0,12,141.329792
23.0,23,141.340861
32.0,32,141.359589
86.0,86,141.406909
55.0,55,141.437086
46.0,46,141.462468
16.0,16,141.470098
80.0,80,141.513945
44.0,44,141.538432
31.0,31,141.553303
21.0,21,141.566756
32.0,32,141.582087
31.0,31,141.60296
22.0,22,141.613739
14.0,14,141.620564
16.0,16,141.631768
34.0,34,141.648231
121.0,121,141.715138
47.0,47,142.026087
50.0,50,142.053355
26.0,26,142.065712
17.0,17,142.073801
21.0,21,142.08736
14.0,14,142.09408
24.0,24,142.107878
26.0,26,142.123558
52.0,52,142.148043
50.0,50,142.175272
46.0,46,142.202897
32.0,32,142.218721
33.0,33,142.238116
47.0,47,142.263789
37.0,37,142.281231
51.0,51,142.310904
17.0,17,142.319002
64.0,64,142.352832
48.0,48,142.379118
48.0,48,142.40768
19.0,19,142.417088
139.0,139,142.489855
42.0,42,142.515351
17.0,17,142.523443
42.0,42,142.546649
44.0,44,142.567447
44.0,44,142.591554
32.0,32,142.6122
14.0,14,142.619087
34.0,34,142.637093
29.0,29,142.656245
20.0,20,142.66577
71.0,71,142.702708
18.0,18,142.717739
95.0,95,142.766507
36.0,36,142.786859
20.0,20,142.796354
83.0,83,142.841691
86.0,86,142.888786
53.0,53,142.91381
41.0,41,142.939279
49.0,49,142.966084
46.0,46,142.995065
22.0,22,143.006114
24.0,24,143.020031
24.0,24,143.035371
49.0,49,143.059434
39.0,39,143.081555
21.0,21,143.091626
80.0,80,143.139237
18.0,18,143.147944
27.0,27,143.160882
12.0,12,143.166676
66.0,66,143.201497
16.0,16,143.212888
26.0,26,143.227893
55.0,55,143.258043
17.0,17,143.266135
15.0,15,143.276563
30.0,30,143.290808
33.0,33,143.306417
26.0,26,143.322073
18.0,18,143.332966
22.0,22,143.346727
21.0,21,143.356847
27.0,27,143.369761
18.0,18,143.381763
67.0,67,143.417339
45.0,45,143.441578
22.0,22,143.455753
33.0,33,143.471603
17.0,17,143.479695
21.0,21,143.493006
34.0,34,143.509076
31.0,31,143.527137
91.0,91,143.575911
14.0,14,143.582607
16.0,16,143.593574
58.0,58,143.624317
63.0,63,143.659585
27.0,27,143.6724
86.0,86,143.716606
18.0,18,143.728643
28.0,28,143.744603
26.0,26,143.757389
75.0,75,143.799579
18.0,18,143.80827
56.0,56,143.845218
41.0,41,143.869875
19.0,19,143.883426
24.0,24,143.895223
18.0,18,143.904129
16.0,16,143.915585
27.0,27,143.928817
26.0,26,143.944025
30.0,30,143.962172
19.0,19,143.971366
18.0,18,143.980255
20.0,20,143.993274
24.0,24,144.004824
59.0,59,144.036988
35.0,35,144.059554
20.0,20,144.069046
60.0,60,144.100604
16.0,16,144.108218
35.0,35,144.128186
16.0,16,144.136019
32.0,32,144.153845
21.0,21,144.167346
37.0,37,144.184853
59.0,59,144.216218
25.0,25,144.23197
113.0,113,144.292209
20.0,20,144.305123
27.0,27,144.31795
30.0,30,144.335542
51.0,51,144.36247
32.0,32,144.381064
30.0,30,144.395248
20.0,20,144.408234
12.0,12,144.414176
14.0,14,144.421007
50.0,50,144.450942
64.0,64,144.490954
35.0,35,144.507561
12.0,12,144.516783
13.0,13,144.522955
36.0,36,144.539876
55.0,55,144.572172
36.0,36,144.59288
44.0,44,144.617265
25.0,25,144.629266
44.0,44,144.653614
20.0,20,144.665234
18.0,18,144.673871
18.0,18,144.682478
20.0,20,144.695496
54.0,54,144.724582
32.0,32,144.739869
26.0,26,145.035326
24.0,24,145.04731
19.0,19,145.056451
63.0,63,145.092398
20.0,20,145.101877
44.0,44,145.12627
24.0,24,145.141199
17.0,17,145.149416
23.0,23,145.160475
27.0,27,145.179433
55.0,55,145.205799
31.0,31,145.224603
25.0,25,145.236929
22.0,22,145.251259
32.0,32,145.269386
30.0,30,145.287528
26.0,26,145.300048
27.0,27,145.313044
30.0,30,145.330835
48.0,48,145.357163
57.0,57,145.390192
29.0,29,145.403944
14.0,14,145.410767
18.0,18,145.422958
24.0,24,145.434649
41.0,41,145.457751
18.0,18,145.466325
25.0,25,145.480592
20.0,20,145.493613
43.0,43,145.514161
74.0,74,145.55287
47.0,47,145.581138
29.0,29,145.598887
17.0,17,145.606998
49.0,49,145.633469
24.0,24,145.644848
88.0,88,145.692107
56.0,56,145.721857
10.0,10,145.726656
76.0,76,145.769131
33.0,33,145.786989
82.0,82,145.829012
23.0,23,145.843284
32.0,32,145.858413
34.0,34,145.877801
13.0,13,145.886015
34.0,34,145.902142
28.0,28,145.918722
23.0,23,145.929615
26.0,26,145.945275
30.0,30,145.959475
30.0,30,145.976971
48.0,48,146.001547
16.0,16,146.01252
36.0,36,146.02951
82.0,82,146.071493
40.0,40,146.096305
11.0,11,146.10163
51.0,51,146.12944
24.0,24,146.140975
15.0,15,146.151612
39.0,39,146.170316
26.0,26,146.188194
40.0,40,146.207601
27.0,27,146.224435
23.0,23,146.235604
36.0,36,146.261138
47.0,47,146.2979
20.0,20,146.318154
82.0,82,146.376034
16.0,16,146.384009
33.0,33,146.406407
15.0,15,146.413907
64.0,64,146.448491
95.0,95,146.499284
33.0,33,146.518588
51.0,51,146.545941
41.0,41,146.565336
26.0,26,146.580966
24.0,24,146.592467
46.0,46,146.619937
56.0,56,146.650597
36.0,36,146.668374
21.0,21,146.681931
23.0,23,146.693028
20.0,20,146.704959
27.0,27,146.721495
53.0,53,146.750186
40.0,40,146.769276
21.0,21,146.782529
20.0,20,146.792085
19.0,19,146.803231
14.0,14,146.809937
33.0,33,146.832313
28.0,28,146.84571
33.0,33,146.864958
41.0,41,146.884492
14.0,14,146.894613
12.0,12,146.900402
37.0,37,146.920349
54.0,54,146.949179
36.0,36,146.96951
48.0,48,146.995405
40.0,40,147.016406
55.0,55,147.045987
18.0,18,147.054615
28.0,28,147.071377
44.0,44,147.096056
59.0,59,147.126818
22.0,22,147.14069
18.0,18,147.149208
38.0,38,147.170409
43.0,43,147.190596
34.0,34,147.214203
30.0,30,147.228628
11.0,11,147.237301
9.0,9,147.241699
32.0,32,147.25699
52.0,52,147.285155
57.0,57,147.317959
153.0,153,147.398002
41.0,41,147.422971
43.0,43,147.446973
40.0,40,147.466125
32.0,32,147.484781
43.0,43,147.505346
14.0,14,147.515434
13.0,13,147.523838
47.0,47,147.549731
52.0,52,147.574569
68.0,68,147.610379
14.0,14,147.622649
14.0,14,147.629595
22.0,22,147.640443
68.0,68,147.676291
19.0,19,147.688576
64.0,64,147.723856
24.0,24,147.735386
51.0,51,147.763125
28.0,28,147.776513
31.0,31,147.794678
48.0,48,148.053078
24.0,24,148.068341
91.0,91,148.114937
11.0,11,148.120284
120.0,120,148.186496
24.0,24,148.201482
13.0,13,148.207753
21.0,21,148.217849
31.0,31,148.238567
110.0,110,148.29511
49.0,49,148.32185
50.0,50,148.351264
135.0,135,148.421576
19.0,19,148.43061
23.0,23,148.448453
64.0,64,148.483769
40.0,40,148.503052
41.0,41,148.526745
49.0,49,148.556825
32.0,32,148.572006
56.0,56,148.602168
25.0,25,148.614202
64.0,64,148.650189
30.0,30,148.668017
22.0,22,148.678613
50.0,50,148.705877
61.0,61,148.738365
32.0,32,148.755825
58.0,58,148.786611
25.0,25,148.801791
178.0,178,148.909342
43.0,43,148.930172
38.0,38,148.954716
100.0,100,149.005399
69.0,69,149.041239
44.0,44,149.068052
22.0,22,149.078506
65.0,65,149.115788
11.0,11,149.121106
47.0,47,149.143241
38.0,38,149.167072
14.0,14,149.173874
32.0,32,149.192686
109.0,109,149.247551
21.0,21,149.263119
45.0,45,149.284941
28.0,28,149.301566
88.0,88,149.346301
26.0,26,149.364074
57.0,57,149.394416
56.0,56,149.421408
20.0,20,149.434711
21.0,21,149.445078
89.0,89,149.493533
40.0,40,149.516077
24.0,24,149.527562
59.0,59,149.558706
16.0,16,149.571994
20.0,20,149.581836
61.0,61,149.614453
21.0,21,149.624807
22.0,22,149.638998
39.0,39,149.657693
79.0,79,149.70131
80.0,80,149.745662
45.0,45,149.768951
33.0,33,149.788519
12.0,12,149.794251
18.0,18,149.802797
14.0,14,149.81305
20.0,20,149.822778
56.0,56,149.852871
14.0,14,149.85954
22.0,22,149.872413
56.0,56,149.90361
32.0,32,149.922515
23.0,23,149.933683
15.0,15,149.940972
26.0,26,149.956923
42.0,42,149.979282
29.0,29,149.997105
42.0,42,150.017857
65.0,65,150.052625
52.0,52,150.083214
77.0,77,150.127424
38.0,38,150.145662
34.0,34,150.165265
34.0,34,150.184134
39.0,39,150.206682
47.0,47,150.232758
18.0,18,150.241539
20.0,20,150.251258
22.0,22,150.261725
72.0,72,150.308853
26.0,26,150.321548
14.0,14,150.328401
16.0,16,150.336025
48.0,48,150.36235
21.0,21,150.375751
35.0,35,150.3953
23.0,23,150.406248
36.0,36,150.42706
170.0,170,150.520036
27.0,27,150.532889
12.0,12,150.538688
23.0,23,150.556723
18.0,18,150.56572
52.0,52,150.596857
24.0,24,150.608334
50.0,50,150.636523
41.0,41,150.66005
33.0,33,150.675984
19.0,19,150.687388
55.0,55,150.717957
20.0,20,150.727893
25.0,25,150.743695
14.0,14,150.750553
72.0,72,150.993388
71.0,71,151.031061
45.0,45,151.056057
27.0,27,151.069051
66.0,66,151.10603
55.0,55,151.136423
54.0,54,151.165674
22.0,22,151.179601
18.0,18,151.188317
50.0,50,151.218179
15.0,15,151.225442
36.0,36,151.242665
12.0,12,151.251819
15.0,15,151.259087
38.0,38,151.277545
20.0,20,151.290574
48.0,48,151.315737
40.0,40,151.338271
48.0,48,151.36457
36.0,36,151.381831
60.0,60,151.415859
24.0,24,151.430787
19.0,19,151.439942
62.0,62,151.47291
31.0,31,151.487718
32.0,32,151.508411
47.0,47,151.534296
23.0,23,151.545379
87.0,87,151.590243
57.0,57,151.622815
38.0,38,151.644427
18.0,18,151.653096
23.0,23,151.667505
28.0,28,151.680954
17.0,17,151.689147
29.0,29,151.7084
71.0,71,151.745691
31.0,31,151.760557
20.0,20,151.77351
31.0,31,151.78839
104.0,104,151.846745
13.0,13,151.853065
19.0,19,151.862224
19.0,19,151.874746
26.0,26,151.887084
29.0,29,151.900812
23.0,23,151.917102
42.0,42,151.937002
46.0,46,151.962003
48.0,48,151.988132
120.0,120,152.054006
34.0,34,152.070306
83.0,83,152.118698
92.0,92,152.165387
80.0,80,152.206432
28.0,28,152.225218
24.0,24,152.2368
92.0,92,152.287384
30.0,30,152.301831
78.0,78,152.345362
31.0,31,152.364116
51.0,51,152.388584
35.0,35,152.408772
49.0,49,152.437577
36.0,36,152.45483
55.0,55,152.484482
17.0,17,152.49267
53.0,53,152.52326
20.0,20,152.536293
63.0,63,152.56974
30.0,30,152.58412
51.0,51,152.611838
34.0,34,152.63008
43.0,43,152.654069
41.0,41,152.677033
27.0,27,152.689965
20.0,20,152.699581
22.0,22,152.713554
142.0,142,152.790069
35.0,35,152.810217
36.0,36,152.82914
60.0,60,152.860777
44.0,44,152.884838
35.0,35,152.901402
52.0,52,152.931439
46.0,46,152.956907
49.0,49,152.983694
30.0,30,152.998099
41.0,41,153.021066
48.0,48,153.045705
23.0,23,153.059988
33.0,33,153.075643
30.0,30,153.093403
57.0,57,153.124042
28.0,28,153.139413
60.0,60,153.171501
32.0,32,153.190162
47.0,47,153.212738
22.0,22,153.226638
48.0,48,153.251574
19.0,19,153.264135
72.0,72,153.301861
34.0,34,153.318203
27.0,27,153.33451
46.0,46,153.358693
21.0,21,153.37221
55.0,55,153.401855
53.0,53,153.427171
48.0,48,153.455821
82.0,82,153.50165
96.0,96,153.552784
47.0,47,153.578648
28.0,28,153.592075
38.0,38,153.61364
28.0,28,153.627054
31.0,31,153.647049
44.0,44,153.667841
18.0,18,153.67977
17.0,17,153.98993
25.0,25,154.001994
30.0,30,154.020313
21.0,21,154.030424
12.0,12,154.036278
35.0,35,154.058859
47.0,47,154.085539
19.0,19,154.094735
42.0,42,154.11795
29.0,29,154.131677
18.0,18,154.14022
44.0,44,154.166571
21.0,21,154.176547
13.0,13,154.186294
56.0,56,154.213944
80.0,80,154.261992
40.0,40,154.281408
16.0,16,154.292416
21.0,21,154.30243
27.0,27,154.315263
43.0,43,154.338905
29.0,29,154.352954
45.0,45,154.380008
32.0,32,154.398658
22.0,22,154.409293
22.0,22,154.420227
36.0,36,154.441158
70.0,70,154.480174
42.0,42,154.503623
18.0,18,154.512328
50.0,50,154.542961
54.0,54,154.571392
20.0,20,154.584344
27.0,27,154.59708
28.0,28,154.613662
77.0,77,154.653159
25.0,25,154.667101
68.0,68,154.70399
109.0,109,154.766342
43.0,43,154.790564
36.0,36,154.807932
22.0,22,154.822009
30.0,30,154.836246
22.0,22,154.846685
39.0,39,154.870359
28.0,28,154.884347
31.0,31,154.902973
15.0,15,154.910306
32.0,32,154.929645
66.0,66,154.965227
24.0,24,154.979131
40.0,40,155.001544
40.0,40,155.02087
48.0,48,155.047408
54.0,54,155.07881
38.0,38,155.100405
127.0,127,155.166724
27.0,27,155.181566
31.0,31,155.196219
41.0,41,155.21925
49.0,49,155.245753
75.0,75,155.286613
20.0,20,155.29633
43.0,43,155.320366
60.0,60,155.351931
50.0,50,155.380703
20.0,20,155.390324
41.0,41,155.413039
28.0,28,155.426662
29.0,29,155.444032
28.0,28,155.457582
24.0,24,155.469017
32.0,32,155.489779
34.0,34,155.505858
53.0,53,155.534196
36.0,36,155.554634
21.0,21,155.564656
64.0,64,155.602457
14.0,14,155.609125
32.0,32,155.627824
81.0,81,155.669569
68.0,68,155.707582
13.0,13,155.71384
25.0,25,155.729682
137.0,137,155.804165
37.0,37,155.821631
35.0,35,155.841695
19.0,19,155.850787
21.0,21,155.864184
42.0,42,155.884233
21.0,21,155.900099
21.0,21,155.910057
31.0,31,155.924712
17.0,17,155.93609
19.0,19,155.945076
59.0,59,155.976172
47.0,47,156.004352
50.0,50,156.028507
41.0,41,156.051605
41.0,41,156.074476
53.0,53,156.104971
26.0,26,156.117472
18.0,18,156.126091
47.0,47,156.151869
38.0,38,156.173325
38.0,38,156.193457
78.0,78,156.234183
83.0,83,156.279847
20.0,20,156.289324
24.0,24,156.302854
36.0,36,156.323493
100.0,100,156.374333
38.0,38,156.397768
28.0,28,156.414731
23.0,23,156.425678
23.0,23,156.436533
38.0,38,156.45823
91.0,91,156.50768
14.0,14,156.51463
32.0,32,156.53337
46.0,46,156.558339
21.0,21,156.568631
105.0,105,156.628672
42.0,42,156.648929
25.0,25,156.664634
25.0,25,156.676946
34.0,34,156.697133
38.0,38,156.931509
19.0,19,156.944672
68.0,68,156.980562
35.0,35,156.99714
36.0,36,157.019969
26.0,26,157.032408
44.0,44,157.056788
41.0,41,157.076109
19.0,19,157.088461
40.0,40,157.113785
34.0,34,157.146818
21.0,21,157.162047
44.0,44,157.20027
146.0,146,157.282013
23.0,23,157.296385
17.0,17,157.304562
17.0,17,157.312703
32.0,32,157.334007
43.0,43,157.354491
25.0,25,157.369775
40.0,40,157.388889
40.0,40,157.411391
76.0,76,157.453808
22.0,22,157.464223
30.0,30,157.481719
21.0,21,157.491625
18.0,18,157.500121
23.0,23,157.514289
25.0,25,157.528322
31.0,31,157.546755
25.0,25,157.558613
27.0,27,157.574636
19.0,19,157.583661
63.0,63,157.616674
24.0,24,157.630572
107.0,107,157.689221
12.0,12,157.694938
99.0,99,157.751141
31.0,31,157.766266
78.0,78,157.806706
55.0,55,157.839604
37.0,37,157.860979
74.0,74,157.899235
10.0,10,157.904042
14.0,14,157.910728
54.0,54,157.941989
37.0,37,157.963233
136.0,136,158.034435
30.0,30,158.050959
11.0,11,158.056305
103.0,103,158.112109
41.0,41,158.135189
59.0,59,158.16915
21.0,21,158.179141
45.0,45,158.204047
16.0,16,158.211662
21.0,21,158.221965
43.0,43,158.248426
38.0,38,158.266669
38.0,38,158.291693
46.0,46,158.316926
35.0,35,158.333614
29.0,29,158.3532
87.0,87,158.397931
16.0,16,158.405554
82.0,82,158.453159
60.0,60,158.485177
23.0,23,158.496082
31.0,31,158.510718
44.0,44,158.534799
16.0,16,158.542552
92.0,92,158.595068
38.0,38,158.613094
46.0,46,158.638142
77.0,77,158.680517
44.0,44,158.704776
29.0,29,158.722173
57.0,57,158.751363
48.0,48,158.778005
28.0,28,158.794837
22.0,22,158.805276
43.0,43,158.830223
110.0,110,158.897827
15.0,15,158.908636
15.0,15,158.915919
50.0,50,158.943299
18.0,18,158.952242
77.0,77,158.994914
42.0,42,159.018083
31.0,31,159.032757
21.0,21,159.046221
86.0,86,159.093052
13.0,13,159.099264
19.0,19,159.108265
34.0,34,159.127597
50.0,50,159.154438
20.0,20,159.166214
21.0,21,159.176394
13.0,13,159.186162
26.0,26,159.198481
16.0,16,159.206076
15.0,15,159.213202
15.0,15,159.223742
119.0,119,159.291667
48.0,48,159.326582
78.0,78,159.391356
31.0,31,159.412551
17.0,17,159.420821
61.0,61,159.453706
38.0,38,159.478155
28.0,28,159.492035
14.0,14,159.498916
34.0,34,159.518562
53.0,53,159.547135
65.0,65,159.583757
26.0,26,159.596469
63.0,63,159.630239
58.0,58,159.661258
29.0,29,159.680723
49.0,49,159.704208
11.0,11,159.709674
26.0,26,159.725358
23.0,23,160.014536
42.0,42,160.038734
19.0,19,160.048319
72.0,72,160.088622
38.0,38,160.110435
17.0,17,160.118715
34.0,34,160.138355
37.0,37,160.156085
87.0,87,160.206802
34.0,34,160.223422
29.0,29,160.240939
49.0,49,160.264328
29.0,29,160.281576
12.0,12,160.289666
27.0,27,160.303561
63.0,63,160.338259
30.0,30,160.356615
46.0,46,160.3826
48.0,48,160.408472
19.0,19,160.421475
28.0,28,160.435109
61.0,61,160.468087
22.0,22,160.478626
118.0,118,160.544837
19.0,19,160.557559
27.0,27,160.570548
20.0,20,160.58011
44.0,44,160.607036
15.0,15,160.614334
43.0,43,160.639712
28.0,28,160.653448
18.0,18,160.665606
14.0,14,160.672389
36.0,36,160.68959
43.0,43,160.716002
45.0,45,160.74105
30.0,30,160.755193
43.0,43,160.7788
41.0,41,160.803743
115.0,115,160.862437
44.0,44,160.88664
50.0,50,160.915996
50.0,50,160.943737
30.0,30,160.958235
21.0,21,160.96829
24.0,24,160.983123
40.0,40,161.00452
35.0,35,161.025043
22.0,22,161.035849
15.0,15,161.046666
20.0,20,161.056322
50.0,50,161.084143
61.0,61,161.118881
39.0,39,161.137891
20.0,20,161.147484
29.0,29,161.164577
36.0,36,161.184835
22.0,22,161.195508
88.0,88,161.243411
33.0,33,161.262433
34.0,34,161.2785
28.0,28,161.295414
72.0,72,161.33564
25.0,25,161.347605
32.0,32,161.366257
21.0,21,161.376331
40.0,40,161.398776
81.0,81,161.443005
114.0,114,161.504017
75.0,75,161.544795
28.0,28,161.558007
103.0,103,161.613752
25.0,25,161.627968
52.0,52,161.656177
42.0,42,161.679614
39.0,39,161.698295
55.0,55,161.73009
33.0,33,161.749306
18.0,18,161.757977
29.0,29,161.775208
57.0,57,161.802455
32.0,32,161.823364
125.0,125,161.889597
35.0,35,161.906305
24.0,24,161.923311
20.0,20,161.932974
46.0,46,161.958323
93.0,93,162.005962
32.0,32,162.026815
39.0,39,162.045475
125.0,125,162.11492
72.0,72,162.154882
34.0,34,162.17454
27.0,27,162.187475
15.0,15,162.198074
31.0,31,162.212918
35.0,35,162.235234
55.0,55,162.264914
34.0,34,162.281229
14.0,14,162.287986
26.0,26,162.303806
40.0,40,162.322986
66.0,66,162.360051
20.0,20,162.373053
30.0,30,162.387393
43.0,43,162.411293
31.0,31,162.426122
22.0,22,162.442038
55.0,55,162.467927
29.0,29,162.484906
27.0,27,162.497665
58.0,58,162.528664
23.0,23,162.54527
63.0,63,162.578667
11.0,11,162.58405
39.0,39,162.602691
45.0,45,162.627507
32.0,32,162.648448
31.0,31,162.663332
53.0,53,162.692031
29.0,29,162.705949
35.0,35,162.726075
30.0,30,162.897968
28.0,28,162.914875
22.0,22,162.925477
20.0,20,162.935095
40.0,40,162.959476
15.0,15,162.966634
29.0,29,162.983736
42.0,42,163.00361
26.0,26,163.019429
55.0,55,163.051231
103.0,103,163.10372
20.0,20,163.116695
28.0,28,163.130158
46.0,46,163.157691
46.0,46,163.183065
48.0,48,163.206062
31.0,31,163.224239
34.0,34,163.240474
39.0,39,163.264642
40.0,40,163.287098
57.0,57,163.314403
39.0,39,163.336411
55.0,55,163.36822
63.0,63,163.401654
15.0,15,163.408883
55.0,55,163.438477
25.0,25,163.450459
32.0,32,163.471358
46.0,46,163.496696
36.0,36,163.513904
38.0,38,163.535423
67.0,67,163.573
58.0,58,163.604147
58.0,58,163.635287
82.0,82,163.680609
30.0,30,163.695105
12.0,12,163.704987
13.0,13,163.711378
24.0,24,163.722962
39.0,39,163.745667
27.0,27,163.758679
87.0,87,163.805999
56.0,56,163.83756
65.0,65,163.875341
19.0,19,163.8881
13.0,13,163.894418
23.0,23,163.90553
53.0,53,163.934335
39.0,39,163.956116
31.0,31,163.972942
53.0,53,164.00159
16.0,16,164.009326
111.0,111,164.071774
76.0,76,164.111513
32.0,32,164.130216
42.0,42,164.150282
23.0,23,164.16464
22.0,22,164.177109
14.0,14,164.183776
30.0,30,164.201345
58.0,58,164.23203
31.0,31,164.246902
38.0,38,164.26887
34.0,34,164.287476
36.0,36,164.308461
24.0,24,164.319984
31.0,31,164.338216
22.0,22,164.348791
32.0,32,164.364115
27.0,27,164.382756
37.0,37,164.400946
29.0,29,164.418695
55.0,55,164.448427
45.0,45,164.469976
49.0,49,164.49906
49.0,49,164.525945
63.0,63,164.559378
21.0,21,164.569607
60.0,60,164.603891
34.0,34,164.623596
38.0,38,164.641755
165.0,165,164.732426
13.0,13,164.738714
107.0,107,164.797874
31.0,31,164.812561
54.0,54,164.8417
27.0,27,164.858038
66.0,66,164.895211
64.0,64,164.929409
23.0,23,164.940561
28.0,28,164.95411
26.0,26,164.969998
20.0,20,164.980134
31.0,31,165.000658
38.0,38,165.018966
34.0,34,165.038906
23.0,23,165.050268
90.0,90,165.10317
15.0,15,165.110532
36.0,36,165.127859
40.0,40,165.15086
27.0,27,165.164097
43.0,43,165.188486
38.0,38,165.212056
61.0,61,165.244237
51.0,51,165.268329
30.0,30,165.286275
24.0,24,165.29997
62.0,62,165.333066
41.0,41,165.355823
77.0,77,165.397339
58.0,58,165.428808
38.0,38,165.450542
28.0,28,165.464152
72.0,72,165.504197
31.0,31,165.522269
76.0,76,165.561411
43.0,43,165.581701
60.0,60,165.854839
97.0,97,165.910126
32.0,32,165.925494
40.0,40,165.948092
20.0,20,165.957791
28.0,28,165.977782
59.0,59,166.011085
45.0,45,166.033086
72.0,72,166.074439
30.0,30,166.088667
18.0,18,166.097214
54.0,54,166.128171
40.0,40,166.150483
64.0,64,166.184458
61.0,61,166.22046
32.0,32,166.237912
34.0,34,166.257431
30.0,30,166.271605
34.0,34,166.290972
23.0,23,166.301889
43.0,43,166.327621
39.0,39,166.346317
60.0,60,166.378424
43.0,43,166.40231
46.0,46,166.429611
46.0,46,166.451353
50.0,50,166.478377
37.0,37,166.499467
24.0,24,166.511001
22.0,22,166.5238
48.0,48,166.549918
19.0,19,166.562257
64.0,64,166.596225
50.0,50,166.62182
25.0,25,166.637183
43.0,43,166.657464
24.0,24,166.672192
21.0,21,166.682137
31.0,31,166.700074
49.0,49,166.725163
70.0,70,166.761881
37.0,37,166.782744
48.0,48,166.808697
80.0,80,166.852005
47.0,47,166.877635
41.0,41,166.897254
13.0,13,166.906914
71.0,71,166.94623
15.0,15,166.953485
26.0,26,166.965962
25.0,25,166.981462
70.0,70,167.018393
40.0,40,167.039216
75.0,75,167.081814
26.0,26,167.094316
52.0,52,167.122873
59.0,59,167.156171
13.0,13,167.162384
16.0,16,167.169996
17.0,17,167.178179
37.0,37,167.199308
35.0,35,167.219425
21.0,21,167.231477
31.0,31,167.246357
30.0,30,167.264157
54.0,54,167.293327
57.0,57,167.323955
16.0,16,167.33375
26.0,26,167.346617
18.0,18,167.358934
24.0,24,167.370823
74.0,74,167.409643
12.0,12,167.415466
11.0,11,167.420837
154.0,154,167.50839
71.0,71,167.547062
21.0,21,167.557075
59.0,59,167.588667
136.0,136,167.661786
33.0,33,167.680798
47.0,47,167.706337
25.0,25,167.718358
52.0,52,167.748313
18.0,18,167.756879
95.0,95,167.808374
67.0,67,167.845471
78.0,78,167.885649
36.0,36,167.902903
18.0,18,167.914914
102.0,102,167.968451
81.0,81,168.014321
37.0,37,168.031807
39.0,39,168.055882
34.0,34,168.071971
52.0,52,168.099828
17.0,17,168.10794
51.0,51,168.135329
43.0,43,168.161076
28.0,28,168.174361
16.0,16,168.181968
27.0,27,168.198162
56.0,56,168.228213
19.0,19,168.237257
93.0,93,168.290194
34.0,34,168.306315
58.0,58,168.33707
59.0,59,168.371073
33.0,33,168.386679
31.0,31,168.404723
78.0,78,168.444762
10.0,10,168.449664
18.0,18,168.463577
22.0,22,168.474036
30.0,30,168.488221
62.0,62,168.521161
37.0,37,168.542254
28.0,28,168.558014
19.0,19,168.809156
13.0,13,168.815479
69.0,69,168.851947
23.0,23,168.865647
67.0,67,168.901907
118.0,118,168.967489
17.0,17,168.975657
62.0,62,169.008745
54.0,54,169.038057
42.0,42,169.061764
61.0,61,169.09605
47.0,47,169.121882
75.0,75,169.16122
34.0,34,169.179749
44.0,44,169.204205
50.0,50,169.231388
29.0,29,169.245332
38.0,38,169.268791
27.0,27,169.281789
24.0,24,169.296712
49.0,49,169.320158
61.0,61,169.352667
32.0,32,169.373261
14.0,14,169.380045
117.0,117,169.442605
46.0,46,169.467949
25.0,25,169.482307
27.0,27,169.49557
44.0,44,169.520078
30.0,30,169.537885
72.0,72,169.577732
21.0,21,169.587714
49.0,49,169.614181
117.0,117,169.681069
52.0,52,169.706151
92.0,92,169.756174
19.0,19,169.765209
40.0,40,169.789863
94.0,94,169.838048
88.0,88,169.888896
20.0,20,169.898411
42.0,42,169.921571
51.0,51,169.945689
12.0,12,169.954889
65.0,65,169.991428
24.0,24,170.002886
46.0,46,170.028273
31.0,31,170.043185
27.0,27,170.060016
96.0,96,170.111903
68.0,68,170.14756
132.0,132,170.218878
42.0,42,170.242389
32.0,32,170.257773
18.0,18,170.269805
24.0,24,170.281751
29.0,29,170.298066
28.0,28,170.315459
69.0,69,170.352866
37.0,37,170.377064
54.0,54,170.405577
63.0,63,170.438598
122.0,122,170.504799
79.0,79,170.548788
80.0,80,170.590835
47.0,47,170.6184
56.0,56,170.644901
43.0,43,170.668598
101.0,101,170.724918
31.0,31,170.739635
39.0,39,170.76158
33.0,33,170.77727
19.0,19,170.789654
39.0,39,170.810266
122.0,122,170.874565
48.0,48,170.902398
34.0,34,170.918498
79.0,79,170.962525
52.0,52,170.987117
102.0,102,171.044015
17.0,17,171.05214
34.0,34,171.07162
88.0,88,171.1192
78.0,78,171.159663
39.0,39,171.181498
19.0,19,171.190558
47.0,47,171.217983
18.0,18,171.226545
18.0,18,171.238413
20.0,20,171.247918
59.0,59,171.279116
53.0,53,171.30931
40.0,40,171.328255
48.0,48,171.354254
25.0,25,171.366088
22.0,22,171.379851
13.0,13,171.386057
42.0,42,171.411
42.0,42,171.430834
56.0,56,171.460573
22.0,22,171.471023
51.0,51,171.498419
55.0,55,171.884219
29.0,29,171.902823
66.0,66,171.939624
77.0,77,171.979832
43.0,43,172.003799
110.0,110,172.061863
15.0,15,172.069132
41.0,41,172.092163
21.0,21,172.102271
73.0,73,172.145903
41.0,41,172.16526
31.0,31,172.183336
25.0,25,172.195321
91.0,91,172.248283
37.0,37,172.266202
52.0,52,172.294348
25.0,25,172.306185
39.0,39,172.330417
32.0,32,172.345815
40.0,40,172.368132
51.0,51,172.397299
96.0,96,172.45065
28.0,28,172.467623
37.0,37,172.485161
16.0,16,172.496329
20.0,20,172.50587
50.0,50,172.53512
55.0,55,172.564593
55.0,55,172.590756
49.0,49,172.617274
62.0,62,172.652179
88.0,88,172.700317
24.0,24,172.711843
36.0,36,172.728838
41.0,41,172.753591
72.0,72,172.79089
87.0,87,172.840413
36.0,36,172.857584
59.0,59,172.888843
47.0,47,172.91445
49.0,49,172.942805
19.0,19,172.951981
22.0,22,172.962443
30.0,30,172.979985
142.0,142,173.05618
43.0,43,173.08287
66.0,66,173.118198
59.0,59,173.152836
74.0,74,173.191046
32.0,32,173.206392
23.0,23,173.220634
34.0,34,173.236787
27.0,27,173.251838
70.0,70,173.291561
45.0,45,173.312901
52.0,52,173.340812
18.0,18,173.351432
40.0,40,173.373915
91.0,91,173.420118
47.0,47,173.445635
67.0,67,173.482785
11.0,11,173.488042
25.0,25,173.507065
57.0,57,173.537585
47.0,47,173.561805
21.0,21,173.575142
48.0,48,173.597764
44.0,44,173.621956
19.0,19,173.631065
19.0,19,173.643594
78.0,78,173.686613
46.0,46,173.711642
22.0,22,173.722259
44.0,44,173.746309
64.0,64,173.782089
36.0,36,173.799045
30.0,30,173.816521
21.0,21,173.826449
42.0,42,173.858775
76.0,76,173.903003
65.0,65,173.937925
106.0,106,173.998472
49.0,49,174.021543
45.0,45,174.046448
68.0,68,174.084277
39.0,39,174.106308
45.0,45,174.127754
37.0,37,174.148817
23.0,23,174.160043
18.0,18,174.17426
16.0,16,174.181867
17.0,17,174.189929
56.0,56,174.21967
22.0,22,174.230149
17.0,17,174.241708
54.0,54,174.269613
34.0,34,174.289347
61.0,61,174.321456
32.0,32,174.336589
36.0,36,174.357121
39.0,39,174.381679
28.0,28,174.394959
31.0,31,174.412943
46.0,46,174.434798
64.0,64,174.481844
44.0,44,174.519513
21.0,21,174.535249
31.0,31,174.562349
53.0,53,174.594892
13.0,13,174.601432
77.0,77,174.93216
23.0,23,174.94359
35.0,35,174.964686
26.0,26,174.97756
34.0,34,175.000135
27.0,27,175.013094
48.0,48,175.039713
18.0,18,175.04863
36.0,36,175.069212
20.0,20,175.078692
22.0,22,175.095102
80.0,80,175.136675
17.0,17,175.144816
23.0,23,175.155794
35.0,35,175.175889
56.0,56,175.208607
16.0,16,175.216166
62.0,62,175.24876
33.0,33,175.267633
45.0,45,175.291411
18.0,18,175.303801
14.0,14,175.310478
29.0,29,175.324146
39.0,39,175.346051
39.0,39,175.3647
36.0,36,175.385261
16.0,16,175.395207
16.0,16,175.4067
21.0,21,175.416705
57.0,57,175.447284
77.0,77,175.487368
69.0,69,175.526328
47.0,47,175.551971
60.0,60,175.583985
60.0,60,175.618946
29.0,29,175.633054
90.0,90,175.679673
44.0,44,175.706927
14.0,14,175.713894
19.0,19,175.726511
26.0,26,175.738853
24.0,24,175.750281
44.0,44,175.775459
23.0,23,175.789616
43.0,43,175.812276
31.0,31,175.830668
56.0,56,175.860954
68.0,68,175.896769
18.0,18,175.907916
53.0,53,175.936596
65.0,65,175.970527
51.0,51,175.998105
17.0,17,176.008578
69.0,69,176.045063
13.0,13,176.051264
44.0,44,176.075562
32.0,32,176.090667
24.0,24,176.107634
26.0,26,176.120434
43.0,43,176.144791
46.0,46,176.166796
72.0,72,176.210142
22.0,22,176.221091
32.0,32,176.2368
35.0,35,176.257087
42.0,42,176.280344
18.0,18,176.288987
43.0,43,176.314988
42.0,42,176.335552
65.0,65,176.369847
116.0,116,176.433833
42.0,42,176.457794
27.0,27,176.471052
42.0,42,176.494766
21.0,21,176.505181
43.0,43,176.531927
35.0,35,176.548773
30.0,30,176.566515
50.0,50,176.593765
74.0,74,176.634803
25.0,25,176.649763
22.0,22,176.66589
21.0,21,176.686953
29.0,29,176.707801
35.0,35,176.741925
27.0,27,176.75791
16.0,16,176.76578
127.0,127,176.837572
72.0,72,176.878361
44.0,44,176.899489
27.0,27,176.91591
32.0,32,176.93346
51.0,51,176.961368
20.0,20,176.971142
61.0,61,177.004454
81.0,81,177.053011
20.0,20,177.062936
52.0,52,177.091544
59.0,59,177.123084
45.0,45,177.150125
19.0,19,177.163006
73.0,73,177.201164
21.0,21,177.211113
33.0,33,177.232228
17.0,17,177.240362
67.0,67,177.275479
21.0,21,177.285568
20.0,20,177.29514
42.0,42,177.318583
26.0,26,177.336442
24.0,24,177.348013
16.0,16,177.355685
30.0,30,177.376563
13.0,13,177.382834
14.0,14,177.389582
30.0,30,177.407376
88.0,88,177.454846
24.0,24,177.466327
73.0,73,177.504512
53.0,53,177.53317
15.0,15,177.54237
26.0,26,177.558281
14.0,14,177.565046
18.0,18,177.573708
69.0,69,177.609995
25.0,25,177.625362
104.0,104,177.680407
38.0,38,178.107321
68.0,68,178.14372
67.0,67,178.181456
88.0,88,178.229972
29.0,29,178.243878
34.0,34,178.266004
76.0,76,178.305676
37.0,37,178.323393
23.0,23,178.337807
85.0,85,178.384375
54.0,54,178.413527
57.0,57,178.44406
15.0,15,178.451451
50.0,50,178.48124
24.0,24,178.492712
91.0,91,178.543907
19.0,19,178.55328
23.0,23,178.566585
31.0,31,178.585239
104.0,104,178.638263
26.0,26,178.654073
46.0,46,178.678639
23.0,23,178.693094
59.0,59,178.724355
39.0,39,178.742761
40.0,40,178.767375
41.0,41,178.790533
108.0,108,178.850723
26.0,26,178.873138
55.0,55,178.904199
45.0,45,178.925914
19.0,19,178.938668
47.0,47,178.961668
21.0,21,178.977491
12.0,12,178.983287
18.0,18,178.991969
50.0,50,179.01921
26.0,26,179.031648
53.0,53,179.060378
14.0,14,179.069246
31.0,31,179.087633
88.0,88,179.13291
74.0,74,179.173243
42.0,42,179.196787
14.0,14,179.203517
41.0,41,179.226907
31.0,31,179.242012
67.0,67,179.279529
28.0,28,179.296531
52.0,52,179.324899
106.0,106,179.380914
46.0,46,179.406292
30.0,30,179.42044
32.0,32,179.43883
56.0,56,179.468763
95.0,95,179.519843
19.0,19,179.532517
28.0,28,179.545892
94.0,94,179.599717
15.0,15,179.606972
15.0,15,179.614266
64.0,64,179.648878
67.0,67,179.686494
18.0,18,179.695373
76.0,76,179.738562
18.0,18,179.747254
56.0,56,179.777235
71.0,71,179.816234
76.0,76,179.856391
27.0,27,179.869318
39.0,39,179.894223
57.0,57,179.925307
24.0,24,179.936826
12.0,12,179.942559
18.0,18,179.954409
26.0,26,179.966673
39.0,39,179.990324
52.0,52,180.01857
21.0,21,180.028678
29.0,29,180.042789
67.0,67,180.078364
40.0,40,180.103055
27.0,27,180.115985
24.0,24,180.13091
72.0,72,180.168609
47.0,47,180.196286
44.0,44,180.217276
27.0,27,180.233984
38.0,38,180.252664
38.0,38,180.274344
32.0,32,180.291495
11.0,11,180.300506
63.0,63,180.334986
35.0,35,180.352178
34.0,34,180.371975
20.0,20,180.381572
43.0,43,180.407887
27.0,27,180.420787
115.0,115,180.48225
42.0,42,180.508271
15.0,15,180.515702
29.0,29,180.529937
13.0,13,180.536195
43.0,43,180.560112
21.0,21,180.570184
40.0,40,180.592858
27.0,27,180.611439
44.0,44,180.632481
54.0,54,180.661587
27.0,27,180.674498
11.0,11,180.683082
17.0,17,180.691364
15.0,15,180.700502
28.0,28,180.717044
80.0,80,180.75806
60.0,60,180.7896
28.0,28,180.804649
36.0,36,180.82495
39.0,39,181.031646
