Gym has been unmaintained since 2022 and does not support NumPy 2.0 amongst other critical functionality.
Please upgrade to Gymnasium, the maintained drop-in replacement of Gym, or contact the authors of your software and request that they upgrade.
Users of this version of Gym should be able to simply replace 'import gym' with 'import gymnasium as gym' in the vast majority of cases.
See the migration guide at https://gymnasium.farama.org/introduction/migration_guide/ for additional information.
/homes/sohawan2/.local/lib/python3.10/site-packages/stable_baselines3/common/vec_env/base_vec_env.py:78: UserWarning: The `render_mode` attribute is not defined in your environment. It will be set to None.
  warnings.warn("The `render_mode` attribute is not defined in your environment. It will be set to None.")
[Path] Using preferred root: /homes/sohawan2/reinforcement-learning-thesis/code_practice

===== Stable‑Baselines3 Interactive Runner =====
[Path] Project root: /homes/sohawan2/reinforcement-learning-thesis/code_practice
[Info] LunarLander-v2 action space = Discrete → allowed algos: ['DQN', 'PPO', 'A2C']
Using cpu device

===== Training Start =====
{
  "env_id": "LunarLander-v2",
  "algo": "A2C",
  "policy": "MlpPolicy",
  "seed": 0,
  "total_timesteps": 2000000,
  "num_envs": 1,
  "use_vecnorm": false
}
Logging to /homes/sohawan2/reinforcement-learning-thesis/code_practice/runs/LunarLander_v2/A2C/20250929-011047/tb/A2C_1
------------------------------------
| rollout/              |          |
|    ep_len_mean        | 99.8     |
|    ep_rew_mean        | -187     |
| time/                 |          |
|    fps                | 1214     |
|    iterations         | 100      |
|    time_elapsed       | 1        |
|    total_timesteps    | 1600     |
| train/                |          |
|    entropy_loss       | -1.38    |
|    explained_variance | -0.124   |
|    learning_rate      | 9.99e-05 |
|    n_updates          | 99       |
|    policy_loss        | 0.882    |
|    value_loss         | 2.94     |
------------------------------------
------------------------------------
| rollout/              |          |
|    ep_len_mean        | 99.7     |
|    ep_rew_mean        | -209     |
| time/                 |          |
|    fps                | 1237     |
|    iterations         | 200      |
|    time_elapsed       | 2        |
|    total_timesteps    | 3200     |
| train/                |          |
|    entropy_loss       | -1.27    |
|    explained_variance | 0.0206   |
|    learning_rate      | 9.99e-05 |
|    n_updates          | 199      |
|    policy_loss        | 1.94     |
|    value_loss         | 2.99     |
------------------------------------
------------------------------------
| rollout/              |          |
|    ep_len_mean        | 109      |
|    ep_rew_mean        | -225     |
| time/                 |          |
|    fps                | 1252     |
|    iterations         | 300      |
|    time_elapsed       | 3        |
|    total_timesteps    | 4800     |
| train/                |          |
|    entropy_loss       | -1.36    |
|    explained_variance | 0.203    |
|    learning_rate      | 9.98e-05 |
|    n_updates          | 299      |
|    policy_loss        | -3.03    |
|    value_loss         | 9.66     |
------------------------------------
------------------------------------
| rollout/              |          |
|    ep_len_mean        | 110      |
|    ep_rew_mean        | -227     |
| time/                 |          |
|    fps                | 1237     |
|    iterations         | 400      |
|    time_elapsed       | 5        |
|    total_timesteps    | 6400     |
| train/                |          |
|    entropy_loss       | -1.26    |
|    explained_variance | -0.0959  |
|    learning_rate      | 9.97e-05 |
|    n_updates          | 399      |
|    policy_loss        | -14.6    |
|    value_loss         | 122      |
------------------------------------
------------------------------------
| rollout/              |          |
|    ep_len_mean        | 114      |
|    ep_rew_mean        | -237     |
| time/                 |          |
|    fps                | 1157     |
|    iterations         | 500      |
|    time_elapsed       | 6        |
|    total_timesteps    | 8000     |
| train/                |          |
|    entropy_loss       | -1.3     |
|    explained_variance | -0.061   |
|    learning_rate      | 9.96e-05 |
|    n_updates          | 499      |
|    policy_loss        | -20.6    |
|    value_loss         | 274      |
------------------------------------
------------------------------------
| rollout/              |          |
|    ep_len_mean        | 118      |
|    ep_rew_mean        | -239     |
| time/                 |          |
|    fps                | 1139     |
|    iterations         | 600      |
|    time_elapsed       | 8        |
|    total_timesteps    | 9600     |
| train/                |          |
|    entropy_loss       | -1.28    |
|    explained_variance | 0.0532   |
|    learning_rate      | 9.96e-05 |
|    n_updates          | 599      |
|    policy_loss        | -40.5    |
|    value_loss         | 3.75e+03 |
------------------------------------
------------------------------------
| rollout/              |          |
|    ep_len_mean        | 118      |
|    ep_rew_mean        | -229     |
| time/                 |          |
|    fps                | 1133     |
|    iterations         | 700      |
|    time_elapsed       | 9        |
|    total_timesteps    | 11200    |
| train/                |          |
|    entropy_loss       | -1.38    |
|    explained_variance | 0.229    |
|    learning_rate      | 9.95e-05 |
|    n_updates          | 699      |
|    policy_loss        | -9.09    |
|    value_loss         | 87.5     |
------------------------------------
------------------------------------
| rollout/              |          |
|    ep_len_mean        | 128      |
|    ep_rew_mean        | -227     |
| time/                 |          |
|    fps                | 1138     |
|    iterations         | 800      |
|    time_elapsed       | 11       |
|    total_timesteps    | 12800    |
| train/                |          |
|    entropy_loss       | -1.18    |
|    explained_variance | 0.377    |
|    learning_rate      | 9.94e-05 |
|    n_updates          | 799      |
|    policy_loss        | 8.81     |
|    value_loss         | 73.4     |
------------------------------------
------------------------------------
| rollout/              |          |
|    ep_len_mean        | 135      |
|    ep_rew_mean        | -234     |
| time/                 |          |
|    fps                | 1138     |
|    iterations         | 900      |
|    time_elapsed       | 12       |
|    total_timesteps    | 14400    |
| train/                |          |
|    entropy_loss       | -1.16    |
|    explained_variance | 0.0685   |
|    learning_rate      | 9.94e-05 |
|    n_updates          | 899      |
|    policy_loss        | -2.57    |
|    value_loss         | 7.27     |
------------------------------------
------------------------------------
| rollout/              |          |
|    ep_len_mean        | 141      |
|    ep_rew_mean        | -234     |
| time/                 |          |
|    fps                | 1146     |
|    iterations         | 1000     |
|    time_elapsed       | 13       |
|    total_timesteps    | 16000    |
| train/                |          |
|    entropy_loss       | -1.09    |
|    explained_variance | -0.00283 |
|    learning_rate      | 9.93e-05 |
|    n_updates          | 999      |
|    policy_loss        | -8.51    |
|    value_loss         | 71.5     |
------------------------------------
------------------------------------
| rollout/              |          |
|    ep_len_mean        | 148      |
|    ep_rew_mean        | -239     |
| time/                 |          |
|    fps                | 1152     |
|    iterations         | 1100     |
|    time_elapsed       | 15       |
|    total_timesteps    | 17600    |
| train/                |          |
|    entropy_loss       | -1.18    |
|    explained_variance | -0.105   |
|    learning_rate      | 9.92e-05 |
|    n_updates          | 1099     |
|    policy_loss        | 4.18     |
|    value_loss         | 22.9     |
------------------------------------
------------------------------------
| rollout/              |          |
|    ep_len_mean        | 153      |
|    ep_rew_mean        | -239     |
| time/                 |          |
|    fps                | 1162     |
|    iterations         | 1200     |
|    time_elapsed       | 16       |
|    total_timesteps    | 19200    |
| train/                |          |
|    entropy_loss       | -1.37    |
|    explained_variance | 0.551    |
|    learning_rate      | 9.91e-05 |
|    n_updates          | 1199     |
|    policy_loss        | -9.21    |
|    value_loss         | 77       |
------------------------------------
------------------------------------
| rollout/              |          |
|    ep_len_mean        | 163      |
|    ep_rew_mean        | -229     |
| time/                 |          |
|    fps                | 1168     |
|    iterations         | 1300     |
|    time_elapsed       | 17       |
|    total_timesteps    | 20800    |
| train/                |          |
|    entropy_loss       | -0.985   |
|    explained_variance | -0.0177  |
|    learning_rate      | 9.91e-05 |
|    n_updates          | 1299     |
|    policy_loss        | 1.56     |
|    value_loss         | 4        |
------------------------------------
------------------------------------
| rollout/              |          |
|    ep_len_mean        | 168      |
|    ep_rew_mean        | -228     |
| time/                 |          |
|    fps                | 1175     |
|    iterations         | 1400     |
|    time_elapsed       | 19       |
|    total_timesteps    | 22400    |
| train/                |          |
|    entropy_loss       | -1.1     |
|    explained_variance | 0.421    |
|    learning_rate      | 9.9e-05  |
|    n_updates          | 1399     |
|    policy_loss        | -22.4    |
|    value_loss         | 196      |
------------------------------------
------------------------------------
| rollout/              |          |
|    ep_len_mean        | 174      |
|    ep_rew_mean        | -230     |
| time/                 |          |
|    fps                | 1182     |
|    iterations         | 1500     |
|    time_elapsed       | 20       |
|    total_timesteps    | 24000    |
| train/                |          |
|    entropy_loss       | -0.976   |
|    explained_variance | 0.0149   |
|    learning_rate      | 9.89e-05 |
|    n_updates          | 1499     |
|    policy_loss        | -29.8    |
|    value_loss         | 946      |
------------------------------------
------------------------------------
| rollout/              |          |
|    ep_len_mean        | 178      |
|    ep_rew_mean        | -231     |
| time/                 |          |
|    fps                | 1188     |
|    iterations         | 1600     |
|    time_elapsed       | 21       |
|    total_timesteps    | 25600    |
| train/                |          |
|    entropy_loss       | -1.09    |
|    explained_variance | -0.0678  |
|    learning_rate      | 9.88e-05 |
|    n_updates          | 1599     |
|    policy_loss        | 4.39     |
|    value_loss         | 32.1     |
------------------------------------
------------------------------------
| rollout/              |          |
|    ep_len_mean        | 180      |
|    ep_rew_mean        | -221     |
| time/                 |          |
|    fps                | 1193     |
|    iterations         | 1700     |
|    time_elapsed       | 22       |
|    total_timesteps    | 27200    |
| train/                |          |
|    entropy_loss       | -0.92    |
|    explained_variance | 0.00408  |
|    learning_rate      | 9.88e-05 |
|    n_updates          | 1699     |
|    policy_loss        | -5.4     |
|    value_loss         | 116      |
------------------------------------
------------------------------------
| rollout/              |          |
|    ep_len_mean        | 182      |
|    ep_rew_mean        | -223     |
| time/                 |          |
|    fps                | 1197     |
|    iterations         | 1800     |
|    time_elapsed       | 24       |
|    total_timesteps    | 28800    |
| train/                |          |
|    entropy_loss       | -1.3     |
|    explained_variance | 0.723    |
|    learning_rate      | 9.87e-05 |
|    n_updates          | 1799     |
|    policy_loss        | 5.06     |
|    value_loss         | 30.1     |
------------------------------------
------------------------------------
| rollout/              |          |
|    ep_len_mean        | 194      |
|    ep_rew_mean        | -226     |
| time/                 |          |
|    fps                | 1201     |
|    iterations         | 1900     |
|    time_elapsed       | 25       |
|    total_timesteps    | 30400    |
| train/                |          |
|    entropy_loss       | -1.38    |
|    explained_variance | 0.351    |
|    learning_rate      | 9.86e-05 |
|    n_updates          | 1899     |
|    policy_loss        | -1.41    |
|    value_loss         | 4.23     |
------------------------------------
------------------------------------
| rollout/              |          |
|    ep_len_mean        | 204      |
|    ep_rew_mean        | -225     |
| time/                 |          |
|    fps                | 1204     |
|    iterations         | 2000     |
|    time_elapsed       | 26       |
|    total_timesteps    | 32000    |
| train/                |          |
|    entropy_loss       | -1.19    |
|    explained_variance | 0.0264   |
|    learning_rate      | 9.86e-05 |
|    n_updates          | 1999     |
|    policy_loss        | 1.24     |
|    value_loss         | 2.05     |
------------------------------------
------------------------------------
| rollout/              |          |
|    ep_len_mean        | 208      |
|    ep_rew_mean        | -220     |
| time/                 |          |
|    fps                | 1208     |
|    iterations         | 2100     |
|    time_elapsed       | 27       |
|    total_timesteps    | 33600    |
| train/                |          |
|    entropy_loss       | -0.683   |
|    explained_variance | -0.0702  |
|    learning_rate      | 9.85e-05 |
|    n_updates          | 2099     |
|    policy_loss        | 8.77     |
|    value_loss         | 227      |
------------------------------------
------------------------------------
| rollout/              |          |
|    ep_len_mean        | 211      |
|    ep_rew_mean        | -209     |
| time/                 |          |
|    fps                | 1212     |
|    iterations         | 2200     |
|    time_elapsed       | 29       |
|    total_timesteps    | 35200    |
| train/                |          |
|    entropy_loss       | -1.33    |
|    explained_variance | -0.481   |
|    learning_rate      | 9.84e-05 |
|    n_updates          | 2199     |
|    policy_loss        | -40.9    |
|    value_loss         | 1.99e+03 |
------------------------------------
------------------------------------
| rollout/              |          |
|    ep_len_mean        | 215      |
|    ep_rew_mean        | -205     |
| time/                 |          |
|    fps                | 1215     |
|    iterations         | 2300     |
|    time_elapsed       | 30       |
|    total_timesteps    | 36800    |
| train/                |          |
|    entropy_loss       | -1.04    |
|    explained_variance | -0.00625 |
|    learning_rate      | 9.83e-05 |
|    n_updates          | 2299     |
|    policy_loss        | -0.431   |
|    value_loss         | 1.28     |
------------------------------------
------------------------------------
| rollout/              |          |
|    ep_len_mean        | 217      |
|    ep_rew_mean        | -201     |
| time/                 |          |
|    fps                | 1218     |
|    iterations         | 2400     |
|    time_elapsed       | 31       |
|    total_timesteps    | 38400    |
| train/                |          |
|    entropy_loss       | -0.751   |
|    explained_variance | -0.294   |
|    learning_rate      | 9.83e-05 |
|    n_updates          | 2399     |
|    policy_loss        | 5.57     |
|    value_loss         | 65.3     |
------------------------------------
------------------------------------
| rollout/              |          |
|    ep_len_mean        | 214      |
|    ep_rew_mean        | -183     |
| time/                 |          |
|    fps                | 1220     |
|    iterations         | 2500     |
|    time_elapsed       | 32       |
|    total_timesteps    | 40000    |
| train/                |          |
|    entropy_loss       | -1.05    |
|    explained_variance | 0.024    |
|    learning_rate      | 9.82e-05 |
|    n_updates          | 2499     |
|    policy_loss        | -7.01    |
|    value_loss         | 47.5     |
------------------------------------
------------------------------------
| rollout/              |          |
|    ep_len_mean        | 210      |
|    ep_rew_mean        | -174     |
| time/                 |          |
|    fps                | 1223     |
|    iterations         | 2600     |
|    time_elapsed       | 34       |
|    total_timesteps    | 41600    |
| train/                |          |
|    entropy_loss       | -0.857   |
|    explained_variance | 0.0206   |
|    learning_rate      | 9.81e-05 |
|    n_updates          | 2599     |
|    policy_loss        | -1.22    |
|    value_loss         | 2.38     |
------------------------------------
------------------------------------
| rollout/              |          |
|    ep_len_mean        | 211      |
|    ep_rew_mean        | -167     |
| time/                 |          |
|    fps                | 1225     |
|    iterations         | 2700     |
|    time_elapsed       | 35       |
|    total_timesteps    | 43200    |
| train/                |          |
|    entropy_loss       | -0.77    |
|    explained_variance | -0.23    |
|    learning_rate      | 9.81e-05 |
|    n_updates          | 2699     |
|    policy_loss        | 9.42     |
|    value_loss         | 819      |
------------------------------------
------------------------------------
| rollout/              |          |
|    ep_len_mean        | 212      |
|    ep_rew_mean        | -150     |
| time/                 |          |
|    fps                | 1227     |
|    iterations         | 2800     |
|    time_elapsed       | 36       |
|    total_timesteps    | 44800    |
| train/                |          |
|    entropy_loss       | -0.685   |
|    explained_variance | -0.154   |
|    learning_rate      | 9.8e-05  |
|    n_updates          | 2799     |
|    policy_loss        | 8.54     |
|    value_loss         | 399      |
------------------------------------
------------------------------------
| rollout/              |          |
|    ep_len_mean        | 216      |
|    ep_rew_mean        | -138     |
| time/                 |          |
|    fps                | 1229     |
|    iterations         | 2900     |
|    time_elapsed       | 37       |
|    total_timesteps    | 46400    |
| train/                |          |
|    entropy_loss       | -0.671   |
|    explained_variance | -0.209   |
|    learning_rate      | 9.79e-05 |
|    n_updates          | 2899     |
|    policy_loss        | -44.7    |
|    value_loss         | 4.68e+03 |
------------------------------------
------------------------------------
| rollout/              |          |
|    ep_len_mean        | 219      |
|    ep_rew_mean        | -128     |
| time/                 |          |
|    fps                | 1231     |
|    iterations         | 3000     |
|    time_elapsed       | 38       |
|    total_timesteps    | 48000    |
| train/                |          |
|    entropy_loss       | -0.898   |
|    explained_variance | -0.00481 |
|    learning_rate      | 9.78e-05 |
|    n_updates          | 2999     |
|    policy_loss        | -6.27    |
|    value_loss         | 109      |
------------------------------------
------------------------------------
| rollout/              |          |
|    ep_len_mean        | 223      |
|    ep_rew_mean        | -122     |
| time/                 |          |
|    fps                | 1233     |
|    iterations         | 3100     |
|    time_elapsed       | 40       |
|    total_timesteps    | 49600    |
| train/                |          |
|    entropy_loss       | -1.13    |
|    explained_variance | 0.00761  |
|    learning_rate      | 9.78e-05 |
|    n_updates          | 3099     |
|    policy_loss        | -3.51    |
|    value_loss         | 31.3     |
------------------------------------
Eval num_timesteps=50000, episode_reward=-3231.69 +/- 125.74
Episode length: 900.40 +/- 32.07
-------------------------------------
| eval/                 |           |
|    mean_ep_length     | 900       |
|    mean_reward        | -3.23e+03 |
| time/                 |           |
|    total_timesteps    | 50000     |
| train/                |           |
|    entropy_loss       | -0.978    |
|    explained_variance | 0.0169    |
|    learning_rate      | 9.78e-05  |
|    n_updates          | 3124      |
|    policy_loss        | -3.8      |
|    value_loss         | 26.3      |
-------------------------------------
New best mean reward!
------------------------------------
| rollout/              |          |
|    ep_len_mean        | 221      |
|    ep_rew_mean        | -122     |
| time/                 |          |
|    fps                | 1178     |
|    iterations         | 3200     |
|    time_elapsed       | 43       |
|    total_timesteps    | 51200    |
| train/                |          |
|    entropy_loss       | -0.87    |
|    explained_variance | -0.00603 |
|    learning_rate      | 9.77e-05 |
|    n_updates          | 3199     |
|    policy_loss        | -7.05    |
|    value_loss         | 54.1     |
------------------------------------
------------------------------------
| rollout/              |          |
|    ep_len_mean        | 230      |
|    ep_rew_mean        | -114     |
| time/                 |          |
|    fps                | 1175     |
|    iterations         | 3300     |
|    time_elapsed       | 44       |
|    total_timesteps    | 52800    |
| train/                |          |
|    entropy_loss       | -0.085   |
|    explained_variance | -0.565   |
|    learning_rate      | 9.76e-05 |
|    n_updates          | 3299     |
|    policy_loss        | -0.277   |
|    value_loss         | 359      |
------------------------------------
------------------------------------
| rollout/              |          |
|    ep_len_mean        | 215      |
|    ep_rew_mean        | -117     |
| time/                 |          |
|    fps                | 1173     |
|    iterations         | 3400     |
|    time_elapsed       | 46       |
|    total_timesteps    | 54400    |
| train/                |          |
|    entropy_loss       | -0.791   |
|    explained_variance | -0.0606  |
|    learning_rate      | 9.76e-05 |
|    n_updates          | 3399     |
|    policy_loss        | 1.87     |
|    value_loss         | 11.2     |
------------------------------------
------------------------------------
| rollout/              |          |
|    ep_len_mean        | 221      |
|    ep_rew_mean        | -109     |
| time/                 |          |
|    fps                | 1172     |
|    iterations         | 3500     |
|    time_elapsed       | 47       |
|    total_timesteps    | 56000    |
| train/                |          |
|    entropy_loss       | -1.08    |
|    explained_variance | -0.0119  |
|    learning_rate      | 9.75e-05 |
|    n_updates          | 3499     |
|    policy_loss        | 8.31     |
|    value_loss         | 89       |
------------------------------------
------------------------------------
| rollout/              |          |
|    ep_len_mean        | 221      |
|    ep_rew_mean        | -110     |
| time/                 |          |
|    fps                | 1172     |
|    iterations         | 3600     |
|    time_elapsed       | 49       |
|    total_timesteps    | 57600    |
| train/                |          |
|    entropy_loss       | -1.08    |
|    explained_variance | -0.0449  |
|    learning_rate      | 9.74e-05 |
|    n_updates          | 3599     |
|    policy_loss        | 1.87     |
|    value_loss         | 3.91     |
------------------------------------
------------------------------------
| rollout/              |          |
|    ep_len_mean        | 230      |
|    ep_rew_mean        | -99.8    |
| time/                 |          |
|    fps                | 1175     |
|    iterations         | 3700     |
|    time_elapsed       | 50       |
|    total_timesteps    | 59200    |
| train/                |          |
|    entropy_loss       | -0.846   |
|    explained_variance | 0.00693  |
|    learning_rate      | 9.73e-05 |
|    n_updates          | 3699     |
|    policy_loss        | -3.54    |
|    value_loss         | 63.8     |
------------------------------------
------------------------------------
| rollout/              |          |
|    ep_len_mean        | 236      |
|    ep_rew_mean        | -97.9    |
| time/                 |          |
|    fps                | 1177     |
|    iterations         | 3800     |
|    time_elapsed       | 51       |
|    total_timesteps    | 60800    |
| train/                |          |
|    entropy_loss       | -0.573   |
|    explained_variance | -0.131   |
|    learning_rate      | 9.73e-05 |
|    n_updates          | 3799     |
|    policy_loss        | -14.7    |
|    value_loss         | 1.3e+03  |
------------------------------------
------------------------------------
| rollout/              |          |
|    ep_len_mean        | 240      |
|    ep_rew_mean        | -98.8    |
| time/                 |          |
|    fps                | 1180     |
|    iterations         | 3900     |
|    time_elapsed       | 52       |
|    total_timesteps    | 62400    |
| train/                |          |
|    entropy_loss       | -1.17    |
|    explained_variance | -0.632   |
|    learning_rate      | 9.72e-05 |
|    n_updates          | 3899     |
|    policy_loss        | -13.5    |
|    value_loss         | 1.77e+03 |
------------------------------------
------------------------------------
| rollout/              |          |
|    ep_len_mean        | 245      |
|    ep_rew_mean        | -99.5    |
| time/                 |          |
|    fps                | 1182     |
|    iterations         | 4000     |
|    time_elapsed       | 54       |
|    total_timesteps    | 64000    |
| train/                |          |
|    entropy_loss       | -1.11    |
|    explained_variance | 0.365    |
|    learning_rate      | 9.71e-05 |
|    n_updates          | 3999     |
|    policy_loss        | 5.54     |
|    value_loss         | 30.1     |
------------------------------------
------------------------------------
| rollout/              |          |
|    ep_len_mean        | 255      |
|    ep_rew_mean        | -96.4    |
| time/                 |          |
|    fps                | 1184     |
|    iterations         | 4100     |
|    time_elapsed       | 55       |
|    total_timesteps    | 65600    |
| train/                |          |
|    entropy_loss       | -0.87    |
|    explained_variance | -0.072   |
|    learning_rate      | 9.7e-05  |
|    n_updates          | 4099     |
|    policy_loss        | -4.54    |
|    value_loss         | 66.9     |
------------------------------------
------------------------------------
| rollout/              |          |
|    ep_len_mean        | 265      |
|    ep_rew_mean        | -98.3    |
| time/                 |          |
|    fps                | 1186     |
|    iterations         | 4200     |
|    time_elapsed       | 56       |
|    total_timesteps    | 67200    |
| train/                |          |
|    entropy_loss       | -0.854   |
|    explained_variance | -0.00487 |
|    learning_rate      | 9.7e-05  |
|    n_updates          | 4199     |
|    policy_loss        | -4.21    |
|    value_loss         | 30       |
------------------------------------
------------------------------------
| rollout/              |          |
|    ep_len_mean        | 273      |
|    ep_rew_mean        | -93.9    |
| time/                 |          |
|    fps                | 1188     |
|    iterations         | 4300     |
|    time_elapsed       | 57       |
|    total_timesteps    | 68800    |
| train/                |          |
|    entropy_loss       | -1.12    |
|    explained_variance | -0.594   |
|    learning_rate      | 9.69e-05 |
|    n_updates          | 4299     |
|    policy_loss        | 0.759    |
|    value_loss         | 71.7     |
------------------------------------
------------------------------------
| rollout/              |          |
|    ep_len_mean        | 285      |
|    ep_rew_mean        | -93.7    |
| time/                 |          |
|    fps                | 1189     |
|    iterations         | 4400     |
|    time_elapsed       | 59       |
|    total_timesteps    | 70400    |
| train/                |          |
|    entropy_loss       | -0.768   |
|    explained_variance | 0.0125   |
|    learning_rate      | 9.68e-05 |
|    n_updates          | 4399     |
|    policy_loss        | -7.57    |
|    value_loss         | 43.8     |
------------------------------------
------------------------------------
| rollout/              |          |
|    ep_len_mean        | 294      |
|    ep_rew_mean        | -89.9    |
| time/                 |          |
|    fps                | 1191     |
|    iterations         | 4500     |
|    time_elapsed       | 60       |
|    total_timesteps    | 72000    |
| train/                |          |
|    entropy_loss       | -0.594   |
|    explained_variance | -0.0605  |
|    learning_rate      | 9.68e-05 |
|    n_updates          | 4499     |
|    policy_loss        | -0.834   |
|    value_loss         | 40.2     |
------------------------------------
------------------------------------
| rollout/              |          |
|    ep_len_mean        | 295      |
|    ep_rew_mean        | -89      |
| time/                 |          |
|    fps                | 1193     |
|    iterations         | 4600     |
|    time_elapsed       | 61       |
|    total_timesteps    | 73600    |
| train/                |          |
|    entropy_loss       | -0.896   |
|    explained_variance | -0.0528  |
|    learning_rate      | 9.67e-05 |
|    n_updates          | 4599     |
|    policy_loss        | -3.12    |
|    value_loss         | 9.34     |
------------------------------------
------------------------------------
| rollout/              |          |
|    ep_len_mean        | 299      |
|    ep_rew_mean        | -89.7    |
| time/                 |          |
|    fps                | 1194     |
|    iterations         | 4700     |
|    time_elapsed       | 62       |
|    total_timesteps    | 75200    |
| train/                |          |
|    entropy_loss       | -0.715   |
|    explained_variance | -0.0693  |
|    learning_rate      | 9.66e-05 |
|    n_updates          | 4699     |
|    policy_loss        | 10       |
|    value_loss         | 192      |
------------------------------------
------------------------------------
| rollout/              |          |
|    ep_len_mean        | 301      |
|    ep_rew_mean        | -89.2    |
| time/                 |          |
|    fps                | 1196     |
|    iterations         | 4800     |
|    time_elapsed       | 64       |
|    total_timesteps    | 76800    |
| train/                |          |
|    entropy_loss       | -1.08    |
|    explained_variance | 0.0836   |
|    learning_rate      | 9.65e-05 |
|    n_updates          | 4799     |
|    policy_loss        | 0.404    |
|    value_loss         | 0.346    |
------------------------------------
------------------------------------
| rollout/              |          |
|    ep_len_mean        | 313      |
|    ep_rew_mean        | -85.7    |
| time/                 |          |
|    fps                | 1197     |
|    iterations         | 4900     |
|    time_elapsed       | 65       |
|    total_timesteps    | 78400    |
| train/                |          |
|    entropy_loss       | -0.711   |
|    explained_variance | -0.1     |
|    learning_rate      | 9.65e-05 |
|    n_updates          | 4899     |
|    policy_loss        | 8.11     |
|    value_loss         | 196      |
------------------------------------
------------------------------------
| rollout/              |          |
|    ep_len_mean        | 312      |
|    ep_rew_mean        | -83.1    |
| time/                 |          |
|    fps                | 1198     |
|    iterations         | 5000     |
|    time_elapsed       | 66       |
|    total_timesteps    | 80000    |
| train/                |          |
|    entropy_loss       | -1.02    |
|    explained_variance | -0.111   |
|    learning_rate      | 9.64e-05 |
|    n_updates          | 4999     |
|    policy_loss        | -0.0501  |
|    value_loss         | 0.0293   |
------------------------------------
------------------------------------
| rollout/              |          |
|    ep_len_mean        | 320      |
|    ep_rew_mean        | -81      |
| time/                 |          |
|    fps                | 1200     |
|    iterations         | 5100     |
|    time_elapsed       | 67       |
|    total_timesteps    | 81600    |
| train/                |          |
|    entropy_loss       | -1.11    |
|    explained_variance | -0.378   |
|    learning_rate      | 9.63e-05 |
|    n_updates          | 5099     |
|    policy_loss        | 0.13     |
|    value_loss         | 15.1     |
------------------------------------
------------------------------------
| rollout/              |          |
|    ep_len_mean        | 329      |
|    ep_rew_mean        | -70.5    |
| time/                 |          |
|    fps                | 1201     |
|    iterations         | 5200     |
|    time_elapsed       | 69       |
|    total_timesteps    | 83200    |
| train/                |          |
|    entropy_loss       | -0.613   |
|    explained_variance | -0.75    |
|    learning_rate      | 9.63e-05 |
|    n_updates          | 5199     |
|    policy_loss        | 7.2      |
|    value_loss         | 144      |
------------------------------------
------------------------------------
| rollout/              |          |
|    ep_len_mean        | 321      |
|    ep_rew_mean        | -71.9    |
| time/                 |          |
|    fps                | 1202     |
|    iterations         | 5300     |
|    time_elapsed       | 70       |
|    total_timesteps    | 84800    |
| train/                |          |
|    entropy_loss       | -0.685   |
|    explained_variance | -0.0597  |
|    learning_rate      | 9.62e-05 |
|    n_updates          | 5299     |
|    policy_loss        | 10.4     |
|    value_loss         | 346      |
------------------------------------
------------------------------------
| rollout/              |          |
|    ep_len_mean        | 320      |
|    ep_rew_mean        | -68.4    |
| time/                 |          |
|    fps                | 1203     |
|    iterations         | 5400     |
|    time_elapsed       | 71       |
|    total_timesteps    | 86400    |
| train/                |          |
|    entropy_loss       | -1.07    |
|    explained_variance | 0.0121   |
|    learning_rate      | 9.61e-05 |
|    n_updates          | 5399     |
|    policy_loss        | 0.294    |
|    value_loss         | 0.121    |
------------------------------------
------------------------------------
| rollout/              |          |
|    ep_len_mean        | 328      |
|    ep_rew_mean        | -63.7    |
| time/                 |          |
|    fps                | 1204     |
|    iterations         | 5500     |
|    time_elapsed       | 73       |
|    total_timesteps    | 88000    |
| train/                |          |
|    entropy_loss       | -1.08    |
|    explained_variance | 0.0346   |
|    learning_rate      | 9.6e-05  |
|    n_updates          | 5499     |
|    policy_loss        | -0.331   |
|    value_loss         | 1.3      |
------------------------------------
------------------------------------
| rollout/              |          |
|    ep_len_mean        | 328      |
|    ep_rew_mean        | -67.4    |
| time/                 |          |
|    fps                | 1205     |
|    iterations         | 5600     |
|    time_elapsed       | 74       |
|    total_timesteps    | 89600    |
| train/                |          |
|    entropy_loss       | -0.868   |
|    explained_variance | -0.017   |
|    learning_rate      | 9.6e-05  |
|    n_updates          | 5599     |
|    policy_loss        | 1.17     |
|    value_loss         | 7.67     |
------------------------------------
------------------------------------
| rollout/              |          |
|    ep_len_mean        | 321      |
|    ep_rew_mean        | -74.6    |
| time/                 |          |
|    fps                | 1207     |
|    iterations         | 5700     |
|    time_elapsed       | 75       |
|    total_timesteps    | 91200    |
| train/                |          |
|    entropy_loss       | -0.802   |
|    explained_variance | -0.0648  |
|    learning_rate      | 9.59e-05 |
|    n_updates          | 5699     |
|    policy_loss        | 0.482    |
|    value_loss         | 7.39     |
------------------------------------
------------------------------------
| rollout/              |          |
|    ep_len_mean        | 318      |
|    ep_rew_mean        | -72.4    |
| time/                 |          |
|    fps                | 1207     |
|    iterations         | 5800     |
|    time_elapsed       | 76       |
|    total_timesteps    | 92800    |
| train/                |          |
|    entropy_loss       | -0.768   |
|    explained_variance | 0.11     |
|    learning_rate      | 9.58e-05 |
|    n_updates          | 5799     |
|    policy_loss        | -7.74    |
|    value_loss         | 136      |
------------------------------------
------------------------------------
| rollout/              |          |
|    ep_len_mean        | 316      |
|    ep_rew_mean        | -70.4    |
| time/                 |          |
|    fps                | 1208     |
|    iterations         | 5900     |
|    time_elapsed       | 78       |
|    total_timesteps    | 94400    |
| train/                |          |
|    entropy_loss       | -1.05    |
|    explained_variance | -0.144   |
|    learning_rate      | 9.58e-05 |
|    n_updates          | 5899     |
|    policy_loss        | 0.608    |
|    value_loss         | 0.967    |
------------------------------------
------------------------------------
| rollout/              |          |
|    ep_len_mean        | 311      |
|    ep_rew_mean        | -69.5    |
| time/                 |          |
|    fps                | 1208     |
|    iterations         | 6000     |
|    time_elapsed       | 79       |
|    total_timesteps    | 96000    |
| train/                |          |
|    entropy_loss       | -0.665   |
|    explained_variance | -0.287   |
|    learning_rate      | 9.57e-05 |
|    n_updates          | 5999     |
|    policy_loss        | 8.79     |
|    value_loss         | 179      |
------------------------------------
------------------------------------
| rollout/              |          |
|    ep_len_mean        | 306      |
|    ep_rew_mean        | -73.6    |
| time/                 |          |
|    fps                | 1209     |
|    iterations         | 6100     |
|    time_elapsed       | 80       |
|    total_timesteps    | 97600    |
| train/                |          |
|    entropy_loss       | -0.998   |
|    explained_variance | 0.165    |
|    learning_rate      | 9.56e-05 |
|    n_updates          | 6099     |
|    policy_loss        | 0.0963   |
|    value_loss         | 0.0912   |
------------------------------------
------------------------------------
| rollout/              |          |
|    ep_len_mean        | 320      |
|    ep_rew_mean        | -67.5    |
| time/                 |          |
|    fps                | 1210     |
|    iterations         | 6200     |
|    time_elapsed       | 81       |
|    total_timesteps    | 99200    |
| train/                |          |
|    entropy_loss       | -0.844   |
|    explained_variance | -0.0808  |
|    learning_rate      | 9.55e-05 |
|    n_updates          | 6199     |
|    policy_loss        | -13.5    |
|    value_loss         | 104      |
------------------------------------
Eval num_timesteps=100000, episode_reward=-747.23 +/- 201.50
Episode length: 887.00 +/- 90.98
------------------------------------
| eval/                 |          |
|    mean_ep_length     | 887      |
|    mean_reward        | -747     |
| time/                 |          |
|    total_timesteps    | 100000   |
| train/                |          |
|    entropy_loss       | -0.755   |
|    explained_variance | 0.118    |
|    learning_rate      | 9.55e-05 |
|    n_updates          | 6249     |
|    policy_loss        | -5.78    |
|    value_loss         | 139      |
------------------------------------
New best mean reward!
------------------------------------
| rollout/              |          |
|    ep_len_mean        | 307      |
|    ep_rew_mean        | -73.4    |
| time/                 |          |
|    fps                | 1185     |
|    iterations         | 6300     |
|    time_elapsed       | 85       |
|    total_timesteps    | 100800   |
| train/                |          |
|    entropy_loss       | -0.877   |
|    explained_variance | 0.0273   |
|    learning_rate      | 9.55e-05 |
|    n_updates          | 6299     |
|    policy_loss        | 1.91     |
|    value_loss         | 13.6     |
------------------------------------
------------------------------------
| rollout/              |          |
|    ep_len_mean        | 299      |
|    ep_rew_mean        | -78.6    |
| time/                 |          |
|    fps                | 1186     |
|    iterations         | 6400     |
|    time_elapsed       | 86       |
|    total_timesteps    | 102400   |
| train/                |          |
|    entropy_loss       | -0.733   |
|    explained_variance | -0.496   |
|    learning_rate      | 9.54e-05 |
|    n_updates          | 6399     |
|    policy_loss        | 7.37     |
|    value_loss         | 143      |
------------------------------------
------------------------------------
| rollout/              |          |
|    ep_len_mean        | 300      |
|    ep_rew_mean        | -76.1    |
| time/                 |          |
|    fps                | 1186     |
|    iterations         | 6500     |
|    time_elapsed       | 87       |
|    total_timesteps    | 104000   |
| train/                |          |
|    entropy_loss       | -1.14    |
|    explained_variance | -0.00472 |
|    learning_rate      | 9.53e-05 |
|    n_updates          | 6499     |
|    policy_loss        | 2.69     |
|    value_loss         | 37.4     |
------------------------------------
------------------------------------
| rollout/              |          |
|    ep_len_mean        | 311      |
|    ep_rew_mean        | -74.2    |
| time/                 |          |
|    fps                | 1188     |
|    iterations         | 6600     |
|    time_elapsed       | 88       |
|    total_timesteps    | 105600   |
| train/                |          |
|    entropy_loss       | -0.566   |
|    explained_variance | -0.134   |
|    learning_rate      | 9.52e-05 |
|    n_updates          | 6599     |
|    policy_loss        | 3.81     |
|    value_loss         | 45.5     |
------------------------------------
------------------------------------
| rollout/              |          |
|    ep_len_mean        | 302      |
|    ep_rew_mean        | -76.6    |
| time/                 |          |
|    fps                | 1189     |
|    iterations         | 6700     |
|    time_elapsed       | 90       |
|    total_timesteps    | 107200   |
| train/                |          |
|    entropy_loss       | -0.684   |
|    explained_variance | -0.0657  |
|    learning_rate      | 9.52e-05 |
|    n_updates          | 6699     |
|    policy_loss        | -1.77    |
|    value_loss         | 109      |
------------------------------------
------------------------------------
| rollout/              |          |
|    ep_len_mean        | 310      |
|    ep_rew_mean        | -73.6    |
| time/                 |          |
|    fps                | 1190     |
|    iterations         | 6800     |
|    time_elapsed       | 91       |
|    total_timesteps    | 108800   |
| train/                |          |
|    entropy_loss       | -0.657   |
|    explained_variance | -0.0848  |
|    learning_rate      | 9.51e-05 |
|    n_updates          | 6799     |
|    policy_loss        | 15       |
|    value_loss         | 479      |
------------------------------------
------------------------------------
| rollout/              |          |
|    ep_len_mean        | 316      |
|    ep_rew_mean        | -74.9    |
| time/                 |          |
|    fps                | 1191     |
|    iterations         | 6900     |
|    time_elapsed       | 92       |
|    total_timesteps    | 110400   |
| train/                |          |
|    entropy_loss       | -1.12    |
|    explained_variance | 0.123    |
|    learning_rate      | 9.5e-05  |
|    n_updates          | 6899     |
|    policy_loss        | 1.03     |
|    value_loss         | 3.52     |
------------------------------------
------------------------------------
| rollout/              |          |
|    ep_len_mean        | 324      |
|    ep_rew_mean        | -73.7    |
| time/                 |          |
|    fps                | 1192     |
|    iterations         | 7000     |
|    time_elapsed       | 93       |
|    total_timesteps    | 112000   |
| train/                |          |
|    entropy_loss       | -0.561   |
|    explained_variance | 0.259    |
|    learning_rate      | 9.5e-05  |
|    n_updates          | 6999     |
|    policy_loss        | -2.97    |
|    value_loss         | 71.3     |
------------------------------------
------------------------------------
| rollout/              |          |
|    ep_len_mean        | 310      |
|    ep_rew_mean        | -78.7    |
| time/                 |          |
|    fps                | 1193     |
|    iterations         | 7100     |
|    time_elapsed       | 95       |
|    total_timesteps    | 113600   |
| train/                |          |
|    entropy_loss       | -0.945   |
|    explained_variance | -0.152   |
|    learning_rate      | 9.49e-05 |
|    n_updates          | 7099     |
|    policy_loss        | -0.0182  |
|    value_loss         | 0.0429   |
------------------------------------
------------------------------------
| rollout/              |          |
|    ep_len_mean        | 317      |
|    ep_rew_mean        | -80.3    |
| time/                 |          |
|    fps                | 1191     |
|    iterations         | 7200     |
|    time_elapsed       | 96       |
|    total_timesteps    | 115200   |
| train/                |          |
|    entropy_loss       | -0.781   |
|    explained_variance | -0.00273 |
|    learning_rate      | 9.48e-05 |
|    n_updates          | 7199     |
|    policy_loss        | -9.48    |
|    value_loss         | 64.6     |
------------------------------------
------------------------------------
| rollout/              |          |
|    ep_len_mean        | 316      |
|    ep_rew_mean        | -77.2    |
| time/                 |          |
|    fps                | 1192     |
|    iterations         | 7300     |
|    time_elapsed       | 97       |
|    total_timesteps    | 116800   |
| train/                |          |
|    entropy_loss       | -0.531   |
|    explained_variance | -0.138   |
|    learning_rate      | 9.47e-05 |
|    n_updates          | 7299     |
|    policy_loss        | -4.5     |
|    value_loss         | 136      |
------------------------------------
------------------------------------
| rollout/              |          |
|    ep_len_mean        | 314      |
|    ep_rew_mean        | -79.9    |
| time/                 |          |
|    fps                | 1193     |
|    iterations         | 7400     |
|    time_elapsed       | 99       |
|    total_timesteps    | 118400   |
| train/                |          |
|    entropy_loss       | -0.899   |
|    explained_variance | -0.078   |
|    learning_rate      | 9.47e-05 |
|    n_updates          | 7399     |
|    policy_loss        | -2.63    |
|    value_loss         | 52.7     |
------------------------------------
------------------------------------
| rollout/              |          |
|    ep_len_mean        | 316      |
|    ep_rew_mean        | -84.1    |
| time/                 |          |
|    fps                | 1193     |
|    iterations         | 7500     |
|    time_elapsed       | 100      |
|    total_timesteps    | 120000   |
| train/                |          |
|    entropy_loss       | -0.16    |
|    explained_variance | 0.475    |
|    learning_rate      | 9.46e-05 |
|    n_updates          | 7499     |
|    policy_loss        | -0.648   |
|    value_loss         | 31.9     |
------------------------------------
------------------------------------
| rollout/              |          |
|    ep_len_mean        | 319      |
|    ep_rew_mean        | -84.2    |
| time/                 |          |
|    fps                | 1194     |
|    iterations         | 7600     |
|    time_elapsed       | 101      |
|    total_timesteps    | 121600   |
| train/                |          |
|    entropy_loss       | -0.615   |
|    explained_variance | 0.257    |
|    learning_rate      | 9.45e-05 |
|    n_updates          | 7599     |
|    policy_loss        | -5.9     |
|    value_loss         | 84.7     |
------------------------------------
------------------------------------
| rollout/              |          |
|    ep_len_mean        | 320      |
|    ep_rew_mean        | -80.1    |
| time/                 |          |
|    fps                | 1194     |
|    iterations         | 7700     |
|    time_elapsed       | 103      |
|    total_timesteps    | 123200   |
| train/                |          |
|    entropy_loss       | -0.606   |
|    explained_variance | 0.638    |
|    learning_rate      | 9.45e-05 |
|    n_updates          | 7699     |
|    policy_loss        | -3.94    |
|    value_loss         | 43.2     |
------------------------------------
------------------------------------
| rollout/              |          |
|    ep_len_mean        | 327      |
|    ep_rew_mean        | -80.1    |
| time/                 |          |
|    fps                | 1195     |
|    iterations         | 7800     |
|    time_elapsed       | 104      |
|    total_timesteps    | 124800   |
| train/                |          |
|    entropy_loss       | -0.506   |
|    explained_variance | -0.225   |
|    learning_rate      | 9.44e-05 |
|    n_updates          | 7799     |
|    policy_loss        | -0.0726  |
|    value_loss         | 13.6     |
------------------------------------
------------------------------------
| rollout/              |          |
|    ep_len_mean        | 324      |
|    ep_rew_mean        | -84.5    |
| time/                 |          |
|    fps                | 1196     |
|    iterations         | 7900     |
|    time_elapsed       | 105      |
|    total_timesteps    | 126400   |
| train/                |          |
|    entropy_loss       | -0.911   |
|    explained_variance | -0.145   |
|    learning_rate      | 9.43e-05 |
|    n_updates          | 7899     |
|    policy_loss        | 0.026    |
|    value_loss         | 0.0187   |
------------------------------------
------------------------------------
| rollout/              |          |
|    ep_len_mean        | 327      |
|    ep_rew_mean        | -88.2    |
| time/                 |          |
|    fps                | 1195     |
|    iterations         | 8000     |
|    time_elapsed       | 107      |
|    total_timesteps    | 128000   |
| train/                |          |
|    entropy_loss       | -0.491   |
|    explained_variance | -0.173   |
|    learning_rate      | 9.42e-05 |
|    n_updates          | 7999     |
|    policy_loss        | 3.17     |
|    value_loss         | 49.2     |
------------------------------------
------------------------------------
| rollout/              |          |
|    ep_len_mean        | 336      |
|    ep_rew_mean        | -87.3    |
| time/                 |          |
|    fps                | 1196     |
|    iterations         | 8100     |
|    time_elapsed       | 108      |
|    total_timesteps    | 129600   |
| train/                |          |
|    entropy_loss       | -0.804   |
|    explained_variance | -0.0088  |
|    learning_rate      | 9.42e-05 |
|    n_updates          | 8099     |
|    policy_loss        | -0.245   |
|    value_loss         | 4.97     |
------------------------------------
------------------------------------
| rollout/              |          |
|    ep_len_mean        | 327      |
|    ep_rew_mean        | -87.1    |
| time/                 |          |
|    fps                | 1196     |
|    iterations         | 8200     |
|    time_elapsed       | 109      |
|    total_timesteps    | 131200   |
| train/                |          |
|    entropy_loss       | -0.961   |
|    explained_variance | 0.0971   |
|    learning_rate      | 9.41e-05 |
|    n_updates          | 8199     |
|    policy_loss        | -0.026   |
|    value_loss         | 0.0503   |
------------------------------------
------------------------------------
| rollout/              |          |
|    ep_len_mean        | 335      |
|    ep_rew_mean        | -86.1    |
| time/                 |          |
|    fps                | 1197     |
|    iterations         | 8300     |
|    time_elapsed       | 110      |
|    total_timesteps    | 132800   |
| train/                |          |
|    entropy_loss       | -0.639   |
|    explained_variance | -0.0927  |
|    learning_rate      | 9.4e-05  |
|    n_updates          | 8299     |
|    policy_loss        | 16.3     |
|    value_loss         | 670      |
------------------------------------
------------------------------------
| rollout/              |          |
|    ep_len_mean        | 336      |
|    ep_rew_mean        | -87.4    |
| time/                 |          |
|    fps                | 1198     |
|    iterations         | 8400     |
|    time_elapsed       | 112      |
|    total_timesteps    | 134400   |
| train/                |          |
|    entropy_loss       | -0.947   |
|    explained_variance | -0.243   |
|    learning_rate      | 9.4e-05  |
|    n_updates          | 8399     |
|    policy_loss        | 0.0484   |
|    value_loss         | 0.071    |
------------------------------------
------------------------------------
| rollout/              |          |
|    ep_len_mean        | 343      |
|    ep_rew_mean        | -86.4    |
| time/                 |          |
|    fps                | 1196     |
|    iterations         | 8500     |
|    time_elapsed       | 113      |
|    total_timesteps    | 136000   |
| train/                |          |
|    entropy_loss       | -1.03    |
|    explained_variance | -0.0679  |
|    learning_rate      | 9.39e-05 |
|    n_updates          | 8499     |
|    policy_loss        | -21.8    |
|    value_loss         | 345      |
------------------------------------
------------------------------------
| rollout/              |          |
|    ep_len_mean        | 347      |
|    ep_rew_mean        | -89.3    |
| time/                 |          |
|    fps                | 1197     |
|    iterations         | 8600     |
|    time_elapsed       | 114      |
|    total_timesteps    | 137600   |
| train/                |          |
|    entropy_loss       | -0.559   |
|    explained_variance | 0.499    |
|    learning_rate      | 9.38e-05 |
|    n_updates          | 8599     |
|    policy_loss        | -6.54    |
|    value_loss         | 170      |
------------------------------------
------------------------------------
| rollout/              |          |
|    ep_len_mean        | 339      |
|    ep_rew_mean        | -91.5    |
| time/                 |          |
|    fps                | 1198     |
|    iterations         | 8700     |
|    time_elapsed       | 116      |
|    total_timesteps    | 139200   |
| train/                |          |
|    entropy_loss       | -1.04    |
|    explained_variance | -0.0512  |
|    learning_rate      | 9.37e-05 |
|    n_updates          | 8699     |
|    policy_loss        | -0.0781  |
|    value_loss         | 0.0912   |
------------------------------------
------------------------------------
| rollout/              |          |
|    ep_len_mean        | 349      |
|    ep_rew_mean        | -92.3    |
| time/                 |          |
|    fps                | 1198     |
|    iterations         | 8800     |
|    time_elapsed       | 117      |
|    total_timesteps    | 140800   |
| train/                |          |
|    entropy_loss       | -0.624   |
|    explained_variance | 0.247    |
|    learning_rate      | 9.37e-05 |
|    n_updates          | 8799     |
|    policy_loss        | 2.55     |
|    value_loss         | 20.1     |
------------------------------------
------------------------------------
| rollout/              |          |
|    ep_len_mean        | 350      |
|    ep_rew_mean        | -90.6    |
| time/                 |          |
|    fps                | 1199     |
|    iterations         | 8900     |
|    time_elapsed       | 118      |
|    total_timesteps    | 142400   |
| train/                |          |
|    entropy_loss       | -0.688   |
|    explained_variance | 0.546    |
|    learning_rate      | 9.36e-05 |
|    n_updates          | 8899     |
|    policy_loss        | 2.44     |
|    value_loss         | 14.7     |
------------------------------------
------------------------------------
| rollout/              |          |
|    ep_len_mean        | 335      |
|    ep_rew_mean        | -94.7    |
| time/                 |          |
|    fps                | 1200     |
|    iterations         | 9000     |
|    time_elapsed       | 119      |
|    total_timesteps    | 144000   |
| train/                |          |
|    entropy_loss       | -0.793   |
|    explained_variance | 0.33     |
|    learning_rate      | 9.35e-05 |
|    n_updates          | 8999     |
|    policy_loss        | -4.62    |
|    value_loss         | 40.5     |
------------------------------------
------------------------------------
| rollout/              |          |
|    ep_len_mean        | 327      |
|    ep_rew_mean        | -100     |
| time/                 |          |
|    fps                | 1201     |
|    iterations         | 9100     |
|    time_elapsed       | 121      |
|    total_timesteps    | 145600   |
| train/                |          |
|    entropy_loss       | -0.994   |
|    explained_variance | 0.144    |
|    learning_rate      | 9.34e-05 |
|    n_updates          | 9099     |
|    policy_loss        | 0.0477   |
|    value_loss         | 0.136    |
------------------------------------
------------------------------------
| rollout/              |          |
|    ep_len_mean        | 338      |
|    ep_rew_mean        | -100     |
| time/                 |          |
|    fps                | 1202     |
|    iterations         | 9200     |
|    time_elapsed       | 122      |
|    total_timesteps    | 147200   |
| train/                |          |
|    entropy_loss       | -1.08    |
|    explained_variance | 0.136    |
|    learning_rate      | 9.34e-05 |
|    n_updates          | 9199     |
|    policy_loss        | -0.0894  |
|    value_loss         | 0.077    |
------------------------------------
------------------------------------
| rollout/              |          |
|    ep_len_mean        | 339      |
|    ep_rew_mean        | -102     |
| time/                 |          |
|    fps                | 1203     |
|    iterations         | 9300     |
|    time_elapsed       | 123      |
|    total_timesteps    | 148800   |
| train/                |          |
|    entropy_loss       | -0.606   |
|    explained_variance | 0.0198   |
|    learning_rate      | 9.33e-05 |
|    n_updates          | 9299     |
|    policy_loss        | 4.59     |
|    value_loss         | 42.2     |
------------------------------------
Eval num_timesteps=150000, episode_reward=-416.68 +/- 409.08
Episode length: 820.40 +/- 229.77
------------------------------------
| eval/                 |          |
|    mean_ep_length     | 820      |
|    mean_reward        | -417     |
| time/                 |          |
|    total_timesteps    | 150000   |
| train/                |          |
|    entropy_loss       | -0.776   |
|    explained_variance | -0.482   |
|    learning_rate      | 9.33e-05 |
|    n_updates          | 9374     |
|    policy_loss        | -7.45    |
|    value_loss         | 97.4     |
------------------------------------
New best mean reward!
------------------------------------
| rollout/              |          |
|    ep_len_mean        | 340      |
|    ep_rew_mean        | -108     |
| time/                 |          |
|    fps                | 1187     |
|    iterations         | 9400     |
|    time_elapsed       | 126      |
|    total_timesteps    | 150400   |
| train/                |          |
|    entropy_loss       | -0.545   |
|    explained_variance | -0.0532  |
|    learning_rate      | 9.32e-05 |
|    n_updates          | 9399     |
|    policy_loss        | 0.15     |
|    value_loss         | 90.8     |
------------------------------------
------------------------------------
| rollout/              |          |
|    ep_len_mean        | 336      |
|    ep_rew_mean        | -106     |
| time/                 |          |
|    fps                | 1188     |
|    iterations         | 9500     |
|    time_elapsed       | 127      |
|    total_timesteps    | 152000   |
| train/                |          |
|    entropy_loss       | -0.623   |
|    explained_variance | 0.635    |
|    learning_rate      | 9.32e-05 |
|    n_updates          | 9499     |
|    policy_loss        | -0.925   |
|    value_loss         | 10.3     |
------------------------------------
------------------------------------
| rollout/              |          |
|    ep_len_mean        | 333      |
|    ep_rew_mean        | -105     |
| time/                 |          |
|    fps                | 1188     |
|    iterations         | 9600     |
|    time_elapsed       | 129      |
|    total_timesteps    | 153600   |
| train/                |          |
|    entropy_loss       | -0.572   |
|    explained_variance | -0.0832  |
|    learning_rate      | 9.31e-05 |
|    n_updates          | 9599     |
|    policy_loss        | 10.1     |
|    value_loss         | 320      |
------------------------------------
------------------------------------
| rollout/              |          |
|    ep_len_mean        | 334      |
|    ep_rew_mean        | -104     |
| time/                 |          |
|    fps                | 1189     |
|    iterations         | 9700     |
|    time_elapsed       | 130      |
|    total_timesteps    | 155200   |
| train/                |          |
|    entropy_loss       | -0.835   |
|    explained_variance | 0.0329   |
|    learning_rate      | 9.3e-05  |
|    n_updates          | 9699     |
|    policy_loss        | -0.41    |
|    value_loss         | 2.71     |
------------------------------------
------------------------------------
| rollout/              |          |
|    ep_len_mean        | 341      |
|    ep_rew_mean        | -99.4    |
| time/                 |          |
|    fps                | 1190     |
|    iterations         | 9800     |
|    time_elapsed       | 131      |
|    total_timesteps    | 156800   |
| train/                |          |
|    entropy_loss       | -0.694   |
|    explained_variance | -0.116   |
|    learning_rate      | 9.29e-05 |
|    n_updates          | 9799     |
|    policy_loss        | -1.92    |
|    value_loss         | 5.1      |
------------------------------------
------------------------------------
| rollout/              |          |
|    ep_len_mean        | 344      |
|    ep_rew_mean        | -97.6    |
| time/                 |          |
|    fps                | 1191     |
|    iterations         | 9900     |
|    time_elapsed       | 132      |
|    total_timesteps    | 158400   |
| train/                |          |
|    entropy_loss       | -1.05    |
|    explained_variance | 0.133    |
|    learning_rate      | 9.29e-05 |
|    n_updates          | 9899     |
|    policy_loss        | -5.17    |
|    value_loss         | 32.2     |
------------------------------------
------------------------------------
| rollout/              |          |
|    ep_len_mean        | 346      |
|    ep_rew_mean        | -95.1    |
| time/                 |          |
|    fps                | 1191     |
|    iterations         | 10000    |
|    time_elapsed       | 134      |
|    total_timesteps    | 160000   |
| train/                |          |
|    entropy_loss       | -0.597   |
|    explained_variance | -0.0955  |
|    learning_rate      | 9.28e-05 |
|    n_updates          | 9999     |
|    policy_loss        | 19.3     |
|    value_loss         | 1.03e+03 |
------------------------------------
------------------------------------
| rollout/              |          |
|    ep_len_mean        | 340      |
|    ep_rew_mean        | -92.2    |
| time/                 |          |
|    fps                | 1192     |
|    iterations         | 10100    |
|    time_elapsed       | 135      |
|    total_timesteps    | 161600   |
| train/                |          |
|    entropy_loss       | -0.424   |
|    explained_variance | -0.372   |
|    learning_rate      | 9.27e-05 |
|    n_updates          | 10099    |
|    policy_loss        | -17.8    |
|    value_loss         | 2.34e+03 |
------------------------------------
------------------------------------
| rollout/              |          |
|    ep_len_mean        | 346      |
|    ep_rew_mean        | -85.5    |
| time/                 |          |
|    fps                | 1192     |
|    iterations         | 10200    |
|    time_elapsed       | 136      |
|    total_timesteps    | 163200   |
| train/                |          |
|    entropy_loss       | -0.67    |
|    explained_variance | 0.0595   |
|    learning_rate      | 9.27e-05 |
|    n_updates          | 10199    |
|    policy_loss        | -4.4     |
|    value_loss         | 90.1     |
------------------------------------
------------------------------------
| rollout/              |          |
|    ep_len_mean        | 341      |
|    ep_rew_mean        | -89.2    |
| time/                 |          |
|    fps                | 1193     |
|    iterations         | 10300    |
|    time_elapsed       | 138      |
|    total_timesteps    | 164800   |
| train/                |          |
|    entropy_loss       | -0.729   |
|    explained_variance | -0.0709  |
|    learning_rate      | 9.26e-05 |
|    n_updates          | 10299    |
|    policy_loss        | 11.9     |
|    value_loss         | 223      |
------------------------------------
------------------------------------
| rollout/              |          |
|    ep_len_mean        | 333      |
|    ep_rew_mean        | -90.5    |
| time/                 |          |
|    fps                | 1193     |
|    iterations         | 10400    |
|    time_elapsed       | 139      |
|    total_timesteps    | 166400   |
| train/                |          |
|    entropy_loss       | -0.68    |
|    explained_variance | 0.626    |
|    learning_rate      | 9.25e-05 |
|    n_updates          | 10399    |
|    policy_loss        | -0.962   |
|    value_loss         | 14       |
------------------------------------
------------------------------------
| rollout/              |          |
|    ep_len_mean        | 327      |
|    ep_rew_mean        | -90.4    |
| time/                 |          |
|    fps                | 1194     |
|    iterations         | 10500    |
|    time_elapsed       | 140      |
|    total_timesteps    | 168000   |
| train/                |          |
|    entropy_loss       | -1.07    |
|    explained_variance | 0.388    |
|    learning_rate      | 9.24e-05 |
|    n_updates          | 10499    |
|    policy_loss        | -0.253   |
|    value_loss         | 5.55     |
------------------------------------
------------------------------------
| rollout/              |          |
|    ep_len_mean        | 328      |
|    ep_rew_mean        | -85.4    |
| time/                 |          |
|    fps                | 1194     |
|    iterations         | 10600    |
|    time_elapsed       | 141      |
|    total_timesteps    | 169600   |
| train/                |          |
|    entropy_loss       | -0.356   |
|    explained_variance | -0.708   |
|    learning_rate      | 9.24e-05 |
|    n_updates          | 10599    |
|    policy_loss        | -20.8    |
|    value_loss         | 7.96e+03 |
------------------------------------
------------------------------------
| rollout/              |          |
|    ep_len_mean        | 332      |
|    ep_rew_mean        | -86      |
| time/                 |          |
|    fps                | 1195     |
|    iterations         | 10700    |
|    time_elapsed       | 143      |
|    total_timesteps    | 171200   |
| train/                |          |
|    entropy_loss       | -0.456   |
|    explained_variance | -0.169   |
|    learning_rate      | 9.23e-05 |
|    n_updates          | 10699    |
|    policy_loss        | 2.35     |
|    value_loss         | 1.72e+03 |
------------------------------------
------------------------------------
| rollout/              |          |
|    ep_len_mean        | 320      |
|    ep_rew_mean        | -86.7    |
| time/                 |          |
|    fps                | 1196     |
|    iterations         | 10800    |
|    time_elapsed       | 144      |
|    total_timesteps    | 172800   |
| train/                |          |
|    entropy_loss       | -0.262   |
|    explained_variance | -0.265   |
|    learning_rate      | 9.22e-05 |
|    n_updates          | 10799    |
|    policy_loss        | 5.23     |
|    value_loss         | 70.8     |
------------------------------------
------------------------------------
| rollout/              |          |
|    ep_len_mean        | 329      |
|    ep_rew_mean        | -89.3    |
| time/                 |          |
|    fps                | 1196     |
|    iterations         | 10900    |
|    time_elapsed       | 145      |
|    total_timesteps    | 174400   |
| train/                |          |
|    entropy_loss       | -1.01    |
|    explained_variance | 0.195    |
|    learning_rate      | 9.22e-05 |
|    n_updates          | 10899    |
|    policy_loss        | 0.164    |
|    value_loss         | 0.784    |
------------------------------------
------------------------------------
| rollout/              |          |
|    ep_len_mean        | 336      |
|    ep_rew_mean        | -89.1    |
| time/                 |          |
|    fps                | 1197     |
|    iterations         | 11000    |
|    time_elapsed       | 147      |
|    total_timesteps    | 176000   |
| train/                |          |
|    entropy_loss       | -0.67    |
|    explained_variance | 0.0155   |
|    learning_rate      | 9.21e-05 |
|    n_updates          | 10999    |
|    policy_loss        | -3.19    |
|    value_loss         | 63.7     |
------------------------------------
------------------------------------
| rollout/              |          |
|    ep_len_mean        | 335      |
|    ep_rew_mean        | -90.4    |
| time/                 |          |
|    fps                | 1197     |
|    iterations         | 11100    |
|    time_elapsed       | 148      |
|    total_timesteps    | 177600   |
| train/                |          |
|    entropy_loss       | -0.304   |
|    explained_variance | -0.702   |
|    learning_rate      | 9.2e-05  |
|    n_updates          | 11099    |
|    policy_loss        | -4.23    |
|    value_loss         | 461      |
------------------------------------
------------------------------------
| rollout/              |          |
|    ep_len_mean        | 312      |
|    ep_rew_mean        | -92.2    |
| time/                 |          |
|    fps                | 1198     |
|    iterations         | 11200    |
|    time_elapsed       | 149      |
|    total_timesteps    | 179200   |
| train/                |          |
|    entropy_loss       | -0.708   |
|    explained_variance | 0.295    |
|    learning_rate      | 9.19e-05 |
|    n_updates          | 11199    |
|    policy_loss        | -2.93    |
|    value_loss         | 35.4     |
------------------------------------
------------------------------------
| rollout/              |          |
|    ep_len_mean        | 311      |
|    ep_rew_mean        | -89.5    |
| time/                 |          |
|    fps                | 1198     |
|    iterations         | 11300    |
|    time_elapsed       | 150      |
|    total_timesteps    | 180800   |
| train/                |          |
|    entropy_loss       | -0.91    |
|    explained_variance | 0.0148   |
|    learning_rate      | 9.19e-05 |
|    n_updates          | 11299    |
|    policy_loss        | 0.0727   |
|    value_loss         | 0.0252   |
------------------------------------
------------------------------------
| rollout/              |          |
|    ep_len_mean        | 325      |
|    ep_rew_mean        | -82.2    |
| time/                 |          |
|    fps                | 1199     |
|    iterations         | 11400    |
|    time_elapsed       | 152      |
|    total_timesteps    | 182400   |
| train/                |          |
|    entropy_loss       | -0.604   |
|    explained_variance | -0.097   |
|    learning_rate      | 9.18e-05 |
|    n_updates          | 11399    |
|    policy_loss        | 3.19     |
|    value_loss         | 47.4     |
------------------------------------
------------------------------------
| rollout/              |          |
|    ep_len_mean        | 327      |
|    ep_rew_mean        | -82      |
| time/                 |          |
|    fps                | 1200     |
|    iterations         | 11500    |
|    time_elapsed       | 153      |
|    total_timesteps    | 184000   |
| train/                |          |
|    entropy_loss       | -0.717   |
|    explained_variance | -0.257   |
|    learning_rate      | 9.17e-05 |
|    n_updates          | 11499    |
|    policy_loss        | 5.06     |
|    value_loss         | 69.4     |
------------------------------------
------------------------------------
| rollout/              |          |
|    ep_len_mean        | 333      |
|    ep_rew_mean        | -76.7    |
| time/                 |          |
|    fps                | 1200     |
|    iterations         | 11600    |
|    time_elapsed       | 154      |
|    total_timesteps    | 185600   |
| train/                |          |
|    entropy_loss       | -0.514   |
|    explained_variance | 0.281    |
|    learning_rate      | 9.16e-05 |
|    n_updates          | 11599    |
|    policy_loss        | 32       |
|    value_loss         | 3.82e+03 |
------------------------------------
------------------------------------
| rollout/              |          |
|    ep_len_mean        | 340      |
|    ep_rew_mean        | -75.4    |
| time/                 |          |
|    fps                | 1201     |
|    iterations         | 11700    |
|    time_elapsed       | 155      |
|    total_timesteps    | 187200   |
| train/                |          |
|    entropy_loss       | -0.667   |
|    explained_variance | 0.388    |
|    learning_rate      | 9.16e-05 |
|    n_updates          | 11699    |
|    policy_loss        | -0.346   |
|    value_loss         | 15.4     |
------------------------------------
------------------------------------
| rollout/              |          |
|    ep_len_mean        | 345      |
|    ep_rew_mean        | -73.5    |
| time/                 |          |
|    fps                | 1201     |
|    iterations         | 11800    |
|    time_elapsed       | 157      |
|    total_timesteps    | 188800   |
| train/                |          |
|    entropy_loss       | -0.475   |
|    explained_variance | 0.528    |
|    learning_rate      | 9.15e-05 |
|    n_updates          | 11799    |
|    policy_loss        | -4.97    |
|    value_loss         | 58.8     |
------------------------------------
------------------------------------
| rollout/              |          |
|    ep_len_mean        | 343      |
|    ep_rew_mean        | -72.7    |
| time/                 |          |
|    fps                | 1201     |
|    iterations         | 11900    |
|    time_elapsed       | 158      |
|    total_timesteps    | 190400   |
| train/                |          |
|    entropy_loss       | -0.394   |
|    explained_variance | -0.133   |
|    learning_rate      | 9.14e-05 |
|    n_updates          | 11899    |
|    policy_loss        | 2.09     |
|    value_loss         | 2.74e+03 |
------------------------------------
------------------------------------
| rollout/              |          |
|    ep_len_mean        | 331      |
|    ep_rew_mean        | -82.8    |
| time/                 |          |
|    fps                | 1202     |
|    iterations         | 12000    |
|    time_elapsed       | 159      |
|    total_timesteps    | 192000   |
| train/                |          |
|    entropy_loss       | -0.785   |
|    explained_variance | -1.71    |
|    learning_rate      | 9.14e-05 |
|    n_updates          | 11999    |
|    policy_loss        | -10.9    |
|    value_loss         | 2.05e+03 |
------------------------------------
------------------------------------
| rollout/              |          |
|    ep_len_mean        | 341      |
|    ep_rew_mean        | -80.5    |
| time/                 |          |
|    fps                | 1203     |
|    iterations         | 12100    |
|    time_elapsed       | 160      |
|    total_timesteps    | 193600   |
| train/                |          |
|    entropy_loss       | -0.555   |
|    explained_variance | -0.818   |
|    learning_rate      | 9.13e-05 |
|    n_updates          | 12099    |
|    policy_loss        | 8.2      |
|    value_loss         | 408      |
------------------------------------
------------------------------------
| rollout/              |          |
|    ep_len_mean        | 339      |
|    ep_rew_mean        | -84.6    |
| time/                 |          |
|    fps                | 1203     |
|    iterations         | 12200    |
|    time_elapsed       | 162      |
|    total_timesteps    | 195200   |
| train/                |          |
|    entropy_loss       | -1.12    |
|    explained_variance | 0.497    |
|    learning_rate      | 9.12e-05 |
|    n_updates          | 12199    |
|    policy_loss        | 9.82     |
|    value_loss         | 75.7     |
------------------------------------
------------------------------------
| rollout/              |          |
|    ep_len_mean        | 337      |
|    ep_rew_mean        | -86.6    |
| time/                 |          |
|    fps                | 1204     |
|    iterations         | 12300    |
|    time_elapsed       | 163      |
|    total_timesteps    | 196800   |
| train/                |          |
|    entropy_loss       | -0.667   |
|    explained_variance | 0.0763   |
|    learning_rate      | 9.11e-05 |
|    n_updates          | 12299    |
|    policy_loss        | 2.94     |
|    value_loss         | 25.8     |
------------------------------------
------------------------------------
| rollout/              |          |
|    ep_len_mean        | 337      |
|    ep_rew_mean        | -89.8    |
| time/                 |          |
|    fps                | 1204     |
|    iterations         | 12400    |
|    time_elapsed       | 164      |
|    total_timesteps    | 198400   |
| train/                |          |
|    entropy_loss       | -0.986   |
|    explained_variance | 0.0227   |
|    learning_rate      | 9.11e-05 |
|    n_updates          | 12399    |
|    policy_loss        | -14.3    |
|    value_loss         | 122      |
------------------------------------
Eval num_timesteps=200000, episode_reward=-86.11 +/- 117.15
Episode length: 661.80 +/- 297.67
------------------------------------
| eval/                 |          |
|    mean_ep_length     | 662      |
|    mean_reward        | -86.1    |
| time/                 |          |
|    total_timesteps    | 200000   |
| train/                |          |
|    entropy_loss       | -0.556   |
|    explained_variance | -0.062   |
|    learning_rate      | 9.1e-05  |
|    n_updates          | 12499    |
|    policy_loss        | -7.06    |
|    value_loss         | 229      |
------------------------------------
New best mean reward!
---------------------------------
| rollout/           |          |
|    ep_len_mean     | 333      |
|    ep_rew_mean     | -88.1    |
| time/              |          |
|    fps             | 1195     |
|    iterations      | 12500    |
|    time_elapsed    | 167      |
|    total_timesteps | 200000   |
---------------------------------
------------------------------------
| rollout/              |          |
|    ep_len_mean        | 339      |
|    ep_rew_mean        | -89.1    |
| time/                 |          |
|    fps                | 1195     |
|    iterations         | 12600    |
|    time_elapsed       | 168      |
|    total_timesteps    | 201600   |
| train/                |          |
|    entropy_loss       | -0.611   |
|    explained_variance | 0.097    |
|    learning_rate      | 9.09e-05 |
|    n_updates          | 12599    |
|    policy_loss        | 11.5     |
|    value_loss         | 438      |
------------------------------------
------------------------------------
| rollout/              |          |
|    ep_len_mean        | 339      |
|    ep_rew_mean        | -91.7    |
| time/                 |          |
|    fps                | 1196     |
|    iterations         | 12700    |
|    time_elapsed       | 169      |
|    total_timesteps    | 203200   |
| train/                |          |
|    entropy_loss       | -1.05    |
|    explained_variance | 0.0702   |
|    learning_rate      | 9.09e-05 |
|    n_updates          | 12699    |
|    policy_loss        | -0.357   |
|    value_loss         | 1.6      |
------------------------------------
------------------------------------
| rollout/              |          |
|    ep_len_mean        | 348      |
|    ep_rew_mean        | -88.8    |
| time/                 |          |
|    fps                | 1197     |
|    iterations         | 12800    |
|    time_elapsed       | 171      |
|    total_timesteps    | 204800   |
| train/                |          |
|    entropy_loss       | -0.79    |
|    explained_variance | 0.157    |
|    learning_rate      | 9.08e-05 |
|    n_updates          | 12799    |
|    policy_loss        | -1.9     |
|    value_loss         | 6.82     |
------------------------------------
------------------------------------
| rollout/              |          |
|    ep_len_mean        | 336      |
|    ep_rew_mean        | -84.6    |
| time/                 |          |
|    fps                | 1197     |
|    iterations         | 12900    |
|    time_elapsed       | 172      |
|    total_timesteps    | 206400   |
| train/                |          |
|    entropy_loss       | -0.565   |
|    explained_variance | 0.624    |
|    learning_rate      | 9.07e-05 |
|    n_updates          | 12899    |
|    policy_loss        | -4.14    |
|    value_loss         | 99.7     |
------------------------------------
------------------------------------
| rollout/              |          |
|    ep_len_mean        | 319      |
|    ep_rew_mean        | -86.7    |
| time/                 |          |
|    fps                | 1198     |
|    iterations         | 13000    |
|    time_elapsed       | 173      |
|    total_timesteps    | 208000   |
| train/                |          |
|    entropy_loss       | -0.624   |
|    explained_variance | -1.32    |
|    learning_rate      | 9.06e-05 |
|    n_updates          | 12999    |
|    policy_loss        | 12.7     |
|    value_loss         | 493      |
------------------------------------
------------------------------------
| rollout/              |          |
|    ep_len_mean        | 316      |
|    ep_rew_mean        | -87.7    |
| time/                 |          |
|    fps                | 1198     |
|    iterations         | 13100    |
|    time_elapsed       | 174      |
|    total_timesteps    | 209600   |
| train/                |          |
|    entropy_loss       | -0.385   |
|    explained_variance | 0.402    |
|    learning_rate      | 9.06e-05 |
|    n_updates          | 13099    |
|    policy_loss        | -4.3     |
|    value_loss         | 76.3     |
------------------------------------
------------------------------------
| rollout/              |          |
|    ep_len_mean        | 326      |
|    ep_rew_mean        | -83.4    |
| time/                 |          |
|    fps                | 1198     |
|    iterations         | 13200    |
|    time_elapsed       | 176      |
|    total_timesteps    | 211200   |
| train/                |          |
|    entropy_loss       | -0.671   |
|    explained_variance | -2.24    |
|    learning_rate      | 9.05e-05 |
|    n_updates          | 13199    |
|    policy_loss        | 7.67     |
|    value_loss         | 173      |
------------------------------------
------------------------------------
| rollout/              |          |
|    ep_len_mean        | 335      |
|    ep_rew_mean        | -79.9    |
| time/                 |          |
|    fps                | 1199     |
|    iterations         | 13300    |
|    time_elapsed       | 177      |
|    total_timesteps    | 212800   |
| train/                |          |
|    entropy_loss       | -0.234   |
|    explained_variance | -0.331   |
|    learning_rate      | 9.04e-05 |
|    n_updates          | 13299    |
|    policy_loss        | -8.09    |
|    value_loss         | 215      |
------------------------------------
------------------------------------
| rollout/              |          |
|    ep_len_mean        | 336      |
|    ep_rew_mean        | -77.4    |
| time/                 |          |
|    fps                | 1199     |
|    iterations         | 13400    |
|    time_elapsed       | 178      |
|    total_timesteps    | 214400   |
| train/                |          |
|    entropy_loss       | -1.08    |
|    explained_variance | 0.469    |
|    learning_rate      | 9.04e-05 |
|    n_updates          | 13399    |
|    policy_loss        | 0.981    |
|    value_loss         | 30.4     |
------------------------------------
------------------------------------
| rollout/              |          |
|    ep_len_mean        | 323      |
|    ep_rew_mean        | -76.4    |
| time/                 |          |
|    fps                | 1200     |
|    iterations         | 13500    |
|    time_elapsed       | 179      |
|    total_timesteps    | 216000   |
| train/                |          |
|    entropy_loss       | -0.524   |
|    explained_variance | 0.33     |
|    learning_rate      | 9.03e-05 |
|    n_updates          | 13499    |
|    policy_loss        | -6.96    |
|    value_loss         | 196      |
------------------------------------
------------------------------------
| rollout/              |          |
|    ep_len_mean        | 329      |
|    ep_rew_mean        | -74      |
| time/                 |          |
|    fps                | 1200     |
|    iterations         | 13600    |
|    time_elapsed       | 181      |
|    total_timesteps    | 217600   |
| train/                |          |
|    entropy_loss       | -0.617   |
|    explained_variance | -0.185   |
|    learning_rate      | 9.02e-05 |
|    n_updates          | 13599    |
|    policy_loss        | 13.5     |
|    value_loss         | 553      |
------------------------------------
------------------------------------
| rollout/              |          |
|    ep_len_mean        | 330      |
|    ep_rew_mean        | -73.9    |
| time/                 |          |
|    fps                | 1200     |
|    iterations         | 13700    |
|    time_elapsed       | 182      |
|    total_timesteps    | 219200   |
| train/                |          |
|    entropy_loss       | -1.21    |
|    explained_variance | 0.632    |
|    learning_rate      | 9.01e-05 |
|    n_updates          | 13699    |
|    policy_loss        | 6.13     |
|    value_loss         | 35.8     |
------------------------------------
------------------------------------
| rollout/              |          |
|    ep_len_mean        | 322      |
|    ep_rew_mean        | -74.5    |
| time/                 |          |
|    fps                | 1201     |
|    iterations         | 13800    |
|    time_elapsed       | 183      |
|    total_timesteps    | 220800   |
| train/                |          |
|    entropy_loss       | -0.622   |
|    explained_variance | 0.768    |
|    learning_rate      | 9.01e-05 |
|    n_updates          | 13799    |
|    policy_loss        | 2.09     |
|    value_loss         | 16       |
------------------------------------
------------------------------------
| rollout/              |          |
|    ep_len_mean        | 321      |
|    ep_rew_mean        | -74      |
| time/                 |          |
|    fps                | 1201     |
|    iterations         | 13900    |
|    time_elapsed       | 185      |
|    total_timesteps    | 222400   |
| train/                |          |
|    entropy_loss       | -0.639   |
|    explained_variance | -0.32    |
|    learning_rate      | 9e-05    |
|    n_updates          | 13899    |
|    policy_loss        | 6.97     |
|    value_loss         | 152      |
------------------------------------
------------------------------------
| rollout/              |          |
|    ep_len_mean        | 328      |
|    ep_rew_mean        | -70.2    |
| time/                 |          |
|    fps                | 1201     |
|    iterations         | 14000    |
|    time_elapsed       | 186      |
|    total_timesteps    | 224000   |
| train/                |          |
|    entropy_loss       | -0.349   |
|    explained_variance | 0.117    |
|    learning_rate      | 8.99e-05 |
|    n_updates          | 13999    |
|    policy_loss        | -5.24    |
|    value_loss         | 584      |
------------------------------------
------------------------------------
| rollout/              |          |
|    ep_len_mean        | 332      |
|    ep_rew_mean        | -62.2    |
| time/                 |          |
|    fps                | 1202     |
|    iterations         | 14100    |
|    time_elapsed       | 187      |
|    total_timesteps    | 225600   |
| train/                |          |
|    entropy_loss       | -0.647   |
|    explained_variance | 0.643    |
|    learning_rate      | 8.98e-05 |
|    n_updates          | 14099    |
|    policy_loss        | -0.154   |
|    value_loss         | 8.15     |
------------------------------------
------------------------------------
| rollout/              |          |
|    ep_len_mean        | 333      |
|    ep_rew_mean        | -62.7    |
| time/                 |          |
|    fps                | 1202     |
|    iterations         | 14200    |
|    time_elapsed       | 188      |
|    total_timesteps    | 227200   |
| train/                |          |
|    entropy_loss       | -1.2     |
|    explained_variance | -0.711   |
|    learning_rate      | 8.98e-05 |
|    n_updates          | 14199    |
|    policy_loss        | 0.394    |
|    value_loss         | 4.43     |
------------------------------------
------------------------------------
| rollout/              |          |
|    ep_len_mean        | 341      |
|    ep_rew_mean        | -60.6    |
| time/                 |          |
|    fps                | 1202     |
|    iterations         | 14300    |
|    time_elapsed       | 190      |
|    total_timesteps    | 228800   |
| train/                |          |
|    entropy_loss       | -0.609   |
|    explained_variance | 0.145    |
|    learning_rate      | 8.97e-05 |
|    n_updates          | 14299    |
|    policy_loss        | 4.93     |
|    value_loss         | 70.7     |
------------------------------------
------------------------------------
| rollout/              |          |
|    ep_len_mean        | 340      |
|    ep_rew_mean        | -58      |
| time/                 |          |
|    fps                | 1203     |
|    iterations         | 14400    |
|    time_elapsed       | 191      |
|    total_timesteps    | 230400   |
| train/                |          |
|    entropy_loss       | -1.11    |
|    explained_variance | -0.0472  |
|    learning_rate      | 8.96e-05 |
|    n_updates          | 14399    |
|    policy_loss        | 0.0324   |
|    value_loss         | 0.11     |
------------------------------------
------------------------------------
| rollout/              |          |
|    ep_len_mean        | 344      |
|    ep_rew_mean        | -51.6    |
| time/                 |          |
|    fps                | 1203     |
|    iterations         | 14500    |
|    time_elapsed       | 192      |
|    total_timesteps    | 232000   |
| train/                |          |
|    entropy_loss       | -0.687   |
|    explained_variance | -0.501   |
|    learning_rate      | 8.96e-05 |
|    n_updates          | 14499    |
|    policy_loss        | 4.9      |
|    value_loss         | 68.4     |
------------------------------------
------------------------------------
| rollout/              |          |
|    ep_len_mean        | 342      |
|    ep_rew_mean        | -46.2    |
| time/                 |          |
|    fps                | 1203     |
|    iterations         | 14600    |
|    time_elapsed       | 194      |
|    total_timesteps    | 233600   |
| train/                |          |
|    entropy_loss       | -1.11    |
|    explained_variance | 0.846    |
|    learning_rate      | 8.95e-05 |
|    n_updates          | 14599    |
|    policy_loss        | -0.133   |
|    value_loss         | 1.69     |
------------------------------------
------------------------------------
| rollout/              |          |
|    ep_len_mean        | 350      |
|    ep_rew_mean        | -41.5    |
| time/                 |          |
|    fps                | 1203     |
|    iterations         | 14700    |
|    time_elapsed       | 195      |
|    total_timesteps    | 235200   |
| train/                |          |
|    entropy_loss       | -0.939   |
|    explained_variance | 0.184    |
|    learning_rate      | 8.94e-05 |
|    n_updates          | 14699    |
|    policy_loss        | 0.125    |
|    value_loss         | 0.123    |
------------------------------------
------------------------------------
| rollout/              |          |
|    ep_len_mean        | 357      |
|    ep_rew_mean        | -40      |
| time/                 |          |
|    fps                | 1204     |
|    iterations         | 14800    |
|    time_elapsed       | 196      |
|    total_timesteps    | 236800   |
| train/                |          |
|    entropy_loss       | -1.09    |
|    explained_variance | 0.0396   |
|    learning_rate      | 8.93e-05 |
|    n_updates          | 14799    |
|    policy_loss        | 0.0549   |
|    value_loss         | 0.0513   |
------------------------------------
------------------------------------
| rollout/              |          |
|    ep_len_mean        | 354      |
|    ep_rew_mean        | -36.9    |
| time/                 |          |
|    fps                | 1204     |
|    iterations         | 14900    |
|    time_elapsed       | 197      |
|    total_timesteps    | 238400   |
| train/                |          |
|    entropy_loss       | -0.615   |
|    explained_variance | -0.212   |
|    learning_rate      | 8.93e-05 |
|    n_updates          | 14899    |
|    policy_loss        | 9.41     |
|    value_loss         | 417      |
------------------------------------
------------------------------------
| rollout/              |          |
|    ep_len_mean        | 343      |
|    ep_rew_mean        | -34.7    |
| time/                 |          |
|    fps                | 1204     |
|    iterations         | 15000    |
|    time_elapsed       | 199      |
|    total_timesteps    | 240000   |
| train/                |          |
|    entropy_loss       | -1.16    |
|    explained_variance | 0.818    |
|    learning_rate      | 8.92e-05 |
|    n_updates          | 14999    |
|    policy_loss        | 0.473    |
|    value_loss         | 4.96     |
------------------------------------
------------------------------------
| rollout/              |          |
|    ep_len_mean        | 351      |
|    ep_rew_mean        | -30.7    |
| time/                 |          |
|    fps                | 1205     |
|    iterations         | 15100    |
|    time_elapsed       | 200      |
|    total_timesteps    | 241600   |
| train/                |          |
|    entropy_loss       | -1.13    |
|    explained_variance | 0.837    |
|    learning_rate      | 8.91e-05 |
|    n_updates          | 15099    |
|    policy_loss        | 0.106    |
|    value_loss         | 9.43     |
------------------------------------
------------------------------------
| rollout/              |          |
|    ep_len_mean        | 355      |
|    ep_rew_mean        | -25.2    |
| time/                 |          |
|    fps                | 1205     |
|    iterations         | 15200    |
|    time_elapsed       | 201      |
|    total_timesteps    | 243200   |
| train/                |          |
|    entropy_loss       | -0.186   |
|    explained_variance | 0.718    |
|    learning_rate      | 8.91e-05 |
|    n_updates          | 15199    |
|    policy_loss        | 3.32     |
|    value_loss         | 207      |
------------------------------------
------------------------------------
| rollout/              |          |
|    ep_len_mean        | 362      |
|    ep_rew_mean        | -22.8    |
| time/                 |          |
|    fps                | 1205     |
|    iterations         | 15300    |
|    time_elapsed       | 203      |
|    total_timesteps    | 244800   |
| train/                |          |
|    entropy_loss       | -1.09    |
|    explained_variance | 0.115    |
|    learning_rate      | 8.9e-05  |
|    n_updates          | 15299    |
|    policy_loss        | 0.0747   |
|    value_loss         | 0.0698   |
------------------------------------
------------------------------------
| rollout/              |          |
|    ep_len_mean        | 371      |
|    ep_rew_mean        | -16.9    |
| time/                 |          |
|    fps                | 1206     |
|    iterations         | 15400    |
|    time_elapsed       | 204      |
|    total_timesteps    | 246400   |
| train/                |          |
|    entropy_loss       | -0.65    |
|    explained_variance | 0.359    |
|    learning_rate      | 8.89e-05 |
|    n_updates          | 15399    |
|    policy_loss        | -2.9     |
|    value_loss         | 27.3     |
------------------------------------
------------------------------------
| rollout/              |          |
|    ep_len_mean        | 378      |
|    ep_rew_mean        | -13.2    |
| time/                 |          |
|    fps                | 1206     |
|    iterations         | 15500    |
|    time_elapsed       | 205      |
|    total_timesteps    | 248000   |
| train/                |          |
|    entropy_loss       | -1.1     |
|    explained_variance | 0.0595   |
|    learning_rate      | 8.88e-05 |
|    n_updates          | 15499    |
|    policy_loss        | -0.0277  |
|    value_loss         | 0.0397   |
------------------------------------
------------------------------------
| rollout/              |          |
|    ep_len_mean        | 369      |
|    ep_rew_mean        | -16.4    |
| time/                 |          |
|    fps                | 1206     |
|    iterations         | 15600    |
|    time_elapsed       | 206      |
|    total_timesteps    | 249600   |
| train/                |          |
|    entropy_loss       | -0.0184  |
|    explained_variance | -1.57    |
|    learning_rate      | 8.88e-05 |
|    n_updates          | 15599    |
|    policy_loss        | 0.00893  |
|    value_loss         | 21.5     |
------------------------------------
Eval num_timesteps=250000, episode_reward=-11.35 +/- 207.82
Episode length: 772.00 +/- 283.03
------------------------------------
| eval/                 |          |
|    mean_ep_length     | 772      |
|    mean_reward        | -11.3    |
| time/                 |          |
|    total_timesteps    | 250000   |
| train/                |          |
|    entropy_loss       | -1.08    |
|    explained_variance | 0.118    |
|    learning_rate      | 8.88e-05 |
|    n_updates          | 15624    |
|    policy_loss        | -0.101   |
|    value_loss         | 0.0961   |
------------------------------------
New best mean reward!
------------------------------------
| rollout/              |          |
|    ep_len_mean        | 376      |
|    ep_rew_mean        | -13.1    |
| time/                 |          |
|    fps                | 1197     |
|    iterations         | 15700    |
|    time_elapsed       | 209      |
|    total_timesteps    | 251200   |
| train/                |          |
|    entropy_loss       | -0.689   |
|    explained_variance | -0.565   |
|    learning_rate      | 8.87e-05 |
|    n_updates          | 15699    |
|    policy_loss        | 6.97     |
|    value_loss         | 139      |
------------------------------------
------------------------------------
| rollout/              |          |
|    ep_len_mean        | 376      |
|    ep_rew_mean        | -14      |
| time/                 |          |
|    fps                | 1197     |
|    iterations         | 15800    |
|    time_elapsed       | 211      |
|    total_timesteps    | 252800   |
| train/                |          |
|    entropy_loss       | -0.549   |
|    explained_variance | 0.891    |
|    learning_rate      | 8.86e-05 |
|    n_updates          | 15799    |
|    policy_loss        | -1.01    |
|    value_loss         | 8.89     |
------------------------------------
------------------------------------
| rollout/              |          |
|    ep_len_mean        | 383      |
|    ep_rew_mean        | -11.6    |
| time/                 |          |
|    fps                | 1198     |
|    iterations         | 15900    |
|    time_elapsed       | 212      |
|    total_timesteps    | 254400   |
| train/                |          |
|    entropy_loss       | -0.849   |
|    explained_variance | 0.552    |
|    learning_rate      | 8.86e-05 |
|    n_updates          | 15899    |
|    policy_loss        | 0.596    |
|    value_loss         | 55.6     |
------------------------------------
------------------------------------
| rollout/              |          |
|    ep_len_mean        | 356      |
|    ep_rew_mean        | -16.3    |
| time/                 |          |
|    fps                | 1198     |
|    iterations         | 16000    |
|    time_elapsed       | 213      |
|    total_timesteps    | 256000   |
| train/                |          |
|    entropy_loss       | -1.04    |
|    explained_variance | -0.383   |
|    learning_rate      | 8.85e-05 |
|    n_updates          | 15999    |
|    policy_loss        | -0.0445  |
|    value_loss         | 0.278    |
------------------------------------
------------------------------------
| rollout/              |          |
|    ep_len_mean        | 364      |
|    ep_rew_mean        | -15.9    |
| time/                 |          |
|    fps                | 1198     |
|    iterations         | 16100    |
|    time_elapsed       | 214      |
|    total_timesteps    | 257600   |
| train/                |          |
|    entropy_loss       | -0.6     |
|    explained_variance | -0.423   |
|    learning_rate      | 8.84e-05 |
|    n_updates          | 16099    |
|    policy_loss        | 12       |
|    value_loss         | 443      |
------------------------------------
------------------------------------
| rollout/              |          |
|    ep_len_mean        | 346      |
|    ep_rew_mean        | -10.9    |
| time/                 |          |
|    fps                | 1198     |
|    iterations         | 16200    |
|    time_elapsed       | 216      |
|    total_timesteps    | 259200   |
| train/                |          |
|    entropy_loss       | -0.642   |
|    explained_variance | -0.851   |
|    learning_rate      | 8.83e-05 |
|    n_updates          | 16199    |
|    policy_loss        | 18.2     |
|    value_loss         | 1.04e+03 |
------------------------------------
------------------------------------
| rollout/              |          |
|    ep_len_mean        | 326      |
|    ep_rew_mean        | -13.7    |
| time/                 |          |
|    fps                | 1199     |
|    iterations         | 16300    |
|    time_elapsed       | 217      |
|    total_timesteps    | 260800   |
| train/                |          |
|    entropy_loss       | -0.464   |
|    explained_variance | 0.843    |
|    learning_rate      | 8.83e-05 |
|    n_updates          | 16299    |
|    policy_loss        | -1.47    |
|    value_loss         | 6.79     |
------------------------------------
------------------------------------
| rollout/              |          |
|    ep_len_mean        | 316      |
|    ep_rew_mean        | -16      |
| time/                 |          |
|    fps                | 1199     |
|    iterations         | 16400    |
|    time_elapsed       | 218      |
|    total_timesteps    | 262400   |
| train/                |          |
|    entropy_loss       | -0.389   |
|    explained_variance | 0.614    |
|    learning_rate      | 8.82e-05 |
|    n_updates          | 16399    |
|    policy_loss        | 2.05     |
|    value_loss         | 30.2     |
------------------------------------
------------------------------------
| rollout/              |          |
|    ep_len_mean        | 325      |
|    ep_rew_mean        | -10.2    |
| time/                 |          |
|    fps                | 1199     |
|    iterations         | 16500    |
|    time_elapsed       | 220      |
|    total_timesteps    | 264000   |
| train/                |          |
|    entropy_loss       | -0.831   |
|    explained_variance | 0.653    |
|    learning_rate      | 8.81e-05 |
|    n_updates          | 16499    |
|    policy_loss        | -8.65    |
|    value_loss         | 64       |
------------------------------------
------------------------------------
| rollout/              |          |
|    ep_len_mean        | 334      |
|    ep_rew_mean        | -10.8    |
| time/                 |          |
|    fps                | 1200     |
|    iterations         | 16600    |
|    time_elapsed       | 221      |
|    total_timesteps    | 265600   |
| train/                |          |
|    entropy_loss       | -0.646   |
|    explained_variance | -2.8     |
|    learning_rate      | 8.8e-05  |
|    n_updates          | 16599    |
|    policy_loss        | 9.96     |
|    value_loss         | 323      |
------------------------------------
------------------------------------
| rollout/              |          |
|    ep_len_mean        | 324      |
|    ep_rew_mean        | -15.9    |
| time/                 |          |
|    fps                | 1200     |
|    iterations         | 16700    |
|    time_elapsed       | 222      |
|    total_timesteps    | 267200   |
| train/                |          |
|    entropy_loss       | -0.508   |
|    explained_variance | -0.52    |
|    learning_rate      | 8.8e-05  |
|    n_updates          | 16699    |
|    policy_loss        | 9.24     |
|    value_loss         | 298      |
------------------------------------
------------------------------------
| rollout/              |          |
|    ep_len_mean        | 300      |
|    ep_rew_mean        | -15.2    |
| time/                 |          |
|    fps                | 1201     |
|    iterations         | 16800    |
|    time_elapsed       | 223      |
|    total_timesteps    | 268800   |
| train/                |          |
|    entropy_loss       | -0.317   |
|    explained_variance | -0.512   |
|    learning_rate      | 8.79e-05 |
|    n_updates          | 16799    |
|    policy_loss        | -12.5    |
|    value_loss         | 6.83e+03 |
------------------------------------
------------------------------------
| rollout/              |          |
|    ep_len_mean        | 292      |
|    ep_rew_mean        | -16.5    |
| time/                 |          |
|    fps                | 1201     |
|    iterations         | 16900    |
|    time_elapsed       | 225      |
|    total_timesteps    | 270400   |
| train/                |          |
|    entropy_loss       | -1.12    |
|    explained_variance | -1.15    |
|    learning_rate      | 8.78e-05 |
|    n_updates          | 16899    |
|    policy_loss        | 0.149    |
|    value_loss         | 0.414    |
------------------------------------
------------------------------------
| rollout/              |          |
|    ep_len_mean        | 292      |
|    ep_rew_mean        | -17.8    |
| time/                 |          |
|    fps                | 1201     |
|    iterations         | 17000    |
|    time_elapsed       | 226      |
|    total_timesteps    | 272000   |
| train/                |          |
|    entropy_loss       | -1.14    |
|    explained_variance | -0.172   |
|    learning_rate      | 8.78e-05 |
|    n_updates          | 16999    |
|    policy_loss        | 0.33     |
|    value_loss         | 0.201    |
------------------------------------
------------------------------------
| rollout/              |          |
|    ep_len_mean        | 292      |
|    ep_rew_mean        | -14.2    |
| time/                 |          |
|    fps                | 1202     |
|    iterations         | 17100    |
|    time_elapsed       | 227      |
|    total_timesteps    | 273600   |
| train/                |          |
|    entropy_loss       | -1.14    |
|    explained_variance | 0.748    |
|    learning_rate      | 8.77e-05 |
|    n_updates          | 17099    |
|    policy_loss        | -3.02    |
|    value_loss         | 10.5     |
------------------------------------
------------------------------------
| rollout/              |          |
|    ep_len_mean        | 264      |
|    ep_rew_mean        | -17.7    |
| time/                 |          |
|    fps                | 1202     |
|    iterations         | 17200    |
|    time_elapsed       | 228      |
|    total_timesteps    | 275200   |
| train/                |          |
|    entropy_loss       | -0.372   |
|    explained_variance | 0.596    |
|    learning_rate      | 8.76e-05 |
|    n_updates          | 17199    |
|    policy_loss        | 15.8     |
|    value_loss         | 504      |
------------------------------------
------------------------------------
| rollout/              |          |
|    ep_len_mean        | 271      |
|    ep_rew_mean        | -14      |
| time/                 |          |
|    fps                | 1202     |
|    iterations         | 17300    |
|    time_elapsed       | 230      |
|    total_timesteps    | 276800   |
| train/                |          |
|    entropy_loss       | -1.05    |
|    explained_variance | 0.101    |
|    learning_rate      | 8.75e-05 |
|    n_updates          | 17299    |
|    policy_loss        | 0.0937   |
|    value_loss         | 0.0728   |
------------------------------------
------------------------------------
| rollout/              |          |
|    ep_len_mean        | 268      |
|    ep_rew_mean        | -14.1    |
| time/                 |          |
|    fps                | 1203     |
|    iterations         | 17400    |
|    time_elapsed       | 231      |
|    total_timesteps    | 278400   |
| train/                |          |
|    entropy_loss       | -0.689   |
|    explained_variance | -0.16    |
|    learning_rate      | 8.75e-05 |
|    n_updates          | 17399    |
|    policy_loss        | 8.74     |
|    value_loss         | 244      |
------------------------------------
------------------------------------
| rollout/              |          |
|    ep_len_mean        | 267      |
|    ep_rew_mean        | -13.9    |
| time/                 |          |
|    fps                | 1203     |
|    iterations         | 17500    |
|    time_elapsed       | 232      |
|    total_timesteps    | 280000   |
| train/                |          |
|    entropy_loss       | -1.02    |
|    explained_variance | -0.22    |
|    learning_rate      | 8.74e-05 |
|    n_updates          | 17499    |
|    policy_loss        | 0.026    |
|    value_loss         | 0.215    |
------------------------------------
------------------------------------
| rollout/              |          |
|    ep_len_mean        | 266      |
|    ep_rew_mean        | -10.5    |
| time/                 |          |
|    fps                | 1203     |
|    iterations         | 17600    |
|    time_elapsed       | 233      |
|    total_timesteps    | 281600   |
| train/                |          |
|    entropy_loss       | -1.13    |
|    explained_variance | 0.757    |
|    learning_rate      | 8.73e-05 |
|    n_updates          | 17599    |
|    policy_loss        | -3.35    |
|    value_loss         | 15.3     |
------------------------------------
------------------------------------
| rollout/              |          |
|    ep_len_mean        | 275      |
|    ep_rew_mean        | -7.55    |
| time/                 |          |
|    fps                | 1204     |
|    iterations         | 17700    |
|    time_elapsed       | 235      |
|    total_timesteps    | 283200   |
| train/                |          |
|    entropy_loss       | -0.652   |
|    explained_variance | -0.187   |
|    learning_rate      | 8.73e-05 |
|    n_updates          | 17699    |
|    policy_loss        | 9.73     |
|    value_loss         | 331      |
------------------------------------
------------------------------------
| rollout/              |          |
|    ep_len_mean        | 266      |
|    ep_rew_mean        | -6.12    |
| time/                 |          |
|    fps                | 1204     |
|    iterations         | 17800    |
|    time_elapsed       | 236      |
|    total_timesteps    | 284800   |
| train/                |          |
|    entropy_loss       | -1.1     |
|    explained_variance | 0.169    |
|    learning_rate      | 8.72e-05 |
|    n_updates          | 17799    |
|    policy_loss        | 0.00432  |
|    value_loss         | 0.0964   |
------------------------------------
------------------------------------
| rollout/              |          |
|    ep_len_mean        | 274      |
|    ep_rew_mean        | -7.2     |
| time/                 |          |
|    fps                | 1204     |
|    iterations         | 17900    |
|    time_elapsed       | 237      |
|    total_timesteps    | 286400   |
| train/                |          |
|    entropy_loss       | -1.12    |
|    explained_variance | 0.212    |
|    learning_rate      | 8.71e-05 |
|    n_updates          | 17899    |
|    policy_loss        | 0.038    |
|    value_loss         | 0.113    |
------------------------------------
------------------------------------
| rollout/              |          |
|    ep_len_mean        | 292      |
|    ep_rew_mean        | -3.32    |
| time/                 |          |
|    fps                | 1205     |
|    iterations         | 18000    |
|    time_elapsed       | 238      |
|    total_timesteps    | 288000   |
| train/                |          |
|    entropy_loss       | -0.571   |
|    explained_variance | 0.541    |
|    learning_rate      | 8.7e-05  |
|    n_updates          | 17999    |
|    policy_loss        | -6.56    |
|    value_loss         | 246      |
------------------------------------
------------------------------------
| rollout/              |          |
|    ep_len_mean        | 283      |
|    ep_rew_mean        | -1.35    |
| time/                 |          |
|    fps                | 1205     |
|    iterations         | 18100    |
|    time_elapsed       | 240      |
|    total_timesteps    | 289600   |
| train/                |          |
|    entropy_loss       | -1.11    |
|    explained_variance | 0.974    |
|    learning_rate      | 8.7e-05  |
|    n_updates          | 18099    |
|    policy_loss        | -0.166   |
|    value_loss         | 0.252    |
------------------------------------
------------------------------------
| rollout/              |          |
|    ep_len_mean        | 287      |
|    ep_rew_mean        | -0.503   |
| time/                 |          |
|    fps                | 1205     |
|    iterations         | 18200    |
|    time_elapsed       | 241      |
|    total_timesteps    | 291200   |
| train/                |          |
|    entropy_loss       | -1.03    |
|    explained_variance | 0.0238   |
|    learning_rate      | 8.69e-05 |
|    n_updates          | 18199    |
|    policy_loss        | -0.221   |
|    value_loss         | 0.133    |
------------------------------------
------------------------------------
| rollout/              |          |
|    ep_len_mean        | 291      |
|    ep_rew_mean        | 0.821    |
| time/                 |          |
|    fps                | 1205     |
|    iterations         | 18300    |
|    time_elapsed       | 242      |
|    total_timesteps    | 292800   |
| train/                |          |
|    entropy_loss       | -0.451   |
|    explained_variance | 0.925    |
|    learning_rate      | 8.68e-05 |
|    n_updates          | 18299    |
|    policy_loss        | -0.386   |
|    value_loss         | 0.88     |
------------------------------------
------------------------------------
| rollout/              |          |
|    ep_len_mean        | 281      |
|    ep_rew_mean        | -1.73    |
| time/                 |          |
|    fps                | 1206     |
|    iterations         | 18400    |
|    time_elapsed       | 244      |
|    total_timesteps    | 294400   |
| train/                |          |
|    entropy_loss       | -1.04    |
|    explained_variance | -0.273   |
|    learning_rate      | 8.68e-05 |
|    n_updates          | 18399    |
|    policy_loss        | 0.0682   |
|    value_loss         | 0.155    |
------------------------------------
------------------------------------
| rollout/              |          |
|    ep_len_mean        | 286      |
|    ep_rew_mean        | -0.609   |
| time/                 |          |
|    fps                | 1206     |
|    iterations         | 18500    |
|    time_elapsed       | 245      |
|    total_timesteps    | 296000   |
| train/                |          |
|    entropy_loss       | -0.76    |
|    explained_variance | -0.942   |
|    learning_rate      | 8.67e-05 |
|    n_updates          | 18499    |
|    policy_loss        | -3.96    |
|    value_loss         | 148      |
------------------------------------
------------------------------------
| rollout/              |          |
|    ep_len_mean        | 294      |
|    ep_rew_mean        | -1.83    |
| time/                 |          |
|    fps                | 1206     |
|    iterations         | 18600    |
|    time_elapsed       | 246      |
|    total_timesteps    | 297600   |
| train/                |          |
|    entropy_loss       | -1.06    |
|    explained_variance | -0.859   |
|    learning_rate      | 8.66e-05 |
|    n_updates          | 18599    |
|    policy_loss        | 0.258    |
|    value_loss         | 0.922    |
------------------------------------
------------------------------------
| rollout/              |          |
|    ep_len_mean        | 301      |
|    ep_rew_mean        | 1.48     |
| time/                 |          |
|    fps                | 1206     |
|    iterations         | 18700    |
|    time_elapsed       | 247      |
|    total_timesteps    | 299200   |
| train/                |          |
|    entropy_loss       | -1.09    |
|    explained_variance | 0.122    |
|    learning_rate      | 8.65e-05 |
|    n_updates          | 18699    |
|    policy_loss        | -0.104   |
|    value_loss         | 0.0538   |
------------------------------------
Eval num_timesteps=300000, episode_reward=73.02 +/- 154.66
Episode length: 648.40 +/- 305.26
------------------------------------
| eval/                 |          |
|    mean_ep_length     | 648      |
|    mean_reward        | 73       |
| time/                 |          |
|    total_timesteps    | 300000   |
| train/                |          |
|    entropy_loss       | -0.7     |
|    explained_variance | 0.35     |
|    learning_rate      | 8.65e-05 |
|    n_updates          | 18749    |
|    policy_loss        | -0.0869  |
|    value_loss         | 0.175    |
------------------------------------
New best mean reward!
------------------------------------
| rollout/              |          |
|    ep_len_mean        | 317      |
|    ep_rew_mean        | 3.82     |
| time/                 |          |
|    fps                | 1200     |
|    iterations         | 18800    |
|    time_elapsed       | 250      |
|    total_timesteps    | 300800   |
| train/                |          |
|    entropy_loss       | -0.645   |
|    explained_variance | 0.858    |
|    learning_rate      | 8.65e-05 |
|    n_updates          | 18799    |
|    policy_loss        | -1.44    |
|    value_loss         | 6.44     |
------------------------------------
------------------------------------
| rollout/              |          |
|    ep_len_mean        | 308      |
|    ep_rew_mean        | -0.248   |
| time/                 |          |
|    fps                | 1201     |
|    iterations         | 18900    |
|    time_elapsed       | 251      |
|    total_timesteps    | 302400   |
| train/                |          |
|    entropy_loss       | -0.937   |
|    explained_variance | 0.743    |
|    learning_rate      | 8.64e-05 |
|    n_updates          | 18899    |
|    policy_loss        | -7.03    |
|    value_loss         | 71       |
------------------------------------
------------------------------------
| rollout/              |          |
|    ep_len_mean        | 307      |
|    ep_rew_mean        | -1.24    |
| time/                 |          |
|    fps                | 1201     |
|    iterations         | 19000    |
|    time_elapsed       | 253      |
|    total_timesteps    | 304000   |
| train/                |          |
|    entropy_loss       | -0.448   |
|    explained_variance | -1.8     |
|    learning_rate      | 8.63e-05 |
|    n_updates          | 18999    |
|    policy_loss        | -37.4    |
|    value_loss         | 5.91e+03 |
------------------------------------
------------------------------------
| rollout/              |          |
|    ep_len_mean        | 315      |
|    ep_rew_mean        | -0.281   |
| time/                 |          |
|    fps                | 1201     |
|    iterations         | 19100    |
|    time_elapsed       | 254      |
|    total_timesteps    | 305600   |
| train/                |          |
|    entropy_loss       | -0.64    |
|    explained_variance | 0.108    |
|    learning_rate      | 8.62e-05 |
|    n_updates          | 19099    |
|    policy_loss        | -1.6     |
|    value_loss         | 1.76e+03 |
------------------------------------
------------------------------------
| rollout/              |          |
|    ep_len_mean        | 323      |
|    ep_rew_mean        | 2.82     |
| time/                 |          |
|    fps                | 1202     |
|    iterations         | 19200    |
|    time_elapsed       | 255      |
|    total_timesteps    | 307200   |
| train/                |          |
|    entropy_loss       | -0.57    |
|    explained_variance | 0.291    |
|    learning_rate      | 8.62e-05 |
|    n_updates          | 19199    |
|    policy_loss        | 5.24     |
|    value_loss         | 148      |
------------------------------------
------------------------------------
| rollout/              |          |
|    ep_len_mean        | 308      |
|    ep_rew_mean        | 2.26     |
| time/                 |          |
|    fps                | 1202     |
|    iterations         | 19300    |
|    time_elapsed       | 256      |
|    total_timesteps    | 308800   |
| train/                |          |
|    entropy_loss       | -0.995   |
|    explained_variance | -0.156   |
|    learning_rate      | 8.61e-05 |
|    n_updates          | 19299    |
|    policy_loss        | -0.223   |
|    value_loss         | 0.0803   |
------------------------------------
------------------------------------
| rollout/              |          |
|    ep_len_mean        | 316      |
|    ep_rew_mean        | 5.86     |
| time/                 |          |
|    fps                | 1202     |
|    iterations         | 19400    |
|    time_elapsed       | 258      |
|    total_timesteps    | 310400   |
| train/                |          |
|    entropy_loss       | -0.997   |
|    explained_variance | -0.0556  |
|    learning_rate      | 8.6e-05  |
|    n_updates          | 19399    |
|    policy_loss        | -0.129   |
|    value_loss         | 0.05     |
------------------------------------
------------------------------------
| rollout/              |          |
|    ep_len_mean        | 308      |
|    ep_rew_mean        | 6.5      |
| time/                 |          |
|    fps                | 1202     |
|    iterations         | 19500    |
|    time_elapsed       | 259      |
|    total_timesteps    | 312000   |
| train/                |          |
|    entropy_loss       | -0.964   |
|    explained_variance | 0.456    |
|    learning_rate      | 8.6e-05  |
|    n_updates          | 19499    |
|    policy_loss        | 4.5      |
|    value_loss         | 19.4     |
------------------------------------
------------------------------------
| rollout/              |          |
|    ep_len_mean        | 317      |
|    ep_rew_mean        | 7.38     |
| time/                 |          |
|    fps                | 1202     |
|    iterations         | 19600    |
|    time_elapsed       | 260      |
|    total_timesteps    | 313600   |
| train/                |          |
|    entropy_loss       | -0.969   |
|    explained_variance | -0.18    |
|    learning_rate      | 8.59e-05 |
|    n_updates          | 19599    |
|    policy_loss        | 0.0167   |
|    value_loss         | 0.0722   |
------------------------------------
------------------------------------
| rollout/              |          |
|    ep_len_mean        | 334      |
|    ep_rew_mean        | 10.5     |
| time/                 |          |
|    fps                | 1203     |
|    iterations         | 19700    |
|    time_elapsed       | 261      |
|    total_timesteps    | 315200   |
| train/                |          |
|    entropy_loss       | -0.775   |
|    explained_variance | -0.155   |
|    learning_rate      | 8.58e-05 |
|    n_updates          | 19699    |
|    policy_loss        | 11.3     |
|    value_loss         | 324      |
------------------------------------
------------------------------------
| rollout/              |          |
|    ep_len_mean        | 333      |
|    ep_rew_mean        | 6.88     |
| time/                 |          |
|    fps                | 1203     |
|    iterations         | 19800    |
|    time_elapsed       | 263      |
|    total_timesteps    | 316800   |
| train/                |          |
|    entropy_loss       | -0.647   |
|    explained_variance | -0.0249  |
|    learning_rate      | 8.57e-05 |
|    n_updates          | 19799    |
|    policy_loss        | 8.73     |
|    value_loss         | 310      |
------------------------------------
------------------------------------
| rollout/              |          |
|    ep_len_mean        | 341      |
|    ep_rew_mean        | 8.45     |
| time/                 |          |
|    fps                | 1203     |
|    iterations         | 19900    |
|    time_elapsed       | 264      |
|    total_timesteps    | 318400   |
| train/                |          |
|    entropy_loss       | -1.14    |
|    explained_variance | -0.264   |
|    learning_rate      | 8.57e-05 |
|    n_updates          | 19899    |
|    policy_loss        | 0.234    |
|    value_loss         | 0.291    |
------------------------------------
------------------------------------
| rollout/              |          |
|    ep_len_mean        | 341      |
|    ep_rew_mean        | 8.07     |
| time/                 |          |
|    fps                | 1203     |
|    iterations         | 20000    |
|    time_elapsed       | 265      |
|    total_timesteps    | 320000   |
| train/                |          |
|    entropy_loss       | -1.08    |
|    explained_variance | -0.659   |
|    learning_rate      | 8.56e-05 |
|    n_updates          | 19999    |
|    policy_loss        | -0.216   |
|    value_loss         | 0.47     |
------------------------------------
------------------------------------
| rollout/              |          |
|    ep_len_mean        | 332      |
|    ep_rew_mean        | 6.67     |
| time/                 |          |
|    fps                | 1203     |
|    iterations         | 20100    |
|    time_elapsed       | 267      |
|    total_timesteps    | 321600   |
| train/                |          |
|    entropy_loss       | -1.09    |
|    explained_variance | 0.957    |
|    learning_rate      | 8.55e-05 |
|    n_updates          | 20099    |
|    policy_loss        | -0.0669  |
|    value_loss         | 2.25     |
------------------------------------
------------------------------------
| rollout/              |          |
|    ep_len_mean        | 340      |
|    ep_rew_mean        | 6.33     |
| time/                 |          |
|    fps                | 1204     |
|    iterations         | 20200    |
|    time_elapsed       | 268      |
|    total_timesteps    | 323200   |
| train/                |          |
|    entropy_loss       | -1.05    |
|    explained_variance | -0.0503  |
|    learning_rate      | 8.55e-05 |
|    n_updates          | 20199    |
|    policy_loss        | 0.0595   |
|    value_loss         | 0.0963   |
------------------------------------
------------------------------------
| rollout/              |          |
|    ep_len_mean        | 357      |
|    ep_rew_mean        | 8.28     |
| time/                 |          |
|    fps                | 1204     |
|    iterations         | 20300    |
|    time_elapsed       | 269      |
|    total_timesteps    | 324800   |
| train/                |          |
|    entropy_loss       | -1.07    |
|    explained_variance | -0.124   |
|    learning_rate      | 8.54e-05 |
|    n_updates          | 20299    |
|    policy_loss        | -0.00567 |
|    value_loss         | 0.0385   |
------------------------------------
------------------------------------
| rollout/              |          |
|    ep_len_mean        | 366      |
|    ep_rew_mean        | 9.14     |
| time/                 |          |
|    fps                | 1204     |
|    iterations         | 20400    |
|    time_elapsed       | 270      |
|    total_timesteps    | 326400   |
| train/                |          |
|    entropy_loss       | -1.03    |
|    explained_variance | 0.208    |
|    learning_rate      | 8.53e-05 |
|    n_updates          | 20399    |
|    policy_loss        | 0.0847   |
|    value_loss         | 0.0252   |
------------------------------------
------------------------------------
| rollout/              |          |
|    ep_len_mean        | 353      |
|    ep_rew_mean        | 6.49     |
| time/                 |          |
|    fps                | 1204     |
|    iterations         | 20500    |
|    time_elapsed       | 272      |
|    total_timesteps    | 328000   |
| train/                |          |
|    entropy_loss       | -1.04    |
|    explained_variance | -0.279   |
|    learning_rate      | 8.52e-05 |
|    n_updates          | 20499    |
|    policy_loss        | 0.268    |
|    value_loss         | 0.359    |
------------------------------------
------------------------------------
| rollout/              |          |
|    ep_len_mean        | 368      |
|    ep_rew_mean        | 9.27     |
| time/                 |          |
|    fps                | 1204     |
|    iterations         | 20600    |
|    time_elapsed       | 273      |
|    total_timesteps    | 329600   |
| train/                |          |
|    entropy_loss       | -1.02    |
|    explained_variance | 0.224    |
|    learning_rate      | 8.52e-05 |
|    n_updates          | 20599    |
|    policy_loss        | 0.0428   |
|    value_loss         | 0.0543   |
------------------------------------
------------------------------------
| rollout/              |          |
|    ep_len_mean        | 375      |
|    ep_rew_mean        | 14.2     |
| time/                 |          |
|    fps                | 1204     |
|    iterations         | 20700    |
|    time_elapsed       | 274      |
|    total_timesteps    | 331200   |
| train/                |          |
|    entropy_loss       | -0.672   |
|    explained_variance | 0.853    |
|    learning_rate      | 8.51e-05 |
|    n_updates          | 20699    |
|    policy_loss        | 1.43     |
|    value_loss         | 13.7     |
------------------------------------
------------------------------------
| rollout/              |          |
|    ep_len_mean        | 375      |
|    ep_rew_mean        | 14.2     |
| time/                 |          |
|    fps                | 1204     |
|    iterations         | 20800    |
|    time_elapsed       | 276      |
|    total_timesteps    | 332800   |
| train/                |          |
|    entropy_loss       | -1.07    |
|    explained_variance | 0.891    |
|    learning_rate      | 8.5e-05  |
|    n_updates          | 20799    |
|    policy_loss        | -0.158   |
|    value_loss         | 8.04     |
------------------------------------
------------------------------------
| rollout/              |          |
|    ep_len_mean        | 373      |
|    ep_rew_mean        | 15       |
| time/                 |          |
|    fps                | 1203     |
|    iterations         | 20900    |
|    time_elapsed       | 277      |
|    total_timesteps    | 334400   |
| train/                |          |
|    entropy_loss       | -0.78    |
|    explained_variance | -0.905   |
|    learning_rate      | 8.5e-05  |
|    n_updates          | 20899    |
|    policy_loss        | -17.6    |
|    value_loss         | 4.25e+03 |
------------------------------------
------------------------------------
| rollout/              |          |
|    ep_len_mean        | 374      |
|    ep_rew_mean        | 15.3     |
| time/                 |          |
|    fps                | 1203     |
|    iterations         | 21000    |
|    time_elapsed       | 279      |
|    total_timesteps    | 336000   |
| train/                |          |
|    entropy_loss       | -1.19    |
|    explained_variance | 0.307    |
|    learning_rate      | 8.49e-05 |
|    n_updates          | 20999    |
|    policy_loss        | 2.74     |
|    value_loss         | 42.9     |
------------------------------------
------------------------------------
| rollout/              |          |
|    ep_len_mean        | 374      |
|    ep_rew_mean        | 15.6     |
| time/                 |          |
|    fps                | 1202     |
|    iterations         | 21100    |
|    time_elapsed       | 280      |
|    total_timesteps    | 337600   |
| train/                |          |
|    entropy_loss       | -1.01    |
|    explained_variance | -0.0451  |
|    learning_rate      | 8.48e-05 |
|    n_updates          | 21099    |
|    policy_loss        | -0.0952  |
|    value_loss         | 0.161    |
------------------------------------
------------------------------------
| rollout/              |          |
|    ep_len_mean        | 382      |
|    ep_rew_mean        | 17.8     |
| time/                 |          |
|    fps                | 1203     |
|    iterations         | 21200    |
|    time_elapsed       | 281      |
|    total_timesteps    | 339200   |
| train/                |          |
|    entropy_loss       | -0.17    |
|    explained_variance | -2.57    |
|    learning_rate      | 8.47e-05 |
|    n_updates          | 21199    |
|    policy_loss        | -10.1    |
|    value_loss         | 280      |
------------------------------------
------------------------------------
| rollout/              |          |
|    ep_len_mean        | 389      |
|    ep_rew_mean        | 17.2     |
| time/                 |          |
|    fps                | 1203     |
|    iterations         | 21300    |
|    time_elapsed       | 283      |
|    total_timesteps    | 340800   |
| train/                |          |
|    entropy_loss       | -0.672   |
|    explained_variance | -0.541   |
|    learning_rate      | 8.47e-05 |
|    n_updates          | 21299    |
|    policy_loss        | 7.15     |
|    value_loss         | 177      |
------------------------------------
------------------------------------
| rollout/              |          |
|    ep_len_mean        | 391      |
|    ep_rew_mean        | 17.4     |
| time/                 |          |
|    fps                | 1203     |
|    iterations         | 21400    |
|    time_elapsed       | 284      |
|    total_timesteps    | 342400   |
| train/                |          |
|    entropy_loss       | -1.07    |
|    explained_variance | 0.99     |
|    learning_rate      | 8.46e-05 |
|    n_updates          | 21399    |
|    policy_loss        | 0.103    |
|    value_loss         | 0.107    |
------------------------------------
------------------------------------
| rollout/              |          |
|    ep_len_mean        | 399      |
|    ep_rew_mean        | 18.7     |
| time/                 |          |
|    fps                | 1203     |
|    iterations         | 21500    |
|    time_elapsed       | 285      |
|    total_timesteps    | 344000   |
| train/                |          |
|    entropy_loss       | -0.623   |
|    explained_variance | 0.8      |
|    learning_rate      | 8.45e-05 |
|    n_updates          | 21499    |
|    policy_loss        | 5.74     |
|    value_loss         | 91.8     |
------------------------------------
------------------------------------
| rollout/              |          |
|    ep_len_mean        | 408      |
|    ep_rew_mean        | 21.3     |
| time/                 |          |
|    fps                | 1203     |
|    iterations         | 21600    |
|    time_elapsed       | 287      |
|    total_timesteps    | 345600   |
| train/                |          |
|    entropy_loss       | -1.07    |
|    explained_variance | -0.247   |
|    learning_rate      | 8.44e-05 |
|    n_updates          | 21599    |
|    policy_loss        | 0.159    |
|    value_loss         | 1.12     |
------------------------------------
------------------------------------
| rollout/              |          |
|    ep_len_mean        | 417      |
|    ep_rew_mean        | 23       |
| time/                 |          |
|    fps                | 1204     |
|    iterations         | 21700    |
|    time_elapsed       | 288      |
|    total_timesteps    | 347200   |
| train/                |          |
|    entropy_loss       | -0.646   |
|    explained_variance | 0.73     |
|    learning_rate      | 8.44e-05 |
|    n_updates          | 21699    |
|    policy_loss        | 6.74     |
|    value_loss         | 49.2     |
------------------------------------
------------------------------------
| rollout/              |          |
|    ep_len_mean        | 417      |
|    ep_rew_mean        | 20.5     |
| time/                 |          |
|    fps                | 1204     |
|    iterations         | 21800    |
|    time_elapsed       | 289      |
|    total_timesteps    | 348800   |
| train/                |          |
|    entropy_loss       | -0.736   |
|    explained_variance | 0.404    |
|    learning_rate      | 8.43e-05 |
|    n_updates          | 21799    |
|    policy_loss        | 1.98     |
|    value_loss         | 17.6     |
------------------------------------
Eval num_timesteps=350000, episode_reward=146.32 +/- 22.60
Episode length: 814.60 +/- 41.64
------------------------------------
| eval/                 |          |
|    mean_ep_length     | 815      |
|    mean_reward        | 146      |
| time/                 |          |
|    total_timesteps    | 350000   |
| train/                |          |
|    entropy_loss       | -1.02    |
|    explained_variance | 0.694    |
|    learning_rate      | 8.43e-05 |
|    n_updates          | 21874    |
|    policy_loss        | 0.493    |
|    value_loss         | 1.7      |
------------------------------------
New best mean reward!
------------------------------------
| rollout/              |          |
|    ep_len_mean        | 425      |
|    ep_rew_mean        | 22       |
| time/                 |          |
|    fps                | 1197     |
|    iterations         | 21900    |
|    time_elapsed       | 292      |
|    total_timesteps    | 350400   |
| train/                |          |
|    entropy_loss       | -1.15    |
|    explained_variance | 0.999    |
|    learning_rate      | 8.42e-05 |
|    n_updates          | 21899    |
|    policy_loss        | -0.414   |
|    value_loss         | 0.236    |
------------------------------------
------------------------------------
| rollout/              |          |
|    ep_len_mean        | 433      |
|    ep_rew_mean        | 21.9     |
| time/                 |          |
|    fps                | 1197     |
|    iterations         | 22000    |
|    time_elapsed       | 293      |
|    total_timesteps    | 352000   |
| train/                |          |
|    entropy_loss       | -1.13    |
|    explained_variance | 0.905    |
|    learning_rate      | 8.42e-05 |
|    n_updates          | 21999    |
|    policy_loss        | -0.395   |
|    value_loss         | 1.45     |
------------------------------------
------------------------------------
| rollout/              |          |
|    ep_len_mean        | 433      |
|    ep_rew_mean        | 20.5     |
| time/                 |          |
|    fps                | 1197     |
|    iterations         | 22100    |
|    time_elapsed       | 295      |
|    total_timesteps    | 353600   |
| train/                |          |
|    entropy_loss       | -1.1     |
|    explained_variance | 0.969    |
|    learning_rate      | 8.41e-05 |
|    n_updates          | 22099    |
|    policy_loss        | -0.783   |
|    value_loss         | 1.54     |
------------------------------------
------------------------------------
| rollout/              |          |
|    ep_len_mean        | 449      |
|    ep_rew_mean        | 23.5     |
| time/                 |          |
|    fps                | 1197     |
|    iterations         | 22200    |
|    time_elapsed       | 296      |
|    total_timesteps    | 355200   |
| train/                |          |
|    entropy_loss       | -0.972   |
|    explained_variance | -4.49    |
|    learning_rate      | 8.4e-05  |
|    n_updates          | 22199    |
|    policy_loss        | 1.33     |
|    value_loss         | 18.3     |
------------------------------------
------------------------------------
| rollout/              |          |
|    ep_len_mean        | 449      |
|    ep_rew_mean        | 23.5     |
| time/                 |          |
|    fps                | 1197     |
|    iterations         | 22300    |
|    time_elapsed       | 297      |
|    total_timesteps    | 356800   |
| train/                |          |
|    entropy_loss       | -0.986   |
|    explained_variance | -0.185   |
|    learning_rate      | 8.39e-05 |
|    n_updates          | 22299    |
|    policy_loss        | 0.15     |
|    value_loss         | 0.143    |
------------------------------------
------------------------------------
| rollout/              |          |
|    ep_len_mean        | 458      |
|    ep_rew_mean        | 22.8     |
| time/                 |          |
|    fps                | 1197     |
|    iterations         | 22400    |
|    time_elapsed       | 299      |
|    total_timesteps    | 358400   |
| train/                |          |
|    entropy_loss       | -1.03    |
|    explained_variance | 0.513    |
|    learning_rate      | 8.39e-05 |
|    n_updates          | 22399    |
|    policy_loss        | -0.00438 |
|    value_loss         | 0.0396   |
------------------------------------
------------------------------------
| rollout/              |          |
|    ep_len_mean        | 449      |
|    ep_rew_mean        | 22.4     |
| time/                 |          |
|    fps                | 1196     |
|    iterations         | 22500    |
|    time_elapsed       | 300      |
|    total_timesteps    | 360000   |
| train/                |          |
|    entropy_loss       | -0.603   |
|    explained_variance | 0.782    |
|    learning_rate      | 8.38e-05 |
|    n_updates          | 22499    |
|    policy_loss        | -1.98    |
|    value_loss         | 26.8     |
------------------------------------
------------------------------------
| rollout/              |          |
|    ep_len_mean        | 450      |
|    ep_rew_mean        | 23.4     |
| time/                 |          |
|    fps                | 1196     |
|    iterations         | 22600    |
|    time_elapsed       | 302      |
|    total_timesteps    | 361600   |
| train/                |          |
|    entropy_loss       | -1.08    |
|    explained_variance | 0.121    |
|    learning_rate      | 8.37e-05 |
|    n_updates          | 22599    |
|    policy_loss        | -0.675   |
|    value_loss         | 0.468    |
------------------------------------
------------------------------------
| rollout/              |          |
|    ep_len_mean        | 448      |
|    ep_rew_mean        | 27.4     |
| time/                 |          |
|    fps                | 1196     |
|    iterations         | 22700    |
|    time_elapsed       | 303      |
|    total_timesteps    | 363200   |
| train/                |          |
|    entropy_loss       | -1.08    |
|    explained_variance | -0.24    |
|    learning_rate      | 8.37e-05 |
|    n_updates          | 22699    |
|    policy_loss        | -0.385   |
|    value_loss         | 0.228    |
------------------------------------
------------------------------------
| rollout/              |          |
|    ep_len_mean        | 456      |
|    ep_rew_mean        | 28.9     |
| time/                 |          |
|    fps                | 1196     |
|    iterations         | 22800    |
|    time_elapsed       | 305      |
|    total_timesteps    | 364800   |
| train/                |          |
|    entropy_loss       | -1.02    |
|    explained_variance | -5.14    |
|    learning_rate      | 8.36e-05 |
|    n_updates          | 22799    |
|    policy_loss        | 2.43     |
|    value_loss         | 10.4     |
------------------------------------
------------------------------------
| rollout/              |          |
|    ep_len_mean        | 464      |
|    ep_rew_mean        | 29.9     |
| time/                 |          |
|    fps                | 1195     |
|    iterations         | 22900    |
|    time_elapsed       | 306      |
|    total_timesteps    | 366400   |
| train/                |          |
|    entropy_loss       | -1.03    |
|    explained_variance | 0.129    |
|    learning_rate      | 8.35e-05 |
|    n_updates          | 22899    |
|    policy_loss        | 0.056    |
|    value_loss         | 0.0546   |
------------------------------------
------------------------------------
| rollout/              |          |
|    ep_len_mean        | 481      |
|    ep_rew_mean        | 34.5     |
| time/                 |          |
|    fps                | 1195     |
|    iterations         | 23000    |
|    time_elapsed       | 307      |
|    total_timesteps    | 368000   |
| train/                |          |
|    entropy_loss       | -1.05    |
|    explained_variance | 0.116    |
|    learning_rate      | 8.34e-05 |
|    n_updates          | 22999    |
|    policy_loss        | -0.499   |
|    value_loss         | 0.204    |
------------------------------------
------------------------------------
| rollout/              |          |
|    ep_len_mean        | 481      |
|    ep_rew_mean        | 35.1     |
| time/                 |          |
|    fps                | 1194     |
|    iterations         | 23100    |
|    time_elapsed       | 309      |
|    total_timesteps    | 369600   |
| train/                |          |
|    entropy_loss       | -1.02    |
|    explained_variance | 0.00883  |
|    learning_rate      | 8.34e-05 |
|    n_updates          | 23099    |
|    policy_loss        | -0.124   |
|    value_loss         | 0.05     |
------------------------------------
------------------------------------
| rollout/              |          |
|    ep_len_mean        | 472      |
|    ep_rew_mean        | 35       |
| time/                 |          |
|    fps                | 1194     |
|    iterations         | 23200    |
|    time_elapsed       | 310      |
|    total_timesteps    | 371200   |
| train/                |          |
|    entropy_loss       | -1.03    |
|    explained_variance | -2.76    |
|    learning_rate      | 8.33e-05 |
|    n_updates          | 23199    |
|    policy_loss        | -1.87    |
|    value_loss         | 4.5      |
------------------------------------
------------------------------------
| rollout/              |          |
|    ep_len_mean        | 464      |
|    ep_rew_mean        | 32.7     |
| time/                 |          |
|    fps                | 1194     |
|    iterations         | 23300    |
|    time_elapsed       | 312      |
|    total_timesteps    | 372800   |
| train/                |          |
|    entropy_loss       | -0.928   |
|    explained_variance | 0.945    |
|    learning_rate      | 8.32e-05 |
|    n_updates          | 23299    |
|    policy_loss        | 1.77     |
|    value_loss         | 8.66     |
------------------------------------
------------------------------------
| rollout/              |          |
|    ep_len_mean        | 472      |
|    ep_rew_mean        | 34.3     |
| time/                 |          |
|    fps                | 1194     |
|    iterations         | 23400    |
|    time_elapsed       | 313      |
|    total_timesteps    | 374400   |
| train/                |          |
|    entropy_loss       | -1.01    |
|    explained_variance | -0.0971  |
|    learning_rate      | 8.32e-05 |
|    n_updates          | 23399    |
|    policy_loss        | -0.43    |
|    value_loss         | 0.518    |
------------------------------------
------------------------------------
| rollout/              |          |
|    ep_len_mean        | 480      |
|    ep_rew_mean        | 37.4     |
| time/                 |          |
|    fps                | 1195     |
|    iterations         | 23500    |
|    time_elapsed       | 314      |
|    total_timesteps    | 376000   |
| train/                |          |
|    entropy_loss       | -1.03    |
|    explained_variance | 0.232    |
|    learning_rate      | 8.31e-05 |
|    n_updates          | 23499    |
|    policy_loss        | -0.0245  |
|    value_loss         | 0.0418   |
------------------------------------
------------------------------------
| rollout/              |          |
|    ep_len_mean        | 497      |
|    ep_rew_mean        | 41.6     |
| time/                 |          |
|    fps                | 1194     |
|    iterations         | 23600    |
|    time_elapsed       | 316      |
|    total_timesteps    | 377600   |
| train/                |          |
|    entropy_loss       | -0.934   |
|    explained_variance | -0.0391  |
|    learning_rate      | 8.3e-05  |
|    n_updates          | 23599    |
|    policy_loss        | -0.0186  |
|    value_loss         | 0.0253   |
------------------------------------
------------------------------------
| rollout/              |          |
|    ep_len_mean        | 505      |
|    ep_rew_mean        | 43.2     |
| time/                 |          |
|    fps                | 1194     |
|    iterations         | 23700    |
|    time_elapsed       | 317      |
|    total_timesteps    | 379200   |
| train/                |          |
|    entropy_loss       | -0.81    |
|    explained_variance | 0.591    |
|    learning_rate      | 8.29e-05 |
|    n_updates          | 23699    |
|    policy_loss        | -4.75    |
|    value_loss         | 39.3     |
------------------------------------
------------------------------------
| rollout/              |          |
|    ep_len_mean        | 496      |
|    ep_rew_mean        | 38       |
| time/                 |          |
|    fps                | 1194     |
|    iterations         | 23800    |
|    time_elapsed       | 318      |
|    total_timesteps    | 380800   |
| train/                |          |
|    entropy_loss       | -0.583   |
|    explained_variance | -2.01    |
|    learning_rate      | 8.29e-05 |
|    n_updates          | 23799    |
|    policy_loss        | -2.68    |
|    value_loss         | 5.38e+03 |
------------------------------------
------------------------------------
| rollout/              |          |
|    ep_len_mean        | 488      |
|    ep_rew_mean        | 37.9     |
| time/                 |          |
|    fps                | 1194     |
|    iterations         | 23900    |
|    time_elapsed       | 320      |
|    total_timesteps    | 382400   |
| train/                |          |
|    entropy_loss       | -0.544   |
|    explained_variance | 0.452    |
|    learning_rate      | 8.28e-05 |
|    n_updates          | 23899    |
|    policy_loss        | -11.7    |
|    value_loss         | 330      |
------------------------------------
------------------------------------
| rollout/              |          |
|    ep_len_mean        | 496      |
|    ep_rew_mean        | 39.1     |
| time/                 |          |
|    fps                | 1193     |
|    iterations         | 24000    |
|    time_elapsed       | 321      |
|    total_timesteps    | 384000   |
| train/                |          |
|    entropy_loss       | -1.09    |
|    explained_variance | -0.324   |
|    learning_rate      | 8.27e-05 |
|    n_updates          | 23999    |
|    policy_loss        | 3.71     |
|    value_loss         | 33.6     |
------------------------------------
------------------------------------
| rollout/              |          |
|    ep_len_mean        | 504      |
|    ep_rew_mean        | 41.9     |
| time/                 |          |
|    fps                | 1193     |
|    iterations         | 24100    |
|    time_elapsed       | 323      |
|    total_timesteps    | 385600   |
| train/                |          |
|    entropy_loss       | -1.07    |
|    explained_variance | 0.994    |
|    learning_rate      | 8.26e-05 |
|    n_updates          | 24099    |
|    policy_loss        | -0.095   |
|    value_loss         | 0.197    |
------------------------------------
------------------------------------
| rollout/              |          |
|    ep_len_mean        | 496      |
|    ep_rew_mean        | 36.7     |
| time/                 |          |
|    fps                | 1193     |
|    iterations         | 24200    |
|    time_elapsed       | 324      |
|    total_timesteps    | 387200   |
| train/                |          |
|    entropy_loss       | -1.06    |
|    explained_variance | 0.0584   |
|    learning_rate      | 8.26e-05 |
|    n_updates          | 24199    |
|    policy_loss        | 0.202    |
|    value_loss         | 0.117    |
------------------------------------
------------------------------------
| rollout/              |          |
|    ep_len_mean        | 497      |
|    ep_rew_mean        | 37.9     |
| time/                 |          |
|    fps                | 1193     |
|    iterations         | 24300    |
|    time_elapsed       | 325      |
|    total_timesteps    | 388800   |
| train/                |          |
|    entropy_loss       | -0.873   |
|    explained_variance | 0.55     |
|    learning_rate      | 8.25e-05 |
|    n_updates          | 24299    |
|    policy_loss        | -1.4     |
|    value_loss         | 5.46     |
------------------------------------
------------------------------------
| rollout/              |          |
|    ep_len_mean        | 496      |
|    ep_rew_mean        | 42.8     |
| time/                 |          |
|    fps                | 1193     |
|    iterations         | 24400    |
|    time_elapsed       | 327      |
|    total_timesteps    | 390400   |
| train/                |          |
|    entropy_loss       | -0.607   |
|    explained_variance | 0.914    |
|    learning_rate      | 8.24e-05 |
|    n_updates          | 24399    |
|    policy_loss        | -0.113   |
|    value_loss         | 0.627    |
------------------------------------
------------------------------------
| rollout/              |          |
|    ep_len_mean        | 505      |
|    ep_rew_mean        | 45.8     |
| time/                 |          |
|    fps                | 1193     |
|    iterations         | 24500    |
|    time_elapsed       | 328      |
|    total_timesteps    | 392000   |
| train/                |          |
|    entropy_loss       | -1.08    |
|    explained_variance | -0.269   |
|    learning_rate      | 8.24e-05 |
|    n_updates          | 24499    |
|    policy_loss        | -0.248   |
|    value_loss         | 0.147    |
------------------------------------
------------------------------------
| rollout/              |          |
|    ep_len_mean        | 504      |
|    ep_rew_mean        | 45.4     |
| time/                 |          |
|    fps                | 1193     |
|    iterations         | 24600    |
|    time_elapsed       | 329      |
|    total_timesteps    | 393600   |
| train/                |          |
|    entropy_loss       | -0.932   |
|    explained_variance | 0.308    |
|    learning_rate      | 8.23e-05 |
|    n_updates          | 24599    |
|    policy_loss        | 0.112    |
|    value_loss         | 0.0476   |
------------------------------------
------------------------------------
| rollout/              |          |
|    ep_len_mean        | 495      |
|    ep_rew_mean        | 43.7     |
| time/                 |          |
|    fps                | 1193     |
|    iterations         | 24700    |
|    time_elapsed       | 331      |
|    total_timesteps    | 395200   |
| train/                |          |
|    entropy_loss       | -1.07    |
|    explained_variance | -0.0119  |
|    learning_rate      | 8.22e-05 |
|    n_updates          | 24699    |
|    policy_loss        | -0.0874  |
|    value_loss         | 0.0442   |
------------------------------------
------------------------------------
| rollout/              |          |
|    ep_len_mean        | 487      |
|    ep_rew_mean        | 41.9     |
| time/                 |          |
|    fps                | 1193     |
|    iterations         | 24800    |
|    time_elapsed       | 332      |
|    total_timesteps    | 396800   |
| train/                |          |
|    entropy_loss       | -0.73    |
|    explained_variance | 0.576    |
|    learning_rate      | 8.21e-05 |
|    n_updates          | 24799    |
|    policy_loss        | -3.25    |
|    value_loss         | 34.7     |
------------------------------------
------------------------------------
| rollout/              |          |
|    ep_len_mean        | 496      |
|    ep_rew_mean        | 44.9     |
| time/                 |          |
|    fps                | 1192     |
|    iterations         | 24900    |
|    time_elapsed       | 333      |
|    total_timesteps    | 398400   |
| train/                |          |
|    entropy_loss       | -1.06    |
|    explained_variance | 0.342    |
|    learning_rate      | 8.21e-05 |
|    n_updates          | 24899    |
|    policy_loss        | 0.101    |
|    value_loss         | 0.0771   |
------------------------------------
Eval num_timesteps=400000, episode_reward=173.77 +/- 97.33
Episode length: 426.40 +/- 223.03
------------------------------------
| eval/                 |          |
|    mean_ep_length     | 426      |
|    mean_reward        | 174      |
| time/                 |          |
|    total_timesteps    | 400000   |
| train/                |          |
|    entropy_loss       | -1.01    |
|    explained_variance | 0.225    |
|    learning_rate      | 8.2e-05  |
|    n_updates          | 24999    |
|    policy_loss        | -0.147   |
|    value_loss         | 0.2      |
------------------------------------
New best mean reward!
---------------------------------
| rollout/           |          |
|    ep_len_mean     | 488      |
|    ep_rew_mean     | 44.1     |
| time/              |          |
|    fps             | 1189     |
|    iterations      | 25000    |
|    time_elapsed    | 336      |
|    total_timesteps | 400000   |
---------------------------------
------------------------------------
| rollout/              |          |
|    ep_len_mean        | 488      |
|    ep_rew_mean        | 45.1     |
| time/                 |          |
|    fps                | 1189     |
|    iterations         | 25100    |
|    time_elapsed       | 337      |
|    total_timesteps    | 401600   |
| train/                |          |
|    entropy_loss       | -1.01    |
|    explained_variance | 0.488    |
|    learning_rate      | 8.19e-05 |
|    n_updates          | 25099    |
|    policy_loss        | 0.13     |
|    value_loss         | 0.038    |
------------------------------------
------------------------------------
| rollout/              |          |
|    ep_len_mean        | 495      |
|    ep_rew_mean        | 47.8     |
| time/                 |          |
|    fps                | 1189     |
|    iterations         | 25200    |
|    time_elapsed       | 338      |
|    total_timesteps    | 403200   |
| train/                |          |
|    entropy_loss       | -0.132   |
|    explained_variance | -3.45    |
|    learning_rate      | 8.19e-05 |
|    n_updates          | 25199    |
|    policy_loss        | -0.0188  |
|    value_loss         | 53.7     |
------------------------------------
------------------------------------
| rollout/              |          |
|    ep_len_mean        | 478      |
|    ep_rew_mean        | 43.6     |
| time/                 |          |
|    fps                | 1189     |
|    iterations         | 25300    |
|    time_elapsed       | 340      |
|    total_timesteps    | 404800   |
| train/                |          |
|    entropy_loss       | -0.474   |
|    explained_variance | 0.283    |
|    learning_rate      | 8.18e-05 |
|    n_updates          | 25299    |
|    policy_loss        | 7.65     |
|    value_loss         | 326      |
------------------------------------
------------------------------------
| rollout/              |          |
|    ep_len_mean        | 477      |
|    ep_rew_mean        | 44.2     |
| time/                 |          |
|    fps                | 1190     |
|    iterations         | 25400    |
|    time_elapsed       | 341      |
|    total_timesteps    | 406400   |
| train/                |          |
|    entropy_loss       | -0.329   |
|    explained_variance | 0.428    |
|    learning_rate      | 8.17e-05 |
|    n_updates          | 25399    |
|    policy_loss        | -2.75    |
|    value_loss         | 120      |
------------------------------------
------------------------------------
| rollout/              |          |
|    ep_len_mean        | 469      |
|    ep_rew_mean        | 37.7     |
| time/                 |          |
|    fps                | 1190     |
|    iterations         | 25500    |
|    time_elapsed       | 342      |
|    total_timesteps    | 408000   |
| train/                |          |
|    entropy_loss       | -0.794   |
|    explained_variance | 0.965    |
|    learning_rate      | 8.16e-05 |
|    n_updates          | 25499    |
|    policy_loss        | -1.49    |
|    value_loss         | 3.62     |
------------------------------------
------------------------------------
| rollout/              |          |
|    ep_len_mean        | 469      |
|    ep_rew_mean        | 37.3     |
| time/                 |          |
|    fps                | 1190     |
|    iterations         | 25600    |
|    time_elapsed       | 344      |
|    total_timesteps    | 409600   |
| train/                |          |
|    entropy_loss       | -1.05    |
|    explained_variance | 0.332    |
|    learning_rate      | 8.16e-05 |
|    n_updates          | 25599    |
|    policy_loss        | 0.0308   |
|    value_loss         | 0.0731   |
------------------------------------
------------------------------------
| rollout/              |          |
|    ep_len_mean        | 487      |
|    ep_rew_mean        | 41.7     |
| time/                 |          |
|    fps                | 1190     |
|    iterations         | 25700    |
|    time_elapsed       | 345      |
|    total_timesteps    | 411200   |
| train/                |          |
|    entropy_loss       | -1.17    |
|    explained_variance | 0.893    |
|    learning_rate      | 8.15e-05 |
|    n_updates          | 25699    |
|    policy_loss        | -1.2     |
|    value_loss         | 1.52     |
------------------------------------
------------------------------------
| rollout/              |          |
|    ep_len_mean        | 496      |
|    ep_rew_mean        | 42.3     |
| time/                 |          |
|    fps                | 1191     |
|    iterations         | 25800    |
|    time_elapsed       | 346      |
|    total_timesteps    | 412800   |
| train/                |          |
|    entropy_loss       | -1.01    |
|    explained_variance | 0.22     |
|    learning_rate      | 8.14e-05 |
|    n_updates          | 25799    |
|    policy_loss        | -0.00462 |
|    value_loss         | 0.055    |
------------------------------------
------------------------------------
| rollout/              |          |
|    ep_len_mean        | 488      |
|    ep_rew_mean        | 40.7     |
| time/                 |          |
|    fps                | 1191     |
|    iterations         | 25900    |
|    time_elapsed       | 347      |
|    total_timesteps    | 414400   |
| train/                |          |
|    entropy_loss       | -0.732   |
|    explained_variance | 0.774    |
|    learning_rate      | 8.14e-05 |
|    n_updates          | 25899    |
|    policy_loss        | -5.52    |
|    value_loss         | 45.3     |
------------------------------------
------------------------------------
| rollout/              |          |
|    ep_len_mean        | 471      |
|    ep_rew_mean        | 37.5     |
| time/                 |          |
|    fps                | 1191     |
|    iterations         | 26000    |
|    time_elapsed       | 349      |
|    total_timesteps    | 416000   |
| train/                |          |
|    entropy_loss       | -0.526   |
|    explained_variance | 0.83     |
|    learning_rate      | 8.13e-05 |
|    n_updates          | 25999    |
|    policy_loss        | -0.686   |
|    value_loss         | 2.43     |
------------------------------------
------------------------------------
| rollout/              |          |
|    ep_len_mean        | 470      |
|    ep_rew_mean        | 37       |
| time/                 |          |
|    fps                | 1191     |
|    iterations         | 26100    |
|    time_elapsed       | 350      |
|    total_timesteps    | 417600   |
| train/                |          |
|    entropy_loss       | -1.08    |
|    explained_variance | -0.232   |
|    learning_rate      | 8.12e-05 |
|    n_updates          | 26099    |
|    policy_loss        | 0.0901   |
|    value_loss         | 0.0589   |
------------------------------------
------------------------------------
| rollout/              |          |
|    ep_len_mean        | 488      |
|    ep_rew_mean        | 41.9     |
| time/                 |          |
|    fps                | 1192     |
|    iterations         | 26200    |
|    time_elapsed       | 351      |
|    total_timesteps    | 419200   |
| train/                |          |
|    entropy_loss       | -0.646   |
|    explained_variance | 0.694    |
|    learning_rate      | 8.11e-05 |
|    n_updates          | 26199    |
|    policy_loss        | -6.35    |
|    value_loss         | 150      |
------------------------------------
------------------------------------
| rollout/              |          |
|    ep_len_mean        | 496      |
|    ep_rew_mean        | 43.2     |
| time/                 |          |
|    fps                | 1192     |
|    iterations         | 26300    |
|    time_elapsed       | 352      |
|    total_timesteps    | 420800   |
| train/                |          |
|    entropy_loss       | -1.04    |
|    explained_variance | -0.238   |
|    learning_rate      | 8.11e-05 |
|    n_updates          | 26299    |
|    policy_loss        | -0.212   |
|    value_loss         | 0.292    |
------------------------------------
------------------------------------
| rollout/              |          |
|    ep_len_mean        | 495      |
|    ep_rew_mean        | 42.2     |
| time/                 |          |
|    fps                | 1192     |
|    iterations         | 26400    |
|    time_elapsed       | 354      |
|    total_timesteps    | 422400   |
| train/                |          |
|    entropy_loss       | -0.727   |
|    explained_variance | -0.409   |
|    learning_rate      | 8.1e-05  |
|    n_updates          | 26399    |
|    policy_loss        | 4.78     |
|    value_loss         | 59.2     |
------------------------------------
------------------------------------
| rollout/              |          |
|    ep_len_mean        | 487      |
|    ep_rew_mean        | 40.8     |
| time/                 |          |
|    fps                | 1192     |
|    iterations         | 26500    |
|    time_elapsed       | 355      |
|    total_timesteps    | 424000   |
| train/                |          |
|    entropy_loss       | -0.971   |
|    explained_variance | -0.299   |
|    learning_rate      | 8.09e-05 |
|    n_updates          | 26499    |
|    policy_loss        | -0.362   |
|    value_loss         | 0.408    |
------------------------------------
------------------------------------
| rollout/              |          |
|    ep_len_mean        | 505      |
|    ep_rew_mean        | 43.2     |
| time/                 |          |
|    fps                | 1192     |
|    iterations         | 26600    |
|    time_elapsed       | 356      |
|    total_timesteps    | 425600   |
| train/                |          |
|    entropy_loss       | -0.958   |
|    explained_variance | 0.849    |
|    learning_rate      | 8.08e-05 |
|    n_updates          | 26599    |
|    policy_loss        | -3.28    |
|    value_loss         | 16.9     |
------------------------------------
------------------------------------
| rollout/              |          |
|    ep_len_mean        | 496      |
|    ep_rew_mean        | 42       |
| time/                 |          |
|    fps                | 1193     |
|    iterations         | 26700    |
|    time_elapsed       | 358      |
|    total_timesteps    | 427200   |
| train/                |          |
|    entropy_loss       | -1.02    |
|    explained_variance | -0.211   |
|    learning_rate      | 8.08e-05 |
|    n_updates          | 26699    |
|    policy_loss        | 0.0876   |
|    value_loss         | 0.224    |
------------------------------------
-------------------------------------
| rollout/              |           |
|    ep_len_mean        | 479       |
|    ep_rew_mean        | 39.8      |
| time/                 |           |
|    fps                | 1193      |
|    iterations         | 26800     |
|    time_elapsed       | 359       |
|    total_timesteps    | 428800    |
| train/                |           |
|    entropy_loss       | -1.03     |
|    explained_variance | -9.43e-05 |
|    learning_rate      | 8.07e-05  |
|    n_updates          | 26799     |
|    policy_loss        | 0.00315   |
|    value_loss         | 0.0404    |
-------------------------------------
------------------------------------
| rollout/              |          |
|    ep_len_mean        | 495      |
|    ep_rew_mean        | 45.8     |
| time/                 |          |
|    fps                | 1193     |
|    iterations         | 26900    |
|    time_elapsed       | 360      |
|    total_timesteps    | 430400   |
| train/                |          |
|    entropy_loss       | -1.11    |
|    explained_variance | 0.91     |
|    learning_rate      | 8.06e-05 |
|    n_updates          | 26899    |
|    policy_loss        | 0.328    |
|    value_loss         | 7.06     |
------------------------------------
------------------------------------
| rollout/              |          |
|    ep_len_mean        | 503      |
|    ep_rew_mean        | 47.2     |
| time/                 |          |
|    fps                | 1193     |
|    iterations         | 27000    |
|    time_elapsed       | 361      |
|    total_timesteps    | 432000   |
| train/                |          |
|    entropy_loss       | -0.864   |
|    explained_variance | 0.949    |
|    learning_rate      | 8.06e-05 |
|    n_updates          | 26999    |
|    policy_loss        | -0.224   |
|    value_loss         | 2.5      |
------------------------------------
------------------------------------
| rollout/              |          |
|    ep_len_mean        | 511      |
|    ep_rew_mean        | 50       |
| time/                 |          |
|    fps                | 1193     |
|    iterations         | 27100    |
|    time_elapsed       | 363      |
|    total_timesteps    | 433600   |
| train/                |          |
|    entropy_loss       | -1.03    |
|    explained_variance | 0.852    |
|    learning_rate      | 8.05e-05 |
|    n_updates          | 27099    |
|    policy_loss        | 6.2      |
|    value_loss         | 49.3     |
------------------------------------
------------------------------------
| rollout/              |          |
|    ep_len_mean        | 501      |
|    ep_rew_mean        | 46.1     |
| time/                 |          |
|    fps                | 1194     |
|    iterations         | 27200    |
|    time_elapsed       | 364      |
|    total_timesteps    | 435200   |
| train/                |          |
|    entropy_loss       | -1.01    |
|    explained_variance | -2.29    |
|    learning_rate      | 8.04e-05 |
|    n_updates          | 27199    |
|    policy_loss        | 4.17     |
|    value_loss         | 28.2     |
------------------------------------
------------------------------------
| rollout/              |          |
|    ep_len_mean        | 483      |
|    ep_rew_mean        | 48.2     |
| time/                 |          |
|    fps                | 1194     |
|    iterations         | 27300    |
|    time_elapsed       | 365      |
|    total_timesteps    | 436800   |
| train/                |          |
|    entropy_loss       | -0.201   |
|    explained_variance | -0.311   |
|    learning_rate      | 8.03e-05 |
|    n_updates          | 27299    |
|    policy_loss        | -12.3    |
|    value_loss         | 5.26e+03 |
------------------------------------
------------------------------------
| rollout/              |          |
|    ep_len_mean        | 490      |
|    ep_rew_mean        | 49.2     |
| time/                 |          |
|    fps                | 1194     |
|    iterations         | 27400    |
|    time_elapsed       | 366      |
|    total_timesteps    | 438400   |
| train/                |          |
|    entropy_loss       | -1.07    |
|    explained_variance | 0.954    |
|    learning_rate      | 8.03e-05 |
|    n_updates          | 27399    |
|    policy_loss        | -0.447   |
|    value_loss         | 1.68     |
------------------------------------
------------------------------------
| rollout/              |          |
|    ep_len_mean        | 499      |
|    ep_rew_mean        | 49.9     |
| time/                 |          |
|    fps                | 1194     |
|    iterations         | 27500    |
|    time_elapsed       | 368      |
|    total_timesteps    | 440000   |
| train/                |          |
|    entropy_loss       | -1.06    |
|    explained_variance | -0.115   |
|    learning_rate      | 8.02e-05 |
|    n_updates          | 27499    |
|    policy_loss        | 0.151    |
|    value_loss         | 0.173    |
------------------------------------
------------------------------------
| rollout/              |          |
|    ep_len_mean        | 499      |
|    ep_rew_mean        | 50.5     |
| time/                 |          |
|    fps                | 1194     |
|    iterations         | 27600    |
|    time_elapsed       | 369      |
|    total_timesteps    | 441600   |
| train/                |          |
|    entropy_loss       | -0.0619  |
|    explained_variance | -0.502   |
|    learning_rate      | 8.01e-05 |
|    n_updates          | 27599    |
|    policy_loss        | -0.81    |
|    value_loss         | 7.58e+03 |
------------------------------------
------------------------------------
| rollout/              |          |
|    ep_len_mean        | 480      |
|    ep_rew_mean        | 48.6     |
| time/                 |          |
|    fps                | 1193     |
|    iterations         | 27700    |
|    time_elapsed       | 371      |
|    total_timesteps    | 443200   |
| train/                |          |
|    entropy_loss       | -1.07    |
|    explained_variance | -1.85    |
|    learning_rate      | 8.01e-05 |
|    n_updates          | 27699    |
|    policy_loss        | -2.4     |
|    value_loss         | 5.85     |
------------------------------------
------------------------------------
| rollout/              |          |
|    ep_len_mean        | 498      |
|    ep_rew_mean        | 51.2     |
| time/                 |          |
|    fps                | 1193     |
|    iterations         | 27800    |
|    time_elapsed       | 372      |
|    total_timesteps    | 444800   |
| train/                |          |
|    entropy_loss       | -1.07    |
|    explained_variance | 0.0643   |
|    learning_rate      | 8e-05    |
|    n_updates          | 27799    |
|    policy_loss        | 0.0201   |
|    value_loss         | 0.0323   |
------------------------------------
------------------------------------
| rollout/              |          |
|    ep_len_mean        | 506      |
|    ep_rew_mean        | 53.1     |
| time/                 |          |
|    fps                | 1193     |
|    iterations         | 27900    |
|    time_elapsed       | 373      |
|    total_timesteps    | 446400   |
| train/                |          |
|    entropy_loss       | -0.702   |
|    explained_variance | 0.865    |
|    learning_rate      | 7.99e-05 |
|    n_updates          | 27899    |
|    policy_loss        | -0.915   |
|    value_loss         | 10.1     |
------------------------------------
------------------------------------
| rollout/              |          |
|    ep_len_mean        | 506      |
|    ep_rew_mean        | 53.7     |
| time/                 |          |
|    fps                | 1193     |
|    iterations         | 28000    |
|    time_elapsed       | 375      |
|    total_timesteps    | 448000   |
| train/                |          |
|    entropy_loss       | -0.983   |
|    explained_variance | -1.38    |
|    learning_rate      | 7.98e-05 |
|    n_updates          | 27999    |
|    policy_loss        | 0.0131   |
|    value_loss         | 0.716    |
------------------------------------
------------------------------------
| rollout/              |          |
|    ep_len_mean        | 505      |
|    ep_rew_mean        | 53       |
| time/                 |          |
|    fps                | 1193     |
|    iterations         | 28100    |
|    time_elapsed       | 376      |
|    total_timesteps    | 449600   |
| train/                |          |
|    entropy_loss       | -0.192   |
|    explained_variance | -1.59    |
|    learning_rate      | 7.98e-05 |
|    n_updates          | 28099    |
|    policy_loss        | -4.49    |
|    value_loss         | 488      |
------------------------------------
Eval num_timesteps=450000, episode_reward=107.23 +/- 157.10
Episode length: 310.20 +/- 217.47
------------------------------------
| eval/                 |          |
|    mean_ep_length     | 310      |
|    mean_reward        | 107      |
| time/                 |          |
|    total_timesteps    | 450000   |
| train/                |          |
|    entropy_loss       | -0.96    |
|    explained_variance | -0.0567  |
|    learning_rate      | 7.98e-05 |
|    n_updates          | 28124    |
|    policy_loss        | -1.31    |
|    value_loss         | 2.79     |
------------------------------------
------------------------------------
| rollout/              |          |
|    ep_len_mean        | 512      |
|    ep_rew_mean        | 57.3     |
| time/                 |          |
|    fps                | 1191     |
|    iterations         | 28200    |
|    time_elapsed       | 378      |
|    total_timesteps    | 451200   |
| train/                |          |
|    entropy_loss       | -1.03    |
|    explained_variance | -0.218   |
|    learning_rate      | 7.97e-05 |
|    n_updates          | 28199    |
|    policy_loss        | -0.181   |
|    value_loss         | 0.139    |
------------------------------------
------------------------------------
| rollout/              |          |
|    ep_len_mean        | 503      |
|    ep_rew_mean        | 54.7     |
| time/                 |          |
|    fps                | 1190     |
|    iterations         | 28300    |
|    time_elapsed       | 380      |
|    total_timesteps    | 452800   |
| train/                |          |
|    entropy_loss       | -1       |
|    explained_variance | 0.11     |
|    learning_rate      | 7.96e-05 |
|    n_updates          | 28299    |
|    policy_loss        | -0.402   |
|    value_loss         | 0.161    |
------------------------------------
------------------------------------
| rollout/              |          |
|    ep_len_mean        | 511      |
|    ep_rew_mean        | 56.3     |
| time/                 |          |
|    fps                | 1191     |
|    iterations         | 28400    |
|    time_elapsed       | 381      |
|    total_timesteps    | 454400   |
| train/                |          |
|    entropy_loss       | -0.849   |
|    explained_variance | 0.692    |
|    learning_rate      | 7.96e-05 |
|    n_updates          | 28399    |
|    policy_loss        | -4.66    |
|    value_loss         | 48.6     |
------------------------------------
------------------------------------
| rollout/              |          |
|    ep_len_mean        | 521      |
|    ep_rew_mean        | 56.7     |
| time/                 |          |
|    fps                | 1191     |
|    iterations         | 28500    |
|    time_elapsed       | 382      |
|    total_timesteps    | 456000   |
| train/                |          |
|    entropy_loss       | -1.02    |
|    explained_variance | 0.954    |
|    learning_rate      | 7.95e-05 |
|    n_updates          | 28499    |
|    policy_loss        | -0.207   |
|    value_loss         | 0.452    |
------------------------------------
------------------------------------
| rollout/              |          |
|    ep_len_mean        | 529      |
|    ep_rew_mean        | 60.1     |
| time/                 |          |
|    fps                | 1191     |
|    iterations         | 28600    |
|    time_elapsed       | 384      |
|    total_timesteps    | 457600   |
| train/                |          |
|    entropy_loss       | -0.678   |
|    explained_variance | -0.048   |
|    learning_rate      | 7.94e-05 |
|    n_updates          | 28599    |
|    policy_loss        | 9.34     |
|    value_loss         | 271      |
------------------------------------
------------------------------------
| rollout/              |          |
|    ep_len_mean        | 528      |
|    ep_rew_mean        | 59.6     |
| time/                 |          |
|    fps                | 1191     |
|    iterations         | 28700    |
|    time_elapsed       | 385      |
|    total_timesteps    | 459200   |
| train/                |          |
|    entropy_loss       | -1.02    |
|    explained_variance | 0.96     |
|    learning_rate      | 7.93e-05 |
|    n_updates          | 28699    |
|    policy_loss        | -0.562   |
|    value_loss         | 3.06     |
------------------------------------
------------------------------------
| rollout/              |          |
|    ep_len_mean        | 537      |
|    ep_rew_mean        | 61.3     |
| time/                 |          |
|    fps                | 1192     |
|    iterations         | 28800    |
|    time_elapsed       | 386      |
|    total_timesteps    | 460800   |
| train/                |          |
|    entropy_loss       | -0.812   |
|    explained_variance | 0.405    |
|    learning_rate      | 7.93e-05 |
|    n_updates          | 28799    |
|    policy_loss        | -0.106   |
|    value_loss         | 0.0502   |
------------------------------------
------------------------------------
| rollout/              |          |
|    ep_len_mean        | 545      |
|    ep_rew_mean        | 64.6     |
| time/                 |          |
|    fps                | 1191     |
|    iterations         | 28900    |
|    time_elapsed       | 388      |
|    total_timesteps    | 462400   |
| train/                |          |
|    entropy_loss       | -0.619   |
|    explained_variance | 0.556    |
|    learning_rate      | 7.92e-05 |
|    n_updates          | 28899    |
|    policy_loss        | -4.72    |
|    value_loss         | 61.2     |
------------------------------------
------------------------------------
| rollout/              |          |
|    ep_len_mean        | 528      |
|    ep_rew_mean        | 61.5     |
| time/                 |          |
|    fps                | 1190     |
|    iterations         | 29000    |
|    time_elapsed       | 389      |
|    total_timesteps    | 464000   |
| train/                |          |
|    entropy_loss       | -0.546   |
|    explained_variance | 0.524    |
|    learning_rate      | 7.91e-05 |
|    n_updates          | 28999    |
|    policy_loss        | -11.3    |
|    value_loss         | 1.32e+03 |
------------------------------------
------------------------------------
| rollout/              |          |
|    ep_len_mean        | 510      |
|    ep_rew_mean        | 59.1     |
| time/                 |          |
|    fps                | 1190     |
|    iterations         | 29100    |
|    time_elapsed       | 391      |
|    total_timesteps    | 465600   |
| train/                |          |
|    entropy_loss       | -0.466   |
|    explained_variance | 0.452    |
|    learning_rate      | 7.9e-05  |
|    n_updates          | 29099    |
|    policy_loss        | 1.28     |
|    value_loss         | 85.9     |
------------------------------------
------------------------------------
| rollout/              |          |
|    ep_len_mean        | 510      |
|    ep_rew_mean        | 58       |
| time/                 |          |
|    fps                | 1190     |
|    iterations         | 29200    |
|    time_elapsed       | 392      |
|    total_timesteps    | 467200   |
| train/                |          |
|    entropy_loss       | -1.06    |
|    explained_variance | -0.156   |
|    learning_rate      | 7.9e-05  |
|    n_updates          | 29199    |
|    policy_loss        | -0.0296  |
|    value_loss         | 0.0465   |
------------------------------------
------------------------------------
| rollout/              |          |
|    ep_len_mean        | 511      |
|    ep_rew_mean        | 55.9     |
| time/                 |          |
|    fps                | 1190     |
|    iterations         | 29300    |
|    time_elapsed       | 393      |
|    total_timesteps    | 468800   |
| train/                |          |
|    entropy_loss       | -1.07    |
|    explained_variance | -0.193   |
|    learning_rate      | 7.89e-05 |
|    n_updates          | 29299    |
|    policy_loss        | -0.462   |
|    value_loss         | 0.288    |
------------------------------------
------------------------------------
| rollout/              |          |
|    ep_len_mean        | 520      |
|    ep_rew_mean        | 57.1     |
| time/                 |          |
|    fps                | 1190     |
|    iterations         | 29400    |
|    time_elapsed       | 394      |
|    total_timesteps    | 470400   |
| train/                |          |
|    entropy_loss       | -1.07    |
|    explained_variance | -0.27    |
|    learning_rate      | 7.88e-05 |
|    n_updates          | 29399    |
|    policy_loss        | 0.178    |
|    value_loss         | 0.292    |
------------------------------------
------------------------------------
| rollout/              |          |
|    ep_len_mean        | 494      |
|    ep_rew_mean        | 54.7     |
| time/                 |          |
|    fps                | 1191     |
|    iterations         | 29500    |
|    time_elapsed       | 396      |
|    total_timesteps    | 472000   |
| train/                |          |
|    entropy_loss       | -1.09    |
|    explained_variance | -0.175   |
|    learning_rate      | 7.88e-05 |
|    n_updates          | 29499    |
|    policy_loss        | -0.126   |
|    value_loss         | 0.105    |
------------------------------------
------------------------------------
| rollout/              |          |
|    ep_len_mean        | 477      |
|    ep_rew_mean        | 52.2     |
| time/                 |          |
|    fps                | 1191     |
|    iterations         | 29600    |
|    time_elapsed       | 397      |
|    total_timesteps    | 473600   |
| train/                |          |
|    entropy_loss       | -1.09    |
|    explained_variance | -0.744   |
|    learning_rate      | 7.87e-05 |
|    n_updates          | 29599    |
|    policy_loss        | -0.0446  |
|    value_loss         | 0.108    |
------------------------------------
------------------------------------
| rollout/              |          |
|    ep_len_mean        | 486      |
|    ep_rew_mean        | 53.6     |
| time/                 |          |
|    fps                | 1191     |
|    iterations         | 29700    |
|    time_elapsed       | 398      |
|    total_timesteps    | 475200   |
| train/                |          |
|    entropy_loss       | -0.986   |
|    explained_variance | 0.164    |
|    learning_rate      | 7.86e-05 |
|    n_updates          | 29699    |
|    policy_loss        | 0.0662   |
|    value_loss         | 0.0464   |
------------------------------------
------------------------------------
| rollout/              |          |
|    ep_len_mean        | 469      |
|    ep_rew_mean        | 50.5     |
| time/                 |          |
|    fps                | 1191     |
|    iterations         | 29800    |
|    time_elapsed       | 400      |
|    total_timesteps    | 476800   |
| train/                |          |
|    entropy_loss       | -1.04    |
|    explained_variance | -0.0311  |
|    learning_rate      | 7.85e-05 |
|    n_updates          | 29799    |
|    policy_loss        | -0.258   |
|    value_loss         | 0.0961   |
------------------------------------
------------------------------------
| rollout/              |          |
|    ep_len_mean        | 479      |
|    ep_rew_mean        | 50.4     |
| time/                 |          |
|    fps                | 1191     |
|    iterations         | 29900    |
|    time_elapsed       | 401      |
|    total_timesteps    | 478400   |
| train/                |          |
|    entropy_loss       | -1.07    |
|    explained_variance | 0.00497  |
|    learning_rate      | 7.85e-05 |
|    n_updates          | 29899    |
|    policy_loss        | -0.071   |
|    value_loss         | 0.0535   |
------------------------------------
------------------------------------
| rollout/              |          |
|    ep_len_mean        | 487      |
|    ep_rew_mean        | 51.1     |
| time/                 |          |
|    fps                | 1191     |
|    iterations         | 30000    |
|    time_elapsed       | 402      |
|    total_timesteps    | 480000   |
| train/                |          |
|    entropy_loss       | -0.439   |
|    explained_variance | -3.13    |
|    learning_rate      | 7.84e-05 |
|    n_updates          | 29999    |
|    policy_loss        | -1.8     |
|    value_loss         | 33.1     |
------------------------------------
------------------------------------
| rollout/              |          |
|    ep_len_mean        | 496      |
|    ep_rew_mean        | 53.4     |
| time/                 |          |
|    fps                | 1190     |
|    iterations         | 30100    |
|    time_elapsed       | 404      |
|    total_timesteps    | 481600   |
| train/                |          |
|    entropy_loss       | -0.987   |
|    explained_variance | -0.237   |
|    learning_rate      | 7.83e-05 |
|    n_updates          | 30099    |
|    policy_loss        | 0.0252   |
|    value_loss         | 0.0203   |
------------------------------------
------------------------------------
| rollout/              |          |
|    ep_len_mean        | 478      |
|    ep_rew_mean        | 52.1     |
| time/                 |          |
|    fps                | 1190     |
|    iterations         | 30200    |
|    time_elapsed       | 405      |
|    total_timesteps    | 483200   |
| train/                |          |
|    entropy_loss       | -1.01    |
|    explained_variance | -0.0428  |
|    learning_rate      | 7.83e-05 |
|    n_updates          | 30199    |
|    policy_loss        | -0.468   |
|    value_loss         | 0.228    |
------------------------------------
------------------------------------
| rollout/              |          |
|    ep_len_mean        | 488      |
|    ep_rew_mean        | 52.9     |
| time/                 |          |
|    fps                | 1191     |
|    iterations         | 30300    |
|    time_elapsed       | 407      |
|    total_timesteps    | 484800   |
| train/                |          |
|    entropy_loss       | -0.815   |
|    explained_variance | 0.612    |
|    learning_rate      | 7.82e-05 |
|    n_updates          | 30299    |
|    policy_loss        | -4.28    |
|    value_loss         | 28.3     |
------------------------------------
------------------------------------
| rollout/              |          |
|    ep_len_mean        | 497      |
|    ep_rew_mean        | 52       |
| time/                 |          |
|    fps                | 1191     |
|    iterations         | 30400    |
|    time_elapsed       | 408      |
|    total_timesteps    | 486400   |
| train/                |          |
|    entropy_loss       | -1.03    |
|    explained_variance | 0.996    |
|    learning_rate      | 7.81e-05 |
|    n_updates          | 30399    |
|    policy_loss        | -0.00743 |
|    value_loss         | 0.0398   |
------------------------------------
------------------------------------
| rollout/              |          |
|    ep_len_mean        | 489      |
|    ep_rew_mean        | 51.7     |
| time/                 |          |
|    fps                | 1191     |
|    iterations         | 30500    |
|    time_elapsed       | 409      |
|    total_timesteps    | 488000   |
| train/                |          |
|    entropy_loss       | -0.657   |
|    explained_variance | 0.633    |
|    learning_rate      | 7.8e-05  |
|    n_updates          | 30499    |
|    policy_loss        | 0.894    |
|    value_loss         | 3.47     |
------------------------------------
------------------------------------
| rollout/              |          |
|    ep_len_mean        | 480      |
|    ep_rew_mean        | 50.4     |
| time/                 |          |
|    fps                | 1191     |
|    iterations         | 30600    |
|    time_elapsed       | 410      |
|    total_timesteps    | 489600   |
| train/                |          |
|    entropy_loss       | -1.08    |
|    explained_variance | 0.0699   |
|    learning_rate      | 7.8e-05  |
|    n_updates          | 30599    |
|    policy_loss        | 0.0211   |
|    value_loss         | 0.0704   |
------------------------------------
------------------------------------
| rollout/              |          |
|    ep_len_mean        | 488      |
|    ep_rew_mean        | 51.3     |
| time/                 |          |
|    fps                | 1191     |
|    iterations         | 30700    |
|    time_elapsed       | 412      |
|    total_timesteps    | 491200   |
| train/                |          |
|    entropy_loss       | -1       |
|    explained_variance | 0.187    |
|    learning_rate      | 7.79e-05 |
|    n_updates          | 30699    |
|    policy_loss        | 0.11     |
|    value_loss         | 0.0763   |
------------------------------------
------------------------------------
| rollout/              |          |
|    ep_len_mean        | 506      |
|    ep_rew_mean        | 54.6     |
| time/                 |          |
|    fps                | 1191     |
|    iterations         | 30800    |
|    time_elapsed       | 413      |
|    total_timesteps    | 492800   |
| train/                |          |
|    entropy_loss       | -0.603   |
|    explained_variance | 0.545    |
|    learning_rate      | 7.78e-05 |
|    n_updates          | 30799    |
|    policy_loss        | 10.4     |
|    value_loss         | 262      |
------------------------------------
------------------------------------
| rollout/              |          |
|    ep_len_mean        | 481      |
|    ep_rew_mean        | 47.1     |
| time/                 |          |
|    fps                | 1191     |
|    iterations         | 30900    |
|    time_elapsed       | 414      |
|    total_timesteps    | 494400   |
| train/                |          |
|    entropy_loss       | -0.728   |
|    explained_variance | 0.625    |
|    learning_rate      | 7.78e-05 |
|    n_updates          | 30899    |
|    policy_loss        | 3.63     |
|    value_loss         | 22.3     |
------------------------------------
------------------------------------
| rollout/              |          |
|    ep_len_mean        | 482      |
|    ep_rew_mean        | 46.7     |
| time/                 |          |
|    fps                | 1192     |
|    iterations         | 31000    |
|    time_elapsed       | 416      |
|    total_timesteps    | 496000   |
| train/                |          |
|    entropy_loss       | -1.05    |
|    explained_variance | -0.168   |
|    learning_rate      | 7.77e-05 |
|    n_updates          | 30999    |
|    policy_loss        | 0.155    |
|    value_loss         | 0.115    |
------------------------------------
------------------------------------
| rollout/              |          |
|    ep_len_mean        | 482      |
|    ep_rew_mean        | 46.1     |
| time/                 |          |
|    fps                | 1192     |
|    iterations         | 31100    |
|    time_elapsed       | 417      |
|    total_timesteps    | 497600   |
| train/                |          |
|    entropy_loss       | -0.647   |
|    explained_variance | 0.913    |
|    learning_rate      | 7.76e-05 |
|    n_updates          | 31099    |
|    policy_loss        | 0.49     |
|    value_loss         | 11.2     |
------------------------------------
------------------------------------
| rollout/              |          |
|    ep_len_mean        | 466      |
|    ep_rew_mean        | 41.4     |
| time/                 |          |
|    fps                | 1192     |
|    iterations         | 31200    |
|    time_elapsed       | 418      |
|    total_timesteps    | 499200   |
| train/                |          |
|    entropy_loss       | -0.928   |
|    explained_variance | 0.0281   |
|    learning_rate      | 7.75e-05 |
|    n_updates          | 31199    |
|    policy_loss        | 0.000642 |
|    value_loss         | 0.0142   |
------------------------------------
Eval num_timesteps=500000, episode_reward=99.58 +/- 88.31
Episode length: 189.60 +/- 58.89
------------------------------------
| eval/                 |          |
|    mean_ep_length     | 190      |
|    mean_reward        | 99.6     |
| time/                 |          |
|    total_timesteps    | 500000   |
| train/                |          |
|    entropy_loss       | -0.983   |
|    explained_variance | 0.177    |
|    learning_rate      | 7.75e-05 |
|    n_updates          | 31249    |
|    policy_loss        | -0.00925 |
|    value_loss         | 0.0787   |
------------------------------------
------------------------------------
| rollout/              |          |
|    ep_len_mean        | 484      |
|    ep_rew_mean        | 44.8     |
| time/                 |          |
|    fps                | 1191     |
|    iterations         | 31300    |
|    time_elapsed       | 420      |
|    total_timesteps    | 500800   |
| train/                |          |
|    entropy_loss       | -0.721   |
|    explained_variance | 0.948    |
|    learning_rate      | 7.75e-05 |
|    n_updates          | 31299    |
|    policy_loss        | 0.274    |
|    value_loss         | 2.08     |
------------------------------------
------------------------------------
| rollout/              |          |
|    ep_len_mean        | 475      |
|    ep_rew_mean        | 43.1     |
| time/                 |          |
|    fps                | 1191     |
|    iterations         | 31400    |
|    time_elapsed       | 421      |
|    total_timesteps    | 502400   |
| train/                |          |
|    entropy_loss       | -1.02    |
|    explained_variance | 0.0506   |
|    learning_rate      | 7.74e-05 |
|    n_updates          | 31399    |
|    policy_loss        | -0.834   |
|    value_loss         | 0.614    |
------------------------------------
------------------------------------
| rollout/              |          |
|    ep_len_mean        | 466      |
|    ep_rew_mean        | 40.3     |
| time/                 |          |
|    fps                | 1191     |
|    iterations         | 31500    |
|    time_elapsed       | 422      |
|    total_timesteps    | 504000   |
| train/                |          |
|    entropy_loss       | -0.932   |
|    explained_variance | -0.406   |
|    learning_rate      | 7.73e-05 |
|    n_updates          | 31499    |
|    policy_loss        | -0.308   |
|    value_loss         | 0.286    |
------------------------------------
------------------------------------
| rollout/              |          |
|    ep_len_mean        | 467      |
|    ep_rew_mean        | 41.7     |
| time/                 |          |
|    fps                | 1192     |
|    iterations         | 31600    |
|    time_elapsed       | 424      |
|    total_timesteps    | 505600   |
| train/                |          |
|    entropy_loss       | -0.498   |
|    explained_variance | -0.313   |
|    learning_rate      | 7.72e-05 |
|    n_updates          | 31599    |
|    policy_loss        | -53.7    |
|    value_loss         | 4.12e+03 |
------------------------------------
------------------------------------
| rollout/              |          |
|    ep_len_mean        | 453      |
|    ep_rew_mean        | 40.9     |
| time/                 |          |
|    fps                | 1192     |
|    iterations         | 31700    |
|    time_elapsed       | 425      |
|    total_timesteps    | 507200   |
| train/                |          |
|    entropy_loss       | -0.828   |
|    explained_variance | 0.451    |
|    learning_rate      | 7.72e-05 |
|    n_updates          | 31699    |
|    policy_loss        | 0.0726   |
|    value_loss         | 0.0298   |
------------------------------------
------------------------------------
| rollout/              |          |
|    ep_len_mean        | 460      |
|    ep_rew_mean        | 40.7     |
| time/                 |          |
|    fps                | 1192     |
|    iterations         | 31800    |
|    time_elapsed       | 426      |
|    total_timesteps    | 508800   |
| train/                |          |
|    entropy_loss       | -0.947   |
|    explained_variance | 0.0111   |
|    learning_rate      | 7.71e-05 |
|    n_updates          | 31799    |
|    policy_loss        | 0.0915   |
|    value_loss         | 0.142    |
------------------------------------
------------------------------------
| rollout/              |          |
|    ep_len_mean        | 469      |
|    ep_rew_mean        | 41.9     |
| time/                 |          |
|    fps                | 1192     |
|    iterations         | 31900    |
|    time_elapsed       | 427      |
|    total_timesteps    | 510400   |
| train/                |          |
|    entropy_loss       | -1.11    |
|    explained_variance | 0.799    |
|    learning_rate      | 7.7e-05  |
|    n_updates          | 31899    |
|    policy_loss        | -0.823   |
|    value_loss         | 5.14     |
------------------------------------
------------------------------------
| rollout/              |          |
|    ep_len_mean        | 478      |
|    ep_rew_mean        | 43.4     |
| time/                 |          |
|    fps                | 1192     |
|    iterations         | 32000    |
|    time_elapsed       | 429      |
|    total_timesteps    | 512000   |
| train/                |          |
|    entropy_loss       | -0.699   |
|    explained_variance | 0.909    |
|    learning_rate      | 7.7e-05  |
|    n_updates          | 31999    |
|    policy_loss        | 1.53     |
|    value_loss         | 12       |
------------------------------------
------------------------------------
| rollout/              |          |
|    ep_len_mean        | 461      |
|    ep_rew_mean        | 41.1     |
| time/                 |          |
|    fps                | 1192     |
|    iterations         | 32100    |
|    time_elapsed       | 430      |
|    total_timesteps    | 513600   |
| train/                |          |
|    entropy_loss       | -1.02    |
|    explained_variance | 0.086    |
|    learning_rate      | 7.69e-05 |
|    n_updates          | 32099    |
|    policy_loss        | 0.0359   |
|    value_loss         | 0.05     |
------------------------------------
------------------------------------
| rollout/              |          |
|    ep_len_mean        | 437      |
|    ep_rew_mean        | 35.7     |
| time/                 |          |
|    fps                | 1193     |
|    iterations         | 32200    |
|    time_elapsed       | 431      |
|    total_timesteps    | 515200   |
| train/                |          |
|    entropy_loss       | -0.79    |
|    explained_variance | 0.812    |
|    learning_rate      | 7.68e-05 |
|    n_updates          | 32199    |
|    policy_loss        | -4.89    |
|    value_loss         | 53.7     |
------------------------------------
------------------------------------
| rollout/              |          |
|    ep_len_mean        | 438      |
|    ep_rew_mean        | 33.5     |
| time/                 |          |
|    fps                | 1193     |
|    iterations         | 32300    |
|    time_elapsed       | 433      |
|    total_timesteps    | 516800   |
| train/                |          |
|    entropy_loss       | -0.445   |
|    explained_variance | 0.989    |
|    learning_rate      | 7.67e-05 |
|    n_updates          | 32299    |
|    policy_loss        | -0.0844  |
|    value_loss         | 0.094    |
------------------------------------
------------------------------------
| rollout/              |          |
|    ep_len_mean        | 446      |
|    ep_rew_mean        | 34.2     |
| time/                 |          |
|    fps                | 1193     |
|    iterations         | 32400    |
|    time_elapsed       | 434      |
|    total_timesteps    | 518400   |
| train/                |          |
|    entropy_loss       | -1.06    |
|    explained_variance | 0.0415   |
|    learning_rate      | 7.67e-05 |
|    n_updates          | 32399    |
|    policy_loss        | -0.0175  |
|    value_loss         | 0.0346   |
------------------------------------
------------------------------------
| rollout/              |          |
|    ep_len_mean        | 454      |
|    ep_rew_mean        | 34.4     |
| time/                 |          |
|    fps                | 1193     |
|    iterations         | 32500    |
|    time_elapsed       | 435      |
|    total_timesteps    | 520000   |
| train/                |          |
|    entropy_loss       | -0.747   |
|    explained_variance | -0.187   |
|    learning_rate      | 7.66e-05 |
|    n_updates          | 32499    |
|    policy_loss        | -0.0266  |
|    value_loss         | 0.0577   |
------------------------------------
------------------------------------
| rollout/              |          |
|    ep_len_mean        | 454      |
|    ep_rew_mean        | 34.9     |
| time/                 |          |
|    fps                | 1193     |
|    iterations         | 32600    |
|    time_elapsed       | 436      |
|    total_timesteps    | 521600   |
| train/                |          |
|    entropy_loss       | -0.789   |
|    explained_variance | 0.0154   |
|    learning_rate      | 7.65e-05 |
|    n_updates          | 32599    |
|    policy_loss        | 0.00262  |
|    value_loss         | 0.0185   |
------------------------------------
------------------------------------
| rollout/              |          |
|    ep_len_mean        | 462      |
|    ep_rew_mean        | 37.5     |
| time/                 |          |
|    fps                | 1193     |
|    iterations         | 32700    |
|    time_elapsed       | 438      |
|    total_timesteps    | 523200   |
| train/                |          |
|    entropy_loss       | -1.06    |
|    explained_variance | 0.979    |
|    learning_rate      | 7.65e-05 |
|    n_updates          | 32699    |
|    policy_loss        | -3.72    |
|    value_loss         | 16.9     |
------------------------------------
------------------------------------
| rollout/              |          |
|    ep_len_mean        | 454      |
|    ep_rew_mean        | 35.8     |
| time/                 |          |
|    fps                | 1193     |
|    iterations         | 32800    |
|    time_elapsed       | 439      |
|    total_timesteps    | 524800   |
| train/                |          |
|    entropy_loss       | -1.04    |
|    explained_variance | 0.866    |
|    learning_rate      | 7.64e-05 |
|    n_updates          | 32799    |
|    policy_loss        | -1.35    |
|    value_loss         | 2.73     |
------------------------------------
------------------------------------
| rollout/              |          |
|    ep_len_mean        | 437      |
|    ep_rew_mean        | 33.2     |
| time/                 |          |
|    fps                | 1194     |
|    iterations         | 32900    |
|    time_elapsed       | 440      |
|    total_timesteps    | 526400   |
| train/                |          |
|    entropy_loss       | -0.462   |
|    explained_variance | 0.554    |
|    learning_rate      | 7.63e-05 |
|    n_updates          | 32899    |
|    policy_loss        | 0.0918   |
|    value_loss         | 0.234    |
------------------------------------
------------------------------------
| rollout/              |          |
|    ep_len_mean        | 437      |
|    ep_rew_mean        | 32.7     |
| time/                 |          |
|    fps                | 1194     |
|    iterations         | 33000    |
|    time_elapsed       | 442      |
|    total_timesteps    | 528000   |
| train/                |          |
|    entropy_loss       | -0.899   |
|    explained_variance | 0.873    |
|    learning_rate      | 7.62e-05 |
|    n_updates          | 32999    |
|    policy_loss        | 0.161    |
|    value_loss         | 1.28     |
------------------------------------
------------------------------------
| rollout/              |          |
|    ep_len_mean        | 437      |
|    ep_rew_mean        | 34.9     |
| time/                 |          |
|    fps                | 1194     |
|    iterations         | 33100    |
|    time_elapsed       | 443      |
|    total_timesteps    | 529600   |
| train/                |          |
|    entropy_loss       | -0.831   |
|    explained_variance | -0.0287  |
|    learning_rate      | 7.62e-05 |
|    n_updates          | 33099    |
|    policy_loss        | 0.00754  |
|    value_loss         | 0.00598  |
------------------------------------
------------------------------------
| rollout/              |          |
|    ep_len_mean        | 438      |
|    ep_rew_mean        | 34.7     |
| time/                 |          |
|    fps                | 1194     |
|    iterations         | 33200    |
|    time_elapsed       | 444      |
|    total_timesteps    | 531200   |
| train/                |          |
|    entropy_loss       | -0.528   |
|    explained_variance | 0.118    |
|    learning_rate      | 7.61e-05 |
|    n_updates          | 33199    |
|    policy_loss        | -0.393   |
|    value_loss         | 0.592    |
------------------------------------
------------------------------------
| rollout/              |          |
|    ep_len_mean        | 446      |
|    ep_rew_mean        | 33.4     |
| time/                 |          |
|    fps                | 1194     |
|    iterations         | 33300    |
|    time_elapsed       | 445      |
|    total_timesteps    | 532800   |
| train/                |          |
|    entropy_loss       | -0.21    |
|    explained_variance | -2.19    |
|    learning_rate      | 7.6e-05  |
|    n_updates          | 33299    |
|    policy_loss        | -1.63    |
|    value_loss         | 233      |
------------------------------------
------------------------------------
| rollout/              |          |
|    ep_len_mean        | 411      |
|    ep_rew_mean        | 27.5     |
| time/                 |          |
|    fps                | 1194     |
|    iterations         | 33400    |
|    time_elapsed       | 447      |
|    total_timesteps    | 534400   |
| train/                |          |
|    entropy_loss       | -1.01    |
|    explained_variance | 0.0632   |
|    learning_rate      | 7.6e-05  |
|    n_updates          | 33399    |
|    policy_loss        | 0.0831   |
|    value_loss         | 0.0212   |
------------------------------------
------------------------------------
| rollout/              |          |
|    ep_len_mean        | 427      |
|    ep_rew_mean        | 33.6     |
| time/                 |          |
|    fps                | 1194     |
|    iterations         | 33500    |
|    time_elapsed       | 448      |
|    total_timesteps    | 536000   |
| train/                |          |
|    entropy_loss       | -0.612   |
|    explained_variance | 0.7      |
|    learning_rate      | 7.59e-05 |
|    n_updates          | 33499    |
|    policy_loss        | 5.28     |
|    value_loss         | 130      |
------------------------------------
------------------------------------
| rollout/              |          |
|    ep_len_mean        | 412      |
|    ep_rew_mean        | 30.3     |
| time/                 |          |
|    fps                | 1195     |
|    iterations         | 33600    |
|    time_elapsed       | 449      |
|    total_timesteps    | 537600   |
| train/                |          |
|    entropy_loss       | -0.923   |
|    explained_variance | -0.252   |
|    learning_rate      | 7.58e-05 |
|    n_updates          | 33599    |
|    policy_loss        | -0.527   |
|    value_loss         | 0.324    |
------------------------------------
------------------------------------
| rollout/              |          |
|    ep_len_mean        | 410      |
|    ep_rew_mean        | 27.8     |
| time/                 |          |
|    fps                | 1195     |
|    iterations         | 33700    |
|    time_elapsed       | 451      |
|    total_timesteps    | 539200   |
| train/                |          |
|    entropy_loss       | -0.519   |
|    explained_variance | 0.941    |
|    learning_rate      | 7.57e-05 |
|    n_updates          | 33699    |
|    policy_loss        | -3.43    |
|    value_loss         | 16.3     |
------------------------------------
------------------------------------
| rollout/              |          |
|    ep_len_mean        | 403      |
|    ep_rew_mean        | 23.5     |
| time/                 |          |
|    fps                | 1195     |
|    iterations         | 33800    |
|    time_elapsed       | 452      |
|    total_timesteps    | 540800   |
| train/                |          |
|    entropy_loss       | -0.167   |
|    explained_variance | -0.123   |
|    learning_rate      | 7.57e-05 |
|    n_updates          | 33799    |
|    policy_loss        | -15.6    |
|    value_loss         | 8.02e+03 |
------------------------------------
------------------------------------
| rollout/              |          |
|    ep_len_mean        | 403      |
|    ep_rew_mean        | 23.8     |
| time/                 |          |
|    fps                | 1195     |
|    iterations         | 33900    |
|    time_elapsed       | 453      |
|    total_timesteps    | 542400   |
| train/                |          |
|    entropy_loss       | -0.739   |
|    explained_variance | 0.47     |
|    learning_rate      | 7.56e-05 |
|    n_updates          | 33899    |
|    policy_loss        | -7.29    |
|    value_loss         | 98.1     |
------------------------------------
------------------------------------
| rollout/              |          |
|    ep_len_mean        | 403      |
|    ep_rew_mean        | 23.9     |
| time/                 |          |
|    fps                | 1195     |
|    iterations         | 34000    |
|    time_elapsed       | 454      |
|    total_timesteps    | 544000   |
| train/                |          |
|    entropy_loss       | -0.932   |
|    explained_variance | -0.566   |
|    learning_rate      | 7.55e-05 |
|    n_updates          | 33999    |
|    policy_loss        | 0.0175   |
|    value_loss         | 0.00742  |
------------------------------------
------------------------------------
| rollout/              |          |
|    ep_len_mean        | 398      |
|    ep_rew_mean        | 23.9     |
| time/                 |          |
|    fps                | 1196     |
|    iterations         | 34100    |
|    time_elapsed       | 456      |
|    total_timesteps    | 545600   |
| train/                |          |
|    entropy_loss       | -0.963   |
|    explained_variance | 0.922    |
|    learning_rate      | 7.54e-05 |
|    n_updates          | 34099    |
|    policy_loss        | -1.57    |
|    value_loss         | 5.62     |
------------------------------------
------------------------------------
| rollout/              |          |
|    ep_len_mean        | 406      |
|    ep_rew_mean        | 25       |
| time/                 |          |
|    fps                | 1196     |
|    iterations         | 34200    |
|    time_elapsed       | 457      |
|    total_timesteps    | 547200   |
| train/                |          |
|    entropy_loss       | -0.359   |
|    explained_variance | 0.176    |
|    learning_rate      | 7.54e-05 |
|    n_updates          | 34199    |
|    policy_loss        | -0.333   |
|    value_loss         | 2.66     |
------------------------------------
------------------------------------
| rollout/              |          |
|    ep_len_mean        | 388      |
|    ep_rew_mean        | 21.2     |
| time/                 |          |
|    fps                | 1196     |
|    iterations         | 34300    |
|    time_elapsed       | 458      |
|    total_timesteps    | 548800   |
| train/                |          |
|    entropy_loss       | -1.01    |
|    explained_variance | 0.909    |
|    learning_rate      | 7.53e-05 |
|    n_updates          | 34299    |
|    policy_loss        | 0.428    |
|    value_loss         | 4.83     |
------------------------------------
Eval num_timesteps=550000, episode_reward=159.65 +/- 90.64
Episode length: 436.60 +/- 287.86
------------------------------------
| eval/                 |          |
|    mean_ep_length     | 437      |
|    mean_reward        | 160      |
| time/                 |          |
|    total_timesteps    | 550000   |
| train/                |          |
|    entropy_loss       | -1       |
|    explained_variance | -0.0419  |
|    learning_rate      | 7.53e-05 |
|    n_updates          | 34374    |
|    policy_loss        | 0.0222   |
|    value_loss         | 0.0364   |
------------------------------------
------------------------------------
| rollout/              |          |
|    ep_len_mean        | 388      |
|    ep_rew_mean        | 21.6     |
| time/                 |          |
|    fps                | 1194     |
|    iterations         | 34400    |
|    time_elapsed       | 460      |
|    total_timesteps    | 550400   |
| train/                |          |
|    entropy_loss       | -0.999   |
|    explained_variance | 0.584    |
|    learning_rate      | 7.52e-05 |
|    n_updates          | 34399    |
|    policy_loss        | -5.52    |
|    value_loss         | 58.5     |
------------------------------------
------------------------------------
| rollout/              |          |
|    ep_len_mean        | 376      |
|    ep_rew_mean        | 21.8     |
| time/                 |          |
|    fps                | 1194     |
|    iterations         | 34500    |
|    time_elapsed       | 462      |
|    total_timesteps    | 552000   |
| train/                |          |
|    entropy_loss       | -0.593   |
|    explained_variance | 0.825    |
|    learning_rate      | 7.52e-05 |
|    n_updates          | 34499    |
|    policy_loss        | -3.03    |
|    value_loss         | 44.9     |
------------------------------------
------------------------------------
| rollout/              |          |
|    ep_len_mean        | 384      |
|    ep_rew_mean        | 23.8     |
| time/                 |          |
|    fps                | 1194     |
|    iterations         | 34600    |
|    time_elapsed       | 463      |
|    total_timesteps    | 553600   |
| train/                |          |
|    entropy_loss       | -0.644   |
|    explained_variance | 0.533    |
|    learning_rate      | 7.51e-05 |
|    n_updates          | 34599    |
|    policy_loss        | -20.1    |
|    value_loss         | 2.24e+03 |
------------------------------------
------------------------------------
| rollout/              |          |
|    ep_len_mean        | 376      |
|    ep_rew_mean        | 25.8     |
| time/                 |          |
|    fps                | 1194     |
|    iterations         | 34700    |
|    time_elapsed       | 464      |
|    total_timesteps    | 555200   |
| train/                |          |
|    entropy_loss       | -0.898   |
|    explained_variance | 0.92     |
|    learning_rate      | 7.5e-05  |
|    n_updates          | 34699    |
|    policy_loss        | -0.71    |
|    value_loss         | 1.32     |
------------------------------------
------------------------------------
| rollout/              |          |
|    ep_len_mean        | 368      |
|    ep_rew_mean        | 25.4     |
| time/                 |          |
|    fps                | 1194     |
|    iterations         | 34800    |
|    time_elapsed       | 465      |
|    total_timesteps    | 556800   |
| train/                |          |
|    entropy_loss       | -1.01    |
|    explained_variance | 0.957    |
|    learning_rate      | 7.49e-05 |
|    n_updates          | 34799    |
|    policy_loss        | -0.2     |
|    value_loss         | 2.17     |
------------------------------------
------------------------------------
| rollout/              |          |
|    ep_len_mean        | 367      |
|    ep_rew_mean        | 24.9     |
| time/                 |          |
|    fps                | 1195     |
|    iterations         | 34900    |
|    time_elapsed       | 467      |
|    total_timesteps    | 558400   |
| train/                |          |
|    entropy_loss       | -1.03    |
|    explained_variance | -0.137   |
|    learning_rate      | 7.49e-05 |
|    n_updates          | 34899    |
|    policy_loss        | -0.146   |
|    value_loss         | 0.123    |
------------------------------------
------------------------------------
| rollout/              |          |
|    ep_len_mean        | 377      |
|    ep_rew_mean        | 26       |
| time/                 |          |
|    fps                | 1195     |
|    iterations         | 35000    |
|    time_elapsed       | 468      |
|    total_timesteps    | 560000   |
| train/                |          |
|    entropy_loss       | -0.869   |
|    explained_variance | 0.41     |
|    learning_rate      | 7.48e-05 |
|    n_updates          | 34999    |
|    policy_loss        | 2.27     |
|    value_loss         | 23.7     |
------------------------------------
------------------------------------
| rollout/              |          |
|    ep_len_mean        | 361      |
|    ep_rew_mean        | 23.9     |
| time/                 |          |
|    fps                | 1195     |
|    iterations         | 35100    |
|    time_elapsed       | 469      |
|    total_timesteps    | 561600   |
| train/                |          |
|    entropy_loss       | -1.04    |
|    explained_variance | 0.969    |
|    learning_rate      | 7.47e-05 |
|    n_updates          | 35099    |
|    policy_loss        | -2.26    |
|    value_loss         | 4.77     |
------------------------------------
------------------------------------
| rollout/              |          |
|    ep_len_mean        | 361      |
|    ep_rew_mean        | 24.6     |
| time/                 |          |
|    fps                | 1194     |
|    iterations         | 35200    |
|    time_elapsed       | 471      |
|    total_timesteps    | 563200   |
| train/                |          |
|    entropy_loss       | -1.02    |
|    explained_variance | -0.0888  |
|    learning_rate      | 7.47e-05 |
|    n_updates          | 35199    |
|    policy_loss        | -0.134   |
|    value_loss         | 0.0486   |
------------------------------------
------------------------------------
| rollout/              |          |
|    ep_len_mean        | 361      |
|    ep_rew_mean        | 23.9     |
| time/                 |          |
|    fps                | 1194     |
|    iterations         | 35300    |
|    time_elapsed       | 472      |
|    total_timesteps    | 564800   |
| train/                |          |
|    entropy_loss       | -0.697   |
|    explained_variance | -1.96    |
|    learning_rate      | 7.46e-05 |
|    n_updates          | 35299    |
|    policy_loss        | 4.44     |
|    value_loss         | 80.2     |
------------------------------------
------------------------------------
| rollout/              |          |
|    ep_len_mean        | 362      |
|    ep_rew_mean        | 25       |
| time/                 |          |
|    fps                | 1194     |
|    iterations         | 35400    |
|    time_elapsed       | 474      |
|    total_timesteps    | 566400   |
| train/                |          |
|    entropy_loss       | -0.564   |
|    explained_variance | -0.878   |
|    learning_rate      | 7.45e-05 |
|    n_updates          | 35399    |
|    policy_loss        | 10.3     |
|    value_loss         | 558      |
------------------------------------
------------------------------------
| rollout/              |          |
|    ep_len_mean        | 352      |
|    ep_rew_mean        | 25.7     |
| time/                 |          |
|    fps                | 1194     |
|    iterations         | 35500    |
|    time_elapsed       | 475      |
|    total_timesteps    | 568000   |
| train/                |          |
|    entropy_loss       | -0.676   |
|    explained_variance | -0.101   |
|    learning_rate      | 7.44e-05 |
|    n_updates          | 35499    |
|    policy_loss        | -1.63    |
|    value_loss         | 31.6     |
------------------------------------
------------------------------------
| rollout/              |          |
|    ep_len_mean        | 362      |
|    ep_rew_mean        | 26.9     |
| time/                 |          |
|    fps                | 1194     |
|    iterations         | 35600    |
|    time_elapsed       | 476      |
|    total_timesteps    | 569600   |
| train/                |          |
|    entropy_loss       | -1.07    |
|    explained_variance | 0.00281  |
|    learning_rate      | 7.44e-05 |
|    n_updates          | 35599    |
|    policy_loss        | 0.44     |
|    value_loss         | 0.399    |
------------------------------------
------------------------------------
| rollout/              |          |
|    ep_len_mean        | 371      |
|    ep_rew_mean        | 28.8     |
| time/                 |          |
|    fps                | 1195     |
|    iterations         | 35700    |
|    time_elapsed       | 477      |
|    total_timesteps    | 571200   |
| train/                |          |
|    entropy_loss       | -0.883   |
|    explained_variance | -0.00322 |
|    learning_rate      | 7.43e-05 |
|    n_updates          | 35699    |
|    policy_loss        | -0.0379  |
|    value_loss         | 0.0106   |
------------------------------------
------------------------------------
| rollout/              |          |
|    ep_len_mean        | 382      |
|    ep_rew_mean        | 30.7     |
| time/                 |          |
|    fps                | 1194     |
|    iterations         | 35800    |
|    time_elapsed       | 479      |
|    total_timesteps    | 572800   |
| train/                |          |
|    entropy_loss       | -0.965   |
|    explained_variance | 0.0993   |
|    learning_rate      | 7.42e-05 |
|    n_updates          | 35799    |
|    policy_loss        | 1        |
|    value_loss         | 1.91     |
------------------------------------
------------------------------------
| rollout/              |          |
|    ep_len_mean        | 382      |
|    ep_rew_mean        | 28.8     |
| time/                 |          |
|    fps                | 1194     |
|    iterations         | 35900    |
|    time_elapsed       | 480      |
|    total_timesteps    | 574400   |
| train/                |          |
|    entropy_loss       | -1.04    |
|    explained_variance | 0.732    |
|    learning_rate      | 7.42e-05 |
|    n_updates          | 35899    |
|    policy_loss        | -4.77    |
|    value_loss         | 21.2     |
------------------------------------
------------------------------------
| rollout/              |          |
|    ep_len_mean        | 380      |
|    ep_rew_mean        | 27.8     |
| time/                 |          |
|    fps                | 1194     |
|    iterations         | 36000    |
|    time_elapsed       | 482      |
|    total_timesteps    | 576000   |
| train/                |          |
|    entropy_loss       | -0.795   |
|    explained_variance | 0.849    |
|    learning_rate      | 7.41e-05 |
|    n_updates          | 35999    |
|    policy_loss        | -1.24    |
|    value_loss         | 5.71     |
------------------------------------
------------------------------------
| rollout/              |          |
|    ep_len_mean        | 389      |
|    ep_rew_mean        | 30.5     |
| time/                 |          |
|    fps                | 1194     |
|    iterations         | 36100    |
|    time_elapsed       | 483      |
|    total_timesteps    | 577600   |
| train/                |          |
|    entropy_loss       | -1.02    |
|    explained_variance | 0.00139  |
|    learning_rate      | 7.4e-05  |
|    n_updates          | 36099    |
|    policy_loss        | 0.0252   |
|    value_loss         | 0.0381   |
------------------------------------
------------------------------------
| rollout/              |          |
|    ep_len_mean        | 398      |
|    ep_rew_mean        | 36       |
| time/                 |          |
|    fps                | 1194     |
|    iterations         | 36200    |
|    time_elapsed       | 484      |
|    total_timesteps    | 579200   |
| train/                |          |
|    entropy_loss       | -0.513   |
|    explained_variance | 0.373    |
|    learning_rate      | 7.39e-05 |
|    n_updates          | 36199    |
|    policy_loss        | -16      |
|    value_loss         | 402      |
------------------------------------
------------------------------------
| rollout/              |          |
|    ep_len_mean        | 398      |
|    ep_rew_mean        | 36.8     |
| time/                 |          |
|    fps                | 1194     |
|    iterations         | 36300    |
|    time_elapsed       | 486      |
|    total_timesteps    | 580800   |
| train/                |          |
|    entropy_loss       | -0.826   |
|    explained_variance | 0.901    |
|    learning_rate      | 7.39e-05 |
|    n_updates          | 36299    |
|    policy_loss        | -1.19    |
|    value_loss         | 1.68     |
------------------------------------
------------------------------------
| rollout/              |          |
|    ep_len_mean        | 399      |
|    ep_rew_mean        | 35.5     |
| time/                 |          |
|    fps                | 1195     |
|    iterations         | 36400    |
|    time_elapsed       | 487      |
|    total_timesteps    | 582400   |
| train/                |          |
|    entropy_loss       | -0.782   |
|    explained_variance | 0.888    |
|    learning_rate      | 7.38e-05 |
|    n_updates          | 36399    |
|    policy_loss        | -0.478   |
|    value_loss         | 7.81     |
------------------------------------
------------------------------------
| rollout/              |          |
|    ep_len_mean        | 387      |
|    ep_rew_mean        | 31.8     |
| time/                 |          |
|    fps                | 1195     |
|    iterations         | 36500    |
|    time_elapsed       | 488      |
|    total_timesteps    | 584000   |
| train/                |          |
|    entropy_loss       | -0.369   |
|    explained_variance | 0.658    |
|    learning_rate      | 7.37e-05 |
|    n_updates          | 36499    |
|    policy_loss        | -17.2    |
|    value_loss         | 6.9e+03  |
------------------------------------
------------------------------------
| rollout/              |          |
|    ep_len_mean        | 372      |
|    ep_rew_mean        | 32.4     |
| time/                 |          |
|    fps                | 1195     |
|    iterations         | 36600    |
|    time_elapsed       | 489      |
|    total_timesteps    | 585600   |
| train/                |          |
|    entropy_loss       | -0.987   |
|    explained_variance | -0.203   |
|    learning_rate      | 7.36e-05 |
|    n_updates          | 36599    |
|    policy_loss        | 0.0972   |
|    value_loss         | 0.241    |
------------------------------------
------------------------------------
| rollout/              |          |
|    ep_len_mean        | 364      |
|    ep_rew_mean        | 32.7     |
| time/                 |          |
|    fps                | 1195     |
|    iterations         | 36700    |
|    time_elapsed       | 491      |
|    total_timesteps    | 587200   |
| train/                |          |
|    entropy_loss       | -0.956   |
|    explained_variance | -0.0263  |
|    learning_rate      | 7.36e-05 |
|    n_updates          | 36699    |
|    policy_loss        | -0.528   |
|    value_loss         | 0.23     |
------------------------------------
------------------------------------
| rollout/              |          |
|    ep_len_mean        | 381      |
|    ep_rew_mean        | 34.8     |
| time/                 |          |
|    fps                | 1195     |
|    iterations         | 36800    |
|    time_elapsed       | 492      |
|    total_timesteps    | 588800   |
| train/                |          |
|    entropy_loss       | -0.864   |
|    explained_variance | 0.302    |
|    learning_rate      | 7.35e-05 |
|    n_updates          | 36799    |
|    policy_loss        | 3.17     |
|    value_loss         | 34.1     |
------------------------------------
------------------------------------
| rollout/              |          |
|    ep_len_mean        | 381      |
|    ep_rew_mean        | 34.8     |
| time/                 |          |
|    fps                | 1195     |
|    iterations         | 36900    |
|    time_elapsed       | 493      |
|    total_timesteps    | 590400   |
| train/                |          |
|    entropy_loss       | -1.03    |
|    explained_variance | 0.102    |
|    learning_rate      | 7.34e-05 |
|    n_updates          | 36899    |
|    policy_loss        | -0.134   |
|    value_loss         | 0.0782   |
------------------------------------
------------------------------------
| rollout/              |          |
|    ep_len_mean        | 399      |
|    ep_rew_mean        | 35.3     |
| time/                 |          |
|    fps                | 1195     |
|    iterations         | 37000    |
|    time_elapsed       | 495      |
|    total_timesteps    | 592000   |
| train/                |          |
|    entropy_loss       | -1.01    |
|    explained_variance | 0.854    |
|    learning_rate      | 7.34e-05 |
|    n_updates          | 36999    |
|    policy_loss        | -3.41    |
|    value_loss         | 11.1     |
------------------------------------
------------------------------------
| rollout/              |          |
|    ep_len_mean        | 402      |
|    ep_rew_mean        | 33.8     |
| time/                 |          |
|    fps                | 1195     |
|    iterations         | 37100    |
|    time_elapsed       | 496      |
|    total_timesteps    | 593600   |
| train/                |          |
|    entropy_loss       | -0.643   |
|    explained_variance | -0.0308  |
|    learning_rate      | 7.33e-05 |
|    n_updates          | 37099    |
|    policy_loss        | -4.58    |
|    value_loss         | 30       |
------------------------------------
------------------------------------
| rollout/              |          |
|    ep_len_mean        | 402      |
|    ep_rew_mean        | 33       |
| time/                 |          |
|    fps                | 1196     |
|    iterations         | 37200    |
|    time_elapsed       | 497      |
|    total_timesteps    | 595200   |
| train/                |          |
|    entropy_loss       | -0.551   |
|    explained_variance | -1.22    |
|    learning_rate      | 7.32e-05 |
|    n_updates          | 37199    |
|    policy_loss        | 0.655    |
|    value_loss         | 2.99     |
------------------------------------
------------------------------------
| rollout/              |          |
|    ep_len_mean        | 404      |
|    ep_rew_mean        | 33.2     |
| time/                 |          |
|    fps                | 1196     |
|    iterations         | 37300    |
|    time_elapsed       | 498      |
|    total_timesteps    | 596800   |
| train/                |          |
|    entropy_loss       | -1.02    |
|    explained_variance | 0.659    |
|    learning_rate      | 7.31e-05 |
|    n_updates          | 37299    |
|    policy_loss        | -1.98    |
|    value_loss         | 9.01     |
------------------------------------
------------------------------------
| rollout/              |          |
|    ep_len_mean        | 396      |
|    ep_rew_mean        | 29.6     |
| time/                 |          |
|    fps                | 1196     |
|    iterations         | 37400    |
|    time_elapsed       | 500      |
|    total_timesteps    | 598400   |
| train/                |          |
|    entropy_loss       | -0.68    |
|    explained_variance | -0.742   |
|    learning_rate      | 7.31e-05 |
|    n_updates          | 37399    |
|    policy_loss        | 3.53     |
|    value_loss         | 42.8     |
------------------------------------
Eval num_timesteps=600000, episode_reward=160.54 +/- 109.46
Episode length: 324.60 +/- 45.62
------------------------------------
| eval/                 |          |
|    mean_ep_length     | 325      |
|    mean_reward        | 161      |
| time/                 |          |
|    total_timesteps    | 600000   |
| train/                |          |
|    entropy_loss       | -1.11    |
|    explained_variance | 0.829    |
|    learning_rate      | 7.3e-05  |
|    n_updates          | 37499    |
|    policy_loss        | 0.0623   |
|    value_loss         | 2.94     |
------------------------------------
---------------------------------
| rollout/           |          |
|    ep_len_mean     | 395      |
|    ep_rew_mean     | 30       |
| time/              |          |
|    fps             | 1194     |
|    iterations      | 37500    |
|    time_elapsed    | 502      |
|    total_timesteps | 600000   |
---------------------------------
------------------------------------
| rollout/              |          |
|    ep_len_mean        | 404      |
|    ep_rew_mean        | 29.9     |
| time/                 |          |
|    fps                | 1195     |
|    iterations         | 37600    |
|    time_elapsed       | 503      |
|    total_timesteps    | 601600   |
| train/                |          |
|    entropy_loss       | -1.03    |
|    explained_variance | 0.365    |
|    learning_rate      | 7.29e-05 |
|    n_updates          | 37599    |
|    policy_loss        | -8.06    |
|    value_loss         | 47.5     |
------------------------------------
------------------------------------
| rollout/              |          |
|    ep_len_mean        | 387      |
|    ep_rew_mean        | 25.8     |
| time/                 |          |
|    fps                | 1194     |
|    iterations         | 37700    |
|    time_elapsed       | 504      |
|    total_timesteps    | 603200   |
| train/                |          |
|    entropy_loss       | -0.865   |
|    explained_variance | 0.167    |
|    learning_rate      | 7.29e-05 |
|    n_updates          | 37699    |
|    policy_loss        | -0.0105  |
|    value_loss         | 0.0165   |
------------------------------------
------------------------------------
| rollout/              |          |
|    ep_len_mean        | 403      |
|    ep_rew_mean        | 28.6     |
| time/                 |          |
|    fps                | 1193     |
|    iterations         | 37800    |
|    time_elapsed       | 506      |
|    total_timesteps    | 604800   |
| train/                |          |
|    entropy_loss       | -1.04    |
|    explained_variance | 0.386    |
|    learning_rate      | 7.28e-05 |
|    n_updates          | 37799    |
|    policy_loss        | -4.75    |
|    value_loss         | 21.1     |
------------------------------------
------------------------------------
| rollout/              |          |
|    ep_len_mean        | 413      |
|    ep_rew_mean        | 30       |
| time/                 |          |
|    fps                | 1193     |
|    iterations         | 37900    |
|    time_elapsed       | 507      |
|    total_timesteps    | 606400   |
| train/                |          |
|    entropy_loss       | -1.07    |
|    explained_variance | 0.925    |
|    learning_rate      | 7.27e-05 |
|    n_updates          | 37899    |
|    policy_loss        | 0.814    |
|    value_loss         | 4.27     |
------------------------------------
------------------------------------
| rollout/              |          |
|    ep_len_mean        | 414      |
|    ep_rew_mean        | 27.7     |
| time/                 |          |
|    fps                | 1194     |
|    iterations         | 38000    |
|    time_elapsed       | 509      |
|    total_timesteps    | 608000   |
| train/                |          |
|    entropy_loss       | -0.891   |
|    explained_variance | 0.973    |
|    learning_rate      | 7.26e-05 |
|    n_updates          | 37999    |
|    policy_loss        | 0.34     |
|    value_loss         | 1.58     |
------------------------------------
------------------------------------
| rollout/              |          |
|    ep_len_mean        | 420      |
|    ep_rew_mean        | 24.6     |
| time/                 |          |
|    fps                | 1193     |
|    iterations         | 38100    |
|    time_elapsed       | 510      |
|    total_timesteps    | 609600   |
| train/                |          |
|    entropy_loss       | -0.708   |
|    explained_variance | 0.673    |
|    learning_rate      | 7.26e-05 |
|    n_updates          | 38099    |
|    policy_loss        | 4.29     |
|    value_loss         | 64.6     |
------------------------------------
------------------------------------
| rollout/              |          |
|    ep_len_mean        | 421      |
|    ep_rew_mean        | 22.7     |
| time/                 |          |
|    fps                | 1192     |
|    iterations         | 38200    |
|    time_elapsed       | 512      |
|    total_timesteps    | 611200   |
| train/                |          |
|    entropy_loss       | -0.99    |
|    explained_variance | 0.816    |
|    learning_rate      | 7.25e-05 |
|    n_updates          | 38199    |
|    policy_loss        | 0.00129  |
|    value_loss         | 1.23     |
------------------------------------
------------------------------------
| rollout/              |          |
|    ep_len_mean        | 405      |
|    ep_rew_mean        | 20.4     |
| time/                 |          |
|    fps                | 1192     |
|    iterations         | 38300    |
|    time_elapsed       | 513      |
|    total_timesteps    | 612800   |
| train/                |          |
|    entropy_loss       | -0.909   |
|    explained_variance | 0.956    |
|    learning_rate      | 7.24e-05 |
|    n_updates          | 38299    |
|    policy_loss        | -1.29    |
|    value_loss         | 3.59     |
------------------------------------
------------------------------------
| rollout/              |          |
|    ep_len_mean        | 413      |
|    ep_rew_mean        | 22       |
| time/                 |          |
|    fps                | 1192     |
|    iterations         | 38400    |
|    time_elapsed       | 515      |
|    total_timesteps    | 614400   |
| train/                |          |
|    entropy_loss       | -0.42    |
|    explained_variance | 0.235    |
|    learning_rate      | 7.24e-05 |
|    n_updates          | 38399    |
|    policy_loss        | 0.626    |
|    value_loss         | 26.5     |
------------------------------------
------------------------------------
| rollout/              |          |
|    ep_len_mean        | 406      |
|    ep_rew_mean        | 17.8     |
| time/                 |          |
|    fps                | 1192     |
|    iterations         | 38500    |
|    time_elapsed       | 516      |
|    total_timesteps    | 616000   |
| train/                |          |
|    entropy_loss       | -0.802   |
|    explained_variance | -0.137   |
|    learning_rate      | 7.23e-05 |
|    n_updates          | 38499    |
|    policy_loss        | 9.23     |
|    value_loss         | 281      |
------------------------------------
------------------------------------
| rollout/              |          |
|    ep_len_mean        | 391      |
|    ep_rew_mean        | 16.4     |
| time/                 |          |
|    fps                | 1192     |
|    iterations         | 38600    |
|    time_elapsed       | 517      |
|    total_timesteps    | 617600   |
| train/                |          |
|    entropy_loss       | -1.1     |
|    explained_variance | 0.939    |
|    learning_rate      | 7.22e-05 |
|    n_updates          | 38599    |
|    policy_loss        | 0.163    |
|    value_loss         | 1.4      |
------------------------------------
------------------------------------
| rollout/              |          |
|    ep_len_mean        | 399      |
|    ep_rew_mean        | 18.9     |
| time/                 |          |
|    fps                | 1192     |
|    iterations         | 38700    |
|    time_elapsed       | 519      |
|    total_timesteps    | 619200   |
| train/                |          |
|    entropy_loss       | -1.03    |
|    explained_variance | 0.924    |
|    learning_rate      | 7.21e-05 |
|    n_updates          | 38699    |
|    policy_loss        | -1.47    |
|    value_loss         | 3.38     |
------------------------------------
------------------------------------
| rollout/              |          |
|    ep_len_mean        | 408      |
|    ep_rew_mean        | 20.3     |
| time/                 |          |
|    fps                | 1192     |
|    iterations         | 38800    |
|    time_elapsed       | 520      |
|    total_timesteps    | 620800   |
| train/                |          |
|    entropy_loss       | -0.69    |
|    explained_variance | 0.348    |
|    learning_rate      | 7.21e-05 |
|    n_updates          | 38799    |
|    policy_loss        | -0.0528  |
|    value_loss         | 0.0244   |
------------------------------------
------------------------------------
| rollout/              |          |
|    ep_len_mean        | 416      |
|    ep_rew_mean        | 21.4     |
| time/                 |          |
|    fps                | 1191     |
|    iterations         | 38900    |
|    time_elapsed       | 522      |
|    total_timesteps    | 622400   |
| train/                |          |
|    entropy_loss       | -0.703   |
|    explained_variance | 0.476    |
|    learning_rate      | 7.2e-05  |
|    n_updates          | 38899    |
|    policy_loss        | -4.41    |
|    value_loss         | 95.1     |
------------------------------------
------------------------------------
| rollout/              |          |
|    ep_len_mean        | 416      |
|    ep_rew_mean        | 19.9     |
| time/                 |          |
|    fps                | 1191     |
|    iterations         | 39000    |
|    time_elapsed       | 523      |
|    total_timesteps    | 624000   |
| train/                |          |
|    entropy_loss       | -0.832   |
|    explained_variance | -0.562   |
|    learning_rate      | 7.19e-05 |
|    n_updates          | 38999    |
|    policy_loss        | 1.51     |
|    value_loss         | 8.84     |
------------------------------------
------------------------------------
| rollout/              |          |
|    ep_len_mean        | 417      |
|    ep_rew_mean        | 21       |
| time/                 |          |
|    fps                | 1191     |
|    iterations         | 39100    |
|    time_elapsed       | 525      |
|    total_timesteps    | 625600   |
| train/                |          |
|    entropy_loss       | -0.576   |
|    explained_variance | 0.732    |
|    learning_rate      | 7.18e-05 |
|    n_updates          | 39099    |
|    policy_loss        | -2.15    |
|    value_loss         | 22.9     |
------------------------------------
------------------------------------
| rollout/              |          |
|    ep_len_mean        | 418      |
|    ep_rew_mean        | 20.6     |
| time/                 |          |
|    fps                | 1190     |
|    iterations         | 39200    |
|    time_elapsed       | 526      |
|    total_timesteps    | 627200   |
| train/                |          |
|    entropy_loss       | -0.813   |
|    explained_variance | -0.0358  |
|    learning_rate      | 7.18e-05 |
|    n_updates          | 39199    |
|    policy_loss        | 0.0218   |
|    value_loss         | 0.00565  |
------------------------------------
------------------------------------
| rollout/              |          |
|    ep_len_mean        | 420      |
|    ep_rew_mean        | 18.5     |
| time/                 |          |
|    fps                | 1191     |
|    iterations         | 39300    |
|    time_elapsed       | 527      |
|    total_timesteps    | 628800   |
| train/                |          |
|    entropy_loss       | -0.968   |
|    explained_variance | -0.0724  |
|    learning_rate      | 7.17e-05 |
|    n_updates          | 39299    |
|    policy_loss        | -0.0477  |
|    value_loss         | 0.0153   |
------------------------------------
------------------------------------
| rollout/              |          |
|    ep_len_mean        | 429      |
|    ep_rew_mean        | 18.3     |
| time/                 |          |
|    fps                | 1191     |
|    iterations         | 39400    |
|    time_elapsed       | 529      |
|    total_timesteps    | 630400   |
| train/                |          |
|    entropy_loss       | -1.14    |
|    explained_variance | 0.936    |
|    learning_rate      | 7.16e-05 |
|    n_updates          | 39399    |
|    policy_loss        | -1.23    |
|    value_loss         | 4.77     |
------------------------------------
------------------------------------
| rollout/              |          |
|    ep_len_mean        | 422      |
|    ep_rew_mean        | 18.3     |
| time/                 |          |
|    fps                | 1191     |
|    iterations         | 39500    |
|    time_elapsed       | 530      |
|    total_timesteps    | 632000   |
| train/                |          |
|    entropy_loss       | -1.04    |
|    explained_variance | 0.925    |
|    learning_rate      | 7.16e-05 |
|    n_updates          | 39499    |
|    policy_loss        | 0.143    |
|    value_loss         | 0.674    |
------------------------------------
------------------------------------
| rollout/              |          |
|    ep_len_mean        | 439      |
|    ep_rew_mean        | 22.4     |
| time/                 |          |
|    fps                | 1191     |
|    iterations         | 39600    |
|    time_elapsed       | 531      |
|    total_timesteps    | 633600   |
| train/                |          |
|    entropy_loss       | -0.577   |
|    explained_variance | -0.721   |
|    learning_rate      | 7.15e-05 |
|    n_updates          | 39599    |
|    policy_loss        | 0.927    |
|    value_loss         | 6.16     |
------------------------------------
------------------------------------
| rollout/              |          |
|    ep_len_mean        | 439      |
|    ep_rew_mean        | 22.2     |
| time/                 |          |
|    fps                | 1191     |
|    iterations         | 39700    |
|    time_elapsed       | 532      |
|    total_timesteps    | 635200   |
| train/                |          |
|    entropy_loss       | -1.04    |
|    explained_variance | 0.0388   |
|    learning_rate      | 7.14e-05 |
|    n_updates          | 39699    |
|    policy_loss        | 0.0262   |
|    value_loss         | 0.0389   |
------------------------------------
------------------------------------
| rollout/              |          |
|    ep_len_mean        | 439      |
|    ep_rew_mean        | 23.7     |
| time/                 |          |
|    fps                | 1191     |
|    iterations         | 39800    |
|    time_elapsed       | 534      |
|    total_timesteps    | 636800   |
| train/                |          |
|    entropy_loss       | -0.869   |
|    explained_variance | 0.848    |
|    learning_rate      | 7.13e-05 |
|    n_updates          | 39799    |
|    policy_loss        | -6.01    |
|    value_loss         | 117      |
------------------------------------
------------------------------------
| rollout/              |          |
|    ep_len_mean        | 429      |
|    ep_rew_mean        | 19.9     |
| time/                 |          |
|    fps                | 1191     |
|    iterations         | 39900    |
|    time_elapsed       | 535      |
|    total_timesteps    | 638400   |
| train/                |          |
|    entropy_loss       | -1.12    |
|    explained_variance | 0.0659   |
|    learning_rate      | 7.13e-05 |
|    n_updates          | 39899    |
|    policy_loss        | 0.0719   |
|    value_loss         | 0.049    |
------------------------------------
------------------------------------
| rollout/              |          |
|    ep_len_mean        | 437      |
|    ep_rew_mean        | 21.4     |
| time/                 |          |
|    fps                | 1191     |
|    iterations         | 40000    |
|    time_elapsed       | 537      |
|    total_timesteps    | 640000   |
| train/                |          |
|    entropy_loss       | -0.769   |
|    explained_variance | 0.179    |
|    learning_rate      | 7.12e-05 |
|    n_updates          | 39999    |
|    policy_loss        | 0.241    |
|    value_loss         | 44.4     |
------------------------------------
------------------------------------
| rollout/              |          |
|    ep_len_mean        | 434      |
|    ep_rew_mean        | 20.3     |
| time/                 |          |
|    fps                | 1190     |
|    iterations         | 40100    |
|    time_elapsed       | 538      |
|    total_timesteps    | 641600   |
| train/                |          |
|    entropy_loss       | -1.02    |
|    explained_variance | -0.532   |
|    learning_rate      | 7.11e-05 |
|    n_updates          | 40099    |
|    policy_loss        | -4.08    |
|    value_loss         | 12.3     |
------------------------------------
------------------------------------
| rollout/              |          |
|    ep_len_mean        | 443      |
|    ep_rew_mean        | 23       |
| time/                 |          |
|    fps                | 1190     |
|    iterations         | 40200    |
|    time_elapsed       | 540      |
|    total_timesteps    | 643200   |
| train/                |          |
|    entropy_loss       | -1.23    |
|    explained_variance | 0.949    |
|    learning_rate      | 7.11e-05 |
|    n_updates          | 40199    |
|    policy_loss        | -1.46    |
|    value_loss         | 6.41     |
------------------------------------
------------------------------------
| rollout/              |          |
|    ep_len_mean        | 429      |
|    ep_rew_mean        | 23.9     |
| time/                 |          |
|    fps                | 1190     |
|    iterations         | 40300    |
|    time_elapsed       | 541      |
|    total_timesteps    | 644800   |
| train/                |          |
|    entropy_loss       | -0.54    |
|    explained_variance | 0.842    |
|    learning_rate      | 7.1e-05  |
|    n_updates          | 40299    |
|    policy_loss        | 3.72     |
|    value_loss         | 60.6     |
------------------------------------
------------------------------------
| rollout/              |          |
|    ep_len_mean        | 437      |
|    ep_rew_mean        | 24.9     |
| time/                 |          |
|    fps                | 1191     |
|    iterations         | 40400    |
|    time_elapsed       | 542      |
|    total_timesteps    | 646400   |
| train/                |          |
|    entropy_loss       | -1.14    |
|    explained_variance | 0.891    |
|    learning_rate      | 7.09e-05 |
|    n_updates          | 40399    |
|    policy_loss        | -1.87    |
|    value_loss         | 5.37     |
------------------------------------
------------------------------------
| rollout/              |          |
|    ep_len_mean        | 437      |
|    ep_rew_mean        | 24.7     |
| time/                 |          |
|    fps                | 1191     |
|    iterations         | 40500    |
|    time_elapsed       | 543      |
|    total_timesteps    | 648000   |
| train/                |          |
|    entropy_loss       | -1.11    |
|    explained_variance | -1.13    |
|    learning_rate      | 7.08e-05 |
|    n_updates          | 40499    |
|    policy_loss        | -1.42    |
|    value_loss         | 2.24     |
------------------------------------
------------------------------------
| rollout/              |          |
|    ep_len_mean        | 437      |
|    ep_rew_mean        | 26.6     |
| time/                 |          |
|    fps                | 1191     |
|    iterations         | 40600    |
|    time_elapsed       | 545      |
|    total_timesteps    | 649600   |
| train/                |          |
|    entropy_loss       | -0.993   |
|    explained_variance | 0.541    |
|    learning_rate      | 7.08e-05 |
|    n_updates          | 40599    |
|    policy_loss        | 4.9      |
|    value_loss         | 69.9     |
------------------------------------
Eval num_timesteps=650000, episode_reward=106.88 +/- 138.82
Episode length: 376.60 +/- 19.87
------------------------------------
| eval/                 |          |
|    mean_ep_length     | 377      |
|    mean_reward        | 107      |
| time/                 |          |
|    total_timesteps    | 650000   |
| train/                |          |
|    entropy_loss       | -1.08    |
|    explained_variance | 0.161    |
|    learning_rate      | 7.08e-05 |
|    n_updates          | 40624    |
|    policy_loss        | 0.385    |
|    value_loss         | 0.333    |
------------------------------------
------------------------------------
| rollout/              |          |
|    ep_len_mean        | 447      |
|    ep_rew_mean        | 26       |
| time/                 |          |
|    fps                | 1189     |
|    iterations         | 40700    |
|    time_elapsed       | 547      |
|    total_timesteps    | 651200   |
| train/                |          |
|    entropy_loss       | -1.07    |
|    explained_variance | 0.931    |
|    learning_rate      | 7.07e-05 |
|    n_updates          | 40699    |
|    policy_loss        | -0.164   |
|    value_loss         | 0.516    |
------------------------------------
------------------------------------
| rollout/              |          |
|    ep_len_mean        | 455      |
|    ep_rew_mean        | 27.5     |
| time/                 |          |
|    fps                | 1189     |
|    iterations         | 40800    |
|    time_elapsed       | 548      |
|    total_timesteps    | 652800   |
| train/                |          |
|    entropy_loss       | -0.791   |
|    explained_variance | 0.498    |
|    learning_rate      | 7.06e-05 |
|    n_updates          | 40799    |
|    policy_loss        | -17.6    |
|    value_loss         | 235      |
------------------------------------
------------------------------------
| rollout/              |          |
|    ep_len_mean        | 456      |
|    ep_rew_mean        | 28.9     |
| time/                 |          |
|    fps                | 1189     |
|    iterations         | 40900    |
|    time_elapsed       | 549      |
|    total_timesteps    | 654400   |
| train/                |          |
|    entropy_loss       | -0.963   |
|    explained_variance | 0.00325  |
|    learning_rate      | 7.06e-05 |
|    n_updates          | 40899    |
|    policy_loss        | 0.0441   |
|    value_loss         | 0.0713   |
------------------------------------
------------------------------------
| rollout/              |          |
|    ep_len_mean        | 457      |
|    ep_rew_mean        | 31.5     |
| time/                 |          |
|    fps                | 1189     |
|    iterations         | 41000    |
|    time_elapsed       | 551      |
|    total_timesteps    | 656000   |
| train/                |          |
|    entropy_loss       | -1.04    |
|    explained_variance | 0.204    |
|    learning_rate      | 7.05e-05 |
|    n_updates          | 40999    |
|    policy_loss        | -0.184   |
|    value_loss         | 0.128    |
------------------------------------
------------------------------------
| rollout/              |          |
|    ep_len_mean        | 457      |
|    ep_rew_mean        | 32.4     |
| time/                 |          |
|    fps                | 1189     |
|    iterations         | 41100    |
|    time_elapsed       | 552      |
|    total_timesteps    | 657600   |
| train/                |          |
|    entropy_loss       | -1.21    |
|    explained_variance | 0.859    |
|    learning_rate      | 7.04e-05 |
|    n_updates          | 41099    |
|    policy_loss        | -0.997   |
|    value_loss         | 17.1     |
------------------------------------
------------------------------------
| rollout/              |          |
|    ep_len_mean        | 466      |
|    ep_rew_mean        | 33.6     |
| time/                 |          |
|    fps                | 1189     |
|    iterations         | 41200    |
|    time_elapsed       | 554      |
|    total_timesteps    | 659200   |
| train/                |          |
|    entropy_loss       | -0.579   |
|    explained_variance | 0.051    |
|    learning_rate      | 7.03e-05 |
|    n_updates          | 41199    |
|    policy_loss        | -0.139   |
|    value_loss         | 0.156    |
------------------------------------
------------------------------------
| rollout/              |          |
|    ep_len_mean        | 458      |
|    ep_rew_mean        | 31.5     |
| time/                 |          |
|    fps                | 1189     |
|    iterations         | 41300    |
|    time_elapsed       | 555      |
|    total_timesteps    | 660800   |
| train/                |          |
|    entropy_loss       | -1.04    |
|    explained_variance | 0.0286   |
|    learning_rate      | 7.03e-05 |
|    n_updates          | 41299    |
|    policy_loss        | -0.751   |
|    value_loss         | 0.452    |
------------------------------------
------------------------------------
| rollout/              |          |
|    ep_len_mean        | 469      |
|    ep_rew_mean        | 36.6     |
| time/                 |          |
|    fps                | 1189     |
|    iterations         | 41400    |
|    time_elapsed       | 557      |
|    total_timesteps    | 662400   |
| train/                |          |
|    entropy_loss       | -1.26    |
|    explained_variance | 0.89     |
|    learning_rate      | 7.02e-05 |
|    n_updates          | 41399    |
|    policy_loss        | -2.61    |
|    value_loss         | 13.4     |
------------------------------------
------------------------------------
| rollout/              |          |
|    ep_len_mean        | 478      |
|    ep_rew_mean        | 39.8     |
| time/                 |          |
|    fps                | 1188     |
|    iterations         | 41500    |
|    time_elapsed       | 558      |
|    total_timesteps    | 664000   |
| train/                |          |
|    entropy_loss       | -1.07    |
|    explained_variance | -0.0903  |
|    learning_rate      | 7.01e-05 |
|    n_updates          | 41499    |
|    policy_loss        | -0.113   |
|    value_loss         | 0.0881   |
------------------------------------
------------------------------------
| rollout/              |          |
|    ep_len_mean        | 494      |
|    ep_rew_mean        | 42.4     |
| time/                 |          |
|    fps                | 1188     |
|    iterations         | 41600    |
|    time_elapsed       | 559      |
|    total_timesteps    | 665600   |
| train/                |          |
|    entropy_loss       | -0.73    |
|    explained_variance | 0.79     |
|    learning_rate      | 7e-05    |
|    n_updates          | 41599    |
|    policy_loss        | -1.52    |
|    value_loss         | 6.54     |
------------------------------------
------------------------------------
| rollout/              |          |
|    ep_len_mean        | 501      |
|    ep_rew_mean        | 43.2     |
| time/                 |          |
|    fps                | 1188     |
|    iterations         | 41700    |
|    time_elapsed       | 561      |
|    total_timesteps    | 667200   |
| train/                |          |
|    entropy_loss       | -1.15    |
|    explained_variance | 0.979    |
|    learning_rate      | 7e-05    |
|    n_updates          | 41699    |
|    policy_loss        | -2.34    |
|    value_loss         | 3.19     |
------------------------------------
------------------------------------
| rollout/              |          |
|    ep_len_mean        | 517      |
|    ep_rew_mean        | 45.4     |
| time/                 |          |
|    fps                | 1188     |
|    iterations         | 41800    |
|    time_elapsed       | 562      |
|    total_timesteps    | 668800   |
| train/                |          |
|    entropy_loss       | -0.554   |
|    explained_variance | -0.268   |
|    learning_rate      | 6.99e-05 |
|    n_updates          | 41799    |
|    policy_loss        | -7.85    |
|    value_loss         | 94.5     |
------------------------------------
------------------------------------
| rollout/              |          |
|    ep_len_mean        | 517      |
|    ep_rew_mean        | 45.3     |
| time/                 |          |
|    fps                | 1187     |
|    iterations         | 41900    |
|    time_elapsed       | 564      |
|    total_timesteps    | 670400   |
| train/                |          |
|    entropy_loss       | -0.842   |
|    explained_variance | 0.189    |
|    learning_rate      | 6.98e-05 |
|    n_updates          | 41899    |
|    policy_loss        | -0.143   |
|    value_loss         | 0.159    |
------------------------------------
------------------------------------
| rollout/              |          |
|    ep_len_mean        | 525      |
|    ep_rew_mean        | 45.8     |
| time/                 |          |
|    fps                | 1187     |
|    iterations         | 42000    |
|    time_elapsed       | 565      |
|    total_timesteps    | 672000   |
| train/                |          |
|    entropy_loss       | -1.09    |
|    explained_variance | 0.117    |
|    learning_rate      | 6.98e-05 |
|    n_updates          | 41999    |
|    policy_loss        | 0.228    |
|    value_loss         | 0.79     |
------------------------------------
------------------------------------
| rollout/              |          |
|    ep_len_mean        | 525      |
|    ep_rew_mean        | 46.1     |
| time/                 |          |
|    fps                | 1187     |
|    iterations         | 42100    |
|    time_elapsed       | 567      |
|    total_timesteps    | 673600   |
| train/                |          |
|    entropy_loss       | -0.985   |
|    explained_variance | 0.637    |
|    learning_rate      | 6.97e-05 |
|    n_updates          | 42099    |
|    policy_loss        | -5.71    |
|    value_loss         | 37       |
------------------------------------
------------------------------------
| rollout/              |          |
|    ep_len_mean        | 525      |
|    ep_rew_mean        | 46.3     |
| time/                 |          |
|    fps                | 1187     |
|    iterations         | 42200    |
|    time_elapsed       | 568      |
|    total_timesteps    | 675200   |
| train/                |          |
|    entropy_loss       | -1.06    |
|    explained_variance | -0.0575  |
|    learning_rate      | 6.96e-05 |
|    n_updates          | 42199    |
|    policy_loss        | 0.228    |
|    value_loss         | 0.0698   |
------------------------------------
------------------------------------
| rollout/              |          |
|    ep_len_mean        | 542      |
|    ep_rew_mean        | 48.3     |
| time/                 |          |
|    fps                | 1186     |
|    iterations         | 42300    |
|    time_elapsed       | 570      |
|    total_timesteps    | 676800   |
| train/                |          |
|    entropy_loss       | -1.03    |
|    explained_variance | 0.923    |
|    learning_rate      | 6.95e-05 |
|    n_updates          | 42299    |
|    policy_loss        | -0.964   |
|    value_loss         | 4.38     |
------------------------------------
------------------------------------
| rollout/              |          |
|    ep_len_mean        | 554      |
|    ep_rew_mean        | 51.7     |
| time/                 |          |
|    fps                | 1186     |
|    iterations         | 42400    |
|    time_elapsed       | 571      |
|    total_timesteps    | 678400   |
| train/                |          |
|    entropy_loss       | -1.15    |
|    explained_variance | 0.93     |
|    learning_rate      | 6.95e-05 |
|    n_updates          | 42399    |
|    policy_loss        | 0.306    |
|    value_loss         | 1.19     |
------------------------------------
------------------------------------
| rollout/              |          |
|    ep_len_mean        | 546      |
|    ep_rew_mean        | 50.7     |
| time/                 |          |
|    fps                | 1186     |
|    iterations         | 42500    |
|    time_elapsed       | 573      |
|    total_timesteps    | 680000   |
| train/                |          |
|    entropy_loss       | -0.896   |
|    explained_variance | 0.0898   |
|    learning_rate      | 6.94e-05 |
|    n_updates          | 42499    |
|    policy_loss        | -0.315   |
|    value_loss         | 0.256    |
------------------------------------
------------------------------------
| rollout/              |          |
|    ep_len_mean        | 563      |
|    ep_rew_mean        | 52.6     |
| time/                 |          |
|    fps                | 1186     |
|    iterations         | 42600    |
|    time_elapsed       | 574      |
|    total_timesteps    | 681600   |
| train/                |          |
|    entropy_loss       | -1.2     |
|    explained_variance | 0.461    |
|    learning_rate      | 6.93e-05 |
|    n_updates          | 42599    |
|    policy_loss        | -3.57    |
|    value_loss         | 14       |
------------------------------------
------------------------------------
| rollout/              |          |
|    ep_len_mean        | 571      |
|    ep_rew_mean        | 54.7     |
| time/                 |          |
|    fps                | 1186     |
|    iterations         | 42700    |
|    time_elapsed       | 575      |
|    total_timesteps    | 683200   |
| train/                |          |
|    entropy_loss       | -1.07    |
|    explained_variance | 0.859    |
|    learning_rate      | 6.93e-05 |
|    n_updates          | 42699    |
|    policy_loss        | -4.19    |
|    value_loss         | 13.9     |
------------------------------------
------------------------------------
| rollout/              |          |
|    ep_len_mean        | 579      |
|    ep_rew_mean        | 56.6     |
| time/                 |          |
|    fps                | 1186     |
|    iterations         | 42800    |
|    time_elapsed       | 577      |
|    total_timesteps    | 684800   |
| train/                |          |
|    entropy_loss       | -0.893   |
|    explained_variance | 0.146    |
|    learning_rate      | 6.92e-05 |
|    n_updates          | 42799    |
|    policy_loss        | -0.615   |
|    value_loss         | 0.449    |
------------------------------------
------------------------------------
| rollout/              |          |
|    ep_len_mean        | 586      |
|    ep_rew_mean        | 58.2     |
| time/                 |          |
|    fps                | 1186     |
|    iterations         | 42900    |
|    time_elapsed       | 578      |
|    total_timesteps    | 686400   |
| train/                |          |
|    entropy_loss       | -1.07    |
|    explained_variance | 0.695    |
|    learning_rate      | 6.91e-05 |
|    n_updates          | 42899    |
|    policy_loss        | -4.67    |
|    value_loss         | 16       |
------------------------------------
------------------------------------
| rollout/              |          |
|    ep_len_mean        | 596      |
|    ep_rew_mean        | 58.7     |
| time/                 |          |
|    fps                | 1186     |
|    iterations         | 43000    |
|    time_elapsed       | 579      |
|    total_timesteps    | 688000   |
| train/                |          |
|    entropy_loss       | -0.675   |
|    explained_variance | 0.576    |
|    learning_rate      | 6.9e-05  |
|    n_updates          | 42999    |
|    policy_loss        | -3.66    |
|    value_loss         | 9.64     |
------------------------------------
------------------------------------
| rollout/              |          |
|    ep_len_mean        | 597      |
|    ep_rew_mean        | 58.8     |
| time/                 |          |
|    fps                | 1186     |
|    iterations         | 43100    |
|    time_elapsed       | 581      |
|    total_timesteps    | 689600   |
| train/                |          |
|    entropy_loss       | -1.07    |
|    explained_variance | -0.684   |
|    learning_rate      | 6.9e-05  |
|    n_updates          | 43099    |
|    policy_loss        | 1.18     |
|    value_loss         | 5.06     |
------------------------------------
------------------------------------
| rollout/              |          |
|    ep_len_mean        | 597      |
|    ep_rew_mean        | 58.7     |
| time/                 |          |
|    fps                | 1186     |
|    iterations         | 43200    |
|    time_elapsed       | 582      |
|    total_timesteps    | 691200   |
| train/                |          |
|    entropy_loss       | -1.06    |
|    explained_variance | -0.0051  |
|    learning_rate      | 6.89e-05 |
|    n_updates          | 43199    |
|    policy_loss        | 0.121    |
|    value_loss         | 0.0306   |
------------------------------------
------------------------------------
| rollout/              |          |
|    ep_len_mean        | 606      |
|    ep_rew_mean        | 60.1     |
| time/                 |          |
|    fps                | 1186     |
|    iterations         | 43300    |
|    time_elapsed       | 583      |
|    total_timesteps    | 692800   |
| train/                |          |
|    entropy_loss       | -0.0812  |
|    explained_variance | 0.288    |
|    learning_rate      | 6.88e-05 |
|    n_updates          | 43299    |
|    policy_loss        | 0.0978   |
|    value_loss         | 74.2     |
------------------------------------
------------------------------------
| rollout/              |          |
|    ep_len_mean        | 602      |
|    ep_rew_mean        | 59.9     |
| time/                 |          |
|    fps                | 1186     |
|    iterations         | 43400    |
|    time_elapsed       | 585      |
|    total_timesteps    | 694400   |
| train/                |          |
|    entropy_loss       | -1.07    |
|    explained_variance | 0.0145   |
|    learning_rate      | 6.88e-05 |
|    n_updates          | 43399    |
|    policy_loss        | -0.0979  |
|    value_loss         | 0.0262   |
------------------------------------
------------------------------------
| rollout/              |          |
|    ep_len_mean        | 603      |
|    ep_rew_mean        | 59.2     |
| time/                 |          |
|    fps                | 1186     |
|    iterations         | 43500    |
|    time_elapsed       | 586      |
|    total_timesteps    | 696000   |
| train/                |          |
|    entropy_loss       | -0.816   |
|    explained_variance | 0.823    |
|    learning_rate      | 6.87e-05 |
|    n_updates          | 43499    |
|    policy_loss        | -0.257   |
|    value_loss         | 0.836    |
------------------------------------
------------------------------------
| rollout/              |          |
|    ep_len_mean        | 603      |
|    ep_rew_mean        | 59.7     |
| time/                 |          |
|    fps                | 1186     |
|    iterations         | 43600    |
|    time_elapsed       | 587      |
|    total_timesteps    | 697600   |
| train/                |          |
|    entropy_loss       | -1.03    |
|    explained_variance | 0.00603  |
|    learning_rate      | 6.86e-05 |
|    n_updates          | 43599    |
|    policy_loss        | 0.168    |
|    value_loss         | 0.0441   |
------------------------------------
------------------------------------
| rollout/              |          |
|    ep_len_mean        | 614      |
|    ep_rew_mean        | 66.3     |
| time/                 |          |
|    fps                | 1186     |
|    iterations         | 43700    |
|    time_elapsed       | 589      |
|    total_timesteps    | 699200   |
| train/                |          |
|    entropy_loss       | -0.998   |
|    explained_variance | 0.869    |
|    learning_rate      | 6.85e-05 |
|    n_updates          | 43699    |
|    policy_loss        | 0.394    |
|    value_loss         | 1.01     |
------------------------------------
Eval num_timesteps=700000, episode_reward=192.55 +/- 27.34
Episode length: 493.20 +/- 64.66
------------------------------------
| eval/                 |          |
|    mean_ep_length     | 493      |
|    mean_reward        | 193      |
| time/                 |          |
|    total_timesteps    | 700000   |
| train/                |          |
|    entropy_loss       | -0.984   |
|    explained_variance | 0.806    |
|    learning_rate      | 6.85e-05 |
|    n_updates          | 43749    |
|    policy_loss        | 0.62     |
|    value_loss         | 1.78     |
------------------------------------
New best mean reward!
------------------------------------
| rollout/              |          |
|    ep_len_mean        | 622      |
|    ep_rew_mean        | 66.1     |
| time/                 |          |
|    fps                | 1184     |
|    iterations         | 43800    |
|    time_elapsed       | 591      |
|    total_timesteps    | 700800   |
| train/                |          |
|    entropy_loss       | -1.09    |
|    explained_variance | 0.948    |
|    learning_rate      | 6.85e-05 |
|    n_updates          | 43799    |
|    policy_loss        | -0.224   |
|    value_loss         | 3.46     |
------------------------------------
------------------------------------
| rollout/              |          |
|    ep_len_mean        | 624      |
|    ep_rew_mean        | 65.5     |
| time/                 |          |
|    fps                | 1184     |
|    iterations         | 43900    |
|    time_elapsed       | 592      |
|    total_timesteps    | 702400   |
| train/                |          |
|    entropy_loss       | -0.921   |
|    explained_variance | 0.835    |
|    learning_rate      | 6.84e-05 |
|    n_updates          | 43899    |
|    policy_loss        | 0.98     |
|    value_loss         | 8.62     |
------------------------------------
------------------------------------
| rollout/              |          |
|    ep_len_mean        | 626      |
|    ep_rew_mean        | 65.6     |
| time/                 |          |
|    fps                | 1184     |
|    iterations         | 44000    |
|    time_elapsed       | 594      |
|    total_timesteps    | 704000   |
| train/                |          |
|    entropy_loss       | -1.07    |
|    explained_variance | 0.958    |
|    learning_rate      | 6.83e-05 |
|    n_updates          | 43999    |
|    policy_loss        | -1.08    |
|    value_loss         | 1.81     |
------------------------------------
------------------------------------
| rollout/              |          |
|    ep_len_mean        | 635      |
|    ep_rew_mean        | 66.6     |
| time/                 |          |
|    fps                | 1184     |
|    iterations         | 44100    |
|    time_elapsed       | 595      |
|    total_timesteps    | 705600   |
| train/                |          |
|    entropy_loss       | -0.988   |
|    explained_variance | -0.178   |
|    learning_rate      | 6.82e-05 |
|    n_updates          | 44099    |
|    policy_loss        | 0.0161   |
|    value_loss         | 0.0132   |
------------------------------------
------------------------------------
| rollout/              |          |
|    ep_len_mean        | 643      |
|    ep_rew_mean        | 68       |
| time/                 |          |
|    fps                | 1185     |
|    iterations         | 44200    |
|    time_elapsed       | 596      |
|    total_timesteps    | 707200   |
| train/                |          |
|    entropy_loss       | -1.1     |
|    explained_variance | -1.02    |
|    learning_rate      | 6.82e-05 |
|    n_updates          | 44199    |
|    policy_loss        | -0.252   |
|    value_loss         | 2.22     |
------------------------------------
------------------------------------
| rollout/              |          |
|    ep_len_mean        | 651      |
|    ep_rew_mean        | 69.4     |
| time/                 |          |
|    fps                | 1185     |
|    iterations         | 44300    |
|    time_elapsed       | 598      |
|    total_timesteps    | 708800   |
| train/                |          |
|    entropy_loss       | -0.908   |
|    explained_variance | 0.699    |
|    learning_rate      | 6.81e-05 |
|    n_updates          | 44299    |
|    policy_loss        | 0.926    |
|    value_loss         | 4.94     |
------------------------------------
------------------------------------
| rollout/              |          |
|    ep_len_mean        | 659      |
|    ep_rew_mean        | 70.9     |
| time/                 |          |
|    fps                | 1185     |
|    iterations         | 44400    |
|    time_elapsed       | 599      |
|    total_timesteps    | 710400   |
| train/                |          |
|    entropy_loss       | -1.08    |
|    explained_variance | 0.00976  |
|    learning_rate      | 6.8e-05  |
|    n_updates          | 44399    |
|    policy_loss        | -0.215   |
|    value_loss         | 0.0821   |
------------------------------------
------------------------------------
| rollout/              |          |
|    ep_len_mean        | 669      |
|    ep_rew_mean        | 71.7     |
| time/                 |          |
|    fps                | 1185     |
|    iterations         | 44500    |
|    time_elapsed       | 600      |
|    total_timesteps    | 712000   |
| train/                |          |
|    entropy_loss       | -1.05    |
|    explained_variance | 0.0153   |
|    learning_rate      | 6.8e-05  |
|    n_updates          | 44499    |
|    policy_loss        | 0.073    |
|    value_loss         | 0.0742   |
------------------------------------
------------------------------------
| rollout/              |          |
|    ep_len_mean        | 685      |
|    ep_rew_mean        | 74.4     |
| time/                 |          |
|    fps                | 1185     |
|    iterations         | 44600    |
|    time_elapsed       | 601      |
|    total_timesteps    | 713600   |
| train/                |          |
|    entropy_loss       | -0.962   |
|    explained_variance | 0.821    |
|    learning_rate      | 6.79e-05 |
|    n_updates          | 44599    |
|    policy_loss        | -5.17    |
|    value_loss         | 27.7     |
------------------------------------
------------------------------------
| rollout/              |          |
|    ep_len_mean        | 694      |
|    ep_rew_mean        | 75.9     |
| time/                 |          |
|    fps                | 1185     |
|    iterations         | 44700    |
|    time_elapsed       | 603      |
|    total_timesteps    | 715200   |
| train/                |          |
|    entropy_loss       | -1.06    |
|    explained_variance | 0.991    |
|    learning_rate      | 6.78e-05 |
|    n_updates          | 44699    |
|    policy_loss        | -1.2     |
|    value_loss         | 1.2      |
------------------------------------
------------------------------------
| rollout/              |          |
|    ep_len_mean        | 687      |
|    ep_rew_mean        | 76.5     |
| time/                 |          |
|    fps                | 1185     |
|    iterations         | 44800    |
|    time_elapsed       | 604      |
|    total_timesteps    | 716800   |
| train/                |          |
|    entropy_loss       | -0.982   |
|    explained_variance | -0.0136  |
|    learning_rate      | 6.77e-05 |
|    n_updates          | 44799    |
|    policy_loss        | -0.0444  |
|    value_loss         | 0.036    |
------------------------------------
------------------------------------
| rollout/              |          |
|    ep_len_mean        | 687      |
|    ep_rew_mean        | 75.5     |
| time/                 |          |
|    fps                | 1185     |
|    iterations         | 44900    |
|    time_elapsed       | 605      |
|    total_timesteps    | 718400   |
| train/                |          |
|    entropy_loss       | -1.03    |
|    explained_variance | 0.165    |
|    learning_rate      | 6.77e-05 |
|    n_updates          | 44899    |
|    policy_loss        | -0.0425  |
|    value_loss         | 0.102    |
------------------------------------
------------------------------------
| rollout/              |          |
|    ep_len_mean        | 695      |
|    ep_rew_mean        | 76.8     |
| time/                 |          |
|    fps                | 1186     |
|    iterations         | 45000    |
|    time_elapsed       | 607      |
|    total_timesteps    | 720000   |
| train/                |          |
|    entropy_loss       | -0.954   |
|    explained_variance | 0.882    |
|    learning_rate      | 6.76e-05 |
|    n_updates          | 44999    |
|    policy_loss        | 3.14     |
|    value_loss         | 21.8     |
------------------------------------
------------------------------------
| rollout/              |          |
|    ep_len_mean        | 696      |
|    ep_rew_mean        | 77.6     |
| time/                 |          |
|    fps                | 1186     |
|    iterations         | 45100    |
|    time_elapsed       | 608      |
|    total_timesteps    | 721600   |
| train/                |          |
|    entropy_loss       | -0.953   |
|    explained_variance | 0.945    |
|    learning_rate      | 6.75e-05 |
|    n_updates          | 45099    |
|    policy_loss        | 0.167    |
|    value_loss         | 5.3      |
------------------------------------
------------------------------------
| rollout/              |          |
|    ep_len_mean        | 696      |
|    ep_rew_mean        | 77.8     |
| time/                 |          |
|    fps                | 1186     |
|    iterations         | 45200    |
|    time_elapsed       | 609      |
|    total_timesteps    | 723200   |
| train/                |          |
|    entropy_loss       | -1.05    |
|    explained_variance | 0.938    |
|    learning_rate      | 6.75e-05 |
|    n_updates          | 45199    |
|    policy_loss        | 0.287    |
|    value_loss         | 0.559    |
------------------------------------
------------------------------------
| rollout/              |          |
|    ep_len_mean        | 712      |
|    ep_rew_mean        | 81.3     |
| time/                 |          |
|    fps                | 1186     |
|    iterations         | 45300    |
|    time_elapsed       | 610      |
|    total_timesteps    | 724800   |
| train/                |          |
|    entropy_loss       | -1.02    |
|    explained_variance | 0.0157   |
|    learning_rate      | 6.74e-05 |
|    n_updates          | 45299    |
|    policy_loss        | -0.0447  |
|    value_loss         | 0.0657   |
------------------------------------
------------------------------------
| rollout/              |          |
|    ep_len_mean        | 712      |
|    ep_rew_mean        | 81.4     |
| time/                 |          |
|    fps                | 1186     |
|    iterations         | 45400    |
|    time_elapsed       | 612      |
|    total_timesteps    | 726400   |
| train/                |          |
|    entropy_loss       | -0.818   |
|    explained_variance | 0.00123  |
|    learning_rate      | 6.73e-05 |
|    n_updates          | 45399    |
|    policy_loss        | 2.25     |
|    value_loss         | 13.8     |
------------------------------------
------------------------------------
| rollout/              |          |
|    ep_len_mean        | 719      |
|    ep_rew_mean        | 82.6     |
| time/                 |          |
|    fps                | 1186     |
|    iterations         | 45500    |
|    time_elapsed       | 613      |
|    total_timesteps    | 728000   |
| train/                |          |
|    entropy_loss       | -1.07    |
|    explained_variance | 0.0306   |
|    learning_rate      | 6.72e-05 |
|    n_updates          | 45499    |
|    policy_loss        | -0.135   |
|    value_loss         | 0.0438   |
------------------------------------
------------------------------------
| rollout/              |          |
|    ep_len_mean        | 736      |
|    ep_rew_mean        | 83.8     |
| time/                 |          |
|    fps                | 1186     |
|    iterations         | 45600    |
|    time_elapsed       | 614      |
|    total_timesteps    | 729600   |
| train/                |          |
|    entropy_loss       | -1.15    |
|    explained_variance | 0.97     |
|    learning_rate      | 6.72e-05 |
|    n_updates          | 45599    |
|    policy_loss        | -0.651   |
|    value_loss         | 0.451    |
------------------------------------
------------------------------------
| rollout/              |          |
|    ep_len_mean        | 736      |
|    ep_rew_mean        | 83.6     |
| time/                 |          |
|    fps                | 1187     |
|    iterations         | 45700    |
|    time_elapsed       | 615      |
|    total_timesteps    | 731200   |
| train/                |          |
|    entropy_loss       | -1.06    |
|    explained_variance | -0.303   |
|    learning_rate      | 6.71e-05 |
|    n_updates          | 45699    |
|    policy_loss        | -0.005   |
|    value_loss         | 0.0774   |
------------------------------------
------------------------------------
| rollout/              |          |
|    ep_len_mean        | 754      |
|    ep_rew_mean        | 85.5     |
| time/                 |          |
|    fps                | 1187     |
|    iterations         | 45800    |
|    time_elapsed       | 617      |
|    total_timesteps    | 732800   |
| train/                |          |
|    entropy_loss       | -0.87    |
|    explained_variance | 0.684    |
|    learning_rate      | 6.7e-05  |
|    n_updates          | 45799    |
|    policy_loss        | -1.32    |
|    value_loss         | 3        |
------------------------------------
------------------------------------
| rollout/              |          |
|    ep_len_mean        | 754      |
|    ep_rew_mean        | 84.6     |
| time/                 |          |
|    fps                | 1187     |
|    iterations         | 45900    |
|    time_elapsed       | 618      |
|    total_timesteps    | 734400   |
| train/                |          |
|    entropy_loss       | -1.04    |
|    explained_variance | -0.0665  |
|    learning_rate      | 6.7e-05  |
|    n_updates          | 45899    |
|    policy_loss        | -0.114   |
|    value_loss         | 0.203    |
------------------------------------
------------------------------------
| rollout/              |          |
|    ep_len_mean        | 762      |
|    ep_rew_mean        | 85.8     |
| time/                 |          |
|    fps                | 1187     |
|    iterations         | 46000    |
|    time_elapsed       | 619      |
|    total_timesteps    | 736000   |
| train/                |          |
|    entropy_loss       | -1.31    |
|    explained_variance | 0.694    |
|    learning_rate      | 6.69e-05 |
|    n_updates          | 45999    |
|    policy_loss        | 2.49     |
|    value_loss         | 13.4     |
------------------------------------
------------------------------------
| rollout/              |          |
|    ep_len_mean        | 769      |
|    ep_rew_mean        | 86.7     |
| time/                 |          |
|    fps                | 1187     |
|    iterations         | 46100    |
|    time_elapsed       | 621      |
|    total_timesteps    | 737600   |
| train/                |          |
|    entropy_loss       | -1.15    |
|    explained_variance | 0.0591   |
|    learning_rate      | 6.68e-05 |
|    n_updates          | 46099    |
|    policy_loss        | -0.0652  |
|    value_loss         | 0.362    |
------------------------------------
------------------------------------
| rollout/              |          |
|    ep_len_mean        | 777      |
|    ep_rew_mean        | 87.4     |
| time/                 |          |
|    fps                | 1187     |
|    iterations         | 46200    |
|    time_elapsed       | 622      |
|    total_timesteps    | 739200   |
| train/                |          |
|    entropy_loss       | -1.07    |
|    explained_variance | 0.88     |
|    learning_rate      | 6.67e-05 |
|    n_updates          | 46199    |
|    policy_loss        | 1.42     |
|    value_loss         | 1.86     |
------------------------------------
------------------------------------
| rollout/              |          |
|    ep_len_mean        | 777      |
|    ep_rew_mean        | 85.2     |
| time/                 |          |
|    fps                | 1187     |
|    iterations         | 46300    |
|    time_elapsed       | 623      |
|    total_timesteps    | 740800   |
| train/                |          |
|    entropy_loss       | -1.11    |
|    explained_variance | 0.843    |
|    learning_rate      | 6.67e-05 |
|    n_updates          | 46299    |
|    policy_loss        | 0.259    |
|    value_loss         | 1.59     |
------------------------------------
------------------------------------
| rollout/              |          |
|    ep_len_mean        | 777      |
|    ep_rew_mean        | 84.3     |
| time/                 |          |
|    fps                | 1188     |
|    iterations         | 46400    |
|    time_elapsed       | 624      |
|    total_timesteps    | 742400   |
| train/                |          |
|    entropy_loss       | -0.966   |
|    explained_variance | 0.972    |
|    learning_rate      | 6.66e-05 |
|    n_updates          | 46399    |
|    policy_loss        | -0.897   |
|    value_loss         | 0.995    |
------------------------------------
------------------------------------
| rollout/              |          |
|    ep_len_mean        | 785      |
|    ep_rew_mean        | 85.1     |
| time/                 |          |
|    fps                | 1188     |
|    iterations         | 46500    |
|    time_elapsed       | 626      |
|    total_timesteps    | 744000   |
| train/                |          |
|    entropy_loss       | -1.01    |
|    explained_variance | 0.994    |
|    learning_rate      | 6.65e-05 |
|    n_updates          | 46499    |
|    policy_loss        | 0.0353   |
|    value_loss         | 0.215    |
------------------------------------
------------------------------------
| rollout/              |          |
|    ep_len_mean        | 785      |
|    ep_rew_mean        | 85.4     |
| time/                 |          |
|    fps                | 1188     |
|    iterations         | 46600    |
|    time_elapsed       | 627      |
|    total_timesteps    | 745600   |
| train/                |          |
|    entropy_loss       | -1.11    |
|    explained_variance | 0.0159   |
|    learning_rate      | 6.64e-05 |
|    n_updates          | 46599    |
|    policy_loss        | 0.237    |
|    value_loss         | 0.141    |
------------------------------------
------------------------------------
| rollout/              |          |
|    ep_len_mean        | 785      |
|    ep_rew_mean        | 85.6     |
| time/                 |          |
|    fps                | 1188     |
|    iterations         | 46700    |
|    time_elapsed       | 628      |
|    total_timesteps    | 747200   |
| train/                |          |
|    entropy_loss       | -0.859   |
|    explained_variance | 0.833    |
|    learning_rate      | 6.64e-05 |
|    n_updates          | 46699    |
|    policy_loss        | -0.295   |
|    value_loss         | 0.716    |
------------------------------------
------------------------------------
| rollout/              |          |
|    ep_len_mean        | 781      |
|    ep_rew_mean        | 83       |
| time/                 |          |
|    fps                | 1188     |
|    iterations         | 46800    |
|    time_elapsed       | 630      |
|    total_timesteps    | 748800   |
| train/                |          |
|    entropy_loss       | -0.828   |
|    explained_variance | 0.861    |
|    learning_rate      | 6.63e-05 |
|    n_updates          | 46799    |
|    policy_loss        | -0.58    |
|    value_loss         | 0.965    |
------------------------------------
Eval num_timesteps=750000, episode_reward=29.39 +/- 91.70
Episode length: 982.80 +/- 34.40
------------------------------------
| eval/                 |          |
|    mean_ep_length     | 983      |
|    mean_reward        | 29.4     |
| time/                 |          |
|    total_timesteps    | 750000   |
| train/                |          |
|    entropy_loss       | -0.832   |
|    explained_variance | 0.2      |
|    learning_rate      | 6.63e-05 |
|    n_updates          | 46874    |
|    policy_loss        | -0.975   |
|    value_loss         | 8        |
------------------------------------
------------------------------------
| rollout/              |          |
|    ep_len_mean        | 776      |
|    ep_rew_mean        | 80.6     |
| time/                 |          |
|    fps                | 1184     |
|    iterations         | 46900    |
|    time_elapsed       | 633      |
|    total_timesteps    | 750400   |
| train/                |          |
|    entropy_loss       | -0.829   |
|    explained_variance | 0.74     |
|    learning_rate      | 6.62e-05 |
|    n_updates          | 46899    |
|    policy_loss        | -3.59    |
|    value_loss         | 14.2     |
------------------------------------
------------------------------------
| rollout/              |          |
|    ep_len_mean        | 776      |
|    ep_rew_mean        | 79.9     |
| time/                 |          |
|    fps                | 1185     |
|    iterations         | 47000    |
|    time_elapsed       | 634      |
|    total_timesteps    | 752000   |
| train/                |          |
|    entropy_loss       | -1.07    |
|    explained_variance | -0.0623  |
|    learning_rate      | 6.62e-05 |
|    n_updates          | 46999    |
|    policy_loss        | -0.183   |
|    value_loss         | 0.127    |
------------------------------------
------------------------------------
| rollout/              |          |
|    ep_len_mean        | 776      |
|    ep_rew_mean        | 79.8     |
| time/                 |          |
|    fps                | 1185     |
|    iterations         | 47100    |
|    time_elapsed       | 635      |
|    total_timesteps    | 753600   |
| train/                |          |
|    entropy_loss       | -1.13    |
|    explained_variance | -0.0357  |
|    learning_rate      | 6.61e-05 |
|    n_updates          | 47099    |
|    policy_loss        | -0.158   |
|    value_loss         | 0.0847   |
------------------------------------
------------------------------------
| rollout/              |          |
|    ep_len_mean        | 774      |
|    ep_rew_mean        | 78.5     |
| time/                 |          |
|    fps                | 1185     |
|    iterations         | 47200    |
|    time_elapsed       | 637      |
|    total_timesteps    | 755200   |
| train/                |          |
|    entropy_loss       | -0.904   |
|    explained_variance | -0.0145  |
|    learning_rate      | 6.6e-05  |
|    n_updates          | 47199    |
|    policy_loss        | 0.00348  |
|    value_loss         | 0.679    |
------------------------------------
------------------------------------
| rollout/              |          |
|    ep_len_mean        | 774      |
|    ep_rew_mean        | 77.1     |
| time/                 |          |
|    fps                | 1185     |
|    iterations         | 47300    |
|    time_elapsed       | 638      |
|    total_timesteps    | 756800   |
| train/                |          |
|    entropy_loss       | -1.09    |
|    explained_variance | -1.26    |
|    learning_rate      | 6.59e-05 |
|    n_updates          | 47299    |
|    policy_loss        | -1.27    |
|    value_loss         | 4.44     |
------------------------------------
------------------------------------
| rollout/              |          |
|    ep_len_mean        | 782      |
|    ep_rew_mean        | 78.8     |
| time/                 |          |
|    fps                | 1185     |
|    iterations         | 47400    |
|    time_elapsed       | 639      |
|    total_timesteps    | 758400   |
| train/                |          |
|    entropy_loss       | -1.09    |
|    explained_variance | 0.0364   |
|    learning_rate      | 6.59e-05 |
|    n_updates          | 47399    |
|    policy_loss        | 0.388    |
|    value_loss         | 0.3      |
------------------------------------
------------------------------------
| rollout/              |          |
|    ep_len_mean        | 786      |
|    ep_rew_mean        | 80.5     |
| time/                 |          |
|    fps                | 1185     |
|    iterations         | 47500    |
|    time_elapsed       | 640      |
|    total_timesteps    | 760000   |
| train/                |          |
|    entropy_loss       | -1.12    |
|    explained_variance | -0.0554  |
|    learning_rate      | 6.58e-05 |
|    n_updates          | 47499    |
|    policy_loss        | -0.254   |
|    value_loss         | 0.214    |
------------------------------------
------------------------------------
| rollout/              |          |
|    ep_len_mean        | 794      |
|    ep_rew_mean        | 81.4     |
| time/                 |          |
|    fps                | 1185     |
|    iterations         | 47600    |
|    time_elapsed       | 642      |
|    total_timesteps    | 761600   |
| train/                |          |
|    entropy_loss       | -1.34    |
|    explained_variance | 0.981    |
|    learning_rate      | 6.57e-05 |
|    n_updates          | 47599    |
|    policy_loss        | -2.75    |
|    value_loss         | 5.02     |
------------------------------------
------------------------------------
| rollout/              |          |
|    ep_len_mean        | 790      |
|    ep_rew_mean        | 78.2     |
| time/                 |          |
|    fps                | 1186     |
|    iterations         | 47700    |
|    time_elapsed       | 643      |
|    total_timesteps    | 763200   |
| train/                |          |
|    entropy_loss       | -0.925   |
|    explained_variance | 0.926    |
|    learning_rate      | 6.57e-05 |
|    n_updates          | 47699    |
|    policy_loss        | 0.328    |
|    value_loss         | 0.399    |
------------------------------------
------------------------------------
| rollout/              |          |
|    ep_len_mean        | 797      |
|    ep_rew_mean        | 78.7     |
| time/                 |          |
|    fps                | 1186     |
|    iterations         | 47800    |
|    time_elapsed       | 644      |
|    total_timesteps    | 764800   |
| train/                |          |
|    entropy_loss       | -0.802   |
|    explained_variance | 0.11     |
|    learning_rate      | 6.56e-05 |
|    n_updates          | 47799    |
|    policy_loss        | 0.113    |
|    value_loss         | 0.457    |
------------------------------------
------------------------------------
| rollout/              |          |
|    ep_len_mean        | 790      |
|    ep_rew_mean        | 78.5     |
| time/                 |          |
|    fps                | 1186     |
|    iterations         | 47900    |
|    time_elapsed       | 646      |
|    total_timesteps    | 766400   |
| train/                |          |
|    entropy_loss       | -1.09    |
|    explained_variance | 0.706    |
|    learning_rate      | 6.55e-05 |
|    n_updates          | 47899    |
|    policy_loss        | 4.49     |
|    value_loss         | 24.6     |
------------------------------------
------------------------------------
| rollout/              |          |
|    ep_len_mean        | 798      |
|    ep_rew_mean        | 80.3     |
| time/                 |          |
|    fps                | 1186     |
|    iterations         | 48000    |
|    time_elapsed       | 647      |
|    total_timesteps    | 768000   |
| train/                |          |
|    entropy_loss       | -1.08    |
|    explained_variance | -0.275   |
|    learning_rate      | 6.54e-05 |
|    n_updates          | 47999    |
|    policy_loss        | 2.53     |
|    value_loss         | 8.41     |
------------------------------------
------------------------------------
| rollout/              |          |
|    ep_len_mean        | 806      |
|    ep_rew_mean        | 81.7     |
| time/                 |          |
|    fps                | 1186     |
|    iterations         | 48100    |
|    time_elapsed       | 648      |
|    total_timesteps    | 769600   |
| train/                |          |
|    entropy_loss       | -1.06    |
|    explained_variance | -0.0116  |
|    learning_rate      | 6.54e-05 |
|    n_updates          | 48099    |
|    policy_loss        | -0.0219  |
|    value_loss         | 0.0629   |
------------------------------------
------------------------------------
| rollout/              |          |
|    ep_len_mean        | 813      |
|    ep_rew_mean        | 82.9     |
| time/                 |          |
|    fps                | 1186     |
|    iterations         | 48200    |
|    time_elapsed       | 649      |
|    total_timesteps    | 771200   |
| train/                |          |
|    entropy_loss       | -1.07    |
|    explained_variance | -0.0554  |
|    learning_rate      | 6.53e-05 |
|    n_updates          | 48199    |
|    policy_loss        | -0.477   |
|    value_loss         | 0.665    |
------------------------------------
------------------------------------
| rollout/              |          |
|    ep_len_mean        | 813      |
|    ep_rew_mean        | 82.6     |
| time/                 |          |
|    fps                | 1186     |
|    iterations         | 48300    |
|    time_elapsed       | 651      |
|    total_timesteps    | 772800   |
| train/                |          |
|    entropy_loss       | -1.04    |
|    explained_variance | 0.77     |
|    learning_rate      | 6.52e-05 |
|    n_updates          | 48299    |
|    policy_loss        | 0.353    |
|    value_loss         | 5.86     |
------------------------------------
------------------------------------
| rollout/              |          |
|    ep_len_mean        | 821      |
|    ep_rew_mean        | 84.1     |
| time/                 |          |
|    fps                | 1187     |
|    iterations         | 48400    |
|    time_elapsed       | 652      |
|    total_timesteps    | 774400   |
| train/                |          |
|    entropy_loss       | -1.07    |
|    explained_variance | -0.00581 |
|    learning_rate      | 6.52e-05 |
|    n_updates          | 48399    |
|    policy_loss        | 0.0468   |
|    value_loss         | 0.0495   |
------------------------------------
------------------------------------
| rollout/              |          |
|    ep_len_mean        | 829      |
|    ep_rew_mean        | 85.5     |
| time/                 |          |
|    fps                | 1187     |
|    iterations         | 48500    |
|    time_elapsed       | 653      |
|    total_timesteps    | 776000   |
| train/                |          |
|    entropy_loss       | -1.12    |
|    explained_variance | 0.952    |
|    learning_rate      | 6.51e-05 |
|    n_updates          | 48499    |
|    policy_loss        | 0.281    |
|    value_loss         | 0.404    |
------------------------------------
------------------------------------
| rollout/              |          |
|    ep_len_mean        | 833      |
|    ep_rew_mean        | 84.7     |
| time/                 |          |
|    fps                | 1187     |
|    iterations         | 48600    |
|    time_elapsed       | 654      |
|    total_timesteps    | 777600   |
| train/                |          |
|    entropy_loss       | -1.08    |
|    explained_variance | -0.00807 |
|    learning_rate      | 6.5e-05  |
|    n_updates          | 48599    |
|    policy_loss        | 0.0963   |
|    value_loss         | 0.138    |
------------------------------------
------------------------------------
| rollout/              |          |
|    ep_len_mean        | 841      |
|    ep_rew_mean        | 86.6     |
| time/                 |          |
|    fps                | 1187     |
|    iterations         | 48700    |
|    time_elapsed       | 656      |
|    total_timesteps    | 779200   |
| train/                |          |
|    entropy_loss       | -1.06    |
|    explained_variance | -0.00838 |
|    learning_rate      | 6.49e-05 |
|    n_updates          | 48699    |
|    policy_loss        | -0.158   |
|    value_loss         | 0.278    |
------------------------------------
------------------------------------
| rollout/              |          |
|    ep_len_mean        | 849      |
|    ep_rew_mean        | 87.9     |
| time/                 |          |
|    fps                | 1187     |
|    iterations         | 48800    |
|    time_elapsed       | 657      |
|    total_timesteps    | 780800   |
| train/                |          |
|    entropy_loss       | -0.858   |
|    explained_variance | 0.825    |
|    learning_rate      | 6.49e-05 |
|    n_updates          | 48799    |
|    policy_loss        | -0.643   |
|    value_loss         | 2.04     |
------------------------------------
-------------------------------------
| rollout/              |           |
|    ep_len_mean        | 849       |
|    ep_rew_mean        | 87.7      |
| time/                 |           |
|    fps                | 1187      |
|    iterations         | 48900     |
|    time_elapsed       | 658       |
|    total_timesteps    | 782400    |
| train/                |           |
|    entropy_loss       | -1.07     |
|    explained_variance | -0.000128 |
|    learning_rate      | 6.48e-05  |
|    n_updates          | 48899     |
|    policy_loss        | 0.0312    |
|    value_loss         | 0.0821    |
-------------------------------------
------------------------------------
| rollout/              |          |
|    ep_len_mean        | 857      |
|    ep_rew_mean        | 89.2     |
| time/                 |          |
|    fps                | 1187     |
|    iterations         | 49000    |
|    time_elapsed       | 659      |
|    total_timesteps    | 784000   |
| train/                |          |
|    entropy_loss       | -1.06    |
|    explained_variance | 0.861    |
|    learning_rate      | 6.47e-05 |
|    n_updates          | 48999    |
|    policy_loss        | -3.04    |
|    value_loss         | 10.4     |
------------------------------------
------------------------------------
| rollout/              |          |
|    ep_len_mean        | 864      |
|    ep_rew_mean        | 90.3     |
| time/                 |          |
|    fps                | 1188     |
|    iterations         | 49100    |
|    time_elapsed       | 661      |
|    total_timesteps    | 785600   |
| train/                |          |
|    entropy_loss       | -1.02    |
|    explained_variance | -0.0146  |
|    learning_rate      | 6.46e-05 |
|    n_updates          | 49099    |
|    policy_loss        | 0.0971   |
|    value_loss         | 0.0543   |
------------------------------------
------------------------------------
| rollout/              |          |
|    ep_len_mean        | 880      |
|    ep_rew_mean        | 90.5     |
| time/                 |          |
|    fps                | 1188     |
|    iterations         | 49200    |
|    time_elapsed       | 662      |
|    total_timesteps    | 787200   |
| train/                |          |
|    entropy_loss       | -0.655   |
|    explained_variance | 0.968    |
|    learning_rate      | 6.46e-05 |
|    n_updates          | 49199    |
|    policy_loss        | 0.611    |
|    value_loss         | 2.97     |
------------------------------------
------------------------------------
| rollout/              |          |
|    ep_len_mean        | 887      |
|    ep_rew_mean        | 92       |
| time/                 |          |
|    fps                | 1188     |
|    iterations         | 49300    |
|    time_elapsed       | 663      |
|    total_timesteps    | 788800   |
| train/                |          |
|    entropy_loss       | -1.1     |
|    explained_variance | 0.866    |
|    learning_rate      | 6.45e-05 |
|    n_updates          | 49299    |
|    policy_loss        | 0.852    |
|    value_loss         | 2.41     |
------------------------------------
------------------------------------
| rollout/              |          |
|    ep_len_mean        | 887      |
|    ep_rew_mean        | 91.7     |
| time/                 |          |
|    fps                | 1188     |
|    iterations         | 49400    |
|    time_elapsed       | 665      |
|    total_timesteps    | 790400   |
| train/                |          |
|    entropy_loss       | -1.07    |
|    explained_variance | 0.945    |
|    learning_rate      | 6.44e-05 |
|    n_updates          | 49399    |
|    policy_loss        | 0.153    |
|    value_loss         | 0.6      |
------------------------------------
------------------------------------
| rollout/              |          |
|    ep_len_mean        | 895      |
|    ep_rew_mean        | 93.2     |
| time/                 |          |
|    fps                | 1188     |
|    iterations         | 49500    |
|    time_elapsed       | 666      |
|    total_timesteps    | 792000   |
| train/                |          |
|    entropy_loss       | -1.03    |
|    explained_variance | 0.849    |
|    learning_rate      | 6.44e-05 |
|    n_updates          | 49499    |
|    policy_loss        | 4.52     |
|    value_loss         | 44.5     |
------------------------------------
------------------------------------
| rollout/              |          |
|    ep_len_mean        | 901      |
|    ep_rew_mean        | 94.7     |
| time/                 |          |
|    fps                | 1188     |
|    iterations         | 49600    |
|    time_elapsed       | 667      |
|    total_timesteps    | 793600   |
| train/                |          |
|    entropy_loss       | -1.06    |
|    explained_variance | 0.754    |
|    learning_rate      | 6.43e-05 |
|    n_updates          | 49599    |
|    policy_loss        | 0.193    |
|    value_loss         | 3.63     |
------------------------------------
------------------------------------
| rollout/              |          |
|    ep_len_mean        | 893      |
|    ep_rew_mean        | 92.1     |
| time/                 |          |
|    fps                | 1188     |
|    iterations         | 49700    |
|    time_elapsed       | 668      |
|    total_timesteps    | 795200   |
| train/                |          |
|    entropy_loss       | -1.16    |
|    explained_variance | -2.58    |
|    learning_rate      | 6.42e-05 |
|    n_updates          | 49699    |
|    policy_loss        | -0.35    |
|    value_loss         | 6.23     |
------------------------------------
------------------------------------
| rollout/              |          |
|    ep_len_mean        | 886      |
|    ep_rew_mean        | 89.4     |
| time/                 |          |
|    fps                | 1189     |
|    iterations         | 49800    |
|    time_elapsed       | 670      |
|    total_timesteps    | 796800   |
| train/                |          |
|    entropy_loss       | -1.25    |
|    explained_variance | 0.884    |
|    learning_rate      | 6.41e-05 |
|    n_updates          | 49799    |
|    policy_loss        | -1.86    |
|    value_loss         | 3.05     |
------------------------------------
------------------------------------
| rollout/              |          |
|    ep_len_mean        | 883      |
|    ep_rew_mean        | 84.5     |
| time/                 |          |
|    fps                | 1189     |
|    iterations         | 49900    |
|    time_elapsed       | 671      |
|    total_timesteps    | 798400   |
| train/                |          |
|    entropy_loss       | -0.729   |
|    explained_variance | 0.622    |
|    learning_rate      | 6.41e-05 |
|    n_updates          | 49899    |
|    policy_loss        | 3.29     |
|    value_loss         | 36.3     |
------------------------------------
Eval num_timesteps=800000, episode_reward=-31.52 +/- 87.89
Episode length: 866.40 +/- 76.74
------------------------------------
| eval/                 |          |
|    mean_ep_length     | 866      |
|    mean_reward        | -31.5    |
| time/                 |          |
|    total_timesteps    | 800000   |
| train/                |          |
|    entropy_loss       | -0.983   |
|    explained_variance | 0.0075   |
|    learning_rate      | 6.4e-05  |
|    n_updates          | 49999    |
|    policy_loss        | -0.114   |
|    value_loss         | 0.0467   |
------------------------------------
---------------------------------
| rollout/           |          |
|    ep_len_mean     | 883      |
|    ep_rew_mean     | 83.9     |
| time/              |          |
|    fps             | 1186     |
|    iterations      | 50000    |
|    time_elapsed    | 674      |
|    total_timesteps | 800000   |
---------------------------------
------------------------------------
| rollout/              |          |
|    ep_len_mean        | 890      |
|    ep_rew_mean        | 83.9     |
| time/                 |          |
|    fps                | 1186     |
|    iterations         | 50100    |
|    time_elapsed       | 675      |
|    total_timesteps    | 801600   |
| train/                |          |
|    entropy_loss       | -1.24    |
|    explained_variance | 0.72     |
|    learning_rate      | 6.39e-05 |
|    n_updates          | 50099    |
|    policy_loss        | -0.201   |
|    value_loss         | 1.37     |
------------------------------------
------------------------------------
| rollout/              |          |
|    ep_len_mean        | 884      |
|    ep_rew_mean        | 81.2     |
| time/                 |          |
|    fps                | 1186     |
|    iterations         | 50200    |
|    time_elapsed       | 676      |
|    total_timesteps    | 803200   |
| train/                |          |
|    entropy_loss       | -1.08    |
|    explained_variance | 0.0392   |
|    learning_rate      | 6.39e-05 |
|    n_updates          | 50199    |
|    policy_loss        | 0.0955   |
|    value_loss         | 0.062    |
------------------------------------
------------------------------------
| rollout/              |          |
|    ep_len_mean        | 891      |
|    ep_rew_mean        | 81.1     |
| time/                 |          |
|    fps                | 1186     |
|    iterations         | 50300    |
|    time_elapsed       | 678      |
|    total_timesteps    | 804800   |
| train/                |          |
|    entropy_loss       | -1.03    |
|    explained_variance | 0.0957   |
|    learning_rate      | 6.38e-05 |
|    n_updates          | 50299    |
|    policy_loss        | -2.34    |
|    value_loss         | 10.7     |
------------------------------------
------------------------------------
| rollout/              |          |
|    ep_len_mean        | 899      |
|    ep_rew_mean        | 81       |
| time/                 |          |
|    fps                | 1186     |
|    iterations         | 50400    |
|    time_elapsed       | 679      |
|    total_timesteps    | 806400   |
| train/                |          |
|    entropy_loss       | -1.11    |
|    explained_variance | 0.049    |
|    learning_rate      | 6.37e-05 |
|    n_updates          | 50399    |
|    policy_loss        | 0.0178   |
|    value_loss         | 0.0693   |
------------------------------------
------------------------------------
| rollout/              |          |
|    ep_len_mean        | 899      |
|    ep_rew_mean        | 79.5     |
| time/                 |          |
|    fps                | 1186     |
|    iterations         | 50500    |
|    time_elapsed       | 680      |
|    total_timesteps    | 808000   |
| train/                |          |
|    entropy_loss       | -1.05    |
|    explained_variance | 0.581    |
|    learning_rate      | 6.36e-05 |
|    n_updates          | 50499    |
|    policy_loss        | -2.52    |
|    value_loss         | 9.91     |
------------------------------------
------------------------------------
| rollout/              |          |
|    ep_len_mean        | 899      |
|    ep_rew_mean        | 79.1     |
| time/                 |          |
|    fps                | 1187     |
|    iterations         | 50600    |
|    time_elapsed       | 682      |
|    total_timesteps    | 809600   |
| train/                |          |
|    entropy_loss       | -1.1     |
|    explained_variance | -0.0446  |
|    learning_rate      | 6.36e-05 |
|    n_updates          | 50599    |
|    policy_loss        | -0.63    |
|    value_loss         | 0.402    |
------------------------------------
------------------------------------
| rollout/              |          |
|    ep_len_mean        | 899      |
|    ep_rew_mean        | 78.7     |
| time/                 |          |
|    fps                | 1187     |
|    iterations         | 50700    |
|    time_elapsed       | 683      |
|    total_timesteps    | 811200   |
| train/                |          |
|    entropy_loss       | -1.09    |
|    explained_variance | -0.225   |
|    learning_rate      | 6.35e-05 |
|    n_updates          | 50699    |
|    policy_loss        | -0.0491  |
|    value_loss         | 0.128    |
------------------------------------
------------------------------------
| rollout/              |          |
|    ep_len_mean        | 898      |
|    ep_rew_mean        | 78.2     |
| time/                 |          |
|    fps                | 1187     |
|    iterations         | 50800    |
|    time_elapsed       | 684      |
|    total_timesteps    | 812800   |
| train/                |          |
|    entropy_loss       | -0.905   |
|    explained_variance | 0.104    |
|    learning_rate      | 6.34e-05 |
|    n_updates          | 50799    |
|    policy_loss        | -0.0213  |
|    value_loss         | 0.0036   |
------------------------------------
------------------------------------
| rollout/              |          |
|    ep_len_mean        | 898      |
|    ep_rew_mean        | 76.2     |
| time/                 |          |
|    fps                | 1187     |
|    iterations         | 50900    |
|    time_elapsed       | 685      |
|    total_timesteps    | 814400   |
| train/                |          |
|    entropy_loss       | -1.12    |
|    explained_variance | 0.848    |
|    learning_rate      | 6.34e-05 |
|    n_updates          | 50899    |
|    policy_loss        | 0.0889   |
|    value_loss         | 2.26     |
------------------------------------
------------------------------------
| rollout/              |          |
|    ep_len_mean        | 898      |
|    ep_rew_mean        | 76.1     |
| time/                 |          |
|    fps                | 1187     |
|    iterations         | 51000    |
|    time_elapsed       | 687      |
|    total_timesteps    | 816000   |
| train/                |          |
|    entropy_loss       | -1.07    |
|    explained_variance | 0.0026   |
|    learning_rate      | 6.33e-05 |
|    n_updates          | 50999    |
|    policy_loss        | 0.0673   |
|    value_loss         | 0.025    |
------------------------------------
------------------------------------
| rollout/              |          |
|    ep_len_mean        | 872      |
|    ep_rew_mean        | 71.1     |
| time/                 |          |
|    fps                | 1187     |
|    iterations         | 51100    |
|    time_elapsed       | 688      |
|    total_timesteps    | 817600   |
| train/                |          |
|    entropy_loss       | -1.07    |
|    explained_variance | 0.159    |
|    learning_rate      | 6.32e-05 |
|    n_updates          | 51099    |
|    policy_loss        | 0.394    |
|    value_loss         | 3.75     |
------------------------------------
------------------------------------
| rollout/              |          |
|    ep_len_mean        | 864      |
|    ep_rew_mean        | 68.3     |
| time/                 |          |
|    fps                | 1187     |
|    iterations         | 51200    |
|    time_elapsed       | 689      |
|    total_timesteps    | 819200   |
| train/                |          |
|    entropy_loss       | -1.1     |
|    explained_variance | 0.92     |
|    learning_rate      | 6.31e-05 |
|    n_updates          | 51199    |
|    policy_loss        | 1.07     |
|    value_loss         | 1.7      |
------------------------------------
------------------------------------
| rollout/              |          |
|    ep_len_mean        | 853      |
|    ep_rew_mean        | 66.5     |
| time/                 |          |
|    fps                | 1188     |
|    iterations         | 51300    |
|    time_elapsed       | 690      |
|    total_timesteps    | 820800   |
| train/                |          |
|    entropy_loss       | -0.895   |
|    explained_variance | 0.801    |
|    learning_rate      | 6.31e-05 |
|    n_updates          | 51299    |
|    policy_loss        | -1.55    |
|    value_loss         | 19.5     |
------------------------------------
------------------------------------
| rollout/              |          |
|    ep_len_mean        | 853      |
|    ep_rew_mean        | 65.9     |
| time/                 |          |
|    fps                | 1188     |
|    iterations         | 51400    |
|    time_elapsed       | 692      |
|    total_timesteps    | 822400   |
| train/                |          |
|    entropy_loss       | -1.13    |
|    explained_variance | 0.93     |
|    learning_rate      | 6.3e-05  |
|    n_updates          | 51399    |
|    policy_loss        | 0.218    |
|    value_loss         | 2.9      |
------------------------------------
------------------------------------
| rollout/              |          |
|    ep_len_mean        | 853      |
|    ep_rew_mean        | 66       |
| time/                 |          |
|    fps                | 1188     |
|    iterations         | 51500    |
|    time_elapsed       | 693      |
|    total_timesteps    | 824000   |
| train/                |          |
|    entropy_loss       | -0.777   |
|    explained_variance | 0.619    |
|    learning_rate      | 6.29e-05 |
|    n_updates          | 51499    |
|    policy_loss        | -0.141   |
|    value_loss         | 0.639    |
------------------------------------
------------------------------------
| rollout/              |          |
|    ep_len_mean        | 845      |
|    ep_rew_mean        | 62.4     |
| time/                 |          |
|    fps                | 1188     |
|    iterations         | 51600    |
|    time_elapsed       | 694      |
|    total_timesteps    | 825600   |
| train/                |          |
|    entropy_loss       | -0.679   |
|    explained_variance | 0.952    |
|    learning_rate      | 6.28e-05 |
|    n_updates          | 51599    |
|    policy_loss        | -0.559   |
|    value_loss         | 1.09     |
------------------------------------
------------------------------------
| rollout/              |          |
|    ep_len_mean        | 830      |
|    ep_rew_mean        | 61.7     |
| time/                 |          |
|    fps                | 1188     |
|    iterations         | 51700    |
|    time_elapsed       | 695      |
|    total_timesteps    | 827200   |
| train/                |          |
|    entropy_loss       | -1.15    |
|    explained_variance | 0.282    |
|    learning_rate      | 6.28e-05 |
|    n_updates          | 51699    |
|    policy_loss        | 2.36     |
|    value_loss         | 8.34     |
------------------------------------
------------------------------------
| rollout/              |          |
|    ep_len_mean        | 822      |
|    ep_rew_mean        | 59.1     |
| time/                 |          |
|    fps                | 1188     |
|    iterations         | 51800    |
|    time_elapsed       | 697      |
|    total_timesteps    | 828800   |
| train/                |          |
|    entropy_loss       | -0.629   |
|    explained_variance | 0.83     |
|    learning_rate      | 6.27e-05 |
|    n_updates          | 51799    |
|    policy_loss        | -0.162   |
|    value_loss         | 4.39     |
------------------------------------
------------------------------------
| rollout/              |          |
|    ep_len_mean        | 822      |
|    ep_rew_mean        | 59.1     |
| time/                 |          |
|    fps                | 1188     |
|    iterations         | 51900    |
|    time_elapsed       | 698      |
|    total_timesteps    | 830400   |
| train/                |          |
|    entropy_loss       | -0.86    |
|    explained_variance | -1.96    |
|    learning_rate      | 6.26e-05 |
|    n_updates          | 51899    |
|    policy_loss        | 1.98     |
|    value_loss         | 40.2     |
------------------------------------
------------------------------------
| rollout/              |          |
|    ep_len_mean        | 817      |
|    ep_rew_mean        | 60.4     |
| time/                 |          |
|    fps                | 1188     |
|    iterations         | 52000    |
|    time_elapsed       | 699      |
|    total_timesteps    | 832000   |
| train/                |          |
|    entropy_loss       | -1.01    |
|    explained_variance | 0.406    |
|    learning_rate      | 6.26e-05 |
|    n_updates          | 51999    |
|    policy_loss        | 4.95     |
|    value_loss         | 64.9     |
------------------------------------
------------------------------------
| rollout/              |          |
|    ep_len_mean        | 810      |
|    ep_rew_mean        | 59.4     |
| time/                 |          |
|    fps                | 1189     |
|    iterations         | 52100    |
|    time_elapsed       | 701      |
|    total_timesteps    | 833600   |
| train/                |          |
|    entropy_loss       | -1.09    |
|    explained_variance | 0.0594   |
|    learning_rate      | 6.25e-05 |
|    n_updates          | 52099    |
|    policy_loss        | -2.91    |
|    value_loss         | 4.77     |
------------------------------------
------------------------------------
| rollout/              |          |
|    ep_len_mean        | 806      |
|    ep_rew_mean        | 57.3     |
| time/                 |          |
|    fps                | 1189     |
|    iterations         | 52200    |
|    time_elapsed       | 702      |
|    total_timesteps    | 835200   |
| train/                |          |
|    entropy_loss       | -1.08    |
|    explained_variance | 0.00639  |
|    learning_rate      | 6.24e-05 |
|    n_updates          | 52199    |
|    policy_loss        | 0.18     |
|    value_loss         | 0.178    |
------------------------------------
------------------------------------
| rollout/              |          |
|    ep_len_mean        | 812      |
|    ep_rew_mean        | 59.1     |
| time/                 |          |
|    fps                | 1189     |
|    iterations         | 52300    |
|    time_elapsed       | 703      |
|    total_timesteps    | 836800   |
| train/                |          |
|    entropy_loss       | -1.02    |
|    explained_variance | -0.112   |
|    learning_rate      | 6.23e-05 |
|    n_updates          | 52299    |
|    policy_loss        | 4.73     |
|    value_loss         | 22.4     |
------------------------------------
------------------------------------
| rollout/              |          |
|    ep_len_mean        | 804      |
|    ep_rew_mean        | 58.8     |
| time/                 |          |
|    fps                | 1189     |
|    iterations         | 52400    |
|    time_elapsed       | 704      |
|    total_timesteps    | 838400   |
| train/                |          |
|    entropy_loss       | -1.13    |
|    explained_variance | -0.00531 |
|    learning_rate      | 6.23e-05 |
|    n_updates          | 52399    |
|    policy_loss        | 0.0638   |
|    value_loss         | 0.102    |
------------------------------------
------------------------------------
| rollout/              |          |
|    ep_len_mean        | 800      |
|    ep_rew_mean        | 57.3     |
| time/                 |          |
|    fps                | 1189     |
|    iterations         | 52500    |
|    time_elapsed       | 706      |
|    total_timesteps    | 840000   |
| train/                |          |
|    entropy_loss       | -1.07    |
|    explained_variance | 0.138    |
|    learning_rate      | 6.22e-05 |
|    n_updates          | 52499    |
|    policy_loss        | -1.25    |
|    value_loss         | 2.49     |
------------------------------------
------------------------------------
| rollout/              |          |
|    ep_len_mean        | 800      |
|    ep_rew_mean        | 56.7     |
| time/                 |          |
|    fps                | 1189     |
|    iterations         | 52600    |
|    time_elapsed       | 707      |
|    total_timesteps    | 841600   |
| train/                |          |
|    entropy_loss       | -1.09    |
|    explained_variance | 0.934    |
|    learning_rate      | 6.21e-05 |
|    n_updates          | 52599    |
|    policy_loss        | 0.59     |
|    value_loss         | 5.19     |
------------------------------------
------------------------------------
| rollout/              |          |
|    ep_len_mean        | 790      |
|    ep_rew_mean        | 55.8     |
| time/                 |          |
|    fps                | 1189     |
|    iterations         | 52700    |
|    time_elapsed       | 708      |
|    total_timesteps    | 843200   |
| train/                |          |
|    entropy_loss       | -1.01    |
|    explained_variance | 0.764    |
|    learning_rate      | 6.21e-05 |
|    n_updates          | 52699    |
|    policy_loss        | 1.29     |
|    value_loss         | 7.24     |
------------------------------------
------------------------------------
| rollout/              |          |
|    ep_len_mean        | 790      |
|    ep_rew_mean        | 55.6     |
| time/                 |          |
|    fps                | 1189     |
|    iterations         | 52800    |
|    time_elapsed       | 709      |
|    total_timesteps    | 844800   |
| train/                |          |
|    entropy_loss       | -1.12    |
|    explained_variance | -0.249   |
|    learning_rate      | 6.2e-05  |
|    n_updates          | 52799    |
|    policy_loss        | -1.83    |
|    value_loss         | 2.13     |
------------------------------------
------------------------------------
| rollout/              |          |
|    ep_len_mean        | 773      |
|    ep_rew_mean        | 50.7     |
| time/                 |          |
|    fps                | 1190     |
|    iterations         | 52900    |
|    time_elapsed       | 711      |
|    total_timesteps    | 846400   |
| train/                |          |
|    entropy_loss       | -0.49    |
|    explained_variance | 0.0143   |
|    learning_rate      | 6.19e-05 |
|    n_updates          | 52899    |
|    policy_loss        | -0.0594  |
|    value_loss         | 0.0378   |
------------------------------------
------------------------------------
| rollout/              |          |
|    ep_len_mean        | 773      |
|    ep_rew_mean        | 49.2     |
| time/                 |          |
|    fps                | 1190     |
|    iterations         | 53000    |
|    time_elapsed       | 712      |
|    total_timesteps    | 848000   |
| train/                |          |
|    entropy_loss       | -0.396   |
|    explained_variance | -1.62    |
|    learning_rate      | 6.18e-05 |
|    n_updates          | 52999    |
|    policy_loss        | -4.34    |
|    value_loss         | 56.7     |
------------------------------------
------------------------------------
| rollout/              |          |
|    ep_len_mean        | 766      |
|    ep_rew_mean        | 48.4     |
| time/                 |          |
|    fps                | 1190     |
|    iterations         | 53100    |
|    time_elapsed       | 713      |
|    total_timesteps    | 849600   |
| train/                |          |
|    entropy_loss       | -1.03    |
|    explained_variance | 0.025    |
|    learning_rate      | 6.18e-05 |
|    n_updates          | 53099    |
|    policy_loss        | -0.371   |
|    value_loss         | 0.224    |
------------------------------------
Eval num_timesteps=850000, episode_reward=0.05 +/- 106.03
Episode length: 477.80 +/- 58.04
------------------------------------
| eval/                 |          |
|    mean_ep_length     | 478      |
|    mean_reward        | 0.0493   |
| time/                 |          |
|    total_timesteps    | 850000   |
| train/                |          |
|    entropy_loss       | -1.01    |
|    explained_variance | -0.0343  |
|    learning_rate      | 6.18e-05 |
|    n_updates          | 53124    |
|    policy_loss        | 0.108    |
|    value_loss         | 0.137    |
------------------------------------
------------------------------------
| rollout/              |          |
|    ep_len_mean        | 753      |
|    ep_rew_mean        | 46.4     |
| time/                 |          |
|    fps                | 1188     |
|    iterations         | 53200    |
|    time_elapsed       | 716      |
|    total_timesteps    | 851200   |
| train/                |          |
|    entropy_loss       | -1.06    |
|    explained_variance | 0.772    |
|    learning_rate      | 6.17e-05 |
|    n_updates          | 53199    |
|    policy_loss        | -1.23    |
|    value_loss         | 2.52     |
------------------------------------
------------------------------------
| rollout/              |          |
|    ep_len_mean        | 753      |
|    ep_rew_mean        | 47       |
| time/                 |          |
|    fps                | 1188     |
|    iterations         | 53300    |
|    time_elapsed       | 717      |
|    total_timesteps    | 852800   |
| train/                |          |
|    entropy_loss       | -1.06    |
|    explained_variance | -0.0179  |
|    learning_rate      | 6.16e-05 |
|    n_updates          | 53299    |
|    policy_loss        | -0.0257  |
|    value_loss         | 0.0183   |
------------------------------------
------------------------------------
| rollout/              |          |
|    ep_len_mean        | 746      |
|    ep_rew_mean        | 45.3     |
| time/                 |          |
|    fps                | 1189     |
|    iterations         | 53400    |
|    time_elapsed       | 718      |
|    total_timesteps    | 854400   |
| train/                |          |
|    entropy_loss       | -1.07    |
|    explained_variance | -0.429   |
|    learning_rate      | 6.16e-05 |
|    n_updates          | 53399    |
|    policy_loss        | -1.85    |
|    value_loss         | 6.48     |
------------------------------------
------------------------------------
| rollout/              |          |
|    ep_len_mean        | 746      |
|    ep_rew_mean        | 44.5     |
| time/                 |          |
|    fps                | 1189     |
|    iterations         | 53500    |
|    time_elapsed       | 719      |
|    total_timesteps    | 856000   |
| train/                |          |
|    entropy_loss       | -0.893   |
|    explained_variance | 0.97     |
|    learning_rate      | 6.15e-05 |
|    n_updates          | 53499    |
|    policy_loss        | -2.08    |
|    value_loss         | 3.99     |
------------------------------------
------------------------------------
| rollout/              |          |
|    ep_len_mean        | 746      |
|    ep_rew_mean        | 43.9     |
| time/                 |          |
|    fps                | 1189     |
|    iterations         | 53600    |
|    time_elapsed       | 721      |
|    total_timesteps    | 857600   |
| train/                |          |
|    entropy_loss       | -0.888   |
|    explained_variance | -0.416   |
|    learning_rate      | 6.14e-05 |
|    n_updates          | 53599    |
|    policy_loss        | 1.28     |
|    value_loss         | 5.34     |
------------------------------------
------------------------------------
| rollout/              |          |
|    ep_len_mean        | 746      |
|    ep_rew_mean        | 43.5     |
| time/                 |          |
|    fps                | 1189     |
|    iterations         | 53700    |
|    time_elapsed       | 722      |
|    total_timesteps    | 859200   |
| train/                |          |
|    entropy_loss       | -1.01    |
|    explained_variance | -0.0169  |
|    learning_rate      | 6.13e-05 |
|    n_updates          | 53699    |
|    policy_loss        | -0.434   |
|    value_loss         | 0.201    |
------------------------------------
------------------------------------
| rollout/              |          |
|    ep_len_mean        | 746      |
|    ep_rew_mean        | 44.2     |
| time/                 |          |
|    fps                | 1189     |
|    iterations         | 53800    |
|    time_elapsed       | 723      |
|    total_timesteps    | 860800   |
| train/                |          |
|    entropy_loss       | -1.1     |
|    explained_variance | 0.00565  |
|    learning_rate      | 6.13e-05 |
|    n_updates          | 53799    |
|    policy_loss        | 0.182    |
|    value_loss         | 0.104    |
------------------------------------
------------------------------------
| rollout/              |          |
|    ep_len_mean        | 746      |
|    ep_rew_mean        | 45.1     |
| time/                 |          |
|    fps                | 1189     |
|    iterations         | 53900    |
|    time_elapsed       | 724      |
|    total_timesteps    | 862400   |
| train/                |          |
|    entropy_loss       | -0.984   |
|    explained_variance | 0.46     |
|    learning_rate      | 6.12e-05 |
|    n_updates          | 53899    |
|    policy_loss        | 0.276    |
|    value_loss         | 1.99     |
------------------------------------
------------------------------------
| rollout/              |          |
|    ep_len_mean        | 746      |
|    ep_rew_mean        | 45.2     |
| time/                 |          |
|    fps                | 1189     |
|    iterations         | 54000    |
|    time_elapsed       | 726      |
|    total_timesteps    | 864000   |
| train/                |          |
|    entropy_loss       | -1.05    |
|    explained_variance | 0.0632   |
|    learning_rate      | 6.11e-05 |
|    n_updates          | 53999    |
|    policy_loss        | 0.125    |
|    value_loss         | 0.253    |
------------------------------------
------------------------------------
| rollout/              |          |
|    ep_len_mean        | 746      |
|    ep_rew_mean        | 44       |
| time/                 |          |
|    fps                | 1189     |
|    iterations         | 54100    |
|    time_elapsed       | 727      |
|    total_timesteps    | 865600   |
| train/                |          |
|    entropy_loss       | -1.12    |
|    explained_variance | 0.0486   |
|    learning_rate      | 6.1e-05  |
|    n_updates          | 54099    |
|    policy_loss        | -4.1     |
|    value_loss         | 15.2     |
------------------------------------
------------------------------------
| rollout/              |          |
|    ep_len_mean        | 746      |
|    ep_rew_mean        | 44       |
| time/                 |          |
|    fps                | 1189     |
|    iterations         | 54200    |
|    time_elapsed       | 728      |
|    total_timesteps    | 867200   |
| train/                |          |
|    entropy_loss       | -0.841   |
|    explained_variance | 0.952    |
|    learning_rate      | 6.1e-05  |
|    n_updates          | 54199    |
|    policy_loss        | -1.59    |
|    value_loss         | 2.43     |
------------------------------------
------------------------------------
| rollout/              |          |
|    ep_len_mean        | 746      |
|    ep_rew_mean        | 44.8     |
| time/                 |          |
|    fps                | 1190     |
|    iterations         | 54300    |
|    time_elapsed       | 730      |
|    total_timesteps    | 868800   |
| train/                |          |
|    entropy_loss       | -1.07    |
|    explained_variance | 0.00482  |
|    learning_rate      | 6.09e-05 |
|    n_updates          | 54299    |
|    policy_loss        | 0.0652   |
|    value_loss         | 0.174    |
------------------------------------
------------------------------------
| rollout/              |          |
|    ep_len_mean        | 749      |
|    ep_rew_mean        | 45.2     |
| time/                 |          |
|    fps                | 1190     |
|    iterations         | 54400    |
|    time_elapsed       | 731      |
|    total_timesteps    | 870400   |
| train/                |          |
|    entropy_loss       | -0.986   |
|    explained_variance | 0.636    |
|    learning_rate      | 6.08e-05 |
|    n_updates          | 54399    |
|    policy_loss        | -1.38    |
|    value_loss         | 3.5      |
------------------------------------
------------------------------------
| rollout/              |          |
|    ep_len_mean        | 750      |
|    ep_rew_mean        | 46.3     |
| time/                 |          |
|    fps                | 1190     |
|    iterations         | 54500    |
|    time_elapsed       | 732      |
|    total_timesteps    | 872000   |
| train/                |          |
|    entropy_loss       | -0.914   |
|    explained_variance | 0.0368   |
|    learning_rate      | 6.08e-05 |
|    n_updates          | 54499    |
|    policy_loss        | -0.0351  |
|    value_loss         | 0.0148   |
------------------------------------
------------------------------------
| rollout/              |          |
|    ep_len_mean        | 756      |
|    ep_rew_mean        | 48.5     |
| time/                 |          |
|    fps                | 1190     |
|    iterations         | 54600    |
|    time_elapsed       | 733      |
|    total_timesteps    | 873600   |
| train/                |          |
|    entropy_loss       | -0.667   |
|    explained_variance | -0.227   |
|    learning_rate      | 6.07e-05 |
|    n_updates          | 54599    |
|    policy_loss        | 3.32     |
|    value_loss         | 91.4     |
------------------------------------
------------------------------------
| rollout/              |          |
|    ep_len_mean        | 761      |
|    ep_rew_mean        | 50.3     |
| time/                 |          |
|    fps                | 1190     |
|    iterations         | 54700    |
|    time_elapsed       | 735      |
|    total_timesteps    | 875200   |
| train/                |          |
|    entropy_loss       | -1.07    |
|    explained_variance | -0.0393  |
|    learning_rate      | 6.06e-05 |
|    n_updates          | 54699    |
|    policy_loss        | 0.0188   |
|    value_loss         | 0.0332   |
------------------------------------
------------------------------------
| rollout/              |          |
|    ep_len_mean        | 761      |
|    ep_rew_mean        | 50.3     |
| time/                 |          |
|    fps                | 1190     |
|    iterations         | 54800    |
|    time_elapsed       | 736      |
|    total_timesteps    | 876800   |
| train/                |          |
|    entropy_loss       | -1.2     |
|    explained_variance | 0.64     |
|    learning_rate      | 6.05e-05 |
|    n_updates          | 54799    |
|    policy_loss        | -1.9     |
|    value_loss         | 5.2      |
------------------------------------
------------------------------------
| rollout/              |          |
|    ep_len_mean        | 767      |
|    ep_rew_mean        | 53       |
| time/                 |          |
|    fps                | 1190     |
|    iterations         | 54900    |
|    time_elapsed       | 738      |
|    total_timesteps    | 878400   |
| train/                |          |
|    entropy_loss       | -1.18    |
|    explained_variance | 0.967    |
|    learning_rate      | 6.05e-05 |
|    n_updates          | 54899    |
|    policy_loss        | -1.64    |
|    value_loss         | 3.65     |
------------------------------------
------------------------------------
| rollout/              |          |
|    ep_len_mean        | 767      |
|    ep_rew_mean        | 51.8     |
| time/                 |          |
|    fps                | 1189     |
|    iterations         | 55000    |
|    time_elapsed       | 739      |
|    total_timesteps    | 880000   |
| train/                |          |
|    entropy_loss       | -0.985   |
|    explained_variance | -0.217   |
|    learning_rate      | 6.04e-05 |
|    n_updates          | 54999    |
|    policy_loss        | -0.707   |
|    value_loss         | 9.13     |
------------------------------------
------------------------------------
| rollout/              |          |
|    ep_len_mean        | 753      |
|    ep_rew_mean        | 49.2     |
| time/                 |          |
|    fps                | 1189     |
|    iterations         | 55100    |
|    time_elapsed       | 740      |
|    total_timesteps    | 881600   |
| train/                |          |
|    entropy_loss       | -1.18    |
|    explained_variance | 0.817    |
|    learning_rate      | 6.03e-05 |
|    n_updates          | 55099    |
|    policy_loss        | -0.189   |
|    value_loss         | 3.23     |
------------------------------------
------------------------------------
| rollout/              |          |
|    ep_len_mean        | 753      |
|    ep_rew_mean        | 50.4     |
| time/                 |          |
|    fps                | 1189     |
|    iterations         | 55200    |
|    time_elapsed       | 742      |
|    total_timesteps    | 883200   |
| train/                |          |
|    entropy_loss       | -0.617   |
|    explained_variance | 0.408    |
|    learning_rate      | 6.03e-05 |
|    n_updates          | 55199    |
|    policy_loss        | 6.18     |
|    value_loss         | 33.7     |
------------------------------------
------------------------------------
| rollout/              |          |
|    ep_len_mean        | 753      |
|    ep_rew_mean        | 50.9     |
| time/                 |          |
|    fps                | 1189     |
|    iterations         | 55300    |
|    time_elapsed       | 743      |
|    total_timesteps    | 884800   |
| train/                |          |
|    entropy_loss       | -0.605   |
|    explained_variance | 0.122    |
|    learning_rate      | 6.02e-05 |
|    n_updates          | 55299    |
|    policy_loss        | -0.145   |
|    value_loss         | 0.0886   |
------------------------------------
------------------------------------
| rollout/              |          |
|    ep_len_mean        | 753      |
|    ep_rew_mean        | 49.8     |
| time/                 |          |
|    fps                | 1189     |
|    iterations         | 55400    |
|    time_elapsed       | 745      |
|    total_timesteps    | 886400   |
| train/                |          |
|    entropy_loss       | -0.954   |
|    explained_variance | 0.347    |
|    learning_rate      | 6.01e-05 |
|    n_updates          | 55399    |
|    policy_loss        | -3.04    |
|    value_loss         | 17       |
------------------------------------
------------------------------------
| rollout/              |          |
|    ep_len_mean        | 753      |
|    ep_rew_mean        | 48.8     |
| time/                 |          |
|    fps                | 1189     |
|    iterations         | 55500    |
|    time_elapsed       | 746      |
|    total_timesteps    | 888000   |
| train/                |          |
|    entropy_loss       | -1.07    |
|    explained_variance | 0.892    |
|    learning_rate      | 6e-05    |
|    n_updates          | 55499    |
|    policy_loss        | -0.902   |
|    value_loss         | 1.93     |
------------------------------------
------------------------------------
| rollout/              |          |
|    ep_len_mean        | 760      |
|    ep_rew_mean        | 51.2     |
| time/                 |          |
|    fps                | 1189     |
|    iterations         | 55600    |
|    time_elapsed       | 747      |
|    total_timesteps    | 889600   |
| train/                |          |
|    entropy_loss       | -0.75    |
|    explained_variance | -0.00621 |
|    learning_rate      | 6e-05    |
|    n_updates          | 55599    |
|    policy_loss        | -0.0682  |
|    value_loss         | 0.0123   |
------------------------------------
------------------------------------
| rollout/              |          |
|    ep_len_mean        | 760      |
|    ep_rew_mean        | 50.6     |
| time/                 |          |
|    fps                | 1189     |
|    iterations         | 55700    |
|    time_elapsed       | 748      |
|    total_timesteps    | 891200   |
| train/                |          |
|    entropy_loss       | -1.13    |
|    explained_variance | 0.41     |
|    learning_rate      | 5.99e-05 |
|    n_updates          | 55699    |
|    policy_loss        | -0.0201  |
|    value_loss         | 2.63     |
------------------------------------
------------------------------------
| rollout/              |          |
|    ep_len_mean        | 761      |
|    ep_rew_mean        | 47.2     |
| time/                 |          |
|    fps                | 1190     |
|    iterations         | 55800    |
|    time_elapsed       | 750      |
|    total_timesteps    | 892800   |
| train/                |          |
|    entropy_loss       | -0.88    |
|    explained_variance | 0.892    |
|    learning_rate      | 5.98e-05 |
|    n_updates          | 55799    |
|    policy_loss        | -0.909   |
|    value_loss         | 0.856    |
------------------------------------
------------------------------------
| rollout/              |          |
|    ep_len_mean        | 769      |
|    ep_rew_mean        | 49.1     |
| time/                 |          |
|    fps                | 1190     |
|    iterations         | 55900    |
|    time_elapsed       | 751      |
|    total_timesteps    | 894400   |
| train/                |          |
|    entropy_loss       | -1.12    |
|    explained_variance | 0.00264  |
|    learning_rate      | 5.98e-05 |
|    n_updates          | 55899    |
|    policy_loss        | 5.08     |
|    value_loss         | 33.5     |
------------------------------------
------------------------------------
| rollout/              |          |
|    ep_len_mean        | 777      |
|    ep_rew_mean        | 50       |
| time/                 |          |
|    fps                | 1190     |
|    iterations         | 56000    |
|    time_elapsed       | 752      |
|    total_timesteps    | 896000   |
| train/                |          |
|    entropy_loss       | -1.11    |
|    explained_variance | -0.0868  |
|    learning_rate      | 5.97e-05 |
|    n_updates          | 55999    |
|    policy_loss        | -4.52    |
|    value_loss         | 12       |
------------------------------------
------------------------------------
| rollout/              |          |
|    ep_len_mean        | 780      |
|    ep_rew_mean        | 50       |
| time/                 |          |
|    fps                | 1190     |
|    iterations         | 56100    |
|    time_elapsed       | 753      |
|    total_timesteps    | 897600   |
| train/                |          |
|    entropy_loss       | -1.14    |
|    explained_variance | -2.12    |
|    learning_rate      | 5.96e-05 |
|    n_updates          | 56099    |
|    policy_loss        | -1.33    |
|    value_loss         | 11.3     |
------------------------------------
------------------------------------
| rollout/              |          |
|    ep_len_mean        | 791      |
|    ep_rew_mean        | 50.6     |
| time/                 |          |
|    fps                | 1190     |
|    iterations         | 56200    |
|    time_elapsed       | 755      |
|    total_timesteps    | 899200   |
| train/                |          |
|    entropy_loss       | -0.949   |
|    explained_variance | 0.783    |
|    learning_rate      | 5.95e-05 |
|    n_updates          | 56199    |
|    policy_loss        | 1.04     |
|    value_loss         | 4.04     |
------------------------------------
Eval num_timesteps=900000, episode_reward=-111.04 +/- 52.09
Episode length: 785.20 +/- 190.05
------------------------------------
| eval/                 |          |
|    mean_ep_length     | 785      |
|    mean_reward        | -111     |
| time/                 |          |
|    total_timesteps    | 900000   |
| train/                |          |
|    entropy_loss       | -1.24    |
|    explained_variance | 0.761    |
|    learning_rate      | 5.95e-05 |
|    n_updates          | 56249    |
|    policy_loss        | 2.62     |
|    value_loss         | 8.75     |
------------------------------------
------------------------------------
| rollout/              |          |
|    ep_len_mean        | 787      |
|    ep_rew_mean        | 49.3     |
| time/                 |          |
|    fps                | 1188     |
|    iterations         | 56300    |
|    time_elapsed       | 758      |
|    total_timesteps    | 900800   |
| train/                |          |
|    entropy_loss       | -0.913   |
|    explained_variance | -0.254   |
|    learning_rate      | 5.95e-05 |
|    n_updates          | 56299    |
|    policy_loss        | 6.53     |
|    value_loss         | 43.8     |
------------------------------------
------------------------------------
| rollout/              |          |
|    ep_len_mean        | 782      |
|    ep_rew_mean        | 47.6     |
| time/                 |          |
|    fps                | 1188     |
|    iterations         | 56400    |
|    time_elapsed       | 759      |
|    total_timesteps    | 902400   |
| train/                |          |
|    entropy_loss       | -0.927   |
|    explained_variance | 0.749    |
|    learning_rate      | 5.94e-05 |
|    n_updates          | 56399    |
|    policy_loss        | 2.45     |
|    value_loss         | 10.8     |
------------------------------------
------------------------------------
| rollout/              |          |
|    ep_len_mean        | 792      |
|    ep_rew_mean        | 49.6     |
| time/                 |          |
|    fps                | 1188     |
|    iterations         | 56500    |
|    time_elapsed       | 760      |
|    total_timesteps    | 904000   |
| train/                |          |
|    entropy_loss       | -0.736   |
|    explained_variance | 0.264    |
|    learning_rate      | 5.93e-05 |
|    n_updates          | 56499    |
|    policy_loss        | -1.3     |
|    value_loss         | 2.36     |
------------------------------------
------------------------------------
| rollout/              |          |
|    ep_len_mean        | 792      |
|    ep_rew_mean        | 50       |
| time/                 |          |
|    fps                | 1188     |
|    iterations         | 56600    |
|    time_elapsed       | 761      |
|    total_timesteps    | 905600   |
| train/                |          |
|    entropy_loss       | -0.882   |
|    explained_variance | 0.252    |
|    learning_rate      | 5.92e-05 |
|    n_updates          | 56599    |
|    policy_loss        | -8.16    |
|    value_loss         | 53.5     |
------------------------------------
------------------------------------
| rollout/              |          |
|    ep_len_mean        | 791      |
|    ep_rew_mean        | 47.4     |
| time/                 |          |
|    fps                | 1188     |
|    iterations         | 56700    |
|    time_elapsed       | 763      |
|    total_timesteps    | 907200   |
| train/                |          |
|    entropy_loss       | -0.262   |
|    explained_variance | 0.162    |
|    learning_rate      | 5.92e-05 |
|    n_updates          | 56699    |
|    policy_loss        | -0.546   |
|    value_loss         | 4.26e+03 |
------------------------------------
------------------------------------
| rollout/              |          |
|    ep_len_mean        | 790      |
|    ep_rew_mean        | 45.2     |
| time/                 |          |
|    fps                | 1188     |
|    iterations         | 56800    |
|    time_elapsed       | 764      |
|    total_timesteps    | 908800   |
| train/                |          |
|    entropy_loss       | -1.22    |
|    explained_variance | 0.711    |
|    learning_rate      | 5.91e-05 |
|    n_updates          | 56799    |
|    policy_loss        | -1.14    |
|    value_loss         | 3.16     |
------------------------------------
------------------------------------
| rollout/              |          |
|    ep_len_mean        | 798      |
|    ep_rew_mean        | 44.6     |
| time/                 |          |
|    fps                | 1189     |
|    iterations         | 56900    |
|    time_elapsed       | 765      |
|    total_timesteps    | 910400   |
| train/                |          |
|    entropy_loss       | -0.696   |
|    explained_variance | 0.667    |
|    learning_rate      | 5.9e-05  |
|    n_updates          | 56899    |
|    policy_loss        | -2.9     |
|    value_loss         | 8.52     |
------------------------------------
------------------------------------
| rollout/              |          |
|    ep_len_mean        | 798      |
|    ep_rew_mean        | 44.1     |
| time/                 |          |
|    fps                | 1189     |
|    iterations         | 57000    |
|    time_elapsed       | 766      |
|    total_timesteps    | 912000   |
| train/                |          |
|    entropy_loss       | -1.15    |
|    explained_variance | 0.252    |
|    learning_rate      | 5.9e-05  |
|    n_updates          | 56999    |
|    policy_loss        | -2.43    |
|    value_loss         | 10.7     |
------------------------------------
------------------------------------
| rollout/              |          |
|    ep_len_mean        | 808      |
|    ep_rew_mean        | 44.4     |
| time/                 |          |
|    fps                | 1189     |
|    iterations         | 57100    |
|    time_elapsed       | 768      |
|    total_timesteps    | 913600   |
| train/                |          |
|    entropy_loss       | -1.13    |
|    explained_variance | -0.00547 |
|    learning_rate      | 5.89e-05 |
|    n_updates          | 57099    |
|    policy_loss        | -1.54    |
|    value_loss         | 1.76     |
------------------------------------
------------------------------------
| rollout/              |          |
|    ep_len_mean        | 803      |
|    ep_rew_mean        | 42.5     |
| time/                 |          |
|    fps                | 1189     |
|    iterations         | 57200    |
|    time_elapsed       | 769      |
|    total_timesteps    | 915200   |
| train/                |          |
|    entropy_loss       | -0.981   |
|    explained_variance | -0.0158  |
|    learning_rate      | 5.88e-05 |
|    n_updates          | 57199    |
|    policy_loss        | -0.315   |
|    value_loss         | 0.222    |
------------------------------------
------------------------------------
| rollout/              |          |
|    ep_len_mean        | 807      |
|    ep_rew_mean        | 43.5     |
| time/                 |          |
|    fps                | 1189     |
|    iterations         | 57300    |
|    time_elapsed       | 770      |
|    total_timesteps    | 916800   |
| train/                |          |
|    entropy_loss       | -0.953   |
|    explained_variance | 0.408    |
|    learning_rate      | 5.87e-05 |
|    n_updates          | 57299    |
|    policy_loss        | 0.686    |
|    value_loss         | 4.34     |
------------------------------------
------------------------------------
| rollout/              |          |
|    ep_len_mean        | 810      |
|    ep_rew_mean        | 42.9     |
| time/                 |          |
|    fps                | 1189     |
|    iterations         | 57400    |
|    time_elapsed       | 771      |
|    total_timesteps    | 918400   |
| train/                |          |
|    entropy_loss       | -0.929   |
|    explained_variance | -0.176   |
|    learning_rate      | 5.87e-05 |
|    n_updates          | 57399    |
|    policy_loss        | 1.46     |
|    value_loss         | 4.44     |
------------------------------------
------------------------------------
| rollout/              |          |
|    ep_len_mean        | 805      |
|    ep_rew_mean        | 40.7     |
| time/                 |          |
|    fps                | 1189     |
|    iterations         | 57500    |
|    time_elapsed       | 773      |
|    total_timesteps    | 920000   |
| train/                |          |
|    entropy_loss       | -1.11    |
|    explained_variance | 0.813    |
|    learning_rate      | 5.86e-05 |
|    n_updates          | 57499    |
|    policy_loss        | 0.226    |
|    value_loss         | 3.15     |
------------------------------------
------------------------------------
| rollout/              |          |
|    ep_len_mean        | 809      |
|    ep_rew_mean        | 40.2     |
| time/                 |          |
|    fps                | 1190     |
|    iterations         | 57600    |
|    time_elapsed       | 774      |
|    total_timesteps    | 921600   |
| train/                |          |
|    entropy_loss       | -1.29    |
|    explained_variance | 0.649    |
|    learning_rate      | 5.85e-05 |
|    n_updates          | 57599    |
|    policy_loss        | -4       |
|    value_loss         | 13       |
------------------------------------
------------------------------------
| rollout/              |          |
|    ep_len_mean        | 809      |
|    ep_rew_mean        | 39.9     |
| time/                 |          |
|    fps                | 1190     |
|    iterations         | 57700    |
|    time_elapsed       | 775      |
|    total_timesteps    | 923200   |
| train/                |          |
|    entropy_loss       | -0.867   |
|    explained_variance | 0.587    |
|    learning_rate      | 5.85e-05 |
|    n_updates          | 57699    |
|    policy_loss        | -0.481   |
|    value_loss         | 9.23     |
------------------------------------
------------------------------------
| rollout/              |          |
|    ep_len_mean        | 820      |
|    ep_rew_mean        | 40.3     |
| time/                 |          |
|    fps                | 1190     |
|    iterations         | 57800    |
|    time_elapsed       | 776      |
|    total_timesteps    | 924800   |
| train/                |          |
|    entropy_loss       | -0.619   |
|    explained_variance | 0.829    |
|    learning_rate      | 5.84e-05 |
|    n_updates          | 57799    |
|    policy_loss        | -0.685   |
|    value_loss         | 5.78     |
------------------------------------
------------------------------------
| rollout/              |          |
|    ep_len_mean        | 823      |
|    ep_rew_mean        | 40.3     |
| time/                 |          |
|    fps                | 1190     |
|    iterations         | 57900    |
|    time_elapsed       | 778      |
|    total_timesteps    | 926400   |
| train/                |          |
|    entropy_loss       | -0.761   |
|    explained_variance | 0.721    |
|    learning_rate      | 5.83e-05 |
|    n_updates          | 57899    |
|    policy_loss        | 3.14     |
|    value_loss         | 21       |
------------------------------------
------------------------------------
| rollout/              |          |
|    ep_len_mean        | 823      |
|    ep_rew_mean        | 40.1     |
| time/                 |          |
|    fps                | 1190     |
|    iterations         | 58000    |
|    time_elapsed       | 779      |
|    total_timesteps    | 928000   |
| train/                |          |
|    entropy_loss       | -1.13    |
|    explained_variance | 0.0193   |
|    learning_rate      | 5.82e-05 |
|    n_updates          | 57999    |
|    policy_loss        | 0.171    |
|    value_loss         | 0.0596   |
------------------------------------
------------------------------------
| rollout/              |          |
|    ep_len_mean        | 838      |
|    ep_rew_mean        | 43.2     |
| time/                 |          |
|    fps                | 1190     |
|    iterations         | 58100    |
|    time_elapsed       | 780      |
|    total_timesteps    | 929600   |
| train/                |          |
|    entropy_loss       | -1.09    |
|    explained_variance | 0.659    |
|    learning_rate      | 5.82e-05 |
|    n_updates          | 58099    |
|    policy_loss        | -2.38    |
|    value_loss         | 9.33     |
------------------------------------
------------------------------------
| rollout/              |          |
|    ep_len_mean        | 846      |
|    ep_rew_mean        | 44.1     |
| time/                 |          |
|    fps                | 1190     |
|    iterations         | 58200    |
|    time_elapsed       | 781      |
|    total_timesteps    | 931200   |
| train/                |          |
|    entropy_loss       | -1.12    |
|    explained_variance | -0.00847 |
|    learning_rate      | 5.81e-05 |
|    n_updates          | 58199    |
|    policy_loss        | -1.11    |
|    value_loss         | 0.931    |
------------------------------------
------------------------------------
| rollout/              |          |
|    ep_len_mean        | 853      |
|    ep_rew_mean        | 45.6     |
| time/                 |          |
|    fps                | 1190     |
|    iterations         | 58300    |
|    time_elapsed       | 783      |
|    total_timesteps    | 932800   |
| train/                |          |
|    entropy_loss       | -0.9     |
|    explained_variance | 0.943    |
|    learning_rate      | 5.8e-05  |
|    n_updates          | 58299    |
|    policy_loss        | 2.98     |
|    value_loss         | 16.1     |
------------------------------------
------------------------------------
| rollout/              |          |
|    ep_len_mean        | 860      |
|    ep_rew_mean        | 46.8     |
| time/                 |          |
|    fps                | 1191     |
|    iterations         | 58400    |
|    time_elapsed       | 784      |
|    total_timesteps    | 934400   |
| train/                |          |
|    entropy_loss       | -1.04    |
|    explained_variance | 0.86     |
|    learning_rate      | 5.8e-05  |
|    n_updates          | 58399    |
|    policy_loss        | -1.35    |
|    value_loss         | 3.23     |
------------------------------------
------------------------------------
| rollout/              |          |
|    ep_len_mean        | 855      |
|    ep_rew_mean        | 44.3     |
| time/                 |          |
|    fps                | 1191     |
|    iterations         | 58500    |
|    time_elapsed       | 785      |
|    total_timesteps    | 936000   |
| train/                |          |
|    entropy_loss       | -0.798   |
|    explained_variance | 0.91     |
|    learning_rate      | 5.79e-05 |
|    n_updates          | 58499    |
|    policy_loss        | 0.0419   |
|    value_loss         | 0.754    |
------------------------------------
------------------------------------
| rollout/              |          |
|    ep_len_mean        | 862      |
|    ep_rew_mean        | 45.9     |
| time/                 |          |
|    fps                | 1191     |
|    iterations         | 58600    |
|    time_elapsed       | 786      |
|    total_timesteps    | 937600   |
| train/                |          |
|    entropy_loss       | -1.11    |
|    explained_variance | 0.00156  |
|    learning_rate      | 5.78e-05 |
|    n_updates          | 58599    |
|    policy_loss        | -0.201   |
|    value_loss         | 0.203    |
------------------------------------
------------------------------------
| rollout/              |          |
|    ep_len_mean        | 868      |
|    ep_rew_mean        | 44.6     |
| time/                 |          |
|    fps                | 1191     |
|    iterations         | 58700    |
|    time_elapsed       | 788      |
|    total_timesteps    | 939200   |
| train/                |          |
|    entropy_loss       | -1.17    |
|    explained_variance | 0.672    |
|    learning_rate      | 5.77e-05 |
|    n_updates          | 58699    |
|    policy_loss        | -1.38    |
|    value_loss         | 2.69     |
------------------------------------
------------------------------------
| rollout/              |          |
|    ep_len_mean        | 868      |
|    ep_rew_mean        | 43.7     |
| time/                 |          |
|    fps                | 1191     |
|    iterations         | 58800    |
|    time_elapsed       | 789      |
|    total_timesteps    | 940800   |
| train/                |          |
|    entropy_loss       | -0.665   |
|    explained_variance | 0.106    |
|    learning_rate      | 5.77e-05 |
|    n_updates          | 58799    |
|    policy_loss        | 2.59     |
|    value_loss         | 30.5     |
------------------------------------
------------------------------------
| rollout/              |          |
|    ep_len_mean        | 875      |
|    ep_rew_mean        | 44.8     |
| time/                 |          |
|    fps                | 1191     |
|    iterations         | 58900    |
|    time_elapsed       | 790      |
|    total_timesteps    | 942400   |
| train/                |          |
|    entropy_loss       | -0.809   |
|    explained_variance | 0.0713   |
|    learning_rate      | 5.76e-05 |
|    n_updates          | 58899    |
|    policy_loss        | -0.00285 |
|    value_loss         | 0.025    |
------------------------------------
------------------------------------
| rollout/              |          |
|    ep_len_mean        | 875      |
|    ep_rew_mean        | 45.2     |
| time/                 |          |
|    fps                | 1191     |
|    iterations         | 59000    |
|    time_elapsed       | 792      |
|    total_timesteps    | 944000   |
| train/                |          |
|    entropy_loss       | -1.12    |
|    explained_variance | 0.825    |
|    learning_rate      | 5.75e-05 |
|    n_updates          | 58999    |
|    policy_loss        | 1.74     |
|    value_loss         | 4.8      |
------------------------------------
------------------------------------
| rollout/              |          |
|    ep_len_mean        | 875      |
|    ep_rew_mean        | 45.3     |
| time/                 |          |
|    fps                | 1192     |
|    iterations         | 59100    |
|    time_elapsed       | 793      |
|    total_timesteps    | 945600   |
| train/                |          |
|    entropy_loss       | -1.01    |
|    explained_variance | 0.872    |
|    learning_rate      | 5.74e-05 |
|    n_updates          | 59099    |
|    policy_loss        | -0.427   |
|    value_loss         | 4.72     |
------------------------------------
------------------------------------
| rollout/              |          |
|    ep_len_mean        | 875      |
|    ep_rew_mean        | 45       |
| time/                 |          |
|    fps                | 1192     |
|    iterations         | 59200    |
|    time_elapsed       | 794      |
|    total_timesteps    | 947200   |
| train/                |          |
|    entropy_loss       | -1.18    |
|    explained_variance | 0.872    |
|    learning_rate      | 5.74e-05 |
|    n_updates          | 59199    |
|    policy_loss        | -0.427   |
|    value_loss         | 0.53     |
------------------------------------
------------------------------------
| rollout/              |          |
|    ep_len_mean        | 875      |
|    ep_rew_mean        | 44.5     |
| time/                 |          |
|    fps                | 1191     |
|    iterations         | 59300    |
|    time_elapsed       | 796      |
|    total_timesteps    | 948800   |
| train/                |          |
|    entropy_loss       | -0.873   |
|    explained_variance | 0.597    |
|    learning_rate      | 5.73e-05 |
|    n_updates          | 59299    |
|    policy_loss        | 3.75     |
|    value_loss         | 17.4     |
------------------------------------
Eval num_timesteps=950000, episode_reward=-38.35 +/- 25.60
Episode length: 1000.00 +/- 0.00
------------------------------------
| eval/                 |          |
|    mean_ep_length     | 1e+03    |
|    mean_reward        | -38.4    |
| time/                 |          |
|    total_timesteps    | 950000   |
| train/                |          |
|    entropy_loss       | -1.06    |
|    explained_variance | 0.897    |
|    learning_rate      | 5.73e-05 |
|    n_updates          | 59374    |
|    policy_loss        | 0.407    |
|    value_loss         | 0.916    |
------------------------------------
------------------------------------
| rollout/              |          |
|    ep_len_mean        | 875      |
|    ep_rew_mean        | 44.3     |
| time/                 |          |
|    fps                | 1188     |
|    iterations         | 59400    |
|    time_elapsed       | 799      |
|    total_timesteps    | 950400   |
| train/                |          |
|    entropy_loss       | -1.08    |
|    explained_variance | 0.781    |
|    learning_rate      | 5.72e-05 |
|    n_updates          | 59399    |
|    policy_loss        | -8.83    |
|    value_loss         | 38.9     |
------------------------------------
------------------------------------
| rollout/              |          |
|    ep_len_mean        | 875      |
|    ep_rew_mean        | 43.7     |
| time/                 |          |
|    fps                | 1189     |
|    iterations         | 59500    |
|    time_elapsed       | 800      |
|    total_timesteps    | 952000   |
| train/                |          |
|    entropy_loss       | -1.08    |
|    explained_variance | 0.699    |
|    learning_rate      | 5.72e-05 |
|    n_updates          | 59499    |
|    policy_loss        | -5.61    |
|    value_loss         | 23.2     |
------------------------------------
------------------------------------
| rollout/              |          |
|    ep_len_mean        | 875      |
|    ep_rew_mean        | 44.5     |
| time/                 |          |
|    fps                | 1189     |
|    iterations         | 59600    |
|    time_elapsed       | 801      |
|    total_timesteps    | 953600   |
| train/                |          |
|    entropy_loss       | -1.14    |
|    explained_variance | -0.0151  |
|    learning_rate      | 5.71e-05 |
|    n_updates          | 59599    |
|    policy_loss        | 0.16     |
|    value_loss         | 0.172    |
------------------------------------
------------------------------------
| rollout/              |          |
|    ep_len_mean        | 875      |
|    ep_rew_mean        | 44.1     |
| time/                 |          |
|    fps                | 1189     |
|    iterations         | 59700    |
|    time_elapsed       | 803      |
|    total_timesteps    | 955200   |
| train/                |          |
|    entropy_loss       | -1.23    |
|    explained_variance | 0.801    |
|    learning_rate      | 5.7e-05  |
|    n_updates          | 59699    |
|    policy_loss        | -3.16    |
|    value_loss         | 9.3      |
------------------------------------
------------------------------------
| rollout/              |          |
|    ep_len_mean        | 875      |
|    ep_rew_mean        | 43.6     |
| time/                 |          |
|    fps                | 1189     |
|    iterations         | 59800    |
|    time_elapsed       | 804      |
|    total_timesteps    | 956800   |
| train/                |          |
|    entropy_loss       | -0.967   |
|    explained_variance | 0.702    |
|    learning_rate      | 5.69e-05 |
|    n_updates          | 59799    |
|    policy_loss        | -1.33    |
|    value_loss         | 2.53     |
------------------------------------
------------------------------------
| rollout/              |          |
|    ep_len_mean        | 882      |
|    ep_rew_mean        | 43.7     |
| time/                 |          |
|    fps                | 1189     |
|    iterations         | 59900    |
|    time_elapsed       | 805      |
|    total_timesteps    | 958400   |
| train/                |          |
|    entropy_loss       | -1.01    |
|    explained_variance | 0.904    |
|    learning_rate      | 5.69e-05 |
|    n_updates          | 59899    |
|    policy_loss        | 3.16     |
|    value_loss         | 25.3     |
------------------------------------
------------------------------------
| rollout/              |          |
|    ep_len_mean        | 888      |
|    ep_rew_mean        | 44.4     |
| time/                 |          |
|    fps                | 1189     |
|    iterations         | 60000    |
|    time_elapsed       | 806      |
|    total_timesteps    | 960000   |
| train/                |          |
|    entropy_loss       | -0.986   |
|    explained_variance | 0.893    |
|    learning_rate      | 5.68e-05 |
|    n_updates          | 59999    |
|    policy_loss        | -0.643   |
|    value_loss         | 0.694    |
------------------------------------
------------------------------------
| rollout/              |          |
|    ep_len_mean        | 894      |
|    ep_rew_mean        | 46.1     |
| time/                 |          |
|    fps                | 1189     |
|    iterations         | 60100    |
|    time_elapsed       | 808      |
|    total_timesteps    | 961600   |
| train/                |          |
|    entropy_loss       | -1.11    |
|    explained_variance | 0.0159   |
|    learning_rate      | 5.67e-05 |
|    n_updates          | 60099    |
|    policy_loss        | 0.114    |
|    value_loss         | 0.0414   |
------------------------------------
------------------------------------
| rollout/              |          |
|    ep_len_mean        | 894      |
|    ep_rew_mean        | 45.6     |
| time/                 |          |
|    fps                | 1189     |
|    iterations         | 60200    |
|    time_elapsed       | 809      |
|    total_timesteps    | 963200   |
| train/                |          |
|    entropy_loss       | -1.23    |
|    explained_variance | 0.857    |
|    learning_rate      | 5.67e-05 |
|    n_updates          | 60199    |
|    policy_loss        | -1.69    |
|    value_loss         | 3.16     |
------------------------------------
------------------------------------
| rollout/              |          |
|    ep_len_mean        | 890      |
|    ep_rew_mean        | 43.5     |
| time/                 |          |
|    fps                | 1189     |
|    iterations         | 60300    |
|    time_elapsed       | 810      |
|    total_timesteps    | 964800   |
| train/                |          |
|    entropy_loss       | -0.929   |
|    explained_variance | 0.919    |
|    learning_rate      | 5.66e-05 |
|    n_updates          | 60299    |
|    policy_loss        | 0.812    |
|    value_loss         | 1.49     |
------------------------------------
------------------------------------
| rollout/              |          |
|    ep_len_mean        | 884      |
|    ep_rew_mean        | 42       |
| time/                 |          |
|    fps                | 1190     |
|    iterations         | 60400    |
|    time_elapsed       | 812      |
|    total_timesteps    | 966400   |
| train/                |          |
|    entropy_loss       | -1.16    |
|    explained_variance | 0.391    |
|    learning_rate      | 5.65e-05 |
|    n_updates          | 60399    |
|    policy_loss        | -1.74    |
|    value_loss         | 7.96     |
------------------------------------
------------------------------------
| rollout/              |          |
|    ep_len_mean        | 884      |
|    ep_rew_mean        | 40.8     |
| time/                 |          |
|    fps                | 1190     |
|    iterations         | 60500    |
|    time_elapsed       | 813      |
|    total_timesteps    | 968000   |
| train/                |          |
|    entropy_loss       | -0.64    |
|    explained_variance | 0.783    |
|    learning_rate      | 5.64e-05 |
|    n_updates          | 60499    |
|    policy_loss        | 0.646    |
|    value_loss         | 1.01     |
------------------------------------
------------------------------------
| rollout/              |          |
|    ep_len_mean        | 889      |
|    ep_rew_mean        | 43.7     |
| time/                 |          |
|    fps                | 1190     |
|    iterations         | 60600    |
|    time_elapsed       | 814      |
|    total_timesteps    | 969600   |
| train/                |          |
|    entropy_loss       | -1.15    |
|    explained_variance | 0.724    |
|    learning_rate      | 5.64e-05 |
|    n_updates          | 60599    |
|    policy_loss        | 2.73     |
|    value_loss         | 12.5     |
------------------------------------
------------------------------------
| rollout/              |          |
|    ep_len_mean        | 895      |
|    ep_rew_mean        | 43.7     |
| time/                 |          |
|    fps                | 1190     |
|    iterations         | 60700    |
|    time_elapsed       | 815      |
|    total_timesteps    | 971200   |
| train/                |          |
|    entropy_loss       | -1.08    |
|    explained_variance | 0.907    |
|    learning_rate      | 5.63e-05 |
|    n_updates          | 60699    |
|    policy_loss        | -3.21    |
|    value_loss         | 7.45     |
------------------------------------
------------------------------------
| rollout/              |          |
|    ep_len_mean        | 895      |
|    ep_rew_mean        | 43.6     |
| time/                 |          |
|    fps                | 1190     |
|    iterations         | 60800    |
|    time_elapsed       | 817      |
|    total_timesteps    | 972800   |
| train/                |          |
|    entropy_loss       | -0.873   |
|    explained_variance | 0.822    |
|    learning_rate      | 5.62e-05 |
|    n_updates          | 60799    |
|    policy_loss        | -1.2     |
|    value_loss         | 2.41     |
------------------------------------
------------------------------------
| rollout/              |          |
|    ep_len_mean        | 895      |
|    ep_rew_mean        | 43.6     |
| time/                 |          |
|    fps                | 1190     |
|    iterations         | 60900    |
|    time_elapsed       | 818      |
|    total_timesteps    | 974400   |
| train/                |          |
|    entropy_loss       | -0.843   |
|    explained_variance | 0.00863  |
|    learning_rate      | 5.62e-05 |
|    n_updates          | 60899    |
|    policy_loss        | 0.222    |
|    value_loss         | 0.707    |
------------------------------------
------------------------------------
| rollout/              |          |
|    ep_len_mean        | 895      |
|    ep_rew_mean        | 43.8     |
| time/                 |          |
|    fps                | 1190     |
|    iterations         | 61000    |
|    time_elapsed       | 819      |
|    total_timesteps    | 976000   |
| train/                |          |
|    entropy_loss       | -0.863   |
|    explained_variance | 0.847    |
|    learning_rate      | 5.61e-05 |
|    n_updates          | 60999    |
|    policy_loss        | 1.05     |
|    value_loss         | 3.19     |
------------------------------------
------------------------------------
| rollout/              |          |
|    ep_len_mean        | 891      |
|    ep_rew_mean        | 42.4     |
| time/                 |          |
|    fps                | 1190     |
|    iterations         | 61100    |
|    time_elapsed       | 821      |
|    total_timesteps    | 977600   |
| train/                |          |
|    entropy_loss       | -1       |
|    explained_variance | 0.45     |
|    learning_rate      | 5.6e-05  |
|    n_updates          | 61099    |
|    policy_loss        | -1.28    |
|    value_loss         | 7.99     |
------------------------------------
------------------------------------
| rollout/              |          |
|    ep_len_mean        | 891      |
|    ep_rew_mean        | 42.4     |
| time/                 |          |
|    fps                | 1190     |
|    iterations         | 61200    |
|    time_elapsed       | 822      |
|    total_timesteps    | 979200   |
| train/                |          |
|    entropy_loss       | -0.985   |
|    explained_variance | 0.6      |
|    learning_rate      | 5.59e-05 |
|    n_updates          | 61199    |
|    policy_loss        | -0.527   |
|    value_loss         | 2.1      |
------------------------------------
------------------------------------
| rollout/              |          |
|    ep_len_mean        | 891      |
|    ep_rew_mean        | 42.8     |
| time/                 |          |
|    fps                | 1190     |
|    iterations         | 61300    |
|    time_elapsed       | 823      |
|    total_timesteps    | 980800   |
| train/                |          |
|    entropy_loss       | -1.2     |
|    explained_variance | 0.817    |
|    learning_rate      | 5.59e-05 |
|    n_updates          | 61299    |
|    policy_loss        | 0.299    |
|    value_loss         | 1.44     |
------------------------------------
------------------------------------
| rollout/              |          |
|    ep_len_mean        | 896      |
|    ep_rew_mean        | 44.7     |
| time/                 |          |
|    fps                | 1190     |
|    iterations         | 61400    |
|    time_elapsed       | 825      |
|    total_timesteps    | 982400   |
| train/                |          |
|    entropy_loss       | -1.04    |
|    explained_variance | 0.868    |
|    learning_rate      | 5.58e-05 |
|    n_updates          | 61399    |
|    policy_loss        | 1        |
|    value_loss         | 2.7      |
------------------------------------
------------------------------------
| rollout/              |          |
|    ep_len_mean        | 896      |
|    ep_rew_mean        | 43.3     |
| time/                 |          |
|    fps                | 1190     |
|    iterations         | 61500    |
|    time_elapsed       | 826      |
|    total_timesteps    | 984000   |
| train/                |          |
|    entropy_loss       | -1.08    |
|    explained_variance | 0.754    |
|    learning_rate      | 5.57e-05 |
|    n_updates          | 61499    |
|    policy_loss        | 0.483    |
|    value_loss         | 20       |
------------------------------------
------------------------------------
| rollout/              |          |
|    ep_len_mean        | 896      |
|    ep_rew_mean        | 43.8     |
| time/                 |          |
|    fps                | 1190     |
|    iterations         | 61600    |
|    time_elapsed       | 828      |
|    total_timesteps    | 985600   |
| train/                |          |
|    entropy_loss       | -0.955   |
|    explained_variance | 0.943    |
|    learning_rate      | 5.56e-05 |
|    n_updates          | 61599    |
|    policy_loss        | 1.73     |
|    value_loss         | 3.17     |
------------------------------------
------------------------------------
| rollout/              |          |
|    ep_len_mean        | 901      |
|    ep_rew_mean        | 45.1     |
| time/                 |          |
|    fps                | 1190     |
|    iterations         | 61700    |
|    time_elapsed       | 829      |
|    total_timesteps    | 987200   |
| train/                |          |
|    entropy_loss       | -0.685   |
|    explained_variance | 0.927    |
|    learning_rate      | 5.56e-05 |
|    n_updates          | 61699    |
|    policy_loss        | 0.771    |
|    value_loss         | 2.11     |
------------------------------------
------------------------------------
| rollout/              |          |
|    ep_len_mean        | 903      |
|    ep_rew_mean        | 45.1     |
| time/                 |          |
|    fps                | 1190     |
|    iterations         | 61800    |
|    time_elapsed       | 830      |
|    total_timesteps    | 988800   |
| train/                |          |
|    entropy_loss       | -0.966   |
|    explained_variance | 0.861    |
|    learning_rate      | 5.55e-05 |
|    n_updates          | 61799    |
|    policy_loss        | -2.46    |
|    value_loss         | 6.23     |
------------------------------------
------------------------------------
| rollout/              |          |
|    ep_len_mean        | 904      |
|    ep_rew_mean        | 47.8     |
| time/                 |          |
|    fps                | 1189     |
|    iterations         | 61900    |
|    time_elapsed       | 832      |
|    total_timesteps    | 990400   |
| train/                |          |
|    entropy_loss       | -1.04    |
|    explained_variance | 0.917    |
|    learning_rate      | 5.54e-05 |
|    n_updates          | 61899    |
|    policy_loss        | -0.669   |
|    value_loss         | 1.03     |
------------------------------------
------------------------------------
| rollout/              |          |
|    ep_len_mean        | 901      |
|    ep_rew_mean        | 47.3     |
| time/                 |          |
|    fps                | 1189     |
|    iterations         | 62000    |
|    time_elapsed       | 834      |
|    total_timesteps    | 992000   |
| train/                |          |
|    entropy_loss       | -0.963   |
|    explained_variance | 0.895    |
|    learning_rate      | 5.54e-05 |
|    n_updates          | 61999    |
|    policy_loss        | 1.88     |
|    value_loss         | 4.54     |
------------------------------------
------------------------------------
| rollout/              |          |
|    ep_len_mean        | 906      |
|    ep_rew_mean        | 48.6     |
| time/                 |          |
|    fps                | 1188     |
|    iterations         | 62100    |
|    time_elapsed       | 835      |
|    total_timesteps    | 993600   |
| train/                |          |
|    entropy_loss       | -1.04    |
|    explained_variance | -0.0157  |
|    learning_rate      | 5.53e-05 |
|    n_updates          | 62099    |
|    policy_loss        | 0.121    |
|    value_loss         | 0.0772   |
------------------------------------
------------------------------------
| rollout/              |          |
|    ep_len_mean        | 910      |
|    ep_rew_mean        | 49.9     |
| time/                 |          |
|    fps                | 1188     |
|    iterations         | 62200    |
|    time_elapsed       | 837      |
|    total_timesteps    | 995200   |
| train/                |          |
|    entropy_loss       | -1.17    |
|    explained_variance | 0.863    |
|    learning_rate      | 5.52e-05 |
|    n_updates          | 62199    |
|    policy_loss        | -3       |
|    value_loss         | 7.68     |
------------------------------------
------------------------------------
| rollout/              |          |
|    ep_len_mean        | 914      |
|    ep_rew_mean        | 49.2     |
| time/                 |          |
|    fps                | 1188     |
|    iterations         | 62300    |
|    time_elapsed       | 838      |
|    total_timesteps    | 996800   |
| train/                |          |
|    entropy_loss       | -1.22    |
|    explained_variance | 0.55     |
|    learning_rate      | 5.51e-05 |
|    n_updates          | 62299    |
|    policy_loss        | 1.76     |
|    value_loss         | 4.89     |
------------------------------------
------------------------------------
| rollout/              |          |
|    ep_len_mean        | 914      |
|    ep_rew_mean        | 49.7     |
| time/                 |          |
|    fps                | 1188     |
|    iterations         | 62400    |
|    time_elapsed       | 840      |
|    total_timesteps    | 998400   |
| train/                |          |
|    entropy_loss       | -1.07    |
|    explained_variance | -0.0221  |
|    learning_rate      | 5.51e-05 |
|    n_updates          | 62399    |
|    policy_loss        | 0.111    |
|    value_loss         | 0.118    |
------------------------------------
Eval num_timesteps=1000000, episode_reward=-6.51 +/- 62.45
Episode length: 983.60 +/- 32.80
------------------------------------
| eval/                 |          |
|    mean_ep_length     | 984      |
|    mean_reward        | -6.51    |
| time/                 |          |
|    total_timesteps    | 1000000  |
| train/                |          |
|    entropy_loss       | -1.1     |
|    explained_variance | 0.882    |
|    learning_rate      | 5.5e-05  |
|    n_updates          | 62499    |
|    policy_loss        | 1.05     |
|    value_loss         | 1.85     |
------------------------------------
---------------------------------
| rollout/           |          |
|    ep_len_mean     | 925      |
|    ep_rew_mean     | 51.9     |
| time/              |          |
|    fps             | 1185     |
|    iterations      | 62500    |
|    time_elapsed    | 843      |
|    total_timesteps | 1000000  |
---------------------------------
------------------------------------
| rollout/              |          |
|    ep_len_mean        | 925      |
|    ep_rew_mean        | 52.3     |
| time/                 |          |
|    fps                | 1185     |
|    iterations         | 62600    |
|    time_elapsed       | 844      |
|    total_timesteps    | 1001600  |
| train/                |          |
|    entropy_loss       | -0.894   |
|    explained_variance | 0.92     |
|    learning_rate      | 5.49e-05 |
|    n_updates          | 62599    |
|    policy_loss        | -0.00511 |
|    value_loss         | 0.624    |
------------------------------------
------------------------------------
| rollout/              |          |
|    ep_len_mean        | 928      |
|    ep_rew_mean        | 54.3     |
| time/                 |          |
|    fps                | 1185     |
|    iterations         | 62700    |
|    time_elapsed       | 845      |
|    total_timesteps    | 1003200  |
| train/                |          |
|    entropy_loss       | -0.768   |
|    explained_variance | 0.553    |
|    learning_rate      | 5.49e-05 |
|    n_updates          | 62699    |
|    policy_loss        | -11.1    |
|    value_loss         | 425      |
------------------------------------
------------------------------------
| rollout/              |          |
|    ep_len_mean        | 928      |
|    ep_rew_mean        | 54.1     |
| time/                 |          |
|    fps                | 1186     |
|    iterations         | 62800    |
|    time_elapsed       | 847      |
|    total_timesteps    | 1004800  |
| train/                |          |
|    entropy_loss       | -0.883   |
|    explained_variance | 0.96     |
|    learning_rate      | 5.48e-05 |
|    n_updates          | 62799    |
|    policy_loss        | 0.687    |
|    value_loss         | 3.09     |
------------------------------------
------------------------------------
| rollout/              |          |
|    ep_len_mean        | 930      |
|    ep_rew_mean        | 54.4     |
| time/                 |          |
|    fps                | 1186     |
|    iterations         | 62900    |
|    time_elapsed       | 848      |
|    total_timesteps    | 1006400  |
| train/                |          |
|    entropy_loss       | -1.09    |
|    explained_variance | 0.777    |
|    learning_rate      | 5.47e-05 |
|    n_updates          | 62899    |
|    policy_loss        | 0.297    |
|    value_loss         | 1.86     |
------------------------------------
------------------------------------
| rollout/              |          |
|    ep_len_mean        | 935      |
|    ep_rew_mean        | 55.7     |
| time/                 |          |
|    fps                | 1186     |
|    iterations         | 63000    |
|    time_elapsed       | 849      |
|    total_timesteps    | 1008000  |
| train/                |          |
|    entropy_loss       | -1.07    |
|    explained_variance | 0.512    |
|    learning_rate      | 5.46e-05 |
|    n_updates          | 62999    |
|    policy_loss        | 0.643    |
|    value_loss         | 3.33     |
------------------------------------
------------------------------------
| rollout/              |          |
|    ep_len_mean        | 931      |
|    ep_rew_mean        | 53.7     |
| time/                 |          |
|    fps                | 1186     |
|    iterations         | 63100    |
|    time_elapsed       | 850      |
|    total_timesteps    | 1009600  |
| train/                |          |
|    entropy_loss       | -1.13    |
|    explained_variance | 0.775    |
|    learning_rate      | 5.46e-05 |
|    n_updates          | 63099    |
|    policy_loss        | 2.31     |
|    value_loss         | 7.31     |
------------------------------------
------------------------------------
| rollout/              |          |
|    ep_len_mean        | 936      |
|    ep_rew_mean        | 54.9     |
| time/                 |          |
|    fps                | 1186     |
|    iterations         | 63200    |
|    time_elapsed       | 852      |
|    total_timesteps    | 1011200  |
| train/                |          |
|    entropy_loss       | -1.07    |
|    explained_variance | 0.871    |
|    learning_rate      | 5.45e-05 |
|    n_updates          | 63199    |
|    policy_loss        | 0.337    |
|    value_loss         | 1.14     |
------------------------------------
------------------------------------
| rollout/              |          |
|    ep_len_mean        | 931      |
|    ep_rew_mean        | 53.6     |
| time/                 |          |
|    fps                | 1186     |
|    iterations         | 63300    |
|    time_elapsed       | 853      |
|    total_timesteps    | 1012800  |
| train/                |          |
|    entropy_loss       | -1.04    |
|    explained_variance | 0.628    |
|    learning_rate      | 5.44e-05 |
|    n_updates          | 63299    |
|    policy_loss        | 2.19     |
|    value_loss         | 38.1     |
------------------------------------
------------------------------------
| rollout/              |          |
|    ep_len_mean        | 936      |
|    ep_rew_mean        | 53.9     |
| time/                 |          |
|    fps                | 1186     |
|    iterations         | 63400    |
|    time_elapsed       | 854      |
|    total_timesteps    | 1014400  |
| train/                |          |
|    entropy_loss       | -1.04    |
|    explained_variance | 0.699    |
|    learning_rate      | 5.44e-05 |
|    n_updates          | 63399    |
|    policy_loss        | 0.0889   |
|    value_loss         | 2.25     |
------------------------------------
------------------------------------
| rollout/              |          |
|    ep_len_mean        | 940      |
|    ep_rew_mean        | 56       |
| time/                 |          |
|    fps                | 1186     |
|    iterations         | 63500    |
|    time_elapsed       | 856      |
|    total_timesteps    | 1016000  |
| train/                |          |
|    entropy_loss       | -1.1     |
|    explained_variance | 0.752    |
|    learning_rate      | 5.43e-05 |
|    n_updates          | 63499    |
|    policy_loss        | 0.85     |
|    value_loss         | 8.01     |
------------------------------------
------------------------------------
| rollout/              |          |
|    ep_len_mean        | 940      |
|    ep_rew_mean        | 57.6     |
| time/                 |          |
|    fps                | 1187     |
|    iterations         | 63600    |
|    time_elapsed       | 857      |
|    total_timesteps    | 1017600  |
| train/                |          |
|    entropy_loss       | -0.911   |
|    explained_variance | -0.366   |
|    learning_rate      | 5.42e-05 |
|    n_updates          | 63599    |
|    policy_loss        | 2.32     |
|    value_loss         | 8.34     |
------------------------------------
------------------------------------
| rollout/              |          |
|    ep_len_mean        | 944      |
|    ep_rew_mean        | 58.7     |
| time/                 |          |
|    fps                | 1187     |
|    iterations         | 63700    |
|    time_elapsed       | 858      |
|    total_timesteps    | 1019200  |
| train/                |          |
|    entropy_loss       | -1.07    |
|    explained_variance | 0.836    |
|    learning_rate      | 5.41e-05 |
|    n_updates          | 63699    |
|    policy_loss        | -0.848   |
|    value_loss         | 1.13     |
------------------------------------
------------------------------------
| rollout/              |          |
|    ep_len_mean        | 941      |
|    ep_rew_mean        | 56.5     |
| time/                 |          |
|    fps                | 1187     |
|    iterations         | 63800    |
|    time_elapsed       | 859      |
|    total_timesteps    | 1020800  |
| train/                |          |
|    entropy_loss       | -0.979   |
|    explained_variance | 0.821    |
|    learning_rate      | 5.41e-05 |
|    n_updates          | 63799    |
|    policy_loss        | -0.268   |
|    value_loss         | 1.29     |
------------------------------------
------------------------------------
| rollout/              |          |
|    ep_len_mean        | 941      |
|    ep_rew_mean        | 56.6     |
| time/                 |          |
|    fps                | 1187     |
|    iterations         | 63900    |
|    time_elapsed       | 861      |
|    total_timesteps    | 1022400  |
| train/                |          |
|    entropy_loss       | -1.21    |
|    explained_variance | 0.895    |
|    learning_rate      | 5.4e-05  |
|    n_updates          | 63899    |
|    policy_loss        | -0.0232  |
|    value_loss         | 0.409    |
------------------------------------
------------------------------------
| rollout/              |          |
|    ep_len_mean        | 941      |
|    ep_rew_mean        | 56.2     |
| time/                 |          |
|    fps                | 1187     |
|    iterations         | 64000    |
|    time_elapsed       | 862      |
|    total_timesteps    | 1024000  |
| train/                |          |
|    entropy_loss       | -1.04    |
|    explained_variance | -0.0129  |
|    learning_rate      | 5.39e-05 |
|    n_updates          | 63999    |
|    policy_loss        | 0.0845   |
|    value_loss         | 0.322    |
------------------------------------
------------------------------------
| rollout/              |          |
|    ep_len_mean        | 941      |
|    ep_rew_mean        | 54.8     |
| time/                 |          |
|    fps                | 1187     |
|    iterations         | 64100    |
|    time_elapsed       | 863      |
|    total_timesteps    | 1025600  |
| train/                |          |
|    entropy_loss       | -1.03    |
|    explained_variance | 0.83     |
|    learning_rate      | 5.38e-05 |
|    n_updates          | 64099    |
|    policy_loss        | -2.6     |
|    value_loss         | 6.39     |
------------------------------------
------------------------------------
| rollout/              |          |
|    ep_len_mean        | 936      |
|    ep_rew_mean        | 53.2     |
| time/                 |          |
|    fps                | 1187     |
|    iterations         | 64200    |
|    time_elapsed       | 864      |
|    total_timesteps    | 1027200  |
| train/                |          |
|    entropy_loss       | -1.06    |
|    explained_variance | 0.963    |
|    learning_rate      | 5.38e-05 |
|    n_updates          | 64199    |
|    policy_loss        | -0.894   |
|    value_loss         | 0.656    |
------------------------------------
------------------------------------
| rollout/              |          |
|    ep_len_mean        | 936      |
|    ep_rew_mean        | 52.9     |
| time/                 |          |
|    fps                | 1187     |
|    iterations         | 64300    |
|    time_elapsed       | 866      |
|    total_timesteps    | 1028800  |
| train/                |          |
|    entropy_loss       | -0.896   |
|    explained_variance | -0.704   |
|    learning_rate      | 5.37e-05 |
|    n_updates          | 64299    |
|    policy_loss        | 0.321    |
|    value_loss         | 1.01     |
------------------------------------
------------------------------------
| rollout/              |          |
|    ep_len_mean        | 941      |
|    ep_rew_mean        | 53.1     |
| time/                 |          |
|    fps                | 1187     |
|    iterations         | 64400    |
|    time_elapsed       | 867      |
|    total_timesteps    | 1030400  |
| train/                |          |
|    entropy_loss       | -0.948   |
|    explained_variance | 0.945    |
|    learning_rate      | 5.36e-05 |
|    n_updates          | 64399    |
|    policy_loss        | -1.98    |
|    value_loss         | 3.5      |
------------------------------------
------------------------------------
| rollout/              |          |
|    ep_len_mean        | 941      |
|    ep_rew_mean        | 53       |
| time/                 |          |
|    fps                | 1187     |
|    iterations         | 64500    |
|    time_elapsed       | 869      |
|    total_timesteps    | 1032000  |
| train/                |          |
|    entropy_loss       | -0.836   |
|    explained_variance | 0.923    |
|    learning_rate      | 5.36e-05 |
|    n_updates          | 64499    |
|    policy_loss        | -0.541   |
|    value_loss         | 0.567    |
------------------------------------
------------------------------------
| rollout/              |          |
|    ep_len_mean        | 938      |
|    ep_rew_mean        | 51.1     |
| time/                 |          |
|    fps                | 1187     |
|    iterations         | 64600    |
|    time_elapsed       | 870      |
|    total_timesteps    | 1033600  |
| train/                |          |
|    entropy_loss       | -1.02    |
|    explained_variance | -0.116   |
|    learning_rate      | 5.35e-05 |
|    n_updates          | 64599    |
|    policy_loss        | 5.59     |
|    value_loss         | 57       |
------------------------------------
------------------------------------
| rollout/              |          |
|    ep_len_mean        | 933      |
|    ep_rew_mean        | 50       |
| time/                 |          |
|    fps                | 1187     |
|    iterations         | 64700    |
|    time_elapsed       | 872      |
|    total_timesteps    | 1035200  |
| train/                |          |
|    entropy_loss       | -0.674   |
|    explained_variance | 0.604    |
|    learning_rate      | 5.34e-05 |
|    n_updates          | 64699    |
|    policy_loss        | 2.89     |
|    value_loss         | 8.84     |
------------------------------------
------------------------------------
| rollout/              |          |
|    ep_len_mean        | 933      |
|    ep_rew_mean        | 49.9     |
| time/                 |          |
|    fps                | 1186     |
|    iterations         | 64800    |
|    time_elapsed       | 873      |
|    total_timesteps    | 1036800  |
| train/                |          |
|    entropy_loss       | -1.07    |
|    explained_variance | -0.00417 |
|    learning_rate      | 5.33e-05 |
|    n_updates          | 64799    |
|    policy_loss        | -0.0533  |
|    value_loss         | 0.0352   |
------------------------------------
------------------------------------
| rollout/              |          |
|    ep_len_mean        | 933      |
|    ep_rew_mean        | 50.2     |
| time/                 |          |
|    fps                | 1186     |
|    iterations         | 64900    |
|    time_elapsed       | 874      |
|    total_timesteps    | 1038400  |
| train/                |          |
|    entropy_loss       | -0.881   |
|    explained_variance | 0.896    |
|    learning_rate      | 5.33e-05 |
|    n_updates          | 64899    |
|    policy_loss        | 0.339    |
|    value_loss         | 1.51     |
------------------------------------
------------------------------------
| rollout/              |          |
|    ep_len_mean        | 930      |
|    ep_rew_mean        | 50.8     |
| time/                 |          |
|    fps                | 1186     |
|    iterations         | 65000    |
|    time_elapsed       | 876      |
|    total_timesteps    | 1040000  |
| train/                |          |
|    entropy_loss       | -1.12    |
|    explained_variance | 0.569    |
|    learning_rate      | 5.32e-05 |
|    n_updates          | 64999    |
|    policy_loss        | -1.42    |
|    value_loss         | 5.22     |
------------------------------------
------------------------------------
| rollout/              |          |
|    ep_len_mean        | 930      |
|    ep_rew_mean        | 50.9     |
| time/                 |          |
|    fps                | 1186     |
|    iterations         | 65100    |
|    time_elapsed       | 877      |
|    total_timesteps    | 1041600  |
| train/                |          |
|    entropy_loss       | -1.16    |
|    explained_variance | -0.00849 |
|    learning_rate      | 5.31e-05 |
|    n_updates          | 65099    |
|    policy_loss        | 0.119    |
|    value_loss         | 0.0648   |
------------------------------------
------------------------------------
| rollout/              |          |
|    ep_len_mean        | 923      |
|    ep_rew_mean        | 50.6     |
| time/                 |          |
|    fps                | 1186     |
|    iterations         | 65200    |
|    time_elapsed       | 879      |
|    total_timesteps    | 1043200  |
| train/                |          |
|    entropy_loss       | -1.04    |
|    explained_variance | 0.922    |
|    learning_rate      | 5.31e-05 |
|    n_updates          | 65199    |
|    policy_loss        | -0.359   |
|    value_loss         | 0.762    |
------------------------------------
------------------------------------
| rollout/              |          |
|    ep_len_mean        | 923      |
|    ep_rew_mean        | 50.4     |
| time/                 |          |
|    fps                | 1186     |
|    iterations         | 65300    |
|    time_elapsed       | 880      |
|    total_timesteps    | 1044800  |
| train/                |          |
|    entropy_loss       | -1.12    |
|    explained_variance | 0.844    |
|    learning_rate      | 5.3e-05  |
|    n_updates          | 65299    |
|    policy_loss        | 2.2      |
|    value_loss         | 8.41     |
------------------------------------
------------------------------------
| rollout/              |          |
|    ep_len_mean        | 923      |
|    ep_rew_mean        | 49.4     |
| time/                 |          |
|    fps                | 1186     |
|    iterations         | 65400    |
|    time_elapsed       | 882      |
|    total_timesteps    | 1046400  |
| train/                |          |
|    entropy_loss       | -1.18    |
|    explained_variance | 0.689    |
|    learning_rate      | 5.29e-05 |
|    n_updates          | 65399    |
|    policy_loss        | -0.957   |
|    value_loss         | 1.39     |
------------------------------------
------------------------------------
| rollout/              |          |
|    ep_len_mean        | 923      |
|    ep_rew_mean        | 49.9     |
| time/                 |          |
|    fps                | 1185     |
|    iterations         | 65500    |
|    time_elapsed       | 883      |
|    total_timesteps    | 1048000  |
| train/                |          |
|    entropy_loss       | -1.03    |
|    explained_variance | -0.0119  |
|    learning_rate      | 5.28e-05 |
|    n_updates          | 65499    |
|    policy_loss        | -0.183   |
|    value_loss         | 0.121    |
------------------------------------
------------------------------------
| rollout/              |          |
|    ep_len_mean        | 923      |
|    ep_rew_mean        | 49.1     |
| time/                 |          |
|    fps                | 1185     |
|    iterations         | 65600    |
|    time_elapsed       | 885      |
|    total_timesteps    | 1049600  |
| train/                |          |
|    entropy_loss       | -1.11    |
|    explained_variance | 0.749    |
|    learning_rate      | 5.28e-05 |
|    n_updates          | 65599    |
|    policy_loss        | -0.606   |
|    value_loss         | 1.51     |
------------------------------------
Eval num_timesteps=1050000, episode_reward=-23.98 +/- 21.12
Episode length: 1000.00 +/- 0.00
------------------------------------
| eval/                 |          |
|    mean_ep_length     | 1e+03    |
|    mean_reward        | -24      |
| time/                 |          |
|    total_timesteps    | 1050000  |
| train/                |          |
|    entropy_loss       | -0.923   |
|    explained_variance | -0.0136  |
|    learning_rate      | 5.28e-05 |
|    n_updates          | 65624    |
|    policy_loss        | 0.34     |
|    value_loss         | 0.152    |
------------------------------------
------------------------------------
| rollout/              |          |
|    ep_len_mean        | 923      |
|    ep_rew_mean        | 49.6     |
| time/                 |          |
|    fps                | 1182     |
|    iterations         | 65700    |
|    time_elapsed       | 888      |
|    total_timesteps    | 1051200  |
| train/                |          |
|    entropy_loss       | -0.779   |
|    explained_variance | 0.465    |
|    learning_rate      | 5.27e-05 |
|    n_updates          | 65699    |
|    policy_loss        | 4.78     |
|    value_loss         | 21       |
------------------------------------
------------------------------------
| rollout/              |          |
|    ep_len_mean        | 923      |
|    ep_rew_mean        | 49.7     |
| time/                 |          |
|    fps                | 1183     |
|    iterations         | 65800    |
|    time_elapsed       | 889      |
|    total_timesteps    | 1052800  |
| train/                |          |
|    entropy_loss       | -0.97    |
|    explained_variance | 0.0309   |
|    learning_rate      | 5.26e-05 |
|    n_updates          | 65799    |
|    policy_loss        | 0.305    |
|    value_loss         | 0.915    |
------------------------------------
------------------------------------
| rollout/              |          |
|    ep_len_mean        | 923      |
|    ep_rew_mean        | 50.2     |
| time/                 |          |
|    fps                | 1183     |
|    iterations         | 65900    |
|    time_elapsed       | 891      |
|    total_timesteps    | 1054400  |
| train/                |          |
|    entropy_loss       | -1.09    |
|    explained_variance | 0.947    |
|    learning_rate      | 5.26e-05 |
|    n_updates          | 65899    |
|    policy_loss        | -0.896   |
|    value_loss         | 1.01     |
------------------------------------
------------------------------------
| rollout/              |          |
|    ep_len_mean        | 917      |
|    ep_rew_mean        | 49.5     |
| time/                 |          |
|    fps                | 1183     |
|    iterations         | 66000    |
|    time_elapsed       | 892      |
|    total_timesteps    | 1056000  |
| train/                |          |
|    entropy_loss       | -1.04    |
|    explained_variance | 0.929    |
|    learning_rate      | 5.25e-05 |
|    n_updates          | 65999    |
|    policy_loss        | 5.12     |
|    value_loss         | 27.2     |
------------------------------------
------------------------------------
| rollout/              |          |
|    ep_len_mean        | 923      |
|    ep_rew_mean        | 50.7     |
| time/                 |          |
|    fps                | 1183     |
|    iterations         | 66100    |
|    time_elapsed       | 893      |
|    total_timesteps    | 1057600  |
| train/                |          |
|    entropy_loss       | -1.18    |
|    explained_variance | 0.295    |
|    learning_rate      | 5.24e-05 |
|    n_updates          | 66099    |
|    policy_loss        | 6.45     |
|    value_loss         | 60.9     |
------------------------------------
------------------------------------
| rollout/              |          |
|    ep_len_mean        | 922      |
|    ep_rew_mean        | 52.2     |
| time/                 |          |
|    fps                | 1183     |
|    iterations         | 66200    |
|    time_elapsed       | 895      |
|    total_timesteps    | 1059200  |
| train/                |          |
|    entropy_loss       | -0.584   |
|    explained_variance | 0.695    |
|    learning_rate      | 5.23e-05 |
|    n_updates          | 66199    |
|    policy_loss        | 2.44     |
|    value_loss         | 7.59     |
------------------------------------
------------------------------------
| rollout/              |          |
|    ep_len_mean        | 921      |
|    ep_rew_mean        | 54       |
| time/                 |          |
|    fps                | 1183     |
|    iterations         | 66300    |
|    time_elapsed       | 896      |
|    total_timesteps    | 1060800  |
| train/                |          |
|    entropy_loss       | -0.868   |
|    explained_variance | 0.915    |
|    learning_rate      | 5.23e-05 |
|    n_updates          | 66299    |
|    policy_loss        | 0.651    |
|    value_loss         | 1.25     |
------------------------------------
------------------------------------
| rollout/              |          |
|    ep_len_mean        | 921      |
|    ep_rew_mean        | 54.6     |
| time/                 |          |
|    fps                | 1183     |
|    iterations         | 66400    |
|    time_elapsed       | 897      |
|    total_timesteps    | 1062400  |
| train/                |          |
|    entropy_loss       | -0.889   |
|    explained_variance | 0.87     |
|    learning_rate      | 5.22e-05 |
|    n_updates          | 66399    |
|    policy_loss        | 0.377    |
|    value_loss         | 13.4     |
------------------------------------
------------------------------------
| rollout/              |          |
|    ep_len_mean        | 916      |
|    ep_rew_mean        | 53.8     |
| time/                 |          |
|    fps                | 1183     |
|    iterations         | 66500    |
|    time_elapsed       | 898      |
|    total_timesteps    | 1064000  |
| train/                |          |
|    entropy_loss       | -1.04    |
|    explained_variance | 0.825    |
|    learning_rate      | 5.21e-05 |
|    n_updates          | 66499    |
|    policy_loss        | 0.409    |
|    value_loss         | 6.71     |
------------------------------------
------------------------------------
| rollout/              |          |
|    ep_len_mean        | 916      |
|    ep_rew_mean        | 53.2     |
| time/                 |          |
|    fps                | 1183     |
|    iterations         | 66600    |
|    time_elapsed       | 900      |
|    total_timesteps    | 1065600  |
| train/                |          |
|    entropy_loss       | -1.01    |
|    explained_variance | -0.0354  |
|    learning_rate      | 5.2e-05  |
|    n_updates          | 66599    |
|    policy_loss        | 0.242    |
|    value_loss         | 0.15     |
------------------------------------
------------------------------------
| rollout/              |          |
|    ep_len_mean        | 916      |
|    ep_rew_mean        | 54.1     |
| time/                 |          |
|    fps                | 1183     |
|    iterations         | 66700    |
|    time_elapsed       | 901      |
|    total_timesteps    | 1067200  |
| train/                |          |
|    entropy_loss       | -1.23    |
|    explained_variance | 0.881    |
|    learning_rate      | 5.2e-05  |
|    n_updates          | 66699    |
|    policy_loss        | 0.635    |
|    value_loss         | 1.02     |
------------------------------------
------------------------------------
| rollout/              |          |
|    ep_len_mean        | 919      |
|    ep_rew_mean        | 55.8     |
| time/                 |          |
|    fps                | 1183     |
|    iterations         | 66800    |
|    time_elapsed       | 902      |
|    total_timesteps    | 1068800  |
| train/                |          |
|    entropy_loss       | -1.06    |
|    explained_variance | 0.82     |
|    learning_rate      | 5.19e-05 |
|    n_updates          | 66799    |
|    policy_loss        | 0.777    |
|    value_loss         | 14.4     |
------------------------------------
------------------------------------
| rollout/              |          |
|    ep_len_mean        | 919      |
|    ep_rew_mean        | 56.6     |
| time/                 |          |
|    fps                | 1184     |
|    iterations         | 66900    |
|    time_elapsed       | 904      |
|    total_timesteps    | 1070400  |
| train/                |          |
|    entropy_loss       | -1.23    |
|    explained_variance | 0.971    |
|    learning_rate      | 5.18e-05 |
|    n_updates          | 66899    |
|    policy_loss        | -0.208   |
|    value_loss         | 0.142    |
------------------------------------
------------------------------------
| rollout/              |          |
|    ep_len_mean        | 919      |
|    ep_rew_mean        | 56.8     |
| time/                 |          |
|    fps                | 1184     |
|    iterations         | 67000    |
|    time_elapsed       | 905      |
|    total_timesteps    | 1072000  |
| train/                |          |
|    entropy_loss       | -0.974   |
|    explained_variance | 0.75     |
|    learning_rate      | 5.18e-05 |
|    n_updates          | 66999    |
|    policy_loss        | -5.44    |
|    value_loss         | 31.2     |
------------------------------------
------------------------------------
| rollout/              |          |
|    ep_len_mean        | 919      |
|    ep_rew_mean        | 57.5     |
| time/                 |          |
|    fps                | 1184     |
|    iterations         | 67100    |
|    time_elapsed       | 906      |
|    total_timesteps    | 1073600  |
| train/                |          |
|    entropy_loss       | -0.991   |
|    explained_variance | 0.125    |
|    learning_rate      | 5.17e-05 |
|    n_updates          | 67099    |
|    policy_loss        | -0.205   |
|    value_loss         | 0.156    |
------------------------------------
------------------------------------
| rollout/              |          |
|    ep_len_mean        | 919      |
|    ep_rew_mean        | 59.6     |
| time/                 |          |
|    fps                | 1184     |
|    iterations         | 67200    |
|    time_elapsed       | 907      |
|    total_timesteps    | 1075200  |
| train/                |          |
|    entropy_loss       | -0.813   |
|    explained_variance | 0.758    |
|    learning_rate      | 5.16e-05 |
|    n_updates          | 67199    |
|    policy_loss        | -0.389   |
|    value_loss         | 0.868    |
------------------------------------
------------------------------------
| rollout/              |          |
|    ep_len_mean        | 919      |
|    ep_rew_mean        | 60.3     |
| time/                 |          |
|    fps                | 1184     |
|    iterations         | 67300    |
|    time_elapsed       | 909      |
|    total_timesteps    | 1076800  |
| train/                |          |
|    entropy_loss       | -1.09    |
|    explained_variance | 0.0413   |
|    learning_rate      | 5.15e-05 |
|    n_updates          | 67299    |
|    policy_loss        | 0.113    |
|    value_loss         | 0.124    |
------------------------------------
------------------------------------
| rollout/              |          |
|    ep_len_mean        | 923      |
|    ep_rew_mean        | 61.7     |
| time/                 |          |
|    fps                | 1184     |
|    iterations         | 67400    |
|    time_elapsed       | 910      |
|    total_timesteps    | 1078400  |
| train/                |          |
|    entropy_loss       | -0.901   |
|    explained_variance | 0.884    |
|    learning_rate      | 5.15e-05 |
|    n_updates          | 67399    |
|    policy_loss        | -1.38    |
|    value_loss         | 3.56     |
------------------------------------
------------------------------------
| rollout/              |          |
|    ep_len_mean        | 923      |
|    ep_rew_mean        | 62       |
| time/                 |          |
|    fps                | 1184     |
|    iterations         | 67500    |
|    time_elapsed       | 911      |
|    total_timesteps    | 1080000  |
| train/                |          |
|    entropy_loss       | -0.947   |
|    explained_variance | -0.0256  |
|    learning_rate      | 5.14e-05 |
|    n_updates          | 67499    |
|    policy_loss        | 0.0181   |
|    value_loss         | 0.0171   |
------------------------------------
------------------------------------
| rollout/              |          |
|    ep_len_mean        | 927      |
|    ep_rew_mean        | 64.6     |
| time/                 |          |
|    fps                | 1184     |
|    iterations         | 67600    |
|    time_elapsed       | 912      |
|    total_timesteps    | 1081600  |
| train/                |          |
|    entropy_loss       | -0.927   |
|    explained_variance | 0.0251   |
|    learning_rate      | 5.13e-05 |
|    n_updates          | 67599    |
|    policy_loss        | -3.11    |
|    value_loss         | 7.79     |
------------------------------------
------------------------------------
| rollout/              |          |
|    ep_len_mean        | 930      |
|    ep_rew_mean        | 64.9     |
| time/                 |          |
|    fps                | 1184     |
|    iterations         | 67700    |
|    time_elapsed       | 914      |
|    total_timesteps    | 1083200  |
| train/                |          |
|    entropy_loss       | -0.877   |
|    explained_variance | 0.848    |
|    learning_rate      | 5.13e-05 |
|    n_updates          | 67699    |
|    policy_loss        | -2.61    |
|    value_loss         | 4.82     |
------------------------------------
------------------------------------
| rollout/              |          |
|    ep_len_mean        | 933      |
|    ep_rew_mean        | 64.4     |
| time/                 |          |
|    fps                | 1184     |
|    iterations         | 67800    |
|    time_elapsed       | 915      |
|    total_timesteps    | 1084800  |
| train/                |          |
|    entropy_loss       | -1.05    |
|    explained_variance | 0.0323   |
|    learning_rate      | 5.12e-05 |
|    n_updates          | 67799    |
|    policy_loss        | 0.209    |
|    value_loss         | 0.13     |
------------------------------------
------------------------------------
| rollout/              |          |
|    ep_len_mean        | 933      |
|    ep_rew_mean        | 65.3     |
| time/                 |          |
|    fps                | 1184     |
|    iterations         | 67900    |
|    time_elapsed       | 916      |
|    total_timesteps    | 1086400  |
| train/                |          |
|    entropy_loss       | -0.764   |
|    explained_variance | 0.718    |
|    learning_rate      | 5.11e-05 |
|    n_updates          | 67899    |
|    policy_loss        | -3.84    |
|    value_loss         | 11.9     |
------------------------------------
------------------------------------
| rollout/              |          |
|    ep_len_mean        | 927      |
|    ep_rew_mean        | 65       |
| time/                 |          |
|    fps                | 1184     |
|    iterations         | 68000    |
|    time_elapsed       | 918      |
|    total_timesteps    | 1088000  |
| train/                |          |
|    entropy_loss       | -1.02    |
|    explained_variance | 0.00366  |
|    learning_rate      | 5.1e-05  |
|    n_updates          | 67999    |
|    policy_loss        | 0.00359  |
|    value_loss         | 0.0309   |
------------------------------------
------------------------------------
| rollout/              |          |
|    ep_len_mean        | 922      |
|    ep_rew_mean        | 63.5     |
| time/                 |          |
|    fps                | 1184     |
|    iterations         | 68100    |
|    time_elapsed       | 919      |
|    total_timesteps    | 1089600  |
| train/                |          |
|    entropy_loss       | -1.04    |
|    explained_variance | -0.0327  |
|    learning_rate      | 5.1e-05  |
|    n_updates          | 68099    |
|    policy_loss        | 0.103    |
|    value_loss         | 0.34     |
------------------------------------
------------------------------------
| rollout/              |          |
|    ep_len_mean        | 922      |
|    ep_rew_mean        | 64.2     |
| time/                 |          |
|    fps                | 1184     |
|    iterations         | 68200    |
|    time_elapsed       | 921      |
|    total_timesteps    | 1091200  |
| train/                |          |
|    entropy_loss       | -1.18    |
|    explained_variance | 0.896    |
|    learning_rate      | 5.09e-05 |
|    n_updates          | 68199    |
|    policy_loss        | -3.23    |
|    value_loss         | 6.94     |
------------------------------------
------------------------------------
| rollout/              |          |
|    ep_len_mean        | 917      |
|    ep_rew_mean        | 63       |
| time/                 |          |
|    fps                | 1184     |
|    iterations         | 68300    |
|    time_elapsed       | 922      |
|    total_timesteps    | 1092800  |
| train/                |          |
|    entropy_loss       | -0.725   |
|    explained_variance | 0.904    |
|    learning_rate      | 5.08e-05 |
|    n_updates          | 68299    |
|    policy_loss        | 0.301    |
|    value_loss         | 0.904    |
------------------------------------
------------------------------------
| rollout/              |          |
|    ep_len_mean        | 917      |
|    ep_rew_mean        | 63.4     |
| time/                 |          |
|    fps                | 1184     |
|    iterations         | 68400    |
|    time_elapsed       | 924      |
|    total_timesteps    | 1094400  |
| train/                |          |
|    entropy_loss       | -0.886   |
|    explained_variance | 0.89     |
|    learning_rate      | 5.08e-05 |
|    n_updates          | 68399    |
|    policy_loss        | -1.08    |
|    value_loss         | 1.61     |
------------------------------------
------------------------------------
| rollout/              |          |
|    ep_len_mean        | 923      |
|    ep_rew_mean        | 65.2     |
| time/                 |          |
|    fps                | 1184     |
|    iterations         | 68500    |
|    time_elapsed       | 925      |
|    total_timesteps    | 1096000  |
| train/                |          |
|    entropy_loss       | -0.696   |
|    explained_variance | 0.0304   |
|    learning_rate      | 5.07e-05 |
|    n_updates          | 68499    |
|    policy_loss        | -0.0286  |
|    value_loss         | 0.0209   |
------------------------------------
------------------------------------
| rollout/              |          |
|    ep_len_mean        | 925      |
|    ep_rew_mean        | 67.2     |
| time/                 |          |
|    fps                | 1184     |
|    iterations         | 68600    |
|    time_elapsed       | 926      |
|    total_timesteps    | 1097600  |
| train/                |          |
|    entropy_loss       | -1.07    |
|    explained_variance | 0.785    |
|    learning_rate      | 5.06e-05 |
|    n_updates          | 68599    |
|    policy_loss        | 1.01     |
|    value_loss         | 2.05     |
------------------------------------
------------------------------------
| rollout/              |          |
|    ep_len_mean        | 925      |
|    ep_rew_mean        | 67.3     |
| time/                 |          |
|    fps                | 1184     |
|    iterations         | 68700    |
|    time_elapsed       | 927      |
|    total_timesteps    | 1099200  |
| train/                |          |
|    entropy_loss       | -1.18    |
|    explained_variance | 0.93     |
|    learning_rate      | 5.05e-05 |
|    n_updates          | 68699    |
|    policy_loss        | 0.372    |
|    value_loss         | 0.78     |
------------------------------------
Eval num_timesteps=1100000, episode_reward=84.09 +/- 104.39
Episode length: 777.00 +/- 61.15
------------------------------------
| eval/                 |          |
|    mean_ep_length     | 777      |
|    mean_reward        | 84.1     |
| time/                 |          |
|    total_timesteps    | 1100000  |
| train/                |          |
|    entropy_loss       | -0.531   |
|    explained_variance | -0.107   |
|    learning_rate      | 5.05e-05 |
|    n_updates          | 68749    |
|    policy_loss        | 0.655    |
|    value_loss         | 3.12     |
------------------------------------
------------------------------------
| rollout/              |          |
|    ep_len_mean        | 925      |
|    ep_rew_mean        | 67.6     |
| time/                 |          |
|    fps                | 1182     |
|    iterations         | 68800    |
|    time_elapsed       | 930      |
|    total_timesteps    | 1100800  |
| train/                |          |
|    entropy_loss       | -1.04    |
|    explained_variance | 0.655    |
|    learning_rate      | 5.05e-05 |
|    n_updates          | 68799    |
|    policy_loss        | -3.47    |
|    value_loss         | 11.5     |
------------------------------------
------------------------------------
| rollout/              |          |
|    ep_len_mean        | 929      |
|    ep_rew_mean        | 69.1     |
| time/                 |          |
|    fps                | 1182     |
|    iterations         | 68900    |
|    time_elapsed       | 932      |
|    total_timesteps    | 1102400  |
| train/                |          |
|    entropy_loss       | -1.01    |
|    explained_variance | 0.93     |
|    learning_rate      | 5.04e-05 |
|    n_updates          | 68899    |
|    policy_loss        | 0.321    |
|    value_loss         | 1.18     |
------------------------------------
------------------------------------
| rollout/              |          |
|    ep_len_mean        | 924      |
|    ep_rew_mean        | 68.5     |
| time/                 |          |
|    fps                | 1182     |
|    iterations         | 69000    |
|    time_elapsed       | 933      |
|    total_timesteps    | 1104000  |
| train/                |          |
|    entropy_loss       | -1.08    |
|    explained_variance | 0.774    |
|    learning_rate      | 5.03e-05 |
|    n_updates          | 68999    |
|    policy_loss        | 2.59     |
|    value_loss         | 11.8     |
------------------------------------
------------------------------------
| rollout/              |          |
|    ep_len_mean        | 926      |
|    ep_rew_mean        | 70.1     |
| time/                 |          |
|    fps                | 1182     |
|    iterations         | 69100    |
|    time_elapsed       | 934      |
|    total_timesteps    | 1105600  |
| train/                |          |
|    entropy_loss       | -1.12    |
|    explained_variance | 0.869    |
|    learning_rate      | 5.02e-05 |
|    n_updates          | 69099    |
|    policy_loss        | -2.68    |
|    value_loss         | 5.37     |
------------------------------------
------------------------------------
| rollout/              |          |
|    ep_len_mean        | 920      |
|    ep_rew_mean        | 68.1     |
| time/                 |          |
|    fps                | 1182     |
|    iterations         | 69200    |
|    time_elapsed       | 935      |
|    total_timesteps    | 1107200  |
| train/                |          |
|    entropy_loss       | -0.921   |
|    explained_variance | 0.848    |
|    learning_rate      | 5.02e-05 |
|    n_updates          | 69199    |
|    policy_loss        | 0.326    |
|    value_loss         | 4.65     |
------------------------------------
------------------------------------
| rollout/              |          |
|    ep_len_mean        | 913      |
|    ep_rew_mean        | 67       |
| time/                 |          |
|    fps                | 1182     |
|    iterations         | 69300    |
|    time_elapsed       | 937      |
|    total_timesteps    | 1108800  |
| train/                |          |
|    entropy_loss       | -1.27    |
|    explained_variance | 0.959    |
|    learning_rate      | 5.01e-05 |
|    n_updates          | 69299    |
|    policy_loss        | -0.721   |
|    value_loss         | 0.78     |
------------------------------------
------------------------------------
| rollout/              |          |
|    ep_len_mean        | 913      |
|    ep_rew_mean        | 67.2     |
| time/                 |          |
|    fps                | 1183     |
|    iterations         | 69400    |
|    time_elapsed       | 938      |
|    total_timesteps    | 1110400  |
| train/                |          |
|    entropy_loss       | -1.14    |
|    explained_variance | 0.858    |
|    learning_rate      | 5e-05    |
|    n_updates          | 69399    |
|    policy_loss        | -1.29    |
|    value_loss         | 7.72     |
------------------------------------
------------------------------------
| rollout/              |          |
|    ep_len_mean        | 917      |
|    ep_rew_mean        | 69.1     |
| time/                 |          |
|    fps                | 1183     |
|    iterations         | 69500    |
|    time_elapsed       | 939      |
|    total_timesteps    | 1112000  |
| train/                |          |
|    entropy_loss       | -0.628   |
|    explained_variance | 0.108    |
|    learning_rate      | 5e-05    |
|    n_updates          | 69499    |
|    policy_loss        | -0.108   |
|    value_loss         | 0.0801   |
------------------------------------
------------------------------------
| rollout/              |          |
|    ep_len_mean        | 915      |
|    ep_rew_mean        | 69.7     |
| time/                 |          |
|    fps                | 1183     |
|    iterations         | 69600    |
|    time_elapsed       | 941      |
|    total_timesteps    | 1113600  |
| train/                |          |
|    entropy_loss       | -0.974   |
|    explained_variance | 0.0149   |
|    learning_rate      | 4.99e-05 |
|    n_updates          | 69599    |
|    policy_loss        | -0.141   |
|    value_loss         | 0.139    |
------------------------------------
------------------------------------
| rollout/              |          |
|    ep_len_mean        | 915      |
|    ep_rew_mean        | 71       |
| time/                 |          |
|    fps                | 1183     |
|    iterations         | 69700    |
|    time_elapsed       | 942      |
|    total_timesteps    | 1115200  |
| train/                |          |
|    entropy_loss       | -0.992   |
|    explained_variance | 0.859    |
|    learning_rate      | 4.98e-05 |
|    n_updates          | 69699    |
|    policy_loss        | -5.41    |
|    value_loss         | 21.4     |
------------------------------------
------------------------------------
| rollout/              |          |
|    ep_len_mean        | 907      |
|    ep_rew_mean        | 71.8     |
| time/                 |          |
|    fps                | 1183     |
|    iterations         | 69800    |
|    time_elapsed       | 943      |
|    total_timesteps    | 1116800  |
| train/                |          |
|    entropy_loss       | -1.16    |
|    explained_variance | 0.901    |
|    learning_rate      | 4.97e-05 |
|    n_updates          | 69799    |
|    policy_loss        | -3.19    |
|    value_loss         | 7.08     |
------------------------------------
------------------------------------
| rollout/              |          |
|    ep_len_mean        | 907      |
|    ep_rew_mean        | 71.9     |
| time/                 |          |
|    fps                | 1183     |
|    iterations         | 69900    |
|    time_elapsed       | 944      |
|    total_timesteps    | 1118400  |
| train/                |          |
|    entropy_loss       | -1.07    |
|    explained_variance | -0.0192  |
|    learning_rate      | 4.97e-05 |
|    n_updates          | 69899    |
|    policy_loss        | -0.142   |
|    value_loss         | 0.211    |
------------------------------------
------------------------------------
| rollout/              |          |
|    ep_len_mean        | 901      |
|    ep_rew_mean        | 71.9     |
| time/                 |          |
|    fps                | 1183     |
|    iterations         | 70000    |
|    time_elapsed       | 946      |
|    total_timesteps    | 1120000  |
| train/                |          |
|    entropy_loss       | -0.14    |
|    explained_variance | -0.592   |
|    learning_rate      | 4.96e-05 |
|    n_updates          | 69999    |
|    policy_loss        | -0.493   |
|    value_loss         | 451      |
------------------------------------
------------------------------------
| rollout/              |          |
|    ep_len_mean        | 901      |
|    ep_rew_mean        | 72       |
| time/                 |          |
|    fps                | 1183     |
|    iterations         | 70100    |
|    time_elapsed       | 947      |
|    total_timesteps    | 1121600  |
| train/                |          |
|    entropy_loss       | -0.649   |
|    explained_variance | 0.0176   |
|    learning_rate      | 4.95e-05 |
|    n_updates          | 70099    |
|    policy_loss        | 0.0731   |
|    value_loss         | 0.0133   |
------------------------------------
------------------------------------
| rollout/              |          |
|    ep_len_mean        | 905      |
|    ep_rew_mean        | 73.9     |
| time/                 |          |
|    fps                | 1183     |
|    iterations         | 70200    |
|    time_elapsed       | 949      |
|    total_timesteps    | 1123200  |
| train/                |          |
|    entropy_loss       | -0.847   |
|    explained_variance | 0.901    |
|    learning_rate      | 4.95e-05 |
|    n_updates          | 70199    |
|    policy_loss        | -0.0987  |
|    value_loss         | 0.644    |
------------------------------------
------------------------------------
| rollout/              |          |
|    ep_len_mean        | 905      |
|    ep_rew_mean        | 74.1     |
| time/                 |          |
|    fps                | 1183     |
|    iterations         | 70300    |
|    time_elapsed       | 950      |
|    total_timesteps    | 1124800  |
| train/                |          |
|    entropy_loss       | -0.839   |
|    explained_variance | 0.0348   |
|    learning_rate      | 4.94e-05 |
|    n_updates          | 70299    |
|    policy_loss        | -0.00378 |
|    value_loss         | 0.0681   |
------------------------------------
------------------------------------
| rollout/              |          |
|    ep_len_mean        | 909      |
|    ep_rew_mean        | 75.7     |
| time/                 |          |
|    fps                | 1183     |
|    iterations         | 70400    |
|    time_elapsed       | 951      |
|    total_timesteps    | 1126400  |
| train/                |          |
|    entropy_loss       | -1.14    |
|    explained_variance | 0.819    |
|    learning_rate      | 4.93e-05 |
|    n_updates          | 70399    |
|    policy_loss        | -1.47    |
|    value_loss         | 3.89     |
------------------------------------
------------------------------------
| rollout/              |          |
|    ep_len_mean        | 909      |
|    ep_rew_mean        | 75.9     |
| time/                 |          |
|    fps                | 1183     |
|    iterations         | 70500    |
|    time_elapsed       | 952      |
|    total_timesteps    | 1128000  |
| train/                |          |
|    entropy_loss       | -0.977   |
|    explained_variance | -0.00965 |
|    learning_rate      | 4.92e-05 |
|    n_updates          | 70499    |
|    policy_loss        | 0.0865   |
|    value_loss         | 0.0336   |
------------------------------------
------------------------------------
| rollout/              |          |
|    ep_len_mean        | 909      |
|    ep_rew_mean        | 75.9     |
| time/                 |          |
|    fps                | 1183     |
|    iterations         | 70600    |
|    time_elapsed       | 954      |
|    total_timesteps    | 1129600  |
| train/                |          |
|    entropy_loss       | -1.12    |
|    explained_variance | -0.00243 |
|    learning_rate      | 4.92e-05 |
|    n_updates          | 70599    |
|    policy_loss        | -0.187   |
|    value_loss         | 0.0871   |
------------------------------------
------------------------------------
| rollout/              |          |
|    ep_len_mean        | 912      |
|    ep_rew_mean        | 75       |
| time/                 |          |
|    fps                | 1183     |
|    iterations         | 70700    |
|    time_elapsed       | 955      |
|    total_timesteps    | 1131200  |
| train/                |          |
|    entropy_loss       | -0.938   |
|    explained_variance | 0.74     |
|    learning_rate      | 4.91e-05 |
|    n_updates          | 70699    |
|    policy_loss        | 1.78     |
|    value_loss         | 5.4      |
------------------------------------
------------------------------------
| rollout/              |          |
|    ep_len_mean        | 912      |
|    ep_rew_mean        | 75.3     |
| time/                 |          |
|    fps                | 1184     |
|    iterations         | 70800    |
|    time_elapsed       | 956      |
|    total_timesteps    | 1132800  |
| train/                |          |
|    entropy_loss       | -1.09    |
|    explained_variance | -0.151   |
|    learning_rate      | 4.9e-05  |
|    n_updates          | 70799    |
|    policy_loss        | -0.0164  |
|    value_loss         | 0.858    |
------------------------------------
------------------------------------
| rollout/              |          |
|    ep_len_mean        | 915      |
|    ep_rew_mean        | 75.2     |
| time/                 |          |
|    fps                | 1184     |
|    iterations         | 70900    |
|    time_elapsed       | 957      |
|    total_timesteps    | 1134400  |
| train/                |          |
|    entropy_loss       | -0.997   |
|    explained_variance | 0.859    |
|    learning_rate      | 4.9e-05  |
|    n_updates          | 70899    |
|    policy_loss        | -2.08    |
|    value_loss         | 5.7      |
------------------------------------
-------------------------------------
| rollout/              |           |
|    ep_len_mean        | 919       |
|    ep_rew_mean        | 77.3      |
| time/                 |           |
|    fps                | 1184      |
|    iterations         | 71000     |
|    time_elapsed       | 959       |
|    total_timesteps    | 1136000   |
| train/                |           |
|    entropy_loss       | -1.09     |
|    explained_variance | -0.000582 |
|    learning_rate      | 4.89e-05  |
|    n_updates          | 70999     |
|    policy_loss        | 0.101     |
|    value_loss         | 0.0447    |
-------------------------------------
------------------------------------
| rollout/              |          |
|    ep_len_mean        | 919      |
|    ep_rew_mean        | 77       |
| time/                 |          |
|    fps                | 1184     |
|    iterations         | 71100    |
|    time_elapsed       | 960      |
|    total_timesteps    | 1137600  |
| train/                |          |
|    entropy_loss       | -1.02    |
|    explained_variance | -0.00257 |
|    learning_rate      | 4.88e-05 |
|    n_updates          | 71099    |
|    policy_loss        | -0.0623  |
|    value_loss         | 0.0303   |
------------------------------------
------------------------------------
| rollout/              |          |
|    ep_len_mean        | 919      |
|    ep_rew_mean        | 78.4     |
| time/                 |          |
|    fps                | 1184     |
|    iterations         | 71200    |
|    time_elapsed       | 961      |
|    total_timesteps    | 1139200  |
| train/                |          |
|    entropy_loss       | -0.822   |
|    explained_variance | 0.898    |
|    learning_rate      | 4.87e-05 |
|    n_updates          | 71199    |
|    policy_loss        | -0.825   |
|    value_loss         | 0.845    |
------------------------------------
------------------------------------
| rollout/              |          |
|    ep_len_mean        | 919      |
|    ep_rew_mean        | 80       |
| time/                 |          |
|    fps                | 1184     |
|    iterations         | 71300    |
|    time_elapsed       | 963      |
|    total_timesteps    | 1140800  |
| train/                |          |
|    entropy_loss       | -1.06    |
|    explained_variance | 0.00829  |
|    learning_rate      | 4.87e-05 |
|    n_updates          | 71299    |
|    policy_loss        | -0.256   |
|    value_loss         | 0.109    |
------------------------------------
------------------------------------
| rollout/              |          |
|    ep_len_mean        | 919      |
|    ep_rew_mean        | 81       |
| time/                 |          |
|    fps                | 1184     |
|    iterations         | 71400    |
|    time_elapsed       | 964      |
|    total_timesteps    | 1142400  |
| train/                |          |
|    entropy_loss       | -1.13    |
|    explained_variance | 0.562    |
|    learning_rate      | 4.86e-05 |
|    n_updates          | 71399    |
|    policy_loss        | -3.8     |
|    value_loss         | 13.2     |
------------------------------------
------------------------------------
| rollout/              |          |
|    ep_len_mean        | 919      |
|    ep_rew_mean        | 81.1     |
| time/                 |          |
|    fps                | 1184     |
|    iterations         | 71500    |
|    time_elapsed       | 965      |
|    total_timesteps    | 1144000  |
| train/                |          |
|    entropy_loss       | -1.01    |
|    explained_variance | -0.0074  |
|    learning_rate      | 4.85e-05 |
|    n_updates          | 71499    |
|    policy_loss        | -0.0849  |
|    value_loss         | 0.0437   |
------------------------------------
------------------------------------
| rollout/              |          |
|    ep_len_mean        | 913      |
|    ep_rew_mean        | 79.9     |
| time/                 |          |
|    fps                | 1184     |
|    iterations         | 71600    |
|    time_elapsed       | 967      |
|    total_timesteps    | 1145600  |
| train/                |          |
|    entropy_loss       | -1.02    |
|    explained_variance | 0.828    |
|    learning_rate      | 4.84e-05 |
|    n_updates          | 71599    |
|    policy_loss        | -1.78    |
|    value_loss         | 3.79     |
------------------------------------
------------------------------------
| rollout/              |          |
|    ep_len_mean        | 913      |
|    ep_rew_mean        | 79.4     |
| time/                 |          |
|    fps                | 1183     |
|    iterations         | 71700    |
|    time_elapsed       | 969      |
|    total_timesteps    | 1147200  |
| train/                |          |
|    entropy_loss       | -0.283   |
|    explained_variance | -0.143   |
|    learning_rate      | 4.84e-05 |
|    n_updates          | 71699    |
|    policy_loss        | -10.6    |
|    value_loss         | 534      |
------------------------------------
------------------------------------
| rollout/              |          |
|    ep_len_mean        | 908      |
|    ep_rew_mean        | 78.3     |
| time/                 |          |
|    fps                | 1183     |
|    iterations         | 71800    |
|    time_elapsed       | 970      |
|    total_timesteps    | 1148800  |
| train/                |          |
|    entropy_loss       | -0.72    |
|    explained_variance | -0.43    |
|    learning_rate      | 4.83e-05 |
|    n_updates          | 71799    |
|    policy_loss        | 7.13     |
|    value_loss         | 71       |
------------------------------------
Eval num_timesteps=1150000, episode_reward=87.64 +/- 64.69
Episode length: 847.20 +/- 100.73
------------------------------------
| eval/                 |          |
|    mean_ep_length     | 847      |
|    mean_reward        | 87.6     |
| time/                 |          |
|    total_timesteps    | 1150000  |
| train/                |          |
|    entropy_loss       | -0.985   |
|    explained_variance | 0.926    |
|    learning_rate      | 4.83e-05 |
|    n_updates          | 71874    |
|    policy_loss        | -0.982   |
|    value_loss         | 1.42     |
------------------------------------
------------------------------------
| rollout/              |          |
|    ep_len_mean        | 908      |
|    ep_rew_mean        | 78.1     |
| time/                 |          |
|    fps                | 1180     |
|    iterations         | 71900    |
|    time_elapsed       | 974      |
|    total_timesteps    | 1150400  |
| train/                |          |
|    entropy_loss       | -1.17    |
|    explained_variance | -0.0171  |
|    learning_rate      | 4.82e-05 |
|    n_updates          | 71899    |
|    policy_loss        | -0.948   |
|    value_loss         | 0.728    |
------------------------------------
------------------------------------
| rollout/              |          |
|    ep_len_mean        | 906      |
|    ep_rew_mean        | 76       |
| time/                 |          |
|    fps                | 1181     |
|    iterations         | 72000    |
|    time_elapsed       | 975      |
|    total_timesteps    | 1152000  |
| train/                |          |
|    entropy_loss       | -0.856   |
|    explained_variance | 0.0492   |
|    learning_rate      | 4.82e-05 |
|    n_updates          | 71999    |
|    policy_loss        | 0.0929   |
|    value_loss         | 0.0397   |
------------------------------------
------------------------------------
| rollout/              |          |
|    ep_len_mean        | 906      |
|    ep_rew_mean        | 76.1     |
| time/                 |          |
|    fps                | 1181     |
|    iterations         | 72100    |
|    time_elapsed       | 976      |
|    total_timesteps    | 1153600  |
| train/                |          |
|    entropy_loss       | -0.914   |
|    explained_variance | 0.936    |
|    learning_rate      | 4.81e-05 |
|    n_updates          | 72099    |
|    policy_loss        | -2.61    |
|    value_loss         | 4.33     |
------------------------------------
------------------------------------
| rollout/              |          |
|    ep_len_mean        | 906      |
|    ep_rew_mean        | 76.1     |
| time/                 |          |
|    fps                | 1181     |
|    iterations         | 72200    |
|    time_elapsed       | 977      |
|    total_timesteps    | 1155200  |
| train/                |          |
|    entropy_loss       | -0.719   |
|    explained_variance | 0.0763   |
|    learning_rate      | 4.8e-05  |
|    n_updates          | 72199    |
|    policy_loss        | 0.11     |
|    value_loss         | 0.0827   |
------------------------------------
------------------------------------
| rollout/              |          |
|    ep_len_mean        | 906      |
|    ep_rew_mean        | 75.8     |
| time/                 |          |
|    fps                | 1181     |
|    iterations         | 72300    |
|    time_elapsed       | 979      |
|    total_timesteps    | 1156800  |
| train/                |          |
|    entropy_loss       | -1.23    |
|    explained_variance | 0.858    |
|    learning_rate      | 4.79e-05 |
|    n_updates          | 72299    |
|    policy_loss        | 0.497    |
|    value_loss         | 1.68     |
------------------------------------
------------------------------------
| rollout/              |          |
|    ep_len_mean        | 900      |
|    ep_rew_mean        | 73.8     |
| time/                 |          |
|    fps                | 1181     |
|    iterations         | 72400    |
|    time_elapsed       | 980      |
|    total_timesteps    | 1158400  |
| train/                |          |
|    entropy_loss       | -0.886   |
|    explained_variance | 0.767    |
|    learning_rate      | 4.79e-05 |
|    n_updates          | 72399    |
|    policy_loss        | -1.16    |
|    value_loss         | 1.63     |
------------------------------------
------------------------------------
| rollout/              |          |
|    ep_len_mean        | 900      |
|    ep_rew_mean        | 73.8     |
| time/                 |          |
|    fps                | 1181     |
|    iterations         | 72500    |
|    time_elapsed       | 981      |
|    total_timesteps    | 1160000  |
| train/                |          |
|    entropy_loss       | -1.15    |
|    explained_variance | 0.522    |
|    learning_rate      | 4.78e-05 |
|    n_updates          | 72499    |
|    policy_loss        | 0.465    |
|    value_loss         | 5.87     |
------------------------------------
------------------------------------
| rollout/              |          |
|    ep_len_mean        | 900      |
|    ep_rew_mean        | 73.9     |
| time/                 |          |
|    fps                | 1181     |
|    iterations         | 72600    |
|    time_elapsed       | 982      |
|    total_timesteps    | 1161600  |
| train/                |          |
|    entropy_loss       | -1       |
|    explained_variance | -0.0457  |
|    learning_rate      | 4.77e-05 |
|    n_updates          | 72599    |
|    policy_loss        | -0.466   |
|    value_loss         | 0.315    |
------------------------------------
------------------------------------
| rollout/              |          |
|    ep_len_mean        | 900      |
|    ep_rew_mean        | 74.3     |
| time/                 |          |
|    fps                | 1181     |
|    iterations         | 72700    |
|    time_elapsed       | 984      |
|    total_timesteps    | 1163200  |
| train/                |          |
|    entropy_loss       | -1.08    |
|    explained_variance | 0.444    |
|    learning_rate      | 4.77e-05 |
|    n_updates          | 72699    |
|    policy_loss        | 4.9      |
|    value_loss         | 34.4     |
------------------------------------
------------------------------------
| rollout/              |          |
|    ep_len_mean        | 895      |
|    ep_rew_mean        | 71.8     |
| time/                 |          |
|    fps                | 1181     |
|    iterations         | 72800    |
|    time_elapsed       | 985      |
|    total_timesteps    | 1164800  |
| train/                |          |
|    entropy_loss       | -0.891   |
|    explained_variance | 0.937    |
|    learning_rate      | 4.76e-05 |
|    n_updates          | 72799    |
|    policy_loss        | -0.319   |
|    value_loss         | 0.578    |
------------------------------------
------------------------------------
| rollout/              |          |
|    ep_len_mean        | 895      |
|    ep_rew_mean        | 71.6     |
| time/                 |          |
|    fps                | 1181     |
|    iterations         | 72900    |
|    time_elapsed       | 986      |
|    total_timesteps    | 1166400  |
| train/                |          |
|    entropy_loss       | -1.07    |
|    explained_variance | 0.831    |
|    learning_rate      | 4.75e-05 |
|    n_updates          | 72899    |
|    policy_loss        | -1.56    |
|    value_loss         | 3.33     |
------------------------------------
------------------------------------
| rollout/              |          |
|    ep_len_mean        | 895      |
|    ep_rew_mean        | 71.7     |
| time/                 |          |
|    fps                | 1182     |
|    iterations         | 73000    |
|    time_elapsed       | 988      |
|    total_timesteps    | 1168000  |
| train/                |          |
|    entropy_loss       | -0.897   |
|    explained_variance | 0.751    |
|    learning_rate      | 4.74e-05 |
|    n_updates          | 72999    |
|    policy_loss        | 2.13     |
|    value_loss         | 11.9     |
------------------------------------
------------------------------------
| rollout/              |          |
|    ep_len_mean        | 895      |
|    ep_rew_mean        | 71       |
| time/                 |          |
|    fps                | 1182     |
|    iterations         | 73100    |
|    time_elapsed       | 989      |
|    total_timesteps    | 1169600  |
| train/                |          |
|    entropy_loss       | -0.851   |
|    explained_variance | 0.992    |
|    learning_rate      | 4.74e-05 |
|    n_updates          | 73099    |
|    policy_loss        | -0.348   |
|    value_loss         | 1.63     |
------------------------------------
------------------------------------
| rollout/              |          |
|    ep_len_mean        | 890      |
|    ep_rew_mean        | 69       |
| time/                 |          |
|    fps                | 1182     |
|    iterations         | 73200    |
|    time_elapsed       | 990      |
|    total_timesteps    | 1171200  |
| train/                |          |
|    entropy_loss       | -1.16    |
|    explained_variance | 0.427    |
|    learning_rate      | 4.73e-05 |
|    n_updates          | 73199    |
|    policy_loss        | 2.19     |
|    value_loss         | 8.31     |
------------------------------------
------------------------------------
| rollout/              |          |
|    ep_len_mean        | 890      |
|    ep_rew_mean        | 69.1     |
| time/                 |          |
|    fps                | 1181     |
|    iterations         | 73300    |
|    time_elapsed       | 992      |
|    total_timesteps    | 1172800  |
| train/                |          |
|    entropy_loss       | -1.02    |
|    explained_variance | -0.00158 |
|    learning_rate      | 4.72e-05 |
|    n_updates          | 73299    |
|    policy_loss        | -0.115   |
|    value_loss         | 0.0225   |
------------------------------------
------------------------------------
| rollout/              |          |
|    ep_len_mean        | 884      |
|    ep_rew_mean        | 67.6     |
| time/                 |          |
|    fps                | 1181     |
|    iterations         | 73400    |
|    time_elapsed       | 993      |
|    total_timesteps    | 1174400  |
| train/                |          |
|    entropy_loss       | -1.02    |
|    explained_variance | -0.00607 |
|    learning_rate      | 4.72e-05 |
|    n_updates          | 73399    |
|    policy_loss        | -0.689   |
|    value_loss         | 0.373    |
------------------------------------
------------------------------------
| rollout/              |          |
|    ep_len_mean        | 883      |
|    ep_rew_mean        | 68.4     |
| time/                 |          |
|    fps                | 1181     |
|    iterations         | 73500    |
|    time_elapsed       | 995      |
|    total_timesteps    | 1176000  |
| train/                |          |
|    entropy_loss       | -0.887   |
|    explained_variance | 0.0621   |
|    learning_rate      | 4.71e-05 |
|    n_updates          | 73499    |
|    policy_loss        | -0.0652  |
|    value_loss         | 0.0161   |
------------------------------------
------------------------------------
| rollout/              |          |
|    ep_len_mean        | 889      |
|    ep_rew_mean        | 70       |
| time/                 |          |
|    fps                | 1181     |
|    iterations         | 73600    |
|    time_elapsed       | 996      |
|    total_timesteps    | 1177600  |
| train/                |          |
|    entropy_loss       | -0.884   |
|    explained_variance | 0.861    |
|    learning_rate      | 4.7e-05  |
|    n_updates          | 73599    |
|    policy_loss        | -0.28    |
|    value_loss         | 0.549    |
------------------------------------
------------------------------------
| rollout/              |          |
|    ep_len_mean        | 894      |
|    ep_rew_mean        | 72.1     |
| time/                 |          |
|    fps                | 1181     |
|    iterations         | 73700    |
|    time_elapsed       | 998      |
|    total_timesteps    | 1179200  |
| train/                |          |
|    entropy_loss       | -1.05    |
|    explained_variance | 0.0347   |
|    learning_rate      | 4.69e-05 |
|    n_updates          | 73699    |
|    policy_loss        | -0.479   |
|    value_loss         | 0.474    |
------------------------------------
------------------------------------
| rollout/              |          |
|    ep_len_mean        | 894      |
|    ep_rew_mean        | 72.3     |
| time/                 |          |
|    fps                | 1181     |
|    iterations         | 73800    |
|    time_elapsed       | 999      |
|    total_timesteps    | 1180800  |
| train/                |          |
|    entropy_loss       | -1.02    |
|    explained_variance | 0.179    |
|    learning_rate      | 4.69e-05 |
|    n_updates          | 73799    |
|    policy_loss        | -3.64    |
|    value_loss         | 17.6     |
------------------------------------
------------------------------------
| rollout/              |          |
|    ep_len_mean        | 898      |
|    ep_rew_mean        | 74       |
| time/                 |          |
|    fps                | 1181     |
|    iterations         | 73900    |
|    time_elapsed       | 1001     |
|    total_timesteps    | 1182400  |
| train/                |          |
|    entropy_loss       | -1.15    |
|    explained_variance | -0.0484  |
|    learning_rate      | 4.68e-05 |
|    n_updates          | 73899    |
|    policy_loss        | 11.5     |
|    value_loss         | 178      |
------------------------------------
------------------------------------
| rollout/              |          |
|    ep_len_mean        | 898      |
|    ep_rew_mean        | 74.5     |
| time/                 |          |
|    fps                | 1180     |
|    iterations         | 74000    |
|    time_elapsed       | 1002     |
|    total_timesteps    | 1184000  |
| train/                |          |
|    entropy_loss       | -1.13    |
|    explained_variance | -0.00745 |
|    learning_rate      | 4.67e-05 |
|    n_updates          | 73999    |
|    policy_loss        | -0.0161  |
|    value_loss         | 0.0304   |
------------------------------------
------------------------------------
| rollout/              |          |
|    ep_len_mean        | 894      |
|    ep_rew_mean        | 75       |
| time/                 |          |
|    fps                | 1180     |
|    iterations         | 74100    |
|    time_elapsed       | 1004     |
|    total_timesteps    | 1185600  |
| train/                |          |
|    entropy_loss       | -1.13    |
|    explained_variance | 0.00487  |
|    learning_rate      | 4.66e-05 |
|    n_updates          | 74099    |
|    policy_loss        | -0.191   |
|    value_loss         | 0.0894   |
------------------------------------
------------------------------------
| rollout/              |          |
|    ep_len_mean        | 894      |
|    ep_rew_mean        | 75.5     |
| time/                 |          |
|    fps                | 1180     |
|    iterations         | 74200    |
|    time_elapsed       | 1005     |
|    total_timesteps    | 1187200  |
| train/                |          |
|    entropy_loss       | -0.781   |
|    explained_variance | 0.835    |
|    learning_rate      | 4.66e-05 |
|    n_updates          | 74199    |
|    policy_loss        | 2.16     |
|    value_loss         | 12.7     |
------------------------------------
------------------------------------
| rollout/              |          |
|    ep_len_mean        | 894      |
|    ep_rew_mean        | 75.7     |
| time/                 |          |
|    fps                | 1180     |
|    iterations         | 74300    |
|    time_elapsed       | 1006     |
|    total_timesteps    | 1188800  |
| train/                |          |
|    entropy_loss       | -1.1     |
|    explained_variance | -0.00573 |
|    learning_rate      | 4.65e-05 |
|    n_updates          | 74299    |
|    policy_loss        | 0.0375   |
|    value_loss         | 0.0992   |
------------------------------------
------------------------------------
| rollout/              |          |
|    ep_len_mean        | 894      |
|    ep_rew_mean        | 75.7     |
| time/                 |          |
|    fps                | 1180     |
|    iterations         | 74400    |
|    time_elapsed       | 1008     |
|    total_timesteps    | 1190400  |
| train/                |          |
|    entropy_loss       | -0.885   |
|    explained_variance | 0.939    |
|    learning_rate      | 4.64e-05 |
|    n_updates          | 74399    |
|    policy_loss        | -0.11    |
|    value_loss         | 0.489    |
------------------------------------
------------------------------------
| rollout/              |          |
|    ep_len_mean        | 890      |
|    ep_rew_mean        | 74.5     |
| time/                 |          |
|    fps                | 1180     |
|    iterations         | 74500    |
|    time_elapsed       | 1009     |
|    total_timesteps    | 1192000  |
| train/                |          |
|    entropy_loss       | -1.18    |
|    explained_variance | 0.917    |
|    learning_rate      | 4.64e-05 |
|    n_updates          | 74499    |
|    policy_loss        | -0.977   |
|    value_loss         | 1.09     |
------------------------------------
------------------------------------
| rollout/              |          |
|    ep_len_mean        | 896      |
|    ep_rew_mean        | 75       |
| time/                 |          |
|    fps                | 1180     |
|    iterations         | 74600    |
|    time_elapsed       | 1011     |
|    total_timesteps    | 1193600  |
| train/                |          |
|    entropy_loss       | -1.13    |
|    explained_variance | 0.895    |
|    learning_rate      | 4.63e-05 |
|    n_updates          | 74599    |
|    policy_loss        | -2.3     |
|    value_loss         | 4.46     |
------------------------------------
------------------------------------
| rollout/              |          |
|    ep_len_mean        | 899      |
|    ep_rew_mean        | 74.4     |
| time/                 |          |
|    fps                | 1180     |
|    iterations         | 74700    |
|    time_elapsed       | 1012     |
|    total_timesteps    | 1195200  |
| train/                |          |
|    entropy_loss       | -1.19    |
|    explained_variance | -0.0155  |
|    learning_rate      | 4.62e-05 |
|    n_updates          | 74699    |
|    policy_loss        | 0.365    |
|    value_loss         | 0.4      |
------------------------------------
------------------------------------
| rollout/              |          |
|    ep_len_mean        | 899      |
|    ep_rew_mean        | 75       |
| time/                 |          |
|    fps                | 1179     |
|    iterations         | 74800    |
|    time_elapsed       | 1014     |
|    total_timesteps    | 1196800  |
| train/                |          |
|    entropy_loss       | -0.644   |
|    explained_variance | 0.905    |
|    learning_rate      | 4.61e-05 |
|    n_updates          | 74799    |
|    policy_loss        | -4.5     |
|    value_loss         | 8.91     |
------------------------------------
------------------------------------
| rollout/              |          |
|    ep_len_mean        | 907      |
|    ep_rew_mean        | 75.4     |
| time/                 |          |
|    fps                | 1179     |
|    iterations         | 74900    |
|    time_elapsed       | 1015     |
|    total_timesteps    | 1198400  |
| train/                |          |
|    entropy_loss       | -1.15    |
|    explained_variance | 0.909    |
|    learning_rate      | 4.61e-05 |
|    n_updates          | 74899    |
|    policy_loss        | -0.57    |
|    value_loss         | 1.14     |
------------------------------------
Eval num_timesteps=1200000, episode_reward=-11.46 +/- 159.72
Episode length: 912.00 +/- 14.83
------------------------------------
| eval/                 |          |
|    mean_ep_length     | 912      |
|    mean_reward        | -11.5    |
| time/                 |          |
|    total_timesteps    | 1200000  |
| train/                |          |
|    entropy_loss       | -1.09    |
|    explained_variance | 0.00854  |
|    learning_rate      | 4.6e-05  |
|    n_updates          | 74999    |
|    policy_loss        | 0.0785   |
|    value_loss         | 0.0305   |
------------------------------------
---------------------------------
| rollout/           |          |
|    ep_len_mean     | 907      |
|    ep_rew_mean     | 75.4     |
| time/              |          |
|    fps             | 1177     |
|    iterations      | 75000    |
|    time_elapsed    | 1019     |
|    total_timesteps | 1200000  |
---------------------------------
------------------------------------
| rollout/              |          |
|    ep_len_mean        | 907      |
|    ep_rew_mean        | 75.1     |
| time/                 |          |
|    fps                | 1177     |
|    iterations         | 75100    |
|    time_elapsed       | 1020     |
|    total_timesteps    | 1201600  |
| train/                |          |
|    entropy_loss       | -1.14    |
|    explained_variance | 0.523    |
|    learning_rate      | 4.59e-05 |
|    n_updates          | 75099    |
|    policy_loss        | -2.92    |
|    value_loss         | 10.6     |
------------------------------------
------------------------------------
| rollout/              |          |
|    ep_len_mean        | 907      |
|    ep_rew_mean        | 74.9     |
| time/                 |          |
|    fps                | 1177     |
|    iterations         | 75200    |
|    time_elapsed       | 1022     |
|    total_timesteps    | 1203200  |
| train/                |          |
|    entropy_loss       | -0.878   |
|    explained_variance | 0.574    |
|    learning_rate      | 4.59e-05 |
|    n_updates          | 75199    |
|    policy_loss        | 1.36     |
|    value_loss         | 4.34     |
------------------------------------
------------------------------------
| rollout/              |          |
|    ep_len_mean        | 908      |
|    ep_rew_mean        | 73.9     |
| time/                 |          |
|    fps                | 1177     |
|    iterations         | 75300    |
|    time_elapsed       | 1023     |
|    total_timesteps    | 1204800  |
| train/                |          |
|    entropy_loss       | -1.07    |
|    explained_variance | 0.934    |
|    learning_rate      | 4.58e-05 |
|    n_updates          | 75299    |
|    policy_loss        | -0.295   |
|    value_loss         | 1.02     |
------------------------------------
------------------------------------
| rollout/              |          |
|    ep_len_mean        | 909      |
|    ep_rew_mean        | 72.5     |
| time/                 |          |
|    fps                | 1177     |
|    iterations         | 75400    |
|    time_elapsed       | 1024     |
|    total_timesteps    | 1206400  |
| train/                |          |
|    entropy_loss       | -1.1     |
|    explained_variance | 0.904    |
|    learning_rate      | 4.57e-05 |
|    n_updates          | 75399    |
|    policy_loss        | -0.0184  |
|    value_loss         | 1.12     |
------------------------------------
------------------------------------
| rollout/              |          |
|    ep_len_mean        | 909      |
|    ep_rew_mean        | 72.2     |
| time/                 |          |
|    fps                | 1176     |
|    iterations         | 75500    |
|    time_elapsed       | 1026     |
|    total_timesteps    | 1208000  |
| train/                |          |
|    entropy_loss       | -1.05    |
|    explained_variance | -0.112   |
|    learning_rate      | 4.56e-05 |
|    n_updates          | 75499    |
|    policy_loss        | -0.45    |
|    value_loss         | 0.251    |
------------------------------------
------------------------------------
| rollout/              |          |
|    ep_len_mean        | 902      |
|    ep_rew_mean        | 70.6     |
| time/                 |          |
|    fps                | 1176     |
|    iterations         | 75600    |
|    time_elapsed       | 1027     |
|    total_timesteps    | 1209600  |
| train/                |          |
|    entropy_loss       | -1.06    |
|    explained_variance | 0.00844  |
|    learning_rate      | 4.56e-05 |
|    n_updates          | 75599    |
|    policy_loss        | 0.0562   |
|    value_loss         | 0.0951   |
------------------------------------
------------------------------------
| rollout/              |          |
|    ep_len_mean        | 908      |
|    ep_rew_mean        | 72.1     |
| time/                 |          |
|    fps                | 1176     |
|    iterations         | 75700    |
|    time_elapsed       | 1029     |
|    total_timesteps    | 1211200  |
| train/                |          |
|    entropy_loss       | -1.01    |
|    explained_variance | 0.875    |
|    learning_rate      | 4.55e-05 |
|    n_updates          | 75699    |
|    policy_loss        | -1.01    |
|    value_loss         | 1.41     |
------------------------------------
------------------------------------
| rollout/              |          |
|    ep_len_mean        | 908      |
|    ep_rew_mean        | 72       |
| time/                 |          |
|    fps                | 1176     |
|    iterations         | 75800    |
|    time_elapsed       | 1030     |
|    total_timesteps    | 1212800  |
| train/                |          |
|    entropy_loss       | -0.998   |
|    explained_variance | -2.28    |
|    learning_rate      | 4.54e-05 |
|    n_updates          | 75799    |
|    policy_loss        | -0.469   |
|    value_loss         | 7.01     |
------------------------------------
-------------------------------------
| rollout/              |           |
|    ep_len_mean        | 908       |
|    ep_rew_mean        | 71.6      |
| time/                 |           |
|    fps                | 1176      |
|    iterations         | 75900     |
|    time_elapsed       | 1032      |
|    total_timesteps    | 1214400   |
| train/                |           |
|    entropy_loss       | -1.02     |
|    explained_variance | 0.00238   |
|    learning_rate      | 4.54e-05  |
|    n_updates          | 75899     |
|    policy_loss        | -0.000838 |
|    value_loss         | 0.0242    |
-------------------------------------
------------------------------------
| rollout/              |          |
|    ep_len_mean        | 897      |
|    ep_rew_mean        | 68.7     |
| time/                 |          |
|    fps                | 1176     |
|    iterations         | 76000    |
|    time_elapsed       | 1033     |
|    total_timesteps    | 1216000  |
| train/                |          |
|    entropy_loss       | -0.931   |
|    explained_variance | 0.873    |
|    learning_rate      | 4.53e-05 |
|    n_updates          | 75999    |
|    policy_loss        | -1.9     |
|    value_loss         | 2.72     |
------------------------------------
------------------------------------
| rollout/              |          |
|    ep_len_mean        | 897      |
|    ep_rew_mean        | 68.7     |
| time/                 |          |
|    fps                | 1176     |
|    iterations         | 76100    |
|    time_elapsed       | 1034     |
|    total_timesteps    | 1217600  |
| train/                |          |
|    entropy_loss       | -1.12    |
|    explained_variance | -0.00596 |
|    learning_rate      | 4.52e-05 |
|    n_updates          | 76099    |
|    policy_loss        | 0.194    |
|    value_loss         | 0.131    |
------------------------------------
------------------------------------
| rollout/              |          |
|    ep_len_mean        | 897      |
|    ep_rew_mean        | 68.8     |
| time/                 |          |
|    fps                | 1176     |
|    iterations         | 76200    |
|    time_elapsed       | 1036     |
|    total_timesteps    | 1219200  |
| train/                |          |
|    entropy_loss       | -0.955   |
|    explained_variance | -0.00459 |
|    learning_rate      | 4.51e-05 |
|    n_updates          | 76199    |
|    policy_loss        | -0.0343  |
|    value_loss         | 0.0163   |
------------------------------------
------------------------------------
| rollout/              |          |
|    ep_len_mean        | 885      |
|    ep_rew_mean        | 66.4     |
| time/                 |          |
|    fps                | 1176     |
|    iterations         | 76300    |
|    time_elapsed       | 1037     |
|    total_timesteps    | 1220800  |
| train/                |          |
|    entropy_loss       | -1.02    |
|    explained_variance | 0.87     |
|    learning_rate      | 4.51e-05 |
|    n_updates          | 76299    |
|    policy_loss        | -1.49    |
|    value_loss         | 2.12     |
------------------------------------
------------------------------------
| rollout/              |          |
|    ep_len_mean        | 874      |
|    ep_rew_mean        | 62.5     |
| time/                 |          |
|    fps                | 1177     |
|    iterations         | 76400    |
|    time_elapsed       | 1038     |
|    total_timesteps    | 1222400  |
| train/                |          |
|    entropy_loss       | -0.879   |
|    explained_variance | 0.746    |
|    learning_rate      | 4.5e-05  |
|    n_updates          | 76399    |
|    policy_loss        | -1.34    |
|    value_loss         | 5.86     |
------------------------------------
------------------------------------
| rollout/              |          |
|    ep_len_mean        | 868      |
|    ep_rew_mean        | 60.9     |
| time/                 |          |
|    fps                | 1177     |
|    iterations         | 76500    |
|    time_elapsed       | 1039     |
|    total_timesteps    | 1224000  |
| train/                |          |
|    entropy_loss       | -0.994   |
|    explained_variance | 0.835    |
|    learning_rate      | 4.49e-05 |
|    n_updates          | 76499    |
|    policy_loss        | 0.562    |
|    value_loss         | 1.84     |
------------------------------------
------------------------------------
| rollout/              |          |
|    ep_len_mean        | 868      |
|    ep_rew_mean        | 60       |
| time/                 |          |
|    fps                | 1177     |
|    iterations         | 76600    |
|    time_elapsed       | 1041     |
|    total_timesteps    | 1225600  |
| train/                |          |
|    entropy_loss       | -1.18    |
|    explained_variance | 0.00136  |
|    learning_rate      | 4.48e-05 |
|    n_updates          | 76599    |
|    policy_loss        | -2.66    |
|    value_loss         | 4.19     |
------------------------------------
------------------------------------
| rollout/              |          |
|    ep_len_mean        | 868      |
|    ep_rew_mean        | 59.4     |
| time/                 |          |
|    fps                | 1177     |
|    iterations         | 76700    |
|    time_elapsed       | 1042     |
|    total_timesteps    | 1227200  |
| train/                |          |
|    entropy_loss       | -0.926   |
|    explained_variance | 0.953    |
|    learning_rate      | 4.48e-05 |
|    n_updates          | 76699    |
|    policy_loss        | 1.68     |
|    value_loss         | 12.5     |
------------------------------------
------------------------------------
| rollout/              |          |
|    ep_len_mean        | 868      |
|    ep_rew_mean        | 59.1     |
| time/                 |          |
|    fps                | 1177     |
|    iterations         | 76800    |
|    time_elapsed       | 1043     |
|    total_timesteps    | 1228800  |
| train/                |          |
|    entropy_loss       | -0.926   |
|    explained_variance | 0.679    |
|    learning_rate      | 4.47e-05 |
|    n_updates          | 76799    |
|    policy_loss        | 3.44     |
|    value_loss         | 13.6     |
------------------------------------
------------------------------------
| rollout/              |          |
|    ep_len_mean        | 868      |
|    ep_rew_mean        | 59       |
| time/                 |          |
|    fps                | 1177     |
|    iterations         | 76900    |
|    time_elapsed       | 1044     |
|    total_timesteps    | 1230400  |
| train/                |          |
|    entropy_loss       | -0.972   |
|    explained_variance | 0.0802   |
|    learning_rate      | 4.46e-05 |
|    n_updates          | 76899    |
|    policy_loss        | 0.0531   |
|    value_loss         | 0.0372   |
------------------------------------
------------------------------------
| rollout/              |          |
|    ep_len_mean        | 874      |
|    ep_rew_mean        | 59.2     |
| time/                 |          |
|    fps                | 1177     |
|    iterations         | 77000    |
|    time_elapsed       | 1046     |
|    total_timesteps    | 1232000  |
| train/                |          |
|    entropy_loss       | -0.977   |
|    explained_variance | 0.97     |
|    learning_rate      | 4.46e-05 |
|    n_updates          | 76999    |
|    policy_loss        | -0.413   |
|    value_loss         | 0.255    |
------------------------------------
------------------------------------
| rollout/              |          |
|    ep_len_mean        | 872      |
|    ep_rew_mean        | 59.8     |
| time/                 |          |
|    fps                | 1177     |
|    iterations         | 77100    |
|    time_elapsed       | 1047     |
|    total_timesteps    | 1233600  |
| train/                |          |
|    entropy_loss       | -0.943   |
|    explained_variance | -0.00718 |
|    learning_rate      | 4.45e-05 |
|    n_updates          | 77099    |
|    policy_loss        | 4.16     |
|    value_loss         | 25.1     |
------------------------------------
------------------------------------
| rollout/              |          |
|    ep_len_mean        | 877      |
|    ep_rew_mean        | 61.7     |
| time/                 |          |
|    fps                | 1177     |
|    iterations         | 77200    |
|    time_elapsed       | 1048     |
|    total_timesteps    | 1235200  |
| train/                |          |
|    entropy_loss       | -0.792   |
|    explained_variance | 0.0502   |
|    learning_rate      | 4.44e-05 |
|    n_updates          | 77199    |
|    policy_loss        | -0.106   |
|    value_loss         | 0.0386   |
------------------------------------
------------------------------------
| rollout/              |          |
|    ep_len_mean        | 877      |
|    ep_rew_mean        | 61       |
| time/                 |          |
|    fps                | 1177     |
|    iterations         | 77300    |
|    time_elapsed       | 1050     |
|    total_timesteps    | 1236800  |
| train/                |          |
|    entropy_loss       | -1.03    |
|    explained_variance | 0.00435  |
|    learning_rate      | 4.43e-05 |
|    n_updates          | 77299    |
|    policy_loss        | 0.0796   |
|    value_loss         | 0.152    |
------------------------------------
------------------------------------
| rollout/              |          |
|    ep_len_mean        | 882      |
|    ep_rew_mean        | 62.6     |
| time/                 |          |
|    fps                | 1177     |
|    iterations         | 77400    |
|    time_elapsed       | 1051     |
|    total_timesteps    | 1238400  |
| train/                |          |
|    entropy_loss       | -1.05    |
|    explained_variance | 0.0239   |
|    learning_rate      | 4.43e-05 |
|    n_updates          | 77399    |
|    policy_loss        | -0.731   |
|    value_loss         | 0.48     |
------------------------------------
------------------------------------
| rollout/              |          |
|    ep_len_mean        | 887      |
|    ep_rew_mean        | 63.8     |
| time/                 |          |
|    fps                | 1178     |
|    iterations         | 77500    |
|    time_elapsed       | 1052     |
|    total_timesteps    | 1240000  |
| train/                |          |
|    entropy_loss       | -0.816   |
|    explained_variance | 0.604    |
|    learning_rate      | 4.42e-05 |
|    n_updates          | 77499    |
|    policy_loss        | -1.52    |
|    value_loss         | 5.43     |
------------------------------------
------------------------------------
| rollout/              |          |
|    ep_len_mean        | 874      |
|    ep_rew_mean        | 61.5     |
| time/                 |          |
|    fps                | 1178     |
|    iterations         | 77600    |
|    time_elapsed       | 1053     |
|    total_timesteps    | 1241600  |
| train/                |          |
|    entropy_loss       | -0.991   |
|    explained_variance | 0.836    |
|    learning_rate      | 4.41e-05 |
|    n_updates          | 77599    |
|    policy_loss        | -7.26    |
|    value_loss         | 29.1     |
------------------------------------
------------------------------------
| rollout/              |          |
|    ep_len_mean        | 862      |
|    ep_rew_mean        | 59.4     |
| time/                 |          |
|    fps                | 1178     |
|    iterations         | 77700    |
|    time_elapsed       | 1055     |
|    total_timesteps    | 1243200  |
| train/                |          |
|    entropy_loss       | -1.05    |
|    explained_variance | 0.811    |
|    learning_rate      | 4.41e-05 |
|    n_updates          | 77699    |
|    policy_loss        | 6.84     |
|    value_loss         | 62.5     |
------------------------------------
------------------------------------
| rollout/              |          |
|    ep_len_mean        | 867      |
|    ep_rew_mean        | 61.1     |
| time/                 |          |
|    fps                | 1178     |
|    iterations         | 77800    |
|    time_elapsed       | 1056     |
|    total_timesteps    | 1244800  |
| train/                |          |
|    entropy_loss       | -0.619   |
|    explained_variance | 0.743    |
|    learning_rate      | 4.4e-05  |
|    n_updates          | 77799    |
|    policy_loss        | -3.91    |
|    value_loss         | 22.2     |
------------------------------------
------------------------------------
| rollout/              |          |
|    ep_len_mean        | 860      |
|    ep_rew_mean        | 59.6     |
| time/                 |          |
|    fps                | 1178     |
|    iterations         | 77900    |
|    time_elapsed       | 1057     |
|    total_timesteps    | 1246400  |
| train/                |          |
|    entropy_loss       | -0.82    |
|    explained_variance | 0.932    |
|    learning_rate      | 4.39e-05 |
|    n_updates          | 77899    |
|    policy_loss        | 1.61     |
|    value_loss         | 5.94     |
------------------------------------
------------------------------------
| rollout/              |          |
|    ep_len_mean        | 860      |
|    ep_rew_mean        | 58.9     |
| time/                 |          |
|    fps                | 1178     |
|    iterations         | 78000    |
|    time_elapsed       | 1058     |
|    total_timesteps    | 1248000  |
| train/                |          |
|    entropy_loss       | -1.04    |
|    explained_variance | 0.942    |
|    learning_rate      | 4.38e-05 |
|    n_updates          | 77999    |
|    policy_loss        | -0.192   |
|    value_loss         | 0.403    |
------------------------------------
------------------------------------
| rollout/              |          |
|    ep_len_mean        | 860      |
|    ep_rew_mean        | 58.3     |
| time/                 |          |
|    fps                | 1178     |
|    iterations         | 78100    |
|    time_elapsed       | 1060     |
|    total_timesteps    | 1249600  |
| train/                |          |
|    entropy_loss       | -0.602   |
|    explained_variance | 0.0615   |
|    learning_rate      | 4.38e-05 |
|    n_updates          | 78099    |
|    policy_loss        | -0.0536  |
|    value_loss         | 0.0275   |
------------------------------------
Eval num_timesteps=1250000, episode_reward=119.82 +/- 58.54
Episode length: 798.60 +/- 117.96
------------------------------------
| eval/                 |          |
|    mean_ep_length     | 799      |
|    mean_reward        | 120      |
| time/                 |          |
|    total_timesteps    | 1250000  |
| train/                |          |
|    entropy_loss       | -0.85    |
|    explained_variance | -0.128   |
|    learning_rate      | 4.38e-05 |
|    n_updates          | 78124    |
|    policy_loss        | -0.135   |
|    value_loss         | 0.663    |
------------------------------------
------------------------------------
| rollout/              |          |
|    ep_len_mean        | 865      |
|    ep_rew_mean        | 60       |
| time/                 |          |
|    fps                | 1176     |
|    iterations         | 78200    |
|    time_elapsed       | 1063     |
|    total_timesteps    | 1251200  |
| train/                |          |
|    entropy_loss       | -0.843   |
|    explained_variance | -4.61    |
|    learning_rate      | 4.37e-05 |
|    n_updates          | 78199    |
|    policy_loss        | 7.37     |
|    value_loss         | 117      |
------------------------------------
------------------------------------
| rollout/              |          |
|    ep_len_mean        | 859      |
|    ep_rew_mean        | 58.7     |
| time/                 |          |
|    fps                | 1176     |
|    iterations         | 78300    |
|    time_elapsed       | 1064     |
|    total_timesteps    | 1252800  |
| train/                |          |
|    entropy_loss       | -1.22    |
|    explained_variance | 0.67     |
|    learning_rate      | 4.36e-05 |
|    n_updates          | 78299    |
|    policy_loss        | -2.08    |
|    value_loss         | 6.05     |
------------------------------------
------------------------------------
| rollout/              |          |
|    ep_len_mean        | 859      |
|    ep_rew_mean        | 58.9     |
| time/                 |          |
|    fps                | 1177     |
|    iterations         | 78400    |
|    time_elapsed       | 1065     |
|    total_timesteps    | 1254400  |
| train/                |          |
|    entropy_loss       | -1.11    |
|    explained_variance | 0.98     |
|    learning_rate      | 4.36e-05 |
|    n_updates          | 78399    |
|    policy_loss        | 0.226    |
|    value_loss         | 0.215    |
------------------------------------
------------------------------------
| rollout/              |          |
|    ep_len_mean        | 859      |
|    ep_rew_mean        | 59.9     |
| time/                 |          |
|    fps                | 1177     |
|    iterations         | 78500    |
|    time_elapsed       | 1066     |
|    total_timesteps    | 1256000  |
| train/                |          |
|    entropy_loss       | -0.475   |
|    explained_variance | 0.978    |
|    learning_rate      | 4.35e-05 |
|    n_updates          | 78499    |
|    policy_loss        | -0.414   |
|    value_loss         | 1.36     |
------------------------------------
------------------------------------
| rollout/              |          |
|    ep_len_mean        | 860      |
|    ep_rew_mean        | 62.6     |
| time/                 |          |
|    fps                | 1177     |
|    iterations         | 78600    |
|    time_elapsed       | 1068     |
|    total_timesteps    | 1257600  |
| train/                |          |
|    entropy_loss       | -1.05    |
|    explained_variance | 0.00349  |
|    learning_rate      | 4.34e-05 |
|    n_updates          | 78599    |
|    policy_loss        | 0.0766   |
|    value_loss         | 0.0942   |
------------------------------------
------------------------------------
| rollout/              |          |
|    ep_len_mean        | 860      |
|    ep_rew_mean        | 62.6     |
| time/                 |          |
|    fps                | 1177     |
|    iterations         | 78700    |
|    time_elapsed       | 1069     |
|    total_timesteps    | 1259200  |
| train/                |          |
|    entropy_loss       | -1.07    |
|    explained_variance | 0.93     |
|    learning_rate      | 4.33e-05 |
|    n_updates          | 78699    |
|    policy_loss        | -1.79    |
|    value_loss         | 4.63     |
------------------------------------
------------------------------------
| rollout/              |          |
|    ep_len_mean        | 860      |
|    ep_rew_mean        | 62.7     |
| time/                 |          |
|    fps                | 1177     |
|    iterations         | 78800    |
|    time_elapsed       | 1070     |
|    total_timesteps    | 1260800  |
| train/                |          |
|    entropy_loss       | -0.71    |
|    explained_variance | -0.38    |
|    learning_rate      | 4.33e-05 |
|    n_updates          | 78799    |
|    policy_loss        | -26.2    |
|    value_loss         | 1.05e+03 |
------------------------------------
------------------------------------
| rollout/              |          |
|    ep_len_mean        | 861      |
|    ep_rew_mean        | 61.8     |
| time/                 |          |
|    fps                | 1177     |
|    iterations         | 78900    |
|    time_elapsed       | 1072     |
|    total_timesteps    | 1262400  |
| train/                |          |
|    entropy_loss       | -1.12    |
|    explained_variance | 0.0115   |
|    learning_rate      | 4.32e-05 |
|    n_updates          | 78899    |
|    policy_loss        | 0.121    |
|    value_loss         | 0.113    |
------------------------------------
------------------------------------
| rollout/              |          |
|    ep_len_mean        | 856      |
|    ep_rew_mean        | 60.7     |
| time/                 |          |
|    fps                | 1177     |
|    iterations         | 79000    |
|    time_elapsed       | 1073     |
|    total_timesteps    | 1264000  |
| train/                |          |
|    entropy_loss       | -0.988   |
|    explained_variance | 0.91     |
|    learning_rate      | 4.31e-05 |
|    n_updates          | 78999    |
|    policy_loss        | 0.981    |
|    value_loss         | 1.34     |
------------------------------------
------------------------------------
| rollout/              |          |
|    ep_len_mean        | 850      |
|    ep_rew_mean        | 59       |
| time/                 |          |
|    fps                | 1177     |
|    iterations         | 79100    |
|    time_elapsed       | 1074     |
|    total_timesteps    | 1265600  |
| train/                |          |
|    entropy_loss       | -1.1     |
|    explained_variance | 0.907    |
|    learning_rate      | 4.3e-05  |
|    n_updates          | 79099    |
|    policy_loss        | -1.14    |
|    value_loss         | 2.13     |
------------------------------------
------------------------------------
| rollout/              |          |
|    ep_len_mean        | 844      |
|    ep_rew_mean        | 57.6     |
| time/                 |          |
|    fps                | 1177     |
|    iterations         | 79200    |
|    time_elapsed       | 1076     |
|    total_timesteps    | 1267200  |
| train/                |          |
|    entropy_loss       | -1.16    |
|    explained_variance | 0.579    |
|    learning_rate      | 4.3e-05  |
|    n_updates          | 79199    |
|    policy_loss        | -2.88    |
|    value_loss         | 11.7     |
------------------------------------
------------------------------------
| rollout/              |          |
|    ep_len_mean        | 844      |
|    ep_rew_mean        | 57.1     |
| time/                 |          |
|    fps                | 1177     |
|    iterations         | 79300    |
|    time_elapsed       | 1077     |
|    total_timesteps    | 1268800  |
| train/                |          |
|    entropy_loss       | -1.26    |
|    explained_variance | 0.487    |
|    learning_rate      | 4.29e-05 |
|    n_updates          | 79299    |
|    policy_loss        | 3.64     |
|    value_loss         | 15.7     |
------------------------------------
------------------------------------
| rollout/              |          |
|    ep_len_mean        | 848      |
|    ep_rew_mean        | 56       |
| time/                 |          |
|    fps                | 1177     |
|    iterations         | 79400    |
|    time_elapsed       | 1079     |
|    total_timesteps    | 1270400  |
| train/                |          |
|    entropy_loss       | -1.1     |
|    explained_variance | -0.0627  |
|    learning_rate      | 4.28e-05 |
|    n_updates          | 79399    |
|    policy_loss        | -7.16    |
|    value_loss         | 37       |
------------------------------------
------------------------------------
| rollout/              |          |
|    ep_len_mean        | 848      |
|    ep_rew_mean        | 56.2     |
| time/                 |          |
|    fps                | 1176     |
|    iterations         | 79500    |
|    time_elapsed       | 1080     |
|    total_timesteps    | 1272000  |
| train/                |          |
|    entropy_loss       | -1.23    |
|    explained_variance | 0.516    |
|    learning_rate      | 4.28e-05 |
|    n_updates          | 79499    |
|    policy_loss        | -0.124   |
|    value_loss         | 1.02     |
------------------------------------
------------------------------------
| rollout/              |          |
|    ep_len_mean        | 845      |
|    ep_rew_mean        | 56.4     |
| time/                 |          |
|    fps                | 1176     |
|    iterations         | 79600    |
|    time_elapsed       | 1082     |
|    total_timesteps    | 1273600  |
| train/                |          |
|    entropy_loss       | -0.561   |
|    explained_variance | 0.95     |
|    learning_rate      | 4.27e-05 |
|    n_updates          | 79599    |
|    policy_loss        | 0.0174   |
|    value_loss         | 0.634    |
------------------------------------
------------------------------------
| rollout/              |          |
|    ep_len_mean        | 842      |
|    ep_rew_mean        | 56.9     |
| time/                 |          |
|    fps                | 1176     |
|    iterations         | 79700    |
|    time_elapsed       | 1083     |
|    total_timesteps    | 1275200  |
| train/                |          |
|    entropy_loss       | -0.943   |
|    explained_variance | 0.883    |
|    learning_rate      | 4.26e-05 |
|    n_updates          | 79699    |
|    policy_loss        | -0.802   |
|    value_loss         | 2.97     |
------------------------------------
------------------------------------
| rollout/              |          |
|    ep_len_mean        | 846      |
|    ep_rew_mean        | 58.6     |
| time/                 |          |
|    fps                | 1176     |
|    iterations         | 79800    |
|    time_elapsed       | 1085     |
|    total_timesteps    | 1276800  |
| train/                |          |
|    entropy_loss       | -1.12    |
|    explained_variance | -0.00103 |
|    learning_rate      | 4.25e-05 |
|    n_updates          | 79799    |
|    policy_loss        | -0.0201  |
|    value_loss         | 0.229    |
------------------------------------
------------------------------------
| rollout/              |          |
|    ep_len_mean        | 841      |
|    ep_rew_mean        | 58.1     |
| time/                 |          |
|    fps                | 1176     |
|    iterations         | 79900    |
|    time_elapsed       | 1086     |
|    total_timesteps    | 1278400  |
| train/                |          |
|    entropy_loss       | -1.1     |
|    explained_variance | -0.00707 |
|    learning_rate      | 4.25e-05 |
|    n_updates          | 79899    |
|    policy_loss        | -0.0965  |
|    value_loss         | 0.0696   |
------------------------------------
------------------------------------
| rollout/              |          |
|    ep_len_mean        | 836      |
|    ep_rew_mean        | 57       |
| time/                 |          |
|    fps                | 1176     |
|    iterations         | 80000    |
|    time_elapsed       | 1088     |
|    total_timesteps    | 1280000  |
| train/                |          |
|    entropy_loss       | -1.12    |
|    explained_variance | 0.00477  |
|    learning_rate      | 4.24e-05 |
|    n_updates          | 79999    |
|    policy_loss        | -0.494   |
|    value_loss         | 0.27     |
------------------------------------
------------------------------------
| rollout/              |          |
|    ep_len_mean        | 840      |
|    ep_rew_mean        | 59       |
| time/                 |          |
|    fps                | 1176     |
|    iterations         | 80100    |
|    time_elapsed       | 1089     |
|    total_timesteps    | 1281600  |
| train/                |          |
|    entropy_loss       | -1.15    |
|    explained_variance | 0.871    |
|    learning_rate      | 4.23e-05 |
|    n_updates          | 80099    |
|    policy_loss        | -3.38    |
|    value_loss         | 7.94     |
------------------------------------
------------------------------------
| rollout/              |          |
|    ep_len_mean        | 840      |
|    ep_rew_mean        | 58.6     |
| time/                 |          |
|    fps                | 1175     |
|    iterations         | 80200    |
|    time_elapsed       | 1091     |
|    total_timesteps    | 1283200  |
| train/                |          |
|    entropy_loss       | -0.962   |
|    explained_variance | 0.676    |
|    learning_rate      | 4.23e-05 |
|    n_updates          | 80199    |
|    policy_loss        | -1.48    |
|    value_loss         | 3.17     |
------------------------------------
------------------------------------
| rollout/              |          |
|    ep_len_mean        | 840      |
|    ep_rew_mean        | 58.5     |
| time/                 |          |
|    fps                | 1175     |
|    iterations         | 80300    |
|    time_elapsed       | 1092     |
|    total_timesteps    | 1284800  |
| train/                |          |
|    entropy_loss       | -1.13    |
|    explained_variance | 0.015    |
|    learning_rate      | 4.22e-05 |
|    n_updates          | 80299    |
|    policy_loss        | -0.0622  |
|    value_loss         | 0.304    |
------------------------------------
------------------------------------
| rollout/              |          |
|    ep_len_mean        | 840      |
|    ep_rew_mean        | 59.1     |
| time/                 |          |
|    fps                | 1175     |
|    iterations         | 80400    |
|    time_elapsed       | 1094     |
|    total_timesteps    | 1286400  |
| train/                |          |
|    entropy_loss       | -0.909   |
|    explained_variance | 0.441    |
|    learning_rate      | 4.21e-05 |
|    n_updates          | 80399    |
|    policy_loss        | -4.96    |
|    value_loss         | 16.5     |
------------------------------------
------------------------------------
| rollout/              |          |
|    ep_len_mean        | 840      |
|    ep_rew_mean        | 58.4     |
| time/                 |          |
|    fps                | 1175     |
|    iterations         | 80500    |
|    time_elapsed       | 1095     |
|    total_timesteps    | 1288000  |
| train/                |          |
|    entropy_loss       | -1.12    |
|    explained_variance | 0.941    |
|    learning_rate      | 4.2e-05  |
|    n_updates          | 80499    |
|    policy_loss        | -0.977   |
|    value_loss         | 1.01     |
------------------------------------
------------------------------------
| rollout/              |          |
|    ep_len_mean        | 841      |
|    ep_rew_mean        | 58.5     |
| time/                 |          |
|    fps                | 1175     |
|    iterations         | 80600    |
|    time_elapsed       | 1097     |
|    total_timesteps    | 1289600  |
| train/                |          |
|    entropy_loss       | -1.12    |
|    explained_variance | 0.0233   |
|    learning_rate      | 4.2e-05  |
|    n_updates          | 80599    |
|    policy_loss        | -8.18    |
|    value_loss         | 45.1     |
------------------------------------
------------------------------------
| rollout/              |          |
|    ep_len_mean        | 846      |
|    ep_rew_mean        | 60.2     |
| time/                 |          |
|    fps                | 1175     |
|    iterations         | 80700    |
|    time_elapsed       | 1098     |
|    total_timesteps    | 1291200  |
| train/                |          |
|    entropy_loss       | -1.08    |
|    explained_variance | 0.00843  |
|    learning_rate      | 4.19e-05 |
|    n_updates          | 80699    |
|    policy_loss        | -0.526   |
|    value_loss         | 0.265    |
------------------------------------
------------------------------------
| rollout/              |          |
|    ep_len_mean        | 848      |
|    ep_rew_mean        | 59.9     |
| time/                 |          |
|    fps                | 1175     |
|    iterations         | 80800    |
|    time_elapsed       | 1100     |
|    total_timesteps    | 1292800  |
| train/                |          |
|    entropy_loss       | -1.08    |
|    explained_variance | -0.426   |
|    learning_rate      | 4.18e-05 |
|    n_updates          | 80799    |
|    policy_loss        | 2.67     |
|    value_loss         | 7.09     |
------------------------------------
------------------------------------
| rollout/              |          |
|    ep_len_mean        | 855      |
|    ep_rew_mean        | 61.3     |
| time/                 |          |
|    fps                | 1174     |
|    iterations         | 80900    |
|    time_elapsed       | 1101     |
|    total_timesteps    | 1294400  |
| train/                |          |
|    entropy_loss       | -0.946   |
|    explained_variance | 0.636    |
|    learning_rate      | 4.18e-05 |
|    n_updates          | 80899    |
|    policy_loss        | 4.02     |
|    value_loss         | 14.3     |
------------------------------------
------------------------------------
| rollout/              |          |
|    ep_len_mean        | 851      |
|    ep_rew_mean        | 59.5     |
| time/                 |          |
|    fps                | 1174     |
|    iterations         | 81000    |
|    time_elapsed       | 1103     |
|    total_timesteps    | 1296000  |
| train/                |          |
|    entropy_loss       | -1.06    |
|    explained_variance | 0.89     |
|    learning_rate      | 4.17e-05 |
|    n_updates          | 80999    |
|    policy_loss        | 1.92     |
|    value_loss         | 5.66     |
------------------------------------
------------------------------------
| rollout/              |          |
|    ep_len_mean        | 844      |
|    ep_rew_mean        | 58.2     |
| time/                 |          |
|    fps                | 1174     |
|    iterations         | 81100    |
|    time_elapsed       | 1104     |
|    total_timesteps    | 1297600  |
| train/                |          |
|    entropy_loss       | -1.11    |
|    explained_variance | 0.902    |
|    learning_rate      | 4.16e-05 |
|    n_updates          | 81099    |
|    policy_loss        | -0.815   |
|    value_loss         | 1.11     |
------------------------------------
------------------------------------
| rollout/              |          |
|    ep_len_mean        | 844      |
|    ep_rew_mean        | 58.6     |
| time/                 |          |
|    fps                | 1174     |
|    iterations         | 81200    |
|    time_elapsed       | 1106     |
|    total_timesteps    | 1299200  |
| train/                |          |
|    entropy_loss       | -0.976   |
|    explained_variance | 0.0131   |
|    learning_rate      | 4.15e-05 |
|    n_updates          | 81199    |
|    policy_loss        | 0.15     |
|    value_loss         | 0.0418   |
------------------------------------
Eval num_timesteps=1300000, episode_reward=-77.05 +/- 6.50
Episode length: 961.60 +/- 76.80
------------------------------------
| eval/                 |          |
|    mean_ep_length     | 962      |
|    mean_reward        | -77      |
| time/                 |          |
|    total_timesteps    | 1300000  |
| train/                |          |
|    entropy_loss       | -1.09    |
|    explained_variance | -0.0202  |
|    learning_rate      | 4.15e-05 |
|    n_updates          | 81249    |
|    policy_loss        | 0.0991   |
|    value_loss         | 0.126    |
------------------------------------
------------------------------------
| rollout/              |          |
|    ep_len_mean        | 850      |
|    ep_rew_mean        | 59       |
| time/                 |          |
|    fps                | 1172     |
|    iterations         | 81300    |
|    time_elapsed       | 1109     |
|    total_timesteps    | 1300800  |
| train/                |          |
|    entropy_loss       | -0.943   |
|    explained_variance | 0.12     |
|    learning_rate      | 4.15e-05 |
|    n_updates          | 81299    |
|    policy_loss        | -3.77    |
|    value_loss         | 18.2     |
------------------------------------
------------------------------------
| rollout/              |          |
|    ep_len_mean        | 856      |
|    ep_rew_mean        | 59.6     |
| time/                 |          |
|    fps                | 1172     |
|    iterations         | 81400    |
|    time_elapsed       | 1110     |
|    total_timesteps    | 1302400  |
| train/                |          |
|    entropy_loss       | -1.22    |
|    explained_variance | 0.22     |
|    learning_rate      | 4.14e-05 |
|    n_updates          | 81399    |
|    policy_loss        | 0.283    |
|    value_loss         | 2.7      |
------------------------------------
------------------------------------
| rollout/              |          |
|    ep_len_mean        | 853      |
|    ep_rew_mean        | 59.2     |
| time/                 |          |
|    fps                | 1172     |
|    iterations         | 81500    |
|    time_elapsed       | 1111     |
|    total_timesteps    | 1304000  |
| train/                |          |
|    entropy_loss       | -0.406   |
|    explained_variance | 0.00443  |
|    learning_rate      | 4.13e-05 |
|    n_updates          | 81499    |
|    policy_loss        | -0.13    |
|    value_loss         | 1.5      |
------------------------------------
------------------------------------
| rollout/              |          |
|    ep_len_mean        | 853      |
|    ep_rew_mean        | 57.8     |
| time/                 |          |
|    fps                | 1172     |
|    iterations         | 81600    |
|    time_elapsed       | 1113     |
|    total_timesteps    | 1305600  |
| train/                |          |
|    entropy_loss       | -0.959   |
|    explained_variance | -0.183   |
|    learning_rate      | 4.12e-05 |
|    n_updates          | 81599    |
|    policy_loss        | 1.96     |
|    value_loss         | 5.89     |
------------------------------------
------------------------------------
| rollout/              |          |
|    ep_len_mean        | 865      |
|    ep_rew_mean        | 59.3     |
| time/                 |          |
|    fps                | 1172     |
|    iterations         | 81700    |
|    time_elapsed       | 1114     |
|    total_timesteps    | 1307200  |
| train/                |          |
|    entropy_loss       | -0.993   |
|    explained_variance | 0.933    |
|    learning_rate      | 4.12e-05 |
|    n_updates          | 81699    |
|    policy_loss        | 0.0494   |
|    value_loss         | 1.23     |
------------------------------------
------------------------------------
| rollout/              |          |
|    ep_len_mean        | 871      |
|    ep_rew_mean        | 60.5     |
| time/                 |          |
|    fps                | 1173     |
|    iterations         | 81800    |
|    time_elapsed       | 1115     |
|    total_timesteps    | 1308800  |
| train/                |          |
|    entropy_loss       | -0.919   |
|    explained_variance | -0.0889  |
|    learning_rate      | 4.11e-05 |
|    n_updates          | 81799    |
|    policy_loss        | 0.399    |
|    value_loss         | 0.771    |
------------------------------------
------------------------------------
| rollout/              |          |
|    ep_len_mean        | 876      |
|    ep_rew_mean        | 61.1     |
| time/                 |          |
|    fps                | 1173     |
|    iterations         | 81900    |
|    time_elapsed       | 1116     |
|    total_timesteps    | 1310400  |
| train/                |          |
|    entropy_loss       | -1.17    |
|    explained_variance | 0.453    |
|    learning_rate      | 4.1e-05  |
|    n_updates          | 81899    |
|    policy_loss        | -4.36    |
|    value_loss         | 14.1     |
------------------------------------
------------------------------------
| rollout/              |          |
|    ep_len_mean        | 882      |
|    ep_rew_mean        | 61.1     |
| time/                 |          |
|    fps                | 1173     |
|    iterations         | 82000    |
|    time_elapsed       | 1118     |
|    total_timesteps    | 1312000  |
| train/                |          |
|    entropy_loss       | -0.932   |
|    explained_variance | -0.00479 |
|    learning_rate      | 4.1e-05  |
|    n_updates          | 81999    |
|    policy_loss        | 0.0197   |
|    value_loss         | 0.0438   |
------------------------------------
------------------------------------
| rollout/              |          |
|    ep_len_mean        | 882      |
|    ep_rew_mean        | 62       |
| time/                 |          |
|    fps                | 1173     |
|    iterations         | 82100    |
|    time_elapsed       | 1119     |
|    total_timesteps    | 1313600  |
| train/                |          |
|    entropy_loss       | -0.788   |
|    explained_variance | -0.204   |
|    learning_rate      | 4.09e-05 |
|    n_updates          | 82099    |
|    policy_loss        | 1.44     |
|    value_loss         | 7.13     |
------------------------------------
------------------------------------
| rollout/              |          |
|    ep_len_mean        | 879      |
|    ep_rew_mean        | 59.4     |
| time/                 |          |
|    fps                | 1173     |
|    iterations         | 82200    |
|    time_elapsed       | 1120     |
|    total_timesteps    | 1315200  |
| train/                |          |
|    entropy_loss       | -1.07    |
|    explained_variance | 0.887    |
|    learning_rate      | 4.08e-05 |
|    n_updates          | 82199    |
|    policy_loss        | -2.37    |
|    value_loss         | 6.64     |
------------------------------------
------------------------------------
| rollout/              |          |
|    ep_len_mean        | 870      |
|    ep_rew_mean        | 56.6     |
| time/                 |          |
|    fps                | 1173     |
|    iterations         | 82300    |
|    time_elapsed       | 1122     |
|    total_timesteps    | 1316800  |
| train/                |          |
|    entropy_loss       | -0.838   |
|    explained_variance | -0.141   |
|    learning_rate      | 4.07e-05 |
|    n_updates          | 82299    |
|    policy_loss        | 6.72     |
|    value_loss         | 66.9     |
------------------------------------
------------------------------------
| rollout/              |          |
|    ep_len_mean        | 870      |
|    ep_rew_mean        | 56.8     |
| time/                 |          |
|    fps                | 1173     |
|    iterations         | 82400    |
|    time_elapsed       | 1123     |
|    total_timesteps    | 1318400  |
| train/                |          |
|    entropy_loss       | -1.04    |
|    explained_variance | 0.91     |
|    learning_rate      | 4.07e-05 |
|    n_updates          | 82399    |
|    policy_loss        | -0.742   |
|    value_loss         | 1.03     |
------------------------------------
------------------------------------
| rollout/              |          |
|    ep_len_mean        | 870      |
|    ep_rew_mean        | 57.5     |
| time/                 |          |
|    fps                | 1173     |
|    iterations         | 82500    |
|    time_elapsed       | 1124     |
|    total_timesteps    | 1320000  |
| train/                |          |
|    entropy_loss       | -1.05    |
|    explained_variance | 0.939    |
|    learning_rate      | 4.06e-05 |
|    n_updates          | 82499    |
|    policy_loss        | -0.0844  |
|    value_loss         | 0.323    |
------------------------------------
------------------------------------
| rollout/              |          |
|    ep_len_mean        | 866      |
|    ep_rew_mean        | 55.5     |
| time/                 |          |
|    fps                | 1173     |
|    iterations         | 82600    |
|    time_elapsed       | 1125     |
|    total_timesteps    | 1321600  |
| train/                |          |
|    entropy_loss       | -0.993   |
|    explained_variance | 0.875    |
|    learning_rate      | 4.05e-05 |
|    n_updates          | 82599    |
|    policy_loss        | 0.5      |
|    value_loss         | 1.04     |
------------------------------------
------------------------------------
| rollout/              |          |
|    ep_len_mean        | 872      |
|    ep_rew_mean        | 57.8     |
| time/                 |          |
|    fps                | 1173     |
|    iterations         | 82700    |
|    time_elapsed       | 1127     |
|    total_timesteps    | 1323200  |
| train/                |          |
|    entropy_loss       | -1.29    |
|    explained_variance | 0.134    |
|    learning_rate      | 4.05e-05 |
|    n_updates          | 82699    |
|    policy_loss        | -6.87    |
|    value_loss         | 37.3     |
------------------------------------
------------------------------------
| rollout/              |          |
|    ep_len_mean        | 872      |
|    ep_rew_mean        | 57.4     |
| time/                 |          |
|    fps                | 1173     |
|    iterations         | 82800    |
|    time_elapsed       | 1128     |
|    total_timesteps    | 1324800  |
| train/                |          |
|    entropy_loss       | -1.1     |
|    explained_variance | -0.00266 |
|    learning_rate      | 4.04e-05 |
|    n_updates          | 82799    |
|    policy_loss        | 0.0483   |
|    value_loss         | 0.0439   |
------------------------------------
------------------------------------
| rollout/              |          |
|    ep_len_mean        | 872      |
|    ep_rew_mean        | 57.9     |
| time/                 |          |
|    fps                | 1173     |
|    iterations         | 82900    |
|    time_elapsed       | 1130     |
|    total_timesteps    | 1326400  |
| train/                |          |
|    entropy_loss       | -1.08    |
|    explained_variance | 0.924    |
|    learning_rate      | 4.03e-05 |
|    n_updates          | 82899    |
|    policy_loss        | 0.627    |
|    value_loss         | 1.06     |
------------------------------------
------------------------------------
| rollout/              |          |
|    ep_len_mean        | 872      |
|    ep_rew_mean        | 58       |
| time/                 |          |
|    fps                | 1172     |
|    iterations         | 83000    |
|    time_elapsed       | 1132     |
|    total_timesteps    | 1328000  |
| train/                |          |
|    entropy_loss       | -1.05    |
|    explained_variance | -0.156   |
|    learning_rate      | 4.02e-05 |
|    n_updates          | 82999    |
|    policy_loss        | 0.0963   |
|    value_loss         | 0.367    |
------------------------------------
------------------------------------
| rollout/              |          |
|    ep_len_mean        | 885      |
|    ep_rew_mean        | 60.1     |
| time/                 |          |
|    fps                | 1172     |
|    iterations         | 83100    |
|    time_elapsed       | 1133     |
|    total_timesteps    | 1329600  |
| train/                |          |
|    entropy_loss       | -0.773   |
|    explained_variance | 0.943    |
|    learning_rate      | 4.02e-05 |
|    n_updates          | 83099    |
|    policy_loss        | -1.31    |
|    value_loss         | 1.63     |
------------------------------------
------------------------------------
| rollout/              |          |
|    ep_len_mean        | 892      |
|    ep_rew_mean        | 61.2     |
| time/                 |          |
|    fps                | 1172     |
|    iterations         | 83200    |
|    time_elapsed       | 1135     |
|    total_timesteps    | 1331200  |
| train/                |          |
|    entropy_loss       | -0.273   |
|    explained_variance | 0.824    |
|    learning_rate      | 4.01e-05 |
|    n_updates          | 83199    |
|    policy_loss        | 0.72     |
|    value_loss         | 3.27     |
------------------------------------
------------------------------------
| rollout/              |          |
|    ep_len_mean        | 897      |
|    ep_rew_mean        | 62.5     |
| time/                 |          |
|    fps                | 1172     |
|    iterations         | 83300    |
|    time_elapsed       | 1136     |
|    total_timesteps    | 1332800  |
| train/                |          |
|    entropy_loss       | -0.939   |
|    explained_variance | 0.0233   |
|    learning_rate      | 4e-05    |
|    n_updates          | 83299    |
|    policy_loss        | -0.114   |
|    value_loss         | 0.0329   |
------------------------------------
------------------------------------
| rollout/              |          |
|    ep_len_mean        | 904      |
|    ep_rew_mean        | 63.2     |
| time/                 |          |
|    fps                | 1172     |
|    iterations         | 83400    |
|    time_elapsed       | 1137     |
|    total_timesteps    | 1334400  |
| train/                |          |
|    entropy_loss       | -1.03    |
|    explained_variance | 0.888    |
|    learning_rate      | 4e-05    |
|    n_updates          | 83399    |
|    policy_loss        | -0.543   |
|    value_loss         | 1.32     |
------------------------------------
------------------------------------
| rollout/              |          |
|    ep_len_mean        | 907      |
|    ep_rew_mean        | 62.5     |
| time/                 |          |
|    fps                | 1172     |
|    iterations         | 83500    |
|    time_elapsed       | 1139     |
|    total_timesteps    | 1336000  |
| train/                |          |
|    entropy_loss       | -1.2     |
|    explained_variance | 0.909    |
|    learning_rate      | 3.99e-05 |
|    n_updates          | 83499    |
|    policy_loss        | -1.98    |
|    value_loss         | 4.05     |
------------------------------------
------------------------------------
| rollout/              |          |
|    ep_len_mean        | 906      |
|    ep_rew_mean        | 62.8     |
| time/                 |          |
|    fps                | 1172     |
|    iterations         | 83600    |
|    time_elapsed       | 1140     |
|    total_timesteps    | 1337600  |
| train/                |          |
|    entropy_loss       | -1.14    |
|    explained_variance | 0.714    |
|    learning_rate      | 3.98e-05 |
|    n_updates          | 83599    |
|    policy_loss        | -8.91    |
|    value_loss         | 62.4     |
------------------------------------
------------------------------------
| rollout/              |          |
|    ep_len_mean        | 906      |
|    ep_rew_mean        | 61.9     |
| time/                 |          |
|    fps                | 1172     |
|    iterations         | 83700    |
|    time_elapsed       | 1142     |
|    total_timesteps    | 1339200  |
| train/                |          |
|    entropy_loss       | -0.817   |
|    explained_variance | 0.808    |
|    learning_rate      | 3.97e-05 |
|    n_updates          | 83699    |
|    policy_loss        | -1.69    |
|    value_loss         | 2.37     |
------------------------------------
------------------------------------
| rollout/              |          |
|    ep_len_mean        | 904      |
|    ep_rew_mean        | 61.2     |
| time/                 |          |
|    fps                | 1172     |
|    iterations         | 83800    |
|    time_elapsed       | 1143     |
|    total_timesteps    | 1340800  |
| train/                |          |
|    entropy_loss       | -0.916   |
|    explained_variance | 0.91     |
|    learning_rate      | 3.97e-05 |
|    n_updates          | 83799    |
|    policy_loss        | -0.7     |
|    value_loss         | 0.534    |
------------------------------------
------------------------------------
| rollout/              |          |
|    ep_len_mean        | 905      |
|    ep_rew_mean        | 60       |
| time/                 |          |
|    fps                | 1171     |
|    iterations         | 83900    |
|    time_elapsed       | 1145     |
|    total_timesteps    | 1342400  |
| train/                |          |
|    entropy_loss       | -0.983   |
|    explained_variance | 0.831    |
|    learning_rate      | 3.96e-05 |
|    n_updates          | 83899    |
|    policy_loss        | 1.27     |
|    value_loss         | 2.51     |
------------------------------------
------------------------------------
| rollout/              |          |
|    ep_len_mean        | 905      |
|    ep_rew_mean        | 59.5     |
| time/                 |          |
|    fps                | 1171     |
|    iterations         | 84000    |
|    time_elapsed       | 1147     |
|    total_timesteps    | 1344000  |
| train/                |          |
|    entropy_loss       | -1.03    |
|    explained_variance | -0.00815 |
|    learning_rate      | 3.95e-05 |
|    n_updates          | 83999    |
|    policy_loss        | -0.668   |
|    value_loss         | 0.544    |
------------------------------------
------------------------------------
| rollout/              |          |
|    ep_len_mean        | 905      |
|    ep_rew_mean        | 59.4     |
| time/                 |          |
|    fps                | 1171     |
|    iterations         | 84100    |
|    time_elapsed       | 1148     |
|    total_timesteps    | 1345600  |
| train/                |          |
|    entropy_loss       | -1.11    |
|    explained_variance | 0.959    |
|    learning_rate      | 3.94e-05 |
|    n_updates          | 84099    |
|    policy_loss        | -0.344   |
|    value_loss         | 0.36     |
------------------------------------
------------------------------------
| rollout/              |          |
|    ep_len_mean        | 910      |
|    ep_rew_mean        | 57.1     |
| time/                 |          |
|    fps                | 1171     |
|    iterations         | 84200    |
|    time_elapsed       | 1149     |
|    total_timesteps    | 1347200  |
| train/                |          |
|    entropy_loss       | -1.1     |
|    explained_variance | 0.735    |
|    learning_rate      | 3.94e-05 |
|    n_updates          | 84199    |
|    policy_loss        | 1.2      |
|    value_loss         | 2.91     |
------------------------------------
------------------------------------
| rollout/              |          |
|    ep_len_mean        | 910      |
|    ep_rew_mean        | 56.7     |
| time/                 |          |
|    fps                | 1171     |
|    iterations         | 84300    |
|    time_elapsed       | 1151     |
|    total_timesteps    | 1348800  |
| train/                |          |
|    entropy_loss       | -1.03    |
|    explained_variance | 0.00297  |
|    learning_rate      | 3.93e-05 |
|    n_updates          | 84299    |
|    policy_loss        | -0.0584  |
|    value_loss         | 0.0424   |
------------------------------------
Eval num_timesteps=1350000, episode_reward=86.05 +/- 70.50
Episode length: 877.80 +/- 138.55
------------------------------------
| eval/                 |          |
|    mean_ep_length     | 878      |
|    mean_reward        | 86       |
| time/                 |          |
|    total_timesteps    | 1350000  |
| train/                |          |
|    entropy_loss       | -1.05    |
|    explained_variance | -0.0357  |
|    learning_rate      | 3.93e-05 |
|    n_updates          | 84374    |
|    policy_loss        | -0.106   |
|    value_loss         | 0.219    |
------------------------------------
------------------------------------
| rollout/              |          |
|    ep_len_mean        | 910      |
|    ep_rew_mean        | 57.1     |
| time/                 |          |
|    fps                | 1169     |
|    iterations         | 84400    |
|    time_elapsed       | 1154     |
|    total_timesteps    | 1350400  |
| train/                |          |
|    entropy_loss       | -1.11    |
|    explained_variance | 0.9      |
|    learning_rate      | 3.92e-05 |
|    n_updates          | 84399    |
|    policy_loss        | 0.0169   |
|    value_loss         | 0.723    |
------------------------------------
------------------------------------
| rollout/              |          |
|    ep_len_mean        | 905      |
|    ep_rew_mean        | 55.3     |
| time/                 |          |
|    fps                | 1169     |
|    iterations         | 84500    |
|    time_elapsed       | 1155     |
|    total_timesteps    | 1352000  |
| train/                |          |
|    entropy_loss       | -1.12    |
|    explained_variance | 0.507    |
|    learning_rate      | 3.92e-05 |
|    n_updates          | 84499    |
|    policy_loss        | 2.94     |
|    value_loss         | 8.73     |
------------------------------------
------------------------------------
| rollout/              |          |
|    ep_len_mean        | 906      |
|    ep_rew_mean        | 54.9     |
| time/                 |          |
|    fps                | 1169     |
|    iterations         | 84600    |
|    time_elapsed       | 1157     |
|    total_timesteps    | 1353600  |
| train/                |          |
|    entropy_loss       | -1.21    |
|    explained_variance | 0.862    |
|    learning_rate      | 3.91e-05 |
|    n_updates          | 84599    |
|    policy_loss        | -2.35    |
|    value_loss         | 4.67     |
------------------------------------
------------------------------------
| rollout/              |          |
|    ep_len_mean        | 906      |
|    ep_rew_mean        | 54       |
| time/                 |          |
|    fps                | 1169     |
|    iterations         | 84700    |
|    time_elapsed       | 1158     |
|    total_timesteps    | 1355200  |
| train/                |          |
|    entropy_loss       | -1.05    |
|    explained_variance | 0.00912  |
|    learning_rate      | 3.9e-05  |
|    n_updates          | 84699    |
|    policy_loss        | -0.135   |
|    value_loss         | 0.105    |
------------------------------------
------------------------------------
| rollout/              |          |
|    ep_len_mean        | 912      |
|    ep_rew_mean        | 55.3     |
| time/                 |          |
|    fps                | 1169     |
|    iterations         | 84800    |
|    time_elapsed       | 1160     |
|    total_timesteps    | 1356800  |
| train/                |          |
|    entropy_loss       | -1.14    |
|    explained_variance | 0.929    |
|    learning_rate      | 3.89e-05 |
|    n_updates          | 84799    |
|    policy_loss        | -0.808   |
|    value_loss         | 0.976    |
------------------------------------
------------------------------------
| rollout/              |          |
|    ep_len_mean        | 918      |
|    ep_rew_mean        | 57.1     |
| time/                 |          |
|    fps                | 1169     |
|    iterations         | 84900    |
|    time_elapsed       | 1161     |
|    total_timesteps    | 1358400  |
| train/                |          |
|    entropy_loss       | -1.08    |
|    explained_variance | 0.0023   |
|    learning_rate      | 3.89e-05 |
|    n_updates          | 84899    |
|    policy_loss        | 0.0347   |
|    value_loss         | 0.0745   |
------------------------------------
------------------------------------
| rollout/              |          |
|    ep_len_mean        | 913      |
|    ep_rew_mean        | 55.5     |
| time/                 |          |
|    fps                | 1169     |
|    iterations         | 85000    |
|    time_elapsed       | 1163     |
|    total_timesteps    | 1360000  |
| train/                |          |
|    entropy_loss       | -0.374   |
|    explained_variance | -0.436   |
|    learning_rate      | 3.88e-05 |
|    n_updates          | 84999    |
|    policy_loss        | -5.92    |
|    value_loss         | 412      |
------------------------------------
------------------------------------
| rollout/              |          |
|    ep_len_mean        | 910      |
|    ep_rew_mean        | 56.8     |
| time/                 |          |
|    fps                | 1169     |
|    iterations         | 85100    |
|    time_elapsed       | 1164     |
|    total_timesteps    | 1361600  |
| train/                |          |
|    entropy_loss       | -1.06    |
|    explained_variance | -0.0122  |
|    learning_rate      | 3.87e-05 |
|    n_updates          | 85099    |
|    policy_loss        | 0.0953   |
|    value_loss         | 0.0405   |
------------------------------------
------------------------------------
| rollout/              |          |
|    ep_len_mean        | 910      |
|    ep_rew_mean        | 56.2     |
| time/                 |          |
|    fps                | 1169     |
|    iterations         | 85200    |
|    time_elapsed       | 1166     |
|    total_timesteps    | 1363200  |
| train/                |          |
|    entropy_loss       | -1.03    |
|    explained_variance | 0.826    |
|    learning_rate      | 3.87e-05 |
|    n_updates          | 85199    |
|    policy_loss        | -1.57    |
|    value_loss         | 4.28     |
------------------------------------
------------------------------------
| rollout/              |          |
|    ep_len_mean        | 913      |
|    ep_rew_mean        | 56.1     |
| time/                 |          |
|    fps                | 1168     |
|    iterations         | 85300    |
|    time_elapsed       | 1167     |
|    total_timesteps    | 1364800  |
| train/                |          |
|    entropy_loss       | -1.02    |
|    explained_variance | 0.856    |
|    learning_rate      | 3.86e-05 |
|    n_updates          | 85299    |
|    policy_loss        | 2.7      |
|    value_loss         | 20.8     |
------------------------------------
------------------------------------
| rollout/              |          |
|    ep_len_mean        | 916      |
|    ep_rew_mean        | 55.7     |
| time/                 |          |
|    fps                | 1168     |
|    iterations         | 85400    |
|    time_elapsed       | 1168     |
|    total_timesteps    | 1366400  |
| train/                |          |
|    entropy_loss       | -1.1     |
|    explained_variance | 0.787    |
|    learning_rate      | 3.85e-05 |
|    n_updates          | 85399    |
|    policy_loss        | 0.243    |
|    value_loss         | 15.3     |
------------------------------------
------------------------------------
| rollout/              |          |
|    ep_len_mean        | 916      |
|    ep_rew_mean        | 55.4     |
| time/                 |          |
|    fps                | 1168     |
|    iterations         | 85500    |
|    time_elapsed       | 1170     |
|    total_timesteps    | 1368000  |
| train/                |          |
|    entropy_loss       | -1.12    |
|    explained_variance | 0.928    |
|    learning_rate      | 3.84e-05 |
|    n_updates          | 85499    |
|    policy_loss        | 0.184    |
|    value_loss         | 1.01     |
------------------------------------
------------------------------------
| rollout/              |          |
|    ep_len_mean        | 916      |
|    ep_rew_mean        | 54.9     |
| time/                 |          |
|    fps                | 1168     |
|    iterations         | 85600    |
|    time_elapsed       | 1171     |
|    total_timesteps    | 1369600  |
| train/                |          |
|    entropy_loss       | -0.739   |
|    explained_variance | 0.859    |
|    learning_rate      | 3.84e-05 |
|    n_updates          | 85599    |
|    policy_loss        | 2.11     |
|    value_loss         | 9.08     |
------------------------------------
------------------------------------
| rollout/              |          |
|    ep_len_mean        | 916      |
|    ep_rew_mean        | 55.9     |
| time/                 |          |
|    fps                | 1168     |
|    iterations         | 85700    |
|    time_elapsed       | 1173     |
|    total_timesteps    | 1371200  |
| train/                |          |
|    entropy_loss       | -0.743   |
|    explained_variance | 0.0938   |
|    learning_rate      | 3.83e-05 |
|    n_updates          | 85699    |
|    policy_loss        | 0.336    |
|    value_loss         | 1.47     |
------------------------------------
------------------------------------
| rollout/              |          |
|    ep_len_mean        | 916      |
|    ep_rew_mean        | 56       |
| time/                 |          |
|    fps                | 1168     |
|    iterations         | 85800    |
|    time_elapsed       | 1174     |
|    total_timesteps    | 1372800  |
| train/                |          |
|    entropy_loss       | -1.04    |
|    explained_variance | 0.861    |
|    learning_rate      | 3.82e-05 |
|    n_updates          | 85799    |
|    policy_loss        | 0.947    |
|    value_loss         | 2.88     |
------------------------------------
------------------------------------
| rollout/              |          |
|    ep_len_mean        | 916      |
|    ep_rew_mean        | 56.1     |
| time/                 |          |
|    fps                | 1168     |
|    iterations         | 85900    |
|    time_elapsed       | 1176     |
|    total_timesteps    | 1374400  |
| train/                |          |
|    entropy_loss       | -1.08    |
|    explained_variance | 0.893    |
|    learning_rate      | 3.82e-05 |
|    n_updates          | 85899    |
|    policy_loss        | -0.397   |
|    value_loss         | 0.872    |
------------------------------------
------------------------------------
| rollout/              |          |
|    ep_len_mean        | 916      |
|    ep_rew_mean        | 55.9     |
| time/                 |          |
|    fps                | 1168     |
|    iterations         | 86000    |
|    time_elapsed       | 1177     |
|    total_timesteps    | 1376000  |
| train/                |          |
|    entropy_loss       | -1.1     |
|    explained_variance | 0.913    |
|    learning_rate      | 3.81e-05 |
|    n_updates          | 85999    |
|    policy_loss        | -1.51    |
|    value_loss         | 2.72     |
------------------------------------
------------------------------------
| rollout/              |          |
|    ep_len_mean        | 905      |
|    ep_rew_mean        | 53.8     |
| time/                 |          |
|    fps                | 1168     |
|    iterations         | 86100    |
|    time_elapsed       | 1179     |
|    total_timesteps    | 1377600  |
| train/                |          |
|    entropy_loss       | -0.9     |
|    explained_variance | 0.77     |
|    learning_rate      | 3.8e-05  |
|    n_updates          | 86099    |
|    policy_loss        | -1.8     |
|    value_loss         | 3.95     |
------------------------------------
------------------------------------
| rollout/              |          |
|    ep_len_mean        | 905      |
|    ep_rew_mean        | 54.1     |
| time/                 |          |
|    fps                | 1168     |
|    iterations         | 86200    |
|    time_elapsed       | 1180     |
|    total_timesteps    | 1379200  |
| train/                |          |
|    entropy_loss       | -1.16    |
|    explained_variance | -0.0065  |
|    learning_rate      | 3.79e-05 |
|    n_updates          | 86199    |
|    policy_loss        | -0.675   |
|    value_loss         | 0.466    |
------------------------------------
------------------------------------
| rollout/              |          |
|    ep_len_mean        | 909      |
|    ep_rew_mean        | 56.1     |
| time/                 |          |
|    fps                | 1168     |
|    iterations         | 86300    |
|    time_elapsed       | 1182     |
|    total_timesteps    | 1380800  |
| train/                |          |
|    entropy_loss       | -0.862   |
|    explained_variance | 0.889    |
|    learning_rate      | 3.79e-05 |
|    n_updates          | 86299    |
|    policy_loss        | 1.04     |
|    value_loss         | 4.88     |
------------------------------------
------------------------------------
| rollout/              |          |
|    ep_len_mean        | 909      |
|    ep_rew_mean        | 56.2     |
| time/                 |          |
|    fps                | 1167     |
|    iterations         | 86400    |
|    time_elapsed       | 1183     |
|    total_timesteps    | 1382400  |
| train/                |          |
|    entropy_loss       | -0.708   |
|    explained_variance | -0.00386 |
|    learning_rate      | 3.78e-05 |
|    n_updates          | 86399    |
|    policy_loss        | -0.0516  |
|    value_loss         | 0.0277   |
------------------------------------
------------------------------------
| rollout/              |          |
|    ep_len_mean        | 914      |
|    ep_rew_mean        | 57.2     |
| time/                 |          |
|    fps                | 1167     |
|    iterations         | 86500    |
|    time_elapsed       | 1185     |
|    total_timesteps    | 1384000  |
| train/                |          |
|    entropy_loss       | -1.07    |
|    explained_variance | 0.957    |
|    learning_rate      | 3.77e-05 |
|    n_updates          | 86499    |
|    policy_loss        | -0.661   |
|    value_loss         | 0.577    |
------------------------------------
------------------------------------
| rollout/              |          |
|    ep_len_mean        | 909      |
|    ep_rew_mean        | 56.5     |
| time/                 |          |
|    fps                | 1167     |
|    iterations         | 86600    |
|    time_elapsed       | 1186     |
|    total_timesteps    | 1385600  |
| train/                |          |
|    entropy_loss       | -1.16    |
|    explained_variance | -0.876   |
|    learning_rate      | 3.76e-05 |
|    n_updates          | 86599    |
|    policy_loss        | -0.216   |
|    value_loss         | 0.559    |
------------------------------------
------------------------------------
| rollout/              |          |
|    ep_len_mean        | 912      |
|    ep_rew_mean        | 58.6     |
| time/                 |          |
|    fps                | 1167     |
|    iterations         | 86700    |
|    time_elapsed       | 1187     |
|    total_timesteps    | 1387200  |
| train/                |          |
|    entropy_loss       | -0.878   |
|    explained_variance | 0.681    |
|    learning_rate      | 3.76e-05 |
|    n_updates          | 86699    |
|    policy_loss        | 2.52     |
|    value_loss         | 10.3     |
------------------------------------
------------------------------------
| rollout/              |          |
|    ep_len_mean        | 903      |
|    ep_rew_mean        | 57.4     |
| time/                 |          |
|    fps                | 1167     |
|    iterations         | 86800    |
|    time_elapsed       | 1189     |
|    total_timesteps    | 1388800  |
| train/                |          |
|    entropy_loss       | -0.805   |
|    explained_variance | 0.957    |
|    learning_rate      | 3.75e-05 |
|    n_updates          | 86799    |
|    policy_loss        | -1.51    |
|    value_loss         | 1.44     |
------------------------------------
------------------------------------
| rollout/              |          |
|    ep_len_mean        | 900      |
|    ep_rew_mean        | 58.5     |
| time/                 |          |
|    fps                | 1167     |
|    iterations         | 86900    |
|    time_elapsed       | 1190     |
|    total_timesteps    | 1390400  |
| train/                |          |
|    entropy_loss       | -1.05    |
|    explained_variance | 0.95     |
|    learning_rate      | 3.74e-05 |
|    n_updates          | 86899    |
|    policy_loss        | -1.15    |
|    value_loss         | 2.13     |
------------------------------------
------------------------------------
| rollout/              |          |
|    ep_len_mean        | 893      |
|    ep_rew_mean        | 58.3     |
| time/                 |          |
|    fps                | 1167     |
|    iterations         | 87000    |
|    time_elapsed       | 1192     |
|    total_timesteps    | 1392000  |
| train/                |          |
|    entropy_loss       | -1.05    |
|    explained_variance | 0.846    |
|    learning_rate      | 3.74e-05 |
|    n_updates          | 86999    |
|    policy_loss        | 0.504    |
|    value_loss         | 5.12     |
------------------------------------
------------------------------------
| rollout/              |          |
|    ep_len_mean        | 895      |
|    ep_rew_mean        | 58.9     |
| time/                 |          |
|    fps                | 1167     |
|    iterations         | 87100    |
|    time_elapsed       | 1193     |
|    total_timesteps    | 1393600  |
| train/                |          |
|    entropy_loss       | -0.902   |
|    explained_variance | 0.769    |
|    learning_rate      | 3.73e-05 |
|    n_updates          | 87099    |
|    policy_loss        | 4.33     |
|    value_loss         | 34.2     |
------------------------------------
------------------------------------
| rollout/              |          |
|    ep_len_mean        | 895      |
|    ep_rew_mean        | 60.3     |
| time/                 |          |
|    fps                | 1167     |
|    iterations         | 87200    |
|    time_elapsed       | 1195     |
|    total_timesteps    | 1395200  |
| train/                |          |
|    entropy_loss       | -1.03    |
|    explained_variance | 0.94     |
|    learning_rate      | 3.72e-05 |
|    n_updates          | 87199    |
|    policy_loss        | 0.314    |
|    value_loss         | 1.1      |
------------------------------------
------------------------------------
| rollout/              |          |
|    ep_len_mean        | 890      |
|    ep_rew_mean        | 60.3     |
| time/                 |          |
|    fps                | 1167     |
|    iterations         | 87300    |
|    time_elapsed       | 1196     |
|    total_timesteps    | 1396800  |
| train/                |          |
|    entropy_loss       | -1.13    |
|    explained_variance | 0.00945  |
|    learning_rate      | 3.71e-05 |
|    n_updates          | 87299    |
|    policy_loss        | 0.0575   |
|    value_loss         | 0.0835   |
------------------------------------
------------------------------------
| rollout/              |          |
|    ep_len_mean        | 890      |
|    ep_rew_mean        | 61.6     |
| time/                 |          |
|    fps                | 1167     |
|    iterations         | 87400    |
|    time_elapsed       | 1198     |
|    total_timesteps    | 1398400  |
| train/                |          |
|    entropy_loss       | -0.459   |
|    explained_variance | 0.849    |
|    learning_rate      | 3.71e-05 |
|    n_updates          | 87399    |
|    policy_loss        | 0.484    |
|    value_loss         | 3.62     |
------------------------------------
Eval num_timesteps=1400000, episode_reward=94.26 +/- 103.41
Episode length: 805.40 +/- 72.73
------------------------------------
| eval/                 |          |
|    mean_ep_length     | 805      |
|    mean_reward        | 94.3     |
| time/                 |          |
|    total_timesteps    | 1400000  |
| train/                |          |
|    entropy_loss       | -1.1     |
|    explained_variance | 0.0259   |
|    learning_rate      | 3.7e-05  |
|    n_updates          | 87499    |
|    policy_loss        | -8.49    |
|    value_loss         | 34.5     |
------------------------------------
---------------------------------
| rollout/           |          |
|    ep_len_mean     | 884      |
|    ep_rew_mean     | 63.9     |
| time/              |          |
|    fps             | 1165     |
|    iterations      | 87500    |
|    time_elapsed    | 1201     |
|    total_timesteps | 1400000  |
---------------------------------
------------------------------------
| rollout/              |          |
|    ep_len_mean        | 884      |
|    ep_rew_mean        | 63.9     |
| time/                 |          |
|    fps                | 1165     |
|    iterations         | 87600    |
|    time_elapsed       | 1202     |
|    total_timesteps    | 1401600  |
| train/                |          |
|    entropy_loss       | -1.17    |
|    explained_variance | -0.0776  |
|    learning_rate      | 3.69e-05 |
|    n_updates          | 87599    |
|    policy_loss        | -3.95    |
|    value_loss         | 21       |
------------------------------------
------------------------------------
| rollout/              |          |
|    ep_len_mean        | 884      |
|    ep_rew_mean        | 64.4     |
| time/                 |          |
|    fps                | 1165     |
|    iterations         | 87700    |
|    time_elapsed       | 1204     |
|    total_timesteps    | 1403200  |
| train/                |          |
|    entropy_loss       | -1.1     |
|    explained_variance | 0.00126  |
|    learning_rate      | 3.69e-05 |
|    n_updates          | 87699    |
|    policy_loss        | -3.68    |
|    value_loss         | 10.5     |
------------------------------------
------------------------------------
| rollout/              |          |
|    ep_len_mean        | 892      |
|    ep_rew_mean        | 68       |
| time/                 |          |
|    fps                | 1165     |
|    iterations         | 87800    |
|    time_elapsed       | 1205     |
|    total_timesteps    | 1404800  |
| train/                |          |
|    entropy_loss       | -1.23    |
|    explained_variance | 0.916    |
|    learning_rate      | 3.68e-05 |
|    n_updates          | 87799    |
|    policy_loss        | -1.43    |
|    value_loss         | 2.54     |
------------------------------------
------------------------------------
| rollout/              |          |
|    ep_len_mean        | 897      |
|    ep_rew_mean        | 68.7     |
| time/                 |          |
|    fps                | 1165     |
|    iterations         | 87900    |
|    time_elapsed       | 1207     |
|    total_timesteps    | 1406400  |
| train/                |          |
|    entropy_loss       | -1.04    |
|    explained_variance | 0.0294   |
|    learning_rate      | 3.67e-05 |
|    n_updates          | 87899    |
|    policy_loss        | -0.312   |
|    value_loss         | 0.0934   |
------------------------------------
------------------------------------
| rollout/              |          |
|    ep_len_mean        | 897      |
|    ep_rew_mean        | 68.1     |
| time/                 |          |
|    fps                | 1164     |
|    iterations         | 88000    |
|    time_elapsed       | 1208     |
|    total_timesteps    | 1408000  |
| train/                |          |
|    entropy_loss       | -1.14    |
|    explained_variance | -0.0053  |
|    learning_rate      | 3.66e-05 |
|    n_updates          | 87999    |
|    policy_loss        | -2.24    |
|    value_loss         | 2.78     |
------------------------------------
------------------------------------
| rollout/              |          |
|    ep_len_mean        | 897      |
|    ep_rew_mean        | 68.1     |
| time/                 |          |
|    fps                | 1164     |
|    iterations         | 88100    |
|    time_elapsed       | 1210     |
|    total_timesteps    | 1409600  |
| train/                |          |
|    entropy_loss       | -1.16    |
|    explained_variance | 0.872    |
|    learning_rate      | 3.66e-05 |
|    n_updates          | 88099    |
|    policy_loss        | -0.00392 |
|    value_loss         | 1.08     |
------------------------------------
------------------------------------
| rollout/              |          |
|    ep_len_mean        | 903      |
|    ep_rew_mean        | 69.1     |
| time/                 |          |
|    fps                | 1164     |
|    iterations         | 88200    |
|    time_elapsed       | 1211     |
|    total_timesteps    | 1411200  |
| train/                |          |
|    entropy_loss       | -1.04    |
|    explained_variance | -0.0541  |
|    learning_rate      | 3.65e-05 |
|    n_updates          | 88199    |
|    policy_loss        | -0.439   |
|    value_loss         | 0.269    |
------------------------------------
------------------------------------
| rollout/              |          |
|    ep_len_mean        | 903      |
|    ep_rew_mean        | 68.9     |
| time/                 |          |
|    fps                | 1164     |
|    iterations         | 88300    |
|    time_elapsed       | 1213     |
|    total_timesteps    | 1412800  |
| train/                |          |
|    entropy_loss       | -1.21    |
|    explained_variance | 0.911    |
|    learning_rate      | 3.64e-05 |
|    n_updates          | 88299    |
|    policy_loss        | 0.404    |
|    value_loss         | 0.946    |
------------------------------------
------------------------------------
| rollout/              |          |
|    ep_len_mean        | 903      |
|    ep_rew_mean        | 68.9     |
| time/                 |          |
|    fps                | 1164     |
|    iterations         | 88400    |
|    time_elapsed       | 1214     |
|    total_timesteps    | 1414400  |
| train/                |          |
|    entropy_loss       | -0.836   |
|    explained_variance | -0.459   |
|    learning_rate      | 3.64e-05 |
|    n_updates          | 88399    |
|    policy_loss        | -0.715   |
|    value_loss         | 1.33     |
------------------------------------
------------------------------------
| rollout/              |          |
|    ep_len_mean        | 903      |
|    ep_rew_mean        | 68.5     |
| time/                 |          |
|    fps                | 1164     |
|    iterations         | 88500    |
|    time_elapsed       | 1215     |
|    total_timesteps    | 1416000  |
| train/                |          |
|    entropy_loss       | -1.11    |
|    explained_variance | 0.0268   |
|    learning_rate      | 3.63e-05 |
|    n_updates          | 88499    |
|    policy_loss        | 0.752    |
|    value_loss         | 1.15     |
------------------------------------
------------------------------------
| rollout/              |          |
|    ep_len_mean        | 903      |
|    ep_rew_mean        | 68       |
| time/                 |          |
|    fps                | 1164     |
|    iterations         | 88600    |
|    time_elapsed       | 1217     |
|    total_timesteps    | 1417600  |
| train/                |          |
|    entropy_loss       | -1.1     |
|    explained_variance | 0.921    |
|    learning_rate      | 3.62e-05 |
|    n_updates          | 88599    |
|    policy_loss        | -2.12    |
|    value_loss         | 4.8      |
------------------------------------
------------------------------------
| rollout/              |          |
|    ep_len_mean        | 903      |
|    ep_rew_mean        | 67.9     |
| time/                 |          |
|    fps                | 1164     |
|    iterations         | 88700    |
|    time_elapsed       | 1218     |
|    total_timesteps    | 1419200  |
| train/                |          |
|    entropy_loss       | -1.03    |
|    explained_variance | -0.015   |
|    learning_rate      | 3.61e-05 |
|    n_updates          | 88699    |
|    policy_loss        | 0.0687   |
|    value_loss         | 0.019    |
------------------------------------
------------------------------------
| rollout/              |          |
|    ep_len_mean        | 903      |
|    ep_rew_mean        | 68.3     |
| time/                 |          |
|    fps                | 1164     |
|    iterations         | 88800    |
|    time_elapsed       | 1220     |
|    total_timesteps    | 1420800  |
| train/                |          |
|    entropy_loss       | -1.14    |
|    explained_variance | 0.909    |
|    learning_rate      | 3.61e-05 |
|    n_updates          | 88799    |
|    policy_loss        | -0.734   |
|    value_loss         | 0.813    |
------------------------------------
------------------------------------
| rollout/              |          |
|    ep_len_mean        | 903      |
|    ep_rew_mean        | 68.4     |
| time/                 |          |
|    fps                | 1164     |
|    iterations         | 88900    |
|    time_elapsed       | 1221     |
|    total_timesteps    | 1422400  |
| train/                |          |
|    entropy_loss       | -1.13    |
|    explained_variance | 0.0644   |
|    learning_rate      | 3.6e-05  |
|    n_updates          | 88899    |
|    policy_loss        | -0.0601  |
|    value_loss         | 0.402    |
------------------------------------
------------------------------------
| rollout/              |          |
|    ep_len_mean        | 903      |
|    ep_rew_mean        | 68.3     |
| time/                 |          |
|    fps                | 1164     |
|    iterations         | 89000    |
|    time_elapsed       | 1223     |
|    total_timesteps    | 1424000  |
| train/                |          |
|    entropy_loss       | -0.764   |
|    explained_variance | 0.735    |
|    learning_rate      | 3.59e-05 |
|    n_updates          | 88999    |
|    policy_loss        | 1.97     |
|    value_loss         | 18       |
------------------------------------
------------------------------------
| rollout/              |          |
|    ep_len_mean        | 903      |
|    ep_rew_mean        | 68.4     |
| time/                 |          |
|    fps                | 1164     |
|    iterations         | 89100    |
|    time_elapsed       | 1224     |
|    total_timesteps    | 1425600  |
| train/                |          |
|    entropy_loss       | -0.852   |
|    explained_variance | 0.951    |
|    learning_rate      | 3.58e-05 |
|    n_updates          | 89099    |
|    policy_loss        | -1.48    |
|    value_loss         | 0.957    |
------------------------------------
------------------------------------
| rollout/              |          |
|    ep_len_mean        | 906      |
|    ep_rew_mean        | 70.3     |
| time/                 |          |
|    fps                | 1164     |
|    iterations         | 89200    |
|    time_elapsed       | 1226     |
|    total_timesteps    | 1427200  |
| train/                |          |
|    entropy_loss       | -1.18    |
|    explained_variance | -0.0814  |
|    learning_rate      | 3.58e-05 |
|    n_updates          | 89199    |
|    policy_loss        | 0.154    |
|    value_loss         | 0.159    |
------------------------------------
------------------------------------
| rollout/              |          |
|    ep_len_mean        | 907      |
|    ep_rew_mean        | 70       |
| time/                 |          |
|    fps                | 1164     |
|    iterations         | 89300    |
|    time_elapsed       | 1227     |
|    total_timesteps    | 1428800  |
| train/                |          |
|    entropy_loss       | -1.13    |
|    explained_variance | 0.89     |
|    learning_rate      | 3.57e-05 |
|    n_updates          | 89299    |
|    policy_loss        | -0.24    |
|    value_loss         | 0.367    |
------------------------------------
------------------------------------
| rollout/              |          |
|    ep_len_mean        | 907      |
|    ep_rew_mean        | 70.8     |
| time/                 |          |
|    fps                | 1164     |
|    iterations         | 89400    |
|    time_elapsed       | 1228     |
|    total_timesteps    | 1430400  |
| train/                |          |
|    entropy_loss       | -1.1     |
|    explained_variance | 0.0163   |
|    learning_rate      | 3.56e-05 |
|    n_updates          | 89399    |
|    policy_loss        | 0.000214 |
|    value_loss         | 0.093    |
------------------------------------
------------------------------------
| rollout/              |          |
|    ep_len_mean        | 905      |
|    ep_rew_mean        | 70.6     |
| time/                 |          |
|    fps                | 1164     |
|    iterations         | 89500    |
|    time_elapsed       | 1230     |
|    total_timesteps    | 1432000  |
| train/                |          |
|    entropy_loss       | -0.473   |
|    explained_variance | 0.981    |
|    learning_rate      | 3.56e-05 |
|    n_updates          | 89499    |
|    policy_loss        | 0.605    |
|    value_loss         | 3.49     |
------------------------------------
------------------------------------
| rollout/              |          |
|    ep_len_mean        | 908      |
|    ep_rew_mean        | 72.8     |
| time/                 |          |
|    fps                | 1164     |
|    iterations         | 89600    |
|    time_elapsed       | 1231     |
|    total_timesteps    | 1433600  |
| train/                |          |
|    entropy_loss       | -1.07    |
|    explained_variance | 0.695    |
|    learning_rate      | 3.55e-05 |
|    n_updates          | 89599    |
|    policy_loss        | 3.53     |
|    value_loss         | 29.2     |
------------------------------------
------------------------------------
| rollout/              |          |
|    ep_len_mean        | 908      |
|    ep_rew_mean        | 72.2     |
| time/                 |          |
|    fps                | 1163     |
|    iterations         | 89700    |
|    time_elapsed       | 1233     |
|    total_timesteps    | 1435200  |
| train/                |          |
|    entropy_loss       | -0.99    |
|    explained_variance | 0.978    |
|    learning_rate      | 3.54e-05 |
|    n_updates          | 89699    |
|    policy_loss        | 4.18     |
|    value_loss         | 20.8     |
------------------------------------
------------------------------------
| rollout/              |          |
|    ep_len_mean        | 902      |
|    ep_rew_mean        | 73.7     |
| time/                 |          |
|    fps                | 1163     |
|    iterations         | 89800    |
|    time_elapsed       | 1234     |
|    total_timesteps    | 1436800  |
| train/                |          |
|    entropy_loss       | -1.01    |
|    explained_variance | -0.0127  |
|    learning_rate      | 3.53e-05 |
|    n_updates          | 89799    |
|    policy_loss        | 0.0584   |
|    value_loss         | 0.06     |
------------------------------------
------------------------------------
| rollout/              |          |
|    ep_len_mean        | 902      |
|    ep_rew_mean        | 75.1     |
| time/                 |          |
|    fps                | 1163     |
|    iterations         | 89900    |
|    time_elapsed       | 1236     |
|    total_timesteps    | 1438400  |
| train/                |          |
|    entropy_loss       | -0.961   |
|    explained_variance | 0.954    |
|    learning_rate      | 3.53e-05 |
|    n_updates          | 89899    |
|    policy_loss        | -1       |
|    value_loss         | 0.912    |
------------------------------------
------------------------------------
| rollout/              |          |
|    ep_len_mean        | 902      |
|    ep_rew_mean        | 75       |
| time/                 |          |
|    fps                | 1162     |
|    iterations         | 90000    |
|    time_elapsed       | 1238     |
|    total_timesteps    | 1440000  |
| train/                |          |
|    entropy_loss       | -1.04    |
|    explained_variance | -0.00565 |
|    learning_rate      | 3.52e-05 |
|    n_updates          | 89999    |
|    policy_loss        | -0.203   |
|    value_loss         | 0.0792   |
------------------------------------
------------------------------------
| rollout/              |          |
|    ep_len_mean        | 907      |
|    ep_rew_mean        | 76.8     |
| time/                 |          |
|    fps                | 1162     |
|    iterations         | 90100    |
|    time_elapsed       | 1239     |
|    total_timesteps    | 1441600  |
| train/                |          |
|    entropy_loss       | -0.127   |
|    explained_variance | 0.127    |
|    learning_rate      | 3.51e-05 |
|    n_updates          | 90099    |
|    policy_loss        | -0.263   |
|    value_loss         | 6.1e+03  |
------------------------------------
------------------------------------
| rollout/              |          |
|    ep_len_mean        | 907      |
|    ep_rew_mean        | 76.3     |
| time/                 |          |
|    fps                | 1162     |
|    iterations         | 90200    |
|    time_elapsed       | 1241     |
|    total_timesteps    | 1443200  |
| train/                |          |
|    entropy_loss       | -1.03    |
|    explained_variance | -0.00855 |
|    learning_rate      | 3.51e-05 |
|    n_updates          | 90199    |
|    policy_loss        | 0.0956   |
|    value_loss         | 0.0604   |
------------------------------------
------------------------------------
| rollout/              |          |
|    ep_len_mean        | 904      |
|    ep_rew_mean        | 76.6     |
| time/                 |          |
|    fps                | 1162     |
|    iterations         | 90300    |
|    time_elapsed       | 1242     |
|    total_timesteps    | 1444800  |
| train/                |          |
|    entropy_loss       | -1.04    |
|    explained_variance | -0.00059 |
|    learning_rate      | 3.5e-05  |
|    n_updates          | 90299    |
|    policy_loss        | -0.0643  |
|    value_loss         | 0.0409   |
------------------------------------
------------------------------------
| rollout/              |          |
|    ep_len_mean        | 904      |
|    ep_rew_mean        | 77.8     |
| time/                 |          |
|    fps                | 1162     |
|    iterations         | 90400    |
|    time_elapsed       | 1244     |
|    total_timesteps    | 1446400  |
| train/                |          |
|    entropy_loss       | -1.08    |
|    explained_variance | 0.0384   |
|    learning_rate      | 3.49e-05 |
|    n_updates          | 90399    |
|    policy_loss        | -0.614   |
|    value_loss         | 0.512    |
------------------------------------
------------------------------------
| rollout/              |          |
|    ep_len_mean        | 898      |
|    ep_rew_mean        | 76.7     |
| time/                 |          |
|    fps                | 1162     |
|    iterations         | 90500    |
|    time_elapsed       | 1245     |
|    total_timesteps    | 1448000  |
| train/                |          |
|    entropy_loss       | -1.03    |
|    explained_variance | -0.00827 |
|    learning_rate      | 3.48e-05 |
|    n_updates          | 90499    |
|    policy_loss        | -0.139   |
|    value_loss         | 0.0547   |
------------------------------------
------------------------------------
| rollout/              |          |
|    ep_len_mean        | 898      |
|    ep_rew_mean        | 77.1     |
| time/                 |          |
|    fps                | 1162     |
|    iterations         | 90600    |
|    time_elapsed       | 1247     |
|    total_timesteps    | 1449600  |
| train/                |          |
|    entropy_loss       | -1.1     |
|    explained_variance | 0.907    |
|    learning_rate      | 3.48e-05 |
|    n_updates          | 90599    |
|    policy_loss        | 1.03     |
|    value_loss         | 1.84     |
------------------------------------
Eval num_timesteps=1450000, episode_reward=61.83 +/- 127.96
Episode length: 645.00 +/- 66.66
------------------------------------
| eval/                 |          |
|    mean_ep_length     | 645      |
|    mean_reward        | 61.8     |
| time/                 |          |
|    total_timesteps    | 1450000  |
| train/                |          |
|    entropy_loss       | -0.849   |
|    explained_variance | 0.0584   |
|    learning_rate      | 3.48e-05 |
|    n_updates          | 90624    |
|    policy_loss        | -0.269   |
|    value_loss         | 0.631    |
------------------------------------
------------------------------------
| rollout/              |          |
|    ep_len_mean        | 894      |
|    ep_rew_mean        | 75.3     |
| time/                 |          |
|    fps                | 1160     |
|    iterations         | 90700    |
|    time_elapsed       | 1250     |
|    total_timesteps    | 1451200  |
| train/                |          |
|    entropy_loss       | -0.97    |
|    explained_variance | 0.0238   |
|    learning_rate      | 3.47e-05 |
|    n_updates          | 90699    |
|    policy_loss        | 0.824    |
|    value_loss         | 2.12     |
------------------------------------
------------------------------------
| rollout/              |          |
|    ep_len_mean        | 894      |
|    ep_rew_mean        | 75.5     |
| time/                 |          |
|    fps                | 1161     |
|    iterations         | 90800    |
|    time_elapsed       | 1251     |
|    total_timesteps    | 1452800  |
| train/                |          |
|    entropy_loss       | -1.05    |
|    explained_variance | 0.0447   |
|    learning_rate      | 3.46e-05 |
|    n_updates          | 90799    |
|    policy_loss        | 0.114    |
|    value_loss         | 0.0788   |
------------------------------------
------------------------------------
| rollout/              |          |
|    ep_len_mean        | 894      |
|    ep_rew_mean        | 75.2     |
| time/                 |          |
|    fps                | 1161     |
|    iterations         | 90900    |
|    time_elapsed       | 1252     |
|    total_timesteps    | 1454400  |
| train/                |          |
|    entropy_loss       | -1.01    |
|    explained_variance | 0.393    |
|    learning_rate      | 3.46e-05 |
|    n_updates          | 90899    |
|    policy_loss        | -3.84    |
|    value_loss         | 14.7     |
------------------------------------
------------------------------------
| rollout/              |          |
|    ep_len_mean        | 894      |
|    ep_rew_mean        | 75.4     |
| time/                 |          |
|    fps                | 1161     |
|    iterations         | 91000    |
|    time_elapsed       | 1253     |
|    total_timesteps    | 1456000  |
| train/                |          |
|    entropy_loss       | -0.823   |
|    explained_variance | -0.00142 |
|    learning_rate      | 3.45e-05 |
|    n_updates          | 90999    |
|    policy_loss        | -0.0472  |
|    value_loss         | 0.0326   |
------------------------------------
------------------------------------
| rollout/              |          |
|    ep_len_mean        | 893      |
|    ep_rew_mean        | 75.8     |
| time/                 |          |
|    fps                | 1161     |
|    iterations         | 91100    |
|    time_elapsed       | 1255     |
|    total_timesteps    | 1457600  |
| train/                |          |
|    entropy_loss       | -1.14    |
|    explained_variance | 0.62     |
|    learning_rate      | 3.44e-05 |
|    n_updates          | 91099    |
|    policy_loss        | -0.0142  |
|    value_loss         | 1.66     |
------------------------------------
------------------------------------
| rollout/              |          |
|    ep_len_mean        | 887      |
|    ep_rew_mean        | 74.5     |
| time/                 |          |
|    fps                | 1161     |
|    iterations         | 91200    |
|    time_elapsed       | 1256     |
|    total_timesteps    | 1459200  |
| train/                |          |
|    entropy_loss       | -1.01    |
|    explained_variance | 0.521    |
|    learning_rate      | 3.43e-05 |
|    n_updates          | 91199    |
|    policy_loss        | -2.34    |
|    value_loss         | 8.96     |
------------------------------------
------------------------------------
| rollout/              |          |
|    ep_len_mean        | 892      |
|    ep_rew_mean        | 76       |
| time/                 |          |
|    fps                | 1161     |
|    iterations         | 91300    |
|    time_elapsed       | 1257     |
|    total_timesteps    | 1460800  |
| train/                |          |
|    entropy_loss       | -0.777   |
|    explained_variance | 0.151    |
|    learning_rate      | 3.43e-05 |
|    n_updates          | 91299    |
|    policy_loss        | -0.0195  |
|    value_loss         | 0.0539   |
------------------------------------
------------------------------------
| rollout/              |          |
|    ep_len_mean        | 887      |
|    ep_rew_mean        | 76.2     |
| time/                 |          |
|    fps                | 1161     |
|    iterations         | 91400    |
|    time_elapsed       | 1258     |
|    total_timesteps    | 1462400  |
| train/                |          |
|    entropy_loss       | -0.713   |
|    explained_variance | 0.966    |
|    learning_rate      | 3.42e-05 |
|    n_updates          | 91399    |
|    policy_loss        | -1.02    |
|    value_loss         | 2.73     |
------------------------------------
------------------------------------
| rollout/              |          |
|    ep_len_mean        | 887      |
|    ep_rew_mean        | 76.2     |
| time/                 |          |
|    fps                | 1161     |
|    iterations         | 91500    |
|    time_elapsed       | 1260     |
|    total_timesteps    | 1464000  |
| train/                |          |
|    entropy_loss       | -0.992   |
|    explained_variance | -0.0517  |
|    learning_rate      | 3.41e-05 |
|    n_updates          | 91499    |
|    policy_loss        | 0.0128   |
|    value_loss         | 0.00568  |
------------------------------------
------------------------------------
| rollout/              |          |
|    ep_len_mean        | 892      |
|    ep_rew_mean        | 79.5     |
| time/                 |          |
|    fps                | 1161     |
|    iterations         | 91600    |
|    time_elapsed       | 1261     |
|    total_timesteps    | 1465600  |
| train/                |          |
|    entropy_loss       | -1.17    |
|    explained_variance | 0.915    |
|    learning_rate      | 3.4e-05  |
|    n_updates          | 91599    |
|    policy_loss        | -0.513   |
|    value_loss         | 0.537    |
------------------------------------
------------------------------------
| rollout/              |          |
|    ep_len_mean        | 892      |
|    ep_rew_mean        | 78.9     |
| time/                 |          |
|    fps                | 1162     |
|    iterations         | 91700    |
|    time_elapsed       | 1262     |
|    total_timesteps    | 1467200  |
| train/                |          |
|    entropy_loss       | -0.568   |
|    explained_variance | 0.032    |
|    learning_rate      | 3.4e-05  |
|    n_updates          | 91699    |
|    policy_loss        | -0.462   |
|    value_loss         | 0.555    |
------------------------------------
------------------------------------
| rollout/              |          |
|    ep_len_mean        | 892      |
|    ep_rew_mean        | 78.7     |
| time/                 |          |
|    fps                | 1162     |
|    iterations         | 91800    |
|    time_elapsed       | 1263     |
|    total_timesteps    | 1468800  |
| train/                |          |
|    entropy_loss       | -0.781   |
|    explained_variance | 0.985    |
|    learning_rate      | 3.39e-05 |
|    n_updates          | 91799    |
|    policy_loss        | -1.04    |
|    value_loss         | 5.34     |
------------------------------------
------------------------------------
| rollout/              |          |
|    ep_len_mean        | 892      |
|    ep_rew_mean        | 79.1     |
| time/                 |          |
|    fps                | 1162     |
|    iterations         | 91900    |
|    time_elapsed       | 1265     |
|    total_timesteps    | 1470400  |
| train/                |          |
|    entropy_loss       | -1.05    |
|    explained_variance | -0.00641 |
|    learning_rate      | 3.38e-05 |
|    n_updates          | 91899    |
|    policy_loss        | 0.0623   |
|    value_loss         | 0.0653   |
------------------------------------
------------------------------------
| rollout/              |          |
|    ep_len_mean        | 892      |
|    ep_rew_mean        | 80.1     |
| time/                 |          |
|    fps                | 1162     |
|    iterations         | 92000    |
|    time_elapsed       | 1266     |
|    total_timesteps    | 1472000  |
| train/                |          |
|    entropy_loss       | -0.956   |
|    explained_variance | 0.691    |
|    learning_rate      | 3.38e-05 |
|    n_updates          | 91999    |
|    policy_loss        | -5.67    |
|    value_loss         | 13       |
------------------------------------
------------------------------------
| rollout/              |          |
|    ep_len_mean        | 892      |
|    ep_rew_mean        | 80.1     |
| time/                 |          |
|    fps                | 1162     |
|    iterations         | 92100    |
|    time_elapsed       | 1267     |
|    total_timesteps    | 1473600  |
| train/                |          |
|    entropy_loss       | -1.02    |
|    explained_variance | -0.00368 |
|    learning_rate      | 3.37e-05 |
|    n_updates          | 92099    |
|    policy_loss        | -0.0658  |
|    value_loss         | 0.111    |
------------------------------------
------------------------------------
| rollout/              |          |
|    ep_len_mean        | 890      |
|    ep_rew_mean        | 79.1     |
| time/                 |          |
|    fps                | 1162     |
|    iterations         | 92200    |
|    time_elapsed       | 1269     |
|    total_timesteps    | 1475200  |
| train/                |          |
|    entropy_loss       | -1.23    |
|    explained_variance | -1.14    |
|    learning_rate      | 3.36e-05 |
|    n_updates          | 92199    |
|    policy_loss        | -1.82    |
|    value_loss         | 11.9     |
------------------------------------
------------------------------------
| rollout/              |          |
|    ep_len_mean        | 881      |
|    ep_rew_mean        | 74.3     |
| time/                 |          |
|    fps                | 1162     |
|    iterations         | 92300    |
|    time_elapsed       | 1270     |
|    total_timesteps    | 1476800  |
| train/                |          |
|    entropy_loss       | -0.76    |
|    explained_variance | 0.741    |
|    learning_rate      | 3.35e-05 |
|    n_updates          | 92299    |
|    policy_loss        | 0.897    |
|    value_loss         | 1.94     |
------------------------------------
------------------------------------
| rollout/              |          |
|    ep_len_mean        | 878      |
|    ep_rew_mean        | 72.2     |
| time/                 |          |
|    fps                | 1162     |
|    iterations         | 92400    |
|    time_elapsed       | 1271     |
|    total_timesteps    | 1478400  |
| train/                |          |
|    entropy_loss       | -0.848   |
|    explained_variance | -0.0867  |
|    learning_rate      | 3.35e-05 |
|    n_updates          | 92399    |
|    policy_loss        | 0.645    |
|    value_loss         | 2.76     |
------------------------------------
------------------------------------
| rollout/              |          |
|    ep_len_mean        | 882      |
|    ep_rew_mean        | 74       |
| time/                 |          |
|    fps                | 1162     |
|    iterations         | 92500    |
|    time_elapsed       | 1272     |
|    total_timesteps    | 1480000  |
| train/                |          |
|    entropy_loss       | -1.04    |
|    explained_variance | 0.819    |
|    learning_rate      | 3.34e-05 |
|    n_updates          | 92499    |
|    policy_loss        | 0.142    |
|    value_loss         | 3.03     |
------------------------------------
------------------------------------
| rollout/              |          |
|    ep_len_mean        | 875      |
|    ep_rew_mean        | 73.1     |
| time/                 |          |
|    fps                | 1162     |
|    iterations         | 92600    |
|    time_elapsed       | 1274     |
|    total_timesteps    | 1481600  |
| train/                |          |
|    entropy_loss       | -1.08    |
|    explained_variance | 0.936    |
|    learning_rate      | 3.33e-05 |
|    n_updates          | 92599    |
|    policy_loss        | -0.0806  |
|    value_loss         | 0.461    |
------------------------------------
------------------------------------
| rollout/              |          |
|    ep_len_mean        | 861      |
|    ep_rew_mean        | 70.3     |
| time/                 |          |
|    fps                | 1163     |
|    iterations         | 92700    |
|    time_elapsed       | 1275     |
|    total_timesteps    | 1483200  |
| train/                |          |
|    entropy_loss       | -1.25    |
|    explained_variance | 0.911    |
|    learning_rate      | 3.33e-05 |
|    n_updates          | 92699    |
|    policy_loss        | -2.38    |
|    value_loss         | 4.66     |
------------------------------------
------------------------------------
| rollout/              |          |
|    ep_len_mean        | 860      |
|    ep_rew_mean        | 67       |
| time/                 |          |
|    fps                | 1163     |
|    iterations         | 92800    |
|    time_elapsed       | 1276     |
|    total_timesteps    | 1484800  |
| train/                |          |
|    entropy_loss       | -0.853   |
|    explained_variance | 0.922    |
|    learning_rate      | 3.32e-05 |
|    n_updates          | 92799    |
|    policy_loss        | -3.45    |
|    value_loss         | 7.07     |
------------------------------------
------------------------------------
| rollout/              |          |
|    ep_len_mean        | 860      |
|    ep_rew_mean        | 67       |
| time/                 |          |
|    fps                | 1163     |
|    iterations         | 92900    |
|    time_elapsed       | 1277     |
|    total_timesteps    | 1486400  |
| train/                |          |
|    entropy_loss       | -1.11    |
|    explained_variance | 0.718    |
|    learning_rate      | 3.31e-05 |
|    n_updates          | 92899    |
|    policy_loss        | 0.253    |
|    value_loss         | 16.2     |
------------------------------------
------------------------------------
| rollout/              |          |
|    ep_len_mean        | 860      |
|    ep_rew_mean        | 67.2     |
| time/                 |          |
|    fps                | 1163     |
|    iterations         | 93000    |
|    time_elapsed       | 1279     |
|    total_timesteps    | 1488000  |
| train/                |          |
|    entropy_loss       | -1.08    |
|    explained_variance | 0.917    |
|    learning_rate      | 3.3e-05  |
|    n_updates          | 92999    |
|    policy_loss        | 0.274    |
|    value_loss         | 1.38     |
------------------------------------
------------------------------------
| rollout/              |          |
|    ep_len_mean        | 853      |
|    ep_rew_mean        | 65.2     |
| time/                 |          |
|    fps                | 1163     |
|    iterations         | 93100    |
|    time_elapsed       | 1280     |
|    total_timesteps    | 1489600  |
| train/                |          |
|    entropy_loss       | -1.12    |
|    explained_variance | 0.0111   |
|    learning_rate      | 3.3e-05  |
|    n_updates          | 93099    |
|    policy_loss        | -0.147   |
|    value_loss         | 0.0622   |
------------------------------------
------------------------------------
| rollout/              |          |
|    ep_len_mean        | 853      |
|    ep_rew_mean        | 65.6     |
| time/                 |          |
|    fps                | 1163     |
|    iterations         | 93200    |
|    time_elapsed       | 1281     |
|    total_timesteps    | 1491200  |
| train/                |          |
|    entropy_loss       | -1.02    |
|    explained_variance | 0.623    |
|    learning_rate      | 3.29e-05 |
|    n_updates          | 93199    |
|    policy_loss        | 0.693    |
|    value_loss         | 33       |
------------------------------------
------------------------------------
| rollout/              |          |
|    ep_len_mean        | 853      |
|    ep_rew_mean        | 67       |
| time/                 |          |
|    fps                | 1163     |
|    iterations         | 93300    |
|    time_elapsed       | 1282     |
|    total_timesteps    | 1492800  |
| train/                |          |
|    entropy_loss       | -1.05    |
|    explained_variance | 0.857    |
|    learning_rate      | 3.28e-05 |
|    n_updates          | 93299    |
|    policy_loss        | 1.46     |
|    value_loss         | 5.31     |
------------------------------------
------------------------------------
| rollout/              |          |
|    ep_len_mean        | 853      |
|    ep_rew_mean        | 67.5     |
| time/                 |          |
|    fps                | 1163     |
|    iterations         | 93400    |
|    time_elapsed       | 1284     |
|    total_timesteps    | 1494400  |
| train/                |          |
|    entropy_loss       | -1.05    |
|    explained_variance | 0.116    |
|    learning_rate      | 3.28e-05 |
|    n_updates          | 93399    |
|    policy_loss        | 0.16     |
|    value_loss         | 0.0646   |
------------------------------------
------------------------------------
| rollout/              |          |
|    ep_len_mean        | 848      |
|    ep_rew_mean        | 68.2     |
| time/                 |          |
|    fps                | 1163     |
|    iterations         | 93500    |
|    time_elapsed       | 1285     |
|    total_timesteps    | 1496000  |
| train/                |          |
|    entropy_loss       | -1.06    |
|    explained_variance | -0.0162  |
|    learning_rate      | 3.27e-05 |
|    n_updates          | 93499    |
|    policy_loss        | -7.27    |
|    value_loss         | 45.7     |
------------------------------------
------------------------------------
| rollout/              |          |
|    ep_len_mean        | 841      |
|    ep_rew_mean        | 67.7     |
| time/                 |          |
|    fps                | 1163     |
|    iterations         | 93600    |
|    time_elapsed       | 1287     |
|    total_timesteps    | 1497600  |
| train/                |          |
|    entropy_loss       | -0.793   |
|    explained_variance | -9.59    |
|    learning_rate      | 3.26e-05 |
|    n_updates          | 93599    |
|    policy_loss        | -2.34    |
|    value_loss         | 16.4     |
------------------------------------
------------------------------------
| rollout/              |          |
|    ep_len_mean        | 837      |
|    ep_rew_mean        | 69.3     |
| time/                 |          |
|    fps                | 1163     |
|    iterations         | 93700    |
|    time_elapsed       | 1288     |
|    total_timesteps    | 1499200  |
| train/                |          |
|    entropy_loss       | -1.29    |
|    explained_variance | 0.755    |
|    learning_rate      | 3.25e-05 |
|    n_updates          | 93699    |
|    policy_loss        | -0.461   |
|    value_loss         | 1.89     |
------------------------------------
Eval num_timesteps=1500000, episode_reward=95.91 +/- 132.24
Episode length: 554.20 +/- 49.35
------------------------------------
| eval/                 |          |
|    mean_ep_length     | 554      |
|    mean_reward        | 95.9     |
| time/                 |          |
|    total_timesteps    | 1500000  |
| train/                |          |
|    entropy_loss       | -1.1     |
|    explained_variance | 1.11e-05 |
|    learning_rate      | 3.25e-05 |
|    n_updates          | 93749    |
|    policy_loss        | -0.165   |
|    value_loss         | 0.0779   |
------------------------------------
------------------------------------
| rollout/              |          |
|    ep_len_mean        | 831      |
|    ep_rew_mean        | 68       |
| time/                 |          |
|    fps                | 1162     |
|    iterations         | 93800    |
|    time_elapsed       | 1291     |
|    total_timesteps    | 1500800  |
| train/                |          |
|    entropy_loss       | -0.965   |
|    explained_variance | 0.685    |
|    learning_rate      | 3.25e-05 |
|    n_updates          | 93799    |
|    policy_loss        | -3.04    |
|    value_loss         | 9.1      |
------------------------------------
------------------------------------
| rollout/              |          |
|    ep_len_mean        | 824      |
|    ep_rew_mean        | 67.2     |
| time/                 |          |
|    fps                | 1162     |
|    iterations         | 93900    |
|    time_elapsed       | 1292     |
|    total_timesteps    | 1502400  |
| train/                |          |
|    entropy_loss       | -0.967   |
|    explained_variance | 0.959    |
|    learning_rate      | 3.24e-05 |
|    n_updates          | 93899    |
|    policy_loss        | 0.131    |
|    value_loss         | 0.632    |
------------------------------------
------------------------------------
| rollout/              |          |
|    ep_len_mean        | 818      |
|    ep_rew_mean        | 65.3     |
| time/                 |          |
|    fps                | 1162     |
|    iterations         | 94000    |
|    time_elapsed       | 1294     |
|    total_timesteps    | 1504000  |
| train/                |          |
|    entropy_loss       | -0.934   |
|    explained_variance | 0.839    |
|    learning_rate      | 3.23e-05 |
|    n_updates          | 93999    |
|    policy_loss        | 2.45     |
|    value_loss         | 13.9     |
------------------------------------
------------------------------------
| rollout/              |          |
|    ep_len_mean        | 818      |
|    ep_rew_mean        | 65.3     |
| time/                 |          |
|    fps                | 1162     |
|    iterations         | 94100    |
|    time_elapsed       | 1295     |
|    total_timesteps    | 1505600  |
| train/                |          |
|    entropy_loss       | -1.23    |
|    explained_variance | 0.851    |
|    learning_rate      | 3.22e-05 |
|    n_updates          | 94099    |
|    policy_loss        | -4.54    |
|    value_loss         | 14.9     |
------------------------------------
------------------------------------
| rollout/              |          |
|    ep_len_mean        | 818      |
|    ep_rew_mean        | 65.4     |
| time/                 |          |
|    fps                | 1162     |
|    iterations         | 94200    |
|    time_elapsed       | 1296     |
|    total_timesteps    | 1507200  |
| train/                |          |
|    entropy_loss       | -1.12    |
|    explained_variance | 0.974    |
|    learning_rate      | 3.22e-05 |
|    n_updates          | 94199    |
|    policy_loss        | -0.8     |
|    value_loss         | 0.563    |
------------------------------------
------------------------------------
| rollout/              |          |
|    ep_len_mean        | 818      |
|    ep_rew_mean        | 66       |
| time/                 |          |
|    fps                | 1162     |
|    iterations         | 94300    |
|    time_elapsed       | 1298     |
|    total_timesteps    | 1508800  |
| train/                |          |
|    entropy_loss       | -0.978   |
|    explained_variance | 0.152    |
|    learning_rate      | 3.21e-05 |
|    n_updates          | 94299    |
|    policy_loss        | -7.76    |
|    value_loss         | 42.9     |
------------------------------------
------------------------------------
| rollout/              |          |
|    ep_len_mean        | 805      |
|    ep_rew_mean        | 63.1     |
| time/                 |          |
|    fps                | 1161     |
|    iterations         | 94400    |
|    time_elapsed       | 1299     |
|    total_timesteps    | 1510400  |
| train/                |          |
|    entropy_loss       | -1.09    |
|    explained_variance | 0.931    |
|    learning_rate      | 3.2e-05  |
|    n_updates          | 94399    |
|    policy_loss        | 0.452    |
|    value_loss         | 4.11     |
------------------------------------
------------------------------------
| rollout/              |          |
|    ep_len_mean        | 809      |
|    ep_rew_mean        | 65       |
| time/                 |          |
|    fps                | 1161     |
|    iterations         | 94500    |
|    time_elapsed       | 1301     |
|    total_timesteps    | 1512000  |
| train/                |          |
|    entropy_loss       | -1.11    |
|    explained_variance | 0.739    |
|    learning_rate      | 3.2e-05  |
|    n_updates          | 94499    |
|    policy_loss        | 2.14     |
|    value_loss         | 5.4      |
------------------------------------
------------------------------------
| rollout/              |          |
|    ep_len_mean        | 809      |
|    ep_rew_mean        | 64.7     |
| time/                 |          |
|    fps                | 1161     |
|    iterations         | 94600    |
|    time_elapsed       | 1302     |
|    total_timesteps    | 1513600  |
| train/                |          |
|    entropy_loss       | -1.12    |
|    explained_variance | -0.0528  |
|    learning_rate      | 3.19e-05 |
|    n_updates          | 94599    |
|    policy_loss        | -0.00269 |
|    value_loss         | 0.0279   |
------------------------------------
------------------------------------
| rollout/              |          |
|    ep_len_mean        | 811      |
|    ep_rew_mean        | 64.3     |
| time/                 |          |
|    fps                | 1161     |
|    iterations         | 94700    |
|    time_elapsed       | 1304     |
|    total_timesteps    | 1515200  |
| train/                |          |
|    entropy_loss       | -1.23    |
|    explained_variance | 0.809    |
|    learning_rate      | 3.18e-05 |
|    n_updates          | 94699    |
|    policy_loss        | -2.85    |
|    value_loss         | 8.34     |
------------------------------------
------------------------------------
| rollout/              |          |
|    ep_len_mean        | 811      |
|    ep_rew_mean        | 64.4     |
| time/                 |          |
|    fps                | 1161     |
|    iterations         | 94800    |
|    time_elapsed       | 1305     |
|    total_timesteps    | 1516800  |
| train/                |          |
|    entropy_loss       | -1.11    |
|    explained_variance | 0.872    |
|    learning_rate      | 3.17e-05 |
|    n_updates          | 94799    |
|    policy_loss        | -0.367   |
|    value_loss         | 1.25     |
------------------------------------
------------------------------------
| rollout/              |          |
|    ep_len_mean        | 810      |
|    ep_rew_mean        | 62       |
| time/                 |          |
|    fps                | 1162     |
|    iterations         | 94900    |
|    time_elapsed       | 1306     |
|    total_timesteps    | 1518400  |
| train/                |          |
|    entropy_loss       | -0.959   |
|    explained_variance | -0.0349  |
|    learning_rate      | 3.17e-05 |
|    n_updates          | 94899    |
|    policy_loss        | 4.81     |
|    value_loss         | 60.6     |
------------------------------------
------------------------------------
| rollout/              |          |
|    ep_len_mean        | 810      |
|    ep_rew_mean        | 61.3     |
| time/                 |          |
|    fps                | 1162     |
|    iterations         | 95000    |
|    time_elapsed       | 1307     |
|    total_timesteps    | 1520000  |
| train/                |          |
|    entropy_loss       | -1.14    |
|    explained_variance | 0.934    |
|    learning_rate      | 3.16e-05 |
|    n_updates          | 94999    |
|    policy_loss        | -1.18    |
|    value_loss         | 2.81     |
------------------------------------
------------------------------------
| rollout/              |          |
|    ep_len_mean        | 810      |
|    ep_rew_mean        | 61.4     |
| time/                 |          |
|    fps                | 1162     |
|    iterations         | 95100    |
|    time_elapsed       | 1309     |
|    total_timesteps    | 1521600  |
| train/                |          |
|    entropy_loss       | -0.897   |
|    explained_variance | 0.481    |
|    learning_rate      | 3.15e-05 |
|    n_updates          | 95099    |
|    policy_loss        | -3.15    |
|    value_loss         | 17.1     |
------------------------------------
------------------------------------
| rollout/              |          |
|    ep_len_mean        | 805      |
|    ep_rew_mean        | 59.9     |
| time/                 |          |
|    fps                | 1162     |
|    iterations         | 95200    |
|    time_elapsed       | 1310     |
|    total_timesteps    | 1523200  |
| train/                |          |
|    entropy_loss       | -0.724   |
|    explained_variance | -0.818   |
|    learning_rate      | 3.15e-05 |
|    n_updates          | 95199    |
|    policy_loss        | 7.73     |
|    value_loss         | 99.7     |
------------------------------------
------------------------------------
| rollout/              |          |
|    ep_len_mean        | 805      |
|    ep_rew_mean        | 59.7     |
| time/                 |          |
|    fps                | 1162     |
|    iterations         | 95300    |
|    time_elapsed       | 1311     |
|    total_timesteps    | 1524800  |
| train/                |          |
|    entropy_loss       | -0.497   |
|    explained_variance | 0.192    |
|    learning_rate      | 3.14e-05 |
|    n_updates          | 95299    |
|    policy_loss        | 0.0284   |
|    value_loss         | 0.209    |
------------------------------------
------------------------------------
| rollout/              |          |
|    ep_len_mean        | 810      |
|    ep_rew_mean        | 62       |
| time/                 |          |
|    fps                | 1162     |
|    iterations         | 95400    |
|    time_elapsed       | 1312     |
|    total_timesteps    | 1526400  |
| train/                |          |
|    entropy_loss       | -0.818   |
|    explained_variance | -0.0366  |
|    learning_rate      | 3.13e-05 |
|    n_updates          | 95399    |
|    policy_loss        | 1.09     |
|    value_loss         | 2.44     |
------------------------------------
------------------------------------
| rollout/              |          |
|    ep_len_mean        | 807      |
|    ep_rew_mean        | 61.4     |
| time/                 |          |
|    fps                | 1162     |
|    iterations         | 95500    |
|    time_elapsed       | 1314     |
|    total_timesteps    | 1528000  |
| train/                |          |
|    entropy_loss       | -1.25    |
|    explained_variance | 0.761    |
|    learning_rate      | 3.12e-05 |
|    n_updates          | 95499    |
|    policy_loss        | 0.412    |
|    value_loss         | 1.53     |
------------------------------------
------------------------------------
| rollout/              |          |
|    ep_len_mean        | 812      |
|    ep_rew_mean        | 62.9     |
| time/                 |          |
|    fps                | 1162     |
|    iterations         | 95600    |
|    time_elapsed       | 1315     |
|    total_timesteps    | 1529600  |
| train/                |          |
|    entropy_loss       | -0.384   |
|    explained_variance | -2.12    |
|    learning_rate      | 3.12e-05 |
|    n_updates          | 95599    |
|    policy_loss        | -3.23    |
|    value_loss         | 49.7     |
------------------------------------
------------------------------------
| rollout/              |          |
|    ep_len_mean        | 812      |
|    ep_rew_mean        | 63       |
| time/                 |          |
|    fps                | 1162     |
|    iterations         | 95700    |
|    time_elapsed       | 1316     |
|    total_timesteps    | 1531200  |
| train/                |          |
|    entropy_loss       | -1.1     |
|    explained_variance | 0.704    |
|    learning_rate      | 3.11e-05 |
|    n_updates          | 95699    |
|    policy_loss        | -1.1     |
|    value_loss         | 34.6     |
------------------------------------
------------------------------------
| rollout/              |          |
|    ep_len_mean        | 818      |
|    ep_rew_mean        | 63.4     |
| time/                 |          |
|    fps                | 1162     |
|    iterations         | 95800    |
|    time_elapsed       | 1318     |
|    total_timesteps    | 1532800  |
| train/                |          |
|    entropy_loss       | -0.946   |
|    explained_variance | 0.869    |
|    learning_rate      | 3.1e-05  |
|    n_updates          | 95799    |
|    policy_loss        | 0.3      |
|    value_loss         | 0.909    |
------------------------------------
------------------------------------
| rollout/              |          |
|    ep_len_mean        | 825      |
|    ep_rew_mean        | 64.3     |
| time/                 |          |
|    fps                | 1163     |
|    iterations         | 95900    |
|    time_elapsed       | 1319     |
|    total_timesteps    | 1534400  |
| train/                |          |
|    entropy_loss       | -1.12    |
|    explained_variance | 0.916    |
|    learning_rate      | 3.1e-05  |
|    n_updates          | 95899    |
|    policy_loss        | 0.747    |
|    value_loss         | 7.17     |
------------------------------------
------------------------------------
| rollout/              |          |
|    ep_len_mean        | 825      |
|    ep_rew_mean        | 64.5     |
| time/                 |          |
|    fps                | 1163     |
|    iterations         | 96000    |
|    time_elapsed       | 1320     |
|    total_timesteps    | 1536000  |
| train/                |          |
|    entropy_loss       | -0.847   |
|    explained_variance | 0.868    |
|    learning_rate      | 3.09e-05 |
|    n_updates          | 95999    |
|    policy_loss        | 1.35     |
|    value_loss         | 5.24     |
------------------------------------
------------------------------------
| rollout/              |          |
|    ep_len_mean        | 825      |
|    ep_rew_mean        | 64.1     |
| time/                 |          |
|    fps                | 1163     |
|    iterations         | 96100    |
|    time_elapsed       | 1321     |
|    total_timesteps    | 1537600  |
| train/                |          |
|    entropy_loss       | -0.766   |
|    explained_variance | 0.643    |
|    learning_rate      | 3.08e-05 |
|    n_updates          | 96099    |
|    policy_loss        | 0.212    |
|    value_loss         | 4.1      |
------------------------------------
------------------------------------
| rollout/              |          |
|    ep_len_mean        | 825      |
|    ep_rew_mean        | 63.7     |
| time/                 |          |
|    fps                | 1163     |
|    iterations         | 96200    |
|    time_elapsed       | 1323     |
|    total_timesteps    | 1539200  |
| train/                |          |
|    entropy_loss       | -1.03    |
|    explained_variance | 0.0594   |
|    learning_rate      | 3.07e-05 |
|    n_updates          | 96199    |
|    policy_loss        | 0.336    |
|    value_loss         | 0.77     |
------------------------------------
------------------------------------
| rollout/              |          |
|    ep_len_mean        | 831      |
|    ep_rew_mean        | 65       |
| time/                 |          |
|    fps                | 1163     |
|    iterations         | 96300    |
|    time_elapsed       | 1324     |
|    total_timesteps    | 1540800  |
| train/                |          |
|    entropy_loss       | -1.01    |
|    explained_variance | 0.854    |
|    learning_rate      | 3.07e-05 |
|    n_updates          | 96299    |
|    policy_loss        | 2.42     |
|    value_loss         | 5.87     |
------------------------------------
------------------------------------
| rollout/              |          |
|    ep_len_mean        | 832      |
|    ep_rew_mean        | 65       |
| time/                 |          |
|    fps                | 1163     |
|    iterations         | 96400    |
|    time_elapsed       | 1325     |
|    total_timesteps    | 1542400  |
| train/                |          |
|    entropy_loss       | -0.968   |
|    explained_variance | 0.743    |
|    learning_rate      | 3.06e-05 |
|    n_updates          | 96399    |
|    policy_loss        | -1.06    |
|    value_loss         | 1.77     |
------------------------------------
------------------------------------
| rollout/              |          |
|    ep_len_mean        | 828      |
|    ep_rew_mean        | 62       |
| time/                 |          |
|    fps                | 1163     |
|    iterations         | 96500    |
|    time_elapsed       | 1326     |
|    total_timesteps    | 1544000  |
| train/                |          |
|    entropy_loss       | -1.2     |
|    explained_variance | 0.905    |
|    learning_rate      | 3.05e-05 |
|    n_updates          | 96499    |
|    policy_loss        | -0.858   |
|    value_loss         | 0.819    |
------------------------------------
------------------------------------
| rollout/              |          |
|    ep_len_mean        | 833      |
|    ep_rew_mean        | 61.3     |
| time/                 |          |
|    fps                | 1163     |
|    iterations         | 96600    |
|    time_elapsed       | 1328     |
|    total_timesteps    | 1545600  |
| train/                |          |
|    entropy_loss       | -1.1     |
|    explained_variance | 0.0242   |
|    learning_rate      | 3.04e-05 |
|    n_updates          | 96599    |
|    policy_loss        | 0.0354   |
|    value_loss         | 0.0709   |
------------------------------------
------------------------------------
| rollout/              |          |
|    ep_len_mean        | 833      |
|    ep_rew_mean        | 61.8     |
| time/                 |          |
|    fps                | 1163     |
|    iterations         | 96700    |
|    time_elapsed       | 1329     |
|    total_timesteps    | 1547200  |
| train/                |          |
|    entropy_loss       | -1.23    |
|    explained_variance | 0.787    |
|    learning_rate      | 3.04e-05 |
|    n_updates          | 96699    |
|    policy_loss        | -2       |
|    value_loss         | 4.3      |
------------------------------------
------------------------------------
| rollout/              |          |
|    ep_len_mean        | 825      |
|    ep_rew_mean        | 59.4     |
| time/                 |          |
|    fps                | 1163     |
|    iterations         | 96800    |
|    time_elapsed       | 1330     |
|    total_timesteps    | 1548800  |
| train/                |          |
|    entropy_loss       | -1.03    |
|    explained_variance | 0.0269   |
|    learning_rate      | 3.03e-05 |
|    n_updates          | 96799    |
|    policy_loss        | -1.99    |
|    value_loss         | 3.79     |
------------------------------------
Eval num_timesteps=1550000, episode_reward=-72.86 +/- 46.27
Episode length: 959.40 +/- 81.20
------------------------------------
| eval/                 |          |
|    mean_ep_length     | 959      |
|    mean_reward        | -72.9    |
| time/                 |          |
|    total_timesteps    | 1550000  |
| train/                |          |
|    entropy_loss       | -1.15    |
|    explained_variance | 0.17     |
|    learning_rate      | 3.03e-05 |
|    n_updates          | 96874    |
|    policy_loss        | 4.08     |
|    value_loss         | 13.5     |
------------------------------------
------------------------------------
| rollout/              |          |
|    ep_len_mean        | 826      |
|    ep_rew_mean        | 59.4     |
| time/                 |          |
|    fps                | 1162     |
|    iterations         | 96900    |
|    time_elapsed       | 1333     |
|    total_timesteps    | 1550400  |
| train/                |          |
|    entropy_loss       | -1.13    |
|    explained_variance | -0.0594  |
|    learning_rate      | 3.02e-05 |
|    n_updates          | 96899    |
|    policy_loss        | -0.228   |
|    value_loss         | 0.171    |
------------------------------------
------------------------------------
| rollout/              |          |
|    ep_len_mean        | 826      |
|    ep_rew_mean        | 58.9     |
| time/                 |          |
|    fps                | 1162     |
|    iterations         | 97000    |
|    time_elapsed       | 1335     |
|    total_timesteps    | 1552000  |
| train/                |          |
|    entropy_loss       | -1.05    |
|    explained_variance | 0.831    |
|    learning_rate      | 3.02e-05 |
|    n_updates          | 96999    |
|    policy_loss        | 0.0783   |
|    value_loss         | 1.41     |
------------------------------------
------------------------------------
| rollout/              |          |
|    ep_len_mean        | 823      |
|    ep_rew_mean        | 56.6     |
| time/                 |          |
|    fps                | 1162     |
|    iterations         | 97100    |
|    time_elapsed       | 1336     |
|    total_timesteps    | 1553600  |
| train/                |          |
|    entropy_loss       | -1.11    |
|    explained_variance | -0.0611  |
|    learning_rate      | 3.01e-05 |
|    n_updates          | 97099    |
|    policy_loss        | 3.65     |
|    value_loss         | 16.4     |
------------------------------------
------------------------------------
| rollout/              |          |
|    ep_len_mean        | 823      |
|    ep_rew_mean        | 55.9     |
| time/                 |          |
|    fps                | 1162     |
|    iterations         | 97200    |
|    time_elapsed       | 1337     |
|    total_timesteps    | 1555200  |
| train/                |          |
|    entropy_loss       | -1.16    |
|    explained_variance | 0.803    |
|    learning_rate      | 3e-05    |
|    n_updates          | 97199    |
|    policy_loss        | -0.245   |
|    value_loss         | 0.887    |
------------------------------------
------------------------------------
| rollout/              |          |
|    ep_len_mean        | 823      |
|    ep_rew_mean        | 55.6     |
| time/                 |          |
|    fps                | 1162     |
|    iterations         | 97300    |
|    time_elapsed       | 1339     |
|    total_timesteps    | 1556800  |
| train/                |          |
|    entropy_loss       | -0.726   |
|    explained_variance | 0.0829   |
|    learning_rate      | 2.99e-05 |
|    n_updates          | 97299    |
|    policy_loss        | -0.0219  |
|    value_loss         | 0.0102   |
------------------------------------
------------------------------------
| rollout/              |          |
|    ep_len_mean        | 829      |
|    ep_rew_mean        | 57.2     |
| time/                 |          |
|    fps                | 1162     |
|    iterations         | 97400    |
|    time_elapsed       | 1340     |
|    total_timesteps    | 1558400  |
| train/                |          |
|    entropy_loss       | -0.861   |
|    explained_variance | 0.891    |
|    learning_rate      | 2.99e-05 |
|    n_updates          | 97399    |
|    policy_loss        | -0.838   |
|    value_loss         | 0.986    |
------------------------------------
------------------------------------
| rollout/              |          |
|    ep_len_mean        | 836      |
|    ep_rew_mean        | 58.5     |
| time/                 |          |
|    fps                | 1162     |
|    iterations         | 97500    |
|    time_elapsed       | 1341     |
|    total_timesteps    | 1560000  |
| train/                |          |
|    entropy_loss       | -0.945   |
|    explained_variance | 0.277    |
|    learning_rate      | 2.98e-05 |
|    n_updates          | 97499    |
|    policy_loss        | 3.84     |
|    value_loss         | 11.7     |
------------------------------------
------------------------------------
| rollout/              |          |
|    ep_len_mean        | 843      |
|    ep_rew_mean        | 59.9     |
| time/                 |          |
|    fps                | 1162     |
|    iterations         | 97600    |
|    time_elapsed       | 1342     |
|    total_timesteps    | 1561600  |
| train/                |          |
|    entropy_loss       | -1.01    |
|    explained_variance | 0.0451   |
|    learning_rate      | 2.97e-05 |
|    n_updates          | 97599    |
|    policy_loss        | 0.0851   |
|    value_loss         | 0.364    |
------------------------------------
------------------------------------
| rollout/              |          |
|    ep_len_mean        | 849      |
|    ep_rew_mean        | 61.3     |
| time/                 |          |
|    fps                | 1163     |
|    iterations         | 97700    |
|    time_elapsed       | 1344     |
|    total_timesteps    | 1563200  |
| train/                |          |
|    entropy_loss       | -1.13    |
|    explained_variance | 0.899    |
|    learning_rate      | 2.97e-05 |
|    n_updates          | 97699    |
|    policy_loss        | -1.75    |
|    value_loss         | 2.44     |
------------------------------------
------------------------------------
| rollout/              |          |
|    ep_len_mean        | 848      |
|    ep_rew_mean        | 57.7     |
| time/                 |          |
|    fps                | 1163     |
|    iterations         | 97800    |
|    time_elapsed       | 1345     |
|    total_timesteps    | 1564800  |
| train/                |          |
|    entropy_loss       | -1.24    |
|    explained_variance | 0.845    |
|    learning_rate      | 2.96e-05 |
|    n_updates          | 97799    |
|    policy_loss        | -1.28    |
|    value_loss         | 1.86     |
------------------------------------
------------------------------------
| rollout/              |          |
|    ep_len_mean        | 854      |
|    ep_rew_mean        | 58.7     |
| time/                 |          |
|    fps                | 1163     |
|    iterations         | 97900    |
|    time_elapsed       | 1346     |
|    total_timesteps    | 1566400  |
| train/                |          |
|    entropy_loss       | -1.01    |
|    explained_variance | 0.959    |
|    learning_rate      | 2.95e-05 |
|    n_updates          | 97899    |
|    policy_loss        | 0.187    |
|    value_loss         | 0.614    |
------------------------------------
------------------------------------
| rollout/              |          |
|    ep_len_mean        | 854      |
|    ep_rew_mean        | 56.5     |
| time/                 |          |
|    fps                | 1163     |
|    iterations         | 98000    |
|    time_elapsed       | 1347     |
|    total_timesteps    | 1568000  |
| train/                |          |
|    entropy_loss       | -0.967   |
|    explained_variance | 0.924    |
|    learning_rate      | 2.94e-05 |
|    n_updates          | 97999    |
|    policy_loss        | -0.538   |
|    value_loss         | 0.521    |
------------------------------------
------------------------------------
| rollout/              |          |
|    ep_len_mean        | 868      |
|    ep_rew_mean        | 58.5     |
| time/                 |          |
|    fps                | 1163     |
|    iterations         | 98100    |
|    time_elapsed       | 1349     |
|    total_timesteps    | 1569600  |
| train/                |          |
|    entropy_loss       | -0.786   |
|    explained_variance | -0.626   |
|    learning_rate      | 2.94e-05 |
|    n_updates          | 98099    |
|    policy_loss        | 2.73     |
|    value_loss         | 24.7     |
------------------------------------
------------------------------------
| rollout/              |          |
|    ep_len_mean        | 872      |
|    ep_rew_mean        | 57.8     |
| time/                 |          |
|    fps                | 1163     |
|    iterations         | 98200    |
|    time_elapsed       | 1350     |
|    total_timesteps    | 1571200  |
| train/                |          |
|    entropy_loss       | -0.993   |
|    explained_variance | -0.0314  |
|    learning_rate      | 2.93e-05 |
|    n_updates          | 98199    |
|    policy_loss        | -0.287   |
|    value_loss         | 0.115    |
------------------------------------
------------------------------------
| rollout/              |          |
|    ep_len_mean        | 878      |
|    ep_rew_mean        | 58.9     |
| time/                 |          |
|    fps                | 1163     |
|    iterations         | 98300    |
|    time_elapsed       | 1351     |
|    total_timesteps    | 1572800  |
| train/                |          |
|    entropy_loss       | -1.14    |
|    explained_variance | 0.0154   |
|    learning_rate      | 2.92e-05 |
|    n_updates          | 98299    |
|    policy_loss        | -2.3     |
|    value_loss         | 7.2      |
------------------------------------
------------------------------------
| rollout/              |          |
|    ep_len_mean        | 878      |
|    ep_rew_mean        | 57.7     |
| time/                 |          |
|    fps                | 1163     |
|    iterations         | 98400    |
|    time_elapsed       | 1352     |
|    total_timesteps    | 1574400  |
| train/                |          |
|    entropy_loss       | -1.08    |
|    explained_variance | 0.719    |
|    learning_rate      | 2.92e-05 |
|    n_updates          | 98399    |
|    policy_loss        | 0.0157   |
|    value_loss         | 0.94     |
------------------------------------
------------------------------------
| rollout/              |          |
|    ep_len_mean        | 878      |
|    ep_rew_mean        | 57       |
| time/                 |          |
|    fps                | 1163     |
|    iterations         | 98500    |
|    time_elapsed       | 1354     |
|    total_timesteps    | 1576000  |
| train/                |          |
|    entropy_loss       | -0.983   |
|    explained_variance | -0.0395  |
|    learning_rate      | 2.91e-05 |
|    n_updates          | 98499    |
|    policy_loss        | 0.222    |
|    value_loss         | 0.161    |
------------------------------------
------------------------------------
| rollout/              |          |
|    ep_len_mean        | 881      |
|    ep_rew_mean        | 56.4     |
| time/                 |          |
|    fps                | 1163     |
|    iterations         | 98600    |
|    time_elapsed       | 1355     |
|    total_timesteps    | 1577600  |
| train/                |          |
|    entropy_loss       | -1.06    |
|    explained_variance | -0.195   |
|    learning_rate      | 2.9e-05  |
|    n_updates          | 98599    |
|    policy_loss        | -1.4     |
|    value_loss         | 4.95     |
------------------------------------
------------------------------------
| rollout/              |          |
|    ep_len_mean        | 872      |
|    ep_rew_mean        | 51.2     |
| time/                 |          |
|    fps                | 1163     |
|    iterations         | 98700    |
|    time_elapsed       | 1356     |
|    total_timesteps    | 1579200  |
| train/                |          |
|    entropy_loss       | -0.997   |
|    explained_variance | 0.896    |
|    learning_rate      | 2.89e-05 |
|    n_updates          | 98699    |
|    policy_loss        | -0.569   |
|    value_loss         | 0.702    |
------------------------------------
------------------------------------
| rollout/              |          |
|    ep_len_mean        | 868      |
|    ep_rew_mean        | 48.1     |
| time/                 |          |
|    fps                | 1164     |
|    iterations         | 98800    |
|    time_elapsed       | 1357     |
|    total_timesteps    | 1580800  |
| train/                |          |
|    entropy_loss       | -1.08    |
|    explained_variance | 0.758    |
|    learning_rate      | 2.89e-05 |
|    n_updates          | 98799    |
|    policy_loss        | -1.35    |
|    value_loss         | 1.62     |
------------------------------------
------------------------------------
| rollout/              |          |
|    ep_len_mean        | 870      |
|    ep_rew_mean        | 45.2     |
| time/                 |          |
|    fps                | 1164     |
|    iterations         | 98900    |
|    time_elapsed       | 1359     |
|    total_timesteps    | 1582400  |
| train/                |          |
|    entropy_loss       | -1.26    |
|    explained_variance | 0.163    |
|    learning_rate      | 2.88e-05 |
|    n_updates          | 98899    |
|    policy_loss        | 1.34     |
|    value_loss         | 2.9      |
------------------------------------
------------------------------------
| rollout/              |          |
|    ep_len_mean        | 870      |
|    ep_rew_mean        | 44.5     |
| time/                 |          |
|    fps                | 1164     |
|    iterations         | 99000    |
|    time_elapsed       | 1360     |
|    total_timesteps    | 1584000  |
| train/                |          |
|    entropy_loss       | -0.917   |
|    explained_variance | 0.841    |
|    learning_rate      | 2.87e-05 |
|    n_updates          | 98999    |
|    policy_loss        | 5.29     |
|    value_loss         | 61.2     |
------------------------------------
------------------------------------
| rollout/              |          |
|    ep_len_mean        | 876      |
|    ep_rew_mean        | 43.8     |
| time/                 |          |
|    fps                | 1164     |
|    iterations         | 99100    |
|    time_elapsed       | 1361     |
|    total_timesteps    | 1585600  |
| train/                |          |
|    entropy_loss       | -0.985   |
|    explained_variance | 0.475    |
|    learning_rate      | 2.86e-05 |
|    n_updates          | 99099    |
|    policy_loss        | -0.521   |
|    value_loss         | 3.54     |
------------------------------------
------------------------------------
| rollout/              |          |
|    ep_len_mean        | 878      |
|    ep_rew_mean        | 40.3     |
| time/                 |          |
|    fps                | 1164     |
|    iterations         | 99200    |
|    time_elapsed       | 1363     |
|    total_timesteps    | 1587200  |
| train/                |          |
|    entropy_loss       | -1.11    |
|    explained_variance | 0.784    |
|    learning_rate      | 2.86e-05 |
|    n_updates          | 99199    |
|    policy_loss        | 1.98     |
|    value_loss         | 5.51     |
------------------------------------
------------------------------------
| rollout/              |          |
|    ep_len_mean        | 878      |
|    ep_rew_mean        | 39.5     |
| time/                 |          |
|    fps                | 1164     |
|    iterations         | 99300    |
|    time_elapsed       | 1364     |
|    total_timesteps    | 1588800  |
| train/                |          |
|    entropy_loss       | -0.823   |
|    explained_variance | 0.0103   |
|    learning_rate      | 2.85e-05 |
|    n_updates          | 99299    |
|    policy_loss        | -0.154   |
|    value_loss         | 0.0552   |
------------------------------------
------------------------------------
| rollout/              |          |
|    ep_len_mean        | 890      |
|    ep_rew_mean        | 41.5     |
| time/                 |          |
|    fps                | 1164     |
|    iterations         | 99400    |
|    time_elapsed       | 1365     |
|    total_timesteps    | 1590400  |
| train/                |          |
|    entropy_loss       | -1.24    |
|    explained_variance | 0.63     |
|    learning_rate      | 2.84e-05 |
|    n_updates          | 99399    |
|    policy_loss        | 2.33     |
|    value_loss         | 5.85     |
------------------------------------
------------------------------------
| rollout/              |          |
|    ep_len_mean        | 890      |
|    ep_rew_mean        | 40.5     |
| time/                 |          |
|    fps                | 1164     |
|    iterations         | 99500    |
|    time_elapsed       | 1366     |
|    total_timesteps    | 1592000  |
| train/                |          |
|    entropy_loss       | -1.06    |
|    explained_variance | 0.675    |
|    learning_rate      | 2.84e-05 |
|    n_updates          | 99499    |
|    policy_loss        | -1.46    |
|    value_loss         | 2.3      |
------------------------------------
------------------------------------
| rollout/              |          |
|    ep_len_mean        | 897      |
|    ep_rew_mean        | 41.1     |
| time/                 |          |
|    fps                | 1164     |
|    iterations         | 99600    |
|    time_elapsed       | 1368     |
|    total_timesteps    | 1593600  |
| train/                |          |
|    entropy_loss       | -0.806   |
|    explained_variance | 0.888    |
|    learning_rate      | 2.83e-05 |
|    n_updates          | 99599    |
|    policy_loss        | -1.23    |
|    value_loss         | 1.63     |
------------------------------------
------------------------------------
| rollout/              |          |
|    ep_len_mean        | 897      |
|    ep_rew_mean        | 39.9     |
| time/                 |          |
|    fps                | 1164     |
|    iterations         | 99700    |
|    time_elapsed       | 1369     |
|    total_timesteps    | 1595200  |
| train/                |          |
|    entropy_loss       | -1.25    |
|    explained_variance | 0.185    |
|    learning_rate      | 2.82e-05 |
|    n_updates          | 99699    |
|    policy_loss        | -0.665   |
|    value_loss         | 3.29     |
------------------------------------
------------------------------------
| rollout/              |          |
|    ep_len_mean        | 897      |
|    ep_rew_mean        | 39.4     |
| time/                 |          |
|    fps                | 1165     |
|    iterations         | 99800    |
|    time_elapsed       | 1370     |
|    total_timesteps    | 1596800  |
| train/                |          |
|    entropy_loss       | -0.919   |
|    explained_variance | -0.0712  |
|    learning_rate      | 2.81e-05 |
|    n_updates          | 99799    |
|    policy_loss        | 1.61     |
|    value_loss         | 3.52     |
------------------------------------
------------------------------------
| rollout/              |          |
|    ep_len_mean        | 895      |
|    ep_rew_mean        | 35.7     |
| time/                 |          |
|    fps                | 1165     |
|    iterations         | 99900    |
|    time_elapsed       | 1371     |
|    total_timesteps    | 1598400  |
| train/                |          |
|    entropy_loss       | -0.979   |
|    explained_variance | 0.851    |
|    learning_rate      | 2.81e-05 |
|    n_updates          | 99899    |
|    policy_loss        | -2.89    |
|    value_loss         | 5.63     |
------------------------------------
Eval num_timesteps=1600000, episode_reward=-138.79 +/- 20.28
Episode length: 973.60 +/- 52.80
------------------------------------
| eval/                 |          |
|    mean_ep_length     | 974      |
|    mean_reward        | -139     |
| time/                 |          |
|    total_timesteps    | 1600000  |
| train/                |          |
|    entropy_loss       | -1.06    |
|    explained_variance | 0.663    |
|    learning_rate      | 2.8e-05  |
|    n_updates          | 99999    |
|    policy_loss        | -0.295   |
|    value_loss         | 3        |
------------------------------------
---------------------------------
| rollout/           |          |
|    ep_len_mean     | 901      |
|    ep_rew_mean     | 35.1     |
| time/              |          |
|    fps             | 1163     |
|    iterations      | 100000   |
|    time_elapsed    | 1375     |
|    total_timesteps | 1600000  |
---------------------------------
------------------------------------
| rollout/              |          |
|    ep_len_mean        | 908      |
|    ep_rew_mean        | 36       |
| time/                 |          |
|    fps                | 1163     |
|    iterations         | 100100   |
|    time_elapsed       | 1376     |
|    total_timesteps    | 1601600  |
| train/                |          |
|    entropy_loss       | -1.08    |
|    explained_variance | 0.868    |
|    learning_rate      | 2.79e-05 |
|    n_updates          | 100099   |
|    policy_loss        | 0.149    |
|    value_loss         | 1.14     |
------------------------------------
------------------------------------
| rollout/              |          |
|    ep_len_mean        | 906      |
|    ep_rew_mean        | 33.4     |
| time/                 |          |
|    fps                | 1163     |
|    iterations         | 100200   |
|    time_elapsed       | 1377     |
|    total_timesteps    | 1603200  |
| train/                |          |
|    entropy_loss       | -0.383   |
|    explained_variance | -0.394   |
|    learning_rate      | 2.79e-05 |
|    n_updates          | 100199   |
|    policy_loss        | 0.152    |
|    value_loss         | 36.2     |
------------------------------------
------------------------------------
| rollout/              |          |
|    ep_len_mean        | 906      |
|    ep_rew_mean        | 32.9     |
| time/                 |          |
|    fps                | 1163     |
|    iterations         | 100300   |
|    time_elapsed       | 1378     |
|    total_timesteps    | 1604800  |
| train/                |          |
|    entropy_loss       | -0.885   |
|    explained_variance | 0.932    |
|    learning_rate      | 2.78e-05 |
|    n_updates          | 100299   |
|    policy_loss        | -0.502   |
|    value_loss         | 0.625    |
------------------------------------
------------------------------------
| rollout/              |          |
|    ep_len_mean        | 906      |
|    ep_rew_mean        | 32       |
| time/                 |          |
|    fps                | 1163     |
|    iterations         | 100400   |
|    time_elapsed       | 1380     |
|    total_timesteps    | 1606400  |
| train/                |          |
|    entropy_loss       | -1.09    |
|    explained_variance | 0.118    |
|    learning_rate      | 2.77e-05 |
|    n_updates          | 100399   |
|    policy_loss        | 0.298    |
|    value_loss         | 0.534    |
------------------------------------
------------------------------------
| rollout/              |          |
|    ep_len_mean        | 906      |
|    ep_rew_mean        | 31.1     |
| time/                 |          |
|    fps                | 1164     |
|    iterations         | 100500   |
|    time_elapsed       | 1381     |
|    total_timesteps    | 1608000  |
| train/                |          |
|    entropy_loss       | -0.945   |
|    explained_variance | 0.789    |
|    learning_rate      | 2.76e-05 |
|    n_updates          | 100499   |
|    policy_loss        | -1.58    |
|    value_loss         | 3.07     |
------------------------------------
------------------------------------
| rollout/              |          |
|    ep_len_mean        | 908      |
|    ep_rew_mean        | 30.2     |
| time/                 |          |
|    fps                | 1164     |
|    iterations         | 100600   |
|    time_elapsed       | 1382     |
|    total_timesteps    | 1609600  |
| train/                |          |
|    entropy_loss       | -0.92    |
|    explained_variance | 0.469    |
|    learning_rate      | 2.76e-05 |
|    n_updates          | 100599   |
|    policy_loss        | 2.3      |
|    value_loss         | 7.32     |
------------------------------------
------------------------------------
| rollout/              |          |
|    ep_len_mean        | 904      |
|    ep_rew_mean        | 26.2     |
| time/                 |          |
|    fps                | 1164     |
|    iterations         | 100700   |
|    time_elapsed       | 1383     |
|    total_timesteps    | 1611200  |
| train/                |          |
|    entropy_loss       | -1.12    |
|    explained_variance | 0.417    |
|    learning_rate      | 2.75e-05 |
|    n_updates          | 100699   |
|    policy_loss        | 2.13     |
|    value_loss         | 5.34     |
------------------------------------
------------------------------------
| rollout/              |          |
|    ep_len_mean        | 907      |
|    ep_rew_mean        | 25.6     |
| time/                 |          |
|    fps                | 1164     |
|    iterations         | 100800   |
|    time_elapsed       | 1385     |
|    total_timesteps    | 1612800  |
| train/                |          |
|    entropy_loss       | -1.08    |
|    explained_variance | 0.0632   |
|    learning_rate      | 2.74e-05 |
|    n_updates          | 100799   |
|    policy_loss        | 0.654    |
|    value_loss         | 2.91     |
------------------------------------
------------------------------------
| rollout/              |          |
|    ep_len_mean        | 910      |
|    ep_rew_mean        | 24.4     |
| time/                 |          |
|    fps                | 1164     |
|    iterations         | 100900   |
|    time_elapsed       | 1386     |
|    total_timesteps    | 1614400  |
| train/                |          |
|    entropy_loss       | -0.768   |
|    explained_variance | 0.917    |
|    learning_rate      | 2.74e-05 |
|    n_updates          | 100899   |
|    policy_loss        | 0.947    |
|    value_loss         | 2.77     |
------------------------------------
------------------------------------
| rollout/              |          |
|    ep_len_mean        | 910      |
|    ep_rew_mean        | 22.2     |
| time/                 |          |
|    fps                | 1164     |
|    iterations         | 101000   |
|    time_elapsed       | 1387     |
|    total_timesteps    | 1616000  |
| train/                |          |
|    entropy_loss       | -1.2     |
|    explained_variance | 0.511    |
|    learning_rate      | 2.73e-05 |
|    n_updates          | 100999   |
|    policy_loss        | 2.23     |
|    value_loss         | 14.6     |
------------------------------------
------------------------------------
| rollout/              |          |
|    ep_len_mean        | 907      |
|    ep_rew_mean        | 19.6     |
| time/                 |          |
|    fps                | 1164     |
|    iterations         | 101100   |
|    time_elapsed       | 1389     |
|    total_timesteps    | 1617600  |
| train/                |          |
|    entropy_loss       | -0.934   |
|    explained_variance | 0.922    |
|    learning_rate      | 2.72e-05 |
|    n_updates          | 101099   |
|    policy_loss        | -0.454   |
|    value_loss         | 0.715    |
------------------------------------
------------------------------------
| rollout/              |          |
|    ep_len_mean        | 907      |
|    ep_rew_mean        | 19.8     |
| time/                 |          |
|    fps                | 1164     |
|    iterations         | 101200   |
|    time_elapsed       | 1390     |
|    total_timesteps    | 1619200  |
| train/                |          |
|    entropy_loss       | -1.07    |
|    explained_variance | 0.00351  |
|    learning_rate      | 2.71e-05 |
|    n_updates          | 101199   |
|    policy_loss        | 0.14     |
|    value_loss         | 0.0585   |
------------------------------------
------------------------------------
| rollout/              |          |
|    ep_len_mean        | 901      |
|    ep_rew_mean        | 15.4     |
| time/                 |          |
|    fps                | 1164     |
|    iterations         | 101300   |
|    time_elapsed       | 1391     |
|    total_timesteps    | 1620800  |
| train/                |          |
|    entropy_loss       | -1.07    |
|    explained_variance | 0.614    |
|    learning_rate      | 2.71e-05 |
|    n_updates          | 101299   |
|    policy_loss        | 2.26     |
|    value_loss         | 9.11     |
------------------------------------
------------------------------------
| rollout/              |          |
|    ep_len_mean        | 901      |
|    ep_rew_mean        | 15.4     |
| time/                 |          |
|    fps                | 1164     |
|    iterations         | 101400   |
|    time_elapsed       | 1392     |
|    total_timesteps    | 1622400  |
| train/                |          |
|    entropy_loss       | -0.38    |
|    explained_variance | -0.96    |
|    learning_rate      | 2.7e-05  |
|    n_updates          | 101399   |
|    policy_loss        | -0.0649  |
|    value_loss         | 1.82     |
------------------------------------
------------------------------------
| rollout/              |          |
|    ep_len_mean        | 901      |
|    ep_rew_mean        | 14.5     |
| time/                 |          |
|    fps                | 1164     |
|    iterations         | 101500   |
|    time_elapsed       | 1394     |
|    total_timesteps    | 1624000  |
| train/                |          |
|    entropy_loss       | -1.08    |
|    explained_variance | 0.69     |
|    learning_rate      | 2.69e-05 |
|    n_updates          | 101499   |
|    policy_loss        | 1.3      |
|    value_loss         | 4.29     |
------------------------------------
------------------------------------
| rollout/              |          |
|    ep_len_mean        | 901      |
|    ep_rew_mean        | 13.8     |
| time/                 |          |
|    fps                | 1164     |
|    iterations         | 101600   |
|    time_elapsed       | 1395     |
|    total_timesteps    | 1625600  |
| train/                |          |
|    entropy_loss       | -0.963   |
|    explained_variance | 1.78e-05 |
|    learning_rate      | 2.68e-05 |
|    n_updates          | 101599   |
|    policy_loss        | 0.07     |
|    value_loss         | 0.0217   |
------------------------------------
------------------------------------
| rollout/              |          |
|    ep_len_mean        | 893      |
|    ep_rew_mean        | 10.2     |
| time/                 |          |
|    fps                | 1165     |
|    iterations         | 101700   |
|    time_elapsed       | 1396     |
|    total_timesteps    | 1627200  |
| train/                |          |
|    entropy_loss       | -0.981   |
|    explained_variance | 0.837    |
|    learning_rate      | 2.68e-05 |
|    n_updates          | 101699   |
|    policy_loss        | -1.38    |
|    value_loss         | 2.79     |
------------------------------------
------------------------------------
| rollout/              |          |
|    ep_len_mean        | 893      |
|    ep_rew_mean        | 9.96     |
| time/                 |          |
|    fps                | 1165     |
|    iterations         | 101800   |
|    time_elapsed       | 1397     |
|    total_timesteps    | 1628800  |
| train/                |          |
|    entropy_loss       | -1.07    |
|    explained_variance | 0.0603   |
|    learning_rate      | 2.67e-05 |
|    n_updates          | 101799   |
|    policy_loss        | 0.296    |
|    value_loss         | 0.56     |
------------------------------------
------------------------------------
| rollout/              |          |
|    ep_len_mean        | 893      |
|    ep_rew_mean        | 9.23     |
| time/                 |          |
|    fps                | 1165     |
|    iterations         | 101900   |
|    time_elapsed       | 1399     |
|    total_timesteps    | 1630400  |
| train/                |          |
|    entropy_loss       | -1.03    |
|    explained_variance | 0.745    |
|    learning_rate      | 2.66e-05 |
|    n_updates          | 101899   |
|    policy_loss        | -1.81    |
|    value_loss         | 4.15     |
------------------------------------
------------------------------------
| rollout/              |          |
|    ep_len_mean        | 898      |
|    ep_rew_mean        | 10.1     |
| time/                 |          |
|    fps                | 1165     |
|    iterations         | 102000   |
|    time_elapsed       | 1400     |
|    total_timesteps    | 1632000  |
| train/                |          |
|    entropy_loss       | -1.01    |
|    explained_variance | 0.594    |
|    learning_rate      | 2.66e-05 |
|    n_updates          | 101999   |
|    policy_loss        | 1.22     |
|    value_loss         | 4.03     |
------------------------------------
------------------------------------
| rollout/              |          |
|    ep_len_mean        | 903      |
|    ep_rew_mean        | 11.6     |
| time/                 |          |
|    fps                | 1165     |
|    iterations         | 102100   |
|    time_elapsed       | 1401     |
|    total_timesteps    | 1633600  |
| train/                |          |
|    entropy_loss       | -0.917   |
|    explained_variance | 0.0881   |
|    learning_rate      | 2.65e-05 |
|    n_updates          | 102099   |
|    policy_loss        | 1.67     |
|    value_loss         | 4.85     |
------------------------------------
------------------------------------
| rollout/              |          |
|    ep_len_mean        | 903      |
|    ep_rew_mean        | 12       |
| time/                 |          |
|    fps                | 1165     |
|    iterations         | 102200   |
|    time_elapsed       | 1402     |
|    total_timesteps    | 1635200  |
| train/                |          |
|    entropy_loss       | -1.25    |
|    explained_variance | 0.879    |
|    learning_rate      | 2.64e-05 |
|    n_updates          | 102199   |
|    policy_loss        | -1.09    |
|    value_loss         | 1.46     |
------------------------------------
------------------------------------
| rollout/              |          |
|    ep_len_mean        | 903      |
|    ep_rew_mean        | 12       |
| time/                 |          |
|    fps                | 1165     |
|    iterations         | 102300   |
|    time_elapsed       | 1404     |
|    total_timesteps    | 1636800  |
| train/                |          |
|    entropy_loss       | -0.768   |
|    explained_variance | 0.0708   |
|    learning_rate      | 2.63e-05 |
|    n_updates          | 102299   |
|    policy_loss        | -0.0709  |
|    value_loss         | 0.0259   |
------------------------------------
------------------------------------
| rollout/              |          |
|    ep_len_mean        | 906      |
|    ep_rew_mean        | 10.8     |
| time/                 |          |
|    fps                | 1165     |
|    iterations         | 102400   |
|    time_elapsed       | 1405     |
|    total_timesteps    | 1638400  |
| train/                |          |
|    entropy_loss       | -0.919   |
|    explained_variance | 0.857    |
|    learning_rate      | 2.63e-05 |
|    n_updates          | 102399   |
|    policy_loss        | 1.94     |
|    value_loss         | 13.4     |
------------------------------------
------------------------------------
| rollout/              |          |
|    ep_len_mean        | 910      |
|    ep_rew_mean        | 12.4     |
| time/                 |          |
|    fps                | 1165     |
|    iterations         | 102500   |
|    time_elapsed       | 1406     |
|    total_timesteps    | 1640000  |
| train/                |          |
|    entropy_loss       | -0.855   |
|    explained_variance | 0.384    |
|    learning_rate      | 2.62e-05 |
|    n_updates          | 102499   |
|    policy_loss        | 4.42     |
|    value_loss         | 21.9     |
------------------------------------
------------------------------------
| rollout/              |          |
|    ep_len_mean        | 915      |
|    ep_rew_mean        | 14       |
| time/                 |          |
|    fps                | 1165     |
|    iterations         | 102600   |
|    time_elapsed       | 1408     |
|    total_timesteps    | 1641600  |
| train/                |          |
|    entropy_loss       | -0.185   |
|    explained_variance | 0.432    |
|    learning_rate      | 2.61e-05 |
|    n_updates          | 102599   |
|    policy_loss        | 0.996    |
|    value_loss         | 31.5     |
------------------------------------
------------------------------------
| rollout/              |          |
|    ep_len_mean        | 915      |
|    ep_rew_mean        | 13.9     |
| time/                 |          |
|    fps                | 1165     |
|    iterations         | 102700   |
|    time_elapsed       | 1409     |
|    total_timesteps    | 1643200  |
| train/                |          |
|    entropy_loss       | -1.05    |
|    explained_variance | 0.899    |
|    learning_rate      | 2.61e-05 |
|    n_updates          | 102699   |
|    policy_loss        | -0.583   |
|    value_loss         | 0.691    |
------------------------------------
------------------------------------
| rollout/              |          |
|    ep_len_mean        | 916      |
|    ep_rew_mean        | 16       |
| time/                 |          |
|    fps                | 1166     |
|    iterations         | 102800   |
|    time_elapsed       | 1410     |
|    total_timesteps    | 1644800  |
| train/                |          |
|    entropy_loss       | -0.714   |
|    explained_variance | 0.812    |
|    learning_rate      | 2.6e-05  |
|    n_updates          | 102799   |
|    policy_loss        | 0.225    |
|    value_loss         | 2.38     |
------------------------------------
------------------------------------
| rollout/              |          |
|    ep_len_mean        | 912      |
|    ep_rew_mean        | 14.7     |
| time/                 |          |
|    fps                | 1166     |
|    iterations         | 102900   |
|    time_elapsed       | 1411     |
|    total_timesteps    | 1646400  |
| train/                |          |
|    entropy_loss       | -1.05    |
|    explained_variance | 0.724    |
|    learning_rate      | 2.59e-05 |
|    n_updates          | 102899   |
|    policy_loss        | -0.0424  |
|    value_loss         | 0.889    |
------------------------------------
------------------------------------
| rollout/              |          |
|    ep_len_mean        | 912      |
|    ep_rew_mean        | 14.3     |
| time/                 |          |
|    fps                | 1166     |
|    iterations         | 103000   |
|    time_elapsed       | 1413     |
|    total_timesteps    | 1648000  |
| train/                |          |
|    entropy_loss       | -1.07    |
|    explained_variance | 0.00811  |
|    learning_rate      | 2.58e-05 |
|    n_updates          | 102999   |
|    policy_loss        | -0.261   |
|    value_loss         | 0.132    |
------------------------------------
------------------------------------
| rollout/              |          |
|    ep_len_mean        | 913      |
|    ep_rew_mean        | 13.9     |
| time/                 |          |
|    fps                | 1166     |
|    iterations         | 103100   |
|    time_elapsed       | 1414     |
|    total_timesteps    | 1649600  |
| train/                |          |
|    entropy_loss       | -0.722   |
|    explained_variance | 0.958    |
|    learning_rate      | 2.58e-05 |
|    n_updates          | 103099   |
|    policy_loss        | 0.147    |
|    value_loss         | 0.551    |
------------------------------------
Eval num_timesteps=1650000, episode_reward=-11.09 +/- 50.39
Episode length: 971.20 +/- 57.60
------------------------------------
| eval/                 |          |
|    mean_ep_length     | 971      |
|    mean_reward        | -11.1    |
| time/                 |          |
|    total_timesteps    | 1650000  |
| train/                |          |
|    entropy_loss       | -1.05    |
|    explained_variance | -0.0125  |
|    learning_rate      | 2.58e-05 |
|    n_updates          | 103124   |
|    policy_loss        | 0.0374   |
|    value_loss         | 0.0614   |
------------------------------------
------------------------------------
| rollout/              |          |
|    ep_len_mean        | 913      |
|    ep_rew_mean        | 14.5     |
| time/                 |          |
|    fps                | 1164     |
|    iterations         | 103200   |
|    time_elapsed       | 1417     |
|    total_timesteps    | 1651200  |
| train/                |          |
|    entropy_loss       | -1.09    |
|    explained_variance | 0.61     |
|    learning_rate      | 2.57e-05 |
|    n_updates          | 103199   |
|    policy_loss        | 1.27     |
|    value_loss         | 23.6     |
------------------------------------
------------------------------------
| rollout/              |          |
|    ep_len_mean        | 923      |
|    ep_rew_mean        | 17.2     |
| time/                 |          |
|    fps                | 1164     |
|    iterations         | 103300   |
|    time_elapsed       | 1418     |
|    total_timesteps    | 1652800  |
| train/                |          |
|    entropy_loss       | -0.976   |
|    explained_variance | 0.88     |
|    learning_rate      | 2.56e-05 |
|    n_updates          | 103299   |
|    policy_loss        | -0.455   |
|    value_loss         | 0.506    |
------------------------------------
------------------------------------
| rollout/              |          |
|    ep_len_mean        | 923      |
|    ep_rew_mean        | 17       |
| time/                 |          |
|    fps                | 1164     |
|    iterations         | 103400   |
|    time_elapsed       | 1420     |
|    total_timesteps    | 1654400  |
| train/                |          |
|    entropy_loss       | -0.806   |
|    explained_variance | 0.837    |
|    learning_rate      | 2.56e-05 |
|    n_updates          | 103399   |
|    policy_loss        | -0.601   |
|    value_loss         | 1.4      |
------------------------------------
------------------------------------
| rollout/              |          |
|    ep_len_mean        | 916      |
|    ep_rew_mean        | 14       |
| time/                 |          |
|    fps                | 1164     |
|    iterations         | 103500   |
|    time_elapsed       | 1421     |
|    total_timesteps    | 1656000  |
| train/                |          |
|    entropy_loss       | -0.861   |
|    explained_variance | 0.864    |
|    learning_rate      | 2.55e-05 |
|    n_updates          | 103499   |
|    policy_loss        | -0.465   |
|    value_loss         | 0.777    |
------------------------------------
------------------------------------
| rollout/              |          |
|    ep_len_mean        | 918      |
|    ep_rew_mean        | 16.1     |
| time/                 |          |
|    fps                | 1165     |
|    iterations         | 103600   |
|    time_elapsed       | 1422     |
|    total_timesteps    | 1657600  |
| train/                |          |
|    entropy_loss       | -0.836   |
|    explained_variance | 0.536    |
|    learning_rate      | 2.54e-05 |
|    n_updates          | 103599   |
|    policy_loss        | 3.17     |
|    value_loss         | 16.3     |
------------------------------------
------------------------------------
| rollout/              |          |
|    ep_len_mean        | 910      |
|    ep_rew_mean        | 13.7     |
| time/                 |          |
|    fps                | 1165     |
|    iterations         | 103700   |
|    time_elapsed       | 1424     |
|    total_timesteps    | 1659200  |
| train/                |          |
|    entropy_loss       | -1.06    |
|    explained_variance | -0.0191  |
|    learning_rate      | 2.53e-05 |
|    n_updates          | 103699   |
|    policy_loss        | -14.6    |
|    value_loss         | 127      |
------------------------------------
------------------------------------
| rollout/              |          |
|    ep_len_mean        | 910      |
|    ep_rew_mean        | 13.9     |
| time/                 |          |
|    fps                | 1165     |
|    iterations         | 103800   |
|    time_elapsed       | 1425     |
|    total_timesteps    | 1660800  |
| train/                |          |
|    entropy_loss       | -0.922   |
|    explained_variance | 0.417    |
|    learning_rate      | 2.53e-05 |
|    n_updates          | 103799   |
|    policy_loss        | -1.4     |
|    value_loss         | 6.25     |
------------------------------------
------------------------------------
| rollout/              |          |
|    ep_len_mean        | 913      |
|    ep_rew_mean        | 15.6     |
| time/                 |          |
|    fps                | 1165     |
|    iterations         | 103900   |
|    time_elapsed       | 1426     |
|    total_timesteps    | 1662400  |
| train/                |          |
|    entropy_loss       | -1.11    |
|    explained_variance | -0.00476 |
|    learning_rate      | 2.52e-05 |
|    n_updates          | 103899   |
|    policy_loss        | -0.228   |
|    value_loss         | 0.0779   |
------------------------------------
------------------------------------
| rollout/              |          |
|    ep_len_mean        | 913      |
|    ep_rew_mean        | 16       |
| time/                 |          |
|    fps                | 1165     |
|    iterations         | 104000   |
|    time_elapsed       | 1427     |
|    total_timesteps    | 1664000  |
| train/                |          |
|    entropy_loss       | -0.912   |
|    explained_variance | 0.728    |
|    learning_rate      | 2.51e-05 |
|    n_updates          | 103999   |
|    policy_loss        | -3.34    |
|    value_loss         | 10.8     |
------------------------------------
------------------------------------
| rollout/              |          |
|    ep_len_mean        | 910      |
|    ep_rew_mean        | 17.2     |
| time/                 |          |
|    fps                | 1165     |
|    iterations         | 104100   |
|    time_elapsed       | 1429     |
|    total_timesteps    | 1665600  |
| train/                |          |
|    entropy_loss       | -1.16    |
|    explained_variance | 0.932    |
|    learning_rate      | 2.5e-05  |
|    n_updates          | 104099   |
|    policy_loss        | 0.617    |
|    value_loss         | 1.14     |
------------------------------------
------------------------------------
| rollout/              |          |
|    ep_len_mean        | 910      |
|    ep_rew_mean        | 17.2     |
| time/                 |          |
|    fps                | 1165     |
|    iterations         | 104200   |
|    time_elapsed       | 1430     |
|    total_timesteps    | 1667200  |
| train/                |          |
|    entropy_loss       | -1.08    |
|    explained_variance | 0.0342   |
|    learning_rate      | 2.5e-05  |
|    n_updates          | 104199   |
|    policy_loss        | 0.0951   |
|    value_loss         | 0.449    |
------------------------------------
------------------------------------
| rollout/              |          |
|    ep_len_mean        | 914      |
|    ep_rew_mean        | 18.9     |
| time/                 |          |
|    fps                | 1165     |
|    iterations         | 104300   |
|    time_elapsed       | 1431     |
|    total_timesteps    | 1668800  |
| train/                |          |
|    entropy_loss       | -0.815   |
|    explained_variance | 0.898    |
|    learning_rate      | 2.49e-05 |
|    n_updates          | 104299   |
|    policy_loss        | 0.303    |
|    value_loss         | 1.32     |
------------------------------------
------------------------------------
| rollout/              |          |
|    ep_len_mean        | 917      |
|    ep_rew_mean        | 20.7     |
| time/                 |          |
|    fps                | 1165     |
|    iterations         | 104400   |
|    time_elapsed       | 1432     |
|    total_timesteps    | 1670400  |
| train/                |          |
|    entropy_loss       | -1.1     |
|    explained_variance | 0.943    |
|    learning_rate      | 2.48e-05 |
|    n_updates          | 104399   |
|    policy_loss        | -0.653   |
|    value_loss         | 0.515    |
------------------------------------
------------------------------------
| rollout/              |          |
|    ep_len_mean        | 922      |
|    ep_rew_mean        | 23.3     |
| time/                 |          |
|    fps                | 1165     |
|    iterations         | 104500   |
|    time_elapsed       | 1434     |
|    total_timesteps    | 1672000  |
| train/                |          |
|    entropy_loss       | -1.11    |
|    explained_variance | -6.08    |
|    learning_rate      | 2.48e-05 |
|    n_updates          | 104499   |
|    policy_loss        | 8.96     |
|    value_loss         | 139      |
------------------------------------
------------------------------------
| rollout/              |          |
|    ep_len_mean        | 924      |
|    ep_rew_mean        | 23.3     |
| time/                 |          |
|    fps                | 1165     |
|    iterations         | 104600   |
|    time_elapsed       | 1435     |
|    total_timesteps    | 1673600  |
| train/                |          |
|    entropy_loss       | -1.08    |
|    explained_variance | 0.503    |
|    learning_rate      | 2.47e-05 |
|    n_updates          | 104599   |
|    policy_loss        | 2.51     |
|    value_loss         | 32.1     |
------------------------------------
------------------------------------
| rollout/              |          |
|    ep_len_mean        | 928      |
|    ep_rew_mean        | 24.6     |
| time/                 |          |
|    fps                | 1166     |
|    iterations         | 104700   |
|    time_elapsed       | 1436     |
|    total_timesteps    | 1675200  |
| train/                |          |
|    entropy_loss       | -0.791   |
|    explained_variance | 0.869    |
|    learning_rate      | 2.46e-05 |
|    n_updates          | 104699   |
|    policy_loss        | 1.09     |
|    value_loss         | 4.6      |
------------------------------------
------------------------------------
| rollout/              |          |
|    ep_len_mean        | 928      |
|    ep_rew_mean        | 24.6     |
| time/                 |          |
|    fps                | 1166     |
|    iterations         | 104800   |
|    time_elapsed       | 1437     |
|    total_timesteps    | 1676800  |
| train/                |          |
|    entropy_loss       | -0.147   |
|    explained_variance | 0.108    |
|    learning_rate      | 2.45e-05 |
|    n_updates          | 104799   |
|    policy_loss        | -0.492   |
|    value_loss         | 8.72     |
------------------------------------
------------------------------------
| rollout/              |          |
|    ep_len_mean        | 921      |
|    ep_rew_mean        | 22       |
| time/                 |          |
|    fps                | 1166     |
|    iterations         | 104900   |
|    time_elapsed       | 1439     |
|    total_timesteps    | 1678400  |
| train/                |          |
|    entropy_loss       | -1.09    |
|    explained_variance | 0.681    |
|    learning_rate      | 2.45e-05 |
|    n_updates          | 104899   |
|    policy_loss        | 0.972    |
|    value_loss         | 2.97     |
------------------------------------
------------------------------------
| rollout/              |          |
|    ep_len_mean        | 924      |
|    ep_rew_mean        | 23.1     |
| time/                 |          |
|    fps                | 1166     |
|    iterations         | 105000   |
|    time_elapsed       | 1440     |
|    total_timesteps    | 1680000  |
| train/                |          |
|    entropy_loss       | -1.01    |
|    explained_variance | -0.314   |
|    learning_rate      | 2.44e-05 |
|    n_updates          | 104999   |
|    policy_loss        | 1.79     |
|    value_loss         | 7.4      |
------------------------------------
------------------------------------
| rollout/              |          |
|    ep_len_mean        | 921      |
|    ep_rew_mean        | 24.5     |
| time/                 |          |
|    fps                | 1166     |
|    iterations         | 105100   |
|    time_elapsed       | 1441     |
|    total_timesteps    | 1681600  |
| train/                |          |
|    entropy_loss       | -1.05    |
|    explained_variance | 0.964    |
|    learning_rate      | 2.43e-05 |
|    n_updates          | 105099   |
|    policy_loss        | -0.3     |
|    value_loss         | 0.226    |
------------------------------------
------------------------------------
| rollout/              |          |
|    ep_len_mean        | 921      |
|    ep_rew_mean        | 24.9     |
| time/                 |          |
|    fps                | 1166     |
|    iterations         | 105200   |
|    time_elapsed       | 1443     |
|    total_timesteps    | 1683200  |
| train/                |          |
|    entropy_loss       | -0.988   |
|    explained_variance | 0.952    |
|    learning_rate      | 2.43e-05 |
|    n_updates          | 105199   |
|    policy_loss        | 1.11     |
|    value_loss         | 2        |
------------------------------------
------------------------------------
| rollout/              |          |
|    ep_len_mean        | 917      |
|    ep_rew_mean        | 24.3     |
| time/                 |          |
|    fps                | 1166     |
|    iterations         | 105300   |
|    time_elapsed       | 1444     |
|    total_timesteps    | 1684800  |
| train/                |          |
|    entropy_loss       | -1.25    |
|    explained_variance | 0.847    |
|    learning_rate      | 2.42e-05 |
|    n_updates          | 105299   |
|    policy_loss        | -0.373   |
|    value_loss         | 0.646    |
------------------------------------
------------------------------------
| rollout/              |          |
|    ep_len_mean        | 917      |
|    ep_rew_mean        | 24.9     |
| time/                 |          |
|    fps                | 1166     |
|    iterations         | 105400   |
|    time_elapsed       | 1445     |
|    total_timesteps    | 1686400  |
| train/                |          |
|    entropy_loss       | -0.859   |
|    explained_variance | -0.00915 |
|    learning_rate      | 2.41e-05 |
|    n_updates          | 105399   |
|    policy_loss        | -0.39    |
|    value_loss         | 0.206    |
------------------------------------
------------------------------------
| rollout/              |          |
|    ep_len_mean        | 909      |
|    ep_rew_mean        | 23       |
| time/                 |          |
|    fps                | 1166     |
|    iterations         | 105500   |
|    time_elapsed       | 1446     |
|    total_timesteps    | 1688000  |
| train/                |          |
|    entropy_loss       | -1.06    |
|    explained_variance | 0.793    |
|    learning_rate      | 2.4e-05  |
|    n_updates          | 105499   |
|    policy_loss        | 2.49     |
|    value_loss         | 5.81     |
------------------------------------
------------------------------------
| rollout/              |          |
|    ep_len_mean        | 909      |
|    ep_rew_mean        | 24.4     |
| time/                 |          |
|    fps                | 1166     |
|    iterations         | 105600   |
|    time_elapsed       | 1448     |
|    total_timesteps    | 1689600  |
| train/                |          |
|    entropy_loss       | -0.334   |
|    explained_variance | 0.386    |
|    learning_rate      | 2.4e-05  |
|    n_updates          | 105599   |
|    policy_loss        | -17      |
|    value_loss         | 2.44e+03 |
------------------------------------
------------------------------------
| rollout/              |          |
|    ep_len_mean        | 909      |
|    ep_rew_mean        | 25.3     |
| time/                 |          |
|    fps                | 1166     |
|    iterations         | 105700   |
|    time_elapsed       | 1449     |
|    total_timesteps    | 1691200  |
| train/                |          |
|    entropy_loss       | -1.07    |
|    explained_variance | 0.884    |
|    learning_rate      | 2.39e-05 |
|    n_updates          | 105699   |
|    policy_loss        | -1.74    |
|    value_loss         | 3.18     |
------------------------------------
------------------------------------
| rollout/              |          |
|    ep_len_mean        | 903      |
|    ep_rew_mean        | 25       |
| time/                 |          |
|    fps                | 1166     |
|    iterations         | 105800   |
|    time_elapsed       | 1450     |
|    total_timesteps    | 1692800  |
| train/                |          |
|    entropy_loss       | -1.03    |
|    explained_variance | -0.491   |
|    learning_rate      | 2.38e-05 |
|    n_updates          | 105799   |
|    policy_loss        | -0.377   |
|    value_loss         | 13.9     |
------------------------------------
------------------------------------
| rollout/              |          |
|    ep_len_mean        | 900      |
|    ep_rew_mean        | 23.1     |
| time/                 |          |
|    fps                | 1167     |
|    iterations         | 105900   |
|    time_elapsed       | 1451     |
|    total_timesteps    | 1694400  |
| train/                |          |
|    entropy_loss       | -1.09    |
|    explained_variance | -0.249   |
|    learning_rate      | 2.38e-05 |
|    n_updates          | 105899   |
|    policy_loss        | 0.000547 |
|    value_loss         | 0.169    |
------------------------------------
------------------------------------
| rollout/              |          |
|    ep_len_mean        | 900      |
|    ep_rew_mean        | 24.6     |
| time/                 |          |
|    fps                | 1167     |
|    iterations         | 106000   |
|    time_elapsed       | 1453     |
|    total_timesteps    | 1696000  |
| train/                |          |
|    entropy_loss       | -1.04    |
|    explained_variance | 0.939    |
|    learning_rate      | 2.37e-05 |
|    n_updates          | 105999   |
|    policy_loss        | -0.185   |
|    value_loss         | 0.228    |
------------------------------------
------------------------------------
| rollout/              |          |
|    ep_len_mean        | 900      |
|    ep_rew_mean        | 24.9     |
| time/                 |          |
|    fps                | 1167     |
|    iterations         | 106100   |
|    time_elapsed       | 1454     |
|    total_timesteps    | 1697600  |
| train/                |          |
|    entropy_loss       | -1.27    |
|    explained_variance | -0.155   |
|    learning_rate      | 2.36e-05 |
|    n_updates          | 106099   |
|    policy_loss        | 0.61     |
|    value_loss         | 1.92     |
------------------------------------
------------------------------------
| rollout/              |          |
|    ep_len_mean        | 904      |
|    ep_rew_mean        | 26.8     |
| time/                 |          |
|    fps                | 1167     |
|    iterations         | 106200   |
|    time_elapsed       | 1455     |
|    total_timesteps    | 1699200  |
| train/                |          |
|    entropy_loss       | -1       |
|    explained_variance | 0.0401   |
|    learning_rate      | 2.35e-05 |
|    n_updates          | 106199   |
|    policy_loss        | -0.709   |
|    value_loss         | 0.437    |
------------------------------------
Eval num_timesteps=1700000, episode_reward=-45.99 +/- 28.24
Episode length: 1000.00 +/- 0.00
------------------------------------
| eval/                 |          |
|    mean_ep_length     | 1e+03    |
|    mean_reward        | -46      |
| time/                 |          |
|    total_timesteps    | 1700000  |
| train/                |          |
|    entropy_loss       | -1.16    |
|    explained_variance | 0.751    |
|    learning_rate      | 2.35e-05 |
|    n_updates          | 106249   |
|    policy_loss        | 0.868    |
|    value_loss         | 2.79     |
------------------------------------
------------------------------------
| rollout/              |          |
|    ep_len_mean        | 905      |
|    ep_rew_mean        | 28.7     |
| time/                 |          |
|    fps                | 1165     |
|    iterations         | 106300   |
|    time_elapsed       | 1458     |
|    total_timesteps    | 1700800  |
| train/                |          |
|    entropy_loss       | -1.17    |
|    explained_variance | 0.895    |
|    learning_rate      | 2.35e-05 |
|    n_updates          | 106299   |
|    policy_loss        | 0.562    |
|    value_loss         | 2.78     |
------------------------------------
------------------------------------
| rollout/              |          |
|    ep_len_mean        | 907      |
|    ep_rew_mean        | 31.1     |
| time/                 |          |
|    fps                | 1165     |
|    iterations         | 106400   |
|    time_elapsed       | 1460     |
|    total_timesteps    | 1702400  |
| train/                |          |
|    entropy_loss       | -1.09    |
|    explained_variance | 0.309    |
|    learning_rate      | 2.34e-05 |
|    n_updates          | 106399   |
|    policy_loss        | 11.7     |
|    value_loss         | 221      |
------------------------------------
------------------------------------
| rollout/              |          |
|    ep_len_mean        | 909      |
|    ep_rew_mean        | 33.2     |
| time/                 |          |
|    fps                | 1165     |
|    iterations         | 106500   |
|    time_elapsed       | 1461     |
|    total_timesteps    | 1704000  |
| train/                |          |
|    entropy_loss       | -1.16    |
|    explained_variance | 0.354    |
|    learning_rate      | 2.33e-05 |
|    n_updates          | 106499   |
|    policy_loss        | -12.6    |
|    value_loss         | 110      |
------------------------------------
------------------------------------
| rollout/              |          |
|    ep_len_mean        | 912      |
|    ep_rew_mean        | 35.3     |
| time/                 |          |
|    fps                | 1166     |
|    iterations         | 106600   |
|    time_elapsed       | 1462     |
|    total_timesteps    | 1705600  |
| train/                |          |
|    entropy_loss       | -1.26    |
|    explained_variance | 0.904    |
|    learning_rate      | 2.32e-05 |
|    n_updates          | 106599   |
|    policy_loss        | -2.17    |
|    value_loss         | 4.29     |
------------------------------------
------------------------------------
| rollout/              |          |
|    ep_len_mean        | 914      |
|    ep_rew_mean        | 36       |
| time/                 |          |
|    fps                | 1166     |
|    iterations         | 106700   |
|    time_elapsed       | 1463     |
|    total_timesteps    | 1707200  |
| train/                |          |
|    entropy_loss       | -1.13    |
|    explained_variance | -0.0101  |
|    learning_rate      | 2.32e-05 |
|    n_updates          | 106699   |
|    policy_loss        | -0.105   |
|    value_loss         | 0.0745   |
------------------------------------
------------------------------------
| rollout/              |          |
|    ep_len_mean        | 917      |
|    ep_rew_mean        | 35       |
| time/                 |          |
|    fps                | 1166     |
|    iterations         | 106800   |
|    time_elapsed       | 1465     |
|    total_timesteps    | 1708800  |
| train/                |          |
|    entropy_loss       | -1.12    |
|    explained_variance | 0.584    |
|    learning_rate      | 2.31e-05 |
|    n_updates          | 106799   |
|    policy_loss        | -3.23    |
|    value_loss         | 14.6     |
------------------------------------
------------------------------------
| rollout/              |          |
|    ep_len_mean        | 921      |
|    ep_rew_mean        | 36.7     |
| time/                 |          |
|    fps                | 1166     |
|    iterations         | 106900   |
|    time_elapsed       | 1466     |
|    total_timesteps    | 1710400  |
| train/                |          |
|    entropy_loss       | -1.04    |
|    explained_variance | -0.156   |
|    learning_rate      | 2.3e-05  |
|    n_updates          | 106899   |
|    policy_loss        | 7.91     |
|    value_loss         | 67.6     |
------------------------------------
------------------------------------
| rollout/              |          |
|    ep_len_mean        | 921      |
|    ep_rew_mean        | 36.6     |
| time/                 |          |
|    fps                | 1166     |
|    iterations         | 107000   |
|    time_elapsed       | 1467     |
|    total_timesteps    | 1712000  |
| train/                |          |
|    entropy_loss       | -1.1     |
|    explained_variance | 0.691    |
|    learning_rate      | 2.3e-05  |
|    n_updates          | 106999   |
|    policy_loss        | 1.14     |
|    value_loss         | 13.5     |
------------------------------------
------------------------------------
| rollout/              |          |
|    ep_len_mean        | 926      |
|    ep_rew_mean        | 40.4     |
| time/                 |          |
|    fps                | 1166     |
|    iterations         | 107100   |
|    time_elapsed       | 1469     |
|    total_timesteps    | 1713600  |
| train/                |          |
|    entropy_loss       | -1.23    |
|    explained_variance | 0.939    |
|    learning_rate      | 2.29e-05 |
|    n_updates          | 107099   |
|    policy_loss        | -0.298   |
|    value_loss         | 0.452    |
------------------------------------
------------------------------------
| rollout/              |          |
|    ep_len_mean        | 926      |
|    ep_rew_mean        | 40.8     |
| time/                 |          |
|    fps                | 1166     |
|    iterations         | 107200   |
|    time_elapsed       | 1470     |
|    total_timesteps    | 1715200  |
| train/                |          |
|    entropy_loss       | -1.08    |
|    explained_variance | 0.00121  |
|    learning_rate      | 2.28e-05 |
|    n_updates          | 107199   |
|    policy_loss        | -0.252   |
|    value_loss         | 0.11     |
------------------------------------
------------------------------------
| rollout/              |          |
|    ep_len_mean        | 926      |
|    ep_rew_mean        | 41.4     |
| time/                 |          |
|    fps                | 1166     |
|    iterations         | 107300   |
|    time_elapsed       | 1471     |
|    total_timesteps    | 1716800  |
| train/                |          |
|    entropy_loss       | -0.898   |
|    explained_variance | 0.611    |
|    learning_rate      | 2.27e-05 |
|    n_updates          | 107299   |
|    policy_loss        | -3.36    |
|    value_loss         | 9.37     |
------------------------------------
------------------------------------
| rollout/              |          |
|    ep_len_mean        | 926      |
|    ep_rew_mean        | 41.5     |
| time/                 |          |
|    fps                | 1166     |
|    iterations         | 107400   |
|    time_elapsed       | 1473     |
|    total_timesteps    | 1718400  |
| train/                |          |
|    entropy_loss       | -1.16    |
|    explained_variance | 0.126    |
|    learning_rate      | 2.27e-05 |
|    n_updates          | 107399   |
|    policy_loss        | 3.55     |
|    value_loss         | 26.4     |
------------------------------------
------------------------------------
| rollout/              |          |
|    ep_len_mean        | 932      |
|    ep_rew_mean        | 43.1     |
| time/                 |          |
|    fps                | 1166     |
|    iterations         | 107500   |
|    time_elapsed       | 1474     |
|    total_timesteps    | 1720000  |
| train/                |          |
|    entropy_loss       | -0.83    |
|    explained_variance | 0.0439   |
|    learning_rate      | 2.26e-05 |
|    n_updates          | 107499   |
|    policy_loss        | -0.312   |
|    value_loss         | 0.244    |
------------------------------------
------------------------------------
| rollout/              |          |
|    ep_len_mean        | 934      |
|    ep_rew_mean        | 45       |
| time/                 |          |
|    fps                | 1166     |
|    iterations         | 107600   |
|    time_elapsed       | 1475     |
|    total_timesteps    | 1721600  |
| train/                |          |
|    entropy_loss       | -0.954   |
|    explained_variance | 0.837    |
|    learning_rate      | 2.25e-05 |
|    n_updates          | 107599   |
|    policy_loss        | -0.264   |
|    value_loss         | 1.07     |
------------------------------------
------------------------------------
| rollout/              |          |
|    ep_len_mean        | 934      |
|    ep_rew_mean        | 45.7     |
| time/                 |          |
|    fps                | 1166     |
|    iterations         | 107700   |
|    time_elapsed       | 1477     |
|    total_timesteps    | 1723200  |
| train/                |          |
|    entropy_loss       | -1.06    |
|    explained_variance | -0.00198 |
|    learning_rate      | 2.25e-05 |
|    n_updates          | 107699   |
|    policy_loss        | 0.0171   |
|    value_loss         | 0.0532   |
------------------------------------
------------------------------------
| rollout/              |          |
|    ep_len_mean        | 934      |
|    ep_rew_mean        | 46.5     |
| time/                 |          |
|    fps                | 1166     |
|    iterations         | 107800   |
|    time_elapsed       | 1478     |
|    total_timesteps    | 1724800  |
| train/                |          |
|    entropy_loss       | -1.01    |
|    explained_variance | 0.949    |
|    learning_rate      | 2.24e-05 |
|    n_updates          | 107799   |
|    policy_loss        | -0.697   |
|    value_loss         | 0.97     |
------------------------------------
------------------------------------
| rollout/              |          |
|    ep_len_mean        | 934      |
|    ep_rew_mean        | 46.6     |
| time/                 |          |
|    fps                | 1166     |
|    iterations         | 107900   |
|    time_elapsed       | 1479     |
|    total_timesteps    | 1726400  |
| train/                |          |
|    entropy_loss       | -1       |
|    explained_variance | 0.767    |
|    learning_rate      | 2.23e-05 |
|    n_updates          | 107899   |
|    policy_loss        | 2.62     |
|    value_loss         | 14.2     |
------------------------------------
------------------------------------
| rollout/              |          |
|    ep_len_mean        | 930      |
|    ep_rew_mean        | 45.1     |
| time/                 |          |
|    fps                | 1166     |
|    iterations         | 108000   |
|    time_elapsed       | 1481     |
|    total_timesteps    | 1728000  |
| train/                |          |
|    entropy_loss       | -1.04    |
|    explained_variance | 0.857    |
|    learning_rate      | 2.22e-05 |
|    n_updates          | 107999   |
|    policy_loss        | -0.683   |
|    value_loss         | 0.732    |
------------------------------------
------------------------------------
| rollout/              |          |
|    ep_len_mean        | 930      |
|    ep_rew_mean        | 44.4     |
| time/                 |          |
|    fps                | 1166     |
|    iterations         | 108100   |
|    time_elapsed       | 1482     |
|    total_timesteps    | 1729600  |
| train/                |          |
|    entropy_loss       | -1.08    |
|    explained_variance | 0.61     |
|    learning_rate      | 2.22e-05 |
|    n_updates          | 108099   |
|    policy_loss        | 1.64     |
|    value_loss         | 14       |
------------------------------------
------------------------------------
| rollout/              |          |
|    ep_len_mean        | 930      |
|    ep_rew_mean        | 44.8     |
| time/                 |          |
|    fps                | 1166     |
|    iterations         | 108200   |
|    time_elapsed       | 1484     |
|    total_timesteps    | 1731200  |
| train/                |          |
|    entropy_loss       | -0.962   |
|    explained_variance | 0.89     |
|    learning_rate      | 2.21e-05 |
|    n_updates          | 108199   |
|    policy_loss        | -0.214   |
|    value_loss         | 1.08     |
------------------------------------
------------------------------------
| rollout/              |          |
|    ep_len_mean        | 930      |
|    ep_rew_mean        | 44.7     |
| time/                 |          |
|    fps                | 1166     |
|    iterations         | 108300   |
|    time_elapsed       | 1485     |
|    total_timesteps    | 1732800  |
| train/                |          |
|    entropy_loss       | -0.73    |
|    explained_variance | 0.088    |
|    learning_rate      | 2.2e-05  |
|    n_updates          | 108299   |
|    policy_loss        | 0.0911   |
|    value_loss         | 0.0811   |
------------------------------------
------------------------------------
| rollout/              |          |
|    ep_len_mean        | 930      |
|    ep_rew_mean        | 45.2     |
| time/                 |          |
|    fps                | 1166     |
|    iterations         | 108400   |
|    time_elapsed       | 1486     |
|    total_timesteps    | 1734400  |
| train/                |          |
|    entropy_loss       | -0.881   |
|    explained_variance | 0.89     |
|    learning_rate      | 2.2e-05  |
|    n_updates          | 108399   |
|    policy_loss        | 6.36     |
|    value_loss         | 65.5     |
------------------------------------
------------------------------------
| rollout/              |          |
|    ep_len_mean        | 930      |
|    ep_rew_mean        | 45.9     |
| time/                 |          |
|    fps                | 1166     |
|    iterations         | 108500   |
|    time_elapsed       | 1488     |
|    total_timesteps    | 1736000  |
| train/                |          |
|    entropy_loss       | -1.03    |
|    explained_variance | 0.902    |
|    learning_rate      | 2.19e-05 |
|    n_updates          | 108499   |
|    policy_loss        | -0.706   |
|    value_loss         | 1.17     |
------------------------------------
------------------------------------
| rollout/              |          |
|    ep_len_mean        | 932      |
|    ep_rew_mean        | 45       |
| time/                 |          |
|    fps                | 1166     |
|    iterations         | 108600   |
|    time_elapsed       | 1489     |
|    total_timesteps    | 1737600  |
| train/                |          |
|    entropy_loss       | -1.07    |
|    explained_variance | 0.648    |
|    learning_rate      | 2.18e-05 |
|    n_updates          | 108599   |
|    policy_loss        | 1.68     |
|    value_loss         | 25       |
------------------------------------
------------------------------------
| rollout/              |          |
|    ep_len_mean        | 927      |
|    ep_rew_mean        | 43.3     |
| time/                 |          |
|    fps                | 1166     |
|    iterations         | 108700   |
|    time_elapsed       | 1490     |
|    total_timesteps    | 1739200  |
| train/                |          |
|    entropy_loss       | -1.07    |
|    explained_variance | 0.000168 |
|    learning_rate      | 2.17e-05 |
|    n_updates          | 108699   |
|    policy_loss        | 0.0761   |
|    value_loss         | 0.0444   |
------------------------------------
------------------------------------
| rollout/              |          |
|    ep_len_mean        | 931      |
|    ep_rew_mean        | 45.2     |
| time/                 |          |
|    fps                | 1166     |
|    iterations         | 108800   |
|    time_elapsed       | 1492     |
|    total_timesteps    | 1740800  |
| train/                |          |
|    entropy_loss       | -0.962   |
|    explained_variance | 0.836    |
|    learning_rate      | 2.17e-05 |
|    n_updates          | 108799   |
|    policy_loss        | -2.84    |
|    value_loss         | 6.59     |
------------------------------------
------------------------------------
| rollout/              |          |
|    ep_len_mean        | 931      |
|    ep_rew_mean        | 44.7     |
| time/                 |          |
|    fps                | 1166     |
|    iterations         | 108900   |
|    time_elapsed       | 1493     |
|    total_timesteps    | 1742400  |
| train/                |          |
|    entropy_loss       | -1.03    |
|    explained_variance | -0.882   |
|    learning_rate      | 2.16e-05 |
|    n_updates          | 108899   |
|    policy_loss        | 5.58     |
|    value_loss         | 38.4     |
------------------------------------
------------------------------------
| rollout/              |          |
|    ep_len_mean        | 924      |
|    ep_rew_mean        | 46.8     |
| time/                 |          |
|    fps                | 1166     |
|    iterations         | 109000   |
|    time_elapsed       | 1494     |
|    total_timesteps    | 1744000  |
| train/                |          |
|    entropy_loss       | -0.648   |
|    explained_variance | 0.923    |
|    learning_rate      | 2.15e-05 |
|    n_updates          | 108999   |
|    policy_loss        | -0.421   |
|    value_loss         | 0.72     |
------------------------------------
------------------------------------
| rollout/              |          |
|    ep_len_mean        | 920      |
|    ep_rew_mean        | 45.6     |
| time/                 |          |
|    fps                | 1166     |
|    iterations         | 109100   |
|    time_elapsed       | 1496     |
|    total_timesteps    | 1745600  |
| train/                |          |
|    entropy_loss       | -0.947   |
|    explained_variance | 0.902    |
|    learning_rate      | 2.14e-05 |
|    n_updates          | 109099   |
|    policy_loss        | -0.747   |
|    value_loss         | 0.714    |
------------------------------------
------------------------------------
| rollout/              |          |
|    ep_len_mean        | 918      |
|    ep_rew_mean        | 46.1     |
| time/                 |          |
|    fps                | 1166     |
|    iterations         | 109200   |
|    time_elapsed       | 1497     |
|    total_timesteps    | 1747200  |
| train/                |          |
|    entropy_loss       | -1.05    |
|    explained_variance | 0.00852  |
|    learning_rate      | 2.14e-05 |
|    n_updates          | 109199   |
|    policy_loss        | 0.446    |
|    value_loss         | 0.537    |
------------------------------------
------------------------------------
| rollout/              |          |
|    ep_len_mean        | 922      |
|    ep_rew_mean        | 47.8     |
| time/                 |          |
|    fps                | 1166     |
|    iterations         | 109300   |
|    time_elapsed       | 1499     |
|    total_timesteps    | 1748800  |
| train/                |          |
|    entropy_loss       | -0.952   |
|    explained_variance | 0.81     |
|    learning_rate      | 2.13e-05 |
|    n_updates          | 109299   |
|    policy_loss        | -1.65    |
|    value_loss         | 2.95     |
------------------------------------
Eval num_timesteps=1750000, episode_reward=-42.37 +/- 24.25
Episode length: 1000.00 +/- 0.00
------------------------------------
| eval/                 |          |
|    mean_ep_length     | 1e+03    |
|    mean_reward        | -42.4    |
| time/                 |          |
|    total_timesteps    | 1750000  |
| train/                |          |
|    entropy_loss       | -0.8     |
|    explained_variance | 0.976    |
|    learning_rate      | 2.13e-05 |
|    n_updates          | 109374   |
|    policy_loss        | 1.41     |
|    value_loss         | 5.33     |
------------------------------------
------------------------------------
| rollout/              |          |
|    ep_len_mean        | 922      |
|    ep_rew_mean        | 47.8     |
| time/                 |          |
|    fps                | 1165     |
|    iterations         | 109400   |
|    time_elapsed       | 1502     |
|    total_timesteps    | 1750400  |
| train/                |          |
|    entropy_loss       | -1.01    |
|    explained_variance | -0.00505 |
|    learning_rate      | 2.12e-05 |
|    n_updates          | 109399   |
|    policy_loss        | 0.169    |
|    value_loss         | 0.793    |
------------------------------------
------------------------------------
| rollout/              |          |
|    ep_len_mean        | 930      |
|    ep_rew_mean        | 50.5     |
| time/                 |          |
|    fps                | 1164     |
|    iterations         | 109500   |
|    time_elapsed       | 1503     |
|    total_timesteps    | 1752000  |
| train/                |          |
|    entropy_loss       | -0.72    |
|    explained_variance | 0.875    |
|    learning_rate      | 2.12e-05 |
|    n_updates          | 109499   |
|    policy_loss        | 0.371    |
|    value_loss         | 0.575    |
------------------------------------
------------------------------------
| rollout/              |          |
|    ep_len_mean        | 926      |
|    ep_rew_mean        | 48.3     |
| time/                 |          |
|    fps                | 1164     |
|    iterations         | 109600   |
|    time_elapsed       | 1505     |
|    total_timesteps    | 1753600  |
| train/                |          |
|    entropy_loss       | -1.08    |
|    explained_variance | 0.521    |
|    learning_rate      | 2.11e-05 |
|    n_updates          | 109599   |
|    policy_loss        | -0.938   |
|    value_loss         | 3.38     |
------------------------------------
------------------------------------
| rollout/              |          |
|    ep_len_mean        | 921      |
|    ep_rew_mean        | 46.9     |
| time/                 |          |
|    fps                | 1164     |
|    iterations         | 109700   |
|    time_elapsed       | 1506     |
|    total_timesteps    | 1755200  |
| train/                |          |
|    entropy_loss       | -0.933   |
|    explained_variance | -0.0009  |
|    learning_rate      | 2.1e-05  |
|    n_updates          | 109699   |
|    policy_loss        | 0.108    |
|    value_loss         | 0.0759   |
------------------------------------
------------------------------------
| rollout/              |          |
|    ep_len_mean        | 923      |
|    ep_rew_mean        | 47.2     |
| time/                 |          |
|    fps                | 1164     |
|    iterations         | 109800   |
|    time_elapsed       | 1508     |
|    total_timesteps    | 1756800  |
| train/                |          |
|    entropy_loss       | -1.15    |
|    explained_variance | 0.874    |
|    learning_rate      | 2.09e-05 |
|    n_updates          | 109799   |
|    policy_loss        | -0.391   |
|    value_loss         | 0.861    |
------------------------------------
------------------------------------
| rollout/              |          |
|    ep_len_mean        | 923      |
|    ep_rew_mean        | 47.8     |
| time/                 |          |
|    fps                | 1164     |
|    iterations         | 109900   |
|    time_elapsed       | 1509     |
|    total_timesteps    | 1758400  |
| train/                |          |
|    entropy_loss       | -0.955   |
|    explained_variance | 0.928    |
|    learning_rate      | 2.09e-05 |
|    n_updates          | 109899   |
|    policy_loss        | -0.434   |
|    value_loss         | 0.644    |
------------------------------------
------------------------------------
| rollout/              |          |
|    ep_len_mean        | 913      |
|    ep_rew_mean        | 46.2     |
| time/                 |          |
|    fps                | 1164     |
|    iterations         | 110000   |
|    time_elapsed       | 1511     |
|    total_timesteps    | 1760000  |
| train/                |          |
|    entropy_loss       | -1.17    |
|    explained_variance | 0.938    |
|    learning_rate      | 2.08e-05 |
|    n_updates          | 109999   |
|    policy_loss        | -1.17    |
|    value_loss         | 1.23     |
------------------------------------
------------------------------------
| rollout/              |          |
|    ep_len_mean        | 913      |
|    ep_rew_mean        | 46.3     |
| time/                 |          |
|    fps                | 1164     |
|    iterations         | 110100   |
|    time_elapsed       | 1512     |
|    total_timesteps    | 1761600  |
| train/                |          |
|    entropy_loss       | -0.9     |
|    explained_variance | 0.00696  |
|    learning_rate      | 2.07e-05 |
|    n_updates          | 110099   |
|    policy_loss        | -1.35    |
|    value_loss         | 1.98     |
------------------------------------
------------------------------------
| rollout/              |          |
|    ep_len_mean        | 910      |
|    ep_rew_mean        | 47.1     |
| time/                 |          |
|    fps                | 1164     |
|    iterations         | 110200   |
|    time_elapsed       | 1514     |
|    total_timesteps    | 1763200  |
| train/                |          |
|    entropy_loss       | -1.11    |
|    explained_variance | 0.737    |
|    learning_rate      | 2.07e-05 |
|    n_updates          | 110199   |
|    policy_loss        | -3       |
|    value_loss         | 9.87     |
------------------------------------
------------------------------------
| rollout/              |          |
|    ep_len_mean        | 910      |
|    ep_rew_mean        | 47.1     |
| time/                 |          |
|    fps                | 1164     |
|    iterations         | 110300   |
|    time_elapsed       | 1515     |
|    total_timesteps    | 1764800  |
| train/                |          |
|    entropy_loss       | -0.802   |
|    explained_variance | 0.609    |
|    learning_rate      | 2.06e-05 |
|    n_updates          | 110299   |
|    policy_loss        | -0.69    |
|    value_loss         | 24.3     |
------------------------------------
------------------------------------
| rollout/              |          |
|    ep_len_mean        | 910      |
|    ep_rew_mean        | 47.1     |
| time/                 |          |
|    fps                | 1164     |
|    iterations         | 110400   |
|    time_elapsed       | 1517     |
|    total_timesteps    | 1766400  |
| train/                |          |
|    entropy_loss       | -0.863   |
|    explained_variance | 0.6      |
|    learning_rate      | 2.05e-05 |
|    n_updates          | 110399   |
|    policy_loss        | -2.17    |
|    value_loss         | 6.14     |
------------------------------------
------------------------------------
| rollout/              |          |
|    ep_len_mean        | 907      |
|    ep_rew_mean        | 48.1     |
| time/                 |          |
|    fps                | 1164     |
|    iterations         | 110500   |
|    time_elapsed       | 1518     |
|    total_timesteps    | 1768000  |
| train/                |          |
|    entropy_loss       | -0.64    |
|    explained_variance | 0.943    |
|    learning_rate      | 2.04e-05 |
|    n_updates          | 110499   |
|    policy_loss        | 0.444    |
|    value_loss         | 0.677    |
------------------------------------
------------------------------------
| rollout/              |          |
|    ep_len_mean        | 910      |
|    ep_rew_mean        | 48.8     |
| time/                 |          |
|    fps                | 1164     |
|    iterations         | 110600   |
|    time_elapsed       | 1519     |
|    total_timesteps    | 1769600  |
| train/                |          |
|    entropy_loss       | -0.653   |
|    explained_variance | 0.676    |
|    learning_rate      | 2.04e-05 |
|    n_updates          | 110599   |
|    policy_loss        | -0.173   |
|    value_loss         | 12       |
------------------------------------
------------------------------------
| rollout/              |          |
|    ep_len_mean        | 908      |
|    ep_rew_mean        | 49.2     |
| time/                 |          |
|    fps                | 1164     |
|    iterations         | 110700   |
|    time_elapsed       | 1521     |
|    total_timesteps    | 1771200  |
| train/                |          |
|    entropy_loss       | -0.795   |
|    explained_variance | 0.885    |
|    learning_rate      | 2.03e-05 |
|    n_updates          | 110699   |
|    policy_loss        | -2.44    |
|    value_loss         | 6.09     |
------------------------------------
------------------------------------
| rollout/              |          |
|    ep_len_mean        | 911      |
|    ep_rew_mean        | 48.1     |
| time/                 |          |
|    fps                | 1164     |
|    iterations         | 110800   |
|    time_elapsed       | 1522     |
|    total_timesteps    | 1772800  |
| train/                |          |
|    entropy_loss       | -1.02    |
|    explained_variance | -0.0085  |
|    learning_rate      | 2.02e-05 |
|    n_updates          | 110799   |
|    policy_loss        | 0.0426   |
|    value_loss         | 0.0359   |
------------------------------------
------------------------------------
| rollout/              |          |
|    ep_len_mean        | 911      |
|    ep_rew_mean        | 48.7     |
| time/                 |          |
|    fps                | 1164     |
|    iterations         | 110900   |
|    time_elapsed       | 1524     |
|    total_timesteps    | 1774400  |
| train/                |          |
|    entropy_loss       | -1.07    |
|    explained_variance | 0.921    |
|    learning_rate      | 2.02e-05 |
|    n_updates          | 110899   |
|    policy_loss        | -1.01    |
|    value_loss         | 1.41     |
------------------------------------
------------------------------------
| rollout/              |          |
|    ep_len_mean        | 915      |
|    ep_rew_mean        | 50.4     |
| time/                 |          |
|    fps                | 1163     |
|    iterations         | 111000   |
|    time_elapsed       | 1525     |
|    total_timesteps    | 1776000  |
| train/                |          |
|    entropy_loss       | -1.03    |
|    explained_variance | 0.955    |
|    learning_rate      | 2.01e-05 |
|    n_updates          | 110999   |
|    policy_loss        | -0.107   |
|    value_loss         | 0.349    |
------------------------------------
------------------------------------
| rollout/              |          |
|    ep_len_mean        | 915      |
|    ep_rew_mean        | 50.9     |
| time/                 |          |
|    fps                | 1163     |
|    iterations         | 111100   |
|    time_elapsed       | 1527     |
|    total_timesteps    | 1777600  |
| train/                |          |
|    entropy_loss       | -1.09    |
|    explained_variance | 0.853    |
|    learning_rate      | 2e-05    |
|    n_updates          | 111099   |
|    policy_loss        | 0.242    |
|    value_loss         | 0.826    |
------------------------------------
------------------------------------
| rollout/              |          |
|    ep_len_mean        | 918      |
|    ep_rew_mean        | 53.1     |
| time/                 |          |
|    fps                | 1163     |
|    iterations         | 111200   |
|    time_elapsed       | 1528     |
|    total_timesteps    | 1779200  |
| train/                |          |
|    entropy_loss       | -0.855   |
|    explained_variance | 0.544    |
|    learning_rate      | 1.99e-05 |
|    n_updates          | 111199   |
|    policy_loss        | 6.57     |
|    value_loss         | 36.2     |
------------------------------------
------------------------------------
| rollout/              |          |
|    ep_len_mean        | 913      |
|    ep_rew_mean        | 51.7     |
| time/                 |          |
|    fps                | 1163     |
|    iterations         | 111300   |
|    time_elapsed       | 1530     |
|    total_timesteps    | 1780800  |
| train/                |          |
|    entropy_loss       | -1       |
|    explained_variance | 0.0117   |
|    learning_rate      | 1.99e-05 |
|    n_updates          | 111299   |
|    policy_loss        | -1.18    |
|    value_loss         | 0.949    |
------------------------------------
------------------------------------
| rollout/              |          |
|    ep_len_mean        | 915      |
|    ep_rew_mean        | 53.3     |
| time/                 |          |
|    fps                | 1163     |
|    iterations         | 111400   |
|    time_elapsed       | 1531     |
|    total_timesteps    | 1782400  |
| train/                |          |
|    entropy_loss       | -0.894   |
|    explained_variance | 0.694    |
|    learning_rate      | 1.98e-05 |
|    n_updates          | 111399   |
|    policy_loss        | -1.41    |
|    value_loss         | 5.44     |
------------------------------------
------------------------------------
| rollout/              |          |
|    ep_len_mean        | 919      |
|    ep_rew_mean        | 57       |
| time/                 |          |
|    fps                | 1163     |
|    iterations         | 111500   |
|    time_elapsed       | 1533     |
|    total_timesteps    | 1784000  |
| train/                |          |
|    entropy_loss       | -0.914   |
|    explained_variance | 0.875    |
|    learning_rate      | 1.97e-05 |
|    n_updates          | 111499   |
|    policy_loss        | 0.244    |
|    value_loss         | 0.871    |
------------------------------------
------------------------------------
| rollout/              |          |
|    ep_len_mean        | 916      |
|    ep_rew_mean        | 57       |
| time/                 |          |
|    fps                | 1163     |
|    iterations         | 111600   |
|    time_elapsed       | 1534     |
|    total_timesteps    | 1785600  |
| train/                |          |
|    entropy_loss       | -0.971   |
|    explained_variance | 0.0713   |
|    learning_rate      | 1.96e-05 |
|    n_updates          | 111599   |
|    policy_loss        | 0.254    |
|    value_loss         | 0.702    |
------------------------------------
------------------------------------
| rollout/              |          |
|    ep_len_mean        | 916      |
|    ep_rew_mean        | 56.5     |
| time/                 |          |
|    fps                | 1163     |
|    iterations         | 111700   |
|    time_elapsed       | 1536     |
|    total_timesteps    | 1787200  |
| train/                |          |
|    entropy_loss       | -0.836   |
|    explained_variance | 0.789    |
|    learning_rate      | 1.96e-05 |
|    n_updates          | 111699   |
|    policy_loss        | 0.467    |
|    value_loss         | 1.65     |
------------------------------------
------------------------------------
| rollout/              |          |
|    ep_len_mean        | 911      |
|    ep_rew_mean        | 55.5     |
| time/                 |          |
|    fps                | 1163     |
|    iterations         | 111800   |
|    time_elapsed       | 1537     |
|    total_timesteps    | 1788800  |
| train/                |          |
|    entropy_loss       | -1       |
|    explained_variance | 0.865    |
|    learning_rate      | 1.95e-05 |
|    n_updates          | 111799   |
|    policy_loss        | -0.0982  |
|    value_loss         | 0.615    |
------------------------------------
------------------------------------
| rollout/              |          |
|    ep_len_mean        | 906      |
|    ep_rew_mean        | 54.3     |
| time/                 |          |
|    fps                | 1163     |
|    iterations         | 111900   |
|    time_elapsed       | 1538     |
|    total_timesteps    | 1790400  |
| train/                |          |
|    entropy_loss       | -0.759   |
|    explained_variance | 0.908    |
|    learning_rate      | 1.94e-05 |
|    n_updates          | 111899   |
|    policy_loss        | 0.113    |
|    value_loss         | 0.391    |
------------------------------------
------------------------------------
| rollout/              |          |
|    ep_len_mean        | 897      |
|    ep_rew_mean        | 51.7     |
| time/                 |          |
|    fps                | 1163     |
|    iterations         | 112000   |
|    time_elapsed       | 1540     |
|    total_timesteps    | 1792000  |
| train/                |          |
|    entropy_loss       | -0.876   |
|    explained_variance | -0.605   |
|    learning_rate      | 1.94e-05 |
|    n_updates          | 111999   |
|    policy_loss        | 4.31     |
|    value_loss         | 38.9     |
------------------------------------
------------------------------------
| rollout/              |          |
|    ep_len_mean        | 897      |
|    ep_rew_mean        | 51.2     |
| time/                 |          |
|    fps                | 1163     |
|    iterations         | 112100   |
|    time_elapsed       | 1541     |
|    total_timesteps    | 1793600  |
| train/                |          |
|    entropy_loss       | -1.09    |
|    explained_variance | -0.0036  |
|    learning_rate      | 1.93e-05 |
|    n_updates          | 112099   |
|    policy_loss        | -0.103   |
|    value_loss         | 0.0716   |
------------------------------------
------------------------------------
| rollout/              |          |
|    ep_len_mean        | 897      |
|    ep_rew_mean        | 51.4     |
| time/                 |          |
|    fps                | 1163     |
|    iterations         | 112200   |
|    time_elapsed       | 1543     |
|    total_timesteps    | 1795200  |
| train/                |          |
|    entropy_loss       | -1.14    |
|    explained_variance | 0.874    |
|    learning_rate      | 1.92e-05 |
|    n_updates          | 112199   |
|    policy_loss        | -0.0868  |
|    value_loss         | 0.828    |
------------------------------------
------------------------------------
| rollout/              |          |
|    ep_len_mean        | 892      |
|    ep_rew_mean        | 50.7     |
| time/                 |          |
|    fps                | 1163     |
|    iterations         | 112300   |
|    time_elapsed       | 1544     |
|    total_timesteps    | 1796800  |
| train/                |          |
|    entropy_loss       | -1.15    |
|    explained_variance | 0.93     |
|    learning_rate      | 1.91e-05 |
|    n_updates          | 112299   |
|    policy_loss        | -2.86    |
|    value_loss         | 5.18     |
------------------------------------
------------------------------------
| rollout/              |          |
|    ep_len_mean        | 886      |
|    ep_rew_mean        | 50       |
| time/                 |          |
|    fps                | 1163     |
|    iterations         | 112400   |
|    time_elapsed       | 1546     |
|    total_timesteps    | 1798400  |
| train/                |          |
|    entropy_loss       | -1.06    |
|    explained_variance | 0.971    |
|    learning_rate      | 1.91e-05 |
|    n_updates          | 112399   |
|    policy_loss        | 0.0026   |
|    value_loss         | 0.351    |
------------------------------------
Eval num_timesteps=1800000, episode_reward=76.91 +/- 75.44
Episode length: 863.20 +/- 41.76
------------------------------------
| eval/                 |          |
|    mean_ep_length     | 863      |
|    mean_reward        | 76.9     |
| time/                 |          |
|    total_timesteps    | 1800000  |
| train/                |          |
|    entropy_loss       | -0.817   |
|    explained_variance | -1.54    |
|    learning_rate      | 1.9e-05  |
|    n_updates          | 112499   |
|    policy_loss        | -0.946   |
|    value_loss         | 26.8     |
------------------------------------
---------------------------------
| rollout/           |          |
|    ep_len_mean     | 886      |
|    ep_rew_mean     | 50.5     |
| time/              |          |
|    fps             | 1161     |
|    iterations      | 112500   |
|    time_elapsed    | 1549     |
|    total_timesteps | 1800000  |
---------------------------------
------------------------------------
| rollout/              |          |
|    ep_len_mean        | 886      |
|    ep_rew_mean        | 50.7     |
| time/                 |          |
|    fps                | 1161     |
|    iterations         | 112600   |
|    time_elapsed       | 1550     |
|    total_timesteps    | 1801600  |
| train/                |          |
|    entropy_loss       | -1.04    |
|    explained_variance | 0.0144   |
|    learning_rate      | 1.89e-05 |
|    n_updates          | 112599   |
|    policy_loss        | -11.3    |
|    value_loss         | 113      |
------------------------------------
------------------------------------
| rollout/              |          |
|    ep_len_mean        | 881      |
|    ep_rew_mean        | 49.3     |
| time/                 |          |
|    fps                | 1161     |
|    iterations         | 112700   |
|    time_elapsed       | 1552     |
|    total_timesteps    | 1803200  |
| train/                |          |
|    entropy_loss       | -1.06    |
|    explained_variance | 0.0467   |
|    learning_rate      | 1.89e-05 |
|    n_updates          | 112699   |
|    policy_loss        | -0.455   |
|    value_loss         | 0.264    |
------------------------------------
------------------------------------
| rollout/              |          |
|    ep_len_mean        | 870      |
|    ep_rew_mean        | 47       |
| time/                 |          |
|    fps                | 1161     |
|    iterations         | 112800   |
|    time_elapsed       | 1553     |
|    total_timesteps    | 1804800  |
| train/                |          |
|    entropy_loss       | -1.07    |
|    explained_variance | -0.193   |
|    learning_rate      | 1.88e-05 |
|    n_updates          | 112799   |
|    policy_loss        | -0.0354  |
|    value_loss         | 0.45     |
------------------------------------
------------------------------------
| rollout/              |          |
|    ep_len_mean        | 870      |
|    ep_rew_mean        | 46.9     |
| time/                 |          |
|    fps                | 1161     |
|    iterations         | 112900   |
|    time_elapsed       | 1555     |
|    total_timesteps    | 1806400  |
| train/                |          |
|    entropy_loss       | -1.19    |
|    explained_variance | 0.916    |
|    learning_rate      | 1.87e-05 |
|    n_updates          | 112899   |
|    policy_loss        | -0.656   |
|    value_loss         | 0.752    |
------------------------------------
------------------------------------
| rollout/              |          |
|    ep_len_mean        | 870      |
|    ep_rew_mean        | 46.5     |
| time/                 |          |
|    fps                | 1161     |
|    iterations         | 113000   |
|    time_elapsed       | 1556     |
|    total_timesteps    | 1808000  |
| train/                |          |
|    entropy_loss       | -1.09    |
|    explained_variance | 0.501    |
|    learning_rate      | 1.86e-05 |
|    n_updates          | 112999   |
|    policy_loss        | -8.81    |
|    value_loss         | 77.6     |
------------------------------------
------------------------------------
| rollout/              |          |
|    ep_len_mean        | 861      |
|    ep_rew_mean        | 46       |
| time/                 |          |
|    fps                | 1161     |
|    iterations         | 113100   |
|    time_elapsed       | 1558     |
|    total_timesteps    | 1809600  |
| train/                |          |
|    entropy_loss       | -1.3     |
|    explained_variance | -0.523   |
|    learning_rate      | 1.86e-05 |
|    n_updates          | 113099   |
|    policy_loss        | -2.95    |
|    value_loss         | 11.9     |
------------------------------------
------------------------------------
| rollout/              |          |
|    ep_len_mean        | 861      |
|    ep_rew_mean        | 45.6     |
| time/                 |          |
|    fps                | 1161     |
|    iterations         | 113200   |
|    time_elapsed       | 1559     |
|    total_timesteps    | 1811200  |
| train/                |          |
|    entropy_loss       | -1.1     |
|    explained_variance | -0.00366 |
|    learning_rate      | 1.85e-05 |
|    n_updates          | 113199   |
|    policy_loss        | -0.186   |
|    value_loss         | 0.142    |
------------------------------------
------------------------------------
| rollout/              |          |
|    ep_len_mean        | 861      |
|    ep_rew_mean        | 46.2     |
| time/                 |          |
|    fps                | 1161     |
|    iterations         | 113300   |
|    time_elapsed       | 1561     |
|    total_timesteps    | 1812800  |
| train/                |          |
|    entropy_loss       | -1.15    |
|    explained_variance | 0.474    |
|    learning_rate      | 1.84e-05 |
|    n_updates          | 113299   |
|    policy_loss        | 6.57     |
|    value_loss         | 62.2     |
------------------------------------
------------------------------------
| rollout/              |          |
|    ep_len_mean        | 854      |
|    ep_rew_mean        | 45.5     |
| time/                 |          |
|    fps                | 1161     |
|    iterations         | 113400   |
|    time_elapsed       | 1562     |
|    total_timesteps    | 1814400  |
| train/                |          |
|    entropy_loss       | -1.1     |
|    explained_variance | 0.921    |
|    learning_rate      | 1.84e-05 |
|    n_updates          | 113399   |
|    policy_loss        | -0.519   |
|    value_loss         | 0.403    |
------------------------------------
------------------------------------
| rollout/              |          |
|    ep_len_mean        | 854      |
|    ep_rew_mean        | 45.4     |
| time/                 |          |
|    fps                | 1161     |
|    iterations         | 113500   |
|    time_elapsed       | 1564     |
|    total_timesteps    | 1816000  |
| train/                |          |
|    entropy_loss       | -0.998   |
|    explained_variance | 0.941    |
|    learning_rate      | 1.83e-05 |
|    n_updates          | 113499   |
|    policy_loss        | 0.0342   |
|    value_loss         | 0.421    |
------------------------------------
------------------------------------
| rollout/              |          |
|    ep_len_mean        | 854      |
|    ep_rew_mean        | 45       |
| time/                 |          |
|    fps                | 1161     |
|    iterations         | 113600   |
|    time_elapsed       | 1565     |
|    total_timesteps    | 1817600  |
| train/                |          |
|    entropy_loss       | -1.09    |
|    explained_variance | 0.929    |
|    learning_rate      | 1.82e-05 |
|    n_updates          | 113599   |
|    policy_loss        | 0.197    |
|    value_loss         | 0.752    |
------------------------------------
------------------------------------
| rollout/              |          |
|    ep_len_mean        | 848      |
|    ep_rew_mean        | 43.3     |
| time/                 |          |
|    fps                | 1160     |
|    iterations         | 113700   |
|    time_elapsed       | 1566     |
|    total_timesteps    | 1819200  |
| train/                |          |
|    entropy_loss       | -1.14    |
|    explained_variance | 0.0146   |
|    learning_rate      | 1.81e-05 |
|    n_updates          | 113699   |
|    policy_loss        | -0.593   |
|    value_loss         | 0.622    |
------------------------------------
------------------------------------
| rollout/              |          |
|    ep_len_mean        | 843      |
|    ep_rew_mean        | 41.7     |
| time/                 |          |
|    fps                | 1160     |
|    iterations         | 113800   |
|    time_elapsed       | 1568     |
|    total_timesteps    | 1820800  |
| train/                |          |
|    entropy_loss       | -1.13    |
|    explained_variance | 0.00167  |
|    learning_rate      | 1.81e-05 |
|    n_updates          | 113799   |
|    policy_loss        | 0.114    |
|    value_loss         | 0.0419   |
------------------------------------
------------------------------------
| rollout/              |          |
|    ep_len_mean        | 843      |
|    ep_rew_mean        | 42.1     |
| time/                 |          |
|    fps                | 1160     |
|    iterations         | 113900   |
|    time_elapsed       | 1569     |
|    total_timesteps    | 1822400  |
| train/                |          |
|    entropy_loss       | -0.905   |
|    explained_variance | 0.905    |
|    learning_rate      | 1.8e-05  |
|    n_updates          | 113899   |
|    policy_loss        | 1.08     |
|    value_loss         | 1.25     |
------------------------------------
------------------------------------
| rollout/              |          |
|    ep_len_mean        | 838      |
|    ep_rew_mean        | 41       |
| time/                 |          |
|    fps                | 1160     |
|    iterations         | 114000   |
|    time_elapsed       | 1571     |
|    total_timesteps    | 1824000  |
| train/                |          |
|    entropy_loss       | -1.12    |
|    explained_variance | 0.0235   |
|    learning_rate      | 1.79e-05 |
|    n_updates          | 113999   |
|    policy_loss        | -0.212   |
|    value_loss         | 0.0874   |
------------------------------------
------------------------------------
| rollout/              |          |
|    ep_len_mean        | 829      |
|    ep_rew_mean        | 41.4     |
| time/                 |          |
|    fps                | 1160     |
|    iterations         | 114100   |
|    time_elapsed       | 1572     |
|    total_timesteps    | 1825600  |
| train/                |          |
|    entropy_loss       | -1.03    |
|    explained_variance | 0.987    |
|    learning_rate      | 1.78e-05 |
|    n_updates          | 114099   |
|    policy_loss        | -0.0899  |
|    value_loss         | 0.136    |
------------------------------------
------------------------------------
| rollout/              |          |
|    ep_len_mean        | 830      |
|    ep_rew_mean        | 38.4     |
| time/                 |          |
|    fps                | 1160     |
|    iterations         | 114200   |
|    time_elapsed       | 1574     |
|    total_timesteps    | 1827200  |
| train/                |          |
|    entropy_loss       | -0.721   |
|    explained_variance | 0.633    |
|    learning_rate      | 1.78e-05 |
|    n_updates          | 114199   |
|    policy_loss        | -8.94    |
|    value_loss         | 92.1     |
------------------------------------
------------------------------------
| rollout/              |          |
|    ep_len_mean        | 829      |
|    ep_rew_mean        | 38.3     |
| time/                 |          |
|    fps                | 1160     |
|    iterations         | 114300   |
|    time_elapsed       | 1575     |
|    total_timesteps    | 1828800  |
| train/                |          |
|    entropy_loss       | -1.1     |
|    explained_variance | -0.00196 |
|    learning_rate      | 1.77e-05 |
|    n_updates          | 114299   |
|    policy_loss        | -0.00538 |
|    value_loss         | 0.124    |
------------------------------------
------------------------------------
| rollout/              |          |
|    ep_len_mean        | 835      |
|    ep_rew_mean        | 39.1     |
| time/                 |          |
|    fps                | 1160     |
|    iterations         | 114400   |
|    time_elapsed       | 1577     |
|    total_timesteps    | 1830400  |
| train/                |          |
|    entropy_loss       | -1.18    |
|    explained_variance | 0.949    |
|    learning_rate      | 1.76e-05 |
|    n_updates          | 114399   |
|    policy_loss        | 0.491    |
|    value_loss         | 0.554    |
------------------------------------
------------------------------------
| rollout/              |          |
|    ep_len_mean        | 831      |
|    ep_rew_mean        | 37.2     |
| time/                 |          |
|    fps                | 1160     |
|    iterations         | 114500   |
|    time_elapsed       | 1578     |
|    total_timesteps    | 1832000  |
| train/                |          |
|    entropy_loss       | -1.05    |
|    explained_variance | 0.907    |
|    learning_rate      | 1.76e-05 |
|    n_updates          | 114499   |
|    policy_loss        | 0.97     |
|    value_loss         | 1.56     |
------------------------------------
------------------------------------
| rollout/              |          |
|    ep_len_mean        | 827      |
|    ep_rew_mean        | 38.6     |
| time/                 |          |
|    fps                | 1160     |
|    iterations         | 114600   |
|    time_elapsed       | 1580     |
|    total_timesteps    | 1833600  |
| train/                |          |
|    entropy_loss       | -0.872   |
|    explained_variance | 0.82     |
|    learning_rate      | 1.75e-05 |
|    n_updates          | 114599   |
|    policy_loss        | -1.55    |
|    value_loss         | 2.98     |
------------------------------------
------------------------------------
| rollout/              |          |
|    ep_len_mean        | 823      |
|    ep_rew_mean        | 37.1     |
| time/                 |          |
|    fps                | 1160     |
|    iterations         | 114700   |
|    time_elapsed       | 1581     |
|    total_timesteps    | 1835200  |
| train/                |          |
|    entropy_loss       | -1.04    |
|    explained_variance | 0.892    |
|    learning_rate      | 1.74e-05 |
|    n_updates          | 114699   |
|    policy_loss        | -0.342   |
|    value_loss         | 0.578    |
------------------------------------
------------------------------------
| rollout/              |          |
|    ep_len_mean        | 827      |
|    ep_rew_mean        | 39.3     |
| time/                 |          |
|    fps                | 1160     |
|    iterations         | 114800   |
|    time_elapsed       | 1582     |
|    total_timesteps    | 1836800  |
| train/                |          |
|    entropy_loss       | -0.0762  |
|    explained_variance | 0.405    |
|    learning_rate      | 1.73e-05 |
|    n_updates          | 114799   |
|    policy_loss        | -0.00486 |
|    value_loss         | 0.192    |
------------------------------------
------------------------------------
| rollout/              |          |
|    ep_len_mean        | 823      |
|    ep_rew_mean        | 39.8     |
| time/                 |          |
|    fps                | 1160     |
|    iterations         | 114900   |
|    time_elapsed       | 1584     |
|    total_timesteps    | 1838400  |
| train/                |          |
|    entropy_loss       | -0.562   |
|    explained_variance | -0.223   |
|    learning_rate      | 1.73e-05 |
|    n_updates          | 114899   |
|    policy_loss        | 1.34     |
|    value_loss         | 14.5     |
------------------------------------
------------------------------------
| rollout/              |          |
|    ep_len_mean        | 820      |
|    ep_rew_mean        | 40.1     |
| time/                 |          |
|    fps                | 1160     |
|    iterations         | 115000   |
|    time_elapsed       | 1585     |
|    total_timesteps    | 1840000  |
| train/                |          |
|    entropy_loss       | -1.06    |
|    explained_variance | 0.887    |
|    learning_rate      | 1.72e-05 |
|    n_updates          | 114999   |
|    policy_loss        | -0.275   |
|    value_loss         | 0.395    |
------------------------------------
------------------------------------
| rollout/              |          |
|    ep_len_mean        | 819      |
|    ep_rew_mean        | 40.1     |
| time/                 |          |
|    fps                | 1160     |
|    iterations         | 115100   |
|    time_elapsed       | 1587     |
|    total_timesteps    | 1841600  |
| train/                |          |
|    entropy_loss       | -1.08    |
|    explained_variance | -0.113   |
|    learning_rate      | 1.71e-05 |
|    n_updates          | 115099   |
|    policy_loss        | -0.0711  |
|    value_loss         | 0.223    |
------------------------------------
------------------------------------
| rollout/              |          |
|    ep_len_mean        | 821      |
|    ep_rew_mean        | 41.9     |
| time/                 |          |
|    fps                | 1160     |
|    iterations         | 115200   |
|    time_elapsed       | 1588     |
|    total_timesteps    | 1843200  |
| train/                |          |
|    entropy_loss       | -1.05    |
|    explained_variance | 0.971    |
|    learning_rate      | 1.71e-05 |
|    n_updates          | 115199   |
|    policy_loss        | 1.27     |
|    value_loss         | 1.56     |
------------------------------------
------------------------------------
| rollout/              |          |
|    ep_len_mean        | 821      |
|    ep_rew_mean        | 41.6     |
| time/                 |          |
|    fps                | 1160     |
|    iterations         | 115300   |
|    time_elapsed       | 1590     |
|    total_timesteps    | 1844800  |
| train/                |          |
|    entropy_loss       | -0.767   |
|    explained_variance | 0.904    |
|    learning_rate      | 1.7e-05  |
|    n_updates          | 115299   |
|    policy_loss        | -2.19    |
|    value_loss         | 10.1     |
------------------------------------
------------------------------------
| rollout/              |          |
|    ep_len_mean        | 818      |
|    ep_rew_mean        | 40.2     |
| time/                 |          |
|    fps                | 1159     |
|    iterations         | 115400   |
|    time_elapsed       | 1591     |
|    total_timesteps    | 1846400  |
| train/                |          |
|    entropy_loss       | -0.37    |
|    explained_variance | 0.0756   |
|    learning_rate      | 1.69e-05 |
|    n_updates          | 115399   |
|    policy_loss        | -10.5    |
|    value_loss         | 809      |
------------------------------------
------------------------------------
| rollout/              |          |
|    ep_len_mean        | 812      |
|    ep_rew_mean        | 42.1     |
| time/                 |          |
|    fps                | 1159     |
|    iterations         | 115500   |
|    time_elapsed       | 1593     |
|    total_timesteps    | 1848000  |
| train/                |          |
|    entropy_loss       | -1.07    |
|    explained_variance | -0.189   |
|    learning_rate      | 1.68e-05 |
|    n_updates          | 115499   |
|    policy_loss        | -1.43    |
|    value_loss         | 1.63     |
------------------------------------
------------------------------------
| rollout/              |          |
|    ep_len_mean        | 815      |
|    ep_rew_mean        | 42.1     |
| time/                 |          |
|    fps                | 1159     |
|    iterations         | 115600   |
|    time_elapsed       | 1594     |
|    total_timesteps    | 1849600  |
| train/                |          |
|    entropy_loss       | -1.23    |
|    explained_variance | 0.753    |
|    learning_rate      | 1.68e-05 |
|    n_updates          | 115599   |
|    policy_loss        | -1.98    |
|    value_loss         | 4.37     |
------------------------------------
Eval num_timesteps=1850000, episode_reward=-39.31 +/- 8.33
Episode length: 1000.00 +/- 0.00
------------------------------------
| eval/                 |          |
|    mean_ep_length     | 1e+03    |
|    mean_reward        | -39.3    |
| time/                 |          |
|    total_timesteps    | 1850000  |
| train/                |          |
|    entropy_loss       | -0.498   |
|    explained_variance | 0.0463   |
|    learning_rate      | 1.68e-05 |
|    n_updates          | 115624   |
|    policy_loss        | -0.0397  |
|    value_loss         | 0.0235   |
------------------------------------
------------------------------------
| rollout/              |          |
|    ep_len_mean        | 811      |
|    ep_rew_mean        | 41       |
| time/                 |          |
|    fps                | 1158     |
|    iterations         | 115700   |
|    time_elapsed       | 1598     |
|    total_timesteps    | 1851200  |
| train/                |          |
|    entropy_loss       | -1.13    |
|    explained_variance | 0.932    |
|    learning_rate      | 1.67e-05 |
|    n_updates          | 115699   |
|    policy_loss        | 0.0946   |
|    value_loss         | 0.39     |
------------------------------------
------------------------------------
| rollout/              |          |
|    ep_len_mean        | 812      |
|    ep_rew_mean        | 40.7     |
| time/                 |          |
|    fps                | 1158     |
|    iterations         | 115800   |
|    time_elapsed       | 1599     |
|    total_timesteps    | 1852800  |
| train/                |          |
|    entropy_loss       | -1.03    |
|    explained_variance | 0.923    |
|    learning_rate      | 1.66e-05 |
|    n_updates          | 115799   |
|    policy_loss        | 0.499    |
|    value_loss         | 1.15     |
------------------------------------
------------------------------------
| rollout/              |          |
|    ep_len_mean        | 807      |
|    ep_rew_mean        | 39.1     |
| time/                 |          |
|    fps                | 1158     |
|    iterations         | 115900   |
|    time_elapsed       | 1601     |
|    total_timesteps    | 1854400  |
| train/                |          |
|    entropy_loss       | -1.04    |
|    explained_variance | 0.0872   |
|    learning_rate      | 1.66e-05 |
|    n_updates          | 115899   |
|    policy_loss        | 0.0481   |
|    value_loss         | 0.0248   |
------------------------------------
------------------------------------
| rollout/              |          |
|    ep_len_mean        | 807      |
|    ep_rew_mean        | 38.8     |
| time/                 |          |
|    fps                | 1158     |
|    iterations         | 116000   |
|    time_elapsed       | 1602     |
|    total_timesteps    | 1856000  |
| train/                |          |
|    entropy_loss       | -1.09    |
|    explained_variance | 0.885    |
|    learning_rate      | 1.65e-05 |
|    n_updates          | 115999   |
|    policy_loss        | -3.13    |
|    value_loss         | 8.64     |
------------------------------------
------------------------------------
| rollout/              |          |
|    ep_len_mean        | 807      |
|    ep_rew_mean        | 38.6     |
| time/                 |          |
|    fps                | 1158     |
|    iterations         | 116100   |
|    time_elapsed       | 1603     |
|    total_timesteps    | 1857600  |
| train/                |          |
|    entropy_loss       | -1.11    |
|    explained_variance | 0.0488   |
|    learning_rate      | 1.64e-05 |
|    n_updates          | 116099   |
|    policy_loss        | -0.364   |
|    value_loss         | 0.322    |
------------------------------------
------------------------------------
| rollout/              |          |
|    ep_len_mean        | 807      |
|    ep_rew_mean        | 37.7     |
| time/                 |          |
|    fps                | 1158     |
|    iterations         | 116200   |
|    time_elapsed       | 1605     |
|    total_timesteps    | 1859200  |
| train/                |          |
|    entropy_loss       | -0.9     |
|    explained_variance | 0.952    |
|    learning_rate      | 1.63e-05 |
|    n_updates          | 116199   |
|    policy_loss        | 1.04     |
|    value_loss         | 2.1      |
------------------------------------
------------------------------------
| rollout/              |          |
|    ep_len_mean        | 807      |
|    ep_rew_mean        | 37.4     |
| time/                 |          |
|    fps                | 1158     |
|    iterations         | 116300   |
|    time_elapsed       | 1606     |
|    total_timesteps    | 1860800  |
| train/                |          |
|    entropy_loss       | -1.05    |
|    explained_variance | -0.111   |
|    learning_rate      | 1.63e-05 |
|    n_updates          | 116299   |
|    policy_loss        | 3.2      |
|    value_loss         | 10       |
------------------------------------
------------------------------------
| rollout/              |          |
|    ep_len_mean        | 807      |
|    ep_rew_mean        | 37.5     |
| time/                 |          |
|    fps                | 1157     |
|    iterations         | 116400   |
|    time_elapsed       | 1608     |
|    total_timesteps    | 1862400  |
| train/                |          |
|    entropy_loss       | -0.765   |
|    explained_variance | 0.576    |
|    learning_rate      | 1.62e-05 |
|    n_updates          | 116399   |
|    policy_loss        | -2.47    |
|    value_loss         | 29.7     |
------------------------------------
------------------------------------
| rollout/              |          |
|    ep_len_mean        | 801      |
|    ep_rew_mean        | 33.9     |
| time/                 |          |
|    fps                | 1157     |
|    iterations         | 116500   |
|    time_elapsed       | 1609     |
|    total_timesteps    | 1864000  |
| train/                |          |
|    entropy_loss       | -1.05    |
|    explained_variance | 0.93     |
|    learning_rate      | 1.61e-05 |
|    n_updates          | 116499   |
|    policy_loss        | -0.652   |
|    value_loss         | 0.701    |
------------------------------------
------------------------------------
| rollout/              |          |
|    ep_len_mean        | 796      |
|    ep_rew_mean        | 33.2     |
| time/                 |          |
|    fps                | 1157     |
|    iterations         | 116600   |
|    time_elapsed       | 1611     |
|    total_timesteps    | 1865600  |
| train/                |          |
|    entropy_loss       | -1.07    |
|    explained_variance | 0.08     |
|    learning_rate      | 1.6e-05  |
|    n_updates          | 116599   |
|    policy_loss        | 0.0637   |
|    value_loss         | 0.0944   |
------------------------------------
------------------------------------
| rollout/              |          |
|    ep_len_mean        | 791      |
|    ep_rew_mean        | 32.3     |
| time/                 |          |
|    fps                | 1157     |
|    iterations         | 116700   |
|    time_elapsed       | 1612     |
|    total_timesteps    | 1867200  |
| train/                |          |
|    entropy_loss       | -1.14    |
|    explained_variance | 0.729    |
|    learning_rate      | 1.6e-05  |
|    n_updates          | 116699   |
|    policy_loss        | -4.46    |
|    value_loss         | 26.9     |
------------------------------------
------------------------------------
| rollout/              |          |
|    ep_len_mean        | 791      |
|    ep_rew_mean        | 32.1     |
| time/                 |          |
|    fps                | 1157     |
|    iterations         | 116800   |
|    time_elapsed       | 1614     |
|    total_timesteps    | 1868800  |
| train/                |          |
|    entropy_loss       | -1.25    |
|    explained_variance | 0.837    |
|    learning_rate      | 1.59e-05 |
|    n_updates          | 116799   |
|    policy_loss        | -0.403   |
|    value_loss         | 0.532    |
------------------------------------
------------------------------------
| rollout/              |          |
|    ep_len_mean        | 796      |
|    ep_rew_mean        | 32.8     |
| time/                 |          |
|    fps                | 1157     |
|    iterations         | 116900   |
|    time_elapsed       | 1615     |
|    total_timesteps    | 1870400  |
| train/                |          |
|    entropy_loss       | -0.837   |
|    explained_variance | 0.935    |
|    learning_rate      | 1.58e-05 |
|    n_updates          | 116899   |
|    policy_loss        | 0.135    |
|    value_loss         | 1.01     |
------------------------------------
------------------------------------
| rollout/              |          |
|    ep_len_mean        | 807      |
|    ep_rew_mean        | 34.5     |
| time/                 |          |
|    fps                | 1157     |
|    iterations         | 117000   |
|    time_elapsed       | 1617     |
|    total_timesteps    | 1872000  |
| train/                |          |
|    entropy_loss       | -0.949   |
|    explained_variance | 0.698    |
|    learning_rate      | 1.58e-05 |
|    n_updates          | 116999   |
|    policy_loss        | -2.79    |
|    value_loss         | 8.87     |
------------------------------------
------------------------------------
| rollout/              |          |
|    ep_len_mean        | 801      |
|    ep_rew_mean        | 32.8     |
| time/                 |          |
|    fps                | 1157     |
|    iterations         | 117100   |
|    time_elapsed       | 1618     |
|    total_timesteps    | 1873600  |
| train/                |          |
|    entropy_loss       | -1.17    |
|    explained_variance | 0.954    |
|    learning_rate      | 1.57e-05 |
|    n_updates          | 117099   |
|    policy_loss        | -0.948   |
|    value_loss         | 0.962    |
------------------------------------
------------------------------------
| rollout/              |          |
|    ep_len_mean        | 797      |
|    ep_rew_mean        | 30.8     |
| time/                 |          |
|    fps                | 1157     |
|    iterations         | 117200   |
|    time_elapsed       | 1619     |
|    total_timesteps    | 1875200  |
| train/                |          |
|    entropy_loss       | -0.855   |
|    explained_variance | 0.971    |
|    learning_rate      | 1.56e-05 |
|    n_updates          | 117199   |
|    policy_loss        | -1.77    |
|    value_loss         | 1.98     |
------------------------------------
------------------------------------
| rollout/              |          |
|    ep_len_mean        | 802      |
|    ep_rew_mean        | 32.1     |
| time/                 |          |
|    fps                | 1157     |
|    iterations         | 117300   |
|    time_elapsed       | 1621     |
|    total_timesteps    | 1876800  |
| train/                |          |
|    entropy_loss       | -1.01    |
|    explained_variance | 0.883    |
|    learning_rate      | 1.55e-05 |
|    n_updates          | 117299   |
|    policy_loss        | 0.0518   |
|    value_loss         | 0.551    |
------------------------------------
------------------------------------
| rollout/              |          |
|    ep_len_mean        | 804      |
|    ep_rew_mean        | 30.9     |
| time/                 |          |
|    fps                | 1157     |
|    iterations         | 117400   |
|    time_elapsed       | 1622     |
|    total_timesteps    | 1878400  |
| train/                |          |
|    entropy_loss       | -0.84    |
|    explained_variance | 0.936    |
|    learning_rate      | 1.55e-05 |
|    n_updates          | 117399   |
|    policy_loss        | -0.455   |
|    value_loss         | 0.47     |
------------------------------------
------------------------------------
| rollout/              |          |
|    ep_len_mean        | 804      |
|    ep_rew_mean        | 30.2     |
| time/                 |          |
|    fps                | 1157     |
|    iterations         | 117500   |
|    time_elapsed       | 1624     |
|    total_timesteps    | 1880000  |
| train/                |          |
|    entropy_loss       | -1.08    |
|    explained_variance | -0.218   |
|    learning_rate      | 1.54e-05 |
|    n_updates          | 117499   |
|    policy_loss        | -0.0678  |
|    value_loss         | 0.583    |
------------------------------------
------------------------------------
| rollout/              |          |
|    ep_len_mean        | 804      |
|    ep_rew_mean        | 30.3     |
| time/                 |          |
|    fps                | 1157     |
|    iterations         | 117600   |
|    time_elapsed       | 1625     |
|    total_timesteps    | 1881600  |
| train/                |          |
|    entropy_loss       | -0.866   |
|    explained_variance | 0.914    |
|    learning_rate      | 1.53e-05 |
|    n_updates          | 117599   |
|    policy_loss        | 0.836    |
|    value_loss         | 3.1      |
------------------------------------
------------------------------------
| rollout/              |          |
|    ep_len_mean        | 804      |
|    ep_rew_mean        | 30.4     |
| time/                 |          |
|    fps                | 1157     |
|    iterations         | 117700   |
|    time_elapsed       | 1627     |
|    total_timesteps    | 1883200  |
| train/                |          |
|    entropy_loss       | -1.13    |
|    explained_variance | -0.00227 |
|    learning_rate      | 1.53e-05 |
|    n_updates          | 117699   |
|    policy_loss        | -3.75    |
|    value_loss         | 10.5     |
------------------------------------
------------------------------------
| rollout/              |          |
|    ep_len_mean        | 805      |
|    ep_rew_mean        | 29.7     |
| time/                 |          |
|    fps                | 1157     |
|    iterations         | 117800   |
|    time_elapsed       | 1628     |
|    total_timesteps    | 1884800  |
| train/                |          |
|    entropy_loss       | -0.796   |
|    explained_variance | 0.304    |
|    learning_rate      | 1.52e-05 |
|    n_updates          | 117799   |
|    policy_loss        | -0.507   |
|    value_loss         | 38.6     |
------------------------------------
------------------------------------
| rollout/              |          |
|    ep_len_mean        | 816      |
|    ep_rew_mean        | 32.2     |
| time/                 |          |
|    fps                | 1157     |
|    iterations         | 117900   |
|    time_elapsed       | 1630     |
|    total_timesteps    | 1886400  |
| train/                |          |
|    entropy_loss       | -1.08    |
|    explained_variance | 0.487    |
|    learning_rate      | 1.51e-05 |
|    n_updates          | 117899   |
|    policy_loss        | 1.42     |
|    value_loss         | 19.2     |
------------------------------------
------------------------------------
| rollout/              |          |
|    ep_len_mean        | 816      |
|    ep_rew_mean        | 32.3     |
| time/                 |          |
|    fps                | 1157     |
|    iterations         | 118000   |
|    time_elapsed       | 1631     |
|    total_timesteps    | 1888000  |
| train/                |          |
|    entropy_loss       | -1.06    |
|    explained_variance | -0.0105  |
|    learning_rate      | 1.5e-05  |
|    n_updates          | 117999   |
|    policy_loss        | 7.89     |
|    value_loss         | 70.2     |
------------------------------------
------------------------------------
| rollout/              |          |
|    ep_len_mean        | 808      |
|    ep_rew_mean        | 30       |
| time/                 |          |
|    fps                | 1157     |
|    iterations         | 118100   |
|    time_elapsed       | 1633     |
|    total_timesteps    | 1889600  |
| train/                |          |
|    entropy_loss       | -1.03    |
|    explained_variance | 0.908    |
|    learning_rate      | 1.5e-05  |
|    n_updates          | 118099   |
|    policy_loss        | 0.906    |
|    value_loss         | 1.72     |
------------------------------------
------------------------------------
| rollout/              |          |
|    ep_len_mean        | 817      |
|    ep_rew_mean        | 30.2     |
| time/                 |          |
|    fps                | 1157     |
|    iterations         | 118200   |
|    time_elapsed       | 1634     |
|    total_timesteps    | 1891200  |
| train/                |          |
|    entropy_loss       | -1.16    |
|    explained_variance | 0.0853   |
|    learning_rate      | 1.49e-05 |
|    n_updates          | 118199   |
|    policy_loss        | -3       |
|    value_loss         | 9.09     |
------------------------------------
------------------------------------
| rollout/              |          |
|    ep_len_mean        | 809      |
|    ep_rew_mean        | 26.3     |
| time/                 |          |
|    fps                | 1156     |
|    iterations         | 118300   |
|    time_elapsed       | 1635     |
|    total_timesteps    | 1892800  |
| train/                |          |
|    entropy_loss       | -0.718   |
|    explained_variance | 0.848    |
|    learning_rate      | 1.48e-05 |
|    n_updates          | 118299   |
|    policy_loss        | -2.22    |
|    value_loss         | 3.66     |
------------------------------------
------------------------------------
| rollout/              |          |
|    ep_len_mean        | 809      |
|    ep_rew_mean        | 26.4     |
| time/                 |          |
|    fps                | 1156     |
|    iterations         | 118400   |
|    time_elapsed       | 1637     |
|    total_timesteps    | 1894400  |
| train/                |          |
|    entropy_loss       | -0.859   |
|    explained_variance | 0.949    |
|    learning_rate      | 1.48e-05 |
|    n_updates          | 118399   |
|    policy_loss        | 0.371    |
|    value_loss         | 0.457    |
------------------------------------
------------------------------------
| rollout/              |          |
|    ep_len_mean        | 807      |
|    ep_rew_mean        | 23.7     |
| time/                 |          |
|    fps                | 1156     |
|    iterations         | 118500   |
|    time_elapsed       | 1638     |
|    total_timesteps    | 1896000  |
| train/                |          |
|    entropy_loss       | -1.09    |
|    explained_variance | 0.717    |
|    learning_rate      | 1.47e-05 |
|    n_updates          | 118499   |
|    policy_loss        | 0.357    |
|    value_loss         | 4.91     |
------------------------------------
------------------------------------
| rollout/              |          |
|    ep_len_mean        | 803      |
|    ep_rew_mean        | 24.3     |
| time/                 |          |
|    fps                | 1156     |
|    iterations         | 118600   |
|    time_elapsed       | 1640     |
|    total_timesteps    | 1897600  |
| train/                |          |
|    entropy_loss       | -0.853   |
|    explained_variance | 0.291    |
|    learning_rate      | 1.46e-05 |
|    n_updates          | 118599   |
|    policy_loss        | 7.01     |
|    value_loss         | 39.5     |
------------------------------------
------------------------------------
| rollout/              |          |
|    ep_len_mean        | 805      |
|    ep_rew_mean        | 26.3     |
| time/                 |          |
|    fps                | 1156     |
|    iterations         | 118700   |
|    time_elapsed       | 1641     |
|    total_timesteps    | 1899200  |
| train/                |          |
|    entropy_loss       | -1.05    |
|    explained_variance | 0.316    |
|    learning_rate      | 1.45e-05 |
|    n_updates          | 118699   |
|    policy_loss        | -0.0615  |
|    value_loss         | 1.83     |
------------------------------------
Eval num_timesteps=1900000, episode_reward=9.08 +/- 65.95
Episode length: 983.60 +/- 25.18
------------------------------------
| eval/                 |          |
|    mean_ep_length     | 984      |
|    mean_reward        | 9.08     |
| time/                 |          |
|    total_timesteps    | 1900000  |
| train/                |          |
|    entropy_loss       | -1.06    |
|    explained_variance | 0.923    |
|    learning_rate      | 1.45e-05 |
|    n_updates          | 118749   |
|    policy_loss        | 0.902    |
|    value_loss         | 2.32     |
------------------------------------
------------------------------------
| rollout/              |          |
|    ep_len_mean        | 805      |
|    ep_rew_mean        | 25.9     |
| time/                 |          |
|    fps                | 1155     |
|    iterations         | 118800   |
|    time_elapsed       | 1645     |
|    total_timesteps    | 1900800  |
| train/                |          |
|    entropy_loss       | -1.09    |
|    explained_variance | 0.931    |
|    learning_rate      | 1.45e-05 |
|    n_updates          | 118799   |
|    policy_loss        | -0.231   |
|    value_loss         | 0.392    |
------------------------------------
------------------------------------
| rollout/              |          |
|    ep_len_mean        | 801      |
|    ep_rew_mean        | 24.3     |
| time/                 |          |
|    fps                | 1155     |
|    iterations         | 118900   |
|    time_elapsed       | 1646     |
|    total_timesteps    | 1902400  |
| train/                |          |
|    entropy_loss       | -1.08    |
|    explained_variance | -2.87    |
|    learning_rate      | 1.44e-05 |
|    n_updates          | 118899   |
|    policy_loss        | 4.05     |
|    value_loss         | 18.4     |
------------------------------------
------------------------------------
| rollout/              |          |
|    ep_len_mean        | 807      |
|    ep_rew_mean        | 25       |
| time/                 |          |
|    fps                | 1155     |
|    iterations         | 119000   |
|    time_elapsed       | 1648     |
|    total_timesteps    | 1904000  |
| train/                |          |
|    entropy_loss       | -0.613   |
|    explained_variance | 0.0602   |
|    learning_rate      | 1.43e-05 |
|    n_updates          | 118999   |
|    policy_loss        | -0.0526  |
|    value_loss         | 0.0193   |
------------------------------------
------------------------------------
| rollout/              |          |
|    ep_len_mean        | 812      |
|    ep_rew_mean        | 25.7     |
| time/                 |          |
|    fps                | 1155     |
|    iterations         | 119100   |
|    time_elapsed       | 1649     |
|    total_timesteps    | 1905600  |
| train/                |          |
|    entropy_loss       | -1.01    |
|    explained_variance | 0.937    |
|    learning_rate      | 1.42e-05 |
|    n_updates          | 119099   |
|    policy_loss        | -0.494   |
|    value_loss         | 0.724    |
------------------------------------
------------------------------------
| rollout/              |          |
|    ep_len_mean        | 815      |
|    ep_rew_mean        | 24.9     |
| time/                 |          |
|    fps                | 1155     |
|    iterations         | 119200   |
|    time_elapsed       | 1651     |
|    total_timesteps    | 1907200  |
| train/                |          |
|    entropy_loss       | -0.993   |
|    explained_variance | 0.929    |
|    learning_rate      | 1.42e-05 |
|    n_updates          | 119199   |
|    policy_loss        | -0.498   |
|    value_loss         | 0.331    |
------------------------------------
------------------------------------
| rollout/              |          |
|    ep_len_mean        | 821      |
|    ep_rew_mean        | 25.7     |
| time/                 |          |
|    fps                | 1155     |
|    iterations         | 119300   |
|    time_elapsed       | 1652     |
|    total_timesteps    | 1908800  |
| train/                |          |
|    entropy_loss       | -0.677   |
|    explained_variance | 0.876    |
|    learning_rate      | 1.41e-05 |
|    n_updates          | 119299   |
|    policy_loss        | -0.976   |
|    value_loss         | 21.5     |
------------------------------------
------------------------------------
| rollout/              |          |
|    ep_len_mean        | 822      |
|    ep_rew_mean        | 25.8     |
| time/                 |          |
|    fps                | 1155     |
|    iterations         | 119400   |
|    time_elapsed       | 1654     |
|    total_timesteps    | 1910400  |
| train/                |          |
|    entropy_loss       | -0.676   |
|    explained_variance | 0.607    |
|    learning_rate      | 1.4e-05  |
|    n_updates          | 119399   |
|    policy_loss        | -0.398   |
|    value_loss         | 1.8      |
------------------------------------
------------------------------------
| rollout/              |          |
|    ep_len_mean        | 817      |
|    ep_rew_mean        | 24.1     |
| time/                 |          |
|    fps                | 1154     |
|    iterations         | 119500   |
|    time_elapsed       | 1655     |
|    total_timesteps    | 1912000  |
| train/                |          |
|    entropy_loss       | -0.955   |
|    explained_variance | 0.355    |
|    learning_rate      | 1.4e-05  |
|    n_updates          | 119499   |
|    policy_loss        | -2.7     |
|    value_loss         | 8.85     |
------------------------------------
------------------------------------
| rollout/              |          |
|    ep_len_mean        | 821      |
|    ep_rew_mean        | 25.2     |
| time/                 |          |
|    fps                | 1154     |
|    iterations         | 119600   |
|    time_elapsed       | 1656     |
|    total_timesteps    | 1913600  |
| train/                |          |
|    entropy_loss       | -0.963   |
|    explained_variance | 0.997    |
|    learning_rate      | 1.39e-05 |
|    n_updates          | 119599   |
|    policy_loss        | -0.294   |
|    value_loss         | 0.167    |
------------------------------------
------------------------------------
| rollout/              |          |
|    ep_len_mean        | 820      |
|    ep_rew_mean        | 22.4     |
| time/                 |          |
|    fps                | 1154     |
|    iterations         | 119700   |
|    time_elapsed       | 1658     |
|    total_timesteps    | 1915200  |
| train/                |          |
|    entropy_loss       | -1.03    |
|    explained_variance | 0.000498 |
|    learning_rate      | 1.38e-05 |
|    n_updates          | 119699   |
|    policy_loss        | -0.0256  |
|    value_loss         | 0.0744   |
------------------------------------
------------------------------------
| rollout/              |          |
|    ep_len_mean        | 820      |
|    ep_rew_mean        | 23.2     |
| time/                 |          |
|    fps                | 1154     |
|    iterations         | 119800   |
|    time_elapsed       | 1659     |
|    total_timesteps    | 1916800  |
| train/                |          |
|    entropy_loss       | -1.05    |
|    explained_variance | 0.47     |
|    learning_rate      | 1.37e-05 |
|    n_updates          | 119799   |
|    policy_loss        | -11.7    |
|    value_loss         | 119      |
------------------------------------
------------------------------------
| rollout/              |          |
|    ep_len_mean        | 820      |
|    ep_rew_mean        | 22.9     |
| time/                 |          |
|    fps                | 1154     |
|    iterations         | 119900   |
|    time_elapsed       | 1661     |
|    total_timesteps    | 1918400  |
| train/                |          |
|    entropy_loss       | -1.19    |
|    explained_variance | 0.732    |
|    learning_rate      | 1.37e-05 |
|    n_updates          | 119899   |
|    policy_loss        | 1.1      |
|    value_loss         | 4.2      |
------------------------------------
------------------------------------
| rollout/              |          |
|    ep_len_mean        | 824      |
|    ep_rew_mean        | 22.2     |
| time/                 |          |
|    fps                | 1154     |
|    iterations         | 120000   |
|    time_elapsed       | 1662     |
|    total_timesteps    | 1920000  |
| train/                |          |
|    entropy_loss       | -1.03    |
|    explained_variance | 0.593    |
|    learning_rate      | 1.36e-05 |
|    n_updates          | 119999   |
|    policy_loss        | 2.37     |
|    value_loss         | 37.9     |
------------------------------------
------------------------------------
| rollout/              |          |
|    ep_len_mean        | 817      |
|    ep_rew_mean        | 17.8     |
| time/                 |          |
|    fps                | 1154     |
|    iterations         | 120100   |
|    time_elapsed       | 1664     |
|    total_timesteps    | 1921600  |
| train/                |          |
|    entropy_loss       | -1.06    |
|    explained_variance | 0.945    |
|    learning_rate      | 1.35e-05 |
|    n_updates          | 120099   |
|    policy_loss        | 0.167    |
|    value_loss         | 0.24     |
------------------------------------
------------------------------------
| rollout/              |          |
|    ep_len_mean        | 821      |
|    ep_rew_mean        | 19.6     |
| time/                 |          |
|    fps                | 1154     |
|    iterations         | 120200   |
|    time_elapsed       | 1665     |
|    total_timesteps    | 1923200  |
| train/                |          |
|    entropy_loss       | -1.23    |
|    explained_variance | 0.877    |
|    learning_rate      | 1.35e-05 |
|    n_updates          | 120199   |
|    policy_loss        | 0.211    |
|    value_loss         | 0.799    |
------------------------------------
------------------------------------
| rollout/              |          |
|    ep_len_mean        | 818      |
|    ep_rew_mean        | 17.1     |
| time/                 |          |
|    fps                | 1154     |
|    iterations         | 120300   |
|    time_elapsed       | 1667     |
|    total_timesteps    | 1924800  |
| train/                |          |
|    entropy_loss       | -1       |
|    explained_variance | 0.873    |
|    learning_rate      | 1.34e-05 |
|    n_updates          | 120299   |
|    policy_loss        | -3.11    |
|    value_loss         | 8.33     |
------------------------------------
------------------------------------
| rollout/              |          |
|    ep_len_mean        | 818      |
|    ep_rew_mean        | 16.6     |
| time/                 |          |
|    fps                | 1154     |
|    iterations         | 120400   |
|    time_elapsed       | 1668     |
|    total_timesteps    | 1926400  |
| train/                |          |
|    entropy_loss       | -0.957   |
|    explained_variance | 0.0525   |
|    learning_rate      | 1.33e-05 |
|    n_updates          | 120399   |
|    policy_loss        | 1.35     |
|    value_loss         | 4.46     |
------------------------------------
------------------------------------
| rollout/              |          |
|    ep_len_mean        | 823      |
|    ep_rew_mean        | 18.3     |
| time/                 |          |
|    fps                | 1154     |
|    iterations         | 120500   |
|    time_elapsed       | 1670     |
|    total_timesteps    | 1928000  |
| train/                |          |
|    entropy_loss       | -0.869   |
|    explained_variance | 0.73     |
|    learning_rate      | 1.32e-05 |
|    n_updates          | 120499   |
|    policy_loss        | -2.8     |
|    value_loss         | 8.25     |
------------------------------------
------------------------------------
| rollout/              |          |
|    ep_len_mean        | 824      |
|    ep_rew_mean        | 17.9     |
| time/                 |          |
|    fps                | 1154     |
|    iterations         | 120600   |
|    time_elapsed       | 1671     |
|    total_timesteps    | 1929600  |
| train/                |          |
|    entropy_loss       | -1.14    |
|    explained_variance | -0.00183 |
|    learning_rate      | 1.32e-05 |
|    n_updates          | 120599   |
|    policy_loss        | -0.747   |
|    value_loss         | 0.591    |
------------------------------------
------------------------------------
| rollout/              |          |
|    ep_len_mean        | 828      |
|    ep_rew_mean        | 17.2     |
| time/                 |          |
|    fps                | 1154     |
|    iterations         | 120700   |
|    time_elapsed       | 1673     |
|    total_timesteps    | 1931200  |
| train/                |          |
|    entropy_loss       | -0.916   |
|    explained_variance | 0.794    |
|    learning_rate      | 1.31e-05 |
|    n_updates          | 120699   |
|    policy_loss        | -3.43    |
|    value_loss         | 6.74     |
------------------------------------
------------------------------------
| rollout/              |          |
|    ep_len_mean        | 819      |
|    ep_rew_mean        | 16       |
| time/                 |          |
|    fps                | 1154     |
|    iterations         | 120800   |
|    time_elapsed       | 1674     |
|    total_timesteps    | 1932800  |
| train/                |          |
|    entropy_loss       | -1.26    |
|    explained_variance | 0.576    |
|    learning_rate      | 1.3e-05  |
|    n_updates          | 120799   |
|    policy_loss        | -2.02    |
|    value_loss         | 5.05     |
------------------------------------
------------------------------------
| rollout/              |          |
|    ep_len_mean        | 820      |
|    ep_rew_mean        | 17.2     |
| time/                 |          |
|    fps                | 1154     |
|    iterations         | 120900   |
|    time_elapsed       | 1675     |
|    total_timesteps    | 1934400  |
| train/                |          |
|    entropy_loss       | -1       |
|    explained_variance | 0.717    |
|    learning_rate      | 1.3e-05  |
|    n_updates          | 120899   |
|    policy_loss        | 3.03     |
|    value_loss         | 9.58     |
------------------------------------
------------------------------------
| rollout/              |          |
|    ep_len_mean        | 822      |
|    ep_rew_mean        | 16.4     |
| time/                 |          |
|    fps                | 1154     |
|    iterations         | 121000   |
|    time_elapsed       | 1677     |
|    total_timesteps    | 1936000  |
| train/                |          |
|    entropy_loss       | -1.13    |
|    explained_variance | 0.843    |
|    learning_rate      | 1.29e-05 |
|    n_updates          | 120999   |
|    policy_loss        | -0.44    |
|    value_loss         | 1.41     |
------------------------------------
------------------------------------
| rollout/              |          |
|    ep_len_mean        | 815      |
|    ep_rew_mean        | 15.1     |
| time/                 |          |
|    fps                | 1154     |
|    iterations         | 121100   |
|    time_elapsed       | 1678     |
|    total_timesteps    | 1937600  |
| train/                |          |
|    entropy_loss       | -1.03    |
|    explained_variance | 0.654    |
|    learning_rate      | 1.28e-05 |
|    n_updates          | 121099   |
|    policy_loss        | 0.231    |
|    value_loss         | 0.906    |
------------------------------------
------------------------------------
| rollout/              |          |
|    ep_len_mean        | 810      |
|    ep_rew_mean        | 14       |
| time/                 |          |
|    fps                | 1154     |
|    iterations         | 121200   |
|    time_elapsed       | 1680     |
|    total_timesteps    | 1939200  |
| train/                |          |
|    entropy_loss       | -1.06    |
|    explained_variance | 0.942    |
|    learning_rate      | 1.27e-05 |
|    n_updates          | 121199   |
|    policy_loss        | 0.472    |
|    value_loss         | 0.815    |
------------------------------------
------------------------------------
| rollout/              |          |
|    ep_len_mean        | 806      |
|    ep_rew_mean        | 13       |
| time/                 |          |
|    fps                | 1154     |
|    iterations         | 121300   |
|    time_elapsed       | 1681     |
|    total_timesteps    | 1940800  |
| train/                |          |
|    entropy_loss       | -1.11    |
|    explained_variance | 0.946    |
|    learning_rate      | 1.27e-05 |
|    n_updates          | 121299   |
|    policy_loss        | -0.668   |
|    value_loss         | 0.668    |
------------------------------------
------------------------------------
| rollout/              |          |
|    ep_len_mean        | 806      |
|    ep_rew_mean        | 12.5     |
| time/                 |          |
|    fps                | 1154     |
|    iterations         | 121400   |
|    time_elapsed       | 1683     |
|    total_timesteps    | 1942400  |
| train/                |          |
|    entropy_loss       | -1       |
|    explained_variance | 0.933    |
|    learning_rate      | 1.26e-05 |
|    n_updates          | 121399   |
|    policy_loss        | -0.795   |
|    value_loss         | 1.05     |
------------------------------------
------------------------------------
| rollout/              |          |
|    ep_len_mean        | 811      |
|    ep_rew_mean        | 14.3     |
| time/                 |          |
|    fps                | 1153     |
|    iterations         | 121500   |
|    time_elapsed       | 1684     |
|    total_timesteps    | 1944000  |
| train/                |          |
|    entropy_loss       | -1.14    |
|    explained_variance | -0.733   |
|    learning_rate      | 1.25e-05 |
|    n_updates          | 121499   |
|    policy_loss        | 2.77     |
|    value_loss         | 13.3     |
------------------------------------
------------------------------------
| rollout/              |          |
|    ep_len_mean        | 814      |
|    ep_rew_mean        | 15.7     |
| time/                 |          |
|    fps                | 1153     |
|    iterations         | 121600   |
|    time_elapsed       | 1686     |
|    total_timesteps    | 1945600  |
| train/                |          |
|    entropy_loss       | -0.817   |
|    explained_variance | 0.83     |
|    learning_rate      | 1.24e-05 |
|    n_updates          | 121599   |
|    policy_loss        | 1.7      |
|    value_loss         | 3.68     |
------------------------------------
------------------------------------
| rollout/              |          |
|    ep_len_mean        | 824      |
|    ep_rew_mean        | 19.1     |
| time/                 |          |
|    fps                | 1153     |
|    iterations         | 121700   |
|    time_elapsed       | 1687     |
|    total_timesteps    | 1947200  |
| train/                |          |
|    entropy_loss       | -1.26    |
|    explained_variance | 0.674    |
|    learning_rate      | 1.24e-05 |
|    n_updates          | 121699   |
|    policy_loss        | 1.01     |
|    value_loss         | 2.35     |
------------------------------------
------------------------------------
| rollout/              |          |
|    ep_len_mean        | 824      |
|    ep_rew_mean        | 18.9     |
| time/                 |          |
|    fps                | 1153     |
|    iterations         | 121800   |
|    time_elapsed       | 1688     |
|    total_timesteps    | 1948800  |
| train/                |          |
|    entropy_loss       | -1.06    |
|    explained_variance | -0.0458  |
|    learning_rate      | 1.23e-05 |
|    n_updates          | 121799   |
|    policy_loss        | -0.0445  |
|    value_loss         | 0.00986  |
------------------------------------
Eval num_timesteps=1950000, episode_reward=7.42 +/- 106.52
Episode length: 849.00 +/- 120.10
------------------------------------
| eval/                 |          |
|    mean_ep_length     | 849      |
|    mean_reward        | 7.42     |
| time/                 |          |
|    total_timesteps    | 1950000  |
| train/                |          |
|    entropy_loss       | -1.01    |
|    explained_variance | -0.00857 |
|    learning_rate      | 1.23e-05 |
|    n_updates          | 121874   |
|    policy_loss        | -0.0761  |
|    value_loss         | 0.0782   |
------------------------------------
------------------------------------
| rollout/              |          |
|    ep_len_mean        | 834      |
|    ep_rew_mean        | 21.1     |
| time/                 |          |
|    fps                | 1152     |
|    iterations         | 121900   |
|    time_elapsed       | 1692     |
|    total_timesteps    | 1950400  |
| train/                |          |
|    entropy_loss       | -1.02    |
|    explained_variance | 0.959    |
|    learning_rate      | 1.22e-05 |
|    n_updates          | 121899   |
|    policy_loss        | -0.479   |
|    value_loss         | 0.421    |
------------------------------------
------------------------------------
| rollout/              |          |
|    ep_len_mean        | 829      |
|    ep_rew_mean        | 19.5     |
| time/                 |          |
|    fps                | 1152     |
|    iterations         | 122000   |
|    time_elapsed       | 1693     |
|    total_timesteps    | 1952000  |
| train/                |          |
|    entropy_loss       | -0.845   |
|    explained_variance | 0.883    |
|    learning_rate      | 1.22e-05 |
|    n_updates          | 121999   |
|    policy_loss        | -1.56    |
|    value_loss         | 2.19     |
------------------------------------
------------------------------------
| rollout/              |          |
|    ep_len_mean        | 824      |
|    ep_rew_mean        | 19.1     |
| time/                 |          |
|    fps                | 1152     |
|    iterations         | 122100   |
|    time_elapsed       | 1695     |
|    total_timesteps    | 1953600  |
| train/                |          |
|    entropy_loss       | -0.715   |
|    explained_variance | -0.0312  |
|    learning_rate      | 1.21e-05 |
|    n_updates          | 122099   |
|    policy_loss        | 0.694    |
|    value_loss         | 2.71     |
------------------------------------
------------------------------------
| rollout/              |          |
|    ep_len_mean        | 821      |
|    ep_rew_mean        | 16.9     |
| time/                 |          |
|    fps                | 1152     |
|    iterations         | 122200   |
|    time_elapsed       | 1696     |
|    total_timesteps    | 1955200  |
| train/                |          |
|    entropy_loss       | -0.762   |
|    explained_variance | 0.143    |
|    learning_rate      | 1.2e-05  |
|    n_updates          | 122199   |
|    policy_loss        | 0.309    |
|    value_loss         | 26.2     |
------------------------------------
------------------------------------
| rollout/              |          |
|    ep_len_mean        | 815      |
|    ep_rew_mean        | 15       |
| time/                 |          |
|    fps                | 1152     |
|    iterations         | 122300   |
|    time_elapsed       | 1698     |
|    total_timesteps    | 1956800  |
| train/                |          |
|    entropy_loss       | -0.934   |
|    explained_variance | 0.0306   |
|    learning_rate      | 1.19e-05 |
|    n_updates          | 122299   |
|    policy_loss        | -0.0142  |
|    value_loss         | 0.333    |
------------------------------------
------------------------------------
| rollout/              |          |
|    ep_len_mean        | 815      |
|    ep_rew_mean        | 15.3     |
| time/                 |          |
|    fps                | 1152     |
|    iterations         | 122400   |
|    time_elapsed       | 1699     |
|    total_timesteps    | 1958400  |
| train/                |          |
|    entropy_loss       | -0.944   |
|    explained_variance | 0.937    |
|    learning_rate      | 1.19e-05 |
|    n_updates          | 122399   |
|    policy_loss        | -0.132   |
|    value_loss         | 0.429    |
------------------------------------
------------------------------------
| rollout/              |          |
|    ep_len_mean        | 815      |
|    ep_rew_mean        | 15.4     |
| time/                 |          |
|    fps                | 1152     |
|    iterations         | 122500   |
|    time_elapsed       | 1701     |
|    total_timesteps    | 1960000  |
| train/                |          |
|    entropy_loss       | -0.965   |
|    explained_variance | 0.534    |
|    learning_rate      | 1.18e-05 |
|    n_updates          | 122499   |
|    policy_loss        | 1.94     |
|    value_loss         | 11.7     |
------------------------------------
------------------------------------
| rollout/              |          |
|    ep_len_mean        | 813      |
|    ep_rew_mean        | 16.1     |
| time/                 |          |
|    fps                | 1152     |
|    iterations         | 122600   |
|    time_elapsed       | 1702     |
|    total_timesteps    | 1961600  |
| train/                |          |
|    entropy_loss       | -0.368   |
|    explained_variance | 0.117    |
|    learning_rate      | 1.17e-05 |
|    n_updates          | 122599   |
|    policy_loss        | -0.427   |
|    value_loss         | 4.27e+03 |
------------------------------------
------------------------------------
| rollout/              |          |
|    ep_len_mean        | 813      |
|    ep_rew_mean        | 15.8     |
| time/                 |          |
|    fps                | 1152     |
|    iterations         | 122700   |
|    time_elapsed       | 1703     |
|    total_timesteps    | 1963200  |
| train/                |          |
|    entropy_loss       | -0.201   |
|    explained_variance | -0.402   |
|    learning_rate      | 1.17e-05 |
|    n_updates          | 122699   |
|    policy_loss        | -0.174   |
|    value_loss         | 15.7     |
------------------------------------
------------------------------------
| rollout/              |          |
|    ep_len_mean        | 809      |
|    ep_rew_mean        | 16.8     |
| time/                 |          |
|    fps                | 1152     |
|    iterations         | 122800   |
|    time_elapsed       | 1705     |
|    total_timesteps    | 1964800  |
| train/                |          |
|    entropy_loss       | -1.07    |
|    explained_variance | 0.544    |
|    learning_rate      | 1.16e-05 |
|    n_updates          | 122799   |
|    policy_loss        | 1.73     |
|    value_loss         | 35.9     |
------------------------------------
------------------------------------
| rollout/              |          |
|    ep_len_mean        | 813      |
|    ep_rew_mean        | 18.4     |
| time/                 |          |
|    fps                | 1152     |
|    iterations         | 122900   |
|    time_elapsed       | 1706     |
|    total_timesteps    | 1966400  |
| train/                |          |
|    entropy_loss       | -1.07    |
|    explained_variance | 0.889    |
|    learning_rate      | 1.15e-05 |
|    n_updates          | 122899   |
|    policy_loss        | -0.878   |
|    value_loss         | 0.95     |
------------------------------------
------------------------------------
| rollout/              |          |
|    ep_len_mean        | 813      |
|    ep_rew_mean        | 18.7     |
| time/                 |          |
|    fps                | 1152     |
|    iterations         | 123000   |
|    time_elapsed       | 1708     |
|    total_timesteps    | 1968000  |
| train/                |          |
|    entropy_loss       | -1.07    |
|    explained_variance | 0.0385   |
|    learning_rate      | 1.14e-05 |
|    n_updates          | 122999   |
|    policy_loss        | 0.11     |
|    value_loss         | 0.0519   |
------------------------------------
------------------------------------
| rollout/              |          |
|    ep_len_mean        | 813      |
|    ep_rew_mean        | 18.7     |
| time/                 |          |
|    fps                | 1151     |
|    iterations         | 123100   |
|    time_elapsed       | 1709     |
|    total_timesteps    | 1969600  |
| train/                |          |
|    entropy_loss       | -0.952   |
|    explained_variance | 0.823    |
|    learning_rate      | 1.14e-05 |
|    n_updates          | 123099   |
|    policy_loss        | -0.0452  |
|    value_loss         | 0.534    |
------------------------------------
------------------------------------
| rollout/              |          |
|    ep_len_mean        | 817      |
|    ep_rew_mean        | 19.6     |
| time/                 |          |
|    fps                | 1151     |
|    iterations         | 123200   |
|    time_elapsed       | 1711     |
|    total_timesteps    | 1971200  |
| train/                |          |
|    entropy_loss       | -1.06    |
|    explained_variance | 0.00592  |
|    learning_rate      | 1.13e-05 |
|    n_updates          | 123199   |
|    policy_loss        | 0.038    |
|    value_loss         | 0.0363   |
------------------------------------
------------------------------------
| rollout/              |          |
|    ep_len_mean        | 822      |
|    ep_rew_mean        | 21       |
| time/                 |          |
|    fps                | 1151     |
|    iterations         | 123300   |
|    time_elapsed       | 1712     |
|    total_timesteps    | 1972800  |
| train/                |          |
|    entropy_loss       | -0.891   |
|    explained_variance | 0.629    |
|    learning_rate      | 1.12e-05 |
|    n_updates          | 123299   |
|    policy_loss        | -1.75    |
|    value_loss         | 4.73     |
------------------------------------
------------------------------------
| rollout/              |          |
|    ep_len_mean        | 826      |
|    ep_rew_mean        | 22.7     |
| time/                 |          |
|    fps                | 1151     |
|    iterations         | 123400   |
|    time_elapsed       | 1714     |
|    total_timesteps    | 1974400  |
| train/                |          |
|    entropy_loss       | -1.06    |
|    explained_variance | 0.74     |
|    learning_rate      | 1.12e-05 |
|    n_updates          | 123399   |
|    policy_loss        | -2.02    |
|    value_loss         | 6.31     |
------------------------------------
------------------------------------
| rollout/              |          |
|    ep_len_mean        | 830      |
|    ep_rew_mean        | 24.8     |
| time/                 |          |
|    fps                | 1151     |
|    iterations         | 123500   |
|    time_elapsed       | 1715     |
|    total_timesteps    | 1976000  |
| train/                |          |
|    entropy_loss       | -1.02    |
|    explained_variance | 0.786    |
|    learning_rate      | 1.11e-05 |
|    n_updates          | 123499   |
|    policy_loss        | 1.01     |
|    value_loss         | 9.02     |
------------------------------------
------------------------------------
| rollout/              |          |
|    ep_len_mean        | 824      |
|    ep_rew_mean        | 23.6     |
| time/                 |          |
|    fps                | 1151     |
|    iterations         | 123600   |
|    time_elapsed       | 1716     |
|    total_timesteps    | 1977600  |
| train/                |          |
|    entropy_loss       | -1.01    |
|    explained_variance | 0.00951  |
|    learning_rate      | 1.1e-05  |
|    n_updates          | 123599   |
|    policy_loss        | -0.0126  |
|    value_loss         | 0.0239   |
------------------------------------
------------------------------------
| rollout/              |          |
|    ep_len_mean        | 834      |
|    ep_rew_mean        | 26.2     |
| time/                 |          |
|    fps                | 1151     |
|    iterations         | 123700   |
|    time_elapsed       | 1718     |
|    total_timesteps    | 1979200  |
| train/                |          |
|    entropy_loss       | -1.1     |
|    explained_variance | 0.609    |
|    learning_rate      | 1.09e-05 |
|    n_updates          | 123699   |
|    policy_loss        | 1.7      |
|    value_loss         | 33.3     |
------------------------------------
------------------------------------
| rollout/              |          |
|    ep_len_mean        | 838      |
|    ep_rew_mean        | 28.7     |
| time/                 |          |
|    fps                | 1151     |
|    iterations         | 123800   |
|    time_elapsed       | 1719     |
|    total_timesteps    | 1980800  |
| train/                |          |
|    entropy_loss       | -0.84    |
|    explained_variance | 0.888    |
|    learning_rate      | 1.09e-05 |
|    n_updates          | 123799   |
|    policy_loss        | 0.54     |
|    value_loss         | 3.01     |
------------------------------------
------------------------------------
| rollout/              |          |
|    ep_len_mean        | 840      |
|    ep_rew_mean        | 26.5     |
| time/                 |          |
|    fps                | 1152     |
|    iterations         | 123900   |
|    time_elapsed       | 1720     |
|    total_timesteps    | 1982400  |
| train/                |          |
|    entropy_loss       | -1.04    |
|    explained_variance | 0.906    |
|    learning_rate      | 1.08e-05 |
|    n_updates          | 123899   |
|    policy_loss        | 2.12     |
|    value_loss         | 7.4      |
------------------------------------
------------------------------------
| rollout/              |          |
|    ep_len_mean        | 840      |
|    ep_rew_mean        | 27       |
| time/                 |          |
|    fps                | 1152     |
|    iterations         | 124000   |
|    time_elapsed       | 1722     |
|    total_timesteps    | 1984000  |
| train/                |          |
|    entropy_loss       | -0.869   |
|    explained_variance | 0.9      |
|    learning_rate      | 1.07e-05 |
|    n_updates          | 123999   |
|    policy_loss        | -0.0576  |
|    value_loss         | 0.881    |
------------------------------------
------------------------------------
| rollout/              |          |
|    ep_len_mean        | 840      |
|    ep_rew_mean        | 27.1     |
| time/                 |          |
|    fps                | 1152     |
|    iterations         | 124100   |
|    time_elapsed       | 1723     |
|    total_timesteps    | 1985600  |
| train/                |          |
|    entropy_loss       | -1.01    |
|    explained_variance | 0.906    |
|    learning_rate      | 1.06e-05 |
|    n_updates          | 124099   |
|    policy_loss        | -1.96    |
|    value_loss         | 3.43     |
------------------------------------
------------------------------------
| rollout/              |          |
|    ep_len_mean        | 838      |
|    ep_rew_mean        | 27.9     |
| time/                 |          |
|    fps                | 1152     |
|    iterations         | 124200   |
|    time_elapsed       | 1724     |
|    total_timesteps    | 1987200  |
| train/                |          |
|    entropy_loss       | -1.09    |
|    explained_variance | 0.855    |
|    learning_rate      | 1.06e-05 |
|    n_updates          | 124199   |
|    policy_loss        | -0.337   |
|    value_loss         | 0.936    |
------------------------------------
------------------------------------
| rollout/              |          |
|    ep_len_mean        | 833      |
|    ep_rew_mean        | 26.4     |
| time/                 |          |
|    fps                | 1152     |
|    iterations         | 124300   |
|    time_elapsed       | 1725     |
|    total_timesteps    | 1988800  |
| train/                |          |
|    entropy_loss       | -1.22    |
|    explained_variance | 0.877    |
|    learning_rate      | 1.05e-05 |
|    n_updates          | 124299   |
|    policy_loss        | 0.355    |
|    value_loss         | 0.859    |
------------------------------------
------------------------------------
| rollout/              |          |
|    ep_len_mean        | 838      |
|    ep_rew_mean        | 27.9     |
| time/                 |          |
|    fps                | 1152     |
|    iterations         | 124400   |
|    time_elapsed       | 1727     |
|    total_timesteps    | 1990400  |
| train/                |          |
|    entropy_loss       | -1.01    |
|    explained_variance | -0.0154  |
|    learning_rate      | 1.04e-05 |
|    n_updates          | 124399   |
|    policy_loss        | -0.151   |
|    value_loss         | 0.0715   |
------------------------------------
------------------------------------
| rollout/              |          |
|    ep_len_mean        | 838      |
|    ep_rew_mean        | 27.9     |
| time/                 |          |
|    fps                | 1152     |
|    iterations         | 124500   |
|    time_elapsed       | 1728     |
|    total_timesteps    | 1992000  |
| train/                |          |
|    entropy_loss       | -1.06    |
|    explained_variance | 0.79     |
|    learning_rate      | 1.04e-05 |
|    n_updates          | 124499   |
|    policy_loss        | -1.65    |
|    value_loss         | 2.76     |
------------------------------------
------------------------------------
| rollout/              |          |
|    ep_len_mean        | 843      |
|    ep_rew_mean        | 29.7     |
| time/                 |          |
|    fps                | 1152     |
|    iterations         | 124600   |
|    time_elapsed       | 1730     |
|    total_timesteps    | 1993600  |
| train/                |          |
|    entropy_loss       | -1.05    |
|    explained_variance | -0.0086  |
|    learning_rate      | 1.03e-05 |
|    n_updates          | 124599   |
|    policy_loss        | 0.0454   |
|    value_loss         | 0.0318   |
------------------------------------
------------------------------------
| rollout/              |          |
|    ep_len_mean        | 843      |
|    ep_rew_mean        | 29.5     |
| time/                 |          |
|    fps                | 1152     |
|    iterations         | 124700   |
|    time_elapsed       | 1731     |
|    total_timesteps    | 1995200  |
| train/                |          |
|    entropy_loss       | -0.936   |
|    explained_variance | 0.0572   |
|    learning_rate      | 1.02e-05 |
|    n_updates          | 124699   |
|    policy_loss        | 0.517    |
|    value_loss         | 1.29     |
------------------------------------
------------------------------------
| rollout/              |          |
|    ep_len_mean        | 848      |
|    ep_rew_mean        | 31.2     |
| time/                 |          |
|    fps                | 1152     |
|    iterations         | 124800   |
|    time_elapsed       | 1733     |
|    total_timesteps    | 1996800  |
| train/                |          |
|    entropy_loss       | -0.944   |
|    explained_variance | 0.927    |
|    learning_rate      | 1.01e-05 |
|    n_updates          | 124799   |
|    policy_loss        | 0.251    |
|    value_loss         | 0.624    |
------------------------------------
------------------------------------
| rollout/              |          |
|    ep_len_mean        | 848      |
|    ep_rew_mean        | 31.8     |
| time/                 |          |
|    fps                | 1152     |
|    iterations         | 124900   |
|    time_elapsed       | 1734     |
|    total_timesteps    | 1998400  |
| train/                |          |
|    entropy_loss       | -1.05    |
|    explained_variance | 0.672    |
|    learning_rate      | 1.01e-05 |
|    n_updates          | 124899   |
|    policy_loss        | 0.0643   |
|    value_loss         | 12.5     |
------------------------------------
Eval num_timesteps=2000000, episode_reward=89.00 +/- 68.81
Episode length: 892.00 +/- 66.98
------------------------------------
| eval/                 |          |
|    mean_ep_length     | 892      |
|    mean_reward        | 89       |
| time/                 |          |
|    total_timesteps    | 2000000  |
| train/                |          |
|    entropy_loss       | -1.17    |
|    explained_variance | 0.924    |
|    learning_rate      | 1e-05    |
|    n_updates          | 124999   |
|    policy_loss        | -0.307   |
|    value_loss         | 0.95     |
------------------------------------
---------------------------------
| rollout/           |          |
|    ep_len_mean     | 853      |
|    ep_rew_mean     | 33.9     |
| time/              |          |
|    fps             | 1150     |
|    iterations      | 125000   |
|    time_elapsed    | 1737     |
|    total_timesteps | 2000000  |
---------------------------------
 100% ━━━━━━━━━━━━━━━━━━━ 2,000,000/2,000,000 [ 0:28:57 < 0:00:00 , 1,079 it/s ]

[A2C/MlpPolicy] Final Eval on LunarLander-v2: mean=19.43 ± 129.35
Saved last model to: /homes/sohawan2/reinforcement-learning-thesis/code_practice/runs/LunarLander_v2/A2C/20250929-011047/models/last_a2c.zip
===== Training End =====

