Gym has been unmaintained since 2022 and does not support NumPy 2.0 amongst other critical functionality.
Please upgrade to Gymnasium, the maintained drop-in replacement of Gym, or contact the authors of your software and request that they upgrade.
Users of this version of Gym should be able to simply replace 'import gym' with 'import gymnasium as gym' in the vast majority of cases.
See the migration guide at https://gymnasium.farama.org/introduction/migration_guide/ for additional information.
/homes/sohawan2/.local/lib/python3.10/site-packages/stable_baselines3/common/vec_env/base_vec_env.py:78: UserWarning: The `render_mode` attribute is not defined in your environment. It will be set to None.
  warnings.warn("The `render_mode` attribute is not defined in your environment. It will be set to None.")
/homes/sohawan2/.local/lib/python3.10/site-packages/stable_baselines3/common/on_policy_algorithm.py:150: UserWarning: You are trying to run PPO on the GPU, but it is primarily intended to run on the CPU when not using a CNN policy (you are using ActorCriticPolicy which should be a MlpPolicy). See https://github.com/DLR-RM/stable-baselines3/issues/1245 for more info. You can pass `device='cpu'` or `export CUDA_VISIBLE_DEVICES=` to force using the CPU.Note: The model will train, but the GPU utilization will be poor and the training might take longer than on CPU.
  warnings.warn(
[Path] Using preferred root: /homes/sohawan2/reinforcement-learning-thesis/code_practice

===== Stable‑Baselines3 Interactive Runner =====
[Path] Project root: /homes/sohawan2/reinforcement-learning-thesis/code_practice
[Info] LunarLander-v2 action space = Discrete → allowed algos: ['DQN', 'PPO', 'A2C']
Using cuda device

===== Training Start =====
{
  "env_id": "LunarLander-v2",
  "algo": "PPO",
  "policy": "MlpPolicy",
  "seed": 0,
  "total_timesteps": 2000000,
  "num_envs": 1,
  "use_vecnorm": false
}
Logging to /homes/sohawan2/reinforcement-learning-thesis/code_practice/runs/LunarLander_v2/PPO/20250929-001401/tb/PPO_1
---------------------------------
| rollout/           |          |
|    ep_len_mean     | 92.1     |
|    ep_rew_mean     | -179     |
| time/              |          |
|    fps             | 450      |
|    iterations      | 1        |
|    time_elapsed    | 4        |
|    total_timesteps | 2048     |
---------------------------------
------------------------------------------
| rollout/                |              |
|    ep_len_mean          | 93.5         |
|    ep_rew_mean          | -213         |
| time/                   |              |
|    fps                  | 385          |
|    iterations           | 2            |
|    time_elapsed         | 10           |
|    total_timesteps      | 4096         |
| train/                  |              |
|    approx_kl            | 0.0029754993 |
|    clip_fraction        | 0.0799       |
|    clip_range           | 0.1          |
|    entropy_loss         | -1.38        |
|    explained_variance   | 0.000545     |
|    learning_rate        | 0.00012      |
|    loss                 | 227          |
|    n_updates            | 10           |
|    policy_gradient_loss | -0.00527     |
|    value_loss           | 750          |
------------------------------------------
-----------------------------------------
| rollout/                |             |
|    ep_len_mean          | 96.4        |
|    ep_rew_mean          | -206        |
| time/                   |             |
|    fps                  | 379         |
|    iterations           | 3           |
|    time_elapsed         | 16          |
|    total_timesteps      | 6144        |
| train/                  |             |
|    approx_kl            | 0.002009147 |
|    clip_fraction        | 0.0406      |
|    clip_range           | 0.1         |
|    entropy_loss         | -1.38       |
|    explained_variance   | 0.267       |
|    learning_rate        | 0.00012     |
|    loss                 | 473         |
|    n_updates            | 20          |
|    policy_gradient_loss | -0.00152    |
|    value_loss           | 740         |
-----------------------------------------
------------------------------------------
| rollout/                |              |
|    ep_len_mean          | 95.6         |
|    ep_rew_mean          | -201         |
| time/                   |              |
|    fps                  | 376          |
|    iterations           | 4            |
|    time_elapsed         | 21           |
|    total_timesteps      | 8192         |
| train/                  |              |
|    approx_kl            | 0.0022423011 |
|    clip_fraction        | 0.0638       |
|    clip_range           | 0.1          |
|    entropy_loss         | -1.37        |
|    explained_variance   | -0.125       |
|    learning_rate        | 0.00012      |
|    loss                 | 145          |
|    n_updates            | 30           |
|    policy_gradient_loss | -0.00395     |
|    value_loss           | 472          |
------------------------------------------
------------------------------------------
| rollout/                |              |
|    ep_len_mean          | 97.8         |
|    ep_rew_mean          | -205         |
| time/                   |              |
|    fps                  | 373          |
|    iterations           | 5            |
|    time_elapsed         | 27           |
|    total_timesteps      | 10240        |
| train/                  |              |
|    approx_kl            | 0.0026287157 |
|    clip_fraction        | 0.0963       |
|    clip_range           | 0.1          |
|    entropy_loss         | -1.37        |
|    explained_variance   | 0.166        |
|    learning_rate        | 0.00012      |
|    loss                 | 153          |
|    n_updates            | 40           |
|    policy_gradient_loss | -0.00396     |
|    value_loss           | 328          |
------------------------------------------
------------------------------------------
| rollout/                |              |
|    ep_len_mean          | 100          |
|    ep_rew_mean          | -197         |
| time/                   |              |
|    fps                  | 368          |
|    iterations           | 6            |
|    time_elapsed         | 33           |
|    total_timesteps      | 12288        |
| train/                  |              |
|    approx_kl            | 0.0027421578 |
|    clip_fraction        | 0.202        |
|    clip_range           | 0.1          |
|    entropy_loss         | -1.37        |
|    explained_variance   | 0.605        |
|    learning_rate        | 0.00012      |
|    loss                 | 52.5         |
|    n_updates            | 50           |
|    policy_gradient_loss | -0.00777     |
|    value_loss           | 175          |
------------------------------------------
------------------------------------------
| rollout/                |              |
|    ep_len_mean          | 101          |
|    ep_rew_mean          | -170         |
| time/                   |              |
|    fps                  | 368          |
|    iterations           | 7            |
|    time_elapsed         | 38           |
|    total_timesteps      | 14336        |
| train/                  |              |
|    approx_kl            | 0.0031920923 |
|    clip_fraction        | 0.155        |
|    clip_range           | 0.1          |
|    entropy_loss         | -1.35        |
|    explained_variance   | -0.0557      |
|    learning_rate        | 0.00012      |
|    loss                 | 26.7         |
|    n_updates            | 60           |
|    policy_gradient_loss | -0.00675     |
|    value_loss           | 173          |
------------------------------------------
-----------------------------------------
| rollout/                |             |
|    ep_len_mean          | 103         |
|    ep_rew_mean          | -170        |
| time/                   |             |
|    fps                  | 365         |
|    iterations           | 8           |
|    time_elapsed         | 44          |
|    total_timesteps      | 16384       |
| train/                  |             |
|    approx_kl            | 0.002521291 |
|    clip_fraction        | 0.0995      |
|    clip_range           | 0.1         |
|    entropy_loss         | -1.34       |
|    explained_variance   | 0.249       |
|    learning_rate        | 0.00012     |
|    loss                 | 87.4        |
|    n_updates            | 70          |
|    policy_gradient_loss | -0.00555    |
|    value_loss           | 184         |
-----------------------------------------
------------------------------------------
| rollout/                |              |
|    ep_len_mean          | 105          |
|    ep_rew_mean          | -165         |
| time/                   |              |
|    fps                  | 365          |
|    iterations           | 9            |
|    time_elapsed         | 50           |
|    total_timesteps      | 18432        |
| train/                  |              |
|    approx_kl            | 0.0031004054 |
|    clip_fraction        | 0.115        |
|    clip_range           | 0.1          |
|    entropy_loss         | -1.34        |
|    explained_variance   | 0.445        |
|    learning_rate        | 0.00012      |
|    loss                 | 66.2         |
|    n_updates            | 80           |
|    policy_gradient_loss | -0.00688     |
|    value_loss           | 157          |
------------------------------------------
Eval num_timesteps=20000, episode_reward=-759.64 +/- 232.89
Episode length: 218.00 +/- 38.47
------------------------------------------
| eval/                   |              |
|    mean_ep_length       | 218          |
|    mean_reward          | -760         |
| time/                   |              |
|    total_timesteps      | 20000        |
| train/                  |              |
|    approx_kl            | 0.0026681083 |
|    clip_fraction        | 0.102        |
|    clip_range           | 0.1          |
|    entropy_loss         | -1.31        |
|    explained_variance   | 0.46         |
|    learning_rate        | 0.00012      |
|    loss                 | 31.8         |
|    n_updates            | 90           |
|    policy_gradient_loss | -0.00403     |
|    value_loss           | 115          |
------------------------------------------
New best mean reward!
---------------------------------
| rollout/           |          |
|    ep_len_mean     | 108      |
|    ep_rew_mean     | -163     |
| time/              |          |
|    fps             | 357      |
|    iterations      | 10       |
|    time_elapsed    | 57       |
|    total_timesteps | 20480    |
---------------------------------
------------------------------------------
| rollout/                |              |
|    ep_len_mean          | 109          |
|    ep_rew_mean          | -172         |
| time/                   |              |
|    fps                  | 356          |
|    iterations           | 11           |
|    time_elapsed         | 63           |
|    total_timesteps      | 22528        |
| train/                  |              |
|    approx_kl            | 0.0026377537 |
|    clip_fraction        | 0.102        |
|    clip_range           | 0.1          |
|    entropy_loss         | -1.32        |
|    explained_variance   | 0.478        |
|    learning_rate        | 0.00012      |
|    loss                 | 56.6         |
|    n_updates            | 100          |
|    policy_gradient_loss | -0.00415     |
|    value_loss           | 208          |
------------------------------------------
------------------------------------------
| rollout/                |              |
|    ep_len_mean          | 114          |
|    ep_rew_mean          | -171         |
| time/                   |              |
|    fps                  | 355          |
|    iterations           | 12           |
|    time_elapsed         | 69           |
|    total_timesteps      | 24576        |
| train/                  |              |
|    approx_kl            | 0.0030039272 |
|    clip_fraction        | 0.204        |
|    clip_range           | 0.1          |
|    entropy_loss         | -1.32        |
|    explained_variance   | 0.198        |
|    learning_rate        | 0.00012      |
|    loss                 | 58.8         |
|    n_updates            | 110          |
|    policy_gradient_loss | -0.00831     |
|    value_loss           | 139          |
------------------------------------------
----------------------------------------
| rollout/                |            |
|    ep_len_mean          | 116        |
|    ep_rew_mean          | -179       |
| time/                   |            |
|    fps                  | 354        |
|    iterations           | 13         |
|    time_elapsed         | 75         |
|    total_timesteps      | 26624      |
| train/                  |            |
|    approx_kl            | 0.00350966 |
|    clip_fraction        | 0.113      |
|    clip_range           | 0.1        |
|    entropy_loss         | -1.31      |
|    explained_variance   | 0.478      |
|    learning_rate        | 0.00012    |
|    loss                 | 60.3       |
|    n_updates            | 120        |
|    policy_gradient_loss | -0.00691   |
|    value_loss           | 140        |
----------------------------------------
------------------------------------------
| rollout/                |              |
|    ep_len_mean          | 116          |
|    ep_rew_mean          | -173         |
| time/                   |              |
|    fps                  | 354          |
|    iterations           | 14           |
|    time_elapsed         | 80           |
|    total_timesteps      | 28672        |
| train/                  |              |
|    approx_kl            | 0.0025555522 |
|    clip_fraction        | 0.103        |
|    clip_range           | 0.1          |
|    entropy_loss         | -1.3         |
|    explained_variance   | 0.631        |
|    learning_rate        | 0.00012      |
|    loss                 | 74.8         |
|    n_updates            | 130          |
|    policy_gradient_loss | -0.00635     |
|    value_loss           | 158          |
------------------------------------------
------------------------------------------
| rollout/                |              |
|    ep_len_mean          | 121          |
|    ep_rew_mean          | -165         |
| time/                   |              |
|    fps                  | 353          |
|    iterations           | 15           |
|    time_elapsed         | 86           |
|    total_timesteps      | 30720        |
| train/                  |              |
|    approx_kl            | 0.0019917039 |
|    clip_fraction        | 0.0616       |
|    clip_range           | 0.1          |
|    entropy_loss         | -1.29        |
|    explained_variance   | 0.554        |
|    learning_rate        | 0.00012      |
|    loss                 | 101          |
|    n_updates            | 140          |
|    policy_gradient_loss | -0.00574     |
|    value_loss           | 215          |
------------------------------------------
------------------------------------------
| rollout/                |              |
|    ep_len_mean          | 120          |
|    ep_rew_mean          | -151         |
| time/                   |              |
|    fps                  | 352          |
|    iterations           | 16           |
|    time_elapsed         | 92           |
|    total_timesteps      | 32768        |
| train/                  |              |
|    approx_kl            | 0.0022756758 |
|    clip_fraction        | 0.111        |
|    clip_range           | 0.1          |
|    entropy_loss         | -1.31        |
|    explained_variance   | 0.508        |
|    learning_rate        | 0.00012      |
|    loss                 | 47.8         |
|    n_updates            | 150          |
|    policy_gradient_loss | -0.00652     |
|    value_loss           | 120          |
------------------------------------------
-----------------------------------------
| rollout/                |             |
|    ep_len_mean          | 121         |
|    ep_rew_mean          | -133        |
| time/                   |             |
|    fps                  | 352         |
|    iterations           | 17          |
|    time_elapsed         | 98          |
|    total_timesteps      | 34816       |
| train/                  |             |
|    approx_kl            | 0.002726201 |
|    clip_fraction        | 0.0975      |
|    clip_range           | 0.1         |
|    entropy_loss         | -1.29       |
|    explained_variance   | 0.641       |
|    learning_rate        | 0.00012     |
|    loss                 | 35.6        |
|    n_updates            | 160         |
|    policy_gradient_loss | -0.00846    |
|    value_loss           | 121         |
-----------------------------------------
------------------------------------------
| rollout/                |              |
|    ep_len_mean          | 119          |
|    ep_rew_mean          | -117         |
| time/                   |              |
|    fps                  | 352          |
|    iterations           | 18           |
|    time_elapsed         | 104          |
|    total_timesteps      | 36864        |
| train/                  |              |
|    approx_kl            | 0.0027957768 |
|    clip_fraction        | 0.137        |
|    clip_range           | 0.1          |
|    entropy_loss         | -1.28        |
|    explained_variance   | 0.754        |
|    learning_rate        | 0.00012      |
|    loss                 | 48.8         |
|    n_updates            | 170          |
|    policy_gradient_loss | -0.00752     |
|    value_loss           | 76.1         |
------------------------------------------
-----------------------------------------
| rollout/                |             |
|    ep_len_mean          | 125         |
|    ep_rew_mean          | -115        |
| time/                   |             |
|    fps                  | 351         |
|    iterations           | 19          |
|    time_elapsed         | 110         |
|    total_timesteps      | 38912       |
| train/                  |             |
|    approx_kl            | 0.003932518 |
|    clip_fraction        | 0.216       |
|    clip_range           | 0.1         |
|    entropy_loss         | -1.24       |
|    explained_variance   | 0.645       |
|    learning_rate        | 0.00012     |
|    loss                 | 38.5        |
|    n_updates            | 180         |
|    policy_gradient_loss | -0.00881    |
|    value_loss           | 94.4        |
-----------------------------------------
Eval num_timesteps=40000, episode_reward=-529.12 +/- 78.12
Episode length: 189.00 +/- 33.12
------------------------------------------
| eval/                   |              |
|    mean_ep_length       | 189          |
|    mean_reward          | -529         |
| time/                   |              |
|    total_timesteps      | 40000        |
| train/                  |              |
|    approx_kl            | 0.0029115635 |
|    clip_fraction        | 0.151        |
|    clip_range           | 0.1          |
|    entropy_loss         | -1.25        |
|    explained_variance   | 0.716        |
|    learning_rate        | 0.00012      |
|    loss                 | 17.8         |
|    n_updates            | 190          |
|    policy_gradient_loss | -0.00943     |
|    value_loss           | 74.3         |
------------------------------------------
New best mean reward!
---------------------------------
| rollout/           |          |
|    ep_len_mean     | 128      |
|    ep_rew_mean     | -98.5    |
| time/              |          |
|    fps             | 349      |
|    iterations      | 20       |
|    time_elapsed    | 117      |
|    total_timesteps | 40960    |
---------------------------------
------------------------------------------
| rollout/                |              |
|    ep_len_mean          | 139          |
|    ep_rew_mean          | -89.9        |
| time/                   |              |
|    fps                  | 348          |
|    iterations           | 21           |
|    time_elapsed         | 123          |
|    total_timesteps      | 43008        |
| train/                  |              |
|    approx_kl            | 0.0036592798 |
|    clip_fraction        | 0.188        |
|    clip_range           | 0.1          |
|    entropy_loss         | -1.22        |
|    explained_variance   | 0.691        |
|    learning_rate        | 0.00012      |
|    loss                 | 18.3         |
|    n_updates            | 200          |
|    policy_gradient_loss | -0.0106      |
|    value_loss           | 55.5         |
------------------------------------------
-----------------------------------------
| rollout/                |             |
|    ep_len_mean          | 140         |
|    ep_rew_mean          | -80         |
| time/                   |             |
|    fps                  | 349         |
|    iterations           | 22          |
|    time_elapsed         | 128         |
|    total_timesteps      | 45056       |
| train/                  |             |
|    approx_kl            | 0.004678324 |
|    clip_fraction        | 0.185       |
|    clip_range           | 0.1         |
|    entropy_loss         | -1.22       |
|    explained_variance   | 0.856       |
|    learning_rate        | 0.00012     |
|    loss                 | 32.4        |
|    n_updates            | 210         |
|    policy_gradient_loss | -0.00879    |
|    value_loss           | 61          |
-----------------------------------------
------------------------------------------
| rollout/                |              |
|    ep_len_mean          | 147          |
|    ep_rew_mean          | -68.8        |
| time/                   |              |
|    fps                  | 350          |
|    iterations           | 23           |
|    time_elapsed         | 134          |
|    total_timesteps      | 47104        |
| train/                  |              |
|    approx_kl            | 0.0036077998 |
|    clip_fraction        | 0.158        |
|    clip_range           | 0.1          |
|    entropy_loss         | -1.16        |
|    explained_variance   | 0.721        |
|    learning_rate        | 0.00012      |
|    loss                 | 34           |
|    n_updates            | 220          |
|    policy_gradient_loss | -0.00857     |
|    value_loss           | 54.2         |
------------------------------------------
-----------------------------------------
| rollout/                |             |
|    ep_len_mean          | 158         |
|    ep_rew_mean          | -62.5       |
| time/                   |             |
|    fps                  | 350         |
|    iterations           | 24          |
|    time_elapsed         | 140         |
|    total_timesteps      | 49152       |
| train/                  |             |
|    approx_kl            | 0.003634236 |
|    clip_fraction        | 0.14        |
|    clip_range           | 0.1         |
|    entropy_loss         | -1.17       |
|    explained_variance   | 0.801       |
|    learning_rate        | 0.00012     |
|    loss                 | 20.8        |
|    n_updates            | 230         |
|    policy_gradient_loss | -0.00897    |
|    value_loss           | 56.7        |
-----------------------------------------
------------------------------------------
| rollout/                |              |
|    ep_len_mean          | 164          |
|    ep_rew_mean          | -57.9        |
| time/                   |              |
|    fps                  | 351          |
|    iterations           | 25           |
|    time_elapsed         | 145          |
|    total_timesteps      | 51200        |
| train/                  |              |
|    approx_kl            | 0.0024267882 |
|    clip_fraction        | 0.104        |
|    clip_range           | 0.1          |
|    entropy_loss         | -1.21        |
|    explained_variance   | 0.926        |
|    learning_rate        | 0.00012      |
|    loss                 | 26.5         |
|    n_updates            | 240          |
|    policy_gradient_loss | -0.00494     |
|    value_loss           | 43.1         |
------------------------------------------
-----------------------------------------
| rollout/                |             |
|    ep_len_mean          | 176         |
|    ep_rew_mean          | -55.8       |
| time/                   |             |
|    fps                  | 352         |
|    iterations           | 26          |
|    time_elapsed         | 151         |
|    total_timesteps      | 53248       |
| train/                  |             |
|    approx_kl            | 0.002800147 |
|    clip_fraction        | 0.14        |
|    clip_range           | 0.1         |
|    entropy_loss         | -1.11       |
|    explained_variance   | 0.847       |
|    learning_rate        | 0.00012     |
|    loss                 | 38.6        |
|    n_updates            | 250         |
|    policy_gradient_loss | -0.00703    |
|    value_loss           | 63.2        |
-----------------------------------------
------------------------------------------
| rollout/                |              |
|    ep_len_mean          | 183          |
|    ep_rew_mean          | -51.5        |
| time/                   |              |
|    fps                  | 352          |
|    iterations           | 27           |
|    time_elapsed         | 156          |
|    total_timesteps      | 55296        |
| train/                  |              |
|    approx_kl            | 0.0043444214 |
|    clip_fraction        | 0.169        |
|    clip_range           | 0.1          |
|    entropy_loss         | -1.18        |
|    explained_variance   | 0.936        |
|    learning_rate        | 0.00012      |
|    loss                 | 14.6         |
|    n_updates            | 260          |
|    policy_gradient_loss | -0.00585     |
|    value_loss           | 33.2         |
------------------------------------------
-----------------------------------------
| rollout/                |             |
|    ep_len_mean          | 194         |
|    ep_rew_mean          | -42.6       |
| time/                   |             |
|    fps                  | 352         |
|    iterations           | 28          |
|    time_elapsed         | 162         |
|    total_timesteps      | 57344       |
| train/                  |             |
|    approx_kl            | 0.002350763 |
|    clip_fraction        | 0.127       |
|    clip_range           | 0.1         |
|    entropy_loss         | -1.11       |
|    explained_variance   | 0.882       |
|    learning_rate        | 0.00012     |
|    loss                 | 16.4        |
|    n_updates            | 270         |
|    policy_gradient_loss | -0.00624    |
|    value_loss           | 50.8        |
-----------------------------------------
------------------------------------------
| rollout/                |              |
|    ep_len_mean          | 197          |
|    ep_rew_mean          | -35.7        |
| time/                   |              |
|    fps                  | 352          |
|    iterations           | 29           |
|    time_elapsed         | 168          |
|    total_timesteps      | 59392        |
| train/                  |              |
|    approx_kl            | 0.0027060802 |
|    clip_fraction        | 0.0998       |
|    clip_range           | 0.1          |
|    entropy_loss         | -1.18        |
|    explained_variance   | 0.953        |
|    learning_rate        | 0.00012      |
|    loss                 | 7.51         |
|    n_updates            | 280          |
|    policy_gradient_loss | -0.004       |
|    value_loss           | 29.9         |
------------------------------------------
Eval num_timesteps=60000, episode_reward=-223.93 +/- 55.11
Episode length: 596.80 +/- 236.87
-----------------------------------------
| eval/                   |             |
|    mean_ep_length       | 597         |
|    mean_reward          | -224        |
| time/                   |             |
|    total_timesteps      | 60000       |
| train/                  |             |
|    approx_kl            | 0.003244428 |
|    clip_fraction        | 0.103       |
|    clip_range           | 0.1         |
|    entropy_loss         | -1.11       |
|    explained_variance   | 0.911       |
|    learning_rate        | 0.00012     |
|    loss                 | 27.6        |
|    n_updates            | 290         |
|    policy_gradient_loss | -0.00566    |
|    value_loss           | 50.3        |
-----------------------------------------
New best mean reward!
---------------------------------
| rollout/           |          |
|    ep_len_mean     | 208      |
|    ep_rew_mean     | -35      |
| time/              |          |
|    fps             | 345      |
|    iterations      | 30       |
|    time_elapsed    | 177      |
|    total_timesteps | 61440    |
---------------------------------
------------------------------------------
| rollout/                |              |
|    ep_len_mean          | 226          |
|    ep_rew_mean          | -31.8        |
| time/                   |              |
|    fps                  | 345          |
|    iterations           | 31           |
|    time_elapsed         | 183          |
|    total_timesteps      | 63488        |
| train/                  |              |
|    approx_kl            | 0.0032662197 |
|    clip_fraction        | 0.167        |
|    clip_range           | 0.1          |
|    entropy_loss         | -1.2         |
|    explained_variance   | 0.947        |
|    learning_rate        | 0.00012      |
|    loss                 | 10.9         |
|    n_updates            | 300          |
|    policy_gradient_loss | -0.00641     |
|    value_loss           | 33.1         |
------------------------------------------
------------------------------------------
| rollout/                |              |
|    ep_len_mean          | 244          |
|    ep_rew_mean          | -28.5        |
| time/                   |              |
|    fps                  | 346          |
|    iterations           | 32           |
|    time_elapsed         | 189          |
|    total_timesteps      | 65536        |
| train/                  |              |
|    approx_kl            | 0.0037670382 |
|    clip_fraction        | 0.179        |
|    clip_range           | 0.1          |
|    entropy_loss         | -1.2         |
|    explained_variance   | 0.914        |
|    learning_rate        | 0.00012      |
|    loss                 | 15.7         |
|    n_updates            | 310          |
|    policy_gradient_loss | -0.00723     |
|    value_loss           | 48           |
------------------------------------------
-----------------------------------------
| rollout/                |             |
|    ep_len_mean          | 262         |
|    ep_rew_mean          | -25.7       |
| time/                   |             |
|    fps                  | 346         |
|    iterations           | 33          |
|    time_elapsed         | 194         |
|    total_timesteps      | 67584       |
| train/                  |             |
|    approx_kl            | 0.005362064 |
|    clip_fraction        | 0.169       |
|    clip_range           | 0.1         |
|    entropy_loss         | -1.17       |
|    explained_variance   | 0.943       |
|    learning_rate        | 0.00012     |
|    loss                 | 11          |
|    n_updates            | 320         |
|    policy_gradient_loss | -0.00722    |
|    value_loss           | 26.6        |
-----------------------------------------
------------------------------------------
| rollout/                |              |
|    ep_len_mean          | 271          |
|    ep_rew_mean          | -24.1        |
| time/                   |              |
|    fps                  | 347          |
|    iterations           | 34           |
|    time_elapsed         | 200          |
|    total_timesteps      | 69632        |
| train/                  |              |
|    approx_kl            | 0.0057992106 |
|    clip_fraction        | 0.188        |
|    clip_range           | 0.1          |
|    entropy_loss         | -1.17        |
|    explained_variance   | 0.95         |
|    learning_rate        | 0.00012      |
|    loss                 | 3.27         |
|    n_updates            | 330          |
|    policy_gradient_loss | -0.00568     |
|    value_loss           | 22.1         |
------------------------------------------
------------------------------------------
| rollout/                |              |
|    ep_len_mean          | 281          |
|    ep_rew_mean          | -17.7        |
| time/                   |              |
|    fps                  | 347          |
|    iterations           | 35           |
|    time_elapsed         | 206          |
|    total_timesteps      | 71680        |
| train/                  |              |
|    approx_kl            | 0.0037667062 |
|    clip_fraction        | 0.178        |
|    clip_range           | 0.1          |
|    entropy_loss         | -1.18        |
|    explained_variance   | 0.945        |
|    learning_rate        | 0.00012      |
|    loss                 | 5.67         |
|    n_updates            | 340          |
|    policy_gradient_loss | -0.00716     |
|    value_loss           | 19.4         |
------------------------------------------
-----------------------------------------
| rollout/                |             |
|    ep_len_mean          | 292         |
|    ep_rew_mean          | -14.8       |
| time/                   |             |
|    fps                  | 347         |
|    iterations           | 36          |
|    time_elapsed         | 212         |
|    total_timesteps      | 73728       |
| train/                  |             |
|    approx_kl            | 0.006230385 |
|    clip_fraction        | 0.114       |
|    clip_range           | 0.1         |
|    entropy_loss         | -1.12       |
|    explained_variance   | 0.938       |
|    learning_rate        | 0.00012     |
|    loss                 | 10.3        |
|    n_updates            | 350         |
|    policy_gradient_loss | -0.00294    |
|    value_loss           | 34.5        |
-----------------------------------------
----------------------------------------
| rollout/                |            |
|    ep_len_mean          | 311        |
|    ep_rew_mean          | -12        |
| time/                   |            |
|    fps                  | 347        |
|    iterations           | 37         |
|    time_elapsed         | 218        |
|    total_timesteps      | 75776      |
| train/                  |            |
|    approx_kl            | 0.00389572 |
|    clip_fraction        | 0.169      |
|    clip_range           | 0.1        |
|    entropy_loss         | -1.13      |
|    explained_variance   | 0.938      |
|    learning_rate        | 0.00012    |
|    loss                 | 6          |
|    n_updates            | 360        |
|    policy_gradient_loss | -0.00394   |
|    value_loss           | 22.4       |
----------------------------------------
------------------------------------------
| rollout/                |              |
|    ep_len_mean          | 326          |
|    ep_rew_mean          | -14.1        |
| time/                   |              |
|    fps                  | 347          |
|    iterations           | 38           |
|    time_elapsed         | 224          |
|    total_timesteps      | 77824        |
| train/                  |              |
|    approx_kl            | 0.0025831023 |
|    clip_fraction        | 0.132        |
|    clip_range           | 0.1          |
|    entropy_loss         | -1.12        |
|    explained_variance   | 0.949        |
|    learning_rate        | 0.00012      |
|    loss                 | 6.8          |
|    n_updates            | 370          |
|    policy_gradient_loss | -0.00547     |
|    value_loss           | 21           |
------------------------------------------
------------------------------------------
| rollout/                |              |
|    ep_len_mean          | 344          |
|    ep_rew_mean          | -11.9        |
| time/                   |              |
|    fps                  | 347          |
|    iterations           | 39           |
|    time_elapsed         | 229          |
|    total_timesteps      | 79872        |
| train/                  |              |
|    approx_kl            | 0.0034253746 |
|    clip_fraction        | 0.152        |
|    clip_range           | 0.1          |
|    entropy_loss         | -1.1         |
|    explained_variance   | 0.862        |
|    learning_rate        | 0.00012      |
|    loss                 | 16.8         |
|    n_updates            | 380          |
|    policy_gradient_loss | -0.00645     |
|    value_loss           | 55.3         |
------------------------------------------
Eval num_timesteps=80000, episode_reward=20.23 +/- 136.49
Episode length: 682.60 +/- 208.21
------------------------------------------
| eval/                   |              |
|    mean_ep_length       | 683          |
|    mean_reward          | 20.2         |
| time/                   |              |
|    total_timesteps      | 80000        |
| train/                  |              |
|    approx_kl            | 0.0018993942 |
|    clip_fraction        | 0.106        |
|    clip_range           | 0.1          |
|    entropy_loss         | -0.993       |
|    explained_variance   | 0.909        |
|    learning_rate        | 0.00012      |
|    loss                 | 2.45         |
|    n_updates            | 390          |
|    policy_gradient_loss | -0.00351     |
|    value_loss           | 15           |
------------------------------------------
New best mean reward!
---------------------------------
| rollout/           |          |
|    ep_len_mean     | 358      |
|    ep_rew_mean     | -12.6    |
| time/              |          |
|    fps             | 341      |
|    iterations      | 40       |
|    time_elapsed    | 239      |
|    total_timesteps | 81920    |
---------------------------------
------------------------------------------
| rollout/                |              |
|    ep_len_mean          | 364          |
|    ep_rew_mean          | -12.9        |
| time/                   |              |
|    fps                  | 341          |
|    iterations           | 41           |
|    time_elapsed         | 245          |
|    total_timesteps      | 83968        |
| train/                  |              |
|    approx_kl            | 0.0028243992 |
|    clip_fraction        | 0.126        |
|    clip_range           | 0.1          |
|    entropy_loss         | -1.02        |
|    explained_variance   | 0.918        |
|    learning_rate        | 0.00012      |
|    loss                 | 9.45         |
|    n_updates            | 400          |
|    policy_gradient_loss | -0.00617     |
|    value_loss           | 32.1         |
------------------------------------------
-----------------------------------------
| rollout/                |             |
|    ep_len_mean          | 369         |
|    ep_rew_mean          | -12         |
| time/                   |             |
|    fps                  | 341         |
|    iterations           | 42          |
|    time_elapsed         | 251         |
|    total_timesteps      | 86016       |
| train/                  |             |
|    approx_kl            | 0.002006064 |
|    clip_fraction        | 0.0718      |
|    clip_range           | 0.1         |
|    entropy_loss         | -1.03       |
|    explained_variance   | 0.858       |
|    learning_rate        | 0.00012     |
|    loss                 | 15.4        |
|    n_updates            | 410         |
|    policy_gradient_loss | -0.00343    |
|    value_loss           | 69.5        |
-----------------------------------------
------------------------------------------
| rollout/                |              |
|    ep_len_mean          | 382          |
|    ep_rew_mean          | -9.65        |
| time/                   |              |
|    fps                  | 342          |
|    iterations           | 43           |
|    time_elapsed         | 257          |
|    total_timesteps      | 88064        |
| train/                  |              |
|    approx_kl            | 0.0068224417 |
|    clip_fraction        | 0.107        |
|    clip_range           | 0.1          |
|    entropy_loss         | -1.01        |
|    explained_variance   | 0.97         |
|    learning_rate        | 0.00012      |
|    loss                 | 10.5         |
|    n_updates            | 420          |
|    policy_gradient_loss | -0.00404     |
|    value_loss           | 27           |
------------------------------------------
-----------------------------------------
| rollout/                |             |
|    ep_len_mean          | 394         |
|    ep_rew_mean          | -3.92       |
| time/                   |             |
|    fps                  | 342         |
|    iterations           | 44          |
|    time_elapsed         | 263         |
|    total_timesteps      | 90112       |
| train/                  |             |
|    approx_kl            | 0.004405841 |
|    clip_fraction        | 0.149       |
|    clip_range           | 0.1         |
|    entropy_loss         | -0.99       |
|    explained_variance   | 0.957       |
|    learning_rate        | 0.00012     |
|    loss                 | 13.8        |
|    n_updates            | 430         |
|    policy_gradient_loss | -0.00373    |
|    value_loss           | 29.7        |
-----------------------------------------
-----------------------------------------
| rollout/                |             |
|    ep_len_mean          | 407         |
|    ep_rew_mean          | 0.767       |
| time/                   |             |
|    fps                  | 342         |
|    iterations           | 45          |
|    time_elapsed         | 268         |
|    total_timesteps      | 92160       |
| train/                  |             |
|    approx_kl            | 0.009310237 |
|    clip_fraction        | 0.11        |
|    clip_range           | 0.1         |
|    entropy_loss         | -0.906      |
|    explained_variance   | 0.901       |
|    learning_rate        | 0.00012     |
|    loss                 | 4.11        |
|    n_updates            | 440         |
|    policy_gradient_loss | -0.00684    |
|    value_loss           | 109         |
-----------------------------------------
------------------------------------------
| rollout/                |              |
|    ep_len_mean          | 419          |
|    ep_rew_mean          | 6.54         |
| time/                   |              |
|    fps                  | 343          |
|    iterations           | 46           |
|    time_elapsed         | 274          |
|    total_timesteps      | 94208        |
| train/                  |              |
|    approx_kl            | 0.0026836873 |
|    clip_fraction        | 0.0918       |
|    clip_range           | 0.1          |
|    entropy_loss         | -0.883       |
|    explained_variance   | 0.921        |
|    learning_rate        | 0.00012      |
|    loss                 | 51.7         |
|    n_updates            | 450          |
|    policy_gradient_loss | -0.00183     |
|    value_loss           | 75.5         |
------------------------------------------
------------------------------------------
| rollout/                |              |
|    ep_len_mean          | 423          |
|    ep_rew_mean          | 9.32         |
| time/                   |              |
|    fps                  | 343          |
|    iterations           | 47           |
|    time_elapsed         | 279          |
|    total_timesteps      | 96256        |
| train/                  |              |
|    approx_kl            | 0.0016272753 |
|    clip_fraction        | 0.0966       |
|    clip_range           | 0.1          |
|    entropy_loss         | -0.836       |
|    explained_variance   | 0.851        |
|    learning_rate        | 0.00012      |
|    loss                 | 238          |
|    n_updates            | 460          |
|    policy_gradient_loss | -0.00211     |
|    value_loss           | 169          |
------------------------------------------
------------------------------------------
| rollout/                |              |
|    ep_len_mean          | 441          |
|    ep_rew_mean          | 17.6         |
| time/                   |              |
|    fps                  | 344          |
|    iterations           | 48           |
|    time_elapsed         | 285          |
|    total_timesteps      | 98304        |
| train/                  |              |
|    approx_kl            | 0.0022102431 |
|    clip_fraction        | 0.11         |
|    clip_range           | 0.1          |
|    entropy_loss         | -0.889       |
|    explained_variance   | 0.891        |
|    learning_rate        | 0.00012      |
|    loss                 | 19.7         |
|    n_updates            | 470          |
|    policy_gradient_loss | -0.00327     |
|    value_loss           | 102          |
------------------------------------------
Eval num_timesteps=100000, episode_reward=113.40 +/- 116.21
Episode length: 631.80 +/- 52.74
-----------------------------------------
| eval/                   |             |
|    mean_ep_length       | 632         |
|    mean_reward          | 113         |
| time/                   |             |
|    total_timesteps      | 100000      |
| train/                  |             |
|    approx_kl            | 0.013518338 |
|    clip_fraction        | 0.268       |
|    clip_range           | 0.1         |
|    entropy_loss         | -0.81       |
|    explained_variance   | 0.844       |
|    learning_rate        | 0.00012     |
|    loss                 | 9.74        |
|    n_updates            | 480         |
|    policy_gradient_loss | -0.00866    |
|    value_loss           | 133         |
-----------------------------------------
New best mean reward!
---------------------------------
| rollout/           |          |
|    ep_len_mean     | 453      |
|    ep_rew_mean     | 21.6     |
| time/              |          |
|    fps             | 340      |
|    iterations      | 49       |
|    time_elapsed    | 294      |
|    total_timesteps | 100352   |
---------------------------------
------------------------------------------
| rollout/                |              |
|    ep_len_mean          | 462          |
|    ep_rew_mean          | 24.6         |
| time/                   |              |
|    fps                  | 340          |
|    iterations           | 50           |
|    time_elapsed         | 300          |
|    total_timesteps      | 102400       |
| train/                  |              |
|    approx_kl            | 0.0028126638 |
|    clip_fraction        | 0.0657       |
|    clip_range           | 0.1          |
|    entropy_loss         | -0.668       |
|    explained_variance   | 0.895        |
|    learning_rate        | 0.00012      |
|    loss                 | 9.44         |
|    n_updates            | 490          |
|    policy_gradient_loss | -0.00371     |
|    value_loss           | 71.8         |
------------------------------------------
-----------------------------------------
| rollout/                |             |
|    ep_len_mean          | 463         |
|    ep_rew_mean          | 28.7        |
| time/                   |             |
|    fps                  | 341         |
|    iterations           | 51          |
|    time_elapsed         | 305         |
|    total_timesteps      | 104448      |
| train/                  |             |
|    approx_kl            | 0.003393279 |
|    clip_fraction        | 0.111       |
|    clip_range           | 0.1         |
|    entropy_loss         | -0.945      |
|    explained_variance   | 0.847       |
|    learning_rate        | 0.00012     |
|    loss                 | 85.4        |
|    n_updates            | 500         |
|    policy_gradient_loss | -0.00489    |
|    value_loss           | 134         |
-----------------------------------------
-----------------------------------------
| rollout/                |             |
|    ep_len_mean          | 474         |
|    ep_rew_mean          | 34          |
| time/                   |             |
|    fps                  | 341         |
|    iterations           | 52          |
|    time_elapsed         | 311         |
|    total_timesteps      | 106496      |
| train/                  |             |
|    approx_kl            | 0.002930561 |
|    clip_fraction        | 0.0846      |
|    clip_range           | 0.1         |
|    entropy_loss         | -0.904      |
|    explained_variance   | 0.792       |
|    learning_rate        | 0.00012     |
|    loss                 | 41          |
|    n_updates            | 510         |
|    policy_gradient_loss | -0.00436    |
|    value_loss           | 139         |
-----------------------------------------
-----------------------------------------
| rollout/                |             |
|    ep_len_mean          | 467         |
|    ep_rew_mean          | 44.4        |
| time/                   |             |
|    fps                  | 342         |
|    iterations           | 53          |
|    time_elapsed         | 317         |
|    total_timesteps      | 108544      |
| train/                  |             |
|    approx_kl            | 0.004034452 |
|    clip_fraction        | 0.121       |
|    clip_range           | 0.1         |
|    entropy_loss         | -0.848      |
|    explained_variance   | 0.823       |
|    learning_rate        | 0.00012     |
|    loss                 | 205         |
|    n_updates            | 520         |
|    policy_gradient_loss | -0.00563    |
|    value_loss           | 123         |
-----------------------------------------
------------------------------------------
| rollout/                |              |
|    ep_len_mean          | 453          |
|    ep_rew_mean          | 54.8         |
| time/                   |              |
|    fps                  | 342          |
|    iterations           | 54           |
|    time_elapsed         | 322          |
|    total_timesteps      | 110592       |
| train/                  |              |
|    approx_kl            | 0.0033308293 |
|    clip_fraction        | 0.0551       |
|    clip_range           | 0.1          |
|    entropy_loss         | -0.769       |
|    explained_variance   | 0.635        |
|    learning_rate        | 0.00012      |
|    loss                 | 26           |
|    n_updates            | 530          |
|    policy_gradient_loss | -0.00338     |
|    value_loss           | 166          |
------------------------------------------
-----------------------------------------
| rollout/                |             |
|    ep_len_mean          | 439         |
|    ep_rew_mean          | 61.5        |
| time/                   |             |
|    fps                  | 343         |
|    iterations           | 55          |
|    time_elapsed         | 328         |
|    total_timesteps      | 112640      |
| train/                  |             |
|    approx_kl            | 0.003601754 |
|    clip_fraction        | 0.139       |
|    clip_range           | 0.1         |
|    entropy_loss         | -0.849      |
|    explained_variance   | 0.653       |
|    learning_rate        | 0.00012     |
|    loss                 | 154         |
|    n_updates            | 540         |
|    policy_gradient_loss | -0.00194    |
|    value_loss           | 163         |
-----------------------------------------
------------------------------------------
| rollout/                |              |
|    ep_len_mean          | 431          |
|    ep_rew_mean          | 72           |
| time/                   |              |
|    fps                  | 343          |
|    iterations           | 56           |
|    time_elapsed         | 333          |
|    total_timesteps      | 114688       |
| train/                  |              |
|    approx_kl            | 0.0018045099 |
|    clip_fraction        | 0.0542       |
|    clip_range           | 0.1          |
|    entropy_loss         | -0.863       |
|    explained_variance   | 0.737        |
|    learning_rate        | 0.00012      |
|    loss                 | 68.2         |
|    n_updates            | 550          |
|    policy_gradient_loss | -0.00231     |
|    value_loss           | 132          |
------------------------------------------
------------------------------------------
| rollout/                |              |
|    ep_len_mean          | 415          |
|    ep_rew_mean          | 78.7         |
| time/                   |              |
|    fps                  | 343          |
|    iterations           | 57           |
|    time_elapsed         | 339          |
|    total_timesteps      | 116736       |
| train/                  |              |
|    approx_kl            | 0.0020605726 |
|    clip_fraction        | 0.0798       |
|    clip_range           | 0.1          |
|    entropy_loss         | -0.833       |
|    explained_variance   | 0.672        |
|    learning_rate        | 0.00012      |
|    loss                 | 60.7         |
|    n_updates            | 560          |
|    policy_gradient_loss | -0.0024      |
|    value_loss           | 124          |
------------------------------------------
------------------------------------------
| rollout/                |              |
|    ep_len_mean          | 414          |
|    ep_rew_mean          | 86.9         |
| time/                   |              |
|    fps                  | 343          |
|    iterations           | 58           |
|    time_elapsed         | 345          |
|    total_timesteps      | 118784       |
| train/                  |              |
|    approx_kl            | 0.0018243047 |
|    clip_fraction        | 0.0922       |
|    clip_range           | 0.1          |
|    entropy_loss         | -0.86        |
|    explained_variance   | 0.637        |
|    learning_rate        | 0.00012      |
|    loss                 | 71.9         |
|    n_updates            | 570          |
|    policy_gradient_loss | -0.00238     |
|    value_loss           | 156          |
------------------------------------------
Eval num_timesteps=120000, episode_reward=118.17 +/- 89.48
Episode length: 830.80 +/- 41.26
------------------------------------------
| eval/                   |              |
|    mean_ep_length       | 831          |
|    mean_reward          | 118          |
| time/                   |              |
|    total_timesteps      | 120000       |
| train/                  |              |
|    approx_kl            | 0.0020982781 |
|    clip_fraction        | 0.106        |
|    clip_range           | 0.1          |
|    entropy_loss         | -0.721       |
|    explained_variance   | 0.657        |
|    learning_rate        | 0.00012      |
|    loss                 | 135          |
|    n_updates            | 580          |
|    policy_gradient_loss | -0.00374     |
|    value_loss           | 151          |
------------------------------------------
New best mean reward!
---------------------------------
| rollout/           |          |
|    ep_len_mean     | 404      |
|    ep_rew_mean     | 100      |
| time/              |          |
|    fps             | 339      |
|    iterations      | 59       |
|    time_elapsed    | 356      |
|    total_timesteps | 120832   |
---------------------------------
------------------------------------------
| rollout/                |              |
|    ep_len_mean          | 404          |
|    ep_rew_mean          | 108          |
| time/                   |              |
|    fps                  | 339          |
|    iterations           | 60           |
|    time_elapsed         | 362          |
|    total_timesteps      | 122880       |
| train/                  |              |
|    approx_kl            | 0.0012991675 |
|    clip_fraction        | 0.0536       |
|    clip_range           | 0.1          |
|    entropy_loss         | -0.753       |
|    explained_variance   | 0.738        |
|    learning_rate        | 0.00012      |
|    loss                 | 26.7         |
|    n_updates            | 590          |
|    policy_gradient_loss | -0.00162     |
|    value_loss           | 86.6         |
------------------------------------------
------------------------------------------
| rollout/                |              |
|    ep_len_mean          | 409          |
|    ep_rew_mean          | 121          |
| time/                   |              |
|    fps                  | 339          |
|    iterations           | 61           |
|    time_elapsed         | 368          |
|    total_timesteps      | 124928       |
| train/                  |              |
|    approx_kl            | 0.0021803982 |
|    clip_fraction        | 0.0519       |
|    clip_range           | 0.1          |
|    entropy_loss         | -0.843       |
|    explained_variance   | 0.815        |
|    learning_rate        | 0.00012      |
|    loss                 | 64.3         |
|    n_updates            | 600          |
|    policy_gradient_loss | -0.000758    |
|    value_loss           | 125          |
------------------------------------------
------------------------------------------
| rollout/                |              |
|    ep_len_mean          | 397          |
|    ep_rew_mean          | 129          |
| time/                   |              |
|    fps                  | 339          |
|    iterations           | 62           |
|    time_elapsed         | 373          |
|    total_timesteps      | 126976       |
| train/                  |              |
|    approx_kl            | 0.0014122725 |
|    clip_fraction        | 0.049        |
|    clip_range           | 0.1          |
|    entropy_loss         | -0.845       |
|    explained_variance   | 0.706        |
|    learning_rate        | 0.00012      |
|    loss                 | 47.4         |
|    n_updates            | 610          |
|    policy_gradient_loss | -0.00176     |
|    value_loss           | 94.5         |
------------------------------------------
-----------------------------------------
| rollout/                |             |
|    ep_len_mean          | 399         |
|    ep_rew_mean          | 140         |
| time/                   |             |
|    fps                  | 339         |
|    iterations           | 63          |
|    time_elapsed         | 379         |
|    total_timesteps      | 129024      |
| train/                  |             |
|    approx_kl            | 0.001851829 |
|    clip_fraction        | 0.0625      |
|    clip_range           | 0.1         |
|    entropy_loss         | -0.826      |
|    explained_variance   | 0.655       |
|    learning_rate        | 0.00012     |
|    loss                 | 44          |
|    n_updates            | 620         |
|    policy_gradient_loss | -0.00309    |
|    value_loss           | 166         |
-----------------------------------------
------------------------------------------
| rollout/                |              |
|    ep_len_mean          | 376          |
|    ep_rew_mean          | 138          |
| time/                   |              |
|    fps                  | 339          |
|    iterations           | 64           |
|    time_elapsed         | 385          |
|    total_timesteps      | 131072       |
| train/                  |              |
|    approx_kl            | 0.0010943576 |
|    clip_fraction        | 0.0599       |
|    clip_range           | 0.1          |
|    entropy_loss         | -0.751       |
|    explained_variance   | 0.75         |
|    learning_rate        | 0.00012      |
|    loss                 | 98.4         |
|    n_updates            | 630          |
|    policy_gradient_loss | -0.00154     |
|    value_loss           | 101          |
------------------------------------------
------------------------------------------
| rollout/                |              |
|    ep_len_mean          | 353          |
|    ep_rew_mean          | 142          |
| time/                   |              |
|    fps                  | 339          |
|    iterations           | 65           |
|    time_elapsed         | 391          |
|    total_timesteps      | 133120       |
| train/                  |              |
|    approx_kl            | 0.0022112832 |
|    clip_fraction        | 0.0608       |
|    clip_range           | 0.1          |
|    entropy_loss         | -0.861       |
|    explained_variance   | 0.775        |
|    learning_rate        | 0.00012      |
|    loss                 | 23.2         |
|    n_updates            | 640          |
|    policy_gradient_loss | -0.00252     |
|    value_loss           | 149          |
------------------------------------------
------------------------------------------
| rollout/                |              |
|    ep_len_mean          | 344          |
|    ep_rew_mean          | 145          |
| time/                   |              |
|    fps                  | 339          |
|    iterations           | 66           |
|    time_elapsed         | 397          |
|    total_timesteps      | 135168       |
| train/                  |              |
|    approx_kl            | 0.0021641664 |
|    clip_fraction        | 0.0737       |
|    clip_range           | 0.1          |
|    entropy_loss         | -0.821       |
|    explained_variance   | 0.757        |
|    learning_rate        | 0.00012      |
|    loss                 | 53.1         |
|    n_updates            | 650          |
|    policy_gradient_loss | -0.00191     |
|    value_loss           | 113          |
------------------------------------------
-----------------------------------------
| rollout/                |             |
|    ep_len_mean          | 343         |
|    ep_rew_mean          | 151         |
| time/                   |             |
|    fps                  | 339         |
|    iterations           | 67          |
|    time_elapsed         | 403         |
|    total_timesteps      | 137216      |
| train/                  |             |
|    approx_kl            | 0.002974027 |
|    clip_fraction        | 0.0988      |
|    clip_range           | 0.1         |
|    entropy_loss         | -0.779      |
|    explained_variance   | 0.708       |
|    learning_rate        | 0.00012     |
|    loss                 | 52.5        |
|    n_updates            | 660         |
|    policy_gradient_loss | -0.0029     |
|    value_loss           | 127         |
-----------------------------------------
------------------------------------------
| rollout/                |              |
|    ep_len_mean          | 343          |
|    ep_rew_mean          | 159          |
| time/                   |              |
|    fps                  | 339          |
|    iterations           | 68           |
|    time_elapsed         | 409          |
|    total_timesteps      | 139264       |
| train/                  |              |
|    approx_kl            | 0.0014046893 |
|    clip_fraction        | 0.0859       |
|    clip_range           | 0.1          |
|    entropy_loss         | -0.844       |
|    explained_variance   | 0.798        |
|    learning_rate        | 0.00012      |
|    loss                 | 24.8         |
|    n_updates            | 670          |
|    policy_gradient_loss | -0.000747    |
|    value_loss           | 89.2         |
------------------------------------------
Eval num_timesteps=140000, episode_reward=115.07 +/- 56.57
Episode length: 790.80 +/- 160.78
-----------------------------------------
| eval/                   |             |
|    mean_ep_length       | 791         |
|    mean_reward          | 115         |
| time/                   |             |
|    total_timesteps      | 140000      |
| train/                  |             |
|    approx_kl            | 0.002381407 |
|    clip_fraction        | 0.0754      |
|    clip_range           | 0.1         |
|    entropy_loss         | -0.858      |
|    explained_variance   | 0.674       |
|    learning_rate        | 0.00012     |
|    loss                 | 13.1        |
|    n_updates            | 680         |
|    policy_gradient_loss | -0.00301    |
|    value_loss           | 153         |
-----------------------------------------
---------------------------------
| rollout/           |          |
|    ep_len_mean     | 338      |
|    ep_rew_mean     | 162      |
| time/              |          |
|    fps             | 336      |
|    iterations      | 69       |
|    time_elapsed    | 419      |
|    total_timesteps | 141312   |
---------------------------------
------------------------------------------
| rollout/                |              |
|    ep_len_mean          | 334          |
|    ep_rew_mean          | 165          |
| time/                   |              |
|    fps                  | 336          |
|    iterations           | 70           |
|    time_elapsed         | 425          |
|    total_timesteps      | 143360       |
| train/                  |              |
|    approx_kl            | 0.0020893775 |
|    clip_fraction        | 0.0712       |
|    clip_range           | 0.1          |
|    entropy_loss         | -0.762       |
|    explained_variance   | 0.721        |
|    learning_rate        | 0.00012      |
|    loss                 | 30.5         |
|    n_updates            | 690          |
|    policy_gradient_loss | -0.00172     |
|    value_loss           | 72.5         |
------------------------------------------
------------------------------------------
| rollout/                |              |
|    ep_len_mean          | 335          |
|    ep_rew_mean          | 171          |
| time/                   |              |
|    fps                  | 336          |
|    iterations           | 71           |
|    time_elapsed         | 431          |
|    total_timesteps      | 145408       |
| train/                  |              |
|    approx_kl            | 0.0025849976 |
|    clip_fraction        | 0.0815       |
|    clip_range           | 0.1          |
|    entropy_loss         | -0.801       |
|    explained_variance   | 0.748        |
|    learning_rate        | 0.00012      |
|    loss                 | 12.7         |
|    n_updates            | 700          |
|    policy_gradient_loss | -0.00245     |
|    value_loss           | 56.9         |
------------------------------------------
------------------------------------------
| rollout/                |              |
|    ep_len_mean          | 331          |
|    ep_rew_mean          | 168          |
| time/                   |              |
|    fps                  | 336          |
|    iterations           | 72           |
|    time_elapsed         | 437          |
|    total_timesteps      | 147456       |
| train/                  |              |
|    approx_kl            | 0.0018034935 |
|    clip_fraction        | 0.0583       |
|    clip_range           | 0.1          |
|    entropy_loss         | -0.644       |
|    explained_variance   | 0.84         |
|    learning_rate        | 0.00012      |
|    loss                 | 44.7         |
|    n_updates            | 710          |
|    policy_gradient_loss | -0.00248     |
|    value_loss           | 71.5         |
------------------------------------------
-----------------------------------------
| rollout/                |             |
|    ep_len_mean          | 331         |
|    ep_rew_mean          | 173         |
| time/                   |             |
|    fps                  | 336         |
|    iterations           | 73          |
|    time_elapsed         | 443         |
|    total_timesteps      | 149504      |
| train/                  |             |
|    approx_kl            | 0.001367151 |
|    clip_fraction        | 0.0537      |
|    clip_range           | 0.1         |
|    entropy_loss         | -0.812      |
|    explained_variance   | 0.721       |
|    learning_rate        | 0.00012     |
|    loss                 | 75.5        |
|    n_updates            | 720         |
|    policy_gradient_loss | -0.00229    |
|    value_loss           | 112         |
-----------------------------------------
-----------------------------------------
| rollout/                |             |
|    ep_len_mean          | 322         |
|    ep_rew_mean          | 167         |
| time/                   |             |
|    fps                  | 337         |
|    iterations           | 74          |
|    time_elapsed         | 449         |
|    total_timesteps      | 151552      |
| train/                  |             |
|    approx_kl            | 0.002407522 |
|    clip_fraction        | 0.0844      |
|    clip_range           | 0.1         |
|    entropy_loss         | -0.798      |
|    explained_variance   | 0.823       |
|    learning_rate        | 0.00012     |
|    loss                 | 69          |
|    n_updates            | 730         |
|    policy_gradient_loss | -0.00258    |
|    value_loss           | 90.2        |
-----------------------------------------
------------------------------------------
| rollout/                |              |
|    ep_len_mean          | 312          |
|    ep_rew_mean          | 166          |
| time/                   |              |
|    fps                  | 337          |
|    iterations           | 75           |
|    time_elapsed         | 455          |
|    total_timesteps      | 153600       |
| train/                  |              |
|    approx_kl            | 0.0014084651 |
|    clip_fraction        | 0.0545       |
|    clip_range           | 0.1          |
|    entropy_loss         | -0.813       |
|    explained_variance   | 0.651        |
|    learning_rate        | 0.00012      |
|    loss                 | 79.1         |
|    n_updates            | 740          |
|    policy_gradient_loss | -0.00142     |
|    value_loss           | 142          |
------------------------------------------
-------------------------------------------
| rollout/                |               |
|    ep_len_mean          | 309           |
|    ep_rew_mean          | 169           |
| time/                   |               |
|    fps                  | 337           |
|    iterations           | 76            |
|    time_elapsed         | 461           |
|    total_timesteps      | 155648        |
| train/                  |               |
|    approx_kl            | 0.00091194594 |
|    clip_fraction        | 0.0426        |
|    clip_range           | 0.1           |
|    entropy_loss         | -0.76         |
|    explained_variance   | 0.739         |
|    learning_rate        | 0.00012       |
|    loss                 | 47.8          |
|    n_updates            | 750           |
|    policy_gradient_loss | -0.00344      |
|    value_loss           | 140           |
-------------------------------------------
------------------------------------------
| rollout/                |              |
|    ep_len_mean          | 313          |
|    ep_rew_mean          | 173          |
| time/                   |              |
|    fps                  | 337          |
|    iterations           | 77           |
|    time_elapsed         | 467          |
|    total_timesteps      | 157696       |
| train/                  |              |
|    approx_kl            | 0.0020946832 |
|    clip_fraction        | 0.0836       |
|    clip_range           | 0.1          |
|    entropy_loss         | -0.682       |
|    explained_variance   | 0.911        |
|    learning_rate        | 0.00012      |
|    loss                 | 20.1         |
|    n_updates            | 760          |
|    policy_gradient_loss | -0.0021      |
|    value_loss           | 50.4         |
------------------------------------------
------------------------------------------
| rollout/                |              |
|    ep_len_mean          | 308          |
|    ep_rew_mean          | 174          |
| time/                   |              |
|    fps                  | 337          |
|    iterations           | 78           |
|    time_elapsed         | 473          |
|    total_timesteps      | 159744       |
| train/                  |              |
|    approx_kl            | 0.0016533796 |
|    clip_fraction        | 0.0443       |
|    clip_range           | 0.1          |
|    entropy_loss         | -0.722       |
|    explained_variance   | 0.679        |
|    learning_rate        | 0.00012      |
|    loss                 | 69.5         |
|    n_updates            | 770          |
|    policy_gradient_loss | -0.00239     |
|    value_loss           | 150          |
------------------------------------------
Eval num_timesteps=160000, episode_reward=205.23 +/- 27.54
Episode length: 528.40 +/- 79.61
-----------------------------------------
| eval/                   |             |
|    mean_ep_length       | 528         |
|    mean_reward          | 205         |
| time/                   |             |
|    total_timesteps      | 160000      |
| train/                  |             |
|    approx_kl            | 0.001062197 |
|    clip_fraction        | 0.0449      |
|    clip_range           | 0.1         |
|    entropy_loss         | -0.754      |
|    explained_variance   | 0.777       |
|    learning_rate        | 0.00012     |
|    loss                 | 30.8        |
|    n_updates            | 780         |
|    policy_gradient_loss | -0.00227    |
|    value_loss           | 89.4        |
-----------------------------------------
New best mean reward!
---------------------------------
| rollout/           |          |
|    ep_len_mean     | 306      |
|    ep_rew_mean     | 180      |
| time/              |          |
|    fps             | 335      |
|    iterations      | 79       |
|    time_elapsed    | 482      |
|    total_timesteps | 161792   |
---------------------------------
-----------------------------------------
| rollout/                |             |
|    ep_len_mean          | 308         |
|    ep_rew_mean          | 184         |
| time/                   |             |
|    fps                  | 335         |
|    iterations           | 80          |
|    time_elapsed         | 488         |
|    total_timesteps      | 163840      |
| train/                  |             |
|    approx_kl            | 0.001147119 |
|    clip_fraction        | 0.0355      |
|    clip_range           | 0.1         |
|    entropy_loss         | -0.787      |
|    explained_variance   | 0.73        |
|    learning_rate        | 0.00012     |
|    loss                 | 7.62        |
|    n_updates            | 790         |
|    policy_gradient_loss | -0.000634   |
|    value_loss           | 130         |
-----------------------------------------
------------------------------------------
| rollout/                |              |
|    ep_len_mean          | 302          |
|    ep_rew_mean          | 184          |
| time/                   |              |
|    fps                  | 335          |
|    iterations           | 81           |
|    time_elapsed         | 494          |
|    total_timesteps      | 165888       |
| train/                  |              |
|    approx_kl            | 0.0024484876 |
|    clip_fraction        | 0.076        |
|    clip_range           | 0.1          |
|    entropy_loss         | -0.837       |
|    explained_variance   | 0.787        |
|    learning_rate        | 0.00012      |
|    loss                 | 39.5         |
|    n_updates            | 800          |
|    policy_gradient_loss | -0.00205     |
|    value_loss           | 92           |
------------------------------------------
-----------------------------------------
| rollout/                |             |
|    ep_len_mean          | 304         |
|    ep_rew_mean          | 190         |
| time/                   |             |
|    fps                  | 335         |
|    iterations           | 82          |
|    time_elapsed         | 499         |
|    total_timesteps      | 167936      |
| train/                  |             |
|    approx_kl            | 0.002061396 |
|    clip_fraction        | 0.084       |
|    clip_range           | 0.1         |
|    entropy_loss         | -0.728      |
|    explained_variance   | 0.768       |
|    learning_rate        | 0.00012     |
|    loss                 | 70.8        |
|    n_updates            | 810         |
|    policy_gradient_loss | -0.0022     |
|    value_loss           | 159         |
-----------------------------------------
------------------------------------------
| rollout/                |              |
|    ep_len_mean          | 302          |
|    ep_rew_mean          | 188          |
| time/                   |              |
|    fps                  | 336          |
|    iterations           | 83           |
|    time_elapsed         | 505          |
|    total_timesteps      | 169984       |
| train/                  |              |
|    approx_kl            | 0.0016581938 |
|    clip_fraction        | 0.0437       |
|    clip_range           | 0.1          |
|    entropy_loss         | -0.742       |
|    explained_variance   | 0.612        |
|    learning_rate        | 0.00012      |
|    loss                 | 18.2         |
|    n_updates            | 820          |
|    policy_gradient_loss | -0.00151     |
|    value_loss           | 173          |
------------------------------------------
------------------------------------------
| rollout/                |              |
|    ep_len_mean          | 301          |
|    ep_rew_mean          | 182          |
| time/                   |              |
|    fps                  | 336          |
|    iterations           | 84           |
|    time_elapsed         | 511          |
|    total_timesteps      | 172032       |
| train/                  |              |
|    approx_kl            | 0.0013011396 |
|    clip_fraction        | 0.0499       |
|    clip_range           | 0.1          |
|    entropy_loss         | -0.83        |
|    explained_variance   | 0.782        |
|    learning_rate        | 0.00012      |
|    loss                 | 26.8         |
|    n_updates            | 830          |
|    policy_gradient_loss | -0.0012      |
|    value_loss           | 149          |
------------------------------------------
-----------------------------------------
| rollout/                |             |
|    ep_len_mean          | 302         |
|    ep_rew_mean          | 179         |
| time/                   |             |
|    fps                  | 336         |
|    iterations           | 85          |
|    time_elapsed         | 517         |
|    total_timesteps      | 174080      |
| train/                  |             |
|    approx_kl            | 0.001015087 |
|    clip_fraction        | 0.0423      |
|    clip_range           | 0.1         |
|    entropy_loss         | -0.682      |
|    explained_variance   | 0.689       |
|    learning_rate        | 0.00012     |
|    loss                 | 28.5        |
|    n_updates            | 840         |
|    policy_gradient_loss | -0.00086    |
|    value_loss           | 159         |
-----------------------------------------
------------------------------------------
| rollout/                |              |
|    ep_len_mean          | 299          |
|    ep_rew_mean          | 178          |
| time/                   |              |
|    fps                  | 336          |
|    iterations           | 86           |
|    time_elapsed         | 523          |
|    total_timesteps      | 176128       |
| train/                  |              |
|    approx_kl            | 0.0019148842 |
|    clip_fraction        | 0.0463       |
|    clip_range           | 0.1          |
|    entropy_loss         | -0.718       |
|    explained_variance   | 0.766        |
|    learning_rate        | 0.00012      |
|    loss                 | 69.3         |
|    n_updates            | 850          |
|    policy_gradient_loss | -0.00146     |
|    value_loss           | 121          |
------------------------------------------
------------------------------------------
| rollout/                |              |
|    ep_len_mean          | 302          |
|    ep_rew_mean          | 177          |
| time/                   |              |
|    fps                  | 336          |
|    iterations           | 87           |
|    time_elapsed         | 529          |
|    total_timesteps      | 178176       |
| train/                  |              |
|    approx_kl            | 0.0013558501 |
|    clip_fraction        | 0.0496       |
|    clip_range           | 0.1          |
|    entropy_loss         | -0.781       |
|    explained_variance   | 0.793        |
|    learning_rate        | 0.00012      |
|    loss                 | 46.4         |
|    n_updates            | 860          |
|    policy_gradient_loss | -0.0024      |
|    value_loss           | 94.6         |
------------------------------------------
Eval num_timesteps=180000, episode_reward=167.11 +/- 101.99
Episode length: 571.80 +/- 186.24
------------------------------------------
| eval/                   |              |
|    mean_ep_length       | 572          |
|    mean_reward          | 167          |
| time/                   |              |
|    total_timesteps      | 180000       |
| train/                  |              |
|    approx_kl            | 0.0027325847 |
|    clip_fraction        | 0.0863       |
|    clip_range           | 0.1          |
|    entropy_loss         | -0.736       |
|    explained_variance   | 0.76         |
|    learning_rate        | 0.00012      |
|    loss                 | 50.4         |
|    n_updates            | 870          |
|    policy_gradient_loss | -0.00321     |
|    value_loss           | 106          |
------------------------------------------
---------------------------------
| rollout/           |          |
|    ep_len_mean     | 302      |
|    ep_rew_mean     | 180      |
| time/              |          |
|    fps             | 334      |
|    iterations      | 88       |
|    time_elapsed    | 538      |
|    total_timesteps | 180224   |
---------------------------------
------------------------------------------
| rollout/                |              |
|    ep_len_mean          | 304          |
|    ep_rew_mean          | 187          |
| time/                   |              |
|    fps                  | 335          |
|    iterations           | 89           |
|    time_elapsed         | 543          |
|    total_timesteps      | 182272       |
| train/                  |              |
|    approx_kl            | 0.0016260294 |
|    clip_fraction        | 0.0733       |
|    clip_range           | 0.1          |
|    entropy_loss         | -0.752       |
|    explained_variance   | 0.856        |
|    learning_rate        | 0.00012      |
|    loss                 | 12.3         |
|    n_updates            | 880          |
|    policy_gradient_loss | -0.00126     |
|    value_loss           | 65           |
------------------------------------------
------------------------------------------
| rollout/                |              |
|    ep_len_mean          | 305          |
|    ep_rew_mean          | 187          |
| time/                   |              |
|    fps                  | 335          |
|    iterations           | 90           |
|    time_elapsed         | 549          |
|    total_timesteps      | 184320       |
| train/                  |              |
|    approx_kl            | 0.0029986524 |
|    clip_fraction        | 0.105        |
|    clip_range           | 0.1          |
|    entropy_loss         | -0.828       |
|    explained_variance   | 0.822        |
|    learning_rate        | 0.00012      |
|    loss                 | 18.4         |
|    n_updates            | 890          |
|    policy_gradient_loss | -0.00188     |
|    value_loss           | 74.4         |
------------------------------------------
-----------------------------------------
| rollout/                |             |
|    ep_len_mean          | 301         |
|    ep_rew_mean          | 186         |
| time/                   |             |
|    fps                  | 335         |
|    iterations           | 91          |
|    time_elapsed         | 555         |
|    total_timesteps      | 186368      |
| train/                  |             |
|    approx_kl            | 0.001844962 |
|    clip_fraction        | 0.0744      |
|    clip_range           | 0.1         |
|    entropy_loss         | -0.813      |
|    explained_variance   | 0.797       |
|    learning_rate        | 0.00012     |
|    loss                 | 222         |
|    n_updates            | 900         |
|    policy_gradient_loss | -0.000809   |
|    value_loss           | 112         |
-----------------------------------------
------------------------------------------
| rollout/                |              |
|    ep_len_mean          | 299          |
|    ep_rew_mean          | 186          |
| time/                   |              |
|    fps                  | 336          |
|    iterations           | 92           |
|    time_elapsed         | 560          |
|    total_timesteps      | 188416       |
| train/                  |              |
|    approx_kl            | 0.0027740793 |
|    clip_fraction        | 0.12         |
|    clip_range           | 0.1          |
|    entropy_loss         | -0.765       |
|    explained_variance   | 0.883        |
|    learning_rate        | 0.00012      |
|    loss                 | 47.6         |
|    n_updates            | 910          |
|    policy_gradient_loss | -0.0018      |
|    value_loss           | 55.5         |
------------------------------------------
------------------------------------------
| rollout/                |              |
|    ep_len_mean          | 298          |
|    ep_rew_mean          | 186          |
| time/                   |              |
|    fps                  | 336          |
|    iterations           | 93           |
|    time_elapsed         | 566          |
|    total_timesteps      | 190464       |
| train/                  |              |
|    approx_kl            | 0.0011827311 |
|    clip_fraction        | 0.0538       |
|    clip_range           | 0.1          |
|    entropy_loss         | -0.79        |
|    explained_variance   | 0.777        |
|    learning_rate        | 0.00012      |
|    loss                 | 5.5          |
|    n_updates            | 920          |
|    policy_gradient_loss | -0.00066     |
|    value_loss           | 108          |
------------------------------------------
------------------------------------------
| rollout/                |              |
|    ep_len_mean          | 293          |
|    ep_rew_mean          | 184          |
| time/                   |              |
|    fps                  | 336          |
|    iterations           | 94           |
|    time_elapsed         | 571          |
|    total_timesteps      | 192512       |
| train/                  |              |
|    approx_kl            | 0.0015124845 |
|    clip_fraction        | 0.073        |
|    clip_range           | 0.1          |
|    entropy_loss         | -0.735       |
|    explained_variance   | 0.833        |
|    learning_rate        | 0.00012      |
|    loss                 | 32.1         |
|    n_updates            | 930          |
|    policy_gradient_loss | -0.00197     |
|    value_loss           | 65           |
------------------------------------------
-------------------------------------------
| rollout/                |               |
|    ep_len_mean          | 297           |
|    ep_rew_mean          | 189           |
| time/                   |               |
|    fps                  | 336           |
|    iterations           | 95            |
|    time_elapsed         | 577           |
|    total_timesteps      | 194560        |
| train/                  |               |
|    approx_kl            | 0.00083079946 |
|    clip_fraction        | 0.0312        |
|    clip_range           | 0.1           |
|    entropy_loss         | -0.802        |
|    explained_variance   | 0.768         |
|    learning_rate        | 0.00012       |
|    loss                 | 14.1          |
|    n_updates            | 940           |
|    policy_gradient_loss | -0.00162      |
|    value_loss           | 126           |
-------------------------------------------
-----------------------------------------
| rollout/                |             |
|    ep_len_mean          | 301         |
|    ep_rew_mean          | 191         |
| time/                   |             |
|    fps                  | 337         |
|    iterations           | 96          |
|    time_elapsed         | 582         |
|    total_timesteps      | 196608      |
| train/                  |             |
|    approx_kl            | 0.001183914 |
|    clip_fraction        | 0.0393      |
|    clip_range           | 0.1         |
|    entropy_loss         | -0.674      |
|    explained_variance   | 0.813       |
|    learning_rate        | 0.00012     |
|    loss                 | 28          |
|    n_updates            | 950         |
|    policy_gradient_loss | -0.001      |
|    value_loss           | 76.9        |
-----------------------------------------
------------------------------------------
| rollout/                |              |
|    ep_len_mean          | 299          |
|    ep_rew_mean          | 193          |
| time/                   |              |
|    fps                  | 337          |
|    iterations           | 97           |
|    time_elapsed         | 588          |
|    total_timesteps      | 198656       |
| train/                  |              |
|    approx_kl            | 0.0027639377 |
|    clip_fraction        | 0.0564       |
|    clip_range           | 0.1          |
|    entropy_loss         | -0.73        |
|    explained_variance   | 0.84         |
|    learning_rate        | 0.00012      |
|    loss                 | 10.8         |
|    n_updates            | 960          |
|    policy_gradient_loss | -0.00146     |
|    value_loss           | 74.3         |
------------------------------------------
Eval num_timesteps=200000, episode_reward=205.58 +/- 31.40
Episode length: 529.20 +/- 50.88
-------------------------------------------
| eval/                   |               |
|    mean_ep_length       | 529           |
|    mean_reward          | 206           |
| time/                   |               |
|    total_timesteps      | 200000        |
| train/                  |               |
|    approx_kl            | 0.00090178463 |
|    clip_fraction        | 0.0312        |
|    clip_range           | 0.1           |
|    entropy_loss         | -0.709        |
|    explained_variance   | 0.8           |
|    learning_rate        | 0.00012       |
|    loss                 | 12.1          |
|    n_updates            | 970           |
|    policy_gradient_loss | -0.00022      |
|    value_loss           | 113           |
-------------------------------------------
New best mean reward!
---------------------------------
| rollout/           |          |
|    ep_len_mean     | 307      |
|    ep_rew_mean     | 199      |
| time/              |          |
|    fps             | 336      |
|    iterations      | 98       |
|    time_elapsed    | 597      |
|    total_timesteps | 200704   |
---------------------------------
------------------------------------------
| rollout/                |              |
|    ep_len_mean          | 307          |
|    ep_rew_mean          | 206          |
| time/                   |              |
|    fps                  | 336          |
|    iterations           | 99           |
|    time_elapsed         | 602          |
|    total_timesteps      | 202752       |
| train/                  |              |
|    approx_kl            | 0.0014286926 |
|    clip_fraction        | 0.0465       |
|    clip_range           | 0.1          |
|    entropy_loss         | -0.685       |
|    explained_variance   | 0.852        |
|    learning_rate        | 0.00012      |
|    loss                 | 135          |
|    n_updates            | 980          |
|    policy_gradient_loss | -0.00104     |
|    value_loss           | 106          |
------------------------------------------
------------------------------------------
| rollout/                |              |
|    ep_len_mean          | 302          |
|    ep_rew_mean          | 206          |
| time/                   |              |
|    fps                  | 336          |
|    iterations           | 100          |
|    time_elapsed         | 608          |
|    total_timesteps      | 204800       |
| train/                  |              |
|    approx_kl            | 0.0015744753 |
|    clip_fraction        | 0.0472       |
|    clip_range           | 0.1          |
|    entropy_loss         | -0.677       |
|    explained_variance   | 0.883        |
|    learning_rate        | 0.00012      |
|    loss                 | 17.7         |
|    n_updates            | 990          |
|    policy_gradient_loss | -0.00102     |
|    value_loss           | 44.8         |
------------------------------------------
------------------------------------------
| rollout/                |              |
|    ep_len_mean          | 299          |
|    ep_rew_mean          | 204          |
| time/                   |              |
|    fps                  | 336          |
|    iterations           | 101          |
|    time_elapsed         | 614          |
|    total_timesteps      | 206848       |
| train/                  |              |
|    approx_kl            | 0.0016469827 |
|    clip_fraction        | 0.0661       |
|    clip_range           | 0.1          |
|    entropy_loss         | -0.808       |
|    explained_variance   | 0.796        |
|    learning_rate        | 0.00012      |
|    loss                 | 27.9         |
|    n_updates            | 1000         |
|    policy_gradient_loss | -0.002       |
|    value_loss           | 90.2         |
------------------------------------------
------------------------------------------
| rollout/                |              |
|    ep_len_mean          | 300          |
|    ep_rew_mean          | 201          |
| time/                   |              |
|    fps                  | 336          |
|    iterations           | 102          |
|    time_elapsed         | 620          |
|    total_timesteps      | 208896       |
| train/                  |              |
|    approx_kl            | 0.0011481901 |
|    clip_fraction        | 0.0489       |
|    clip_range           | 0.1          |
|    entropy_loss         | -0.719       |
|    explained_variance   | 0.863        |
|    learning_rate        | 0.00012      |
|    loss                 | 5.4          |
|    n_updates            | 1010         |
|    policy_gradient_loss | -0.000448    |
|    value_loss           | 93.9         |
------------------------------------------
------------------------------------------
| rollout/                |              |
|    ep_len_mean          | 295          |
|    ep_rew_mean          | 197          |
| time/                   |              |
|    fps                  | 336          |
|    iterations           | 103          |
|    time_elapsed         | 626          |
|    total_timesteps      | 210944       |
| train/                  |              |
|    approx_kl            | 0.0016188778 |
|    clip_fraction        | 0.0986       |
|    clip_range           | 0.1          |
|    entropy_loss         | -0.727       |
|    explained_variance   | 0.895        |
|    learning_rate        | 0.00012      |
|    loss                 | 67.5         |
|    n_updates            | 1020         |
|    policy_gradient_loss | -0.000935    |
|    value_loss           | 59.5         |
------------------------------------------
------------------------------------------
| rollout/                |              |
|    ep_len_mean          | 297          |
|    ep_rew_mean          | 204          |
| time/                   |              |
|    fps                  | 336          |
|    iterations           | 104          |
|    time_elapsed         | 632          |
|    total_timesteps      | 212992       |
| train/                  |              |
|    approx_kl            | 0.0016796939 |
|    clip_fraction        | 0.0801       |
|    clip_range           | 0.1          |
|    entropy_loss         | -0.714       |
|    explained_variance   | 0.776        |
|    learning_rate        | 0.00012      |
|    loss                 | 37.6         |
|    n_updates            | 1030         |
|    policy_gradient_loss | -0.00193     |
|    value_loss           | 120          |
------------------------------------------
------------------------------------------
| rollout/                |              |
|    ep_len_mean          | 296          |
|    ep_rew_mean          | 205          |
| time/                   |              |
|    fps                  | 336          |
|    iterations           | 105          |
|    time_elapsed         | 638          |
|    total_timesteps      | 215040       |
| train/                  |              |
|    approx_kl            | 0.0023985957 |
|    clip_fraction        | 0.0956       |
|    clip_range           | 0.1          |
|    entropy_loss         | -0.781       |
|    explained_variance   | 0.886        |
|    learning_rate        | 0.00012      |
|    loss                 | 13.1         |
|    n_updates            | 1040         |
|    policy_gradient_loss | -0.00133     |
|    value_loss           | 86.8         |
------------------------------------------
-----------------------------------------
| rollout/                |             |
|    ep_len_mean          | 303         |
|    ep_rew_mean          | 203         |
| time/                   |             |
|    fps                  | 337         |
|    iterations           | 106         |
|    time_elapsed         | 643         |
|    total_timesteps      | 217088      |
| train/                  |             |
|    approx_kl            | 0.001737392 |
|    clip_fraction        | 0.0584      |
|    clip_range           | 0.1         |
|    entropy_loss         | -0.758      |
|    explained_variance   | 0.856       |
|    learning_rate        | 0.00012     |
|    loss                 | 25.6        |
|    n_updates            | 1050        |
|    policy_gradient_loss | -0.000701   |
|    value_loss           | 56.4        |
-----------------------------------------
------------------------------------------
| rollout/                |              |
|    ep_len_mean          | 301          |
|    ep_rew_mean          | 198          |
| time/                   |              |
|    fps                  | 337          |
|    iterations           | 107          |
|    time_elapsed         | 649          |
|    total_timesteps      | 219136       |
| train/                  |              |
|    approx_kl            | 0.0032986738 |
|    clip_fraction        | 0.142        |
|    clip_range           | 0.1          |
|    entropy_loss         | -0.65        |
|    explained_variance   | 0.881        |
|    learning_rate        | 0.00012      |
|    loss                 | 102          |
|    n_updates            | 1060         |
|    policy_gradient_loss | -0.000882    |
|    value_loss           | 64.1         |
------------------------------------------
Eval num_timesteps=220000, episode_reward=186.13 +/- 104.22
Episode length: 352.00 +/- 53.24
------------------------------------------
| eval/                   |              |
|    mean_ep_length       | 352          |
|    mean_reward          | 186          |
| time/                   |              |
|    total_timesteps      | 220000       |
| train/                  |              |
|    approx_kl            | 0.0018704504 |
|    clip_fraction        | 0.0664       |
|    clip_range           | 0.1          |
|    entropy_loss         | -0.787       |
|    explained_variance   | 0.839        |
|    learning_rate        | 0.00012      |
|    loss                 | 18.2         |
|    n_updates            | 1070         |
|    policy_gradient_loss | -0.00233     |
|    value_loss           | 130          |
------------------------------------------
---------------------------------
| rollout/           |          |
|    ep_len_mean     | 300      |
|    ep_rew_mean     | 200      |
| time/              |          |
|    fps             | 336      |
|    iterations      | 108      |
|    time_elapsed    | 657      |
|    total_timesteps | 221184   |
---------------------------------
-----------------------------------------
| rollout/                |             |
|    ep_len_mean          | 300         |
|    ep_rew_mean          | 202         |
| time/                   |             |
|    fps                  | 336         |
|    iterations           | 109         |
|    time_elapsed         | 663         |
|    total_timesteps      | 223232      |
| train/                  |             |
|    approx_kl            | 0.001341468 |
|    clip_fraction        | 0.0564      |
|    clip_range           | 0.1         |
|    entropy_loss         | -0.645      |
|    explained_variance   | 0.786       |
|    learning_rate        | 0.00012     |
|    loss                 | 11.9        |
|    n_updates            | 1080        |
|    policy_gradient_loss | -0.00102    |
|    value_loss           | 96.9        |
-----------------------------------------
-----------------------------------------
| rollout/                |             |
|    ep_len_mean          | 292         |
|    ep_rew_mean          | 203         |
| time/                   |             |
|    fps                  | 336         |
|    iterations           | 110         |
|    time_elapsed         | 669         |
|    total_timesteps      | 225280      |
| train/                  |             |
|    approx_kl            | 0.001787102 |
|    clip_fraction        | 0.0806      |
|    clip_range           | 0.1         |
|    entropy_loss         | -0.749      |
|    explained_variance   | 0.814       |
|    learning_rate        | 0.00012     |
|    loss                 | 172         |
|    n_updates            | 1090        |
|    policy_gradient_loss | -0.00191    |
|    value_loss           | 124         |
-----------------------------------------
------------------------------------------
| rollout/                |              |
|    ep_len_mean          | 291          |
|    ep_rew_mean          | 205          |
| time/                   |              |
|    fps                  | 336          |
|    iterations           | 111          |
|    time_elapsed         | 675          |
|    total_timesteps      | 227328       |
| train/                  |              |
|    approx_kl            | 0.0011942852 |
|    clip_fraction        | 0.0563       |
|    clip_range           | 0.1          |
|    entropy_loss         | -0.661       |
|    explained_variance   | 0.844        |
|    learning_rate        | 0.00012      |
|    loss                 | 23.4         |
|    n_updates            | 1100         |
|    policy_gradient_loss | -0.000813    |
|    value_loss           | 69.4         |
------------------------------------------
------------------------------------------
| rollout/                |              |
|    ep_len_mean          | 280          |
|    ep_rew_mean          | 204          |
| time/                   |              |
|    fps                  | 336          |
|    iterations           | 112          |
|    time_elapsed         | 681          |
|    total_timesteps      | 229376       |
| train/                  |              |
|    approx_kl            | 0.0013790516 |
|    clip_fraction        | 0.0655       |
|    clip_range           | 0.1          |
|    entropy_loss         | -0.681       |
|    explained_variance   | 0.825        |
|    learning_rate        | 0.00012      |
|    loss                 | 30.1         |
|    n_updates            | 1110         |
|    policy_gradient_loss | -0.00116     |
|    value_loss           | 56.7         |
------------------------------------------
------------------------------------------
| rollout/                |              |
|    ep_len_mean          | 278          |
|    ep_rew_mean          | 195          |
| time/                   |              |
|    fps                  | 336          |
|    iterations           | 113          |
|    time_elapsed         | 687          |
|    total_timesteps      | 231424       |
| train/                  |              |
|    approx_kl            | 0.0021120273 |
|    clip_fraction        | 0.0942       |
|    clip_range           | 0.1          |
|    entropy_loss         | -0.631       |
|    explained_variance   | 0.838        |
|    learning_rate        | 0.00012      |
|    loss                 | 32           |
|    n_updates            | 1120         |
|    policy_gradient_loss | -0.00287     |
|    value_loss           | 70.7         |
------------------------------------------
------------------------------------------
| rollout/                |              |
|    ep_len_mean          | 281          |
|    ep_rew_mean          | 194          |
| time/                   |              |
|    fps                  | 336          |
|    iterations           | 114          |
|    time_elapsed         | 693          |
|    total_timesteps      | 233472       |
| train/                  |              |
|    approx_kl            | 0.0011599686 |
|    clip_fraction        | 0.0419       |
|    clip_range           | 0.1          |
|    entropy_loss         | -0.736       |
|    explained_variance   | 0.758        |
|    learning_rate        | 0.00012      |
|    loss                 | 37.3         |
|    n_updates            | 1130         |
|    policy_gradient_loss | -0.00283     |
|    value_loss           | 168          |
------------------------------------------
------------------------------------------
| rollout/                |              |
|    ep_len_mean          | 271          |
|    ep_rew_mean          | 196          |
| time/                   |              |
|    fps                  | 336          |
|    iterations           | 115          |
|    time_elapsed         | 699          |
|    total_timesteps      | 235520       |
| train/                  |              |
|    approx_kl            | 0.0022169854 |
|    clip_fraction        | 0.083        |
|    clip_range           | 0.1          |
|    entropy_loss         | -0.661       |
|    explained_variance   | 0.846        |
|    learning_rate        | 0.00012      |
|    loss                 | 18.5         |
|    n_updates            | 1140         |
|    policy_gradient_loss | -0.0013      |
|    value_loss           | 104          |
------------------------------------------
------------------------------------------
| rollout/                |              |
|    ep_len_mean          | 267          |
|    ep_rew_mean          | 193          |
| time/                   |              |
|    fps                  | 336          |
|    iterations           | 116          |
|    time_elapsed         | 705          |
|    total_timesteps      | 237568       |
| train/                  |              |
|    approx_kl            | 0.0017901484 |
|    clip_fraction        | 0.0729       |
|    clip_range           | 0.1          |
|    entropy_loss         | -0.687       |
|    explained_variance   | 0.884        |
|    learning_rate        | 0.00012      |
|    loss                 | 22.2         |
|    n_updates            | 1150         |
|    policy_gradient_loss | -0.00163     |
|    value_loss           | 69.9         |
------------------------------------------
------------------------------------------
| rollout/                |              |
|    ep_len_mean          | 270          |
|    ep_rew_mean          | 193          |
| time/                   |              |
|    fps                  | 336          |
|    iterations           | 117          |
|    time_elapsed         | 711          |
|    total_timesteps      | 239616       |
| train/                  |              |
|    approx_kl            | 0.0017859763 |
|    clip_fraction        | 0.0914       |
|    clip_range           | 0.1          |
|    entropy_loss         | -0.784       |
|    explained_variance   | 0.841        |
|    learning_rate        | 0.00012      |
|    loss                 | 12.3         |
|    n_updates            | 1160         |
|    policy_gradient_loss | -0.0016      |
|    value_loss           | 100          |
------------------------------------------
Eval num_timesteps=240000, episode_reward=228.93 +/- 53.17
Episode length: 508.20 +/- 249.56
-----------------------------------------
| eval/                   |             |
|    mean_ep_length       | 508         |
|    mean_reward          | 229         |
| time/                   |             |
|    total_timesteps      | 240000      |
| train/                  |             |
|    approx_kl            | 0.004653546 |
|    clip_fraction        | 0.123       |
|    clip_range           | 0.1         |
|    entropy_loss         | -0.566      |
|    explained_variance   | 0.916       |
|    learning_rate        | 0.00012     |
|    loss                 | 5.58        |
|    n_updates            | 1170        |
|    policy_gradient_loss | -0.00256    |
|    value_loss           | 114         |
-----------------------------------------
New best mean reward!
---------------------------------
| rollout/           |          |
|    ep_len_mean     | 275      |
|    ep_rew_mean     | 193      |
| time/              |          |
|    fps             | 335      |
|    iterations      | 118      |
|    time_elapsed    | 720      |
|    total_timesteps | 241664   |
---------------------------------
------------------------------------------
| rollout/                |              |
|    ep_len_mean          | 269          |
|    ep_rew_mean          | 189          |
| time/                   |              |
|    fps                  | 335          |
|    iterations           | 119          |
|    time_elapsed         | 726          |
|    total_timesteps      | 243712       |
| train/                  |              |
|    approx_kl            | 0.0013454518 |
|    clip_fraction        | 0.0455       |
|    clip_range           | 0.1          |
|    entropy_loss         | -0.649       |
|    explained_variance   | 0.871        |
|    learning_rate        | 0.00012      |
|    loss                 | 5.61         |
|    n_updates            | 1180         |
|    policy_gradient_loss | -0.000197    |
|    value_loss           | 71.6         |
------------------------------------------
------------------------------------------
| rollout/                |              |
|    ep_len_mean          | 276          |
|    ep_rew_mean          | 188          |
| time/                   |              |
|    fps                  | 335          |
|    iterations           | 120          |
|    time_elapsed         | 732          |
|    total_timesteps      | 245760       |
| train/                  |              |
|    approx_kl            | 0.0024499532 |
|    clip_fraction        | 0.103        |
|    clip_range           | 0.1          |
|    entropy_loss         | -0.622       |
|    explained_variance   | 0.691        |
|    learning_rate        | 0.00012      |
|    loss                 | 22.7         |
|    n_updates            | 1190         |
|    policy_gradient_loss | -0.00115     |
|    value_loss           | 185          |
------------------------------------------
------------------------------------------
| rollout/                |              |
|    ep_len_mean          | 289          |
|    ep_rew_mean          | 194          |
| time/                   |              |
|    fps                  | 335          |
|    iterations           | 121          |
|    time_elapsed         | 738          |
|    total_timesteps      | 247808       |
| train/                  |              |
|    approx_kl            | 0.0020200121 |
|    clip_fraction        | 0.176        |
|    clip_range           | 0.1          |
|    entropy_loss         | -0.667       |
|    explained_variance   | 0.848        |
|    learning_rate        | 0.00012      |
|    loss                 | 9.99         |
|    n_updates            | 1200         |
|    policy_gradient_loss | -0.00061     |
|    value_loss           | 52.3         |
------------------------------------------
------------------------------------------
| rollout/                |              |
|    ep_len_mean          | 293          |
|    ep_rew_mean          | 194          |
| time/                   |              |
|    fps                  | 335          |
|    iterations           | 122          |
|    time_elapsed         | 744          |
|    total_timesteps      | 249856       |
| train/                  |              |
|    approx_kl            | 0.0015304579 |
|    clip_fraction        | 0.0755       |
|    clip_range           | 0.1          |
|    entropy_loss         | -0.68        |
|    explained_variance   | 0.907        |
|    learning_rate        | 0.00012      |
|    loss                 | 5.84         |
|    n_updates            | 1210         |
|    policy_gradient_loss | -0.000513    |
|    value_loss           | 36.2         |
------------------------------------------
------------------------------------------
| rollout/                |              |
|    ep_len_mean          | 292          |
|    ep_rew_mean          | 191          |
| time/                   |              |
|    fps                  | 335          |
|    iterations           | 123          |
|    time_elapsed         | 750          |
|    total_timesteps      | 251904       |
| train/                  |              |
|    approx_kl            | 0.0016548667 |
|    clip_fraction        | 0.0824       |
|    clip_range           | 0.1          |
|    entropy_loss         | -0.703       |
|    explained_variance   | 0.898        |
|    learning_rate        | 0.00012      |
|    loss                 | 4.03         |
|    n_updates            | 1220         |
|    policy_gradient_loss | -0.00278     |
|    value_loss           | 60.3         |
------------------------------------------
-------------------------------------------
| rollout/                |               |
|    ep_len_mean          | 298           |
|    ep_rew_mean          | 188           |
| time/                   |               |
|    fps                  | 336           |
|    iterations           | 124           |
|    time_elapsed         | 755           |
|    total_timesteps      | 253952        |
| train/                  |               |
|    approx_kl            | 0.00084143295 |
|    clip_fraction        | 0.0715        |
|    clip_range           | 0.1           |
|    entropy_loss         | -0.726        |
|    explained_variance   | 0.876         |
|    learning_rate        | 0.00012       |
|    loss                 | 18.7          |
|    n_updates            | 1230          |
|    policy_gradient_loss | -0.000778     |
|    value_loss           | 95.5          |
-------------------------------------------
------------------------------------------
| rollout/                |              |
|    ep_len_mean          | 293          |
|    ep_rew_mean          | 181          |
| time/                   |              |
|    fps                  | 336          |
|    iterations           | 125          |
|    time_elapsed         | 761          |
|    total_timesteps      | 256000       |
| train/                  |              |
|    approx_kl            | 0.0017920041 |
|    clip_fraction        | 0.126        |
|    clip_range           | 0.1          |
|    entropy_loss         | -0.704       |
|    explained_variance   | 0.911        |
|    learning_rate        | 0.00012      |
|    loss                 | 19.2         |
|    n_updates            | 1240         |
|    policy_gradient_loss | -0.000756    |
|    value_loss           | 101          |
------------------------------------------
----------------------------------------
| rollout/                |            |
|    ep_len_mean          | 293        |
|    ep_rew_mean          | 179        |
| time/                   |            |
|    fps                  | 336        |
|    iterations           | 126        |
|    time_elapsed         | 767        |
|    total_timesteps      | 258048     |
| train/                  |            |
|    approx_kl            | 0.00116754 |
|    clip_fraction        | 0.0633     |
|    clip_range           | 0.1        |
|    entropy_loss         | -0.746     |
|    explained_variance   | 0.848      |
|    learning_rate        | 0.00012    |
|    loss                 | 38.9       |
|    n_updates            | 1250       |
|    policy_gradient_loss | -0.000871  |
|    value_loss           | 131        |
----------------------------------------
Eval num_timesteps=260000, episode_reward=193.82 +/- 120.99
Episode length: 297.00 +/- 53.47
------------------------------------------
| eval/                   |              |
|    mean_ep_length       | 297          |
|    mean_reward          | 194          |
| time/                   |              |
|    total_timesteps      | 260000       |
| train/                  |              |
|    approx_kl            | 0.0015084427 |
|    clip_fraction        | 0.0769       |
|    clip_range           | 0.1          |
|    entropy_loss         | -0.697       |
|    explained_variance   | 0.878        |
|    learning_rate        | 0.00012      |
|    loss                 | 8.81         |
|    n_updates            | 1260         |
|    policy_gradient_loss | -0.00161     |
|    value_loss           | 74           |
------------------------------------------
---------------------------------
| rollout/           |          |
|    ep_len_mean     | 299      |
|    ep_rew_mean     | 181      |
| time/              |          |
|    fps             | 335      |
|    iterations      | 127      |
|    time_elapsed    | 774      |
|    total_timesteps | 260096   |
---------------------------------
------------------------------------------
| rollout/                |              |
|    ep_len_mean          | 300          |
|    ep_rew_mean          | 189          |
| time/                   |              |
|    fps                  | 336          |
|    iterations           | 128          |
|    time_elapsed         | 779          |
|    total_timesteps      | 262144       |
| train/                  |              |
|    approx_kl            | 0.0043704137 |
|    clip_fraction        | 0.126        |
|    clip_range           | 0.1          |
|    entropy_loss         | -0.65        |
|    explained_variance   | 0.984        |
|    learning_rate        | 0.00012      |
|    loss                 | 3.66         |
|    n_updates            | 1270         |
|    policy_gradient_loss | -0.00071     |
|    value_loss           | 15.8         |
------------------------------------------
------------------------------------------
| rollout/                |              |
|    ep_len_mean          | 300          |
|    ep_rew_mean          | 183          |
| time/                   |              |
|    fps                  | 336          |
|    iterations           | 129          |
|    time_elapsed         | 785          |
|    total_timesteps      | 264192       |
| train/                  |              |
|    approx_kl            | 0.0012038792 |
|    clip_fraction        | 0.049        |
|    clip_range           | 0.1          |
|    entropy_loss         | -0.625       |
|    explained_variance   | 0.894        |
|    learning_rate        | 0.00012      |
|    loss                 | 137          |
|    n_updates            | 1280         |
|    policy_gradient_loss | -0.000911    |
|    value_loss           | 109          |
------------------------------------------
------------------------------------------
| rollout/                |              |
|    ep_len_mean          | 301          |
|    ep_rew_mean          | 181          |
| time/                   |              |
|    fps                  | 336          |
|    iterations           | 130          |
|    time_elapsed         | 791          |
|    total_timesteps      | 266240       |
| train/                  |              |
|    approx_kl            | 0.0012554359 |
|    clip_fraction        | 0.0546       |
|    clip_range           | 0.1          |
|    entropy_loss         | -0.739       |
|    explained_variance   | 0.831        |
|    learning_rate        | 0.00012      |
|    loss                 | 10.5         |
|    n_updates            | 1290         |
|    policy_gradient_loss | -0.0018      |
|    value_loss           | 163          |
------------------------------------------
------------------------------------------
| rollout/                |              |
|    ep_len_mean          | 301          |
|    ep_rew_mean          | 184          |
| time/                   |              |
|    fps                  | 336          |
|    iterations           | 131          |
|    time_elapsed         | 797          |
|    total_timesteps      | 268288       |
| train/                  |              |
|    approx_kl            | 0.0008200846 |
|    clip_fraction        | 0.0635       |
|    clip_range           | 0.1          |
|    entropy_loss         | -0.689       |
|    explained_variance   | 0.81         |
|    learning_rate        | 0.00012      |
|    loss                 | 48.3         |
|    n_updates            | 1300         |
|    policy_gradient_loss | -0.000736    |
|    value_loss           | 150          |
------------------------------------------
------------------------------------------
| rollout/                |              |
|    ep_len_mean          | 284          |
|    ep_rew_mean          | 176          |
| time/                   |              |
|    fps                  | 336          |
|    iterations           | 132          |
|    time_elapsed         | 802          |
|    total_timesteps      | 270336       |
| train/                  |              |
|    approx_kl            | 0.0013735087 |
|    clip_fraction        | 0.0635       |
|    clip_range           | 0.1          |
|    entropy_loss         | -0.642       |
|    explained_variance   | 0.906        |
|    learning_rate        | 0.00012      |
|    loss                 | 23.4         |
|    n_updates            | 1310         |
|    policy_gradient_loss | -0.00143     |
|    value_loss           | 79.8         |
------------------------------------------
------------------------------------------
| rollout/                |              |
|    ep_len_mean          | 274          |
|    ep_rew_mean          | 180          |
| time/                   |              |
|    fps                  | 336          |
|    iterations           | 133          |
|    time_elapsed         | 808          |
|    total_timesteps      | 272384       |
| train/                  |              |
|    approx_kl            | 0.0012453878 |
|    clip_fraction        | 0.0453       |
|    clip_range           | 0.1          |
|    entropy_loss         | -0.716       |
|    explained_variance   | 0.905        |
|    learning_rate        | 0.00012      |
|    loss                 | 27.4         |
|    n_updates            | 1320         |
|    policy_gradient_loss | -0.00115     |
|    value_loss           | 94.1         |
------------------------------------------
-----------------------------------------
| rollout/                |             |
|    ep_len_mean          | 267         |
|    ep_rew_mean          | 176         |
| time/                   |             |
|    fps                  | 336         |
|    iterations           | 134         |
|    time_elapsed         | 814         |
|    total_timesteps      | 274432      |
| train/                  |             |
|    approx_kl            | 0.001314787 |
|    clip_fraction        | 0.0418      |
|    clip_range           | 0.1         |
|    entropy_loss         | -0.697      |
|    explained_variance   | 0.844       |
|    learning_rate        | 0.00012     |
|    loss                 | 43.5        |
|    n_updates            | 1330        |
|    policy_gradient_loss | -0.00168    |
|    value_loss           | 90.7        |
-----------------------------------------
----------------------------------------
| rollout/                |            |
|    ep_len_mean          | 269        |
|    ep_rew_mean          | 173        |
| time/                   |            |
|    fps                  | 336        |
|    iterations           | 135        |
|    time_elapsed         | 820        |
|    total_timesteps      | 276480     |
| train/                  |            |
|    approx_kl            | 0.00185223 |
|    clip_fraction        | 0.0657     |
|    clip_range           | 0.1        |
|    entropy_loss         | -0.564     |
|    explained_variance   | 0.832      |
|    learning_rate        | 0.00012    |
|    loss                 | 47.6       |
|    n_updates            | 1340       |
|    policy_gradient_loss | -0.000275  |
|    value_loss           | 112        |
----------------------------------------
------------------------------------------
| rollout/                |              |
|    ep_len_mean          | 266          |
|    ep_rew_mean          | 170          |
| time/                   |              |
|    fps                  | 336          |
|    iterations           | 136          |
|    time_elapsed         | 826          |
|    total_timesteps      | 278528       |
| train/                  |              |
|    approx_kl            | 0.0016917706 |
|    clip_fraction        | 0.0734       |
|    clip_range           | 0.1          |
|    entropy_loss         | -0.663       |
|    explained_variance   | 0.844        |
|    learning_rate        | 0.00012      |
|    loss                 | 39.9         |
|    n_updates            | 1350         |
|    policy_gradient_loss | -0.00104     |
|    value_loss           | 106          |
------------------------------------------
Eval num_timesteps=280000, episode_reward=236.73 +/- 16.44
Episode length: 316.60 +/- 33.67
-----------------------------------------
| eval/                   |             |
|    mean_ep_length       | 317         |
|    mean_reward          | 237         |
| time/                   |             |
|    total_timesteps      | 280000      |
| train/                  |             |
|    approx_kl            | 0.001054958 |
|    clip_fraction        | 0.0666      |
|    clip_range           | 0.1         |
|    entropy_loss         | -0.68       |
|    explained_variance   | 0.859       |
|    learning_rate        | 0.00012     |
|    loss                 | 79.2        |
|    n_updates            | 1360        |
|    policy_gradient_loss | -0.00124    |
|    value_loss           | 114         |
-----------------------------------------
New best mean reward!
---------------------------------
| rollout/           |          |
|    ep_len_mean     | 266      |
|    ep_rew_mean     | 174      |
| time/              |          |
|    fps             | 336      |
|    iterations      | 137      |
|    time_elapsed    | 834      |
|    total_timesteps | 280576   |
---------------------------------
------------------------------------------
| rollout/                |              |
|    ep_len_mean          | 272          |
|    ep_rew_mean          | 180          |
| time/                   |              |
|    fps                  | 336          |
|    iterations           | 138          |
|    time_elapsed         | 840          |
|    total_timesteps      | 282624       |
| train/                  |              |
|    approx_kl            | 0.0011610213 |
|    clip_fraction        | 0.0734       |
|    clip_range           | 0.1          |
|    entropy_loss         | -0.684       |
|    explained_variance   | 0.909        |
|    learning_rate        | 0.00012      |
|    loss                 | 40.6         |
|    n_updates            | 1370         |
|    policy_gradient_loss | -0.000565    |
|    value_loss           | 75.2         |
------------------------------------------
------------------------------------------
| rollout/                |              |
|    ep_len_mean          | 282          |
|    ep_rew_mean          | 185          |
| time/                   |              |
|    fps                  | 336          |
|    iterations           | 139          |
|    time_elapsed         | 846          |
|    total_timesteps      | 284672       |
| train/                  |              |
|    approx_kl            | 0.0020829868 |
|    clip_fraction        | 0.0894       |
|    clip_range           | 0.1          |
|    entropy_loss         | -0.612       |
|    explained_variance   | 0.891        |
|    learning_rate        | 0.00012      |
|    loss                 | 28.1         |
|    n_updates            | 1380         |
|    policy_gradient_loss | -0.00143     |
|    value_loss           | 79           |
------------------------------------------
------------------------------------------
| rollout/                |              |
|    ep_len_mean          | 288          |
|    ep_rew_mean          | 185          |
| time/                   |              |
|    fps                  | 336          |
|    iterations           | 140          |
|    time_elapsed         | 852          |
|    total_timesteps      | 286720       |
| train/                  |              |
|    approx_kl            | 0.0028020376 |
|    clip_fraction        | 0.133        |
|    clip_range           | 0.1          |
|    entropy_loss         | -0.691       |
|    explained_variance   | 0.841        |
|    learning_rate        | 0.00012      |
|    loss                 | 9.7          |
|    n_updates            | 1390         |
|    policy_gradient_loss | -0.00022     |
|    value_loss           | 54.8         |
------------------------------------------
------------------------------------------
| rollout/                |              |
|    ep_len_mean          | 285          |
|    ep_rew_mean          | 187          |
| time/                   |              |
|    fps                  | 336          |
|    iterations           | 141          |
|    time_elapsed         | 857          |
|    total_timesteps      | 288768       |
| train/                  |              |
|    approx_kl            | 0.0018567583 |
|    clip_fraction        | 0.0649       |
|    clip_range           | 0.1          |
|    entropy_loss         | -0.654       |
|    explained_variance   | 0.808        |
|    learning_rate        | 0.00012      |
|    loss                 | 49.3         |
|    n_updates            | 1400         |
|    policy_gradient_loss | -0.000317    |
|    value_loss           | 79.4         |
------------------------------------------
------------------------------------------
| rollout/                |              |
|    ep_len_mean          | 282          |
|    ep_rew_mean          | 188          |
| time/                   |              |
|    fps                  | 336          |
|    iterations           | 142          |
|    time_elapsed         | 863          |
|    total_timesteps      | 290816       |
| train/                  |              |
|    approx_kl            | 0.0015822172 |
|    clip_fraction        | 0.0719       |
|    clip_range           | 0.1          |
|    entropy_loss         | -0.599       |
|    explained_variance   | 0.915        |
|    learning_rate        | 0.00012      |
|    loss                 | 10.9         |
|    n_updates            | 1410         |
|    policy_gradient_loss | -0.000646    |
|    value_loss           | 29.6         |
------------------------------------------
------------------------------------------
| rollout/                |              |
|    ep_len_mean          | 288          |
|    ep_rew_mean          | 191          |
| time/                   |              |
|    fps                  | 337          |
|    iterations           | 143          |
|    time_elapsed         | 869          |
|    total_timesteps      | 292864       |
| train/                  |              |
|    approx_kl            | 0.0014911294 |
|    clip_fraction        | 0.0792       |
|    clip_range           | 0.1          |
|    entropy_loss         | -0.648       |
|    explained_variance   | 0.839        |
|    learning_rate        | 0.00012      |
|    loss                 | 26.9         |
|    n_updates            | 1420         |
|    policy_gradient_loss | -0.00184     |
|    value_loss           | 122          |
------------------------------------------
------------------------------------------
| rollout/                |              |
|    ep_len_mean          | 286          |
|    ep_rew_mean          | 189          |
| time/                   |              |
|    fps                  | 337          |
|    iterations           | 144          |
|    time_elapsed         | 874          |
|    total_timesteps      | 294912       |
| train/                  |              |
|    approx_kl            | 0.0019423765 |
|    clip_fraction        | 0.0804       |
|    clip_range           | 0.1          |
|    entropy_loss         | -0.679       |
|    explained_variance   | 0.863        |
|    learning_rate        | 0.00012      |
|    loss                 | 50.4         |
|    n_updates            | 1430         |
|    policy_gradient_loss | -0.00344     |
|    value_loss           | 76.2         |
------------------------------------------
------------------------------------------
| rollout/                |              |
|    ep_len_mean          | 289          |
|    ep_rew_mean          | 195          |
| time/                   |              |
|    fps                  | 337          |
|    iterations           | 145          |
|    time_elapsed         | 880          |
|    total_timesteps      | 296960       |
| train/                  |              |
|    approx_kl            | 0.0021112184 |
|    clip_fraction        | 0.077        |
|    clip_range           | 0.1          |
|    entropy_loss         | -0.687       |
|    explained_variance   | 0.856        |
|    learning_rate        | 0.00012      |
|    loss                 | 46.1         |
|    n_updates            | 1440         |
|    policy_gradient_loss | -0.00167     |
|    value_loss           | 85.6         |
------------------------------------------
------------------------------------------
| rollout/                |              |
|    ep_len_mean          | 293          |
|    ep_rew_mean          | 195          |
| time/                   |              |
|    fps                  | 337          |
|    iterations           | 146          |
|    time_elapsed         | 886          |
|    total_timesteps      | 299008       |
| train/                  |              |
|    approx_kl            | 0.0012005443 |
|    clip_fraction        | 0.0431       |
|    clip_range           | 0.1          |
|    entropy_loss         | -0.732       |
|    explained_variance   | 0.834        |
|    learning_rate        | 0.00012      |
|    loss                 | 92.6         |
|    n_updates            | 1450         |
|    policy_gradient_loss | -0.0012      |
|    value_loss           | 82.3         |
------------------------------------------
Eval num_timesteps=300000, episode_reward=250.49 +/- 17.37
Episode length: 288.20 +/- 15.60
------------------------------------------
| eval/                   |              |
|    mean_ep_length       | 288          |
|    mean_reward          | 250          |
| time/                   |              |
|    total_timesteps      | 300000       |
| train/                  |              |
|    approx_kl            | 0.0048713577 |
|    clip_fraction        | 0.126        |
|    clip_range           | 0.1          |
|    entropy_loss         | -0.663       |
|    explained_variance   | 0.827        |
|    learning_rate        | 0.00012      |
|    loss                 | 40.1         |
|    n_updates            | 1460         |
|    policy_gradient_loss | -0.00122     |
|    value_loss           | 75.5         |
------------------------------------------
New best mean reward!
---------------------------------
| rollout/           |          |
|    ep_len_mean     | 297      |
|    ep_rew_mean     | 194      |
| time/              |          |
|    fps             | 336      |
|    iterations      | 147      |
|    time_elapsed    | 894      |
|    total_timesteps | 301056   |
---------------------------------
------------------------------------------
| rollout/                |              |
|    ep_len_mean          | 287          |
|    ep_rew_mean          | 194          |
| time/                   |              |
|    fps                  | 336          |
|    iterations           | 148          |
|    time_elapsed         | 900          |
|    total_timesteps      | 303104       |
| train/                  |              |
|    approx_kl            | 0.0013024865 |
|    clip_fraction        | 0.0409       |
|    clip_range           | 0.1          |
|    entropy_loss         | -0.697       |
|    explained_variance   | 0.63         |
|    learning_rate        | 0.00012      |
|    loss                 | 263          |
|    n_updates            | 1470         |
|    policy_gradient_loss | -0.00122     |
|    value_loss           | 230          |
------------------------------------------
------------------------------------------
| rollout/                |              |
|    ep_len_mean          | 281          |
|    ep_rew_mean          | 198          |
| time/                   |              |
|    fps                  | 336          |
|    iterations           | 149          |
|    time_elapsed         | 906          |
|    total_timesteps      | 305152       |
| train/                  |              |
|    approx_kl            | 0.0015697146 |
|    clip_fraction        | 0.0545       |
|    clip_range           | 0.1          |
|    entropy_loss         | -0.687       |
|    explained_variance   | 0.913        |
|    learning_rate        | 0.00012      |
|    loss                 | 29           |
|    n_updates            | 1480         |
|    policy_gradient_loss | -0.000926    |
|    value_loss           | 98.4         |
------------------------------------------
------------------------------------------
| rollout/                |              |
|    ep_len_mean          | 277          |
|    ep_rew_mean          | 204          |
| time/                   |              |
|    fps                  | 336          |
|    iterations           | 150          |
|    time_elapsed         | 912          |
|    total_timesteps      | 307200       |
| train/                  |              |
|    approx_kl            | 0.0014780732 |
|    clip_fraction        | 0.0509       |
|    clip_range           | 0.1          |
|    entropy_loss         | -0.653       |
|    explained_variance   | 0.899        |
|    learning_rate        | 0.00012      |
|    loss                 | 65.6         |
|    n_updates            | 1490         |
|    policy_gradient_loss | -0.00211     |
|    value_loss           | 69.9         |
------------------------------------------
------------------------------------------
| rollout/                |              |
|    ep_len_mean          | 274          |
|    ep_rew_mean          | 197          |
| time/                   |              |
|    fps                  | 336          |
|    iterations           | 151          |
|    time_elapsed         | 918          |
|    total_timesteps      | 309248       |
| train/                  |              |
|    approx_kl            | 0.0021010728 |
|    clip_fraction        | 0.0843       |
|    clip_range           | 0.1          |
|    entropy_loss         | -0.682       |
|    explained_variance   | 0.729        |
|    learning_rate        | 0.00012      |
|    loss                 | 12.4         |
|    n_updates            | 1500         |
|    policy_gradient_loss | -0.00131     |
|    value_loss           | 78.3         |
------------------------------------------
------------------------------------------
| rollout/                |              |
|    ep_len_mean          | 262          |
|    ep_rew_mean          | 199          |
| time/                   |              |
|    fps                  | 336          |
|    iterations           | 152          |
|    time_elapsed         | 924          |
|    total_timesteps      | 311296       |
| train/                  |              |
|    approx_kl            | 0.0014079618 |
|    clip_fraction        | 0.0615       |
|    clip_range           | 0.1          |
|    entropy_loss         | -0.575       |
|    explained_variance   | 0.901        |
|    learning_rate        | 0.00012      |
|    loss                 | 24.9         |
|    n_updates            | 1510         |
|    policy_gradient_loss | -0.000915    |
|    value_loss           | 86.3         |
------------------------------------------
------------------------------------------
| rollout/                |              |
|    ep_len_mean          | 255          |
|    ep_rew_mean          | 199          |
| time/                   |              |
|    fps                  | 336          |
|    iterations           | 153          |
|    time_elapsed         | 930          |
|    total_timesteps      | 313344       |
| train/                  |              |
|    approx_kl            | 0.0018657199 |
|    clip_fraction        | 0.0631       |
|    clip_range           | 0.1          |
|    entropy_loss         | -0.694       |
|    explained_variance   | 0.893        |
|    learning_rate        | 0.00012      |
|    loss                 | 72.5         |
|    n_updates            | 1520         |
|    policy_gradient_loss | -0.00132     |
|    value_loss           | 104          |
------------------------------------------
------------------------------------------
| rollout/                |              |
|    ep_len_mean          | 253          |
|    ep_rew_mean          | 199          |
| time/                   |              |
|    fps                  | 337          |
|    iterations           | 154          |
|    time_elapsed         | 935          |
|    total_timesteps      | 315392       |
| train/                  |              |
|    approx_kl            | 0.0016159371 |
|    clip_fraction        | 0.065        |
|    clip_range           | 0.1          |
|    entropy_loss         | -0.568       |
|    explained_variance   | 0.855        |
|    learning_rate        | 0.00012      |
|    loss                 | 31.3         |
|    n_updates            | 1530         |
|    policy_gradient_loss | -0.000371    |
|    value_loss           | 71.1         |
------------------------------------------
------------------------------------------
| rollout/                |              |
|    ep_len_mean          | 241          |
|    ep_rew_mean          | 200          |
| time/                   |              |
|    fps                  | 337          |
|    iterations           | 155          |
|    time_elapsed         | 941          |
|    total_timesteps      | 317440       |
| train/                  |              |
|    approx_kl            | 0.0013898972 |
|    clip_fraction        | 0.0646       |
|    clip_range           | 0.1          |
|    entropy_loss         | -0.642       |
|    explained_variance   | 0.898        |
|    learning_rate        | 0.00012      |
|    loss                 | 13           |
|    n_updates            | 1540         |
|    policy_gradient_loss | -0.0013      |
|    value_loss           | 65.4         |
------------------------------------------
------------------------------------------
| rollout/                |              |
|    ep_len_mean          | 241          |
|    ep_rew_mean          | 197          |
| time/                   |              |
|    fps                  | 337          |
|    iterations           | 156          |
|    time_elapsed         | 947          |
|    total_timesteps      | 319488       |
| train/                  |              |
|    approx_kl            | 0.0018510851 |
|    clip_fraction        | 0.0762       |
|    clip_range           | 0.1          |
|    entropy_loss         | -0.691       |
|    explained_variance   | 0.803        |
|    learning_rate        | 0.00012      |
|    loss                 | 34.8         |
|    n_updates            | 1550         |
|    policy_gradient_loss | -0.000795    |
|    value_loss           | 118          |
------------------------------------------
Eval num_timesteps=320000, episode_reward=196.09 +/- 97.68
Episode length: 300.00 +/- 77.74
------------------------------------------
| eval/                   |              |
|    mean_ep_length       | 300          |
|    mean_reward          | 196          |
| time/                   |              |
|    total_timesteps      | 320000       |
| train/                  |              |
|    approx_kl            | 0.0011505282 |
|    clip_fraction        | 0.0659       |
|    clip_range           | 0.1          |
|    entropy_loss         | -0.618       |
|    explained_variance   | 0.944        |
|    learning_rate        | 0.00012      |
|    loss                 | 8.92         |
|    n_updates            | 1560         |
|    policy_gradient_loss | -0.000808    |
|    value_loss           | 65.9         |
------------------------------------------
---------------------------------
| rollout/           |          |
|    ep_len_mean     | 240      |
|    ep_rew_mean     | 199      |
| time/              |          |
|    fps             | 336      |
|    iterations      | 157      |
|    time_elapsed    | 954      |
|    total_timesteps | 321536   |
---------------------------------
-------------------------------------------
| rollout/                |               |
|    ep_len_mean          | 232           |
|    ep_rew_mean          | 198           |
| time/                   |               |
|    fps                  | 336           |
|    iterations           | 158           |
|    time_elapsed         | 960           |
|    total_timesteps      | 323584        |
| train/                  |               |
|    approx_kl            | 0.00089628424 |
|    clip_fraction        | 0.0473        |
|    clip_range           | 0.1           |
|    entropy_loss         | -0.545        |
|    explained_variance   | 0.798         |
|    learning_rate        | 0.00012       |
|    loss                 | 99.9          |
|    n_updates            | 1570          |
|    policy_gradient_loss | -0.00106      |
|    value_loss           | 134           |
-------------------------------------------
------------------------------------------
| rollout/                |              |
|    ep_len_mean          | 233          |
|    ep_rew_mean          | 205          |
| time/                   |              |
|    fps                  | 336          |
|    iterations           | 159          |
|    time_elapsed         | 966          |
|    total_timesteps      | 325632       |
| train/                  |              |
|    approx_kl            | 0.0016857743 |
|    clip_fraction        | 0.0699       |
|    clip_range           | 0.1          |
|    entropy_loss         | -0.645       |
|    explained_variance   | 0.802        |
|    learning_rate        | 0.00012      |
|    loss                 | 86.4         |
|    n_updates            | 1580         |
|    policy_gradient_loss | -0.00245     |
|    value_loss           | 200          |
------------------------------------------
------------------------------------------
| rollout/                |              |
|    ep_len_mean          | 232          |
|    ep_rew_mean          | 198          |
| time/                   |              |
|    fps                  | 337          |
|    iterations           | 160          |
|    time_elapsed         | 972          |
|    total_timesteps      | 327680       |
| train/                  |              |
|    approx_kl            | 0.0017595328 |
|    clip_fraction        | 0.0734       |
|    clip_range           | 0.1          |
|    entropy_loss         | -0.647       |
|    explained_variance   | 0.946        |
|    learning_rate        | 0.00012      |
|    loss                 | 18.9         |
|    n_updates            | 1590         |
|    policy_gradient_loss | -0.00176     |
|    value_loss           | 45.1         |
------------------------------------------
------------------------------------------
| rollout/                |              |
|    ep_len_mean          | 229          |
|    ep_rew_mean          | 195          |
| time/                   |              |
|    fps                  | 337          |
|    iterations           | 161          |
|    time_elapsed         | 978          |
|    total_timesteps      | 329728       |
| train/                  |              |
|    approx_kl            | 0.0010240985 |
|    clip_fraction        | 0.042        |
|    clip_range           | 0.1          |
|    entropy_loss         | -0.691       |
|    explained_variance   | 0.882        |
|    learning_rate        | 0.00012      |
|    loss                 | 16.1         |
|    n_updates            | 1600         |
|    policy_gradient_loss | -0.000869    |
|    value_loss           | 154          |
------------------------------------------
------------------------------------------
| rollout/                |              |
|    ep_len_mean          | 226          |
|    ep_rew_mean          | 199          |
| time/                   |              |
|    fps                  | 337          |
|    iterations           | 162          |
|    time_elapsed         | 984          |
|    total_timesteps      | 331776       |
| train/                  |              |
|    approx_kl            | 0.0014277624 |
|    clip_fraction        | 0.0468       |
|    clip_range           | 0.1          |
|    entropy_loss         | -0.702       |
|    explained_variance   | 0.872        |
|    learning_rate        | 0.00012      |
|    loss                 | 126          |
|    n_updates            | 1610         |
|    policy_gradient_loss | -0.00179     |
|    value_loss           | 137          |
------------------------------------------
-----------------------------------------
| rollout/                |             |
|    ep_len_mean          | 224         |
|    ep_rew_mean          | 198         |
| time/                   |             |
|    fps                  | 337         |
|    iterations           | 163         |
|    time_elapsed         | 990         |
|    total_timesteps      | 333824      |
| train/                  |             |
|    approx_kl            | 0.001971792 |
|    clip_fraction        | 0.0806      |
|    clip_range           | 0.1         |
|    entropy_loss         | -0.705      |
|    explained_variance   | 0.91        |
|    learning_rate        | 0.00012     |
|    loss                 | 15.6        |
|    n_updates            | 1620        |
|    policy_gradient_loss | -0.00217    |
|    value_loss           | 69          |
-----------------------------------------
------------------------------------------
| rollout/                |              |
|    ep_len_mean          | 228          |
|    ep_rew_mean          | 195          |
| time/                   |              |
|    fps                  | 337          |
|    iterations           | 164          |
|    time_elapsed         | 996          |
|    total_timesteps      | 335872       |
| train/                  |              |
|    approx_kl            | 0.0014486406 |
|    clip_fraction        | 0.0751       |
|    clip_range           | 0.1          |
|    entropy_loss         | -0.604       |
|    explained_variance   | 0.945        |
|    learning_rate        | 0.00012      |
|    loss                 | 19.2         |
|    n_updates            | 1630         |
|    policy_gradient_loss | -0.00103     |
|    value_loss           | 94.6         |
------------------------------------------
------------------------------------------
| rollout/                |              |
|    ep_len_mean          | 226          |
|    ep_rew_mean          | 195          |
| time/                   |              |
|    fps                  | 337          |
|    iterations           | 165          |
|    time_elapsed         | 1002         |
|    total_timesteps      | 337920       |
| train/                  |              |
|    approx_kl            | 0.0016306867 |
|    clip_fraction        | 0.0828       |
|    clip_range           | 0.1          |
|    entropy_loss         | -0.673       |
|    explained_variance   | 0.955        |
|    learning_rate        | 0.00012      |
|    loss                 | 30.8         |
|    n_updates            | 1640         |
|    policy_gradient_loss | -0.000863    |
|    value_loss           | 55.7         |
------------------------------------------
------------------------------------------
| rollout/                |              |
|    ep_len_mean          | 234          |
|    ep_rew_mean          | 199          |
| time/                   |              |
|    fps                  | 337          |
|    iterations           | 166          |
|    time_elapsed         | 1007         |
|    total_timesteps      | 339968       |
| train/                  |              |
|    approx_kl            | 0.0016120226 |
|    clip_fraction        | 0.0544       |
|    clip_range           | 0.1          |
|    entropy_loss         | -0.664       |
|    explained_variance   | 0.862        |
|    learning_rate        | 0.00012      |
|    loss                 | 8.91         |
|    n_updates            | 1650         |
|    policy_gradient_loss | 0.000243     |
|    value_loss           | 38.9         |
------------------------------------------
Eval num_timesteps=340000, episode_reward=267.68 +/- 7.89
Episode length: 259.80 +/- 13.70
------------------------------------------
| eval/                   |              |
|    mean_ep_length       | 260          |
|    mean_reward          | 268          |
| time/                   |              |
|    total_timesteps      | 340000       |
| train/                  |              |
|    approx_kl            | 0.0017694791 |
|    clip_fraction        | 0.0608       |
|    clip_range           | 0.1          |
|    entropy_loss         | -0.572       |
|    explained_variance   | 0.92         |
|    learning_rate        | 0.00012      |
|    loss                 | 13.9         |
|    n_updates            | 1660         |
|    policy_gradient_loss | -0.00266     |
|    value_loss           | 97.1         |
------------------------------------------
New best mean reward!
---------------------------------
| rollout/           |          |
|    ep_len_mean     | 231      |
|    ep_rew_mean     | 204      |
| time/              |          |
|    fps             | 336      |
|    iterations      | 167      |
|    time_elapsed    | 1015     |
|    total_timesteps | 342016   |
---------------------------------
------------------------------------------
| rollout/                |              |
|    ep_len_mean          | 229          |
|    ep_rew_mean          | 206          |
| time/                   |              |
|    fps                  | 336          |
|    iterations           | 168          |
|    time_elapsed         | 1021         |
|    total_timesteps      | 344064       |
| train/                  |              |
|    approx_kl            | 0.0023989691 |
|    clip_fraction        | 0.0926       |
|    clip_range           | 0.1          |
|    entropy_loss         | -0.661       |
|    explained_variance   | 0.882        |
|    learning_rate        | 0.00012      |
|    loss                 | 7.51         |
|    n_updates            | 1670         |
|    policy_gradient_loss | -0.00136     |
|    value_loss           | 27.2         |
------------------------------------------
------------------------------------------
| rollout/                |              |
|    ep_len_mean          | 227          |
|    ep_rew_mean          | 214          |
| time/                   |              |
|    fps                  | 336          |
|    iterations           | 169          |
|    time_elapsed         | 1027         |
|    total_timesteps      | 346112       |
| train/                  |              |
|    approx_kl            | 0.0021081483 |
|    clip_fraction        | 0.0726       |
|    clip_range           | 0.1          |
|    entropy_loss         | -0.684       |
|    explained_variance   | 0.793        |
|    learning_rate        | 0.00012      |
|    loss                 | 90.5         |
|    n_updates            | 1680         |
|    policy_gradient_loss | -0.00185     |
|    value_loss           | 98.6         |
------------------------------------------
------------------------------------------
| rollout/                |              |
|    ep_len_mean          | 224          |
|    ep_rew_mean          | 216          |
| time/                   |              |
|    fps                  | 336          |
|    iterations           | 170          |
|    time_elapsed         | 1033         |
|    total_timesteps      | 348160       |
| train/                  |              |
|    approx_kl            | 0.0010641431 |
|    clip_fraction        | 0.0482       |
|    clip_range           | 0.1          |
|    entropy_loss         | -0.626       |
|    explained_variance   | 0.813        |
|    learning_rate        | 0.00012      |
|    loss                 | 58.4         |
|    n_updates            | 1690         |
|    policy_gradient_loss | -0.00057     |
|    value_loss           | 93.1         |
------------------------------------------
------------------------------------------
| rollout/                |              |
|    ep_len_mean          | 220          |
|    ep_rew_mean          | 215          |
| time/                   |              |
|    fps                  | 337          |
|    iterations           | 171          |
|    time_elapsed         | 1039         |
|    total_timesteps      | 350208       |
| train/                  |              |
|    approx_kl            | 0.0014226336 |
|    clip_fraction        | 0.0747       |
|    clip_range           | 0.1          |
|    entropy_loss         | -0.667       |
|    explained_variance   | 0.748        |
|    learning_rate        | 0.00012      |
|    loss                 | 50.2         |
|    n_updates            | 1700         |
|    policy_gradient_loss | -0.00174     |
|    value_loss           | 120          |
------------------------------------------
------------------------------------------
| rollout/                |              |
|    ep_len_mean          | 218          |
|    ep_rew_mean          | 210          |
| time/                   |              |
|    fps                  | 337          |
|    iterations           | 172          |
|    time_elapsed         | 1045         |
|    total_timesteps      | 352256       |
| train/                  |              |
|    approx_kl            | 0.0014640391 |
|    clip_fraction        | 0.0393       |
|    clip_range           | 0.1          |
|    entropy_loss         | -0.771       |
|    explained_variance   | 0.771        |
|    learning_rate        | 0.00012      |
|    loss                 | 84.2         |
|    n_updates            | 1710         |
|    policy_gradient_loss | -0.000941    |
|    value_loss           | 181          |
------------------------------------------
------------------------------------------
| rollout/                |              |
|    ep_len_mean          | 219          |
|    ep_rew_mean          | 211          |
| time/                   |              |
|    fps                  | 337          |
|    iterations           | 173          |
|    time_elapsed         | 1051         |
|    total_timesteps      | 354304       |
| train/                  |              |
|    approx_kl            | 0.0021266437 |
|    clip_fraction        | 0.0747       |
|    clip_range           | 0.1          |
|    entropy_loss         | -0.744       |
|    explained_variance   | 0.797        |
|    learning_rate        | 0.00012      |
|    loss                 | 83.3         |
|    n_updates            | 1720         |
|    policy_gradient_loss | -0.00384     |
|    value_loss           | 134          |
------------------------------------------
-----------------------------------------
| rollout/                |             |
|    ep_len_mean          | 212         |
|    ep_rew_mean          | 214         |
| time/                   |             |
|    fps                  | 337         |
|    iterations           | 174         |
|    time_elapsed         | 1057        |
|    total_timesteps      | 356352      |
| train/                  |             |
|    approx_kl            | 0.001661585 |
|    clip_fraction        | 0.056       |
|    clip_range           | 0.1         |
|    entropy_loss         | -0.689      |
|    explained_variance   | 0.843       |
|    learning_rate        | 0.00012     |
|    loss                 | 24.9        |
|    n_updates            | 1730        |
|    policy_gradient_loss | -0.000653   |
|    value_loss           | 126         |
-----------------------------------------
------------------------------------------
| rollout/                |              |
|    ep_len_mean          | 225          |
|    ep_rew_mean          | 219          |
| time/                   |              |
|    fps                  | 337          |
|    iterations           | 175          |
|    time_elapsed         | 1063         |
|    total_timesteps      | 358400       |
| train/                  |              |
|    approx_kl            | 0.0014538341 |
|    clip_fraction        | 0.0765       |
|    clip_range           | 0.1          |
|    entropy_loss         | -0.69        |
|    explained_variance   | 0.781        |
|    learning_rate        | 0.00012      |
|    loss                 | 28.2         |
|    n_updates            | 1740         |
|    policy_gradient_loss | -0.00198     |
|    value_loss           | 88.9         |
------------------------------------------
Eval num_timesteps=360000, episode_reward=259.30 +/- 20.00
Episode length: 243.60 +/- 17.34
-----------------------------------------
| eval/                   |             |
|    mean_ep_length       | 244         |
|    mean_reward          | 259         |
| time/                   |             |
|    total_timesteps      | 360000      |
| train/                  |             |
|    approx_kl            | 0.006885394 |
|    clip_fraction        | 0.0732      |
|    clip_range           | 0.1         |
|    entropy_loss         | -0.527      |
|    explained_variance   | 0.948       |
|    learning_rate        | 0.00012     |
|    loss                 | 22          |
|    n_updates            | 1750        |
|    policy_gradient_loss | -0.0017     |
|    value_loss           | 60.7        |
-----------------------------------------
---------------------------------
| rollout/           |          |
|    ep_len_mean     | 226      |
|    ep_rew_mean     | 214      |
| time/              |          |
|    fps             | 336      |
|    iterations      | 176      |
|    time_elapsed    | 1070     |
|    total_timesteps | 360448   |
---------------------------------
------------------------------------------
| rollout/                |              |
|    ep_len_mean          | 220          |
|    ep_rew_mean          | 216          |
| time/                   |              |
|    fps                  | 336          |
|    iterations           | 177          |
|    time_elapsed         | 1076         |
|    total_timesteps      | 362496       |
| train/                  |              |
|    approx_kl            | 0.0023266715 |
|    clip_fraction        | 0.0832       |
|    clip_range           | 0.1          |
|    entropy_loss         | -0.669       |
|    explained_variance   | 0.94         |
|    learning_rate        | 0.00012      |
|    loss                 | 6.87         |
|    n_updates            | 1760         |
|    policy_gradient_loss | -0.00151     |
|    value_loss           | 35.8         |
------------------------------------------
------------------------------------------
| rollout/                |              |
|    ep_len_mean          | 223          |
|    ep_rew_mean          | 213          |
| time/                   |              |
|    fps                  | 336          |
|    iterations           | 178          |
|    time_elapsed         | 1082         |
|    total_timesteps      | 364544       |
| train/                  |              |
|    approx_kl            | 0.0020514831 |
|    clip_fraction        | 0.0616       |
|    clip_range           | 0.1          |
|    entropy_loss         | -0.673       |
|    explained_variance   | 0.855        |
|    learning_rate        | 0.00012      |
|    loss                 | 57           |
|    n_updates            | 1770         |
|    policy_gradient_loss | -0.00123     |
|    value_loss           | 83.5         |
------------------------------------------
------------------------------------------
| rollout/                |              |
|    ep_len_mean          | 224          |
|    ep_rew_mean          | 207          |
| time/                   |              |
|    fps                  | 336          |
|    iterations           | 179          |
|    time_elapsed         | 1088         |
|    total_timesteps      | 366592       |
| train/                  |              |
|    approx_kl            | 0.0012102223 |
|    clip_fraction        | 0.0509       |
|    clip_range           | 0.1          |
|    entropy_loss         | -0.598       |
|    explained_variance   | 0.859        |
|    learning_rate        | 0.00012      |
|    loss                 | 15           |
|    n_updates            | 1780         |
|    policy_gradient_loss | -0.00123     |
|    value_loss           | 82.2         |
------------------------------------------
------------------------------------------
| rollout/                |              |
|    ep_len_mean          | 224          |
|    ep_rew_mean          | 198          |
| time/                   |              |
|    fps                  | 336          |
|    iterations           | 180          |
|    time_elapsed         | 1094         |
|    total_timesteps      | 368640       |
| train/                  |              |
|    approx_kl            | 0.0014739281 |
|    clip_fraction        | 0.056        |
|    clip_range           | 0.1          |
|    entropy_loss         | -0.617       |
|    explained_variance   | 0.891        |
|    learning_rate        | 0.00012      |
|    loss                 | 30.7         |
|    n_updates            | 1790         |
|    policy_gradient_loss | -0.000578    |
|    value_loss           | 115          |
------------------------------------------
------------------------------------------
| rollout/                |              |
|    ep_len_mean          | 225          |
|    ep_rew_mean          | 198          |
| time/                   |              |
|    fps                  | 336          |
|    iterations           | 181          |
|    time_elapsed         | 1100         |
|    total_timesteps      | 370688       |
| train/                  |              |
|    approx_kl            | 0.0022979411 |
|    clip_fraction        | 0.0781       |
|    clip_range           | 0.1          |
|    entropy_loss         | -0.653       |
|    explained_variance   | 0.865        |
|    learning_rate        | 0.00012      |
|    loss                 | 72.1         |
|    n_updates            | 1800         |
|    policy_gradient_loss | -0.00274     |
|    value_loss           | 174          |
------------------------------------------
------------------------------------------
| rollout/                |              |
|    ep_len_mean          | 227          |
|    ep_rew_mean          | 199          |
| time/                   |              |
|    fps                  | 336          |
|    iterations           | 182          |
|    time_elapsed         | 1106         |
|    total_timesteps      | 372736       |
| train/                  |              |
|    approx_kl            | 0.0011301821 |
|    clip_fraction        | 0.0494       |
|    clip_range           | 0.1          |
|    entropy_loss         | -0.665       |
|    explained_variance   | 0.863        |
|    learning_rate        | 0.00012      |
|    loss                 | 48           |
|    n_updates            | 1810         |
|    policy_gradient_loss | -0.00222     |
|    value_loss           | 88.5         |
------------------------------------------
-----------------------------------------
| rollout/                |             |
|    ep_len_mean          | 231         |
|    ep_rew_mean          | 204         |
| time/                   |             |
|    fps                  | 336         |
|    iterations           | 183         |
|    time_elapsed         | 1112        |
|    total_timesteps      | 374784      |
| train/                  |             |
|    approx_kl            | 0.000932247 |
|    clip_fraction        | 0.0362      |
|    clip_range           | 0.1         |
|    entropy_loss         | -0.669      |
|    explained_variance   | 0.806       |
|    learning_rate        | 0.00012     |
|    loss                 | 37.8        |
|    n_updates            | 1820        |
|    policy_gradient_loss | -0.0021     |
|    value_loss           | 188         |
-----------------------------------------
------------------------------------------
| rollout/                |              |
|    ep_len_mean          | 241          |
|    ep_rew_mean          | 208          |
| time/                   |              |
|    fps                  | 336          |
|    iterations           | 184          |
|    time_elapsed         | 1118         |
|    total_timesteps      | 376832       |
| train/                  |              |
|    approx_kl            | 0.0023413608 |
|    clip_fraction        | 0.0495       |
|    clip_range           | 0.1          |
|    entropy_loss         | -0.609       |
|    explained_variance   | 0.831        |
|    learning_rate        | 0.00012      |
|    loss                 | 31.5         |
|    n_updates            | 1830         |
|    policy_gradient_loss | -0.000846    |
|    value_loss           | 103          |
------------------------------------------
------------------------------------------
| rollout/                |              |
|    ep_len_mean          | 239          |
|    ep_rew_mean          | 198          |
| time/                   |              |
|    fps                  | 336          |
|    iterations           | 185          |
|    time_elapsed         | 1124         |
|    total_timesteps      | 378880       |
| train/                  |              |
|    approx_kl            | 0.0019432427 |
|    clip_fraction        | 0.132        |
|    clip_range           | 0.1          |
|    entropy_loss         | -0.619       |
|    explained_variance   | 0.829        |
|    learning_rate        | 0.00012      |
|    loss                 | 4.32         |
|    n_updates            | 1840         |
|    policy_gradient_loss | -0.000305    |
|    value_loss           | 37.5         |
------------------------------------------
Eval num_timesteps=380000, episode_reward=198.74 +/- 126.95
Episode length: 318.40 +/- 101.49
------------------------------------------
| eval/                   |              |
|    mean_ep_length       | 318          |
|    mean_reward          | 199          |
| time/                   |              |
|    total_timesteps      | 380000       |
| train/                  |              |
|    approx_kl            | 0.0014435919 |
|    clip_fraction        | 0.0552       |
|    clip_range           | 0.1          |
|    entropy_loss         | -0.647       |
|    explained_variance   | 0.796        |
|    learning_rate        | 0.00012      |
|    loss                 | 85.9         |
|    n_updates            | 1850         |
|    policy_gradient_loss | -0.00157     |
|    value_loss           | 153          |
------------------------------------------
---------------------------------
| rollout/           |          |
|    ep_len_mean     | 246      |
|    ep_rew_mean     | 198      |
| time/              |          |
|    fps             | 336      |
|    iterations      | 186      |
|    time_elapsed    | 1132     |
|    total_timesteps | 380928   |
---------------------------------
------------------------------------------
| rollout/                |              |
|    ep_len_mean          | 238          |
|    ep_rew_mean          | 198          |
| time/                   |              |
|    fps                  | 336          |
|    iterations           | 187          |
|    time_elapsed         | 1138         |
|    total_timesteps      | 382976       |
| train/                  |              |
|    approx_kl            | 0.0021092203 |
|    clip_fraction        | 0.13         |
|    clip_range           | 0.1          |
|    entropy_loss         | -0.72        |
|    explained_variance   | 0.957        |
|    learning_rate        | 0.00012      |
|    loss                 | 3.99         |
|    n_updates            | 1860         |
|    policy_gradient_loss | -0.00141     |
|    value_loss           | 43.9         |
------------------------------------------
-----------------------------------------
| rollout/                |             |
|    ep_len_mean          | 235         |
|    ep_rew_mean          | 204         |
| time/                   |             |
|    fps                  | 336         |
|    iterations           | 188         |
|    time_elapsed         | 1144        |
|    total_timesteps      | 385024      |
| train/                  |             |
|    approx_kl            | 0.002832882 |
|    clip_fraction        | 0.122       |
|    clip_range           | 0.1         |
|    entropy_loss         | -0.654      |
|    explained_variance   | 0.842       |
|    learning_rate        | 0.00012     |
|    loss                 | 5.83        |
|    n_updates            | 1870        |
|    policy_gradient_loss | -0.00325    |
|    value_loss           | 25          |
-----------------------------------------
-----------------------------------------
| rollout/                |             |
|    ep_len_mean          | 239         |
|    ep_rew_mean          | 208         |
| time/                   |             |
|    fps                  | 336         |
|    iterations           | 189         |
|    time_elapsed         | 1150        |
|    total_timesteps      | 387072      |
| train/                  |             |
|    approx_kl            | 0.002088194 |
|    clip_fraction        | 0.099       |
|    clip_range           | 0.1         |
|    entropy_loss         | -0.674      |
|    explained_variance   | 0.832       |
|    learning_rate        | 0.00012     |
|    loss                 | 39.9        |
|    n_updates            | 1880        |
|    policy_gradient_loss | -0.000802   |
|    value_loss           | 78.1        |
-----------------------------------------
------------------------------------------
| rollout/                |              |
|    ep_len_mean          | 236          |
|    ep_rew_mean          | 213          |
| time/                   |              |
|    fps                  | 336          |
|    iterations           | 190          |
|    time_elapsed         | 1156         |
|    total_timesteps      | 389120       |
| train/                  |              |
|    approx_kl            | 0.0019203944 |
|    clip_fraction        | 0.0811       |
|    clip_range           | 0.1          |
|    entropy_loss         | -0.541       |
|    explained_variance   | 0.867        |
|    learning_rate        | 0.00012      |
|    loss                 | 33.2         |
|    n_updates            | 1890         |
|    policy_gradient_loss | -0.000557    |
|    value_loss           | 34.6         |
------------------------------------------
------------------------------------------
| rollout/                |              |
|    ep_len_mean          | 235          |
|    ep_rew_mean          | 217          |
| time/                   |              |
|    fps                  | 336          |
|    iterations           | 191          |
|    time_elapsed         | 1162         |
|    total_timesteps      | 391168       |
| train/                  |              |
|    approx_kl            | 0.0014883878 |
|    clip_fraction        | 0.0668       |
|    clip_range           | 0.1          |
|    entropy_loss         | -0.597       |
|    explained_variance   | 0.81         |
|    learning_rate        | 0.00012      |
|    loss                 | 8.45         |
|    n_updates            | 1900         |
|    policy_gradient_loss | -0.00068     |
|    value_loss           | 50.3         |
------------------------------------------
------------------------------------------
| rollout/                |              |
|    ep_len_mean          | 234          |
|    ep_rew_mean          | 217          |
| time/                   |              |
|    fps                  | 336          |
|    iterations           | 192          |
|    time_elapsed         | 1167         |
|    total_timesteps      | 393216       |
| train/                  |              |
|    approx_kl            | 0.0031407338 |
|    clip_fraction        | 0.076        |
|    clip_range           | 0.1          |
|    entropy_loss         | -0.615       |
|    explained_variance   | 0.873        |
|    learning_rate        | 0.00012      |
|    loss                 | 13.5         |
|    n_updates            | 1910         |
|    policy_gradient_loss | -0.0013      |
|    value_loss           | 75.9         |
------------------------------------------
------------------------------------------
| rollout/                |              |
|    ep_len_mean          | 235          |
|    ep_rew_mean          | 221          |
| time/                   |              |
|    fps                  | 336          |
|    iterations           | 193          |
|    time_elapsed         | 1173         |
|    total_timesteps      | 395264       |
| train/                  |              |
|    approx_kl            | 0.0016583544 |
|    clip_fraction        | 0.0604       |
|    clip_range           | 0.1          |
|    entropy_loss         | -0.696       |
|    explained_variance   | 0.618        |
|    learning_rate        | 0.00012      |
|    loss                 | 294          |
|    n_updates            | 1920         |
|    policy_gradient_loss | -0.000481    |
|    value_loss           | 119          |
------------------------------------------
------------------------------------------
| rollout/                |              |
|    ep_len_mean          | 229          |
|    ep_rew_mean          | 223          |
| time/                   |              |
|    fps                  | 336          |
|    iterations           | 194          |
|    time_elapsed         | 1179         |
|    total_timesteps      | 397312       |
| train/                  |              |
|    approx_kl            | 0.0022993167 |
|    clip_fraction        | 0.0757       |
|    clip_range           | 0.1          |
|    entropy_loss         | -0.663       |
|    explained_variance   | 0.884        |
|    learning_rate        | 0.00012      |
|    loss                 | 11.1         |
|    n_updates            | 1930         |
|    policy_gradient_loss | -0.00263     |
|    value_loss           | 49.7         |
------------------------------------------
------------------------------------------
| rollout/                |              |
|    ep_len_mean          | 229          |
|    ep_rew_mean          | 223          |
| time/                   |              |
|    fps                  | 336          |
|    iterations           | 195          |
|    time_elapsed         | 1185         |
|    total_timesteps      | 399360       |
| train/                  |              |
|    approx_kl            | 0.0016467092 |
|    clip_fraction        | 0.0878       |
|    clip_range           | 0.1          |
|    entropy_loss         | -0.669       |
|    explained_variance   | 0.921        |
|    learning_rate        | 0.00012      |
|    loss                 | 3.46         |
|    n_updates            | 1940         |
|    policy_gradient_loss | -0.000241    |
|    value_loss           | 33.2         |
------------------------------------------
Eval num_timesteps=400000, episode_reward=271.60 +/- 22.69
Episode length: 244.20 +/- 17.74
-----------------------------------------
| eval/                   |             |
|    mean_ep_length       | 244         |
|    mean_reward          | 272         |
| time/                   |             |
|    total_timesteps      | 400000      |
| train/                  |             |
|    approx_kl            | 0.002090948 |
|    clip_fraction        | 0.122       |
|    clip_range           | 0.1         |
|    entropy_loss         | -0.588      |
|    explained_variance   | 0.968       |
|    learning_rate        | 0.00012     |
|    loss                 | 5.01        |
|    n_updates            | 1950        |
|    policy_gradient_loss | -0.000244   |
|    value_loss           | 31.9        |
-----------------------------------------
New best mean reward!
---------------------------------
| rollout/           |          |
|    ep_len_mean     | 230      |
|    ep_rew_mean     | 232      |
| time/              |          |
|    fps             | 336      |
|    iterations      | 196      |
|    time_elapsed    | 1193     |
|    total_timesteps | 401408   |
---------------------------------
------------------------------------------
| rollout/                |              |
|    ep_len_mean          | 223          |
|    ep_rew_mean          | 233          |
| time/                   |              |
|    fps                  | 336          |
|    iterations           | 197          |
|    time_elapsed         | 1198         |
|    total_timesteps      | 403456       |
| train/                  |              |
|    approx_kl            | 0.0012930505 |
|    clip_fraction        | 0.0565       |
|    clip_range           | 0.1          |
|    entropy_loss         | -0.676       |
|    explained_variance   | 0.767        |
|    learning_rate        | 0.00012      |
|    loss                 | 29.5         |
|    n_updates            | 1960         |
|    policy_gradient_loss | -0.00214     |
|    value_loss           | 93.5         |
------------------------------------------
-----------------------------------------
| rollout/                |             |
|    ep_len_mean          | 221         |
|    ep_rew_mean          | 234         |
| time/                   |             |
|    fps                  | 336         |
|    iterations           | 198         |
|    time_elapsed         | 1204        |
|    total_timesteps      | 405504      |
| train/                  |             |
|    approx_kl            | 0.001192508 |
|    clip_fraction        | 0.0537      |
|    clip_range           | 0.1         |
|    entropy_loss         | -0.636      |
|    explained_variance   | 0.522       |
|    learning_rate        | 0.00012     |
|    loss                 | 11.7        |
|    n_updates            | 1970        |
|    policy_gradient_loss | -0.00173    |
|    value_loss           | 149         |
-----------------------------------------
------------------------------------------
| rollout/                |              |
|    ep_len_mean          | 221          |
|    ep_rew_mean          | 229          |
| time/                   |              |
|    fps                  | 336          |
|    iterations           | 199          |
|    time_elapsed         | 1210         |
|    total_timesteps      | 407552       |
| train/                  |              |
|    approx_kl            | 0.0020428314 |
|    clip_fraction        | 0.0776       |
|    clip_range           | 0.1          |
|    entropy_loss         | -0.595       |
|    explained_variance   | 0.777        |
|    learning_rate        | 0.00012      |
|    loss                 | 7.8          |
|    n_updates            | 1980         |
|    policy_gradient_loss | -0.00103     |
|    value_loss           | 39           |
------------------------------------------
------------------------------------------
| rollout/                |              |
|    ep_len_mean          | 220          |
|    ep_rew_mean          | 224          |
| time/                   |              |
|    fps                  | 336          |
|    iterations           | 200          |
|    time_elapsed         | 1216         |
|    total_timesteps      | 409600       |
| train/                  |              |
|    approx_kl            | 0.0018768454 |
|    clip_fraction        | 0.0953       |
|    clip_range           | 0.1          |
|    entropy_loss         | -0.637       |
|    explained_variance   | 0.834        |
|    learning_rate        | 0.00012      |
|    loss                 | 5.83         |
|    n_updates            | 1990         |
|    policy_gradient_loss | 0.000262     |
|    value_loss           | 57.6         |
------------------------------------------
------------------------------------------
| rollout/                |              |
|    ep_len_mean          | 224          |
|    ep_rew_mean          | 230          |
| time/                   |              |
|    fps                  | 336          |
|    iterations           | 201          |
|    time_elapsed         | 1222         |
|    total_timesteps      | 411648       |
| train/                  |              |
|    approx_kl            | 0.0021558553 |
|    clip_fraction        | 0.0948       |
|    clip_range           | 0.1          |
|    entropy_loss         | -0.675       |
|    explained_variance   | 0.836        |
|    learning_rate        | 0.00012      |
|    loss                 | 4.7          |
|    n_updates            | 2000         |
|    policy_gradient_loss | -0.00184     |
|    value_loss           | 87.9         |
------------------------------------------
------------------------------------------
| rollout/                |              |
|    ep_len_mean          | 223          |
|    ep_rew_mean          | 234          |
| time/                   |              |
|    fps                  | 336          |
|    iterations           | 202          |
|    time_elapsed         | 1227         |
|    total_timesteps      | 413696       |
| train/                  |              |
|    approx_kl            | 0.0023994572 |
|    clip_fraction        | 0.0828       |
|    clip_range           | 0.1          |
|    entropy_loss         | -0.657       |
|    explained_variance   | 0.779        |
|    learning_rate        | 0.00012      |
|    loss                 | 6.75         |
|    n_updates            | 2010         |
|    policy_gradient_loss | -0.00118     |
|    value_loss           | 22.5         |
------------------------------------------
------------------------------------------
| rollout/                |              |
|    ep_len_mean          | 224          |
|    ep_rew_mean          | 239          |
| time/                   |              |
|    fps                  | 337          |
|    iterations           | 203          |
|    time_elapsed         | 1233         |
|    total_timesteps      | 415744       |
| train/                  |              |
|    approx_kl            | 0.0034164363 |
|    clip_fraction        | 0.101        |
|    clip_range           | 0.1          |
|    entropy_loss         | -0.632       |
|    explained_variance   | 0.878        |
|    learning_rate        | 0.00012      |
|    loss                 | 3.12         |
|    n_updates            | 2020         |
|    policy_gradient_loss | -0.000645    |
|    value_loss           | 10.9         |
------------------------------------------
------------------------------------------
| rollout/                |              |
|    ep_len_mean          | 225          |
|    ep_rew_mean          | 240          |
| time/                   |              |
|    fps                  | 337          |
|    iterations           | 204          |
|    time_elapsed         | 1239         |
|    total_timesteps      | 417792       |
| train/                  |              |
|    approx_kl            | 0.0023321575 |
|    clip_fraction        | 0.0965       |
|    clip_range           | 0.1          |
|    entropy_loss         | -0.63        |
|    explained_variance   | 0.784        |
|    learning_rate        | 0.00012      |
|    loss                 | 29.1         |
|    n_updates            | 2030         |
|    policy_gradient_loss | -7.2e-05     |
|    value_loss           | 52.5         |
------------------------------------------
------------------------------------------
| rollout/                |              |
|    ep_len_mean          | 228          |
|    ep_rew_mean          | 245          |
| time/                   |              |
|    fps                  | 337          |
|    iterations           | 205          |
|    time_elapsed         | 1244         |
|    total_timesteps      | 419840       |
| train/                  |              |
|    approx_kl            | 0.0016779525 |
|    clip_fraction        | 0.085        |
|    clip_range           | 0.1          |
|    entropy_loss         | -0.657       |
|    explained_variance   | 0.778        |
|    learning_rate        | 0.00012      |
|    loss                 | 29.7         |
|    n_updates            | 2040         |
|    policy_gradient_loss | -0.0037      |
|    value_loss           | 44.6         |
------------------------------------------
Eval num_timesteps=420000, episode_reward=235.27 +/- 30.23
Episode length: 299.00 +/- 60.43
------------------------------------------
| eval/                   |              |
|    mean_ep_length       | 299          |
|    mean_reward          | 235          |
| time/                   |              |
|    total_timesteps      | 420000       |
| train/                  |              |
|    approx_kl            | 0.0029569229 |
|    clip_fraction        | 0.121        |
|    clip_range           | 0.1          |
|    entropy_loss         | -0.671       |
|    explained_variance   | 0.845        |
|    learning_rate        | 0.00012      |
|    loss                 | 91.3         |
|    n_updates            | 2050         |
|    policy_gradient_loss | -0.00074     |
|    value_loss           | 57.7         |
------------------------------------------
---------------------------------
| rollout/           |          |
|    ep_len_mean     | 224      |
|    ep_rew_mean     | 247      |
| time/              |          |
|    fps             | 336      |
|    iterations      | 206      |
|    time_elapsed    | 1252     |
|    total_timesteps | 421888   |
---------------------------------
------------------------------------------
| rollout/                |              |
|    ep_len_mean          | 228          |
|    ep_rew_mean          | 245          |
| time/                   |              |
|    fps                  | 336          |
|    iterations           | 207          |
|    time_elapsed         | 1258         |
|    total_timesteps      | 423936       |
| train/                  |              |
|    approx_kl            | 0.0010627788 |
|    clip_fraction        | 0.0562       |
|    clip_range           | 0.1          |
|    entropy_loss         | -0.584       |
|    explained_variance   | 0.886        |
|    learning_rate        | 0.00012      |
|    loss                 | 65.5         |
|    n_updates            | 2060         |
|    policy_gradient_loss | -0.00206     |
|    value_loss           | 70.5         |
------------------------------------------
------------------------------------------
| rollout/                |              |
|    ep_len_mean          | 232          |
|    ep_rew_mean          | 248          |
| time/                   |              |
|    fps                  | 337          |
|    iterations           | 208          |
|    time_elapsed         | 1263         |
|    total_timesteps      | 425984       |
| train/                  |              |
|    approx_kl            | 0.0026289695 |
|    clip_fraction        | 0.073        |
|    clip_range           | 0.1          |
|    entropy_loss         | -0.662       |
|    explained_variance   | 0.918        |
|    learning_rate        | 0.00012      |
|    loss                 | 13.7         |
|    n_updates            | 2070         |
|    policy_gradient_loss | -0.00163     |
|    value_loss           | 91.9         |
------------------------------------------
------------------------------------------
| rollout/                |              |
|    ep_len_mean          | 237          |
|    ep_rew_mean          | 247          |
| time/                   |              |
|    fps                  | 337          |
|    iterations           | 209          |
|    time_elapsed         | 1269         |
|    total_timesteps      | 428032       |
| train/                  |              |
|    approx_kl            | 0.0032742717 |
|    clip_fraction        | 0.0939       |
|    clip_range           | 0.1          |
|    entropy_loss         | -0.616       |
|    explained_variance   | 0.911        |
|    learning_rate        | 0.00012      |
|    loss                 | 60.7         |
|    n_updates            | 2080         |
|    policy_gradient_loss | -0.00237     |
|    value_loss           | 91.4         |
------------------------------------------
------------------------------------------
| rollout/                |              |
|    ep_len_mean          | 239          |
|    ep_rew_mean          | 253          |
| time/                   |              |
|    fps                  | 337          |
|    iterations           | 210          |
|    time_elapsed         | 1275         |
|    total_timesteps      | 430080       |
| train/                  |              |
|    approx_kl            | 0.0020476677 |
|    clip_fraction        | 0.0762       |
|    clip_range           | 0.1          |
|    entropy_loss         | -0.688       |
|    explained_variance   | 0.933        |
|    learning_rate        | 0.00012      |
|    loss                 | 13.5         |
|    n_updates            | 2090         |
|    policy_gradient_loss | -0.000196    |
|    value_loss           | 71.4         |
------------------------------------------
------------------------------------------
| rollout/                |              |
|    ep_len_mean          | 237          |
|    ep_rew_mean          | 250          |
| time/                   |              |
|    fps                  | 337          |
|    iterations           | 211          |
|    time_elapsed         | 1280         |
|    total_timesteps      | 432128       |
| train/                  |              |
|    approx_kl            | 0.0016475599 |
|    clip_fraction        | 0.0729       |
|    clip_range           | 0.1          |
|    entropy_loss         | -0.597       |
|    explained_variance   | 0.853        |
|    learning_rate        | 0.00012      |
|    loss                 | 29.3         |
|    n_updates            | 2100         |
|    policy_gradient_loss | -0.0011      |
|    value_loss           | 58.4         |
------------------------------------------
------------------------------------------
| rollout/                |              |
|    ep_len_mean          | 243          |
|    ep_rew_mean          | 246          |
| time/                   |              |
|    fps                  | 337          |
|    iterations           | 212          |
|    time_elapsed         | 1286         |
|    total_timesteps      | 434176       |
| train/                  |              |
|    approx_kl            | 0.0034442376 |
|    clip_fraction        | 0.105        |
|    clip_range           | 0.1          |
|    entropy_loss         | -0.711       |
|    explained_variance   | 0.677        |
|    learning_rate        | 0.00012      |
|    loss                 | 55.3         |
|    n_updates            | 2110         |
|    policy_gradient_loss | -0.0016      |
|    value_loss           | 133          |
------------------------------------------
-----------------------------------------
| rollout/                |             |
|    ep_len_mean          | 241         |
|    ep_rew_mean          | 238         |
| time/                   |             |
|    fps                  | 337         |
|    iterations           | 213         |
|    time_elapsed         | 1292        |
|    total_timesteps      | 436224      |
| train/                  |             |
|    approx_kl            | 0.003629381 |
|    clip_fraction        | 0.139       |
|    clip_range           | 0.1         |
|    entropy_loss         | -0.645      |
|    explained_variance   | 0.926       |
|    learning_rate        | 0.00012     |
|    loss                 | 12.7        |
|    n_updates            | 2120        |
|    policy_gradient_loss | -0.00391    |
|    value_loss           | 97.6        |
-----------------------------------------
-----------------------------------------
| rollout/                |             |
|    ep_len_mean          | 244         |
|    ep_rew_mean          | 235         |
| time/                   |             |
|    fps                  | 337         |
|    iterations           | 214         |
|    time_elapsed         | 1297        |
|    total_timesteps      | 438272      |
| train/                  |             |
|    approx_kl            | 0.001281885 |
|    clip_fraction        | 0.039       |
|    clip_range           | 0.1         |
|    entropy_loss         | -0.649      |
|    explained_variance   | 0.772       |
|    learning_rate        | 0.00012     |
|    loss                 | 36.7        |
|    n_updates            | 2130        |
|    policy_gradient_loss | -0.00181    |
|    value_loss           | 172         |
-----------------------------------------
Eval num_timesteps=440000, episode_reward=268.31 +/- 18.46
Episode length: 249.20 +/- 21.72
------------------------------------------
| eval/                   |              |
|    mean_ep_length       | 249          |
|    mean_reward          | 268          |
| time/                   |              |
|    total_timesteps      | 440000       |
| train/                  |              |
|    approx_kl            | 0.0014445292 |
|    clip_fraction        | 0.079        |
|    clip_range           | 0.1          |
|    entropy_loss         | -0.655       |
|    explained_variance   | 0.715        |
|    learning_rate        | 0.00012      |
|    loss                 | 30           |
|    n_updates            | 2140         |
|    policy_gradient_loss | -0.00353     |
|    value_loss           | 111          |
------------------------------------------
---------------------------------
| rollout/           |          |
|    ep_len_mean     | 246      |
|    ep_rew_mean     | 234      |
| time/              |          |
|    fps             | 337      |
|    iterations      | 215      |
|    time_elapsed    | 1305     |
|    total_timesteps | 440320   |
---------------------------------
-----------------------------------------
| rollout/                |             |
|    ep_len_mean          | 246         |
|    ep_rew_mean          | 235         |
| time/                   |             |
|    fps                  | 337         |
|    iterations           | 216         |
|    time_elapsed         | 1310        |
|    total_timesteps      | 442368      |
| train/                  |             |
|    approx_kl            | 0.002341731 |
|    clip_fraction        | 0.108       |
|    clip_range           | 0.1         |
|    entropy_loss         | -0.66       |
|    explained_variance   | 0.846       |
|    learning_rate        | 0.00012     |
|    loss                 | 21          |
|    n_updates            | 2150        |
|    policy_gradient_loss | -0.00139    |
|    value_loss           | 128         |
-----------------------------------------
-----------------------------------------
| rollout/                |             |
|    ep_len_mean          | 247         |
|    ep_rew_mean          | 236         |
| time/                   |             |
|    fps                  | 337         |
|    iterations           | 217         |
|    time_elapsed         | 1316        |
|    total_timesteps      | 444416      |
| train/                  |             |
|    approx_kl            | 0.002450874 |
|    clip_fraction        | 0.116       |
|    clip_range           | 0.1         |
|    entropy_loss         | -0.67       |
|    explained_variance   | 0.708       |
|    learning_rate        | 0.00012     |
|    loss                 | 9.37        |
|    n_updates            | 2160        |
|    policy_gradient_loss | -0.00148    |
|    value_loss           | 83.1        |
-----------------------------------------
------------------------------------------
| rollout/                |              |
|    ep_len_mean          | 252          |
|    ep_rew_mean          | 232          |
| time/                   |              |
|    fps                  | 337          |
|    iterations           | 218          |
|    time_elapsed         | 1322         |
|    total_timesteps      | 446464       |
| train/                  |              |
|    approx_kl            | 0.0024382882 |
|    clip_fraction        | 0.0658       |
|    clip_range           | 0.1          |
|    entropy_loss         | -0.686       |
|    explained_variance   | 0.752        |
|    learning_rate        | 0.00012      |
|    loss                 | 21.2         |
|    n_updates            | 2170         |
|    policy_gradient_loss | -0.00083     |
|    value_loss           | 51.1         |
------------------------------------------
-----------------------------------------
| rollout/                |             |
|    ep_len_mean          | 243         |
|    ep_rew_mean          | 226         |
| time/                   |             |
|    fps                  | 337         |
|    iterations           | 219         |
|    time_elapsed         | 1328        |
|    total_timesteps      | 448512      |
| train/                  |             |
|    approx_kl            | 0.003521794 |
|    clip_fraction        | 0.188       |
|    clip_range           | 0.1         |
|    entropy_loss         | -0.686      |
|    explained_variance   | 0.957       |
|    learning_rate        | 0.00012     |
|    loss                 | 4.95        |
|    n_updates            | 2180        |
|    policy_gradient_loss | 0.00118     |
|    value_loss           | 34.1        |
-----------------------------------------
------------------------------------------
| rollout/                |              |
|    ep_len_mean          | 239          |
|    ep_rew_mean          | 226          |
| time/                   |              |
|    fps                  | 337          |
|    iterations           | 220          |
|    time_elapsed         | 1334         |
|    total_timesteps      | 450560       |
| train/                  |              |
|    approx_kl            | 0.0011662695 |
|    clip_fraction        | 0.0728       |
|    clip_range           | 0.1          |
|    entropy_loss         | -0.63        |
|    explained_variance   | 0.68         |
|    learning_rate        | 0.00012      |
|    loss                 | 30.3         |
|    n_updates            | 2190         |
|    policy_gradient_loss | -0.00123     |
|    value_loss           | 117          |
------------------------------------------
------------------------------------------
| rollout/                |              |
|    ep_len_mean          | 236          |
|    ep_rew_mean          | 221          |
| time/                   |              |
|    fps                  | 337          |
|    iterations           | 221          |
|    time_elapsed         | 1340         |
|    total_timesteps      | 452608       |
| train/                  |              |
|    approx_kl            | 0.0015427637 |
|    clip_fraction        | 0.0738       |
|    clip_range           | 0.1          |
|    entropy_loss         | -0.623       |
|    explained_variance   | 0.704        |
|    learning_rate        | 0.00012      |
|    loss                 | 34           |
|    n_updates            | 2200         |
|    policy_gradient_loss | -0.00122     |
|    value_loss           | 93.5         |
------------------------------------------
------------------------------------------
| rollout/                |              |
|    ep_len_mean          | 241          |
|    ep_rew_mean          | 221          |
| time/                   |              |
|    fps                  | 337          |
|    iterations           | 222          |
|    time_elapsed         | 1346         |
|    total_timesteps      | 454656       |
| train/                  |              |
|    approx_kl            | 0.0010259592 |
|    clip_fraction        | 0.0494       |
|    clip_range           | 0.1          |
|    entropy_loss         | -0.656       |
|    explained_variance   | 0.698        |
|    learning_rate        | 0.00012      |
|    loss                 | 20           |
|    n_updates            | 2210         |
|    policy_gradient_loss | -0.000998    |
|    value_loss           | 109          |
------------------------------------------
-----------------------------------------
| rollout/                |             |
|    ep_len_mean          | 249         |
|    ep_rew_mean          | 220         |
| time/                   |             |
|    fps                  | 337         |
|    iterations           | 223         |
|    time_elapsed         | 1351        |
|    total_timesteps      | 456704      |
| train/                  |             |
|    approx_kl            | 0.001221892 |
|    clip_fraction        | 0.0714      |
|    clip_range           | 0.1         |
|    entropy_loss         | -0.603      |
|    explained_variance   | 0.941       |
|    learning_rate        | 0.00012     |
|    loss                 | 12.3        |
|    n_updates            | 2220        |
|    policy_gradient_loss | -0.00112    |
|    value_loss           | 85.8        |
-----------------------------------------
------------------------------------------
| rollout/                |              |
|    ep_len_mean          | 245          |
|    ep_rew_mean          | 223          |
| time/                   |              |
|    fps                  | 337          |
|    iterations           | 224          |
|    time_elapsed         | 1357         |
|    total_timesteps      | 458752       |
| train/                  |              |
|    approx_kl            | 0.0024504256 |
|    clip_fraction        | 0.173        |
|    clip_range           | 0.1          |
|    entropy_loss         | -0.668       |
|    explained_variance   | 0.969        |
|    learning_rate        | 0.00012      |
|    loss                 | 4.88         |
|    n_updates            | 2230         |
|    policy_gradient_loss | -0.000495    |
|    value_loss           | 28.6         |
------------------------------------------
Eval num_timesteps=460000, episode_reward=263.39 +/- 47.73
Episode length: 371.80 +/- 314.25
------------------------------------------
| eval/                   |              |
|    mean_ep_length       | 372          |
|    mean_reward          | 263          |
| time/                   |              |
|    total_timesteps      | 460000       |
| train/                  |              |
|    approx_kl            | 0.0023120204 |
|    clip_fraction        | 0.101        |
|    clip_range           | 0.1          |
|    entropy_loss         | -0.656       |
|    explained_variance   | 0.839        |
|    learning_rate        | 0.00012      |
|    loss                 | 5.48         |
|    n_updates            | 2240         |
|    policy_gradient_loss | -0.00121     |
|    value_loss           | 33.3         |
------------------------------------------
---------------------------------
| rollout/           |          |
|    ep_len_mean     | 252      |
|    ep_rew_mean     | 226      |
| time/              |          |
|    fps             | 337      |
|    iterations      | 225      |
|    time_elapsed    | 1365     |
|    total_timesteps | 460800   |
---------------------------------
------------------------------------------
| rollout/                |              |
|    ep_len_mean          | 259          |
|    ep_rew_mean          | 225          |
| time/                   |              |
|    fps                  | 337          |
|    iterations           | 226          |
|    time_elapsed         | 1370         |
|    total_timesteps      | 462848       |
| train/                  |              |
|    approx_kl            | 0.0012454577 |
|    clip_fraction        | 0.0694       |
|    clip_range           | 0.1          |
|    entropy_loss         | -0.613       |
|    explained_variance   | 0.958        |
|    learning_rate        | 0.00012      |
|    loss                 | 10.8         |
|    n_updates            | 2250         |
|    policy_gradient_loss | -0.00088     |
|    value_loss           | 45.7         |
------------------------------------------
------------------------------------------
| rollout/                |              |
|    ep_len_mean          | 256          |
|    ep_rew_mean          | 227          |
| time/                   |              |
|    fps                  | 337          |
|    iterations           | 227          |
|    time_elapsed         | 1376         |
|    total_timesteps      | 464896       |
| train/                  |              |
|    approx_kl            | 0.0033012184 |
|    clip_fraction        | 0.107        |
|    clip_range           | 0.1          |
|    entropy_loss         | -0.566       |
|    explained_variance   | 0.952        |
|    learning_rate        | 0.00012      |
|    loss                 | 5.29         |
|    n_updates            | 2260         |
|    policy_gradient_loss | -0.00248     |
|    value_loss           | 50.5         |
------------------------------------------
-----------------------------------------
| rollout/                |             |
|    ep_len_mean          | 262         |
|    ep_rew_mean          | 223         |
| time/                   |             |
|    fps                  | 337         |
|    iterations           | 228         |
|    time_elapsed         | 1382        |
|    total_timesteps      | 466944      |
| train/                  |             |
|    approx_kl            | 0.001478872 |
|    clip_fraction        | 0.0665      |
|    clip_range           | 0.1         |
|    entropy_loss         | -0.678      |
|    explained_variance   | 0.678       |
|    learning_rate        | 0.00012     |
|    loss                 | 30.8        |
|    n_updates            | 2270        |
|    policy_gradient_loss | -0.000512   |
|    value_loss           | 78.3        |
-----------------------------------------
------------------------------------------
| rollout/                |              |
|    ep_len_mean          | 263          |
|    ep_rew_mean          | 229          |
| time/                   |              |
|    fps                  | 337          |
|    iterations           | 229          |
|    time_elapsed         | 1387         |
|    total_timesteps      | 468992       |
| train/                  |              |
|    approx_kl            | 0.0021265303 |
|    clip_fraction        | 0.131        |
|    clip_range           | 0.1          |
|    entropy_loss         | -0.627       |
|    explained_variance   | 0.976        |
|    learning_rate        | 0.00012      |
|    loss                 | 6.89         |
|    n_updates            | 2280         |
|    policy_gradient_loss | -0.000655    |
|    value_loss           | 31.3         |
------------------------------------------
------------------------------------------
| rollout/                |              |
|    ep_len_mean          | 253          |
|    ep_rew_mean          | 226          |
| time/                   |              |
|    fps                  | 338          |
|    iterations           | 230          |
|    time_elapsed         | 1393         |
|    total_timesteps      | 471040       |
| train/                  |              |
|    approx_kl            | 0.0018684263 |
|    clip_fraction        | 0.0832       |
|    clip_range           | 0.1          |
|    entropy_loss         | -0.658       |
|    explained_variance   | 0.851        |
|    learning_rate        | 0.00012      |
|    loss                 | 18.7         |
|    n_updates            | 2290         |
|    policy_gradient_loss | -0.00128     |
|    value_loss           | 21.4         |
------------------------------------------
-----------------------------------------
| rollout/                |             |
|    ep_len_mean          | 262         |
|    ep_rew_mean          | 228         |
| time/                   |             |
|    fps                  | 338         |
|    iterations           | 231         |
|    time_elapsed         | 1399        |
|    total_timesteps      | 473088      |
| train/                  |             |
|    approx_kl            | 0.001425638 |
|    clip_fraction        | 0.0553      |
|    clip_range           | 0.1         |
|    entropy_loss         | -0.606      |
|    explained_variance   | 0.828       |
|    learning_rate        | 0.00012     |
|    loss                 | 29.9        |
|    n_updates            | 2300        |
|    policy_gradient_loss | -0.00197    |
|    value_loss           | 82.9        |
-----------------------------------------
------------------------------------------
| rollout/                |              |
|    ep_len_mean          | 263          |
|    ep_rew_mean          | 234          |
| time/                   |              |
|    fps                  | 338          |
|    iterations           | 232          |
|    time_elapsed         | 1404         |
|    total_timesteps      | 475136       |
| train/                  |              |
|    approx_kl            | 0.0029922961 |
|    clip_fraction        | 0.116        |
|    clip_range           | 0.1          |
|    entropy_loss         | -0.657       |
|    explained_variance   | 0.984        |
|    learning_rate        | 0.00012      |
|    loss                 | 31.5         |
|    n_updates            | 2310         |
|    policy_gradient_loss | 0.000105     |
|    value_loss           | 20.9         |
------------------------------------------
------------------------------------------
| rollout/                |              |
|    ep_len_mean          | 263          |
|    ep_rew_mean          | 237          |
| time/                   |              |
|    fps                  | 338          |
|    iterations           | 233          |
|    time_elapsed         | 1410         |
|    total_timesteps      | 477184       |
| train/                  |              |
|    approx_kl            | 0.0019610992 |
|    clip_fraction        | 0.0738       |
|    clip_range           | 0.1          |
|    entropy_loss         | -0.559       |
|    explained_variance   | 0.808        |
|    learning_rate        | 0.00012      |
|    loss                 | 36.7         |
|    n_updates            | 2320         |
|    policy_gradient_loss | -0.000727    |
|    value_loss           | 74.6         |
------------------------------------------
-----------------------------------------
| rollout/                |             |
|    ep_len_mean          | 257         |
|    ep_rew_mean          | 236         |
| time/                   |             |
|    fps                  | 338         |
|    iterations           | 234         |
|    time_elapsed         | 1416        |
|    total_timesteps      | 479232      |
| train/                  |             |
|    approx_kl            | 0.001036572 |
|    clip_fraction        | 0.0453      |
|    clip_range           | 0.1         |
|    entropy_loss         | -0.577      |
|    explained_variance   | 0.804       |
|    learning_rate        | 0.00012     |
|    loss                 | 4.24        |
|    n_updates            | 2330        |
|    policy_gradient_loss | -0.0011     |
|    value_loss           | 57.8        |
-----------------------------------------
Eval num_timesteps=480000, episode_reward=281.73 +/- 7.73
Episode length: 269.80 +/- 62.40
------------------------------------------
| eval/                   |              |
|    mean_ep_length       | 270          |
|    mean_reward          | 282          |
| time/                   |              |
|    total_timesteps      | 480000       |
| train/                  |              |
|    approx_kl            | 0.0019026591 |
|    clip_fraction        | 0.0735       |
|    clip_range           | 0.1          |
|    entropy_loss         | -0.706       |
|    explained_variance   | 0.648        |
|    learning_rate        | 0.00012      |
|    loss                 | 16.5         |
|    n_updates            | 2340         |
|    policy_gradient_loss | -0.00107     |
|    value_loss           | 101          |
------------------------------------------
New best mean reward!
---------------------------------
| rollout/           |          |
|    ep_len_mean     | 245      |
|    ep_rew_mean     | 233      |
| time/              |          |
|    fps             | 338      |
|    iterations      | 235      |
|    time_elapsed    | 1423     |
|    total_timesteps | 481280   |
---------------------------------
------------------------------------------
| rollout/                |              |
|    ep_len_mean          | 245          |
|    ep_rew_mean          | 231          |
| time/                   |              |
|    fps                  | 338          |
|    iterations           | 236          |
|    time_elapsed         | 1429         |
|    total_timesteps      | 483328       |
| train/                  |              |
|    approx_kl            | 0.0013246774 |
|    clip_fraction        | 0.056        |
|    clip_range           | 0.1          |
|    entropy_loss         | -0.63        |
|    explained_variance   | 0.808        |
|    learning_rate        | 0.00012      |
|    loss                 | 10.4         |
|    n_updates            | 2350         |
|    policy_gradient_loss | -0.000647    |
|    value_loss           | 110          |
------------------------------------------
------------------------------------------
| rollout/                |              |
|    ep_len_mean          | 245          |
|    ep_rew_mean          | 230          |
| time/                   |              |
|    fps                  | 338          |
|    iterations           | 237          |
|    time_elapsed         | 1435         |
|    total_timesteps      | 485376       |
| train/                  |              |
|    approx_kl            | 0.0023513418 |
|    clip_fraction        | 0.0677       |
|    clip_range           | 0.1          |
|    entropy_loss         | -0.678       |
|    explained_variance   | 0.856        |
|    learning_rate        | 0.00012      |
|    loss                 | 18.8         |
|    n_updates            | 2360         |
|    policy_gradient_loss | -0.000858    |
|    value_loss           | 56.1         |
------------------------------------------
------------------------------------------
| rollout/                |              |
|    ep_len_mean          | 239          |
|    ep_rew_mean          | 233          |
| time/                   |              |
|    fps                  | 338          |
|    iterations           | 238          |
|    time_elapsed         | 1441         |
|    total_timesteps      | 487424       |
| train/                  |              |
|    approx_kl            | 0.0025733174 |
|    clip_fraction        | 0.11         |
|    clip_range           | 0.1          |
|    entropy_loss         | -0.605       |
|    explained_variance   | 0.934        |
|    learning_rate        | 0.00012      |
|    loss                 | 5.85         |
|    n_updates            | 2370         |
|    policy_gradient_loss | -0.000913    |
|    value_loss           | 45           |
------------------------------------------
------------------------------------------
| rollout/                |              |
|    ep_len_mean          | 246          |
|    ep_rew_mean          | 235          |
| time/                   |              |
|    fps                  | 338          |
|    iterations           | 239          |
|    time_elapsed         | 1447         |
|    total_timesteps      | 489472       |
| train/                  |              |
|    approx_kl            | 0.0028940658 |
|    clip_fraction        | 0.0638       |
|    clip_range           | 0.1          |
|    entropy_loss         | -0.538       |
|    explained_variance   | 0.894        |
|    learning_rate        | 0.00012      |
|    loss                 | 8.4          |
|    n_updates            | 2380         |
|    policy_gradient_loss | -0.00147     |
|    value_loss           | 62.9         |
------------------------------------------
------------------------------------------
| rollout/                |              |
|    ep_len_mean          | 241          |
|    ep_rew_mean          | 240          |
| time/                   |              |
|    fps                  | 338          |
|    iterations           | 240          |
|    time_elapsed         | 1453         |
|    total_timesteps      | 491520       |
| train/                  |              |
|    approx_kl            | 0.0017582908 |
|    clip_fraction        | 0.0729       |
|    clip_range           | 0.1          |
|    entropy_loss         | -0.604       |
|    explained_variance   | 0.959        |
|    learning_rate        | 0.00012      |
|    loss                 | 4.13         |
|    n_updates            | 2390         |
|    policy_gradient_loss | -0.000398    |
|    value_loss           | 29.6         |
------------------------------------------
------------------------------------------
| rollout/                |              |
|    ep_len_mean          | 239          |
|    ep_rew_mean          | 237          |
| time/                   |              |
|    fps                  | 338          |
|    iterations           | 241          |
|    time_elapsed         | 1459         |
|    total_timesteps      | 493568       |
| train/                  |              |
|    approx_kl            | 0.0029172697 |
|    clip_fraction        | 0.103        |
|    clip_range           | 0.1          |
|    entropy_loss         | -0.601       |
|    explained_variance   | 0.924        |
|    learning_rate        | 0.00012      |
|    loss                 | 16.2         |
|    n_updates            | 2400         |
|    policy_gradient_loss | -0.00598     |
|    value_loss           | 54.6         |
------------------------------------------
------------------------------------------
| rollout/                |              |
|    ep_len_mean          | 241          |
|    ep_rew_mean          | 242          |
| time/                   |              |
|    fps                  | 338          |
|    iterations           | 242          |
|    time_elapsed         | 1465         |
|    total_timesteps      | 495616       |
| train/                  |              |
|    approx_kl            | 0.0020491676 |
|    clip_fraction        | 0.0936       |
|    clip_range           | 0.1          |
|    entropy_loss         | -0.636       |
|    explained_variance   | 0.754        |
|    learning_rate        | 0.00012      |
|    loss                 | 3.57         |
|    n_updates            | 2410         |
|    policy_gradient_loss | -0.000488    |
|    value_loss           | 43.3         |
------------------------------------------
------------------------------------------
| rollout/                |              |
|    ep_len_mean          | 234          |
|    ep_rew_mean          | 247          |
| time/                   |              |
|    fps                  | 338          |
|    iterations           | 243          |
|    time_elapsed         | 1470         |
|    total_timesteps      | 497664       |
| train/                  |              |
|    approx_kl            | 0.0022201997 |
|    clip_fraction        | 0.0608       |
|    clip_range           | 0.1          |
|    entropy_loss         | -0.605       |
|    explained_variance   | 0.924        |
|    learning_rate        | 0.00012      |
|    loss                 | 13.2         |
|    n_updates            | 2420         |
|    policy_gradient_loss | -0.000857    |
|    value_loss           | 21.6         |
------------------------------------------
-----------------------------------------
| rollout/                |             |
|    ep_len_mean          | 248         |
|    ep_rew_mean          | 243         |
| time/                   |             |
|    fps                  | 338         |
|    iterations           | 244         |
|    time_elapsed         | 1476        |
|    total_timesteps      | 499712      |
| train/                  |             |
|    approx_kl            | 0.010564249 |
|    clip_fraction        | 0.163       |
|    clip_range           | 0.1         |
|    entropy_loss         | -0.536      |
|    explained_variance   | 0.978       |
|    learning_rate        | 0.00012     |
|    loss                 | 2.35        |
|    n_updates            | 2430        |
|    policy_gradient_loss | -0.00257    |
|    value_loss           | 12          |
-----------------------------------------
Eval num_timesteps=500000, episode_reward=163.32 +/- 141.99
Episode length: 226.80 +/- 53.74
-----------------------------------------
| eval/                   |             |
|    mean_ep_length       | 227         |
|    mean_reward          | 163         |
| time/                   |             |
|    total_timesteps      | 500000      |
| train/                  |             |
|    approx_kl            | 0.003229353 |
|    clip_fraction        | 0.0809      |
|    clip_range           | 0.1         |
|    entropy_loss         | -0.537      |
|    explained_variance   | 0.993       |
|    learning_rate        | 0.00012     |
|    loss                 | 3.51        |
|    n_updates            | 2440        |
|    policy_gradient_loss | 0.000236    |
|    value_loss           | 6.87        |
-----------------------------------------
---------------------------------
| rollout/           |          |
|    ep_len_mean     | 246      |
|    ep_rew_mean     | 241      |
| time/              |          |
|    fps             | 338      |
|    iterations      | 245      |
|    time_elapsed    | 1483     |
|    total_timesteps | 501760   |
---------------------------------
------------------------------------------
| rollout/                |              |
|    ep_len_mean          | 246          |
|    ep_rew_mean          | 244          |
| time/                   |              |
|    fps                  | 338          |
|    iterations           | 246          |
|    time_elapsed         | 1489         |
|    total_timesteps      | 503808       |
| train/                  |              |
|    approx_kl            | 0.0020580578 |
|    clip_fraction        | 0.0886       |
|    clip_range           | 0.1          |
|    entropy_loss         | -0.63        |
|    explained_variance   | 0.816        |
|    learning_rate        | 0.00012      |
|    loss                 | 2.48         |
|    n_updates            | 2450         |
|    policy_gradient_loss | -0.00261     |
|    value_loss           | 36.5         |
------------------------------------------
------------------------------------------
| rollout/                |              |
|    ep_len_mean          | 244          |
|    ep_rew_mean          | 249          |
| time/                   |              |
|    fps                  | 338          |
|    iterations           | 247          |
|    time_elapsed         | 1495         |
|    total_timesteps      | 505856       |
| train/                  |              |
|    approx_kl            | 0.0011584824 |
|    clip_fraction        | 0.0367       |
|    clip_range           | 0.1          |
|    entropy_loss         | -0.6         |
|    explained_variance   | 0.814        |
|    learning_rate        | 0.00012      |
|    loss                 | 22.2         |
|    n_updates            | 2460         |
|    policy_gradient_loss | -0.00142     |
|    value_loss           | 82.1         |
------------------------------------------
------------------------------------------
| rollout/                |              |
|    ep_len_mean          | 244          |
|    ep_rew_mean          | 251          |
| time/                   |              |
|    fps                  | 338          |
|    iterations           | 248          |
|    time_elapsed         | 1501         |
|    total_timesteps      | 507904       |
| train/                  |              |
|    approx_kl            | 0.0060127107 |
|    clip_fraction        | 0.0837       |
|    clip_range           | 0.1          |
|    entropy_loss         | -0.592       |
|    explained_variance   | 0.866        |
|    learning_rate        | 0.00012      |
|    loss                 | 6.31         |
|    n_updates            | 2470         |
|    policy_gradient_loss | -0.0025      |
|    value_loss           | 49.9         |
------------------------------------------
------------------------------------------
| rollout/                |              |
|    ep_len_mean          | 235          |
|    ep_rew_mean          | 251          |
| time/                   |              |
|    fps                  | 338          |
|    iterations           | 249          |
|    time_elapsed         | 1507         |
|    total_timesteps      | 509952       |
| train/                  |              |
|    approx_kl            | 0.0033979788 |
|    clip_fraction        | 0.129        |
|    clip_range           | 0.1          |
|    entropy_loss         | -0.623       |
|    explained_variance   | 0.95         |
|    learning_rate        | 0.00012      |
|    loss                 | 2.87         |
|    n_updates            | 2480         |
|    policy_gradient_loss | -0.00245     |
|    value_loss           | 12.3         |
------------------------------------------
------------------------------------------
| rollout/                |              |
|    ep_len_mean          | 226          |
|    ep_rew_mean          | 251          |
| time/                   |              |
|    fps                  | 338          |
|    iterations           | 250          |
|    time_elapsed         | 1513         |
|    total_timesteps      | 512000       |
| train/                  |              |
|    approx_kl            | 0.0017062632 |
|    clip_fraction        | 0.0555       |
|    clip_range           | 0.1          |
|    entropy_loss         | -0.625       |
|    explained_variance   | 0.793        |
|    learning_rate        | 0.00012      |
|    loss                 | 18.5         |
|    n_updates            | 2490         |
|    policy_gradient_loss | -0.000787    |
|    value_loss           | 94.9         |
------------------------------------------
------------------------------------------
| rollout/                |              |
|    ep_len_mean          | 226          |
|    ep_rew_mean          | 247          |
| time/                   |              |
|    fps                  | 338          |
|    iterations           | 251          |
|    time_elapsed         | 1519         |
|    total_timesteps      | 514048       |
| train/                  |              |
|    approx_kl            | 0.0022825706 |
|    clip_fraction        | 0.0866       |
|    clip_range           | 0.1          |
|    entropy_loss         | -0.571       |
|    explained_variance   | 0.896        |
|    learning_rate        | 0.00012      |
|    loss                 | 4.31         |
|    n_updates            | 2500         |
|    policy_gradient_loss | -0.00104     |
|    value_loss           | 18.9         |
------------------------------------------
------------------------------------------
| rollout/                |              |
|    ep_len_mean          | 225          |
|    ep_rew_mean          | 247          |
| time/                   |              |
|    fps                  | 338          |
|    iterations           | 252          |
|    time_elapsed         | 1525         |
|    total_timesteps      | 516096       |
| train/                  |              |
|    approx_kl            | 0.0019348226 |
|    clip_fraction        | 0.089        |
|    clip_range           | 0.1          |
|    entropy_loss         | -0.591       |
|    explained_variance   | 0.845        |
|    learning_rate        | 0.00012      |
|    loss                 | 8.45         |
|    n_updates            | 2510         |
|    policy_gradient_loss | 0.0014       |
|    value_loss           | 49.8         |
------------------------------------------
------------------------------------------
| rollout/                |              |
|    ep_len_mean          | 221          |
|    ep_rew_mean          | 236          |
| time/                   |              |
|    fps                  | 338          |
|    iterations           | 253          |
|    time_elapsed         | 1531         |
|    total_timesteps      | 518144       |
| train/                  |              |
|    approx_kl            | 0.0010816276 |
|    clip_fraction        | 0.0481       |
|    clip_range           | 0.1          |
|    entropy_loss         | -0.595       |
|    explained_variance   | 0.889        |
|    learning_rate        | 0.00012      |
|    loss                 | 6.75         |
|    n_updates            | 2520         |
|    policy_gradient_loss | -0.000232    |
|    value_loss           | 40           |
------------------------------------------
Eval num_timesteps=520000, episode_reward=258.84 +/- 18.04
Episode length: 213.40 +/- 26.10
------------------------------------------
| eval/                   |              |
|    mean_ep_length       | 213          |
|    mean_reward          | 259          |
| time/                   |              |
|    total_timesteps      | 520000       |
| train/                  |              |
|    approx_kl            | 0.0017154692 |
|    clip_fraction        | 0.0587       |
|    clip_range           | 0.1          |
|    entropy_loss         | -0.644       |
|    explained_variance   | 0.827        |
|    learning_rate        | 0.00012      |
|    loss                 | 89.8         |
|    n_updates            | 2530         |
|    policy_gradient_loss | -0.000577    |
|    value_loss           | 96.4         |
------------------------------------------
---------------------------------
| rollout/           |          |
|    ep_len_mean     | 221      |
|    ep_rew_mean     | 233      |
| time/              |          |
|    fps             | 338      |
|    iterations      | 254      |
|    time_elapsed    | 1538     |
|    total_timesteps | 520192   |
---------------------------------
------------------------------------------
| rollout/                |              |
|    ep_len_mean          | 218          |
|    ep_rew_mean          | 230          |
| time/                   |              |
|    fps                  | 338          |
|    iterations           | 255          |
|    time_elapsed         | 1544         |
|    total_timesteps      | 522240       |
| train/                  |              |
|    approx_kl            | 0.0019529393 |
|    clip_fraction        | 0.126        |
|    clip_range           | 0.1          |
|    entropy_loss         | -0.649       |
|    explained_variance   | 0.97         |
|    learning_rate        | 0.00012      |
|    loss                 | 64.5         |
|    n_updates            | 2540         |
|    policy_gradient_loss | -0.00184     |
|    value_loss           | 40.6         |
------------------------------------------
------------------------------------------
| rollout/                |              |
|    ep_len_mean          | 226          |
|    ep_rew_mean          | 228          |
| time/                   |              |
|    fps                  | 338          |
|    iterations           | 256          |
|    time_elapsed         | 1550         |
|    total_timesteps      | 524288       |
| train/                  |              |
|    approx_kl            | 0.0034736064 |
|    clip_fraction        | 0.14         |
|    clip_range           | 0.1          |
|    entropy_loss         | -0.671       |
|    explained_variance   | 0.986        |
|    learning_rate        | 0.00012      |
|    loss                 | 5.53         |
|    n_updates            | 2550         |
|    policy_gradient_loss | -0.00148     |
|    value_loss           | 20           |
------------------------------------------
------------------------------------------
| rollout/                |              |
|    ep_len_mean          | 235          |
|    ep_rew_mean          | 229          |
| time/                   |              |
|    fps                  | 338          |
|    iterations           | 257          |
|    time_elapsed         | 1556         |
|    total_timesteps      | 526336       |
| train/                  |              |
|    approx_kl            | 0.0054408778 |
|    clip_fraction        | 0.159        |
|    clip_range           | 0.1          |
|    entropy_loss         | -0.566       |
|    explained_variance   | 0.961        |
|    learning_rate        | 0.00012      |
|    loss                 | 3.48         |
|    n_updates            | 2560         |
|    policy_gradient_loss | -0.00193     |
|    value_loss           | 36.2         |
------------------------------------------
-----------------------------------------
| rollout/                |             |
|    ep_len_mean          | 237         |
|    ep_rew_mean          | 235         |
| time/                   |             |
|    fps                  | 338         |
|    iterations           | 258         |
|    time_elapsed         | 1562        |
|    total_timesteps      | 528384      |
| train/                  |             |
|    approx_kl            | 0.003747282 |
|    clip_fraction        | 0.0966      |
|    clip_range           | 0.1         |
|    entropy_loss         | -0.603      |
|    explained_variance   | 0.975       |
|    learning_rate        | 0.00012     |
|    loss                 | 4.46        |
|    n_updates            | 2570        |
|    policy_gradient_loss | -0.00197    |
|    value_loss           | 33          |
-----------------------------------------
------------------------------------------
| rollout/                |              |
|    ep_len_mean          | 247          |
|    ep_rew_mean          | 234          |
| time/                   |              |
|    fps                  | 338          |
|    iterations           | 259          |
|    time_elapsed         | 1568         |
|    total_timesteps      | 530432       |
| train/                  |              |
|    approx_kl            | 0.0013129618 |
|    clip_fraction        | 0.052        |
|    clip_range           | 0.1          |
|    entropy_loss         | -0.588       |
|    explained_variance   | 0.915        |
|    learning_rate        | 0.00012      |
|    loss                 | 10.4         |
|    n_updates            | 2580         |
|    policy_gradient_loss | -0.000716    |
|    value_loss           | 24.2         |
------------------------------------------
-----------------------------------------
| rollout/                |             |
|    ep_len_mean          | 246         |
|    ep_rew_mean          | 229         |
| time/                   |             |
|    fps                  | 338         |
|    iterations           | 260         |
|    time_elapsed         | 1574        |
|    total_timesteps      | 532480      |
| train/                  |             |
|    approx_kl            | 0.006239252 |
|    clip_fraction        | 0.207       |
|    clip_range           | 0.1         |
|    entropy_loss         | -0.672      |
|    explained_variance   | 0.991       |
|    learning_rate        | 0.00012     |
|    loss                 | 2.09        |
|    n_updates            | 2590        |
|    policy_gradient_loss | -0.00447    |
|    value_loss           | 7.83        |
-----------------------------------------
-----------------------------------------
| rollout/                |             |
|    ep_len_mean          | 255         |
|    ep_rew_mean          | 237         |
| time/                   |             |
|    fps                  | 338         |
|    iterations           | 261         |
|    time_elapsed         | 1580        |
|    total_timesteps      | 534528      |
| train/                  |             |
|    approx_kl            | 0.002137419 |
|    clip_fraction        | 0.0942      |
|    clip_range           | 0.1         |
|    entropy_loss         | -0.64       |
|    explained_variance   | 0.904       |
|    learning_rate        | 0.00012     |
|    loss                 | 12.6        |
|    n_updates            | 2600        |
|    policy_gradient_loss | -0.00115    |
|    value_loss           | 55.9        |
-----------------------------------------
------------------------------------------
| rollout/                |              |
|    ep_len_mean          | 259          |
|    ep_rew_mean          | 233          |
| time/                   |              |
|    fps                  | 338          |
|    iterations           | 262          |
|    time_elapsed         | 1586         |
|    total_timesteps      | 536576       |
| train/                  |              |
|    approx_kl            | 0.0025028267 |
|    clip_fraction        | 0.105        |
|    clip_range           | 0.1          |
|    entropy_loss         | -0.546       |
|    explained_variance   | 0.969        |
|    learning_rate        | 0.00012      |
|    loss                 | 16.9         |
|    n_updates            | 2610         |
|    policy_gradient_loss | -0.00154     |
|    value_loss           | 33.6         |
------------------------------------------
-----------------------------------------
| rollout/                |             |
|    ep_len_mean          | 258         |
|    ep_rew_mean          | 234         |
| time/                   |             |
|    fps                  | 338         |
|    iterations           | 263         |
|    time_elapsed         | 1592        |
|    total_timesteps      | 538624      |
| train/                  |             |
|    approx_kl            | 0.001476612 |
|    clip_fraction        | 0.0583      |
|    clip_range           | 0.1         |
|    entropy_loss         | -0.618      |
|    explained_variance   | 0.97        |
|    learning_rate        | 0.00012     |
|    loss                 | 31.2        |
|    n_updates            | 2620        |
|    policy_gradient_loss | -0.00108    |
|    value_loss           | 24.8        |
-----------------------------------------
Eval num_timesteps=540000, episode_reward=284.43 +/- 14.17
Episode length: 260.60 +/- 17.90
------------------------------------------
| eval/                   |              |
|    mean_ep_length       | 261          |
|    mean_reward          | 284          |
| time/                   |              |
|    total_timesteps      | 540000       |
| train/                  |              |
|    approx_kl            | 0.0019262303 |
|    clip_fraction        | 0.0657       |
|    clip_range           | 0.1          |
|    entropy_loss         | -0.659       |
|    explained_variance   | 0.892        |
|    learning_rate        | 0.00012      |
|    loss                 | 8.32         |
|    n_updates            | 2630         |
|    policy_gradient_loss | -0.00305     |
|    value_loss           | 34.8         |
------------------------------------------
New best mean reward!
---------------------------------
| rollout/           |          |
|    ep_len_mean     | 259      |
|    ep_rew_mean     | 236      |
| time/              |          |
|    fps             | 337      |
|    iterations      | 264      |
|    time_elapsed    | 1599     |
|    total_timesteps | 540672   |
---------------------------------
-----------------------------------------
| rollout/                |             |
|    ep_len_mean          | 265         |
|    ep_rew_mean          | 235         |
| time/                   |             |
|    fps                  | 337         |
|    iterations           | 265         |
|    time_elapsed         | 1605        |
|    total_timesteps      | 542720      |
| train/                  |             |
|    approx_kl            | 0.001343785 |
|    clip_fraction        | 0.0942      |
|    clip_range           | 0.1         |
|    entropy_loss         | -0.606      |
|    explained_variance   | 0.912       |
|    learning_rate        | 0.00012     |
|    loss                 | 1.91        |
|    n_updates            | 2640        |
|    policy_gradient_loss | -0.00154    |
|    value_loss           | 38.7        |
-----------------------------------------
-----------------------------------------
| rollout/                |             |
|    ep_len_mean          | 265         |
|    ep_rew_mean          | 243         |
| time/                   |             |
|    fps                  | 337         |
|    iterations           | 266         |
|    time_elapsed         | 1611        |
|    total_timesteps      | 544768      |
| train/                  |             |
|    approx_kl            | 0.006039254 |
|    clip_fraction        | 0.171       |
|    clip_range           | 0.1         |
|    entropy_loss         | -0.558      |
|    explained_variance   | 0.959       |
|    learning_rate        | 0.00012     |
|    loss                 | 6.06        |
|    n_updates            | 2650        |
|    policy_gradient_loss | -0.00296    |
|    value_loss           | 52          |
-----------------------------------------
------------------------------------------
| rollout/                |              |
|    ep_len_mean          | 248          |
|    ep_rew_mean          | 245          |
| time/                   |              |
|    fps                  | 337          |
|    iterations           | 267          |
|    time_elapsed         | 1618         |
|    total_timesteps      | 546816       |
| train/                  |              |
|    approx_kl            | 0.0034782183 |
|    clip_fraction        | 0.127        |
|    clip_range           | 0.1          |
|    entropy_loss         | -0.617       |
|    explained_variance   | 0.93         |
|    learning_rate        | 0.00012      |
|    loss                 | 3.62         |
|    n_updates            | 2660         |
|    policy_gradient_loss | -0.000497    |
|    value_loss           | 18.8         |
------------------------------------------
------------------------------------------
| rollout/                |              |
|    ep_len_mean          | 239          |
|    ep_rew_mean          | 245          |
| time/                   |              |
|    fps                  | 337          |
|    iterations           | 268          |
|    time_elapsed         | 1624         |
|    total_timesteps      | 548864       |
| train/                  |              |
|    approx_kl            | 0.0024213423 |
|    clip_fraction        | 0.0896       |
|    clip_range           | 0.1          |
|    entropy_loss         | -0.595       |
|    explained_variance   | 0.897        |
|    learning_rate        | 0.00012      |
|    loss                 | 10.6         |
|    n_updates            | 2670         |
|    policy_gradient_loss | -0.00121     |
|    value_loss           | 37.2         |
------------------------------------------
-----------------------------------------
| rollout/                |             |
|    ep_len_mean          | 239         |
|    ep_rew_mean          | 245         |
| time/                   |             |
|    fps                  | 337         |
|    iterations           | 269         |
|    time_elapsed         | 1629        |
|    total_timesteps      | 550912      |
| train/                  |             |
|    approx_kl            | 0.002300744 |
|    clip_fraction        | 0.177       |
|    clip_range           | 0.1         |
|    entropy_loss         | -0.571      |
|    explained_variance   | 0.944       |
|    learning_rate        | 0.00012     |
|    loss                 | 120         |
|    n_updates            | 2680        |
|    policy_gradient_loss | -0.00125    |
|    value_loss           | 95.7        |
-----------------------------------------
-----------------------------------------
| rollout/                |             |
|    ep_len_mean          | 237         |
|    ep_rew_mean          | 239         |
| time/                   |             |
|    fps                  | 337         |
|    iterations           | 270         |
|    time_elapsed         | 1636        |
|    total_timesteps      | 552960      |
| train/                  |             |
|    approx_kl            | 0.001203774 |
|    clip_fraction        | 0.0643      |
|    clip_range           | 0.1         |
|    entropy_loss         | -0.598      |
|    explained_variance   | 0.96        |
|    learning_rate        | 0.00012     |
|    loss                 | 11.9        |
|    n_updates            | 2690        |
|    policy_gradient_loss | -0.000753   |
|    value_loss           | 44.1        |
-----------------------------------------
------------------------------------------
| rollout/                |              |
|    ep_len_mean          | 229          |
|    ep_rew_mean          | 240          |
| time/                   |              |
|    fps                  | 338          |
|    iterations           | 271          |
|    time_elapsed         | 1642         |
|    total_timesteps      | 555008       |
| train/                  |              |
|    approx_kl            | 0.0012185962 |
|    clip_fraction        | 0.053        |
|    clip_range           | 0.1          |
|    entropy_loss         | -0.642       |
|    explained_variance   | 0.916        |
|    learning_rate        | 0.00012      |
|    loss                 | 31.7         |
|    n_updates            | 2700         |
|    policy_gradient_loss | -0.000524    |
|    value_loss           | 103          |
------------------------------------------
------------------------------------------
| rollout/                |              |
|    ep_len_mean          | 223          |
|    ep_rew_mean          | 241          |
| time/                   |              |
|    fps                  | 338          |
|    iterations           | 272          |
|    time_elapsed         | 1647         |
|    total_timesteps      | 557056       |
| train/                  |              |
|    approx_kl            | 0.0011423797 |
|    clip_fraction        | 0.0551       |
|    clip_range           | 0.1          |
|    entropy_loss         | -0.535       |
|    explained_variance   | 0.951        |
|    learning_rate        | 0.00012      |
|    loss                 | 22.7         |
|    n_updates            | 2710         |
|    policy_gradient_loss | -0.000361    |
|    value_loss           | 42.1         |
------------------------------------------
------------------------------------------
| rollout/                |              |
|    ep_len_mean          | 227          |
|    ep_rew_mean          | 243          |
| time/                   |              |
|    fps                  | 338          |
|    iterations           | 273          |
|    time_elapsed         | 1654         |
|    total_timesteps      | 559104       |
| train/                  |              |
|    approx_kl            | 0.0013102122 |
|    clip_fraction        | 0.0622       |
|    clip_range           | 0.1          |
|    entropy_loss         | -0.548       |
|    explained_variance   | 0.937        |
|    learning_rate        | 0.00012      |
|    loss                 | 5.15         |
|    n_updates            | 2720         |
|    policy_gradient_loss | -0.000524    |
|    value_loss           | 67.7         |
------------------------------------------
Eval num_timesteps=560000, episode_reward=238.88 +/- 40.77
Episode length: 389.60 +/- 306.25
------------------------------------------
| eval/                   |              |
|    mean_ep_length       | 390          |
|    mean_reward          | 239          |
| time/                   |              |
|    total_timesteps      | 560000       |
| train/                  |              |
|    approx_kl            | 0.0036668533 |
|    clip_fraction        | 0.174        |
|    clip_range           | 0.1          |
|    entropy_loss         | -0.669       |
|    explained_variance   | 0.995        |
|    learning_rate        | 0.00012      |
|    loss                 | 1.1          |
|    n_updates            | 2730         |
|    policy_gradient_loss | 0.0026       |
|    value_loss           | 6.1          |
------------------------------------------
---------------------------------
| rollout/           |          |
|    ep_len_mean     | 226      |
|    ep_rew_mean     | 239      |
| time/              |          |
|    fps             | 337      |
|    iterations      | 274      |
|    time_elapsed    | 1662     |
|    total_timesteps | 561152   |
---------------------------------
------------------------------------------
| rollout/                |              |
|    ep_len_mean          | 220          |
|    ep_rew_mean          | 229          |
| time/                   |              |
|    fps                  | 337          |
|    iterations           | 275          |
|    time_elapsed         | 1668         |
|    total_timesteps      | 563200       |
| train/                  |              |
|    approx_kl            | 0.0010129239 |
|    clip_fraction        | 0.0484       |
|    clip_range           | 0.1          |
|    entropy_loss         | -0.598       |
|    explained_variance   | 0.828        |
|    learning_rate        | 0.00012      |
|    loss                 | 10.9         |
|    n_updates            | 2740         |
|    policy_gradient_loss | -0.0008      |
|    value_loss           | 67.2         |
------------------------------------------
------------------------------------------
| rollout/                |              |
|    ep_len_mean          | 214          |
|    ep_rew_mean          | 227          |
| time/                   |              |
|    fps                  | 337          |
|    iterations           | 276          |
|    time_elapsed         | 1674         |
|    total_timesteps      | 565248       |
| train/                  |              |
|    approx_kl            | 0.0011694146 |
|    clip_fraction        | 0.0438       |
|    clip_range           | 0.1          |
|    entropy_loss         | -0.632       |
|    explained_variance   | 0.809        |
|    learning_rate        | 0.00012      |
|    loss                 | 8.64         |
|    n_updates            | 2750         |
|    policy_gradient_loss | -0.00111     |
|    value_loss           | 121          |
------------------------------------------
------------------------------------------
| rollout/                |              |
|    ep_len_mean          | 213          |
|    ep_rew_mean          | 224          |
| time/                   |              |
|    fps                  | 337          |
|    iterations           | 277          |
|    time_elapsed         | 1680         |
|    total_timesteps      | 567296       |
| train/                  |              |
|    approx_kl            | 0.0020889244 |
|    clip_fraction        | 0.0447       |
|    clip_range           | 0.1          |
|    entropy_loss         | -0.563       |
|    explained_variance   | 0.856        |
|    learning_rate        | 0.00012      |
|    loss                 | 24.2         |
|    n_updates            | 2760         |
|    policy_gradient_loss | -0.00336     |
|    value_loss           | 150          |
------------------------------------------
------------------------------------------
| rollout/                |              |
|    ep_len_mean          | 209          |
|    ep_rew_mean          | 229          |
| time/                   |              |
|    fps                  | 337          |
|    iterations           | 278          |
|    time_elapsed         | 1686         |
|    total_timesteps      | 569344       |
| train/                  |              |
|    approx_kl            | 0.0007783354 |
|    clip_fraction        | 0.019        |
|    clip_range           | 0.1          |
|    entropy_loss         | -0.52        |
|    explained_variance   | 0.857        |
|    learning_rate        | 0.00012      |
|    loss                 | 79.4         |
|    n_updates            | 2770         |
|    policy_gradient_loss | -0.000834    |
|    value_loss           | 138          |
------------------------------------------
------------------------------------------
| rollout/                |              |
|    ep_len_mean          | 209          |
|    ep_rew_mean          | 227          |
| time/                   |              |
|    fps                  | 337          |
|    iterations           | 279          |
|    time_elapsed         | 1692         |
|    total_timesteps      | 571392       |
| train/                  |              |
|    approx_kl            | 0.0019756546 |
|    clip_fraction        | 0.0749       |
|    clip_range           | 0.1          |
|    entropy_loss         | -0.555       |
|    explained_variance   | 0.945        |
|    learning_rate        | 0.00012      |
|    loss                 | 23.5         |
|    n_updates            | 2780         |
|    policy_gradient_loss | -0.00209     |
|    value_loss           | 34.9         |
------------------------------------------
------------------------------------------
| rollout/                |              |
|    ep_len_mean          | 211          |
|    ep_rew_mean          | 227          |
| time/                   |              |
|    fps                  | 337          |
|    iterations           | 280          |
|    time_elapsed         | 1698         |
|    total_timesteps      | 573440       |
| train/                  |              |
|    approx_kl            | 0.0015312755 |
|    clip_fraction        | 0.0534       |
|    clip_range           | 0.1          |
|    entropy_loss         | -0.582       |
|    explained_variance   | 0.816        |
|    learning_rate        | 0.00012      |
|    loss                 | 34.6         |
|    n_updates            | 2790         |
|    policy_gradient_loss | -0.00186     |
|    value_loss           | 134          |
------------------------------------------
------------------------------------------
| rollout/                |              |
|    ep_len_mean          | 216          |
|    ep_rew_mean          | 224          |
| time/                   |              |
|    fps                  | 337          |
|    iterations           | 281          |
|    time_elapsed         | 1704         |
|    total_timesteps      | 575488       |
| train/                  |              |
|    approx_kl            | 0.0026280957 |
|    clip_fraction        | 0.0984       |
|    clip_range           | 0.1          |
|    entropy_loss         | -0.666       |
|    explained_variance   | 0.955        |
|    learning_rate        | 0.00012      |
|    loss                 | 7.48         |
|    n_updates            | 2800         |
|    policy_gradient_loss | -0.00138     |
|    value_loss           | 79.2         |
------------------------------------------
------------------------------------------
| rollout/                |              |
|    ep_len_mean          | 212          |
|    ep_rew_mean          | 225          |
| time/                   |              |
|    fps                  | 337          |
|    iterations           | 282          |
|    time_elapsed         | 1710         |
|    total_timesteps      | 577536       |
| train/                  |              |
|    approx_kl            | 0.0020134011 |
|    clip_fraction        | 0.0726       |
|    clip_range           | 0.1          |
|    entropy_loss         | -0.586       |
|    explained_variance   | 0.932        |
|    learning_rate        | 0.00012      |
|    loss                 | 7.52         |
|    n_updates            | 2810         |
|    policy_gradient_loss | -0.00114     |
|    value_loss           | 72.5         |
------------------------------------------
-----------------------------------------
| rollout/                |             |
|    ep_len_mean          | 204         |
|    ep_rew_mean          | 221         |
| time/                   |             |
|    fps                  | 337         |
|    iterations           | 283         |
|    time_elapsed         | 1716        |
|    total_timesteps      | 579584      |
| train/                  |             |
|    approx_kl            | 0.001847628 |
|    clip_fraction        | 0.069       |
|    clip_range           | 0.1         |
|    entropy_loss         | -0.563      |
|    explained_variance   | 0.886       |
|    learning_rate        | 0.00012     |
|    loss                 | 36          |
|    n_updates            | 2820        |
|    policy_gradient_loss | -0.000416   |
|    value_loss           | 54.2        |
-----------------------------------------
Eval num_timesteps=580000, episode_reward=263.14 +/- 23.21
Episode length: 280.00 +/- 99.72
------------------------------------------
| eval/                   |              |
|    mean_ep_length       | 280          |
|    mean_reward          | 263          |
| time/                   |              |
|    total_timesteps      | 580000       |
| train/                  |              |
|    approx_kl            | 0.0007612172 |
|    clip_fraction        | 0.0491       |
|    clip_range           | 0.1          |
|    entropy_loss         | -0.626       |
|    explained_variance   | 0.853        |
|    learning_rate        | 0.00012      |
|    loss                 | 18.5         |
|    n_updates            | 2830         |
|    policy_gradient_loss | -0.00123     |
|    value_loss           | 94.5         |
------------------------------------------
---------------------------------
| rollout/           |          |
|    ep_len_mean     | 203      |
|    ep_rew_mean     | 222      |
| time/              |          |
|    fps             | 337      |
|    iterations      | 284      |
|    time_elapsed    | 1723     |
|    total_timesteps | 581632   |
---------------------------------
------------------------------------------
| rollout/                |              |
|    ep_len_mean          | 217          |
|    ep_rew_mean          | 222          |
| time/                   |              |
|    fps                  | 337          |
|    iterations           | 285          |
|    time_elapsed         | 1729         |
|    total_timesteps      | 583680       |
| train/                  |              |
|    approx_kl            | 0.0023121797 |
|    clip_fraction        | 0.0851       |
|    clip_range           | 0.1          |
|    entropy_loss         | -0.501       |
|    explained_variance   | 0.942        |
|    learning_rate        | 0.00012      |
|    loss                 | 7.93         |
|    n_updates            | 2840         |
|    policy_gradient_loss | -0.000699    |
|    value_loss           | 36           |
------------------------------------------
------------------------------------------
| rollout/                |              |
|    ep_len_mean          | 228          |
|    ep_rew_mean          | 228          |
| time/                   |              |
|    fps                  | 337          |
|    iterations           | 286          |
|    time_elapsed         | 1735         |
|    total_timesteps      | 585728       |
| train/                  |              |
|    approx_kl            | 0.0053077512 |
|    clip_fraction        | 0.141        |
|    clip_range           | 0.1          |
|    entropy_loss         | -0.693       |
|    explained_variance   | 0.98         |
|    learning_rate        | 0.00012      |
|    loss                 | 2.96         |
|    n_updates            | 2850         |
|    policy_gradient_loss | -0.0039      |
|    value_loss           | 34.2         |
------------------------------------------
-----------------------------------------
| rollout/                |             |
|    ep_len_mean          | 229         |
|    ep_rew_mean          | 226         |
| time/                   |             |
|    fps                  | 337         |
|    iterations           | 287         |
|    time_elapsed         | 1741        |
|    total_timesteps      | 587776      |
| train/                  |             |
|    approx_kl            | 0.007865762 |
|    clip_fraction        | 0.227       |
|    clip_range           | 0.1         |
|    entropy_loss         | -0.571      |
|    explained_variance   | 0.987       |
|    learning_rate        | 0.00012     |
|    loss                 | 9.85        |
|    n_updates            | 2860        |
|    policy_gradient_loss | -0.00434    |
|    value_loss           | 11.9        |
-----------------------------------------
------------------------------------------
| rollout/                |              |
|    ep_len_mean          | 233          |
|    ep_rew_mean          | 233          |
| time/                   |              |
|    fps                  | 337          |
|    iterations           | 288          |
|    time_elapsed         | 1747         |
|    total_timesteps      | 589824       |
| train/                  |              |
|    approx_kl            | 0.0022096853 |
|    clip_fraction        | 0.0975       |
|    clip_range           | 0.1          |
|    entropy_loss         | -0.624       |
|    explained_variance   | 0.877        |
|    learning_rate        | 0.00012      |
|    loss                 | 8.08         |
|    n_updates            | 2870         |
|    policy_gradient_loss | -0.00106     |
|    value_loss           | 83.2         |
------------------------------------------
------------------------------------------
| rollout/                |              |
|    ep_len_mean          | 229          |
|    ep_rew_mean          | 232          |
| time/                   |              |
|    fps                  | 337          |
|    iterations           | 289          |
|    time_elapsed         | 1753         |
|    total_timesteps      | 591872       |
| train/                  |              |
|    approx_kl            | 0.0015553928 |
|    clip_fraction        | 0.0738       |
|    clip_range           | 0.1          |
|    entropy_loss         | -0.597       |
|    explained_variance   | 0.894        |
|    learning_rate        | 0.00012      |
|    loss                 | 5.05         |
|    n_updates            | 2880         |
|    policy_gradient_loss | -0.00102     |
|    value_loss           | 30.5         |
------------------------------------------
------------------------------------------
| rollout/                |              |
|    ep_len_mean          | 231          |
|    ep_rew_mean          | 230          |
| time/                   |              |
|    fps                  | 337          |
|    iterations           | 290          |
|    time_elapsed         | 1759         |
|    total_timesteps      | 593920       |
| train/                  |              |
|    approx_kl            | 0.0008617309 |
|    clip_fraction        | 0.0364       |
|    clip_range           | 0.1          |
|    entropy_loss         | -0.663       |
|    explained_variance   | 0.884        |
|    learning_rate        | 0.00012      |
|    loss                 | 27.3         |
|    n_updates            | 2890         |
|    policy_gradient_loss | -0.000659    |
|    value_loss           | 55.1         |
------------------------------------------
------------------------------------------
| rollout/                |              |
|    ep_len_mean          | 229          |
|    ep_rew_mean          | 232          |
| time/                   |              |
|    fps                  | 337          |
|    iterations           | 291          |
|    time_elapsed         | 1765         |
|    total_timesteps      | 595968       |
| train/                  |              |
|    approx_kl            | 0.0017480913 |
|    clip_fraction        | 0.0822       |
|    clip_range           | 0.1          |
|    entropy_loss         | -0.649       |
|    explained_variance   | 0.881        |
|    learning_rate        | 0.00012      |
|    loss                 | 17           |
|    n_updates            | 2900         |
|    policy_gradient_loss | -0.00235     |
|    value_loss           | 33.9         |
------------------------------------------
------------------------------------------
| rollout/                |              |
|    ep_len_mean          | 226          |
|    ep_rew_mean          | 240          |
| time/                   |              |
|    fps                  | 337          |
|    iterations           | 292          |
|    time_elapsed         | 1771         |
|    total_timesteps      | 598016       |
| train/                  |              |
|    approx_kl            | 0.0013187409 |
|    clip_fraction        | 0.0926       |
|    clip_range           | 0.1          |
|    entropy_loss         | -0.692       |
|    explained_variance   | 0.917        |
|    learning_rate        | 0.00012      |
|    loss                 | 63           |
|    n_updates            | 2910         |
|    policy_gradient_loss | -0.00155     |
|    value_loss           | 51.4         |
------------------------------------------
Eval num_timesteps=600000, episode_reward=220.48 +/- 103.76
Episode length: 247.60 +/- 94.72
-----------------------------------------
| eval/                   |             |
|    mean_ep_length       | 248         |
|    mean_reward          | 220         |
| time/                   |             |
|    total_timesteps      | 600000      |
| train/                  |             |
|    approx_kl            | 0.001638036 |
|    clip_fraction        | 0.0663      |
|    clip_range           | 0.1         |
|    entropy_loss         | -0.665      |
|    explained_variance   | 0.878       |
|    learning_rate        | 0.00012     |
|    loss                 | 5.45        |
|    n_updates            | 2920        |
|    policy_gradient_loss | -0.000342   |
|    value_loss           | 29.2        |
-----------------------------------------
---------------------------------
| rollout/           |          |
|    ep_len_mean     | 224      |
|    ep_rew_mean     | 239      |
| time/              |          |
|    fps             | 337      |
|    iterations      | 293      |
|    time_elapsed    | 1778     |
|    total_timesteps | 600064   |
---------------------------------
------------------------------------------
| rollout/                |              |
|    ep_len_mean          | 225          |
|    ep_rew_mean          | 242          |
| time/                   |              |
|    fps                  | 337          |
|    iterations           | 294          |
|    time_elapsed         | 1784         |
|    total_timesteps      | 602112       |
| train/                  |              |
|    approx_kl            | 0.0015804018 |
|    clip_fraction        | 0.075        |
|    clip_range           | 0.1          |
|    entropy_loss         | -0.634       |
|    explained_variance   | 0.918        |
|    learning_rate        | 0.00012      |
|    loss                 | 20.7         |
|    n_updates            | 2930         |
|    policy_gradient_loss | -0.00132     |
|    value_loss           | 32.4         |
------------------------------------------
------------------------------------------
| rollout/                |              |
|    ep_len_mean          | 213          |
|    ep_rew_mean          | 247          |
| time/                   |              |
|    fps                  | 337          |
|    iterations           | 295          |
|    time_elapsed         | 1790         |
|    total_timesteps      | 604160       |
| train/                  |              |
|    approx_kl            | 0.0043814457 |
|    clip_fraction        | 0.147        |
|    clip_range           | 0.1          |
|    entropy_loss         | -0.62        |
|    explained_variance   | 0.886        |
|    learning_rate        | 0.00012      |
|    loss                 | 5.71         |
|    n_updates            | 2940         |
|    policy_gradient_loss | -0.00384     |
|    value_loss           | 38.4         |
------------------------------------------
------------------------------------------
| rollout/                |              |
|    ep_len_mean          | 204          |
|    ep_rew_mean          | 247          |
| time/                   |              |
|    fps                  | 337          |
|    iterations           | 296          |
|    time_elapsed         | 1796         |
|    total_timesteps      | 606208       |
| train/                  |              |
|    approx_kl            | 0.0024999876 |
|    clip_fraction        | 0.0852       |
|    clip_range           | 0.1          |
|    entropy_loss         | -0.645       |
|    explained_variance   | 0.947        |
|    learning_rate        | 0.00012      |
|    loss                 | 8.39         |
|    n_updates            | 2950         |
|    policy_gradient_loss | -0.00282     |
|    value_loss           | 13.2         |
------------------------------------------
------------------------------------------
| rollout/                |              |
|    ep_len_mean          | 217          |
|    ep_rew_mean          | 251          |
| time/                   |              |
|    fps                  | 337          |
|    iterations           | 297          |
|    time_elapsed         | 1802         |
|    total_timesteps      | 608256       |
| train/                  |              |
|    approx_kl            | 0.0017068505 |
|    clip_fraction        | 0.103        |
|    clip_range           | 0.1          |
|    entropy_loss         | -0.662       |
|    explained_variance   | 0.833        |
|    learning_rate        | 0.00012      |
|    loss                 | 7.63         |
|    n_updates            | 2960         |
|    policy_gradient_loss | -0.000761    |
|    value_loss           | 40.1         |
------------------------------------------
------------------------------------------
| rollout/                |              |
|    ep_len_mean          | 218          |
|    ep_rew_mean          | 253          |
| time/                   |              |
|    fps                  | 337          |
|    iterations           | 298          |
|    time_elapsed         | 1808         |
|    total_timesteps      | 610304       |
| train/                  |              |
|    approx_kl            | 0.0032310025 |
|    clip_fraction        | 0.11         |
|    clip_range           | 0.1          |
|    entropy_loss         | -0.569       |
|    explained_variance   | 0.955        |
|    learning_rate        | 0.00012      |
|    loss                 | 50.2         |
|    n_updates            | 2970         |
|    policy_gradient_loss | -0.000289    |
|    value_loss           | 55.3         |
------------------------------------------
------------------------------------------
| rollout/                |              |
|    ep_len_mean          | 217          |
|    ep_rew_mean          | 250          |
| time/                   |              |
|    fps                  | 337          |
|    iterations           | 299          |
|    time_elapsed         | 1814         |
|    total_timesteps      | 612352       |
| train/                  |              |
|    approx_kl            | 0.0014277456 |
|    clip_fraction        | 0.0592       |
|    clip_range           | 0.1          |
|    entropy_loss         | -0.555       |
|    explained_variance   | 0.919        |
|    learning_rate        | 0.00012      |
|    loss                 | 8.85         |
|    n_updates            | 2980         |
|    policy_gradient_loss | -0.000837    |
|    value_loss           | 37.4         |
------------------------------------------
------------------------------------------
| rollout/                |              |
|    ep_len_mean          | 224          |
|    ep_rew_mean          | 251          |
| time/                   |              |
|    fps                  | 337          |
|    iterations           | 300          |
|    time_elapsed         | 1820         |
|    total_timesteps      | 614400       |
| train/                  |              |
|    approx_kl            | 0.0015410169 |
|    clip_fraction        | 0.0742       |
|    clip_range           | 0.1          |
|    entropy_loss         | -0.599       |
|    explained_variance   | 0.7          |
|    learning_rate        | 0.00012      |
|    loss                 | 5.73         |
|    n_updates            | 2990         |
|    policy_gradient_loss | -0.0005      |
|    value_loss           | 74.7         |
------------------------------------------
------------------------------------------
| rollout/                |              |
|    ep_len_mean          | 221          |
|    ep_rew_mean          | 252          |
| time/                   |              |
|    fps                  | 337          |
|    iterations           | 301          |
|    time_elapsed         | 1826         |
|    total_timesteps      | 616448       |
| train/                  |              |
|    approx_kl            | 0.0033117454 |
|    clip_fraction        | 0.11         |
|    clip_range           | 0.1          |
|    entropy_loss         | -0.593       |
|    explained_variance   | 0.908        |
|    learning_rate        | 0.00012      |
|    loss                 | 7.45         |
|    n_updates            | 3000         |
|    policy_gradient_loss | -7.81e-05    |
|    value_loss           | 59.7         |
------------------------------------------
------------------------------------------
| rollout/                |              |
|    ep_len_mean          | 222          |
|    ep_rew_mean          | 250          |
| time/                   |              |
|    fps                  | 337          |
|    iterations           | 302          |
|    time_elapsed         | 1832         |
|    total_timesteps      | 618496       |
| train/                  |              |
|    approx_kl            | 0.0012741741 |
|    clip_fraction        | 0.0556       |
|    clip_range           | 0.1          |
|    entropy_loss         | -0.619       |
|    explained_variance   | 0.88         |
|    learning_rate        | 0.00012      |
|    loss                 | 6.57         |
|    n_updates            | 3010         |
|    policy_gradient_loss | -0.000199    |
|    value_loss           | 40.4         |
------------------------------------------
Eval num_timesteps=620000, episode_reward=226.76 +/- 52.67
Episode length: 467.20 +/- 216.48
------------------------------------------
| eval/                   |              |
|    mean_ep_length       | 467          |
|    mean_reward          | 227          |
| time/                   |              |
|    total_timesteps      | 620000       |
| train/                  |              |
|    approx_kl            | 0.0013813598 |
|    clip_fraction        | 0.0499       |
|    clip_range           | 0.1          |
|    entropy_loss         | -0.507       |
|    explained_variance   | 0.963        |
|    learning_rate        | 0.00012      |
|    loss                 | 17.7         |
|    n_updates            | 3020         |
|    policy_gradient_loss | -0.000872    |
|    value_loss           | 77.4         |
------------------------------------------
---------------------------------
| rollout/           |          |
|    ep_len_mean     | 225      |
|    ep_rew_mean     | 247      |
| time/              |          |
|    fps             | 337      |
|    iterations      | 303      |
|    time_elapsed    | 1840     |
|    total_timesteps | 620544   |
---------------------------------
-----------------------------------------
| rollout/                |             |
|    ep_len_mean          | 229         |
|    ep_rew_mean          | 250         |
| time/                   |             |
|    fps                  | 337         |
|    iterations           | 304         |
|    time_elapsed         | 1846        |
|    total_timesteps      | 622592      |
| train/                  |             |
|    approx_kl            | 0.001976392 |
|    clip_fraction        | 0.0644      |
|    clip_range           | 0.1         |
|    entropy_loss         | -0.556      |
|    explained_variance   | 0.908       |
|    learning_rate        | 0.00012     |
|    loss                 | 10.5        |
|    n_updates            | 3030        |
|    policy_gradient_loss | -0.00176    |
|    value_loss           | 79.7        |
-----------------------------------------
------------------------------------------
| rollout/                |              |
|    ep_len_mean          | 230          |
|    ep_rew_mean          | 243          |
| time/                   |              |
|    fps                  | 337          |
|    iterations           | 305          |
|    time_elapsed         | 1852         |
|    total_timesteps      | 624640       |
| train/                  |              |
|    approx_kl            | 0.0032363706 |
|    clip_fraction        | 0.125        |
|    clip_range           | 0.1          |
|    entropy_loss         | -0.645       |
|    explained_variance   | 0.941        |
|    learning_rate        | 0.00012      |
|    loss                 | 18.2         |
|    n_updates            | 3040         |
|    policy_gradient_loss | -0.00229     |
|    value_loss           | 63.3         |
------------------------------------------
-----------------------------------------
| rollout/                |             |
|    ep_len_mean          | 230         |
|    ep_rew_mean          | 242         |
| time/                   |             |
|    fps                  | 337         |
|    iterations           | 306         |
|    time_elapsed         | 1858        |
|    total_timesteps      | 626688      |
| train/                  |             |
|    approx_kl            | 0.001035854 |
|    clip_fraction        | 0.0306      |
|    clip_range           | 0.1         |
|    entropy_loss         | -0.516      |
|    explained_variance   | 0.791       |
|    learning_rate        | 0.00012     |
|    loss                 | 22.3        |
|    n_updates            | 3050        |
|    policy_gradient_loss | 5.69e-05    |
|    value_loss           | 182         |
-----------------------------------------
-----------------------------------------
| rollout/                |             |
|    ep_len_mean          | 240         |
|    ep_rew_mean          | 239         |
| time/                   |             |
|    fps                  | 337         |
|    iterations           | 307         |
|    time_elapsed         | 1864        |
|    total_timesteps      | 628736      |
| train/                  |             |
|    approx_kl            | 0.003038329 |
|    clip_fraction        | 0.0919      |
|    clip_range           | 0.1         |
|    entropy_loss         | -0.614      |
|    explained_variance   | 0.955       |
|    learning_rate        | 0.00012     |
|    loss                 | 83.3        |
|    n_updates            | 3060        |
|    policy_gradient_loss | -0.00235    |
|    value_loss           | 71.9        |
-----------------------------------------
------------------------------------------
| rollout/                |              |
|    ep_len_mean          | 246          |
|    ep_rew_mean          | 237          |
| time/                   |              |
|    fps                  | 337          |
|    iterations           | 308          |
|    time_elapsed         | 1870         |
|    total_timesteps      | 630784       |
| train/                  |              |
|    approx_kl            | 0.0032227987 |
|    clip_fraction        | 0.0811       |
|    clip_range           | 0.1          |
|    entropy_loss         | -0.542       |
|    explained_variance   | 0.93         |
|    learning_rate        | 0.00012      |
|    loss                 | 7.98         |
|    n_updates            | 3070         |
|    policy_gradient_loss | -0.00117     |
|    value_loss           | 57.2         |
------------------------------------------
------------------------------------------
| rollout/                |              |
|    ep_len_mean          | 233          |
|    ep_rew_mean          | 235          |
| time/                   |              |
|    fps                  | 337          |
|    iterations           | 309          |
|    time_elapsed         | 1876         |
|    total_timesteps      | 632832       |
| train/                  |              |
|    approx_kl            | 0.0016118768 |
|    clip_fraction        | 0.0881       |
|    clip_range           | 0.1          |
|    entropy_loss         | -0.626       |
|    explained_variance   | 0.963        |
|    learning_rate        | 0.00012      |
|    loss                 | 8.83         |
|    n_updates            | 3080         |
|    policy_gradient_loss | -0.00185     |
|    value_loss           | 47.2         |
------------------------------------------
------------------------------------------
| rollout/                |              |
|    ep_len_mean          | 237          |
|    ep_rew_mean          | 233          |
| time/                   |              |
|    fps                  | 337          |
|    iterations           | 310          |
|    time_elapsed         | 1882         |
|    total_timesteps      | 634880       |
| train/                  |              |
|    approx_kl            | 0.0014238232 |
|    clip_fraction        | 0.0489       |
|    clip_range           | 0.1          |
|    entropy_loss         | -0.526       |
|    explained_variance   | 0.891        |
|    learning_rate        | 0.00012      |
|    loss                 | 80.9         |
|    n_updates            | 3090         |
|    policy_gradient_loss | -0.00212     |
|    value_loss           | 144          |
------------------------------------------
-----------------------------------------
| rollout/                |             |
|    ep_len_mean          | 231         |
|    ep_rew_mean          | 236         |
| time/                   |             |
|    fps                  | 337         |
|    iterations           | 311         |
|    time_elapsed         | 1888        |
|    total_timesteps      | 636928      |
| train/                  |             |
|    approx_kl            | 0.003609006 |
|    clip_fraction        | 0.102       |
|    clip_range           | 0.1         |
|    entropy_loss         | -0.525      |
|    explained_variance   | 0.934       |
|    learning_rate        | 0.00012     |
|    loss                 | 5.16        |
|    n_updates            | 3100        |
|    policy_gradient_loss | -0.00446    |
|    value_loss           | 66.2        |
-----------------------------------------
------------------------------------------
| rollout/                |              |
|    ep_len_mean          | 230          |
|    ep_rew_mean          | 235          |
| time/                   |              |
|    fps                  | 337          |
|    iterations           | 312          |
|    time_elapsed         | 1894         |
|    total_timesteps      | 638976       |
| train/                  |              |
|    approx_kl            | 0.0021808138 |
|    clip_fraction        | 0.0814       |
|    clip_range           | 0.1          |
|    entropy_loss         | -0.638       |
|    explained_variance   | 0.922        |
|    learning_rate        | 0.00012      |
|    loss                 | 35.6         |
|    n_updates            | 3110         |
|    policy_gradient_loss | -0.00125     |
|    value_loss           | 71.1         |
------------------------------------------
Eval num_timesteps=640000, episode_reward=228.88 +/- 88.72
Episode length: 230.60 +/- 94.81
------------------------------------------
| eval/                   |              |
|    mean_ep_length       | 231          |
|    mean_reward          | 229          |
| time/                   |              |
|    total_timesteps      | 640000       |
| train/                  |              |
|    approx_kl            | 0.0020821607 |
|    clip_fraction        | 0.0843       |
|    clip_range           | 0.1          |
|    entropy_loss         | -0.575       |
|    explained_variance   | 0.843        |
|    learning_rate        | 0.00012      |
|    loss                 | 8.57         |
|    n_updates            | 3120         |
|    policy_gradient_loss | -0.00117     |
|    value_loss           | 55.8         |
------------------------------------------
---------------------------------
| rollout/           |          |
|    ep_len_mean     | 220      |
|    ep_rew_mean     | 234      |
| time/              |          |
|    fps             | 337      |
|    iterations      | 313      |
|    time_elapsed    | 1901     |
|    total_timesteps | 641024   |
---------------------------------
------------------------------------------
| rollout/                |              |
|    ep_len_mean          | 219          |
|    ep_rew_mean          | 235          |
| time/                   |              |
|    fps                  | 337          |
|    iterations           | 314          |
|    time_elapsed         | 1907         |
|    total_timesteps      | 643072       |
| train/                  |              |
|    approx_kl            | 0.0011387053 |
|    clip_fraction        | 0.0689       |
|    clip_range           | 0.1          |
|    entropy_loss         | -0.608       |
|    explained_variance   | 0.941        |
|    learning_rate        | 0.00012      |
|    loss                 | 2.52         |
|    n_updates            | 3130         |
|    policy_gradient_loss | -0.00123     |
|    value_loss           | 23.1         |
------------------------------------------
------------------------------------------
| rollout/                |              |
|    ep_len_mean          | 216          |
|    ep_rew_mean          | 230          |
| time/                   |              |
|    fps                  | 337          |
|    iterations           | 315          |
|    time_elapsed         | 1913         |
|    total_timesteps      | 645120       |
| train/                  |              |
|    approx_kl            | 0.0010548632 |
|    clip_fraction        | 0.0348       |
|    clip_range           | 0.1          |
|    entropy_loss         | -0.547       |
|    explained_variance   | 0.902        |
|    learning_rate        | 0.00012      |
|    loss                 | 13.5         |
|    n_updates            | 3140         |
|    policy_gradient_loss | -0.000146    |
|    value_loss           | 55.9         |
------------------------------------------
------------------------------------------
| rollout/                |              |
|    ep_len_mean          | 220          |
|    ep_rew_mean          | 242          |
| time/                   |              |
|    fps                  | 337          |
|    iterations           | 316          |
|    time_elapsed         | 1919         |
|    total_timesteps      | 647168       |
| train/                  |              |
|    approx_kl            | 0.0020723357 |
|    clip_fraction        | 0.0668       |
|    clip_range           | 0.1          |
|    entropy_loss         | -0.592       |
|    explained_variance   | 0.912        |
|    learning_rate        | 0.00012      |
|    loss                 | 7.76         |
|    n_updates            | 3150         |
|    policy_gradient_loss | -3.41e-05    |
|    value_loss           | 55.6         |
------------------------------------------
------------------------------------------
| rollout/                |              |
|    ep_len_mean          | 205          |
|    ep_rew_mean          | 238          |
| time/                   |              |
|    fps                  | 337          |
|    iterations           | 317          |
|    time_elapsed         | 1925         |
|    total_timesteps      | 649216       |
| train/                  |              |
|    approx_kl            | 0.0014060794 |
|    clip_fraction        | 0.0618       |
|    clip_range           | 0.1          |
|    entropy_loss         | -0.509       |
|    explained_variance   | 0.946        |
|    learning_rate        | 0.00012      |
|    loss                 | 8.78         |
|    n_updates            | 3160         |
|    policy_gradient_loss | -0.000926    |
|    value_loss           | 33.1         |
------------------------------------------
-----------------------------------------
| rollout/                |             |
|    ep_len_mean          | 196         |
|    ep_rew_mean          | 241         |
| time/                   |             |
|    fps                  | 337         |
|    iterations           | 318         |
|    time_elapsed         | 1931        |
|    total_timesteps      | 651264      |
| train/                  |             |
|    approx_kl            | 0.001642318 |
|    clip_fraction        | 0.0677      |
|    clip_range           | 0.1         |
|    entropy_loss         | -0.557      |
|    explained_variance   | 0.854       |
|    learning_rate        | 0.00012     |
|    loss                 | 4.64        |
|    n_updates            | 3170        |
|    policy_gradient_loss | -0.00156    |
|    value_loss           | 92.7        |
-----------------------------------------
------------------------------------------
| rollout/                |              |
|    ep_len_mean          | 190          |
|    ep_rew_mean          | 238          |
| time/                   |              |
|    fps                  | 337          |
|    iterations           | 319          |
|    time_elapsed         | 1937         |
|    total_timesteps      | 653312       |
| train/                  |              |
|    approx_kl            | 0.0019556107 |
|    clip_fraction        | 0.0851       |
|    clip_range           | 0.1          |
|    entropy_loss         | -0.546       |
|    explained_variance   | 0.94         |
|    learning_rate        | 0.00012      |
|    loss                 | 14.2         |
|    n_updates            | 3180         |
|    policy_gradient_loss | -0.00173     |
|    value_loss           | 29.4         |
------------------------------------------
------------------------------------------
| rollout/                |              |
|    ep_len_mean          | 191          |
|    ep_rew_mean          | 239          |
| time/                   |              |
|    fps                  | 337          |
|    iterations           | 320          |
|    time_elapsed         | 1943         |
|    total_timesteps      | 655360       |
| train/                  |              |
|    approx_kl            | 0.0015600825 |
|    clip_fraction        | 0.0503       |
|    clip_range           | 0.1          |
|    entropy_loss         | -0.511       |
|    explained_variance   | 0.942        |
|    learning_rate        | 0.00012      |
|    loss                 | 4.05         |
|    n_updates            | 3190         |
|    policy_gradient_loss | -0.000439    |
|    value_loss           | 60.8         |
------------------------------------------
------------------------------------------
| rollout/                |              |
|    ep_len_mean          | 190          |
|    ep_rew_mean          | 241          |
| time/                   |              |
|    fps                  | 337          |
|    iterations           | 321          |
|    time_elapsed         | 1949         |
|    total_timesteps      | 657408       |
| train/                  |              |
|    approx_kl            | 0.0012341435 |
|    clip_fraction        | 0.0734       |
|    clip_range           | 0.1          |
|    entropy_loss         | -0.485       |
|    explained_variance   | 0.896        |
|    learning_rate        | 0.00012      |
|    loss                 | 6.61         |
|    n_updates            | 3200         |
|    policy_gradient_loss | -0.000292    |
|    value_loss           | 22.8         |
------------------------------------------
-----------------------------------------
| rollout/                |             |
|    ep_len_mean          | 191         |
|    ep_rew_mean          | 242         |
| time/                   |             |
|    fps                  | 337         |
|    iterations           | 322         |
|    time_elapsed         | 1955        |
|    total_timesteps      | 659456      |
| train/                  |             |
|    approx_kl            | 0.002756198 |
|    clip_fraction        | 0.0899      |
|    clip_range           | 0.1         |
|    entropy_loss         | -0.509      |
|    explained_variance   | 0.883       |
|    learning_rate        | 0.00012     |
|    loss                 | 47.5        |
|    n_updates            | 3210        |
|    policy_gradient_loss | -0.00249    |
|    value_loss           | 53.4        |
-----------------------------------------
Eval num_timesteps=660000, episode_reward=264.72 +/- 6.65
Episode length: 249.60 +/- 12.31
-----------------------------------------
| eval/                   |             |
|    mean_ep_length       | 250         |
|    mean_reward          | 265         |
| time/                   |             |
|    total_timesteps      | 660000      |
| train/                  |             |
|    approx_kl            | 0.002644741 |
|    clip_fraction        | 0.0817      |
|    clip_range           | 0.1         |
|    entropy_loss         | -0.588      |
|    explained_variance   | 0.798       |
|    learning_rate        | 0.00012     |
|    loss                 | 17.7        |
|    n_updates            | 3220        |
|    policy_gradient_loss | -0.00113    |
|    value_loss           | 80.2        |
-----------------------------------------
---------------------------------
| rollout/           |          |
|    ep_len_mean     | 195      |
|    ep_rew_mean     | 241      |
| time/              |          |
|    fps             | 337      |
|    iterations      | 323      |
|    time_elapsed    | 1962     |
|    total_timesteps | 661504   |
---------------------------------
-----------------------------------------
| rollout/                |             |
|    ep_len_mean          | 195         |
|    ep_rew_mean          | 240         |
| time/                   |             |
|    fps                  | 337         |
|    iterations           | 324         |
|    time_elapsed         | 1968        |
|    total_timesteps      | 663552      |
| train/                  |             |
|    approx_kl            | 0.002668743 |
|    clip_fraction        | 0.116       |
|    clip_range           | 0.1         |
|    entropy_loss         | -0.551      |
|    explained_variance   | 0.955       |
|    learning_rate        | 0.00012     |
|    loss                 | 17.4        |
|    n_updates            | 3230        |
|    policy_gradient_loss | -0.00227    |
|    value_loss           | 57          |
-----------------------------------------
------------------------------------------
| rollout/                |              |
|    ep_len_mean          | 190          |
|    ep_rew_mean          | 236          |
| time/                   |              |
|    fps                  | 337          |
|    iterations           | 325          |
|    time_elapsed         | 1974         |
|    total_timesteps      | 665600       |
| train/                  |              |
|    approx_kl            | 0.0008490493 |
|    clip_fraction        | 0.042        |
|    clip_range           | 0.1          |
|    entropy_loss         | -0.509       |
|    explained_variance   | 0.79         |
|    learning_rate        | 0.00012      |
|    loss                 | 65.4         |
|    n_updates            | 3240         |
|    policy_gradient_loss | -0.00131     |
|    value_loss           | 89.1         |
------------------------------------------
------------------------------------------
| rollout/                |              |
|    ep_len_mean          | 191          |
|    ep_rew_mean          | 236          |
| time/                   |              |
|    fps                  | 337          |
|    iterations           | 326          |
|    time_elapsed         | 1980         |
|    total_timesteps      | 667648       |
| train/                  |              |
|    approx_kl            | 0.0015779557 |
|    clip_fraction        | 0.0723       |
|    clip_range           | 0.1          |
|    entropy_loss         | -0.584       |
|    explained_variance   | 0.888        |
|    learning_rate        | 0.00012      |
|    loss                 | 7.99         |
|    n_updates            | 3250         |
|    policy_gradient_loss | -0.0004      |
|    value_loss           | 42.3         |
------------------------------------------
------------------------------------------
| rollout/                |              |
|    ep_len_mean          | 190          |
|    ep_rew_mean          | 234          |
| time/                   |              |
|    fps                  | 337          |
|    iterations           | 327          |
|    time_elapsed         | 1986         |
|    total_timesteps      | 669696       |
| train/                  |              |
|    approx_kl            | 0.0011771056 |
|    clip_fraction        | 0.0335       |
|    clip_range           | 0.1          |
|    entropy_loss         | -0.561       |
|    explained_variance   | 0.845        |
|    learning_rate        | 0.00012      |
|    loss                 | 13.5         |
|    n_updates            | 3260         |
|    policy_gradient_loss | -0.00052     |
|    value_loss           | 107          |
------------------------------------------
------------------------------------------
| rollout/                |              |
|    ep_len_mean          | 193          |
|    ep_rew_mean          | 237          |
| time/                   |              |
|    fps                  | 337          |
|    iterations           | 328          |
|    time_elapsed         | 1991         |
|    total_timesteps      | 671744       |
| train/                  |              |
|    approx_kl            | 0.0014133458 |
|    clip_fraction        | 0.0412       |
|    clip_range           | 0.1          |
|    entropy_loss         | -0.564       |
|    explained_variance   | 0.898        |
|    learning_rate        | 0.00012      |
|    loss                 | 9.09         |
|    n_updates            | 3270         |
|    policy_gradient_loss | -0.000574    |
|    value_loss           | 52           |
------------------------------------------
------------------------------------------
| rollout/                |              |
|    ep_len_mean          | 201          |
|    ep_rew_mean          | 231          |
| time/                   |              |
|    fps                  | 337          |
|    iterations           | 329          |
|    time_elapsed         | 1997         |
|    total_timesteps      | 673792       |
| train/                  |              |
|    approx_kl            | 0.0018052876 |
|    clip_fraction        | 0.0869       |
|    clip_range           | 0.1          |
|    entropy_loss         | -0.546       |
|    explained_variance   | 0.917        |
|    learning_rate        | 0.00012      |
|    loss                 | 10.8         |
|    n_updates            | 3280         |
|    policy_gradient_loss | -0.000776    |
|    value_loss           | 38.8         |
------------------------------------------
------------------------------------------
| rollout/                |              |
|    ep_len_mean          | 195          |
|    ep_rew_mean          | 219          |
| time/                   |              |
|    fps                  | 337          |
|    iterations           | 330          |
|    time_elapsed         | 2002         |
|    total_timesteps      | 675840       |
| train/                  |              |
|    approx_kl            | 0.0022756706 |
|    clip_fraction        | 0.109        |
|    clip_range           | 0.1          |
|    entropy_loss         | -0.672       |
|    explained_variance   | 0.943        |
|    learning_rate        | 0.00012      |
|    loss                 | 13.4         |
|    n_updates            | 3290         |
|    policy_gradient_loss | -0.00237     |
|    value_loss           | 93.3         |
------------------------------------------
------------------------------------------
| rollout/                |              |
|    ep_len_mean          | 194          |
|    ep_rew_mean          | 210          |
| time/                   |              |
|    fps                  | 337          |
|    iterations           | 331          |
|    time_elapsed         | 2008         |
|    total_timesteps      | 677888       |
| train/                  |              |
|    approx_kl            | 0.0015763321 |
|    clip_fraction        | 0.0535       |
|    clip_range           | 0.1          |
|    entropy_loss         | -0.531       |
|    explained_variance   | 0.834        |
|    learning_rate        | 0.00012      |
|    loss                 | 13.5         |
|    n_updates            | 3300         |
|    policy_gradient_loss | -0.0019      |
|    value_loss           | 139          |
------------------------------------------
------------------------------------------
| rollout/                |              |
|    ep_len_mean          | 191          |
|    ep_rew_mean          | 215          |
| time/                   |              |
|    fps                  | 337          |
|    iterations           | 332          |
|    time_elapsed         | 2014         |
|    total_timesteps      | 679936       |
| train/                  |              |
|    approx_kl            | 0.0023184377 |
|    clip_fraction        | 0.0739       |
|    clip_range           | 0.1          |
|    entropy_loss         | -0.564       |
|    explained_variance   | 0.895        |
|    learning_rate        | 0.00012      |
|    loss                 | 7.14         |
|    n_updates            | 3310         |
|    policy_gradient_loss | -0.000848    |
|    value_loss           | 70.6         |
------------------------------------------
Eval num_timesteps=680000, episode_reward=265.55 +/- 23.87
Episode length: 284.00 +/- 57.63
-----------------------------------------
| eval/                   |             |
|    mean_ep_length       | 284         |
|    mean_reward          | 266         |
| time/                   |             |
|    total_timesteps      | 680000      |
| train/                  |             |
|    approx_kl            | 0.002051713 |
|    clip_fraction        | 0.0836      |
|    clip_range           | 0.1         |
|    entropy_loss         | -0.57       |
|    explained_variance   | 0.922       |
|    learning_rate        | 0.00012     |
|    loss                 | 5.51        |
|    n_updates            | 3320        |
|    policy_gradient_loss | -0.00188    |
|    value_loss           | 30.4        |
-----------------------------------------
---------------------------------
| rollout/           |          |
|    ep_len_mean     | 192      |
|    ep_rew_mean     | 215      |
| time/              |          |
|    fps             | 337      |
|    iterations      | 333      |
|    time_elapsed    | 2021     |
|    total_timesteps | 681984   |
---------------------------------
-----------------------------------------
| rollout/                |             |
|    ep_len_mean          | 205         |
|    ep_rew_mean          | 216         |
| time/                   |             |
|    fps                  | 337         |
|    iterations           | 334         |
|    time_elapsed         | 2027        |
|    total_timesteps      | 684032      |
| train/                  |             |
|    approx_kl            | 0.002663141 |
|    clip_fraction        | 0.0817      |
|    clip_range           | 0.1         |
|    entropy_loss         | -0.51       |
|    explained_variance   | 0.985       |
|    learning_rate        | 0.00012     |
|    loss                 | 9.13        |
|    n_updates            | 3330        |
|    policy_gradient_loss | -0.00147    |
|    value_loss           | 21.2        |
-----------------------------------------
-----------------------------------------
| rollout/                |             |
|    ep_len_mean          | 208         |
|    ep_rew_mean          | 217         |
| time/                   |             |
|    fps                  | 337         |
|    iterations           | 335         |
|    time_elapsed         | 2033        |
|    total_timesteps      | 686080      |
| train/                  |             |
|    approx_kl            | 0.002757709 |
|    clip_fraction        | 0.0832      |
|    clip_range           | 0.1         |
|    entropy_loss         | -0.563      |
|    explained_variance   | 0.988       |
|    learning_rate        | 0.00012     |
|    loss                 | 4.05        |
|    n_updates            | 3340        |
|    policy_gradient_loss | -0.000534   |
|    value_loss           | 18          |
-----------------------------------------
------------------------------------------
| rollout/                |              |
|    ep_len_mean          | 210          |
|    ep_rew_mean          | 222          |
| time/                   |              |
|    fps                  | 337          |
|    iterations           | 336          |
|    time_elapsed         | 2039         |
|    total_timesteps      | 688128       |
| train/                  |              |
|    approx_kl            | 0.0022882277 |
|    clip_fraction        | 0.0818       |
|    clip_range           | 0.1          |
|    entropy_loss         | -0.533       |
|    explained_variance   | 0.903        |
|    learning_rate        | 0.00012      |
|    loss                 | 9.68         |
|    n_updates            | 3350         |
|    policy_gradient_loss | -0.00211     |
|    value_loss           | 58.2         |
------------------------------------------
-----------------------------------------
| rollout/                |             |
|    ep_len_mean          | 217         |
|    ep_rew_mean          | 221         |
| time/                   |             |
|    fps                  | 337         |
|    iterations           | 337         |
|    time_elapsed         | 2044        |
|    total_timesteps      | 690176      |
| train/                  |             |
|    approx_kl            | 0.002369961 |
|    clip_fraction        | 0.0691      |
|    clip_range           | 0.1         |
|    entropy_loss         | -0.575      |
|    explained_variance   | 0.923       |
|    learning_rate        | 0.00012     |
|    loss                 | 6.48        |
|    n_updates            | 3360        |
|    policy_gradient_loss | -0.00163    |
|    value_loss           | 28.6        |
-----------------------------------------
------------------------------------------
| rollout/                |              |
|    ep_len_mean          | 219          |
|    ep_rew_mean          | 228          |
| time/                   |              |
|    fps                  | 337          |
|    iterations           | 338          |
|    time_elapsed         | 2050         |
|    total_timesteps      | 692224       |
| train/                  |              |
|    approx_kl            | 0.0032716384 |
|    clip_fraction        | 0.102        |
|    clip_range           | 0.1          |
|    entropy_loss         | -0.449       |
|    explained_variance   | 0.965        |
|    learning_rate        | 0.00012      |
|    loss                 | 8.15         |
|    n_updates            | 3370         |
|    policy_gradient_loss | -0.00345     |
|    value_loss           | 68.2         |
------------------------------------------
------------------------------------------
| rollout/                |              |
|    ep_len_mean          | 207          |
|    ep_rew_mean          | 226          |
| time/                   |              |
|    fps                  | 337          |
|    iterations           | 339          |
|    time_elapsed         | 2056         |
|    total_timesteps      | 694272       |
| train/                  |              |
|    approx_kl            | 0.0023843073 |
|    clip_fraction        | 0.0922       |
|    clip_range           | 0.1          |
|    entropy_loss         | -0.553       |
|    explained_variance   | 0.834        |
|    learning_rate        | 0.00012      |
|    loss                 | 4.39         |
|    n_updates            | 3380         |
|    policy_gradient_loss | -0.0017      |
|    value_loss           | 73.9         |
------------------------------------------
------------------------------------------
| rollout/                |              |
|    ep_len_mean          | 214          |
|    ep_rew_mean          | 229          |
| time/                   |              |
|    fps                  | 337          |
|    iterations           | 340          |
|    time_elapsed         | 2061         |
|    total_timesteps      | 696320       |
| train/                  |              |
|    approx_kl            | 0.0018837673 |
|    clip_fraction        | 0.0366       |
|    clip_range           | 0.1          |
|    entropy_loss         | -0.526       |
|    explained_variance   | 0.897        |
|    learning_rate        | 0.00012      |
|    loss                 | 5.33         |
|    n_updates            | 3390         |
|    policy_gradient_loss | -0.0019      |
|    value_loss           | 71.8         |
------------------------------------------
------------------------------------------
| rollout/                |              |
|    ep_len_mean          | 216          |
|    ep_rew_mean          | 234          |
| time/                   |              |
|    fps                  | 337          |
|    iterations           | 341          |
|    time_elapsed         | 2067         |
|    total_timesteps      | 698368       |
| train/                  |              |
|    approx_kl            | 0.0013068614 |
|    clip_fraction        | 0.0504       |
|    clip_range           | 0.1          |
|    entropy_loss         | -0.513       |
|    explained_variance   | 0.939        |
|    learning_rate        | 0.00012      |
|    loss                 | 14           |
|    n_updates            | 3400         |
|    policy_gradient_loss | -0.000665    |
|    value_loss           | 88.6         |
------------------------------------------
Eval num_timesteps=700000, episode_reward=275.29 +/- 16.01
Episode length: 201.80 +/- 14.47
------------------------------------------
| eval/                   |              |
|    mean_ep_length       | 202          |
|    mean_reward          | 275          |
| time/                   |              |
|    total_timesteps      | 700000       |
| train/                  |              |
|    approx_kl            | 0.0014088491 |
|    clip_fraction        | 0.0618       |
|    clip_range           | 0.1          |
|    entropy_loss         | -0.55        |
|    explained_variance   | 0.91         |
|    learning_rate        | 0.00012      |
|    loss                 | 52.2         |
|    n_updates            | 3410         |
|    policy_gradient_loss | -0.000893    |
|    value_loss           | 53.1         |
------------------------------------------
---------------------------------
| rollout/           |          |
|    ep_len_mean     | 214      |
|    ep_rew_mean     | 242      |
| time/              |          |
|    fps             | 337      |
|    iterations      | 342      |
|    time_elapsed    | 2074     |
|    total_timesteps | 700416   |
---------------------------------
------------------------------------------
| rollout/                |              |
|    ep_len_mean          | 222          |
|    ep_rew_mean          | 240          |
| time/                   |              |
|    fps                  | 337          |
|    iterations           | 343          |
|    time_elapsed         | 2079         |
|    total_timesteps      | 702464       |
| train/                  |              |
|    approx_kl            | 0.0018888206 |
|    clip_fraction        | 0.0866       |
|    clip_range           | 0.1          |
|    entropy_loss         | -0.493       |
|    explained_variance   | 0.909        |
|    learning_rate        | 0.00012      |
|    loss                 | 4.98         |
|    n_updates            | 3420         |
|    policy_gradient_loss | -0.000874    |
|    value_loss           | 31.6         |
------------------------------------------
------------------------------------------
| rollout/                |              |
|    ep_len_mean          | 216          |
|    ep_rew_mean          | 237          |
| time/                   |              |
|    fps                  | 337          |
|    iterations           | 344          |
|    time_elapsed         | 2085         |
|    total_timesteps      | 704512       |
| train/                  |              |
|    approx_kl            | 0.0065385746 |
|    clip_fraction        | 0.173        |
|    clip_range           | 0.1          |
|    entropy_loss         | -0.585       |
|    explained_variance   | 0.981        |
|    learning_rate        | 0.00012      |
|    loss                 | 1.95         |
|    n_updates            | 3430         |
|    policy_gradient_loss | -0.00244     |
|    value_loss           | 13           |
------------------------------------------
------------------------------------------
| rollout/                |              |
|    ep_len_mean          | 212          |
|    ep_rew_mean          | 240          |
| time/                   |              |
|    fps                  | 337          |
|    iterations           | 345          |
|    time_elapsed         | 2090         |
|    total_timesteps      | 706560       |
| train/                  |              |
|    approx_kl            | 0.0012389511 |
|    clip_fraction        | 0.0616       |
|    clip_range           | 0.1          |
|    entropy_loss         | -0.553       |
|    explained_variance   | 0.91         |
|    learning_rate        | 0.00012      |
|    loss                 | 20.2         |
|    n_updates            | 3440         |
|    policy_gradient_loss | -0.000905    |
|    value_loss           | 126          |
------------------------------------------
------------------------------------------
| rollout/                |              |
|    ep_len_mean          | 212          |
|    ep_rew_mean          | 242          |
| time/                   |              |
|    fps                  | 337          |
|    iterations           | 346          |
|    time_elapsed         | 2096         |
|    total_timesteps      | 708608       |
| train/                  |              |
|    approx_kl            | 0.0018480337 |
|    clip_fraction        | 0.0498       |
|    clip_range           | 0.1          |
|    entropy_loss         | -0.482       |
|    explained_variance   | 0.861        |
|    learning_rate        | 0.00012      |
|    loss                 | 20.4         |
|    n_updates            | 3450         |
|    policy_gradient_loss | -0.00187     |
|    value_loss           | 115          |
------------------------------------------
------------------------------------------
| rollout/                |              |
|    ep_len_mean          | 205          |
|    ep_rew_mean          | 240          |
| time/                   |              |
|    fps                  | 337          |
|    iterations           | 347          |
|    time_elapsed         | 2102         |
|    total_timesteps      | 710656       |
| train/                  |              |
|    approx_kl            | 0.0015278665 |
|    clip_fraction        | 0.0532       |
|    clip_range           | 0.1          |
|    entropy_loss         | -0.485       |
|    explained_variance   | 0.824        |
|    learning_rate        | 0.00012      |
|    loss                 | 17.2         |
|    n_updates            | 3460         |
|    policy_gradient_loss | -0.000256    |
|    value_loss           | 39.8         |
------------------------------------------
------------------------------------------
| rollout/                |              |
|    ep_len_mean          | 204          |
|    ep_rew_mean          | 232          |
| time/                   |              |
|    fps                  | 337          |
|    iterations           | 348          |
|    time_elapsed         | 2108         |
|    total_timesteps      | 712704       |
| train/                  |              |
|    approx_kl            | 0.0016155046 |
|    clip_fraction        | 0.0765       |
|    clip_range           | 0.1          |
|    entropy_loss         | -0.574       |
|    explained_variance   | 0.915        |
|    learning_rate        | 0.00012      |
|    loss                 | 7.5          |
|    n_updates            | 3470         |
|    policy_gradient_loss | -0.000194    |
|    value_loss           | 41.2         |
------------------------------------------
------------------------------------------
| rollout/                |              |
|    ep_len_mean          | 215          |
|    ep_rew_mean          | 239          |
| time/                   |              |
|    fps                  | 337          |
|    iterations           | 349          |
|    time_elapsed         | 2114         |
|    total_timesteps      | 714752       |
| train/                  |              |
|    approx_kl            | 0.0013584315 |
|    clip_fraction        | 0.0509       |
|    clip_range           | 0.1          |
|    entropy_loss         | -0.555       |
|    explained_variance   | 0.816        |
|    learning_rate        | 0.00012      |
|    loss                 | 30.3         |
|    n_updates            | 3480         |
|    policy_gradient_loss | -0.00133     |
|    value_loss           | 157          |
------------------------------------------
-----------------------------------------
| rollout/                |             |
|    ep_len_mean          | 207         |
|    ep_rew_mean          | 234         |
| time/                   |             |
|    fps                  | 338         |
|    iterations           | 350         |
|    time_elapsed         | 2120        |
|    total_timesteps      | 716800      |
| train/                  |             |
|    approx_kl            | 0.004789654 |
|    clip_fraction        | 0.127       |
|    clip_range           | 0.1         |
|    entropy_loss         | -0.51       |
|    explained_variance   | 0.947       |
|    learning_rate        | 0.00012     |
|    loss                 | 17.8        |
|    n_updates            | 3490        |
|    policy_gradient_loss | -0.00236    |
|    value_loss           | 155         |
-----------------------------------------
-----------------------------------------
| rollout/                |             |
|    ep_len_mean          | 209         |
|    ep_rew_mean          | 230         |
| time/                   |             |
|    fps                  | 338         |
|    iterations           | 351         |
|    time_elapsed         | 2126        |
|    total_timesteps      | 718848      |
| train/                  |             |
|    approx_kl            | 0.001090653 |
|    clip_fraction        | 0.0625      |
|    clip_range           | 0.1         |
|    entropy_loss         | -0.496      |
|    explained_variance   | 0.848       |
|    learning_rate        | 0.00012     |
|    loss                 | 42          |
|    n_updates            | 3500        |
|    policy_gradient_loss | -0.000865   |
|    value_loss           | 110         |
-----------------------------------------
Eval num_timesteps=720000, episode_reward=248.41 +/- 55.65
Episode length: 371.00 +/- 315.25
------------------------------------------
| eval/                   |              |
|    mean_ep_length       | 371          |
|    mean_reward          | 248          |
| time/                   |              |
|    total_timesteps      | 720000       |
| train/                  |              |
|    approx_kl            | 0.0010935429 |
|    clip_fraction        | 0.0358       |
|    clip_range           | 0.1          |
|    entropy_loss         | -0.531       |
|    explained_variance   | 0.83         |
|    learning_rate        | 0.00012      |
|    loss                 | 15.5         |
|    n_updates            | 3510         |
|    policy_gradient_loss | -0.000469    |
|    value_loss           | 96.5         |
------------------------------------------
---------------------------------
| rollout/           |          |
|    ep_len_mean     | 219      |
|    ep_rew_mean     | 233      |
| time/              |          |
|    fps             | 337      |
|    iterations      | 352      |
|    time_elapsed    | 2134     |
|    total_timesteps | 720896   |
---------------------------------
------------------------------------------
| rollout/                |              |
|    ep_len_mean          | 208          |
|    ep_rew_mean          | 225          |
| time/                   |              |
|    fps                  | 337          |
|    iterations           | 353          |
|    time_elapsed         | 2140         |
|    total_timesteps      | 722944       |
| train/                  |              |
|    approx_kl            | 0.0036414796 |
|    clip_fraction        | 0.13         |
|    clip_range           | 0.1          |
|    entropy_loss         | -0.536       |
|    explained_variance   | 0.986        |
|    learning_rate        | 0.00012      |
|    loss                 | 1.24         |
|    n_updates            | 3520         |
|    policy_gradient_loss | -0.00219     |
|    value_loss           | 15.2         |
------------------------------------------
------------------------------------------
| rollout/                |              |
|    ep_len_mean          | 202          |
|    ep_rew_mean          | 219          |
| time/                   |              |
|    fps                  | 337          |
|    iterations           | 354          |
|    time_elapsed         | 2146         |
|    total_timesteps      | 724992       |
| train/                  |              |
|    approx_kl            | 0.0016745534 |
|    clip_fraction        | 0.0625       |
|    clip_range           | 0.1          |
|    entropy_loss         | -0.539       |
|    explained_variance   | 0.821        |
|    learning_rate        | 0.00012      |
|    loss                 | 13.4         |
|    n_updates            | 3530         |
|    policy_gradient_loss | -0.00124     |
|    value_loss           | 83.2         |
------------------------------------------
------------------------------------------
| rollout/                |              |
|    ep_len_mean          | 213          |
|    ep_rew_mean          | 224          |
| time/                   |              |
|    fps                  | 337          |
|    iterations           | 355          |
|    time_elapsed         | 2152         |
|    total_timesteps      | 727040       |
| train/                  |              |
|    approx_kl            | 0.0019232102 |
|    clip_fraction        | 0.0614       |
|    clip_range           | 0.1          |
|    entropy_loss         | -0.609       |
|    explained_variance   | 0.941        |
|    learning_rate        | 0.00012      |
|    loss                 | 8.39         |
|    n_updates            | 3540         |
|    policy_gradient_loss | 0.000159     |
|    value_loss           | 89.6         |
------------------------------------------
------------------------------------------
| rollout/                |              |
|    ep_len_mean          | 213          |
|    ep_rew_mean          | 223          |
| time/                   |              |
|    fps                  | 337          |
|    iterations           | 356          |
|    time_elapsed         | 2158         |
|    total_timesteps      | 729088       |
| train/                  |              |
|    approx_kl            | 0.0008030205 |
|    clip_fraction        | 0.0399       |
|    clip_range           | 0.1          |
|    entropy_loss         | -0.509       |
|    explained_variance   | 0.887        |
|    learning_rate        | 0.00012      |
|    loss                 | 17.5         |
|    n_updates            | 3550         |
|    policy_gradient_loss | -0.00171     |
|    value_loss           | 95.9         |
------------------------------------------
------------------------------------------
| rollout/                |              |
|    ep_len_mean          | 210          |
|    ep_rew_mean          | 221          |
| time/                   |              |
|    fps                  | 337          |
|    iterations           | 357          |
|    time_elapsed         | 2164         |
|    total_timesteps      | 731136       |
| train/                  |              |
|    approx_kl            | 0.0030418332 |
|    clip_fraction        | 0.0975       |
|    clip_range           | 0.1          |
|    entropy_loss         | -0.522       |
|    explained_variance   | 0.896        |
|    learning_rate        | 0.00012      |
|    loss                 | 8.32         |
|    n_updates            | 3560         |
|    policy_gradient_loss | -0.000894    |
|    value_loss           | 29           |
------------------------------------------
------------------------------------------
| rollout/                |              |
|    ep_len_mean          | 211          |
|    ep_rew_mean          | 232          |
| time/                   |              |
|    fps                  | 337          |
|    iterations           | 358          |
|    time_elapsed         | 2170         |
|    total_timesteps      | 733184       |
| train/                  |              |
|    approx_kl            | 0.0012343401 |
|    clip_fraction        | 0.0385       |
|    clip_range           | 0.1          |
|    entropy_loss         | -0.538       |
|    explained_variance   | 0.898        |
|    learning_rate        | 0.00012      |
|    loss                 | 17.6         |
|    n_updates            | 3570         |
|    policy_gradient_loss | -0.000601    |
|    value_loss           | 60.2         |
------------------------------------------
------------------------------------------
| rollout/                |              |
|    ep_len_mean          | 220          |
|    ep_rew_mean          | 231          |
| time/                   |              |
|    fps                  | 337          |
|    iterations           | 359          |
|    time_elapsed         | 2176         |
|    total_timesteps      | 735232       |
| train/                  |              |
|    approx_kl            | 0.0016544184 |
|    clip_fraction        | 0.0594       |
|    clip_range           | 0.1          |
|    entropy_loss         | -0.504       |
|    explained_variance   | 0.839        |
|    learning_rate        | 0.00012      |
|    loss                 | 7.62         |
|    n_updates            | 3580         |
|    policy_gradient_loss | -0.000547    |
|    value_loss           | 63           |
------------------------------------------
-----------------------------------------
| rollout/                |             |
|    ep_len_mean          | 216         |
|    ep_rew_mean          | 237         |
| time/                   |             |
|    fps                  | 337         |
|    iterations           | 360         |
|    time_elapsed         | 2182        |
|    total_timesteps      | 737280      |
| train/                  |             |
|    approx_kl            | 0.005432207 |
|    clip_fraction        | 0.15        |
|    clip_range           | 0.1         |
|    entropy_loss         | -0.58       |
|    explained_variance   | 0.98        |
|    learning_rate        | 0.00012     |
|    loss                 | 1.12        |
|    n_updates            | 3590        |
|    policy_gradient_loss | -0.00358    |
|    value_loss           | 13.6        |
-----------------------------------------
----------------------------------------
| rollout/                |            |
|    ep_len_mean          | 225        |
|    ep_rew_mean          | 238        |
| time/                   |            |
|    fps                  | 337        |
|    iterations           | 361        |
|    time_elapsed         | 2188       |
|    total_timesteps      | 739328     |
| train/                  |            |
|    approx_kl            | 0.00184706 |
|    clip_fraction        | 0.0623     |
|    clip_range           | 0.1        |
|    entropy_loss         | -0.539     |
|    explained_variance   | 0.878      |
|    learning_rate        | 0.00012    |
|    loss                 | 18.5       |
|    n_updates            | 3600       |
|    policy_gradient_loss | -0.00178   |
|    value_loss           | 65.2       |
----------------------------------------
Eval num_timesteps=740000, episode_reward=266.91 +/- 20.36
Episode length: 239.20 +/- 17.22
------------------------------------------
| eval/                   |              |
|    mean_ep_length       | 239          |
|    mean_reward          | 267          |
| time/                   |              |
|    total_timesteps      | 740000       |
| train/                  |              |
|    approx_kl            | 0.0047723157 |
|    clip_fraction        | 0.113        |
|    clip_range           | 0.1          |
|    entropy_loss         | -0.481       |
|    explained_variance   | 0.987        |
|    learning_rate        | 0.00012      |
|    loss                 | 2.36         |
|    n_updates            | 3610         |
|    policy_gradient_loss | -0.000346    |
|    value_loss           | 12           |
------------------------------------------
---------------------------------
| rollout/           |          |
|    ep_len_mean     | 215      |
|    ep_rew_mean     | 238      |
| time/              |          |
|    fps             | 337      |
|    iterations      | 362      |
|    time_elapsed    | 2195     |
|    total_timesteps | 741376   |
---------------------------------
------------------------------------------
| rollout/                |              |
|    ep_len_mean          | 216          |
|    ep_rew_mean          | 238          |
| time/                   |              |
|    fps                  | 337          |
|    iterations           | 363          |
|    time_elapsed         | 2201         |
|    total_timesteps      | 743424       |
| train/                  |              |
|    approx_kl            | 0.0028377473 |
|    clip_fraction        | 0.0787       |
|    clip_range           | 0.1          |
|    entropy_loss         | -0.545       |
|    explained_variance   | 0.887        |
|    learning_rate        | 0.00012      |
|    loss                 | 6.83         |
|    n_updates            | 3620         |
|    policy_gradient_loss | 0.000197     |
|    value_loss           | 33.6         |
------------------------------------------
------------------------------------------
| rollout/                |              |
|    ep_len_mean          | 225          |
|    ep_rew_mean          | 248          |
| time/                   |              |
|    fps                  | 337          |
|    iterations           | 364          |
|    time_elapsed         | 2207         |
|    total_timesteps      | 745472       |
| train/                  |              |
|    approx_kl            | 0.0013864993 |
|    clip_fraction        | 0.0504       |
|    clip_range           | 0.1          |
|    entropy_loss         | -0.42        |
|    explained_variance   | 0.971        |
|    learning_rate        | 0.00012      |
|    loss                 | 29.8         |
|    n_updates            | 3630         |
|    policy_gradient_loss | -0.00139     |
|    value_loss           | 37.6         |
------------------------------------------
------------------------------------------
| rollout/                |              |
|    ep_len_mean          | 233          |
|    ep_rew_mean          | 258          |
| time/                   |              |
|    fps                  | 337          |
|    iterations           | 365          |
|    time_elapsed         | 2213         |
|    total_timesteps      | 747520       |
| train/                  |              |
|    approx_kl            | 0.0016396008 |
|    clip_fraction        | 0.0719       |
|    clip_range           | 0.1          |
|    entropy_loss         | -0.47        |
|    explained_variance   | 0.934        |
|    learning_rate        | 0.00012      |
|    loss                 | 9.98         |
|    n_updates            | 3640         |
|    policy_gradient_loss | 0.000124     |
|    value_loss           | 55           |
------------------------------------------
------------------------------------------
| rollout/                |              |
|    ep_len_mean          | 224          |
|    ep_rew_mean          | 257          |
| time/                   |              |
|    fps                  | 337          |
|    iterations           | 366          |
|    time_elapsed         | 2219         |
|    total_timesteps      | 749568       |
| train/                  |              |
|    approx_kl            | 0.0020086453 |
|    clip_fraction        | 0.0879       |
|    clip_range           | 0.1          |
|    entropy_loss         | -0.49        |
|    explained_variance   | 0.968        |
|    learning_rate        | 0.00012      |
|    loss                 | 3.21         |
|    n_updates            | 3650         |
|    policy_gradient_loss | -0.00138     |
|    value_loss           | 30.9         |
------------------------------------------
----------------------------------------
| rollout/                |            |
|    ep_len_mean          | 220        |
|    ep_rew_mean          | 255        |
| time/                   |            |
|    fps                  | 337        |
|    iterations           | 367        |
|    time_elapsed         | 2225       |
|    total_timesteps      | 751616     |
| train/                  |            |
|    approx_kl            | 0.00531601 |
|    clip_fraction        | 0.119      |
|    clip_range           | 0.1        |
|    entropy_loss         | -0.49      |
|    explained_variance   | 0.734      |
|    learning_rate        | 0.00012    |
|    loss                 | 45.1       |
|    n_updates            | 3660       |
|    policy_gradient_loss | -0.00145   |
|    value_loss           | 66         |
----------------------------------------
------------------------------------------
| rollout/                |              |
|    ep_len_mean          | 229          |
|    ep_rew_mean          | 253          |
| time/                   |              |
|    fps                  | 337          |
|    iterations           | 368          |
|    time_elapsed         | 2230         |
|    total_timesteps      | 753664       |
| train/                  |              |
|    approx_kl            | 0.0021122228 |
|    clip_fraction        | 0.107        |
|    clip_range           | 0.1          |
|    entropy_loss         | -0.546       |
|    explained_variance   | 0.915        |
|    learning_rate        | 0.00012      |
|    loss                 | 1.9          |
|    n_updates            | 3670         |
|    policy_gradient_loss | -0.00194     |
|    value_loss           | 31.2         |
------------------------------------------
------------------------------------------
| rollout/                |              |
|    ep_len_mean          | 227          |
|    ep_rew_mean          | 252          |
| time/                   |              |
|    fps                  | 337          |
|    iterations           | 369          |
|    time_elapsed         | 2236         |
|    total_timesteps      | 755712       |
| train/                  |              |
|    approx_kl            | 0.0016658246 |
|    clip_fraction        | 0.082        |
|    clip_range           | 0.1          |
|    entropy_loss         | -0.489       |
|    explained_variance   | 0.96         |
|    learning_rate        | 0.00012      |
|    loss                 | 4.89         |
|    n_updates            | 3680         |
|    policy_gradient_loss | -0.000885    |
|    value_loss           | 86.3         |
------------------------------------------
------------------------------------------
| rollout/                |              |
|    ep_len_mean          | 216          |
|    ep_rew_mean          | 248          |
| time/                   |              |
|    fps                  | 337          |
|    iterations           | 370          |
|    time_elapsed         | 2241         |
|    total_timesteps      | 757760       |
| train/                  |              |
|    approx_kl            | 0.0012792782 |
|    clip_fraction        | 0.0583       |
|    clip_range           | 0.1          |
|    entropy_loss         | -0.468       |
|    explained_variance   | 0.903        |
|    learning_rate        | 0.00012      |
|    loss                 | 35.3         |
|    n_updates            | 3690         |
|    policy_gradient_loss | -0.000939    |
|    value_loss           | 71.8         |
------------------------------------------
------------------------------------------
| rollout/                |              |
|    ep_len_mean          | 209          |
|    ep_rew_mean          | 243          |
| time/                   |              |
|    fps                  | 338          |
|    iterations           | 371          |
|    time_elapsed         | 2247         |
|    total_timesteps      | 759808       |
| train/                  |              |
|    approx_kl            | 0.0013094239 |
|    clip_fraction        | 0.0527       |
|    clip_range           | 0.1          |
|    entropy_loss         | -0.504       |
|    explained_variance   | 0.861        |
|    learning_rate        | 0.00012      |
|    loss                 | 70.6         |
|    n_updates            | 3700         |
|    policy_gradient_loss | -0.000407    |
|    value_loss           | 126          |
------------------------------------------
Eval num_timesteps=760000, episode_reward=237.48 +/- 97.96
Episode length: 251.80 +/- 60.62
------------------------------------------
| eval/                   |              |
|    mean_ep_length       | 252          |
|    mean_reward          | 237          |
| time/                   |              |
|    total_timesteps      | 760000       |
| train/                  |              |
|    approx_kl            | 0.0037310855 |
|    clip_fraction        | 0.186        |
|    clip_range           | 0.1          |
|    entropy_loss         | -0.552       |
|    explained_variance   | 0.951        |
|    learning_rate        | 0.00012      |
|    loss                 | 16.1         |
|    n_updates            | 3710         |
|    policy_gradient_loss | -0.00336     |
|    value_loss           | 64.7         |
------------------------------------------
---------------------------------
| rollout/           |          |
|    ep_len_mean     | 204      |
|    ep_rew_mean     | 228      |
| time/              |          |
|    fps             | 337      |
|    iterations      | 372      |
|    time_elapsed    | 2254     |
|    total_timesteps | 761856   |
---------------------------------
-------------------------------------------
| rollout/                |               |
|    ep_len_mean          | 211           |
|    ep_rew_mean          | 226           |
| time/                   |               |
|    fps                  | 337           |
|    iterations           | 373           |
|    time_elapsed         | 2261          |
|    total_timesteps      | 763904        |
| train/                  |               |
|    approx_kl            | 0.00081509317 |
|    clip_fraction        | 0.0477        |
|    clip_range           | 0.1           |
|    entropy_loss         | -0.492        |
|    explained_variance   | 0.806         |
|    learning_rate        | 0.00012       |
|    loss                 | 253           |
|    n_updates            | 3720          |
|    policy_gradient_loss | -0.0026       |
|    value_loss           | 237           |
-------------------------------------------
------------------------------------------
| rollout/                |              |
|    ep_len_mean          | 203          |
|    ep_rew_mean          | 216          |
| time/                   |              |
|    fps                  | 337          |
|    iterations           | 374          |
|    time_elapsed         | 2267         |
|    total_timesteps      | 765952       |
| train/                  |              |
|    approx_kl            | 0.0035306353 |
|    clip_fraction        | 0.105        |
|    clip_range           | 0.1          |
|    entropy_loss         | -0.597       |
|    explained_variance   | 0.978        |
|    learning_rate        | 0.00012      |
|    loss                 | 10.3         |
|    n_updates            | 3730         |
|    policy_gradient_loss | -0.000585    |
|    value_loss           | 22.6         |
------------------------------------------
------------------------------------------
| rollout/                |              |
|    ep_len_mean          | 196          |
|    ep_rew_mean          | 207          |
| time/                   |              |
|    fps                  | 337          |
|    iterations           | 375          |
|    time_elapsed         | 2272         |
|    total_timesteps      | 768000       |
| train/                  |              |
|    approx_kl            | 0.0018359955 |
|    clip_fraction        | 0.0522       |
|    clip_range           | 0.1          |
|    entropy_loss         | -0.5         |
|    explained_variance   | 0.818        |
|    learning_rate        | 0.00012      |
|    loss                 | 20.5         |
|    n_updates            | 3740         |
|    policy_gradient_loss | -0.00126     |
|    value_loss           | 204          |
------------------------------------------
------------------------------------------
| rollout/                |              |
|    ep_len_mean          | 202          |
|    ep_rew_mean          | 209          |
| time/                   |              |
|    fps                  | 337          |
|    iterations           | 376          |
|    time_elapsed         | 2278         |
|    total_timesteps      | 770048       |
| train/                  |              |
|    approx_kl            | 0.0029837708 |
|    clip_fraction        | 0.0865       |
|    clip_range           | 0.1          |
|    entropy_loss         | -0.488       |
|    explained_variance   | 0.926        |
|    learning_rate        | 0.00012      |
|    loss                 | 7.56         |
|    n_updates            | 3750         |
|    policy_gradient_loss | -0.000984    |
|    value_loss           | 39.1         |
------------------------------------------
------------------------------------------
| rollout/                |              |
|    ep_len_mean          | 191          |
|    ep_rew_mean          | 201          |
| time/                   |              |
|    fps                  | 338          |
|    iterations           | 377          |
|    time_elapsed         | 2284         |
|    total_timesteps      | 772096       |
| train/                  |              |
|    approx_kl            | 0.0010940421 |
|    clip_fraction        | 0.0433       |
|    clip_range           | 0.1          |
|    entropy_loss         | -0.364       |
|    explained_variance   | 0.918        |
|    learning_rate        | 0.00012      |
|    loss                 | 17           |
|    n_updates            | 3760         |
|    policy_gradient_loss | -0.00101     |
|    value_loss           | 66.1         |
------------------------------------------
------------------------------------------
| rollout/                |              |
|    ep_len_mean          | 196          |
|    ep_rew_mean          | 209          |
| time/                   |              |
|    fps                  | 338          |
|    iterations           | 378          |
|    time_elapsed         | 2289         |
|    total_timesteps      | 774144       |
| train/                  |              |
|    approx_kl            | 0.0010248217 |
|    clip_fraction        | 0.0455       |
|    clip_range           | 0.1          |
|    entropy_loss         | -0.486       |
|    explained_variance   | 0.812        |
|    learning_rate        | 0.00012      |
|    loss                 | 20.3         |
|    n_updates            | 3770         |
|    policy_gradient_loss | -0.000718    |
|    value_loss           | 116          |
------------------------------------------
------------------------------------------
| rollout/                |              |
|    ep_len_mean          | 195          |
|    ep_rew_mean          | 201          |
| time/                   |              |
|    fps                  | 338          |
|    iterations           | 379          |
|    time_elapsed         | 2295         |
|    total_timesteps      | 776192       |
| train/                  |              |
|    approx_kl            | 0.0025069795 |
|    clip_fraction        | 0.0887       |
|    clip_range           | 0.1          |
|    entropy_loss         | -0.49        |
|    explained_variance   | 0.84         |
|    learning_rate        | 0.00012      |
|    loss                 | 9.55         |
|    n_updates            | 3780         |
|    policy_gradient_loss | -0.00176     |
|    value_loss           | 26.3         |
------------------------------------------
------------------------------------------
| rollout/                |              |
|    ep_len_mean          | 191          |
|    ep_rew_mean          | 202          |
| time/                   |              |
|    fps                  | 338          |
|    iterations           | 380          |
|    time_elapsed         | 2301         |
|    total_timesteps      | 778240       |
| train/                  |              |
|    approx_kl            | 0.0013305029 |
|    clip_fraction        | 0.0614       |
|    clip_range           | 0.1          |
|    entropy_loss         | -0.522       |
|    explained_variance   | 0.924        |
|    learning_rate        | 0.00012      |
|    loss                 | 43.5         |
|    n_updates            | 3790         |
|    policy_gradient_loss | -7.3e-05     |
|    value_loss           | 67.8         |
------------------------------------------
Eval num_timesteps=780000, episode_reward=275.30 +/- 22.10
Episode length: 225.40 +/- 31.97
------------------------------------------
| eval/                   |              |
|    mean_ep_length       | 225          |
|    mean_reward          | 275          |
| time/                   |              |
|    total_timesteps      | 780000       |
| train/                  |              |
|    approx_kl            | 0.0024362963 |
|    clip_fraction        | 0.0849       |
|    clip_range           | 0.1          |
|    entropy_loss         | -0.534       |
|    explained_variance   | 0.891        |
|    learning_rate        | 0.00012      |
|    loss                 | 11.3         |
|    n_updates            | 3800         |
|    policy_gradient_loss | -0.00178     |
|    value_loss           | 69.7         |
------------------------------------------
---------------------------------
| rollout/           |          |
|    ep_len_mean     | 195      |
|    ep_rew_mean     | 208      |
| time/              |          |
|    fps             | 338      |
|    iterations      | 381      |
|    time_elapsed    | 2307     |
|    total_timesteps | 780288   |
---------------------------------
-----------------------------------------
| rollout/                |             |
|    ep_len_mean          | 192         |
|    ep_rew_mean          | 212         |
| time/                   |             |
|    fps                  | 338         |
|    iterations           | 382         |
|    time_elapsed         | 2313        |
|    total_timesteps      | 782336      |
| train/                  |             |
|    approx_kl            | 0.003099827 |
|    clip_fraction        | 0.109       |
|    clip_range           | 0.1         |
|    entropy_loss         | -0.51       |
|    explained_variance   | 0.944       |
|    learning_rate        | 0.00012     |
|    loss                 | 3.9         |
|    n_updates            | 3810        |
|    policy_gradient_loss | -0.00112    |
|    value_loss           | 22.3        |
-----------------------------------------
------------------------------------------
| rollout/                |              |
|    ep_len_mean          | 195          |
|    ep_rew_mean          | 212          |
| time/                   |              |
|    fps                  | 338          |
|    iterations           | 383          |
|    time_elapsed         | 2319         |
|    total_timesteps      | 784384       |
| train/                  |              |
|    approx_kl            | 0.0020239279 |
|    clip_fraction        | 0.0813       |
|    clip_range           | 0.1          |
|    entropy_loss         | -0.542       |
|    explained_variance   | 0.946        |
|    learning_rate        | 0.00012      |
|    loss                 | 10.4         |
|    n_updates            | 3820         |
|    policy_gradient_loss | -0.000126    |
|    value_loss           | 67.3         |
------------------------------------------
------------------------------------------
| rollout/                |              |
|    ep_len_mean          | 197          |
|    ep_rew_mean          | 215          |
| time/                   |              |
|    fps                  | 338          |
|    iterations           | 384          |
|    time_elapsed         | 2324         |
|    total_timesteps      | 786432       |
| train/                  |              |
|    approx_kl            | 0.0014933806 |
|    clip_fraction        | 0.0669       |
|    clip_range           | 0.1          |
|    entropy_loss         | -0.457       |
|    explained_variance   | 0.971        |
|    learning_rate        | 0.00012      |
|    loss                 | 14.3         |
|    n_updates            | 3830         |
|    policy_gradient_loss | -0.00161     |
|    value_loss           | 38.3         |
------------------------------------------
------------------------------------------
| rollout/                |              |
|    ep_len_mean          | 194          |
|    ep_rew_mean          | 216          |
| time/                   |              |
|    fps                  | 338          |
|    iterations           | 385          |
|    time_elapsed         | 2330         |
|    total_timesteps      | 788480       |
| train/                  |              |
|    approx_kl            | 0.0010920949 |
|    clip_fraction        | 0.0369       |
|    clip_range           | 0.1          |
|    entropy_loss         | -0.49        |
|    explained_variance   | 0.878        |
|    learning_rate        | 0.00012      |
|    loss                 | 40.6         |
|    n_updates            | 3840         |
|    policy_gradient_loss | -0.00104     |
|    value_loss           | 120          |
------------------------------------------
------------------------------------------
| rollout/                |              |
|    ep_len_mean          | 190          |
|    ep_rew_mean          | 216          |
| time/                   |              |
|    fps                  | 338          |
|    iterations           | 386          |
|    time_elapsed         | 2336         |
|    total_timesteps      | 790528       |
| train/                  |              |
|    approx_kl            | 0.0030453824 |
|    clip_fraction        | 0.0814       |
|    clip_range           | 0.1          |
|    entropy_loss         | -0.544       |
|    explained_variance   | 0.91         |
|    learning_rate        | 0.00012      |
|    loss                 | 40.2         |
|    n_updates            | 3850         |
|    policy_gradient_loss | -0.00175     |
|    value_loss           | 74.3         |
------------------------------------------
------------------------------------------
| rollout/                |              |
|    ep_len_mean          | 191          |
|    ep_rew_mean          | 212          |
| time/                   |              |
|    fps                  | 338          |
|    iterations           | 387          |
|    time_elapsed         | 2341         |
|    total_timesteps      | 792576       |
| train/                  |              |
|    approx_kl            | 0.0015643102 |
|    clip_fraction        | 0.0637       |
|    clip_range           | 0.1          |
|    entropy_loss         | -0.485       |
|    explained_variance   | 0.893        |
|    learning_rate        | 0.00012      |
|    loss                 | 15.4         |
|    n_updates            | 3860         |
|    policy_gradient_loss | -0.000821    |
|    value_loss           | 66.9         |
------------------------------------------
------------------------------------------
| rollout/                |              |
|    ep_len_mean          | 190          |
|    ep_rew_mean          | 219          |
| time/                   |              |
|    fps                  | 338          |
|    iterations           | 388          |
|    time_elapsed         | 2347         |
|    total_timesteps      | 794624       |
| train/                  |              |
|    approx_kl            | 0.0010870912 |
|    clip_fraction        | 0.0439       |
|    clip_range           | 0.1          |
|    entropy_loss         | -0.526       |
|    explained_variance   | 0.839        |
|    learning_rate        | 0.00012      |
|    loss                 | 35.9         |
|    n_updates            | 3870         |
|    policy_gradient_loss | -0.00118     |
|    value_loss           | 156          |
------------------------------------------
------------------------------------------
| rollout/                |              |
|    ep_len_mean          | 188          |
|    ep_rew_mean          | 219          |
| time/                   |              |
|    fps                  | 338          |
|    iterations           | 389          |
|    time_elapsed         | 2353         |
|    total_timesteps      | 796672       |
| train/                  |              |
|    approx_kl            | 0.0016322613 |
|    clip_fraction        | 0.0689       |
|    clip_range           | 0.1          |
|    entropy_loss         | -0.46        |
|    explained_variance   | 0.891        |
|    learning_rate        | 0.00012      |
|    loss                 | 7.96         |
|    n_updates            | 3880         |
|    policy_gradient_loss | -0.00162     |
|    value_loss           | 51.2         |
------------------------------------------
-----------------------------------------
| rollout/                |             |
|    ep_len_mean          | 185         |
|    ep_rew_mean          | 209         |
| time/                   |             |
|    fps                  | 338         |
|    iterations           | 390         |
|    time_elapsed         | 2359        |
|    total_timesteps      | 798720      |
| train/                  |             |
|    approx_kl            | 0.002089505 |
|    clip_fraction        | 0.0901      |
|    clip_range           | 0.1         |
|    entropy_loss         | -0.529      |
|    explained_variance   | 0.909       |
|    learning_rate        | 0.00012     |
|    loss                 | 4.65        |
|    n_updates            | 3890        |
|    policy_gradient_loss | -0.00095    |
|    value_loss           | 40.7        |
-----------------------------------------
Eval num_timesteps=800000, episode_reward=273.79 +/- 11.64
Episode length: 233.60 +/- 10.40
-------------------------------------------
| eval/                   |               |
|    mean_ep_length       | 234           |
|    mean_reward          | 274           |
| time/                   |               |
|    total_timesteps      | 800000        |
| train/                  |               |
|    approx_kl            | 0.00081396656 |
|    clip_fraction        | 0.0521        |
|    clip_range           | 0.1           |
|    entropy_loss         | -0.503        |
|    explained_variance   | 0.857         |
|    learning_rate        | 0.00012       |
|    loss                 | 38.8          |
|    n_updates            | 3900          |
|    policy_gradient_loss | -0.000134     |
|    value_loss           | 158           |
-------------------------------------------
---------------------------------
| rollout/           |          |
|    ep_len_mean     | 184      |
|    ep_rew_mean     | 218      |
| time/              |          |
|    fps             | 338      |
|    iterations      | 391      |
|    time_elapsed    | 2366     |
|    total_timesteps | 800768   |
---------------------------------
------------------------------------------
| rollout/                |              |
|    ep_len_mean          | 181          |
|    ep_rew_mean          | 213          |
| time/                   |              |
|    fps                  | 338          |
|    iterations           | 392          |
|    time_elapsed         | 2372         |
|    total_timesteps      | 802816       |
| train/                  |              |
|    approx_kl            | 0.0018746003 |
|    clip_fraction        | 0.0812       |
|    clip_range           | 0.1          |
|    entropy_loss         | -0.528       |
|    explained_variance   | 0.902        |
|    learning_rate        | 0.00012      |
|    loss                 | 4.77         |
|    n_updates            | 3910         |
|    policy_gradient_loss | -0.00115     |
|    value_loss           | 39.4         |
------------------------------------------
------------------------------------------
| rollout/                |              |
|    ep_len_mean          | 179          |
|    ep_rew_mean          | 215          |
| time/                   |              |
|    fps                  | 338          |
|    iterations           | 393          |
|    time_elapsed         | 2378         |
|    total_timesteps      | 804864       |
| train/                  |              |
|    approx_kl            | 0.0016987772 |
|    clip_fraction        | 0.0566       |
|    clip_range           | 0.1          |
|    entropy_loss         | -0.472       |
|    explained_variance   | 0.929        |
|    learning_rate        | 0.00012      |
|    loss                 | 111          |
|    n_updates            | 3920         |
|    policy_gradient_loss | -0.00147     |
|    value_loss           | 114          |
------------------------------------------
------------------------------------------
| rollout/                |              |
|    ep_len_mean          | 181          |
|    ep_rew_mean          | 217          |
| time/                   |              |
|    fps                  | 338          |
|    iterations           | 394          |
|    time_elapsed         | 2384         |
|    total_timesteps      | 806912       |
| train/                  |              |
|    approx_kl            | 0.0013911529 |
|    clip_fraction        | 0.0853       |
|    clip_range           | 0.1          |
|    entropy_loss         | -0.505       |
|    explained_variance   | 0.922        |
|    learning_rate        | 0.00012      |
|    loss                 | 10.6         |
|    n_updates            | 3930         |
|    policy_gradient_loss | -0.001       |
|    value_loss           | 27.3         |
------------------------------------------
------------------------------------------
| rollout/                |              |
|    ep_len_mean          | 179          |
|    ep_rew_mean          | 209          |
| time/                   |              |
|    fps                  | 338          |
|    iterations           | 395          |
|    time_elapsed         | 2390         |
|    total_timesteps      | 808960       |
| train/                  |              |
|    approx_kl            | 0.0018051488 |
|    clip_fraction        | 0.0713       |
|    clip_range           | 0.1          |
|    entropy_loss         | -0.466       |
|    explained_variance   | 0.9          |
|    learning_rate        | 0.00012      |
|    loss                 | 6.98         |
|    n_updates            | 3940         |
|    policy_gradient_loss | -0.00218     |
|    value_loss           | 38.5         |
------------------------------------------
-------------------------------------------
| rollout/                |               |
|    ep_len_mean          | 179           |
|    ep_rew_mean          | 210           |
| time/                   |               |
|    fps                  | 338           |
|    iterations           | 396           |
|    time_elapsed         | 2396          |
|    total_timesteps      | 811008        |
| train/                  |               |
|    approx_kl            | 0.00081859983 |
|    clip_fraction        | 0.0496        |
|    clip_range           | 0.1           |
|    entropy_loss         | -0.465        |
|    explained_variance   | 0.779         |
|    learning_rate        | 0.00012       |
|    loss                 | 57.5          |
|    n_updates            | 3950          |
|    policy_gradient_loss | -0.00105      |
|    value_loss           | 165           |
-------------------------------------------
-----------------------------------------
| rollout/                |             |
|    ep_len_mean          | 180         |
|    ep_rew_mean          | 208         |
| time/                   |             |
|    fps                  | 338         |
|    iterations           | 397         |
|    time_elapsed         | 2402        |
|    total_timesteps      | 813056      |
| train/                  |             |
|    approx_kl            | 0.003649992 |
|    clip_fraction        | 0.0901      |
|    clip_range           | 0.1         |
|    entropy_loss         | -0.46       |
|    explained_variance   | 0.844       |
|    learning_rate        | 0.00012     |
|    loss                 | 10.5        |
|    n_updates            | 3960        |
|    policy_gradient_loss | -0.00198    |
|    value_loss           | 51.9        |
-----------------------------------------
------------------------------------------
| rollout/                |              |
|    ep_len_mean          | 182          |
|    ep_rew_mean          | 213          |
| time/                   |              |
|    fps                  | 338          |
|    iterations           | 398          |
|    time_elapsed         | 2408         |
|    total_timesteps      | 815104       |
| train/                  |              |
|    approx_kl            | 0.0019075895 |
|    clip_fraction        | 0.0846       |
|    clip_range           | 0.1          |
|    entropy_loss         | -0.509       |
|    explained_variance   | 0.907        |
|    learning_rate        | 0.00012      |
|    loss                 | 46.2         |
|    n_updates            | 3970         |
|    policy_gradient_loss | -0.0013      |
|    value_loss           | 74.1         |
------------------------------------------
------------------------------------------
| rollout/                |              |
|    ep_len_mean          | 183          |
|    ep_rew_mean          | 219          |
| time/                   |              |
|    fps                  | 338          |
|    iterations           | 399          |
|    time_elapsed         | 2414         |
|    total_timesteps      | 817152       |
| train/                  |              |
|    approx_kl            | 0.0018702566 |
|    clip_fraction        | 0.0856       |
|    clip_range           | 0.1          |
|    entropy_loss         | -0.49        |
|    explained_variance   | 0.868        |
|    learning_rate        | 0.00012      |
|    loss                 | 10.7         |
|    n_updates            | 3980         |
|    policy_gradient_loss | -0.000458    |
|    value_loss           | 69.3         |
------------------------------------------
------------------------------------------
| rollout/                |              |
|    ep_len_mean          | 184          |
|    ep_rew_mean          | 222          |
| time/                   |              |
|    fps                  | 338          |
|    iterations           | 400          |
|    time_elapsed         | 2420         |
|    total_timesteps      | 819200       |
| train/                  |              |
|    approx_kl            | 0.0034411312 |
|    clip_fraction        | 0.103        |
|    clip_range           | 0.1          |
|    entropy_loss         | -0.548       |
|    explained_variance   | 0.925        |
|    learning_rate        | 0.00012      |
|    loss                 | 5.98         |
|    n_updates            | 3990         |
|    policy_gradient_loss | 0.000211     |
|    value_loss           | 51.9         |
------------------------------------------
Eval num_timesteps=820000, episode_reward=270.73 +/- 22.50
Episode length: 200.00 +/- 22.14
------------------------------------------
| eval/                   |              |
|    mean_ep_length       | 200          |
|    mean_reward          | 271          |
| time/                   |              |
|    total_timesteps      | 820000       |
| train/                  |              |
|    approx_kl            | 0.0042065876 |
|    clip_fraction        | 0.17         |
|    clip_range           | 0.1          |
|    entropy_loss         | -0.566       |
|    explained_variance   | 0.967        |
|    learning_rate        | 0.00012      |
|    loss                 | 9.88         |
|    n_updates            | 4000         |
|    policy_gradient_loss | -0.00142     |
|    value_loss           | 33.5         |
------------------------------------------
---------------------------------
| rollout/           |          |
|    ep_len_mean     | 188      |
|    ep_rew_mean     | 222      |
| time/              |          |
|    fps             | 338      |
|    iterations      | 401      |
|    time_elapsed    | 2427     |
|    total_timesteps | 821248   |
---------------------------------
-----------------------------------------
| rollout/                |             |
|    ep_len_mean          | 197         |
|    ep_rew_mean          | 223         |
| time/                   |             |
|    fps                  | 338         |
|    iterations           | 402         |
|    time_elapsed         | 2433        |
|    total_timesteps      | 823296      |
| train/                  |             |
|    approx_kl            | 0.002416664 |
|    clip_fraction        | 0.0686      |
|    clip_range           | 0.1         |
|    entropy_loss         | -0.543      |
|    explained_variance   | 0.921       |
|    learning_rate        | 0.00012     |
|    loss                 | 7.17        |
|    n_updates            | 4010        |
|    policy_gradient_loss | -0.00295    |
|    value_loss           | 76.7        |
-----------------------------------------
------------------------------------------
| rollout/                |              |
|    ep_len_mean          | 195          |
|    ep_rew_mean          | 218          |
| time/                   |              |
|    fps                  | 338          |
|    iterations           | 403          |
|    time_elapsed         | 2439         |
|    total_timesteps      | 825344       |
| train/                  |              |
|    approx_kl            | 0.0043658917 |
|    clip_fraction        | 0.256        |
|    clip_range           | 0.1          |
|    entropy_loss         | -0.579       |
|    explained_variance   | 0.95         |
|    learning_rate        | 0.00012      |
|    loss                 | 19.9         |
|    n_updates            | 4020         |
|    policy_gradient_loss | -0.0049      |
|    value_loss           | 96.2         |
------------------------------------------
------------------------------------------
| rollout/                |              |
|    ep_len_mean          | 194          |
|    ep_rew_mean          | 213          |
| time/                   |              |
|    fps                  | 338          |
|    iterations           | 404          |
|    time_elapsed         | 2445         |
|    total_timesteps      | 827392       |
| train/                  |              |
|    approx_kl            | 0.0018541019 |
|    clip_fraction        | 0.0611       |
|    clip_range           | 0.1          |
|    entropy_loss         | -0.497       |
|    explained_variance   | 0.85         |
|    learning_rate        | 0.00012      |
|    loss                 | 29.1         |
|    n_updates            | 4030         |
|    policy_gradient_loss | -2e-05       |
|    value_loss           | 106          |
------------------------------------------
------------------------------------------
| rollout/                |              |
|    ep_len_mean          | 192          |
|    ep_rew_mean          | 217          |
| time/                   |              |
|    fps                  | 338          |
|    iterations           | 405          |
|    time_elapsed         | 2451         |
|    total_timesteps      | 829440       |
| train/                  |              |
|    approx_kl            | 0.0023459513 |
|    clip_fraction        | 0.0647       |
|    clip_range           | 0.1          |
|    entropy_loss         | -0.458       |
|    explained_variance   | 0.867        |
|    learning_rate        | 0.00012      |
|    loss                 | 27.2         |
|    n_updates            | 4040         |
|    policy_gradient_loss | -0.000102    |
|    value_loss           | 113          |
------------------------------------------
------------------------------------------
| rollout/                |              |
|    ep_len_mean          | 193          |
|    ep_rew_mean          | 220          |
| time/                   |              |
|    fps                  | 338          |
|    iterations           | 406          |
|    time_elapsed         | 2457         |
|    total_timesteps      | 831488       |
| train/                  |              |
|    approx_kl            | 0.0012172682 |
|    clip_fraction        | 0.0531       |
|    clip_range           | 0.1          |
|    entropy_loss         | -0.473       |
|    explained_variance   | 0.884        |
|    learning_rate        | 0.00012      |
|    loss                 | 17.1         |
|    n_updates            | 4050         |
|    policy_gradient_loss | -0.000562    |
|    value_loss           | 97.2         |
------------------------------------------
------------------------------------------
| rollout/                |              |
|    ep_len_mean          | 193          |
|    ep_rew_mean          | 223          |
| time/                   |              |
|    fps                  | 338          |
|    iterations           | 407          |
|    time_elapsed         | 2463         |
|    total_timesteps      | 833536       |
| train/                  |              |
|    approx_kl            | 0.0019806717 |
|    clip_fraction        | 0.0865       |
|    clip_range           | 0.1          |
|    entropy_loss         | -0.503       |
|    explained_variance   | 0.875        |
|    learning_rate        | 0.00012      |
|    loss                 | 13.6         |
|    n_updates            | 4060         |
|    policy_gradient_loss | 0.000126     |
|    value_loss           | 49.9         |
------------------------------------------
------------------------------------------
| rollout/                |              |
|    ep_len_mean          | 194          |
|    ep_rew_mean          | 224          |
| time/                   |              |
|    fps                  | 338          |
|    iterations           | 408          |
|    time_elapsed         | 2469         |
|    total_timesteps      | 835584       |
| train/                  |              |
|    approx_kl            | 0.0016445005 |
|    clip_fraction        | 0.0571       |
|    clip_range           | 0.1          |
|    entropy_loss         | -0.505       |
|    explained_variance   | 0.824        |
|    learning_rate        | 0.00012      |
|    loss                 | 14.7         |
|    n_updates            | 4070         |
|    policy_gradient_loss | -0.00184     |
|    value_loss           | 111          |
------------------------------------------
-----------------------------------------
| rollout/                |             |
|    ep_len_mean          | 197         |
|    ep_rew_mean          | 212         |
| time/                   |             |
|    fps                  | 338         |
|    iterations           | 409         |
|    time_elapsed         | 2475        |
|    total_timesteps      | 837632      |
| train/                  |             |
|    approx_kl            | 0.001243657 |
|    clip_fraction        | 0.0619      |
|    clip_range           | 0.1         |
|    entropy_loss         | -0.486      |
|    explained_variance   | 0.785       |
|    learning_rate        | 0.00012     |
|    loss                 | 43.9        |
|    n_updates            | 4080        |
|    policy_gradient_loss | -0.00159    |
|    value_loss           | 149         |
-----------------------------------------
------------------------------------------
| rollout/                |              |
|    ep_len_mean          | 190          |
|    ep_rew_mean          | 210          |
| time/                   |              |
|    fps                  | 338          |
|    iterations           | 410          |
|    time_elapsed         | 2481         |
|    total_timesteps      | 839680       |
| train/                  |              |
|    approx_kl            | 0.0052480754 |
|    clip_fraction        | 0.0934       |
|    clip_range           | 0.1          |
|    entropy_loss         | -0.514       |
|    explained_variance   | 0.94         |
|    learning_rate        | 0.00012      |
|    loss                 | 82.8         |
|    n_updates            | 4090         |
|    policy_gradient_loss | -0.00145     |
|    value_loss           | 103          |
------------------------------------------
Eval num_timesteps=840000, episode_reward=288.46 +/- 18.34
Episode length: 214.40 +/- 32.49
------------------------------------------
| eval/                   |              |
|    mean_ep_length       | 214          |
|    mean_reward          | 288          |
| time/                   |              |
|    total_timesteps      | 840000       |
| train/                  |              |
|    approx_kl            | 0.0012038916 |
|    clip_fraction        | 0.0541       |
|    clip_range           | 0.1          |
|    entropy_loss         | -0.486       |
|    explained_variance   | 0.893        |
|    learning_rate        | 0.00012      |
|    loss                 | 19.8         |
|    n_updates            | 4100         |
|    policy_gradient_loss | -0.00112     |
|    value_loss           | 82.7         |
------------------------------------------
New best mean reward!
---------------------------------
| rollout/           |          |
|    ep_len_mean     | 184      |
|    ep_rew_mean     | 214      |
| time/              |          |
|    fps             | 338      |
|    iterations      | 411      |
|    time_elapsed    | 2488     |
|    total_timesteps | 841728   |
---------------------------------
------------------------------------------
| rollout/                |              |
|    ep_len_mean          | 184          |
|    ep_rew_mean          | 211          |
| time/                   |              |
|    fps                  | 338          |
|    iterations           | 412          |
|    time_elapsed         | 2494         |
|    total_timesteps      | 843776       |
| train/                  |              |
|    approx_kl            | 0.0015765454 |
|    clip_fraction        | 0.0811       |
|    clip_range           | 0.1          |
|    entropy_loss         | -0.447       |
|    explained_variance   | 0.783        |
|    learning_rate        | 0.00012      |
|    loss                 | 11.4         |
|    n_updates            | 4110         |
|    policy_gradient_loss | -0.00131     |
|    value_loss           | 91.1         |
------------------------------------------
------------------------------------------
| rollout/                |              |
|    ep_len_mean          | 184          |
|    ep_rew_mean          | 210          |
| time/                   |              |
|    fps                  | 338          |
|    iterations           | 413          |
|    time_elapsed         | 2499         |
|    total_timesteps      | 845824       |
| train/                  |              |
|    approx_kl            | 0.0015618625 |
|    clip_fraction        | 0.0476       |
|    clip_range           | 0.1          |
|    entropy_loss         | -0.539       |
|    explained_variance   | 0.816        |
|    learning_rate        | 0.00012      |
|    loss                 | 25.8         |
|    n_updates            | 4120         |
|    policy_gradient_loss | 0.000555     |
|    value_loss           | 121          |
------------------------------------------
------------------------------------------
| rollout/                |              |
|    ep_len_mean          | 185          |
|    ep_rew_mean          | 212          |
| time/                   |              |
|    fps                  | 338          |
|    iterations           | 414          |
|    time_elapsed         | 2505         |
|    total_timesteps      | 847872       |
| train/                  |              |
|    approx_kl            | 0.0011056636 |
|    clip_fraction        | 0.0437       |
|    clip_range           | 0.1          |
|    entropy_loss         | -0.504       |
|    explained_variance   | 0.865        |
|    learning_rate        | 0.00012      |
|    loss                 | 68.2         |
|    n_updates            | 4130         |
|    policy_gradient_loss | -0.000979    |
|    value_loss           | 85.4         |
------------------------------------------
------------------------------------------
| rollout/                |              |
|    ep_len_mean          | 186          |
|    ep_rew_mean          | 214          |
| time/                   |              |
|    fps                  | 338          |
|    iterations           | 415          |
|    time_elapsed         | 2511         |
|    total_timesteps      | 849920       |
| train/                  |              |
|    approx_kl            | 0.0018837005 |
|    clip_fraction        | 0.0635       |
|    clip_range           | 0.1          |
|    entropy_loss         | -0.47        |
|    explained_variance   | 0.839        |
|    learning_rate        | 0.00012      |
|    loss                 | 44.5         |
|    n_updates            | 4140         |
|    policy_gradient_loss | -0.00301     |
|    value_loss           | 99.8         |
------------------------------------------
------------------------------------------
| rollout/                |              |
|    ep_len_mean          | 197          |
|    ep_rew_mean          | 213          |
| time/                   |              |
|    fps                  | 338          |
|    iterations           | 416          |
|    time_elapsed         | 2517         |
|    total_timesteps      | 851968       |
| train/                  |              |
|    approx_kl            | 0.0039183786 |
|    clip_fraction        | 0.156        |
|    clip_range           | 0.1          |
|    entropy_loss         | -0.55        |
|    explained_variance   | 0.983        |
|    learning_rate        | 0.00012      |
|    loss                 | 5.88         |
|    n_updates            | 4150         |
|    policy_gradient_loss | -0.00131     |
|    value_loss           | 17.3         |
------------------------------------------
------------------------------------------
| rollout/                |              |
|    ep_len_mean          | 205          |
|    ep_rew_mean          | 211          |
| time/                   |              |
|    fps                  | 338          |
|    iterations           | 417          |
|    time_elapsed         | 2523         |
|    total_timesteps      | 854016       |
| train/                  |              |
|    approx_kl            | 0.0018544288 |
|    clip_fraction        | 0.0736       |
|    clip_range           | 0.1          |
|    entropy_loss         | -0.459       |
|    explained_variance   | 0.913        |
|    learning_rate        | 0.00012      |
|    loss                 | 17.5         |
|    n_updates            | 4160         |
|    policy_gradient_loss | -0.000969    |
|    value_loss           | 58.3         |
------------------------------------------
------------------------------------------
| rollout/                |              |
|    ep_len_mean          | 204          |
|    ep_rew_mean          | 209          |
| time/                   |              |
|    fps                  | 338          |
|    iterations           | 418          |
|    time_elapsed         | 2529         |
|    total_timesteps      | 856064       |
| train/                  |              |
|    approx_kl            | 0.0036104654 |
|    clip_fraction        | 0.0789       |
|    clip_range           | 0.1          |
|    entropy_loss         | -0.5         |
|    explained_variance   | 0.966        |
|    learning_rate        | 0.00012      |
|    loss                 | 4.8          |
|    n_updates            | 4170         |
|    policy_gradient_loss | 0.000168     |
|    value_loss           | 43.2         |
------------------------------------------
------------------------------------------
| rollout/                |              |
|    ep_len_mean          | 199          |
|    ep_rew_mean          | 219          |
| time/                   |              |
|    fps                  | 338          |
|    iterations           | 419          |
|    time_elapsed         | 2535         |
|    total_timesteps      | 858112       |
| train/                  |              |
|    approx_kl            | 0.0029295431 |
|    clip_fraction        | 0.0954       |
|    clip_range           | 0.1          |
|    entropy_loss         | -0.494       |
|    explained_variance   | 0.893        |
|    learning_rate        | 0.00012      |
|    loss                 | 46.1         |
|    n_updates            | 4180         |
|    policy_gradient_loss | -0.0026      |
|    value_loss           | 58.4         |
------------------------------------------
Eval num_timesteps=860000, episode_reward=207.45 +/- 99.83
Episode length: 240.80 +/- 82.69
------------------------------------------
| eval/                   |              |
|    mean_ep_length       | 241          |
|    mean_reward          | 207          |
| time/                   |              |
|    total_timesteps      | 860000       |
| train/                  |              |
|    approx_kl            | 0.0016905537 |
|    clip_fraction        | 0.0609       |
|    clip_range           | 0.1          |
|    entropy_loss         | -0.5         |
|    explained_variance   | 0.879        |
|    learning_rate        | 0.00012      |
|    loss                 | 30.2         |
|    n_updates            | 4190         |
|    policy_gradient_loss | -0.00224     |
|    value_loss           | 79.4         |
------------------------------------------
---------------------------------
| rollout/           |          |
|    ep_len_mean     | 200      |
|    ep_rew_mean     | 220      |
| time/              |          |
|    fps             | 338      |
|    iterations      | 420      |
|    time_elapsed    | 2542     |
|    total_timesteps | 860160   |
---------------------------------
------------------------------------------
| rollout/                |              |
|    ep_len_mean          | 204          |
|    ep_rew_mean          | 222          |
| time/                   |              |
|    fps                  | 338          |
|    iterations           | 421          |
|    time_elapsed         | 2547         |
|    total_timesteps      | 862208       |
| train/                  |              |
|    approx_kl            | 0.0025785298 |
|    clip_fraction        | 0.105        |
|    clip_range           | 0.1          |
|    entropy_loss         | -0.55        |
|    explained_variance   | 0.88         |
|    learning_rate        | 0.00012      |
|    loss                 | 40.4         |
|    n_updates            | 4200         |
|    policy_gradient_loss | -0.00197     |
|    value_loss           | 61.9         |
------------------------------------------
------------------------------------------
| rollout/                |              |
|    ep_len_mean          | 205          |
|    ep_rew_mean          | 226          |
| time/                   |              |
|    fps                  | 338          |
|    iterations           | 422          |
|    time_elapsed         | 2553         |
|    total_timesteps      | 864256       |
| train/                  |              |
|    approx_kl            | 0.0026231548 |
|    clip_fraction        | 0.079        |
|    clip_range           | 0.1          |
|    entropy_loss         | -0.395       |
|    explained_variance   | 0.935        |
|    learning_rate        | 0.00012      |
|    loss                 | 12.6         |
|    n_updates            | 4210         |
|    policy_gradient_loss | -0.00226     |
|    value_loss           | 59.8         |
------------------------------------------
------------------------------------------
| rollout/                |              |
|    ep_len_mean          | 200          |
|    ep_rew_mean          | 216          |
| time/                   |              |
|    fps                  | 338          |
|    iterations           | 423          |
|    time_elapsed         | 2559         |
|    total_timesteps      | 866304       |
| train/                  |              |
|    approx_kl            | 0.0013946292 |
|    clip_fraction        | 0.0618       |
|    clip_range           | 0.1          |
|    entropy_loss         | -0.462       |
|    explained_variance   | 0.838        |
|    learning_rate        | 0.00012      |
|    loss                 | 23.9         |
|    n_updates            | 4220         |
|    policy_gradient_loss | -0.00159     |
|    value_loss           | 71.5         |
------------------------------------------
------------------------------------------
| rollout/                |              |
|    ep_len_mean          | 203          |
|    ep_rew_mean          | 217          |
| time/                   |              |
|    fps                  | 338          |
|    iterations           | 424          |
|    time_elapsed         | 2564         |
|    total_timesteps      | 868352       |
| train/                  |              |
|    approx_kl            | 0.0012385696 |
|    clip_fraction        | 0.0777       |
|    clip_range           | 0.1          |
|    entropy_loss         | -0.521       |
|    explained_variance   | 0.896        |
|    learning_rate        | 0.00012      |
|    loss                 | 57.7         |
|    n_updates            | 4230         |
|    policy_gradient_loss | -0.00158     |
|    value_loss           | 104          |
------------------------------------------
------------------------------------------
| rollout/                |              |
|    ep_len_mean          | 194          |
|    ep_rew_mean          | 216          |
| time/                   |              |
|    fps                  | 338          |
|    iterations           | 425          |
|    time_elapsed         | 2570         |
|    total_timesteps      | 870400       |
| train/                  |              |
|    approx_kl            | 0.0011197445 |
|    clip_fraction        | 0.0476       |
|    clip_range           | 0.1          |
|    entropy_loss         | -0.497       |
|    explained_variance   | 0.936        |
|    learning_rate        | 0.00012      |
|    loss                 | 73.8         |
|    n_updates            | 4240         |
|    policy_gradient_loss | -0.0011      |
|    value_loss           | 79.9         |
------------------------------------------
------------------------------------------
| rollout/                |              |
|    ep_len_mean          | 183          |
|    ep_rew_mean          | 211          |
| time/                   |              |
|    fps                  | 338          |
|    iterations           | 426          |
|    time_elapsed         | 2576         |
|    total_timesteps      | 872448       |
| train/                  |              |
|    approx_kl            | 0.0017568766 |
|    clip_fraction        | 0.0675       |
|    clip_range           | 0.1          |
|    entropy_loss         | -0.52        |
|    explained_variance   | 0.91         |
|    learning_rate        | 0.00012      |
|    loss                 | 6.9          |
|    n_updates            | 4250         |
|    policy_gradient_loss | -0.00067     |
|    value_loss           | 45.4         |
------------------------------------------
-----------------------------------------
| rollout/                |             |
|    ep_len_mean          | 188         |
|    ep_rew_mean          | 208         |
| time/                   |             |
|    fps                  | 338         |
|    iterations           | 427         |
|    time_elapsed         | 2581        |
|    total_timesteps      | 874496      |
| train/                  |             |
|    approx_kl            | 0.001470256 |
|    clip_fraction        | 0.0535      |
|    clip_range           | 0.1         |
|    entropy_loss         | -0.477      |
|    explained_variance   | 0.945       |
|    learning_rate        | 0.00012     |
|    loss                 | 12.8        |
|    n_updates            | 4260        |
|    policy_gradient_loss | -0.000471   |
|    value_loss           | 52.7        |
-----------------------------------------
------------------------------------------
| rollout/                |              |
|    ep_len_mean          | 196          |
|    ep_rew_mean          | 208          |
| time/                   |              |
|    fps                  | 338          |
|    iterations           | 428          |
|    time_elapsed         | 2587         |
|    total_timesteps      | 876544       |
| train/                  |              |
|    approx_kl            | 0.0007881102 |
|    clip_fraction        | 0.0375       |
|    clip_range           | 0.1          |
|    entropy_loss         | -0.511       |
|    explained_variance   | 0.88         |
|    learning_rate        | 0.00012      |
|    loss                 | 12.9         |
|    n_updates            | 4270         |
|    policy_gradient_loss | -0.00114     |
|    value_loss           | 205          |
------------------------------------------
------------------------------------------
| rollout/                |              |
|    ep_len_mean          | 199          |
|    ep_rew_mean          | 205          |
| time/                   |              |
|    fps                  | 338          |
|    iterations           | 429          |
|    time_elapsed         | 2592         |
|    total_timesteps      | 878592       |
| train/                  |              |
|    approx_kl            | 0.0028806333 |
|    clip_fraction        | 0.0873       |
|    clip_range           | 0.1          |
|    entropy_loss         | -0.492       |
|    explained_variance   | 0.963        |
|    learning_rate        | 0.00012      |
|    loss                 | 91.3         |
|    n_updates            | 4280         |
|    policy_gradient_loss | -0.000935    |
|    value_loss           | 54.7         |
------------------------------------------
Eval num_timesteps=880000, episode_reward=180.52 +/- 122.85
Episode length: 190.60 +/- 39.41
------------------------------------------
| eval/                   |              |
|    mean_ep_length       | 191          |
|    mean_reward          | 181          |
| time/                   |              |
|    total_timesteps      | 880000       |
| train/                  |              |
|    approx_kl            | 0.0018221929 |
|    clip_fraction        | 0.0877       |
|    clip_range           | 0.1          |
|    entropy_loss         | -0.554       |
|    explained_variance   | 0.912        |
|    learning_rate        | 0.00012      |
|    loss                 | 13.9         |
|    n_updates            | 4290         |
|    policy_gradient_loss | -0.00128     |
|    value_loss           | 102          |
------------------------------------------
---------------------------------
| rollout/           |          |
|    ep_len_mean     | 199      |
|    ep_rew_mean     | 206      |
| time/              |          |
|    fps             | 338      |
|    iterations      | 430      |
|    time_elapsed    | 2599     |
|    total_timesteps | 880640   |
---------------------------------
------------------------------------------
| rollout/                |              |
|    ep_len_mean          | 195          |
|    ep_rew_mean          | 194          |
| time/                   |              |
|    fps                  | 338          |
|    iterations           | 431          |
|    time_elapsed         | 2605         |
|    total_timesteps      | 882688       |
| train/                  |              |
|    approx_kl            | 0.0016559497 |
|    clip_fraction        | 0.0747       |
|    clip_range           | 0.1          |
|    entropy_loss         | -0.487       |
|    explained_variance   | 0.858        |
|    learning_rate        | 0.00012      |
|    loss                 | 14.3         |
|    n_updates            | 4300         |
|    policy_gradient_loss | -0.00113     |
|    value_loss           | 90.5         |
------------------------------------------
------------------------------------------
| rollout/                |              |
|    ep_len_mean          | 195          |
|    ep_rew_mean          | 195          |
| time/                   |              |
|    fps                  | 338          |
|    iterations           | 432          |
|    time_elapsed         | 2611         |
|    total_timesteps      | 884736       |
| train/                  |              |
|    approx_kl            | 0.0012402916 |
|    clip_fraction        | 0.0528       |
|    clip_range           | 0.1          |
|    entropy_loss         | -0.459       |
|    explained_variance   | 0.898        |
|    learning_rate        | 0.00012      |
|    loss                 | 115          |
|    n_updates            | 4310         |
|    policy_gradient_loss | -0.0014      |
|    value_loss           | 170          |
------------------------------------------
-----------------------------------------
| rollout/                |             |
|    ep_len_mean          | 195         |
|    ep_rew_mean          | 195         |
| time/                   |             |
|    fps                  | 338         |
|    iterations           | 433         |
|    time_elapsed         | 2617        |
|    total_timesteps      | 886784      |
| train/                  |             |
|    approx_kl            | 0.002694916 |
|    clip_fraction        | 0.072       |
|    clip_range           | 0.1         |
|    entropy_loss         | -0.505      |
|    explained_variance   | 0.929       |
|    learning_rate        | 0.00012     |
|    loss                 | 11.5        |
|    n_updates            | 4320        |
|    policy_gradient_loss | -0.000621   |
|    value_loss           | 57.7        |
-----------------------------------------
------------------------------------------
| rollout/                |              |
|    ep_len_mean          | 202          |
|    ep_rew_mean          | 196          |
| time/                   |              |
|    fps                  | 338          |
|    iterations           | 434          |
|    time_elapsed         | 2623         |
|    total_timesteps      | 888832       |
| train/                  |              |
|    approx_kl            | 0.0008453286 |
|    clip_fraction        | 0.0516       |
|    clip_range           | 0.1          |
|    entropy_loss         | -0.425       |
|    explained_variance   | 0.913        |
|    learning_rate        | 0.00012      |
|    loss                 | 34.1         |
|    n_updates            | 4330         |
|    policy_gradient_loss | -0.000776    |
|    value_loss           | 90.1         |
------------------------------------------
------------------------------------------
| rollout/                |              |
|    ep_len_mean          | 203          |
|    ep_rew_mean          | 196          |
| time/                   |              |
|    fps                  | 338          |
|    iterations           | 435          |
|    time_elapsed         | 2629         |
|    total_timesteps      | 890880       |
| train/                  |              |
|    approx_kl            | 0.0026860575 |
|    clip_fraction        | 0.0965       |
|    clip_range           | 0.1          |
|    entropy_loss         | -0.472       |
|    explained_variance   | 0.962        |
|    learning_rate        | 0.00012      |
|    loss                 | 3.75         |
|    n_updates            | 4340         |
|    policy_gradient_loss | -0.000353    |
|    value_loss           | 36.8         |
------------------------------------------
------------------------------------------
| rollout/                |              |
|    ep_len_mean          | 205          |
|    ep_rew_mean          | 199          |
| time/                   |              |
|    fps                  | 338          |
|    iterations           | 436          |
|    time_elapsed         | 2635         |
|    total_timesteps      | 892928       |
| train/                  |              |
|    approx_kl            | 0.0013890993 |
|    clip_fraction        | 0.0829       |
|    clip_range           | 0.1          |
|    entropy_loss         | -0.448       |
|    explained_variance   | 0.963        |
|    learning_rate        | 0.00012      |
|    loss                 | 7.65         |
|    n_updates            | 4350         |
|    policy_gradient_loss | 0.000758     |
|    value_loss           | 16.2         |
------------------------------------------
------------------------------------------
| rollout/                |              |
|    ep_len_mean          | 209          |
|    ep_rew_mean          | 203          |
| time/                   |              |
|    fps                  | 338          |
|    iterations           | 437          |
|    time_elapsed         | 2640         |
|    total_timesteps      | 894976       |
| train/                  |              |
|    approx_kl            | 0.0049755424 |
|    clip_fraction        | 0.0814       |
|    clip_range           | 0.1          |
|    entropy_loss         | -0.524       |
|    explained_variance   | 0.95         |
|    learning_rate        | 0.00012      |
|    loss                 | 9.34         |
|    n_updates            | 4360         |
|    policy_gradient_loss | -0.00118     |
|    value_loss           | 40.9         |
------------------------------------------
------------------------------------------
| rollout/                |              |
|    ep_len_mean          | 198          |
|    ep_rew_mean          | 206          |
| time/                   |              |
|    fps                  | 338          |
|    iterations           | 438          |
|    time_elapsed         | 2646         |
|    total_timesteps      | 897024       |
| train/                  |              |
|    approx_kl            | 0.0024320497 |
|    clip_fraction        | 0.0801       |
|    clip_range           | 0.1          |
|    entropy_loss         | -0.501       |
|    explained_variance   | 0.821        |
|    learning_rate        | 0.00012      |
|    loss                 | 75.4         |
|    n_updates            | 4370         |
|    policy_gradient_loss | -0.00336     |
|    value_loss           | 90.5         |
------------------------------------------
------------------------------------------
| rollout/                |              |
|    ep_len_mean          | 197          |
|    ep_rew_mean          | 206          |
| time/                   |              |
|    fps                  | 338          |
|    iterations           | 439          |
|    time_elapsed         | 2652         |
|    total_timesteps      | 899072       |
| train/                  |              |
|    approx_kl            | 0.0016654381 |
|    clip_fraction        | 0.0586       |
|    clip_range           | 0.1          |
|    entropy_loss         | -0.568       |
|    explained_variance   | 0.808        |
|    learning_rate        | 0.00012      |
|    loss                 | 17.9         |
|    n_updates            | 4380         |
|    policy_gradient_loss | -0.00119     |
|    value_loss           | 106          |
------------------------------------------
Eval num_timesteps=900000, episode_reward=269.73 +/- 15.35
Episode length: 222.20 +/- 9.97
-----------------------------------------
| eval/                   |             |
|    mean_ep_length       | 222         |
|    mean_reward          | 270         |
| time/                   |             |
|    total_timesteps      | 900000      |
| train/                  |             |
|    approx_kl            | 0.001727479 |
|    clip_fraction        | 0.0773      |
|    clip_range           | 0.1         |
|    entropy_loss         | -0.531      |
|    explained_variance   | 0.848       |
|    learning_rate        | 0.00012     |
|    loss                 | 17.1        |
|    n_updates            | 4390        |
|    policy_gradient_loss | -0.000662   |
|    value_loss           | 63.6        |
-----------------------------------------
---------------------------------
| rollout/           |          |
|    ep_len_mean     | 200      |
|    ep_rew_mean     | 209      |
| time/              |          |
|    fps             | 338      |
|    iterations      | 440      |
|    time_elapsed    | 2660     |
|    total_timesteps | 901120   |
---------------------------------
------------------------------------------
| rollout/                |              |
|    ep_len_mean          | 197          |
|    ep_rew_mean          | 209          |
| time/                   |              |
|    fps                  | 338          |
|    iterations           | 441          |
|    time_elapsed         | 2665         |
|    total_timesteps      | 903168       |
| train/                  |              |
|    approx_kl            | 0.0018027283 |
|    clip_fraction        | 0.0891       |
|    clip_range           | 0.1          |
|    entropy_loss         | -0.536       |
|    explained_variance   | 0.869        |
|    learning_rate        | 0.00012      |
|    loss                 | 9.82         |
|    n_updates            | 4400         |
|    policy_gradient_loss | -0.00168     |
|    value_loss           | 64           |
------------------------------------------
------------------------------------------
| rollout/                |              |
|    ep_len_mean          | 200          |
|    ep_rew_mean          | 216          |
| time/                   |              |
|    fps                  | 338          |
|    iterations           | 442          |
|    time_elapsed         | 2671         |
|    total_timesteps      | 905216       |
| train/                  |              |
|    approx_kl            | 0.0016910031 |
|    clip_fraction        | 0.0616       |
|    clip_range           | 0.1          |
|    entropy_loss         | -0.501       |
|    explained_variance   | 0.878        |
|    learning_rate        | 0.00012      |
|    loss                 | 6.98         |
|    n_updates            | 4410         |
|    policy_gradient_loss | -0.00121     |
|    value_loss           | 86.2         |
------------------------------------------
------------------------------------------
| rollout/                |              |
|    ep_len_mean          | 210          |
|    ep_rew_mean          | 218          |
| time/                   |              |
|    fps                  | 338          |
|    iterations           | 443          |
|    time_elapsed         | 2677         |
|    total_timesteps      | 907264       |
| train/                  |              |
|    approx_kl            | 0.0033230647 |
|    clip_fraction        | 0.0527       |
|    clip_range           | 0.1          |
|    entropy_loss         | -0.496       |
|    explained_variance   | 0.899        |
|    learning_rate        | 0.00012      |
|    loss                 | 4.99         |
|    n_updates            | 4420         |
|    policy_gradient_loss | -0.000519    |
|    value_loss           | 50.6         |
------------------------------------------
------------------------------------------
| rollout/                |              |
|    ep_len_mean          | 200          |
|    ep_rew_mean          | 219          |
| time/                   |              |
|    fps                  | 338          |
|    iterations           | 444          |
|    time_elapsed         | 2683         |
|    total_timesteps      | 909312       |
| train/                  |              |
|    approx_kl            | 0.0035773083 |
|    clip_fraction        | 0.109        |
|    clip_range           | 0.1          |
|    entropy_loss         | -0.557       |
|    explained_variance   | 0.962        |
|    learning_rate        | 0.00012      |
|    loss                 | 5.44         |
|    n_updates            | 4430         |
|    policy_gradient_loss | -0.000271    |
|    value_loss           | 58.1         |
------------------------------------------
------------------------------------------
| rollout/                |              |
|    ep_len_mean          | 201          |
|    ep_rew_mean          | 217          |
| time/                   |              |
|    fps                  | 338          |
|    iterations           | 445          |
|    time_elapsed         | 2689         |
|    total_timesteps      | 911360       |
| train/                  |              |
|    approx_kl            | 0.0042928196 |
|    clip_fraction        | 0.0842       |
|    clip_range           | 0.1          |
|    entropy_loss         | -0.554       |
|    explained_variance   | 0.907        |
|    learning_rate        | 0.00012      |
|    loss                 | 48.9         |
|    n_updates            | 4440         |
|    policy_gradient_loss | -0.00122     |
|    value_loss           | 83.5         |
------------------------------------------
------------------------------------------
| rollout/                |              |
|    ep_len_mean          | 196          |
|    ep_rew_mean          | 220          |
| time/                   |              |
|    fps                  | 338          |
|    iterations           | 446          |
|    time_elapsed         | 2695         |
|    total_timesteps      | 913408       |
| train/                  |              |
|    approx_kl            | 0.0012943442 |
|    clip_fraction        | 0.0545       |
|    clip_range           | 0.1          |
|    entropy_loss         | -0.464       |
|    explained_variance   | 0.9          |
|    learning_rate        | 0.00012      |
|    loss                 | 13.1         |
|    n_updates            | 4450         |
|    policy_gradient_loss | -0.00258     |
|    value_loss           | 78.7         |
------------------------------------------
------------------------------------------
| rollout/                |              |
|    ep_len_mean          | 197          |
|    ep_rew_mean          | 227          |
| time/                   |              |
|    fps                  | 338          |
|    iterations           | 447          |
|    time_elapsed         | 2700         |
|    total_timesteps      | 915456       |
| train/                  |              |
|    approx_kl            | 0.0017580715 |
|    clip_fraction        | 0.0865       |
|    clip_range           | 0.1          |
|    entropy_loss         | -0.486       |
|    explained_variance   | 0.915        |
|    learning_rate        | 0.00012      |
|    loss                 | 7.41         |
|    n_updates            | 4460         |
|    policy_gradient_loss | -0.000533    |
|    value_loss           | 29.1         |
------------------------------------------
------------------------------------------
| rollout/                |              |
|    ep_len_mean          | 199          |
|    ep_rew_mean          | 232          |
| time/                   |              |
|    fps                  | 339          |
|    iterations           | 448          |
|    time_elapsed         | 2706         |
|    total_timesteps      | 917504       |
| train/                  |              |
|    approx_kl            | 0.0026985928 |
|    clip_fraction        | 0.0966       |
|    clip_range           | 0.1          |
|    entropy_loss         | -0.462       |
|    explained_variance   | 0.95         |
|    learning_rate        | 0.00012      |
|    loss                 | 7.52         |
|    n_updates            | 4470         |
|    policy_gradient_loss | -0.0018      |
|    value_loss           | 19.6         |
------------------------------------------
------------------------------------------
| rollout/                |              |
|    ep_len_mean          | 201          |
|    ep_rew_mean          | 236          |
| time/                   |              |
|    fps                  | 339          |
|    iterations           | 449          |
|    time_elapsed         | 2712         |
|    total_timesteps      | 919552       |
| train/                  |              |
|    approx_kl            | 0.0016990048 |
|    clip_fraction        | 0.0793       |
|    clip_range           | 0.1          |
|    entropy_loss         | -0.452       |
|    explained_variance   | 0.882        |
|    learning_rate        | 0.00012      |
|    loss                 | 47.5         |
|    n_updates            | 4480         |
|    policy_gradient_loss | -0.00163     |
|    value_loss           | 54.2         |
------------------------------------------
Eval num_timesteps=920000, episode_reward=280.98 +/- 15.93
Episode length: 224.80 +/- 24.73
------------------------------------------
| eval/                   |              |
|    mean_ep_length       | 225          |
|    mean_reward          | 281          |
| time/                   |              |
|    total_timesteps      | 920000       |
| train/                  |              |
|    approx_kl            | 0.0036643224 |
|    clip_fraction        | 0.122        |
|    clip_range           | 0.1          |
|    entropy_loss         | -0.509       |
|    explained_variance   | 0.931        |
|    learning_rate        | 0.00012      |
|    loss                 | 10.8         |
|    n_updates            | 4490         |
|    policy_gradient_loss | -0.000942    |
|    value_loss           | 18.5         |
------------------------------------------
---------------------------------
| rollout/           |          |
|    ep_len_mean     | 212      |
|    ep_rew_mean     | 231      |
| time/              |          |
|    fps             | 338      |
|    iterations      | 450      |
|    time_elapsed    | 2719     |
|    total_timesteps | 921600   |
---------------------------------
-----------------------------------------
| rollout/                |             |
|    ep_len_mean          | 216         |
|    ep_rew_mean          | 240         |
| time/                   |             |
|    fps                  | 338         |
|    iterations           | 451         |
|    time_elapsed         | 2725        |
|    total_timesteps      | 923648      |
| train/                  |             |
|    approx_kl            | 0.017217262 |
|    clip_fraction        | 0.155       |
|    clip_range           | 0.1         |
|    entropy_loss         | -0.504      |
|    explained_variance   | 0.938       |
|    learning_rate        | 0.00012     |
|    loss                 | 217         |
|    n_updates            | 4500        |
|    policy_gradient_loss | -0.00218    |
|    value_loss           | 61.4        |
-----------------------------------------
------------------------------------------
| rollout/                |              |
|    ep_len_mean          | 218          |
|    ep_rew_mean          | 240          |
| time/                   |              |
|    fps                  | 338          |
|    iterations           | 452          |
|    time_elapsed         | 2731         |
|    total_timesteps      | 925696       |
| train/                  |              |
|    approx_kl            | 0.0020909803 |
|    clip_fraction        | 0.0896       |
|    clip_range           | 0.1          |
|    entropy_loss         | -0.492       |
|    explained_variance   | 0.951        |
|    learning_rate        | 0.00012      |
|    loss                 | 6.26         |
|    n_updates            | 4510         |
|    policy_gradient_loss | -0.000724    |
|    value_loss           | 15.8         |
------------------------------------------
------------------------------------------
| rollout/                |              |
|    ep_len_mean          | 211          |
|    ep_rew_mean          | 243          |
| time/                   |              |
|    fps                  | 338          |
|    iterations           | 453          |
|    time_elapsed         | 2737         |
|    total_timesteps      | 927744       |
| train/                  |              |
|    approx_kl            | 0.0023800014 |
|    clip_fraction        | 0.0625       |
|    clip_range           | 0.1          |
|    entropy_loss         | -0.479       |
|    explained_variance   | 0.889        |
|    learning_rate        | 0.00012      |
|    loss                 | 45.4         |
|    n_updates            | 4520         |
|    policy_gradient_loss | -0.000762    |
|    value_loss           | 53           |
------------------------------------------
------------------------------------------
| rollout/                |              |
|    ep_len_mean          | 209          |
|    ep_rew_mean          | 243          |
| time/                   |              |
|    fps                  | 338          |
|    iterations           | 454          |
|    time_elapsed         | 2743         |
|    total_timesteps      | 929792       |
| train/                  |              |
|    approx_kl            | 0.0025076778 |
|    clip_fraction        | 0.0954       |
|    clip_range           | 0.1          |
|    entropy_loss         | -0.488       |
|    explained_variance   | 0.845        |
|    learning_rate        | 0.00012      |
|    loss                 | 4.81         |
|    n_updates            | 4530         |
|    policy_gradient_loss | -0.00259     |
|    value_loss           | 55.2         |
------------------------------------------
------------------------------------------
| rollout/                |              |
|    ep_len_mean          | 211          |
|    ep_rew_mean          | 244          |
| time/                   |              |
|    fps                  | 338          |
|    iterations           | 455          |
|    time_elapsed         | 2749         |
|    total_timesteps      | 931840       |
| train/                  |              |
|    approx_kl            | 0.0014319671 |
|    clip_fraction        | 0.0504       |
|    clip_range           | 0.1          |
|    entropy_loss         | -0.528       |
|    explained_variance   | 0.796        |
|    learning_rate        | 0.00012      |
|    loss                 | 7.82         |
|    n_updates            | 4540         |
|    policy_gradient_loss | -0.00147     |
|    value_loss           | 110          |
------------------------------------------
------------------------------------------
| rollout/                |              |
|    ep_len_mean          | 213          |
|    ep_rew_mean          | 244          |
| time/                   |              |
|    fps                  | 338          |
|    iterations           | 456          |
|    time_elapsed         | 2755         |
|    total_timesteps      | 933888       |
| train/                  |              |
|    approx_kl            | 0.0014859341 |
|    clip_fraction        | 0.0678       |
|    clip_range           | 0.1          |
|    entropy_loss         | -0.476       |
|    explained_variance   | 0.875        |
|    learning_rate        | 0.00012      |
|    loss                 | 7.07         |
|    n_updates            | 4550         |
|    policy_gradient_loss | -0.00102     |
|    value_loss           | 84.3         |
------------------------------------------
-----------------------------------------
| rollout/                |             |
|    ep_len_mean          | 213         |
|    ep_rew_mean          | 241         |
| time/                   |             |
|    fps                  | 338         |
|    iterations           | 457         |
|    time_elapsed         | 2761        |
|    total_timesteps      | 935936      |
| train/                  |             |
|    approx_kl            | 0.002658601 |
|    clip_fraction        | 0.0667      |
|    clip_range           | 0.1         |
|    entropy_loss         | -0.507      |
|    explained_variance   | 0.81        |
|    learning_rate        | 0.00012     |
|    loss                 | 15.1        |
|    n_updates            | 4560        |
|    policy_gradient_loss | -0.000583   |
|    value_loss           | 87.3        |
-----------------------------------------
------------------------------------------
| rollout/                |              |
|    ep_len_mean          | 214          |
|    ep_rew_mean          | 240          |
| time/                   |              |
|    fps                  | 338          |
|    iterations           | 458          |
|    time_elapsed         | 2767         |
|    total_timesteps      | 937984       |
| train/                  |              |
|    approx_kl            | 0.0023048804 |
|    clip_fraction        | 0.0994       |
|    clip_range           | 0.1          |
|    entropy_loss         | -0.547       |
|    explained_variance   | 0.928        |
|    learning_rate        | 0.00012      |
|    loss                 | 4.5          |
|    n_updates            | 4570         |
|    policy_gradient_loss | -0.00121     |
|    value_loss           | 31.7         |
------------------------------------------
Eval num_timesteps=940000, episode_reward=264.23 +/- 38.33
Episode length: 277.80 +/- 72.00
-----------------------------------------
| eval/                   |             |
|    mean_ep_length       | 278         |
|    mean_reward          | 264         |
| time/                   |             |
|    total_timesteps      | 940000      |
| train/                  |             |
|    approx_kl            | 0.001695185 |
|    clip_fraction        | 0.0748      |
|    clip_range           | 0.1         |
|    entropy_loss         | -0.429      |
|    explained_variance   | 0.856       |
|    learning_rate        | 0.00012     |
|    loss                 | 10.2        |
|    n_updates            | 4580        |
|    policy_gradient_loss | -0.000356   |
|    value_loss           | 64.9        |
-----------------------------------------
---------------------------------
| rollout/           |          |
|    ep_len_mean     | 213      |
|    ep_rew_mean     | 242      |
| time/              |          |
|    fps             | 338      |
|    iterations      | 459      |
|    time_elapsed    | 2774     |
|    total_timesteps | 940032   |
---------------------------------
------------------------------------------
| rollout/                |              |
|    ep_len_mean          | 200          |
|    ep_rew_mean          | 244          |
| time/                   |              |
|    fps                  | 338          |
|    iterations           | 460          |
|    time_elapsed         | 2780         |
|    total_timesteps      | 942080       |
| train/                  |              |
|    approx_kl            | 0.0025869187 |
|    clip_fraction        | 0.094        |
|    clip_range           | 0.1          |
|    entropy_loss         | -0.528       |
|    explained_variance   | 0.899        |
|    learning_rate        | 0.00012      |
|    loss                 | 5.58         |
|    n_updates            | 4590         |
|    policy_gradient_loss | 0.000886     |
|    value_loss           | 30           |
------------------------------------------
------------------------------------------
| rollout/                |              |
|    ep_len_mean          | 202          |
|    ep_rew_mean          | 245          |
| time/                   |              |
|    fps                  | 338          |
|    iterations           | 461          |
|    time_elapsed         | 2786         |
|    total_timesteps      | 944128       |
| train/                  |              |
|    approx_kl            | 0.0023604245 |
|    clip_fraction        | 0.0841       |
|    clip_range           | 0.1          |
|    entropy_loss         | -0.473       |
|    explained_variance   | 0.89         |
|    learning_rate        | 0.00012      |
|    loss                 | 3.66         |
|    n_updates            | 4600         |
|    policy_gradient_loss | -0.000117    |
|    value_loss           | 42.5         |
------------------------------------------
------------------------------------------
| rollout/                |              |
|    ep_len_mean          | 204          |
|    ep_rew_mean          | 248          |
| time/                   |              |
|    fps                  | 338          |
|    iterations           | 462          |
|    time_elapsed         | 2792         |
|    total_timesteps      | 946176       |
| train/                  |              |
|    approx_kl            | 0.0013855315 |
|    clip_fraction        | 0.0593       |
|    clip_range           | 0.1          |
|    entropy_loss         | -0.469       |
|    explained_variance   | 0.854        |
|    learning_rate        | 0.00012      |
|    loss                 | 5.84         |
|    n_updates            | 4610         |
|    policy_gradient_loss | -0.00103     |
|    value_loss           | 30.6         |
------------------------------------------
------------------------------------------
| rollout/                |              |
|    ep_len_mean          | 203          |
|    ep_rew_mean          | 248          |
| time/                   |              |
|    fps                  | 338          |
|    iterations           | 463          |
|    time_elapsed         | 2798         |
|    total_timesteps      | 948224       |
| train/                  |              |
|    approx_kl            | 0.0022924612 |
|    clip_fraction        | 0.0925       |
|    clip_range           | 0.1          |
|    entropy_loss         | -0.492       |
|    explained_variance   | 0.891        |
|    learning_rate        | 0.00012      |
|    loss                 | 11.8         |
|    n_updates            | 4620         |
|    policy_gradient_loss | 0.000603     |
|    value_loss           | 32.6         |
------------------------------------------
------------------------------------------
| rollout/                |              |
|    ep_len_mean          | 208          |
|    ep_rew_mean          | 249          |
| time/                   |              |
|    fps                  | 338          |
|    iterations           | 464          |
|    time_elapsed         | 2804         |
|    total_timesteps      | 950272       |
| train/                  |              |
|    approx_kl            | 0.0018757468 |
|    clip_fraction        | 0.0655       |
|    clip_range           | 0.1          |
|    entropy_loss         | -0.469       |
|    explained_variance   | 0.813        |
|    learning_rate        | 0.00012      |
|    loss                 | 10.2         |
|    n_updates            | 4630         |
|    policy_gradient_loss | -0.000583    |
|    value_loss           | 65.1         |
------------------------------------------
------------------------------------------
| rollout/                |              |
|    ep_len_mean          | 218          |
|    ep_rew_mean          | 247          |
| time/                   |              |
|    fps                  | 338          |
|    iterations           | 465          |
|    time_elapsed         | 2810         |
|    total_timesteps      | 952320       |
| train/                  |              |
|    approx_kl            | 0.0039072824 |
|    clip_fraction        | 0.0908       |
|    clip_range           | 0.1          |
|    entropy_loss         | -0.497       |
|    explained_variance   | 0.953        |
|    learning_rate        | 0.00012      |
|    loss                 | 3.56         |
|    n_updates            | 4640         |
|    policy_gradient_loss | -0.000584    |
|    value_loss           | 35.4         |
------------------------------------------
------------------------------------------
| rollout/                |              |
|    ep_len_mean          | 221          |
|    ep_rew_mean          | 251          |
| time/                   |              |
|    fps                  | 338          |
|    iterations           | 466          |
|    time_elapsed         | 2816         |
|    total_timesteps      | 954368       |
| train/                  |              |
|    approx_kl            | 0.0016751434 |
|    clip_fraction        | 0.0629       |
|    clip_range           | 0.1          |
|    entropy_loss         | -0.457       |
|    explained_variance   | 0.943        |
|    learning_rate        | 0.00012      |
|    loss                 | 19.1         |
|    n_updates            | 4650         |
|    policy_gradient_loss | -0.000123    |
|    value_loss           | 63.4         |
------------------------------------------
-----------------------------------------
| rollout/                |             |
|    ep_len_mean          | 222         |
|    ep_rew_mean          | 247         |
| time/                   |             |
|    fps                  | 338         |
|    iterations           | 467         |
|    time_elapsed         | 2822        |
|    total_timesteps      | 956416      |
| train/                  |             |
|    approx_kl            | 0.005807071 |
|    clip_fraction        | 0.0765      |
|    clip_range           | 0.1         |
|    entropy_loss         | -0.545      |
|    explained_variance   | 0.942       |
|    learning_rate        | 0.00012     |
|    loss                 | 13.8        |
|    n_updates            | 4660        |
|    policy_gradient_loss | -0.000708   |
|    value_loss           | 27.6        |
-----------------------------------------
-----------------------------------------
| rollout/                |             |
|    ep_len_mean          | 221         |
|    ep_rew_mean          | 249         |
| time/                   |             |
|    fps                  | 338         |
|    iterations           | 468         |
|    time_elapsed         | 2828        |
|    total_timesteps      | 958464      |
| train/                  |             |
|    approx_kl            | 0.001464768 |
|    clip_fraction        | 0.0572      |
|    clip_range           | 0.1         |
|    entropy_loss         | -0.514      |
|    explained_variance   | 0.97        |
|    learning_rate        | 0.00012     |
|    loss                 | 35.1        |
|    n_updates            | 4670        |
|    policy_gradient_loss | -0.00169    |
|    value_loss           | 38.7        |
-----------------------------------------
Eval num_timesteps=960000, episode_reward=270.42 +/- 16.29
Episode length: 210.40 +/- 14.88
------------------------------------------
| eval/                   |              |
|    mean_ep_length       | 210          |
|    mean_reward          | 270          |
| time/                   |              |
|    total_timesteps      | 960000       |
| train/                  |              |
|    approx_kl            | 0.0012236212 |
|    clip_fraction        | 0.0517       |
|    clip_range           | 0.1          |
|    entropy_loss         | -0.496       |
|    explained_variance   | 0.936        |
|    learning_rate        | 0.00012      |
|    loss                 | 50.6         |
|    n_updates            | 4680         |
|    policy_gradient_loss | -0.000876    |
|    value_loss           | 41.2         |
------------------------------------------
---------------------------------
| rollout/           |          |
|    ep_len_mean     | 223      |
|    ep_rew_mean     | 251      |
| time/              |          |
|    fps             | 338      |
|    iterations      | 469      |
|    time_elapsed    | 2835     |
|    total_timesteps | 960512   |
---------------------------------
------------------------------------------
| rollout/                |              |
|    ep_len_mean          | 234          |
|    ep_rew_mean          | 245          |
| time/                   |              |
|    fps                  | 338          |
|    iterations           | 470          |
|    time_elapsed         | 2841         |
|    total_timesteps      | 962560       |
| train/                  |              |
|    approx_kl            | 0.0014565373 |
|    clip_fraction        | 0.0668       |
|    clip_range           | 0.1          |
|    entropy_loss         | -0.48        |
|    explained_variance   | 0.964        |
|    learning_rate        | 0.00012      |
|    loss                 | 8.14         |
|    n_updates            | 4690         |
|    policy_gradient_loss | -0.000755    |
|    value_loss           | 26.6         |
------------------------------------------
-----------------------------------------
| rollout/                |             |
|    ep_len_mean          | 234         |
|    ep_rew_mean          | 249         |
| time/                   |             |
|    fps                  | 338         |
|    iterations           | 471         |
|    time_elapsed         | 2847        |
|    total_timesteps      | 964608      |
| train/                  |             |
|    approx_kl            | 0.008793525 |
|    clip_fraction        | 0.188       |
|    clip_range           | 0.1         |
|    entropy_loss         | -0.524      |
|    explained_variance   | 0.962       |
|    learning_rate        | 0.00012     |
|    loss                 | 1.41        |
|    n_updates            | 4700        |
|    policy_gradient_loss | 0.00034     |
|    value_loss           | 32.9        |
-----------------------------------------
------------------------------------------
| rollout/                |              |
|    ep_len_mean          | 236          |
|    ep_rew_mean          | 243          |
| time/                   |              |
|    fps                  | 338          |
|    iterations           | 472          |
|    time_elapsed         | 2852         |
|    total_timesteps      | 966656       |
| train/                  |              |
|    approx_kl            | 0.0029555575 |
|    clip_fraction        | 0.0981       |
|    clip_range           | 0.1          |
|    entropy_loss         | -0.461       |
|    explained_variance   | 0.914        |
|    learning_rate        | 0.00012      |
|    loss                 | 3.71         |
|    n_updates            | 4710         |
|    policy_gradient_loss | -0.00153     |
|    value_loss           | 18.8         |
------------------------------------------
------------------------------------------
| rollout/                |              |
|    ep_len_mean          | 234          |
|    ep_rew_mean          | 233          |
| time/                   |              |
|    fps                  | 338          |
|    iterations           | 473          |
|    time_elapsed         | 2858         |
|    total_timesteps      | 968704       |
| train/                  |              |
|    approx_kl            | 0.0030401316 |
|    clip_fraction        | 0.0678       |
|    clip_range           | 0.1          |
|    entropy_loss         | -0.466       |
|    explained_variance   | 0.898        |
|    learning_rate        | 0.00012      |
|    loss                 | 5.65         |
|    n_updates            | 4720         |
|    policy_gradient_loss | -0.00253     |
|    value_loss           | 98           |
------------------------------------------
------------------------------------------
| rollout/                |              |
|    ep_len_mean          | 231          |
|    ep_rew_mean          | 230          |
| time/                   |              |
|    fps                  | 338          |
|    iterations           | 474          |
|    time_elapsed         | 2864         |
|    total_timesteps      | 970752       |
| train/                  |              |
|    approx_kl            | 0.0010076384 |
|    clip_fraction        | 0.0391       |
|    clip_range           | 0.1          |
|    entropy_loss         | -0.513       |
|    explained_variance   | 0.847        |
|    learning_rate        | 0.00012      |
|    loss                 | 23.3         |
|    n_updates            | 4730         |
|    policy_gradient_loss | -0.000544    |
|    value_loss           | 107          |
------------------------------------------
------------------------------------------
| rollout/                |              |
|    ep_len_mean          | 220          |
|    ep_rew_mean          | 231          |
| time/                   |              |
|    fps                  | 338          |
|    iterations           | 475          |
|    time_elapsed         | 2870         |
|    total_timesteps      | 972800       |
| train/                  |              |
|    approx_kl            | 0.0016567572 |
|    clip_fraction        | 0.0499       |
|    clip_range           | 0.1          |
|    entropy_loss         | -0.509       |
|    explained_variance   | 0.848        |
|    learning_rate        | 0.00012      |
|    loss                 | 121          |
|    n_updates            | 4740         |
|    policy_gradient_loss | -0.000847    |
|    value_loss           | 108          |
------------------------------------------
------------------------------------------
| rollout/                |              |
|    ep_len_mean          | 218          |
|    ep_rew_mean          | 234          |
| time/                   |              |
|    fps                  | 338          |
|    iterations           | 476          |
|    time_elapsed         | 2876         |
|    total_timesteps      | 974848       |
| train/                  |              |
|    approx_kl            | 0.0017493276 |
|    clip_fraction        | 0.0794       |
|    clip_range           | 0.1          |
|    entropy_loss         | -0.504       |
|    explained_variance   | 0.908        |
|    learning_rate        | 0.00012      |
|    loss                 | 23.1         |
|    n_updates            | 4750         |
|    policy_gradient_loss | -0.00189     |
|    value_loss           | 62.3         |
------------------------------------------
-------------------------------------------
| rollout/                |               |
|    ep_len_mean          | 214           |
|    ep_rew_mean          | 233           |
| time/                   |               |
|    fps                  | 338           |
|    iterations           | 477           |
|    time_elapsed         | 2882          |
|    total_timesteps      | 976896        |
| train/                  |               |
|    approx_kl            | 0.00075074995 |
|    clip_fraction        | 0.0396        |
|    clip_range           | 0.1           |
|    entropy_loss         | -0.41         |
|    explained_variance   | 0.864         |
|    learning_rate        | 0.00012       |
|    loss                 | 38.7          |
|    n_updates            | 4760          |
|    policy_gradient_loss | -0.00176      |
|    value_loss           | 51.5          |
-------------------------------------------
------------------------------------------
| rollout/                |              |
|    ep_len_mean          | 211          |
|    ep_rew_mean          | 227          |
| time/                   |              |
|    fps                  | 338          |
|    iterations           | 478          |
|    time_elapsed         | 2888         |
|    total_timesteps      | 978944       |
| train/                  |              |
|    approx_kl            | 0.0028322379 |
|    clip_fraction        | 0.0763       |
|    clip_range           | 0.1          |
|    entropy_loss         | -0.438       |
|    explained_variance   | 0.853        |
|    learning_rate        | 0.00012      |
|    loss                 | 8.95         |
|    n_updates            | 4770         |
|    policy_gradient_loss | -0.000233    |
|    value_loss           | 45           |
------------------------------------------
Eval num_timesteps=980000, episode_reward=262.12 +/- 25.26
Episode length: 240.20 +/- 49.97
------------------------------------------
| eval/                   |              |
|    mean_ep_length       | 240          |
|    mean_reward          | 262          |
| time/                   |              |
|    total_timesteps      | 980000       |
| train/                  |              |
|    approx_kl            | 0.0023634476 |
|    clip_fraction        | 0.0545       |
|    clip_range           | 0.1          |
|    entropy_loss         | -0.496       |
|    explained_variance   | 0.892        |
|    learning_rate        | 0.00012      |
|    loss                 | 5.48         |
|    n_updates            | 4780         |
|    policy_gradient_loss | 0.000268     |
|    value_loss           | 51           |
------------------------------------------
---------------------------------
| rollout/           |          |
|    ep_len_mean     | 211      |
|    ep_rew_mean     | 228      |
| time/              |          |
|    fps             | 338      |
|    iterations      | 479      |
|    time_elapsed    | 2895     |
|    total_timesteps | 980992   |
---------------------------------
-----------------------------------------
| rollout/                |             |
|    ep_len_mean          | 198         |
|    ep_rew_mean          | 222         |
| time/                   |             |
|    fps                  | 338         |
|    iterations           | 480         |
|    time_elapsed         | 2901        |
|    total_timesteps      | 983040      |
| train/                  |             |
|    approx_kl            | 0.002848687 |
|    clip_fraction        | 0.085       |
|    clip_range           | 0.1         |
|    entropy_loss         | -0.509      |
|    explained_variance   | 0.901       |
|    learning_rate        | 0.00012     |
|    loss                 | 6.2         |
|    n_updates            | 4790        |
|    policy_gradient_loss | -0.000288   |
|    value_loss           | 21.2        |
-----------------------------------------
------------------------------------------
| rollout/                |              |
|    ep_len_mean          | 199          |
|    ep_rew_mean          | 221          |
| time/                   |              |
|    fps                  | 338          |
|    iterations           | 481          |
|    time_elapsed         | 2907         |
|    total_timesteps      | 985088       |
| train/                  |              |
|    approx_kl            | 0.0017607668 |
|    clip_fraction        | 0.0657       |
|    clip_range           | 0.1          |
|    entropy_loss         | -0.472       |
|    explained_variance   | 0.8          |
|    learning_rate        | 0.00012      |
|    loss                 | 8.35         |
|    n_updates            | 4800         |
|    policy_gradient_loss | -0.00299     |
|    value_loss           | 134          |
------------------------------------------
------------------------------------------
| rollout/                |              |
|    ep_len_mean          | 204          |
|    ep_rew_mean          | 220          |
| time/                   |              |
|    fps                  | 338          |
|    iterations           | 482          |
|    time_elapsed         | 2913         |
|    total_timesteps      | 987136       |
| train/                  |              |
|    approx_kl            | 0.0016066221 |
|    clip_fraction        | 0.0674       |
|    clip_range           | 0.1          |
|    entropy_loss         | -0.483       |
|    explained_variance   | 0.876        |
|    learning_rate        | 0.00012      |
|    loss                 | 9.23         |
|    n_updates            | 4810         |
|    policy_gradient_loss | -0.000267    |
|    value_loss           | 39.8         |
------------------------------------------
------------------------------------------
| rollout/                |              |
|    ep_len_mean          | 205          |
|    ep_rew_mean          | 230          |
| time/                   |              |
|    fps                  | 338          |
|    iterations           | 483          |
|    time_elapsed         | 2919         |
|    total_timesteps      | 989184       |
| train/                  |              |
|    approx_kl            | 0.0037681349 |
|    clip_fraction        | 0.138        |
|    clip_range           | 0.1          |
|    entropy_loss         | -0.525       |
|    explained_variance   | 0.981        |
|    learning_rate        | 0.00012      |
|    loss                 | 2.03         |
|    n_updates            | 4820         |
|    policy_gradient_loss | -2.25e-05    |
|    value_loss           | 25.5         |
------------------------------------------
------------------------------------------
| rollout/                |              |
|    ep_len_mean          | 209          |
|    ep_rew_mean          | 229          |
| time/                   |              |
|    fps                  | 338          |
|    iterations           | 484          |
|    time_elapsed         | 2925         |
|    total_timesteps      | 991232       |
| train/                  |              |
|    approx_kl            | 0.0013825437 |
|    clip_fraction        | 0.0626       |
|    clip_range           | 0.1          |
|    entropy_loss         | -0.497       |
|    explained_variance   | 0.91         |
|    learning_rate        | 0.00012      |
|    loss                 | 50.1         |
|    n_updates            | 4830         |
|    policy_gradient_loss | -0.000259    |
|    value_loss           | 39           |
------------------------------------------
-----------------------------------------
| rollout/                |             |
|    ep_len_mean          | 208         |
|    ep_rew_mean          | 226         |
| time/                   |             |
|    fps                  | 338         |
|    iterations           | 485         |
|    time_elapsed         | 2931        |
|    total_timesteps      | 993280      |
| train/                  |             |
|    approx_kl            | 0.006245966 |
|    clip_fraction        | 0.0624      |
|    clip_range           | 0.1         |
|    entropy_loss         | -0.446      |
|    explained_variance   | 0.922       |
|    learning_rate        | 0.00012     |
|    loss                 | 14.1        |
|    n_updates            | 4840        |
|    policy_gradient_loss | -0.00479    |
|    value_loss           | 89.5        |
-----------------------------------------
-----------------------------------------
| rollout/                |             |
|    ep_len_mean          | 209         |
|    ep_rew_mean          | 227         |
| time/                   |             |
|    fps                  | 338         |
|    iterations           | 486         |
|    time_elapsed         | 2937        |
|    total_timesteps      | 995328      |
| train/                  |             |
|    approx_kl            | 0.003303759 |
|    clip_fraction        | 0.103       |
|    clip_range           | 0.1         |
|    entropy_loss         | -0.536      |
|    explained_variance   | 0.863       |
|    learning_rate        | 0.00012     |
|    loss                 | 21.1        |
|    n_updates            | 4850        |
|    policy_gradient_loss | -0.000822   |
|    value_loss           | 47.4        |
-----------------------------------------
------------------------------------------
| rollout/                |              |
|    ep_len_mean          | 208          |
|    ep_rew_mean          | 226          |
| time/                   |              |
|    fps                  | 338          |
|    iterations           | 487          |
|    time_elapsed         | 2943         |
|    total_timesteps      | 997376       |
| train/                  |              |
|    approx_kl            | 0.0022197692 |
|    clip_fraction        | 0.0875       |
|    clip_range           | 0.1          |
|    entropy_loss         | -0.457       |
|    explained_variance   | 0.908        |
|    learning_rate        | 0.00012      |
|    loss                 | 10.5         |
|    n_updates            | 4860         |
|    policy_gradient_loss | -0.00034     |
|    value_loss           | 26.7         |
------------------------------------------
-------------------------------------------
| rollout/                |               |
|    ep_len_mean          | 207           |
|    ep_rew_mean          | 223           |
| time/                   |               |
|    fps                  | 338           |
|    iterations           | 488           |
|    time_elapsed         | 2949          |
|    total_timesteps      | 999424        |
| train/                  |               |
|    approx_kl            | 0.00096795557 |
|    clip_fraction        | 0.0601        |
|    clip_range           | 0.1           |
|    entropy_loss         | -0.489        |
|    explained_variance   | 0.884         |
|    learning_rate        | 0.00012       |
|    loss                 | 33.5          |
|    n_updates            | 4870          |
|    policy_gradient_loss | -0.000566     |
|    value_loss           | 62.9          |
-------------------------------------------
Eval num_timesteps=1000000, episode_reward=232.79 +/- 43.94
Episode length: 410.80 +/- 301.26
------------------------------------------
| eval/                   |              |
|    mean_ep_length       | 411          |
|    mean_reward          | 233          |
| time/                   |              |
|    total_timesteps      | 1000000      |
| train/                  |              |
|    approx_kl            | 0.0017711096 |
|    clip_fraction        | 0.0902       |
|    clip_range           | 0.1          |
|    entropy_loss         | -0.496       |
|    explained_variance   | 0.902        |
|    learning_rate        | 0.00012      |
|    loss                 | 33.4         |
|    n_updates            | 4880         |
|    policy_gradient_loss | -0.000965    |
|    value_loss           | 56.6         |
------------------------------------------
---------------------------------
| rollout/           |          |
|    ep_len_mean     | 210      |
|    ep_rew_mean     | 224      |
| time/              |          |
|    fps             | 338      |
|    iterations      | 489      |
|    time_elapsed    | 2957     |
|    total_timesteps | 1001472  |
---------------------------------
----------------------------------------
| rollout/                |            |
|    ep_len_mean          | 221        |
|    ep_rew_mean          | 227        |
| time/                   |            |
|    fps                  | 338        |
|    iterations           | 490        |
|    time_elapsed         | 2963       |
|    total_timesteps      | 1003520    |
| train/                  |            |
|    approx_kl            | 0.00294798 |
|    clip_fraction        | 0.0838     |
|    clip_range           | 0.1        |
|    entropy_loss         | -0.429     |
|    explained_variance   | 0.924      |
|    learning_rate        | 0.00012    |
|    loss                 | 11.5       |
|    n_updates            | 4890       |
|    policy_gradient_loss | -0.00203   |
|    value_loss           | 75         |
----------------------------------------
------------------------------------------
| rollout/                |              |
|    ep_len_mean          | 222          |
|    ep_rew_mean          | 229          |
| time/                   |              |
|    fps                  | 338          |
|    iterations           | 491          |
|    time_elapsed         | 2969         |
|    total_timesteps      | 1005568      |
| train/                  |              |
|    approx_kl            | 0.0022905576 |
|    clip_fraction        | 0.102        |
|    clip_range           | 0.1          |
|    entropy_loss         | -0.49        |
|    explained_variance   | 0.99         |
|    learning_rate        | 0.00012      |
|    loss                 | 5.62         |
|    n_updates            | 4900         |
|    policy_gradient_loss | -0.000243    |
|    value_loss           | 11.4         |
------------------------------------------
------------------------------------------
| rollout/                |              |
|    ep_len_mean          | 223          |
|    ep_rew_mean          | 232          |
| time/                   |              |
|    fps                  | 338          |
|    iterations           | 492          |
|    time_elapsed         | 2975         |
|    total_timesteps      | 1007616      |
| train/                  |              |
|    approx_kl            | 0.0016930661 |
|    clip_fraction        | 0.0657       |
|    clip_range           | 0.1          |
|    entropy_loss         | -0.443       |
|    explained_variance   | 0.94         |
|    learning_rate        | 0.00012      |
|    loss                 | 6.41         |
|    n_updates            | 4910         |
|    policy_gradient_loss | -0.00126     |
|    value_loss           | 37.4         |
------------------------------------------
-----------------------------------------
| rollout/                |             |
|    ep_len_mean          | 216         |
|    ep_rew_mean          | 232         |
| time/                   |             |
|    fps                  | 338         |
|    iterations           | 493         |
|    time_elapsed         | 2981        |
|    total_timesteps      | 1009664     |
| train/                  |             |
|    approx_kl            | 0.001883377 |
|    clip_fraction        | 0.0632      |
|    clip_range           | 0.1         |
|    entropy_loss         | -0.475      |
|    explained_variance   | 0.769       |
|    learning_rate        | 0.00012     |
|    loss                 | 9.57        |
|    n_updates            | 4920        |
|    policy_gradient_loss | -0.00225    |
|    value_loss           | 93.2        |
-----------------------------------------
------------------------------------------
| rollout/                |              |
|    ep_len_mean          | 212          |
|    ep_rew_mean          | 228          |
| time/                   |              |
|    fps                  | 338          |
|    iterations           | 494          |
|    time_elapsed         | 2987         |
|    total_timesteps      | 1011712      |
| train/                  |              |
|    approx_kl            | 0.0014263222 |
|    clip_fraction        | 0.0819       |
|    clip_range           | 0.1          |
|    entropy_loss         | -0.497       |
|    explained_variance   | 0.906        |
|    learning_rate        | 0.00012      |
|    loss                 | 15.2         |
|    n_updates            | 4930         |
|    policy_gradient_loss | -0.00145     |
|    value_loss           | 41.6         |
------------------------------------------
------------------------------------------
| rollout/                |              |
|    ep_len_mean          | 207          |
|    ep_rew_mean          | 222          |
| time/                   |              |
|    fps                  | 338          |
|    iterations           | 495          |
|    time_elapsed         | 2993         |
|    total_timesteps      | 1013760      |
| train/                  |              |
|    approx_kl            | 0.0014108783 |
|    clip_fraction        | 0.0516       |
|    clip_range           | 0.1          |
|    entropy_loss         | -0.491       |
|    explained_variance   | 0.864        |
|    learning_rate        | 0.00012      |
|    loss                 | 13.2         |
|    n_updates            | 4940         |
|    policy_gradient_loss | 2.4e-05      |
|    value_loss           | 60.4         |
------------------------------------------
------------------------------------------
| rollout/                |              |
|    ep_len_mean          | 205          |
|    ep_rew_mean          | 221          |
| time/                   |              |
|    fps                  | 338          |
|    iterations           | 496          |
|    time_elapsed         | 2999         |
|    total_timesteps      | 1015808      |
| train/                  |              |
|    approx_kl            | 0.0010518486 |
|    clip_fraction        | 0.0448       |
|    clip_range           | 0.1          |
|    entropy_loss         | -0.481       |
|    explained_variance   | 0.881        |
|    learning_rate        | 0.00012      |
|    loss                 | 15.2         |
|    n_updates            | 4950         |
|    policy_gradient_loss | -0.000709    |
|    value_loss           | 98           |
------------------------------------------
-----------------------------------------
| rollout/                |             |
|    ep_len_mean          | 205         |
|    ep_rew_mean          | 221         |
| time/                   |             |
|    fps                  | 338         |
|    iterations           | 497         |
|    time_elapsed         | 3005        |
|    total_timesteps      | 1017856     |
| train/                  |             |
|    approx_kl            | 0.002265017 |
|    clip_fraction        | 0.076       |
|    clip_range           | 0.1         |
|    entropy_loss         | -0.49       |
|    explained_variance   | 0.852       |
|    learning_rate        | 0.00012     |
|    loss                 | 5.86        |
|    n_updates            | 4960        |
|    policy_gradient_loss | -0.00083    |
|    value_loss           | 73          |
-----------------------------------------
------------------------------------------
| rollout/                |              |
|    ep_len_mean          | 204          |
|    ep_rew_mean          | 224          |
| time/                   |              |
|    fps                  | 338          |
|    iterations           | 498          |
|    time_elapsed         | 3010         |
|    total_timesteps      | 1019904      |
| train/                  |              |
|    approx_kl            | 0.0020843633 |
|    clip_fraction        | 0.0983       |
|    clip_range           | 0.1          |
|    entropy_loss         | -0.478       |
|    explained_variance   | 0.938        |
|    learning_rate        | 0.00012      |
|    loss                 | 6.03         |
|    n_updates            | 4970         |
|    policy_gradient_loss | 0.000193     |
|    value_loss           | 48.8         |
------------------------------------------
Eval num_timesteps=1020000, episode_reward=278.20 +/- 11.34
Episode length: 294.60 +/- 126.27
------------------------------------------
| eval/                   |              |
|    mean_ep_length       | 295          |
|    mean_reward          | 278          |
| time/                   |              |
|    total_timesteps      | 1020000      |
| train/                  |              |
|    approx_kl            | 0.0026778537 |
|    clip_fraction        | 0.0791       |
|    clip_range           | 0.1          |
|    entropy_loss         | -0.467       |
|    explained_variance   | 0.862        |
|    learning_rate        | 0.00012      |
|    loss                 | 8.67         |
|    n_updates            | 4980         |
|    policy_gradient_loss | -0.000367    |
|    value_loss           | 40.1         |
------------------------------------------
---------------------------------
| rollout/           |          |
|    ep_len_mean     | 191      |
|    ep_rew_mean     | 226      |
| time/              |          |
|    fps             | 338      |
|    iterations      | 499      |
|    time_elapsed    | 3018     |
|    total_timesteps | 1021952  |
---------------------------------
------------------------------------------
| rollout/                |              |
|    ep_len_mean          | 188          |
|    ep_rew_mean          | 225          |
| time/                   |              |
|    fps                  | 338          |
|    iterations           | 500          |
|    time_elapsed         | 3023         |
|    total_timesteps      | 1024000      |
| train/                  |              |
|    approx_kl            | 0.0030672546 |
|    clip_fraction        | 0.106        |
|    clip_range           | 0.1          |
|    entropy_loss         | -0.486       |
|    explained_variance   | 0.948        |
|    learning_rate        | 0.00012      |
|    loss                 | 2.55         |
|    n_updates            | 4990         |
|    policy_gradient_loss | -0.00125     |
|    value_loss           | 15.7         |
------------------------------------------
------------------------------------------
| rollout/                |              |
|    ep_len_mean          | 184          |
|    ep_rew_mean          | 221          |
| time/                   |              |
|    fps                  | 338          |
|    iterations           | 501          |
|    time_elapsed         | 3029         |
|    total_timesteps      | 1026048      |
| train/                  |              |
|    approx_kl            | 0.0013340347 |
|    clip_fraction        | 0.0504       |
|    clip_range           | 0.1          |
|    entropy_loss         | -0.43        |
|    explained_variance   | 0.834        |
|    learning_rate        | 0.00012      |
|    loss                 | 12.1         |
|    n_updates            | 5000         |
|    policy_gradient_loss | -0.00217     |
|    value_loss           | 90.4         |
------------------------------------------
------------------------------------------
| rollout/                |              |
|    ep_len_mean          | 191          |
|    ep_rew_mean          | 217          |
| time/                   |              |
|    fps                  | 338          |
|    iterations           | 502          |
|    time_elapsed         | 3035         |
|    total_timesteps      | 1028096      |
| train/                  |              |
|    approx_kl            | 0.0020732107 |
|    clip_fraction        | 0.0885       |
|    clip_range           | 0.1          |
|    entropy_loss         | -0.513       |
|    explained_variance   | 0.922        |
|    learning_rate        | 0.00012      |
|    loss                 | 7.69         |
|    n_updates            | 5010         |
|    policy_gradient_loss | -0.000261    |
|    value_loss           | 27.4         |
------------------------------------------
------------------------------------------
| rollout/                |              |
|    ep_len_mean          | 196          |
|    ep_rew_mean          | 217          |
| time/                   |              |
|    fps                  | 338          |
|    iterations           | 503          |
|    time_elapsed         | 3041         |
|    total_timesteps      | 1030144      |
| train/                  |              |
|    approx_kl            | 0.0038663736 |
|    clip_fraction        | 0.0988       |
|    clip_range           | 0.1          |
|    entropy_loss         | -0.504       |
|    explained_variance   | 0.977        |
|    learning_rate        | 0.00012      |
|    loss                 | 3.04         |
|    n_updates            | 5020         |
|    policy_gradient_loss | -0.000511    |
|    value_loss           | 22.1         |
------------------------------------------
------------------------------------------
| rollout/                |              |
|    ep_len_mean          | 195          |
|    ep_rew_mean          | 213          |
| time/                   |              |
|    fps                  | 338          |
|    iterations           | 504          |
|    time_elapsed         | 3047         |
|    total_timesteps      | 1032192      |
| train/                  |              |
|    approx_kl            | 0.0016891612 |
|    clip_fraction        | 0.0882       |
|    clip_range           | 0.1          |
|    entropy_loss         | -0.471       |
|    explained_variance   | 0.837        |
|    learning_rate        | 0.00012      |
|    loss                 | 22.2         |
|    n_updates            | 5030         |
|    policy_gradient_loss | -0.00276     |
|    value_loss           | 107          |
------------------------------------------
------------------------------------------
| rollout/                |              |
|    ep_len_mean          | 203          |
|    ep_rew_mean          | 212          |
| time/                   |              |
|    fps                  | 338          |
|    iterations           | 505          |
|    time_elapsed         | 3053         |
|    total_timesteps      | 1034240      |
| train/                  |              |
|    approx_kl            | 0.0016965397 |
|    clip_fraction        | 0.0696       |
|    clip_range           | 0.1          |
|    entropy_loss         | -0.467       |
|    explained_variance   | 0.833        |
|    learning_rate        | 0.00012      |
|    loss                 | 14.6         |
|    n_updates            | 5040         |
|    policy_gradient_loss | -0.00162     |
|    value_loss           | 139          |
------------------------------------------
------------------------------------------
| rollout/                |              |
|    ep_len_mean          | 211          |
|    ep_rew_mean          | 210          |
| time/                   |              |
|    fps                  | 338          |
|    iterations           | 506          |
|    time_elapsed         | 3059         |
|    total_timesteps      | 1036288      |
| train/                  |              |
|    approx_kl            | 0.0050839605 |
|    clip_fraction        | 0.0896       |
|    clip_range           | 0.1          |
|    entropy_loss         | -0.504       |
|    explained_variance   | 0.966        |
|    learning_rate        | 0.00012      |
|    loss                 | 5.4          |
|    n_updates            | 5050         |
|    policy_gradient_loss | -0.000905    |
|    value_loss           | 58.7         |
------------------------------------------
-----------------------------------------
| rollout/                |             |
|    ep_len_mean          | 205         |
|    ep_rew_mean          | 194         |
| time/                   |             |
|    fps                  | 338         |
|    iterations           | 507         |
|    time_elapsed         | 3065        |
|    total_timesteps      | 1038336     |
| train/                  |             |
|    approx_kl            | 0.001986851 |
|    clip_fraction        | 0.106       |
|    clip_range           | 0.1         |
|    entropy_loss         | -0.56       |
|    explained_variance   | 0.985       |
|    learning_rate        | 0.00012     |
|    loss                 | 6.54        |
|    n_updates            | 5060        |
|    policy_gradient_loss | 9.46e-05    |
|    value_loss           | 22.2        |
-----------------------------------------
Eval num_timesteps=1040000, episode_reward=234.96 +/- 37.33
Episode length: 432.00 +/- 313.05
------------------------------------------
| eval/                   |              |
|    mean_ep_length       | 432          |
|    mean_reward          | 235          |
| time/                   |              |
|    total_timesteps      | 1040000      |
| train/                  |              |
|    approx_kl            | 0.0017017666 |
|    clip_fraction        | 0.0644       |
|    clip_range           | 0.1          |
|    entropy_loss         | -0.479       |
|    explained_variance   | 0.926        |
|    learning_rate        | 0.00012      |
|    loss                 | 17.7         |
|    n_updates            | 5070         |
|    policy_gradient_loss | -0.000567    |
|    value_loss           | 104          |
------------------------------------------
---------------------------------
| rollout/           |          |
|    ep_len_mean     | 206      |
|    ep_rew_mean     | 195      |
| time/              |          |
|    fps             | 338      |
|    iterations      | 508      |
|    time_elapsed    | 3073     |
|    total_timesteps | 1040384  |
---------------------------------
-----------------------------------------
| rollout/                |             |
|    ep_len_mean          | 206         |
|    ep_rew_mean          | 192         |
| time/                   |             |
|    fps                  | 338         |
|    iterations           | 509         |
|    time_elapsed         | 3079        |
|    total_timesteps      | 1042432     |
| train/                  |             |
|    approx_kl            | 0.001357269 |
|    clip_fraction        | 0.0586      |
|    clip_range           | 0.1         |
|    entropy_loss         | -0.464      |
|    explained_variance   | 0.889       |
|    learning_rate        | 0.00012     |
|    loss                 | 34.4        |
|    n_updates            | 5080        |
|    policy_gradient_loss | -0.00105    |
|    value_loss           | 56.9        |
-----------------------------------------
------------------------------------------
| rollout/                |              |
|    ep_len_mean          | 206          |
|    ep_rew_mean          | 189          |
| time/                   |              |
|    fps                  | 338          |
|    iterations           | 510          |
|    time_elapsed         | 3085         |
|    total_timesteps      | 1044480      |
| train/                  |              |
|    approx_kl            | 0.0029350538 |
|    clip_fraction        | 0.0945       |
|    clip_range           | 0.1          |
|    entropy_loss         | -0.487       |
|    explained_variance   | 0.898        |
|    learning_rate        | 0.00012      |
|    loss                 | 21.1         |
|    n_updates            | 5090         |
|    policy_gradient_loss | -0.0022      |
|    value_loss           | 78.6         |
------------------------------------------
------------------------------------------
| rollout/                |              |
|    ep_len_mean          | 204          |
|    ep_rew_mean          | 187          |
| time/                   |              |
|    fps                  | 338          |
|    iterations           | 511          |
|    time_elapsed         | 3091         |
|    total_timesteps      | 1046528      |
| train/                  |              |
|    approx_kl            | 0.0028350889 |
|    clip_fraction        | 0.056        |
|    clip_range           | 0.1          |
|    entropy_loss         | -0.438       |
|    explained_variance   | 0.909        |
|    learning_rate        | 0.00012      |
|    loss                 | 9.88         |
|    n_updates            | 5100         |
|    policy_gradient_loss | 8.28e-05     |
|    value_loss           | 53.8         |
------------------------------------------
------------------------------------------
| rollout/                |              |
|    ep_len_mean          | 202          |
|    ep_rew_mean          | 190          |
| time/                   |              |
|    fps                  | 338          |
|    iterations           | 512          |
|    time_elapsed         | 3097         |
|    total_timesteps      | 1048576      |
| train/                  |              |
|    approx_kl            | 0.0021052626 |
|    clip_fraction        | 0.0925       |
|    clip_range           | 0.1          |
|    entropy_loss         | -0.513       |
|    explained_variance   | 0.947        |
|    learning_rate        | 0.00012      |
|    loss                 | 8.95         |
|    n_updates            | 5110         |
|    policy_gradient_loss | -0.00142     |
|    value_loss           | 24.4         |
------------------------------------------
------------------------------------------
| rollout/                |              |
|    ep_len_mean          | 199          |
|    ep_rew_mean          | 183          |
| time/                   |              |
|    fps                  | 338          |
|    iterations           | 513          |
|    time_elapsed         | 3103         |
|    total_timesteps      | 1050624      |
| train/                  |              |
|    approx_kl            | 0.0032487498 |
|    clip_fraction        | 0.102        |
|    clip_range           | 0.1          |
|    entropy_loss         | -0.584       |
|    explained_variance   | 0.99         |
|    learning_rate        | 0.00012      |
|    loss                 | 1.36         |
|    n_updates            | 5120         |
|    policy_gradient_loss | -0.00011     |
|    value_loss           | 11.1         |
------------------------------------------
-------------------------------------------
| rollout/                |               |
|    ep_len_mean          | 209           |
|    ep_rew_mean          | 188           |
| time/                   |               |
|    fps                  | 338           |
|    iterations           | 514           |
|    time_elapsed         | 3109          |
|    total_timesteps      | 1052672       |
| train/                  |               |
|    approx_kl            | 0.00078444974 |
|    clip_fraction        | 0.0604        |
|    clip_range           | 0.1           |
|    entropy_loss         | -0.512        |
|    explained_variance   | 0.896         |
|    learning_rate        | 0.00012       |
|    loss                 | 27.9          |
|    n_updates            | 5130          |
|    policy_gradient_loss | 0.000257      |
|    value_loss           | 102           |
-------------------------------------------
------------------------------------------
| rollout/                |              |
|    ep_len_mean          | 201          |
|    ep_rew_mean          | 188          |
| time/                   |              |
|    fps                  | 338          |
|    iterations           | 515          |
|    time_elapsed         | 3115         |
|    total_timesteps      | 1054720      |
| train/                  |              |
|    approx_kl            | 0.0025475665 |
|    clip_fraction        | 0.12         |
|    clip_range           | 0.1          |
|    entropy_loss         | -0.524       |
|    explained_variance   | 0.99         |
|    learning_rate        | 0.00012      |
|    loss                 | 1.27         |
|    n_updates            | 5140         |
|    policy_gradient_loss | -0.000146    |
|    value_loss           | 8.5          |
------------------------------------------
------------------------------------------
| rollout/                |              |
|    ep_len_mean          | 196          |
|    ep_rew_mean          | 202          |
| time/                   |              |
|    fps                  | 338          |
|    iterations           | 516          |
|    time_elapsed         | 3121         |
|    total_timesteps      | 1056768      |
| train/                  |              |
|    approx_kl            | 0.0012373158 |
|    clip_fraction        | 0.0521       |
|    clip_range           | 0.1          |
|    entropy_loss         | -0.497       |
|    explained_variance   | 0.897        |
|    learning_rate        | 0.00012      |
|    loss                 | 33.1         |
|    n_updates            | 5150         |
|    policy_gradient_loss | -0.000912    |
|    value_loss           | 81.5         |
------------------------------------------
------------------------------------------
| rollout/                |              |
|    ep_len_mean          | 195          |
|    ep_rew_mean          | 195          |
| time/                   |              |
|    fps                  | 338          |
|    iterations           | 517          |
|    time_elapsed         | 3127         |
|    total_timesteps      | 1058816      |
| train/                  |              |
|    approx_kl            | 0.0017473461 |
|    clip_fraction        | 0.0641       |
|    clip_range           | 0.1          |
|    entropy_loss         | -0.43        |
|    explained_variance   | 0.911        |
|    learning_rate        | 0.00012      |
|    loss                 | 11.5         |
|    n_updates            | 5160         |
|    policy_gradient_loss | -0.00343     |
|    value_loss           | 78           |
------------------------------------------
Eval num_timesteps=1060000, episode_reward=227.90 +/- 107.95
Episode length: 204.60 +/- 31.39
------------------------------------------
| eval/                   |              |
|    mean_ep_length       | 205          |
|    mean_reward          | 228          |
| time/                   |              |
|    total_timesteps      | 1060000      |
| train/                  |              |
|    approx_kl            | 0.0017828721 |
|    clip_fraction        | 0.0603       |
|    clip_range           | 0.1          |
|    entropy_loss         | -0.471       |
|    explained_variance   | 0.908        |
|    learning_rate        | 0.00012      |
|    loss                 | 8.31         |
|    n_updates            | 5170         |
|    policy_gradient_loss | -0.00241     |
|    value_loss           | 91.5         |
------------------------------------------
---------------------------------
| rollout/           |          |
|    ep_len_mean     | 189      |
|    ep_rew_mean     | 180      |
| time/              |          |
|    fps             | 338      |
|    iterations      | 518      |
|    time_elapsed    | 3134     |
|    total_timesteps | 1060864  |
---------------------------------
------------------------------------------
| rollout/                |              |
|    ep_len_mean          | 197          |
|    ep_rew_mean          | 176          |
| time/                   |              |
|    fps                  | 338          |
|    iterations           | 519          |
|    time_elapsed         | 3140         |
|    total_timesteps      | 1062912      |
| train/                  |              |
|    approx_kl            | 0.0016223663 |
|    clip_fraction        | 0.0414       |
|    clip_range           | 0.1          |
|    entropy_loss         | -0.459       |
|    explained_variance   | 0.876        |
|    learning_rate        | 0.00012      |
|    loss                 | 72.5         |
|    n_updates            | 5180         |
|    policy_gradient_loss | -0.00126     |
|    value_loss           | 165          |
------------------------------------------
------------------------------------------
| rollout/                |              |
|    ep_len_mean          | 203          |
|    ep_rew_mean          | 171          |
| time/                   |              |
|    fps                  | 338          |
|    iterations           | 520          |
|    time_elapsed         | 3146         |
|    total_timesteps      | 1064960      |
| train/                  |              |
|    approx_kl            | 0.0020359536 |
|    clip_fraction        | 0.0772       |
|    clip_range           | 0.1          |
|    entropy_loss         | -0.561       |
|    explained_variance   | 0.97         |
|    learning_rate        | 0.00012      |
|    loss                 | 2            |
|    n_updates            | 5190         |
|    policy_gradient_loss | -0.000302    |
|    value_loss           | 62.2         |
------------------------------------------
------------------------------------------
| rollout/                |              |
|    ep_len_mean          | 202          |
|    ep_rew_mean          | 165          |
| time/                   |              |
|    fps                  | 338          |
|    iterations           | 521          |
|    time_elapsed         | 3152         |
|    total_timesteps      | 1067008      |
| train/                  |              |
|    approx_kl            | 0.0012457259 |
|    clip_fraction        | 0.0612       |
|    clip_range           | 0.1          |
|    entropy_loss         | -0.57        |
|    explained_variance   | 0.957        |
|    learning_rate        | 0.00012      |
|    loss                 | 23           |
|    n_updates            | 5200         |
|    policy_gradient_loss | -0.00118     |
|    value_loss           | 74.5         |
------------------------------------------
------------------------------------------
| rollout/                |              |
|    ep_len_mean          | 194          |
|    ep_rew_mean          | 167          |
| time/                   |              |
|    fps                  | 338          |
|    iterations           | 522          |
|    time_elapsed         | 3158         |
|    total_timesteps      | 1069056      |
| train/                  |              |
|    approx_kl            | 0.0011887902 |
|    clip_fraction        | 0.0412       |
|    clip_range           | 0.1          |
|    entropy_loss         | -0.425       |
|    explained_variance   | 0.917        |
|    learning_rate        | 0.00012      |
|    loss                 | 32.6         |
|    n_updates            | 5210         |
|    policy_gradient_loss | -0.000727    |
|    value_loss           | 79.6         |
------------------------------------------
-----------------------------------------
| rollout/                |             |
|    ep_len_mean          | 188         |
|    ep_rew_mean          | 172         |
| time/                   |             |
|    fps                  | 338         |
|    iterations           | 523         |
|    time_elapsed         | 3163        |
|    total_timesteps      | 1071104     |
| train/                  |             |
|    approx_kl            | 0.001831393 |
|    clip_fraction        | 0.07        |
|    clip_range           | 0.1         |
|    entropy_loss         | -0.464      |
|    explained_variance   | 0.917       |
|    learning_rate        | 0.00012     |
|    loss                 | 10          |
|    n_updates            | 5220        |
|    policy_gradient_loss | -0.00145    |
|    value_loss           | 50.2        |
-----------------------------------------
------------------------------------------
| rollout/                |              |
|    ep_len_mean          | 189          |
|    ep_rew_mean          | 172          |
| time/                   |              |
|    fps                  | 338          |
|    iterations           | 524          |
|    time_elapsed         | 3169         |
|    total_timesteps      | 1073152      |
| train/                  |              |
|    approx_kl            | 0.0016464681 |
|    clip_fraction        | 0.0727       |
|    clip_range           | 0.1          |
|    entropy_loss         | -0.444       |
|    explained_variance   | 0.938        |
|    learning_rate        | 0.00012      |
|    loss                 | 7.79         |
|    n_updates            | 5230         |
|    policy_gradient_loss | -0.00125     |
|    value_loss           | 46           |
------------------------------------------
------------------------------------------
| rollout/                |              |
|    ep_len_mean          | 193          |
|    ep_rew_mean          | 178          |
| time/                   |              |
|    fps                  | 338          |
|    iterations           | 525          |
|    time_elapsed         | 3175         |
|    total_timesteps      | 1075200      |
| train/                  |              |
|    approx_kl            | 0.0026140946 |
|    clip_fraction        | 0.0512       |
|    clip_range           | 0.1          |
|    entropy_loss         | -0.432       |
|    explained_variance   | 0.899        |
|    learning_rate        | 0.00012      |
|    loss                 | 9.23         |
|    n_updates            | 5240         |
|    policy_gradient_loss | -0.000416    |
|    value_loss           | 45.7         |
------------------------------------------
------------------------------------------
| rollout/                |              |
|    ep_len_mean          | 195          |
|    ep_rew_mean          | 186          |
| time/                   |              |
|    fps                  | 338          |
|    iterations           | 526          |
|    time_elapsed         | 3180         |
|    total_timesteps      | 1077248      |
| train/                  |              |
|    approx_kl            | 0.0016732487 |
|    clip_fraction        | 0.0703       |
|    clip_range           | 0.1          |
|    entropy_loss         | -0.487       |
|    explained_variance   | 0.896        |
|    learning_rate        | 0.00012      |
|    loss                 | 8.05         |
|    n_updates            | 5250         |
|    policy_gradient_loss | -0.00026     |
|    value_loss           | 31.1         |
------------------------------------------
------------------------------------------
| rollout/                |              |
|    ep_len_mean          | 199          |
|    ep_rew_mean          | 193          |
| time/                   |              |
|    fps                  | 338          |
|    iterations           | 527          |
|    time_elapsed         | 3186         |
|    total_timesteps      | 1079296      |
| train/                  |              |
|    approx_kl            | 0.0028550145 |
|    clip_fraction        | 0.118        |
|    clip_range           | 0.1          |
|    entropy_loss         | -0.492       |
|    explained_variance   | 0.877        |
|    learning_rate        | 0.00012      |
|    loss                 | 6.97         |
|    n_updates            | 5260         |
|    policy_gradient_loss | -0.00169     |
|    value_loss           | 24.6         |
------------------------------------------
Eval num_timesteps=1080000, episode_reward=212.93 +/- 106.49
Episode length: 335.40 +/- 306.03
------------------------------------------
| eval/                   |              |
|    mean_ep_length       | 335          |
|    mean_reward          | 213          |
| time/                   |              |
|    total_timesteps      | 1080000      |
| train/                  |              |
|    approx_kl            | 0.0020703874 |
|    clip_fraction        | 0.0637       |
|    clip_range           | 0.1          |
|    entropy_loss         | -0.446       |
|    explained_variance   | 0.757        |
|    learning_rate        | 0.00012      |
|    loss                 | 36.3         |
|    n_updates            | 5270         |
|    policy_gradient_loss | -0.00096     |
|    value_loss           | 110          |
------------------------------------------
---------------------------------
| rollout/           |          |
|    ep_len_mean     | 208      |
|    ep_rew_mean     | 201      |
| time/              |          |
|    fps             | 338      |
|    iterations      | 528      |
|    time_elapsed    | 3193     |
|    total_timesteps | 1081344  |
---------------------------------
------------------------------------------
| rollout/                |              |
|    ep_len_mean          | 202          |
|    ep_rew_mean          | 209          |
| time/                   |              |
|    fps                  | 338          |
|    iterations           | 529          |
|    time_elapsed         | 3199         |
|    total_timesteps      | 1083392      |
| train/                  |              |
|    approx_kl            | 0.0031416428 |
|    clip_fraction        | 0.0807       |
|    clip_range           | 0.1          |
|    entropy_loss         | -0.443       |
|    explained_variance   | 0.918        |
|    learning_rate        | 0.00012      |
|    loss                 | 10.2         |
|    n_updates            | 5280         |
|    policy_gradient_loss | -0.002       |
|    value_loss           | 36.8         |
------------------------------------------
------------------------------------------
| rollout/                |              |
|    ep_len_mean          | 199          |
|    ep_rew_mean          | 216          |
| time/                   |              |
|    fps                  | 338          |
|    iterations           | 530          |
|    time_elapsed         | 3205         |
|    total_timesteps      | 1085440      |
| train/                  |              |
|    approx_kl            | 0.0016334961 |
|    clip_fraction        | 0.0479       |
|    clip_range           | 0.1          |
|    entropy_loss         | -0.471       |
|    explained_variance   | 0.875        |
|    learning_rate        | 0.00012      |
|    loss                 | 9.01         |
|    n_updates            | 5290         |
|    policy_gradient_loss | -4.68e-05    |
|    value_loss           | 69.3         |
------------------------------------------
------------------------------------------
| rollout/                |              |
|    ep_len_mean          | 195          |
|    ep_rew_mean          | 215          |
| time/                   |              |
|    fps                  | 338          |
|    iterations           | 531          |
|    time_elapsed         | 3212         |
|    total_timesteps      | 1087488      |
| train/                  |              |
|    approx_kl            | 0.0022507734 |
|    clip_fraction        | 0.0674       |
|    clip_range           | 0.1          |
|    entropy_loss         | -0.506       |
|    explained_variance   | 0.897        |
|    learning_rate        | 0.00012      |
|    loss                 | 8.25         |
|    n_updates            | 5300         |
|    policy_gradient_loss | -0.00131     |
|    value_loss           | 54           |
------------------------------------------
------------------------------------------
| rollout/                |              |
|    ep_len_mean          | 193          |
|    ep_rew_mean          | 212          |
| time/                   |              |
|    fps                  | 338          |
|    iterations           | 532          |
|    time_elapsed         | 3218         |
|    total_timesteps      | 1089536      |
| train/                  |              |
|    approx_kl            | 0.0012345929 |
|    clip_fraction        | 0.0434       |
|    clip_range           | 0.1          |
|    entropy_loss         | -0.451       |
|    explained_variance   | 0.916        |
|    learning_rate        | 0.00012      |
|    loss                 | 11.3         |
|    n_updates            | 5310         |
|    policy_gradient_loss | -0.00118     |
|    value_loss           | 75.9         |
------------------------------------------
------------------------------------------
| rollout/                |              |
|    ep_len_mean          | 193          |
|    ep_rew_mean          | 215          |
| time/                   |              |
|    fps                  | 338          |
|    iterations           | 533          |
|    time_elapsed         | 3224         |
|    total_timesteps      | 1091584      |
| train/                  |              |
|    approx_kl            | 0.0021430291 |
|    clip_fraction        | 0.0641       |
|    clip_range           | 0.1          |
|    entropy_loss         | -0.527       |
|    explained_variance   | 0.893        |
|    learning_rate        | 0.00012      |
|    loss                 | 15.7         |
|    n_updates            | 5320         |
|    policy_gradient_loss | -0.00168     |
|    value_loss           | 78.2         |
------------------------------------------
------------------------------------------
| rollout/                |              |
|    ep_len_mean          | 193          |
|    ep_rew_mean          | 213          |
| time/                   |              |
|    fps                  | 338          |
|    iterations           | 534          |
|    time_elapsed         | 3230         |
|    total_timesteps      | 1093632      |
| train/                  |              |
|    approx_kl            | 0.0025064382 |
|    clip_fraction        | 0.0554       |
|    clip_range           | 0.1          |
|    entropy_loss         | -0.506       |
|    explained_variance   | 0.843        |
|    learning_rate        | 0.00012      |
|    loss                 | 9.87         |
|    n_updates            | 5330         |
|    policy_gradient_loss | -0.00056     |
|    value_loss           | 81.2         |
------------------------------------------
-----------------------------------------
| rollout/                |             |
|    ep_len_mean          | 190         |
|    ep_rew_mean          | 204         |
| time/                   |             |
|    fps                  | 338         |
|    iterations           | 535         |
|    time_elapsed         | 3235        |
|    total_timesteps      | 1095680     |
| train/                  |             |
|    approx_kl            | 0.001346552 |
|    clip_fraction        | 0.0514      |
|    clip_range           | 0.1         |
|    entropy_loss         | -0.472      |
|    explained_variance   | 0.917       |
|    learning_rate        | 0.00012     |
|    loss                 | 16.3        |
|    n_updates            | 5340        |
|    policy_gradient_loss | -0.000622   |
|    value_loss           | 66.2        |
-----------------------------------------
------------------------------------------
| rollout/                |              |
|    ep_len_mean          | 182          |
|    ep_rew_mean          | 203          |
| time/                   |              |
|    fps                  | 338          |
|    iterations           | 536          |
|    time_elapsed         | 3241         |
|    total_timesteps      | 1097728      |
| train/                  |              |
|    approx_kl            | 0.0013059167 |
|    clip_fraction        | 0.0652       |
|    clip_range           | 0.1          |
|    entropy_loss         | -0.496       |
|    explained_variance   | 0.939        |
|    learning_rate        | 0.00012      |
|    loss                 | 74.9         |
|    n_updates            | 5350         |
|    policy_gradient_loss | 2.05e-05     |
|    value_loss           | 51.8         |
------------------------------------------
------------------------------------------
| rollout/                |              |
|    ep_len_mean          | 182          |
|    ep_rew_mean          | 203          |
| time/                   |              |
|    fps                  | 338          |
|    iterations           | 537          |
|    time_elapsed         | 3247         |
|    total_timesteps      | 1099776      |
| train/                  |              |
|    approx_kl            | 0.0025388764 |
|    clip_fraction        | 0.0765       |
|    clip_range           | 0.1          |
|    entropy_loss         | -0.483       |
|    explained_variance   | 0.878        |
|    learning_rate        | 0.00012      |
|    loss                 | 16.8         |
|    n_updates            | 5360         |
|    policy_gradient_loss | -6.01e-05    |
|    value_loss           | 45.8         |
------------------------------------------
Eval num_timesteps=1100000, episode_reward=262.42 +/- 6.61
Episode length: 203.60 +/- 7.06
------------------------------------------
| eval/                   |              |
|    mean_ep_length       | 204          |
|    mean_reward          | 262          |
| time/                   |              |
|    total_timesteps      | 1100000      |
| train/                  |              |
|    approx_kl            | 0.0019346327 |
|    clip_fraction        | 0.0677       |
|    clip_range           | 0.1          |
|    entropy_loss         | -0.538       |
|    explained_variance   | 0.916        |
|    learning_rate        | 0.00012      |
|    loss                 | 13.6         |
|    n_updates            | 5370         |
|    policy_gradient_loss | -0.00145     |
|    value_loss           | 78.9         |
------------------------------------------
---------------------------------
| rollout/           |          |
|    ep_len_mean     | 199      |
|    ep_rew_mean     | 202      |
| time/              |          |
|    fps             | 338      |
|    iterations      | 538      |
|    time_elapsed    | 3254     |
|    total_timesteps | 1101824  |
---------------------------------
-----------------------------------------
| rollout/                |             |
|    ep_len_mean          | 216         |
|    ep_rew_mean          | 201         |
| time/                   |             |
|    fps                  | 338         |
|    iterations           | 539         |
|    time_elapsed         | 3260        |
|    total_timesteps      | 1103872     |
| train/                  |             |
|    approx_kl            | 0.006557664 |
|    clip_fraction        | 0.2         |
|    clip_range           | 0.1         |
|    entropy_loss         | -0.666      |
|    explained_variance   | 0.951       |
|    learning_rate        | 0.00012     |
|    loss                 | 1.46        |
|    n_updates            | 5380        |
|    policy_gradient_loss | -0.00288    |
|    value_loss           | 9.68        |
-----------------------------------------
------------------------------------------
| rollout/                |              |
|    ep_len_mean          | 226          |
|    ep_rew_mean          | 202          |
| time/                   |              |
|    fps                  | 338          |
|    iterations           | 540          |
|    time_elapsed         | 3266         |
|    total_timesteps      | 1105920      |
| train/                  |              |
|    approx_kl            | 0.0038262685 |
|    clip_fraction        | 0.119        |
|    clip_range           | 0.1          |
|    entropy_loss         | -0.636       |
|    explained_variance   | 0.932        |
|    learning_rate        | 0.00012      |
|    loss                 | 5.63         |
|    n_updates            | 5390         |
|    policy_gradient_loss | -0.000307    |
|    value_loss           | 42.5         |
------------------------------------------
-----------------------------------------
| rollout/                |             |
|    ep_len_mean          | 225         |
|    ep_rew_mean          | 203         |
| time/                   |             |
|    fps                  | 338         |
|    iterations           | 541         |
|    time_elapsed         | 3271        |
|    total_timesteps      | 1107968     |
| train/                  |             |
|    approx_kl            | 0.002297008 |
|    clip_fraction        | 0.0624      |
|    clip_range           | 0.1         |
|    entropy_loss         | -0.59       |
|    explained_variance   | 0.934       |
|    learning_rate        | 0.00012     |
|    loss                 | 18          |
|    n_updates            | 5400        |
|    policy_gradient_loss | -0.00227    |
|    value_loss           | 62.1        |
-----------------------------------------
------------------------------------------
| rollout/                |              |
|    ep_len_mean          | 231          |
|    ep_rew_mean          | 206          |
| time/                   |              |
|    fps                  | 338          |
|    iterations           | 542          |
|    time_elapsed         | 3277         |
|    total_timesteps      | 1110016      |
| train/                  |              |
|    approx_kl            | 0.0017045754 |
|    clip_fraction        | 0.0632       |
|    clip_range           | 0.1          |
|    entropy_loss         | -0.513       |
|    explained_variance   | 0.836        |
|    learning_rate        | 0.00012      |
|    loss                 | 50.6         |
|    n_updates            | 5410         |
|    policy_gradient_loss | -0.00237     |
|    value_loss           | 126          |
------------------------------------------
-----------------------------------------
| rollout/                |             |
|    ep_len_mean          | 242         |
|    ep_rew_mean          | 207         |
| time/                   |             |
|    fps                  | 338         |
|    iterations           | 543         |
|    time_elapsed         | 3283        |
|    total_timesteps      | 1112064     |
| train/                  |             |
|    approx_kl            | 0.002047514 |
|    clip_fraction        | 0.0756      |
|    clip_range           | 0.1         |
|    entropy_loss         | -0.537      |
|    explained_variance   | 0.878       |
|    learning_rate        | 0.00012     |
|    loss                 | 12.9        |
|    n_updates            | 5420        |
|    policy_gradient_loss | -0.00133    |
|    value_loss           | 72.1        |
-----------------------------------------
------------------------------------------
| rollout/                |              |
|    ep_len_mean          | 246          |
|    ep_rew_mean          | 210          |
| time/                   |              |
|    fps                  | 338          |
|    iterations           | 544          |
|    time_elapsed         | 3289         |
|    total_timesteps      | 1114112      |
| train/                  |              |
|    approx_kl            | 0.0033468842 |
|    clip_fraction        | 0.159        |
|    clip_range           | 0.1          |
|    entropy_loss         | -0.594       |
|    explained_variance   | 0.948        |
|    learning_rate        | 0.00012      |
|    loss                 | 27.9         |
|    n_updates            | 5430         |
|    policy_gradient_loss | -0.000943    |
|    value_loss           | 23.9         |
------------------------------------------
------------------------------------------
| rollout/                |              |
|    ep_len_mean          | 240          |
|    ep_rew_mean          | 200          |
| time/                   |              |
|    fps                  | 338          |
|    iterations           | 545          |
|    time_elapsed         | 3295         |
|    total_timesteps      | 1116160      |
| train/                  |              |
|    approx_kl            | 0.0017172467 |
|    clip_fraction        | 0.049        |
|    clip_range           | 0.1          |
|    entropy_loss         | -0.477       |
|    explained_variance   | 0.891        |
|    learning_rate        | 0.00012      |
|    loss                 | 23.3         |
|    n_updates            | 5440         |
|    policy_gradient_loss | -0.00161     |
|    value_loss           | 137          |
------------------------------------------
-----------------------------------------
| rollout/                |             |
|    ep_len_mean          | 244         |
|    ep_rew_mean          | 199         |
| time/                   |             |
|    fps                  | 338         |
|    iterations           | 546         |
|    time_elapsed         | 3301        |
|    total_timesteps      | 1118208     |
| train/                  |             |
|    approx_kl            | 0.000894151 |
|    clip_fraction        | 0.0468      |
|    clip_range           | 0.1         |
|    entropy_loss         | -0.463      |
|    explained_variance   | 0.918       |
|    learning_rate        | 0.00012     |
|    loss                 | 28.6        |
|    n_updates            | 5450        |
|    policy_gradient_loss | -0.000353   |
|    value_loss           | 80.8        |
-----------------------------------------
Eval num_timesteps=1120000, episode_reward=217.17 +/- 41.14
Episode length: 527.80 +/- 385.97
-------------------------------------------
| eval/                   |               |
|    mean_ep_length       | 528           |
|    mean_reward          | 217           |
| time/                   |               |
|    total_timesteps      | 1120000       |
| train/                  |               |
|    approx_kl            | 0.00087963475 |
|    clip_fraction        | 0.0277        |
|    clip_range           | 0.1           |
|    entropy_loss         | -0.415        |
|    explained_variance   | 0.832         |
|    learning_rate        | 0.00012       |
|    loss                 | 23.4          |
|    n_updates            | 5460          |
|    policy_gradient_loss | -0.000819     |
|    value_loss           | 159           |
-------------------------------------------
---------------------------------
| rollout/           |          |
|    ep_len_mean     | 245      |
|    ep_rew_mean     | 201      |
| time/              |          |
|    fps             | 338      |
|    iterations      | 547      |
|    time_elapsed    | 3310     |
|    total_timesteps | 1120256  |
---------------------------------
------------------------------------------
| rollout/                |              |
|    ep_len_mean          | 251          |
|    ep_rew_mean          | 192          |
| time/                   |              |
|    fps                  | 338          |
|    iterations           | 548          |
|    time_elapsed         | 3315         |
|    total_timesteps      | 1122304      |
| train/                  |              |
|    approx_kl            | 0.0021963823 |
|    clip_fraction        | 0.0929       |
|    clip_range           | 0.1          |
|    entropy_loss         | -0.49        |
|    explained_variance   | 0.913        |
|    learning_rate        | 0.00012      |
|    loss                 | 9.5          |
|    n_updates            | 5470         |
|    policy_gradient_loss | -0.000215    |
|    value_loss           | 43.8         |
------------------------------------------
------------------------------------------
| rollout/                |              |
|    ep_len_mean          | 251          |
|    ep_rew_mean          | 190          |
| time/                   |              |
|    fps                  | 338          |
|    iterations           | 549          |
|    time_elapsed         | 3321         |
|    total_timesteps      | 1124352      |
| train/                  |              |
|    approx_kl            | 0.0075611304 |
|    clip_fraction        | 0.182        |
|    clip_range           | 0.1          |
|    entropy_loss         | -0.568       |
|    explained_variance   | 0.909        |
|    learning_rate        | 0.00012      |
|    loss                 | 7.39         |
|    n_updates            | 5480         |
|    policy_gradient_loss | 0.00052      |
|    value_loss           | 36.6         |
------------------------------------------
------------------------------------------
| rollout/                |              |
|    ep_len_mean          | 217          |
|    ep_rew_mean          | 196          |
| time/                   |              |
|    fps                  | 338          |
|    iterations           | 550          |
|    time_elapsed         | 3327         |
|    total_timesteps      | 1126400      |
| train/                  |              |
|    approx_kl            | 0.0027546298 |
|    clip_fraction        | 0.0933       |
|    clip_range           | 0.1          |
|    entropy_loss         | -0.513       |
|    explained_variance   | 0.9          |
|    learning_rate        | 0.00012      |
|    loss                 | 17.1         |
|    n_updates            | 5490         |
|    policy_gradient_loss | -0.00214     |
|    value_loss           | 43.2         |
------------------------------------------
------------------------------------------
| rollout/                |              |
|    ep_len_mean          | 210          |
|    ep_rew_mean          | 199          |
| time/                   |              |
|    fps                  | 338          |
|    iterations           | 551          |
|    time_elapsed         | 3332         |
|    total_timesteps      | 1128448      |
| train/                  |              |
|    approx_kl            | 0.0012325817 |
|    clip_fraction        | 0.0664       |
|    clip_range           | 0.1          |
|    entropy_loss         | -0.453       |
|    explained_variance   | 0.916        |
|    learning_rate        | 0.00012      |
|    loss                 | 6.69         |
|    n_updates            | 5500         |
|    policy_gradient_loss | -9.42e-05    |
|    value_loss           | 44.3         |
------------------------------------------
------------------------------------------
| rollout/                |              |
|    ep_len_mean          | 206          |
|    ep_rew_mean          | 198          |
| time/                   |              |
|    fps                  | 338          |
|    iterations           | 552          |
|    time_elapsed         | 3338         |
|    total_timesteps      | 1130496      |
| train/                  |              |
|    approx_kl            | 0.0009670857 |
|    clip_fraction        | 0.0506       |
|    clip_range           | 0.1          |
|    entropy_loss         | -0.485       |
|    explained_variance   | 0.899        |
|    learning_rate        | 0.00012      |
|    loss                 | 20.7         |
|    n_updates            | 5510         |
|    policy_gradient_loss | -0.000595    |
|    value_loss           | 83.2         |
------------------------------------------
------------------------------------------
| rollout/                |              |
|    ep_len_mean          | 199          |
|    ep_rew_mean          | 187          |
| time/                   |              |
|    fps                  | 338          |
|    iterations           | 553          |
|    time_elapsed         | 3344         |
|    total_timesteps      | 1132544      |
| train/                  |              |
|    approx_kl            | 0.0014879566 |
|    clip_fraction        | 0.0642       |
|    clip_range           | 0.1          |
|    entropy_loss         | -0.488       |
|    explained_variance   | 0.971        |
|    learning_rate        | 0.00012      |
|    loss                 | 7.92         |
|    n_updates            | 5520         |
|    policy_gradient_loss | -0.00114     |
|    value_loss           | 29.3         |
------------------------------------------
-----------------------------------------
| rollout/                |             |
|    ep_len_mean          | 200         |
|    ep_rew_mean          | 192         |
| time/                   |             |
|    fps                  | 338         |
|    iterations           | 554         |
|    time_elapsed         | 3350        |
|    total_timesteps      | 1134592     |
| train/                  |             |
|    approx_kl            | 0.003396363 |
|    clip_fraction        | 0.115       |
|    clip_range           | 0.1         |
|    entropy_loss         | -0.497      |
|    explained_variance   | 0.931       |
|    learning_rate        | 0.00012     |
|    loss                 | 64.9        |
|    n_updates            | 5530        |
|    policy_gradient_loss | -0.00338    |
|    value_loss           | 116         |
-----------------------------------------
------------------------------------------
| rollout/                |              |
|    ep_len_mean          | 198          |
|    ep_rew_mean          | 191          |
| time/                   |              |
|    fps                  | 338          |
|    iterations           | 555          |
|    time_elapsed         | 3355         |
|    total_timesteps      | 1136640      |
| train/                  |              |
|    approx_kl            | 0.0019919672 |
|    clip_fraction        | 0.0632       |
|    clip_range           | 0.1          |
|    entropy_loss         | -0.474       |
|    explained_variance   | 0.882        |
|    learning_rate        | 0.00012      |
|    loss                 | 32.9         |
|    n_updates            | 5540         |
|    policy_gradient_loss | -0.00078     |
|    value_loss           | 88.3         |
------------------------------------------
------------------------------------------
| rollout/                |              |
|    ep_len_mean          | 195          |
|    ep_rew_mean          | 191          |
| time/                   |              |
|    fps                  | 338          |
|    iterations           | 556          |
|    time_elapsed         | 3361         |
|    total_timesteps      | 1138688      |
| train/                  |              |
|    approx_kl            | 0.0016151222 |
|    clip_fraction        | 0.0568       |
|    clip_range           | 0.1          |
|    entropy_loss         | -0.479       |
|    explained_variance   | 0.865        |
|    learning_rate        | 0.00012      |
|    loss                 | 22.2         |
|    n_updates            | 5550         |
|    policy_gradient_loss | -0.0011      |
|    value_loss           | 120          |
------------------------------------------
Eval num_timesteps=1140000, episode_reward=268.15 +/- 17.96
Episode length: 206.80 +/- 26.19
------------------------------------------
| eval/                   |              |
|    mean_ep_length       | 207          |
|    mean_reward          | 268          |
| time/                   |              |
|    total_timesteps      | 1140000      |
| train/                  |              |
|    approx_kl            | 0.0021950256 |
|    clip_fraction        | 0.0585       |
|    clip_range           | 0.1          |
|    entropy_loss         | -0.483       |
|    explained_variance   | 0.896        |
|    learning_rate        | 0.00012      |
|    loss                 | 9.86         |
|    n_updates            | 5560         |
|    policy_gradient_loss | -0.00085     |
|    value_loss           | 114          |
------------------------------------------
---------------------------------
| rollout/           |          |
|    ep_len_mean     | 206      |
|    ep_rew_mean     | 190      |
| time/              |          |
|    fps             | 338      |
|    iterations      | 557      |
|    time_elapsed    | 3368     |
|    total_timesteps | 1140736  |
---------------------------------
-----------------------------------------
| rollout/                |             |
|    ep_len_mean          | 205         |
|    ep_rew_mean          | 189         |
| time/                   |             |
|    fps                  | 338         |
|    iterations           | 558         |
|    time_elapsed         | 3374        |
|    total_timesteps      | 1142784     |
| train/                  |             |
|    approx_kl            | 0.010151088 |
|    clip_fraction        | 0.278       |
|    clip_range           | 0.1         |
|    entropy_loss         | -0.634      |
|    explained_variance   | 0.903       |
|    learning_rate        | 0.00012     |
|    loss                 | 1.11        |
|    n_updates            | 5570        |
|    policy_gradient_loss | -0.00545    |
|    value_loss           | 26.3        |
-----------------------------------------
------------------------------------------
| rollout/                |              |
|    ep_len_mean          | 212          |
|    ep_rew_mean          | 195          |
| time/                   |              |
|    fps                  | 338          |
|    iterations           | 559          |
|    time_elapsed         | 3380         |
|    total_timesteps      | 1144832      |
| train/                  |              |
|    approx_kl            | 0.0030699838 |
|    clip_fraction        | 0.0795       |
|    clip_range           | 0.1          |
|    entropy_loss         | -0.517       |
|    explained_variance   | 0.905        |
|    learning_rate        | 0.00012      |
|    loss                 | 20.8         |
|    n_updates            | 5580         |
|    policy_gradient_loss | 0.000494     |
|    value_loss           | 60           |
------------------------------------------
------------------------------------------
| rollout/                |              |
|    ep_len_mean          | 219          |
|    ep_rew_mean          | 195          |
| time/                   |              |
|    fps                  | 338          |
|    iterations           | 560          |
|    time_elapsed         | 3386         |
|    total_timesteps      | 1146880      |
| train/                  |              |
|    approx_kl            | 0.0029009054 |
|    clip_fraction        | 0.0838       |
|    clip_range           | 0.1          |
|    entropy_loss         | -0.512       |
|    explained_variance   | 0.829        |
|    learning_rate        | 0.00012      |
|    loss                 | 1.47         |
|    n_updates            | 5590         |
|    policy_gradient_loss | -0.000701    |
|    value_loss           | 51.9         |
------------------------------------------
------------------------------------------
| rollout/                |              |
|    ep_len_mean          | 223          |
|    ep_rew_mean          | 188          |
| time/                   |              |
|    fps                  | 338          |
|    iterations           | 561          |
|    time_elapsed         | 3392         |
|    total_timesteps      | 1148928      |
| train/                  |              |
|    approx_kl            | 0.0025391672 |
|    clip_fraction        | 0.0723       |
|    clip_range           | 0.1          |
|    entropy_loss         | -0.512       |
|    explained_variance   | 0.903        |
|    learning_rate        | 0.00012      |
|    loss                 | 47.2         |
|    n_updates            | 5600         |
|    policy_gradient_loss | -0.0031      |
|    value_loss           | 79.9         |
------------------------------------------
-----------------------------------------
| rollout/                |             |
|    ep_len_mean          | 227         |
|    ep_rew_mean          | 191         |
| time/                   |             |
|    fps                  | 338         |
|    iterations           | 562         |
|    time_elapsed         | 3398        |
|    total_timesteps      | 1150976     |
| train/                  |             |
|    approx_kl            | 0.002968786 |
|    clip_fraction        | 0.0911      |
|    clip_range           | 0.1         |
|    entropy_loss         | -0.506      |
|    explained_variance   | 0.923       |
|    learning_rate        | 0.00012     |
|    loss                 | 103         |
|    n_updates            | 5610        |
|    policy_gradient_loss | -0.00322    |
|    value_loss           | 87.5        |
-----------------------------------------
------------------------------------------
| rollout/                |              |
|    ep_len_mean          | 227          |
|    ep_rew_mean          | 195          |
| time/                   |              |
|    fps                  | 338          |
|    iterations           | 563          |
|    time_elapsed         | 3404         |
|    total_timesteps      | 1153024      |
| train/                  |              |
|    approx_kl            | 0.0015105956 |
|    clip_fraction        | 0.0684       |
|    clip_range           | 0.1          |
|    entropy_loss         | -0.457       |
|    explained_variance   | 0.918        |
|    learning_rate        | 0.00012      |
|    loss                 | 13.5         |
|    n_updates            | 5620         |
|    policy_gradient_loss | -0.00217     |
|    value_loss           | 66.4         |
------------------------------------------
------------------------------------------
| rollout/                |              |
|    ep_len_mean          | 234          |
|    ep_rew_mean          | 188          |
| time/                   |              |
|    fps                  | 338          |
|    iterations           | 564          |
|    time_elapsed         | 3410         |
|    total_timesteps      | 1155072      |
| train/                  |              |
|    approx_kl            | 0.0019949581 |
|    clip_fraction        | 0.0816       |
|    clip_range           | 0.1          |
|    entropy_loss         | -0.463       |
|    explained_variance   | 0.945        |
|    learning_rate        | 0.00012      |
|    loss                 | 17.1         |
|    n_updates            | 5630         |
|    policy_gradient_loss | -0.000606    |
|    value_loss           | 28.6         |
------------------------------------------
------------------------------------------
| rollout/                |              |
|    ep_len_mean          | 240          |
|    ep_rew_mean          | 198          |
| time/                   |              |
|    fps                  | 338          |
|    iterations           | 565          |
|    time_elapsed         | 3416         |
|    total_timesteps      | 1157120      |
| train/                  |              |
|    approx_kl            | 0.0045255767 |
|    clip_fraction        | 0.16         |
|    clip_range           | 0.1          |
|    entropy_loss         | -0.595       |
|    explained_variance   | 0.94         |
|    learning_rate        | 0.00012      |
|    loss                 | 35.9         |
|    n_updates            | 5640         |
|    policy_gradient_loss | -0.00166     |
|    value_loss           | 44.5         |
------------------------------------------
------------------------------------------
| rollout/                |              |
|    ep_len_mean          | 247          |
|    ep_rew_mean          | 205          |
| time/                   |              |
|    fps                  | 338          |
|    iterations           | 566          |
|    time_elapsed         | 3421         |
|    total_timesteps      | 1159168      |
| train/                  |              |
|    approx_kl            | 0.0020475837 |
|    clip_fraction        | 0.0693       |
|    clip_range           | 0.1          |
|    entropy_loss         | -0.449       |
|    explained_variance   | 0.829        |
|    learning_rate        | 0.00012      |
|    loss                 | 11.2         |
|    n_updates            | 5650         |
|    policy_gradient_loss | -0.00287     |
|    value_loss           | 83           |
------------------------------------------
Eval num_timesteps=1160000, episode_reward=225.18 +/- 44.85
Episode length: 525.40 +/- 387.70
-----------------------------------------
| eval/                   |             |
|    mean_ep_length       | 525         |
|    mean_reward          | 225         |
| time/                   |             |
|    total_timesteps      | 1160000     |
| train/                  |             |
|    approx_kl            | 0.007985718 |
|    clip_fraction        | 0.099       |
|    clip_range           | 0.1         |
|    entropy_loss         | -0.51       |
|    explained_variance   | 0.928       |
|    learning_rate        | 0.00012     |
|    loss                 | 22.8        |
|    n_updates            | 5660        |
|    policy_gradient_loss | -0.0036     |
|    value_loss           | 41.7        |
-----------------------------------------
---------------------------------
| rollout/           |          |
|    ep_len_mean     | 251      |
|    ep_rew_mean     | 216      |
| time/              |          |
|    fps             | 338      |
|    iterations      | 567      |
|    time_elapsed    | 3430     |
|    total_timesteps | 1161216  |
---------------------------------
-----------------------------------------
| rollout/                |             |
|    ep_len_mean          | 259         |
|    ep_rew_mean          | 214         |
| time/                   |             |
|    fps                  | 338         |
|    iterations           | 568         |
|    time_elapsed         | 3436        |
|    total_timesteps      | 1163264     |
| train/                  |             |
|    approx_kl            | 0.002027114 |
|    clip_fraction        | 0.0714      |
|    clip_range           | 0.1         |
|    entropy_loss         | -0.474      |
|    explained_variance   | 0.927       |
|    learning_rate        | 0.00012     |
|    loss                 | 50.4        |
|    n_updates            | 5670        |
|    policy_gradient_loss | -0.000262   |
|    value_loss           | 47.1        |
-----------------------------------------
-----------------------------------------
| rollout/                |             |
|    ep_len_mean          | 263         |
|    ep_rew_mean          | 214         |
| time/                   |             |
|    fps                  | 338         |
|    iterations           | 569         |
|    time_elapsed         | 3441        |
|    total_timesteps      | 1165312     |
| train/                  |             |
|    approx_kl            | 0.003674373 |
|    clip_fraction        | 0.126       |
|    clip_range           | 0.1         |
|    entropy_loss         | -0.572      |
|    explained_variance   | 0.932       |
|    learning_rate        | 0.00012     |
|    loss                 | 20.3        |
|    n_updates            | 5680        |
|    policy_gradient_loss | -0.000962   |
|    value_loss           | 37.2        |
-----------------------------------------
------------------------------------------
| rollout/                |              |
|    ep_len_mean          | 258          |
|    ep_rew_mean          | 212          |
| time/                   |              |
|    fps                  | 338          |
|    iterations           | 570          |
|    time_elapsed         | 3447         |
|    total_timesteps      | 1167360      |
| train/                  |              |
|    approx_kl            | 0.0019646317 |
|    clip_fraction        | 0.0658       |
|    clip_range           | 0.1          |
|    entropy_loss         | -0.445       |
|    explained_variance   | 0.942        |
|    learning_rate        | 0.00012      |
|    loss                 | 20.5         |
|    n_updates            | 5690         |
|    policy_gradient_loss | -0.0014      |
|    value_loss           | 55.7         |
------------------------------------------
------------------------------------------
| rollout/                |              |
|    ep_len_mean          | 258          |
|    ep_rew_mean          | 220          |
| time/                   |              |
|    fps                  | 338          |
|    iterations           | 571          |
|    time_elapsed         | 3453         |
|    total_timesteps      | 1169408      |
| train/                  |              |
|    approx_kl            | 0.0025442361 |
|    clip_fraction        | 0.138        |
|    clip_range           | 0.1          |
|    entropy_loss         | -0.538       |
|    explained_variance   | 0.902        |
|    learning_rate        | 0.00012      |
|    loss                 | 2.1          |
|    n_updates            | 5700         |
|    policy_gradient_loss | -0.0016      |
|    value_loss           | 33.5         |
------------------------------------------
------------------------------------------
| rollout/                |              |
|    ep_len_mean          | 269          |
|    ep_rew_mean          | 217          |
| time/                   |              |
|    fps                  | 338          |
|    iterations           | 572          |
|    time_elapsed         | 3459         |
|    total_timesteps      | 1171456      |
| train/                  |              |
|    approx_kl            | 0.0020873891 |
|    clip_fraction        | 0.0869       |
|    clip_range           | 0.1          |
|    entropy_loss         | -0.553       |
|    explained_variance   | 0.865        |
|    learning_rate        | 0.00012      |
|    loss                 | 7.7          |
|    n_updates            | 5710         |
|    policy_gradient_loss | 0.000393     |
|    value_loss           | 29.7         |
------------------------------------------
-----------------------------------------
| rollout/                |             |
|    ep_len_mean          | 275         |
|    ep_rew_mean          | 219         |
| time/                   |             |
|    fps                  | 338         |
|    iterations           | 573         |
|    time_elapsed         | 3464        |
|    total_timesteps      | 1173504     |
| train/                  |             |
|    approx_kl            | 0.005246174 |
|    clip_fraction        | 0.129       |
|    clip_range           | 0.1         |
|    entropy_loss         | -0.531      |
|    explained_variance   | 0.918       |
|    learning_rate        | 0.00012     |
|    loss                 | 30.8        |
|    n_updates            | 5720        |
|    policy_gradient_loss | 0.00125     |
|    value_loss           | 30.1        |
-----------------------------------------
------------------------------------------
| rollout/                |              |
|    ep_len_mean          | 264          |
|    ep_rew_mean          | 213          |
| time/                   |              |
|    fps                  | 338          |
|    iterations           | 574          |
|    time_elapsed         | 3470         |
|    total_timesteps      | 1175552      |
| train/                  |              |
|    approx_kl            | 0.0016944828 |
|    clip_fraction        | 0.0615       |
|    clip_range           | 0.1          |
|    entropy_loss         | -0.415       |
|    explained_variance   | 0.804        |
|    learning_rate        | 0.00012      |
|    loss                 | 2.39         |
|    n_updates            | 5730         |
|    policy_gradient_loss | 0.000417     |
|    value_loss           | 44.1         |
------------------------------------------
------------------------------------------
| rollout/                |              |
|    ep_len_mean          | 263          |
|    ep_rew_mean          | 213          |
| time/                   |              |
|    fps                  | 338          |
|    iterations           | 575          |
|    time_elapsed         | 3476         |
|    total_timesteps      | 1177600      |
| train/                  |              |
|    approx_kl            | 0.0017408119 |
|    clip_fraction        | 0.0634       |
|    clip_range           | 0.1          |
|    entropy_loss         | -0.493       |
|    explained_variance   | 0.794        |
|    learning_rate        | 0.00012      |
|    loss                 | 11.5         |
|    n_updates            | 5740         |
|    policy_gradient_loss | -0.00144     |
|    value_loss           | 139          |
------------------------------------------
-----------------------------------------
| rollout/                |             |
|    ep_len_mean          | 272         |
|    ep_rew_mean          | 215         |
| time/                   |             |
|    fps                  | 338         |
|    iterations           | 576         |
|    time_elapsed         | 3483        |
|    total_timesteps      | 1179648     |
| train/                  |             |
|    approx_kl            | 0.002175601 |
|    clip_fraction        | 0.0821      |
|    clip_range           | 0.1         |
|    entropy_loss         | -0.502      |
|    explained_variance   | 0.917       |
|    learning_rate        | 0.00012     |
|    loss                 | 23.9        |
|    n_updates            | 5750        |
|    policy_gradient_loss | -0.00171    |
|    value_loss           | 38.3        |
-----------------------------------------
Eval num_timesteps=1180000, episode_reward=201.65 +/- 92.59
Episode length: 285.80 +/- 231.35
------------------------------------------
| eval/                   |              |
|    mean_ep_length       | 286          |
|    mean_reward          | 202          |
| time/                   |              |
|    total_timesteps      | 1180000      |
| train/                  |              |
|    approx_kl            | 0.0025942943 |
|    clip_fraction        | 0.0553       |
|    clip_range           | 0.1          |
|    entropy_loss         | -0.48        |
|    explained_variance   | 0.921        |
|    learning_rate        | 0.00012      |
|    loss                 | 3.29         |
|    n_updates            | 5760         |
|    policy_gradient_loss | -0.00102     |
|    value_loss           | 29           |
------------------------------------------
---------------------------------
| rollout/           |          |
|    ep_len_mean     | 267      |
|    ep_rew_mean     | 217      |
| time/              |          |
|    fps             | 338      |
|    iterations      | 577      |
|    time_elapsed    | 3490     |
|    total_timesteps | 1181696  |
---------------------------------
------------------------------------------
| rollout/                |              |
|    ep_len_mean          | 275          |
|    ep_rew_mean          | 221          |
| time/                   |              |
|    fps                  | 338          |
|    iterations           | 578          |
|    time_elapsed         | 3496         |
|    total_timesteps      | 1183744      |
| train/                  |              |
|    approx_kl            | 0.0023777806 |
|    clip_fraction        | 0.0929       |
|    clip_range           | 0.1          |
|    entropy_loss         | -0.584       |
|    explained_variance   | 0.951        |
|    learning_rate        | 0.00012      |
|    loss                 | 2.6          |
|    n_updates            | 5770         |
|    policy_gradient_loss | -0.000704    |
|    value_loss           | 22           |
------------------------------------------
------------------------------------------
| rollout/                |              |
|    ep_len_mean          | 274          |
|    ep_rew_mean          | 211          |
| time/                   |              |
|    fps                  | 338          |
|    iterations           | 579          |
|    time_elapsed         | 3502         |
|    total_timesteps      | 1185792      |
| train/                  |              |
|    approx_kl            | 0.0048430245 |
|    clip_fraction        | 0.17         |
|    clip_range           | 0.1          |
|    entropy_loss         | -0.592       |
|    explained_variance   | 0.981        |
|    learning_rate        | 0.00012      |
|    loss                 | 4.84         |
|    n_updates            | 5780         |
|    policy_gradient_loss | -0.000269    |
|    value_loss           | 8.35         |
------------------------------------------
------------------------------------------
| rollout/                |              |
|    ep_len_mean          | 276          |
|    ep_rew_mean          | 207          |
| time/                   |              |
|    fps                  | 338          |
|    iterations           | 580          |
|    time_elapsed         | 3508         |
|    total_timesteps      | 1187840      |
| train/                  |              |
|    approx_kl            | 0.0012404092 |
|    clip_fraction        | 0.0672       |
|    clip_range           | 0.1          |
|    entropy_loss         | -0.437       |
|    explained_variance   | 0.904        |
|    learning_rate        | 0.00012      |
|    loss                 | 5.73         |
|    n_updates            | 5790         |
|    policy_gradient_loss | -0.000367    |
|    value_loss           | 54.9         |
------------------------------------------
------------------------------------------
| rollout/                |              |
|    ep_len_mean          | 269          |
|    ep_rew_mean          | 210          |
| time/                   |              |
|    fps                  | 338          |
|    iterations           | 581          |
|    time_elapsed         | 3514         |
|    total_timesteps      | 1189888      |
| train/                  |              |
|    approx_kl            | 0.0029864805 |
|    clip_fraction        | 0.109        |
|    clip_range           | 0.1          |
|    entropy_loss         | -0.508       |
|    explained_variance   | 0.969        |
|    learning_rate        | 0.00012      |
|    loss                 | 2.89         |
|    n_updates            | 5800         |
|    policy_gradient_loss | -0.000574    |
|    value_loss           | 18.2         |
------------------------------------------
------------------------------------------
| rollout/                |              |
|    ep_len_mean          | 276          |
|    ep_rew_mean          | 209          |
| time/                   |              |
|    fps                  | 338          |
|    iterations           | 582          |
|    time_elapsed         | 3520         |
|    total_timesteps      | 1191936      |
| train/                  |              |
|    approx_kl            | 0.0023142803 |
|    clip_fraction        | 0.068        |
|    clip_range           | 0.1          |
|    entropy_loss         | -0.466       |
|    explained_variance   | 0.92         |
|    learning_rate        | 0.00012      |
|    loss                 | 9.47         |
|    n_updates            | 5810         |
|    policy_gradient_loss | -0.00277     |
|    value_loss           | 39           |
------------------------------------------
------------------------------------------
| rollout/                |              |
|    ep_len_mean          | 270          |
|    ep_rew_mean          | 214          |
| time/                   |              |
|    fps                  | 338          |
|    iterations           | 583          |
|    time_elapsed         | 3526         |
|    total_timesteps      | 1193984      |
| train/                  |              |
|    approx_kl            | 0.0012140605 |
|    clip_fraction        | 0.0418       |
|    clip_range           | 0.1          |
|    entropy_loss         | -0.575       |
|    explained_variance   | 0.885        |
|    learning_rate        | 0.00012      |
|    loss                 | 4.14         |
|    n_updates            | 5820         |
|    policy_gradient_loss | 0.000453     |
|    value_loss           | 51.7         |
------------------------------------------
-----------------------------------------
| rollout/                |             |
|    ep_len_mean          | 263         |
|    ep_rew_mean          | 214         |
| time/                   |             |
|    fps                  | 338         |
|    iterations           | 584         |
|    time_elapsed         | 3532        |
|    total_timesteps      | 1196032     |
| train/                  |             |
|    approx_kl            | 0.004964687 |
|    clip_fraction        | 0.128       |
|    clip_range           | 0.1         |
|    entropy_loss         | -0.516      |
|    explained_variance   | 0.886       |
|    learning_rate        | 0.00012     |
|    loss                 | 2.26        |
|    n_updates            | 5830        |
|    policy_gradient_loss | -0.00245    |
|    value_loss           | 52.3        |
-----------------------------------------
------------------------------------------
| rollout/                |              |
|    ep_len_mean          | 241          |
|    ep_rew_mean          | 203          |
| time/                   |              |
|    fps                  | 338          |
|    iterations           | 585          |
|    time_elapsed         | 3537         |
|    total_timesteps      | 1198080      |
| train/                  |              |
|    approx_kl            | 0.0009997297 |
|    clip_fraction        | 0.0607       |
|    clip_range           | 0.1          |
|    entropy_loss         | -0.494       |
|    explained_variance   | 0.951        |
|    learning_rate        | 0.00012      |
|    loss                 | 10.2         |
|    n_updates            | 5840         |
|    policy_gradient_loss | -0.000968    |
|    value_loss           | 34.9         |
------------------------------------------
Eval num_timesteps=1200000, episode_reward=269.47 +/- 18.92
Episode length: 200.40 +/- 18.32
-----------------------------------------
| eval/                   |             |
|    mean_ep_length       | 200         |
|    mean_reward          | 269         |
| time/                   |             |
|    total_timesteps      | 1200000     |
| train/                  |             |
|    approx_kl            | 0.001176422 |
|    clip_fraction        | 0.0483      |
|    clip_range           | 0.1         |
|    entropy_loss         | -0.454      |
|    explained_variance   | 0.903       |
|    learning_rate        | 0.00012     |
|    loss                 | 15.2        |
|    n_updates            | 5850        |
|    policy_gradient_loss | -0.000439   |
|    value_loss           | 74.2        |
-----------------------------------------
---------------------------------
| rollout/           |          |
|    ep_len_mean     | 251      |
|    ep_rew_mean     | 214      |
| time/              |          |
|    fps             | 338      |
|    iterations      | 586      |
|    time_elapsed    | 3545     |
|    total_timesteps | 1200128  |
---------------------------------
-----------------------------------------
| rollout/                |             |
|    ep_len_mean          | 249         |
|    ep_rew_mean          | 211         |
| time/                   |             |
|    fps                  | 338         |
|    iterations           | 587         |
|    time_elapsed         | 3551        |
|    total_timesteps      | 1202176     |
| train/                  |             |
|    approx_kl            | 0.015461448 |
|    clip_fraction        | 0.104       |
|    clip_range           | 0.1         |
|    entropy_loss         | -0.619      |
|    explained_variance   | 0.875       |
|    learning_rate        | 0.00012     |
|    loss                 | 4.73        |
|    n_updates            | 5860        |
|    policy_gradient_loss | -0.00166    |
|    value_loss           | 31.3        |
-----------------------------------------
------------------------------------------
| rollout/                |              |
|    ep_len_mean          | 250          |
|    ep_rew_mean          | 209          |
| time/                   |              |
|    fps                  | 338          |
|    iterations           | 588          |
|    time_elapsed         | 3557         |
|    total_timesteps      | 1204224      |
| train/                  |              |
|    approx_kl            | 0.0016793122 |
|    clip_fraction        | 0.0461       |
|    clip_range           | 0.1          |
|    entropy_loss         | -0.345       |
|    explained_variance   | 0.946        |
|    learning_rate        | 0.00012      |
|    loss                 | 11.4         |
|    n_updates            | 5870         |
|    policy_gradient_loss | -0.00286     |
|    value_loss           | 71.5         |
------------------------------------------
------------------------------------------
| rollout/                |              |
|    ep_len_mean          | 231          |
|    ep_rew_mean          | 210          |
| time/                   |              |
|    fps                  | 338          |
|    iterations           | 589          |
|    time_elapsed         | 3563         |
|    total_timesteps      | 1206272      |
| train/                  |              |
|    approx_kl            | 0.0014587564 |
|    clip_fraction        | 0.0475       |
|    clip_range           | 0.1          |
|    entropy_loss         | -0.479       |
|    explained_variance   | 0.887        |
|    learning_rate        | 0.00012      |
|    loss                 | 5.7          |
|    n_updates            | 5880         |
|    policy_gradient_loss | -0.00122     |
|    value_loss           | 78.4         |
------------------------------------------
-----------------------------------------
| rollout/                |             |
|    ep_len_mean          | 228         |
|    ep_rew_mean          | 213         |
| time/                   |             |
|    fps                  | 338         |
|    iterations           | 590         |
|    time_elapsed         | 3569        |
|    total_timesteps      | 1208320     |
| train/                  |             |
|    approx_kl            | 0.002527725 |
|    clip_fraction        | 0.0654      |
|    clip_range           | 0.1         |
|    entropy_loss         | -0.477      |
|    explained_variance   | 0.963       |
|    learning_rate        | 0.00012     |
|    loss                 | 6.15        |
|    n_updates            | 5890        |
|    policy_gradient_loss | -0.0012     |
|    value_loss           | 26.4        |
-----------------------------------------
------------------------------------------
| rollout/                |              |
|    ep_len_mean          | 221          |
|    ep_rew_mean          | 214          |
| time/                   |              |
|    fps                  | 338          |
|    iterations           | 591          |
|    time_elapsed         | 3575         |
|    total_timesteps      | 1210368      |
| train/                  |              |
|    approx_kl            | 0.0011886258 |
|    clip_fraction        | 0.0611       |
|    clip_range           | 0.1          |
|    entropy_loss         | -0.426       |
|    explained_variance   | 0.873        |
|    learning_rate        | 0.00012      |
|    loss                 | 11.1         |
|    n_updates            | 5900         |
|    policy_gradient_loss | -0.00137     |
|    value_loss           | 95.2         |
------------------------------------------
------------------------------------------
| rollout/                |              |
|    ep_len_mean          | 228          |
|    ep_rew_mean          | 212          |
| time/                   |              |
|    fps                  | 338          |
|    iterations           | 592          |
|    time_elapsed         | 3582         |
|    total_timesteps      | 1212416      |
| train/                  |              |
|    approx_kl            | 0.0014393334 |
|    clip_fraction        | 0.069        |
|    clip_range           | 0.1          |
|    entropy_loss         | -0.435       |
|    explained_variance   | 0.839        |
|    learning_rate        | 0.00012      |
|    loss                 | 24           |
|    n_updates            | 5910         |
|    policy_gradient_loss | -0.00187     |
|    value_loss           | 136          |
------------------------------------------
------------------------------------------
| rollout/                |              |
|    ep_len_mean          | 224          |
|    ep_rew_mean          | 210          |
| time/                   |              |
|    fps                  | 338          |
|    iterations           | 593          |
|    time_elapsed         | 3588         |
|    total_timesteps      | 1214464      |
| train/                  |              |
|    approx_kl            | 0.0043183714 |
|    clip_fraction        | 0.0999       |
|    clip_range           | 0.1          |
|    entropy_loss         | -0.469       |
|    explained_variance   | 0.984        |
|    learning_rate        | 0.00012      |
|    loss                 | 2.4          |
|    n_updates            | 5920         |
|    policy_gradient_loss | 0.00145      |
|    value_loss           | 16.8         |
------------------------------------------
------------------------------------------
| rollout/                |              |
|    ep_len_mean          | 214          |
|    ep_rew_mean          | 208          |
| time/                   |              |
|    fps                  | 338          |
|    iterations           | 594          |
|    time_elapsed         | 3594         |
|    total_timesteps      | 1216512      |
| train/                  |              |
|    approx_kl            | 0.0037479775 |
|    clip_fraction        | 0.0899       |
|    clip_range           | 0.1          |
|    entropy_loss         | -0.471       |
|    explained_variance   | 0.94         |
|    learning_rate        | 0.00012      |
|    loss                 | 3.32         |
|    n_updates            | 5930         |
|    policy_gradient_loss | -0.00061     |
|    value_loss           | 63.4         |
------------------------------------------
------------------------------------------
| rollout/                |              |
|    ep_len_mean          | 217          |
|    ep_rew_mean          | 210          |
| time/                   |              |
|    fps                  | 338          |
|    iterations           | 595          |
|    time_elapsed         | 3600         |
|    total_timesteps      | 1218560      |
| train/                  |              |
|    approx_kl            | 0.0020941012 |
|    clip_fraction        | 0.0596       |
|    clip_range           | 0.1          |
|    entropy_loss         | -0.468       |
|    explained_variance   | 0.938        |
|    learning_rate        | 0.00012      |
|    loss                 | 6.75         |
|    n_updates            | 5940         |
|    policy_gradient_loss | -5.47e-05    |
|    value_loss           | 27.1         |
------------------------------------------
Eval num_timesteps=1220000, episode_reward=257.89 +/- 41.15
Episode length: 231.60 +/- 59.72
-----------------------------------------
| eval/                   |             |
|    mean_ep_length       | 232         |
|    mean_reward          | 258         |
| time/                   |             |
|    total_timesteps      | 1220000     |
| train/                  |             |
|    approx_kl            | 0.002748791 |
|    clip_fraction        | 0.0823      |
|    clip_range           | 0.1         |
|    entropy_loss         | -0.473      |
|    explained_variance   | 0.907       |
|    learning_rate        | 0.00012     |
|    loss                 | 15.7        |
|    n_updates            | 5950        |
|    policy_gradient_loss | -0.00183    |
|    value_loss           | 39          |
-----------------------------------------
---------------------------------
| rollout/           |          |
|    ep_len_mean     | 230      |
|    ep_rew_mean     | 219      |
| time/              |          |
|    fps             | 338      |
|    iterations      | 596      |
|    time_elapsed    | 3608     |
|    total_timesteps | 1220608  |
---------------------------------
------------------------------------------
| rollout/                |              |
|    ep_len_mean          | 222          |
|    ep_rew_mean          | 217          |
| time/                   |              |
|    fps                  | 338          |
|    iterations           | 597          |
|    time_elapsed         | 3614         |
|    total_timesteps      | 1222656      |
| train/                  |              |
|    approx_kl            | 0.0034062054 |
|    clip_fraction        | 0.111        |
|    clip_range           | 0.1          |
|    entropy_loss         | -0.54        |
|    explained_variance   | 0.933        |
|    learning_rate        | 0.00012      |
|    loss                 | 8.95         |
|    n_updates            | 5960         |
|    policy_gradient_loss | 0.000445     |
|    value_loss           | 29           |
------------------------------------------
------------------------------------------
| rollout/                |              |
|    ep_len_mean          | 215          |
|    ep_rew_mean          | 221          |
| time/                   |              |
|    fps                  | 338          |
|    iterations           | 598          |
|    time_elapsed         | 3620         |
|    total_timesteps      | 1224704      |
| train/                  |              |
|    approx_kl            | 0.0015053882 |
|    clip_fraction        | 0.0709       |
|    clip_range           | 0.1          |
|    entropy_loss         | -0.443       |
|    explained_variance   | 0.896        |
|    learning_rate        | 0.00012      |
|    loss                 | 4.66         |
|    n_updates            | 5970         |
|    policy_gradient_loss | -0.00297     |
|    value_loss           | 72.7         |
------------------------------------------
------------------------------------------
| rollout/                |              |
|    ep_len_mean          | 218          |
|    ep_rew_mean          | 213          |
| time/                   |              |
|    fps                  | 338          |
|    iterations           | 599          |
|    time_elapsed         | 3626         |
|    total_timesteps      | 1226752      |
| train/                  |              |
|    approx_kl            | 0.0044740485 |
|    clip_fraction        | 0.0813       |
|    clip_range           | 0.1          |
|    entropy_loss         | -0.421       |
|    explained_variance   | 0.894        |
|    learning_rate        | 0.00012      |
|    loss                 | 4.24         |
|    n_updates            | 5980         |
|    policy_gradient_loss | -0.000578    |
|    value_loss           | 75.1         |
------------------------------------------
------------------------------------------
| rollout/                |              |
|    ep_len_mean          | 221          |
|    ep_rew_mean          | 219          |
| time/                   |              |
|    fps                  | 338          |
|    iterations           | 600          |
|    time_elapsed         | 3632         |
|    total_timesteps      | 1228800      |
| train/                  |              |
|    approx_kl            | 0.0032263452 |
|    clip_fraction        | 0.0808       |
|    clip_range           | 0.1          |
|    entropy_loss         | -0.455       |
|    explained_variance   | 0.902        |
|    learning_rate        | 0.00012      |
|    loss                 | 123          |
|    n_updates            | 5990         |
|    policy_gradient_loss | -0.00252     |
|    value_loss           | 99.6         |
------------------------------------------
------------------------------------------
| rollout/                |              |
|    ep_len_mean          | 221          |
|    ep_rew_mean          | 218          |
| time/                   |              |
|    fps                  | 338          |
|    iterations           | 601          |
|    time_elapsed         | 3638         |
|    total_timesteps      | 1230848      |
| train/                  |              |
|    approx_kl            | 0.0020706216 |
|    clip_fraction        | 0.0771       |
|    clip_range           | 0.1          |
|    entropy_loss         | -0.449       |
|    explained_variance   | 0.715        |
|    learning_rate        | 0.00012      |
|    loss                 | 17.9         |
|    n_updates            | 6000         |
|    policy_gradient_loss | -0.00158     |
|    value_loss           | 95           |
------------------------------------------
------------------------------------------
| rollout/                |              |
|    ep_len_mean          | 221          |
|    ep_rew_mean          | 215          |
| time/                   |              |
|    fps                  | 338          |
|    iterations           | 602          |
|    time_elapsed         | 3644         |
|    total_timesteps      | 1232896      |
| train/                  |              |
|    approx_kl            | 0.0017892208 |
|    clip_fraction        | 0.0666       |
|    clip_range           | 0.1          |
|    entropy_loss         | -0.457       |
|    explained_variance   | 0.91         |
|    learning_rate        | 0.00012      |
|    loss                 | 25.4         |
|    n_updates            | 6010         |
|    policy_gradient_loss | -1.09e-05    |
|    value_loss           | 55.9         |
------------------------------------------
------------------------------------------
| rollout/                |              |
|    ep_len_mean          | 204          |
|    ep_rew_mean          | 219          |
| time/                   |              |
|    fps                  | 338          |
|    iterations           | 603          |
|    time_elapsed         | 3649         |
|    total_timesteps      | 1234944      |
| train/                  |              |
|    approx_kl            | 0.0012623966 |
|    clip_fraction        | 0.0707       |
|    clip_range           | 0.1          |
|    entropy_loss         | -0.4         |
|    explained_variance   | 0.903        |
|    learning_rate        | 0.00012      |
|    loss                 | 27.4         |
|    n_updates            | 6020         |
|    policy_gradient_loss | -2.23e-05    |
|    value_loss           | 88.4         |
------------------------------------------
------------------------------------------
| rollout/                |              |
|    ep_len_mean          | 206          |
|    ep_rew_mean          | 220          |
| time/                   |              |
|    fps                  | 338          |
|    iterations           | 604          |
|    time_elapsed         | 3655         |
|    total_timesteps      | 1236992      |
| train/                  |              |
|    approx_kl            | 0.0014598558 |
|    clip_fraction        | 0.0872       |
|    clip_range           | 0.1          |
|    entropy_loss         | -0.431       |
|    explained_variance   | 0.912        |
|    learning_rate        | 0.00012      |
|    loss                 | 14.9         |
|    n_updates            | 6030         |
|    policy_gradient_loss | -0.000772    |
|    value_loss           | 57.1         |
------------------------------------------
-----------------------------------------
| rollout/                |             |
|    ep_len_mean          | 212         |
|    ep_rew_mean          | 216         |
| time/                   |             |
|    fps                  | 338         |
|    iterations           | 605         |
|    time_elapsed         | 3661        |
|    total_timesteps      | 1239040     |
| train/                  |             |
|    approx_kl            | 0.001248669 |
|    clip_fraction        | 0.0508      |
|    clip_range           | 0.1         |
|    entropy_loss         | -0.413      |
|    explained_variance   | 0.837       |
|    learning_rate        | 0.00012     |
|    loss                 | 52.4        |
|    n_updates            | 6040        |
|    policy_gradient_loss | -0.000894   |
|    value_loss           | 144         |
-----------------------------------------
Eval num_timesteps=1240000, episode_reward=173.53 +/- 176.16
Episode length: 346.80 +/- 328.36
------------------------------------------
| eval/                   |              |
|    mean_ep_length       | 347          |
|    mean_reward          | 174          |
| time/                   |              |
|    total_timesteps      | 1240000      |
| train/                  |              |
|    approx_kl            | 0.0038051677 |
|    clip_fraction        | 0.114        |
|    clip_range           | 0.1          |
|    entropy_loss         | -0.508       |
|    explained_variance   | 0.956        |
|    learning_rate        | 0.00012      |
|    loss                 | 3.03         |
|    n_updates            | 6050         |
|    policy_gradient_loss | -0.000614    |
|    value_loss           | 32.7         |
------------------------------------------
---------------------------------
| rollout/           |          |
|    ep_len_mean     | 200      |
|    ep_rew_mean     | 208      |
| time/              |          |
|    fps             | 338      |
|    iterations      | 606      |
|    time_elapsed    | 3668     |
|    total_timesteps | 1241088  |
---------------------------------
------------------------------------------
| rollout/                |              |
|    ep_len_mean          | 201          |
|    ep_rew_mean          | 210          |
| time/                   |              |
|    fps                  | 338          |
|    iterations           | 607          |
|    time_elapsed         | 3674         |
|    total_timesteps      | 1243136      |
| train/                  |              |
|    approx_kl            | 0.0024589987 |
|    clip_fraction        | 0.0708       |
|    clip_range           | 0.1          |
|    entropy_loss         | -0.424       |
|    explained_variance   | 0.952        |
|    learning_rate        | 0.00012      |
|    loss                 | 14.9         |
|    n_updates            | 6060         |
|    policy_gradient_loss | -0.00175     |
|    value_loss           | 38.7         |
------------------------------------------
------------------------------------------
| rollout/                |              |
|    ep_len_mean          | 212          |
|    ep_rew_mean          | 211          |
| time/                   |              |
|    fps                  | 338          |
|    iterations           | 608          |
|    time_elapsed         | 3680         |
|    total_timesteps      | 1245184      |
| train/                  |              |
|    approx_kl            | 0.0032987255 |
|    clip_fraction        | 0.121        |
|    clip_range           | 0.1          |
|    entropy_loss         | -0.561       |
|    explained_variance   | 0.981        |
|    learning_rate        | 0.00012      |
|    loss                 | 4.2          |
|    n_updates            | 6070         |
|    policy_gradient_loss | 0.000481     |
|    value_loss           | 17.6         |
------------------------------------------
-----------------------------------------
| rollout/                |             |
|    ep_len_mean          | 216         |
|    ep_rew_mean          | 215         |
| time/                   |             |
|    fps                  | 338         |
|    iterations           | 609         |
|    time_elapsed         | 3686        |
|    total_timesteps      | 1247232     |
| train/                  |             |
|    approx_kl            | 0.001912134 |
|    clip_fraction        | 0.0478      |
|    clip_range           | 0.1         |
|    entropy_loss         | -0.412      |
|    explained_variance   | 0.846       |
|    learning_rate        | 0.00012     |
|    loss                 | 7.64        |
|    n_updates            | 6080        |
|    policy_gradient_loss | -0.000438   |
|    value_loss           | 71.4        |
-----------------------------------------
-----------------------------------------
| rollout/                |             |
|    ep_len_mean          | 211         |
|    ep_rew_mean          | 209         |
| time/                   |             |
|    fps                  | 338         |
|    iterations           | 610         |
|    time_elapsed         | 3691        |
|    total_timesteps      | 1249280     |
| train/                  |             |
|    approx_kl            | 0.006937744 |
|    clip_fraction        | 0.133       |
|    clip_range           | 0.1         |
|    entropy_loss         | -0.564      |
|    explained_variance   | 0.932       |
|    learning_rate        | 0.00012     |
|    loss                 | 3.42        |
|    n_updates            | 6090        |
|    policy_gradient_loss | 0.00293     |
|    value_loss           | 43.1        |
-----------------------------------------
------------------------------------------
| rollout/                |              |
|    ep_len_mean          | 211          |
|    ep_rew_mean          | 213          |
| time/                   |              |
|    fps                  | 338          |
|    iterations           | 611          |
|    time_elapsed         | 3697         |
|    total_timesteps      | 1251328      |
| train/                  |              |
|    approx_kl            | 0.0006954932 |
|    clip_fraction        | 0.0449       |
|    clip_range           | 0.1          |
|    entropy_loss         | -0.43        |
|    explained_variance   | 0.87         |
|    learning_rate        | 0.00012      |
|    loss                 | 42.5         |
|    n_updates            | 6100         |
|    policy_gradient_loss | 0.000209     |
|    value_loss           | 138          |
------------------------------------------
------------------------------------------
| rollout/                |              |
|    ep_len_mean          | 219          |
|    ep_rew_mean          | 208          |
| time/                   |              |
|    fps                  | 338          |
|    iterations           | 612          |
|    time_elapsed         | 3703         |
|    total_timesteps      | 1253376      |
| train/                  |              |
|    approx_kl            | 0.0015556135 |
|    clip_fraction        | 0.0482       |
|    clip_range           | 0.1          |
|    entropy_loss         | -0.476       |
|    explained_variance   | 0.837        |
|    learning_rate        | 0.00012      |
|    loss                 | 17.8         |
|    n_updates            | 6110         |
|    policy_gradient_loss | 0.000335     |
|    value_loss           | 56.7         |
------------------------------------------
------------------------------------------
| rollout/                |              |
|    ep_len_mean          | 229          |
|    ep_rew_mean          | 211          |
| time/                   |              |
|    fps                  | 338          |
|    iterations           | 613          |
|    time_elapsed         | 3708         |
|    total_timesteps      | 1255424      |
| train/                  |              |
|    approx_kl            | 0.0017799272 |
|    clip_fraction        | 0.0752       |
|    clip_range           | 0.1          |
|    entropy_loss         | -0.504       |
|    explained_variance   | 0.941        |
|    learning_rate        | 0.00012      |
|    loss                 | 12.8         |
|    n_updates            | 6120         |
|    policy_gradient_loss | -0.000228    |
|    value_loss           | 46.7         |
------------------------------------------
-----------------------------------------
| rollout/                |             |
|    ep_len_mean          | 230         |
|    ep_rew_mean          | 210         |
| time/                   |             |
|    fps                  | 338         |
|    iterations           | 614         |
|    time_elapsed         | 3714        |
|    total_timesteps      | 1257472     |
| train/                  |             |
|    approx_kl            | 0.002218279 |
|    clip_fraction        | 0.0958      |
|    clip_range           | 0.1         |
|    entropy_loss         | -0.515      |
|    explained_variance   | 0.92        |
|    learning_rate        | 0.00012     |
|    loss                 | 4.41        |
|    n_updates            | 6130        |
|    policy_gradient_loss | 0.000466    |
|    value_loss           | 47.6        |
-----------------------------------------
-----------------------------------------
| rollout/                |             |
|    ep_len_mean          | 230         |
|    ep_rew_mean          | 209         |
| time/                   |             |
|    fps                  | 338         |
|    iterations           | 615         |
|    time_elapsed         | 3720        |
|    total_timesteps      | 1259520     |
| train/                  |             |
|    approx_kl            | 0.002306094 |
|    clip_fraction        | 0.0939      |
|    clip_range           | 0.1         |
|    entropy_loss         | -0.506      |
|    explained_variance   | 0.949       |
|    learning_rate        | 0.00012     |
|    loss                 | 23.3        |
|    n_updates            | 6140        |
|    policy_gradient_loss | -0.00275    |
|    value_loss           | 30.9        |
-----------------------------------------
Eval num_timesteps=1260000, episode_reward=226.21 +/- 71.28
Episode length: 534.20 +/- 380.71
------------------------------------------
| eval/                   |              |
|    mean_ep_length       | 534          |
|    mean_reward          | 226          |
| time/                   |              |
|    total_timesteps      | 1260000      |
| train/                  |              |
|    approx_kl            | 0.0020491986 |
|    clip_fraction        | 0.0792       |
|    clip_range           | 0.1          |
|    entropy_loss         | -0.441       |
|    explained_variance   | 0.872        |
|    learning_rate        | 0.00012      |
|    loss                 | 7.89         |
|    n_updates            | 6150         |
|    policy_gradient_loss | -0.000478    |
|    value_loss           | 76.1         |
------------------------------------------
---------------------------------
| rollout/           |          |
|    ep_len_mean     | 223      |
|    ep_rew_mean     | 211      |
| time/              |          |
|    fps             | 338      |
|    iterations      | 616      |
|    time_elapsed    | 3728     |
|    total_timesteps | 1261568  |
---------------------------------
------------------------------------------
| rollout/                |              |
|    ep_len_mean          | 233          |
|    ep_rew_mean          | 214          |
| time/                   |              |
|    fps                  | 338          |
|    iterations           | 617          |
|    time_elapsed         | 3734         |
|    total_timesteps      | 1263616      |
| train/                  |              |
|    approx_kl            | 0.0016431652 |
|    clip_fraction        | 0.064        |
|    clip_range           | 0.1          |
|    entropy_loss         | -0.443       |
|    explained_variance   | 0.906        |
|    learning_rate        | 0.00012      |
|    loss                 | 13.9         |
|    n_updates            | 6160         |
|    policy_gradient_loss | -0.00119     |
|    value_loss           | 56.5         |
------------------------------------------
-----------------------------------------
| rollout/                |             |
|    ep_len_mean          | 235         |
|    ep_rew_mean          | 217         |
| time/                   |             |
|    fps                  | 338         |
|    iterations           | 618         |
|    time_elapsed         | 3740        |
|    total_timesteps      | 1265664     |
| train/                  |             |
|    approx_kl            | 0.003783447 |
|    clip_fraction        | 0.0864      |
|    clip_range           | 0.1         |
|    entropy_loss         | -0.521      |
|    explained_variance   | 0.969       |
|    learning_rate        | 0.00012     |
|    loss                 | 1.66        |
|    n_updates            | 6170        |
|    policy_gradient_loss | 0.000947    |
|    value_loss           | 19.3        |
-----------------------------------------
------------------------------------------
| rollout/                |              |
|    ep_len_mean          | 228          |
|    ep_rew_mean          | 212          |
| time/                   |              |
|    fps                  | 338          |
|    iterations           | 619          |
|    time_elapsed         | 3745         |
|    total_timesteps      | 1267712      |
| train/                  |              |
|    approx_kl            | 0.0019582398 |
|    clip_fraction        | 0.0741       |
|    clip_range           | 0.1          |
|    entropy_loss         | -0.442       |
|    explained_variance   | 0.938        |
|    learning_rate        | 0.00012      |
|    loss                 | 18.8         |
|    n_updates            | 6180         |
|    policy_gradient_loss | -0.000909    |
|    value_loss           | 38.9         |
------------------------------------------
------------------------------------------
| rollout/                |              |
|    ep_len_mean          | 220          |
|    ep_rew_mean          | 209          |
| time/                   |              |
|    fps                  | 338          |
|    iterations           | 620          |
|    time_elapsed         | 3751         |
|    total_timesteps      | 1269760      |
| train/                  |              |
|    approx_kl            | 0.0018319349 |
|    clip_fraction        | 0.0501       |
|    clip_range           | 0.1          |
|    entropy_loss         | -0.463       |
|    explained_variance   | 0.897        |
|    learning_rate        | 0.00012      |
|    loss                 | 15.5         |
|    n_updates            | 6190         |
|    policy_gradient_loss | 0.000359     |
|    value_loss           | 58.1         |
------------------------------------------
------------------------------------------
| rollout/                |              |
|    ep_len_mean          | 223          |
|    ep_rew_mean          | 217          |
| time/                   |              |
|    fps                  | 338          |
|    iterations           | 621          |
|    time_elapsed         | 3757         |
|    total_timesteps      | 1271808      |
| train/                  |              |
|    approx_kl            | 0.0029852837 |
|    clip_fraction        | 0.0774       |
|    clip_range           | 0.1          |
|    entropy_loss         | -0.442       |
|    explained_variance   | 0.801        |
|    learning_rate        | 0.00012      |
|    loss                 | 28.4         |
|    n_updates            | 6200         |
|    policy_gradient_loss | -0.00157     |
|    value_loss           | 108          |
------------------------------------------
------------------------------------------
| rollout/                |              |
|    ep_len_mean          | 223          |
|    ep_rew_mean          | 219          |
| time/                   |              |
|    fps                  | 338          |
|    iterations           | 622          |
|    time_elapsed         | 3763         |
|    total_timesteps      | 1273856      |
| train/                  |              |
|    approx_kl            | 0.0035719164 |
|    clip_fraction        | 0.136        |
|    clip_range           | 0.1          |
|    entropy_loss         | -0.508       |
|    explained_variance   | 0.937        |
|    learning_rate        | 0.00012      |
|    loss                 | 8.05         |
|    n_updates            | 6210         |
|    policy_gradient_loss | -0.000721    |
|    value_loss           | 23.3         |
------------------------------------------
------------------------------------------
| rollout/                |              |
|    ep_len_mean          | 215          |
|    ep_rew_mean          | 220          |
| time/                   |              |
|    fps                  | 338          |
|    iterations           | 623          |
|    time_elapsed         | 3769         |
|    total_timesteps      | 1275904      |
| train/                  |              |
|    approx_kl            | 0.0014580727 |
|    clip_fraction        | 0.0602       |
|    clip_range           | 0.1          |
|    entropy_loss         | -0.467       |
|    explained_variance   | 0.881        |
|    learning_rate        | 0.00012      |
|    loss                 | 49.2         |
|    n_updates            | 6220         |
|    policy_gradient_loss | -0.00184     |
|    value_loss           | 100          |
------------------------------------------
------------------------------------------
| rollout/                |              |
|    ep_len_mean          | 221          |
|    ep_rew_mean          | 221          |
| time/                   |              |
|    fps                  | 338          |
|    iterations           | 624          |
|    time_elapsed         | 3775         |
|    total_timesteps      | 1277952      |
| train/                  |              |
|    approx_kl            | 0.0024696896 |
|    clip_fraction        | 0.0834       |
|    clip_range           | 0.1          |
|    entropy_loss         | -0.45        |
|    explained_variance   | 0.855        |
|    learning_rate        | 0.00012      |
|    loss                 | 6.73         |
|    n_updates            | 6230         |
|    policy_gradient_loss | 0.00053      |
|    value_loss           | 49           |
------------------------------------------
Eval num_timesteps=1280000, episode_reward=197.20 +/- 102.99
Episode length: 359.20 +/- 322.04
------------------------------------------
| eval/                   |              |
|    mean_ep_length       | 359          |
|    mean_reward          | 197          |
| time/                   |              |
|    total_timesteps      | 1280000      |
| train/                  |              |
|    approx_kl            | 0.0047273524 |
|    clip_fraction        | 0.134        |
|    clip_range           | 0.1          |
|    entropy_loss         | -0.419       |
|    explained_variance   | 0.935        |
|    learning_rate        | 0.00012      |
|    loss                 | 4.74         |
|    n_updates            | 6240         |
|    policy_gradient_loss | -0.000266    |
|    value_loss           | 32.5         |
------------------------------------------
---------------------------------
| rollout/           |          |
|    ep_len_mean     | 222      |
|    ep_rew_mean     | 220      |
| time/              |          |
|    fps             | 338      |
|    iterations      | 625      |
|    time_elapsed    | 3783     |
|    total_timesteps | 1280000  |
---------------------------------
------------------------------------------
| rollout/                |              |
|    ep_len_mean          | 224          |
|    ep_rew_mean          | 226          |
| time/                   |              |
|    fps                  | 338          |
|    iterations           | 626          |
|    time_elapsed         | 3790         |
|    total_timesteps      | 1282048      |
| train/                  |              |
|    approx_kl            | 0.0024906176 |
|    clip_fraction        | 0.0738       |
|    clip_range           | 0.1          |
|    entropy_loss         | -0.416       |
|    explained_variance   | 0.923        |
|    learning_rate        | 0.00012      |
|    loss                 | 4.07         |
|    n_updates            | 6250         |
|    policy_gradient_loss | -0.00109     |
|    value_loss           | 28.5         |
------------------------------------------
-----------------------------------------
| rollout/                |             |
|    ep_len_mean          | 229         |
|    ep_rew_mean          | 227         |
| time/                   |             |
|    fps                  | 338         |
|    iterations           | 627         |
|    time_elapsed         | 3796        |
|    total_timesteps      | 1284096     |
| train/                  |             |
|    approx_kl            | 0.001377471 |
|    clip_fraction        | 0.0606      |
|    clip_range           | 0.1         |
|    entropy_loss         | -0.44       |
|    explained_variance   | 0.931       |
|    learning_rate        | 0.00012     |
|    loss                 | 16.3        |
|    n_updates            | 6260        |
|    policy_gradient_loss | -0.000342   |
|    value_loss           | 28.8        |
-----------------------------------------
------------------------------------------
| rollout/                |              |
|    ep_len_mean          | 224          |
|    ep_rew_mean          | 229          |
| time/                   |              |
|    fps                  | 338          |
|    iterations           | 628          |
|    time_elapsed         | 3802         |
|    total_timesteps      | 1286144      |
| train/                  |              |
|    approx_kl            | 0.0020532552 |
|    clip_fraction        | 0.0676       |
|    clip_range           | 0.1          |
|    entropy_loss         | -0.387       |
|    explained_variance   | 0.94         |
|    learning_rate        | 0.00012      |
|    loss                 | 20.4         |
|    n_updates            | 6270         |
|    policy_gradient_loss | 0.000429     |
|    value_loss           | 54.2         |
------------------------------------------
------------------------------------------
| rollout/                |              |
|    ep_len_mean          | 223          |
|    ep_rew_mean          | 228          |
| time/                   |              |
|    fps                  | 338          |
|    iterations           | 629          |
|    time_elapsed         | 3808         |
|    total_timesteps      | 1288192      |
| train/                  |              |
|    approx_kl            | 0.0021865908 |
|    clip_fraction        | 0.0777       |
|    clip_range           | 0.1          |
|    entropy_loss         | -0.44        |
|    explained_variance   | 0.918        |
|    learning_rate        | 0.00012      |
|    loss                 | 12.6         |
|    n_updates            | 6280         |
|    policy_gradient_loss | -0.00135     |
|    value_loss           | 33.9         |
------------------------------------------
-----------------------------------------
| rollout/                |             |
|    ep_len_mean          | 218         |
|    ep_rew_mean          | 226         |
| time/                   |             |
|    fps                  | 338         |
|    iterations           | 630         |
|    time_elapsed         | 3814        |
|    total_timesteps      | 1290240     |
| train/                  |             |
|    approx_kl            | 0.002912437 |
|    clip_fraction        | 0.0736      |
|    clip_range           | 0.1         |
|    entropy_loss         | -0.413      |
|    explained_variance   | 0.838       |
|    learning_rate        | 0.00012     |
|    loss                 | 5           |
|    n_updates            | 6290        |
|    policy_gradient_loss | -0.000432   |
|    value_loss           | 59.5        |
-----------------------------------------
------------------------------------------
| rollout/                |              |
|    ep_len_mean          | 221          |
|    ep_rew_mean          | 236          |
| time/                   |              |
|    fps                  | 338          |
|    iterations           | 631          |
|    time_elapsed         | 3820         |
|    total_timesteps      | 1292288      |
| train/                  |              |
|    approx_kl            | 0.0011868293 |
|    clip_fraction        | 0.0408       |
|    clip_range           | 0.1          |
|    entropy_loss         | -0.455       |
|    explained_variance   | 0.78         |
|    learning_rate        | 0.00012      |
|    loss                 | 23.9         |
|    n_updates            | 6300         |
|    policy_gradient_loss | -0.000832    |
|    value_loss           | 129          |
------------------------------------------
-----------------------------------------
| rollout/                |             |
|    ep_len_mean          | 221         |
|    ep_rew_mean          | 233         |
| time/                   |             |
|    fps                  | 338         |
|    iterations           | 632         |
|    time_elapsed         | 3826        |
|    total_timesteps      | 1294336     |
| train/                  |             |
|    approx_kl            | 0.003141881 |
|    clip_fraction        | 0.0887      |
|    clip_range           | 0.1         |
|    entropy_loss         | -0.443      |
|    explained_variance   | 0.91        |
|    learning_rate        | 0.00012     |
|    loss                 | 4.37        |
|    n_updates            | 6310        |
|    policy_gradient_loss | -0.0014     |
|    value_loss           | 51.7        |
-----------------------------------------
------------------------------------------
| rollout/                |              |
|    ep_len_mean          | 232          |
|    ep_rew_mean          | 237          |
| time/                   |              |
|    fps                  | 338          |
|    iterations           | 633          |
|    time_elapsed         | 3832         |
|    total_timesteps      | 1296384      |
| train/                  |              |
|    approx_kl            | 0.0025085488 |
|    clip_fraction        | 0.0849       |
|    clip_range           | 0.1          |
|    entropy_loss         | -0.492       |
|    explained_variance   | 0.835        |
|    learning_rate        | 0.00012      |
|    loss                 | 19.3         |
|    n_updates            | 6320         |
|    policy_gradient_loss | -0.00143     |
|    value_loss           | 89.2         |
------------------------------------------
-----------------------------------------
| rollout/                |             |
|    ep_len_mean          | 232         |
|    ep_rew_mean          | 236         |
| time/                   |             |
|    fps                  | 338         |
|    iterations           | 634         |
|    time_elapsed         | 3838        |
|    total_timesteps      | 1298432     |
| train/                  |             |
|    approx_kl            | 0.003599467 |
|    clip_fraction        | 0.134       |
|    clip_range           | 0.1         |
|    entropy_loss         | -0.545      |
|    explained_variance   | 0.955       |
|    learning_rate        | 0.00012     |
|    loss                 | 2.11        |
|    n_updates            | 6330        |
|    policy_gradient_loss | 0.000141    |
|    value_loss           | 17.1        |
-----------------------------------------
Eval num_timesteps=1300000, episode_reward=251.69 +/- 40.31
Episode length: 359.60 +/- 320.23
------------------------------------------
| eval/                   |              |
|    mean_ep_length       | 360          |
|    mean_reward          | 252          |
| time/                   |              |
|    total_timesteps      | 1300000      |
| train/                  |              |
|    approx_kl            | 0.0028826068 |
|    clip_fraction        | 0.093        |
|    clip_range           | 0.1          |
|    entropy_loss         | -0.518       |
|    explained_variance   | 0.933        |
|    learning_rate        | 0.00012      |
|    loss                 | 1.92         |
|    n_updates            | 6340         |
|    policy_gradient_loss | 0.000277     |
|    value_loss           | 21.5         |
------------------------------------------
---------------------------------
| rollout/           |          |
|    ep_len_mean     | 228      |
|    ep_rew_mean     | 238      |
| time/              |          |
|    fps             | 338      |
|    iterations      | 635      |
|    time_elapsed    | 3845     |
|    total_timesteps | 1300480  |
---------------------------------
------------------------------------------
| rollout/                |              |
|    ep_len_mean          | 228          |
|    ep_rew_mean          | 235          |
| time/                   |              |
|    fps                  | 338          |
|    iterations           | 636          |
|    time_elapsed         | 3851         |
|    total_timesteps      | 1302528      |
| train/                  |              |
|    approx_kl            | 0.0032001645 |
|    clip_fraction        | 0.153        |
|    clip_range           | 0.1          |
|    entropy_loss         | -0.556       |
|    explained_variance   | 0.964        |
|    learning_rate        | 0.00012      |
|    loss                 | 6.07         |
|    n_updates            | 6350         |
|    policy_gradient_loss | 0.00204      |
|    value_loss           | 19.1         |
------------------------------------------
-----------------------------------------
| rollout/                |             |
|    ep_len_mean          | 228         |
|    ep_rew_mean          | 232         |
| time/                   |             |
|    fps                  | 338         |
|    iterations           | 637         |
|    time_elapsed         | 3857        |
|    total_timesteps      | 1304576     |
| train/                  |             |
|    approx_kl            | 0.001732769 |
|    clip_fraction        | 0.0772      |
|    clip_range           | 0.1         |
|    entropy_loss         | -0.44       |
|    explained_variance   | 0.902       |
|    learning_rate        | 0.00012     |
|    loss                 | 42.2        |
|    n_updates            | 6360        |
|    policy_gradient_loss | -0.0013     |
|    value_loss           | 68.7        |
-----------------------------------------
------------------------------------------
| rollout/                |              |
|    ep_len_mean          | 222          |
|    ep_rew_mean          | 234          |
| time/                   |              |
|    fps                  | 338          |
|    iterations           | 638          |
|    time_elapsed         | 3863         |
|    total_timesteps      | 1306624      |
| train/                  |              |
|    approx_kl            | 0.0016789044 |
|    clip_fraction        | 0.056        |
|    clip_range           | 0.1          |
|    entropy_loss         | -0.413       |
|    explained_variance   | 0.924        |
|    learning_rate        | 0.00012      |
|    loss                 | 4.38         |
|    n_updates            | 6370         |
|    policy_gradient_loss | -0.000448    |
|    value_loss           | 51.2         |
------------------------------------------
-----------------------------------------
| rollout/                |             |
|    ep_len_mean          | 223         |
|    ep_rew_mean          | 232         |
| time/                   |             |
|    fps                  | 338         |
|    iterations           | 639         |
|    time_elapsed         | 3868        |
|    total_timesteps      | 1308672     |
| train/                  |             |
|    approx_kl            | 0.001834906 |
|    clip_fraction        | 0.0719      |
|    clip_range           | 0.1         |
|    entropy_loss         | -0.429      |
|    explained_variance   | 0.93        |
|    learning_rate        | 0.00012     |
|    loss                 | 6.68        |
|    n_updates            | 6380        |
|    policy_gradient_loss | -0.00223    |
|    value_loss           | 45.6        |
-----------------------------------------
------------------------------------------
| rollout/                |              |
|    ep_len_mean          | 222          |
|    ep_rew_mean          | 238          |
| time/                   |              |
|    fps                  | 338          |
|    iterations           | 640          |
|    time_elapsed         | 3874         |
|    total_timesteps      | 1310720      |
| train/                  |              |
|    approx_kl            | 0.0021152957 |
|    clip_fraction        | 0.0746       |
|    clip_range           | 0.1          |
|    entropy_loss         | -0.434       |
|    explained_variance   | 0.923        |
|    learning_rate        | 0.00012      |
|    loss                 | 9.85         |
|    n_updates            | 6390         |
|    policy_gradient_loss | -0.00209     |
|    value_loss           | 55.6         |
------------------------------------------
------------------------------------------
| rollout/                |              |
|    ep_len_mean          | 227          |
|    ep_rew_mean          | 247          |
| time/                   |              |
|    fps                  | 338          |
|    iterations           | 641          |
|    time_elapsed         | 3880         |
|    total_timesteps      | 1312768      |
| train/                  |              |
|    approx_kl            | 0.0041500833 |
|    clip_fraction        | 0.101        |
|    clip_range           | 0.1          |
|    entropy_loss         | -0.461       |
|    explained_variance   | 0.85         |
|    learning_rate        | 0.00012      |
|    loss                 | 30.6         |
|    n_updates            | 6400         |
|    policy_gradient_loss | -0.00166     |
|    value_loss           | 61.2         |
------------------------------------------
------------------------------------------
| rollout/                |              |
|    ep_len_mean          | 227          |
|    ep_rew_mean          | 244          |
| time/                   |              |
|    fps                  | 338          |
|    iterations           | 642          |
|    time_elapsed         | 3885         |
|    total_timesteps      | 1314816      |
| train/                  |              |
|    approx_kl            | 0.0021399662 |
|    clip_fraction        | 0.0648       |
|    clip_range           | 0.1          |
|    entropy_loss         | -0.418       |
|    explained_variance   | 0.877        |
|    learning_rate        | 0.00012      |
|    loss                 | 24.8         |
|    n_updates            | 6410         |
|    policy_gradient_loss | -1.24e-05    |
|    value_loss           | 32.8         |
------------------------------------------
------------------------------------------
| rollout/                |              |
|    ep_len_mean          | 226          |
|    ep_rew_mean          | 247          |
| time/                   |              |
|    fps                  | 338          |
|    iterations           | 643          |
|    time_elapsed         | 3891         |
|    total_timesteps      | 1316864      |
| train/                  |              |
|    approx_kl            | 0.0025131032 |
|    clip_fraction        | 0.0663       |
|    clip_range           | 0.1          |
|    entropy_loss         | -0.446       |
|    explained_variance   | 0.781        |
|    learning_rate        | 0.00012      |
|    loss                 | 5.41         |
|    n_updates            | 6420         |
|    policy_gradient_loss | -0.000975    |
|    value_loss           | 82.1         |
------------------------------------------
-----------------------------------------
| rollout/                |             |
|    ep_len_mean          | 215         |
|    ep_rew_mean          | 246         |
| time/                   |             |
|    fps                  | 338         |
|    iterations           | 644         |
|    time_elapsed         | 3898        |
|    total_timesteps      | 1318912     |
| train/                  |             |
|    approx_kl            | 0.004731925 |
|    clip_fraction        | 0.117       |
|    clip_range           | 0.1         |
|    entropy_loss         | -0.498      |
|    explained_variance   | 0.882       |
|    learning_rate        | 0.00012     |
|    loss                 | 2.88        |
|    n_updates            | 6430        |
|    policy_gradient_loss | -0.00168    |
|    value_loss           | 40.3        |
-----------------------------------------
Eval num_timesteps=1320000, episode_reward=276.63 +/- 14.90
Episode length: 228.60 +/- 25.90
-----------------------------------------
| eval/                   |             |
|    mean_ep_length       | 229         |
|    mean_reward          | 277         |
| time/                   |             |
|    total_timesteps      | 1320000     |
| train/                  |             |
|    approx_kl            | 0.000674513 |
|    clip_fraction        | 0.049       |
|    clip_range           | 0.1         |
|    entropy_loss         | -0.389      |
|    explained_variance   | 0.954       |
|    learning_rate        | 0.00012     |
|    loss                 | 13.3        |
|    n_updates            | 6440        |
|    policy_gradient_loss | -0.000701   |
|    value_loss           | 32.3        |
-----------------------------------------
---------------------------------
| rollout/           |          |
|    ep_len_mean     | 214      |
|    ep_rew_mean     | 247      |
| time/              |          |
|    fps             | 338      |
|    iterations      | 645      |
|    time_elapsed    | 3905     |
|    total_timesteps | 1320960  |
---------------------------------
------------------------------------------
| rollout/                |              |
|    ep_len_mean          | 214          |
|    ep_rew_mean          | 245          |
| time/                   |              |
|    fps                  | 338          |
|    iterations           | 646          |
|    time_elapsed         | 3910         |
|    total_timesteps      | 1323008      |
| train/                  |              |
|    approx_kl            | 0.0014397015 |
|    clip_fraction        | 0.0849       |
|    clip_range           | 0.1          |
|    entropy_loss         | -0.396       |
|    explained_variance   | 0.981        |
|    learning_rate        | 0.00012      |
|    loss                 | 3            |
|    n_updates            | 6450         |
|    policy_gradient_loss | -0.0012      |
|    value_loss           | 39           |
------------------------------------------
------------------------------------------
| rollout/                |              |
|    ep_len_mean          | 209          |
|    ep_rew_mean          | 248          |
| time/                   |              |
|    fps                  | 338          |
|    iterations           | 647          |
|    time_elapsed         | 3917         |
|    total_timesteps      | 1325056      |
| train/                  |              |
|    approx_kl            | 0.0022502956 |
|    clip_fraction        | 0.0783       |
|    clip_range           | 0.1          |
|    entropy_loss         | -0.451       |
|    explained_variance   | 0.883        |
|    learning_rate        | 0.00012      |
|    loss                 | 31.8         |
|    n_updates            | 6460         |
|    policy_gradient_loss | -0.00123     |
|    value_loss           | 70.9         |
------------------------------------------
------------------------------------------
| rollout/                |              |
|    ep_len_mean          | 208          |
|    ep_rew_mean          | 250          |
| time/                   |              |
|    fps                  | 338          |
|    iterations           | 648          |
|    time_elapsed         | 3923         |
|    total_timesteps      | 1327104      |
| train/                  |              |
|    approx_kl            | 0.0016735758 |
|    clip_fraction        | 0.0998       |
|    clip_range           | 0.1          |
|    entropy_loss         | -0.505       |
|    explained_variance   | 0.927        |
|    learning_rate        | 0.00012      |
|    loss                 | 7.24         |
|    n_updates            | 6470         |
|    policy_gradient_loss | -0.00109     |
|    value_loss           | 37.4         |
------------------------------------------
------------------------------------------
| rollout/                |              |
|    ep_len_mean          | 207          |
|    ep_rew_mean          | 249          |
| time/                   |              |
|    fps                  | 338          |
|    iterations           | 649          |
|    time_elapsed         | 3929         |
|    total_timesteps      | 1329152      |
| train/                  |              |
|    approx_kl            | 0.0018104159 |
|    clip_fraction        | 0.0771       |
|    clip_range           | 0.1          |
|    entropy_loss         | -0.491       |
|    explained_variance   | 0.817        |
|    learning_rate        | 0.00012      |
|    loss                 | 6.14         |
|    n_updates            | 6480         |
|    policy_gradient_loss | -3.71e-05    |
|    value_loss           | 66.6         |
------------------------------------------
------------------------------------------
| rollout/                |              |
|    ep_len_mean          | 207          |
|    ep_rew_mean          | 249          |
| time/                   |              |
|    fps                  | 338          |
|    iterations           | 650          |
|    time_elapsed         | 3935         |
|    total_timesteps      | 1331200      |
| train/                  |              |
|    approx_kl            | 0.0014087389 |
|    clip_fraction        | 0.0612       |
|    clip_range           | 0.1          |
|    entropy_loss         | -0.474       |
|    explained_variance   | 0.909        |
|    learning_rate        | 0.00012      |
|    loss                 | 18.4         |
|    n_updates            | 6490         |
|    policy_gradient_loss | -0.000552    |
|    value_loss           | 38.3         |
------------------------------------------
-----------------------------------------
| rollout/                |             |
|    ep_len_mean          | 205         |
|    ep_rew_mean          | 245         |
| time/                   |             |
|    fps                  | 338         |
|    iterations           | 651         |
|    time_elapsed         | 3941        |
|    total_timesteps      | 1333248     |
| train/                  |             |
|    approx_kl            | 0.001234681 |
|    clip_fraction        | 0.0622      |
|    clip_range           | 0.1         |
|    entropy_loss         | -0.479      |
|    explained_variance   | 0.954       |
|    learning_rate        | 0.00012     |
|    loss                 | 8.41        |
|    n_updates            | 6500        |
|    policy_gradient_loss | 7.3e-05     |
|    value_loss           | 18.2        |
-----------------------------------------
------------------------------------------
| rollout/                |              |
|    ep_len_mean          | 209          |
|    ep_rew_mean          | 237          |
| time/                   |              |
|    fps                  | 338          |
|    iterations           | 652          |
|    time_elapsed         | 3947         |
|    total_timesteps      | 1335296      |
| train/                  |              |
|    approx_kl            | 0.0022096648 |
|    clip_fraction        | 0.0902       |
|    clip_range           | 0.1          |
|    entropy_loss         | -0.517       |
|    explained_variance   | 0.975        |
|    learning_rate        | 0.00012      |
|    loss                 | 14.3         |
|    n_updates            | 6510         |
|    policy_gradient_loss | -0.000702    |
|    value_loss           | 49.4         |
------------------------------------------
-----------------------------------------
| rollout/                |             |
|    ep_len_mean          | 207         |
|    ep_rew_mean          | 231         |
| time/                   |             |
|    fps                  | 338         |
|    iterations           | 653         |
|    time_elapsed         | 3954        |
|    total_timesteps      | 1337344     |
| train/                  |             |
|    approx_kl            | 0.001155757 |
|    clip_fraction        | 0.071       |
|    clip_range           | 0.1         |
|    entropy_loss         | -0.496      |
|    explained_variance   | 0.967       |
|    learning_rate        | 0.00012     |
|    loss                 | 5.72        |
|    n_updates            | 6520        |
|    policy_gradient_loss | -0.000692   |
|    value_loss           | 34.4        |
-----------------------------------------
------------------------------------------
| rollout/                |              |
|    ep_len_mean          | 208          |
|    ep_rew_mean          | 235          |
| time/                   |              |
|    fps                  | 338          |
|    iterations           | 654          |
|    time_elapsed         | 3960         |
|    total_timesteps      | 1339392      |
| train/                  |              |
|    approx_kl            | 0.0023635887 |
|    clip_fraction        | 0.0917       |
|    clip_range           | 0.1          |
|    entropy_loss         | -0.465       |
|    explained_variance   | 0.945        |
|    learning_rate        | 0.00012      |
|    loss                 | 45.3         |
|    n_updates            | 6530         |
|    policy_gradient_loss | -0.00128     |
|    value_loss           | 40.8         |
------------------------------------------
Eval num_timesteps=1340000, episode_reward=280.49 +/- 16.23
Episode length: 224.80 +/- 23.40
------------------------------------------
| eval/                   |              |
|    mean_ep_length       | 225          |
|    mean_reward          | 280          |
| time/                   |              |
|    total_timesteps      | 1340000      |
| train/                  |              |
|    approx_kl            | 0.0022643593 |
|    clip_fraction        | 0.0628       |
|    clip_range           | 0.1          |
|    entropy_loss         | -0.436       |
|    explained_variance   | 0.923        |
|    learning_rate        | 0.00012      |
|    loss                 | 9.13         |
|    n_updates            | 6540         |
|    policy_gradient_loss | -0.000826    |
|    value_loss           | 27.3         |
------------------------------------------
---------------------------------
| rollout/           |          |
|    ep_len_mean     | 196      |
|    ep_rew_mean     | 233      |
| time/              |          |
|    fps             | 338      |
|    iterations      | 655      |
|    time_elapsed    | 3967     |
|    total_timesteps | 1341440  |
---------------------------------
------------------------------------------
| rollout/                |              |
|    ep_len_mean          | 196          |
|    ep_rew_mean          | 234          |
| time/                   |              |
|    fps                  | 338          |
|    iterations           | 656          |
|    time_elapsed         | 3973         |
|    total_timesteps      | 1343488      |
| train/                  |              |
|    approx_kl            | 0.0021587643 |
|    clip_fraction        | 0.0961       |
|    clip_range           | 0.1          |
|    entropy_loss         | -0.508       |
|    explained_variance   | 0.889        |
|    learning_rate        | 0.00012      |
|    loss                 | 5.13         |
|    n_updates            | 6550         |
|    policy_gradient_loss | -0.00109     |
|    value_loss           | 33.2         |
------------------------------------------
-----------------------------------------
| rollout/                |             |
|    ep_len_mean          | 202         |
|    ep_rew_mean          | 240         |
| time/                   |             |
|    fps                  | 338         |
|    iterations           | 657         |
|    time_elapsed         | 3980        |
|    total_timesteps      | 1345536     |
| train/                  |             |
|    approx_kl            | 0.001801738 |
|    clip_fraction        | 0.0728      |
|    clip_range           | 0.1         |
|    entropy_loss         | -0.436      |
|    explained_variance   | 0.954       |
|    learning_rate        | 0.00012     |
|    loss                 | 7.25        |
|    n_updates            | 6560        |
|    policy_gradient_loss | -0.000668   |
|    value_loss           | 18.7        |
-----------------------------------------
------------------------------------------
| rollout/                |              |
|    ep_len_mean          | 201          |
|    ep_rew_mean          | 236          |
| time/                   |              |
|    fps                  | 338          |
|    iterations           | 658          |
|    time_elapsed         | 3986         |
|    total_timesteps      | 1347584      |
| train/                  |              |
|    approx_kl            | 0.0019411942 |
|    clip_fraction        | 0.0611       |
|    clip_range           | 0.1          |
|    entropy_loss         | -0.455       |
|    explained_variance   | 0.903        |
|    learning_rate        | 0.00012      |
|    loss                 | 16.7         |
|    n_updates            | 6570         |
|    policy_gradient_loss | -0.000706    |
|    value_loss           | 49.8         |
------------------------------------------
------------------------------------------
| rollout/                |              |
|    ep_len_mean          | 204          |
|    ep_rew_mean          | 234          |
| time/                   |              |
|    fps                  | 338          |
|    iterations           | 659          |
|    time_elapsed         | 3992         |
|    total_timesteps      | 1349632      |
| train/                  |              |
|    approx_kl            | 0.0018069664 |
|    clip_fraction        | 0.0517       |
|    clip_range           | 0.1          |
|    entropy_loss         | -0.445       |
|    explained_variance   | 0.934        |
|    learning_rate        | 0.00012      |
|    loss                 | 7.94         |
|    n_updates            | 6580         |
|    policy_gradient_loss | -0.000802    |
|    value_loss           | 39           |
------------------------------------------
------------------------------------------
| rollout/                |              |
|    ep_len_mean          | 202          |
|    ep_rew_mean          | 230          |
| time/                   |              |
|    fps                  | 338          |
|    iterations           | 660          |
|    time_elapsed         | 3998         |
|    total_timesteps      | 1351680      |
| train/                  |              |
|    approx_kl            | 0.0015899354 |
|    clip_fraction        | 0.0559       |
|    clip_range           | 0.1          |
|    entropy_loss         | -0.394       |
|    explained_variance   | 0.886        |
|    learning_rate        | 0.00012      |
|    loss                 | 78.7         |
|    n_updates            | 6590         |
|    policy_gradient_loss | -0.000646    |
|    value_loss           | 66.9         |
------------------------------------------
------------------------------------------
| rollout/                |              |
|    ep_len_mean          | 193          |
|    ep_rew_mean          | 222          |
| time/                   |              |
|    fps                  | 338          |
|    iterations           | 661          |
|    time_elapsed         | 4004         |
|    total_timesteps      | 1353728      |
| train/                  |              |
|    approx_kl            | 0.0014372059 |
|    clip_fraction        | 0.0594       |
|    clip_range           | 0.1          |
|    entropy_loss         | -0.435       |
|    explained_variance   | 0.903        |
|    learning_rate        | 0.00012      |
|    loss                 | 18.3         |
|    n_updates            | 6600         |
|    policy_gradient_loss | -0.000229    |
|    value_loss           | 72           |
------------------------------------------
------------------------------------------
| rollout/                |              |
|    ep_len_mean          | 201          |
|    ep_rew_mean          | 221          |
| time/                   |              |
|    fps                  | 338          |
|    iterations           | 662          |
|    time_elapsed         | 4010         |
|    total_timesteps      | 1355776      |
| train/                  |              |
|    approx_kl            | 0.0014492591 |
|    clip_fraction        | 0.0507       |
|    clip_range           | 0.1          |
|    entropy_loss         | -0.454       |
|    explained_variance   | 0.845        |
|    learning_rate        | 0.00012      |
|    loss                 | 7.48         |
|    n_updates            | 6610         |
|    policy_gradient_loss | -0.000793    |
|    value_loss           | 130          |
------------------------------------------
-----------------------------------------
| rollout/                |             |
|    ep_len_mean          | 210         |
|    ep_rew_mean          | 222         |
| time/                   |             |
|    fps                  | 338         |
|    iterations           | 663         |
|    time_elapsed         | 4017        |
|    total_timesteps      | 1357824     |
| train/                  |             |
|    approx_kl            | 0.004472109 |
|    clip_fraction        | 0.102       |
|    clip_range           | 0.1         |
|    entropy_loss         | -0.354      |
|    explained_variance   | 0.945       |
|    learning_rate        | 0.00012     |
|    loss                 | 3.37        |
|    n_updates            | 6620        |
|    policy_gradient_loss | -0.000313   |
|    value_loss           | 16.8        |
-----------------------------------------
------------------------------------------
| rollout/                |              |
|    ep_len_mean          | 209          |
|    ep_rew_mean          | 215          |
| time/                   |              |
|    fps                  | 338          |
|    iterations           | 664          |
|    time_elapsed         | 4023         |
|    total_timesteps      | 1359872      |
| train/                  |              |
|    approx_kl            | 0.0021886528 |
|    clip_fraction        | 0.0667       |
|    clip_range           | 0.1          |
|    entropy_loss         | -0.525       |
|    explained_variance   | 0.95         |
|    learning_rate        | 0.00012      |
|    loss                 | 25.4         |
|    n_updates            | 6630         |
|    policy_gradient_loss | -0.000407    |
|    value_loss           | 42.6         |
------------------------------------------
Eval num_timesteps=1360000, episode_reward=222.17 +/- 95.48
Episode length: 194.20 +/- 21.24
------------------------------------------
| eval/                   |              |
|    mean_ep_length       | 194          |
|    mean_reward          | 222          |
| time/                   |              |
|    total_timesteps      | 1360000      |
| train/                  |              |
|    approx_kl            | 0.0020147106 |
|    clip_fraction        | 0.0658       |
|    clip_range           | 0.1          |
|    entropy_loss         | -0.474       |
|    explained_variance   | 0.961        |
|    learning_rate        | 0.00012      |
|    loss                 | 10           |
|    n_updates            | 6640         |
|    policy_gradient_loss | -9.25e-05    |
|    value_loss           | 64.6         |
------------------------------------------
---------------------------------
| rollout/           |          |
|    ep_len_mean     | 209      |
|    ep_rew_mean     | 204      |
| time/              |          |
|    fps             | 337      |
|    iterations      | 665      |
|    time_elapsed    | 4030     |
|    total_timesteps | 1361920  |
---------------------------------
------------------------------------------
| rollout/                |              |
|    ep_len_mean          | 210          |
|    ep_rew_mean          | 199          |
| time/                   |              |
|    fps                  | 337          |
|    iterations           | 666          |
|    time_elapsed         | 4036         |
|    total_timesteps      | 1363968      |
| train/                  |              |
|    approx_kl            | 0.0015859171 |
|    clip_fraction        | 0.0606       |
|    clip_range           | 0.1          |
|    entropy_loss         | -0.471       |
|    explained_variance   | 0.936        |
|    learning_rate        | 0.00012      |
|    loss                 | 15.4         |
|    n_updates            | 6650         |
|    policy_gradient_loss | -0.00143     |
|    value_loss           | 62.7         |
------------------------------------------
-----------------------------------------
| rollout/                |             |
|    ep_len_mean          | 209         |
|    ep_rew_mean          | 201         |
| time/                   |             |
|    fps                  | 337         |
|    iterations           | 667         |
|    time_elapsed         | 4043        |
|    total_timesteps      | 1366016     |
| train/                  |             |
|    approx_kl            | 0.001754731 |
|    clip_fraction        | 0.0545      |
|    clip_range           | 0.1         |
|    entropy_loss         | -0.484      |
|    explained_variance   | 0.961       |
|    learning_rate        | 0.00012     |
|    loss                 | 74.4        |
|    n_updates            | 6660        |
|    policy_gradient_loss | -0.00203    |
|    value_loss           | 83.4        |
-----------------------------------------
-----------------------------------------
| rollout/                |             |
|    ep_len_mean          | 211         |
|    ep_rew_mean          | 204         |
| time/                   |             |
|    fps                  | 337         |
|    iterations           | 668         |
|    time_elapsed         | 4049        |
|    total_timesteps      | 1368064     |
| train/                  |             |
|    approx_kl            | 0.002856373 |
|    clip_fraction        | 0.0884      |
|    clip_range           | 0.1         |
|    entropy_loss         | -0.48       |
|    explained_variance   | 0.915       |
|    learning_rate        | 0.00012     |
|    loss                 | 12.1        |
|    n_updates            | 6670        |
|    policy_gradient_loss | -0.00145    |
|    value_loss           | 64.8        |
-----------------------------------------
------------------------------------------
| rollout/                |              |
|    ep_len_mean          | 206          |
|    ep_rew_mean          | 198          |
| time/                   |              |
|    fps                  | 337          |
|    iterations           | 669          |
|    time_elapsed         | 4055         |
|    total_timesteps      | 1370112      |
| train/                  |              |
|    approx_kl            | 0.0014867693 |
|    clip_fraction        | 0.0785       |
|    clip_range           | 0.1          |
|    entropy_loss         | -0.444       |
|    explained_variance   | 0.916        |
|    learning_rate        | 0.00012      |
|    loss                 | 11.3         |
|    n_updates            | 6680         |
|    policy_gradient_loss | -0.00129     |
|    value_loss           | 25.9         |
------------------------------------------
----------------------------------------
| rollout/                |            |
|    ep_len_mean          | 203        |
|    ep_rew_mean          | 197        |
| time/                   |            |
|    fps                  | 337        |
|    iterations           | 670        |
|    time_elapsed         | 4061       |
|    total_timesteps      | 1372160    |
| train/                  |            |
|    approx_kl            | 0.00200528 |
|    clip_fraction        | 0.0757     |
|    clip_range           | 0.1        |
|    entropy_loss         | -0.502     |
|    explained_variance   | 0.934      |
|    learning_rate        | 0.00012    |
|    loss                 | 7.21       |
|    n_updates            | 6690       |
|    policy_gradient_loss | -0.000367  |
|    value_loss           | 48         |
----------------------------------------
------------------------------------------
| rollout/                |              |
|    ep_len_mean          | 203          |
|    ep_rew_mean          | 203          |
| time/                   |              |
|    fps                  | 337          |
|    iterations           | 671          |
|    time_elapsed         | 4067         |
|    total_timesteps      | 1374208      |
| train/                  |              |
|    approx_kl            | 0.0012857012 |
|    clip_fraction        | 0.0624       |
|    clip_range           | 0.1          |
|    entropy_loss         | -0.434       |
|    explained_variance   | 0.853        |
|    learning_rate        | 0.00012      |
|    loss                 | 10.6         |
|    n_updates            | 6700         |
|    policy_gradient_loss | -0.00107     |
|    value_loss           | 119          |
------------------------------------------
-----------------------------------------
| rollout/                |             |
|    ep_len_mean          | 187         |
|    ep_rew_mean          | 205         |
| time/                   |             |
|    fps                  | 337         |
|    iterations           | 672         |
|    time_elapsed         | 4073        |
|    total_timesteps      | 1376256     |
| train/                  |             |
|    approx_kl            | 0.002514124 |
|    clip_fraction        | 0.0836      |
|    clip_range           | 0.1         |
|    entropy_loss         | -0.499      |
|    explained_variance   | 0.928       |
|    learning_rate        | 0.00012     |
|    loss                 | 28.7        |
|    n_updates            | 6710        |
|    policy_gradient_loss | -0.00174    |
|    value_loss           | 67.4        |
-----------------------------------------
------------------------------------------
| rollout/                |              |
|    ep_len_mean          | 188          |
|    ep_rew_mean          | 206          |
| time/                   |              |
|    fps                  | 337          |
|    iterations           | 673          |
|    time_elapsed         | 4080         |
|    total_timesteps      | 1378304      |
| train/                  |              |
|    approx_kl            | 0.0014506386 |
|    clip_fraction        | 0.0555       |
|    clip_range           | 0.1          |
|    entropy_loss         | -0.466       |
|    explained_variance   | 0.899        |
|    learning_rate        | 0.00012      |
|    loss                 | 50.3         |
|    n_updates            | 6720         |
|    policy_gradient_loss | -0.00234     |
|    value_loss           | 113          |
------------------------------------------
Eval num_timesteps=1380000, episode_reward=211.22 +/- 110.46
Episode length: 198.80 +/- 19.85
-----------------------------------------
| eval/                   |             |
|    mean_ep_length       | 199         |
|    mean_reward          | 211         |
| time/                   |             |
|    total_timesteps      | 1380000     |
| train/                  |             |
|    approx_kl            | 0.001760304 |
|    clip_fraction        | 0.0905      |
|    clip_range           | 0.1         |
|    entropy_loss         | -0.484      |
|    explained_variance   | 0.923       |
|    learning_rate        | 0.00012     |
|    loss                 | 7.47        |
|    n_updates            | 6730        |
|    policy_gradient_loss | -0.00215    |
|    value_loss           | 61.4        |
-----------------------------------------
---------------------------------
| rollout/           |          |
|    ep_len_mean     | 187      |
|    ep_rew_mean     | 212      |
| time/              |          |
|    fps             | 337      |
|    iterations      | 674      |
|    time_elapsed    | 4087     |
|    total_timesteps | 1380352  |
---------------------------------
------------------------------------------
| rollout/                |              |
|    ep_len_mean          | 203          |
|    ep_rew_mean          | 209          |
| time/                   |              |
|    fps                  | 337          |
|    iterations           | 675          |
|    time_elapsed         | 4093         |
|    total_timesteps      | 1382400      |
| train/                  |              |
|    approx_kl            | 0.0022850595 |
|    clip_fraction        | 0.066        |
|    clip_range           | 0.1          |
|    entropy_loss         | -0.458       |
|    explained_variance   | 0.935        |
|    learning_rate        | 0.00012      |
|    loss                 | 57.5         |
|    n_updates            | 6740         |
|    policy_gradient_loss | -0.00106     |
|    value_loss           | 69.4         |
------------------------------------------
----------------------------------------
| rollout/                |            |
|    ep_len_mean          | 201        |
|    ep_rew_mean          | 207        |
| time/                   |            |
|    fps                  | 337        |
|    iterations           | 676        |
|    time_elapsed         | 4099       |
|    total_timesteps      | 1384448    |
| train/                  |            |
|    approx_kl            | 0.00872328 |
|    clip_fraction        | 0.436      |
|    clip_range           | 0.1        |
|    entropy_loss         | -0.649     |
|    explained_variance   | 0.961      |
|    learning_rate        | 0.00012    |
|    loss                 | 12.6       |
|    n_updates            | 6750       |
|    policy_gradient_loss | 0.000425   |
|    value_loss           | 19.7       |
----------------------------------------
------------------------------------------
| rollout/                |              |
|    ep_len_mean          | 210          |
|    ep_rew_mean          | 209          |
| time/                   |              |
|    fps                  | 337          |
|    iterations           | 677          |
|    time_elapsed         | 4105         |
|    total_timesteps      | 1386496      |
| train/                  |              |
|    approx_kl            | 0.0009905255 |
|    clip_fraction        | 0.11         |
|    clip_range           | 0.1          |
|    entropy_loss         | -0.449       |
|    explained_variance   | 0.932        |
|    learning_rate        | 0.00012      |
|    loss                 | 12.7         |
|    n_updates            | 6760         |
|    policy_gradient_loss | -0.000351    |
|    value_loss           | 97.8         |
------------------------------------------
------------------------------------------
| rollout/                |              |
|    ep_len_mean          | 208          |
|    ep_rew_mean          | 206          |
| time/                   |              |
|    fps                  | 337          |
|    iterations           | 678          |
|    time_elapsed         | 4112         |
|    total_timesteps      | 1388544      |
| train/                  |              |
|    approx_kl            | 0.0021190613 |
|    clip_fraction        | 0.0701       |
|    clip_range           | 0.1          |
|    entropy_loss         | -0.473       |
|    explained_variance   | 0.863        |
|    learning_rate        | 0.00012      |
|    loss                 | 6.78         |
|    n_updates            | 6770         |
|    policy_gradient_loss | -0.00189     |
|    value_loss           | 88.4         |
------------------------------------------
------------------------------------------
| rollout/                |              |
|    ep_len_mean          | 207          |
|    ep_rew_mean          | 202          |
| time/                   |              |
|    fps                  | 337          |
|    iterations           | 679          |
|    time_elapsed         | 4118         |
|    total_timesteps      | 1390592      |
| train/                  |              |
|    approx_kl            | 0.0019793164 |
|    clip_fraction        | 0.0651       |
|    clip_range           | 0.1          |
|    entropy_loss         | -0.471       |
|    explained_variance   | 0.946        |
|    learning_rate        | 0.00012      |
|    loss                 | 30           |
|    n_updates            | 6780         |
|    policy_gradient_loss | -0.00192     |
|    value_loss           | 77.3         |
------------------------------------------
------------------------------------------
| rollout/                |              |
|    ep_len_mean          | 210          |
|    ep_rew_mean          | 202          |
| time/                   |              |
|    fps                  | 337          |
|    iterations           | 680          |
|    time_elapsed         | 4124         |
|    total_timesteps      | 1392640      |
| train/                  |              |
|    approx_kl            | 0.0016169632 |
|    clip_fraction        | 0.0794       |
|    clip_range           | 0.1          |
|    entropy_loss         | -0.456       |
|    explained_variance   | 0.934        |
|    learning_rate        | 0.00012      |
|    loss                 | 19           |
|    n_updates            | 6790         |
|    policy_gradient_loss | -0.000574    |
|    value_loss           | 55.6         |
------------------------------------------
------------------------------------------
| rollout/                |              |
|    ep_len_mean          | 211          |
|    ep_rew_mean          | 198          |
| time/                   |              |
|    fps                  | 337          |
|    iterations           | 681          |
|    time_elapsed         | 4130         |
|    total_timesteps      | 1394688      |
| train/                  |              |
|    approx_kl            | 0.0016011355 |
|    clip_fraction        | 0.0564       |
|    clip_range           | 0.1          |
|    entropy_loss         | -0.423       |
|    explained_variance   | 0.886        |
|    learning_rate        | 0.00012      |
|    loss                 | 21.9         |
|    n_updates            | 6800         |
|    policy_gradient_loss | -0.00294     |
|    value_loss           | 89.9         |
------------------------------------------
-----------------------------------------
| rollout/                |             |
|    ep_len_mean          | 220         |
|    ep_rew_mean          | 199         |
| time/                   |             |
|    fps                  | 337         |
|    iterations           | 682         |
|    time_elapsed         | 4136        |
|    total_timesteps      | 1396736     |
| train/                  |             |
|    approx_kl            | 0.001221093 |
|    clip_fraction        | 0.0452      |
|    clip_range           | 0.1         |
|    entropy_loss         | -0.498      |
|    explained_variance   | 0.792       |
|    learning_rate        | 0.00012     |
|    loss                 | 27.4        |
|    n_updates            | 6810        |
|    policy_gradient_loss | -0.000449   |
|    value_loss           | 96.4        |
-----------------------------------------
-----------------------------------------
| rollout/                |             |
|    ep_len_mean          | 222         |
|    ep_rew_mean          | 204         |
| time/                   |             |
|    fps                  | 337         |
|    iterations           | 683         |
|    time_elapsed         | 4143        |
|    total_timesteps      | 1398784     |
| train/                  |             |
|    approx_kl            | 0.001539465 |
|    clip_fraction        | 0.0702      |
|    clip_range           | 0.1         |
|    entropy_loss         | -0.416      |
|    explained_variance   | 0.952       |
|    learning_rate        | 0.00012     |
|    loss                 | 20.2        |
|    n_updates            | 6820        |
|    policy_gradient_loss | -0.00222    |
|    value_loss           | 41.5        |
-----------------------------------------
Eval num_timesteps=1400000, episode_reward=274.75 +/- 3.48
Episode length: 236.00 +/- 23.26
------------------------------------------
| eval/                   |              |
|    mean_ep_length       | 236          |
|    mean_reward          | 275          |
| time/                   |              |
|    total_timesteps      | 1400000      |
| train/                  |              |
|    approx_kl            | 0.0016026641 |
|    clip_fraction        | 0.0692       |
|    clip_range           | 0.1          |
|    entropy_loss         | -0.519       |
|    explained_variance   | 0.901        |
|    learning_rate        | 0.00012      |
|    loss                 | 17.3         |
|    n_updates            | 6830         |
|    policy_gradient_loss | -2.27e-06    |
|    value_loss           | 45.1         |
------------------------------------------
---------------------------------
| rollout/           |          |
|    ep_len_mean     | 230      |
|    ep_rew_mean     | 202      |
| time/              |          |
|    fps             | 337      |
|    iterations      | 684      |
|    time_elapsed    | 4150     |
|    total_timesteps | 1400832  |
---------------------------------
----------------------------------------
| rollout/                |            |
|    ep_len_mean          | 236        |
|    ep_rew_mean          | 191        |
| time/                   |            |
|    fps                  | 337        |
|    iterations           | 685        |
|    time_elapsed         | 4156       |
|    total_timesteps      | 1402880    |
| train/                  |            |
|    approx_kl            | 0.00698765 |
|    clip_fraction        | 0.113      |
|    clip_range           | 0.1        |
|    entropy_loss         | -0.498     |
|    explained_variance   | 0.964      |
|    learning_rate        | 0.00012    |
|    loss                 | 5.45       |
|    n_updates            | 6840       |
|    policy_gradient_loss | 2.69e-05   |
|    value_loss           | 60.4       |
----------------------------------------
------------------------------------------
| rollout/                |              |
|    ep_len_mean          | 221          |
|    ep_rew_mean          | 196          |
| time/                   |              |
|    fps                  | 337          |
|    iterations           | 686          |
|    time_elapsed         | 4162         |
|    total_timesteps      | 1404928      |
| train/                  |              |
|    approx_kl            | 0.0026826924 |
|    clip_fraction        | 0.0857       |
|    clip_range           | 0.1          |
|    entropy_loss         | -0.566       |
|    explained_variance   | 0.937        |
|    learning_rate        | 0.00012      |
|    loss                 | 5.59         |
|    n_updates            | 6850         |
|    policy_gradient_loss | -0.00259     |
|    value_loss           | 52           |
------------------------------------------
------------------------------------------
| rollout/                |              |
|    ep_len_mean          | 215          |
|    ep_rew_mean          | 203          |
| time/                   |              |
|    fps                  | 337          |
|    iterations           | 687          |
|    time_elapsed         | 4169         |
|    total_timesteps      | 1406976      |
| train/                  |              |
|    approx_kl            | 0.0030976885 |
|    clip_fraction        | 0.099        |
|    clip_range           | 0.1          |
|    entropy_loss         | -0.456       |
|    explained_variance   | 0.871        |
|    learning_rate        | 0.00012      |
|    loss                 | 11.6         |
|    n_updates            | 6860         |
|    policy_gradient_loss | -0.00203     |
|    value_loss           | 86.8         |
------------------------------------------
------------------------------------------
| rollout/                |              |
|    ep_len_mean          | 219          |
|    ep_rew_mean          | 194          |
| time/                   |              |
|    fps                  | 337          |
|    iterations           | 688          |
|    time_elapsed         | 4175         |
|    total_timesteps      | 1409024      |
| train/                  |              |
|    approx_kl            | 0.0029476183 |
|    clip_fraction        | 0.124        |
|    clip_range           | 0.1          |
|    entropy_loss         | -0.507       |
|    explained_variance   | 0.953        |
|    learning_rate        | 0.00012      |
|    loss                 | 19.9         |
|    n_updates            | 6870         |
|    policy_gradient_loss | -0.000735    |
|    value_loss           | 42.1         |
------------------------------------------
------------------------------------------
| rollout/                |              |
|    ep_len_mean          | 226          |
|    ep_rew_mean          | 193          |
| time/                   |              |
|    fps                  | 337          |
|    iterations           | 689          |
|    time_elapsed         | 4181         |
|    total_timesteps      | 1411072      |
| train/                  |              |
|    approx_kl            | 0.0019741096 |
|    clip_fraction        | 0.074        |
|    clip_range           | 0.1          |
|    entropy_loss         | -0.557       |
|    explained_variance   | 0.944        |
|    learning_rate        | 0.00012      |
|    loss                 | 3.43         |
|    n_updates            | 6880         |
|    policy_gradient_loss | -0.00232     |
|    value_loss           | 88.5         |
------------------------------------------
------------------------------------------
| rollout/                |              |
|    ep_len_mean          | 228          |
|    ep_rew_mean          | 200          |
| time/                   |              |
|    fps                  | 337          |
|    iterations           | 690          |
|    time_elapsed         | 4186         |
|    total_timesteps      | 1413120      |
| train/                  |              |
|    approx_kl            | 0.0028154487 |
|    clip_fraction        | 0.158        |
|    clip_range           | 0.1          |
|    entropy_loss         | -0.538       |
|    explained_variance   | 0.98         |
|    learning_rate        | 0.00012      |
|    loss                 | 9.89         |
|    n_updates            | 6890         |
|    policy_gradient_loss | 0.000323     |
|    value_loss           | 14           |
------------------------------------------
------------------------------------------
| rollout/                |              |
|    ep_len_mean          | 224          |
|    ep_rew_mean          | 202          |
| time/                   |              |
|    fps                  | 337          |
|    iterations           | 691          |
|    time_elapsed         | 4192         |
|    total_timesteps      | 1415168      |
| train/                  |              |
|    approx_kl            | 0.0023398264 |
|    clip_fraction        | 0.0891       |
|    clip_range           | 0.1          |
|    entropy_loss         | -0.525       |
|    explained_variance   | 0.906        |
|    learning_rate        | 0.00012      |
|    loss                 | 4.72         |
|    n_updates            | 6900         |
|    policy_gradient_loss | -0.00107     |
|    value_loss           | 58.3         |
------------------------------------------
-----------------------------------------
| rollout/                |             |
|    ep_len_mean          | 234         |
|    ep_rew_mean          | 206         |
| time/                   |             |
|    fps                  | 337         |
|    iterations           | 692         |
|    time_elapsed         | 4198        |
|    total_timesteps      | 1417216     |
| train/                  |             |
|    approx_kl            | 0.002442722 |
|    clip_fraction        | 0.0828      |
|    clip_range           | 0.1         |
|    entropy_loss         | -0.519      |
|    explained_variance   | 0.923       |
|    learning_rate        | 0.00012     |
|    loss                 | 9.63        |
|    n_updates            | 6910        |
|    policy_gradient_loss | -0.000195   |
|    value_loss           | 46.9        |
-----------------------------------------
-----------------------------------------
| rollout/                |             |
|    ep_len_mean          | 226         |
|    ep_rew_mean          | 210         |
| time/                   |             |
|    fps                  | 337         |
|    iterations           | 693         |
|    time_elapsed         | 4203        |
|    total_timesteps      | 1419264     |
| train/                  |             |
|    approx_kl            | 0.002778409 |
|    clip_fraction        | 0.13        |
|    clip_range           | 0.1         |
|    entropy_loss         | -0.564      |
|    explained_variance   | 0.983       |
|    learning_rate        | 0.00012     |
|    loss                 | 2.55        |
|    n_updates            | 6920        |
|    policy_gradient_loss | 0.000416    |
|    value_loss           | 17.1        |
-----------------------------------------
Eval num_timesteps=1420000, episode_reward=261.50 +/- 15.97
Episode length: 212.00 +/- 18.09
-----------------------------------------
| eval/                   |             |
|    mean_ep_length       | 212         |
|    mean_reward          | 262         |
| time/                   |             |
|    total_timesteps      | 1420000     |
| train/                  |             |
|    approx_kl            | 0.001363862 |
|    clip_fraction        | 0.0641      |
|    clip_range           | 0.1         |
|    entropy_loss         | -0.451      |
|    explained_variance   | 0.95        |
|    learning_rate        | 0.00012     |
|    loss                 | 26.3        |
|    n_updates            | 6930        |
|    policy_gradient_loss | -0.000722   |
|    value_loss           | 31.7        |
-----------------------------------------
---------------------------------
| rollout/           |          |
|    ep_len_mean     | 226      |
|    ep_rew_mean     | 212      |
| time/              |          |
|    fps             | 337      |
|    iterations      | 694      |
|    time_elapsed    | 4210     |
|    total_timesteps | 1421312  |
---------------------------------
------------------------------------------
| rollout/                |              |
|    ep_len_mean          | 228          |
|    ep_rew_mean          | 217          |
| time/                   |              |
|    fps                  | 337          |
|    iterations           | 695          |
|    time_elapsed         | 4216         |
|    total_timesteps      | 1423360      |
| train/                  |              |
|    approx_kl            | 0.0014704135 |
|    clip_fraction        | 0.0629       |
|    clip_range           | 0.1          |
|    entropy_loss         | -0.446       |
|    explained_variance   | 0.829        |
|    learning_rate        | 0.00012      |
|    loss                 | 12           |
|    n_updates            | 6940         |
|    policy_gradient_loss | -0.00316     |
|    value_loss           | 116          |
------------------------------------------
------------------------------------------
| rollout/                |              |
|    ep_len_mean          | 227          |
|    ep_rew_mean          | 218          |
| time/                   |              |
|    fps                  | 337          |
|    iterations           | 696          |
|    time_elapsed         | 4222         |
|    total_timesteps      | 1425408      |
| train/                  |              |
|    approx_kl            | 0.0038515148 |
|    clip_fraction        | 0.132        |
|    clip_range           | 0.1          |
|    entropy_loss         | -0.616       |
|    explained_variance   | 0.991        |
|    learning_rate        | 0.00012      |
|    loss                 | 6.74         |
|    n_updates            | 6950         |
|    policy_gradient_loss | -0.00225     |
|    value_loss           | 18.7         |
------------------------------------------
-----------------------------------------
| rollout/                |             |
|    ep_len_mean          | 229         |
|    ep_rew_mean          | 229         |
| time/                   |             |
|    fps                  | 337         |
|    iterations           | 697         |
|    time_elapsed         | 4228        |
|    total_timesteps      | 1427456     |
| train/                  |             |
|    approx_kl            | 0.002292811 |
|    clip_fraction        | 0.0757      |
|    clip_range           | 0.1         |
|    entropy_loss         | -0.529      |
|    explained_variance   | 0.955       |
|    learning_rate        | 0.00012     |
|    loss                 | 4.48        |
|    n_updates            | 6960        |
|    policy_gradient_loss | -0.00151    |
|    value_loss           | 40.8        |
-----------------------------------------
------------------------------------------
| rollout/                |              |
|    ep_len_mean          | 229          |
|    ep_rew_mean          | 229          |
| time/                   |              |
|    fps                  | 337          |
|    iterations           | 698          |
|    time_elapsed         | 4234         |
|    total_timesteps      | 1429504      |
| train/                  |              |
|    approx_kl            | 0.0020847672 |
|    clip_fraction        | 0.092        |
|    clip_range           | 0.1          |
|    entropy_loss         | -0.524       |
|    explained_variance   | 0.9          |
|    learning_rate        | 0.00012      |
|    loss                 | 3.01         |
|    n_updates            | 6970         |
|    policy_gradient_loss | -0.00024     |
|    value_loss           | 20.8         |
------------------------------------------
------------------------------------------
| rollout/                |              |
|    ep_len_mean          | 225          |
|    ep_rew_mean          | 236          |
| time/                   |              |
|    fps                  | 337          |
|    iterations           | 699          |
|    time_elapsed         | 4239         |
|    total_timesteps      | 1431552      |
| train/                  |              |
|    approx_kl            | 0.0012010279 |
|    clip_fraction        | 0.0731       |
|    clip_range           | 0.1          |
|    entropy_loss         | -0.438       |
|    explained_variance   | 0.925        |
|    learning_rate        | 0.00012      |
|    loss                 | 7.83         |
|    n_updates            | 6980         |
|    policy_gradient_loss | -0.00138     |
|    value_loss           | 34           |
------------------------------------------
------------------------------------------
| rollout/                |              |
|    ep_len_mean          | 236          |
|    ep_rew_mean          | 236          |
| time/                   |              |
|    fps                  | 337          |
|    iterations           | 700          |
|    time_elapsed         | 4245         |
|    total_timesteps      | 1433600      |
| train/                  |              |
|    approx_kl            | 0.0026908203 |
|    clip_fraction        | 0.0754       |
|    clip_range           | 0.1          |
|    entropy_loss         | -0.522       |
|    explained_variance   | 0.951        |
|    learning_rate        | 0.00012      |
|    loss                 | 58.5         |
|    n_updates            | 6990         |
|    policy_gradient_loss | 5.11e-05     |
|    value_loss           | 50.7         |
------------------------------------------
-----------------------------------------
| rollout/                |             |
|    ep_len_mean          | 227         |
|    ep_rew_mean          | 235         |
| time/                   |             |
|    fps                  | 337         |
|    iterations           | 701         |
|    time_elapsed         | 4251        |
|    total_timesteps      | 1435648     |
| train/                  |             |
|    approx_kl            | 0.002184612 |
|    clip_fraction        | 0.0736      |
|    clip_range           | 0.1         |
|    entropy_loss         | -0.463      |
|    explained_variance   | 0.982       |
|    learning_rate        | 0.00012     |
|    loss                 | 5.99        |
|    n_updates            | 7000        |
|    policy_gradient_loss | -0.000386   |
|    value_loss           | 15.6        |
-----------------------------------------
------------------------------------------
| rollout/                |              |
|    ep_len_mean          | 231          |
|    ep_rew_mean          | 236          |
| time/                   |              |
|    fps                  | 337          |
|    iterations           | 702          |
|    time_elapsed         | 4257         |
|    total_timesteps      | 1437696      |
| train/                  |              |
|    approx_kl            | 0.0010129214 |
|    clip_fraction        | 0.0526       |
|    clip_range           | 0.1          |
|    entropy_loss         | -0.451       |
|    explained_variance   | 0.751        |
|    learning_rate        | 0.00012      |
|    loss                 | 15.3         |
|    n_updates            | 7010         |
|    policy_gradient_loss | -0.00148     |
|    value_loss           | 147          |
------------------------------------------
------------------------------------------
| rollout/                |              |
|    ep_len_mean          | 237          |
|    ep_rew_mean          | 235          |
| time/                   |              |
|    fps                  | 337          |
|    iterations           | 703          |
|    time_elapsed         | 4263         |
|    total_timesteps      | 1439744      |
| train/                  |              |
|    approx_kl            | 0.0013263549 |
|    clip_fraction        | 0.0569       |
|    clip_range           | 0.1          |
|    entropy_loss         | -0.403       |
|    explained_variance   | 0.888        |
|    learning_rate        | 0.00012      |
|    loss                 | 19.8         |
|    n_updates            | 7020         |
|    policy_gradient_loss | -0.00226     |
|    value_loss           | 88.3         |
------------------------------------------
Eval num_timesteps=1440000, episode_reward=200.24 +/- 107.63
Episode length: 278.40 +/- 111.79
------------------------------------------
| eval/                   |              |
|    mean_ep_length       | 278          |
|    mean_reward          | 200          |
| time/                   |              |
|    total_timesteps      | 1440000      |
| train/                  |              |
|    approx_kl            | 0.0014310111 |
|    clip_fraction        | 0.0565       |
|    clip_range           | 0.1          |
|    entropy_loss         | -0.425       |
|    explained_variance   | 0.921        |
|    learning_rate        | 0.00012      |
|    loss                 | 5.26         |
|    n_updates            | 7030         |
|    policy_gradient_loss | -0.000798    |
|    value_loss           | 79           |
------------------------------------------
---------------------------------
| rollout/           |          |
|    ep_len_mean     | 238      |
|    ep_rew_mean     | 232      |
| time/              |          |
|    fps             | 337      |
|    iterations      | 704      |
|    time_elapsed    | 4270     |
|    total_timesteps | 1441792  |
---------------------------------
------------------------------------------
| rollout/                |              |
|    ep_len_mean          | 249          |
|    ep_rew_mean          | 230          |
| time/                   |              |
|    fps                  | 337          |
|    iterations           | 705          |
|    time_elapsed         | 4276         |
|    total_timesteps      | 1443840      |
| train/                  |              |
|    approx_kl            | 0.0014497433 |
|    clip_fraction        | 0.0688       |
|    clip_range           | 0.1          |
|    entropy_loss         | -0.436       |
|    explained_variance   | 0.928        |
|    learning_rate        | 0.00012      |
|    loss                 | 12.2         |
|    n_updates            | 7040         |
|    policy_gradient_loss | -0.00129     |
|    value_loss           | 69.3         |
------------------------------------------
------------------------------------------
| rollout/                |              |
|    ep_len_mean          | 255          |
|    ep_rew_mean          | 237          |
| time/                   |              |
|    fps                  | 337          |
|    iterations           | 706          |
|    time_elapsed         | 4281         |
|    total_timesteps      | 1445888      |
| train/                  |              |
|    approx_kl            | 0.0016512098 |
|    clip_fraction        | 0.0814       |
|    clip_range           | 0.1          |
|    entropy_loss         | -0.479       |
|    explained_variance   | 0.941        |
|    learning_rate        | 0.00012      |
|    loss                 | 11.2         |
|    n_updates            | 7050         |
|    policy_gradient_loss | -0.000669    |
|    value_loss           | 84.4         |
------------------------------------------
------------------------------------------
| rollout/                |              |
|    ep_len_mean          | 247          |
|    ep_rew_mean          | 237          |
| time/                   |              |
|    fps                  | 337          |
|    iterations           | 707          |
|    time_elapsed         | 4287         |
|    total_timesteps      | 1447936      |
| train/                  |              |
|    approx_kl            | 0.0032251729 |
|    clip_fraction        | 0.0827       |
|    clip_range           | 0.1          |
|    entropy_loss         | -0.435       |
|    explained_variance   | 0.946        |
|    learning_rate        | 0.00012      |
|    loss                 | 64.2         |
|    n_updates            | 7060         |
|    policy_gradient_loss | -0.0023      |
|    value_loss           | 55.5         |
------------------------------------------
------------------------------------------
| rollout/                |              |
|    ep_len_mean          | 243          |
|    ep_rew_mean          | 243          |
| time/                   |              |
|    fps                  | 337          |
|    iterations           | 708          |
|    time_elapsed         | 4293         |
|    total_timesteps      | 1449984      |
| train/                  |              |
|    approx_kl            | 0.0019034308 |
|    clip_fraction        | 0.088        |
|    clip_range           | 0.1          |
|    entropy_loss         | -0.481       |
|    explained_variance   | 0.899        |
|    learning_rate        | 0.00012      |
|    loss                 | 9.39         |
|    n_updates            | 7070         |
|    policy_gradient_loss | -0.000431    |
|    value_loss           | 57.7         |
------------------------------------------
------------------------------------------
| rollout/                |              |
|    ep_len_mean          | 248          |
|    ep_rew_mean          | 239          |
| time/                   |              |
|    fps                  | 337          |
|    iterations           | 709          |
|    time_elapsed         | 4299         |
|    total_timesteps      | 1452032      |
| train/                  |              |
|    approx_kl            | 0.0013890342 |
|    clip_fraction        | 0.0692       |
|    clip_range           | 0.1          |
|    entropy_loss         | -0.399       |
|    explained_variance   | 0.941        |
|    learning_rate        | 0.00012      |
|    loss                 | 11.9         |
|    n_updates            | 7080         |
|    policy_gradient_loss | 0.000776     |
|    value_loss           | 23.3         |
------------------------------------------
-----------------------------------------
| rollout/                |             |
|    ep_len_mean          | 256         |
|    ep_rew_mean          | 235         |
| time/                   |             |
|    fps                  | 337         |
|    iterations           | 710         |
|    time_elapsed         | 4304        |
|    total_timesteps      | 1454080     |
| train/                  |             |
|    approx_kl            | 0.014459663 |
|    clip_fraction        | 0.231       |
|    clip_range           | 0.1         |
|    entropy_loss         | -0.564      |
|    explained_variance   | 0.954       |
|    learning_rate        | 0.00012     |
|    loss                 | 1.27        |
|    n_updates            | 7090        |
|    policy_gradient_loss | -0.00216    |
|    value_loss           | 51.3        |
-----------------------------------------
-----------------------------------------
| rollout/                |             |
|    ep_len_mean          | 263         |
|    ep_rew_mean          | 226         |
| time/                   |             |
|    fps                  | 337         |
|    iterations           | 711         |
|    time_elapsed         | 4310        |
|    total_timesteps      | 1456128     |
| train/                  |             |
|    approx_kl            | 0.002979618 |
|    clip_fraction        | 0.185       |
|    clip_range           | 0.1         |
|    entropy_loss         | -0.56       |
|    explained_variance   | 0.962       |
|    learning_rate        | 0.00012     |
|    loss                 | 12.9        |
|    n_updates            | 7100        |
|    policy_gradient_loss | 0.000343    |
|    value_loss           | 32.6        |
-----------------------------------------
------------------------------------------
| rollout/                |              |
|    ep_len_mean          | 251          |
|    ep_rew_mean          | 226          |
| time/                   |              |
|    fps                  | 337          |
|    iterations           | 712          |
|    time_elapsed         | 4316         |
|    total_timesteps      | 1458176      |
| train/                  |              |
|    approx_kl            | 0.0014308142 |
|    clip_fraction        | 0.0598       |
|    clip_range           | 0.1          |
|    entropy_loss         | -0.509       |
|    explained_variance   | 0.917        |
|    learning_rate        | 0.00012      |
|    loss                 | 18.4         |
|    n_updates            | 7110         |
|    policy_gradient_loss | -0.000105    |
|    value_loss           | 78.8         |
------------------------------------------
Eval num_timesteps=1460000, episode_reward=275.20 +/- 24.84
Episode length: 241.00 +/- 28.52
------------------------------------------
| eval/                   |              |
|    mean_ep_length       | 241          |
|    mean_reward          | 275          |
| time/                   |              |
|    total_timesteps      | 1460000      |
| train/                  |              |
|    approx_kl            | 0.0013872794 |
|    clip_fraction        | 0.0746       |
|    clip_range           | 0.1          |
|    entropy_loss         | -0.458       |
|    explained_variance   | 0.87         |
|    learning_rate        | 0.00012      |
|    loss                 | 22.7         |
|    n_updates            | 7120         |
|    policy_gradient_loss | -0.00375     |
|    value_loss           | 90.4         |
------------------------------------------
---------------------------------
| rollout/           |          |
|    ep_len_mean     | 253      |
|    ep_rew_mean     | 226      |
| time/              |          |
|    fps             | 337      |
|    iterations      | 713      |
|    time_elapsed    | 4323     |
|    total_timesteps | 1460224  |
---------------------------------
------------------------------------------
| rollout/                |              |
|    ep_len_mean          | 259          |
|    ep_rew_mean          | 220          |
| time/                   |              |
|    fps                  | 337          |
|    iterations           | 714          |
|    time_elapsed         | 4329         |
|    total_timesteps      | 1462272      |
| train/                  |              |
|    approx_kl            | 0.0029864446 |
|    clip_fraction        | 0.0838       |
|    clip_range           | 0.1          |
|    entropy_loss         | -0.508       |
|    explained_variance   | 0.904        |
|    learning_rate        | 0.00012      |
|    loss                 | 5.7          |
|    n_updates            | 7130         |
|    policy_gradient_loss | -0.000839    |
|    value_loss           | 49.3         |
------------------------------------------
-----------------------------------------
| rollout/                |             |
|    ep_len_mean          | 257         |
|    ep_rew_mean          | 220         |
| time/                   |             |
|    fps                  | 337         |
|    iterations           | 715         |
|    time_elapsed         | 4335        |
|    total_timesteps      | 1464320     |
| train/                  |             |
|    approx_kl            | 0.002841572 |
|    clip_fraction        | 0.135       |
|    clip_range           | 0.1         |
|    entropy_loss         | -0.552      |
|    explained_variance   | 0.908       |
|    learning_rate        | 0.00012     |
|    loss                 | 92          |
|    n_updates            | 7140        |
|    policy_gradient_loss | -0.000486   |
|    value_loss           | 78.6        |
-----------------------------------------
------------------------------------------
| rollout/                |              |
|    ep_len_mean          | 242          |
|    ep_rew_mean          | 223          |
| time/                   |              |
|    fps                  | 337          |
|    iterations           | 716          |
|    time_elapsed         | 4340         |
|    total_timesteps      | 1466368      |
| train/                  |              |
|    approx_kl            | 0.0015685408 |
|    clip_fraction        | 0.0855       |
|    clip_range           | 0.1          |
|    entropy_loss         | -0.526       |
|    explained_variance   | 0.881        |
|    learning_rate        | 0.00012      |
|    loss                 | 8.58         |
|    n_updates            | 7150         |
|    policy_gradient_loss | -0.00201     |
|    value_loss           | 44.2         |
------------------------------------------
------------------------------------------
| rollout/                |              |
|    ep_len_mean          | 230          |
|    ep_rew_mean          | 220          |
| time/                   |              |
|    fps                  | 337          |
|    iterations           | 717          |
|    time_elapsed         | 4346         |
|    total_timesteps      | 1468416      |
| train/                  |              |
|    approx_kl            | 0.0019141636 |
|    clip_fraction        | 0.0725       |
|    clip_range           | 0.1          |
|    entropy_loss         | -0.507       |
|    explained_variance   | 0.866        |
|    learning_rate        | 0.00012      |
|    loss                 | 15.5         |
|    n_updates            | 7160         |
|    policy_gradient_loss | -0.000518    |
|    value_loss           | 64.7         |
------------------------------------------
------------------------------------------
| rollout/                |              |
|    ep_len_mean          | 227          |
|    ep_rew_mean          | 217          |
| time/                   |              |
|    fps                  | 337          |
|    iterations           | 718          |
|    time_elapsed         | 4352         |
|    total_timesteps      | 1470464      |
| train/                  |              |
|    approx_kl            | 0.0017209533 |
|    clip_fraction        | 0.0471       |
|    clip_range           | 0.1          |
|    entropy_loss         | -0.438       |
|    explained_variance   | 0.867        |
|    learning_rate        | 0.00012      |
|    loss                 | 17           |
|    n_updates            | 7170         |
|    policy_gradient_loss | -0.00137     |
|    value_loss           | 122          |
------------------------------------------
------------------------------------------
| rollout/                |              |
|    ep_len_mean          | 232          |
|    ep_rew_mean          | 216          |
| time/                   |              |
|    fps                  | 337          |
|    iterations           | 719          |
|    time_elapsed         | 4358         |
|    total_timesteps      | 1472512      |
| train/                  |              |
|    approx_kl            | 0.0020301729 |
|    clip_fraction        | 0.1          |
|    clip_range           | 0.1          |
|    entropy_loss         | -0.451       |
|    explained_variance   | 0.979        |
|    learning_rate        | 0.00012      |
|    loss                 | 11           |
|    n_updates            | 7180         |
|    policy_gradient_loss | -0.00243     |
|    value_loss           | 34.5         |
------------------------------------------
------------------------------------------
| rollout/                |              |
|    ep_len_mean          | 228          |
|    ep_rew_mean          | 216          |
| time/                   |              |
|    fps                  | 337          |
|    iterations           | 720          |
|    time_elapsed         | 4364         |
|    total_timesteps      | 1474560      |
| train/                  |              |
|    approx_kl            | 0.0013280355 |
|    clip_fraction        | 0.0705       |
|    clip_range           | 0.1          |
|    entropy_loss         | -0.353       |
|    explained_variance   | 0.986        |
|    learning_rate        | 0.00012      |
|    loss                 | 8.02         |
|    n_updates            | 7190         |
|    policy_gradient_loss | -0.00121     |
|    value_loss           | 16.2         |
------------------------------------------
------------------------------------------
| rollout/                |              |
|    ep_len_mean          | 219          |
|    ep_rew_mean          | 211          |
| time/                   |              |
|    fps                  | 337          |
|    iterations           | 721          |
|    time_elapsed         | 4370         |
|    total_timesteps      | 1476608      |
| train/                  |              |
|    approx_kl            | 0.0013736867 |
|    clip_fraction        | 0.0525       |
|    clip_range           | 0.1          |
|    entropy_loss         | -0.442       |
|    explained_variance   | 0.91         |
|    learning_rate        | 0.00012      |
|    loss                 | 20.8         |
|    n_updates            | 7200         |
|    policy_gradient_loss | -0.000876    |
|    value_loss           | 91.2         |
------------------------------------------
------------------------------------------
| rollout/                |              |
|    ep_len_mean          | 221          |
|    ep_rew_mean          | 219          |
| time/                   |              |
|    fps                  | 337          |
|    iterations           | 722          |
|    time_elapsed         | 4376         |
|    total_timesteps      | 1478656      |
| train/                  |              |
|    approx_kl            | 0.0040473924 |
|    clip_fraction        | 0.15         |
|    clip_range           | 0.1          |
|    entropy_loss         | -0.619       |
|    explained_variance   | 0.947        |
|    learning_rate        | 0.00012      |
|    loss                 | 3.32         |
|    n_updates            | 7210         |
|    policy_gradient_loss | -0.00185     |
|    value_loss           | 56.2         |
------------------------------------------
Eval num_timesteps=1480000, episode_reward=269.95 +/- 24.84
Episode length: 213.60 +/- 16.63
------------------------------------------
| eval/                   |              |
|    mean_ep_length       | 214          |
|    mean_reward          | 270          |
| time/                   |              |
|    total_timesteps      | 1480000      |
| train/                  |              |
|    approx_kl            | 0.0025421465 |
|    clip_fraction        | 0.094        |
|    clip_range           | 0.1          |
|    entropy_loss         | -0.436       |
|    explained_variance   | 0.943        |
|    learning_rate        | 0.00012      |
|    loss                 | 10.4         |
|    n_updates            | 7220         |
|    policy_gradient_loss | -0.00167     |
|    value_loss           | 63.9         |
------------------------------------------
---------------------------------
| rollout/           |          |
|    ep_len_mean     | 228      |
|    ep_rew_mean     | 214      |
| time/              |          |
|    fps             | 337      |
|    iterations      | 723      |
|    time_elapsed    | 4383     |
|    total_timesteps | 1480704  |
---------------------------------
------------------------------------------
| rollout/                |              |
|    ep_len_mean          | 227          |
|    ep_rew_mean          | 217          |
| time/                   |              |
|    fps                  | 337          |
|    iterations           | 724          |
|    time_elapsed         | 4389         |
|    total_timesteps      | 1482752      |
| train/                  |              |
|    approx_kl            | 0.0015309814 |
|    clip_fraction        | 0.11         |
|    clip_range           | 0.1          |
|    entropy_loss         | -0.515       |
|    explained_variance   | 0.95         |
|    learning_rate        | 0.00012      |
|    loss                 | 33.4         |
|    n_updates            | 7230         |
|    policy_gradient_loss | -0.00219     |
|    value_loss           | 80           |
------------------------------------------
------------------------------------------
| rollout/                |              |
|    ep_len_mean          | 228          |
|    ep_rew_mean          | 217          |
| time/                   |              |
|    fps                  | 337          |
|    iterations           | 725          |
|    time_elapsed         | 4394         |
|    total_timesteps      | 1484800      |
| train/                  |              |
|    approx_kl            | 0.0021503852 |
|    clip_fraction        | 0.0741       |
|    clip_range           | 0.1          |
|    entropy_loss         | -0.449       |
|    explained_variance   | 0.866        |
|    learning_rate        | 0.00012      |
|    loss                 | 13.9         |
|    n_updates            | 7240         |
|    policy_gradient_loss | -0.000322    |
|    value_loss           | 33.4         |
------------------------------------------
------------------------------------------
| rollout/                |              |
|    ep_len_mean          | 237          |
|    ep_rew_mean          | 217          |
| time/                   |              |
|    fps                  | 337          |
|    iterations           | 726          |
|    time_elapsed         | 4400         |
|    total_timesteps      | 1486848      |
| train/                  |              |
|    approx_kl            | 0.0043217298 |
|    clip_fraction        | 0.194        |
|    clip_range           | 0.1          |
|    entropy_loss         | -0.556       |
|    explained_variance   | 0.954        |
|    learning_rate        | 0.00012      |
|    loss                 | 31.8         |
|    n_updates            | 7250         |
|    policy_gradient_loss | -0.00144     |
|    value_loss           | 53.1         |
------------------------------------------
-----------------------------------------
| rollout/                |             |
|    ep_len_mean          | 238         |
|    ep_rew_mean          | 221         |
| time/                   |             |
|    fps                  | 337         |
|    iterations           | 727         |
|    time_elapsed         | 4406        |
|    total_timesteps      | 1488896     |
| train/                  |             |
|    approx_kl            | 0.003758201 |
|    clip_fraction        | 0.2         |
|    clip_range           | 0.1         |
|    entropy_loss         | -0.578      |
|    explained_variance   | 0.968       |
|    learning_rate        | 0.00012     |
|    loss                 | 6.09        |
|    n_updates            | 7260        |
|    policy_gradient_loss | -0.00203    |
|    value_loss           | 42.6        |
-----------------------------------------
------------------------------------------
| rollout/                |              |
|    ep_len_mean          | 242          |
|    ep_rew_mean          | 226          |
| time/                   |              |
|    fps                  | 337          |
|    iterations           | 728          |
|    time_elapsed         | 4412         |
|    total_timesteps      | 1490944      |
| train/                  |              |
|    approx_kl            | 0.0021558143 |
|    clip_fraction        | 0.0817       |
|    clip_range           | 0.1          |
|    entropy_loss         | -0.483       |
|    explained_variance   | 0.918        |
|    learning_rate        | 0.00012      |
|    loss                 | 15.2         |
|    n_updates            | 7270         |
|    policy_gradient_loss | 0.000532     |
|    value_loss           | 18.9         |
------------------------------------------
-----------------------------------------
| rollout/                |             |
|    ep_len_mean          | 254         |
|    ep_rew_mean          | 232         |
| time/                   |             |
|    fps                  | 337         |
|    iterations           | 729         |
|    time_elapsed         | 4417        |
|    total_timesteps      | 1492992     |
| train/                  |             |
|    approx_kl            | 0.007060875 |
|    clip_fraction        | 0.0936      |
|    clip_range           | 0.1         |
|    entropy_loss         | -0.459      |
|    explained_variance   | 0.93        |
|    learning_rate        | 0.00012     |
|    loss                 | 4.42        |
|    n_updates            | 7280        |
|    policy_gradient_loss | -0.000155   |
|    value_loss           | 13.8        |
-----------------------------------------
------------------------------------------
| rollout/                |              |
|    ep_len_mean          | 253          |
|    ep_rew_mean          | 229          |
| time/                   |              |
|    fps                  | 337          |
|    iterations           | 730          |
|    time_elapsed         | 4423         |
|    total_timesteps      | 1495040      |
| train/                  |              |
|    approx_kl            | 0.0033237278 |
|    clip_fraction        | 0.153        |
|    clip_range           | 0.1          |
|    entropy_loss         | -0.577       |
|    explained_variance   | 0.988        |
|    learning_rate        | 0.00012      |
|    loss                 | 11.9         |
|    n_updates            | 7290         |
|    policy_gradient_loss | -0.00142     |
|    value_loss           | 15.2         |
------------------------------------------
------------------------------------------
| rollout/                |              |
|    ep_len_mean          | 243          |
|    ep_rew_mean          | 231          |
| time/                   |              |
|    fps                  | 337          |
|    iterations           | 731          |
|    time_elapsed         | 4429         |
|    total_timesteps      | 1497088      |
| train/                  |              |
|    approx_kl            | 0.0034082807 |
|    clip_fraction        | 0.103        |
|    clip_range           | 0.1          |
|    entropy_loss         | -0.48        |
|    explained_variance   | 0.946        |
|    learning_rate        | 0.00012      |
|    loss                 | 7.12         |
|    n_updates            | 7300         |
|    policy_gradient_loss | -0.00159     |
|    value_loss           | 26.8         |
------------------------------------------
------------------------------------------
| rollout/                |              |
|    ep_len_mean          | 245          |
|    ep_rew_mean          | 233          |
| time/                   |              |
|    fps                  | 338          |
|    iterations           | 732          |
|    time_elapsed         | 4435         |
|    total_timesteps      | 1499136      |
| train/                  |              |
|    approx_kl            | 0.0011081519 |
|    clip_fraction        | 0.0507       |
|    clip_range           | 0.1          |
|    entropy_loss         | -0.403       |
|    explained_variance   | 0.871        |
|    learning_rate        | 0.00012      |
|    loss                 | 8.43         |
|    n_updates            | 7310         |
|    policy_gradient_loss | -0.000998    |
|    value_loss           | 63.8         |
------------------------------------------
Eval num_timesteps=1500000, episode_reward=265.38 +/- 15.10
Episode length: 217.60 +/- 18.61
------------------------------------------
| eval/                   |              |
|    mean_ep_length       | 218          |
|    mean_reward          | 265          |
| time/                   |              |
|    total_timesteps      | 1500000      |
| train/                  |              |
|    approx_kl            | 0.0014167865 |
|    clip_fraction        | 0.079        |
|    clip_range           | 0.1          |
|    entropy_loss         | -0.516       |
|    explained_variance   | 0.859        |
|    learning_rate        | 0.00012      |
|    loss                 | 3.61         |
|    n_updates            | 7320         |
|    policy_gradient_loss | -0.000434    |
|    value_loss           | 50.2         |
------------------------------------------
---------------------------------
| rollout/           |          |
|    ep_len_mean     | 247      |
|    ep_rew_mean     | 240      |
| time/              |          |
|    fps             | 337      |
|    iterations      | 733      |
|    time_elapsed    | 4442     |
|    total_timesteps | 1501184  |
---------------------------------
------------------------------------------
| rollout/                |              |
|    ep_len_mean          | 248          |
|    ep_rew_mean          | 241          |
| time/                   |              |
|    fps                  | 337          |
|    iterations           | 734          |
|    time_elapsed         | 4448         |
|    total_timesteps      | 1503232      |
| train/                  |              |
|    approx_kl            | 0.0019888312 |
|    clip_fraction        | 0.0822       |
|    clip_range           | 0.1          |
|    entropy_loss         | -0.451       |
|    explained_variance   | 0.974        |
|    learning_rate        | 0.00012      |
|    loss                 | 4.17         |
|    n_updates            | 7330         |
|    policy_gradient_loss | -0.0018      |
|    value_loss           | 33.5         |
------------------------------------------
-----------------------------------------
| rollout/                |             |
|    ep_len_mean          | 244         |
|    ep_rew_mean          | 247         |
| time/                   |             |
|    fps                  | 337         |
|    iterations           | 735         |
|    time_elapsed         | 4453        |
|    total_timesteps      | 1505280     |
| train/                  |             |
|    approx_kl            | 0.001712098 |
|    clip_fraction        | 0.0969      |
|    clip_range           | 0.1         |
|    entropy_loss         | -0.5        |
|    explained_variance   | 0.955       |
|    learning_rate        | 0.00012     |
|    loss                 | 2.38        |
|    n_updates            | 7340        |
|    policy_gradient_loss | -0.000538   |
|    value_loss           | 15.8        |
-----------------------------------------
------------------------------------------
| rollout/                |              |
|    ep_len_mean          | 251          |
|    ep_rew_mean          | 239          |
| time/                   |              |
|    fps                  | 337          |
|    iterations           | 736          |
|    time_elapsed         | 4459         |
|    total_timesteps      | 1507328      |
| train/                  |              |
|    approx_kl            | 0.0016777865 |
|    clip_fraction        | 0.0694       |
|    clip_range           | 0.1          |
|    entropy_loss         | -0.429       |
|    explained_variance   | 0.945        |
|    learning_rate        | 0.00012      |
|    loss                 | 6.2          |
|    n_updates            | 7350         |
|    policy_gradient_loss | -0.00118     |
|    value_loss           | 42.6         |
------------------------------------------
-----------------------------------------
| rollout/                |             |
|    ep_len_mean          | 244         |
|    ep_rew_mean          | 244         |
| time/                   |             |
|    fps                  | 338         |
|    iterations           | 737         |
|    time_elapsed         | 4465        |
|    total_timesteps      | 1509376     |
| train/                  |             |
|    approx_kl            | 0.001245688 |
|    clip_fraction        | 0.0675      |
|    clip_range           | 0.1         |
|    entropy_loss         | -0.429      |
|    explained_variance   | 0.917       |
|    learning_rate        | 0.00012     |
|    loss                 | 6.73        |
|    n_updates            | 7360        |
|    policy_gradient_loss | 0.00187     |
|    value_loss           | 77.2        |
-----------------------------------------
------------------------------------------
| rollout/                |              |
|    ep_len_mean          | 243          |
|    ep_rew_mean          | 244          |
| time/                   |              |
|    fps                  | 338          |
|    iterations           | 738          |
|    time_elapsed         | 4471         |
|    total_timesteps      | 1511424      |
| train/                  |              |
|    approx_kl            | 0.0022052664 |
|    clip_fraction        | 0.0712       |
|    clip_range           | 0.1          |
|    entropy_loss         | -0.492       |
|    explained_variance   | 0.876        |
|    learning_rate        | 0.00012      |
|    loss                 | 45.1         |
|    n_updates            | 7370         |
|    policy_gradient_loss | -0.00347     |
|    value_loss           | 80.1         |
------------------------------------------
------------------------------------------
| rollout/                |              |
|    ep_len_mean          | 243          |
|    ep_rew_mean          | 244          |
| time/                   |              |
|    fps                  | 338          |
|    iterations           | 739          |
|    time_elapsed         | 4477         |
|    total_timesteps      | 1513472      |
| train/                  |              |
|    approx_kl            | 0.0025499172 |
|    clip_fraction        | 0.201        |
|    clip_range           | 0.1          |
|    entropy_loss         | -0.579       |
|    explained_variance   | 0.968        |
|    learning_rate        | 0.00012      |
|    loss                 | 7.77         |
|    n_updates            | 7380         |
|    policy_gradient_loss | -0.000647    |
|    value_loss           | 24           |
------------------------------------------
------------------------------------------
| rollout/                |              |
|    ep_len_mean          | 247          |
|    ep_rew_mean          | 242          |
| time/                   |              |
|    fps                  | 338          |
|    iterations           | 740          |
|    time_elapsed         | 4483         |
|    total_timesteps      | 1515520      |
| train/                  |              |
|    approx_kl            | 0.0031149792 |
|    clip_fraction        | 0.0813       |
|    clip_range           | 0.1          |
|    entropy_loss         | -0.39        |
|    explained_variance   | 0.941        |
|    learning_rate        | 0.00012      |
|    loss                 | 14           |
|    n_updates            | 7390         |
|    policy_gradient_loss | -0.00228     |
|    value_loss           | 23.4         |
------------------------------------------
------------------------------------------
| rollout/                |              |
|    ep_len_mean          | 245          |
|    ep_rew_mean          | 237          |
| time/                   |              |
|    fps                  | 338          |
|    iterations           | 741          |
|    time_elapsed         | 4488         |
|    total_timesteps      | 1517568      |
| train/                  |              |
|    approx_kl            | 0.0031419117 |
|    clip_fraction        | 0.151        |
|    clip_range           | 0.1          |
|    entropy_loss         | -0.583       |
|    explained_variance   | 0.958        |
|    learning_rate        | 0.00012      |
|    loss                 | 16.9         |
|    n_updates            | 7400         |
|    policy_gradient_loss | -0.00432     |
|    value_loss           | 35.4         |
------------------------------------------
------------------------------------------
| rollout/                |              |
|    ep_len_mean          | 266          |
|    ep_rew_mean          | 234          |
| time/                   |              |
|    fps                  | 338          |
|    iterations           | 742          |
|    time_elapsed         | 4494         |
|    total_timesteps      | 1519616      |
| train/                  |              |
|    approx_kl            | 0.0011235868 |
|    clip_fraction        | 0.0564       |
|    clip_range           | 0.1          |
|    entropy_loss         | -0.504       |
|    explained_variance   | 0.932        |
|    learning_rate        | 0.00012      |
|    loss                 | 6.13         |
|    n_updates            | 7410         |
|    policy_gradient_loss | -7.51e-05    |
|    value_loss           | 60.2         |
------------------------------------------
Eval num_timesteps=1520000, episode_reward=249.03 +/- 40.91
Episode length: 376.00 +/- 312.91
------------------------------------------
| eval/                   |              |
|    mean_ep_length       | 376          |
|    mean_reward          | 249          |
| time/                   |              |
|    total_timesteps      | 1520000      |
| train/                  |              |
|    approx_kl            | 0.0034157694 |
|    clip_fraction        | 0.216        |
|    clip_range           | 0.1          |
|    entropy_loss         | -0.522       |
|    explained_variance   | 0.954        |
|    learning_rate        | 0.00012      |
|    loss                 | 15.5         |
|    n_updates            | 7420         |
|    policy_gradient_loss | -0.000958    |
|    value_loss           | 37.2         |
------------------------------------------
---------------------------------
| rollout/           |          |
|    ep_len_mean     | 273      |
|    ep_rew_mean     | 237      |
| time/              |          |
|    fps             | 337      |
|    iterations      | 743      |
|    time_elapsed    | 4502     |
|    total_timesteps | 1521664  |
---------------------------------
------------------------------------------
| rollout/                |              |
|    ep_len_mean          | 274          |
|    ep_rew_mean          | 233          |
| time/                   |              |
|    fps                  | 337          |
|    iterations           | 744          |
|    time_elapsed         | 4508         |
|    total_timesteps      | 1523712      |
| train/                  |              |
|    approx_kl            | 0.0022140695 |
|    clip_fraction        | 0.0965       |
|    clip_range           | 0.1          |
|    entropy_loss         | -0.511       |
|    explained_variance   | 0.918        |
|    learning_rate        | 0.00012      |
|    loss                 | 6.1          |
|    n_updates            | 7430         |
|    policy_gradient_loss | -0.00281     |
|    value_loss           | 93.6         |
------------------------------------------
------------------------------------------
| rollout/                |              |
|    ep_len_mean          | 283          |
|    ep_rew_mean          | 230          |
| time/                   |              |
|    fps                  | 337          |
|    iterations           | 745          |
|    time_elapsed         | 4514         |
|    total_timesteps      | 1525760      |
| train/                  |              |
|    approx_kl            | 0.0018427973 |
|    clip_fraction        | 0.0635       |
|    clip_range           | 0.1          |
|    entropy_loss         | -0.476       |
|    explained_variance   | 0.953        |
|    learning_rate        | 0.00012      |
|    loss                 | 10.4         |
|    n_updates            | 7440         |
|    policy_gradient_loss | 0.0014       |
|    value_loss           | 32.3         |
------------------------------------------
------------------------------------------
| rollout/                |              |
|    ep_len_mean          | 281          |
|    ep_rew_mean          | 230          |
| time/                   |              |
|    fps                  | 338          |
|    iterations           | 746          |
|    time_elapsed         | 4519         |
|    total_timesteps      | 1527808      |
| train/                  |              |
|    approx_kl            | 0.0024979461 |
|    clip_fraction        | 0.0949       |
|    clip_range           | 0.1          |
|    entropy_loss         | -0.544       |
|    explained_variance   | 0.965        |
|    learning_rate        | 0.00012      |
|    loss                 | 5.66         |
|    n_updates            | 7450         |
|    policy_gradient_loss | -0.0017      |
|    value_loss           | 40.8         |
------------------------------------------
------------------------------------------
| rollout/                |              |
|    ep_len_mean          | 269          |
|    ep_rew_mean          | 225          |
| time/                   |              |
|    fps                  | 338          |
|    iterations           | 747          |
|    time_elapsed         | 4525         |
|    total_timesteps      | 1529856      |
| train/                  |              |
|    approx_kl            | 0.0024420256 |
|    clip_fraction        | 0.0947       |
|    clip_range           | 0.1          |
|    entropy_loss         | -0.427       |
|    explained_variance   | 0.829        |
|    learning_rate        | 0.00012      |
|    loss                 | 15.9         |
|    n_updates            | 7460         |
|    policy_gradient_loss | 4.09e-05     |
|    value_loss           | 59.8         |
------------------------------------------
------------------------------------------
| rollout/                |              |
|    ep_len_mean          | 260          |
|    ep_rew_mean          | 229          |
| time/                   |              |
|    fps                  | 338          |
|    iterations           | 748          |
|    time_elapsed         | 4531         |
|    total_timesteps      | 1531904      |
| train/                  |              |
|    approx_kl            | 0.0012699515 |
|    clip_fraction        | 0.0512       |
|    clip_range           | 0.1          |
|    entropy_loss         | -0.437       |
|    explained_variance   | 0.872        |
|    learning_rate        | 0.00012      |
|    loss                 | 7.46         |
|    n_updates            | 7470         |
|    policy_gradient_loss | -0.00104     |
|    value_loss           | 87.9         |
------------------------------------------
-----------------------------------------
| rollout/                |             |
|    ep_len_mean          | 260         |
|    ep_rew_mean          | 237         |
| time/                   |             |
|    fps                  | 338         |
|    iterations           | 749         |
|    time_elapsed         | 4537        |
|    total_timesteps      | 1533952     |
| train/                  |             |
|    approx_kl            | 0.001313813 |
|    clip_fraction        | 0.0712      |
|    clip_range           | 0.1         |
|    entropy_loss         | -0.44       |
|    explained_variance   | 0.852       |
|    learning_rate        | 0.00012     |
|    loss                 | 73          |
|    n_updates            | 7480        |
|    policy_gradient_loss | 0.000201    |
|    value_loss           | 55.5        |
-----------------------------------------
------------------------------------------
| rollout/                |              |
|    ep_len_mean          | 267          |
|    ep_rew_mean          | 235          |
| time/                   |              |
|    fps                  | 338          |
|    iterations           | 750          |
|    time_elapsed         | 4543         |
|    total_timesteps      | 1536000      |
| train/                  |              |
|    approx_kl            | 0.0028148722 |
|    clip_fraction        | 0.0922       |
|    clip_range           | 0.1          |
|    entropy_loss         | -0.47        |
|    explained_variance   | 0.945        |
|    learning_rate        | 0.00012      |
|    loss                 | 22.2         |
|    n_updates            | 7490         |
|    policy_gradient_loss | -0.00114     |
|    value_loss           | 34.5         |
------------------------------------------
------------------------------------------
| rollout/                |              |
|    ep_len_mean          | 256          |
|    ep_rew_mean          | 237          |
| time/                   |              |
|    fps                  | 338          |
|    iterations           | 751          |
|    time_elapsed         | 4549         |
|    total_timesteps      | 1538048      |
| train/                  |              |
|    approx_kl            | 0.0063607804 |
|    clip_fraction        | 0.251        |
|    clip_range           | 0.1          |
|    entropy_loss         | -0.575       |
|    explained_variance   | 0.991        |
|    learning_rate        | 0.00012      |
|    loss                 | 3.04         |
|    n_updates            | 7500         |
|    policy_gradient_loss | -0.00656     |
|    value_loss           | 10.4         |
------------------------------------------
Eval num_timesteps=1540000, episode_reward=208.29 +/- 88.78
Episode length: 262.00 +/- 134.50
------------------------------------------
| eval/                   |              |
|    mean_ep_length       | 262          |
|    mean_reward          | 208          |
| time/                   |              |
|    total_timesteps      | 1540000      |
| train/                  |              |
|    approx_kl            | 0.0032657785 |
|    clip_fraction        | 0.114        |
|    clip_range           | 0.1          |
|    entropy_loss         | -0.501       |
|    explained_variance   | 0.948        |
|    learning_rate        | 0.00012      |
|    loss                 | 7.51         |
|    n_updates            | 7510         |
|    policy_gradient_loss | -0.00208     |
|    value_loss           | 14.7         |
------------------------------------------
---------------------------------
| rollout/           |          |
|    ep_len_mean     | 254      |
|    ep_rew_mean     | 234      |
| time/              |          |
|    fps             | 337      |
|    iterations      | 752      |
|    time_elapsed    | 4557     |
|    total_timesteps | 1540096  |
---------------------------------
------------------------------------------
| rollout/                |              |
|    ep_len_mean          | 256          |
|    ep_rew_mean          | 236          |
| time/                   |              |
|    fps                  | 337          |
|    iterations           | 753          |
|    time_elapsed         | 4563         |
|    total_timesteps      | 1542144      |
| train/                  |              |
|    approx_kl            | 0.0039663105 |
|    clip_fraction        | 0.137        |
|    clip_range           | 0.1          |
|    entropy_loss         | -0.591       |
|    explained_variance   | 0.977        |
|    learning_rate        | 0.00012      |
|    loss                 | 1.29         |
|    n_updates            | 7520         |
|    policy_gradient_loss | -0.000733    |
|    value_loss           | 34.7         |
------------------------------------------
------------------------------------------
| rollout/                |              |
|    ep_len_mean          | 239          |
|    ep_rew_mean          | 233          |
| time/                   |              |
|    fps                  | 337          |
|    iterations           | 754          |
|    time_elapsed         | 4569         |
|    total_timesteps      | 1544192      |
| train/                  |              |
|    approx_kl            | 0.0017225246 |
|    clip_fraction        | 0.0662       |
|    clip_range           | 0.1          |
|    entropy_loss         | -0.435       |
|    explained_variance   | 0.941        |
|    learning_rate        | 0.00012      |
|    loss                 | 13.3         |
|    n_updates            | 7530         |
|    policy_gradient_loss | -0.000395    |
|    value_loss           | 56.7         |
------------------------------------------
------------------------------------------
| rollout/                |              |
|    ep_len_mean          | 241          |
|    ep_rew_mean          | 235          |
| time/                   |              |
|    fps                  | 337          |
|    iterations           | 755          |
|    time_elapsed         | 4576         |
|    total_timesteps      | 1546240      |
| train/                  |              |
|    approx_kl            | 0.0028865603 |
|    clip_fraction        | 0.0605       |
|    clip_range           | 0.1          |
|    entropy_loss         | -0.34        |
|    explained_variance   | 0.904        |
|    learning_rate        | 0.00012      |
|    loss                 | 49.4         |
|    n_updates            | 7540         |
|    policy_gradient_loss | -0.000448    |
|    value_loss           | 105          |
------------------------------------------
------------------------------------------
| rollout/                |              |
|    ep_len_mean          | 232          |
|    ep_rew_mean          | 240          |
| time/                   |              |
|    fps                  | 337          |
|    iterations           | 756          |
|    time_elapsed         | 4582         |
|    total_timesteps      | 1548288      |
| train/                  |              |
|    approx_kl            | 0.0032106347 |
|    clip_fraction        | 0.122        |
|    clip_range           | 0.1          |
|    entropy_loss         | -0.472       |
|    explained_variance   | 0.982        |
|    learning_rate        | 0.00012      |
|    loss                 | 1.73         |
|    n_updates            | 7550         |
|    policy_gradient_loss | -0.000331    |
|    value_loss           | 13.3         |
------------------------------------------
------------------------------------------
| rollout/                |              |
|    ep_len_mean          | 234          |
|    ep_rew_mean          | 242          |
| time/                   |              |
|    fps                  | 337          |
|    iterations           | 757          |
|    time_elapsed         | 4588         |
|    total_timesteps      | 1550336      |
| train/                  |              |
|    approx_kl            | 0.0026995451 |
|    clip_fraction        | 0.0631       |
|    clip_range           | 0.1          |
|    entropy_loss         | -0.48        |
|    explained_variance   | 0.833        |
|    learning_rate        | 0.00012      |
|    loss                 | 3.98         |
|    n_updates            | 7560         |
|    policy_gradient_loss | -0.000121    |
|    value_loss           | 46.3         |
------------------------------------------
------------------------------------------
| rollout/                |              |
|    ep_len_mean          | 241          |
|    ep_rew_mean          | 241          |
| time/                   |              |
|    fps                  | 337          |
|    iterations           | 758          |
|    time_elapsed         | 4594         |
|    total_timesteps      | 1552384      |
| train/                  |              |
|    approx_kl            | 0.0033358345 |
|    clip_fraction        | 0.0634       |
|    clip_range           | 0.1          |
|    entropy_loss         | -0.45        |
|    explained_variance   | 0.9          |
|    learning_rate        | 0.00012      |
|    loss                 | 6.04         |
|    n_updates            | 7570         |
|    policy_gradient_loss | -0.00108     |
|    value_loss           | 44.6         |
------------------------------------------
------------------------------------------
| rollout/                |              |
|    ep_len_mean          | 246          |
|    ep_rew_mean          | 247          |
| time/                   |              |
|    fps                  | 337          |
|    iterations           | 759          |
|    time_elapsed         | 4600         |
|    total_timesteps      | 1554432      |
| train/                  |              |
|    approx_kl            | 0.0038754907 |
|    clip_fraction        | 0.223        |
|    clip_range           | 0.1          |
|    entropy_loss         | -0.539       |
|    explained_variance   | 0.953        |
|    learning_rate        | 0.00012      |
|    loss                 | 4.11         |
|    n_updates            | 7580         |
|    policy_gradient_loss | -0.000808    |
|    value_loss           | 59.3         |
------------------------------------------
-----------------------------------------
| rollout/                |             |
|    ep_len_mean          | 251         |
|    ep_rew_mean          | 250         |
| time/                   |             |
|    fps                  | 337         |
|    iterations           | 760         |
|    time_elapsed         | 4606        |
|    total_timesteps      | 1556480     |
| train/                  |             |
|    approx_kl            | 0.002228174 |
|    clip_fraction        | 0.0817      |
|    clip_range           | 0.1         |
|    entropy_loss         | -0.465      |
|    explained_variance   | 0.888       |
|    learning_rate        | 0.00012     |
|    loss                 | 5.36        |
|    n_updates            | 7590        |
|    policy_gradient_loss | 0.000132    |
|    value_loss           | 17.1        |
-----------------------------------------
------------------------------------------
| rollout/                |              |
|    ep_len_mean          | 262          |
|    ep_rew_mean          | 248          |
| time/                   |              |
|    fps                  | 337          |
|    iterations           | 761          |
|    time_elapsed         | 4612         |
|    total_timesteps      | 1558528      |
| train/                  |              |
|    approx_kl            | 0.0010239589 |
|    clip_fraction        | 0.0474       |
|    clip_range           | 0.1          |
|    entropy_loss         | -0.36        |
|    explained_variance   | 0.905        |
|    learning_rate        | 0.00012      |
|    loss                 | 39.5         |
|    n_updates            | 7600         |
|    policy_gradient_loss | -0.00133     |
|    value_loss           | 72.4         |
------------------------------------------
Eval num_timesteps=1560000, episode_reward=118.32 +/- 98.02
Episode length: 356.40 +/- 336.69
------------------------------------------
| eval/                   |              |
|    mean_ep_length       | 356          |
|    mean_reward          | 118          |
| time/                   |              |
|    total_timesteps      | 1560000      |
| train/                  |              |
|    approx_kl            | 0.0071660136 |
|    clip_fraction        | 0.162        |
|    clip_range           | 0.1          |
|    entropy_loss         | -0.44        |
|    explained_variance   | 0.959        |
|    learning_rate        | 0.00012      |
|    loss                 | 3.87         |
|    n_updates            | 7610         |
|    policy_gradient_loss | -0.00406     |
|    value_loss           | 69.2         |
------------------------------------------
---------------------------------
| rollout/           |          |
|    ep_len_mean     | 272      |
|    ep_rew_mean     | 247      |
| time/              |          |
|    fps             | 337      |
|    iterations      | 762      |
|    time_elapsed    | 4621     |
|    total_timesteps | 1560576  |
---------------------------------
------------------------------------------
| rollout/                |              |
|    ep_len_mean          | 265          |
|    ep_rew_mean          | 243          |
| time/                   |              |
|    fps                  | 337          |
|    iterations           | 763          |
|    time_elapsed         | 4627         |
|    total_timesteps      | 1562624      |
| train/                  |              |
|    approx_kl            | 0.0024524298 |
|    clip_fraction        | 0.112        |
|    clip_range           | 0.1          |
|    entropy_loss         | -0.497       |
|    explained_variance   | 0.962        |
|    learning_rate        | 0.00012      |
|    loss                 | 10.6         |
|    n_updates            | 7620         |
|    policy_gradient_loss | -0.000575    |
|    value_loss           | 34.3         |
------------------------------------------
------------------------------------------
| rollout/                |              |
|    ep_len_mean          | 265          |
|    ep_rew_mean          | 240          |
| time/                   |              |
|    fps                  | 337          |
|    iterations           | 764          |
|    time_elapsed         | 4633         |
|    total_timesteps      | 1564672      |
| train/                  |              |
|    approx_kl            | 0.0012607987 |
|    clip_fraction        | 0.0392       |
|    clip_range           | 0.1          |
|    entropy_loss         | -0.416       |
|    explained_variance   | 0.788        |
|    learning_rate        | 0.00012      |
|    loss                 | 117          |
|    n_updates            | 7630         |
|    policy_gradient_loss | -0.000413    |
|    value_loss           | 186          |
------------------------------------------
------------------------------------------
| rollout/                |              |
|    ep_len_mean          | 265          |
|    ep_rew_mean          | 241          |
| time/                   |              |
|    fps                  | 337          |
|    iterations           | 765          |
|    time_elapsed         | 4639         |
|    total_timesteps      | 1566720      |
| train/                  |              |
|    approx_kl            | 0.0020254133 |
|    clip_fraction        | 0.0989       |
|    clip_range           | 0.1          |
|    entropy_loss         | -0.468       |
|    explained_variance   | 0.871        |
|    learning_rate        | 0.00012      |
|    loss                 | 2.53         |
|    n_updates            | 7640         |
|    policy_gradient_loss | -0.000202    |
|    value_loss           | 51.4         |
------------------------------------------
-----------------------------------------
| rollout/                |             |
|    ep_len_mean          | 250         |
|    ep_rew_mean          | 246         |
| time/                   |             |
|    fps                  | 337         |
|    iterations           | 766         |
|    time_elapsed         | 4645        |
|    total_timesteps      | 1568768     |
| train/                  |             |
|    approx_kl            | 0.004301789 |
|    clip_fraction        | 0.0842      |
|    clip_range           | 0.1         |
|    entropy_loss         | -0.432      |
|    explained_variance   | 0.972       |
|    learning_rate        | 0.00012     |
|    loss                 | 6.96        |
|    n_updates            | 7650        |
|    policy_gradient_loss | -0.00045    |
|    value_loss           | 29.8        |
-----------------------------------------
------------------------------------------
| rollout/                |              |
|    ep_len_mean          | 239          |
|    ep_rew_mean          | 238          |
| time/                   |              |
|    fps                  | 337          |
|    iterations           | 767          |
|    time_elapsed         | 4651         |
|    total_timesteps      | 1570816      |
| train/                  |              |
|    approx_kl            | 0.0014776528 |
|    clip_fraction        | 0.0773       |
|    clip_range           | 0.1          |
|    entropy_loss         | -0.447       |
|    explained_variance   | 0.91         |
|    learning_rate        | 0.00012      |
|    loss                 | 13.2         |
|    n_updates            | 7660         |
|    policy_gradient_loss | -0.00289     |
|    value_loss           | 88.4         |
------------------------------------------
------------------------------------------
| rollout/                |              |
|    ep_len_mean          | 234          |
|    ep_rew_mean          | 235          |
| time/                   |              |
|    fps                  | 337          |
|    iterations           | 768          |
|    time_elapsed         | 4657         |
|    total_timesteps      | 1572864      |
| train/                  |              |
|    approx_kl            | 0.0020783017 |
|    clip_fraction        | 0.0506       |
|    clip_range           | 0.1          |
|    entropy_loss         | -0.434       |
|    explained_variance   | 0.813        |
|    learning_rate        | 0.00012      |
|    loss                 | 4.1          |
|    n_updates            | 7670         |
|    policy_gradient_loss | -0.000303    |
|    value_loss           | 108          |
------------------------------------------
------------------------------------------
| rollout/                |              |
|    ep_len_mean          | 243          |
|    ep_rew_mean          | 236          |
| time/                   |              |
|    fps                  | 337          |
|    iterations           | 769          |
|    time_elapsed         | 4664         |
|    total_timesteps      | 1574912      |
| train/                  |              |
|    approx_kl            | 0.0018622943 |
|    clip_fraction        | 0.0876       |
|    clip_range           | 0.1          |
|    entropy_loss         | -0.467       |
|    explained_variance   | 0.923        |
|    learning_rate        | 0.00012      |
|    loss                 | 22           |
|    n_updates            | 7680         |
|    policy_gradient_loss | -0.000586    |
|    value_loss           | 54.4         |
------------------------------------------
------------------------------------------
| rollout/                |              |
|    ep_len_mean          | 233          |
|    ep_rew_mean          | 236          |
| time/                   |              |
|    fps                  | 337          |
|    iterations           | 770          |
|    time_elapsed         | 4670         |
|    total_timesteps      | 1576960      |
| train/                  |              |
|    approx_kl            | 0.0026868605 |
|    clip_fraction        | 0.105        |
|    clip_range           | 0.1          |
|    entropy_loss         | -0.497       |
|    explained_variance   | 0.98         |
|    learning_rate        | 0.00012      |
|    loss                 | 3.61         |
|    n_updates            | 7690         |
|    policy_gradient_loss | -0.000532    |
|    value_loss           | 17.5         |
------------------------------------------
------------------------------------------
| rollout/                |              |
|    ep_len_mean          | 226          |
|    ep_rew_mean          | 232          |
| time/                   |              |
|    fps                  | 337          |
|    iterations           | 771          |
|    time_elapsed         | 4676         |
|    total_timesteps      | 1579008      |
| train/                  |              |
|    approx_kl            | 0.0023482933 |
|    clip_fraction        | 0.0769       |
|    clip_range           | 0.1          |
|    entropy_loss         | -0.44        |
|    explained_variance   | 0.881        |
|    learning_rate        | 0.00012      |
|    loss                 | 13.9         |
|    n_updates            | 7700         |
|    policy_gradient_loss | -0.00074     |
|    value_loss           | 96.9         |
------------------------------------------
Eval num_timesteps=1580000, episode_reward=182.07 +/- 81.99
Episode length: 507.20 +/- 402.93
------------------------------------------
| eval/                   |              |
|    mean_ep_length       | 507          |
|    mean_reward          | 182          |
| time/                   |              |
|    total_timesteps      | 1580000      |
| train/                  |              |
|    approx_kl            | 0.0022037993 |
|    clip_fraction        | 0.0702       |
|    clip_range           | 0.1          |
|    entropy_loss         | -0.483       |
|    explained_variance   | 0.959        |
|    learning_rate        | 0.00012      |
|    loss                 | 9.53         |
|    n_updates            | 7710         |
|    policy_gradient_loss | -0.00088     |
|    value_loss           | 52.6         |
------------------------------------------
---------------------------------
| rollout/           |          |
|    ep_len_mean     | 233      |
|    ep_rew_mean     | 227      |
| time/              |          |
|    fps             | 337      |
|    iterations      | 772      |
|    time_elapsed    | 4685     |
|    total_timesteps | 1581056  |
---------------------------------
-----------------------------------------
| rollout/                |             |
|    ep_len_mean          | 232         |
|    ep_rew_mean          | 222         |
| time/                   |             |
|    fps                  | 337         |
|    iterations           | 773         |
|    time_elapsed         | 4691        |
|    total_timesteps      | 1583104     |
| train/                  |             |
|    approx_kl            | 0.002501496 |
|    clip_fraction        | 0.0905      |
|    clip_range           | 0.1         |
|    entropy_loss         | -0.496      |
|    explained_variance   | 0.969       |
|    learning_rate        | 0.00012     |
|    loss                 | 10.7        |
|    n_updates            | 7720        |
|    policy_gradient_loss | 0.000683    |
|    value_loss           | 39.5        |
-----------------------------------------
-----------------------------------------
| rollout/                |             |
|    ep_len_mean          | 226         |
|    ep_rew_mean          | 229         |
| time/                   |             |
|    fps                  | 337         |
|    iterations           | 774         |
|    time_elapsed         | 4698        |
|    total_timesteps      | 1585152     |
| train/                  |             |
|    approx_kl            | 0.008325355 |
|    clip_fraction        | 0.157       |
|    clip_range           | 0.1         |
|    entropy_loss         | -0.503      |
|    explained_variance   | 0.971       |
|    learning_rate        | 0.00012     |
|    loss                 | 3.66        |
|    n_updates            | 7730        |
|    policy_gradient_loss | -0.00169    |
|    value_loss           | 36.2        |
-----------------------------------------
------------------------------------------
| rollout/                |              |
|    ep_len_mean          | 226          |
|    ep_rew_mean          | 229          |
| time/                   |              |
|    fps                  | 337          |
|    iterations           | 775          |
|    time_elapsed         | 4704         |
|    total_timesteps      | 1587200      |
| train/                  |              |
|    approx_kl            | 0.0018205461 |
|    clip_fraction        | 0.0728       |
|    clip_range           | 0.1          |
|    entropy_loss         | -0.464       |
|    explained_variance   | 0.931        |
|    learning_rate        | 0.00012      |
|    loss                 | 27.1         |
|    n_updates            | 7740         |
|    policy_gradient_loss | -0.00199     |
|    value_loss           | 36.4         |
------------------------------------------
------------------------------------------
| rollout/                |              |
|    ep_len_mean          | 227          |
|    ep_rew_mean          | 229          |
| time/                   |              |
|    fps                  | 337          |
|    iterations           | 776          |
|    time_elapsed         | 4710         |
|    total_timesteps      | 1589248      |
| train/                  |              |
|    approx_kl            | 0.0009980788 |
|    clip_fraction        | 0.0492       |
|    clip_range           | 0.1          |
|    entropy_loss         | -0.424       |
|    explained_variance   | 0.941        |
|    learning_rate        | 0.00012      |
|    loss                 | 30           |
|    n_updates            | 7750         |
|    policy_gradient_loss | -0.00078     |
|    value_loss           | 81.7         |
------------------------------------------
------------------------------------------
| rollout/                |              |
|    ep_len_mean          | 231          |
|    ep_rew_mean          | 229          |
| time/                   |              |
|    fps                  | 337          |
|    iterations           | 777          |
|    time_elapsed         | 4716         |
|    total_timesteps      | 1591296      |
| train/                  |              |
|    approx_kl            | 0.0022824341 |
|    clip_fraction        | 0.0845       |
|    clip_range           | 0.1          |
|    entropy_loss         | -0.461       |
|    explained_variance   | 0.936        |
|    learning_rate        | 0.00012      |
|    loss                 | 4.87         |
|    n_updates            | 7760         |
|    policy_gradient_loss | -0.00165     |
|    value_loss           | 84.3         |
------------------------------------------
------------------------------------------
| rollout/                |              |
|    ep_len_mean          | 240          |
|    ep_rew_mean          | 230          |
| time/                   |              |
|    fps                  | 337          |
|    iterations           | 778          |
|    time_elapsed         | 4722         |
|    total_timesteps      | 1593344      |
| train/                  |              |
|    approx_kl            | 0.0030054175 |
|    clip_fraction        | 0.0777       |
|    clip_range           | 0.1          |
|    entropy_loss         | -0.445       |
|    explained_variance   | 0.925        |
|    learning_rate        | 0.00012      |
|    loss                 | 12           |
|    n_updates            | 7770         |
|    policy_gradient_loss | -0.00145     |
|    value_loss           | 103          |
------------------------------------------
----------------------------------------
| rollout/                |            |
|    ep_len_mean          | 244        |
|    ep_rew_mean          | 238        |
| time/                   |            |
|    fps                  | 337        |
|    iterations           | 779        |
|    time_elapsed         | 4729       |
|    total_timesteps      | 1595392    |
| train/                  |            |
|    approx_kl            | 0.00478473 |
|    clip_fraction        | 0.141      |
|    clip_range           | 0.1        |
|    entropy_loss         | -0.519     |
|    explained_variance   | 0.944      |
|    learning_rate        | 0.00012    |
|    loss                 | 2.87       |
|    n_updates            | 7780       |
|    policy_gradient_loss | -0.000829  |
|    value_loss           | 21.5       |
----------------------------------------
------------------------------------------
| rollout/                |              |
|    ep_len_mean          | 235          |
|    ep_rew_mean          | 239          |
| time/                   |              |
|    fps                  | 337          |
|    iterations           | 780          |
|    time_elapsed         | 4735         |
|    total_timesteps      | 1597440      |
| train/                  |              |
|    approx_kl            | 0.0024381997 |
|    clip_fraction        | 0.0994       |
|    clip_range           | 0.1          |
|    entropy_loss         | -0.434       |
|    explained_variance   | 0.919        |
|    learning_rate        | 0.00012      |
|    loss                 | 10.2         |
|    n_updates            | 7790         |
|    policy_gradient_loss | -0.00119     |
|    value_loss           | 48.9         |
------------------------------------------
-----------------------------------------
| rollout/                |             |
|    ep_len_mean          | 236         |
|    ep_rew_mean          | 237         |
| time/                   |             |
|    fps                  | 337         |
|    iterations           | 781         |
|    time_elapsed         | 4741        |
|    total_timesteps      | 1599488     |
| train/                  |             |
|    approx_kl            | 0.002278534 |
|    clip_fraction        | 0.084       |
|    clip_range           | 0.1         |
|    entropy_loss         | -0.513      |
|    explained_variance   | 0.878       |
|    learning_rate        | 0.00012     |
|    loss                 | 6.89        |
|    n_updates            | 7800        |
|    policy_gradient_loss | -0.00171    |
|    value_loss           | 44.2        |
-----------------------------------------
Eval num_timesteps=1600000, episode_reward=279.75 +/- 13.52
Episode length: 205.60 +/- 15.03
------------------------------------------
| eval/                   |              |
|    mean_ep_length       | 206          |
|    mean_reward          | 280          |
| time/                   |              |
|    total_timesteps      | 1600000      |
| train/                  |              |
|    approx_kl            | 0.0037212463 |
|    clip_fraction        | 0.0968       |
|    clip_range           | 0.1          |
|    entropy_loss         | -0.425       |
|    explained_variance   | 0.844        |
|    learning_rate        | 0.00012      |
|    loss                 | 4.29         |
|    n_updates            | 7810         |
|    policy_gradient_loss | -0.000538    |
|    value_loss           | 64.9         |
------------------------------------------
---------------------------------
| rollout/           |          |
|    ep_len_mean     | 243      |
|    ep_rew_mean     | 237      |
| time/              |          |
|    fps             | 337      |
|    iterations      | 782      |
|    time_elapsed    | 4748     |
|    total_timesteps | 1601536  |
---------------------------------
------------------------------------------
| rollout/                |              |
|    ep_len_mean          | 246          |
|    ep_rew_mean          | 236          |
| time/                   |              |
|    fps                  | 337          |
|    iterations           | 783          |
|    time_elapsed         | 4754         |
|    total_timesteps      | 1603584      |
| train/                  |              |
|    approx_kl            | 0.0035369054 |
|    clip_fraction        | 0.124        |
|    clip_range           | 0.1          |
|    entropy_loss         | -0.507       |
|    explained_variance   | 0.959        |
|    learning_rate        | 0.00012      |
|    loss                 | 24.1         |
|    n_updates            | 7820         |
|    policy_gradient_loss | -0.000659    |
|    value_loss           | 44.4         |
------------------------------------------
------------------------------------------
| rollout/                |              |
|    ep_len_mean          | 243          |
|    ep_rew_mean          | 240          |
| time/                   |              |
|    fps                  | 337          |
|    iterations           | 784          |
|    time_elapsed         | 4761         |
|    total_timesteps      | 1605632      |
| train/                  |              |
|    approx_kl            | 0.0039463863 |
|    clip_fraction        | 0.151        |
|    clip_range           | 0.1          |
|    entropy_loss         | -0.538       |
|    explained_variance   | 0.973        |
|    learning_rate        | 0.00012      |
|    loss                 | 40.9         |
|    n_updates            | 7830         |
|    policy_gradient_loss | -0.00153     |
|    value_loss           | 34.7         |
------------------------------------------
-----------------------------------------
| rollout/                |             |
|    ep_len_mean          | 240         |
|    ep_rew_mean          | 239         |
| time/                   |             |
|    fps                  | 337         |
|    iterations           | 785         |
|    time_elapsed         | 4767        |
|    total_timesteps      | 1607680     |
| train/                  |             |
|    approx_kl            | 0.002771948 |
|    clip_fraction        | 0.0914      |
|    clip_range           | 0.1         |
|    entropy_loss         | -0.431      |
|    explained_variance   | 0.975       |
|    learning_rate        | 0.00012     |
|    loss                 | 6.9         |
|    n_updates            | 7840        |
|    policy_gradient_loss | -0.00108    |
|    value_loss           | 38.9        |
-----------------------------------------
------------------------------------------
| rollout/                |              |
|    ep_len_mean          | 251          |
|    ep_rew_mean          | 239          |
| time/                   |              |
|    fps                  | 337          |
|    iterations           | 786          |
|    time_elapsed         | 4773         |
|    total_timesteps      | 1609728      |
| train/                  |              |
|    approx_kl            | 0.0025807344 |
|    clip_fraction        | 0.0633       |
|    clip_range           | 0.1          |
|    entropy_loss         | -0.462       |
|    explained_variance   | 0.911        |
|    learning_rate        | 0.00012      |
|    loss                 | 25.8         |
|    n_updates            | 7850         |
|    policy_gradient_loss | -0.0014      |
|    value_loss           | 73.6         |
------------------------------------------
------------------------------------------
| rollout/                |              |
|    ep_len_mean          | 260          |
|    ep_rew_mean          | 232          |
| time/                   |              |
|    fps                  | 337          |
|    iterations           | 787          |
|    time_elapsed         | 4779         |
|    total_timesteps      | 1611776      |
| train/                  |              |
|    approx_kl            | 0.0027584606 |
|    clip_fraction        | 0.0906       |
|    clip_range           | 0.1          |
|    entropy_loss         | -0.476       |
|    explained_variance   | 0.967        |
|    learning_rate        | 0.00012      |
|    loss                 | 7.79         |
|    n_updates            | 7860         |
|    policy_gradient_loss | -0.00103     |
|    value_loss           | 59.3         |
------------------------------------------
------------------------------------------
| rollout/                |              |
|    ep_len_mean          | 260          |
|    ep_rew_mean          | 235          |
| time/                   |              |
|    fps                  | 337          |
|    iterations           | 788          |
|    time_elapsed         | 4785         |
|    total_timesteps      | 1613824      |
| train/                  |              |
|    approx_kl            | 0.0020341866 |
|    clip_fraction        | 0.0838       |
|    clip_range           | 0.1          |
|    entropy_loss         | -0.468       |
|    explained_variance   | 0.947        |
|    learning_rate        | 0.00012      |
|    loss                 | 6.97         |
|    n_updates            | 7870         |
|    policy_gradient_loss | 0.000498     |
|    value_loss           | 50.1         |
------------------------------------------
------------------------------------------
| rollout/                |              |
|    ep_len_mean          | 255          |
|    ep_rew_mean          | 233          |
| time/                   |              |
|    fps                  | 337          |
|    iterations           | 789          |
|    time_elapsed         | 4792         |
|    total_timesteps      | 1615872      |
| train/                  |              |
|    approx_kl            | 0.0016076923 |
|    clip_fraction        | 0.0783       |
|    clip_range           | 0.1          |
|    entropy_loss         | -0.488       |
|    explained_variance   | 0.904        |
|    learning_rate        | 0.00012      |
|    loss                 | 37.6         |
|    n_updates            | 7880         |
|    policy_gradient_loss | -0.00201     |
|    value_loss           | 86.6         |
------------------------------------------
------------------------------------------
| rollout/                |              |
|    ep_len_mean          | 261          |
|    ep_rew_mean          | 233          |
| time/                   |              |
|    fps                  | 337          |
|    iterations           | 790          |
|    time_elapsed         | 4798         |
|    total_timesteps      | 1617920      |
| train/                  |              |
|    approx_kl            | 0.0018894373 |
|    clip_fraction        | 0.081        |
|    clip_range           | 0.1          |
|    entropy_loss         | -0.474       |
|    explained_variance   | 0.983        |
|    learning_rate        | 0.00012      |
|    loss                 | 2.7          |
|    n_updates            | 7890         |
|    policy_gradient_loss | 0.000548     |
|    value_loss           | 20.2         |
------------------------------------------
-----------------------------------------
| rollout/                |             |
|    ep_len_mean          | 260         |
|    ep_rew_mean          | 229         |
| time/                   |             |
|    fps                  | 337         |
|    iterations           | 791         |
|    time_elapsed         | 4804        |
|    total_timesteps      | 1619968     |
| train/                  |             |
|    approx_kl            | 0.004606511 |
|    clip_fraction        | 0.19        |
|    clip_range           | 0.1         |
|    entropy_loss         | -0.629      |
|    explained_variance   | 0.993       |
|    learning_rate        | 0.00012     |
|    loss                 | 4.44        |
|    n_updates            | 7900        |
|    policy_gradient_loss | -0.000784   |
|    value_loss           | 11          |
-----------------------------------------
Eval num_timesteps=1620000, episode_reward=217.20 +/- 88.33
Episode length: 193.00 +/- 18.98
------------------------------------------
| eval/                   |              |
|    mean_ep_length       | 193          |
|    mean_reward          | 217          |
| time/                   |              |
|    total_timesteps      | 1620000      |
| train/                  |              |
|    approx_kl            | 0.0063612154 |
|    clip_fraction        | 0.141        |
|    clip_range           | 0.1          |
|    entropy_loss         | -0.513       |
|    explained_variance   | 0.976        |
|    learning_rate        | 0.00012      |
|    loss                 | 5.47         |
|    n_updates            | 7910         |
|    policy_gradient_loss | -0.00241     |
|    value_loss           | 44.3         |
------------------------------------------
---------------------------------
| rollout/           |          |
|    ep_len_mean     | 264      |
|    ep_rew_mean     | 233      |
| time/              |          |
|    fps             | 337      |
|    iterations      | 792      |
|    time_elapsed    | 4811     |
|    total_timesteps | 1622016  |
---------------------------------
------------------------------------------
| rollout/                |              |
|    ep_len_mean          | 274          |
|    ep_rew_mean          | 231          |
| time/                   |              |
|    fps                  | 337          |
|    iterations           | 793          |
|    time_elapsed         | 4818         |
|    total_timesteps      | 1624064      |
| train/                  |              |
|    approx_kl            | 0.0015988003 |
|    clip_fraction        | 0.0562       |
|    clip_range           | 0.1          |
|    entropy_loss         | -0.432       |
|    explained_variance   | 0.91         |
|    learning_rate        | 0.00012      |
|    loss                 | 12.8         |
|    n_updates            | 7920         |
|    policy_gradient_loss | -0.000812    |
|    value_loss           | 58.6         |
------------------------------------------
------------------------------------------
| rollout/                |              |
|    ep_len_mean          | 274          |
|    ep_rew_mean          | 229          |
| time/                   |              |
|    fps                  | 337          |
|    iterations           | 794          |
|    time_elapsed         | 4824         |
|    total_timesteps      | 1626112      |
| train/                  |              |
|    approx_kl            | 0.0030332839 |
|    clip_fraction        | 0.151        |
|    clip_range           | 0.1          |
|    entropy_loss         | -0.516       |
|    explained_variance   | 0.958        |
|    learning_rate        | 0.00012      |
|    loss                 | 2.2          |
|    n_updates            | 7930         |
|    policy_gradient_loss | 0.000322     |
|    value_loss           | 37.7         |
------------------------------------------
------------------------------------------
| rollout/                |              |
|    ep_len_mean          | 284          |
|    ep_rew_mean          | 230          |
| time/                   |              |
|    fps                  | 337          |
|    iterations           | 795          |
|    time_elapsed         | 4830         |
|    total_timesteps      | 1628160      |
| train/                  |              |
|    approx_kl            | 0.0015199669 |
|    clip_fraction        | 0.066        |
|    clip_range           | 0.1          |
|    entropy_loss         | -0.491       |
|    explained_variance   | 0.867        |
|    learning_rate        | 0.00012      |
|    loss                 | 31.7         |
|    n_updates            | 7940         |
|    policy_gradient_loss | -0.00124     |
|    value_loss           | 49.3         |
------------------------------------------
-----------------------------------------
| rollout/                |             |
|    ep_len_mean          | 283         |
|    ep_rew_mean          | 226         |
| time/                   |             |
|    fps                  | 337         |
|    iterations           | 796         |
|    time_elapsed         | 4836        |
|    total_timesteps      | 1630208     |
| train/                  |             |
|    approx_kl            | 0.002772958 |
|    clip_fraction        | 0.104       |
|    clip_range           | 0.1         |
|    entropy_loss         | -0.496      |
|    explained_variance   | 0.979       |
|    learning_rate        | 0.00012     |
|    loss                 | 3.41        |
|    n_updates            | 7950        |
|    policy_gradient_loss | -0.000935   |
|    value_loss           | 16          |
-----------------------------------------
-----------------------------------------
| rollout/                |             |
|    ep_len_mean          | 282         |
|    ep_rew_mean          | 227         |
| time/                   |             |
|    fps                  | 337         |
|    iterations           | 797         |
|    time_elapsed         | 4842        |
|    total_timesteps      | 1632256     |
| train/                  |             |
|    approx_kl            | 0.007920778 |
|    clip_fraction        | 0.099       |
|    clip_range           | 0.1         |
|    entropy_loss         | -0.44       |
|    explained_variance   | 0.945       |
|    learning_rate        | 0.00012     |
|    loss                 | 9.03        |
|    n_updates            | 7960        |
|    policy_gradient_loss | -0.000417   |
|    value_loss           | 40.6        |
-----------------------------------------
------------------------------------------
| rollout/                |              |
|    ep_len_mean          | 278          |
|    ep_rew_mean          | 223          |
| time/                   |              |
|    fps                  | 337          |
|    iterations           | 798          |
|    time_elapsed         | 4849         |
|    total_timesteps      | 1634304      |
| train/                  |              |
|    approx_kl            | 0.0025269783 |
|    clip_fraction        | 0.0948       |
|    clip_range           | 0.1          |
|    entropy_loss         | -0.504       |
|    explained_variance   | 0.974        |
|    learning_rate        | 0.00012      |
|    loss                 | 3.95         |
|    n_updates            | 7970         |
|    policy_gradient_loss | -0.000302    |
|    value_loss           | 14           |
------------------------------------------
------------------------------------------
| rollout/                |              |
|    ep_len_mean          | 270          |
|    ep_rew_mean          | 229          |
| time/                   |              |
|    fps                  | 337          |
|    iterations           | 799          |
|    time_elapsed         | 4855         |
|    total_timesteps      | 1636352      |
| train/                  |              |
|    approx_kl            | 0.0016327435 |
|    clip_fraction        | 0.062        |
|    clip_range           | 0.1          |
|    entropy_loss         | -0.375       |
|    explained_variance   | 0.892        |
|    learning_rate        | 0.00012      |
|    loss                 | 37.4         |
|    n_updates            | 7980         |
|    policy_gradient_loss | -0.000575    |
|    value_loss           | 64.2         |
------------------------------------------
------------------------------------------
| rollout/                |              |
|    ep_len_mean          | 278          |
|    ep_rew_mean          | 224          |
| time/                   |              |
|    fps                  | 337          |
|    iterations           | 800          |
|    time_elapsed         | 4861         |
|    total_timesteps      | 1638400      |
| train/                  |              |
|    approx_kl            | 0.0021921992 |
|    clip_fraction        | 0.0742       |
|    clip_range           | 0.1          |
|    entropy_loss         | -0.464       |
|    explained_variance   | 0.948        |
|    learning_rate        | 0.00012      |
|    loss                 | 7.54         |
|    n_updates            | 7990         |
|    policy_gradient_loss | 0.00012      |
|    value_loss           | 42.5         |
------------------------------------------
Eval num_timesteps=1640000, episode_reward=199.00 +/- 99.89
Episode length: 300.20 +/- 185.89
------------------------------------------
| eval/                   |              |
|    mean_ep_length       | 300          |
|    mean_reward          | 199          |
| time/                   |              |
|    total_timesteps      | 1640000      |
| train/                  |              |
|    approx_kl            | 0.0017741949 |
|    clip_fraction        | 0.0602       |
|    clip_range           | 0.1          |
|    entropy_loss         | -0.507       |
|    explained_variance   | 0.923        |
|    learning_rate        | 0.00012      |
|    loss                 | 5.77         |
|    n_updates            | 8000         |
|    policy_gradient_loss | -0.000526    |
|    value_loss           | 72.9         |
------------------------------------------
---------------------------------
| rollout/           |          |
|    ep_len_mean     | 277      |
|    ep_rew_mean     | 221      |
| time/              |          |
|    fps             | 336      |
|    iterations      | 801      |
|    time_elapsed    | 4869     |
|    total_timesteps | 1640448  |
---------------------------------
------------------------------------------
| rollout/                |              |
|    ep_len_mean          | 278          |
|    ep_rew_mean          | 221          |
| time/                   |              |
|    fps                  | 336          |
|    iterations           | 802          |
|    time_elapsed         | 4875         |
|    total_timesteps      | 1642496      |
| train/                  |              |
|    approx_kl            | 0.0014676717 |
|    clip_fraction        | 0.056        |
|    clip_range           | 0.1          |
|    entropy_loss         | -0.526       |
|    explained_variance   | 0.92         |
|    learning_rate        | 0.00012      |
|    loss                 | 15.2         |
|    n_updates            | 8010         |
|    policy_gradient_loss | -0.00164     |
|    value_loss           | 98           |
------------------------------------------
------------------------------------------
| rollout/                |              |
|    ep_len_mean          | 280          |
|    ep_rew_mean          | 224          |
| time/                   |              |
|    fps                  | 336          |
|    iterations           | 803          |
|    time_elapsed         | 4881         |
|    total_timesteps      | 1644544      |
| train/                  |              |
|    approx_kl            | 0.0028260301 |
|    clip_fraction        | 0.102        |
|    clip_range           | 0.1          |
|    entropy_loss         | -0.492       |
|    explained_variance   | 0.923        |
|    learning_rate        | 0.00012      |
|    loss                 | 15.6         |
|    n_updates            | 8020         |
|    policy_gradient_loss | -0.00103     |
|    value_loss           | 46.3         |
------------------------------------------
------------------------------------------
| rollout/                |              |
|    ep_len_mean          | 271          |
|    ep_rew_mean          | 224          |
| time/                   |              |
|    fps                  | 336          |
|    iterations           | 804          |
|    time_elapsed         | 4888         |
|    total_timesteps      | 1646592      |
| train/                  |              |
|    approx_kl            | 0.0011737873 |
|    clip_fraction        | 0.0687       |
|    clip_range           | 0.1          |
|    entropy_loss         | -0.469       |
|    explained_variance   | 0.968        |
|    learning_rate        | 0.00012      |
|    loss                 | 10.6         |
|    n_updates            | 8030         |
|    policy_gradient_loss | -0.000549    |
|    value_loss           | 39.9         |
------------------------------------------
------------------------------------------
| rollout/                |              |
|    ep_len_mean          | 280          |
|    ep_rew_mean          | 219          |
| time/                   |              |
|    fps                  | 336          |
|    iterations           | 805          |
|    time_elapsed         | 4894         |
|    total_timesteps      | 1648640      |
| train/                  |              |
|    approx_kl            | 0.0035913237 |
|    clip_fraction        | 0.135        |
|    clip_range           | 0.1          |
|    entropy_loss         | -0.615       |
|    explained_variance   | 0.965        |
|    learning_rate        | 0.00012      |
|    loss                 | 5.96         |
|    n_updates            | 8040         |
|    policy_gradient_loss | -0.00106     |
|    value_loss           | 19.1         |
------------------------------------------
------------------------------------------
| rollout/                |              |
|    ep_len_mean          | 272          |
|    ep_rew_mean          | 222          |
| time/                   |              |
|    fps                  | 336          |
|    iterations           | 806          |
|    time_elapsed         | 4900         |
|    total_timesteps      | 1650688      |
| train/                  |              |
|    approx_kl            | 0.0013871728 |
|    clip_fraction        | 0.0764       |
|    clip_range           | 0.1          |
|    entropy_loss         | -0.561       |
|    explained_variance   | 0.932        |
|    learning_rate        | 0.00012      |
|    loss                 | 5.39         |
|    n_updates            | 8050         |
|    policy_gradient_loss | -0.00111     |
|    value_loss           | 58.1         |
------------------------------------------
------------------------------------------
| rollout/                |              |
|    ep_len_mean          | 270          |
|    ep_rew_mean          | 224          |
| time/                   |              |
|    fps                  | 336          |
|    iterations           | 807          |
|    time_elapsed         | 4906         |
|    total_timesteps      | 1652736      |
| train/                  |              |
|    approx_kl            | 0.0020640388 |
|    clip_fraction        | 0.0704       |
|    clip_range           | 0.1          |
|    entropy_loss         | -0.457       |
|    explained_variance   | 0.919        |
|    learning_rate        | 0.00012      |
|    loss                 | 13.8         |
|    n_updates            | 8060         |
|    policy_gradient_loss | -0.0012      |
|    value_loss           | 52           |
------------------------------------------
-----------------------------------------
| rollout/                |             |
|    ep_len_mean          | 258         |
|    ep_rew_mean          | 228         |
| time/                   |             |
|    fps                  | 336         |
|    iterations           | 808         |
|    time_elapsed         | 4912        |
|    total_timesteps      | 1654784     |
| train/                  |             |
|    approx_kl            | 0.001827217 |
|    clip_fraction        | 0.0728      |
|    clip_range           | 0.1         |
|    entropy_loss         | -0.493      |
|    explained_variance   | 0.911       |
|    learning_rate        | 0.00012     |
|    loss                 | 7.91        |
|    n_updates            | 8070        |
|    policy_gradient_loss | -0.00047    |
|    value_loss           | 37.9        |
-----------------------------------------
------------------------------------------
| rollout/                |              |
|    ep_len_mean          | 262          |
|    ep_rew_mean          | 232          |
| time/                   |              |
|    fps                  | 336          |
|    iterations           | 809          |
|    time_elapsed         | 4918         |
|    total_timesteps      | 1656832      |
| train/                  |              |
|    approx_kl            | 0.0029877266 |
|    clip_fraction        | 0.0598       |
|    clip_range           | 0.1          |
|    entropy_loss         | -0.469       |
|    explained_variance   | 0.901        |
|    learning_rate        | 0.00012      |
|    loss                 | 12.4         |
|    n_updates            | 8080         |
|    policy_gradient_loss | -0.00165     |
|    value_loss           | 56.9         |
------------------------------------------
------------------------------------------
| rollout/                |              |
|    ep_len_mean          | 247          |
|    ep_rew_mean          | 227          |
| time/                   |              |
|    fps                  | 336          |
|    iterations           | 810          |
|    time_elapsed         | 4925         |
|    total_timesteps      | 1658880      |
| train/                  |              |
|    approx_kl            | 0.0025198013 |
|    clip_fraction        | 0.0531       |
|    clip_range           | 0.1          |
|    entropy_loss         | -0.42        |
|    explained_variance   | 0.932        |
|    learning_rate        | 0.00012      |
|    loss                 | 10           |
|    n_updates            | 8090         |
|    policy_gradient_loss | -0.00244     |
|    value_loss           | 65.9         |
------------------------------------------
Eval num_timesteps=1660000, episode_reward=256.95 +/- 32.63
Episode length: 234.20 +/- 81.87
------------------------------------------
| eval/                   |              |
|    mean_ep_length       | 234          |
|    mean_reward          | 257          |
| time/                   |              |
|    total_timesteps      | 1660000      |
| train/                  |              |
|    approx_kl            | 0.0014641576 |
|    clip_fraction        | 0.0455       |
|    clip_range           | 0.1          |
|    entropy_loss         | -0.424       |
|    explained_variance   | 0.862        |
|    learning_rate        | 0.00012      |
|    loss                 | 15.3         |
|    n_updates            | 8100         |
|    policy_gradient_loss | -0.00104     |
|    value_loss           | 91.5         |
------------------------------------------
---------------------------------
| rollout/           |          |
|    ep_len_mean     | 250      |
|    ep_rew_mean     | 233      |
| time/              |          |
|    fps             | 336      |
|    iterations      | 811      |
|    time_elapsed    | 4932     |
|    total_timesteps | 1660928  |
---------------------------------
------------------------------------------
| rollout/                |              |
|    ep_len_mean          | 232          |
|    ep_rew_mean          | 236          |
| time/                   |              |
|    fps                  | 336          |
|    iterations           | 812          |
|    time_elapsed         | 4938         |
|    total_timesteps      | 1662976      |
| train/                  |              |
|    approx_kl            | 0.0021752845 |
|    clip_fraction        | 0.105        |
|    clip_range           | 0.1          |
|    entropy_loss         | -0.497       |
|    explained_variance   | 0.9          |
|    learning_rate        | 0.00012      |
|    loss                 | 51.3         |
|    n_updates            | 8110         |
|    policy_gradient_loss | -0.000725    |
|    value_loss           | 41.4         |
------------------------------------------
------------------------------------------
| rollout/                |              |
|    ep_len_mean          | 230          |
|    ep_rew_mean          | 237          |
| time/                   |              |
|    fps                  | 336          |
|    iterations           | 813          |
|    time_elapsed         | 4944         |
|    total_timesteps      | 1665024      |
| train/                  |              |
|    approx_kl            | 0.0028908504 |
|    clip_fraction        | 0.0773       |
|    clip_range           | 0.1          |
|    entropy_loss         | -0.448       |
|    explained_variance   | 0.951        |
|    learning_rate        | 0.00012      |
|    loss                 | 8.84         |
|    n_updates            | 8120         |
|    policy_gradient_loss | -0.000163    |
|    value_loss           | 38.7         |
------------------------------------------
-----------------------------------------
| rollout/                |             |
|    ep_len_mean          | 226         |
|    ep_rew_mean          | 228         |
| time/                   |             |
|    fps                  | 336         |
|    iterations           | 814         |
|    time_elapsed         | 4950        |
|    total_timesteps      | 1667072     |
| train/                  |             |
|    approx_kl            | 0.003049224 |
|    clip_fraction        | 0.096       |
|    clip_range           | 0.1         |
|    entropy_loss         | -0.507      |
|    explained_variance   | 0.931       |
|    learning_rate        | 0.00012     |
|    loss                 | 19.5        |
|    n_updates            | 8130        |
|    policy_gradient_loss | 0.000251    |
|    value_loss           | 36.5        |
-----------------------------------------
------------------------------------------
| rollout/                |              |
|    ep_len_mean          | 211          |
|    ep_rew_mean          | 232          |
| time/                   |              |
|    fps                  | 336          |
|    iterations           | 815          |
|    time_elapsed         | 4955         |
|    total_timesteps      | 1669120      |
| train/                  |              |
|    approx_kl            | 0.0014636281 |
|    clip_fraction        | 0.0541       |
|    clip_range           | 0.1          |
|    entropy_loss         | -0.516       |
|    explained_variance   | 0.914        |
|    learning_rate        | 0.00012      |
|    loss                 | 26.8         |
|    n_updates            | 8140         |
|    policy_gradient_loss | -0.00147     |
|    value_loss           | 60.5         |
------------------------------------------
------------------------------------------
| rollout/                |              |
|    ep_len_mean          | 216          |
|    ep_rew_mean          | 240          |
| time/                   |              |
|    fps                  | 336          |
|    iterations           | 816          |
|    time_elapsed         | 4961         |
|    total_timesteps      | 1671168      |
| train/                  |              |
|    approx_kl            | 0.0014104664 |
|    clip_fraction        | 0.0506       |
|    clip_range           | 0.1          |
|    entropy_loss         | -0.447       |
|    explained_variance   | 0.955        |
|    learning_rate        | 0.00012      |
|    loss                 | 10.4         |
|    n_updates            | 8150         |
|    policy_gradient_loss | -0.00189     |
|    value_loss           | 51.1         |
------------------------------------------
-----------------------------------------
| rollout/                |             |
|    ep_len_mean          | 215         |
|    ep_rew_mean          | 240         |
| time/                   |             |
|    fps                  | 336         |
|    iterations           | 817         |
|    time_elapsed         | 4967        |
|    total_timesteps      | 1673216     |
| train/                  |             |
|    approx_kl            | 0.002018822 |
|    clip_fraction        | 0.0612      |
|    clip_range           | 0.1         |
|    entropy_loss         | -0.455      |
|    explained_variance   | 0.928       |
|    learning_rate        | 0.00012     |
|    loss                 | 24.9        |
|    n_updates            | 8160        |
|    policy_gradient_loss | -0.00246    |
|    value_loss           | 98.2        |
-----------------------------------------
------------------------------------------
| rollout/                |              |
|    ep_len_mean          | 214          |
|    ep_rew_mean          | 238          |
| time/                   |              |
|    fps                  | 336          |
|    iterations           | 818          |
|    time_elapsed         | 4973         |
|    total_timesteps      | 1675264      |
| train/                  |              |
|    approx_kl            | 0.0013494057 |
|    clip_fraction        | 0.0732       |
|    clip_range           | 0.1          |
|    entropy_loss         | -0.452       |
|    explained_variance   | 0.937        |
|    learning_rate        | 0.00012      |
|    loss                 | 11.1         |
|    n_updates            | 8170         |
|    policy_gradient_loss | 0.000328     |
|    value_loss           | 22.2         |
------------------------------------------
------------------------------------------
| rollout/                |              |
|    ep_len_mean          | 219          |
|    ep_rew_mean          | 234          |
| time/                   |              |
|    fps                  | 336          |
|    iterations           | 819          |
|    time_elapsed         | 4979         |
|    total_timesteps      | 1677312      |
| train/                  |              |
|    approx_kl            | 0.0025504206 |
|    clip_fraction        | 0.0815       |
|    clip_range           | 0.1          |
|    entropy_loss         | -0.441       |
|    explained_variance   | 0.919        |
|    learning_rate        | 0.00012      |
|    loss                 | 18.1         |
|    n_updates            | 8180         |
|    policy_gradient_loss | -0.00259     |
|    value_loss           | 105          |
------------------------------------------
-----------------------------------------
| rollout/                |             |
|    ep_len_mean          | 217         |
|    ep_rew_mean          | 235         |
| time/                   |             |
|    fps                  | 336         |
|    iterations           | 820         |
|    time_elapsed         | 4984        |
|    total_timesteps      | 1679360     |
| train/                  |             |
|    approx_kl            | 0.004667811 |
|    clip_fraction        | 0.179       |
|    clip_range           | 0.1         |
|    entropy_loss         | -0.549      |
|    explained_variance   | 0.956       |
|    learning_rate        | 0.00012     |
|    loss                 | 29          |
|    n_updates            | 8190        |
|    policy_gradient_loss | -0.000455   |
|    value_loss           | 76.1        |
-----------------------------------------
Eval num_timesteps=1680000, episode_reward=243.96 +/- 40.99
Episode length: 359.60 +/- 320.62
------------------------------------------
| eval/                   |              |
|    mean_ep_length       | 360          |
|    mean_reward          | 244          |
| time/                   |              |
|    total_timesteps      | 1680000      |
| train/                  |              |
|    approx_kl            | 0.0024310676 |
|    clip_fraction        | 0.0852       |
|    clip_range           | 0.1          |
|    entropy_loss         | -0.462       |
|    explained_variance   | 0.939        |
|    learning_rate        | 0.00012      |
|    loss                 | 16.7         |
|    n_updates            | 8200         |
|    policy_gradient_loss | -0.000139    |
|    value_loss           | 25.8         |
------------------------------------------
---------------------------------
| rollout/           |          |
|    ep_len_mean     | 217      |
|    ep_rew_mean     | 238      |
| time/              |          |
|    fps             | 336      |
|    iterations      | 821      |
|    time_elapsed    | 4992     |
|    total_timesteps | 1681408  |
---------------------------------
------------------------------------------
| rollout/                |              |
|    ep_len_mean          | 227          |
|    ep_rew_mean          | 238          |
| time/                   |              |
|    fps                  | 336          |
|    iterations           | 822          |
|    time_elapsed         | 4998         |
|    total_timesteps      | 1683456      |
| train/                  |              |
|    approx_kl            | 0.0025327648 |
|    clip_fraction        | 0.103        |
|    clip_range           | 0.1          |
|    entropy_loss         | -0.465       |
|    explained_variance   | 0.96         |
|    learning_rate        | 0.00012      |
|    loss                 | 7.73         |
|    n_updates            | 8210         |
|    policy_gradient_loss | -0.000134    |
|    value_loss           | 18.1         |
------------------------------------------
-----------------------------------------
| rollout/                |             |
|    ep_len_mean          | 227         |
|    ep_rew_mean          | 241         |
| time/                   |             |
|    fps                  | 336         |
|    iterations           | 823         |
|    time_elapsed         | 5004        |
|    total_timesteps      | 1685504     |
| train/                  |             |
|    approx_kl            | 0.004045916 |
|    clip_fraction        | 0.118       |
|    clip_range           | 0.1         |
|    entropy_loss         | -0.511      |
|    explained_variance   | 0.964       |
|    learning_rate        | 0.00012     |
|    loss                 | 4.94        |
|    n_updates            | 8220        |
|    policy_gradient_loss | -0.000867   |
|    value_loss           | 39.8        |
-----------------------------------------
------------------------------------------
| rollout/                |              |
|    ep_len_mean          | 226          |
|    ep_rew_mean          | 242          |
| time/                   |              |
|    fps                  | 336          |
|    iterations           | 824          |
|    time_elapsed         | 5009         |
|    total_timesteps      | 1687552      |
| train/                  |              |
|    approx_kl            | 0.0012423759 |
|    clip_fraction        | 0.0514       |
|    clip_range           | 0.1          |
|    entropy_loss         | -0.441       |
|    explained_variance   | 0.88         |
|    learning_rate        | 0.00012      |
|    loss                 | 8.4          |
|    n_updates            | 8230         |
|    policy_gradient_loss | -0.00119     |
|    value_loss           | 68.8         |
------------------------------------------
------------------------------------------
| rollout/                |              |
|    ep_len_mean          | 233          |
|    ep_rew_mean          | 242          |
| time/                   |              |
|    fps                  | 336          |
|    iterations           | 825          |
|    time_elapsed         | 5015         |
|    total_timesteps      | 1689600      |
| train/                  |              |
|    approx_kl            | 0.0049193585 |
|    clip_fraction        | 0.197        |
|    clip_range           | 0.1          |
|    entropy_loss         | -0.583       |
|    explained_variance   | 0.971        |
|    learning_rate        | 0.00012      |
|    loss                 | 1.78         |
|    n_updates            | 8240         |
|    policy_gradient_loss | -9.96e-06    |
|    value_loss           | 31.1         |
------------------------------------------
------------------------------------------
| rollout/                |              |
|    ep_len_mean          | 231          |
|    ep_rew_mean          | 242          |
| time/                   |              |
|    fps                  | 336          |
|    iterations           | 826          |
|    time_elapsed         | 5021         |
|    total_timesteps      | 1691648      |
| train/                  |              |
|    approx_kl            | 0.0023513816 |
|    clip_fraction        | 0.0863       |
|    clip_range           | 0.1          |
|    entropy_loss         | -0.564       |
|    explained_variance   | 0.913        |
|    learning_rate        | 0.00012      |
|    loss                 | 18.9         |
|    n_updates            | 8250         |
|    policy_gradient_loss | -0.00134     |
|    value_loss           | 54.7         |
------------------------------------------
------------------------------------------
| rollout/                |              |
|    ep_len_mean          | 228          |
|    ep_rew_mean          | 239          |
| time/                   |              |
|    fps                  | 336          |
|    iterations           | 827          |
|    time_elapsed         | 5027         |
|    total_timesteps      | 1693696      |
| train/                  |              |
|    approx_kl            | 0.0022743582 |
|    clip_fraction        | 0.0824       |
|    clip_range           | 0.1          |
|    entropy_loss         | -0.502       |
|    explained_variance   | 0.958        |
|    learning_rate        | 0.00012      |
|    loss                 | 4.41         |
|    n_updates            | 8260         |
|    policy_gradient_loss | -0.00143     |
|    value_loss           | 27.4         |
------------------------------------------
------------------------------------------
| rollout/                |              |
|    ep_len_mean          | 236          |
|    ep_rew_mean          | 236          |
| time/                   |              |
|    fps                  | 336          |
|    iterations           | 828          |
|    time_elapsed         | 5033         |
|    total_timesteps      | 1695744      |
| train/                  |              |
|    approx_kl            | 0.0055002794 |
|    clip_fraction        | 0.12         |
|    clip_range           | 0.1          |
|    entropy_loss         | -0.541       |
|    explained_variance   | 0.943        |
|    learning_rate        | 0.00012      |
|    loss                 | 11.2         |
|    n_updates            | 8270         |
|    policy_gradient_loss | -0.00179     |
|    value_loss           | 69.5         |
------------------------------------------
------------------------------------------
| rollout/                |              |
|    ep_len_mean          | 243          |
|    ep_rew_mean          | 232          |
| time/                   |              |
|    fps                  | 336          |
|    iterations           | 829          |
|    time_elapsed         | 5038         |
|    total_timesteps      | 1697792      |
| train/                  |              |
|    approx_kl            | 0.0019151529 |
|    clip_fraction        | 0.117        |
|    clip_range           | 0.1          |
|    entropy_loss         | -0.558       |
|    explained_variance   | 0.985        |
|    learning_rate        | 0.00012      |
|    loss                 | 8.5          |
|    n_updates            | 8280         |
|    policy_gradient_loss | -0.00127     |
|    value_loss           | 14           |
------------------------------------------
----------------------------------------
| rollout/                |            |
|    ep_len_mean          | 241        |
|    ep_rew_mean          | 236        |
| time/                   |            |
|    fps                  | 336        |
|    iterations           | 830        |
|    time_elapsed         | 5044       |
|    total_timesteps      | 1699840    |
| train/                  |            |
|    approx_kl            | 0.00334728 |
|    clip_fraction        | 0.121      |
|    clip_range           | 0.1        |
|    entropy_loss         | -0.554     |
|    explained_variance   | 0.945      |
|    learning_rate        | 0.00012    |
|    loss                 | 2.95       |
|    n_updates            | 8290       |
|    policy_gradient_loss | 0.000228   |
|    value_loss           | 43.2       |
----------------------------------------
Eval num_timesteps=1700000, episode_reward=115.27 +/- 133.79
Episode length: 318.00 +/- 342.29
------------------------------------------
| eval/                   |              |
|    mean_ep_length       | 318          |
|    mean_reward          | 115          |
| time/                   |              |
|    total_timesteps      | 1700000      |
| train/                  |              |
|    approx_kl            | 0.0026528013 |
|    clip_fraction        | 0.112        |
|    clip_range           | 0.1          |
|    entropy_loss         | -0.567       |
|    explained_variance   | 0.948        |
|    learning_rate        | 0.00012      |
|    loss                 | 10.6         |
|    n_updates            | 8300         |
|    policy_gradient_loss | -0.00255     |
|    value_loss           | 22.9         |
------------------------------------------
---------------------------------
| rollout/           |          |
|    ep_len_mean     | 237      |
|    ep_rew_mean     | 239      |
| time/              |          |
|    fps             | 336      |
|    iterations      | 831      |
|    time_elapsed    | 5052     |
|    total_timesteps | 1701888  |
---------------------------------
------------------------------------------
| rollout/                |              |
|    ep_len_mean          | 237          |
|    ep_rew_mean          | 240          |
| time/                   |              |
|    fps                  | 336          |
|    iterations           | 832          |
|    time_elapsed         | 5057         |
|    total_timesteps      | 1703936      |
| train/                  |              |
|    approx_kl            | 0.0014453689 |
|    clip_fraction        | 0.0429       |
|    clip_range           | 0.1          |
|    entropy_loss         | -0.494       |
|    explained_variance   | 0.908        |
|    learning_rate        | 0.00012      |
|    loss                 | 51.1         |
|    n_updates            | 8310         |
|    policy_gradient_loss | -0.000847    |
|    value_loss           | 107          |
------------------------------------------
------------------------------------------
| rollout/                |              |
|    ep_len_mean          | 227          |
|    ep_rew_mean          | 238          |
| time/                   |              |
|    fps                  | 336          |
|    iterations           | 833          |
|    time_elapsed         | 5063         |
|    total_timesteps      | 1705984      |
| train/                  |              |
|    approx_kl            | 0.0019312358 |
|    clip_fraction        | 0.0494       |
|    clip_range           | 0.1          |
|    entropy_loss         | -0.529       |
|    explained_variance   | 0.918        |
|    learning_rate        | 0.00012      |
|    loss                 | 4.7          |
|    n_updates            | 8320         |
|    policy_gradient_loss | -0.000144    |
|    value_loss           | 32.6         |
------------------------------------------
------------------------------------------
| rollout/                |              |
|    ep_len_mean          | 228          |
|    ep_rew_mean          | 236          |
| time/                   |              |
|    fps                  | 336          |
|    iterations           | 834          |
|    time_elapsed         | 5069         |
|    total_timesteps      | 1708032      |
| train/                  |              |
|    approx_kl            | 0.0026912196 |
|    clip_fraction        | 0.0813       |
|    clip_range           | 0.1          |
|    entropy_loss         | -0.511       |
|    explained_variance   | 0.839        |
|    learning_rate        | 0.00012      |
|    loss                 | 14           |
|    n_updates            | 8330         |
|    policy_gradient_loss | -0.00226     |
|    value_loss           | 51.9         |
------------------------------------------
------------------------------------------
| rollout/                |              |
|    ep_len_mean          | 220          |
|    ep_rew_mean          | 245          |
| time/                   |              |
|    fps                  | 336          |
|    iterations           | 835          |
|    time_elapsed         | 5075         |
|    total_timesteps      | 1710080      |
| train/                  |              |
|    approx_kl            | 0.0024520718 |
|    clip_fraction        | 0.0952       |
|    clip_range           | 0.1          |
|    entropy_loss         | -0.528       |
|    explained_variance   | 0.862        |
|    learning_rate        | 0.00012      |
|    loss                 | 4.99         |
|    n_updates            | 8340         |
|    policy_gradient_loss | -0.000544    |
|    value_loss           | 72.8         |
------------------------------------------
------------------------------------------
| rollout/                |              |
|    ep_len_mean          | 218          |
|    ep_rew_mean          | 240          |
| time/                   |              |
|    fps                  | 336          |
|    iterations           | 836          |
|    time_elapsed         | 5080         |
|    total_timesteps      | 1712128      |
| train/                  |              |
|    approx_kl            | 0.0018222276 |
|    clip_fraction        | 0.0581       |
|    clip_range           | 0.1          |
|    entropy_loss         | -0.49        |
|    explained_variance   | 0.864        |
|    learning_rate        | 0.00012      |
|    loss                 | 10.8         |
|    n_updates            | 8350         |
|    policy_gradient_loss | -0.00134     |
|    value_loss           | 87.4         |
------------------------------------------
------------------------------------------
| rollout/                |              |
|    ep_len_mean          | 223          |
|    ep_rew_mean          | 233          |
| time/                   |              |
|    fps                  | 337          |
|    iterations           | 837          |
|    time_elapsed         | 5086         |
|    total_timesteps      | 1714176      |
| train/                  |              |
|    approx_kl            | 0.0017750906 |
|    clip_fraction        | 0.0792       |
|    clip_range           | 0.1          |
|    entropy_loss         | -0.434       |
|    explained_variance   | 0.863        |
|    learning_rate        | 0.00012      |
|    loss                 | 17.7         |
|    n_updates            | 8360         |
|    policy_gradient_loss | -0.00198     |
|    value_loss           | 68.1         |
------------------------------------------
------------------------------------------
| rollout/                |              |
|    ep_len_mean          | 214          |
|    ep_rew_mean          | 236          |
| time/                   |              |
|    fps                  | 337          |
|    iterations           | 838          |
|    time_elapsed         | 5092         |
|    total_timesteps      | 1716224      |
| train/                  |              |
|    approx_kl            | 0.0021924474 |
|    clip_fraction        | 0.0942       |
|    clip_range           | 0.1          |
|    entropy_loss         | -0.515       |
|    explained_variance   | 0.925        |
|    learning_rate        | 0.00012      |
|    loss                 | 13.3         |
|    n_updates            | 8370         |
|    policy_gradient_loss | 0.000619     |
|    value_loss           | 36.6         |
------------------------------------------
------------------------------------------
| rollout/                |              |
|    ep_len_mean          | 210          |
|    ep_rew_mean          | 238          |
| time/                   |              |
|    fps                  | 337          |
|    iterations           | 839          |
|    time_elapsed         | 5098         |
|    total_timesteps      | 1718272      |
| train/                  |              |
|    approx_kl            | 0.0015591205 |
|    clip_fraction        | 0.0749       |
|    clip_range           | 0.1          |
|    entropy_loss         | -0.463       |
|    explained_variance   | 0.908        |
|    learning_rate        | 0.00012      |
|    loss                 | 8.49         |
|    n_updates            | 8380         |
|    policy_gradient_loss | -0.000917    |
|    value_loss           | 65.9         |
------------------------------------------
Eval num_timesteps=1720000, episode_reward=245.68 +/- 50.96
Episode length: 370.40 +/- 316.14
-----------------------------------------
| eval/                   |             |
|    mean_ep_length       | 370         |
|    mean_reward          | 246         |
| time/                   |             |
|    total_timesteps      | 1720000     |
| train/                  |             |
|    approx_kl            | 0.002533695 |
|    clip_fraction        | 0.0794      |
|    clip_range           | 0.1         |
|    entropy_loss         | -0.451      |
|    explained_variance   | 0.954       |
|    learning_rate        | 0.00012     |
|    loss                 | 10.6        |
|    n_updates            | 8390        |
|    policy_gradient_loss | -0.00147    |
|    value_loss           | 40.7        |
-----------------------------------------
---------------------------------
| rollout/           |          |
|    ep_len_mean     | 203      |
|    ep_rew_mean     | 226      |
| time/              |          |
|    fps             | 336      |
|    iterations      | 840      |
|    time_elapsed    | 5106     |
|    total_timesteps | 1720320  |
---------------------------------
------------------------------------------
| rollout/                |              |
|    ep_len_mean          | 201          |
|    ep_rew_mean          | 231          |
| time/                   |              |
|    fps                  | 336          |
|    iterations           | 841          |
|    time_elapsed         | 5112         |
|    total_timesteps      | 1722368      |
| train/                  |              |
|    approx_kl            | 0.0019427444 |
|    clip_fraction        | 0.0503       |
|    clip_range           | 0.1          |
|    entropy_loss         | -0.499       |
|    explained_variance   | 0.839        |
|    learning_rate        | 0.00012      |
|    loss                 | 8.65         |
|    n_updates            | 8400         |
|    policy_gradient_loss | -0.00258     |
|    value_loss           | 153          |
------------------------------------------
-----------------------------------------
| rollout/                |             |
|    ep_len_mean          | 206         |
|    ep_rew_mean          | 229         |
| time/                   |             |
|    fps                  | 336         |
|    iterations           | 842         |
|    time_elapsed         | 5118        |
|    total_timesteps      | 1724416     |
| train/                  |             |
|    approx_kl            | 0.002711827 |
|    clip_fraction        | 0.101       |
|    clip_range           | 0.1         |
|    entropy_loss         | -0.518      |
|    explained_variance   | 0.95        |
|    learning_rate        | 0.00012     |
|    loss                 | 3.9         |
|    n_updates            | 8410        |
|    policy_gradient_loss | -0.000198   |
|    value_loss           | 17.7        |
-----------------------------------------
------------------------------------------
| rollout/                |              |
|    ep_len_mean          | 204          |
|    ep_rew_mean          | 229          |
| time/                   |              |
|    fps                  | 336          |
|    iterations           | 843          |
|    time_elapsed         | 5124         |
|    total_timesteps      | 1726464      |
| train/                  |              |
|    approx_kl            | 0.0014145147 |
|    clip_fraction        | 0.0639       |
|    clip_range           | 0.1          |
|    entropy_loss         | -0.43        |
|    explained_variance   | 0.93         |
|    learning_rate        | 0.00012      |
|    loss                 | 62.9         |
|    n_updates            | 8420         |
|    policy_gradient_loss | -0.000801    |
|    value_loss           | 94           |
------------------------------------------
------------------------------------------
| rollout/                |              |
|    ep_len_mean          | 205          |
|    ep_rew_mean          | 231          |
| time/                   |              |
|    fps                  | 336          |
|    iterations           | 844          |
|    time_elapsed         | 5131         |
|    total_timesteps      | 1728512      |
| train/                  |              |
|    approx_kl            | 0.0019137841 |
|    clip_fraction        | 0.0807       |
|    clip_range           | 0.1          |
|    entropy_loss         | -0.473       |
|    explained_variance   | 0.843        |
|    learning_rate        | 0.00012      |
|    loss                 | 7.59         |
|    n_updates            | 8430         |
|    policy_gradient_loss | 0.00121      |
|    value_loss           | 43.6         |
------------------------------------------
------------------------------------------
| rollout/                |              |
|    ep_len_mean          | 208          |
|    ep_rew_mean          | 235          |
| time/                   |              |
|    fps                  | 336          |
|    iterations           | 845          |
|    time_elapsed         | 5137         |
|    total_timesteps      | 1730560      |
| train/                  |              |
|    approx_kl            | 0.0032475546 |
|    clip_fraction        | 0.135        |
|    clip_range           | 0.1          |
|    entropy_loss         | -0.536       |
|    explained_variance   | 0.948        |
|    learning_rate        | 0.00012      |
|    loss                 | 5.05         |
|    n_updates            | 8440         |
|    policy_gradient_loss | -0.00267     |
|    value_loss           | 26.2         |
------------------------------------------
-----------------------------------------
| rollout/                |             |
|    ep_len_mean          | 214         |
|    ep_rew_mean          | 235         |
| time/                   |             |
|    fps                  | 336         |
|    iterations           | 846         |
|    time_elapsed         | 5143        |
|    total_timesteps      | 1732608     |
| train/                  |             |
|    approx_kl            | 0.001224758 |
|    clip_fraction        | 0.103       |
|    clip_range           | 0.1         |
|    entropy_loss         | -0.531      |
|    explained_variance   | 0.915       |
|    learning_rate        | 0.00012     |
|    loss                 | 17.3        |
|    n_updates            | 8450        |
|    policy_gradient_loss | -0.000815   |
|    value_loss           | 36.4        |
-----------------------------------------
------------------------------------------
| rollout/                |              |
|    ep_len_mean          | 205          |
|    ep_rew_mean          | 238          |
| time/                   |              |
|    fps                  | 336          |
|    iterations           | 847          |
|    time_elapsed         | 5149         |
|    total_timesteps      | 1734656      |
| train/                  |              |
|    approx_kl            | 0.0013522621 |
|    clip_fraction        | 0.0539       |
|    clip_range           | 0.1          |
|    entropy_loss         | -0.478       |
|    explained_variance   | 0.923        |
|    learning_rate        | 0.00012      |
|    loss                 | 21.7         |
|    n_updates            | 8460         |
|    policy_gradient_loss | -0.00076     |
|    value_loss           | 90           |
------------------------------------------
-----------------------------------------
| rollout/                |             |
|    ep_len_mean          | 212         |
|    ep_rew_mean          | 234         |
| time/                   |             |
|    fps                  | 336         |
|    iterations           | 848         |
|    time_elapsed         | 5155        |
|    total_timesteps      | 1736704     |
| train/                  |             |
|    approx_kl            | 0.003439367 |
|    clip_fraction        | 0.125       |
|    clip_range           | 0.1         |
|    entropy_loss         | -0.535      |
|    explained_variance   | 0.874       |
|    learning_rate        | 0.00012     |
|    loss                 | 2.61        |
|    n_updates            | 8470        |
|    policy_gradient_loss | -0.000766   |
|    value_loss           | 45.5        |
-----------------------------------------
------------------------------------------
| rollout/                |              |
|    ep_len_mean          | 214          |
|    ep_rew_mean          | 240          |
| time/                   |              |
|    fps                  | 336          |
|    iterations           | 849          |
|    time_elapsed         | 5161         |
|    total_timesteps      | 1738752      |
| train/                  |              |
|    approx_kl            | 0.0033572859 |
|    clip_fraction        | 0.134        |
|    clip_range           | 0.1          |
|    entropy_loss         | -0.594       |
|    explained_variance   | 0.915        |
|    learning_rate        | 0.00012      |
|    loss                 | 5.83         |
|    n_updates            | 8480         |
|    policy_gradient_loss | -0.00121     |
|    value_loss           | 80.7         |
------------------------------------------
Eval num_timesteps=1740000, episode_reward=229.99 +/- 66.74
Episode length: 531.80 +/- 382.29
------------------------------------------
| eval/                   |              |
|    mean_ep_length       | 532          |
|    mean_reward          | 230          |
| time/                   |              |
|    total_timesteps      | 1740000      |
| train/                  |              |
|    approx_kl            | 0.0017198938 |
|    clip_fraction        | 0.0479       |
|    clip_range           | 0.1          |
|    entropy_loss         | -0.425       |
|    explained_variance   | 0.897        |
|    learning_rate        | 0.00012      |
|    loss                 | 14.3         |
|    n_updates            | 8490         |
|    policy_gradient_loss | -0.000806    |
|    value_loss           | 43.4         |
------------------------------------------
---------------------------------
| rollout/           |          |
|    ep_len_mean     | 210      |
|    ep_rew_mean     | 238      |
| time/              |          |
|    fps             | 336      |
|    iterations      | 850      |
|    time_elapsed    | 5170     |
|    total_timesteps | 1740800  |
---------------------------------
------------------------------------------
| rollout/                |              |
|    ep_len_mean          | 214          |
|    ep_rew_mean          | 245          |
| time/                   |              |
|    fps                  | 336          |
|    iterations           | 851          |
|    time_elapsed         | 5176         |
|    total_timesteps      | 1742848      |
| train/                  |              |
|    approx_kl            | 0.0013386824 |
|    clip_fraction        | 0.0616       |
|    clip_range           | 0.1          |
|    entropy_loss         | -0.468       |
|    explained_variance   | 0.924        |
|    learning_rate        | 0.00012      |
|    loss                 | 12.7         |
|    n_updates            | 8500         |
|    policy_gradient_loss | -0.00174     |
|    value_loss           | 71           |
------------------------------------------
------------------------------------------
| rollout/                |              |
|    ep_len_mean          | 210          |
|    ep_rew_mean          | 244          |
| time/                   |              |
|    fps                  | 336          |
|    iterations           | 852          |
|    time_elapsed         | 5182         |
|    total_timesteps      | 1744896      |
| train/                  |              |
|    approx_kl            | 0.0034162202 |
|    clip_fraction        | 0.133        |
|    clip_range           | 0.1          |
|    entropy_loss         | -0.469       |
|    explained_variance   | 0.922        |
|    learning_rate        | 0.00012      |
|    loss                 | 7.61         |
|    n_updates            | 8510         |
|    policy_gradient_loss | -0.00229     |
|    value_loss           | 15.4         |
------------------------------------------
------------------------------------------
| rollout/                |              |
|    ep_len_mean          | 212          |
|    ep_rew_mean          | 242          |
| time/                   |              |
|    fps                  | 336          |
|    iterations           | 853          |
|    time_elapsed         | 5188         |
|    total_timesteps      | 1746944      |
| train/                  |              |
|    approx_kl            | 0.0010608721 |
|    clip_fraction        | 0.0494       |
|    clip_range           | 0.1          |
|    entropy_loss         | -0.482       |
|    explained_variance   | 0.859        |
|    learning_rate        | 0.00012      |
|    loss                 | 8.44         |
|    n_updates            | 8520         |
|    policy_gradient_loss | -0.000129    |
|    value_loss           | 65.3         |
------------------------------------------
------------------------------------------
| rollout/                |              |
|    ep_len_mean          | 210          |
|    ep_rew_mean          | 239          |
| time/                   |              |
|    fps                  | 336          |
|    iterations           | 854          |
|    time_elapsed         | 5193         |
|    total_timesteps      | 1748992      |
| train/                  |              |
|    approx_kl            | 0.0013817693 |
|    clip_fraction        | 0.0729       |
|    clip_range           | 0.1          |
|    entropy_loss         | -0.485       |
|    explained_variance   | 0.83         |
|    learning_rate        | 0.00012      |
|    loss                 | 6.75         |
|    n_updates            | 8530         |
|    policy_gradient_loss | -0.00058     |
|    value_loss           | 66.2         |
------------------------------------------
------------------------------------------
| rollout/                |              |
|    ep_len_mean          | 208          |
|    ep_rew_mean          | 233          |
| time/                   |              |
|    fps                  | 336          |
|    iterations           | 855          |
|    time_elapsed         | 5199         |
|    total_timesteps      | 1751040      |
| train/                  |              |
|    approx_kl            | 0.0020494706 |
|    clip_fraction        | 0.106        |
|    clip_range           | 0.1          |
|    entropy_loss         | -0.508       |
|    explained_variance   | 0.87         |
|    learning_rate        | 0.00012      |
|    loss                 | 9.57         |
|    n_updates            | 8540         |
|    policy_gradient_loss | -0.00134     |
|    value_loss           | 55.5         |
------------------------------------------
-----------------------------------------
| rollout/                |             |
|    ep_len_mean          | 214         |
|    ep_rew_mean          | 238         |
| time/                   |             |
|    fps                  | 336         |
|    iterations           | 856         |
|    time_elapsed         | 5205        |
|    total_timesteps      | 1753088     |
| train/                  |             |
|    approx_kl            | 0.002005631 |
|    clip_fraction        | 0.0853      |
|    clip_range           | 0.1         |
|    entropy_loss         | -0.53       |
|    explained_variance   | 0.961       |
|    learning_rate        | 0.00012     |
|    loss                 | 12.6        |
|    n_updates            | 8550        |
|    policy_gradient_loss | -0.000442   |
|    value_loss           | 72.6        |
-----------------------------------------
------------------------------------------
| rollout/                |              |
|    ep_len_mean          | 214          |
|    ep_rew_mean          | 240          |
| time/                   |              |
|    fps                  | 336          |
|    iterations           | 857          |
|    time_elapsed         | 5211         |
|    total_timesteps      | 1755136      |
| train/                  |              |
|    approx_kl            | 0.0036977185 |
|    clip_fraction        | 0.0849       |
|    clip_range           | 0.1          |
|    entropy_loss         | -0.505       |
|    explained_variance   | 0.914        |
|    learning_rate        | 0.00012      |
|    loss                 | 10           |
|    n_updates            | 8560         |
|    policy_gradient_loss | -0.00224     |
|    value_loss           | 40.2         |
------------------------------------------
------------------------------------------
| rollout/                |              |
|    ep_len_mean          | 213          |
|    ep_rew_mean          | 240          |
| time/                   |              |
|    fps                  | 336          |
|    iterations           | 858          |
|    time_elapsed         | 5217         |
|    total_timesteps      | 1757184      |
| train/                  |              |
|    approx_kl            | 0.0015910263 |
|    clip_fraction        | 0.0624       |
|    clip_range           | 0.1          |
|    entropy_loss         | -0.41        |
|    explained_variance   | 0.945        |
|    learning_rate        | 0.00012      |
|    loss                 | 6.45         |
|    n_updates            | 8570         |
|    policy_gradient_loss | -0.000804    |
|    value_loss           | 40.6         |
------------------------------------------
------------------------------------------
| rollout/                |              |
|    ep_len_mean          | 212          |
|    ep_rew_mean          | 242          |
| time/                   |              |
|    fps                  | 336          |
|    iterations           | 859          |
|    time_elapsed         | 5223         |
|    total_timesteps      | 1759232      |
| train/                  |              |
|    approx_kl            | 0.0027021635 |
|    clip_fraction        | 0.159        |
|    clip_range           | 0.1          |
|    entropy_loss         | -0.578       |
|    explained_variance   | 0.951        |
|    learning_rate        | 0.00012      |
|    loss                 | 2.3          |
|    n_updates            | 8580         |
|    policy_gradient_loss | -0.000945    |
|    value_loss           | 15.5         |
------------------------------------------
Eval num_timesteps=1760000, episode_reward=219.29 +/- 97.24
Episode length: 347.00 +/- 255.60
------------------------------------------
| eval/                   |              |
|    mean_ep_length       | 347          |
|    mean_reward          | 219          |
| time/                   |              |
|    total_timesteps      | 1760000      |
| train/                  |              |
|    approx_kl            | 0.0023516342 |
|    clip_fraction        | 0.187        |
|    clip_range           | 0.1          |
|    entropy_loss         | -0.589       |
|    explained_variance   | 0.961        |
|    learning_rate        | 0.00012      |
|    loss                 | 11.3         |
|    n_updates            | 8590         |
|    policy_gradient_loss | -0.000826    |
|    value_loss           | 43.6         |
------------------------------------------
---------------------------------
| rollout/           |          |
|    ep_len_mean     | 222      |
|    ep_rew_mean     | 243      |
| time/              |          |
|    fps             | 336      |
|    iterations      | 860      |
|    time_elapsed    | 5231     |
|    total_timesteps | 1761280  |
---------------------------------
------------------------------------------
| rollout/                |              |
|    ep_len_mean          | 225          |
|    ep_rew_mean          | 248          |
| time/                   |              |
|    fps                  | 336          |
|    iterations           | 861          |
|    time_elapsed         | 5237         |
|    total_timesteps      | 1763328      |
| train/                  |              |
|    approx_kl            | 0.0017731922 |
|    clip_fraction        | 0.0668       |
|    clip_range           | 0.1          |
|    entropy_loss         | -0.461       |
|    explained_variance   | 0.962        |
|    learning_rate        | 0.00012      |
|    loss                 | 6.57         |
|    n_updates            | 8600         |
|    policy_gradient_loss | -0.0027      |
|    value_loss           | 34.3         |
------------------------------------------
----------------------------------------
| rollout/                |            |
|    ep_len_mean          | 230        |
|    ep_rew_mean          | 241        |
| time/                   |            |
|    fps                  | 336        |
|    iterations           | 862        |
|    time_elapsed         | 5243       |
|    total_timesteps      | 1765376    |
| train/                  |            |
|    approx_kl            | 0.00251927 |
|    clip_fraction        | 0.0929     |
|    clip_range           | 0.1        |
|    entropy_loss         | -0.459     |
|    explained_variance   | 0.96       |
|    learning_rate        | 0.00012    |
|    loss                 | 5.8        |
|    n_updates            | 8610       |
|    policy_gradient_loss | -0.000201  |
|    value_loss           | 13.7       |
----------------------------------------
------------------------------------------
| rollout/                |              |
|    ep_len_mean          | 230          |
|    ep_rew_mean          | 236          |
| time/                   |              |
|    fps                  | 336          |
|    iterations           | 863          |
|    time_elapsed         | 5249         |
|    total_timesteps      | 1767424      |
| train/                  |              |
|    approx_kl            | 0.0017741681 |
|    clip_fraction        | 0.0629       |
|    clip_range           | 0.1          |
|    entropy_loss         | -0.451       |
|    explained_variance   | 0.935        |
|    learning_rate        | 0.00012      |
|    loss                 | 16.5         |
|    n_updates            | 8620         |
|    policy_gradient_loss | -0.000973    |
|    value_loss           | 41.9         |
------------------------------------------
------------------------------------------
| rollout/                |              |
|    ep_len_mean          | 240          |
|    ep_rew_mean          | 237          |
| time/                   |              |
|    fps                  | 336          |
|    iterations           | 864          |
|    time_elapsed         | 5255         |
|    total_timesteps      | 1769472      |
| train/                  |              |
|    approx_kl            | 0.0015917176 |
|    clip_fraction        | 0.0615       |
|    clip_range           | 0.1          |
|    entropy_loss         | -0.476       |
|    explained_variance   | 0.872        |
|    learning_rate        | 0.00012      |
|    loss                 | 4.34         |
|    n_updates            | 8630         |
|    policy_gradient_loss | -0.000782    |
|    value_loss           | 80.1         |
------------------------------------------
------------------------------------------
| rollout/                |              |
|    ep_len_mean          | 245          |
|    ep_rew_mean          | 237          |
| time/                   |              |
|    fps                  | 336          |
|    iterations           | 865          |
|    time_elapsed         | 5261         |
|    total_timesteps      | 1771520      |
| train/                  |              |
|    approx_kl            | 0.0021603538 |
|    clip_fraction        | 0.103        |
|    clip_range           | 0.1          |
|    entropy_loss         | -0.544       |
|    explained_variance   | 0.958        |
|    learning_rate        | 0.00012      |
|    loss                 | 2.3          |
|    n_updates            | 8640         |
|    policy_gradient_loss | -0.000682    |
|    value_loss           | 15.6         |
------------------------------------------
------------------------------------------
| rollout/                |              |
|    ep_len_mean          | 246          |
|    ep_rew_mean          | 238          |
| time/                   |              |
|    fps                  | 336          |
|    iterations           | 866          |
|    time_elapsed         | 5267         |
|    total_timesteps      | 1773568      |
| train/                  |              |
|    approx_kl            | 0.0035584108 |
|    clip_fraction        | 0.175        |
|    clip_range           | 0.1          |
|    entropy_loss         | -0.575       |
|    explained_variance   | 0.946        |
|    learning_rate        | 0.00012      |
|    loss                 | 20.2         |
|    n_updates            | 8650         |
|    policy_gradient_loss | -0.00149     |
|    value_loss           | 44           |
------------------------------------------
------------------------------------------
| rollout/                |              |
|    ep_len_mean          | 250          |
|    ep_rew_mean          | 241          |
| time/                   |              |
|    fps                  | 336          |
|    iterations           | 867          |
|    time_elapsed         | 5273         |
|    total_timesteps      | 1775616      |
| train/                  |              |
|    approx_kl            | 0.0015252195 |
|    clip_fraction        | 0.0747       |
|    clip_range           | 0.1          |
|    entropy_loss         | -0.538       |
|    explained_variance   | 0.889        |
|    learning_rate        | 0.00012      |
|    loss                 | 9.95         |
|    n_updates            | 8660         |
|    policy_gradient_loss | -0.00175     |
|    value_loss           | 55.7         |
------------------------------------------
------------------------------------------
| rollout/                |              |
|    ep_len_mean          | 254          |
|    ep_rew_mean          | 239          |
| time/                   |              |
|    fps                  | 336          |
|    iterations           | 868          |
|    time_elapsed         | 5279         |
|    total_timesteps      | 1777664      |
| train/                  |              |
|    approx_kl            | 0.0044019716 |
|    clip_fraction        | 0.0999       |
|    clip_range           | 0.1          |
|    entropy_loss         | -0.497       |
|    explained_variance   | 0.939        |
|    learning_rate        | 0.00012      |
|    loss                 | 9.92         |
|    n_updates            | 8670         |
|    policy_gradient_loss | -0.00257     |
|    value_loss           | 22.4         |
------------------------------------------
-----------------------------------------
| rollout/                |             |
|    ep_len_mean          | 262         |
|    ep_rew_mean          | 240         |
| time/                   |             |
|    fps                  | 336         |
|    iterations           | 869         |
|    time_elapsed         | 5285        |
|    total_timesteps      | 1779712     |
| train/                  |             |
|    approx_kl            | 0.005025296 |
|    clip_fraction        | 0.181       |
|    clip_range           | 0.1         |
|    entropy_loss         | -0.536      |
|    explained_variance   | 0.985       |
|    learning_rate        | 0.00012     |
|    loss                 | 0.973       |
|    n_updates            | 8680        |
|    policy_gradient_loss | -0.000464   |
|    value_loss           | 8.99        |
-----------------------------------------
Eval num_timesteps=1780000, episode_reward=206.35 +/- 105.47
Episode length: 195.20 +/- 10.03
-----------------------------------------
| eval/                   |             |
|    mean_ep_length       | 195         |
|    mean_reward          | 206         |
| time/                   |             |
|    total_timesteps      | 1780000     |
| train/                  |             |
|    approx_kl            | 0.004834026 |
|    clip_fraction        | 0.196       |
|    clip_range           | 0.1         |
|    entropy_loss         | -0.577      |
|    explained_variance   | 0.989       |
|    learning_rate        | 0.00012     |
|    loss                 | 0.638       |
|    n_updates            | 8690        |
|    policy_gradient_loss | 0.000619    |
|    value_loss           | 5.6         |
-----------------------------------------
---------------------------------
| rollout/           |          |
|    ep_len_mean     | 266      |
|    ep_rew_mean     | 237      |
| time/              |          |
|    fps             | 336      |
|    iterations      | 870      |
|    time_elapsed    | 5292     |
|    total_timesteps | 1781760  |
---------------------------------
-----------------------------------------
| rollout/                |             |
|    ep_len_mean          | 266         |
|    ep_rew_mean          | 237         |
| time/                   |             |
|    fps                  | 336         |
|    iterations           | 871         |
|    time_elapsed         | 5298        |
|    total_timesteps      | 1783808     |
| train/                  |             |
|    approx_kl            | 0.001961101 |
|    clip_fraction        | 0.0559      |
|    clip_range           | 0.1         |
|    entropy_loss         | -0.472      |
|    explained_variance   | 0.935       |
|    learning_rate        | 0.00012     |
|    loss                 | 13.9        |
|    n_updates            | 8700        |
|    policy_gradient_loss | -0.00288    |
|    value_loss           | 40          |
-----------------------------------------
------------------------------------------
| rollout/                |              |
|    ep_len_mean          | 259          |
|    ep_rew_mean          | 234          |
| time/                   |              |
|    fps                  | 336          |
|    iterations           | 872          |
|    time_elapsed         | 5304         |
|    total_timesteps      | 1785856      |
| train/                  |              |
|    approx_kl            | 0.0028850934 |
|    clip_fraction        | 0.147        |
|    clip_range           | 0.1          |
|    entropy_loss         | -0.573       |
|    explained_variance   | 0.943        |
|    learning_rate        | 0.00012      |
|    loss                 | 29           |
|    n_updates            | 8710         |
|    policy_gradient_loss | -0.000853    |
|    value_loss           | 54.5         |
------------------------------------------
-----------------------------------------
| rollout/                |             |
|    ep_len_mean          | 267         |
|    ep_rew_mean          | 231         |
| time/                   |             |
|    fps                  | 336         |
|    iterations           | 873         |
|    time_elapsed         | 5310        |
|    total_timesteps      | 1787904     |
| train/                  |             |
|    approx_kl            | 0.001497827 |
|    clip_fraction        | 0.0574      |
|    clip_range           | 0.1         |
|    entropy_loss         | -0.467      |
|    explained_variance   | 0.944       |
|    learning_rate        | 0.00012     |
|    loss                 | 9.6         |
|    n_updates            | 8720        |
|    policy_gradient_loss | -0.00226    |
|    value_loss           | 58.7        |
-----------------------------------------
------------------------------------------
| rollout/                |              |
|    ep_len_mean          | 275          |
|    ep_rew_mean          | 230          |
| time/                   |              |
|    fps                  | 336          |
|    iterations           | 874          |
|    time_elapsed         | 5316         |
|    total_timesteps      | 1789952      |
| train/                  |              |
|    approx_kl            | 0.0015886414 |
|    clip_fraction        | 0.0879       |
|    clip_range           | 0.1          |
|    entropy_loss         | -0.55        |
|    explained_variance   | 0.961        |
|    learning_rate        | 0.00012      |
|    loss                 | 38.6         |
|    n_updates            | 8730         |
|    policy_gradient_loss | -0.00144     |
|    value_loss           | 53.9         |
------------------------------------------
------------------------------------------
| rollout/                |              |
|    ep_len_mean          | 268          |
|    ep_rew_mean          | 235          |
| time/                   |              |
|    fps                  | 336          |
|    iterations           | 875          |
|    time_elapsed         | 5322         |
|    total_timesteps      | 1792000      |
| train/                  |              |
|    approx_kl            | 0.0021399718 |
|    clip_fraction        | 0.0652       |
|    clip_range           | 0.1          |
|    entropy_loss         | -0.515       |
|    explained_variance   | 0.966        |
|    learning_rate        | 0.00012      |
|    loss                 | 19.1         |
|    n_updates            | 8740         |
|    policy_gradient_loss | -0.000416    |
|    value_loss           | 27.6         |
------------------------------------------
------------------------------------------
| rollout/                |              |
|    ep_len_mean          | 276          |
|    ep_rew_mean          | 233          |
| time/                   |              |
|    fps                  | 336          |
|    iterations           | 876          |
|    time_elapsed         | 5328         |
|    total_timesteps      | 1794048      |
| train/                  |              |
|    approx_kl            | 0.0028705834 |
|    clip_fraction        | 0.0857       |
|    clip_range           | 0.1          |
|    entropy_loss         | -0.511       |
|    explained_variance   | 0.885        |
|    learning_rate        | 0.00012      |
|    loss                 | 5.52         |
|    n_updates            | 8750         |
|    policy_gradient_loss | 0.00042      |
|    value_loss           | 26.4         |
------------------------------------------
------------------------------------------
| rollout/                |              |
|    ep_len_mean          | 269          |
|    ep_rew_mean          | 236          |
| time/                   |              |
|    fps                  | 336          |
|    iterations           | 877          |
|    time_elapsed         | 5333         |
|    total_timesteps      | 1796096      |
| train/                  |              |
|    approx_kl            | 0.0015222538 |
|    clip_fraction        | 0.0995       |
|    clip_range           | 0.1          |
|    entropy_loss         | -0.51        |
|    explained_variance   | 0.992        |
|    learning_rate        | 0.00012      |
|    loss                 | 3.05         |
|    n_updates            | 8760         |
|    policy_gradient_loss | -0.00043     |
|    value_loss           | 8.43         |
------------------------------------------
------------------------------------------
| rollout/                |              |
|    ep_len_mean          | 263          |
|    ep_rew_mean          | 243          |
| time/                   |              |
|    fps                  | 336          |
|    iterations           | 878          |
|    time_elapsed         | 5339         |
|    total_timesteps      | 1798144      |
| train/                  |              |
|    approx_kl            | 0.0022330699 |
|    clip_fraction        | 0.101        |
|    clip_range           | 0.1          |
|    entropy_loss         | -0.501       |
|    explained_variance   | 0.958        |
|    learning_rate        | 0.00012      |
|    loss                 | 3.71         |
|    n_updates            | 8770         |
|    policy_gradient_loss | -0.00191     |
|    value_loss           | 27.1         |
------------------------------------------
Eval num_timesteps=1800000, episode_reward=271.10 +/- 53.96
Episode length: 463.00 +/- 296.46
------------------------------------------
| eval/                   |              |
|    mean_ep_length       | 463          |
|    mean_reward          | 271          |
| time/                   |              |
|    total_timesteps      | 1800000      |
| train/                  |              |
|    approx_kl            | 0.0012365918 |
|    clip_fraction        | 0.0683       |
|    clip_range           | 0.1          |
|    entropy_loss         | -0.485       |
|    explained_variance   | 0.946        |
|    learning_rate        | 0.00012      |
|    loss                 | 4.66         |
|    n_updates            | 8780         |
|    policy_gradient_loss | -0.000908    |
|    value_loss           | 15.9         |
------------------------------------------
---------------------------------
| rollout/           |          |
|    ep_len_mean     | 264      |
|    ep_rew_mean     | 246      |
| time/              |          |
|    fps             | 336      |
|    iterations      | 879      |
|    time_elapsed    | 5347     |
|    total_timesteps | 1800192  |
---------------------------------
------------------------------------------
| rollout/                |              |
|    ep_len_mean          | 253          |
|    ep_rew_mean          | 248          |
| time/                   |              |
|    fps                  | 336          |
|    iterations           | 880          |
|    time_elapsed         | 5353         |
|    total_timesteps      | 1802240      |
| train/                  |              |
|    approx_kl            | 0.0014918797 |
|    clip_fraction        | 0.06         |
|    clip_range           | 0.1          |
|    entropy_loss         | -0.492       |
|    explained_variance   | 0.908        |
|    learning_rate        | 0.00012      |
|    loss                 | 12.1         |
|    n_updates            | 8790         |
|    policy_gradient_loss | -0.000526    |
|    value_loss           | 42.6         |
------------------------------------------
------------------------------------------
| rollout/                |              |
|    ep_len_mean          | 253          |
|    ep_rew_mean          | 249          |
| time/                   |              |
|    fps                  | 336          |
|    iterations           | 881          |
|    time_elapsed         | 5359         |
|    total_timesteps      | 1804288      |
| train/                  |              |
|    approx_kl            | 0.0022704178 |
|    clip_fraction        | 0.0922       |
|    clip_range           | 0.1          |
|    entropy_loss         | -0.529       |
|    explained_variance   | 0.832        |
|    learning_rate        | 0.00012      |
|    loss                 | 7.31         |
|    n_updates            | 8800         |
|    policy_gradient_loss | -0.00118     |
|    value_loss           | 38.9         |
------------------------------------------
-----------------------------------------
| rollout/                |             |
|    ep_len_mean          | 244         |
|    ep_rew_mean          | 245         |
| time/                   |             |
|    fps                  | 336         |
|    iterations           | 882         |
|    time_elapsed         | 5365        |
|    total_timesteps      | 1806336     |
| train/                  |             |
|    approx_kl            | 0.008157242 |
|    clip_fraction        | 0.256       |
|    clip_range           | 0.1         |
|    entropy_loss         | -0.585      |
|    explained_variance   | 0.992       |
|    learning_rate        | 0.00012     |
|    loss                 | 0.863       |
|    n_updates            | 8810        |
|    policy_gradient_loss | 0.000938    |
|    value_loss           | 5.33        |
-----------------------------------------
------------------------------------------
| rollout/                |              |
|    ep_len_mean          | 236          |
|    ep_rew_mean          | 246          |
| time/                   |              |
|    fps                  | 336          |
|    iterations           | 883          |
|    time_elapsed         | 5371         |
|    total_timesteps      | 1808384      |
| train/                  |              |
|    approx_kl            | 0.0013446505 |
|    clip_fraction        | 0.0689       |
|    clip_range           | 0.1          |
|    entropy_loss         | -0.51        |
|    explained_variance   | 0.789        |
|    learning_rate        | 0.00012      |
|    loss                 | 9.71         |
|    n_updates            | 8820         |
|    policy_gradient_loss | 0.000845     |
|    value_loss           | 106          |
------------------------------------------
------------------------------------------
| rollout/                |              |
|    ep_len_mean          | 231          |
|    ep_rew_mean          | 254          |
| time/                   |              |
|    fps                  | 336          |
|    iterations           | 884          |
|    time_elapsed         | 5377         |
|    total_timesteps      | 1810432      |
| train/                  |              |
|    approx_kl            | 0.0014134806 |
|    clip_fraction        | 0.0426       |
|    clip_range           | 0.1          |
|    entropy_loss         | -0.469       |
|    explained_variance   | 0.831        |
|    learning_rate        | 0.00012      |
|    loss                 | 13.9         |
|    n_updates            | 8830         |
|    policy_gradient_loss | -0.00115     |
|    value_loss           | 73.2         |
------------------------------------------
------------------------------------------
| rollout/                |              |
|    ep_len_mean          | 221          |
|    ep_rew_mean          | 254          |
| time/                   |              |
|    fps                  | 336          |
|    iterations           | 885          |
|    time_elapsed         | 5383         |
|    total_timesteps      | 1812480      |
| train/                  |              |
|    approx_kl            | 0.0021237722 |
|    clip_fraction        | 0.0754       |
|    clip_range           | 0.1          |
|    entropy_loss         | -0.489       |
|    explained_variance   | 0.855        |
|    learning_rate        | 0.00012      |
|    loss                 | 10.4         |
|    n_updates            | 8840         |
|    policy_gradient_loss | -0.00109     |
|    value_loss           | 25.6         |
------------------------------------------
------------------------------------------
| rollout/                |              |
|    ep_len_mean          | 213          |
|    ep_rew_mean          | 256          |
| time/                   |              |
|    fps                  | 336          |
|    iterations           | 886          |
|    time_elapsed         | 5389         |
|    total_timesteps      | 1814528      |
| train/                  |              |
|    approx_kl            | 0.0026123803 |
|    clip_fraction        | 0.0991       |
|    clip_range           | 0.1          |
|    entropy_loss         | -0.501       |
|    explained_variance   | 0.952        |
|    learning_rate        | 0.00012      |
|    loss                 | 5.75         |
|    n_updates            | 8850         |
|    policy_gradient_loss | -0.00279     |
|    value_loss           | 23.5         |
------------------------------------------
-----------------------------------------
| rollout/                |             |
|    ep_len_mean          | 220         |
|    ep_rew_mean          | 252         |
| time/                   |             |
|    fps                  | 336         |
|    iterations           | 887         |
|    time_elapsed         | 5395        |
|    total_timesteps      | 1816576     |
| train/                  |             |
|    approx_kl            | 0.002420599 |
|    clip_fraction        | 0.0824      |
|    clip_range           | 0.1         |
|    entropy_loss         | -0.484      |
|    explained_variance   | 0.91        |
|    learning_rate        | 0.00012     |
|    loss                 | 4.51        |
|    n_updates            | 8860        |
|    policy_gradient_loss | -0.00128    |
|    value_loss           | 32.4        |
-----------------------------------------
------------------------------------------
| rollout/                |              |
|    ep_len_mean          | 215          |
|    ep_rew_mean          | 251          |
| time/                   |              |
|    fps                  | 336          |
|    iterations           | 888          |
|    time_elapsed         | 5401         |
|    total_timesteps      | 1818624      |
| train/                  |              |
|    approx_kl            | 0.0029715213 |
|    clip_fraction        | 0.219        |
|    clip_range           | 0.1          |
|    entropy_loss         | -0.586       |
|    explained_variance   | 0.958        |
|    learning_rate        | 0.00012      |
|    loss                 | 2.78         |
|    n_updates            | 8870         |
|    policy_gradient_loss | -0.00188     |
|    value_loss           | 46.7         |
------------------------------------------
Eval num_timesteps=1820000, episode_reward=269.09 +/- 12.66
Episode length: 204.60 +/- 11.24
------------------------------------------
| eval/                   |              |
|    mean_ep_length       | 205          |
|    mean_reward          | 269          |
| time/                   |              |
|    total_timesteps      | 1820000      |
| train/                  |              |
|    approx_kl            | 0.0008780153 |
|    clip_fraction        | 0.0589       |
|    clip_range           | 0.1          |
|    entropy_loss         | -0.433       |
|    explained_variance   | 0.864        |
|    learning_rate        | 0.00012      |
|    loss                 | 27.5         |
|    n_updates            | 8880         |
|    policy_gradient_loss | -0.000627    |
|    value_loss           | 64.2         |
------------------------------------------
---------------------------------
| rollout/           |          |
|    ep_len_mean     | 213      |
|    ep_rew_mean     | 243      |
| time/              |          |
|    fps             | 336      |
|    iterations      | 889      |
|    time_elapsed    | 5408     |
|    total_timesteps | 1820672  |
---------------------------------
------------------------------------------
| rollout/                |              |
|    ep_len_mean          | 217          |
|    ep_rew_mean          | 241          |
| time/                   |              |
|    fps                  | 336          |
|    iterations           | 890          |
|    time_elapsed         | 5414         |
|    total_timesteps      | 1822720      |
| train/                  |              |
|    approx_kl            | 0.0051326323 |
|    clip_fraction        | 0.0824       |
|    clip_range           | 0.1          |
|    entropy_loss         | -0.508       |
|    explained_variance   | 0.919        |
|    learning_rate        | 0.00012      |
|    loss                 | 3.01         |
|    n_updates            | 8890         |
|    policy_gradient_loss | -5.61e-05    |
|    value_loss           | 25.8         |
------------------------------------------
-----------------------------------------
| rollout/                |             |
|    ep_len_mean          | 225         |
|    ep_rew_mean          | 243         |
| time/                   |             |
|    fps                  | 336         |
|    iterations           | 891         |
|    time_elapsed         | 5420        |
|    total_timesteps      | 1824768     |
| train/                  |             |
|    approx_kl            | 0.007843727 |
|    clip_fraction        | 0.228       |
|    clip_range           | 0.1         |
|    entropy_loss         | -0.539      |
|    explained_variance   | 0.955       |
|    learning_rate        | 0.00012     |
|    loss                 | 46.5        |
|    n_updates            | 8900        |
|    policy_gradient_loss | -0.00445    |
|    value_loss           | 55.7        |
-----------------------------------------
------------------------------------------
| rollout/                |              |
|    ep_len_mean          | 217          |
|    ep_rew_mean          | 248          |
| time/                   |              |
|    fps                  | 336          |
|    iterations           | 892          |
|    time_elapsed         | 5426         |
|    total_timesteps      | 1826816      |
| train/                  |              |
|    approx_kl            | 0.0041172504 |
|    clip_fraction        | 0.0956       |
|    clip_range           | 0.1          |
|    entropy_loss         | -0.457       |
|    explained_variance   | 0.951        |
|    learning_rate        | 0.00012      |
|    loss                 | 64           |
|    n_updates            | 8910         |
|    policy_gradient_loss | -0.00238     |
|    value_loss           | 45.7         |
------------------------------------------
-----------------------------------------
| rollout/                |             |
|    ep_len_mean          | 223         |
|    ep_rew_mean          | 251         |
| time/                   |             |
|    fps                  | 336         |
|    iterations           | 893         |
|    time_elapsed         | 5432        |
|    total_timesteps      | 1828864     |
| train/                  |             |
|    approx_kl            | 0.002375403 |
|    clip_fraction        | 0.098       |
|    clip_range           | 0.1         |
|    entropy_loss         | -0.42       |
|    explained_variance   | 0.875       |
|    learning_rate        | 0.00012     |
|    loss                 | 10.2        |
|    n_updates            | 8920        |
|    policy_gradient_loss | -0.00235    |
|    value_loss           | 40.3        |
-----------------------------------------
------------------------------------------
| rollout/                |              |
|    ep_len_mean          | 224          |
|    ep_rew_mean          | 251          |
| time/                   |              |
|    fps                  | 336          |
|    iterations           | 894          |
|    time_elapsed         | 5437         |
|    total_timesteps      | 1830912      |
| train/                  |              |
|    approx_kl            | 0.0017321922 |
|    clip_fraction        | 0.0412       |
|    clip_range           | 0.1          |
|    entropy_loss         | -0.362       |
|    explained_variance   | 0.94         |
|    learning_rate        | 0.00012      |
|    loss                 | 8.79         |
|    n_updates            | 8930         |
|    policy_gradient_loss | -0.00298     |
|    value_loss           | 84.4         |
------------------------------------------
----------------------------------------
| rollout/                |            |
|    ep_len_mean          | 222        |
|    ep_rew_mean          | 250        |
| time/                   |            |
|    fps                  | 336        |
|    iterations           | 895        |
|    time_elapsed         | 5443       |
|    total_timesteps      | 1832960    |
| train/                  |            |
|    approx_kl            | 0.00370519 |
|    clip_fraction        | 0.0957     |
|    clip_range           | 0.1        |
|    entropy_loss         | -0.487     |
|    explained_variance   | 0.907      |
|    learning_rate        | 0.00012    |
|    loss                 | 7.24       |
|    n_updates            | 8940       |
|    policy_gradient_loss | 0.00227    |
|    value_loss           | 41.6       |
----------------------------------------
-----------------------------------------
| rollout/                |             |
|    ep_len_mean          | 226         |
|    ep_rew_mean          | 250         |
| time/                   |             |
|    fps                  | 336         |
|    iterations           | 896         |
|    time_elapsed         | 5449        |
|    total_timesteps      | 1835008     |
| train/                  |             |
|    approx_kl            | 0.005751679 |
|    clip_fraction        | 0.11        |
|    clip_range           | 0.1         |
|    entropy_loss         | -0.508      |
|    explained_variance   | 0.944       |
|    learning_rate        | 0.00012     |
|    loss                 | 7.26        |
|    n_updates            | 8950        |
|    policy_gradient_loss | -0.000982   |
|    value_loss           | 14.3        |
-----------------------------------------
------------------------------------------
| rollout/                |              |
|    ep_len_mean          | 225          |
|    ep_rew_mean          | 244          |
| time/                   |              |
|    fps                  | 336          |
|    iterations           | 897          |
|    time_elapsed         | 5455         |
|    total_timesteps      | 1837056      |
| train/                  |              |
|    approx_kl            | 0.0012744461 |
|    clip_fraction        | 0.0682       |
|    clip_range           | 0.1          |
|    entropy_loss         | -0.34        |
|    explained_variance   | 0.957        |
|    learning_rate        | 0.00012      |
|    loss                 | 4.41         |
|    n_updates            | 8960         |
|    policy_gradient_loss | -0.00121     |
|    value_loss           | 43.2         |
------------------------------------------
------------------------------------------
| rollout/                |              |
|    ep_len_mean          | 220          |
|    ep_rew_mean          | 241          |
| time/                   |              |
|    fps                  | 336          |
|    iterations           | 898          |
|    time_elapsed         | 5461         |
|    total_timesteps      | 1839104      |
| train/                  |              |
|    approx_kl            | 0.0013692991 |
|    clip_fraction        | 0.0547       |
|    clip_range           | 0.1          |
|    entropy_loss         | -0.472       |
|    explained_variance   | 0.791        |
|    learning_rate        | 0.00012      |
|    loss                 | 4.65         |
|    n_updates            | 8970         |
|    policy_gradient_loss | -0.000666    |
|    value_loss           | 95.4         |
------------------------------------------
Eval num_timesteps=1840000, episode_reward=245.45 +/- 37.95
Episode length: 355.40 +/- 322.44
------------------------------------------
| eval/                   |              |
|    mean_ep_length       | 355          |
|    mean_reward          | 245          |
| time/                   |              |
|    total_timesteps      | 1840000      |
| train/                  |              |
|    approx_kl            | 0.0009215011 |
|    clip_fraction        | 0.0398       |
|    clip_range           | 0.1          |
|    entropy_loss         | -0.431       |
|    explained_variance   | 0.938        |
|    learning_rate        | 0.00012      |
|    loss                 | 7.43         |
|    n_updates            | 8980         |
|    policy_gradient_loss | -0.000187    |
|    value_loss           | 63.8         |
------------------------------------------
---------------------------------
| rollout/           |          |
|    ep_len_mean     | 222      |
|    ep_rew_mean     | 244      |
| time/              |          |
|    fps             | 336      |
|    iterations      | 899      |
|    time_elapsed    | 5469     |
|    total_timesteps | 1841152  |
---------------------------------
------------------------------------------
| rollout/                |              |
|    ep_len_mean          | 223          |
|    ep_rew_mean          | 251          |
| time/                   |              |
|    fps                  | 336          |
|    iterations           | 900          |
|    time_elapsed         | 5475         |
|    total_timesteps      | 1843200      |
| train/                  |              |
|    approx_kl            | 0.0031817793 |
|    clip_fraction        | 0.118        |
|    clip_range           | 0.1          |
|    entropy_loss         | -0.5         |
|    explained_variance   | 0.928        |
|    learning_rate        | 0.00012      |
|    loss                 | 44.9         |
|    n_updates            | 8990         |
|    policy_gradient_loss | -0.00106     |
|    value_loss           | 33           |
------------------------------------------
------------------------------------------
| rollout/                |              |
|    ep_len_mean          | 208          |
|    ep_rew_mean          | 249          |
| time/                   |              |
|    fps                  | 336          |
|    iterations           | 901          |
|    time_elapsed         | 5481         |
|    total_timesteps      | 1845248      |
| train/                  |              |
|    approx_kl            | 0.0011091041 |
|    clip_fraction        | 0.0668       |
|    clip_range           | 0.1          |
|    entropy_loss         | -0.448       |
|    explained_variance   | 0.93         |
|    learning_rate        | 0.00012      |
|    loss                 | 12.7         |
|    n_updates            | 9000         |
|    policy_gradient_loss | -0.00118     |
|    value_loss           | 43           |
------------------------------------------
------------------------------------------
| rollout/                |              |
|    ep_len_mean          | 206          |
|    ep_rew_mean          | 243          |
| time/                   |              |
|    fps                  | 336          |
|    iterations           | 902          |
|    time_elapsed         | 5487         |
|    total_timesteps      | 1847296      |
| train/                  |              |
|    approx_kl            | 0.0014126609 |
|    clip_fraction        | 0.072        |
|    clip_range           | 0.1          |
|    entropy_loss         | -0.519       |
|    explained_variance   | 0.932        |
|    learning_rate        | 0.00012      |
|    loss                 | 12.9         |
|    n_updates            | 9010         |
|    policy_gradient_loss | -0.00071     |
|    value_loss           | 46.1         |
------------------------------------------
-----------------------------------------
| rollout/                |             |
|    ep_len_mean          | 204         |
|    ep_rew_mean          | 241         |
| time/                   |             |
|    fps                  | 336         |
|    iterations           | 903         |
|    time_elapsed         | 5492        |
|    total_timesteps      | 1849344     |
| train/                  |             |
|    approx_kl            | 0.002777189 |
|    clip_fraction        | 0.0975      |
|    clip_range           | 0.1         |
|    entropy_loss         | -0.497      |
|    explained_variance   | 0.81        |
|    learning_rate        | 0.00012     |
|    loss                 | 2.03        |
|    n_updates            | 9020        |
|    policy_gradient_loss | -0.000272   |
|    value_loss           | 55.2        |
-----------------------------------------
-----------------------------------------
| rollout/                |             |
|    ep_len_mean          | 213         |
|    ep_rew_mean          | 243         |
| time/                   |             |
|    fps                  | 336         |
|    iterations           | 904         |
|    time_elapsed         | 5498        |
|    total_timesteps      | 1851392     |
| train/                  |             |
|    approx_kl            | 0.009835365 |
|    clip_fraction        | 0.119       |
|    clip_range           | 0.1         |
|    entropy_loss         | -0.466      |
|    explained_variance   | 0.978       |
|    learning_rate        | 0.00012     |
|    loss                 | 2.02        |
|    n_updates            | 9030        |
|    policy_gradient_loss | -0.000839   |
|    value_loss           | 20.4        |
-----------------------------------------
------------------------------------------
| rollout/                |              |
|    ep_len_mean          | 220          |
|    ep_rew_mean          | 241          |
| time/                   |              |
|    fps                  | 336          |
|    iterations           | 905          |
|    time_elapsed         | 5504         |
|    total_timesteps      | 1853440      |
| train/                  |              |
|    approx_kl            | 0.0031774726 |
|    clip_fraction        | 0.107        |
|    clip_range           | 0.1          |
|    entropy_loss         | -0.554       |
|    explained_variance   | 0.944        |
|    learning_rate        | 0.00012      |
|    loss                 | 3.29         |
|    n_updates            | 9040         |
|    policy_gradient_loss | 0.000988     |
|    value_loss           | 25.1         |
------------------------------------------
------------------------------------------
| rollout/                |              |
|    ep_len_mean          | 218          |
|    ep_rew_mean          | 237          |
| time/                   |              |
|    fps                  | 336          |
|    iterations           | 906          |
|    time_elapsed         | 5509         |
|    total_timesteps      | 1855488      |
| train/                  |              |
|    approx_kl            | 0.0015104809 |
|    clip_fraction        | 0.0671       |
|    clip_range           | 0.1          |
|    entropy_loss         | -0.494       |
|    explained_variance   | 0.967        |
|    learning_rate        | 0.00012      |
|    loss                 | 28.2         |
|    n_updates            | 9050         |
|    policy_gradient_loss | -0.000676    |
|    value_loss           | 32.5         |
------------------------------------------
------------------------------------------
| rollout/                |              |
|    ep_len_mean          | 214          |
|    ep_rew_mean          | 234          |
| time/                   |              |
|    fps                  | 336          |
|    iterations           | 907          |
|    time_elapsed         | 5515         |
|    total_timesteps      | 1857536      |
| train/                  |              |
|    approx_kl            | 0.0015181645 |
|    clip_fraction        | 0.0453       |
|    clip_range           | 0.1          |
|    entropy_loss         | -0.459       |
|    explained_variance   | 0.872        |
|    learning_rate        | 0.00012      |
|    loss                 | 29.1         |
|    n_updates            | 9060         |
|    policy_gradient_loss | -0.00136     |
|    value_loss           | 71           |
------------------------------------------
------------------------------------------
| rollout/                |              |
|    ep_len_mean          | 219          |
|    ep_rew_mean          | 241          |
| time/                   |              |
|    fps                  | 336          |
|    iterations           | 908          |
|    time_elapsed         | 5521         |
|    total_timesteps      | 1859584      |
| train/                  |              |
|    approx_kl            | 0.0022647306 |
|    clip_fraction        | 0.0724       |
|    clip_range           | 0.1          |
|    entropy_loss         | -0.482       |
|    explained_variance   | 0.8          |
|    learning_rate        | 0.00012      |
|    loss                 | 7.59         |
|    n_updates            | 9070         |
|    policy_gradient_loss | -0.00126     |
|    value_loss           | 79.8         |
------------------------------------------
Eval num_timesteps=1860000, episode_reward=219.56 +/- 51.69
Episode length: 511.20 +/- 399.13
------------------------------------------
| eval/                   |              |
|    mean_ep_length       | 511          |
|    mean_reward          | 220          |
| time/                   |              |
|    total_timesteps      | 1860000      |
| train/                  |              |
|    approx_kl            | 0.0017106232 |
|    clip_fraction        | 0.0869       |
|    clip_range           | 0.1          |
|    entropy_loss         | -0.523       |
|    explained_variance   | 0.922        |
|    learning_rate        | 0.00012      |
|    loss                 | 13.3         |
|    n_updates            | 9080         |
|    policy_gradient_loss | -0.000215    |
|    value_loss           | 26.5         |
------------------------------------------
---------------------------------
| rollout/           |          |
|    ep_len_mean     | 217      |
|    ep_rew_mean     | 242      |
| time/              |          |
|    fps             | 336      |
|    iterations      | 909      |
|    time_elapsed    | 5530     |
|    total_timesteps | 1861632  |
---------------------------------
------------------------------------------
| rollout/                |              |
|    ep_len_mean          | 220          |
|    ep_rew_mean          | 242          |
| time/                   |              |
|    fps                  | 336          |
|    iterations           | 910          |
|    time_elapsed         | 5535         |
|    total_timesteps      | 1863680      |
| train/                  |              |
|    approx_kl            | 0.0015979445 |
|    clip_fraction        | 0.0675       |
|    clip_range           | 0.1          |
|    entropy_loss         | -0.485       |
|    explained_variance   | 0.797        |
|    learning_rate        | 0.00012      |
|    loss                 | 7.35         |
|    n_updates            | 9090         |
|    policy_gradient_loss | -0.000387    |
|    value_loss           | 75.7         |
------------------------------------------
------------------------------------------
| rollout/                |              |
|    ep_len_mean          | 216          |
|    ep_rew_mean          | 236          |
| time/                   |              |
|    fps                  | 336          |
|    iterations           | 911          |
|    time_elapsed         | 5541         |
|    total_timesteps      | 1865728      |
| train/                  |              |
|    approx_kl            | 0.0012632054 |
|    clip_fraction        | 0.0626       |
|    clip_range           | 0.1          |
|    entropy_loss         | -0.475       |
|    explained_variance   | 0.794        |
|    learning_rate        | 0.00012      |
|    loss                 | 11.2         |
|    n_updates            | 9100         |
|    policy_gradient_loss | -0.000884    |
|    value_loss           | 55           |
------------------------------------------
------------------------------------------
| rollout/                |              |
|    ep_len_mean          | 226          |
|    ep_rew_mean          | 236          |
| time/                   |              |
|    fps                  | 336          |
|    iterations           | 912          |
|    time_elapsed         | 5547         |
|    total_timesteps      | 1867776      |
| train/                  |              |
|    approx_kl            | 0.0029437952 |
|    clip_fraction        | 0.146        |
|    clip_range           | 0.1          |
|    entropy_loss         | -0.549       |
|    explained_variance   | 0.978        |
|    learning_rate        | 0.00012      |
|    loss                 | 6.46         |
|    n_updates            | 9110         |
|    policy_gradient_loss | 0.000571     |
|    value_loss           | 15.1         |
------------------------------------------
------------------------------------------
| rollout/                |              |
|    ep_len_mean          | 234          |
|    ep_rew_mean          | 236          |
| time/                   |              |
|    fps                  | 336          |
|    iterations           | 913          |
|    time_elapsed         | 5552         |
|    total_timesteps      | 1869824      |
| train/                  |              |
|    approx_kl            | 0.0022417244 |
|    clip_fraction        | 0.0865       |
|    clip_range           | 0.1          |
|    entropy_loss         | -0.47        |
|    explained_variance   | 0.945        |
|    learning_rate        | 0.00012      |
|    loss                 | 4.39         |
|    n_updates            | 9120         |
|    policy_gradient_loss | 0.000375     |
|    value_loss           | 24           |
------------------------------------------
-----------------------------------------
| rollout/                |             |
|    ep_len_mean          | 231         |
|    ep_rew_mean          | 241         |
| time/                   |             |
|    fps                  | 336         |
|    iterations           | 914         |
|    time_elapsed         | 5558        |
|    total_timesteps      | 1871872     |
| train/                  |             |
|    approx_kl            | 0.005516682 |
|    clip_fraction        | 0.206       |
|    clip_range           | 0.1         |
|    entropy_loss         | -0.463      |
|    explained_variance   | 0.95        |
|    learning_rate        | 0.00012     |
|    loss                 | 3.87        |
|    n_updates            | 9130        |
|    policy_gradient_loss | -0.00262    |
|    value_loss           | 26.1        |
-----------------------------------------
------------------------------------------
| rollout/                |              |
|    ep_len_mean          | 215          |
|    ep_rew_mean          | 243          |
| time/                   |              |
|    fps                  | 336          |
|    iterations           | 915          |
|    time_elapsed         | 5564         |
|    total_timesteps      | 1873920      |
| train/                  |              |
|    approx_kl            | 0.0027497725 |
|    clip_fraction        | 0.0916       |
|    clip_range           | 0.1          |
|    entropy_loss         | -0.445       |
|    explained_variance   | 0.821        |
|    learning_rate        | 0.00012      |
|    loss                 | 5.64         |
|    n_updates            | 9140         |
|    policy_gradient_loss | -0.00111     |
|    value_loss           | 70.2         |
------------------------------------------
------------------------------------------
| rollout/                |              |
|    ep_len_mean          | 214          |
|    ep_rew_mean          | 245          |
| time/                   |              |
|    fps                  | 336          |
|    iterations           | 916          |
|    time_elapsed         | 5570         |
|    total_timesteps      | 1875968      |
| train/                  |              |
|    approx_kl            | 0.0019062036 |
|    clip_fraction        | 0.0663       |
|    clip_range           | 0.1          |
|    entropy_loss         | -0.495       |
|    explained_variance   | 0.905        |
|    learning_rate        | 0.00012      |
|    loss                 | 15.5         |
|    n_updates            | 9150         |
|    policy_gradient_loss | 1.74e-05     |
|    value_loss           | 30.7         |
------------------------------------------
------------------------------------------
| rollout/                |              |
|    ep_len_mean          | 214          |
|    ep_rew_mean          | 247          |
| time/                   |              |
|    fps                  | 336          |
|    iterations           | 917          |
|    time_elapsed         | 5575         |
|    total_timesteps      | 1878016      |
| train/                  |              |
|    approx_kl            | 0.0013615928 |
|    clip_fraction        | 0.0805       |
|    clip_range           | 0.1          |
|    entropy_loss         | -0.444       |
|    explained_variance   | 0.891        |
|    learning_rate        | 0.00012      |
|    loss                 | 4.9          |
|    n_updates            | 9160         |
|    policy_gradient_loss | -0.00128     |
|    value_loss           | 36.2         |
------------------------------------------
Eval num_timesteps=1880000, episode_reward=257.88 +/- 47.18
Episode length: 357.40 +/- 321.56
------------------------------------------
| eval/                   |              |
|    mean_ep_length       | 357          |
|    mean_reward          | 258          |
| time/                   |              |
|    total_timesteps      | 1880000      |
| train/                  |              |
|    approx_kl            | 0.0012144998 |
|    clip_fraction        | 0.0662       |
|    clip_range           | 0.1          |
|    entropy_loss         | -0.489       |
|    explained_variance   | 0.91         |
|    learning_rate        | 0.00012      |
|    loss                 | 4.21         |
|    n_updates            | 9170         |
|    policy_gradient_loss | -0.000267    |
|    value_loss           | 23.7         |
------------------------------------------
---------------------------------
| rollout/           |          |
|    ep_len_mean     | 211      |
|    ep_rew_mean     | 241      |
| time/              |          |
|    fps             | 336      |
|    iterations      | 918      |
|    time_elapsed    | 5583     |
|    total_timesteps | 1880064  |
---------------------------------
------------------------------------------
| rollout/                |              |
|    ep_len_mean          | 218          |
|    ep_rew_mean          | 242          |
| time/                   |              |
|    fps                  | 336          |
|    iterations           | 919          |
|    time_elapsed         | 5589         |
|    total_timesteps      | 1882112      |
| train/                  |              |
|    approx_kl            | 0.0030822274 |
|    clip_fraction        | 0.137        |
|    clip_range           | 0.1          |
|    entropy_loss         | -0.549       |
|    explained_variance   | 0.918        |
|    learning_rate        | 0.00012      |
|    loss                 | 20.5         |
|    n_updates            | 9180         |
|    policy_gradient_loss | -0.00154     |
|    value_loss           | 57.3         |
------------------------------------------
------------------------------------------
| rollout/                |              |
|    ep_len_mean          | 214          |
|    ep_rew_mean          | 241          |
| time/                   |              |
|    fps                  | 336          |
|    iterations           | 920          |
|    time_elapsed         | 5595         |
|    total_timesteps      | 1884160      |
| train/                  |              |
|    approx_kl            | 0.0033755372 |
|    clip_fraction        | 0.133        |
|    clip_range           | 0.1          |
|    entropy_loss         | -0.552       |
|    explained_variance   | 0.939        |
|    learning_rate        | 0.00012      |
|    loss                 | 113          |
|    n_updates            | 9190         |
|    policy_gradient_loss | 0.00078      |
|    value_loss           | 83.9         |
------------------------------------------
------------------------------------------
| rollout/                |              |
|    ep_len_mean          | 223          |
|    ep_rew_mean          | 243          |
| time/                   |              |
|    fps                  | 336          |
|    iterations           | 921          |
|    time_elapsed         | 5601         |
|    total_timesteps      | 1886208      |
| train/                  |              |
|    approx_kl            | 0.0020549293 |
|    clip_fraction        | 0.0919       |
|    clip_range           | 0.1          |
|    entropy_loss         | -0.437       |
|    explained_variance   | 0.921        |
|    learning_rate        | 0.00012      |
|    loss                 | 3.78         |
|    n_updates            | 9200         |
|    policy_gradient_loss | -0.00242     |
|    value_loss           | 38.8         |
------------------------------------------
------------------------------------------
| rollout/                |              |
|    ep_len_mean          | 214          |
|    ep_rew_mean          | 242          |
| time/                   |              |
|    fps                  | 336          |
|    iterations           | 922          |
|    time_elapsed         | 5607         |
|    total_timesteps      | 1888256      |
| train/                  |              |
|    approx_kl            | 0.0030946198 |
|    clip_fraction        | 0.105        |
|    clip_range           | 0.1          |
|    entropy_loss         | -0.565       |
|    explained_variance   | 0.948        |
|    learning_rate        | 0.00012      |
|    loss                 | 4.47         |
|    n_updates            | 9210         |
|    policy_gradient_loss | -0.00103     |
|    value_loss           | 59.6         |
------------------------------------------
------------------------------------------
| rollout/                |              |
|    ep_len_mean          | 202          |
|    ep_rew_mean          | 233          |
| time/                   |              |
|    fps                  | 336          |
|    iterations           | 923          |
|    time_elapsed         | 5613         |
|    total_timesteps      | 1890304      |
| train/                  |              |
|    approx_kl            | 0.0022836751 |
|    clip_fraction        | 0.0855       |
|    clip_range           | 0.1          |
|    entropy_loss         | -0.494       |
|    explained_variance   | 0.834        |
|    learning_rate        | 0.00012      |
|    loss                 | 13           |
|    n_updates            | 9220         |
|    policy_gradient_loss | -0.00216     |
|    value_loss           | 55.6         |
------------------------------------------
------------------------------------------
| rollout/                |              |
|    ep_len_mean          | 201          |
|    ep_rew_mean          | 230          |
| time/                   |              |
|    fps                  | 336          |
|    iterations           | 924          |
|    time_elapsed         | 5619         |
|    total_timesteps      | 1892352      |
| train/                  |              |
|    approx_kl            | 0.0021892425 |
|    clip_fraction        | 0.049        |
|    clip_range           | 0.1          |
|    entropy_loss         | -0.456       |
|    explained_variance   | 0.842        |
|    learning_rate        | 0.00012      |
|    loss                 | 32           |
|    n_updates            | 9230         |
|    policy_gradient_loss | -0.000776    |
|    value_loss           | 108          |
------------------------------------------
------------------------------------------
| rollout/                |              |
|    ep_len_mean          | 203          |
|    ep_rew_mean          | 232          |
| time/                   |              |
|    fps                  | 336          |
|    iterations           | 925          |
|    time_elapsed         | 5624         |
|    total_timesteps      | 1894400      |
| train/                  |              |
|    approx_kl            | 0.0009256203 |
|    clip_fraction        | 0.0409       |
|    clip_range           | 0.1          |
|    entropy_loss         | -0.445       |
|    explained_variance   | 0.856        |
|    learning_rate        | 0.00012      |
|    loss                 | 4.5          |
|    n_updates            | 9240         |
|    policy_gradient_loss | -0.000105    |
|    value_loss           | 90.5         |
------------------------------------------
------------------------------------------
| rollout/                |              |
|    ep_len_mean          | 200          |
|    ep_rew_mean          | 220          |
| time/                   |              |
|    fps                  | 336          |
|    iterations           | 926          |
|    time_elapsed         | 5630         |
|    total_timesteps      | 1896448      |
| train/                  |              |
|    approx_kl            | 0.0018453044 |
|    clip_fraction        | 0.0873       |
|    clip_range           | 0.1          |
|    entropy_loss         | -0.476       |
|    explained_variance   | 0.867        |
|    learning_rate        | 0.00012      |
|    loss                 | 4.72         |
|    n_updates            | 9250         |
|    policy_gradient_loss | -0.00118     |
|    value_loss           | 43.2         |
------------------------------------------
------------------------------------------
| rollout/                |              |
|    ep_len_mean          | 208          |
|    ep_rew_mean          | 220          |
| time/                   |              |
|    fps                  | 336          |
|    iterations           | 927          |
|    time_elapsed         | 5636         |
|    total_timesteps      | 1898496      |
| train/                  |              |
|    approx_kl            | 0.0017308223 |
|    clip_fraction        | 0.0618       |
|    clip_range           | 0.1          |
|    entropy_loss         | -0.456       |
|    explained_variance   | 0.818        |
|    learning_rate        | 0.00012      |
|    loss                 | 26.5         |
|    n_updates            | 9260         |
|    policy_gradient_loss | -0.00245     |
|    value_loss           | 159          |
------------------------------------------
Eval num_timesteps=1900000, episode_reward=284.74 +/- 9.67
Episode length: 292.20 +/- 168.48
------------------------------------------
| eval/                   |              |
|    mean_ep_length       | 292          |
|    mean_reward          | 285          |
| time/                   |              |
|    total_timesteps      | 1900000      |
| train/                  |              |
|    approx_kl            | 0.0051164324 |
|    clip_fraction        | 0.203        |
|    clip_range           | 0.1          |
|    entropy_loss         | -0.51        |
|    explained_variance   | 0.944        |
|    learning_rate        | 0.00012      |
|    loss                 | 3.93         |
|    n_updates            | 9270         |
|    policy_gradient_loss | -0.000218    |
|    value_loss           | 32           |
------------------------------------------
---------------------------------
| rollout/           |          |
|    ep_len_mean     | 209      |
|    ep_rew_mean     | 225      |
| time/              |          |
|    fps             | 336      |
|    iterations      | 928      |
|    time_elapsed    | 5644     |
|    total_timesteps | 1900544  |
---------------------------------
------------------------------------------
| rollout/                |              |
|    ep_len_mean          | 217          |
|    ep_rew_mean          | 223          |
| time/                   |              |
|    fps                  | 336          |
|    iterations           | 929          |
|    time_elapsed         | 5650         |
|    total_timesteps      | 1902592      |
| train/                  |              |
|    approx_kl            | 0.0019796994 |
|    clip_fraction        | 0.0678       |
|    clip_range           | 0.1          |
|    entropy_loss         | -0.477       |
|    explained_variance   | 0.925        |
|    learning_rate        | 0.00012      |
|    loss                 | 20.4         |
|    n_updates            | 9280         |
|    policy_gradient_loss | -0.00131     |
|    value_loss           | 88.8         |
------------------------------------------
-----------------------------------------
| rollout/                |             |
|    ep_len_mean          | 217         |
|    ep_rew_mean          | 219         |
| time/                   |             |
|    fps                  | 336         |
|    iterations           | 930         |
|    time_elapsed         | 5656        |
|    total_timesteps      | 1904640     |
| train/                  |             |
|    approx_kl            | 0.002689972 |
|    clip_fraction        | 0.0894      |
|    clip_range           | 0.1         |
|    entropy_loss         | -0.455      |
|    explained_variance   | 0.936       |
|    learning_rate        | 0.00012     |
|    loss                 | 3.82        |
|    n_updates            | 9290        |
|    policy_gradient_loss | 0.00101     |
|    value_loss           | 33.2        |
-----------------------------------------
------------------------------------------
| rollout/                |              |
|    ep_len_mean          | 210          |
|    ep_rew_mean          | 223          |
| time/                   |              |
|    fps                  | 336          |
|    iterations           | 931          |
|    time_elapsed         | 5662         |
|    total_timesteps      | 1906688      |
| train/                  |              |
|    approx_kl            | 0.0015837068 |
|    clip_fraction        | 0.0739       |
|    clip_range           | 0.1          |
|    entropy_loss         | -0.449       |
|    explained_variance   | 0.807        |
|    learning_rate        | 0.00012      |
|    loss                 | 14.8         |
|    n_updates            | 9300         |
|    policy_gradient_loss | -0.00165     |
|    value_loss           | 108          |
------------------------------------------
------------------------------------------
| rollout/                |              |
|    ep_len_mean          | 210          |
|    ep_rew_mean          | 224          |
| time/                   |              |
|    fps                  | 336          |
|    iterations           | 932          |
|    time_elapsed         | 5668         |
|    total_timesteps      | 1908736      |
| train/                  |              |
|    approx_kl            | 0.0014822553 |
|    clip_fraction        | 0.0793       |
|    clip_range           | 0.1          |
|    entropy_loss         | -0.45        |
|    explained_variance   | 0.917        |
|    learning_rate        | 0.00012      |
|    loss                 | 7.68         |
|    n_updates            | 9310         |
|    policy_gradient_loss | -0.000104    |
|    value_loss           | 17.9         |
------------------------------------------
------------------------------------------
| rollout/                |              |
|    ep_len_mean          | 214          |
|    ep_rew_mean          | 231          |
| time/                   |              |
|    fps                  | 336          |
|    iterations           | 933          |
|    time_elapsed         | 5674         |
|    total_timesteps      | 1910784      |
| train/                  |              |
|    approx_kl            | 0.0025927224 |
|    clip_fraction        | 0.0632       |
|    clip_range           | 0.1          |
|    entropy_loss         | -0.426       |
|    explained_variance   | 0.818        |
|    learning_rate        | 0.00012      |
|    loss                 | 9.05         |
|    n_updates            | 9320         |
|    policy_gradient_loss | -0.0026      |
|    value_loss           | 77.4         |
------------------------------------------
------------------------------------------
| rollout/                |              |
|    ep_len_mean          | 223          |
|    ep_rew_mean          | 242          |
| time/                   |              |
|    fps                  | 336          |
|    iterations           | 934          |
|    time_elapsed         | 5680         |
|    total_timesteps      | 1912832      |
| train/                  |              |
|    approx_kl            | 0.0030222796 |
|    clip_fraction        | 0.0787       |
|    clip_range           | 0.1          |
|    entropy_loss         | -0.433       |
|    explained_variance   | 0.808        |
|    learning_rate        | 0.00012      |
|    loss                 | 10.2         |
|    n_updates            | 9330         |
|    policy_gradient_loss | -0.00146     |
|    value_loss           | 89.2         |
------------------------------------------
------------------------------------------
| rollout/                |              |
|    ep_len_mean          | 224          |
|    ep_rew_mean          | 247          |
| time/                   |              |
|    fps                  | 336          |
|    iterations           | 935          |
|    time_elapsed         | 5686         |
|    total_timesteps      | 1914880      |
| train/                  |              |
|    approx_kl            | 0.0055343397 |
|    clip_fraction        | 0.1          |
|    clip_range           | 0.1          |
|    entropy_loss         | -0.457       |
|    explained_variance   | 0.89         |
|    learning_rate        | 0.00012      |
|    loss                 | 4.82         |
|    n_updates            | 9340         |
|    policy_gradient_loss | -0.000856    |
|    value_loss           | 16.9         |
------------------------------------------
------------------------------------------
| rollout/                |              |
|    ep_len_mean          | 225          |
|    ep_rew_mean          | 249          |
| time/                   |              |
|    fps                  | 336          |
|    iterations           | 936          |
|    time_elapsed         | 5692         |
|    total_timesteps      | 1916928      |
| train/                  |              |
|    approx_kl            | 0.0023087184 |
|    clip_fraction        | 0.077        |
|    clip_range           | 0.1          |
|    entropy_loss         | -0.466       |
|    explained_variance   | 0.918        |
|    learning_rate        | 0.00012      |
|    loss                 | 5.35         |
|    n_updates            | 9350         |
|    policy_gradient_loss | -0.000442    |
|    value_loss           | 17.2         |
------------------------------------------
------------------------------------------
| rollout/                |              |
|    ep_len_mean          | 226          |
|    ep_rew_mean          | 257          |
| time/                   |              |
|    fps                  | 336          |
|    iterations           | 937          |
|    time_elapsed         | 5698         |
|    total_timesteps      | 1918976      |
| train/                  |              |
|    approx_kl            | 0.0017447437 |
|    clip_fraction        | 0.0803       |
|    clip_range           | 0.1          |
|    entropy_loss         | -0.447       |
|    explained_variance   | 0.946        |
|    learning_rate        | 0.00012      |
|    loss                 | 3.99         |
|    n_updates            | 9360         |
|    policy_gradient_loss | -0.00118     |
|    value_loss           | 16           |
------------------------------------------
Eval num_timesteps=1920000, episode_reward=222.71 +/- 59.88
Episode length: 555.60 +/- 363.64
------------------------------------------
| eval/                   |              |
|    mean_ep_length       | 556          |
|    mean_reward          | 223          |
| time/                   |              |
|    total_timesteps      | 1920000      |
| train/                  |              |
|    approx_kl            | 0.0012701803 |
|    clip_fraction        | 0.0628       |
|    clip_range           | 0.1          |
|    entropy_loss         | -0.437       |
|    explained_variance   | 0.858        |
|    learning_rate        | 0.00012      |
|    loss                 | 34.8         |
|    n_updates            | 9370         |
|    policy_gradient_loss | -0.000313    |
|    value_loss           | 45.4         |
------------------------------------------
---------------------------------
| rollout/           |          |
|    ep_len_mean     | 217      |
|    ep_rew_mean     | 255      |
| time/              |          |
|    fps             | 336      |
|    iterations      | 938      |
|    time_elapsed    | 5707     |
|    total_timesteps | 1921024  |
---------------------------------
------------------------------------------
| rollout/                |              |
|    ep_len_mean          | 222          |
|    ep_rew_mean          | 248          |
| time/                   |              |
|    fps                  | 336          |
|    iterations           | 939          |
|    time_elapsed         | 5713         |
|    total_timesteps      | 1923072      |
| train/                  |              |
|    approx_kl            | 0.0042759404 |
|    clip_fraction        | 0.183        |
|    clip_range           | 0.1          |
|    entropy_loss         | -0.531       |
|    explained_variance   | 0.96         |
|    learning_rate        | 0.00012      |
|    loss                 | 3.19         |
|    n_updates            | 9380         |
|    policy_gradient_loss | -0.000247    |
|    value_loss           | 40.3         |
------------------------------------------
------------------------------------------
| rollout/                |              |
|    ep_len_mean          | 213          |
|    ep_rew_mean          | 246          |
| time/                   |              |
|    fps                  | 336          |
|    iterations           | 940          |
|    time_elapsed         | 5719         |
|    total_timesteps      | 1925120      |
| train/                  |              |
|    approx_kl            | 0.0025663616 |
|    clip_fraction        | 0.0823       |
|    clip_range           | 0.1          |
|    entropy_loss         | -0.44        |
|    explained_variance   | 0.906        |
|    learning_rate        | 0.00012      |
|    loss                 | 85           |
|    n_updates            | 9390         |
|    policy_gradient_loss | -0.00246     |
|    value_loss           | 80.3         |
------------------------------------------
-------------------------------------------
| rollout/                |               |
|    ep_len_mean          | 212           |
|    ep_rew_mean          | 244           |
| time/                   |               |
|    fps                  | 336           |
|    iterations           | 941           |
|    time_elapsed         | 5725          |
|    total_timesteps      | 1927168       |
| train/                  |               |
|    approx_kl            | 0.00092323276 |
|    clip_fraction        | 0.0418        |
|    clip_range           | 0.1           |
|    entropy_loss         | -0.458        |
|    explained_variance   | 0.858         |
|    learning_rate        | 0.00012       |
|    loss                 | 5.81          |
|    n_updates            | 9400          |
|    policy_gradient_loss | -0.00132      |
|    value_loss           | 78.6          |
-------------------------------------------
-------------------------------------------
| rollout/                |               |
|    ep_len_mean          | 220           |
|    ep_rew_mean          | 240           |
| time/                   |               |
|    fps                  | 336           |
|    iterations           | 942           |
|    time_elapsed         | 5731          |
|    total_timesteps      | 1929216       |
| train/                  |               |
|    approx_kl            | 0.00096692157 |
|    clip_fraction        | 0.0705        |
|    clip_range           | 0.1           |
|    entropy_loss         | -0.487        |
|    explained_variance   | 0.892         |
|    learning_rate        | 0.00012       |
|    loss                 | 78.1          |
|    n_updates            | 9410          |
|    policy_gradient_loss | -0.000743     |
|    value_loss           | 111           |
-------------------------------------------
------------------------------------------
| rollout/                |              |
|    ep_len_mean          | 228          |
|    ep_rew_mean          | 241          |
| time/                   |              |
|    fps                  | 336          |
|    iterations           | 943          |
|    time_elapsed         | 5737         |
|    total_timesteps      | 1931264      |
| train/                  |              |
|    approx_kl            | 0.0044446015 |
|    clip_fraction        | 0.113        |
|    clip_range           | 0.1          |
|    entropy_loss         | -0.479       |
|    explained_variance   | 0.971        |
|    learning_rate        | 0.00012      |
|    loss                 | 43.6         |
|    n_updates            | 9420         |
|    policy_gradient_loss | -0.000742    |
|    value_loss           | 27.3         |
------------------------------------------
------------------------------------------
| rollout/                |              |
|    ep_len_mean          | 224          |
|    ep_rew_mean          | 230          |
| time/                   |              |
|    fps                  | 336          |
|    iterations           | 944          |
|    time_elapsed         | 5743         |
|    total_timesteps      | 1933312      |
| train/                  |              |
|    approx_kl            | 0.0024808506 |
|    clip_fraction        | 0.116        |
|    clip_range           | 0.1          |
|    entropy_loss         | -0.516       |
|    explained_variance   | 0.985        |
|    learning_rate        | 0.00012      |
|    loss                 | 6.31         |
|    n_updates            | 9430         |
|    policy_gradient_loss | -0.000667    |
|    value_loss           | 12.3         |
------------------------------------------
------------------------------------------
| rollout/                |              |
|    ep_len_mean          | 217          |
|    ep_rew_mean          | 223          |
| time/                   |              |
|    fps                  | 336          |
|    iterations           | 945          |
|    time_elapsed         | 5749         |
|    total_timesteps      | 1935360      |
| train/                  |              |
|    approx_kl            | 0.0010638997 |
|    clip_fraction        | 0.0291       |
|    clip_range           | 0.1          |
|    entropy_loss         | -0.442       |
|    explained_variance   | 0.797        |
|    learning_rate        | 0.00012      |
|    loss                 | 27.3         |
|    n_updates            | 9440         |
|    policy_gradient_loss | -0.00082     |
|    value_loss           | 177          |
------------------------------------------
------------------------------------------
| rollout/                |              |
|    ep_len_mean          | 215          |
|    ep_rew_mean          | 220          |
| time/                   |              |
|    fps                  | 336          |
|    iterations           | 946          |
|    time_elapsed         | 5755         |
|    total_timesteps      | 1937408      |
| train/                  |              |
|    approx_kl            | 0.0019281064 |
|    clip_fraction        | 0.0859       |
|    clip_range           | 0.1          |
|    entropy_loss         | -0.419       |
|    explained_variance   | 0.895        |
|    learning_rate        | 0.00012      |
|    loss                 | 20.7         |
|    n_updates            | 9450         |
|    policy_gradient_loss | -0.00281     |
|    value_loss           | 62.9         |
------------------------------------------
------------------------------------------
| rollout/                |              |
|    ep_len_mean          | 212          |
|    ep_rew_mean          | 218          |
| time/                   |              |
|    fps                  | 336          |
|    iterations           | 947          |
|    time_elapsed         | 5760         |
|    total_timesteps      | 1939456      |
| train/                  |              |
|    approx_kl            | 0.0011499771 |
|    clip_fraction        | 0.0558       |
|    clip_range           | 0.1          |
|    entropy_loss         | -0.43        |
|    explained_variance   | 0.906        |
|    learning_rate        | 0.00012      |
|    loss                 | 9.03         |
|    n_updates            | 9460         |
|    policy_gradient_loss | -0.001       |
|    value_loss           | 42.4         |
------------------------------------------
Eval num_timesteps=1940000, episode_reward=260.99 +/- 54.40
Episode length: 368.00 +/- 316.25
-----------------------------------------
| eval/                   |             |
|    mean_ep_length       | 368         |
|    mean_reward          | 261         |
| time/                   |             |
|    total_timesteps      | 1940000     |
| train/                  |             |
|    approx_kl            | 0.002479353 |
|    clip_fraction        | 0.0719      |
|    clip_range           | 0.1         |
|    entropy_loss         | -0.46       |
|    explained_variance   | 0.88        |
|    learning_rate        | 0.00012     |
|    loss                 | 7.58        |
|    n_updates            | 9470        |
|    policy_gradient_loss | -0.00107    |
|    value_loss           | 41.1        |
-----------------------------------------
---------------------------------
| rollout/           |          |
|    ep_len_mean     | 216      |
|    ep_rew_mean     | 219      |
| time/              |          |
|    fps             | 336      |
|    iterations      | 948      |
|    time_elapsed    | 5768     |
|    total_timesteps | 1941504  |
---------------------------------
------------------------------------------
| rollout/                |              |
|    ep_len_mean          | 203          |
|    ep_rew_mean          | 230          |
| time/                   |              |
|    fps                  | 336          |
|    iterations           | 949          |
|    time_elapsed         | 5774         |
|    total_timesteps      | 1943552      |
| train/                  |              |
|    approx_kl            | 0.0031161387 |
|    clip_fraction        | 0.104        |
|    clip_range           | 0.1          |
|    entropy_loss         | -0.488       |
|    explained_variance   | 0.916        |
|    learning_rate        | 0.00012      |
|    loss                 | 6            |
|    n_updates            | 9480         |
|    policy_gradient_loss | -0.0017      |
|    value_loss           | 33           |
------------------------------------------
------------------------------------------
| rollout/                |              |
|    ep_len_mean          | 205          |
|    ep_rew_mean          | 230          |
| time/                   |              |
|    fps                  | 336          |
|    iterations           | 950          |
|    time_elapsed         | 5780         |
|    total_timesteps      | 1945600      |
| train/                  |              |
|    approx_kl            | 0.0020249556 |
|    clip_fraction        | 0.086        |
|    clip_range           | 0.1          |
|    entropy_loss         | -0.476       |
|    explained_variance   | 0.929        |
|    learning_rate        | 0.00012      |
|    loss                 | 4.17         |
|    n_updates            | 9490         |
|    policy_gradient_loss | -0.00062     |
|    value_loss           | 14.9         |
------------------------------------------
------------------------------------------
| rollout/                |              |
|    ep_len_mean          | 198          |
|    ep_rew_mean          | 231          |
| time/                   |              |
|    fps                  | 336          |
|    iterations           | 951          |
|    time_elapsed         | 5786         |
|    total_timesteps      | 1947648      |
| train/                  |              |
|    approx_kl            | 0.0010656344 |
|    clip_fraction        | 0.0436       |
|    clip_range           | 0.1          |
|    entropy_loss         | -0.484       |
|    explained_variance   | 0.802        |
|    learning_rate        | 0.00012      |
|    loss                 | 27.7         |
|    n_updates            | 9500         |
|    policy_gradient_loss | 0.000368     |
|    value_loss           | 78.3         |
------------------------------------------
------------------------------------------
| rollout/                |              |
|    ep_len_mean          | 189          |
|    ep_rew_mean          | 226          |
| time/                   |              |
|    fps                  | 336          |
|    iterations           | 952          |
|    time_elapsed         | 5792         |
|    total_timesteps      | 1949696      |
| train/                  |              |
|    approx_kl            | 0.0010568341 |
|    clip_fraction        | 0.0357       |
|    clip_range           | 0.1          |
|    entropy_loss         | -0.433       |
|    explained_variance   | 0.796        |
|    learning_rate        | 0.00012      |
|    loss                 | 42.8         |
|    n_updates            | 9510         |
|    policy_gradient_loss | -0.00127     |
|    value_loss           | 97.2         |
------------------------------------------
------------------------------------------
| rollout/                |              |
|    ep_len_mean          | 189          |
|    ep_rew_mean          | 227          |
| time/                   |              |
|    fps                  | 336          |
|    iterations           | 953          |
|    time_elapsed         | 5798         |
|    total_timesteps      | 1951744      |
| train/                  |              |
|    approx_kl            | 0.0010344337 |
|    clip_fraction        | 0.0414       |
|    clip_range           | 0.1          |
|    entropy_loss         | -0.476       |
|    explained_variance   | 0.851        |
|    learning_rate        | 0.00012      |
|    loss                 | 36.7         |
|    n_updates            | 9520         |
|    policy_gradient_loss | -6.34e-05    |
|    value_loss           | 123          |
------------------------------------------
------------------------------------------
| rollout/                |              |
|    ep_len_mean          | 198          |
|    ep_rew_mean          | 231          |
| time/                   |              |
|    fps                  | 336          |
|    iterations           | 954          |
|    time_elapsed         | 5804         |
|    total_timesteps      | 1953792      |
| train/                  |              |
|    approx_kl            | 0.0011282103 |
|    clip_fraction        | 0.05         |
|    clip_range           | 0.1          |
|    entropy_loss         | -0.444       |
|    explained_variance   | 0.84         |
|    learning_rate        | 0.00012      |
|    loss                 | 18.3         |
|    n_updates            | 9530         |
|    policy_gradient_loss | -0.00137     |
|    value_loss           | 179          |
------------------------------------------
------------------------------------------
| rollout/                |              |
|    ep_len_mean          | 197          |
|    ep_rew_mean          | 226          |
| time/                   |              |
|    fps                  | 336          |
|    iterations           | 955          |
|    time_elapsed         | 5810         |
|    total_timesteps      | 1955840      |
| train/                  |              |
|    approx_kl            | 0.0035710281 |
|    clip_fraction        | 0.127        |
|    clip_range           | 0.1          |
|    entropy_loss         | -0.499       |
|    explained_variance   | 0.992        |
|    learning_rate        | 0.00012      |
|    loss                 | 0.625        |
|    n_updates            | 9540         |
|    policy_gradient_loss | -0.000127    |
|    value_loss           | 8.85         |
------------------------------------------
------------------------------------------
| rollout/                |              |
|    ep_len_mean          | 204          |
|    ep_rew_mean          | 224          |
| time/                   |              |
|    fps                  | 336          |
|    iterations           | 956          |
|    time_elapsed         | 5816         |
|    total_timesteps      | 1957888      |
| train/                  |              |
|    approx_kl            | 0.0020254925 |
|    clip_fraction        | 0.0782       |
|    clip_range           | 0.1          |
|    entropy_loss         | -0.463       |
|    explained_variance   | 0.811        |
|    learning_rate        | 0.00012      |
|    loss                 | 10.1         |
|    n_updates            | 9550         |
|    policy_gradient_loss | -0.00305     |
|    value_loss           | 99.3         |
------------------------------------------
----------------------------------------
| rollout/                |            |
|    ep_len_mean          | 203        |
|    ep_rew_mean          | 219        |
| time/                   |            |
|    fps                  | 336        |
|    iterations           | 957        |
|    time_elapsed         | 5822       |
|    total_timesteps      | 1959936    |
| train/                  |            |
|    approx_kl            | 0.00195947 |
|    clip_fraction        | 0.061      |
|    clip_range           | 0.1        |
|    entropy_loss         | -0.453     |
|    explained_variance   | 0.973      |
|    learning_rate        | 0.00012    |
|    loss                 | 25         |
|    n_updates            | 9560       |
|    policy_gradient_loss | -0.00219   |
|    value_loss           | 37.4       |
----------------------------------------
Eval num_timesteps=1960000, episode_reward=275.16 +/- 12.55
Episode length: 204.60 +/- 18.74
------------------------------------------
| eval/                   |              |
|    mean_ep_length       | 205          |
|    mean_reward          | 275          |
| time/                   |              |
|    total_timesteps      | 1960000      |
| train/                  |              |
|    approx_kl            | 0.0022310424 |
|    clip_fraction        | 0.0673       |
|    clip_range           | 0.1          |
|    entropy_loss         | -0.413       |
|    explained_variance   | 0.769        |
|    learning_rate        | 0.00012      |
|    loss                 | 67.3         |
|    n_updates            | 9570         |
|    policy_gradient_loss | -0.00254     |
|    value_loss           | 303          |
------------------------------------------
---------------------------------
| rollout/           |          |
|    ep_len_mean     | 201      |
|    ep_rew_mean     | 211      |
| time/              |          |
|    fps             | 336      |
|    iterations      | 958      |
|    time_elapsed    | 5829     |
|    total_timesteps | 1961984  |
---------------------------------
------------------------------------------
| rollout/                |              |
|    ep_len_mean          | 193          |
|    ep_rew_mean          | 199          |
| time/                   |              |
|    fps                  | 336          |
|    iterations           | 959          |
|    time_elapsed         | 5834         |
|    total_timesteps      | 1964032      |
| train/                  |              |
|    approx_kl            | 0.0010612296 |
|    clip_fraction        | 0.0402       |
|    clip_range           | 0.1          |
|    entropy_loss         | -0.355       |
|    explained_variance   | 0.907        |
|    learning_rate        | 0.00012      |
|    loss                 | 39.4         |
|    n_updates            | 9580         |
|    policy_gradient_loss | -0.00132     |
|    value_loss           | 159          |
------------------------------------------
------------------------------------------
| rollout/                |              |
|    ep_len_mean          | 186          |
|    ep_rew_mean          | 188          |
| time/                   |              |
|    fps                  | 336          |
|    iterations           | 960          |
|    time_elapsed         | 5840         |
|    total_timesteps      | 1966080      |
| train/                  |              |
|    approx_kl            | 0.0024263742 |
|    clip_fraction        | 0.0695       |
|    clip_range           | 0.1          |
|    entropy_loss         | -0.417       |
|    explained_variance   | 0.824        |
|    learning_rate        | 0.00012      |
|    loss                 | 15.8         |
|    n_updates            | 9590         |
|    policy_gradient_loss | -0.00205     |
|    value_loss           | 105          |
------------------------------------------
------------------------------------------
| rollout/                |              |
|    ep_len_mean          | 185          |
|    ep_rew_mean          | 192          |
| time/                   |              |
|    fps                  | 336          |
|    iterations           | 961          |
|    time_elapsed         | 5846         |
|    total_timesteps      | 1968128      |
| train/                  |              |
|    approx_kl            | 0.0014267871 |
|    clip_fraction        | 0.0588       |
|    clip_range           | 0.1          |
|    entropy_loss         | -0.418       |
|    explained_variance   | 0.885        |
|    learning_rate        | 0.00012      |
|    loss                 | 20.9         |
|    n_updates            | 9600         |
|    policy_gradient_loss | -0.00183     |
|    value_loss           | 111          |
------------------------------------------
------------------------------------------
| rollout/                |              |
|    ep_len_mean          | 185          |
|    ep_rew_mean          | 193          |
| time/                   |              |
|    fps                  | 336          |
|    iterations           | 962          |
|    time_elapsed         | 5852         |
|    total_timesteps      | 1970176      |
| train/                  |              |
|    approx_kl            | 0.0020097618 |
|    clip_fraction        | 0.0712       |
|    clip_range           | 0.1          |
|    entropy_loss         | -0.428       |
|    explained_variance   | 0.896        |
|    learning_rate        | 0.00012      |
|    loss                 | 19.1         |
|    n_updates            | 9610         |
|    policy_gradient_loss | -0.000661    |
|    value_loss           | 73.6         |
------------------------------------------
------------------------------------------
| rollout/                |              |
|    ep_len_mean          | 178          |
|    ep_rew_mean          | 195          |
| time/                   |              |
|    fps                  | 336          |
|    iterations           | 963          |
|    time_elapsed         | 5858         |
|    total_timesteps      | 1972224      |
| train/                  |              |
|    approx_kl            | 0.0014246772 |
|    clip_fraction        | 0.0435       |
|    clip_range           | 0.1          |
|    entropy_loss         | -0.393       |
|    explained_variance   | 0.868        |
|    learning_rate        | 0.00012      |
|    loss                 | 11.1         |
|    n_updates            | 9620         |
|    policy_gradient_loss | -0.000442    |
|    value_loss           | 127          |
------------------------------------------
------------------------------------------
| rollout/                |              |
|    ep_len_mean          | 168          |
|    ep_rew_mean          | 190          |
| time/                   |              |
|    fps                  | 336          |
|    iterations           | 964          |
|    time_elapsed         | 5864         |
|    total_timesteps      | 1974272      |
| train/                  |              |
|    approx_kl            | 0.0017710663 |
|    clip_fraction        | 0.0838       |
|    clip_range           | 0.1          |
|    entropy_loss         | -0.444       |
|    explained_variance   | 0.944        |
|    learning_rate        | 0.00012      |
|    loss                 | 8.06         |
|    n_updates            | 9630         |
|    policy_gradient_loss | -0.000704    |
|    value_loss           | 65           |
------------------------------------------
------------------------------------------
| rollout/                |              |
|    ep_len_mean          | 168          |
|    ep_rew_mean          | 180          |
| time/                   |              |
|    fps                  | 336          |
|    iterations           | 965          |
|    time_elapsed         | 5869         |
|    total_timesteps      | 1976320      |
| train/                  |              |
|    approx_kl            | 0.0016289561 |
|    clip_fraction        | 0.0687       |
|    clip_range           | 0.1          |
|    entropy_loss         | -0.446       |
|    explained_variance   | 0.825        |
|    learning_rate        | 0.00012      |
|    loss                 | 123          |
|    n_updates            | 9640         |
|    policy_gradient_loss | -0.00294     |
|    value_loss           | 206          |
------------------------------------------
------------------------------------------
| rollout/                |              |
|    ep_len_mean          | 168          |
|    ep_rew_mean          | 187          |
| time/                   |              |
|    fps                  | 336          |
|    iterations           | 966          |
|    time_elapsed         | 5875         |
|    total_timesteps      | 1978368      |
| train/                  |              |
|    approx_kl            | 0.0013579566 |
|    clip_fraction        | 0.0589       |
|    clip_range           | 0.1          |
|    entropy_loss         | -0.436       |
|    explained_variance   | 0.873        |
|    learning_rate        | 0.00012      |
|    loss                 | 50.9         |
|    n_updates            | 9650         |
|    policy_gradient_loss | -0.00209     |
|    value_loss           | 150          |
------------------------------------------
Eval num_timesteps=1980000, episode_reward=175.31 +/- 121.30
Episode length: 156.40 +/- 40.88
------------------------------------------
| eval/                   |              |
|    mean_ep_length       | 156          |
|    mean_reward          | 175          |
| time/                   |              |
|    total_timesteps      | 1980000      |
| train/                  |              |
|    approx_kl            | 0.0023557357 |
|    clip_fraction        | 0.0556       |
|    clip_range           | 0.1          |
|    entropy_loss         | -0.455       |
|    explained_variance   | 0.933        |
|    learning_rate        | 0.00012      |
|    loss                 | 21.5         |
|    n_updates            | 9660         |
|    policy_gradient_loss | -0.00202     |
|    value_loss           | 52           |
------------------------------------------
---------------------------------
| rollout/           |          |
|    ep_len_mean     | 171      |
|    ep_rew_mean     | 182      |
| time/              |          |
|    fps             | 336      |
|    iterations      | 967      |
|    time_elapsed    | 5882     |
|    total_timesteps | 1980416  |
---------------------------------
------------------------------------------
| rollout/                |              |
|    ep_len_mean          | 175          |
|    ep_rew_mean          | 190          |
| time/                   |              |
|    fps                  | 336          |
|    iterations           | 968          |
|    time_elapsed         | 5888         |
|    total_timesteps      | 1982464      |
| train/                  |              |
|    approx_kl            | 0.0013533602 |
|    clip_fraction        | 0.0535       |
|    clip_range           | 0.1          |
|    entropy_loss         | -0.4         |
|    explained_variance   | 0.888        |
|    learning_rate        | 0.00012      |
|    loss                 | 53.2         |
|    n_updates            | 9670         |
|    policy_gradient_loss | -0.0029      |
|    value_loss           | 153          |
------------------------------------------
------------------------------------------
| rollout/                |              |
|    ep_len_mean          | 183          |
|    ep_rew_mean          | 191          |
| time/                   |              |
|    fps                  | 336          |
|    iterations           | 969          |
|    time_elapsed         | 5894         |
|    total_timesteps      | 1984512      |
| train/                  |              |
|    approx_kl            | 0.0014463033 |
|    clip_fraction        | 0.0636       |
|    clip_range           | 0.1          |
|    entropy_loss         | -0.394       |
|    explained_variance   | 0.93         |
|    learning_rate        | 0.00012      |
|    loss                 | 8.11         |
|    n_updates            | 9680         |
|    policy_gradient_loss | -0.000749    |
|    value_loss           | 56.9         |
------------------------------------------
------------------------------------------
| rollout/                |              |
|    ep_len_mean          | 188          |
|    ep_rew_mean          | 184          |
| time/                   |              |
|    fps                  | 336          |
|    iterations           | 970          |
|    time_elapsed         | 5900         |
|    total_timesteps      | 1986560      |
| train/                  |              |
|    approx_kl            | 0.0015959078 |
|    clip_fraction        | 0.0584       |
|    clip_range           | 0.1          |
|    entropy_loss         | -0.484       |
|    explained_variance   | 0.848        |
|    learning_rate        | 0.00012      |
|    loss                 | 141          |
|    n_updates            | 9690         |
|    policy_gradient_loss | -0.000998    |
|    value_loss           | 178          |
------------------------------------------
------------------------------------------
| rollout/                |              |
|    ep_len_mean          | 190          |
|    ep_rew_mean          | 187          |
| time/                   |              |
|    fps                  | 336          |
|    iterations           | 971          |
|    time_elapsed         | 5906         |
|    total_timesteps      | 1988608      |
| train/                  |              |
|    approx_kl            | 0.0021947506 |
|    clip_fraction        | 0.0879       |
|    clip_range           | 0.1          |
|    entropy_loss         | -0.441       |
|    explained_variance   | 0.944        |
|    learning_rate        | 0.00012      |
|    loss                 | 47.3         |
|    n_updates            | 9700         |
|    policy_gradient_loss | -0.00309     |
|    value_loss           | 58.4         |
------------------------------------------
------------------------------------------
| rollout/                |              |
|    ep_len_mean          | 197          |
|    ep_rew_mean          | 192          |
| time/                   |              |
|    fps                  | 336          |
|    iterations           | 972          |
|    time_elapsed         | 5912         |
|    total_timesteps      | 1990656      |
| train/                  |              |
|    approx_kl            | 0.0025009005 |
|    clip_fraction        | 0.083        |
|    clip_range           | 0.1          |
|    entropy_loss         | -0.448       |
|    explained_variance   | 0.843        |
|    learning_rate        | 0.00012      |
|    loss                 | 10.6         |
|    n_updates            | 9710         |
|    policy_gradient_loss | -0.000258    |
|    value_loss           | 56.2         |
------------------------------------------
------------------------------------------
| rollout/                |              |
|    ep_len_mean          | 195          |
|    ep_rew_mean          | 188          |
| time/                   |              |
|    fps                  | 336          |
|    iterations           | 973          |
|    time_elapsed         | 5917         |
|    total_timesteps      | 1992704      |
| train/                  |              |
|    approx_kl            | 0.0048390552 |
|    clip_fraction        | 0.121        |
|    clip_range           | 0.1          |
|    entropy_loss         | -0.491       |
|    explained_variance   | 0.964        |
|    learning_rate        | 0.00012      |
|    loss                 | 109          |
|    n_updates            | 9720         |
|    policy_gradient_loss | -0.0033      |
|    value_loss           | 54.6         |
------------------------------------------
------------------------------------------
| rollout/                |              |
|    ep_len_mean          | 195          |
|    ep_rew_mean          | 198          |
| time/                   |              |
|    fps                  | 336          |
|    iterations           | 974          |
|    time_elapsed         | 5923         |
|    total_timesteps      | 1994752      |
| train/                  |              |
|    approx_kl            | 0.0017876702 |
|    clip_fraction        | 0.0891       |
|    clip_range           | 0.1          |
|    entropy_loss         | -0.441       |
|    explained_variance   | 0.922        |
|    learning_rate        | 0.00012      |
|    loss                 | 48.5         |
|    n_updates            | 9730         |
|    policy_gradient_loss | -0.000645    |
|    value_loss           | 60.7         |
------------------------------------------
------------------------------------------
| rollout/                |              |
|    ep_len_mean          | 211          |
|    ep_rew_mean          | 199          |
| time/                   |              |
|    fps                  | 336          |
|    iterations           | 975          |
|    time_elapsed         | 5929         |
|    total_timesteps      | 1996800      |
| train/                  |              |
|    approx_kl            | 0.0014827062 |
|    clip_fraction        | 0.0713       |
|    clip_range           | 0.1          |
|    entropy_loss         | -0.432       |
|    explained_variance   | 0.954        |
|    learning_rate        | 0.00012      |
|    loss                 | 17           |
|    n_updates            | 9740         |
|    policy_gradient_loss | -0.00237     |
|    value_loss           | 41.7         |
------------------------------------------
------------------------------------------
| rollout/                |              |
|    ep_len_mean          | 212          |
|    ep_rew_mean          | 204          |
| time/                   |              |
|    fps                  | 336          |
|    iterations           | 976          |
|    time_elapsed         | 5935         |
|    total_timesteps      | 1998848      |
| train/                  |              |
|    approx_kl            | 0.0042793183 |
|    clip_fraction        | 0.156        |
|    clip_range           | 0.1          |
|    entropy_loss         | -0.435       |
|    explained_variance   | 0.942        |
|    learning_rate        | 0.00012      |
|    loss                 | 66           |
|    n_updates            | 9750         |
|    policy_gradient_loss | -0.000105    |
|    value_loss           | 38           |
------------------------------------------
Eval num_timesteps=2000000, episode_reward=165.23 +/- 134.70
Episode length: 185.20 +/- 33.33
-----------------------------------------
| eval/                   |             |
|    mean_ep_length       | 185         |
|    mean_reward          | 165         |
| time/                   |             |
|    total_timesteps      | 2000000     |
| train/                  |             |
|    approx_kl            | 0.002413387 |
|    clip_fraction        | 0.0909      |
|    clip_range           | 0.1         |
|    entropy_loss         | -0.473      |
|    explained_variance   | 0.837       |
|    learning_rate        | 0.00012     |
|    loss                 | 6.95        |
|    n_updates            | 9760        |
|    policy_gradient_loss | -0.000809   |
|    value_loss           | 46          |
-----------------------------------------
---------------------------------
| rollout/           |          |
|    ep_len_mean     | 209      |
|    ep_rew_mean     | 205      |
| time/              |          |
|    fps             | 336      |
|    iterations      | 977      |
|    time_elapsed    | 5942     |
|    total_timesteps | 2000896  |
---------------------------------
 100% ━━━━━━━━━━━━━━━━━━━━ 2,000,896/2,000,000  [ 1:39:00 < 0:00:00 , 350 it/s ]

[PPO/MlpPolicy] Final Eval on LunarLander-v2: mean=230.25 ± 75.51
Saved last model to: /homes/sohawan2/reinforcement-learning-thesis/code_practice/runs/LunarLander_v2/PPO/20250929-001401/models/last_ppo.zip
===== Training End =====

