Gym has been unmaintained since 2022 and does not support NumPy 2.0 amongst other critical functionality.
Please upgrade to Gymnasium, the maintained drop-in replacement of Gym, or contact the authors of your software and request that they upgrade.
Users of this version of Gym should be able to simply replace 'import gym' with 'import gymnasium as gym' in the vast majority of cases.
See the migration guide at https://gymnasium.farama.org/introduction/migration_guide/ for additional information.
/homes/sohawan2/.local/lib/python3.10/site-packages/stable_baselines3/common/vec_env/base_vec_env.py:78: UserWarning: The `render_mode` attribute is not defined in your environment. It will be set to None.
  warnings.warn("The `render_mode` attribute is not defined in your environment. It will be set to None.")
[Path] Using preferred root: /homes/sohawan2/reinforcement-learning-thesis/code_practice

===== Stable‑Baselines3 Interactive Runner =====
[Path] Project root: /homes/sohawan2/reinforcement-learning-thesis/code_practice
[Info] LunarLander-v2 action space = Discrete → allowed algos: ['DQN', 'PPO', 'A2C']
Using cpu device

===== Training Start =====
{
  "env_id": "LunarLander-v2",
  "algo": "A2C",
  "policy": "MlpPolicy",
  "seed": 0,
  "total_timesteps": 2000000,
  "num_envs": 1,
  "use_vecnorm": false
}
Logging to /homes/sohawan2/reinforcement-learning-thesis/code_practice/runs/LunarLander_v2/A2C/20250928-151808/tb/A2C_1
------------------------------------
| rollout/              |          |
|    ep_len_mean        | 96.7     |
|    ep_rew_mean        | -252     |
| time/                 |          |
|    fps                | 987      |
|    iterations         | 100      |
|    time_elapsed       | 0        |
|    total_timesteps    | 800      |
| train/                |          |
|    entropy_loss       | -1.32    |
|    explained_variance | 0.0109   |
|    learning_rate      | 0.00015  |
|    n_updates          | 99       |
|    policy_loss        | -10.3    |
|    value_loss         | 57.4     |
------------------------------------
------------------------------------
| rollout/              |          |
|    ep_len_mean        | 93.8     |
|    ep_rew_mean        | -279     |
| time/                 |          |
|    fps                | 1012     |
|    iterations         | 200      |
|    time_elapsed       | 1        |
|    total_timesteps    | 1600     |
| train/                |          |
|    entropy_loss       | -1.38    |
|    explained_variance | 0.0941   |
|    learning_rate      | 0.00015  |
|    n_updates          | 199      |
|    policy_loss        | -6.02    |
|    value_loss         | 23.9     |
------------------------------------
------------------------------------
| rollout/              |          |
|    ep_len_mean        | 97.8     |
|    ep_rew_mean        | -274     |
| time/                 |          |
|    fps                | 1044     |
|    iterations         | 300      |
|    time_elapsed       | 2        |
|    total_timesteps    | 2400     |
| train/                |          |
|    entropy_loss       | -1.36    |
|    explained_variance | 0.00648  |
|    learning_rate      | 0.00015  |
|    n_updates          | 299      |
|    policy_loss        | -5.12    |
|    value_loss         | 16.8     |
------------------------------------
------------------------------------
| rollout/              |          |
|    ep_len_mean        | 101      |
|    ep_rew_mean        | -267     |
| time/                 |          |
|    fps                | 1062     |
|    iterations         | 400      |
|    time_elapsed       | 3        |
|    total_timesteps    | 3200     |
| train/                |          |
|    entropy_loss       | -1.15    |
|    explained_variance | -0.16    |
|    learning_rate      | 0.00015  |
|    n_updates          | 399      |
|    policy_loss        | -6.63    |
|    value_loss         | 29.3     |
------------------------------------
------------------------------------
| rollout/              |          |
|    ep_len_mean        | 107      |
|    ep_rew_mean        | -286     |
| time/                 |          |
|    fps                | 1074     |
|    iterations         | 500      |
|    time_elapsed       | 3        |
|    total_timesteps    | 4000     |
| train/                |          |
|    entropy_loss       | -1.32    |
|    explained_variance | -0.0061  |
|    learning_rate      | 0.00015  |
|    n_updates          | 499      |
|    policy_loss        | -22.6    |
|    value_loss         | 302      |
------------------------------------
------------------------------------
| rollout/              |          |
|    ep_len_mean        | 106      |
|    ep_rew_mean        | -303     |
| time/                 |          |
|    fps                | 1080     |
|    iterations         | 600      |
|    time_elapsed       | 4        |
|    total_timesteps    | 4800     |
| train/                |          |
|    entropy_loss       | -1.2     |
|    explained_variance | -0.0282  |
|    learning_rate      | 0.00015  |
|    n_updates          | 599      |
|    policy_loss        | -1.9     |
|    value_loss         | 9.93     |
------------------------------------
------------------------------------
| rollout/              |          |
|    ep_len_mean        | 109      |
|    ep_rew_mean        | -308     |
| time/                 |          |
|    fps                | 1085     |
|    iterations         | 700      |
|    time_elapsed       | 5        |
|    total_timesteps    | 5600     |
| train/                |          |
|    entropy_loss       | -1.22    |
|    explained_variance | 0.00184  |
|    learning_rate      | 0.00015  |
|    n_updates          | 699      |
|    policy_loss        | -3.81    |
|    value_loss         | 20.7     |
------------------------------------
------------------------------------
| rollout/              |          |
|    ep_len_mean        | 112      |
|    ep_rew_mean        | -316     |
| time/                 |          |
|    fps                | 1090     |
|    iterations         | 800      |
|    time_elapsed       | 5        |
|    total_timesteps    | 6400     |
| train/                |          |
|    entropy_loss       | -1.33    |
|    explained_variance | -0.159   |
|    learning_rate      | 0.00015  |
|    n_updates          | 799      |
|    policy_loss        | 3.07     |
|    value_loss         | 7.22     |
------------------------------------
------------------------------------
| rollout/              |          |
|    ep_len_mean        | 116      |
|    ep_rew_mean        | -308     |
| time/                 |          |
|    fps                | 1091     |
|    iterations         | 900      |
|    time_elapsed       | 6        |
|    total_timesteps    | 7200     |
| train/                |          |
|    entropy_loss       | -1.31    |
|    explained_variance | -0.00272 |
|    learning_rate      | 0.00015  |
|    n_updates          | 899      |
|    policy_loss        | -10.2    |
|    value_loss         | 61.8     |
------------------------------------
------------------------------------
| rollout/              |          |
|    ep_len_mean        | 117      |
|    ep_rew_mean        | -299     |
| time/                 |          |
|    fps                | 1094     |
|    iterations         | 1000     |
|    time_elapsed       | 7        |
|    total_timesteps    | 8000     |
| train/                |          |
|    entropy_loss       | -0.882   |
|    explained_variance | -0.0593  |
|    learning_rate      | 0.00015  |
|    n_updates          | 999      |
|    policy_loss        | 3.13     |
|    value_loss         | 19.9     |
------------------------------------
------------------------------------
| rollout/              |          |
|    ep_len_mean        | 120      |
|    ep_rew_mean        | -306     |
| time/                 |          |
|    fps                | 1092     |
|    iterations         | 1100     |
|    time_elapsed       | 8        |
|    total_timesteps    | 8800     |
| train/                |          |
|    entropy_loss       | -1.12    |
|    explained_variance | 0.000852 |
|    learning_rate      | 0.000149 |
|    n_updates          | 1099     |
|    policy_loss        | -10.4    |
|    value_loss         | 195      |
------------------------------------
------------------------------------
| rollout/              |          |
|    ep_len_mean        | 125      |
|    ep_rew_mean        | -323     |
| time/                 |          |
|    fps                | 1095     |
|    iterations         | 1200     |
|    time_elapsed       | 8        |
|    total_timesteps    | 9600     |
| train/                |          |
|    entropy_loss       | -0.604   |
|    explained_variance | 0.0125   |
|    learning_rate      | 0.000149 |
|    n_updates          | 1199     |
|    policy_loss        | -4.59    |
|    value_loss         | 644      |
------------------------------------
------------------------------------
| rollout/              |          |
|    ep_len_mean        | 124      |
|    ep_rew_mean        | -327     |
| time/                 |          |
|    fps                | 1097     |
|    iterations         | 1300     |
|    time_elapsed       | 9        |
|    total_timesteps    | 10400    |
| train/                |          |
|    entropy_loss       | -1.11    |
|    explained_variance | 0.000739 |
|    learning_rate      | 0.000149 |
|    n_updates          | 1299     |
|    policy_loss        | -3.45    |
|    value_loss         | 16.4     |
------------------------------------
------------------------------------
| rollout/              |          |
|    ep_len_mean        | 127      |
|    ep_rew_mean        | -332     |
| time/                 |          |
|    fps                | 1100     |
|    iterations         | 1400     |
|    time_elapsed       | 10       |
|    total_timesteps    | 11200    |
| train/                |          |
|    entropy_loss       | -0.913   |
|    explained_variance | -0.0108  |
|    learning_rate      | 0.000149 |
|    n_updates          | 1399     |
|    policy_loss        | 3.98     |
|    value_loss         | 29.5     |
------------------------------------
------------------------------------
| rollout/              |          |
|    ep_len_mean        | 130      |
|    ep_rew_mean        | -332     |
| time/                 |          |
|    fps                | 1102     |
|    iterations         | 1500     |
|    time_elapsed       | 10       |
|    total_timesteps    | 12000    |
| train/                |          |
|    entropy_loss       | -1.14    |
|    explained_variance | 0.00614  |
|    learning_rate      | 0.000149 |
|    n_updates          | 1499     |
|    policy_loss        | 3.28     |
|    value_loss         | 8.27     |
------------------------------------
------------------------------------
| rollout/              |          |
|    ep_len_mean        | 133      |
|    ep_rew_mean        | -326     |
| time/                 |          |
|    fps                | 1104     |
|    iterations         | 1600     |
|    time_elapsed       | 11       |
|    total_timesteps    | 12800    |
| train/                |          |
|    entropy_loss       | -0.848   |
|    explained_variance | 0.0475   |
|    learning_rate      | 0.000149 |
|    n_updates          | 1599     |
|    policy_loss        | -2.23    |
|    value_loss         | 19.7     |
------------------------------------
------------------------------------
| rollout/              |          |
|    ep_len_mean        | 134      |
|    ep_rew_mean        | -324     |
| time/                 |          |
|    fps                | 1104     |
|    iterations         | 1700     |
|    time_elapsed       | 12       |
|    total_timesteps    | 13600    |
| train/                |          |
|    entropy_loss       | -1.38    |
|    explained_variance | 0.0363   |
|    learning_rate      | 0.000149 |
|    n_updates          | 1699     |
|    policy_loss        | 5.1      |
|    value_loss         | 15.5     |
------------------------------------
------------------------------------
| rollout/              |          |
|    ep_len_mean        | 144      |
|    ep_rew_mean        | -320     |
| time/                 |          |
|    fps                | 1105     |
|    iterations         | 1800     |
|    time_elapsed       | 13       |
|    total_timesteps    | 14400    |
| train/                |          |
|    entropy_loss       | -0.915   |
|    explained_variance | -0.0055  |
|    learning_rate      | 0.000149 |
|    n_updates          | 1799     |
|    policy_loss        | 6.47     |
|    value_loss         | 23       |
------------------------------------
------------------------------------
| rollout/              |          |
|    ep_len_mean        | 148      |
|    ep_rew_mean        | -323     |
| time/                 |          |
|    fps                | 1106     |
|    iterations         | 1900     |
|    time_elapsed       | 13       |
|    total_timesteps    | 15200    |
| train/                |          |
|    entropy_loss       | -0.947   |
|    explained_variance | 0.0183   |
|    learning_rate      | 0.000149 |
|    n_updates          | 1899     |
|    policy_loss        | 5.27     |
|    value_loss         | 34.2     |
------------------------------------
------------------------------------
| rollout/              |          |
|    ep_len_mean        | 151      |
|    ep_rew_mean        | -319     |
| time/                 |          |
|    fps                | 1107     |
|    iterations         | 2000     |
|    time_elapsed       | 14       |
|    total_timesteps    | 16000    |
| train/                |          |
|    entropy_loss       | -1       |
|    explained_variance | 0.00176  |
|    learning_rate      | 0.000149 |
|    n_updates          | 1999     |
|    policy_loss        | 1.07     |
|    value_loss         | 1.27     |
------------------------------------
------------------------------------
| rollout/              |          |
|    ep_len_mean        | 155      |
|    ep_rew_mean        | -312     |
| time/                 |          |
|    fps                | 1107     |
|    iterations         | 2100     |
|    time_elapsed       | 15       |
|    total_timesteps    | 16800    |
| train/                |          |
|    entropy_loss       | -0.74    |
|    explained_variance | 0.000513 |
|    learning_rate      | 0.000149 |
|    n_updates          | 2099     |
|    policy_loss        | -0.5     |
|    value_loss         | 17.2     |
------------------------------------
------------------------------------
| rollout/              |          |
|    ep_len_mean        | 160      |
|    ep_rew_mean        | -308     |
| time/                 |          |
|    fps                | 1108     |
|    iterations         | 2200     |
|    time_elapsed       | 15       |
|    total_timesteps    | 17600    |
| train/                |          |
|    entropy_loss       | -1.11    |
|    explained_variance | 0.00624  |
|    learning_rate      | 0.000149 |
|    n_updates          | 2199     |
|    policy_loss        | -19.2    |
|    value_loss         | 302      |
------------------------------------
------------------------------------
| rollout/              |          |
|    ep_len_mean        | 164      |
|    ep_rew_mean        | -312     |
| time/                 |          |
|    fps                | 1109     |
|    iterations         | 2300     |
|    time_elapsed       | 16       |
|    total_timesteps    | 18400    |
| train/                |          |
|    entropy_loss       | -0.867   |
|    explained_variance | -0.0187  |
|    learning_rate      | 0.000149 |
|    n_updates          | 2299     |
|    policy_loss        | 15.3     |
|    value_loss         | 629      |
------------------------------------
------------------------------------
| rollout/              |          |
|    ep_len_mean        | 166      |
|    ep_rew_mean        | -301     |
| time/                 |          |
|    fps                | 1110     |
|    iterations         | 2400     |
|    time_elapsed       | 17       |
|    total_timesteps    | 19200    |
| train/                |          |
|    entropy_loss       | -0.838   |
|    explained_variance | 0.179    |
|    learning_rate      | 0.000149 |
|    n_updates          | 2399     |
|    policy_loss        | -2.4     |
|    value_loss         | 23.2     |
------------------------------------
------------------------------------
| rollout/              |          |
|    ep_len_mean        | 168      |
|    ep_rew_mean        | -297     |
| time/                 |          |
|    fps                | 1110     |
|    iterations         | 2500     |
|    time_elapsed       | 18       |
|    total_timesteps    | 20000    |
| train/                |          |
|    entropy_loss       | -0.906   |
|    explained_variance | 0.00917  |
|    learning_rate      | 0.000149 |
|    n_updates          | 2499     |
|    policy_loss        | -6.48    |
|    value_loss         | 44.2     |
------------------------------------
------------------------------------
| rollout/              |          |
|    ep_len_mean        | 169      |
|    ep_rew_mean        | -295     |
| time/                 |          |
|    fps                | 1111     |
|    iterations         | 2600     |
|    time_elapsed       | 18       |
|    total_timesteps    | 20800    |
| train/                |          |
|    entropy_loss       | -1.35    |
|    explained_variance | 0.591    |
|    learning_rate      | 0.000149 |
|    n_updates          | 2599     |
|    policy_loss        | 5.88     |
|    value_loss         | 51.8     |
------------------------------------
------------------------------------
| rollout/              |          |
|    ep_len_mean        | 179      |
|    ep_rew_mean        | -287     |
| time/                 |          |
|    fps                | 1111     |
|    iterations         | 2700     |
|    time_elapsed       | 19       |
|    total_timesteps    | 21600    |
| train/                |          |
|    entropy_loss       | -0.766   |
|    explained_variance | -0.026   |
|    learning_rate      | 0.000149 |
|    n_updates          | 2699     |
|    policy_loss        | 12.9     |
|    value_loss         | 287      |
------------------------------------
------------------------------------
| rollout/              |          |
|    ep_len_mean        | 182      |
|    ep_rew_mean        | -280     |
| time/                 |          |
|    fps                | 1112     |
|    iterations         | 2800     |
|    time_elapsed       | 20       |
|    total_timesteps    | 22400    |
| train/                |          |
|    entropy_loss       | -0.929   |
|    explained_variance | -0.0667  |
|    learning_rate      | 0.000149 |
|    n_updates          | 2799     |
|    policy_loss        | 7.46     |
|    value_loss         | 117      |
------------------------------------
------------------------------------
| rollout/              |          |
|    ep_len_mean        | 188      |
|    ep_rew_mean        | -277     |
| time/                 |          |
|    fps                | 1112     |
|    iterations         | 2900     |
|    time_elapsed       | 20       |
|    total_timesteps    | 23200    |
| train/                |          |
|    entropy_loss       | -0.725   |
|    explained_variance | 0.0141   |
|    learning_rate      | 0.000149 |
|    n_updates          | 2899     |
|    policy_loss        | -14.7    |
|    value_loss         | 135      |
------------------------------------
------------------------------------
| rollout/              |          |
|    ep_len_mean        | 192      |
|    ep_rew_mean        | -266     |
| time/                 |          |
|    fps                | 1113     |
|    iterations         | 3000     |
|    time_elapsed       | 21       |
|    total_timesteps    | 24000    |
| train/                |          |
|    entropy_loss       | -0.859   |
|    explained_variance | 0.00132  |
|    learning_rate      | 0.000149 |
|    n_updates          | 2999     |
|    policy_loss        | 1.62     |
|    value_loss         | 18.8     |
------------------------------------
------------------------------------
| rollout/              |          |
|    ep_len_mean        | 193      |
|    ep_rew_mean        | -250     |
| time/                 |          |
|    fps                | 1113     |
|    iterations         | 3100     |
|    time_elapsed       | 22       |
|    total_timesteps    | 24800    |
| train/                |          |
|    entropy_loss       | -0.939   |
|    explained_variance | -0.111   |
|    learning_rate      | 0.000149 |
|    n_updates          | 3099     |
|    policy_loss        | -25.4    |
|    value_loss         | 1.43e+03 |
------------------------------------
------------------------------------
| rollout/              |          |
|    ep_len_mean        | 198      |
|    ep_rew_mean        | -249     |
| time/                 |          |
|    fps                | 1114     |
|    iterations         | 3200     |
|    time_elapsed       | 22       |
|    total_timesteps    | 25600    |
| train/                |          |
|    entropy_loss       | -0.781   |
|    explained_variance | -0.00448 |
|    learning_rate      | 0.000148 |
|    n_updates          | 3199     |
|    policy_loss        | 1.69     |
|    value_loss         | 17.8     |
------------------------------------
------------------------------------
| rollout/              |          |
|    ep_len_mean        | 198      |
|    ep_rew_mean        | -233     |
| time/                 |          |
|    fps                | 1114     |
|    iterations         | 3300     |
|    time_elapsed       | 23       |
|    total_timesteps    | 26400    |
| train/                |          |
|    entropy_loss       | -0.536   |
|    explained_variance | 0.000802 |
|    learning_rate      | 0.000148 |
|    n_updates          | 3299     |
|    policy_loss        | 1.07     |
|    value_loss         | 13.7     |
------------------------------------
------------------------------------
| rollout/              |          |
|    ep_len_mean        | 199      |
|    ep_rew_mean        | -232     |
| time/                 |          |
|    fps                | 1115     |
|    iterations         | 3400     |
|    time_elapsed       | 24       |
|    total_timesteps    | 27200    |
| train/                |          |
|    entropy_loss       | -0.651   |
|    explained_variance | 0.00332  |
|    learning_rate      | 0.000148 |
|    n_updates          | 3399     |
|    policy_loss        | -4.43    |
|    value_loss         | 10       |
------------------------------------
------------------------------------
| rollout/              |          |
|    ep_len_mean        | 201      |
|    ep_rew_mean        | -228     |
| time/                 |          |
|    fps                | 1115     |
|    iterations         | 3500     |
|    time_elapsed       | 25       |
|    total_timesteps    | 28000    |
| train/                |          |
|    entropy_loss       | -0.752   |
|    explained_variance | -0.0275  |
|    learning_rate      | 0.000148 |
|    n_updates          | 3499     |
|    policy_loss        | 8.14     |
|    value_loss         | 286      |
------------------------------------
------------------------------------
| rollout/              |          |
|    ep_len_mean        | 206      |
|    ep_rew_mean        | -225     |
| time/                 |          |
|    fps                | 1116     |
|    iterations         | 3600     |
|    time_elapsed       | 25       |
|    total_timesteps    | 28800    |
| train/                |          |
|    entropy_loss       | -0.734   |
|    explained_variance | -0.00358 |
|    learning_rate      | 0.000148 |
|    n_updates          | 3599     |
|    policy_loss        | 3.83     |
|    value_loss         | 125      |
------------------------------------
-------------------------------------
| rollout/              |           |
|    ep_len_mean        | 206       |
|    ep_rew_mean        | -206      |
| time/                 |           |
|    fps                | 1116      |
|    iterations         | 3700      |
|    time_elapsed       | 26        |
|    total_timesteps    | 29600     |
| train/                |           |
|    entropy_loss       | -0.933    |
|    explained_variance | -0.000329 |
|    learning_rate      | 0.000148  |
|    n_updates          | 3699      |
|    policy_loss        | 8.35      |
|    value_loss         | 60.4      |
-------------------------------------
------------------------------------
| rollout/              |          |
|    ep_len_mean        | 209      |
|    ep_rew_mean        | -195     |
| time/                 |          |
|    fps                | 1117     |
|    iterations         | 3800     |
|    time_elapsed       | 27       |
|    total_timesteps    | 30400    |
| train/                |          |
|    entropy_loss       | -0.721   |
|    explained_variance | -0.00232 |
|    learning_rate      | 0.000148 |
|    n_updates          | 3799     |
|    policy_loss        | 6.14     |
|    value_loss         | 89.3     |
------------------------------------
------------------------------------
| rollout/              |          |
|    ep_len_mean        | 211      |
|    ep_rew_mean        | -180     |
| time/                 |          |
|    fps                | 1117     |
|    iterations         | 3900     |
|    time_elapsed       | 27       |
|    total_timesteps    | 31200    |
| train/                |          |
|    entropy_loss       | -1.04    |
|    explained_variance | -0.00269 |
|    learning_rate      | 0.000148 |
|    n_updates          | 3899     |
|    policy_loss        | -6.51    |
|    value_loss         | 34.2     |
------------------------------------
------------------------------------
| rollout/              |          |
|    ep_len_mean        | 211      |
|    ep_rew_mean        | -180     |
| time/                 |          |
|    fps                | 1116     |
|    iterations         | 4000     |
|    time_elapsed       | 28       |
|    total_timesteps    | 32000    |
| train/                |          |
|    entropy_loss       | -1.25    |
|    explained_variance | 0.101    |
|    learning_rate      | 0.000148 |
|    n_updates          | 3999     |
|    policy_loss        | 1.17     |
|    value_loss         | 1.77     |
------------------------------------
------------------------------------
| rollout/              |          |
|    ep_len_mean        | 220      |
|    ep_rew_mean        | -166     |
| time/                 |          |
|    fps                | 1116     |
|    iterations         | 4100     |
|    time_elapsed       | 29       |
|    total_timesteps    | 32800    |
| train/                |          |
|    entropy_loss       | -0.728   |
|    explained_variance | -0.0586  |
|    learning_rate      | 0.000148 |
|    n_updates          | 4099     |
|    policy_loss        | 2.12     |
|    value_loss         | 11.4     |
------------------------------------
-------------------------------------
| rollout/              |           |
|    ep_len_mean        | 222       |
|    ep_rew_mean        | -159      |
| time/                 |           |
|    fps                | 1116      |
|    iterations         | 4200      |
|    time_elapsed       | 30        |
|    total_timesteps    | 33600     |
| train/                |           |
|    entropy_loss       | -0.622    |
|    explained_variance | -0.000996 |
|    learning_rate      | 0.000148  |
|    n_updates          | 4199      |
|    policy_loss        | 6.19      |
|    value_loss         | 118       |
-------------------------------------
------------------------------------
| rollout/              |          |
|    ep_len_mean        | 222      |
|    ep_rew_mean        | -157     |
| time/                 |          |
|    fps                | 1116     |
|    iterations         | 4300     |
|    time_elapsed       | 30       |
|    total_timesteps    | 34400    |
| train/                |          |
|    entropy_loss       | -1.22    |
|    explained_variance | -0.0446  |
|    learning_rate      | 0.000148 |
|    n_updates          | 4299     |
|    policy_loss        | 1.23     |
|    value_loss         | 1.16     |
------------------------------------
------------------------------------
| rollout/              |          |
|    ep_len_mean        | 232      |
|    ep_rew_mean        | -151     |
| time/                 |          |
|    fps                | 1116     |
|    iterations         | 4400     |
|    time_elapsed       | 31       |
|    total_timesteps    | 35200    |
| train/                |          |
|    entropy_loss       | -0.84    |
|    explained_variance | -0.0184  |
|    learning_rate      | 0.000148 |
|    n_updates          | 4399     |
|    policy_loss        | 2.2      |
|    value_loss         | 62.1     |
------------------------------------
------------------------------------
| rollout/              |          |
|    ep_len_mean        | 230      |
|    ep_rew_mean        | -150     |
| time/                 |          |
|    fps                | 1116     |
|    iterations         | 4500     |
|    time_elapsed       | 32       |
|    total_timesteps    | 36000    |
| train/                |          |
|    entropy_loss       | -0.871   |
|    explained_variance | 0.0997   |
|    learning_rate      | 0.000148 |
|    n_updates          | 4499     |
|    policy_loss        | -13      |
|    value_loss         | 140      |
------------------------------------
------------------------------------
| rollout/              |          |
|    ep_len_mean        | 226      |
|    ep_rew_mean        | -147     |
| time/                 |          |
|    fps                | 1116     |
|    iterations         | 4600     |
|    time_elapsed       | 32       |
|    total_timesteps    | 36800    |
| train/                |          |
|    entropy_loss       | -0.527   |
|    explained_variance | 0.0737   |
|    learning_rate      | 0.000148 |
|    n_updates          | 4599     |
|    policy_loss        | 1.31     |
|    value_loss         | 9.05     |
------------------------------------
------------------------------------
| rollout/              |          |
|    ep_len_mean        | 224      |
|    ep_rew_mean        | -142     |
| time/                 |          |
|    fps                | 1117     |
|    iterations         | 4700     |
|    time_elapsed       | 33       |
|    total_timesteps    | 37600    |
| train/                |          |
|    entropy_loss       | -0.571   |
|    explained_variance | -0.0122  |
|    learning_rate      | 0.000148 |
|    n_updates          | 4699     |
|    policy_loss        | -0.909   |
|    value_loss         | 6.58     |
------------------------------------
------------------------------------
| rollout/              |          |
|    ep_len_mean        | 225      |
|    ep_rew_mean        | -137     |
| time/                 |          |
|    fps                | 1117     |
|    iterations         | 4800     |
|    time_elapsed       | 34       |
|    total_timesteps    | 38400    |
| train/                |          |
|    entropy_loss       | -0.469   |
|    explained_variance | 0.286    |
|    learning_rate      | 0.000148 |
|    n_updates          | 4799     |
|    policy_loss        | -5.07    |
|    value_loss         | 59.3     |
------------------------------------
------------------------------------
| rollout/              |          |
|    ep_len_mean        | 226      |
|    ep_rew_mean        | -130     |
| time/                 |          |
|    fps                | 1117     |
|    iterations         | 4900     |
|    time_elapsed       | 35       |
|    total_timesteps    | 39200    |
| train/                |          |
|    entropy_loss       | -0.832   |
|    explained_variance | -0.0484  |
|    learning_rate      | 0.000148 |
|    n_updates          | 4899     |
|    policy_loss        | -1.31    |
|    value_loss         | 8.64     |
------------------------------------
-------------------------------------
| rollout/              |           |
|    ep_len_mean        | 225       |
|    ep_rew_mean        | -128      |
| time/                 |           |
|    fps                | 1117      |
|    iterations         | 5000      |
|    time_elapsed       | 35        |
|    total_timesteps    | 40000     |
| train/                |           |
|    entropy_loss       | -0.822    |
|    explained_variance | -0.000887 |
|    learning_rate      | 0.000148  |
|    n_updates          | 4999      |
|    policy_loss        | 5.46      |
|    value_loss         | 70.1      |
-------------------------------------
------------------------------------
| rollout/              |          |
|    ep_len_mean        | 228      |
|    ep_rew_mean        | -123     |
| time/                 |          |
|    fps                | 1118     |
|    iterations         | 5100     |
|    time_elapsed       | 36       |
|    total_timesteps    | 40800    |
| train/                |          |
|    entropy_loss       | -0.803   |
|    explained_variance | -0.019   |
|    learning_rate      | 0.000148 |
|    n_updates          | 5099     |
|    policy_loss        | -3.47    |
|    value_loss         | 11.1     |
------------------------------------
------------------------------------
| rollout/              |          |
|    ep_len_mean        | 230      |
|    ep_rew_mean        | -119     |
| time/                 |          |
|    fps                | 1118     |
|    iterations         | 5200     |
|    time_elapsed       | 37       |
|    total_timesteps    | 41600    |
| train/                |          |
|    entropy_loss       | -0.343   |
|    explained_variance | 0.035    |
|    learning_rate      | 0.000148 |
|    n_updates          | 5199     |
|    policy_loss        | -5.49    |
|    value_loss         | 222      |
------------------------------------
------------------------------------
| rollout/              |          |
|    ep_len_mean        | 233      |
|    ep_rew_mean        | -116     |
| time/                 |          |
|    fps                | 1118     |
|    iterations         | 5300     |
|    time_elapsed       | 37       |
|    total_timesteps    | 42400    |
| train/                |          |
|    entropy_loss       | -0.675   |
|    explained_variance | -0.0315  |
|    learning_rate      | 0.000147 |
|    n_updates          | 5299     |
|    policy_loss        | 20.3     |
|    value_loss         | 1.18e+03 |
------------------------------------
------------------------------------
| rollout/              |          |
|    ep_len_mean        | 236      |
|    ep_rew_mean        | -117     |
| time/                 |          |
|    fps                | 1119     |
|    iterations         | 5400     |
|    time_elapsed       | 38       |
|    total_timesteps    | 43200    |
| train/                |          |
|    entropy_loss       | -0.214   |
|    explained_variance | -0.0235  |
|    learning_rate      | 0.000147 |
|    n_updates          | 5399     |
|    policy_loss        | -1.44    |
|    value_loss         | 25.1     |
------------------------------------
------------------------------------
| rollout/              |          |
|    ep_len_mean        | 236      |
|    ep_rew_mean        | -117     |
| time/                 |          |
|    fps                | 1119     |
|    iterations         | 5500     |
|    time_elapsed       | 39       |
|    total_timesteps    | 44000    |
| train/                |          |
|    entropy_loss       | -0.751   |
|    explained_variance | -0.138   |
|    learning_rate      | 0.000147 |
|    n_updates          | 5499     |
|    policy_loss        | 0.116    |
|    value_loss         | 0.0431   |
------------------------------------
------------------------------------
| rollout/              |          |
|    ep_len_mean        | 236      |
|    ep_rew_mean        | -115     |
| time/                 |          |
|    fps                | 1119     |
|    iterations         | 5600     |
|    time_elapsed       | 40       |
|    total_timesteps    | 44800    |
| train/                |          |
|    entropy_loss       | -0.686   |
|    explained_variance | 0.0519   |
|    learning_rate      | 0.000147 |
|    n_updates          | 5599     |
|    policy_loss        | -3.07    |
|    value_loss         | 33.2     |
------------------------------------
------------------------------------
| rollout/              |          |
|    ep_len_mean        | 237      |
|    ep_rew_mean        | -116     |
| time/                 |          |
|    fps                | 1119     |
|    iterations         | 5700     |
|    time_elapsed       | 40       |
|    total_timesteps    | 45600    |
| train/                |          |
|    entropy_loss       | -0.499   |
|    explained_variance | 0.0214   |
|    learning_rate      | 0.000147 |
|    n_updates          | 5699     |
|    policy_loss        | -5.85    |
|    value_loss         | 75.6     |
------------------------------------
------------------------------------
| rollout/              |          |
|    ep_len_mean        | 240      |
|    ep_rew_mean        | -115     |
| time/                 |          |
|    fps                | 1119     |
|    iterations         | 5800     |
|    time_elapsed       | 41       |
|    total_timesteps    | 46400    |
| train/                |          |
|    entropy_loss       | -0.677   |
|    explained_variance | -0.00982 |
|    learning_rate      | 0.000147 |
|    n_updates          | 5799     |
|    policy_loss        | -2.18    |
|    value_loss         | 16.7     |
------------------------------------
------------------------------------
| rollout/              |          |
|    ep_len_mean        | 242      |
|    ep_rew_mean        | -108     |
| time/                 |          |
|    fps                | 1119     |
|    iterations         | 5900     |
|    time_elapsed       | 42       |
|    total_timesteps    | 47200    |
| train/                |          |
|    entropy_loss       | -0.868   |
|    explained_variance | 0.00126  |
|    learning_rate      | 0.000147 |
|    n_updates          | 5899     |
|    policy_loss        | 5.02     |
|    value_loss         | 73.9     |
------------------------------------
------------------------------------
| rollout/              |          |
|    ep_len_mean        | 244      |
|    ep_rew_mean        | -109     |
| time/                 |          |
|    fps                | 1119     |
|    iterations         | 6000     |
|    time_elapsed       | 42       |
|    total_timesteps    | 48000    |
| train/                |          |
|    entropy_loss       | -1.12    |
|    explained_variance | 0.171    |
|    learning_rate      | 0.000147 |
|    n_updates          | 5999     |
|    policy_loss        | 0.203    |
|    value_loss         | 0.192    |
------------------------------------
------------------------------------
| rollout/              |          |
|    ep_len_mean        | 252      |
|    ep_rew_mean        | -106     |
| time/                 |          |
|    fps                | 1119     |
|    iterations         | 6100     |
|    time_elapsed       | 43       |
|    total_timesteps    | 48800    |
| train/                |          |
|    entropy_loss       | -0.635   |
|    explained_variance | -0.604   |
|    learning_rate      | 0.000147 |
|    n_updates          | 6099     |
|    policy_loss        | 7.37     |
|    value_loss         | 180      |
------------------------------------
------------------------------------
| rollout/              |          |
|    ep_len_mean        | 255      |
|    ep_rew_mean        | -102     |
| time/                 |          |
|    fps                | 1119     |
|    iterations         | 6200     |
|    time_elapsed       | 44       |
|    total_timesteps    | 49600    |
| train/                |          |
|    entropy_loss       | -0.581   |
|    explained_variance | 0.0158   |
|    learning_rate      | 0.000147 |
|    n_updates          | 6199     |
|    policy_loss        | -1.53    |
|    value_loss         | 2.95     |
------------------------------------
Eval num_timesteps=50000, episode_reward=20.87 +/- 260.33
Episode length: 799.40 +/- 183.55
------------------------------------
| eval/                 |          |
|    mean_ep_length     | 799      |
|    mean_reward        | 20.9     |
| time/                 |          |
|    total_timesteps    | 50000    |
| train/                |          |
|    entropy_loss       | -0.692   |
|    explained_variance | -0.0143  |
|    learning_rate      | 0.000147 |
|    n_updates          | 6249     |
|    policy_loss        | 6.68     |
|    value_loss         | 141      |
------------------------------------
New best mean reward!
------------------------------------
| rollout/              |          |
|    ep_len_mean        | 256      |
|    ep_rew_mean        | -103     |
| time/                 |          |
|    fps                | 1079     |
|    iterations         | 6300     |
|    time_elapsed       | 46       |
|    total_timesteps    | 50400    |
| train/                |          |
|    entropy_loss       | -0.742   |
|    explained_variance | -0.0264  |
|    learning_rate      | 0.000147 |
|    n_updates          | 6299     |
|    policy_loss        | 4.49     |
|    value_loss         | 64.1     |
------------------------------------
------------------------------------
| rollout/              |          |
|    ep_len_mean        | 256      |
|    ep_rew_mean        | -103     |
| time/                 |          |
|    fps                | 1077     |
|    iterations         | 6400     |
|    time_elapsed       | 47       |
|    total_timesteps    | 51200    |
| train/                |          |
|    entropy_loss       | -0.968   |
|    explained_variance | -0.249   |
|    learning_rate      | 0.000147 |
|    n_updates          | 6399     |
|    policy_loss        | -0.0074  |
|    value_loss         | 0.229    |
------------------------------------
------------------------------------
| rollout/              |          |
|    ep_len_mean        | 264      |
|    ep_rew_mean        | -101     |
| time/                 |          |
|    fps                | 1078     |
|    iterations         | 6500     |
|    time_elapsed       | 48       |
|    total_timesteps    | 52000    |
| train/                |          |
|    entropy_loss       | -0.529   |
|    explained_variance | 0.0634   |
|    learning_rate      | 0.000147 |
|    n_updates          | 6499     |
|    policy_loss        | -0.701   |
|    value_loss         | 0.634    |
------------------------------------
------------------------------------
| rollout/              |          |
|    ep_len_mean        | 267      |
|    ep_rew_mean        | -100     |
| time/                 |          |
|    fps                | 1078     |
|    iterations         | 6600     |
|    time_elapsed       | 48       |
|    total_timesteps    | 52800    |
| train/                |          |
|    entropy_loss       | -0.628   |
|    explained_variance | -0.155   |
|    learning_rate      | 0.000147 |
|    n_updates          | 6599     |
|    policy_loss        | -11.9    |
|    value_loss         | 2.04e+03 |
------------------------------------
------------------------------------
| rollout/              |          |
|    ep_len_mean        | 267      |
|    ep_rew_mean        | -100     |
| time/                 |          |
|    fps                | 1079     |
|    iterations         | 6700     |
|    time_elapsed       | 49       |
|    total_timesteps    | 53600    |
| train/                |          |
|    entropy_loss       | -0.913   |
|    explained_variance | -0.265   |
|    learning_rate      | 0.000147 |
|    n_updates          | 6699     |
|    policy_loss        | -0.399   |
|    value_loss         | 0.199    |
------------------------------------
------------------------------------
| rollout/              |          |
|    ep_len_mean        | 277      |
|    ep_rew_mean        | -96.7    |
| time/                 |          |
|    fps                | 1079     |
|    iterations         | 6800     |
|    time_elapsed       | 50       |
|    total_timesteps    | 54400    |
| train/                |          |
|    entropy_loss       | -0.887   |
|    explained_variance | -0.0468  |
|    learning_rate      | 0.000147 |
|    n_updates          | 6799     |
|    policy_loss        | -3.3     |
|    value_loss         | 5.47     |
------------------------------------
------------------------------------
| rollout/              |          |
|    ep_len_mean        | 285      |
|    ep_rew_mean        | -93.3    |
| time/                 |          |
|    fps                | 1079     |
|    iterations         | 6900     |
|    time_elapsed       | 51       |
|    total_timesteps    | 55200    |
| train/                |          |
|    entropy_loss       | -0.656   |
|    explained_variance | -0.095   |
|    learning_rate      | 0.000147 |
|    n_updates          | 6899     |
|    policy_loss        | 3.21     |
|    value_loss         | 38.2     |
------------------------------------
------------------------------------
| rollout/              |          |
|    ep_len_mean        | 286      |
|    ep_rew_mean        | -90      |
| time/                 |          |
|    fps                | 1080     |
|    iterations         | 7000     |
|    time_elapsed       | 51       |
|    total_timesteps    | 56000    |
| train/                |          |
|    entropy_loss       | -1.11    |
|    explained_variance | 0.0244   |
|    learning_rate      | 0.000147 |
|    n_updates          | 6999     |
|    policy_loss        | -3.79    |
|    value_loss         | 20.7     |
------------------------------------
------------------------------------
| rollout/              |          |
|    ep_len_mean        | 289      |
|    ep_rew_mean        | -92      |
| time/                 |          |
|    fps                | 1081     |
|    iterations         | 7100     |
|    time_elapsed       | 52       |
|    total_timesteps    | 56800    |
| train/                |          |
|    entropy_loss       | -0.54    |
|    explained_variance | -0.0117  |
|    learning_rate      | 0.000147 |
|    n_updates          | 7099     |
|    policy_loss        | 9.74     |
|    value_loss         | 268      |
------------------------------------
------------------------------------
| rollout/              |          |
|    ep_len_mean        | 288      |
|    ep_rew_mean        | -90.1    |
| time/                 |          |
|    fps                | 1081     |
|    iterations         | 7200     |
|    time_elapsed       | 53       |
|    total_timesteps    | 57600    |
| train/                |          |
|    entropy_loss       | -0.691   |
|    explained_variance | -0.0399  |
|    learning_rate      | 0.000147 |
|    n_updates          | 7199     |
|    policy_loss        | 13.1     |
|    value_loss         | 383      |
------------------------------------
------------------------------------
| rollout/              |          |
|    ep_len_mean        | 290      |
|    ep_rew_mean        | -97.1    |
| time/                 |          |
|    fps                | 1081     |
|    iterations         | 7300     |
|    time_elapsed       | 53       |
|    total_timesteps    | 58400    |
| train/                |          |
|    entropy_loss       | -0.699   |
|    explained_variance | -0.0467  |
|    learning_rate      | 0.000146 |
|    n_updates          | 7299     |
|    policy_loss        | -1.78    |
|    value_loss         | 9.09     |
------------------------------------
------------------------------------
| rollout/              |          |
|    ep_len_mean        | 291      |
|    ep_rew_mean        | -99.9    |
| time/                 |          |
|    fps                | 1082     |
|    iterations         | 7400     |
|    time_elapsed       | 54       |
|    total_timesteps    | 59200    |
| train/                |          |
|    entropy_loss       | -0.672   |
|    explained_variance | -0.626   |
|    learning_rate      | 0.000146 |
|    n_updates          | 7399     |
|    policy_loss        | 6.28     |
|    value_loss         | 102      |
------------------------------------
------------------------------------
| rollout/              |          |
|    ep_len_mean        | 291      |
|    ep_rew_mean        | -99.5    |
| time/                 |          |
|    fps                | 1082     |
|    iterations         | 7500     |
|    time_elapsed       | 55       |
|    total_timesteps    | 60000    |
| train/                |          |
|    entropy_loss       | -0.595   |
|    explained_variance | -0.00282 |
|    learning_rate      | 0.000146 |
|    n_updates          | 7499     |
|    policy_loss        | 6.57     |
|    value_loss         | 94.1     |
------------------------------------
------------------------------------
| rollout/              |          |
|    ep_len_mean        | 285      |
|    ep_rew_mean        | -103     |
| time/                 |          |
|    fps                | 1083     |
|    iterations         | 7600     |
|    time_elapsed       | 56       |
|    total_timesteps    | 60800    |
| train/                |          |
|    entropy_loss       | -0.645   |
|    explained_variance | -0.0322  |
|    learning_rate      | 0.000146 |
|    n_updates          | 7599     |
|    policy_loss        | -5.61    |
|    value_loss         | 194      |
------------------------------------
------------------------------------
| rollout/              |          |
|    ep_len_mean        | 289      |
|    ep_rew_mean        | -105     |
| time/                 |          |
|    fps                | 1083     |
|    iterations         | 7700     |
|    time_elapsed       | 56       |
|    total_timesteps    | 61600    |
| train/                |          |
|    entropy_loss       | -0.787   |
|    explained_variance | -0.00551 |
|    learning_rate      | 0.000146 |
|    n_updates          | 7699     |
|    policy_loss        | -1.33    |
|    value_loss         | 3.86     |
------------------------------------
------------------------------------
| rollout/              |          |
|    ep_len_mean        | 291      |
|    ep_rew_mean        | -104     |
| time/                 |          |
|    fps                | 1084     |
|    iterations         | 7800     |
|    time_elapsed       | 57       |
|    total_timesteps    | 62400    |
| train/                |          |
|    entropy_loss       | -0.854   |
|    explained_variance | 0.21     |
|    learning_rate      | 0.000146 |
|    n_updates          | 7799     |
|    policy_loss        | 0.112    |
|    value_loss         | 0.0637   |
------------------------------------
------------------------------------
| rollout/              |          |
|    ep_len_mean        | 299      |
|    ep_rew_mean        | -102     |
| time/                 |          |
|    fps                | 1084     |
|    iterations         | 7900     |
|    time_elapsed       | 58       |
|    total_timesteps    | 63200    |
| train/                |          |
|    entropy_loss       | -0.629   |
|    explained_variance | -0.299   |
|    learning_rate      | 0.000146 |
|    n_updates          | 7899     |
|    policy_loss        | 7.83     |
|    value_loss         | 370      |
------------------------------------
------------------------------------
| rollout/              |          |
|    ep_len_mean        | 300      |
|    ep_rew_mean        | -96.7    |
| time/                 |          |
|    fps                | 1085     |
|    iterations         | 8000     |
|    time_elapsed       | 58       |
|    total_timesteps    | 64000    |
| train/                |          |
|    entropy_loss       | -0.919   |
|    explained_variance | 0.0394   |
|    learning_rate      | 0.000146 |
|    n_updates          | 7999     |
|    policy_loss        | -5.5     |
|    value_loss         | 66.8     |
------------------------------------
------------------------------------
| rollout/              |          |
|    ep_len_mean        | 294      |
|    ep_rew_mean        | -103     |
| time/                 |          |
|    fps                | 1085     |
|    iterations         | 8100     |
|    time_elapsed       | 59       |
|    total_timesteps    | 64800    |
| train/                |          |
|    entropy_loss       | -0.536   |
|    explained_variance | -0.00474 |
|    learning_rate      | 0.000146 |
|    n_updates          | 8099     |
|    policy_loss        | 1.06     |
|    value_loss         | 3.7      |
------------------------------------
------------------------------------
| rollout/              |          |
|    ep_len_mean        | 293      |
|    ep_rew_mean        | -102     |
| time/                 |          |
|    fps                | 1085     |
|    iterations         | 8200     |
|    time_elapsed       | 60       |
|    total_timesteps    | 65600    |
| train/                |          |
|    entropy_loss       | -1.22    |
|    explained_variance | 0.00287  |
|    learning_rate      | 0.000146 |
|    n_updates          | 8199     |
|    policy_loss        | -1.94    |
|    value_loss         | 8.95     |
------------------------------------
------------------------------------
| rollout/              |          |
|    ep_len_mean        | 294      |
|    ep_rew_mean        | -105     |
| time/                 |          |
|    fps                | 1086     |
|    iterations         | 8300     |
|    time_elapsed       | 61       |
|    total_timesteps    | 66400    |
| train/                |          |
|    entropy_loss       | -0.162   |
|    explained_variance | -0.415   |
|    learning_rate      | 0.000146 |
|    n_updates          | 8299     |
|    policy_loss        | -0.0413  |
|    value_loss         | 2.76     |
------------------------------------
------------------------------------
| rollout/              |          |
|    ep_len_mean        | 296      |
|    ep_rew_mean        | -102     |
| time/                 |          |
|    fps                | 1086     |
|    iterations         | 8400     |
|    time_elapsed       | 61       |
|    total_timesteps    | 67200    |
| train/                |          |
|    entropy_loss       | -0.747   |
|    explained_variance | -0.0388  |
|    learning_rate      | 0.000146 |
|    n_updates          | 8399     |
|    policy_loss        | -3.85    |
|    value_loss         | 47.3     |
------------------------------------
------------------------------------
| rollout/              |          |
|    ep_len_mean        | 298      |
|    ep_rew_mean        | -101     |
| time/                 |          |
|    fps                | 1086     |
|    iterations         | 8500     |
|    time_elapsed       | 62       |
|    total_timesteps    | 68000    |
| train/                |          |
|    entropy_loss       | -0.495   |
|    explained_variance | -0.0355  |
|    learning_rate      | 0.000146 |
|    n_updates          | 8499     |
|    policy_loss        | 3.17     |
|    value_loss         | 72.7     |
------------------------------------
------------------------------------
| rollout/              |          |
|    ep_len_mean        | 299      |
|    ep_rew_mean        | -100     |
| time/                 |          |
|    fps                | 1087     |
|    iterations         | 8600     |
|    time_elapsed       | 63       |
|    total_timesteps    | 68800    |
| train/                |          |
|    entropy_loss       | -0.649   |
|    explained_variance | -0.00133 |
|    learning_rate      | 0.000146 |
|    n_updates          | 8599     |
|    policy_loss        | 5.36     |
|    value_loss         | 76.4     |
------------------------------------
------------------------------------
| rollout/              |          |
|    ep_len_mean        | 297      |
|    ep_rew_mean        | -103     |
| time/                 |          |
|    fps                | 1087     |
|    iterations         | 8700     |
|    time_elapsed       | 63       |
|    total_timesteps    | 69600    |
| train/                |          |
|    entropy_loss       | -0.678   |
|    explained_variance | -2.94    |
|    learning_rate      | 0.000146 |
|    n_updates          | 8699     |
|    policy_loss        | 3.58     |
|    value_loss         | 43.9     |
------------------------------------
------------------------------------
| rollout/              |          |
|    ep_len_mean        | 298      |
|    ep_rew_mean        | -107     |
| time/                 |          |
|    fps                | 1087     |
|    iterations         | 8800     |
|    time_elapsed       | 64       |
|    total_timesteps    | 70400    |
| train/                |          |
|    entropy_loss       | -0.965   |
|    explained_variance | -0.00534 |
|    learning_rate      | 0.000146 |
|    n_updates          | 8799     |
|    policy_loss        | 0.899    |
|    value_loss         | 12.6     |
------------------------------------
------------------------------------
| rollout/              |          |
|    ep_len_mean        | 299      |
|    ep_rew_mean        | -105     |
| time/                 |          |
|    fps                | 1088     |
|    iterations         | 8900     |
|    time_elapsed       | 65       |
|    total_timesteps    | 71200    |
| train/                |          |
|    entropy_loss       | -0.516   |
|    explained_variance | 0.0275   |
|    learning_rate      | 0.000146 |
|    n_updates          | 8899     |
|    policy_loss        | 1.89     |
|    value_loss         | 80.3     |
------------------------------------
------------------------------------
| rollout/              |          |
|    ep_len_mean        | 299      |
|    ep_rew_mean        | -105     |
| time/                 |          |
|    fps                | 1088     |
|    iterations         | 9000     |
|    time_elapsed       | 66       |
|    total_timesteps    | 72000    |
| train/                |          |
|    entropy_loss       | -0.814   |
|    explained_variance | -0.0764  |
|    learning_rate      | 0.000146 |
|    n_updates          | 8999     |
|    policy_loss        | -0.064   |
|    value_loss         | 0.0601   |
------------------------------------
------------------------------------
| rollout/              |          |
|    ep_len_mean        | 308      |
|    ep_rew_mean        | -104     |
| time/                 |          |
|    fps                | 1088     |
|    iterations         | 9100     |
|    time_elapsed       | 66       |
|    total_timesteps    | 72800    |
| train/                |          |
|    entropy_loss       | -0.785   |
|    explained_variance | -0.0212  |
|    learning_rate      | 0.000146 |
|    n_updates          | 9099     |
|    policy_loss        | -0.395   |
|    value_loss         | 0.944    |
------------------------------------
------------------------------------
| rollout/              |          |
|    ep_len_mean        | 307      |
|    ep_rew_mean        | -106     |
| time/                 |          |
|    fps                | 1089     |
|    iterations         | 9200     |
|    time_elapsed       | 67       |
|    total_timesteps    | 73600    |
| train/                |          |
|    entropy_loss       | -0.67    |
|    explained_variance | -0.00135 |
|    learning_rate      | 0.000146 |
|    n_updates          | 9199     |
|    policy_loss        | -3.71    |
|    value_loss         | 70.1     |
------------------------------------
------------------------------------
| rollout/              |          |
|    ep_len_mean        | 301      |
|    ep_rew_mean        | -107     |
| time/                 |          |
|    fps                | 1089     |
|    iterations         | 9300     |
|    time_elapsed       | 68       |
|    total_timesteps    | 74400    |
| train/                |          |
|    entropy_loss       | -0.933   |
|    explained_variance | -0.127   |
|    learning_rate      | 0.000146 |
|    n_updates          | 9299     |
|    policy_loss        | 0.912    |
|    value_loss         | 3.59     |
------------------------------------
------------------------------------
| rollout/              |          |
|    ep_len_mean        | 305      |
|    ep_rew_mean        | -109     |
| time/                 |          |
|    fps                | 1089     |
|    iterations         | 9400     |
|    time_elapsed       | 69       |
|    total_timesteps    | 75200    |
| train/                |          |
|    entropy_loss       | -0.602   |
|    explained_variance | -0.0123  |
|    learning_rate      | 0.000145 |
|    n_updates          | 9399     |
|    policy_loss        | -0.545   |
|    value_loss         | 1.11     |
------------------------------------
------------------------------------
| rollout/              |          |
|    ep_len_mean        | 301      |
|    ep_rew_mean        | -107     |
| time/                 |          |
|    fps                | 1090     |
|    iterations         | 9500     |
|    time_elapsed       | 69       |
|    total_timesteps    | 76000    |
| train/                |          |
|    entropy_loss       | -0.638   |
|    explained_variance | -0.0128  |
|    learning_rate      | 0.000145 |
|    n_updates          | 9499     |
|    policy_loss        | -1.24    |
|    value_loss         | 16.5     |
------------------------------------
------------------------------------
| rollout/              |          |
|    ep_len_mean        | 297      |
|    ep_rew_mean        | -110     |
| time/                 |          |
|    fps                | 1090     |
|    iterations         | 9600     |
|    time_elapsed       | 70       |
|    total_timesteps    | 76800    |
| train/                |          |
|    entropy_loss       | -0.534   |
|    explained_variance | -0.0231  |
|    learning_rate      | 0.000145 |
|    n_updates          | 9599     |
|    policy_loss        | 0.975    |
|    value_loss         | 7.55     |
------------------------------------
------------------------------------
| rollout/              |          |
|    ep_len_mean        | 289      |
|    ep_rew_mean        | -115     |
| time/                 |          |
|    fps                | 1090     |
|    iterations         | 9700     |
|    time_elapsed       | 71       |
|    total_timesteps    | 77600    |
| train/                |          |
|    entropy_loss       | -0.579   |
|    explained_variance | -0.00419 |
|    learning_rate      | 0.000145 |
|    n_updates          | 9699     |
|    policy_loss        | -0.00388 |
|    value_loss         | 21.8     |
------------------------------------
------------------------------------
| rollout/              |          |
|    ep_len_mean        | 291      |
|    ep_rew_mean        | -118     |
| time/                 |          |
|    fps                | 1090     |
|    iterations         | 9800     |
|    time_elapsed       | 71       |
|    total_timesteps    | 78400    |
| train/                |          |
|    entropy_loss       | -0.755   |
|    explained_variance | -0.73    |
|    learning_rate      | 0.000145 |
|    n_updates          | 9799     |
|    policy_loss        | -2.26    |
|    value_loss         | 35       |
------------------------------------
------------------------------------
| rollout/              |          |
|    ep_len_mean        | 290      |
|    ep_rew_mean        | -114     |
| time/                 |          |
|    fps                | 1091     |
|    iterations         | 9900     |
|    time_elapsed       | 72       |
|    total_timesteps    | 79200    |
| train/                |          |
|    entropy_loss       | -0.514   |
|    explained_variance | -0.0247  |
|    learning_rate      | 0.000145 |
|    n_updates          | 9899     |
|    policy_loss        | 2.08     |
|    value_loss         | 11.6     |
------------------------------------
------------------------------------
| rollout/              |          |
|    ep_len_mean        | 281      |
|    ep_rew_mean        | -115     |
| time/                 |          |
|    fps                | 1091     |
|    iterations         | 10000    |
|    time_elapsed       | 73       |
|    total_timesteps    | 80000    |
| train/                |          |
|    entropy_loss       | -0.778   |
|    explained_variance | 0.235    |
|    learning_rate      | 0.000145 |
|    n_updates          | 9999     |
|    policy_loss        | -0.0128  |
|    value_loss         | 0.0124   |
------------------------------------
------------------------------------
| rollout/              |          |
|    ep_len_mean        | 290      |
|    ep_rew_mean        | -117     |
| time/                 |          |
|    fps                | 1091     |
|    iterations         | 10100    |
|    time_elapsed       | 74       |
|    total_timesteps    | 80800    |
| train/                |          |
|    entropy_loss       | -0.642   |
|    explained_variance | 0.268    |
|    learning_rate      | 0.000145 |
|    n_updates          | 10099    |
|    policy_loss        | 0.864    |
|    value_loss         | 3.06     |
------------------------------------
------------------------------------
| rollout/              |          |
|    ep_len_mean        | 291      |
|    ep_rew_mean        | -115     |
| time/                 |          |
|    fps                | 1091     |
|    iterations         | 10200    |
|    time_elapsed       | 74       |
|    total_timesteps    | 81600    |
| train/                |          |
|    entropy_loss       | -0.81    |
|    explained_variance | 0.3      |
|    learning_rate      | 0.000145 |
|    n_updates          | 10199    |
|    policy_loss        | 0.286    |
|    value_loss         | 0.163    |
------------------------------------
------------------------------------
| rollout/              |          |
|    ep_len_mean        | 298      |
|    ep_rew_mean        | -111     |
| time/                 |          |
|    fps                | 1091     |
|    iterations         | 10300    |
|    time_elapsed       | 75       |
|    total_timesteps    | 82400    |
| train/                |          |
|    entropy_loss       | -0.529   |
|    explained_variance | 0.863    |
|    learning_rate      | 0.000145 |
|    n_updates          | 10299    |
|    policy_loss        | -4.02    |
|    value_loss         | 69.4     |
------------------------------------
------------------------------------
| rollout/              |          |
|    ep_len_mean        | 288      |
|    ep_rew_mean        | -114     |
| time/                 |          |
|    fps                | 1092     |
|    iterations         | 10400    |
|    time_elapsed       | 76       |
|    total_timesteps    | 83200    |
| train/                |          |
|    entropy_loss       | -0.64    |
|    explained_variance | 0.313    |
|    learning_rate      | 0.000145 |
|    n_updates          | 10399    |
|    policy_loss        | -0.403   |
|    value_loss         | 0.408    |
------------------------------------
------------------------------------
| rollout/              |          |
|    ep_len_mean        | 289      |
|    ep_rew_mean        | -115     |
| time/                 |          |
|    fps                | 1092     |
|    iterations         | 10500    |
|    time_elapsed       | 76       |
|    total_timesteps    | 84000    |
| train/                |          |
|    entropy_loss       | -0.361   |
|    explained_variance | -0.0819  |
|    learning_rate      | 0.000145 |
|    n_updates          | 10499    |
|    policy_loss        | 1.59     |
|    value_loss         | 61.4     |
------------------------------------
------------------------------------
| rollout/              |          |
|    ep_len_mean        | 287      |
|    ep_rew_mean        | -114     |
| time/                 |          |
|    fps                | 1092     |
|    iterations         | 10600    |
|    time_elapsed       | 77       |
|    total_timesteps    | 84800    |
| train/                |          |
|    entropy_loss       | -0.637   |
|    explained_variance | 0.0142   |
|    learning_rate      | 0.000145 |
|    n_updates          | 10599    |
|    policy_loss        | 11.5     |
|    value_loss         | 392      |
------------------------------------
------------------------------------
| rollout/              |          |
|    ep_len_mean        | 285      |
|    ep_rew_mean        | -111     |
| time/                 |          |
|    fps                | 1093     |
|    iterations         | 10700    |
|    time_elapsed       | 78       |
|    total_timesteps    | 85600    |
| train/                |          |
|    entropy_loss       | -0.682   |
|    explained_variance | -0.0248  |
|    learning_rate      | 0.000145 |
|    n_updates          | 10699    |
|    policy_loss        | 3.68     |
|    value_loss         | 45       |
------------------------------------
------------------------------------
| rollout/              |          |
|    ep_len_mean        | 286      |
|    ep_rew_mean        | -111     |
| time/                 |          |
|    fps                | 1093     |
|    iterations         | 10800    |
|    time_elapsed       | 79       |
|    total_timesteps    | 86400    |
| train/                |          |
|    entropy_loss       | -0.647   |
|    explained_variance | -0.134   |
|    learning_rate      | 0.000145 |
|    n_updates          | 10799    |
|    policy_loss        | -0.0269  |
|    value_loss         | 0.0121   |
------------------------------------
------------------------------------
| rollout/              |          |
|    ep_len_mean        | 293      |
|    ep_rew_mean        | -108     |
| time/                 |          |
|    fps                | 1093     |
|    iterations         | 10900    |
|    time_elapsed       | 79       |
|    total_timesteps    | 87200    |
| train/                |          |
|    entropy_loss       | -0.694   |
|    explained_variance | 0.00104  |
|    learning_rate      | 0.000145 |
|    n_updates          | 10899    |
|    policy_loss        | -0.215   |
|    value_loss         | 0.197    |
------------------------------------
-------------------------------------
| rollout/              |           |
|    ep_len_mean        | 300       |
|    ep_rew_mean        | -104      |
| time/                 |           |
|    fps                | 1093      |
|    iterations         | 11000     |
|    time_elapsed       | 80        |
|    total_timesteps    | 88000     |
| train/                |           |
|    entropy_loss       | -0.806    |
|    explained_variance | -0.000567 |
|    learning_rate      | 0.000145  |
|    n_updates          | 10999     |
|    policy_loss        | 4.89      |
|    value_loss         | 57.3      |
-------------------------------------
------------------------------------
| rollout/              |          |
|    ep_len_mean        | 300      |
|    ep_rew_mean        | -100     |
| time/                 |          |
|    fps                | 1094     |
|    iterations         | 11100    |
|    time_elapsed       | 81       |
|    total_timesteps    | 88800    |
| train/                |          |
|    entropy_loss       | -0.668   |
|    explained_variance | -0.0678  |
|    learning_rate      | 0.000145 |
|    n_updates          | 11099    |
|    policy_loss        | 3.45     |
|    value_loss         | 29.4     |
------------------------------------
------------------------------------
| rollout/              |          |
|    ep_len_mean        | 301      |
|    ep_rew_mean        | -97.2    |
| time/                 |          |
|    fps                | 1093     |
|    iterations         | 11200    |
|    time_elapsed       | 81       |
|    total_timesteps    | 89600    |
| train/                |          |
|    entropy_loss       | -0.376   |
|    explained_variance | -0.139   |
|    learning_rate      | 0.000145 |
|    n_updates          | 11199    |
|    policy_loss        | 27.7     |
|    value_loss         | 615      |
------------------------------------
------------------------------------
| rollout/              |          |
|    ep_len_mean        | 305      |
|    ep_rew_mean        | -92.4    |
| time/                 |          |
|    fps                | 1094     |
|    iterations         | 11300    |
|    time_elapsed       | 82       |
|    total_timesteps    | 90400    |
| train/                |          |
|    entropy_loss       | -0.523   |
|    explained_variance | -0.0442  |
|    learning_rate      | 0.000145 |
|    n_updates          | 11299    |
|    policy_loss        | -5.44    |
|    value_loss         | 80.1     |
------------------------------------
------------------------------------
| rollout/              |          |
|    ep_len_mean        | 305      |
|    ep_rew_mean        | -93      |
| time/                 |          |
|    fps                | 1094     |
|    iterations         | 11400    |
|    time_elapsed       | 83       |
|    total_timesteps    | 91200    |
| train/                |          |
|    entropy_loss       | -0.591   |
|    explained_variance | -0.0189  |
|    learning_rate      | 0.000145 |
|    n_updates          | 11399    |
|    policy_loss        | 5.31     |
|    value_loss         | 109      |
------------------------------------
------------------------------------
| rollout/              |          |
|    ep_len_mean        | 301      |
|    ep_rew_mean        | -96      |
| time/                 |          |
|    fps                | 1094     |
|    iterations         | 11500    |
|    time_elapsed       | 84       |
|    total_timesteps    | 92000    |
| train/                |          |
|    entropy_loss       | -0.788   |
|    explained_variance | -0.164   |
|    learning_rate      | 0.000144 |
|    n_updates          | 11499    |
|    policy_loss        | 3.97     |
|    value_loss         | 13.2     |
------------------------------------
------------------------------------
| rollout/              |          |
|    ep_len_mean        | 295      |
|    ep_rew_mean        | -98.7    |
| time/                 |          |
|    fps                | 1094     |
|    iterations         | 11600    |
|    time_elapsed       | 84       |
|    total_timesteps    | 92800    |
| train/                |          |
|    entropy_loss       | -0.733   |
|    explained_variance | 0.0396   |
|    learning_rate      | 0.000144 |
|    n_updates          | 11599    |
|    policy_loss        | -0.496   |
|    value_loss         | 17.1     |
------------------------------------
------------------------------------
| rollout/              |          |
|    ep_len_mean        | 290      |
|    ep_rew_mean        | -97.8    |
| time/                 |          |
|    fps                | 1094     |
|    iterations         | 11700    |
|    time_elapsed       | 85       |
|    total_timesteps    | 93600    |
| train/                |          |
|    entropy_loss       | -0.715   |
|    explained_variance | 0.179    |
|    learning_rate      | 0.000144 |
|    n_updates          | 11699    |
|    policy_loss        | -2.27    |
|    value_loss         | 32.2     |
------------------------------------
------------------------------------
| rollout/              |          |
|    ep_len_mean        | 292      |
|    ep_rew_mean        | -94.3    |
| time/                 |          |
|    fps                | 1094     |
|    iterations         | 11800    |
|    time_elapsed       | 86       |
|    total_timesteps    | 94400    |
| train/                |          |
|    entropy_loss       | -0.566   |
|    explained_variance | 0.649    |
|    learning_rate      | 0.000144 |
|    n_updates          | 11799    |
|    policy_loss        | -1.93    |
|    value_loss         | 27.3     |
------------------------------------
------------------------------------
| rollout/              |          |
|    ep_len_mean        | 291      |
|    ep_rew_mean        | -95.5    |
| time/                 |          |
|    fps                | 1095     |
|    iterations         | 11900    |
|    time_elapsed       | 86       |
|    total_timesteps    | 95200    |
| train/                |          |
|    entropy_loss       | -0.33    |
|    explained_variance | -0.024   |
|    learning_rate      | 0.000144 |
|    n_updates          | 11899    |
|    policy_loss        | 0.564    |
|    value_loss         | 9.14     |
------------------------------------
------------------------------------
| rollout/              |          |
|    ep_len_mean        | 297      |
|    ep_rew_mean        | -89.9    |
| time/                 |          |
|    fps                | 1095     |
|    iterations         | 12000    |
|    time_elapsed       | 87       |
|    total_timesteps    | 96000    |
| train/                |          |
|    entropy_loss       | -0.711   |
|    explained_variance | -0.186   |
|    learning_rate      | 0.000144 |
|    n_updates          | 11999    |
|    policy_loss        | -3.88    |
|    value_loss         | 111      |
------------------------------------
------------------------------------
| rollout/              |          |
|    ep_len_mean        | 297      |
|    ep_rew_mean        | -92.4    |
| time/                 |          |
|    fps                | 1095     |
|    iterations         | 12100    |
|    time_elapsed       | 88       |
|    total_timesteps    | 96800    |
| train/                |          |
|    entropy_loss       | -0.568   |
|    explained_variance | 0.629    |
|    learning_rate      | 0.000144 |
|    n_updates          | 12099    |
|    policy_loss        | -8.76    |
|    value_loss         | 136      |
------------------------------------
------------------------------------
| rollout/              |          |
|    ep_len_mean        | 298      |
|    ep_rew_mean        | -95.7    |
| time/                 |          |
|    fps                | 1095     |
|    iterations         | 12200    |
|    time_elapsed       | 89       |
|    total_timesteps    | 97600    |
| train/                |          |
|    entropy_loss       | -0.828   |
|    explained_variance | 0.00115  |
|    learning_rate      | 0.000144 |
|    n_updates          | 12199    |
|    policy_loss        | -6.81    |
|    value_loss         | 42.9     |
------------------------------------
------------------------------------
| rollout/              |          |
|    ep_len_mean        | 296      |
|    ep_rew_mean        | -98.8    |
| time/                 |          |
|    fps                | 1095     |
|    iterations         | 12300    |
|    time_elapsed       | 89       |
|    total_timesteps    | 98400    |
| train/                |          |
|    entropy_loss       | -0.683   |
|    explained_variance | -0.0322  |
|    learning_rate      | 0.000144 |
|    n_updates          | 12299    |
|    policy_loss        | -5.66    |
|    value_loss         | 197      |
------------------------------------
------------------------------------
| rollout/              |          |
|    ep_len_mean        | 296      |
|    ep_rew_mean        | -94.7    |
| time/                 |          |
|    fps                | 1095     |
|    iterations         | 12400    |
|    time_elapsed       | 90       |
|    total_timesteps    | 99200    |
| train/                |          |
|    entropy_loss       | -0.486   |
|    explained_variance | 0.715    |
|    learning_rate      | 0.000144 |
|    n_updates          | 12399    |
|    policy_loss        | -9.48    |
|    value_loss         | 132      |
------------------------------------
Eval num_timesteps=100000, episode_reward=-64.43 +/- 70.31
Episode length: 524.00 +/- 235.90
------------------------------------
| eval/                 |          |
|    mean_ep_length     | 524      |
|    mean_reward        | -64.4    |
| time/                 |          |
|    total_timesteps    | 100000   |
| train/                |          |
|    entropy_loss       | -0.659   |
|    explained_variance | -0.0441  |
|    learning_rate      | 0.000144 |
|    n_updates          | 12499    |
|    policy_loss        | 9.36     |
|    value_loss         | 335      |
------------------------------------
---------------------------------
| rollout/           |          |
|    ep_len_mean     | 292      |
|    ep_rew_mean     | -91.2    |
| time/              |          |
|    fps             | 1083     |
|    iterations      | 12500    |
|    time_elapsed    | 92       |
|    total_timesteps | 100000   |
---------------------------------
------------------------------------
| rollout/              |          |
|    ep_len_mean        | 284      |
|    ep_rew_mean        | -94.6    |
| time/                 |          |
|    fps                | 1083     |
|    iterations         | 12600    |
|    time_elapsed       | 92       |
|    total_timesteps    | 100800   |
| train/                |          |
|    entropy_loss       | -0.567   |
|    explained_variance | -0.394   |
|    learning_rate      | 0.000144 |
|    n_updates          | 12599    |
|    policy_loss        | -13.8    |
|    value_loss         | 465      |
------------------------------------
------------------------------------
| rollout/              |          |
|    ep_len_mean        | 281      |
|    ep_rew_mean        | -94.6    |
| time/                 |          |
|    fps                | 1084     |
|    iterations         | 12700    |
|    time_elapsed       | 93       |
|    total_timesteps    | 101600   |
| train/                |          |
|    entropy_loss       | -0.185   |
|    explained_variance | -0.0576  |
|    learning_rate      | 0.000144 |
|    n_updates          | 12699    |
|    policy_loss        | -6.56    |
|    value_loss         | 256      |
------------------------------------
------------------------------------
| rollout/              |          |
|    ep_len_mean        | 279      |
|    ep_rew_mean        | -96.4    |
| time/                 |          |
|    fps                | 1084     |
|    iterations         | 12800    |
|    time_elapsed       | 94       |
|    total_timesteps    | 102400   |
| train/                |          |
|    entropy_loss       | -0.386   |
|    explained_variance | 0.0129   |
|    learning_rate      | 0.000144 |
|    n_updates          | 12799    |
|    policy_loss        | -8.81    |
|    value_loss         | 65.4     |
------------------------------------
------------------------------------
| rollout/              |          |
|    ep_len_mean        | 279      |
|    ep_rew_mean        | -91.9    |
| time/                 |          |
|    fps                | 1084     |
|    iterations         | 12900    |
|    time_elapsed       | 95       |
|    total_timesteps    | 103200   |
| train/                |          |
|    entropy_loss       | -0.907   |
|    explained_variance | 0.149    |
|    learning_rate      | 0.000144 |
|    n_updates          | 12899    |
|    policy_loss        | -2.06    |
|    value_loss         | 20.1     |
------------------------------------
------------------------------------
| rollout/              |          |
|    ep_len_mean        | 280      |
|    ep_rew_mean        | -89      |
| time/                 |          |
|    fps                | 1085     |
|    iterations         | 13000    |
|    time_elapsed       | 95       |
|    total_timesteps    | 104000   |
| train/                |          |
|    entropy_loss       | -0.838   |
|    explained_variance | -0.289   |
|    learning_rate      | 0.000144 |
|    n_updates          | 12999    |
|    policy_loss        | -2.65    |
|    value_loss         | 87.4     |
------------------------------------
------------------------------------
| rollout/              |          |
|    ep_len_mean        | 277      |
|    ep_rew_mean        | -87.4    |
| time/                 |          |
|    fps                | 1085     |
|    iterations         | 13100    |
|    time_elapsed       | 96       |
|    total_timesteps    | 104800   |
| train/                |          |
|    entropy_loss       | -0.707   |
|    explained_variance | -0.0565  |
|    learning_rate      | 0.000144 |
|    n_updates          | 13099    |
|    policy_loss        | 1.96     |
|    value_loss         | 12.6     |
------------------------------------
------------------------------------
| rollout/              |          |
|    ep_len_mean        | 277      |
|    ep_rew_mean        | -85.9    |
| time/                 |          |
|    fps                | 1085     |
|    iterations         | 13200    |
|    time_elapsed       | 97       |
|    total_timesteps    | 105600   |
| train/                |          |
|    entropy_loss       | -0.502   |
|    explained_variance | 0.0499   |
|    learning_rate      | 0.000144 |
|    n_updates          | 13199    |
|    policy_loss        | -2.26    |
|    value_loss         | 17.3     |
------------------------------------
------------------------------------
| rollout/              |          |
|    ep_len_mean        | 277      |
|    ep_rew_mean        | -85.9    |
| time/                 |          |
|    fps                | 1085     |
|    iterations         | 13300    |
|    time_elapsed       | 98       |
|    total_timesteps    | 106400   |
| train/                |          |
|    entropy_loss       | -0.785   |
|    explained_variance | 0.296    |
|    learning_rate      | 0.000144 |
|    n_updates          | 13299    |
|    policy_loss        | 0.0201   |
|    value_loss         | 0.00391  |
------------------------------------
------------------------------------
| rollout/              |          |
|    ep_len_mean        | 283      |
|    ep_rew_mean        | -83.2    |
| time/                 |          |
|    fps                | 1085     |
|    iterations         | 13400    |
|    time_elapsed       | 98       |
|    total_timesteps    | 107200   |
| train/                |          |
|    entropy_loss       | -0.701   |
|    explained_variance | 0.513    |
|    learning_rate      | 0.000144 |
|    n_updates          | 13399    |
|    policy_loss        | -0.862   |
|    value_loss         | 2.89     |
------------------------------------
------------------------------------
| rollout/              |          |
|    ep_len_mean        | 284      |
|    ep_rew_mean        | -82.4    |
| time/                 |          |
|    fps                | 1086     |
|    iterations         | 13500    |
|    time_elapsed       | 99       |
|    total_timesteps    | 108000   |
| train/                |          |
|    entropy_loss       | -0.494   |
|    explained_variance | 0.186    |
|    learning_rate      | 0.000144 |
|    n_updates          | 13499    |
|    policy_loss        | 0.409    |
|    value_loss         | 1.27     |
------------------------------------
------------------------------------
| rollout/              |          |
|    ep_len_mean        | 276      |
|    ep_rew_mean        | -84.1    |
| time/                 |          |
|    fps                | 1086     |
|    iterations         | 13600    |
|    time_elapsed       | 100      |
|    total_timesteps    | 108800   |
| train/                |          |
|    entropy_loss       | -0.0317  |
|    explained_variance | 0.388    |
|    learning_rate      | 0.000143 |
|    n_updates          | 13599    |
|    policy_loss        | -0.0245  |
|    value_loss         | 18.7     |
------------------------------------
------------------------------------
| rollout/              |          |
|    ep_len_mean        | 268      |
|    ep_rew_mean        | -87.3    |
| time/                 |          |
|    fps                | 1086     |
|    iterations         | 13700    |
|    time_elapsed       | 100      |
|    total_timesteps    | 109600   |
| train/                |          |
|    entropy_loss       | -0.686   |
|    explained_variance | -0.171   |
|    learning_rate      | 0.000143 |
|    n_updates          | 13699    |
|    policy_loss        | 4.12     |
|    value_loss         | 58.3     |
------------------------------------
------------------------------------
| rollout/              |          |
|    ep_len_mean        | 261      |
|    ep_rew_mean        | -90.4    |
| time/                 |          |
|    fps                | 1087     |
|    iterations         | 13800    |
|    time_elapsed       | 101      |
|    total_timesteps    | 110400   |
| train/                |          |
|    entropy_loss       | -0.779   |
|    explained_variance | -0.356   |
|    learning_rate      | 0.000143 |
|    n_updates          | 13799    |
|    policy_loss        | 0.0144   |
|    value_loss         | 0.0377   |
------------------------------------
------------------------------------
| rollout/              |          |
|    ep_len_mean        | 269      |
|    ep_rew_mean        | -87.4    |
| time/                 |          |
|    fps                | 1087     |
|    iterations         | 13900    |
|    time_elapsed       | 102      |
|    total_timesteps    | 111200   |
| train/                |          |
|    entropy_loss       | -0.48    |
|    explained_variance | 0.00306  |
|    learning_rate      | 0.000143 |
|    n_updates          | 13899    |
|    policy_loss        | -3.19    |
|    value_loss         | 114      |
------------------------------------
------------------------------------
| rollout/              |          |
|    ep_len_mean        | 268      |
|    ep_rew_mean        | -85.3    |
| time/                 |          |
|    fps                | 1087     |
|    iterations         | 14000    |
|    time_elapsed       | 102      |
|    total_timesteps    | 112000   |
| train/                |          |
|    entropy_loss       | -0.689   |
|    explained_variance | 0.109    |
|    learning_rate      | 0.000143 |
|    n_updates          | 13999    |
|    policy_loss        | 2.06     |
|    value_loss         | 16       |
------------------------------------
------------------------------------
| rollout/              |          |
|    ep_len_mean        | 270      |
|    ep_rew_mean        | -85.8    |
| time/                 |          |
|    fps                | 1087     |
|    iterations         | 14100    |
|    time_elapsed       | 103      |
|    total_timesteps    | 112800   |
| train/                |          |
|    entropy_loss       | -0.654   |
|    explained_variance | 0.0314   |
|    learning_rate      | 0.000143 |
|    n_updates          | 14099    |
|    policy_loss        | 1.16     |
|    value_loss         | 5.95     |
------------------------------------
------------------------------------
| rollout/              |          |
|    ep_len_mean        | 255      |
|    ep_rew_mean        | -90.8    |
| time/                 |          |
|    fps                | 1088     |
|    iterations         | 14200    |
|    time_elapsed       | 104      |
|    total_timesteps    | 113600   |
| train/                |          |
|    entropy_loss       | -0.656   |
|    explained_variance | 0.941    |
|    learning_rate      | 0.000143 |
|    n_updates          | 14199    |
|    policy_loss        | -0.885   |
|    value_loss         | 7.55     |
------------------------------------
------------------------------------
| rollout/              |          |
|    ep_len_mean        | 262      |
|    ep_rew_mean        | -87.3    |
| time/                 |          |
|    fps                | 1088     |
|    iterations         | 14300    |
|    time_elapsed       | 105      |
|    total_timesteps    | 114400   |
| train/                |          |
|    entropy_loss       | -0.735   |
|    explained_variance | -0.372   |
|    learning_rate      | 0.000143 |
|    n_updates          | 14299    |
|    policy_loss        | 0.019    |
|    value_loss         | 0.0454   |
------------------------------------
------------------------------------
| rollout/              |          |
|    ep_len_mean        | 262      |
|    ep_rew_mean        | -91.7    |
| time/                 |          |
|    fps                | 1088     |
|    iterations         | 14400    |
|    time_elapsed       | 105      |
|    total_timesteps    | 115200   |
| train/                |          |
|    entropy_loss       | -0.571   |
|    explained_variance | -0.0758  |
|    learning_rate      | 0.000143 |
|    n_updates          | 14399    |
|    policy_loss        | 1.05     |
|    value_loss         | 47.7     |
------------------------------------
------------------------------------
| rollout/              |          |
|    ep_len_mean        | 262      |
|    ep_rew_mean        | -91.7    |
| time/                 |          |
|    fps                | 1088     |
|    iterations         | 14500    |
|    time_elapsed       | 106      |
|    total_timesteps    | 116000   |
| train/                |          |
|    entropy_loss       | -0.715   |
|    explained_variance | 0.165    |
|    learning_rate      | 0.000143 |
|    n_updates          | 14499    |
|    policy_loss        | 0.0635   |
|    value_loss         | 0.0299   |
------------------------------------
------------------------------------
| rollout/              |          |
|    ep_len_mean        | 262      |
|    ep_rew_mean        | -93.9    |
| time/                 |          |
|    fps                | 1089     |
|    iterations         | 14600    |
|    time_elapsed       | 107      |
|    total_timesteps    | 116800   |
| train/                |          |
|    entropy_loss       | -0.204   |
|    explained_variance | -0.735   |
|    learning_rate      | 0.000143 |
|    n_updates          | 14599    |
|    policy_loss        | -0.821   |
|    value_loss         | 3.88e+03 |
------------------------------------
------------------------------------
| rollout/              |          |
|    ep_len_mean        | 264      |
|    ep_rew_mean        | -88.4    |
| time/                 |          |
|    fps                | 1089     |
|    iterations         | 14700    |
|    time_elapsed       | 107      |
|    total_timesteps    | 117600   |
| train/                |          |
|    entropy_loss       | -0.65    |
|    explained_variance | 0.0992   |
|    learning_rate      | 0.000143 |
|    n_updates          | 14699    |
|    policy_loss        | -1.62    |
|    value_loss         | 9.43     |
------------------------------------
------------------------------------
| rollout/              |          |
|    ep_len_mean        | 264      |
|    ep_rew_mean        | -84.1    |
| time/                 |          |
|    fps                | 1089     |
|    iterations         | 14800    |
|    time_elapsed       | 108      |
|    total_timesteps    | 118400   |
| train/                |          |
|    entropy_loss       | -0.498   |
|    explained_variance | -6.18    |
|    learning_rate      | 0.000143 |
|    n_updates          | 14799    |
|    policy_loss        | 2.39     |
|    value_loss         | 36.3     |
------------------------------------
------------------------------------
| rollout/              |          |
|    ep_len_mean        | 263      |
|    ep_rew_mean        | -84.6    |
| time/                 |          |
|    fps                | 1089     |
|    iterations         | 14900    |
|    time_elapsed       | 109      |
|    total_timesteps    | 119200   |
| train/                |          |
|    entropy_loss       | -0.256   |
|    explained_variance | -0.12    |
|    learning_rate      | 0.000143 |
|    n_updates          | 14899    |
|    policy_loss        | 2.06     |
|    value_loss         | 13.4     |
------------------------------------
------------------------------------
| rollout/              |          |
|    ep_len_mean        | 263      |
|    ep_rew_mean        | -85.2    |
| time/                 |          |
|    fps                | 1090     |
|    iterations         | 15000    |
|    time_elapsed       | 110      |
|    total_timesteps    | 120000   |
| train/                |          |
|    entropy_loss       | -0.651   |
|    explained_variance | -0.262   |
|    learning_rate      | 0.000143 |
|    n_updates          | 14999    |
|    policy_loss        | 9.81     |
|    value_loss         | 334      |
------------------------------------
------------------------------------
| rollout/              |          |
|    ep_len_mean        | 262      |
|    ep_rew_mean        | -82.8    |
| time/                 |          |
|    fps                | 1090     |
|    iterations         | 15100    |
|    time_elapsed       | 110      |
|    total_timesteps    | 120800   |
| train/                |          |
|    entropy_loss       | -0.705   |
|    explained_variance | -0.0332  |
|    learning_rate      | 0.000143 |
|    n_updates          | 15099    |
|    policy_loss        | 0.237    |
|    value_loss         | 2.14     |
------------------------------------
------------------------------------
| rollout/              |          |
|    ep_len_mean        | 256      |
|    ep_rew_mean        | -85.7    |
| time/                 |          |
|    fps                | 1090     |
|    iterations         | 15200    |
|    time_elapsed       | 111      |
|    total_timesteps    | 121600   |
| train/                |          |
|    entropy_loss       | -0.195   |
|    explained_variance | -0.378   |
|    learning_rate      | 0.000143 |
|    n_updates          | 15199    |
|    policy_loss        | -1.95    |
|    value_loss         | 4.67     |
------------------------------------
------------------------------------
| rollout/              |          |
|    ep_len_mean        | 256      |
|    ep_rew_mean        | -85.9    |
| time/                 |          |
|    fps                | 1090     |
|    iterations         | 15300    |
|    time_elapsed       | 112      |
|    total_timesteps    | 122400   |
| train/                |          |
|    entropy_loss       | -0.651   |
|    explained_variance | -1.36    |
|    learning_rate      | 0.000143 |
|    n_updates          | 15299    |
|    policy_loss        | 1.39     |
|    value_loss         | 12.4     |
------------------------------------
------------------------------------
| rollout/              |          |
|    ep_len_mean        | 256      |
|    ep_rew_mean        | -87.1    |
| time/                 |          |
|    fps                | 1090     |
|    iterations         | 15400    |
|    time_elapsed       | 112      |
|    total_timesteps    | 123200   |
| train/                |          |
|    entropy_loss       | -0.731   |
|    explained_variance | 0.653    |
|    learning_rate      | 0.000143 |
|    n_updates          | 15399    |
|    policy_loss        | -4.01    |
|    value_loss         | 60.7     |
------------------------------------
------------------------------------
| rollout/              |          |
|    ep_len_mean        | 259      |
|    ep_rew_mean        | -87.4    |
| time/                 |          |
|    fps                | 1090     |
|    iterations         | 15500    |
|    time_elapsed       | 113      |
|    total_timesteps    | 124000   |
| train/                |          |
|    entropy_loss       | -0.723   |
|    explained_variance | -0.176   |
|    learning_rate      | 0.000143 |
|    n_updates          | 15499    |
|    policy_loss        | -0.0501  |
|    value_loss         | 0.0788   |
------------------------------------
------------------------------------
| rollout/              |          |
|    ep_len_mean        | 267      |
|    ep_rew_mean        | -84.2    |
| time/                 |          |
|    fps                | 1091     |
|    iterations         | 15600    |
|    time_elapsed       | 114      |
|    total_timesteps    | 124800   |
| train/                |          |
|    entropy_loss       | -0.299   |
|    explained_variance | 0.121    |
|    learning_rate      | 0.000143 |
|    n_updates          | 15599    |
|    policy_loss        | -6.2     |
|    value_loss         | 193      |
------------------------------------
------------------------------------
| rollout/              |          |
|    ep_len_mean        | 269      |
|    ep_rew_mean        | -84.1    |
| time/                 |          |
|    fps                | 1091     |
|    iterations         | 15700    |
|    time_elapsed       | 115      |
|    total_timesteps    | 125600   |
| train/                |          |
|    entropy_loss       | -0.9     |
|    explained_variance | 0.536    |
|    learning_rate      | 0.000142 |
|    n_updates          | 15699    |
|    policy_loss        | -0.89    |
|    value_loss         | 5.28     |
------------------------------------
------------------------------------
| rollout/              |          |
|    ep_len_mean        | 272      |
|    ep_rew_mean        | -87.2    |
| time/                 |          |
|    fps                | 1091     |
|    iterations         | 15800    |
|    time_elapsed       | 115      |
|    total_timesteps    | 126400   |
| train/                |          |
|    entropy_loss       | -0.404   |
|    explained_variance | 0.734    |
|    learning_rate      | 0.000142 |
|    n_updates          | 15799    |
|    policy_loss        | -0.259   |
|    value_loss         | 5.21     |
------------------------------------
------------------------------------
| rollout/              |          |
|    ep_len_mean        | 274      |
|    ep_rew_mean        | -86.8    |
| time/                 |          |
|    fps                | 1091     |
|    iterations         | 15900    |
|    time_elapsed       | 116      |
|    total_timesteps    | 127200   |
| train/                |          |
|    entropy_loss       | -0.552   |
|    explained_variance | 0.23     |
|    learning_rate      | 0.000142 |
|    n_updates          | 15899    |
|    policy_loss        | 10.6     |
|    value_loss         | 332      |
------------------------------------
------------------------------------
| rollout/              |          |
|    ep_len_mean        | 275      |
|    ep_rew_mean        | -90      |
| time/                 |          |
|    fps                | 1092     |
|    iterations         | 16000    |
|    time_elapsed       | 117      |
|    total_timesteps    | 128000   |
| train/                |          |
|    entropy_loss       | -0.178   |
|    explained_variance | -58.7    |
|    learning_rate      | 0.000142 |
|    n_updates          | 15999    |
|    policy_loss        | -0.701   |
|    value_loss         | 279      |
------------------------------------
------------------------------------
| rollout/              |          |
|    ep_len_mean        | 277      |
|    ep_rew_mean        | -88.4    |
| time/                 |          |
|    fps                | 1092     |
|    iterations         | 16100    |
|    time_elapsed       | 117      |
|    total_timesteps    | 128800   |
| train/                |          |
|    entropy_loss       | -0.206   |
|    explained_variance | 0.632    |
|    learning_rate      | 0.000142 |
|    n_updates          | 16099    |
|    policy_loss        | 0.523    |
|    value_loss         | 17.6     |
------------------------------------
------------------------------------
| rollout/              |          |
|    ep_len_mean        | 277      |
|    ep_rew_mean        | -88.4    |
| time/                 |          |
|    fps                | 1092     |
|    iterations         | 16200    |
|    time_elapsed       | 118      |
|    total_timesteps    | 129600   |
| train/                |          |
|    entropy_loss       | -0.624   |
|    explained_variance | 0.132    |
|    learning_rate      | 0.000142 |
|    n_updates          | 16199    |
|    policy_loss        | -0.385   |
|    value_loss         | 0.213    |
------------------------------------
------------------------------------
| rollout/              |          |
|    ep_len_mean        | 286      |
|    ep_rew_mean        | -84.1    |
| time/                 |          |
|    fps                | 1092     |
|    iterations         | 16300    |
|    time_elapsed       | 119      |
|    total_timesteps    | 130400   |
| train/                |          |
|    entropy_loss       | -0.67    |
|    explained_variance | -1.06    |
|    learning_rate      | 0.000142 |
|    n_updates          | 16299    |
|    policy_loss        | 1.12     |
|    value_loss         | 2.97     |
------------------------------------
------------------------------------
| rollout/              |          |
|    ep_len_mean        | 286      |
|    ep_rew_mean        | -84.1    |
| time/                 |          |
|    fps                | 1092     |
|    iterations         | 16400    |
|    time_elapsed       | 120      |
|    total_timesteps    | 131200   |
| train/                |          |
|    entropy_loss       | -0.641   |
|    explained_variance | 0.119    |
|    learning_rate      | 0.000142 |
|    n_updates          | 16399    |
|    policy_loss        | 0.0473   |
|    value_loss         | 0.0334   |
------------------------------------
------------------------------------
| rollout/              |          |
|    ep_len_mean        | 295      |
|    ep_rew_mean        | -79.9    |
| time/                 |          |
|    fps                | 1092     |
|    iterations         | 16500    |
|    time_elapsed       | 120      |
|    total_timesteps    | 132000   |
| train/                |          |
|    entropy_loss       | -0.77    |
|    explained_variance | -0.296   |
|    learning_rate      | 0.000142 |
|    n_updates          | 16499    |
|    policy_loss        | -6.41    |
|    value_loss         | 106      |
------------------------------------
------------------------------------
| rollout/              |          |
|    ep_len_mean        | 301      |
|    ep_rew_mean        | -76.1    |
| time/                 |          |
|    fps                | 1092     |
|    iterations         | 16600    |
|    time_elapsed       | 121      |
|    total_timesteps    | 132800   |
| train/                |          |
|    entropy_loss       | -0.537   |
|    explained_variance | -0.959   |
|    learning_rate      | 0.000142 |
|    n_updates          | 16599    |
|    policy_loss        | 2.82     |
|    value_loss         | 25.2     |
------------------------------------
------------------------------------
| rollout/              |          |
|    ep_len_mean        | 298      |
|    ep_rew_mean        | -80      |
| time/                 |          |
|    fps                | 1093     |
|    iterations         | 16700    |
|    time_elapsed       | 122      |
|    total_timesteps    | 133600   |
| train/                |          |
|    entropy_loss       | -0.301   |
|    explained_variance | 0.154    |
|    learning_rate      | 0.000142 |
|    n_updates          | 16699    |
|    policy_loss        | -3.93    |
|    value_loss         | 51.3     |
------------------------------------
------------------------------------
| rollout/              |          |
|    ep_len_mean        | 299      |
|    ep_rew_mean        | -80      |
| time/                 |          |
|    fps                | 1093     |
|    iterations         | 16800    |
|    time_elapsed       | 122      |
|    total_timesteps    | 134400   |
| train/                |          |
|    entropy_loss       | -0.346   |
|    explained_variance | -0.315   |
|    learning_rate      | 0.000142 |
|    n_updates          | 16799    |
|    policy_loss        | 0.357    |
|    value_loss         | 5.08     |
------------------------------------
------------------------------------
| rollout/              |          |
|    ep_len_mean        | 297      |
|    ep_rew_mean        | -80.9    |
| time/                 |          |
|    fps                | 1093     |
|    iterations         | 16900    |
|    time_elapsed       | 123      |
|    total_timesteps    | 135200   |
| train/                |          |
|    entropy_loss       | -0.00685 |
|    explained_variance | 0.411    |
|    learning_rate      | 0.000142 |
|    n_updates          | 16899    |
|    policy_loss        | 0.0028   |
|    value_loss         | 13.5     |
------------------------------------
------------------------------------
| rollout/              |          |
|    ep_len_mean        | 291      |
|    ep_rew_mean        | -82.9    |
| time/                 |          |
|    fps                | 1093     |
|    iterations         | 17000    |
|    time_elapsed       | 124      |
|    total_timesteps    | 136000   |
| train/                |          |
|    entropy_loss       | -0.624   |
|    explained_variance | -1.84    |
|    learning_rate      | 0.000142 |
|    n_updates          | 16999    |
|    policy_loss        | 7.25     |
|    value_loss         | 120      |
------------------------------------
------------------------------------
| rollout/              |          |
|    ep_len_mean        | 289      |
|    ep_rew_mean        | -82.1    |
| time/                 |          |
|    fps                | 1093     |
|    iterations         | 17100    |
|    time_elapsed       | 125      |
|    total_timesteps    | 136800   |
| train/                |          |
|    entropy_loss       | -0.504   |
|    explained_variance | -0.465   |
|    learning_rate      | 0.000142 |
|    n_updates          | 17099    |
|    policy_loss        | 6.64     |
|    value_loss         | 201      |
------------------------------------
------------------------------------
| rollout/              |          |
|    ep_len_mean        | 288      |
|    ep_rew_mean        | -83.2    |
| time/                 |          |
|    fps                | 1094     |
|    iterations         | 17200    |
|    time_elapsed       | 125      |
|    total_timesteps    | 137600   |
| train/                |          |
|    entropy_loss       | -0.783   |
|    explained_variance | -0.238   |
|    learning_rate      | 0.000142 |
|    n_updates          | 17199    |
|    policy_loss        | -0.223   |
|    value_loss         | 0.995    |
------------------------------------
------------------------------------
| rollout/              |          |
|    ep_len_mean        | 295      |
|    ep_rew_mean        | -80.7    |
| time/                 |          |
|    fps                | 1094     |
|    iterations         | 17300    |
|    time_elapsed       | 126      |
|    total_timesteps    | 138400   |
| train/                |          |
|    entropy_loss       | -0.708   |
|    explained_variance | 0.822    |
|    learning_rate      | 0.000142 |
|    n_updates          | 17299    |
|    policy_loss        | 0.875    |
|    value_loss         | 5.17     |
------------------------------------
------------------------------------
| rollout/              |          |
|    ep_len_mean        | 298      |
|    ep_rew_mean        | -79.8    |
| time/                 |          |
|    fps                | 1094     |
|    iterations         | 17400    |
|    time_elapsed       | 127      |
|    total_timesteps    | 139200   |
| train/                |          |
|    entropy_loss       | -0.66    |
|    explained_variance | 0.727    |
|    learning_rate      | 0.000142 |
|    n_updates          | 17399    |
|    policy_loss        | -0.724   |
|    value_loss         | 2.74     |
------------------------------------
------------------------------------
| rollout/              |          |
|    ep_len_mean        | 291      |
|    ep_rew_mean        | -80.9    |
| time/                 |          |
|    fps                | 1094     |
|    iterations         | 17500    |
|    time_elapsed       | 127      |
|    total_timesteps    | 140000   |
| train/                |          |
|    entropy_loss       | -0.0138  |
|    explained_variance | -0.0297  |
|    learning_rate      | 0.000142 |
|    n_updates          | 17499    |
|    policy_loss        | -0.0379  |
|    value_loss         | 505      |
------------------------------------
------------------------------------
| rollout/              |          |
|    ep_len_mean        | 290      |
|    ep_rew_mean        | -86.4    |
| time/                 |          |
|    fps                | 1094     |
|    iterations         | 17600    |
|    time_elapsed       | 128      |
|    total_timesteps    | 140800   |
| train/                |          |
|    entropy_loss       | -0.00557 |
|    explained_variance | 0.431    |
|    learning_rate      | 0.000142 |
|    n_updates          | 17599    |
|    policy_loss        | -0.0291  |
|    value_loss         | 2.7e+03  |
------------------------------------
------------------------------------
| rollout/              |          |
|    ep_len_mean        | 287      |
|    ep_rew_mean        | -86.3    |
| time/                 |          |
|    fps                | 1094     |
|    iterations         | 17700    |
|    time_elapsed       | 129      |
|    total_timesteps    | 141600   |
| train/                |          |
|    entropy_loss       | -0.622   |
|    explained_variance | 0.462    |
|    learning_rate      | 0.000142 |
|    n_updates          | 17699    |
|    policy_loss        | -2.27    |
|    value_loss         | 24.1     |
------------------------------------
------------------------------------
| rollout/              |          |
|    ep_len_mean        | 279      |
|    ep_rew_mean        | -91.7    |
| time/                 |          |
|    fps                | 1095     |
|    iterations         | 17800    |
|    time_elapsed       | 130      |
|    total_timesteps    | 142400   |
| train/                |          |
|    entropy_loss       | -0.0365  |
|    explained_variance | 0.745    |
|    learning_rate      | 0.000141 |
|    n_updates          | 17799    |
|    policy_loss        | 0.00888  |
|    value_loss         | 5.86     |
------------------------------------
------------------------------------
| rollout/              |          |
|    ep_len_mean        | 278      |
|    ep_rew_mean        | -90      |
| time/                 |          |
|    fps                | 1095     |
|    iterations         | 17900    |
|    time_elapsed       | 130      |
|    total_timesteps    | 143200   |
| train/                |          |
|    entropy_loss       | -0.718   |
|    explained_variance | 0.101    |
|    learning_rate      | 0.000141 |
|    n_updates          | 17899    |
|    policy_loss        | -0.0443  |
|    value_loss         | 0.202    |
------------------------------------
------------------------------------
| rollout/              |          |
|    ep_len_mean        | 286      |
|    ep_rew_mean        | -87.1    |
| time/                 |          |
|    fps                | 1095     |
|    iterations         | 18000    |
|    time_elapsed       | 131      |
|    total_timesteps    | 144000   |
| train/                |          |
|    entropy_loss       | -0.724   |
|    explained_variance | -0.111   |
|    learning_rate      | 0.000141 |
|    n_updates          | 17999    |
|    policy_loss        | -0.168   |
|    value_loss         | 0.101    |
------------------------------------
------------------------------------
| rollout/              |          |
|    ep_len_mean        | 286      |
|    ep_rew_mean        | -85.1    |
| time/                 |          |
|    fps                | 1095     |
|    iterations         | 18100    |
|    time_elapsed       | 132      |
|    total_timesteps    | 144800   |
| train/                |          |
|    entropy_loss       | -0.38    |
|    explained_variance | 0.021    |
|    learning_rate      | 0.000141 |
|    n_updates          | 18099    |
|    policy_loss        | 0.714    |
|    value_loss         | 16.5     |
------------------------------------
------------------------------------
| rollout/              |          |
|    ep_len_mean        | 287      |
|    ep_rew_mean        | -86.2    |
| time/                 |          |
|    fps                | 1095     |
|    iterations         | 18200    |
|    time_elapsed       | 132      |
|    total_timesteps    | 145600   |
| train/                |          |
|    entropy_loss       | -0.647   |
|    explained_variance | 0.4      |
|    learning_rate      | 0.000141 |
|    n_updates          | 18199    |
|    policy_loss        | 4.97     |
|    value_loss         | 88.5     |
------------------------------------
------------------------------------
| rollout/              |          |
|    ep_len_mean        | 287      |
|    ep_rew_mean        | -86.2    |
| time/                 |          |
|    fps                | 1095     |
|    iterations         | 18300    |
|    time_elapsed       | 133      |
|    total_timesteps    | 146400   |
| train/                |          |
|    entropy_loss       | -1.25    |
|    explained_variance | 0.652    |
|    learning_rate      | 0.000141 |
|    n_updates          | 18299    |
|    policy_loss        | 11.2     |
|    value_loss         | 82.7     |
------------------------------------
------------------------------------
| rollout/              |          |
|    ep_len_mean        | 292      |
|    ep_rew_mean        | -87.2    |
| time/                 |          |
|    fps                | 1095     |
|    iterations         | 18400    |
|    time_elapsed       | 134      |
|    total_timesteps    | 147200   |
| train/                |          |
|    entropy_loss       | -0.143   |
|    explained_variance | -0.124   |
|    learning_rate      | 0.000141 |
|    n_updates          | 18399    |
|    policy_loss        | 1.77     |
|    value_loss         | 26.8     |
------------------------------------
------------------------------------
| rollout/              |          |
|    ep_len_mean        | 295      |
|    ep_rew_mean        | -88.2    |
| time/                 |          |
|    fps                | 1096     |
|    iterations         | 18500    |
|    time_elapsed       | 135      |
|    total_timesteps    | 148000   |
| train/                |          |
|    entropy_loss       | -0.339   |
|    explained_variance | -2.62    |
|    learning_rate      | 0.000141 |
|    n_updates          | 18499    |
|    policy_loss        | 2.41     |
|    value_loss         | 1.12e+04 |
------------------------------------
------------------------------------
| rollout/              |          |
|    ep_len_mean        | 295      |
|    ep_rew_mean        | -87.4    |
| time/                 |          |
|    fps                | 1096     |
|    iterations         | 18600    |
|    time_elapsed       | 135      |
|    total_timesteps    | 148800   |
| train/                |          |
|    entropy_loss       | -0.964   |
|    explained_variance | -0.886   |
|    learning_rate      | 0.000141 |
|    n_updates          | 18599    |
|    policy_loss        | 1.17     |
|    value_loss         | 4.19     |
------------------------------------
------------------------------------
| rollout/              |          |
|    ep_len_mean        | 296      |
|    ep_rew_mean        | -87.5    |
| time/                 |          |
|    fps                | 1096     |
|    iterations         | 18700    |
|    time_elapsed       | 136      |
|    total_timesteps    | 149600   |
| train/                |          |
|    entropy_loss       | -0.837   |
|    explained_variance | 0.173    |
|    learning_rate      | 0.000141 |
|    n_updates          | 18699    |
|    policy_loss        | -0.48    |
|    value_loss         | 0.585    |
------------------------------------
Eval num_timesteps=150000, episode_reward=80.29 +/- 101.15
Episode length: 538.00 +/- 239.64
------------------------------------
| eval/                 |          |
|    mean_ep_length     | 538      |
|    mean_reward        | 80.3     |
| time/                 |          |
|    total_timesteps    | 150000   |
| train/                |          |
|    entropy_loss       | -0.868   |
|    explained_variance | -0.112   |
|    learning_rate      | 0.000141 |
|    n_updates          | 18749    |
|    policy_loss        | -0.0471  |
|    value_loss         | 0.0404   |
------------------------------------
New best mean reward!
------------------------------------
| rollout/              |          |
|    ep_len_mean        | 305      |
|    ep_rew_mean        | -85.6    |
| time/                 |          |
|    fps                | 1087     |
|    iterations         | 18800    |
|    time_elapsed       | 138      |
|    total_timesteps    | 150400   |
| train/                |          |
|    entropy_loss       | -0.554   |
|    explained_variance | 0.501    |
|    learning_rate      | 0.000141 |
|    n_updates          | 18799    |
|    policy_loss        | 4.83     |
|    value_loss         | 79.8     |
------------------------------------
------------------------------------
| rollout/              |          |
|    ep_len_mean        | 305      |
|    ep_rew_mean        | -85.5    |
| time/                 |          |
|    fps                | 1088     |
|    iterations         | 18900    |
|    time_elapsed       | 138      |
|    total_timesteps    | 151200   |
| train/                |          |
|    entropy_loss       | -0.748   |
|    explained_variance | -0.262   |
|    learning_rate      | 0.000141 |
|    n_updates          | 18899    |
|    policy_loss        | -0.153   |
|    value_loss         | 0.0507   |
------------------------------------
------------------------------------
| rollout/              |          |
|    ep_len_mean        | 313      |
|    ep_rew_mean        | -83.8    |
| time/                 |          |
|    fps                | 1088     |
|    iterations         | 19000    |
|    time_elapsed       | 139      |
|    total_timesteps    | 152000   |
| train/                |          |
|    entropy_loss       | -0.678   |
|    explained_variance | 0.484    |
|    learning_rate      | 0.000141 |
|    n_updates          | 18999    |
|    policy_loss        | 2.34     |
|    value_loss         | 18.2     |
------------------------------------
------------------------------------
| rollout/              |          |
|    ep_len_mean        | 313      |
|    ep_rew_mean        | -83.9    |
| time/                 |          |
|    fps                | 1088     |
|    iterations         | 19100    |
|    time_elapsed       | 140      |
|    total_timesteps    | 152800   |
| train/                |          |
|    entropy_loss       | -0.662   |
|    explained_variance | 0.0435   |
|    learning_rate      | 0.000141 |
|    n_updates          | 19099    |
|    policy_loss        | -0.016   |
|    value_loss         | 0.00865  |
------------------------------------
------------------------------------
| rollout/              |          |
|    ep_len_mean        | 320      |
|    ep_rew_mean        | -80.3    |
| time/                 |          |
|    fps                | 1088     |
|    iterations         | 19200    |
|    time_elapsed       | 141      |
|    total_timesteps    | 153600   |
| train/                |          |
|    entropy_loss       | -0.499   |
|    explained_variance | 0.484    |
|    learning_rate      | 0.000141 |
|    n_updates          | 19199    |
|    policy_loss        | -1.72    |
|    value_loss         | 13.4     |
------------------------------------
------------------------------------
| rollout/              |          |
|    ep_len_mean        | 320      |
|    ep_rew_mean        | -77.4    |
| time/                 |          |
|    fps                | 1088     |
|    iterations         | 19300    |
|    time_elapsed       | 141      |
|    total_timesteps    | 154400   |
| train/                |          |
|    entropy_loss       | -0.664   |
|    explained_variance | 0.246    |
|    learning_rate      | 0.000141 |
|    n_updates          | 19299    |
|    policy_loss        | -0.114   |
|    value_loss         | 0.0475   |
------------------------------------
------------------------------------
| rollout/              |          |
|    ep_len_mean        | 327      |
|    ep_rew_mean        | -73.9    |
| time/                 |          |
|    fps                | 1088     |
|    iterations         | 19400    |
|    time_elapsed       | 142      |
|    total_timesteps    | 155200   |
| train/                |          |
|    entropy_loss       | -0.529   |
|    explained_variance | 0.53     |
|    learning_rate      | 0.000141 |
|    n_updates          | 19399    |
|    policy_loss        | -5.21    |
|    value_loss         | 168      |
------------------------------------
------------------------------------
| rollout/              |          |
|    ep_len_mean        | 325      |
|    ep_rew_mean        | -73.4    |
| time/                 |          |
|    fps                | 1089     |
|    iterations         | 19500    |
|    time_elapsed       | 143      |
|    total_timesteps    | 156000   |
| train/                |          |
|    entropy_loss       | -0.695   |
|    explained_variance | 0.292    |
|    learning_rate      | 0.000141 |
|    n_updates          | 19499    |
|    policy_loss        | -0.391   |
|    value_loss         | 0.138    |
------------------------------------
------------------------------------
| rollout/              |          |
|    ep_len_mean        | 332      |
|    ep_rew_mean        | -71.1    |
| time/                 |          |
|    fps                | 1089     |
|    iterations         | 19600    |
|    time_elapsed       | 143      |
|    total_timesteps    | 156800   |
| train/                |          |
|    entropy_loss       | -0.738   |
|    explained_variance | -0.0484  |
|    learning_rate      | 0.000141 |
|    n_updates          | 19599    |
|    policy_loss        | -0.271   |
|    value_loss         | 0.259    |
------------------------------------
------------------------------------
| rollout/              |          |
|    ep_len_mean        | 339      |
|    ep_rew_mean        | -67.2    |
| time/                 |          |
|    fps                | 1089     |
|    iterations         | 19700    |
|    time_elapsed       | 144      |
|    total_timesteps    | 157600   |
| train/                |          |
|    entropy_loss       | -0.695   |
|    explained_variance | -1.24    |
|    learning_rate      | 0.000141 |
|    n_updates          | 19699    |
|    policy_loss        | 4.72     |
|    value_loss         | 93.2     |
------------------------------------
------------------------------------
| rollout/              |          |
|    ep_len_mean        | 339      |
|    ep_rew_mean        | -67.2    |
| time/                 |          |
|    fps                | 1089     |
|    iterations         | 19800    |
|    time_elapsed       | 145      |
|    total_timesteps    | 158400   |
| train/                |          |
|    entropy_loss       | -0.795   |
|    explained_variance | -0.338   |
|    learning_rate      | 0.00014  |
|    n_updates          | 19799    |
|    policy_loss        | 0.0188   |
|    value_loss         | 0.0195   |
------------------------------------
------------------------------------
| rollout/              |          |
|    ep_len_mean        | 339      |
|    ep_rew_mean        | -67.7    |
| time/                 |          |
|    fps                | 1089     |
|    iterations         | 19900    |
|    time_elapsed       | 146      |
|    total_timesteps    | 159200   |
| train/                |          |
|    entropy_loss       | -0.825   |
|    explained_variance | 0.208    |
|    learning_rate      | 0.00014  |
|    n_updates          | 19899    |
|    policy_loss        | -0.00904 |
|    value_loss         | 0.0267   |
------------------------------------
------------------------------------
| rollout/              |          |
|    ep_len_mean        | 347      |
|    ep_rew_mean        | -65.1    |
| time/                 |          |
|    fps                | 1089     |
|    iterations         | 20000    |
|    time_elapsed       | 146      |
|    total_timesteps    | 160000   |
| train/                |          |
|    entropy_loss       | -0.0343  |
|    explained_variance | 0.52     |
|    learning_rate      | 0.00014  |
|    n_updates          | 19999    |
|    policy_loss        | 0.0862   |
|    value_loss         | 26.6     |
------------------------------------
------------------------------------
| rollout/              |          |
|    ep_len_mean        | 345      |
|    ep_rew_mean        | -60.6    |
| time/                 |          |
|    fps                | 1089     |
|    iterations         | 20100    |
|    time_elapsed       | 147      |
|    total_timesteps    | 160800   |
| train/                |          |
|    entropy_loss       | -1.16    |
|    explained_variance | -0.862   |
|    learning_rate      | 0.00014  |
|    n_updates          | 20099    |
|    policy_loss        | 2.3      |
|    value_loss         | 7.02     |
------------------------------------
------------------------------------
| rollout/              |          |
|    ep_len_mean        | 352      |
|    ep_rew_mean        | -59.1    |
| time/                 |          |
|    fps                | 1089     |
|    iterations         | 20200    |
|    time_elapsed       | 148      |
|    total_timesteps    | 161600   |
| train/                |          |
|    entropy_loss       | -0.426   |
|    explained_variance | 0.452    |
|    learning_rate      | 0.00014  |
|    n_updates          | 20199    |
|    policy_loss        | -6.89    |
|    value_loss         | 180      |
------------------------------------
------------------------------------
| rollout/              |          |
|    ep_len_mean        | 352      |
|    ep_rew_mean        | -59.1    |
| time/                 |          |
|    fps                | 1090     |
|    iterations         | 20300    |
|    time_elapsed       | 148      |
|    total_timesteps    | 162400   |
| train/                |          |
|    entropy_loss       | -0.777   |
|    explained_variance | 0.0917   |
|    learning_rate      | 0.00014  |
|    n_updates          | 20299    |
|    policy_loss        | -0.00472 |
|    value_loss         | 0.0119   |
------------------------------------
------------------------------------
| rollout/              |          |
|    ep_len_mean        | 360      |
|    ep_rew_mean        | -57.4    |
| time/                 |          |
|    fps                | 1090     |
|    iterations         | 20400    |
|    time_elapsed       | 149      |
|    total_timesteps    | 163200   |
| train/                |          |
|    entropy_loss       | -0.712   |
|    explained_variance | -0.117   |
|    learning_rate      | 0.00014  |
|    n_updates          | 20399    |
|    policy_loss        | -0.0434  |
|    value_loss         | 0.00657  |
------------------------------------
------------------------------------
| rollout/              |          |
|    ep_len_mean        | 367      |
|    ep_rew_mean        | -55      |
| time/                 |          |
|    fps                | 1090     |
|    iterations         | 20500    |
|    time_elapsed       | 150      |
|    total_timesteps    | 164000   |
| train/                |          |
|    entropy_loss       | -0.742   |
|    explained_variance | -0.432   |
|    learning_rate      | 0.00014  |
|    n_updates          | 20499    |
|    policy_loss        | -0.218   |
|    value_loss         | 0.0629   |
------------------------------------
------------------------------------
| rollout/              |          |
|    ep_len_mean        | 374      |
|    ep_rew_mean        | -50.5    |
| time/                 |          |
|    fps                | 1090     |
|    iterations         | 20600    |
|    time_elapsed       | 151      |
|    total_timesteps    | 164800   |
| train/                |          |
|    entropy_loss       | -0.356   |
|    explained_variance | 0.0279   |
|    learning_rate      | 0.00014  |
|    n_updates          | 20599    |
|    policy_loss        | -0.976   |
|    value_loss         | 53.8     |
------------------------------------
------------------------------------
| rollout/              |          |
|    ep_len_mean        | 372      |
|    ep_rew_mean        | -48.1    |
| time/                 |          |
|    fps                | 1090     |
|    iterations         | 20700    |
|    time_elapsed       | 151      |
|    total_timesteps    | 165600   |
| train/                |          |
|    entropy_loss       | -0.821   |
|    explained_variance | -0.0289  |
|    learning_rate      | 0.00014  |
|    n_updates          | 20699    |
|    policy_loss        | -0.211   |
|    value_loss         | 0.104    |
------------------------------------
------------------------------------
| rollout/              |          |
|    ep_len_mean        | 380      |
|    ep_rew_mean        | -44.8    |
| time/                 |          |
|    fps                | 1090     |
|    iterations         | 20800    |
|    time_elapsed       | 152      |
|    total_timesteps    | 166400   |
| train/                |          |
|    entropy_loss       | -0.643   |
|    explained_variance | -0.262   |
|    learning_rate      | 0.00014  |
|    n_updates          | 20799    |
|    policy_loss        | 4.61     |
|    value_loss         | 79.2     |
------------------------------------
------------------------------------
| rollout/              |          |
|    ep_len_mean        | 372      |
|    ep_rew_mean        | -44.1    |
| time/                 |          |
|    fps                | 1090     |
|    iterations         | 20900    |
|    time_elapsed       | 153      |
|    total_timesteps    | 167200   |
| train/                |          |
|    entropy_loss       | -0.621   |
|    explained_variance | -0.456   |
|    learning_rate      | 0.00014  |
|    n_updates          | 20899    |
|    policy_loss        | -7.02    |
|    value_loss         | 82.6     |
------------------------------------
------------------------------------
| rollout/              |          |
|    ep_len_mean        | 373      |
|    ep_rew_mean        | -44.3    |
| time/                 |          |
|    fps                | 1090     |
|    iterations         | 21000    |
|    time_elapsed       | 154      |
|    total_timesteps    | 168000   |
| train/                |          |
|    entropy_loss       | -0.817   |
|    explained_variance | 0.262    |
|    learning_rate      | 0.00014  |
|    n_updates          | 20999    |
|    policy_loss        | -0.0482  |
|    value_loss         | 0.0302   |
------------------------------------
------------------------------------
| rollout/              |          |
|    ep_len_mean        | 381      |
|    ep_rew_mean        | -42.9    |
| time/                 |          |
|    fps                | 1090     |
|    iterations         | 21100    |
|    time_elapsed       | 154      |
|    total_timesteps    | 168800   |
| train/                |          |
|    entropy_loss       | -0.843   |
|    explained_variance | 0.709    |
|    learning_rate      | 0.00014  |
|    n_updates          | 21099    |
|    policy_loss        | 0.809    |
|    value_loss         | 4.33     |
------------------------------------
-------------------------------------
| rollout/              |           |
|    ep_len_mean        | 381       |
|    ep_rew_mean        | -43.1     |
| time/                 |           |
|    fps                | 1090      |
|    iterations         | 21200     |
|    time_elapsed       | 155       |
|    total_timesteps    | 169600    |
| train/                |           |
|    entropy_loss       | -0.811    |
|    explained_variance | -0.349    |
|    learning_rate      | 0.00014   |
|    n_updates          | 21199     |
|    policy_loss        | -0.000449 |
|    value_loss         | 0.0158    |
-------------------------------------
------------------------------------
| rollout/              |          |
|    ep_len_mean        | 388      |
|    ep_rew_mean        | -40.9    |
| time/                 |          |
|    fps                | 1090     |
|    iterations         | 21300    |
|    time_elapsed       | 156      |
|    total_timesteps    | 170400   |
| train/                |          |
|    entropy_loss       | -0.374   |
|    explained_variance | 0.246    |
|    learning_rate      | 0.00014  |
|    n_updates          | 21299    |
|    policy_loss        | -3.16    |
|    value_loss         | 157      |
------------------------------------
------------------------------------
| rollout/              |          |
|    ep_len_mean        | 387      |
|    ep_rew_mean        | -39.4    |
| time/                 |          |
|    fps                | 1090     |
|    iterations         | 21400    |
|    time_elapsed       | 157      |
|    total_timesteps    | 171200   |
| train/                |          |
|    entropy_loss       | -0.879   |
|    explained_variance | 0.0801   |
|    learning_rate      | 0.00014  |
|    n_updates          | 21399    |
|    policy_loss        | 0.00914  |
|    value_loss         | 0.0112   |
------------------------------------
------------------------------------
| rollout/              |          |
|    ep_len_mean        | 386      |
|    ep_rew_mean        | -39.3    |
| time/                 |          |
|    fps                | 1090     |
|    iterations         | 21500    |
|    time_elapsed       | 157      |
|    total_timesteps    | 172000   |
| train/                |          |
|    entropy_loss       | -0.922   |
|    explained_variance | -0.846   |
|    learning_rate      | 0.00014  |
|    n_updates          | 21499    |
|    policy_loss        | 0.213    |
|    value_loss         | 0.223    |
------------------------------------
------------------------------------
| rollout/              |          |
|    ep_len_mean        | 393      |
|    ep_rew_mean        | -36      |
| time/                 |          |
|    fps                | 1090     |
|    iterations         | 21600    |
|    time_elapsed       | 158      |
|    total_timesteps    | 172800   |
| train/                |          |
|    entropy_loss       | -0.692   |
|    explained_variance | -1.78    |
|    learning_rate      | 0.00014  |
|    n_updates          | 21599    |
|    policy_loss        | 3.31     |
|    value_loss         | 46.3     |
------------------------------------
------------------------------------
| rollout/              |          |
|    ep_len_mean        | 391      |
|    ep_rew_mean        | -36.2    |
| time/                 |          |
|    fps                | 1090     |
|    iterations         | 21700    |
|    time_elapsed       | 159      |
|    total_timesteps    | 173600   |
| train/                |          |
|    entropy_loss       | -0.466   |
|    explained_variance | -0.454   |
|    learning_rate      | 0.00014  |
|    n_updates          | 21699    |
|    policy_loss        | 0.00182  |
|    value_loss         | 0.000995 |
------------------------------------
------------------------------------
| rollout/              |          |
|    ep_len_mean        | 399      |
|    ep_rew_mean        | -33      |
| time/                 |          |
|    fps                | 1090     |
|    iterations         | 21800    |
|    time_elapsed       | 159      |
|    total_timesteps    | 174400   |
| train/                |          |
|    entropy_loss       | -0.0522  |
|    explained_variance | -0.125   |
|    learning_rate      | 0.00014  |
|    n_updates          | 21799    |
|    policy_loss        | 0.043    |
|    value_loss         | 39       |
------------------------------------
------------------------------------
| rollout/              |          |
|    ep_len_mean        | 407      |
|    ep_rew_mean        | -30.5    |
| time/                 |          |
|    fps                | 1090     |
|    iterations         | 21900    |
|    time_elapsed       | 160      |
|    total_timesteps    | 175200   |
| train/                |          |
|    entropy_loss       | -0.194   |
|    explained_variance | -1.57    |
|    learning_rate      | 0.000139 |
|    n_updates          | 21899    |
|    policy_loss        | -0.349   |
|    value_loss         | 35.9     |
------------------------------------
------------------------------------
| rollout/              |          |
|    ep_len_mean        | 407      |
|    ep_rew_mean        | -30.5    |
| time/                 |          |
|    fps                | 1090     |
|    iterations         | 22000    |
|    time_elapsed       | 161      |
|    total_timesteps    | 176000   |
| train/                |          |
|    entropy_loss       | -0.808   |
|    explained_variance | -1.39    |
|    learning_rate      | 0.000139 |
|    n_updates          | 21999    |
|    policy_loss        | -2.69    |
|    value_loss         | 7.25     |
------------------------------------
------------------------------------
| rollout/              |          |
|    ep_len_mean        | 421      |
|    ep_rew_mean        | -24.5    |
| time/                 |          |
|    fps                | 1090     |
|    iterations         | 22100    |
|    time_elapsed       | 162      |
|    total_timesteps    | 176800   |
| train/                |          |
|    entropy_loss       | -0.501   |
|    explained_variance | 0.0154   |
|    learning_rate      | 0.000139 |
|    n_updates          | 22099    |
|    policy_loss        | 2.76     |
|    value_loss         | 15.5     |
------------------------------------
------------------------------------
| rollout/              |          |
|    ep_len_mean        | 422      |
|    ep_rew_mean        | -22.7    |
| time/                 |          |
|    fps                | 1090     |
|    iterations         | 22200    |
|    time_elapsed       | 162      |
|    total_timesteps    | 177600   |
| train/                |          |
|    entropy_loss       | -0.742   |
|    explained_variance | 0.202    |
|    learning_rate      | 0.000139 |
|    n_updates          | 22199    |
|    policy_loss        | -0.0217  |
|    value_loss         | 0.01     |
------------------------------------
------------------------------------
| rollout/              |          |
|    ep_len_mean        | 429      |
|    ep_rew_mean        | -20.6    |
| time/                 |          |
|    fps                | 1091     |
|    iterations         | 22300    |
|    time_elapsed       | 163      |
|    total_timesteps    | 178400   |
| train/                |          |
|    entropy_loss       | -0.878   |
|    explained_variance | 0.945    |
|    learning_rate      | 0.000139 |
|    n_updates          | 22299    |
|    policy_loss        | 0.59     |
|    value_loss         | 1.94     |
------------------------------------
------------------------------------
| rollout/              |          |
|    ep_len_mean        | 436      |
|    ep_rew_mean        | -17.3    |
| time/                 |          |
|    fps                | 1090     |
|    iterations         | 22400    |
|    time_elapsed       | 164      |
|    total_timesteps    | 179200   |
| train/                |          |
|    entropy_loss       | -0.58    |
|    explained_variance | -0.079   |
|    learning_rate      | 0.000139 |
|    n_updates          | 22399    |
|    policy_loss        | 7.76     |
|    value_loss         | 214      |
------------------------------------
------------------------------------
| rollout/              |          |
|    ep_len_mean        | 434      |
|    ep_rew_mean        | -18.6    |
| time/                 |          |
|    fps                | 1091     |
|    iterations         | 22500    |
|    time_elapsed       | 164      |
|    total_timesteps    | 180000   |
| train/                |          |
|    entropy_loss       | -0.241   |
|    explained_variance | 0.0787   |
|    learning_rate      | 0.000139 |
|    n_updates          | 22499    |
|    policy_loss        | -0.135   |
|    value_loss         | 25.6     |
------------------------------------
------------------------------------
| rollout/              |          |
|    ep_len_mean        | 434      |
|    ep_rew_mean        | -17.2    |
| time/                 |          |
|    fps                | 1091     |
|    iterations         | 22600    |
|    time_elapsed       | 165      |
|    total_timesteps    | 180800   |
| train/                |          |
|    entropy_loss       | -0.697   |
|    explained_variance | -0.492   |
|    learning_rate      | 0.000139 |
|    n_updates          | 22599    |
|    policy_loss        | -0.0291  |
|    value_loss         | 0.0559   |
------------------------------------
------------------------------------
| rollout/              |          |
|    ep_len_mean        | 442      |
|    ep_rew_mean        | -12.3    |
| time/                 |          |
|    fps                | 1090     |
|    iterations         | 22700    |
|    time_elapsed       | 166      |
|    total_timesteps    | 181600   |
| train/                |          |
|    entropy_loss       | -0.46    |
|    explained_variance | 0.426    |
|    learning_rate      | 0.000139 |
|    n_updates          | 22699    |
|    policy_loss        | -0.741   |
|    value_loss         | 2        |
------------------------------------
------------------------------------
| rollout/              |          |
|    ep_len_mean        | 429      |
|    ep_rew_mean        | -14.2    |
| time/                 |          |
|    fps                | 1090     |
|    iterations         | 22800    |
|    time_elapsed       | 167      |
|    total_timesteps    | 182400   |
| train/                |          |
|    entropy_loss       | -0.713   |
|    explained_variance | 0.011    |
|    learning_rate      | 0.000139 |
|    n_updates          | 22799    |
|    policy_loss        | -0.342   |
|    value_loss         | 0.0786   |
------------------------------------
------------------------------------
| rollout/              |          |
|    ep_len_mean        | 425      |
|    ep_rew_mean        | -6.35    |
| time/                 |          |
|    fps                | 1090     |
|    iterations         | 22900    |
|    time_elapsed       | 167      |
|    total_timesteps    | 183200   |
| train/                |          |
|    entropy_loss       | -0.261   |
|    explained_variance | 0.798    |
|    learning_rate      | 0.000139 |
|    n_updates          | 22899    |
|    policy_loss        | 4.2      |
|    value_loss         | 614      |
------------------------------------
------------------------------------
| rollout/              |          |
|    ep_len_mean        | 425      |
|    ep_rew_mean        | -7.73    |
| time/                 |          |
|    fps                | 1090     |
|    iterations         | 23000    |
|    time_elapsed       | 168      |
|    total_timesteps    | 184000   |
| train/                |          |
|    entropy_loss       | -0.725   |
|    explained_variance | 0.828    |
|    learning_rate      | 0.000139 |
|    n_updates          | 22999    |
|    policy_loss        | -3.58    |
|    value_loss         | 11.5     |
------------------------------------
------------------------------------
| rollout/              |          |
|    ep_len_mean        | 425      |
|    ep_rew_mean        | -5.29    |
| time/                 |          |
|    fps                | 1090     |
|    iterations         | 23100    |
|    time_elapsed       | 169      |
|    total_timesteps    | 184800   |
| train/                |          |
|    entropy_loss       | -0.57    |
|    explained_variance | -0.532   |
|    learning_rate      | 0.000139 |
|    n_updates          | 23099    |
|    policy_loss        | -0.127   |
|    value_loss         | 0.242    |
------------------------------------
------------------------------------
| rollout/              |          |
|    ep_len_mean        | 431      |
|    ep_rew_mean        | -1.39    |
| time/                 |          |
|    fps                | 1091     |
|    iterations         | 23200    |
|    time_elapsed       | 170      |
|    total_timesteps    | 185600   |
| train/                |          |
|    entropy_loss       | -0.852   |
|    explained_variance | 0.0322   |
|    learning_rate      | 0.000139 |
|    n_updates          | 23199    |
|    policy_loss        | -0.0271  |
|    value_loss         | 0.00933  |
------------------------------------
------------------------------------
| rollout/              |          |
|    ep_len_mean        | 439      |
|    ep_rew_mean        | 2.03     |
| time/                 |          |
|    fps                | 1091     |
|    iterations         | 23300    |
|    time_elapsed       | 170      |
|    total_timesteps    | 186400   |
| train/                |          |
|    entropy_loss       | -0.783   |
|    explained_variance | -0.256   |
|    learning_rate      | 0.000139 |
|    n_updates          | 23299    |
|    policy_loss        | 10.7     |
|    value_loss         | 158      |
------------------------------------
------------------------------------
| rollout/              |          |
|    ep_len_mean        | 425      |
|    ep_rew_mean        | 1.6      |
| time/                 |          |
|    fps                | 1091     |
|    iterations         | 23400    |
|    time_elapsed       | 171      |
|    total_timesteps    | 187200   |
| train/                |          |
|    entropy_loss       | -0.727   |
|    explained_variance | 0.956    |
|    learning_rate      | 0.000139 |
|    n_updates          | 23399    |
|    policy_loss        | 0.13     |
|    value_loss         | 4.58     |
------------------------------------
------------------------------------
| rollout/              |          |
|    ep_len_mean        | 433      |
|    ep_rew_mean        | 2.8      |
| time/                 |          |
|    fps                | 1091     |
|    iterations         | 23500    |
|    time_elapsed       | 172      |
|    total_timesteps    | 188000   |
| train/                |          |
|    entropy_loss       | -0.649   |
|    explained_variance | 0.877    |
|    learning_rate      | 0.000139 |
|    n_updates          | 23499    |
|    policy_loss        | -1.75    |
|    value_loss         | 15       |
------------------------------------
------------------------------------
| rollout/              |          |
|    ep_len_mean        | 431      |
|    ep_rew_mean        | 6.24     |
| time/                 |          |
|    fps                | 1091     |
|    iterations         | 23600    |
|    time_elapsed       | 172      |
|    total_timesteps    | 188800   |
| train/                |          |
|    entropy_loss       | -0.345   |
|    explained_variance | -0.0387  |
|    learning_rate      | 0.000139 |
|    n_updates          | 23599    |
|    policy_loss        | -0.0324  |
|    value_loss         | 0.153    |
------------------------------------
------------------------------------
| rollout/              |          |
|    ep_len_mean        | 424      |
|    ep_rew_mean        | 7.31     |
| time/                 |          |
|    fps                | 1091     |
|    iterations         | 23700    |
|    time_elapsed       | 173      |
|    total_timesteps    | 189600   |
| train/                |          |
|    entropy_loss       | -0.664   |
|    explained_variance | 0.296    |
|    learning_rate      | 0.000139 |
|    n_updates          | 23699    |
|    policy_loss        | -0.195   |
|    value_loss         | 0.0305   |
------------------------------------
------------------------------------
| rollout/              |          |
|    ep_len_mean        | 432      |
|    ep_rew_mean        | 9.26     |
| time/                 |          |
|    fps                | 1091     |
|    iterations         | 23800    |
|    time_elapsed       | 174      |
|    total_timesteps    | 190400   |
| train/                |          |
|    entropy_loss       | -0.821   |
|    explained_variance | -0.76    |
|    learning_rate      | 0.000139 |
|    n_updates          | 23799    |
|    policy_loss        | 0.0401   |
|    value_loss         | 0.0549   |
------------------------------------
------------------------------------
| rollout/              |          |
|    ep_len_mean        | 439      |
|    ep_rew_mean        | 10.1     |
| time/                 |          |
|    fps                | 1091     |
|    iterations         | 23900    |
|    time_elapsed       | 175      |
|    total_timesteps    | 191200   |
| train/                |          |
|    entropy_loss       | -0.206   |
|    explained_variance | -1.42    |
|    learning_rate      | 0.000139 |
|    n_updates          | 23899    |
|    policy_loss        | -3.51    |
|    value_loss         | 63.6     |
------------------------------------
------------------------------------
| rollout/              |          |
|    ep_len_mean        | 439      |
|    ep_rew_mean        | 10.1     |
| time/                 |          |
|    fps                | 1091     |
|    iterations         | 24000    |
|    time_elapsed       | 175      |
|    total_timesteps    | 192000   |
| train/                |          |
|    entropy_loss       | -0.659   |
|    explained_variance | 0.35     |
|    learning_rate      | 0.000138 |
|    n_updates          | 23999    |
|    policy_loss        | -0.0878  |
|    value_loss         | 0.0287   |
------------------------------------
------------------------------------
| rollout/              |          |
|    ep_len_mean        | 446      |
|    ep_rew_mean        | 13.9     |
| time/                 |          |
|    fps                | 1091     |
|    iterations         | 24100    |
|    time_elapsed       | 176      |
|    total_timesteps    | 192800   |
| train/                |          |
|    entropy_loss       | -0.699   |
|    explained_variance | -0.311   |
|    learning_rate      | 0.000138 |
|    n_updates          | 24099    |
|    policy_loss        | -0.767   |
|    value_loss         | 0.42     |
------------------------------------
------------------------------------
| rollout/              |          |
|    ep_len_mean        | 453      |
|    ep_rew_mean        | 20.4     |
| time/                 |          |
|    fps                | 1091     |
|    iterations         | 24200    |
|    time_elapsed       | 177      |
|    total_timesteps    | 193600   |
| train/                |          |
|    entropy_loss       | -0.534   |
|    explained_variance | 0.325    |
|    learning_rate      | 0.000138 |
|    n_updates          | 24199    |
|    policy_loss        | 1.71     |
|    value_loss         | 14       |
------------------------------------
------------------------------------
| rollout/              |          |
|    ep_len_mean        | 455      |
|    ep_rew_mean        | 23.1     |
| time/                 |          |
|    fps                | 1092     |
|    iterations         | 24300    |
|    time_elapsed       | 178      |
|    total_timesteps    | 194400   |
| train/                |          |
|    entropy_loss       | -0.655   |
|    explained_variance | 0.328    |
|    learning_rate      | 0.000138 |
|    n_updates          | 24299    |
|    policy_loss        | 3.32e-05 |
|    value_loss         | 0.00242  |
------------------------------------
------------------------------------
| rollout/              |          |
|    ep_len_mean        | 436      |
|    ep_rew_mean        | 27.8     |
| time/                 |          |
|    fps                | 1092     |
|    iterations         | 24400    |
|    time_elapsed       | 178      |
|    total_timesteps    | 195200   |
| train/                |          |
|    entropy_loss       | -0.81    |
|    explained_variance | 0.577    |
|    learning_rate      | 0.000138 |
|    n_updates          | 24399    |
|    policy_loss        | -5.12    |
|    value_loss         | 65.7     |
------------------------------------
------------------------------------
| rollout/              |          |
|    ep_len_mean        | 423      |
|    ep_rew_mean        | 26.8     |
| time/                 |          |
|    fps                | 1092     |
|    iterations         | 24500    |
|    time_elapsed       | 179      |
|    total_timesteps    | 196000   |
| train/                |          |
|    entropy_loss       | -0.466   |
|    explained_variance | -0.00546 |
|    learning_rate      | 0.000138 |
|    n_updates          | 24499    |
|    policy_loss        | 15       |
|    value_loss         | 298      |
------------------------------------
------------------------------------
| rollout/              |          |
|    ep_len_mean        | 413      |
|    ep_rew_mean        | 22.3     |
| time/                 |          |
|    fps                | 1092     |
|    iterations         | 24600    |
|    time_elapsed       | 180      |
|    total_timesteps    | 196800   |
| train/                |          |
|    entropy_loss       | -0.67    |
|    explained_variance | -1.87    |
|    learning_rate      | 0.000138 |
|    n_updates          | 24599    |
|    policy_loss        | -1.89    |
|    value_loss         | 6.99     |
------------------------------------
------------------------------------
| rollout/              |          |
|    ep_len_mean        | 420      |
|    ep_rew_mean        | 28       |
| time/                 |          |
|    fps                | 1092     |
|    iterations         | 24700    |
|    time_elapsed       | 180      |
|    total_timesteps    | 197600   |
| train/                |          |
|    entropy_loss       | -0.513   |
|    explained_variance | -0.114   |
|    learning_rate      | 0.000138 |
|    n_updates          | 24699    |
|    policy_loss        | -2.85    |
|    value_loss         | 107      |
------------------------------------
------------------------------------
| rollout/              |          |
|    ep_len_mean        | 396      |
|    ep_rew_mean        | 21.9     |
| time/                 |          |
|    fps                | 1092     |
|    iterations         | 24800    |
|    time_elapsed       | 181      |
|    total_timesteps    | 198400   |
| train/                |          |
|    entropy_loss       | -0.845   |
|    explained_variance | 0.397    |
|    learning_rate      | 0.000138 |
|    n_updates          | 24799    |
|    policy_loss        | -0.156   |
|    value_loss         | 0.172    |
------------------------------------
------------------------------------
| rollout/              |          |
|    ep_len_mean        | 396      |
|    ep_rew_mean        | 22.1     |
| time/                 |          |
|    fps                | 1092     |
|    iterations         | 24900    |
|    time_elapsed       | 182      |
|    total_timesteps    | 199200   |
| train/                |          |
|    entropy_loss       | -0.561   |
|    explained_variance | 0.876    |
|    learning_rate      | 0.000138 |
|    n_updates          | 24899    |
|    policy_loss        | -0.396   |
|    value_loss         | 9.34     |
------------------------------------
Eval num_timesteps=200000, episode_reward=41.19 +/- 124.66
Episode length: 200.20 +/- 90.65
------------------------------------
| eval/                 |          |
|    mean_ep_length     | 200      |
|    mean_reward        | 41.2     |
| time/                 |          |
|    total_timesteps    | 200000   |
| train/                |          |
|    entropy_loss       | -0.505   |
|    explained_variance | -0.158   |
|    learning_rate      | 0.000138 |
|    n_updates          | 24999    |
|    policy_loss        | 6.13     |
|    value_loss         | 106      |
------------------------------------
---------------------------------
| rollout/           |          |
|    ep_len_mean     | 394      |
|    ep_rew_mean     | 22.2     |
| time/              |          |
|    fps             | 1090     |
|    iterations      | 25000    |
|    time_elapsed    | 183      |
|    total_timesteps | 200000   |
---------------------------------
------------------------------------
| rollout/              |          |
|    ep_len_mean        | 394      |
|    ep_rew_mean        | 22.2     |
| time/                 |          |
|    fps                | 1090     |
|    iterations         | 25100    |
|    time_elapsed       | 184      |
|    total_timesteps    | 200800   |
| train/                |          |
|    entropy_loss       | -0.669   |
|    explained_variance | 0.232    |
|    learning_rate      | 0.000138 |
|    n_updates          | 25099    |
|    policy_loss        | -0.0259  |
|    value_loss         | 0.0133   |
------------------------------------
------------------------------------
| rollout/              |          |
|    ep_len_mean        | 380      |
|    ep_rew_mean        | 21.4     |
| time/                 |          |
|    fps                | 1090     |
|    iterations         | 25200    |
|    time_elapsed       | 184      |
|    total_timesteps    | 201600   |
| train/                |          |
|    entropy_loss       | -0.658   |
|    explained_variance | 0.0208   |
|    learning_rate      | 0.000138 |
|    n_updates          | 25199    |
|    policy_loss        | 1.95     |
|    value_loss         | 16       |
------------------------------------
------------------------------------
| rollout/              |          |
|    ep_len_mean        | 378      |
|    ep_rew_mean        | 22.1     |
| time/                 |          |
|    fps                | 1090     |
|    iterations         | 25300    |
|    time_elapsed       | 185      |
|    total_timesteps    | 202400   |
| train/                |          |
|    entropy_loss       | -0.424   |
|    explained_variance | 0.514    |
|    learning_rate      | 0.000138 |
|    n_updates          | 25299    |
|    policy_loss        | -2.2     |
|    value_loss         | 39.5     |
------------------------------------
------------------------------------
| rollout/              |          |
|    ep_len_mean        | 378      |
|    ep_rew_mean        | 22.1     |
| time/                 |          |
|    fps                | 1090     |
|    iterations         | 25400    |
|    time_elapsed       | 186      |
|    total_timesteps    | 203200   |
| train/                |          |
|    entropy_loss       | -0.737   |
|    explained_variance | -0.0895  |
|    learning_rate      | 0.000138 |
|    n_updates          | 25399    |
|    policy_loss        | -0.00745 |
|    value_loss         | 0.054    |
------------------------------------
------------------------------------
| rollout/              |          |
|    ep_len_mean        | 376      |
|    ep_rew_mean        | 20.4     |
| time/                 |          |
|    fps                | 1090     |
|    iterations         | 25500    |
|    time_elapsed       | 187      |
|    total_timesteps    | 204000   |
| train/                |          |
|    entropy_loss       | -0.53    |
|    explained_variance | 0.169    |
|    learning_rate      | 0.000138 |
|    n_updates          | 25499    |
|    policy_loss        | -2.82    |
|    value_loss         | 96.3     |
------------------------------------
------------------------------------
| rollout/              |          |
|    ep_len_mean        | 374      |
|    ep_rew_mean        | 18.8     |
| time/                 |          |
|    fps                | 1090     |
|    iterations         | 25600    |
|    time_elapsed       | 187      |
|    total_timesteps    | 204800   |
| train/                |          |
|    entropy_loss       | -0.838   |
|    explained_variance | -2.01    |
|    learning_rate      | 0.000138 |
|    n_updates          | 25599    |
|    policy_loss        | -0.477   |
|    value_loss         | 1.08     |
------------------------------------
------------------------------------
| rollout/              |          |
|    ep_len_mean        | 372      |
|    ep_rew_mean        | 19.4     |
| time/                 |          |
|    fps                | 1091     |
|    iterations         | 25700    |
|    time_elapsed       | 188      |
|    total_timesteps    | 205600   |
| train/                |          |
|    entropy_loss       | -0.63    |
|    explained_variance | 0.208    |
|    learning_rate      | 0.000138 |
|    n_updates          | 25699    |
|    policy_loss        | 5.19     |
|    value_loss         | 81.8     |
------------------------------------
------------------------------------
| rollout/              |          |
|    ep_len_mean        | 364      |
|    ep_rew_mean        | 18.2     |
| time/                 |          |
|    fps                | 1091     |
|    iterations         | 25800    |
|    time_elapsed       | 189      |
|    total_timesteps    | 206400   |
| train/                |          |
|    entropy_loss       | -0.698   |
|    explained_variance | 0.093    |
|    learning_rate      | 0.000138 |
|    n_updates          | 25799    |
|    policy_loss        | -0.369   |
|    value_loss         | 0.403    |
------------------------------------
------------------------------------
| rollout/              |          |
|    ep_len_mean        | 363      |
|    ep_rew_mean        | 17.2     |
| time/                 |          |
|    fps                | 1091     |
|    iterations         | 25900    |
|    time_elapsed       | 189      |
|    total_timesteps    | 207200   |
| train/                |          |
|    entropy_loss       | -0.935   |
|    explained_variance | 0.97     |
|    learning_rate      | 0.000138 |
|    n_updates          | 25899    |
|    policy_loss        | -2.25    |
|    value_loss         | 4.9      |
------------------------------------
------------------------------------
| rollout/              |          |
|    ep_len_mean        | 363      |
|    ep_rew_mean        | 17.7     |
| time/                 |          |
|    fps                | 1091     |
|    iterations         | 26000    |
|    time_elapsed       | 190      |
|    total_timesteps    | 208000   |
| train/                |          |
|    entropy_loss       | -0.21    |
|    explained_variance | -9.41    |
|    learning_rate      | 0.000138 |
|    n_updates          | 25999    |
|    policy_loss        | -0.494   |
|    value_loss         | 76.6     |
------------------------------------
------------------------------------
| rollout/              |          |
|    ep_len_mean        | 363      |
|    ep_rew_mean        | 17.7     |
| time/                 |          |
|    fps                | 1091     |
|    iterations         | 26100    |
|    time_elapsed       | 191      |
|    total_timesteps    | 208800   |
| train/                |          |
|    entropy_loss       | -0.787   |
|    explained_variance | -0.426   |
|    learning_rate      | 0.000137 |
|    n_updates          | 26099    |
|    policy_loss        | 0.00929  |
|    value_loss         | 0.0882   |
------------------------------------
------------------------------------
| rollout/              |          |
|    ep_len_mean        | 363      |
|    ep_rew_mean        | 19.6     |
| time/                 |          |
|    fps                | 1091     |
|    iterations         | 26200    |
|    time_elapsed       | 192      |
|    total_timesteps    | 209600   |
| train/                |          |
|    entropy_loss       | -0.755   |
|    explained_variance | -0.193   |
|    learning_rate      | 0.000137 |
|    n_updates          | 26199    |
|    policy_loss        | -0.517   |
|    value_loss         | 0.151    |
------------------------------------
------------------------------------
| rollout/              |          |
|    ep_len_mean        | 371      |
|    ep_rew_mean        | 23       |
| time/                 |          |
|    fps                | 1091     |
|    iterations         | 26300    |
|    time_elapsed       | 192      |
|    total_timesteps    | 210400   |
| train/                |          |
|    entropy_loss       | -0.88    |
|    explained_variance | 0.0249   |
|    learning_rate      | 0.000137 |
|    n_updates          | 26299    |
|    policy_loss        | 0.0792   |
|    value_loss         | 0.449    |
------------------------------------
------------------------------------
| rollout/              |          |
|    ep_len_mean        | 359      |
|    ep_rew_mean        | 21.2     |
| time/                 |          |
|    fps                | 1091     |
|    iterations         | 26400    |
|    time_elapsed       | 193      |
|    total_timesteps    | 211200   |
| train/                |          |
|    entropy_loss       | -0.919   |
|    explained_variance | -0.564   |
|    learning_rate      | 0.000137 |
|    n_updates          | 26399    |
|    policy_loss        | 0.0811   |
|    value_loss         | 4.47     |
------------------------------------
------------------------------------
| rollout/              |          |
|    ep_len_mean        | 359      |
|    ep_rew_mean        | 20.9     |
| time/                 |          |
|    fps                | 1091     |
|    iterations         | 26500    |
|    time_elapsed       | 194      |
|    total_timesteps    | 212000   |
| train/                |          |
|    entropy_loss       | -0.677   |
|    explained_variance | 0.91     |
|    learning_rate      | 0.000137 |
|    n_updates          | 26499    |
|    policy_loss        | -0.364   |
|    value_loss         | 2.81     |
------------------------------------
------------------------------------
| rollout/              |          |
|    ep_len_mean        | 335      |
|    ep_rew_mean        | 14.5     |
| time/                 |          |
|    fps                | 1091     |
|    iterations         | 26600    |
|    time_elapsed       | 194      |
|    total_timesteps    | 212800   |
| train/                |          |
|    entropy_loss       | -0.516   |
|    explained_variance | 0.674    |
|    learning_rate      | 0.000137 |
|    n_updates          | 26599    |
|    policy_loss        | -4.01    |
|    value_loss         | 48       |
------------------------------------
------------------------------------
| rollout/              |          |
|    ep_len_mean        | 335      |
|    ep_rew_mean        | 14.5     |
| time/                 |          |
|    fps                | 1091     |
|    iterations         | 26700    |
|    time_elapsed       | 195      |
|    total_timesteps    | 213600   |
| train/                |          |
|    entropy_loss       | -0.771   |
|    explained_variance | -0.282   |
|    learning_rate      | 0.000137 |
|    n_updates          | 26699    |
|    policy_loss        | 0.0746   |
|    value_loss         | 0.18     |
------------------------------------
------------------------------------
| rollout/              |          |
|    ep_len_mean        | 343      |
|    ep_rew_mean        | 18.4     |
| time/                 |          |
|    fps                | 1091     |
|    iterations         | 26800    |
|    time_elapsed       | 196      |
|    total_timesteps    | 214400   |
| train/                |          |
|    entropy_loss       | -0.771   |
|    explained_variance | -0.417   |
|    learning_rate      | 0.000137 |
|    n_updates          | 26799    |
|    policy_loss        | -0.37    |
|    value_loss         | 0.0893   |
------------------------------------
------------------------------------
| rollout/              |          |
|    ep_len_mean        | 351      |
|    ep_rew_mean        | 20.3     |
| time/                 |          |
|    fps                | 1091     |
|    iterations         | 26900    |
|    time_elapsed       | 197      |
|    total_timesteps    | 215200   |
| train/                |          |
|    entropy_loss       | -0.678   |
|    explained_variance | -0.024   |
|    learning_rate      | 0.000137 |
|    n_updates          | 26899    |
|    policy_loss        | 3.93     |
|    value_loss         | 44.6     |
------------------------------------
------------------------------------
| rollout/              |          |
|    ep_len_mean        | 349      |
|    ep_rew_mean        | 19.9     |
| time/                 |          |
|    fps                | 1092     |
|    iterations         | 27000    |
|    time_elapsed       | 197      |
|    total_timesteps    | 216000   |
| train/                |          |
|    entropy_loss       | -0.68    |
|    explained_variance | 0.00282  |
|    learning_rate      | 0.000137 |
|    n_updates          | 26999    |
|    policy_loss        | -0.237   |
|    value_loss         | 0.239    |
------------------------------------
------------------------------------
| rollout/              |          |
|    ep_len_mean        | 347      |
|    ep_rew_mean        | 19       |
| time/                 |          |
|    fps                | 1092     |
|    iterations         | 27100    |
|    time_elapsed       | 198      |
|    total_timesteps    | 216800   |
| train/                |          |
|    entropy_loss       | -0.694   |
|    explained_variance | 0.131    |
|    learning_rate      | 0.000137 |
|    n_updates          | 27099    |
|    policy_loss        | -0.0484  |
|    value_loss         | 0.00781  |
------------------------------------
------------------------------------
| rollout/              |          |
|    ep_len_mean        | 355      |
|    ep_rew_mean        | 21.5     |
| time/                 |          |
|    fps                | 1092     |
|    iterations         | 27200    |
|    time_elapsed       | 199      |
|    total_timesteps    | 217600   |
| train/                |          |
|    entropy_loss       | -0.604   |
|    explained_variance | 0.563    |
|    learning_rate      | 0.000137 |
|    n_updates          | 27199    |
|    policy_loss        | 0.77     |
|    value_loss         | 2.46     |
------------------------------------
------------------------------------
| rollout/              |          |
|    ep_len_mean        | 355      |
|    ep_rew_mean        | 21.5     |
| time/                 |          |
|    fps                | 1092     |
|    iterations         | 27300    |
|    time_elapsed       | 199      |
|    total_timesteps    | 218400   |
| train/                |          |
|    entropy_loss       | -0.677   |
|    explained_variance | 0.223    |
|    learning_rate      | 0.000137 |
|    n_updates          | 27299    |
|    policy_loss        | -0.0107  |
|    value_loss         | 0.00398  |
------------------------------------
------------------------------------
| rollout/              |          |
|    ep_len_mean        | 366      |
|    ep_rew_mean        | 25.1     |
| time/                 |          |
|    fps                | 1092     |
|    iterations         | 27400    |
|    time_elapsed       | 200      |
|    total_timesteps    | 219200   |
| train/                |          |
|    entropy_loss       | -0.468   |
|    explained_variance | 0.838    |
|    learning_rate      | 0.000137 |
|    n_updates          | 27399    |
|    policy_loss        | -2.4     |
|    value_loss         | 37.2     |
------------------------------------
------------------------------------
| rollout/              |          |
|    ep_len_mean        | 370      |
|    ep_rew_mean        | 29       |
| time/                 |          |
|    fps                | 1092     |
|    iterations         | 27500    |
|    time_elapsed       | 201      |
|    total_timesteps    | 220000   |
| train/                |          |
|    entropy_loss       | -0.656   |
|    explained_variance | -0.283   |
|    learning_rate      | 0.000137 |
|    n_updates          | 27499    |
|    policy_loss        | -0.19    |
|    value_loss         | 0.285    |
------------------------------------
------------------------------------
| rollout/              |          |
|    ep_len_mean        | 378      |
|    ep_rew_mean        | 31       |
| time/                 |          |
|    fps                | 1092     |
|    iterations         | 27600    |
|    time_elapsed       | 202      |
|    total_timesteps    | 220800   |
| train/                |          |
|    entropy_loss       | -1.01    |
|    explained_variance | -1.51    |
|    learning_rate      | 0.000137 |
|    n_updates          | 27599    |
|    policy_loss        | 12       |
|    value_loss         | 178      |
------------------------------------
------------------------------------
| rollout/              |          |
|    ep_len_mean        | 385      |
|    ep_rew_mean        | 34.6     |
| time/                 |          |
|    fps                | 1092     |
|    iterations         | 27700    |
|    time_elapsed       | 202      |
|    total_timesteps    | 221600   |
| train/                |          |
|    entropy_loss       | -0.396   |
|    explained_variance | -1.04    |
|    learning_rate      | 0.000137 |
|    n_updates          | 27699    |
|    policy_loss        | 11.1     |
|    value_loss         | 4.92e+03 |
------------------------------------
------------------------------------
| rollout/              |          |
|    ep_len_mean        | 385      |
|    ep_rew_mean        | 34.6     |
| time/                 |          |
|    fps                | 1092     |
|    iterations         | 27800    |
|    time_elapsed       | 203      |
|    total_timesteps    | 222400   |
| train/                |          |
|    entropy_loss       | -0.732   |
|    explained_variance | -0.313   |
|    learning_rate      | 0.000137 |
|    n_updates          | 27799    |
|    policy_loss        | 0.0326   |
|    value_loss         | 0.0784   |
------------------------------------
------------------------------------
| rollout/              |          |
|    ep_len_mean        | 393      |
|    ep_rew_mean        | 37.2     |
| time/                 |          |
|    fps                | 1092     |
|    iterations         | 27900    |
|    time_elapsed       | 204      |
|    total_timesteps    | 223200   |
| train/                |          |
|    entropy_loss       | -0.837   |
|    explained_variance | 0.238    |
|    learning_rate      | 0.000137 |
|    n_updates          | 27899    |
|    policy_loss        | 0.0316   |
|    value_loss         | 0.0251   |
------------------------------------
------------------------------------
| rollout/              |          |
|    ep_len_mean        | 401      |
|    ep_rew_mean        | 40.1     |
| time/                 |          |
|    fps                | 1092     |
|    iterations         | 28000    |
|    time_elapsed       | 204      |
|    total_timesteps    | 224000   |
| train/                |          |
|    entropy_loss       | -0.547   |
|    explained_variance | 0.872    |
|    learning_rate      | 0.000137 |
|    n_updates          | 27999    |
|    policy_loss        | -1.76    |
|    value_loss         | 1.42     |
------------------------------------
------------------------------------
| rollout/              |          |
|    ep_len_mean        | 401      |
|    ep_rew_mean        | 40.1     |
| time/                 |          |
|    fps                | 1092     |
|    iterations         | 28100    |
|    time_elapsed       | 205      |
|    total_timesteps    | 224800   |
| train/                |          |
|    entropy_loss       | -0.745   |
|    explained_variance | -0.241   |
|    learning_rate      | 0.000137 |
|    n_updates          | 28099    |
|    policy_loss        | -0.0183  |
|    value_loss         | 0.118    |
------------------------------------
------------------------------------
| rollout/              |          |
|    ep_len_mean        | 408      |
|    ep_rew_mean        | 42.9     |
| time/                 |          |
|    fps                | 1093     |
|    iterations         | 28200    |
|    time_elapsed       | 206      |
|    total_timesteps    | 225600   |
| train/                |          |
|    entropy_loss       | -0.892   |
|    explained_variance | 0.84     |
|    learning_rate      | 0.000136 |
|    n_updates          | 28199    |
|    policy_loss        | -1.35    |
|    value_loss         | 21.7     |
------------------------------------
------------------------------------
| rollout/              |          |
|    ep_len_mean        | 409      |
|    ep_rew_mean        | 43.2     |
| time/                 |          |
|    fps                | 1093     |
|    iterations         | 28300    |
|    time_elapsed       | 207      |
|    total_timesteps    | 226400   |
| train/                |          |
|    entropy_loss       | -1.03    |
|    explained_variance | -0.176   |
|    learning_rate      | 0.000136 |
|    n_updates          | 28299    |
|    policy_loss        | -0.504   |
|    value_loss         | 0.182    |
------------------------------------
------------------------------------
| rollout/              |          |
|    ep_len_mean        | 409      |
|    ep_rew_mean        | 43.3     |
| time/                 |          |
|    fps                | 1093     |
|    iterations         | 28400    |
|    time_elapsed       | 207      |
|    total_timesteps    | 227200   |
| train/                |          |
|    entropy_loss       | -0.616   |
|    explained_variance | 0.601    |
|    learning_rate      | 0.000136 |
|    n_updates          | 28399    |
|    policy_loss        | 5.33     |
|    value_loss         | 185      |
------------------------------------
------------------------------------
| rollout/              |          |
|    ep_len_mean        | 398      |
|    ep_rew_mean        | 38.5     |
| time/                 |          |
|    fps                | 1093     |
|    iterations         | 28500    |
|    time_elapsed       | 208      |
|    total_timesteps    | 228000   |
| train/                |          |
|    entropy_loss       | -0.685   |
|    explained_variance | -0.0609  |
|    learning_rate      | 0.000136 |
|    n_updates          | 28499    |
|    policy_loss        | -0.0067  |
|    value_loss         | 0.000902 |
------------------------------------
------------------------------------
| rollout/              |          |
|    ep_len_mean        | 406      |
|    ep_rew_mean        | 41.2     |
| time/                 |          |
|    fps                | 1093     |
|    iterations         | 28600    |
|    time_elapsed       | 209      |
|    total_timesteps    | 228800   |
| train/                |          |
|    entropy_loss       | -1.15    |
|    explained_variance | 0.981    |
|    learning_rate      | 0.000136 |
|    n_updates          | 28599    |
|    policy_loss        | 0.718    |
|    value_loss         | 0.811    |
------------------------------------
------------------------------------
| rollout/              |          |
|    ep_len_mean        | 406      |
|    ep_rew_mean        | 41.2     |
| time/                 |          |
|    fps                | 1093     |
|    iterations         | 28700    |
|    time_elapsed       | 210      |
|    total_timesteps    | 229600   |
| train/                |          |
|    entropy_loss       | -0.751   |
|    explained_variance | -0.0759  |
|    learning_rate      | 0.000136 |
|    n_updates          | 28699    |
|    policy_loss        | -0.0406  |
|    value_loss         | 0.0358   |
------------------------------------
------------------------------------
| rollout/              |          |
|    ep_len_mean        | 414      |
|    ep_rew_mean        | 42.9     |
| time/                 |          |
|    fps                | 1093     |
|    iterations         | 28800    |
|    time_elapsed       | 210      |
|    total_timesteps    | 230400   |
| train/                |          |
|    entropy_loss       | -0.728   |
|    explained_variance | 0.0523   |
|    learning_rate      | 0.000136 |
|    n_updates          | 28799    |
|    policy_loss        | -0.0413  |
|    value_loss         | 0.0107   |
------------------------------------
------------------------------------
| rollout/              |          |
|    ep_len_mean        | 419      |
|    ep_rew_mean        | 42.3     |
| time/                 |          |
|    fps                | 1093     |
|    iterations         | 28900    |
|    time_elapsed       | 211      |
|    total_timesteps    | 231200   |
| train/                |          |
|    entropy_loss       | -0.88    |
|    explained_variance | 0.977    |
|    learning_rate      | 0.000136 |
|    n_updates          | 28899    |
|    policy_loss        | -0.179   |
|    value_loss         | 1.3      |
------------------------------------
------------------------------------
| rollout/              |          |
|    ep_len_mean        | 428      |
|    ep_rew_mean        | 45       |
| time/                 |          |
|    fps                | 1093     |
|    iterations         | 29000    |
|    time_elapsed       | 212      |
|    total_timesteps    | 232000   |
| train/                |          |
|    entropy_loss       | -0.69    |
|    explained_variance | 0.774    |
|    learning_rate      | 0.000136 |
|    n_updates          | 28999    |
|    policy_loss        | 2.3      |
|    value_loss         | 20.5     |
------------------------------------
------------------------------------
| rollout/              |          |
|    ep_len_mean        | 404      |
|    ep_rew_mean        | 40.2     |
| time/                 |          |
|    fps                | 1093     |
|    iterations         | 29100    |
|    time_elapsed       | 212      |
|    total_timesteps    | 232800   |
| train/                |          |
|    entropy_loss       | -0.694   |
|    explained_variance | -0.0797  |
|    learning_rate      | 0.000136 |
|    n_updates          | 29099    |
|    policy_loss        | -0.261   |
|    value_loss         | 0.15     |
------------------------------------
------------------------------------
| rollout/              |          |
|    ep_len_mean        | 404      |
|    ep_rew_mean        | 39.8     |
| time/                 |          |
|    fps                | 1093     |
|    iterations         | 29200    |
|    time_elapsed       | 213      |
|    total_timesteps    | 233600   |
| train/                |          |
|    entropy_loss       | -0.446   |
|    explained_variance | 0.482    |
|    learning_rate      | 0.000136 |
|    n_updates          | 29199    |
|    policy_loss        | -2.63    |
|    value_loss         | 36.6     |
------------------------------------
------------------------------------
| rollout/              |          |
|    ep_len_mean        | 403      |
|    ep_rew_mean        | 39.6     |
| time/                 |          |
|    fps                | 1093     |
|    iterations         | 29300    |
|    time_elapsed       | 214      |
|    total_timesteps    | 234400   |
| train/                |          |
|    entropy_loss       | -0.687   |
|    explained_variance | 0.949    |
|    learning_rate      | 0.000136 |
|    n_updates          | 29299    |
|    policy_loss        | -0.166   |
|    value_loss         | 2.55     |
------------------------------------
------------------------------------
| rollout/              |          |
|    ep_len_mean        | 406      |
|    ep_rew_mean        | 35.9     |
| time/                 |          |
|    fps                | 1093     |
|    iterations         | 29400    |
|    time_elapsed       | 215      |
|    total_timesteps    | 235200   |
| train/                |          |
|    entropy_loss       | -0.392   |
|    explained_variance | 0.178    |
|    learning_rate      | 0.000136 |
|    n_updates          | 29399    |
|    policy_loss        | -1.37    |
|    value_loss         | 23       |
------------------------------------
------------------------------------
| rollout/              |          |
|    ep_len_mean        | 405      |
|    ep_rew_mean        | 33.5     |
| time/                 |          |
|    fps                | 1093     |
|    iterations         | 29500    |
|    time_elapsed       | 215      |
|    total_timesteps    | 236000   |
| train/                |          |
|    entropy_loss       | -0.618   |
|    explained_variance | -0.858   |
|    learning_rate      | 0.000136 |
|    n_updates          | 29499    |
|    policy_loss        | -0.0179  |
|    value_loss         | 0.0315   |
------------------------------------
------------------------------------
| rollout/              |          |
|    ep_len_mean        | 415      |
|    ep_rew_mean        | 35.1     |
| time/                 |          |
|    fps                | 1093     |
|    iterations         | 29600    |
|    time_elapsed       | 216      |
|    total_timesteps    | 236800   |
| train/                |          |
|    entropy_loss       | -0.627   |
|    explained_variance | 0.56     |
|    learning_rate      | 0.000136 |
|    n_updates          | 29599    |
|    policy_loss        | 1.25     |
|    value_loss         | 5.59     |
------------------------------------
------------------------------------
| rollout/              |          |
|    ep_len_mean        | 421      |
|    ep_rew_mean        | 41.1     |
| time/                 |          |
|    fps                | 1094     |
|    iterations         | 29700    |
|    time_elapsed       | 217      |
|    total_timesteps    | 237600   |
| train/                |          |
|    entropy_loss       | -0.807   |
|    explained_variance | 0.314    |
|    learning_rate      | 0.000136 |
|    n_updates          | 29699    |
|    policy_loss        | 3.06     |
|    value_loss         | 30.3     |
------------------------------------
------------------------------------
| rollout/              |          |
|    ep_len_mean        | 421      |
|    ep_rew_mean        | 41.1     |
| time/                 |          |
|    fps                | 1094     |
|    iterations         | 29800    |
|    time_elapsed       | 217      |
|    total_timesteps    | 238400   |
| train/                |          |
|    entropy_loss       | -0.736   |
|    explained_variance | 0.834    |
|    learning_rate      | 0.000136 |
|    n_updates          | 29799    |
|    policy_loss        | 0.759    |
|    value_loss         | 6.04     |
------------------------------------
------------------------------------
| rollout/              |          |
|    ep_len_mean        | 428      |
|    ep_rew_mean        | 43.6     |
| time/                 |          |
|    fps                | 1094     |
|    iterations         | 29900    |
|    time_elapsed       | 218      |
|    total_timesteps    | 239200   |
| train/                |          |
|    entropy_loss       | -0.615   |
|    explained_variance | 0.106    |
|    learning_rate      | 0.000136 |
|    n_updates          | 29899    |
|    policy_loss        | -0.104   |
|    value_loss         | 0.0493   |
------------------------------------
------------------------------------
| rollout/              |          |
|    ep_len_mean        | 437      |
|    ep_rew_mean        | 45.3     |
| time/                 |          |
|    fps                | 1094     |
|    iterations         | 30000    |
|    time_elapsed       | 219      |
|    total_timesteps    | 240000   |
| train/                |          |
|    entropy_loss       | -0.745   |
|    explained_variance | 0.401    |
|    learning_rate      | 0.000136 |
|    n_updates          | 29999    |
|    policy_loss        | 0.429    |
|    value_loss         | 0.608    |
------------------------------------
------------------------------------
| rollout/              |          |
|    ep_len_mean        | 446      |
|    ep_rew_mean        | 47.7     |
| time/                 |          |
|    fps                | 1094     |
|    iterations         | 30100    |
|    time_elapsed       | 220      |
|    total_timesteps    | 240800   |
| train/                |          |
|    entropy_loss       | -0.133   |
|    explained_variance | 0.33     |
|    learning_rate      | 0.000136 |
|    n_updates          | 30099    |
|    policy_loss        | 10.6     |
|    value_loss         | 155      |
------------------------------------
------------------------------------
| rollout/              |          |
|    ep_len_mean        | 446      |
|    ep_rew_mean        | 47.7     |
| time/                 |          |
|    fps                | 1094     |
|    iterations         | 30200    |
|    time_elapsed       | 220      |
|    total_timesteps    | 241600   |
| train/                |          |
|    entropy_loss       | -0.72    |
|    explained_variance | -0.0181  |
|    learning_rate      | 0.000136 |
|    n_updates          | 30199    |
|    policy_loss        | -0.381   |
|    value_loss         | 0.176    |
------------------------------------
------------------------------------
| rollout/              |          |
|    ep_len_mean        | 455      |
|    ep_rew_mean        | 49.8     |
| time/                 |          |
|    fps                | 1094     |
|    iterations         | 30300    |
|    time_elapsed       | 221      |
|    total_timesteps    | 242400   |
| train/                |          |
|    entropy_loss       | -0.721   |
|    explained_variance | -0.19    |
|    learning_rate      | 0.000135 |
|    n_updates          | 30299    |
|    policy_loss        | -0.0283  |
|    value_loss         | 0.0379   |
------------------------------------
------------------------------------
| rollout/              |          |
|    ep_len_mean        | 452      |
|    ep_rew_mean        | 50.3     |
| time/                 |          |
|    fps                | 1094     |
|    iterations         | 30400    |
|    time_elapsed       | 222      |
|    total_timesteps    | 243200   |
| train/                |          |
|    entropy_loss       | -0.789   |
|    explained_variance | -0.43    |
|    learning_rate      | 0.000135 |
|    n_updates          | 30399    |
|    policy_loss        | -0.209   |
|    value_loss         | 0.174    |
------------------------------------
------------------------------------
| rollout/              |          |
|    ep_len_mean        | 460      |
|    ep_rew_mean        | 53.7     |
| time/                 |          |
|    fps                | 1094     |
|    iterations         | 30500    |
|    time_elapsed       | 222      |
|    total_timesteps    | 244000   |
| train/                |          |
|    entropy_loss       | -1.03    |
|    explained_variance | 0.551    |
|    learning_rate      | 0.000135 |
|    n_updates          | 30499    |
|    policy_loss        | 12.3     |
|    value_loss         | 248      |
------------------------------------
------------------------------------
| rollout/              |          |
|    ep_len_mean        | 460      |
|    ep_rew_mean        | 53.7     |
| time/                 |          |
|    fps                | 1094     |
|    iterations         | 30600    |
|    time_elapsed       | 223      |
|    total_timesteps    | 244800   |
| train/                |          |
|    entropy_loss       | -1.07    |
|    explained_variance | -0.137   |
|    learning_rate      | 0.000135 |
|    n_updates          | 30599    |
|    policy_loss        | -0.237   |
|    value_loss         | 0.0964   |
------------------------------------
------------------------------------
| rollout/              |          |
|    ep_len_mean        | 467      |
|    ep_rew_mean        | 55.8     |
| time/                 |          |
|    fps                | 1094     |
|    iterations         | 30700    |
|    time_elapsed       | 224      |
|    total_timesteps    | 245600   |
| train/                |          |
|    entropy_loss       | -1.06    |
|    explained_variance | 0.954    |
|    learning_rate      | 0.000135 |
|    n_updates          | 30699    |
|    policy_loss        | 0.522    |
|    value_loss         | 4.31     |
------------------------------------
------------------------------------
| rollout/              |          |
|    ep_len_mean        | 467      |
|    ep_rew_mean        | 56       |
| time/                 |          |
|    fps                | 1094     |
|    iterations         | 30800    |
|    time_elapsed       | 225      |
|    total_timesteps    | 246400   |
| train/                |          |
|    entropy_loss       | -0.871   |
|    explained_variance | 0.866    |
|    learning_rate      | 0.000135 |
|    n_updates          | 30799    |
|    policy_loss        | -1.94    |
|    value_loss         | 22.4     |
------------------------------------
------------------------------------
| rollout/              |          |
|    ep_len_mean        | 474      |
|    ep_rew_mean        | 54.8     |
| time/                 |          |
|    fps                | 1094     |
|    iterations         | 30900    |
|    time_elapsed       | 225      |
|    total_timesteps    | 247200   |
| train/                |          |
|    entropy_loss       | -0.796   |
|    explained_variance | -0.416   |
|    learning_rate      | 0.000135 |
|    n_updates          | 30899    |
|    policy_loss        | -0.127   |
|    value_loss         | 0.0736   |
------------------------------------
------------------------------------
| rollout/              |          |
|    ep_len_mean        | 483      |
|    ep_rew_mean        | 56.6     |
| time/                 |          |
|    fps                | 1094     |
|    iterations         | 31000    |
|    time_elapsed       | 226      |
|    total_timesteps    | 248000   |
| train/                |          |
|    entropy_loss       | -0.469   |
|    explained_variance | 0.902    |
|    learning_rate      | 0.000135 |
|    n_updates          | 30999    |
|    policy_loss        | -1.26    |
|    value_loss         | 3.26     |
------------------------------------
------------------------------------
| rollout/              |          |
|    ep_len_mean        | 483      |
|    ep_rew_mean        | 58.5     |
| time/                 |          |
|    fps                | 1094     |
|    iterations         | 31100    |
|    time_elapsed       | 227      |
|    total_timesteps    | 248800   |
| train/                |          |
|    entropy_loss       | -0.724   |
|    explained_variance | 0.0389   |
|    learning_rate      | 0.000135 |
|    n_updates          | 31099    |
|    policy_loss        | 0.0661   |
|    value_loss         | 0.065    |
------------------------------------
------------------------------------
| rollout/              |          |
|    ep_len_mean        | 480      |
|    ep_rew_mean        | 56.4     |
| time/                 |          |
|    fps                | 1094     |
|    iterations         | 31200    |
|    time_elapsed       | 228      |
|    total_timesteps    | 249600   |
| train/                |          |
|    entropy_loss       | -0.394   |
|    explained_variance | 0.888    |
|    learning_rate      | 0.000135 |
|    n_updates          | 31199    |
|    policy_loss        | 4.97     |
|    value_loss         | 50.3     |
------------------------------------
Eval num_timesteps=250000, episode_reward=213.56 +/- 110.52
Episode length: 217.40 +/- 59.97
------------------------------------
| eval/                 |          |
|    mean_ep_length     | 217      |
|    mean_reward        | 214      |
| time/                 |          |
|    total_timesteps    | 250000   |
| train/                |          |
|    entropy_loss       | -0.782   |
|    explained_variance | -0.168   |
|    learning_rate      | 0.000135 |
|    n_updates          | 31249    |
|    policy_loss        | -0.0113  |
|    value_loss         | 0.0026   |
------------------------------------
New best mean reward!
------------------------------------
| rollout/              |          |
|    ep_len_mean        | 480      |
|    ep_rew_mean        | 56.4     |
| time/                 |          |
|    fps                | 1092     |
|    iterations         | 31300    |
|    time_elapsed       | 229      |
|    total_timesteps    | 250400   |
| train/                |          |
|    entropy_loss       | -0.737   |
|    explained_variance | -0.126   |
|    learning_rate      | 0.000135 |
|    n_updates          | 31299    |
|    policy_loss        | -0.0436  |
|    value_loss         | 0.0438   |
------------------------------------
------------------------------------
| rollout/              |          |
|    ep_len_mean        | 473      |
|    ep_rew_mean        | 56.3     |
| time/                 |          |
|    fps                | 1092     |
|    iterations         | 31400    |
|    time_elapsed       | 229      |
|    total_timesteps    | 251200   |
| train/                |          |
|    entropy_loss       | -0.963   |
|    explained_variance | 0.813    |
|    learning_rate      | 0.000135 |
|    n_updates          | 31399    |
|    policy_loss        | -1.53    |
|    value_loss         | 12.1     |
------------------------------------
------------------------------------
| rollout/              |          |
|    ep_len_mean        | 482      |
|    ep_rew_mean        | 59.7     |
| time/                 |          |
|    fps                | 1092     |
|    iterations         | 31500    |
|    time_elapsed       | 230      |
|    total_timesteps    | 252000   |
| train/                |          |
|    entropy_loss       | -0.76    |
|    explained_variance | 0.582    |
|    learning_rate      | 0.000135 |
|    n_updates          | 31499    |
|    policy_loss        | 3.03     |
|    value_loss         | 51.6     |
------------------------------------
------------------------------------
| rollout/              |          |
|    ep_len_mean        | 482      |
|    ep_rew_mean        | 59.7     |
| time/                 |          |
|    fps                | 1092     |
|    iterations         | 31600    |
|    time_elapsed       | 231      |
|    total_timesteps    | 252800   |
| train/                |          |
|    entropy_loss       | -0.684   |
|    explained_variance | -0.117   |
|    learning_rate      | 0.000135 |
|    n_updates          | 31599    |
|    policy_loss        | -0.0561  |
|    value_loss         | 0.0906   |
------------------------------------
------------------------------------
| rollout/              |          |
|    ep_len_mean        | 490      |
|    ep_rew_mean        | 61.6     |
| time/                 |          |
|    fps                | 1092     |
|    iterations         | 31700    |
|    time_elapsed       | 232      |
|    total_timesteps    | 253600   |
| train/                |          |
|    entropy_loss       | -0.749   |
|    explained_variance | -3.13    |
|    learning_rate      | 0.000135 |
|    n_updates          | 31699    |
|    policy_loss        | 1.29     |
|    value_loss         | 4.89     |
------------------------------------
------------------------------------
| rollout/              |          |
|    ep_len_mean        | 499      |
|    ep_rew_mean        | 64.9     |
| time/                 |          |
|    fps                | 1092     |
|    iterations         | 31800    |
|    time_elapsed       | 232      |
|    total_timesteps    | 254400   |
| train/                |          |
|    entropy_loss       | -0.776   |
|    explained_variance | -0.148   |
|    learning_rate      | 0.000135 |
|    n_updates          | 31799    |
|    policy_loss        | -0.0552  |
|    value_loss         | 0.0623   |
------------------------------------
------------------------------------
| rollout/              |          |
|    ep_len_mean        | 499      |
|    ep_rew_mean        | 64.7     |
| time/                 |          |
|    fps                | 1092     |
|    iterations         | 31900    |
|    time_elapsed       | 233      |
|    total_timesteps    | 255200   |
| train/                |          |
|    entropy_loss       | -0.856   |
|    explained_variance | 0.628    |
|    learning_rate      | 0.000135 |
|    n_updates          | 31899    |
|    policy_loss        | 1.68     |
|    value_loss         | 6.96     |
------------------------------------
-------------------------------------
| rollout/              |           |
|    ep_len_mean        | 499       |
|    ep_rew_mean        | 64.7      |
| time/                 |           |
|    fps                | 1092      |
|    iterations         | 32000     |
|    time_elapsed       | 234       |
|    total_timesteps    | 256000    |
| train/                |           |
|    entropy_loss       | -0.753    |
|    explained_variance | -0.000244 |
|    learning_rate      | 0.000135  |
|    n_updates          | 31999     |
|    policy_loss        | -0.0092   |
|    value_loss         | 0.00155   |
-------------------------------------
------------------------------------
| rollout/              |          |
|    ep_len_mean        | 507      |
|    ep_rew_mean        | 65.6     |
| time/                 |          |
|    fps                | 1092     |
|    iterations         | 32100    |
|    time_elapsed       | 235      |
|    total_timesteps    | 256800   |
| train/                |          |
|    entropy_loss       | -0.995   |
|    explained_variance | 0.917    |
|    learning_rate      | 0.000135 |
|    n_updates          | 32099    |
|    policy_loss        | -1.97    |
|    value_loss         | 8.74     |
------------------------------------
------------------------------------
| rollout/              |          |
|    ep_len_mean        | 516      |
|    ep_rew_mean        | 67.1     |
| time/                 |          |
|    fps                | 1092     |
|    iterations         | 32200    |
|    time_elapsed       | 235      |
|    total_timesteps    | 257600   |
| train/                |          |
|    entropy_loss       | -0.744   |
|    explained_variance | 0.0926   |
|    learning_rate      | 0.000135 |
|    n_updates          | 32199    |
|    policy_loss        | 0.104    |
|    value_loss         | 0.0254   |
------------------------------------
------------------------------------
| rollout/              |          |
|    ep_len_mean        | 524      |
|    ep_rew_mean        | 68.2     |
| time/                 |          |
|    fps                | 1092     |
|    iterations         | 32300    |
|    time_elapsed       | 236      |
|    total_timesteps    | 258400   |
| train/                |          |
|    entropy_loss       | -0.816   |
|    explained_variance | 0.0216   |
|    learning_rate      | 0.000134 |
|    n_updates          | 32299    |
|    policy_loss        | -1.02    |
|    value_loss         | 2.23     |
------------------------------------
------------------------------------
| rollout/              |          |
|    ep_len_mean        | 524      |
|    ep_rew_mean        | 68.2     |
| time/                 |          |
|    fps                | 1092     |
|    iterations         | 32400    |
|    time_elapsed       | 237      |
|    total_timesteps    | 259200   |
| train/                |          |
|    entropy_loss       | -0.628   |
|    explained_variance | 0.724    |
|    learning_rate      | 0.000134 |
|    n_updates          | 32399    |
|    policy_loss        | 0.0216   |
|    value_loss         | 1.73     |
------------------------------------
------------------------------------
| rollout/              |          |
|    ep_len_mean        | 525      |
|    ep_rew_mean        | 69.2     |
| time/                 |          |
|    fps                | 1092     |
|    iterations         | 32500    |
|    time_elapsed       | 238      |
|    total_timesteps    | 260000   |
| train/                |          |
|    entropy_loss       | -0.696   |
|    explained_variance | 0.133    |
|    learning_rate      | 0.000134 |
|    n_updates          | 32499    |
|    policy_loss        | 0.000805 |
|    value_loss         | 0.00177  |
------------------------------------
------------------------------------
| rollout/              |          |
|    ep_len_mean        | 525      |
|    ep_rew_mean        | 69.4     |
| time/                 |          |
|    fps                | 1092     |
|    iterations         | 32600    |
|    time_elapsed       | 238      |
|    total_timesteps    | 260800   |
| train/                |          |
|    entropy_loss       | -0.861   |
|    explained_variance | 0.955    |
|    learning_rate      | 0.000134 |
|    n_updates          | 32599    |
|    policy_loss        | -0.34    |
|    value_loss         | 2.41     |
------------------------------------
------------------------------------
| rollout/              |          |
|    ep_len_mean        | 524      |
|    ep_rew_mean        | 67.4     |
| time/                 |          |
|    fps                | 1092     |
|    iterations         | 32700    |
|    time_elapsed       | 239      |
|    total_timesteps    | 261600   |
| train/                |          |
|    entropy_loss       | -0.641   |
|    explained_variance | 0.283    |
|    learning_rate      | 0.000134 |
|    n_updates          | 32699    |
|    policy_loss        | 3.78     |
|    value_loss         | 49.5     |
------------------------------------
------------------------------------
| rollout/              |          |
|    ep_len_mean        | 524      |
|    ep_rew_mean        | 67.4     |
| time/                 |          |
|    fps                | 1092     |
|    iterations         | 32800    |
|    time_elapsed       | 240      |
|    total_timesteps    | 262400   |
| train/                |          |
|    entropy_loss       | -0.946   |
|    explained_variance | 0.94     |
|    learning_rate      | 0.000134 |
|    n_updates          | 32799    |
|    policy_loss        | -3.11    |
|    value_loss         | 9.39     |
------------------------------------
------------------------------------
| rollout/              |          |
|    ep_len_mean        | 525      |
|    ep_rew_mean        | 66.2     |
| time/                 |          |
|    fps                | 1092     |
|    iterations         | 32900    |
|    time_elapsed       | 240      |
|    total_timesteps    | 263200   |
| train/                |          |
|    entropy_loss       | -0.864   |
|    explained_variance | -0.087   |
|    learning_rate      | 0.000134 |
|    n_updates          | 32899    |
|    policy_loss        | -0.00846 |
|    value_loss         | 0.0297   |
------------------------------------
------------------------------------
| rollout/              |          |
|    ep_len_mean        | 528      |
|    ep_rew_mean        | 65.6     |
| time/                 |          |
|    fps                | 1092     |
|    iterations         | 33000    |
|    time_elapsed       | 241      |
|    total_timesteps    | 264000   |
| train/                |          |
|    entropy_loss       | -0.987   |
|    explained_variance | 0.668    |
|    learning_rate      | 0.000134 |
|    n_updates          | 32999    |
|    policy_loss        | 1.03     |
|    value_loss         | 11.8     |
------------------------------------
------------------------------------
| rollout/              |          |
|    ep_len_mean        | 537      |
|    ep_rew_mean        | 67.6     |
| time/                 |          |
|    fps                | 1092     |
|    iterations         | 33100    |
|    time_elapsed       | 242      |
|    total_timesteps    | 264800   |
| train/                |          |
|    entropy_loss       | -0.795   |
|    explained_variance | 0.949    |
|    learning_rate      | 0.000134 |
|    n_updates          | 33099    |
|    policy_loss        | 0.067    |
|    value_loss         | 0.788    |
------------------------------------
------------------------------------
| rollout/              |          |
|    ep_len_mean        | 546      |
|    ep_rew_mean        | 68.6     |
| time/                 |          |
|    fps                | 1092     |
|    iterations         | 33200    |
|    time_elapsed       | 243      |
|    total_timesteps    | 265600   |
| train/                |          |
|    entropy_loss       | -0.651   |
|    explained_variance | -0.168   |
|    learning_rate      | 0.000134 |
|    n_updates          | 33199    |
|    policy_loss        | 3        |
|    value_loss         | 31.5     |
------------------------------------
------------------------------------
| rollout/              |          |
|    ep_len_mean        | 542      |
|    ep_rew_mean        | 69.8     |
| time/                 |          |
|    fps                | 1092     |
|    iterations         | 33300    |
|    time_elapsed       | 243      |
|    total_timesteps    | 266400   |
| train/                |          |
|    entropy_loss       | -0.76    |
|    explained_variance | 0.407    |
|    learning_rate      | 0.000134 |
|    n_updates          | 33299    |
|    policy_loss        | 0.603    |
|    value_loss         | 1.08     |
------------------------------------
------------------------------------
| rollout/              |          |
|    ep_len_mean        | 551      |
|    ep_rew_mean        | 71.3     |
| time/                 |          |
|    fps                | 1092     |
|    iterations         | 33400    |
|    time_elapsed       | 244      |
|    total_timesteps    | 267200   |
| train/                |          |
|    entropy_loss       | -0.753   |
|    explained_variance | 0.0582   |
|    learning_rate      | 0.000134 |
|    n_updates          | 33399    |
|    policy_loss        | 0.234    |
|    value_loss         | 0.331    |
------------------------------------
------------------------------------
| rollout/              |          |
|    ep_len_mean        | 552      |
|    ep_rew_mean        | 75       |
| time/                 |          |
|    fps                | 1093     |
|    iterations         | 33500    |
|    time_elapsed       | 245      |
|    total_timesteps    | 268000   |
| train/                |          |
|    entropy_loss       | -0.887   |
|    explained_variance | 0.0807   |
|    learning_rate      | 0.000134 |
|    n_updates          | 33499    |
|    policy_loss        | -0.148   |
|    value_loss         | 0.142    |
------------------------------------
------------------------------------
| rollout/              |          |
|    ep_len_mean        | 561      |
|    ep_rew_mean        | 77.2     |
| time/                 |          |
|    fps                | 1093     |
|    iterations         | 33600    |
|    time_elapsed       | 245      |
|    total_timesteps    | 268800   |
| train/                |          |
|    entropy_loss       | -0.831   |
|    explained_variance | 0.941    |
|    learning_rate      | 0.000134 |
|    n_updates          | 33599    |
|    policy_loss        | -0.719   |
|    value_loss         | 2.25     |
------------------------------------
------------------------------------
| rollout/              |          |
|    ep_len_mean        | 569      |
|    ep_rew_mean        | 78       |
| time/                 |          |
|    fps                | 1093     |
|    iterations         | 33700    |
|    time_elapsed       | 246      |
|    total_timesteps    | 269600   |
| train/                |          |
|    entropy_loss       | -1.05    |
|    explained_variance | 0.782    |
|    learning_rate      | 0.000134 |
|    n_updates          | 33699    |
|    policy_loss        | -0.27    |
|    value_loss         | 10.2     |
------------------------------------
------------------------------------
| rollout/              |          |
|    ep_len_mean        | 569      |
|    ep_rew_mean        | 78       |
| time/                 |          |
|    fps                | 1093     |
|    iterations         | 33800    |
|    time_elapsed       | 247      |
|    total_timesteps    | 270400   |
| train/                |          |
|    entropy_loss       | -0.879   |
|    explained_variance | 0.862    |
|    learning_rate      | 0.000134 |
|    n_updates          | 33799    |
|    policy_loss        | -0.367   |
|    value_loss         | 3.94     |
------------------------------------
------------------------------------
| rollout/              |          |
|    ep_len_mean        | 569      |
|    ep_rew_mean        | 77.1     |
| time/                 |          |
|    fps                | 1093     |
|    iterations         | 33900    |
|    time_elapsed       | 248      |
|    total_timesteps    | 271200   |
| train/                |          |
|    entropy_loss       | -0.877   |
|    explained_variance | -0.0146  |
|    learning_rate      | 0.000134 |
|    n_updates          | 33899    |
|    policy_loss        | 0.116    |
|    value_loss         | 0.0423   |
------------------------------------
------------------------------------
| rollout/              |          |
|    ep_len_mean        | 578      |
|    ep_rew_mean        | 78.4     |
| time/                 |          |
|    fps                | 1093     |
|    iterations         | 34000    |
|    time_elapsed       | 248      |
|    total_timesteps    | 272000   |
| train/                |          |
|    entropy_loss       | -0.739   |
|    explained_variance | -0.0113  |
|    learning_rate      | 0.000134 |
|    n_updates          | 33999    |
|    policy_loss        | -0.155   |
|    value_loss         | 0.0955   |
------------------------------------
------------------------------------
| rollout/              |          |
|    ep_len_mean        | 587      |
|    ep_rew_mean        | 82.1     |
| time/                 |          |
|    fps                | 1093     |
|    iterations         | 34100    |
|    time_elapsed       | 249      |
|    total_timesteps    | 272800   |
| train/                |          |
|    entropy_loss       | -0.743   |
|    explained_variance | -0.693   |
|    learning_rate      | 0.000134 |
|    n_updates          | 34099    |
|    policy_loss        | 1.71     |
|    value_loss         | 8.85     |
------------------------------------
------------------------------------
| rollout/              |          |
|    ep_len_mean        | 587      |
|    ep_rew_mean        | 82.1     |
| time/                 |          |
|    fps                | 1093     |
|    iterations         | 34200    |
|    time_elapsed       | 250      |
|    total_timesteps    | 273600   |
| train/                |          |
|    entropy_loss       | -0.807   |
|    explained_variance | -0.0744  |
|    learning_rate      | 0.000134 |
|    n_updates          | 34199    |
|    policy_loss        | -0.424   |
|    value_loss         | 0.238    |
------------------------------------
------------------------------------
| rollout/              |          |
|    ep_len_mean        | 596      |
|    ep_rew_mean        | 83.4     |
| time/                 |          |
|    fps                | 1093     |
|    iterations         | 34300    |
|    time_elapsed       | 250      |
|    total_timesteps    | 274400   |
| train/                |          |
|    entropy_loss       | -0.753   |
|    explained_variance | 0.0536   |
|    learning_rate      | 0.000134 |
|    n_updates          | 34299    |
|    policy_loss        | -0.185   |
|    value_loss         | 0.0573   |
------------------------------------
------------------------------------
| rollout/              |          |
|    ep_len_mean        | 596      |
|    ep_rew_mean        | 83.6     |
| time/                 |          |
|    fps                | 1093     |
|    iterations         | 34400    |
|    time_elapsed       | 251      |
|    total_timesteps    | 275200   |
| train/                |          |
|    entropy_loss       | -0.716   |
|    explained_variance | -0.00926 |
|    learning_rate      | 0.000133 |
|    n_updates          | 34399    |
|    policy_loss        | -6.55    |
|    value_loss         | 23.6     |
------------------------------------
------------------------------------
| rollout/              |          |
|    ep_len_mean        | 605      |
|    ep_rew_mean        | 85.8     |
| time/                 |          |
|    fps                | 1093     |
|    iterations         | 34500    |
|    time_elapsed       | 252      |
|    total_timesteps    | 276000   |
| train/                |          |
|    entropy_loss       | -0.759   |
|    explained_variance | 0.175    |
|    learning_rate      | 0.000133 |
|    n_updates          | 34499    |
|    policy_loss        | 0.0644   |
|    value_loss         | 0.0755   |
------------------------------------
------------------------------------
| rollout/              |          |
|    ep_len_mean        | 605      |
|    ep_rew_mean        | 85.2     |
| time/                 |          |
|    fps                | 1093     |
|    iterations         | 34600    |
|    time_elapsed       | 253      |
|    total_timesteps    | 276800   |
| train/                |          |
|    entropy_loss       | -0.38    |
|    explained_variance | -5.38    |
|    learning_rate      | 0.000133 |
|    n_updates          | 34599    |
|    policy_loss        | 6.44     |
|    value_loss         | 265      |
------------------------------------
------------------------------------
| rollout/              |          |
|    ep_len_mean        | 605      |
|    ep_rew_mean        | 85.9     |
| time/                 |          |
|    fps                | 1093     |
|    iterations         | 34700    |
|    time_elapsed       | 253      |
|    total_timesteps    | 277600   |
| train/                |          |
|    entropy_loss       | -0.882   |
|    explained_variance | 0.955    |
|    learning_rate      | 0.000133 |
|    n_updates          | 34699    |
|    policy_loss        | 0.323    |
|    value_loss         | 1.75     |
------------------------------------
------------------------------------
| rollout/              |          |
|    ep_len_mean        | 614      |
|    ep_rew_mean        | 87.1     |
| time/                 |          |
|    fps                | 1093     |
|    iterations         | 34800    |
|    time_elapsed       | 254      |
|    total_timesteps    | 278400   |
| train/                |          |
|    entropy_loss       | -0.664   |
|    explained_variance | -0.177   |
|    learning_rate      | 0.000133 |
|    n_updates          | 34799    |
|    policy_loss        | -0.0948  |
|    value_loss         | 0.0299   |
------------------------------------
------------------------------------
| rollout/              |          |
|    ep_len_mean        | 611      |
|    ep_rew_mean        | 87.2     |
| time/                 |          |
|    fps                | 1093     |
|    iterations         | 34900    |
|    time_elapsed       | 255      |
|    total_timesteps    | 279200   |
| train/                |          |
|    entropy_loss       | -0.656   |
|    explained_variance | -0.03    |
|    learning_rate      | 0.000133 |
|    n_updates          | 34899    |
|    policy_loss        | 0.00695  |
|    value_loss         | 0.00225  |
------------------------------------
------------------------------------
| rollout/              |          |
|    ep_len_mean        | 611      |
|    ep_rew_mean        | 87.3     |
| time/                 |          |
|    fps                | 1093     |
|    iterations         | 35000    |
|    time_elapsed       | 256      |
|    total_timesteps    | 280000   |
| train/                |          |
|    entropy_loss       | -0.646   |
|    explained_variance | 0.0194   |
|    learning_rate      | 0.000133 |
|    n_updates          | 34999    |
|    policy_loss        | 0.233    |
|    value_loss         | 0.451    |
------------------------------------
------------------------------------
| rollout/              |          |
|    ep_len_mean        | 610      |
|    ep_rew_mean        | 87.2     |
| time/                 |          |
|    fps                | 1093     |
|    iterations         | 35100    |
|    time_elapsed       | 256      |
|    total_timesteps    | 280800   |
| train/                |          |
|    entropy_loss       | -0.788   |
|    explained_variance | 0.116    |
|    learning_rate      | 0.000133 |
|    n_updates          | 35099    |
|    policy_loss        | -0.811   |
|    value_loss         | 0.622    |
------------------------------------
------------------------------------
| rollout/              |          |
|    ep_len_mean        | 605      |
|    ep_rew_mean        | 84.3     |
| time/                 |          |
|    fps                | 1093     |
|    iterations         | 35200    |
|    time_elapsed       | 257      |
|    total_timesteps    | 281600   |
| train/                |          |
|    entropy_loss       | -0.771   |
|    explained_variance | -0.0651  |
|    learning_rate      | 0.000133 |
|    n_updates          | 35199    |
|    policy_loss        | -0.506   |
|    value_loss         | 0.506    |
------------------------------------
------------------------------------
| rollout/              |          |
|    ep_len_mean        | 607      |
|    ep_rew_mean        | 83.3     |
| time/                 |          |
|    fps                | 1092     |
|    iterations         | 35300    |
|    time_elapsed       | 258      |
|    total_timesteps    | 282400   |
| train/                |          |
|    entropy_loss       | -0.642   |
|    explained_variance | 0.473    |
|    learning_rate      | 0.000133 |
|    n_updates          | 35299    |
|    policy_loss        | 2.68     |
|    value_loss         | 16.6     |
------------------------------------
------------------------------------
| rollout/              |          |
|    ep_len_mean        | 607      |
|    ep_rew_mean        | 83.3     |
| time/                 |          |
|    fps                | 1092     |
|    iterations         | 35400    |
|    time_elapsed       | 259      |
|    total_timesteps    | 283200   |
| train/                |          |
|    entropy_loss       | -0.761   |
|    explained_variance | 0.0382   |
|    learning_rate      | 0.000133 |
|    n_updates          | 35399    |
|    policy_loss        | -0.864   |
|    value_loss         | 0.607    |
------------------------------------
------------------------------------
| rollout/              |          |
|    ep_len_mean        | 602      |
|    ep_rew_mean        | 83.8     |
| time/                 |          |
|    fps                | 1092     |
|    iterations         | 35500    |
|    time_elapsed       | 259      |
|    total_timesteps    | 284000   |
| train/                |          |
|    entropy_loss       | -0.9     |
|    explained_variance | 0.952    |
|    learning_rate      | 0.000133 |
|    n_updates          | 35499    |
|    policy_loss        | -2.32    |
|    value_loss         | 4.99     |
------------------------------------
------------------------------------
| rollout/              |          |
|    ep_len_mean        | 611      |
|    ep_rew_mean        | 86.7     |
| time/                 |          |
|    fps                | 1093     |
|    iterations         | 35600    |
|    time_elapsed       | 260      |
|    total_timesteps    | 284800   |
| train/                |          |
|    entropy_loss       | -0.597   |
|    explained_variance | 0.0722   |
|    learning_rate      | 0.000133 |
|    n_updates          | 35599    |
|    policy_loss        | 2.44     |
|    value_loss         | 25.8     |
------------------------------------
------------------------------------
| rollout/              |          |
|    ep_len_mean        | 611      |
|    ep_rew_mean        | 86.2     |
| time/                 |          |
|    fps                | 1093     |
|    iterations         | 35700    |
|    time_elapsed       | 261      |
|    total_timesteps    | 285600   |
| train/                |          |
|    entropy_loss       | -0.736   |
|    explained_variance | -0.0421  |
|    learning_rate      | 0.000133 |
|    n_updates          | 35699    |
|    policy_loss        | 0.000747 |
|    value_loss         | 0.0306   |
------------------------------------
------------------------------------
| rollout/              |          |
|    ep_len_mean        | 611      |
|    ep_rew_mean        | 86.2     |
| time/                 |          |
|    fps                | 1092     |
|    iterations         | 35800    |
|    time_elapsed       | 262      |
|    total_timesteps    | 286400   |
| train/                |          |
|    entropy_loss       | -0.872   |
|    explained_variance | 0.793    |
|    learning_rate      | 0.000133 |
|    n_updates          | 35799    |
|    policy_loss        | 0.894    |
|    value_loss         | 9.03     |
------------------------------------
------------------------------------
| rollout/              |          |
|    ep_len_mean        | 611      |
|    ep_rew_mean        | 85.7     |
| time/                 |          |
|    fps                | 1093     |
|    iterations         | 35900    |
|    time_elapsed       | 262      |
|    total_timesteps    | 287200   |
| train/                |          |
|    entropy_loss       | -0.952   |
|    explained_variance | 0.839    |
|    learning_rate      | 0.000133 |
|    n_updates          | 35899    |
|    policy_loss        | -0.554   |
|    value_loss         | 1        |
------------------------------------
------------------------------------
| rollout/              |          |
|    ep_len_mean        | 606      |
|    ep_rew_mean        | 89.3     |
| time/                 |          |
|    fps                | 1093     |
|    iterations         | 36000    |
|    time_elapsed       | 263      |
|    total_timesteps    | 288000   |
| train/                |          |
|    entropy_loss       | -0.676   |
|    explained_variance | 0.152    |
|    learning_rate      | 0.000133 |
|    n_updates          | 35999    |
|    policy_loss        | 0.425    |
|    value_loss         | 8.48     |
------------------------------------
------------------------------------
| rollout/              |          |
|    ep_len_mean        | 608      |
|    ep_rew_mean        | 91.7     |
| time/                 |          |
|    fps                | 1093     |
|    iterations         | 36100    |
|    time_elapsed       | 264      |
|    total_timesteps    | 288800   |
| train/                |          |
|    entropy_loss       | -0.94    |
|    explained_variance | 0.937    |
|    learning_rate      | 0.000133 |
|    n_updates          | 36099    |
|    policy_loss        | -0.422   |
|    value_loss         | 3.88     |
------------------------------------
------------------------------------
| rollout/              |          |
|    ep_len_mean        | 608      |
|    ep_rew_mean        | 93.2     |
| time/                 |          |
|    fps                | 1092     |
|    iterations         | 36200    |
|    time_elapsed       | 264      |
|    total_timesteps    | 289600   |
| train/                |          |
|    entropy_loss       | -0.846   |
|    explained_variance | 0.0477   |
|    learning_rate      | 0.000133 |
|    n_updates          | 36199    |
|    policy_loss        | 8.46     |
|    value_loss         | 302      |
------------------------------------
------------------------------------
| rollout/              |          |
|    ep_len_mean        | 608      |
|    ep_rew_mean        | 93.2     |
| time/                 |          |
|    fps                | 1092     |
|    iterations         | 36300    |
|    time_elapsed       | 265      |
|    total_timesteps    | 290400   |
| train/                |          |
|    entropy_loss       | -0.971   |
|    explained_variance | -0.0483  |
|    learning_rate      | 0.000133 |
|    n_updates          | 36299    |
|    policy_loss        | -0.0337  |
|    value_loss         | 0.0213   |
------------------------------------
------------------------------------
| rollout/              |          |
|    ep_len_mean        | 600      |
|    ep_rew_mean        | 93.3     |
| time/                 |          |
|    fps                | 1092     |
|    iterations         | 36400    |
|    time_elapsed       | 266      |
|    total_timesteps    | 291200   |
| train/                |          |
|    entropy_loss       | -0.876   |
|    explained_variance | -0.0295  |
|    learning_rate      | 0.000133 |
|    n_updates          | 36399    |
|    policy_loss        | -0.107   |
|    value_loss         | 0.0931   |
------------------------------------
------------------------------------
| rollout/              |          |
|    ep_len_mean        | 600      |
|    ep_rew_mean        | 93.6     |
| time/                 |          |
|    fps                | 1092     |
|    iterations         | 36500    |
|    time_elapsed       | 267      |
|    total_timesteps    | 292000   |
| train/                |          |
|    entropy_loss       | -0.669   |
|    explained_variance | 0.682    |
|    learning_rate      | 0.000132 |
|    n_updates          | 36499    |
|    policy_loss        | -0.433   |
|    value_loss         | 1.77     |
------------------------------------
------------------------------------
| rollout/              |          |
|    ep_len_mean        | 600      |
|    ep_rew_mean        | 93.6     |
| time/                 |          |
|    fps                | 1092     |
|    iterations         | 36600    |
|    time_elapsed       | 267      |
|    total_timesteps    | 292800   |
| train/                |          |
|    entropy_loss       | -0.824   |
|    explained_variance | -0.585   |
|    learning_rate      | 0.000132 |
|    n_updates          | 36599    |
|    policy_loss        | 0.837    |
|    value_loss         | 1.8      |
------------------------------------
------------------------------------
| rollout/              |          |
|    ep_len_mean        | 599      |
|    ep_rew_mean        | 94.4     |
| time/                 |          |
|    fps                | 1092     |
|    iterations         | 36700    |
|    time_elapsed       | 268      |
|    total_timesteps    | 293600   |
| train/                |          |
|    entropy_loss       | -0.813   |
|    explained_variance | -0.0341  |
|    learning_rate      | 0.000132 |
|    n_updates          | 36699    |
|    policy_loss        | 0.00209  |
|    value_loss         | 0.00202  |
------------------------------------
------------------------------------
| rollout/              |          |
|    ep_len_mean        | 607      |
|    ep_rew_mean        | 96.7     |
| time/                 |          |
|    fps                | 1092     |
|    iterations         | 36800    |
|    time_elapsed       | 269      |
|    total_timesteps    | 294400   |
| train/                |          |
|    entropy_loss       | -0.858   |
|    explained_variance | 0.819    |
|    learning_rate      | 0.000132 |
|    n_updates          | 36799    |
|    policy_loss        | 0.662    |
|    value_loss         | 1.99     |
------------------------------------
------------------------------------
| rollout/              |          |
|    ep_len_mean        | 607      |
|    ep_rew_mean        | 96.7     |
| time/                 |          |
|    fps                | 1091     |
|    iterations         | 36900    |
|    time_elapsed       | 270      |
|    total_timesteps    | 295200   |
| train/                |          |
|    entropy_loss       | -0.733   |
|    explained_variance | -0.0536  |
|    learning_rate      | 0.000132 |
|    n_updates          | 36899    |
|    policy_loss        | -0.26    |
|    value_loss         | 0.168    |
------------------------------------
------------------------------------
| rollout/              |          |
|    ep_len_mean        | 607      |
|    ep_rew_mean        | 95.9     |
| time/                 |          |
|    fps                | 1091     |
|    iterations         | 37000    |
|    time_elapsed       | 271      |
|    total_timesteps    | 296000   |
| train/                |          |
|    entropy_loss       | -0.705   |
|    explained_variance | 0.00381  |
|    learning_rate      | 0.000132 |
|    n_updates          | 36999    |
|    policy_loss        | -0.0116  |
|    value_loss         | 0.00832  |
------------------------------------
------------------------------------
| rollout/              |          |
|    ep_len_mean        | 614      |
|    ep_rew_mean        | 98.6     |
| time/                 |          |
|    fps                | 1092     |
|    iterations         | 37100    |
|    time_elapsed       | 271      |
|    total_timesteps    | 296800   |
| train/                |          |
|    entropy_loss       | -0.734   |
|    explained_variance | -0.0395  |
|    learning_rate      | 0.000132 |
|    n_updates          | 37099    |
|    policy_loss        | -0.154   |
|    value_loss         | 0.101    |
------------------------------------
------------------------------------
| rollout/              |          |
|    ep_len_mean        | 623      |
|    ep_rew_mean        | 99.8     |
| time/                 |          |
|    fps                | 1092     |
|    iterations         | 37200    |
|    time_elapsed       | 272      |
|    total_timesteps    | 297600   |
| train/                |          |
|    entropy_loss       | -0.165   |
|    explained_variance | -0.323   |
|    learning_rate      | 0.000132 |
|    n_updates          | 37199    |
|    policy_loss        | 11.2     |
|    value_loss         | 990      |
------------------------------------
------------------------------------
| rollout/              |          |
|    ep_len_mean        | 623      |
|    ep_rew_mean        | 99.8     |
| time/                 |          |
|    fps                | 1092     |
|    iterations         | 37300    |
|    time_elapsed       | 273      |
|    total_timesteps    | 298400   |
| train/                |          |
|    entropy_loss       | -0.825   |
|    explained_variance | -0.00765 |
|    learning_rate      | 0.000132 |
|    n_updates          | 37299    |
|    policy_loss        | -0.106   |
|    value_loss         | 0.0748   |
------------------------------------
------------------------------------
| rollout/              |          |
|    ep_len_mean        | 637      |
|    ep_rew_mean        | 105      |
| time/                 |          |
|    fps                | 1092     |
|    iterations         | 37400    |
|    time_elapsed       | 273      |
|    total_timesteps    | 299200   |
| train/                |          |
|    entropy_loss       | -0.171   |
|    explained_variance | 0.792    |
|    learning_rate      | 0.000132 |
|    n_updates          | 37399    |
|    policy_loss        | 3.7      |
|    value_loss         | 25.5     |
------------------------------------
Eval num_timesteps=300000, episode_reward=50.14 +/- 198.66
Episode length: 183.00 +/- 49.81
------------------------------------
| eval/                 |          |
|    mean_ep_length     | 183      |
|    mean_reward        | 50.1     |
| time/                 |          |
|    total_timesteps    | 300000   |
| train/                |          |
|    entropy_loss       | -0.689   |
|    explained_variance | 0.898    |
|    learning_rate      | 0.000132 |
|    n_updates          | 37499    |
|    policy_loss        | -0.095   |
|    value_loss         | 1.65     |
------------------------------------
---------------------------------
| rollout/           |          |
|    ep_len_mean     | 629      |
|    ep_rew_mean     | 104      |
| time/              |          |
|    fps             | 1090     |
|    iterations      | 37500    |
|    time_elapsed    | 275      |
|    total_timesteps | 300000   |
---------------------------------
------------------------------------
| rollout/              |          |
|    ep_len_mean        | 636      |
|    ep_rew_mean        | 106      |
| time/                 |          |
|    fps                | 1090     |
|    iterations         | 37600    |
|    time_elapsed       | 275      |
|    total_timesteps    | 300800   |
| train/                |          |
|    entropy_loss       | -0.771   |
|    explained_variance | 0.0631   |
|    learning_rate      | 0.000132 |
|    n_updates          | 37599    |
|    policy_loss        | 0.0608   |
|    value_loss         | 0.014    |
------------------------------------
------------------------------------
| rollout/              |          |
|    ep_len_mean        | 642      |
|    ep_rew_mean        | 104      |
| time/                 |          |
|    fps                | 1090     |
|    iterations         | 37700    |
|    time_elapsed       | 276      |
|    total_timesteps    | 301600   |
| train/                |          |
|    entropy_loss       | -0.552   |
|    explained_variance | -0.0285  |
|    learning_rate      | 0.000132 |
|    n_updates          | 37699    |
|    policy_loss        | 0.00407  |
|    value_loss         | 0.000684 |
------------------------------------
------------------------------------
| rollout/              |          |
|    ep_len_mean        | 647      |
|    ep_rew_mean        | 103      |
| time/                 |          |
|    fps                | 1090     |
|    iterations         | 37800    |
|    time_elapsed       | 277      |
|    total_timesteps    | 302400   |
| train/                |          |
|    entropy_loss       | -1.08    |
|    explained_variance | -4.19    |
|    learning_rate      | 0.000132 |
|    n_updates          | 37799    |
|    policy_loss        | -4.03    |
|    value_loss         | 51.6     |
------------------------------------
------------------------------------
| rollout/              |          |
|    ep_len_mean        | 643      |
|    ep_rew_mean        | 104      |
| time/                 |          |
|    fps                | 1091     |
|    iterations         | 37900    |
|    time_elapsed       | 277      |
|    total_timesteps    | 303200   |
| train/                |          |
|    entropy_loss       | -0.668   |
|    explained_variance | 0.512    |
|    learning_rate      | 0.000132 |
|    n_updates          | 37899    |
|    policy_loss        | 2.85     |
|    value_loss         | 25.3     |
------------------------------------
------------------------------------
| rollout/              |          |
|    ep_len_mean        | 643      |
|    ep_rew_mean        | 104      |
| time/                 |          |
|    fps                | 1091     |
|    iterations         | 38000    |
|    time_elapsed       | 278      |
|    total_timesteps    | 304000   |
| train/                |          |
|    entropy_loss       | -0.612   |
|    explained_variance | -0.0467  |
|    learning_rate      | 0.000132 |
|    n_updates          | 37999    |
|    policy_loss        | 0.00232  |
|    value_loss         | 0.00246  |
------------------------------------
------------------------------------
| rollout/              |          |
|    ep_len_mean        | 626      |
|    ep_rew_mean        | 102      |
| time/                 |          |
|    fps                | 1091     |
|    iterations         | 38100    |
|    time_elapsed       | 279      |
|    total_timesteps    | 304800   |
| train/                |          |
|    entropy_loss       | -0.709   |
|    explained_variance | 0.924    |
|    learning_rate      | 0.000132 |
|    n_updates          | 38099    |
|    policy_loss        | 0.839    |
|    value_loss         | 1.96     |
------------------------------------
------------------------------------
| rollout/              |          |
|    ep_len_mean        | 627      |
|    ep_rew_mean        | 102      |
| time/                 |          |
|    fps                | 1091     |
|    iterations         | 38200    |
|    time_elapsed       | 280      |
|    total_timesteps    | 305600   |
| train/                |          |
|    entropy_loss       | -0.486   |
|    explained_variance | 0.0825   |
|    learning_rate      | 0.000132 |
|    n_updates          | 38199    |
|    policy_loss        | 0.3      |
|    value_loss         | 0.697    |
------------------------------------
------------------------------------
| rollout/              |          |
|    ep_len_mean        | 622      |
|    ep_rew_mean        | 102      |
| time/                 |          |
|    fps                | 1091     |
|    iterations         | 38300    |
|    time_elapsed       | 280      |
|    total_timesteps    | 306400   |
| train/                |          |
|    entropy_loss       | -0.691   |
|    explained_variance | 0.016    |
|    learning_rate      | 0.000132 |
|    n_updates          | 38299    |
|    policy_loss        | -0.564   |
|    value_loss         | 0.386    |
------------------------------------
------------------------------------
| rollout/              |          |
|    ep_len_mean        | 631      |
|    ep_rew_mean        | 104      |
| time/                 |          |
|    fps                | 1091     |
|    iterations         | 38400    |
|    time_elapsed       | 281      |
|    total_timesteps    | 307200   |
| train/                |          |
|    entropy_loss       | -0.133   |
|    explained_variance | 0.762    |
|    learning_rate      | 0.000132 |
|    n_updates          | 38399    |
|    policy_loss        | -0.0842  |
|    value_loss         | 6.71     |
------------------------------------
------------------------------------
| rollout/              |          |
|    ep_len_mean        | 639      |
|    ep_rew_mean        | 104      |
| time/                 |          |
|    fps                | 1091     |
|    iterations         | 38500    |
|    time_elapsed       | 282      |
|    total_timesteps    | 308000   |
| train/                |          |
|    entropy_loss       | -0.778   |
|    explained_variance | -0.65    |
|    learning_rate      | 0.000132 |
|    n_updates          | 38499    |
|    policy_loss        | -1.41    |
|    value_loss         | 1.31     |
------------------------------------
------------------------------------
| rollout/              |          |
|    ep_len_mean        | 639      |
|    ep_rew_mean        | 104      |
| time/                 |          |
|    fps                | 1091     |
|    iterations         | 38600    |
|    time_elapsed       | 282      |
|    total_timesteps    | 308800   |
| train/                |          |
|    entropy_loss       | -0.734   |
|    explained_variance | 0.132    |
|    learning_rate      | 0.000131 |
|    n_updates          | 38599    |
|    policy_loss        | 0.0391   |
|    value_loss         | 0.0812   |
------------------------------------
------------------------------------
| rollout/              |          |
|    ep_len_mean        | 639      |
|    ep_rew_mean        | 104      |
| time/                 |          |
|    fps                | 1091     |
|    iterations         | 38700    |
|    time_elapsed       | 283      |
|    total_timesteps    | 309600   |
| train/                |          |
|    entropy_loss       | -0.814   |
|    explained_variance | 0.19     |
|    learning_rate      | 0.000131 |
|    n_updates          | 38699    |
|    policy_loss        | -0.0382  |
|    value_loss         | 0.00878  |
------------------------------------
------------------------------------
| rollout/              |          |
|    ep_len_mean        | 622      |
|    ep_rew_mean        | 100      |
| time/                 |          |
|    fps                | 1091     |
|    iterations         | 38800    |
|    time_elapsed       | 284      |
|    total_timesteps    | 310400   |
| train/                |          |
|    entropy_loss       | -0.817   |
|    explained_variance | 0.835    |
|    learning_rate      | 0.000131 |
|    n_updates          | 38799    |
|    policy_loss        | 1.47     |
|    value_loss         | 11.5     |
------------------------------------
------------------------------------
| rollout/              |          |
|    ep_len_mean        | 622      |
|    ep_rew_mean        | 100      |
| time/                 |          |
|    fps                | 1091     |
|    iterations         | 38900    |
|    time_elapsed       | 285      |
|    total_timesteps    | 311200   |
| train/                |          |
|    entropy_loss       | -0.864   |
|    explained_variance | 0.0509   |
|    learning_rate      | 0.000131 |
|    n_updates          | 38899    |
|    policy_loss        | -0.175   |
|    value_loss         | 0.0749   |
------------------------------------
------------------------------------
| rollout/              |          |
|    ep_len_mean        | 623      |
|    ep_rew_mean        | 99.8     |
| time/                 |          |
|    fps                | 1091     |
|    iterations         | 39000    |
|    time_elapsed       | 285      |
|    total_timesteps    | 312000   |
| train/                |          |
|    entropy_loss       | -1.16    |
|    explained_variance | 0.681    |
|    learning_rate      | 0.000131 |
|    n_updates          | 38999    |
|    policy_loss        | -0.171   |
|    value_loss         | 5.8      |
------------------------------------
------------------------------------
| rollout/              |          |
|    ep_len_mean        | 623      |
|    ep_rew_mean        | 99.2     |
| time/                 |          |
|    fps                | 1091     |
|    iterations         | 39100    |
|    time_elapsed       | 286      |
|    total_timesteps    | 312800   |
| train/                |          |
|    entropy_loss       | -0.738   |
|    explained_variance | 0.979    |
|    learning_rate      | 0.000131 |
|    n_updates          | 39099    |
|    policy_loss        | 0.283    |
|    value_loss         | 1.63     |
------------------------------------
------------------------------------
| rollout/              |          |
|    ep_len_mean        | 623      |
|    ep_rew_mean        | 99.2     |
| time/                 |          |
|    fps                | 1091     |
|    iterations         | 39200    |
|    time_elapsed       | 287      |
|    total_timesteps    | 313600   |
| train/                |          |
|    entropy_loss       | -0.733   |
|    explained_variance | -0.0251  |
|    learning_rate      | 0.000131 |
|    n_updates          | 39199    |
|    policy_loss        | 0.00506  |
|    value_loss         | 0.00386  |
------------------------------------
------------------------------------
| rollout/              |          |
|    ep_len_mean        | 632      |
|    ep_rew_mean        | 100      |
| time/                 |          |
|    fps                | 1091     |
|    iterations         | 39300    |
|    time_elapsed       | 288      |
|    total_timesteps    | 314400   |
| train/                |          |
|    entropy_loss       | -0.883   |
|    explained_variance | 0.957    |
|    learning_rate      | 0.000131 |
|    n_updates          | 39299    |
|    policy_loss        | -1.74    |
|    value_loss         | 3.45     |
------------------------------------
------------------------------------
| rollout/              |          |
|    ep_len_mean        | 641      |
|    ep_rew_mean        | 102      |
| time/                 |          |
|    fps                | 1091     |
|    iterations         | 39400    |
|    time_elapsed       | 288      |
|    total_timesteps    | 315200   |
| train/                |          |
|    entropy_loss       | -0.785   |
|    explained_variance | -0.0175  |
|    learning_rate      | 0.000131 |
|    n_updates          | 39399    |
|    policy_loss        | -0.182   |
|    value_loss         | 0.0667   |
------------------------------------
------------------------------------
| rollout/              |          |
|    ep_len_mean        | 640      |
|    ep_rew_mean        | 102      |
| time/                 |          |
|    fps                | 1091     |
|    iterations         | 39500    |
|    time_elapsed       | 289      |
|    total_timesteps    | 316000   |
| train/                |          |
|    entropy_loss       | -0.89    |
|    explained_variance | 0.976    |
|    learning_rate      | 0.000131 |
|    n_updates          | 39499    |
|    policy_loss        | -1.59    |
|    value_loss         | 4.86     |
------------------------------------
------------------------------------
| rollout/              |          |
|    ep_len_mean        | 640      |
|    ep_rew_mean        | 102      |
| time/                 |          |
|    fps                | 1091     |
|    iterations         | 39600    |
|    time_elapsed       | 290      |
|    total_timesteps    | 316800   |
| train/                |          |
|    entropy_loss       | -0.793   |
|    explained_variance | -0.00704 |
|    learning_rate      | 0.000131 |
|    n_updates          | 39599    |
|    policy_loss        | -0.00795 |
|    value_loss         | 0.0234   |
------------------------------------
------------------------------------
| rollout/              |          |
|    ep_len_mean        | 632      |
|    ep_rew_mean        | 102      |
| time/                 |          |
|    fps                | 1091     |
|    iterations         | 39700    |
|    time_elapsed       | 290      |
|    total_timesteps    | 317600   |
| train/                |          |
|    entropy_loss       | -0.787   |
|    explained_variance | -1.1     |
|    learning_rate      | 0.000131 |
|    n_updates          | 39699    |
|    policy_loss        | 0.000901 |
|    value_loss         | 0.0201   |
------------------------------------
------------------------------------
| rollout/              |          |
|    ep_len_mean        | 632      |
|    ep_rew_mean        | 102      |
| time/                 |          |
|    fps                | 1091     |
|    iterations         | 39800    |
|    time_elapsed       | 291      |
|    total_timesteps    | 318400   |
| train/                |          |
|    entropy_loss       | -0.65    |
|    explained_variance | 0.829    |
|    learning_rate      | 0.000131 |
|    n_updates          | 39799    |
|    policy_loss        | 1.09     |
|    value_loss         | 4.35     |
------------------------------------
------------------------------------
| rollout/              |          |
|    ep_len_mean        | 632      |
|    ep_rew_mean        | 102      |
| time/                 |          |
|    fps                | 1091     |
|    iterations         | 39900    |
|    time_elapsed       | 292      |
|    total_timesteps    | 319200   |
| train/                |          |
|    entropy_loss       | -0.913   |
|    explained_variance | -0.996   |
|    learning_rate      | 0.000131 |
|    n_updates          | 39899    |
|    policy_loss        | 0.278    |
|    value_loss         | 0.417    |
------------------------------------
------------------------------------
| rollout/              |          |
|    ep_len_mean        | 624      |
|    ep_rew_mean        | 102      |
| time/                 |          |
|    fps                | 1091     |
|    iterations         | 40000    |
|    time_elapsed       | 293      |
|    total_timesteps    | 320000   |
| train/                |          |
|    entropy_loss       | -0.912   |
|    explained_variance | 0.0505   |
|    learning_rate      | 0.000131 |
|    n_updates          | 39999    |
|    policy_loss        | 0.0266   |
|    value_loss         | 0.0856   |
------------------------------------
------------------------------------
| rollout/              |          |
|    ep_len_mean        | 624      |
|    ep_rew_mean        | 102      |
| time/                 |          |
|    fps                | 1091     |
|    iterations         | 40100    |
|    time_elapsed       | 293      |
|    total_timesteps    | 320800   |
| train/                |          |
|    entropy_loss       | -1.04    |
|    explained_variance | 0.0236   |
|    learning_rate      | 0.000131 |
|    n_updates          | 40099    |
|    policy_loss        | 1.01     |
|    value_loss         | 1.62     |
------------------------------------
------------------------------------
| rollout/              |          |
|    ep_len_mean        | 624      |
|    ep_rew_mean        | 101      |
| time/                 |          |
|    fps                | 1091     |
|    iterations         | 40200    |
|    time_elapsed       | 294      |
|    total_timesteps    | 321600   |
| train/                |          |
|    entropy_loss       | -0.683   |
|    explained_variance | 0.827    |
|    learning_rate      | 0.000131 |
|    n_updates          | 40199    |
|    policy_loss        | -2.79    |
|    value_loss         | 29.5     |
------------------------------------
------------------------------------
| rollout/              |          |
|    ep_len_mean        | 612      |
|    ep_rew_mean        | 99.7     |
| time/                 |          |
|    fps                | 1091     |
|    iterations         | 40300    |
|    time_elapsed       | 295      |
|    total_timesteps    | 322400   |
| train/                |          |
|    entropy_loss       | -0.728   |
|    explained_variance | -3.16    |
|    learning_rate      | 0.000131 |
|    n_updates          | 40299    |
|    policy_loss        | 20.6     |
|    value_loss         | 649      |
------------------------------------
------------------------------------
| rollout/              |          |
|    ep_len_mean        | 613      |
|    ep_rew_mean        | 101      |
| time/                 |          |
|    fps                | 1091     |
|    iterations         | 40400    |
|    time_elapsed       | 295      |
|    total_timesteps    | 323200   |
| train/                |          |
|    entropy_loss       | -0.779   |
|    explained_variance | 0.0331   |
|    learning_rate      | 0.000131 |
|    n_updates          | 40399    |
|    policy_loss        | 0.835    |
|    value_loss         | 1.95     |
------------------------------------
------------------------------------
| rollout/              |          |
|    ep_len_mean        | 613      |
|    ep_rew_mean        | 101      |
| time/                 |          |
|    fps                | 1092     |
|    iterations         | 40500    |
|    time_elapsed       | 296      |
|    total_timesteps    | 324000   |
| train/                |          |
|    entropy_loss       | -0.661   |
|    explained_variance | 0.475    |
|    learning_rate      | 0.000131 |
|    n_updates          | 40499    |
|    policy_loss        | -0.184   |
|    value_loss         | 0.627    |
------------------------------------
------------------------------------
| rollout/              |          |
|    ep_len_mean        | 590      |
|    ep_rew_mean        | 95.5     |
| time/                 |          |
|    fps                | 1092     |
|    iterations         | 40600    |
|    time_elapsed       | 297      |
|    total_timesteps    | 324800   |
| train/                |          |
|    entropy_loss       | -0.86    |
|    explained_variance | 0.0025   |
|    learning_rate      | 0.000131 |
|    n_updates          | 40599    |
|    policy_loss        | -0.126   |
|    value_loss         | 0.0714   |
------------------------------------
------------------------------------
| rollout/              |          |
|    ep_len_mean        | 593      |
|    ep_rew_mean        | 94       |
| time/                 |          |
|    fps                | 1092     |
|    iterations         | 40700    |
|    time_elapsed       | 298      |
|    total_timesteps    | 325600   |
| train/                |          |
|    entropy_loss       | -0.942   |
|    explained_variance | 0.773    |
|    learning_rate      | 0.00013  |
|    n_updates          | 40699    |
|    policy_loss        | 0.585    |
|    value_loss         | 7.55     |
------------------------------------
------------------------------------
| rollout/              |          |
|    ep_len_mean        | 590      |
|    ep_rew_mean        | 94.4     |
| time/                 |          |
|    fps                | 1092     |
|    iterations         | 40800    |
|    time_elapsed       | 298      |
|    total_timesteps    | 326400   |
| train/                |          |
|    entropy_loss       | -0.534   |
|    explained_variance | 0.998    |
|    learning_rate      | 0.00013  |
|    n_updates          | 40799    |
|    policy_loss        | -0.00617 |
|    value_loss         | 0.0834   |
------------------------------------
------------------------------------
| rollout/              |          |
|    ep_len_mean        | 565      |
|    ep_rew_mean        | 87.1     |
| time/                 |          |
|    fps                | 1092     |
|    iterations         | 40900    |
|    time_elapsed       | 299      |
|    total_timesteps    | 327200   |
| train/                |          |
|    entropy_loss       | -0.618   |
|    explained_variance | 0.419    |
|    learning_rate      | 0.00013  |
|    n_updates          | 40899    |
|    policy_loss        | -1.71    |
|    value_loss         | 6.85     |
------------------------------------
------------------------------------
| rollout/              |          |
|    ep_len_mean        | 565      |
|    ep_rew_mean        | 87.1     |
| time/                 |          |
|    fps                | 1092     |
|    iterations         | 41000    |
|    time_elapsed       | 300      |
|    total_timesteps    | 328000   |
| train/                |          |
|    entropy_loss       | -0.775   |
|    explained_variance | -0.0236  |
|    learning_rate      | 0.00013  |
|    n_updates          | 40999    |
|    policy_loss        | 0.0437   |
|    value_loss         | 0.0404   |
------------------------------------
------------------------------------
| rollout/              |          |
|    ep_len_mean        | 565      |
|    ep_rew_mean        | 87.6     |
| time/                 |          |
|    fps                | 1092     |
|    iterations         | 41100    |
|    time_elapsed       | 300      |
|    total_timesteps    | 328800   |
| train/                |          |
|    entropy_loss       | -0.898   |
|    explained_variance | 0.961    |
|    learning_rate      | 0.00013  |
|    n_updates          | 41099    |
|    policy_loss        | -0.00246 |
|    value_loss         | 3.51     |
------------------------------------
------------------------------------
| rollout/              |          |
|    ep_len_mean        | 558      |
|    ep_rew_mean        | 87.4     |
| time/                 |          |
|    fps                | 1092     |
|    iterations         | 41200    |
|    time_elapsed       | 301      |
|    total_timesteps    | 329600   |
| train/                |          |
|    entropy_loss       | -0.615   |
|    explained_variance | 0.109    |
|    learning_rate      | 0.00013  |
|    n_updates          | 41199    |
|    policy_loss        | 4.17     |
|    value_loss         | 87.4     |
------------------------------------
------------------------------------
| rollout/              |          |
|    ep_len_mean        | 533      |
|    ep_rew_mean        | 78.1     |
| time/                 |          |
|    fps                | 1092     |
|    iterations         | 41300    |
|    time_elapsed       | 302      |
|    total_timesteps    | 330400   |
| train/                |          |
|    entropy_loss       | -0.729   |
|    explained_variance | 0.0387   |
|    learning_rate      | 0.00013  |
|    n_updates          | 41299    |
|    policy_loss        | -0.0713  |
|    value_loss         | 0.0787   |
------------------------------------
------------------------------------
| rollout/              |          |
|    ep_len_mean        | 542      |
|    ep_rew_mean        | 80.5     |
| time/                 |          |
|    fps                | 1092     |
|    iterations         | 41400    |
|    time_elapsed       | 303      |
|    total_timesteps    | 331200   |
| train/                |          |
|    entropy_loss       | -0.807   |
|    explained_variance | 0.893    |
|    learning_rate      | 0.00013  |
|    n_updates          | 41399    |
|    policy_loss        | -2.08    |
|    value_loss         | 9.09     |
------------------------------------
------------------------------------
| rollout/              |          |
|    ep_len_mean        | 540      |
|    ep_rew_mean        | 81.5     |
| time/                 |          |
|    fps                | 1092     |
|    iterations         | 41500    |
|    time_elapsed       | 303      |
|    total_timesteps    | 332000   |
| train/                |          |
|    entropy_loss       | -0.622   |
|    explained_variance | 0.897    |
|    learning_rate      | 0.00013  |
|    n_updates          | 41499    |
|    policy_loss        | 0.124    |
|    value_loss         | 1.09     |
------------------------------------
------------------------------------
| rollout/              |          |
|    ep_len_mean        | 528      |
|    ep_rew_mean        | 79.8     |
| time/                 |          |
|    fps                | 1092     |
|    iterations         | 41600    |
|    time_elapsed       | 304      |
|    total_timesteps    | 332800   |
| train/                |          |
|    entropy_loss       | -0.738   |
|    explained_variance | -0.0302  |
|    learning_rate      | 0.00013  |
|    n_updates          | 41599    |
|    policy_loss        | -0.0374  |
|    value_loss         | 0.032    |
------------------------------------
------------------------------------
| rollout/              |          |
|    ep_len_mean        | 534      |
|    ep_rew_mean        | 79.1     |
| time/                 |          |
|    fps                | 1092     |
|    iterations         | 41700    |
|    time_elapsed       | 305      |
|    total_timesteps    | 333600   |
| train/                |          |
|    entropy_loss       | -0.575   |
|    explained_variance | 0.618    |
|    learning_rate      | 0.00013  |
|    n_updates          | 41699    |
|    policy_loss        | 0.751    |
|    value_loss         | 8.08     |
------------------------------------
------------------------------------
| rollout/              |          |
|    ep_len_mean        | 526      |
|    ep_rew_mean        | 76.9     |
| time/                 |          |
|    fps                | 1092     |
|    iterations         | 41800    |
|    time_elapsed       | 306      |
|    total_timesteps    | 334400   |
| train/                |          |
|    entropy_loss       | -0.844   |
|    explained_variance | 0.0152   |
|    learning_rate      | 0.00013  |
|    n_updates          | 41799    |
|    policy_loss        | -0.152   |
|    value_loss         | 0.0794   |
------------------------------------
------------------------------------
| rollout/              |          |
|    ep_len_mean        | 519      |
|    ep_rew_mean        | 72.8     |
| time/                 |          |
|    fps                | 1092     |
|    iterations         | 41900    |
|    time_elapsed       | 306      |
|    total_timesteps    | 335200   |
| train/                |          |
|    entropy_loss       | -0.21    |
|    explained_variance | -4.6     |
|    learning_rate      | 0.00013  |
|    n_updates          | 41899    |
|    policy_loss        | -1.05    |
|    value_loss         | 145      |
------------------------------------
------------------------------------
| rollout/              |          |
|    ep_len_mean        | 519      |
|    ep_rew_mean        | 72.8     |
| time/                 |          |
|    fps                | 1092     |
|    iterations         | 42000    |
|    time_elapsed       | 307      |
|    total_timesteps    | 336000   |
| train/                |          |
|    entropy_loss       | -0.869   |
|    explained_variance | 0.00131  |
|    learning_rate      | 0.00013  |
|    n_updates          | 41999    |
|    policy_loss        | -0.101   |
|    value_loss         | 0.0215   |
------------------------------------
------------------------------------
| rollout/              |          |
|    ep_len_mean        | 524      |
|    ep_rew_mean        | 70.6     |
| time/                 |          |
|    fps                | 1092     |
|    iterations         | 42100    |
|    time_elapsed       | 308      |
|    total_timesteps    | 336800   |
| train/                |          |
|    entropy_loss       | -0.773   |
|    explained_variance | 0.957    |
|    learning_rate      | 0.00013  |
|    n_updates          | 42099    |
|    policy_loss        | -7.89    |
|    value_loss         | 17.4     |
------------------------------------
------------------------------------
| rollout/              |          |
|    ep_len_mean        | 525      |
|    ep_rew_mean        | 70.9     |
| time/                 |          |
|    fps                | 1092     |
|    iterations         | 42200    |
|    time_elapsed       | 308      |
|    total_timesteps    | 337600   |
| train/                |          |
|    entropy_loss       | -0.303   |
|    explained_variance | -3.12    |
|    learning_rate      | 0.00013  |
|    n_updates          | 42199    |
|    policy_loss        | 8.39     |
|    value_loss         | 453      |
------------------------------------
------------------------------------
| rollout/              |          |
|    ep_len_mean        | 513      |
|    ep_rew_mean        | 69.9     |
| time/                 |          |
|    fps                | 1093     |
|    iterations         | 42300    |
|    time_elapsed       | 309      |
|    total_timesteps    | 338400   |
| train/                |          |
|    entropy_loss       | -0.949   |
|    explained_variance | 0.923    |
|    learning_rate      | 0.00013  |
|    n_updates          | 42299    |
|    policy_loss        | 1.18     |
|    value_loss         | 1.3      |
------------------------------------
------------------------------------
| rollout/              |          |
|    ep_len_mean        | 513      |
|    ep_rew_mean        | 69.9     |
| time/                 |          |
|    fps                | 1093     |
|    iterations         | 42400    |
|    time_elapsed       | 310      |
|    total_timesteps    | 339200   |
| train/                |          |
|    entropy_loss       | -0.82    |
|    explained_variance | 0.0192   |
|    learning_rate      | 0.00013  |
|    n_updates          | 42399    |
|    policy_loss        | 0.0396   |
|    value_loss         | 0.00657  |
------------------------------------
------------------------------------
| rollout/              |          |
|    ep_len_mean        | 522      |
|    ep_rew_mean        | 72.3     |
| time/                 |          |
|    fps                | 1093     |
|    iterations         | 42500    |
|    time_elapsed       | 311      |
|    total_timesteps    | 340000   |
| train/                |          |
|    entropy_loss       | -0.793   |
|    explained_variance | 0.106    |
|    learning_rate      | 0.00013  |
|    n_updates          | 42499    |
|    policy_loss        | -0.179   |
|    value_loss         | 0.0738   |
------------------------------------
------------------------------------
| rollout/              |          |
|    ep_len_mean        | 526      |
|    ep_rew_mean        | 70.9     |
| time/                 |          |
|    fps                | 1093     |
|    iterations         | 42600    |
|    time_elapsed       | 311      |
|    total_timesteps    | 340800   |
| train/                |          |
|    entropy_loss       | -0.608   |
|    explained_variance | 0.884    |
|    learning_rate      | 0.00013  |
|    n_updates          | 42599    |
|    policy_loss        | -4.28    |
|    value_loss         | 18.6     |
------------------------------------
------------------------------------
| rollout/              |          |
|    ep_len_mean        | 535      |
|    ep_rew_mean        | 72.2     |
| time/                 |          |
|    fps                | 1093     |
|    iterations         | 42700    |
|    time_elapsed       | 312      |
|    total_timesteps    | 341600   |
| train/                |          |
|    entropy_loss       | -0.873   |
|    explained_variance | -0.00758 |
|    learning_rate      | 0.00013  |
|    n_updates          | 42699    |
|    policy_loss        | 0.828    |
|    value_loss         | 1.61     |
------------------------------------
------------------------------------
| rollout/              |          |
|    ep_len_mean        | 543      |
|    ep_rew_mean        | 73.4     |
| time/                 |          |
|    fps                | 1093     |
|    iterations         | 42800    |
|    time_elapsed       | 313      |
|    total_timesteps    | 342400   |
| train/                |          |
|    entropy_loss       | -0.953   |
|    explained_variance | 0.913    |
|    learning_rate      | 0.000129 |
|    n_updates          | 42799    |
|    policy_loss        | -0.788   |
|    value_loss         | 0.949    |
------------------------------------
------------------------------------
| rollout/              |          |
|    ep_len_mean        | 543      |
|    ep_rew_mean        | 73.4     |
| time/                 |          |
|    fps                | 1093     |
|    iterations         | 42900    |
|    time_elapsed       | 313      |
|    total_timesteps    | 343200   |
| train/                |          |
|    entropy_loss       | -0.783   |
|    explained_variance | 0.0188   |
|    learning_rate      | 0.000129 |
|    n_updates          | 42899    |
|    policy_loss        | -0.109   |
|    value_loss         | 0.0535   |
------------------------------------
------------------------------------
| rollout/              |          |
|    ep_len_mean        | 550      |
|    ep_rew_mean        | 71.7     |
| time/                 |          |
|    fps                | 1093     |
|    iterations         | 43000    |
|    time_elapsed       | 314      |
|    total_timesteps    | 344000   |
| train/                |          |
|    entropy_loss       | -0.885   |
|    explained_variance | 0.954    |
|    learning_rate      | 0.000129 |
|    n_updates          | 42999    |
|    policy_loss        | 2.11     |
|    value_loss         | 6.52     |
------------------------------------
------------------------------------
| rollout/              |          |
|    ep_len_mean        | 551      |
|    ep_rew_mean        | 69.8     |
| time/                 |          |
|    fps                | 1093     |
|    iterations         | 43100    |
|    time_elapsed       | 315      |
|    total_timesteps    | 344800   |
| train/                |          |
|    entropy_loss       | -0.463   |
|    explained_variance | 0.715    |
|    learning_rate      | 0.000129 |
|    n_updates          | 43099    |
|    policy_loss        | -0.42    |
|    value_loss         | 2.87     |
------------------------------------
------------------------------------
| rollout/              |          |
|    ep_len_mean        | 551      |
|    ep_rew_mean        | 68.7     |
| time/                 |          |
|    fps                | 1093     |
|    iterations         | 43200    |
|    time_elapsed       | 316      |
|    total_timesteps    | 345600   |
| train/                |          |
|    entropy_loss       | -0.546   |
|    explained_variance | 0.415    |
|    learning_rate      | 0.000129 |
|    n_updates          | 43199    |
|    policy_loss        | 1.33     |
|    value_loss         | 7.52     |
------------------------------------
------------------------------------
| rollout/              |          |
|    ep_len_mean        | 551      |
|    ep_rew_mean        | 68.7     |
| time/                 |          |
|    fps                | 1093     |
|    iterations         | 43300    |
|    time_elapsed       | 316      |
|    total_timesteps    | 346400   |
| train/                |          |
|    entropy_loss       | -0.874   |
|    explained_variance | 0.00128  |
|    learning_rate      | 0.000129 |
|    n_updates          | 43299    |
|    policy_loss        | 0.0705   |
|    value_loss         | 0.0192   |
------------------------------------
------------------------------------
| rollout/              |          |
|    ep_len_mean        | 561      |
|    ep_rew_mean        | 68.5     |
| time/                 |          |
|    fps                | 1093     |
|    iterations         | 43400    |
|    time_elapsed       | 317      |
|    total_timesteps    | 347200   |
| train/                |          |
|    entropy_loss       | -0.274   |
|    explained_variance | 0.0797   |
|    learning_rate      | 0.000129 |
|    n_updates          | 43399    |
|    policy_loss        | -0.407   |
|    value_loss         | 0.55     |
------------------------------------
------------------------------------
| rollout/              |          |
|    ep_len_mean        | 558      |
|    ep_rew_mean        | 67.7     |
| time/                 |          |
|    fps                | 1093     |
|    iterations         | 43500    |
|    time_elapsed       | 318      |
|    total_timesteps    | 348000   |
| train/                |          |
|    entropy_loss       | -0.857   |
|    explained_variance | -0.0202  |
|    learning_rate      | 0.000129 |
|    n_updates          | 43499    |
|    policy_loss        | 0.312    |
|    value_loss         | 0.354    |
------------------------------------
------------------------------------
| rollout/              |          |
|    ep_len_mean        | 558      |
|    ep_rew_mean        | 67       |
| time/                 |          |
|    fps                | 1093     |
|    iterations         | 43600    |
|    time_elapsed       | 318      |
|    total_timesteps    | 348800   |
| train/                |          |
|    entropy_loss       | -0.604   |
|    explained_variance | 0.506    |
|    learning_rate      | 0.000129 |
|    n_updates          | 43599    |
|    policy_loss        | 0.973    |
|    value_loss         | 22.1     |
------------------------------------
------------------------------------
| rollout/              |          |
|    ep_len_mean        | 558      |
|    ep_rew_mean        | 67       |
| time/                 |          |
|    fps                | 1093     |
|    iterations         | 43700    |
|    time_elapsed       | 319      |
|    total_timesteps    | 349600   |
| train/                |          |
|    entropy_loss       | -0.812   |
|    explained_variance | 0.0675   |
|    learning_rate      | 0.000129 |
|    n_updates          | 43699    |
|    policy_loss        | 0.0192   |
|    value_loss         | 0.0094   |
------------------------------------
Eval num_timesteps=350000, episode_reward=190.04 +/- 108.27
Episode length: 354.60 +/- 32.79
------------------------------------
| eval/                 |          |
|    mean_ep_length     | 355      |
|    mean_reward        | 190      |
| time/                 |          |
|    total_timesteps    | 350000   |
| train/                |          |
|    entropy_loss       | -0.622   |
|    explained_variance | 0.863    |
|    learning_rate      | 0.000129 |
|    n_updates          | 43749    |
|    policy_loss        | -0.115   |
|    value_loss         | 0.434    |
------------------------------------
------------------------------------
| rollout/              |          |
|    ep_len_mean        | 560      |
|    ep_rew_mean        | 66.5     |
| time/                 |          |
|    fps                | 1091     |
|    iterations         | 43800    |
|    time_elapsed       | 321      |
|    total_timesteps    | 350400   |
| train/                |          |
|    entropy_loss       | -0.511   |
|    explained_variance | 0.813    |
|    learning_rate      | 0.000129 |
|    n_updates          | 43799    |
|    policy_loss        | 4.6      |
|    value_loss         | 89.4     |
------------------------------------
------------------------------------
| rollout/              |          |
|    ep_len_mean        | 560      |
|    ep_rew_mean        | 66.5     |
| time/                 |          |
|    fps                | 1091     |
|    iterations         | 43900    |
|    time_elapsed       | 321      |
|    total_timesteps    | 351200   |
| train/                |          |
|    entropy_loss       | -0.767   |
|    explained_variance | 0.000259 |
|    learning_rate      | 0.000129 |
|    n_updates          | 43899    |
|    policy_loss        | -0.00562 |
|    value_loss         | 0.000532 |
------------------------------------
------------------------------------
| rollout/              |          |
|    ep_len_mean        | 560      |
|    ep_rew_mean        | 67.2     |
| time/                 |          |
|    fps                | 1090     |
|    iterations         | 44000    |
|    time_elapsed       | 322      |
|    total_timesteps    | 352000   |
| train/                |          |
|    entropy_loss       | -0.632   |
|    explained_variance | -0.0802  |
|    learning_rate      | 0.000129 |
|    n_updates          | 43999    |
|    policy_loss        | -0.0246  |
|    value_loss         | 0.00975  |
------------------------------------
------------------------------------
| rollout/              |          |
|    ep_len_mean        | 561      |
|    ep_rew_mean        | 65.6     |
| time/                 |          |
|    fps                | 1090     |
|    iterations         | 44100    |
|    time_elapsed       | 323      |
|    total_timesteps    | 352800   |
| train/                |          |
|    entropy_loss       | -0.932   |
|    explained_variance | -0.41    |
|    learning_rate      | 0.000129 |
|    n_updates          | 44099    |
|    policy_loss        | -0.521   |
|    value_loss         | 1.87     |
------------------------------------
------------------------------------
| rollout/              |          |
|    ep_len_mean        | 561      |
|    ep_rew_mean        | 65.9     |
| time/                 |          |
|    fps                | 1091     |
|    iterations         | 44200    |
|    time_elapsed       | 324      |
|    total_timesteps    | 353600   |
| train/                |          |
|    entropy_loss       | -0.615   |
|    explained_variance | -1.72    |
|    learning_rate      | 0.000129 |
|    n_updates          | 44199    |
|    policy_loss        | 5.31     |
|    value_loss         | 72.1     |
------------------------------------
------------------------------------
| rollout/              |          |
|    ep_len_mean        | 549      |
|    ep_rew_mean        | 62.4     |
| time/                 |          |
|    fps                | 1090     |
|    iterations         | 44300    |
|    time_elapsed       | 324      |
|    total_timesteps    | 354400   |
| train/                |          |
|    entropy_loss       | -0.815   |
|    explained_variance | 0.00873  |
|    learning_rate      | 0.000129 |
|    n_updates          | 44299    |
|    policy_loss        | -4.59    |
|    value_loss         | 8.28     |
------------------------------------
------------------------------------
| rollout/              |          |
|    ep_len_mean        | 549      |
|    ep_rew_mean        | 61.5     |
| time/                 |          |
|    fps                | 1090     |
|    iterations         | 44400    |
|    time_elapsed       | 325      |
|    total_timesteps    | 355200   |
| train/                |          |
|    entropy_loss       | -0.473   |
|    explained_variance | -0.193   |
|    learning_rate      | 0.000129 |
|    n_updates          | 44399    |
|    policy_loss        | 5.84     |
|    value_loss         | 209      |
------------------------------------
------------------------------------
| rollout/              |          |
|    ep_len_mean        | 541      |
|    ep_rew_mean        | 60.1     |
| time/                 |          |
|    fps                | 1090     |
|    iterations         | 44500    |
|    time_elapsed       | 326      |
|    total_timesteps    | 356000   |
| train/                |          |
|    entropy_loss       | -0.851   |
|    explained_variance | -0.0123  |
|    learning_rate      | 0.000129 |
|    n_updates          | 44499    |
|    policy_loss        | -0.157   |
|    value_loss         | 0.126    |
------------------------------------
------------------------------------
| rollout/              |          |
|    ep_len_mean        | 539      |
|    ep_rew_mean        | 58.5     |
| time/                 |          |
|    fps                | 1090     |
|    iterations         | 44600    |
|    time_elapsed       | 327      |
|    total_timesteps    | 356800   |
| train/                |          |
|    entropy_loss       | -0.811   |
|    explained_variance | 0.878    |
|    learning_rate      | 0.000129 |
|    n_updates          | 44599    |
|    policy_loss        | 1.17     |
|    value_loss         | 9        |
------------------------------------
------------------------------------
| rollout/              |          |
|    ep_len_mean        | 547      |
|    ep_rew_mean        | 59.3     |
| time/                 |          |
|    fps                | 1090     |
|    iterations         | 44700    |
|    time_elapsed       | 327      |
|    total_timesteps    | 357600   |
| train/                |          |
|    entropy_loss       | -0.713   |
|    explained_variance | 0.834    |
|    learning_rate      | 0.000129 |
|    n_updates          | 44699    |
|    policy_loss        | 1.54     |
|    value_loss         | 8.43     |
------------------------------------
------------------------------------
| rollout/              |          |
|    ep_len_mean        | 540      |
|    ep_rew_mean        | 59.9     |
| time/                 |          |
|    fps                | 1090     |
|    iterations         | 44800    |
|    time_elapsed       | 328      |
|    total_timesteps    | 358400   |
| train/                |          |
|    entropy_loss       | -0.854   |
|    explained_variance | -0.0128  |
|    learning_rate      | 0.000128 |
|    n_updates          | 44799    |
|    policy_loss        | -0.404   |
|    value_loss         | 0.411    |
------------------------------------
------------------------------------
| rollout/              |          |
|    ep_len_mean        | 549      |
|    ep_rew_mean        | 62.1     |
| time/                 |          |
|    fps                | 1090     |
|    iterations         | 44900    |
|    time_elapsed       | 329      |
|    total_timesteps    | 359200   |
| train/                |          |
|    entropy_loss       | -1.02    |
|    explained_variance | 0.547    |
|    learning_rate      | 0.000128 |
|    n_updates          | 44899    |
|    policy_loss        | 2.38     |
|    value_loss         | 13.4     |
------------------------------------
------------------------------------
| rollout/              |          |
|    ep_len_mean        | 549      |
|    ep_rew_mean        | 62.1     |
| time/                 |          |
|    fps                | 1090     |
|    iterations         | 45000    |
|    time_elapsed       | 329      |
|    total_timesteps    | 360000   |
| train/                |          |
|    entropy_loss       | -0.56    |
|    explained_variance | 0.0439   |
|    learning_rate      | 0.000128 |
|    n_updates          | 44999    |
|    policy_loss        | -0.157   |
|    value_loss         | 0.0398   |
------------------------------------
------------------------------------
| rollout/              |          |
|    ep_len_mean        | 552      |
|    ep_rew_mean        | 60.5     |
| time/                 |          |
|    fps                | 1091     |
|    iterations         | 45100    |
|    time_elapsed       | 330      |
|    total_timesteps    | 360800   |
| train/                |          |
|    entropy_loss       | -0.865   |
|    explained_variance | 0.131    |
|    learning_rate      | 0.000128 |
|    n_updates          | 45099    |
|    policy_loss        | 0.192    |
|    value_loss         | 0.0416   |
------------------------------------
------------------------------------
| rollout/              |          |
|    ep_len_mean        | 560      |
|    ep_rew_mean        | 62.3     |
| time/                 |          |
|    fps                | 1091     |
|    iterations         | 45200    |
|    time_elapsed       | 331      |
|    total_timesteps    | 361600   |
| train/                |          |
|    entropy_loss       | -0.896   |
|    explained_variance | -0.0405  |
|    learning_rate      | 0.000128 |
|    n_updates          | 45199    |
|    policy_loss        | -0.176   |
|    value_loss         | 0.0264   |
------------------------------------
------------------------------------
| rollout/              |          |
|    ep_len_mean        | 565      |
|    ep_rew_mean        | 62       |
| time/                 |          |
|    fps                | 1091     |
|    iterations         | 45300    |
|    time_elapsed       | 332      |
|    total_timesteps    | 362400   |
| train/                |          |
|    entropy_loss       | -0.753   |
|    explained_variance | -0.0966  |
|    learning_rate      | 0.000128 |
|    n_updates          | 45299    |
|    policy_loss        | -3.87    |
|    value_loss         | 10.6     |
------------------------------------
------------------------------------
| rollout/              |          |
|    ep_len_mean        | 557      |
|    ep_rew_mean        | 61.4     |
| time/                 |          |
|    fps                | 1091     |
|    iterations         | 45400    |
|    time_elapsed       | 332      |
|    total_timesteps    | 363200   |
| train/                |          |
|    entropy_loss       | -0.853   |
|    explained_variance | 0.0743   |
|    learning_rate      | 0.000128 |
|    n_updates          | 45399    |
|    policy_loss        | -0.807   |
|    value_loss         | 0.469    |
------------------------------------
------------------------------------
| rollout/              |          |
|    ep_len_mean        | 557      |
|    ep_rew_mean        | 61.4     |
| time/                 |          |
|    fps                | 1091     |
|    iterations         | 45500    |
|    time_elapsed       | 333      |
|    total_timesteps    | 364000   |
| train/                |          |
|    entropy_loss       | -0.946   |
|    explained_variance | -0.72    |
|    learning_rate      | 0.000128 |
|    n_updates          | 45499    |
|    policy_loss        | 0.628    |
|    value_loss         | 1.38     |
------------------------------------
------------------------------------
| rollout/              |          |
|    ep_len_mean        | 557      |
|    ep_rew_mean        | 61.4     |
| time/                 |          |
|    fps                | 1091     |
|    iterations         | 45600    |
|    time_elapsed       | 334      |
|    total_timesteps    | 364800   |
| train/                |          |
|    entropy_loss       | -0.841   |
|    explained_variance | -0.125   |
|    learning_rate      | 0.000128 |
|    n_updates          | 45599    |
|    policy_loss        | 1.63     |
|    value_loss         | 7.2      |
------------------------------------
------------------------------------
| rollout/              |          |
|    ep_len_mean        | 557      |
|    ep_rew_mean        | 61.6     |
| time/                 |          |
|    fps                | 1091     |
|    iterations         | 45700    |
|    time_elapsed       | 335      |
|    total_timesteps    | 365600   |
| train/                |          |
|    entropy_loss       | -0.814   |
|    explained_variance | 0.853    |
|    learning_rate      | 0.000128 |
|    n_updates          | 45699    |
|    policy_loss        | -1.02    |
|    value_loss         | 6.43     |
------------------------------------
------------------------------------
| rollout/              |          |
|    ep_len_mean        | 557      |
|    ep_rew_mean        | 61.6     |
| time/                 |          |
|    fps                | 1091     |
|    iterations         | 45800    |
|    time_elapsed       | 335      |
|    total_timesteps    | 366400   |
| train/                |          |
|    entropy_loss       | -0.751   |
|    explained_variance | 0.0435   |
|    learning_rate      | 0.000128 |
|    n_updates          | 45799    |
|    policy_loss        | -1.08    |
|    value_loss         | 1.19     |
------------------------------------
------------------------------------
| rollout/              |          |
|    ep_len_mean        | 567      |
|    ep_rew_mean        | 66       |
| time/                 |          |
|    fps                | 1091     |
|    iterations         | 45900    |
|    time_elapsed       | 336      |
|    total_timesteps    | 367200   |
| train/                |          |
|    entropy_loss       | -0.384   |
|    explained_variance | -0.381   |
|    learning_rate      | 0.000128 |
|    n_updates          | 45899    |
|    policy_loss        | -0.071   |
|    value_loss         | 0.331    |
------------------------------------
------------------------------------
| rollout/              |          |
|    ep_len_mean        | 572      |
|    ep_rew_mean        | 67.7     |
| time/                 |          |
|    fps                | 1091     |
|    iterations         | 46000    |
|    time_elapsed       | 337      |
|    total_timesteps    | 368000   |
| train/                |          |
|    entropy_loss       | -0.662   |
|    explained_variance | 0.00367  |
|    learning_rate      | 0.000128 |
|    n_updates          | 45999    |
|    policy_loss        | 0.0257   |
|    value_loss         | 0.0135   |
------------------------------------
------------------------------------
| rollout/              |          |
|    ep_len_mean        | 572      |
|    ep_rew_mean        | 68.3     |
| time/                 |          |
|    fps                | 1091     |
|    iterations         | 46100    |
|    time_elapsed       | 338      |
|    total_timesteps    | 368800   |
| train/                |          |
|    entropy_loss       | -0.603   |
|    explained_variance | -0.0127  |
|    learning_rate      | 0.000128 |
|    n_updates          | 46099    |
|    policy_loss        | -0.0259  |
|    value_loss         | 0.0476   |
------------------------------------
------------------------------------
| rollout/              |          |
|    ep_len_mean        | 580      |
|    ep_rew_mean        | 70.2     |
| time/                 |          |
|    fps                | 1091     |
|    iterations         | 46200    |
|    time_elapsed       | 338      |
|    total_timesteps    | 369600   |
| train/                |          |
|    entropy_loss       | -1.19    |
|    explained_variance | 0.701    |
|    learning_rate      | 0.000128 |
|    n_updates          | 46199    |
|    policy_loss        | -0.695   |
|    value_loss         | 1.15     |
------------------------------------
------------------------------------
| rollout/              |          |
|    ep_len_mean        | 580      |
|    ep_rew_mean        | 70.2     |
| time/                 |          |
|    fps                | 1091     |
|    iterations         | 46300    |
|    time_elapsed       | 339      |
|    total_timesteps    | 370400   |
| train/                |          |
|    entropy_loss       | -0.602   |
|    explained_variance | 0.00375  |
|    learning_rate      | 0.000128 |
|    n_updates          | 46299    |
|    policy_loss        | -0.0185  |
|    value_loss         | 0.004    |
------------------------------------
------------------------------------
| rollout/              |          |
|    ep_len_mean        | 574      |
|    ep_rew_mean        | 67.7     |
| time/                 |          |
|    fps                | 1091     |
|    iterations         | 46400    |
|    time_elapsed       | 340      |
|    total_timesteps    | 371200   |
| train/                |          |
|    entropy_loss       | -1.18    |
|    explained_variance | 0.859    |
|    learning_rate      | 0.000128 |
|    n_updates          | 46399    |
|    policy_loss        | -1.1     |
|    value_loss         | 1.24     |
------------------------------------
------------------------------------
| rollout/              |          |
|    ep_len_mean        | 558      |
|    ep_rew_mean        | 63.9     |
| time/                 |          |
|    fps                | 1091     |
|    iterations         | 46500    |
|    time_elapsed       | 340      |
|    total_timesteps    | 372000   |
| train/                |          |
|    entropy_loss       | -0.707   |
|    explained_variance | 0.0728   |
|    learning_rate      | 0.000128 |
|    n_updates          | 46499    |
|    policy_loss        | 0.00632  |
|    value_loss         | 0.0221   |
------------------------------------
------------------------------------
| rollout/              |          |
|    ep_len_mean        | 566      |
|    ep_rew_mean        | 64.7     |
| time/                 |          |
|    fps                | 1091     |
|    iterations         | 46600    |
|    time_elapsed       | 341      |
|    total_timesteps    | 372800   |
| train/                |          |
|    entropy_loss       | -0.812   |
|    explained_variance | 0.975    |
|    learning_rate      | 0.000128 |
|    n_updates          | 46599    |
|    policy_loss        | -0.0305  |
|    value_loss         | 0.166    |
------------------------------------
------------------------------------
| rollout/              |          |
|    ep_len_mean        | 566      |
|    ep_rew_mean        | 64.2     |
| time/                 |          |
|    fps                | 1091     |
|    iterations         | 46700    |
|    time_elapsed       | 342      |
|    total_timesteps    | 373600   |
| train/                |          |
|    entropy_loss       | -0.862   |
|    explained_variance | -0.133   |
|    learning_rate      | 0.000128 |
|    n_updates          | 46699    |
|    policy_loss        | -0.632   |
|    value_loss         | 0.927    |
------------------------------------
------------------------------------
| rollout/              |          |
|    ep_len_mean        | 566      |
|    ep_rew_mean        | 64.2     |
| time/                 |          |
|    fps                | 1091     |
|    iterations         | 46800    |
|    time_elapsed       | 343      |
|    total_timesteps    | 374400   |
| train/                |          |
|    entropy_loss       | -0.857   |
|    explained_variance | -0.369   |
|    learning_rate      | 0.000128 |
|    n_updates          | 46799    |
|    policy_loss        | -0.174   |
|    value_loss         | 0.23     |
------------------------------------
------------------------------------
| rollout/              |          |
|    ep_len_mean        | 575      |
|    ep_rew_mean        | 65       |
| time/                 |          |
|    fps                | 1091     |
|    iterations         | 46900    |
|    time_elapsed       | 343      |
|    total_timesteps    | 375200   |
| train/                |          |
|    entropy_loss       | -0.852   |
|    explained_variance | -0.382   |
|    learning_rate      | 0.000127 |
|    n_updates          | 46899    |
|    policy_loss        | 0.0712   |
|    value_loss         | 1.02     |
------------------------------------
------------------------------------
| rollout/              |          |
|    ep_len_mean        | 583      |
|    ep_rew_mean        | 66       |
| time/                 |          |
|    fps                | 1091     |
|    iterations         | 47000    |
|    time_elapsed       | 344      |
|    total_timesteps    | 376000   |
| train/                |          |
|    entropy_loss       | -0.938   |
|    explained_variance | 0.75     |
|    learning_rate      | 0.000127 |
|    n_updates          | 46999    |
|    policy_loss        | -5.51    |
|    value_loss         | 34.5     |
------------------------------------
------------------------------------
| rollout/              |          |
|    ep_len_mean        | 583      |
|    ep_rew_mean        | 65.6     |
| time/                 |          |
|    fps                | 1091     |
|    iterations         | 47100    |
|    time_elapsed       | 345      |
|    total_timesteps    | 376800   |
| train/                |          |
|    entropy_loss       | -1.13    |
|    explained_variance | 0.968    |
|    learning_rate      | 0.000127 |
|    n_updates          | 47099    |
|    policy_loss        | -1.01    |
|    value_loss         | 1.11     |
------------------------------------
------------------------------------
| rollout/              |          |
|    ep_len_mean        | 569      |
|    ep_rew_mean        | 66       |
| time/                 |          |
|    fps                | 1091     |
|    iterations         | 47200    |
|    time_elapsed       | 346      |
|    total_timesteps    | 377600   |
| train/                |          |
|    entropy_loss       | -0.932   |
|    explained_variance | 0.896    |
|    learning_rate      | 0.000127 |
|    n_updates          | 47199    |
|    policy_loss        | 0.394    |
|    value_loss         | 1.26     |
------------------------------------
------------------------------------
| rollout/              |          |
|    ep_len_mean        | 569      |
|    ep_rew_mean        | 66       |
| time/                 |          |
|    fps                | 1091     |
|    iterations         | 47300    |
|    time_elapsed       | 346      |
|    total_timesteps    | 378400   |
| train/                |          |
|    entropy_loss       | -0.765   |
|    explained_variance | 0.0574   |
|    learning_rate      | 0.000127 |
|    n_updates          | 47299    |
|    policy_loss        | -0.028   |
|    value_loss         | 0.0073   |
------------------------------------
------------------------------------
| rollout/              |          |
|    ep_len_mean        | 567      |
|    ep_rew_mean        | 64.6     |
| time/                 |          |
|    fps                | 1091     |
|    iterations         | 47400    |
|    time_elapsed       | 347      |
|    total_timesteps    | 379200   |
| train/                |          |
|    entropy_loss       | -0.85    |
|    explained_variance | 0.609    |
|    learning_rate      | 0.000127 |
|    n_updates          | 47399    |
|    policy_loss        | -0.0253  |
|    value_loss         | 0.914    |
------------------------------------
------------------------------------
| rollout/              |          |
|    ep_len_mean        | 567      |
|    ep_rew_mean        | 64.6     |
| time/                 |          |
|    fps                | 1091     |
|    iterations         | 47500    |
|    time_elapsed       | 348      |
|    total_timesteps    | 380000   |
| train/                |          |
|    entropy_loss       | -0.72    |
|    explained_variance | 0.00568  |
|    learning_rate      | 0.000127 |
|    n_updates          | 47499    |
|    policy_loss        | 0.229    |
|    value_loss         | 0.064    |
------------------------------------
------------------------------------
| rollout/              |          |
|    ep_len_mean        | 567      |
|    ep_rew_mean        | 65.7     |
| time/                 |          |
|    fps                | 1091     |
|    iterations         | 47600    |
|    time_elapsed       | 348      |
|    total_timesteps    | 380800   |
| train/                |          |
|    entropy_loss       | -0.859   |
|    explained_variance | -0.126   |
|    learning_rate      | 0.000127 |
|    n_updates          | 47599    |
|    policy_loss        | 4.35     |
|    value_loss         | 13.2     |
------------------------------------
------------------------------------
| rollout/              |          |
|    ep_len_mean        | 566      |
|    ep_rew_mean        | 66.1     |
| time/                 |          |
|    fps                | 1091     |
|    iterations         | 47700    |
|    time_elapsed       | 349      |
|    total_timesteps    | 381600   |
| train/                |          |
|    entropy_loss       | -0.77    |
|    explained_variance | 0.0447   |
|    learning_rate      | 0.000127 |
|    n_updates          | 47699    |
|    policy_loss        | -0.179   |
|    value_loss         | 0.0608   |
------------------------------------
------------------------------------
| rollout/              |          |
|    ep_len_mean        | 562      |
|    ep_rew_mean        | 63.8     |
| time/                 |          |
|    fps                | 1091     |
|    iterations         | 47800    |
|    time_elapsed       | 350      |
|    total_timesteps    | 382400   |
| train/                |          |
|    entropy_loss       | -0.675   |
|    explained_variance | 0.749    |
|    learning_rate      | 0.000127 |
|    n_updates          | 47799    |
|    policy_loss        | -1.33    |
|    value_loss         | 4.38     |
------------------------------------
------------------------------------
| rollout/              |          |
|    ep_len_mean        | 564      |
|    ep_rew_mean        | 63.3     |
| time/                 |          |
|    fps                | 1091     |
|    iterations         | 47900    |
|    time_elapsed       | 351      |
|    total_timesteps    | 383200   |
| train/                |          |
|    entropy_loss       | -1.07    |
|    explained_variance | 0.948    |
|    learning_rate      | 0.000127 |
|    n_updates          | 47899    |
|    policy_loss        | -1.83    |
|    value_loss         | 3.75     |
------------------------------------
------------------------------------
| rollout/              |          |
|    ep_len_mean        | 572      |
|    ep_rew_mean        | 64.3     |
| time/                 |          |
|    fps                | 1091     |
|    iterations         | 48000    |
|    time_elapsed       | 351      |
|    total_timesteps    | 384000   |
| train/                |          |
|    entropy_loss       | -1.19    |
|    explained_variance | 0.863    |
|    learning_rate      | 0.000127 |
|    n_updates          | 47999    |
|    policy_loss        | -2.65    |
|    value_loss         | 7.76     |
------------------------------------
------------------------------------
| rollout/              |          |
|    ep_len_mean        | 554      |
|    ep_rew_mean        | 57       |
| time/                 |          |
|    fps                | 1091     |
|    iterations         | 48100    |
|    time_elapsed       | 352      |
|    total_timesteps    | 384800   |
| train/                |          |
|    entropy_loss       | -0.897   |
|    explained_variance | -8.38    |
|    learning_rate      | 0.000127 |
|    n_updates          | 48099    |
|    policy_loss        | 8.61     |
|    value_loss         | 129      |
------------------------------------
------------------------------------
| rollout/              |          |
|    ep_len_mean        | 555      |
|    ep_rew_mean        | 59.1     |
| time/                 |          |
|    fps                | 1091     |
|    iterations         | 48200    |
|    time_elapsed       | 353      |
|    total_timesteps    | 385600   |
| train/                |          |
|    entropy_loss       | -0.847   |
|    explained_variance | -0.0129  |
|    learning_rate      | 0.000127 |
|    n_updates          | 48199    |
|    policy_loss        | 0.166    |
|    value_loss         | 0.122    |
------------------------------------
------------------------------------
| rollout/              |          |
|    ep_len_mean        | 564      |
|    ep_rew_mean        | 61.7     |
| time/                 |          |
|    fps                | 1091     |
|    iterations         | 48300    |
|    time_elapsed       | 354      |
|    total_timesteps    | 386400   |
| train/                |          |
|    entropy_loss       | -0.957   |
|    explained_variance | 0.00783  |
|    learning_rate      | 0.000127 |
|    n_updates          | 48299    |
|    policy_loss        | 0.165    |
|    value_loss         | 0.584    |
------------------------------------
------------------------------------
| rollout/              |          |
|    ep_len_mean        | 572      |
|    ep_rew_mean        | 64.6     |
| time/                 |          |
|    fps                | 1091     |
|    iterations         | 48400    |
|    time_elapsed       | 354      |
|    total_timesteps    | 387200   |
| train/                |          |
|    entropy_loss       | -1.19    |
|    explained_variance | 0.949    |
|    learning_rate      | 0.000127 |
|    n_updates          | 48399    |
|    policy_loss        | -2.07    |
|    value_loss         | 5.32     |
------------------------------------
------------------------------------
| rollout/              |          |
|    ep_len_mean        | 563      |
|    ep_rew_mean        | 62.5     |
| time/                 |          |
|    fps                | 1091     |
|    iterations         | 48500    |
|    time_elapsed       | 355      |
|    total_timesteps    | 388000   |
| train/                |          |
|    entropy_loss       | -0.767   |
|    explained_variance | 0.774    |
|    learning_rate      | 0.000127 |
|    n_updates          | 48499    |
|    policy_loss        | -1.49    |
|    value_loss         | 4.28     |
------------------------------------
-------------------------------------
| rollout/              |           |
|    ep_len_mean        | 565       |
|    ep_rew_mean        | 61.9      |
| time/                 |           |
|    fps                | 1091      |
|    iterations         | 48600     |
|    time_elapsed       | 356       |
|    total_timesteps    | 388800    |
| train/                |           |
|    entropy_loss       | -0.733    |
|    explained_variance | -1.06e-05 |
|    learning_rate      | 0.000127  |
|    n_updates          | 48599     |
|    policy_loss        | -0.0124   |
|    value_loss         | 0.00275   |
-------------------------------------
------------------------------------
| rollout/              |          |
|    ep_len_mean        | 572      |
|    ep_rew_mean        | 64       |
| time/                 |          |
|    fps                | 1091     |
|    iterations         | 48700    |
|    time_elapsed       | 356      |
|    total_timesteps    | 389600   |
| train/                |          |
|    entropy_loss       | -0.702   |
|    explained_variance | 0.808    |
|    learning_rate      | 0.000127 |
|    n_updates          | 48699    |
|    policy_loss        | 2.52     |
|    value_loss         | 11.1     |
------------------------------------
------------------------------------
| rollout/              |          |
|    ep_len_mean        | 572      |
|    ep_rew_mean        | 64       |
| time/                 |          |
|    fps                | 1091     |
|    iterations         | 48800    |
|    time_elapsed       | 357      |
|    total_timesteps    | 390400   |
| train/                |          |
|    entropy_loss       | -0.65    |
|    explained_variance | 0.0112   |
|    learning_rate      | 0.000127 |
|    n_updates          | 48799    |
|    policy_loss        | -0.0189  |
|    value_loss         | 0.00771  |
------------------------------------
------------------------------------
| rollout/              |          |
|    ep_len_mean        | 571      |
|    ep_rew_mean        | 62.9     |
| time/                 |          |
|    fps                | 1091     |
|    iterations         | 48900    |
|    time_elapsed       | 358      |
|    total_timesteps    | 391200   |
| train/                |          |
|    entropy_loss       | -0.632   |
|    explained_variance | 0.0108   |
|    learning_rate      | 0.000127 |
|    n_updates          | 48899    |
|    policy_loss        | 0.164    |
|    value_loss         | 0.0887   |
------------------------------------
------------------------------------
| rollout/              |          |
|    ep_len_mean        | 571      |
|    ep_rew_mean        | 63.3     |
| time/                 |          |
|    fps                | 1091     |
|    iterations         | 49000    |
|    time_elapsed       | 359      |
|    total_timesteps    | 392000   |
| train/                |          |
|    entropy_loss       | -0.764   |
|    explained_variance | -0.571   |
|    learning_rate      | 0.000126 |
|    n_updates          | 48999    |
|    policy_loss        | 1.66     |
|    value_loss         | 7.55     |
------------------------------------
------------------------------------
| rollout/              |          |
|    ep_len_mean        | 579      |
|    ep_rew_mean        | 65.3     |
| time/                 |          |
|    fps                | 1091     |
|    iterations         | 49100    |
|    time_elapsed       | 359      |
|    total_timesteps    | 392800   |
| train/                |          |
|    entropy_loss       | -0.773   |
|    explained_variance | 0.0124   |
|    learning_rate      | 0.000126 |
|    n_updates          | 49099    |
|    policy_loss        | 0.0527   |
|    value_loss         | 0.12     |
------------------------------------
------------------------------------
| rollout/              |          |
|    ep_len_mean        | 573      |
|    ep_rew_mean        | 67.6     |
| time/                 |          |
|    fps                | 1091     |
|    iterations         | 49200    |
|    time_elapsed       | 360      |
|    total_timesteps    | 393600   |
| train/                |          |
|    entropy_loss       | -0.972   |
|    explained_variance | 0.621    |
|    learning_rate      | 0.000126 |
|    n_updates          | 49199    |
|    policy_loss        | 0.947    |
|    value_loss         | 1.61     |
------------------------------------
------------------------------------
| rollout/              |          |
|    ep_len_mean        | 551      |
|    ep_rew_mean        | 60.7     |
| time/                 |          |
|    fps                | 1091     |
|    iterations         | 49300    |
|    time_elapsed       | 361      |
|    total_timesteps    | 394400   |
| train/                |          |
|    entropy_loss       | -0.925   |
|    explained_variance | -0.128   |
|    learning_rate      | 0.000126 |
|    n_updates          | 49299    |
|    policy_loss        | -2.49    |
|    value_loss         | 20.6     |
------------------------------------
------------------------------------
| rollout/              |          |
|    ep_len_mean        | 508      |
|    ep_rew_mean        | 50.6     |
| time/                 |          |
|    fps                | 1091     |
|    iterations         | 49400    |
|    time_elapsed       | 362      |
|    total_timesteps    | 395200   |
| train/                |          |
|    entropy_loss       | -0.953   |
|    explained_variance | 0.614    |
|    learning_rate      | 0.000126 |
|    n_updates          | 49399    |
|    policy_loss        | 0.0214   |
|    value_loss         | 0.738    |
------------------------------------
------------------------------------
| rollout/              |          |
|    ep_len_mean        | 492      |
|    ep_rew_mean        | 52.1     |
| time/                 |          |
|    fps                | 1091     |
|    iterations         | 49500    |
|    time_elapsed       | 362      |
|    total_timesteps    | 396000   |
| train/                |          |
|    entropy_loss       | -1.14    |
|    explained_variance | 0.827    |
|    learning_rate      | 0.000126 |
|    n_updates          | 49499    |
|    policy_loss        | -0.993   |
|    value_loss         | 0.887    |
------------------------------------
------------------------------------
| rollout/              |          |
|    ep_len_mean        | 469      |
|    ep_rew_mean        | 47       |
| time/                 |          |
|    fps                | 1091     |
|    iterations         | 49600    |
|    time_elapsed       | 363      |
|    total_timesteps    | 396800   |
| train/                |          |
|    entropy_loss       | -0.95    |
|    explained_variance | 0.939    |
|    learning_rate      | 0.000126 |
|    n_updates          | 49599    |
|    policy_loss        | 0.475    |
|    value_loss         | 1.17     |
------------------------------------
------------------------------------
| rollout/              |          |
|    ep_len_mean        | 468      |
|    ep_rew_mean        | 45       |
| time/                 |          |
|    fps                | 1091     |
|    iterations         | 49700    |
|    time_elapsed       | 364      |
|    total_timesteps    | 397600   |
| train/                |          |
|    entropy_loss       | -0.749   |
|    explained_variance | 0.543    |
|    learning_rate      | 0.000126 |
|    n_updates          | 49699    |
|    policy_loss        | 4.03     |
|    value_loss         | 77.7     |
------------------------------------
------------------------------------
| rollout/              |          |
|    ep_len_mean        | 459      |
|    ep_rew_mean        | 42.8     |
| time/                 |          |
|    fps                | 1090     |
|    iterations         | 49800    |
|    time_elapsed       | 365      |
|    total_timesteps    | 398400   |
| train/                |          |
|    entropy_loss       | -0.936   |
|    explained_variance | 0.988    |
|    learning_rate      | 0.000126 |
|    n_updates          | 49799    |
|    policy_loss        | -0.653   |
|    value_loss         | 1        |
------------------------------------
------------------------------------
| rollout/              |          |
|    ep_len_mean        | 451      |
|    ep_rew_mean        | 41.9     |
| time/                 |          |
|    fps                | 1089     |
|    iterations         | 49900    |
|    time_elapsed       | 366      |
|    total_timesteps    | 399200   |
| train/                |          |
|    entropy_loss       | -0.854   |
|    explained_variance | 0.576    |
|    learning_rate      | 0.000126 |
|    n_updates          | 49899    |
|    policy_loss        | 1.96     |
|    value_loss         | 68.6     |
------------------------------------
Eval num_timesteps=400000, episode_reward=-2.56 +/- 43.63
Episode length: 251.00 +/- 28.32
------------------------------------
| eval/                 |          |
|    mean_ep_length     | 251      |
|    mean_reward        | -2.56    |
| time/                 |          |
|    total_timesteps    | 400000   |
| train/                |          |
|    entropy_loss       | -1.24    |
|    explained_variance | 0.377    |
|    learning_rate      | 0.000126 |
|    n_updates          | 49999    |
|    policy_loss        | 2.1      |
|    value_loss         | 5.61     |
------------------------------------
---------------------------------
| rollout/           |          |
|    ep_len_mean     | 450      |
|    ep_rew_mean     | 42.1     |
| time/              |          |
|    fps             | 1087     |
|    iterations      | 50000    |
|    time_elapsed    | 367      |
|    total_timesteps | 400000   |
---------------------------------
------------------------------------
| rollout/              |          |
|    ep_len_mean        | 444      |
|    ep_rew_mean        | 43.3     |
| time/                 |          |
|    fps                | 1087     |
|    iterations         | 50100    |
|    time_elapsed       | 368      |
|    total_timesteps    | 400800   |
| train/                |          |
|    entropy_loss       | -1.11    |
|    explained_variance | 0.95     |
|    learning_rate      | 0.000126 |
|    n_updates          | 50099    |
|    policy_loss        | 1.85     |
|    value_loss         | 2.75     |
------------------------------------
------------------------------------
| rollout/              |          |
|    ep_len_mean        | 434      |
|    ep_rew_mean        | 37.7     |
| time/                 |          |
|    fps                | 1087     |
|    iterations         | 50200    |
|    time_elapsed       | 369      |
|    total_timesteps    | 401600   |
| train/                |          |
|    entropy_loss       | -0.949   |
|    explained_variance | 0.779    |
|    learning_rate      | 0.000126 |
|    n_updates          | 50199    |
|    policy_loss        | -2.33    |
|    value_loss         | 23.3     |
------------------------------------
------------------------------------
| rollout/              |          |
|    ep_len_mean        | 442      |
|    ep_rew_mean        | 39.2     |
| time/                 |          |
|    fps                | 1087     |
|    iterations         | 50300    |
|    time_elapsed       | 370      |
|    total_timesteps    | 402400   |
| train/                |          |
|    entropy_loss       | -0.96    |
|    explained_variance | -0.135   |
|    learning_rate      | 0.000126 |
|    n_updates          | 50299    |
|    policy_loss        | -1.46    |
|    value_loss         | 8.43     |
------------------------------------
------------------------------------
| rollout/              |          |
|    ep_len_mean        | 434      |
|    ep_rew_mean        | 36.7     |
| time/                 |          |
|    fps                | 1087     |
|    iterations         | 50400    |
|    time_elapsed       | 370      |
|    total_timesteps    | 403200   |
| train/                |          |
|    entropy_loss       | -0.794   |
|    explained_variance | -0.0226  |
|    learning_rate      | 0.000126 |
|    n_updates          | 50399    |
|    policy_loss        | -0.2     |
|    value_loss         | 0.0718   |
------------------------------------
------------------------------------
| rollout/              |          |
|    ep_len_mean        | 434      |
|    ep_rew_mean        | 37.3     |
| time/                 |          |
|    fps                | 1087     |
|    iterations         | 50500    |
|    time_elapsed       | 371      |
|    total_timesteps    | 404000   |
| train/                |          |
|    entropy_loss       | -0.816   |
|    explained_variance | 0.00519  |
|    learning_rate      | 0.000126 |
|    n_updates          | 50499    |
|    policy_loss        | -0.00947 |
|    value_loss         | 0.105    |
------------------------------------
------------------------------------
| rollout/              |          |
|    ep_len_mean        | 434      |
|    ep_rew_mean        | 36.8     |
| time/                 |          |
|    fps                | 1087     |
|    iterations         | 50600    |
|    time_elapsed       | 372      |
|    total_timesteps    | 404800   |
| train/                |          |
|    entropy_loss       | -1.2     |
|    explained_variance | 0.634    |
|    learning_rate      | 0.000126 |
|    n_updates          | 50599    |
|    policy_loss        | -1.38    |
|    value_loss         | 6.5      |
------------------------------------
------------------------------------
| rollout/              |          |
|    ep_len_mean        | 409      |
|    ep_rew_mean        | 30.2     |
| time/                 |          |
|    fps                | 1087     |
|    iterations         | 50700    |
|    time_elapsed       | 372      |
|    total_timesteps    | 405600   |
| train/                |          |
|    entropy_loss       | -0.752   |
|    explained_variance | 0.869    |
|    learning_rate      | 0.000126 |
|    n_updates          | 50699    |
|    policy_loss        | -2.05    |
|    value_loss         | 3.24     |
------------------------------------
------------------------------------
| rollout/              |          |
|    ep_len_mean        | 380      |
|    ep_rew_mean        | 19.7     |
| time/                 |          |
|    fps                | 1087     |
|    iterations         | 50800    |
|    time_elapsed       | 373      |
|    total_timesteps    | 406400   |
| train/                |          |
|    entropy_loss       | -0.284   |
|    explained_variance | 0.82     |
|    learning_rate      | 0.000126 |
|    n_updates          | 50799    |
|    policy_loss        | 0.482    |
|    value_loss         | 16.8     |
------------------------------------
------------------------------------
| rollout/              |          |
|    ep_len_mean        | 364      |
|    ep_rew_mean        | 15.2     |
| time/                 |          |
|    fps                | 1087     |
|    iterations         | 50900    |
|    time_elapsed       | 374      |
|    total_timesteps    | 407200   |
| train/                |          |
|    entropy_loss       | -0.579   |
|    explained_variance | 0.933    |
|    learning_rate      | 0.000126 |
|    n_updates          | 50899    |
|    policy_loss        | -0.141   |
|    value_loss         | 0.3      |
------------------------------------
------------------------------------
| rollout/              |          |
|    ep_len_mean        | 364      |
|    ep_rew_mean        | 15.4     |
| time/                 |          |
|    fps                | 1087     |
|    iterations         | 51000    |
|    time_elapsed       | 375      |
|    total_timesteps    | 408000   |
| train/                |          |
|    entropy_loss       | -0.795   |
|    explained_variance | -0.17    |
|    learning_rate      | 0.000126 |
|    n_updates          | 50999    |
|    policy_loss        | 0.000504 |
|    value_loss         | 0.00199  |
------------------------------------
------------------------------------
| rollout/              |          |
|    ep_len_mean        | 373      |
|    ep_rew_mean        | 16.4     |
| time/                 |          |
|    fps                | 1087     |
|    iterations         | 51100    |
|    time_elapsed       | 375      |
|    total_timesteps    | 408800   |
| train/                |          |
|    entropy_loss       | -0.757   |
|    explained_variance | 0.691    |
|    learning_rate      | 0.000125 |
|    n_updates          | 51099    |
|    policy_loss        | -2.31    |
|    value_loss         | 6.48     |
------------------------------------
------------------------------------
| rollout/              |          |
|    ep_len_mean        | 373      |
|    ep_rew_mean        | 16.4     |
| time/                 |          |
|    fps                | 1087     |
|    iterations         | 51200    |
|    time_elapsed       | 376      |
|    total_timesteps    | 409600   |
| train/                |          |
|    entropy_loss       | -0.976   |
|    explained_variance | 0.769    |
|    learning_rate      | 0.000125 |
|    n_updates          | 51199    |
|    policy_loss        | 1.83     |
|    value_loss         | 28.7     |
------------------------------------
------------------------------------
| rollout/              |          |
|    ep_len_mean        | 367      |
|    ep_rew_mean        | 17.2     |
| time/                 |          |
|    fps                | 1087     |
|    iterations         | 51300    |
|    time_elapsed       | 377      |
|    total_timesteps    | 410400   |
| train/                |          |
|    entropy_loss       | -1.11    |
|    explained_variance | 0.796    |
|    learning_rate      | 0.000125 |
|    n_updates          | 51299    |
|    policy_loss        | 1.97     |
|    value_loss         | 5.14     |
------------------------------------
------------------------------------
| rollout/              |          |
|    ep_len_mean        | 367      |
|    ep_rew_mean        | 17.2     |
| time/                 |          |
|    fps                | 1087     |
|    iterations         | 51400    |
|    time_elapsed       | 377      |
|    total_timesteps    | 411200   |
| train/                |          |
|    entropy_loss       | -0.886   |
|    explained_variance | 0.894    |
|    learning_rate      | 0.000125 |
|    n_updates          | 51399    |
|    policy_loss        | 1.12     |
|    value_loss         | 1.86     |
------------------------------------
------------------------------------
| rollout/              |          |
|    ep_len_mean        | 363      |
|    ep_rew_mean        | 13.5     |
| time/                 |          |
|    fps                | 1087     |
|    iterations         | 51500    |
|    time_elapsed       | 378      |
|    total_timesteps    | 412000   |
| train/                |          |
|    entropy_loss       | -0.59    |
|    explained_variance | 0.858    |
|    learning_rate      | 0.000125 |
|    n_updates          | 51499    |
|    policy_loss        | 0.325    |
|    value_loss         | 1.6      |
------------------------------------
------------------------------------
| rollout/              |          |
|    ep_len_mean        | 363      |
|    ep_rew_mean        | 13.5     |
| time/                 |          |
|    fps                | 1087     |
|    iterations         | 51600    |
|    time_elapsed       | 379      |
|    total_timesteps    | 412800   |
| train/                |          |
|    entropy_loss       | -0.715   |
|    explained_variance | -0.0109  |
|    learning_rate      | 0.000125 |
|    n_updates          | 51599    |
|    policy_loss        | -0.0454  |
|    value_loss         | 0.015    |
------------------------------------
------------------------------------
| rollout/              |          |
|    ep_len_mean        | 365      |
|    ep_rew_mean        | 9.06     |
| time/                 |          |
|    fps                | 1087     |
|    iterations         | 51700    |
|    time_elapsed       | 380      |
|    total_timesteps    | 413600   |
| train/                |          |
|    entropy_loss       | -0.855   |
|    explained_variance | 0.668    |
|    learning_rate      | 0.000125 |
|    n_updates          | 51699    |
|    policy_loss        | -1.07    |
|    value_loss         | 1.79     |
------------------------------------
------------------------------------
| rollout/              |          |
|    ep_len_mean        | 369      |
|    ep_rew_mean        | 5.61     |
| time/                 |          |
|    fps                | 1087     |
|    iterations         | 51800    |
|    time_elapsed       | 380      |
|    total_timesteps    | 414400   |
| train/                |          |
|    entropy_loss       | -1.08    |
|    explained_variance | -1.82    |
|    learning_rate      | 0.000125 |
|    n_updates          | 51799    |
|    policy_loss        | 1.76     |
|    value_loss         | 9.39     |
------------------------------------
------------------------------------
| rollout/              |          |
|    ep_len_mean        | 362      |
|    ep_rew_mean        | 2.82     |
| time/                 |          |
|    fps                | 1087     |
|    iterations         | 51900    |
|    time_elapsed       | 381      |
|    total_timesteps    | 415200   |
| train/                |          |
|    entropy_loss       | -0.511   |
|    explained_variance | 0.92     |
|    learning_rate      | 0.000125 |
|    n_updates          | 51899    |
|    policy_loss        | -1.6     |
|    value_loss         | 6.77     |
------------------------------------
------------------------------------
| rollout/              |          |
|    ep_len_mean        | 369      |
|    ep_rew_mean        | 3.07     |
| time/                 |          |
|    fps                | 1087     |
|    iterations         | 52000    |
|    time_elapsed       | 382      |
|    total_timesteps    | 416000   |
| train/                |          |
|    entropy_loss       | -0.993   |
|    explained_variance | -5.05    |
|    learning_rate      | 0.000125 |
|    n_updates          | 51999    |
|    policy_loss        | -6.88    |
|    value_loss         | 59.2     |
------------------------------------
------------------------------------
| rollout/              |          |
|    ep_len_mean        | 361      |
|    ep_rew_mean        | -3.05    |
| time/                 |          |
|    fps                | 1087     |
|    iterations         | 52100    |
|    time_elapsed       | 383      |
|    total_timesteps    | 416800   |
| train/                |          |
|    entropy_loss       | -1.17    |
|    explained_variance | -0.75    |
|    learning_rate      | 0.000125 |
|    n_updates          | 52099    |
|    policy_loss        | -0.692   |
|    value_loss         | 2.68     |
------------------------------------
------------------------------------
| rollout/              |          |
|    ep_len_mean        | 354      |
|    ep_rew_mean        | -8.9     |
| time/                 |          |
|    fps                | 1087     |
|    iterations         | 52200    |
|    time_elapsed       | 383      |
|    total_timesteps    | 417600   |
| train/                |          |
|    entropy_loss       | -0.573   |
|    explained_variance | 0.714    |
|    learning_rate      | 0.000125 |
|    n_updates          | 52199    |
|    policy_loss        | -2.58    |
|    value_loss         | 20.6     |
------------------------------------
------------------------------------
| rollout/              |          |
|    ep_len_mean        | 354      |
|    ep_rew_mean        | -12.1    |
| time/                 |          |
|    fps                | 1088     |
|    iterations         | 52300    |
|    time_elapsed       | 384      |
|    total_timesteps    | 418400   |
| train/                |          |
|    entropy_loss       | -0.426   |
|    explained_variance | -8.64    |
|    learning_rate      | 0.000125 |
|    n_updates          | 52299    |
|    policy_loss        | -0.306   |
|    value_loss         | 19.7     |
------------------------------------
------------------------------------
| rollout/              |          |
|    ep_len_mean        | 346      |
|    ep_rew_mean        | -17      |
| time/                 |          |
|    fps                | 1087     |
|    iterations         | 52400    |
|    time_elapsed       | 385      |
|    total_timesteps    | 419200   |
| train/                |          |
|    entropy_loss       | -0.584   |
|    explained_variance | 0.17     |
|    learning_rate      | 0.000125 |
|    n_updates          | 52399    |
|    policy_loss        | -0.503   |
|    value_loss         | 6.43     |
------------------------------------
------------------------------------
| rollout/              |          |
|    ep_len_mean        | 347      |
|    ep_rew_mean        | -17.8    |
| time/                 |          |
|    fps                | 1087     |
|    iterations         | 52500    |
|    time_elapsed       | 386      |
|    total_timesteps    | 420000   |
| train/                |          |
|    entropy_loss       | -0.849   |
|    explained_variance | 0.639    |
|    learning_rate      | 0.000125 |
|    n_updates          | 52499    |
|    policy_loss        | 1.95     |
|    value_loss         | 9.69     |
------------------------------------
------------------------------------
| rollout/              |          |
|    ep_len_mean        | 324      |
|    ep_rew_mean        | -24.7    |
| time/                 |          |
|    fps                | 1088     |
|    iterations         | 52600    |
|    time_elapsed       | 386      |
|    total_timesteps    | 420800   |
| train/                |          |
|    entropy_loss       | -0.955   |
|    explained_variance | -7.54    |
|    learning_rate      | 0.000125 |
|    n_updates          | 52599    |
|    policy_loss        | -2.1     |
|    value_loss         | 10.1     |
------------------------------------
------------------------------------
| rollout/              |          |
|    ep_len_mean        | 309      |
|    ep_rew_mean        | -34.1    |
| time/                 |          |
|    fps                | 1087     |
|    iterations         | 52700    |
|    time_elapsed       | 387      |
|    total_timesteps    | 421600   |
| train/                |          |
|    entropy_loss       | -0.595   |
|    explained_variance | -0.423   |
|    learning_rate      | 0.000125 |
|    n_updates          | 52699    |
|    policy_loss        | 1.93     |
|    value_loss         | 14.4     |
------------------------------------
------------------------------------
| rollout/              |          |
|    ep_len_mean        | 293      |
|    ep_rew_mean        | -44.2    |
| time/                 |          |
|    fps                | 1088     |
|    iterations         | 52800    |
|    time_elapsed       | 388      |
|    total_timesteps    | 422400   |
| train/                |          |
|    entropy_loss       | -0.964   |
|    explained_variance | 0.539    |
|    learning_rate      | 0.000125 |
|    n_updates          | 52799    |
|    policy_loss        | 2.74     |
|    value_loss         | 13.7     |
------------------------------------
------------------------------------
| rollout/              |          |
|    ep_len_mean        | 292      |
|    ep_rew_mean        | -47.5    |
| time/                 |          |
|    fps                | 1088     |
|    iterations         | 52900    |
|    time_elapsed       | 388      |
|    total_timesteps    | 423200   |
| train/                |          |
|    entropy_loss       | -1.27    |
|    explained_variance | 0.363    |
|    learning_rate      | 0.000125 |
|    n_updates          | 52899    |
|    policy_loss        | 0.833    |
|    value_loss         | 1.57     |
------------------------------------
------------------------------------
| rollout/              |          |
|    ep_len_mean        | 294      |
|    ep_rew_mean        | -51.3    |
| time/                 |          |
|    fps                | 1088     |
|    iterations         | 53000    |
|    time_elapsed       | 389      |
|    total_timesteps    | 424000   |
| train/                |          |
|    entropy_loss       | -0.972   |
|    explained_variance | 0.123    |
|    learning_rate      | 0.000125 |
|    n_updates          | 52999    |
|    policy_loss        | -1.58    |
|    value_loss         | 6.05     |
------------------------------------
------------------------------------
| rollout/              |          |
|    ep_len_mean        | 294      |
|    ep_rew_mean        | -52.1    |
| time/                 |          |
|    fps                | 1088     |
|    iterations         | 53100    |
|    time_elapsed       | 390      |
|    total_timesteps    | 424800   |
| train/                |          |
|    entropy_loss       | -0.823   |
|    explained_variance | 0.0536   |
|    learning_rate      | 0.000125 |
|    n_updates          | 53099    |
|    policy_loss        | -0.427   |
|    value_loss         | 0.0707   |
------------------------------------
------------------------------------
| rollout/              |          |
|    ep_len_mean        | 303      |
|    ep_rew_mean        | -51.2    |
| time/                 |          |
|    fps                | 1088     |
|    iterations         | 53200    |
|    time_elapsed       | 391      |
|    total_timesteps    | 425600   |
| train/                |          |
|    entropy_loss       | -0.939   |
|    explained_variance | 0.0453   |
|    learning_rate      | 0.000124 |
|    n_updates          | 53199    |
|    policy_loss        | -6.34    |
|    value_loss         | 57.4     |
------------------------------------
------------------------------------
| rollout/              |          |
|    ep_len_mean        | 303      |
|    ep_rew_mean        | -56.5    |
| time/                 |          |
|    fps                | 1088     |
|    iterations         | 53300    |
|    time_elapsed       | 391      |
|    total_timesteps    | 426400   |
| train/                |          |
|    entropy_loss       | -1.13    |
|    explained_variance | 0.0847   |
|    learning_rate      | 0.000124 |
|    n_updates          | 53299    |
|    policy_loss        | 2.07     |
|    value_loss         | 9.89     |
------------------------------------
------------------------------------
| rollout/              |          |
|    ep_len_mean        | 306      |
|    ep_rew_mean        | -56.3    |
| time/                 |          |
|    fps                | 1088     |
|    iterations         | 53400    |
|    time_elapsed       | 392      |
|    total_timesteps    | 427200   |
| train/                |          |
|    entropy_loss       | -0.787   |
|    explained_variance | 0.116    |
|    learning_rate      | 0.000124 |
|    n_updates          | 53399    |
|    policy_loss        | -1.71    |
|    value_loss         | 4.58     |
------------------------------------
------------------------------------
| rollout/              |          |
|    ep_len_mean        | 309      |
|    ep_rew_mean        | -56.5    |
| time/                 |          |
|    fps                | 1088     |
|    iterations         | 53500    |
|    time_elapsed       | 393      |
|    total_timesteps    | 428000   |
| train/                |          |
|    entropy_loss       | -1.1     |
|    explained_variance | 0.184    |
|    learning_rate      | 0.000124 |
|    n_updates          | 53499    |
|    policy_loss        | -16.3    |
|    value_loss         | 131      |
------------------------------------
------------------------------------
| rollout/              |          |
|    ep_len_mean        | 300      |
|    ep_rew_mean        | -61      |
| time/                 |          |
|    fps                | 1088     |
|    iterations         | 53600    |
|    time_elapsed       | 393      |
|    total_timesteps    | 428800   |
| train/                |          |
|    entropy_loss       | -0.9     |
|    explained_variance | -0.66    |
|    learning_rate      | 0.000124 |
|    n_updates          | 53599    |
|    policy_loss        | -4.91    |
|    value_loss         | 23.7     |
------------------------------------
------------------------------------
| rollout/              |          |
|    ep_len_mean        | 295      |
|    ep_rew_mean        | -63.4    |
| time/                 |          |
|    fps                | 1088     |
|    iterations         | 53700    |
|    time_elapsed       | 394      |
|    total_timesteps    | 429600   |
| train/                |          |
|    entropy_loss       | -0.694   |
|    explained_variance | 0.303    |
|    learning_rate      | 0.000124 |
|    n_updates          | 53699    |
|    policy_loss        | 0.893    |
|    value_loss         | 7.06     |
------------------------------------
------------------------------------
| rollout/              |          |
|    ep_len_mean        | 295      |
|    ep_rew_mean        | -64.5    |
| time/                 |          |
|    fps                | 1088     |
|    iterations         | 53800    |
|    time_elapsed       | 395      |
|    total_timesteps    | 430400   |
| train/                |          |
|    entropy_loss       | -0.797   |
|    explained_variance | 0.82     |
|    learning_rate      | 0.000124 |
|    n_updates          | 53799    |
|    policy_loss        | -3.87    |
|    value_loss         | 13.4     |
------------------------------------
------------------------------------
| rollout/              |          |
|    ep_len_mean        | 296      |
|    ep_rew_mean        | -65.4    |
| time/                 |          |
|    fps                | 1088     |
|    iterations         | 53900    |
|    time_elapsed       | 396      |
|    total_timesteps    | 431200   |
| train/                |          |
|    entropy_loss       | -0.844   |
|    explained_variance | -0.0778  |
|    learning_rate      | 0.000124 |
|    n_updates          | 53899    |
|    policy_loss        | -0.0283  |
|    value_loss         | 0.00679  |
------------------------------------
------------------------------------
| rollout/              |          |
|    ep_len_mean        | 298      |
|    ep_rew_mean        | -63.6    |
| time/                 |          |
|    fps                | 1088     |
|    iterations         | 54000    |
|    time_elapsed       | 396      |
|    total_timesteps    | 432000   |
| train/                |          |
|    entropy_loss       | -0.806   |
|    explained_variance | -0.0325  |
|    learning_rate      | 0.000124 |
|    n_updates          | 53999    |
|    policy_loss        | 0.101    |
|    value_loss         | 1.11e+03 |
------------------------------------
------------------------------------
| rollout/              |          |
|    ep_len_mean        | 291      |
|    ep_rew_mean        | -66.5    |
| time/                 |          |
|    fps                | 1088     |
|    iterations         | 54100    |
|    time_elapsed       | 397      |
|    total_timesteps    | 432800   |
| train/                |          |
|    entropy_loss       | -0.11    |
|    explained_variance | -0.044   |
|    learning_rate      | 0.000124 |
|    n_updates          | 54099    |
|    policy_loss        | 0.0254   |
|    value_loss         | 1.58     |
------------------------------------
------------------------------------
| rollout/              |          |
|    ep_len_mean        | 298      |
|    ep_rew_mean        | -65.4    |
| time/                 |          |
|    fps                | 1088     |
|    iterations         | 54200    |
|    time_elapsed       | 398      |
|    total_timesteps    | 433600   |
| train/                |          |
|    entropy_loss       | -0.899   |
|    explained_variance | -12.3    |
|    learning_rate      | 0.000124 |
|    n_updates          | 54199    |
|    policy_loss        | 0.197    |
|    value_loss         | 3.06     |
------------------------------------
------------------------------------
| rollout/              |          |
|    ep_len_mean        | 291      |
|    ep_rew_mean        | -68      |
| time/                 |          |
|    fps                | 1088     |
|    iterations         | 54300    |
|    time_elapsed       | 399      |
|    total_timesteps    | 434400   |
| train/                |          |
|    entropy_loss       | -0.702   |
|    explained_variance | -0.0169  |
|    learning_rate      | 0.000124 |
|    n_updates          | 54299    |
|    policy_loss        | 0.0226   |
|    value_loss         | 0.027    |
------------------------------------
------------------------------------
| rollout/              |          |
|    ep_len_mean        | 299      |
|    ep_rew_mean        | -66.4    |
| time/                 |          |
|    fps                | 1088     |
|    iterations         | 54400    |
|    time_elapsed       | 399      |
|    total_timesteps    | 435200   |
| train/                |          |
|    entropy_loss       | -0.632   |
|    explained_variance | -0.0783  |
|    learning_rate      | 0.000124 |
|    n_updates          | 54399    |
|    policy_loss        | -0.238   |
|    value_loss         | 0.542    |
------------------------------------
------------------------------------
| rollout/              |          |
|    ep_len_mean        | 305      |
|    ep_rew_mean        | -63.6    |
| time/                 |          |
|    fps                | 1088     |
|    iterations         | 54500    |
|    time_elapsed       | 400      |
|    total_timesteps    | 436000   |
| train/                |          |
|    entropy_loss       | -0.824   |
|    explained_variance | -0.446   |
|    learning_rate      | 0.000124 |
|    n_updates          | 54499    |
|    policy_loss        | -1.45    |
|    value_loss         | 4.96     |
------------------------------------
------------------------------------
| rollout/              |          |
|    ep_len_mean        | 306      |
|    ep_rew_mean        | -63.2    |
| time/                 |          |
|    fps                | 1088     |
|    iterations         | 54600    |
|    time_elapsed       | 401      |
|    total_timesteps    | 436800   |
| train/                |          |
|    entropy_loss       | -1.33    |
|    explained_variance | 0.144    |
|    learning_rate      | 0.000124 |
|    n_updates          | 54599    |
|    policy_loss        | -4.62    |
|    value_loss         | 13.8     |
------------------------------------
------------------------------------
| rollout/              |          |
|    ep_len_mean        | 308      |
|    ep_rew_mean        | -66      |
| time/                 |          |
|    fps                | 1088     |
|    iterations         | 54700    |
|    time_elapsed       | 401      |
|    total_timesteps    | 437600   |
| train/                |          |
|    entropy_loss       | -0.172   |
|    explained_variance | 0.629    |
|    learning_rate      | 0.000124 |
|    n_updates          | 54699    |
|    policy_loss        | -0.202   |
|    value_loss         | 18.6     |
------------------------------------
------------------------------------
| rollout/              |          |
|    ep_len_mean        | 308      |
|    ep_rew_mean        | -66      |
| time/                 |          |
|    fps                | 1088     |
|    iterations         | 54800    |
|    time_elapsed       | 402      |
|    total_timesteps    | 438400   |
| train/                |          |
|    entropy_loss       | -0.678   |
|    explained_variance | -0.021   |
|    learning_rate      | 0.000124 |
|    n_updates          | 54799    |
|    policy_loss        | -0.265   |
|    value_loss         | 0.162    |
------------------------------------
------------------------------------
| rollout/              |          |
|    ep_len_mean        | 305      |
|    ep_rew_mean        | -67.6    |
| time/                 |          |
|    fps                | 1089     |
|    iterations         | 54900    |
|    time_elapsed       | 403      |
|    total_timesteps    | 439200   |
| train/                |          |
|    entropy_loss       | -0.993   |
|    explained_variance | -24.5    |
|    learning_rate      | 0.000124 |
|    n_updates          | 54899    |
|    policy_loss        | 1.88     |
|    value_loss         | 5.9      |
------------------------------------
------------------------------------
| rollout/              |          |
|    ep_len_mean        | 296      |
|    ep_rew_mean        | -73.4    |
| time/                 |          |
|    fps                | 1089     |
|    iterations         | 55000    |
|    time_elapsed       | 404      |
|    total_timesteps    | 440000   |
| train/                |          |
|    entropy_loss       | -0.855   |
|    explained_variance | 0.439    |
|    learning_rate      | 0.000124 |
|    n_updates          | 54999    |
|    policy_loss        | 0.573    |
|    value_loss         | 7.92     |
------------------------------------
------------------------------------
| rollout/              |          |
|    ep_len_mean        | 296      |
|    ep_rew_mean        | -73.4    |
| time/                 |          |
|    fps                | 1089     |
|    iterations         | 55100    |
|    time_elapsed       | 404      |
|    total_timesteps    | 440800   |
| train/                |          |
|    entropy_loss       | -0.814   |
|    explained_variance | -0.159   |
|    learning_rate      | 0.000124 |
|    n_updates          | 55099    |
|    policy_loss        | 1.99     |
|    value_loss         | 69.3     |
------------------------------------
------------------------------------
| rollout/              |          |
|    ep_len_mean        | 285      |
|    ep_rew_mean        | -75      |
| time/                 |          |
|    fps                | 1089     |
|    iterations         | 55200    |
|    time_elapsed       | 405      |
|    total_timesteps    | 441600   |
| train/                |          |
|    entropy_loss       | -0.575   |
|    explained_variance | 0.595    |
|    learning_rate      | 0.000124 |
|    n_updates          | 55199    |
|    policy_loss        | 1.52     |
|    value_loss         | 3.98     |
------------------------------------
------------------------------------
| rollout/              |          |
|    ep_len_mean        | 285      |
|    ep_rew_mean        | -75      |
| time/                 |          |
|    fps                | 1089     |
|    iterations         | 55300    |
|    time_elapsed       | 406      |
|    total_timesteps    | 442400   |
| train/                |          |
|    entropy_loss       | -0.783   |
|    explained_variance | 0.741    |
|    learning_rate      | 0.000123 |
|    n_updates          | 55299    |
|    policy_loss        | 0.134    |
|    value_loss         | 4.51     |
------------------------------------
------------------------------------
| rollout/              |          |
|    ep_len_mean        | 287      |
|    ep_rew_mean        | -72.2    |
| time/                 |          |
|    fps                | 1089     |
|    iterations         | 55400    |
|    time_elapsed       | 406      |
|    total_timesteps    | 443200   |
| train/                |          |
|    entropy_loss       | -1.19    |
|    explained_variance | -0.869   |
|    learning_rate      | 0.000123 |
|    n_updates          | 55399    |
|    policy_loss        | -2.88    |
|    value_loss         | 10.9     |
------------------------------------
------------------------------------
| rollout/              |          |
|    ep_len_mean        | 281      |
|    ep_rew_mean        | -74      |
| time/                 |          |
|    fps                | 1089     |
|    iterations         | 55500    |
|    time_elapsed       | 407      |
|    total_timesteps    | 444000   |
| train/                |          |
|    entropy_loss       | -0.822   |
|    explained_variance | 0.0034   |
|    learning_rate      | 0.000123 |
|    n_updates          | 55499    |
|    policy_loss        | -0.00857 |
|    value_loss         | 0.00457  |
------------------------------------
------------------------------------
| rollout/              |          |
|    ep_len_mean        | 289      |
|    ep_rew_mean        | -70.8    |
| time/                 |          |
|    fps                | 1089     |
|    iterations         | 55600    |
|    time_elapsed       | 408      |
|    total_timesteps    | 444800   |
| train/                |          |
|    entropy_loss       | -0.556   |
|    explained_variance | 0.551    |
|    learning_rate      | 0.000123 |
|    n_updates          | 55599    |
|    policy_loss        | -2.37    |
|    value_loss         | 2.55     |
------------------------------------
------------------------------------
| rollout/              |          |
|    ep_len_mean        | 291      |
|    ep_rew_mean        | -67.3    |
| time/                 |          |
|    fps                | 1089     |
|    iterations         | 55700    |
|    time_elapsed       | 409      |
|    total_timesteps    | 445600   |
| train/                |          |
|    entropy_loss       | -0.781   |
|    explained_variance | 0.0104   |
|    learning_rate      | 0.000123 |
|    n_updates          | 55699    |
|    policy_loss        | -0.0994  |
|    value_loss         | 0.0368   |
------------------------------------
------------------------------------
| rollout/              |          |
|    ep_len_mean        | 299      |
|    ep_rew_mean        | -64.4    |
| time/                 |          |
|    fps                | 1089     |
|    iterations         | 55800    |
|    time_elapsed       | 409      |
|    total_timesteps    | 446400   |
| train/                |          |
|    entropy_loss       | -0.895   |
|    explained_variance | 0.9      |
|    learning_rate      | 0.000123 |
|    n_updates          | 55799    |
|    policy_loss        | 0.937    |
|    value_loss         | 2.79     |
------------------------------------
------------------------------------
| rollout/              |          |
|    ep_len_mean        | 308      |
|    ep_rew_mean        | -62.3    |
| time/                 |          |
|    fps                | 1089     |
|    iterations         | 55900    |
|    time_elapsed       | 410      |
|    total_timesteps    | 447200   |
| train/                |          |
|    entropy_loss       | -0.587   |
|    explained_variance | 0.237    |
|    learning_rate      | 0.000123 |
|    n_updates          | 55899    |
|    policy_loss        | -0.718   |
|    value_loss         | 2.53     |
------------------------------------
------------------------------------
| rollout/              |          |
|    ep_len_mean        | 308      |
|    ep_rew_mean        | -62.3    |
| time/                 |          |
|    fps                | 1089     |
|    iterations         | 56000    |
|    time_elapsed       | 411      |
|    total_timesteps    | 448000   |
| train/                |          |
|    entropy_loss       | -0.817   |
|    explained_variance | -0.00859 |
|    learning_rate      | 0.000123 |
|    n_updates          | 55999    |
|    policy_loss        | -0.129   |
|    value_loss         | 0.0276   |
------------------------------------
------------------------------------
| rollout/              |          |
|    ep_len_mean        | 317      |
|    ep_rew_mean        | -59.2    |
| time/                 |          |
|    fps                | 1089     |
|    iterations         | 56100    |
|    time_elapsed       | 411      |
|    total_timesteps    | 448800   |
| train/                |          |
|    entropy_loss       | -1.19    |
|    explained_variance | 0.295    |
|    learning_rate      | 0.000123 |
|    n_updates          | 56099    |
|    policy_loss        | 0.21     |
|    value_loss         | 0.28     |
------------------------------------
------------------------------------
| rollout/              |          |
|    ep_len_mean        | 317      |
|    ep_rew_mean        | -59.2    |
| time/                 |          |
|    fps                | 1089     |
|    iterations         | 56200    |
|    time_elapsed       | 412      |
|    total_timesteps    | 449600   |
| train/                |          |
|    entropy_loss       | -0.777   |
|    explained_variance | 0.762    |
|    learning_rate      | 0.000123 |
|    n_updates          | 56199    |
|    policy_loss        | 0.881    |
|    value_loss         | 6.8      |
------------------------------------
Eval num_timesteps=450000, episode_reward=-90.76 +/- 82.33
Episode length: 525.40 +/- 218.67
------------------------------------
| eval/                 |          |
|    mean_ep_length     | 525      |
|    mean_reward        | -90.8    |
| time/                 |          |
|    total_timesteps    | 450000   |
| train/                |          |
|    entropy_loss       | -0.706   |
|    explained_variance | 0.549    |
|    learning_rate      | 0.000123 |
|    n_updates          | 56249    |
|    policy_loss        | 1.88     |
|    value_loss         | 7.91     |
------------------------------------
------------------------------------
| rollout/              |          |
|    ep_len_mean        | 326      |
|    ep_rew_mean        | -55.8    |
| time/                 |          |
|    fps                | 1086     |
|    iterations         | 56300    |
|    time_elapsed       | 414      |
|    total_timesteps    | 450400   |
| train/                |          |
|    entropy_loss       | -1.1     |
|    explained_variance | -3.12    |
|    learning_rate      | 0.000123 |
|    n_updates          | 56299    |
|    policy_loss        | -0.683   |
|    value_loss         | 3.04     |
------------------------------------
------------------------------------
| rollout/              |          |
|    ep_len_mean        | 327      |
|    ep_rew_mean        | -55.5    |
| time/                 |          |
|    fps                | 1086     |
|    iterations         | 56400    |
|    time_elapsed       | 415      |
|    total_timesteps    | 451200   |
| train/                |          |
|    entropy_loss       | -0.742   |
|    explained_variance | 0.0697   |
|    learning_rate      | 0.000123 |
|    n_updates          | 56399    |
|    policy_loss        | -0.0796  |
|    value_loss         | 0.0676   |
------------------------------------
------------------------------------
| rollout/              |          |
|    ep_len_mean        | 334      |
|    ep_rew_mean        | -54      |
| time/                 |          |
|    fps                | 1086     |
|    iterations         | 56500    |
|    time_elapsed       | 415      |
|    total_timesteps    | 452000   |
| train/                |          |
|    entropy_loss       | -0.908   |
|    explained_variance | -0.00812 |
|    learning_rate      | 0.000123 |
|    n_updates          | 56499    |
|    policy_loss        | -0.557   |
|    value_loss         | 0.166    |
------------------------------------
------------------------------------
| rollout/              |          |
|    ep_len_mean        | 341      |
|    ep_rew_mean        | -52.4    |
| time/                 |          |
|    fps                | 1086     |
|    iterations         | 56600    |
|    time_elapsed       | 416      |
|    total_timesteps    | 452800   |
| train/                |          |
|    entropy_loss       | -1.31    |
|    explained_variance | -0.14    |
|    learning_rate      | 0.000123 |
|    n_updates          | 56599    |
|    policy_loss        | -4.15    |
|    value_loss         | 17.9     |
------------------------------------
------------------------------------
| rollout/              |          |
|    ep_len_mean        | 345      |
|    ep_rew_mean        | -51.7    |
| time/                 |          |
|    fps                | 1086     |
|    iterations         | 56700    |
|    time_elapsed       | 417      |
|    total_timesteps    | 453600   |
| train/                |          |
|    entropy_loss       | -1.02    |
|    explained_variance | 0.372    |
|    learning_rate      | 0.000123 |
|    n_updates          | 56699    |
|    policy_loss        | 0.447    |
|    value_loss         | 1.17     |
------------------------------------
------------------------------------
| rollout/              |          |
|    ep_len_mean        | 353      |
|    ep_rew_mean        | -50.8    |
| time/                 |          |
|    fps                | 1086     |
|    iterations         | 56800    |
|    time_elapsed       | 418      |
|    total_timesteps    | 454400   |
| train/                |          |
|    entropy_loss       | -1.21    |
|    explained_variance | 0.588    |
|    learning_rate      | 0.000123 |
|    n_updates          | 56799    |
|    policy_loss        | -0.484   |
|    value_loss         | 0.63     |
------------------------------------
------------------------------------
| rollout/              |          |
|    ep_len_mean        | 362      |
|    ep_rew_mean        | -51.5    |
| time/                 |          |
|    fps                | 1087     |
|    iterations         | 56900    |
|    time_elapsed       | 418      |
|    total_timesteps    | 455200   |
| train/                |          |
|    entropy_loss       | -1.13    |
|    explained_variance | 0.509    |
|    learning_rate      | 0.000123 |
|    n_updates          | 56899    |
|    policy_loss        | -4.26    |
|    value_loss         | 12.5     |
------------------------------------
------------------------------------
| rollout/              |          |
|    ep_len_mean        | 362      |
|    ep_rew_mean        | -51.5    |
| time/                 |          |
|    fps                | 1087     |
|    iterations         | 57000    |
|    time_elapsed       | 419      |
|    total_timesteps    | 456000   |
| train/                |          |
|    entropy_loss       | -0.552   |
|    explained_variance | 0.848    |
|    learning_rate      | 0.000123 |
|    n_updates          | 56999    |
|    policy_loss        | 1.16     |
|    value_loss         | 2.64     |
------------------------------------
------------------------------------
| rollout/              |          |
|    ep_len_mean        | 370      |
|    ep_rew_mean        | -50.3    |
| time/                 |          |
|    fps                | 1087     |
|    iterations         | 57100    |
|    time_elapsed       | 420      |
|    total_timesteps    | 456800   |
| train/                |          |
|    entropy_loss       | -1.18    |
|    explained_variance | -1.75    |
|    learning_rate      | 0.000123 |
|    n_updates          | 57099    |
|    policy_loss        | -0.944   |
|    value_loss         | 4.94     |
------------------------------------
------------------------------------
| rollout/              |          |
|    ep_len_mean        | 377      |
|    ep_rew_mean        | -50.6    |
| time/                 |          |
|    fps                | 1087     |
|    iterations         | 57200    |
|    time_elapsed       | 420      |
|    total_timesteps    | 457600   |
| train/                |          |
|    entropy_loss       | -1.14    |
|    explained_variance | 0.0737   |
|    learning_rate      | 0.000123 |
|    n_updates          | 57199    |
|    policy_loss        | -0.0727  |
|    value_loss         | 1.4      |
------------------------------------
------------------------------------
| rollout/              |          |
|    ep_len_mean        | 385      |
|    ep_rew_mean        | -50.8    |
| time/                 |          |
|    fps                | 1087     |
|    iterations         | 57300    |
|    time_elapsed       | 421      |
|    total_timesteps    | 458400   |
| train/                |          |
|    entropy_loss       | -0.53    |
|    explained_variance | 0.635    |
|    learning_rate      | 0.000122 |
|    n_updates          | 57299    |
|    policy_loss        | 1.88     |
|    value_loss         | 8.06     |
------------------------------------
------------------------------------
| rollout/              |          |
|    ep_len_mean        | 393      |
|    ep_rew_mean        | -51.1    |
| time/                 |          |
|    fps                | 1087     |
|    iterations         | 57400    |
|    time_elapsed       | 422      |
|    total_timesteps    | 459200   |
| train/                |          |
|    entropy_loss       | -0.848   |
|    explained_variance | -1.99    |
|    learning_rate      | 0.000122 |
|    n_updates          | 57399    |
|    policy_loss        | -0.102   |
|    value_loss         | 1.69     |
------------------------------------
------------------------------------
| rollout/              |          |
|    ep_len_mean        | 393      |
|    ep_rew_mean        | -51.1    |
| time/                 |          |
|    fps                | 1087     |
|    iterations         | 57500    |
|    time_elapsed       | 423      |
|    total_timesteps    | 460000   |
| train/                |          |
|    entropy_loss       | -0.979   |
|    explained_variance | 0.361    |
|    learning_rate      | 0.000122 |
|    n_updates          | 57499    |
|    policy_loss        | -4.22    |
|    value_loss         | 17.1     |
------------------------------------
------------------------------------
| rollout/              |          |
|    ep_len_mean        | 400      |
|    ep_rew_mean        | -53.4    |
| time/                 |          |
|    fps                | 1087     |
|    iterations         | 57600    |
|    time_elapsed       | 423      |
|    total_timesteps    | 460800   |
| train/                |          |
|    entropy_loss       | -0.869   |
|    explained_variance | -0.483   |
|    learning_rate      | 0.000122 |
|    n_updates          | 57599    |
|    policy_loss        | 0.184    |
|    value_loss         | 1.98     |
------------------------------------
------------------------------------
| rollout/              |          |
|    ep_len_mean        | 408      |
|    ep_rew_mean        | -53.1    |
| time/                 |          |
|    fps                | 1087     |
|    iterations         | 57700    |
|    time_elapsed       | 424      |
|    total_timesteps    | 461600   |
| train/                |          |
|    entropy_loss       | -0.974   |
|    explained_variance | 0.588    |
|    learning_rate      | 0.000122 |
|    n_updates          | 57699    |
|    policy_loss        | -0.74    |
|    value_loss         | 0.883    |
------------------------------------
------------------------------------
| rollout/              |          |
|    ep_len_mean        | 411      |
|    ep_rew_mean        | -54      |
| time/                 |          |
|    fps                | 1087     |
|    iterations         | 57800    |
|    time_elapsed       | 425      |
|    total_timesteps    | 462400   |
| train/                |          |
|    entropy_loss       | -0.913   |
|    explained_variance | 0.469    |
|    learning_rate      | 0.000122 |
|    n_updates          | 57799    |
|    policy_loss        | -2.07    |
|    value_loss         | 5.68     |
------------------------------------
------------------------------------
| rollout/              |          |
|    ep_len_mean        | 420      |
|    ep_rew_mean        | -53.6    |
| time/                 |          |
|    fps                | 1087     |
|    iterations         | 57900    |
|    time_elapsed       | 425      |
|    total_timesteps    | 463200   |
| train/                |          |
|    entropy_loss       | -1.01    |
|    explained_variance | 0.555    |
|    learning_rate      | 0.000122 |
|    n_updates          | 57899    |
|    policy_loss        | 0.625    |
|    value_loss         | 2.2      |
------------------------------------
------------------------------------
| rollout/              |          |
|    ep_len_mean        | 428      |
|    ep_rew_mean        | -52.8    |
| time/                 |          |
|    fps                | 1087     |
|    iterations         | 58000    |
|    time_elapsed       | 426      |
|    total_timesteps    | 464000   |
| train/                |          |
|    entropy_loss       | -0.356   |
|    explained_variance | 0.541    |
|    learning_rate      | 0.000122 |
|    n_updates          | 57999    |
|    policy_loss        | 2.25     |
|    value_loss         | 8.67     |
------------------------------------
------------------------------------
| rollout/              |          |
|    ep_len_mean        | 435      |
|    ep_rew_mean        | -52.5    |
| time/                 |          |
|    fps                | 1087     |
|    iterations         | 58100    |
|    time_elapsed       | 427      |
|    total_timesteps    | 464800   |
| train/                |          |
|    entropy_loss       | -1.12    |
|    explained_variance | -9.74    |
|    learning_rate      | 0.000122 |
|    n_updates          | 58099    |
|    policy_loss        | 0.813    |
|    value_loss         | 1.5      |
------------------------------------
------------------------------------
| rollout/              |          |
|    ep_len_mean        | 435      |
|    ep_rew_mean        | -52.5    |
| time/                 |          |
|    fps                | 1087     |
|    iterations         | 58200    |
|    time_elapsed       | 427      |
|    total_timesteps    | 465600   |
| train/                |          |
|    entropy_loss       | -0.743   |
|    explained_variance | -0.519   |
|    learning_rate      | 0.000122 |
|    n_updates          | 58199    |
|    policy_loss        | 3        |
|    value_loss         | 15.3     |
------------------------------------
------------------------------------
| rollout/              |          |
|    ep_len_mean        | 443      |
|    ep_rew_mean        | -51.7    |
| time/                 |          |
|    fps                | 1087     |
|    iterations         | 58300    |
|    time_elapsed       | 428      |
|    total_timesteps    | 466400   |
| train/                |          |
|    entropy_loss       | -0.881   |
|    explained_variance | 0.181    |
|    learning_rate      | 0.000122 |
|    n_updates          | 58299    |
|    policy_loss        | -0.98    |
|    value_loss         | 1.68     |
------------------------------------
------------------------------------
| rollout/              |          |
|    ep_len_mean        | 451      |
|    ep_rew_mean        | -51.4    |
| time/                 |          |
|    fps                | 1087     |
|    iterations         | 58400    |
|    time_elapsed       | 429      |
|    total_timesteps    | 467200   |
| train/                |          |
|    entropy_loss       | -0.837   |
|    explained_variance | 0.22     |
|    learning_rate      | 0.000122 |
|    n_updates          | 58399    |
|    policy_loss        | 3.08     |
|    value_loss         | 8.32     |
------------------------------------
------------------------------------
| rollout/              |          |
|    ep_len_mean        | 459      |
|    ep_rew_mean        | -51.6    |
| time/                 |          |
|    fps                | 1088     |
|    iterations         | 58500    |
|    time_elapsed       | 430      |
|    total_timesteps    | 468000   |
| train/                |          |
|    entropy_loss       | -1.2     |
|    explained_variance | 0.567    |
|    learning_rate      | 0.000122 |
|    n_updates          | 58499    |
|    policy_loss        | 1.07     |
|    value_loss         | 2.15     |
------------------------------------
------------------------------------
| rollout/              |          |
|    ep_len_mean        | 467      |
|    ep_rew_mean        | -51.2    |
| time/                 |          |
|    fps                | 1087     |
|    iterations         | 58600    |
|    time_elapsed       | 430      |
|    total_timesteps    | 468800   |
| train/                |          |
|    entropy_loss       | -0.977   |
|    explained_variance | -0.197   |
|    learning_rate      | 0.000122 |
|    n_updates          | 58599    |
|    policy_loss        | -2.5     |
|    value_loss         | 11.2     |
------------------------------------
------------------------------------
| rollout/              |          |
|    ep_len_mean        | 467      |
|    ep_rew_mean        | -51.2    |
| time/                 |          |
|    fps                | 1088     |
|    iterations         | 58700    |
|    time_elapsed       | 431      |
|    total_timesteps    | 469600   |
| train/                |          |
|    entropy_loss       | -0.79    |
|    explained_variance | 0.336    |
|    learning_rate      | 0.000122 |
|    n_updates          | 58699    |
|    policy_loss        | 2.17     |
|    value_loss         | 8.34     |
------------------------------------
------------------------------------
| rollout/              |          |
|    ep_len_mean        | 475      |
|    ep_rew_mean        | -49.9    |
| time/                 |          |
|    fps                | 1088     |
|    iterations         | 58800    |
|    time_elapsed       | 432      |
|    total_timesteps    | 470400   |
| train/                |          |
|    entropy_loss       | -1.08    |
|    explained_variance | 0.177    |
|    learning_rate      | 0.000122 |
|    n_updates          | 58799    |
|    policy_loss        | -0.00932 |
|    value_loss         | 3.6      |
------------------------------------
------------------------------------
| rollout/              |          |
|    ep_len_mean        | 483      |
|    ep_rew_mean        | -49.8    |
| time/                 |          |
|    fps                | 1088     |
|    iterations         | 58900    |
|    time_elapsed       | 433      |
|    total_timesteps    | 471200   |
| train/                |          |
|    entropy_loss       | -1.29    |
|    explained_variance | -3.72    |
|    learning_rate      | 0.000122 |
|    n_updates          | 58899    |
|    policy_loss        | -3.44    |
|    value_loss         | 13.8     |
------------------------------------
------------------------------------
| rollout/              |          |
|    ep_len_mean        | 491      |
|    ep_rew_mean        | -49.6    |
| time/                 |          |
|    fps                | 1088     |
|    iterations         | 59000    |
|    time_elapsed       | 433      |
|    total_timesteps    | 472000   |
| train/                |          |
|    entropy_loss       | -1.02    |
|    explained_variance | 0.148    |
|    learning_rate      | 0.000122 |
|    n_updates          | 58999    |
|    policy_loss        | -0.836   |
|    value_loss         | 1.09     |
------------------------------------
------------------------------------
| rollout/              |          |
|    ep_len_mean        | 499      |
|    ep_rew_mean        | -49.3    |
| time/                 |          |
|    fps                | 1088     |
|    iterations         | 59100    |
|    time_elapsed       | 434      |
|    total_timesteps    | 472800   |
| train/                |          |
|    entropy_loss       | -0.99    |
|    explained_variance | -0.737   |
|    learning_rate      | 0.000122 |
|    n_updates          | 59099    |
|    policy_loss        | -3.51    |
|    value_loss         | 32.8     |
------------------------------------
------------------------------------
| rollout/              |          |
|    ep_len_mean        | 507      |
|    ep_rew_mean        | -48.3    |
| time/                 |          |
|    fps                | 1088     |
|    iterations         | 59200    |
|    time_elapsed       | 435      |
|    total_timesteps    | 473600   |
| train/                |          |
|    entropy_loss       | -0.559   |
|    explained_variance | -5.07    |
|    learning_rate      | 0.000122 |
|    n_updates          | 59199    |
|    policy_loss        | 1.89     |
|    value_loss         | 113      |
------------------------------------
------------------------------------
| rollout/              |          |
|    ep_len_mean        | 507      |
|    ep_rew_mean        | -48.3    |
| time/                 |          |
|    fps                | 1088     |
|    iterations         | 59300    |
|    time_elapsed       | 435      |
|    total_timesteps    | 474400   |
| train/                |          |
|    entropy_loss       | -0.671   |
|    explained_variance | 0.783    |
|    learning_rate      | 0.000122 |
|    n_updates          | 59299    |
|    policy_loss        | 0.985    |
|    value_loss         | 4.42     |
------------------------------------
------------------------------------
| rollout/              |          |
|    ep_len_mean        | 515      |
|    ep_rew_mean        | -48.7    |
| time/                 |          |
|    fps                | 1088     |
|    iterations         | 59400    |
|    time_elapsed       | 436      |
|    total_timesteps    | 475200   |
| train/                |          |
|    entropy_loss       | -1.15    |
|    explained_variance | 0.253    |
|    learning_rate      | 0.000121 |
|    n_updates          | 59399    |
|    policy_loss        | -2.6     |
|    value_loss         | 7.02     |
------------------------------------
------------------------------------
| rollout/              |          |
|    ep_len_mean        | 524      |
|    ep_rew_mean        | -48.5    |
| time/                 |          |
|    fps                | 1088     |
|    iterations         | 59500    |
|    time_elapsed       | 437      |
|    total_timesteps    | 476000   |
| train/                |          |
|    entropy_loss       | -1.1     |
|    explained_variance | -4.96    |
|    learning_rate      | 0.000121 |
|    n_updates          | 59499    |
|    policy_loss        | 1.91     |
|    value_loss         | 8.14     |
------------------------------------
------------------------------------
| rollout/              |          |
|    ep_len_mean        | 532      |
|    ep_rew_mean        | -48      |
| time/                 |          |
|    fps                | 1088     |
|    iterations         | 59600    |
|    time_elapsed       | 438      |
|    total_timesteps    | 476800   |
| train/                |          |
|    entropy_loss       | -0.975   |
|    explained_variance | 0.446    |
|    learning_rate      | 0.000121 |
|    n_updates          | 59599    |
|    policy_loss        | -2.1     |
|    value_loss         | 7.63     |
------------------------------------
------------------------------------
| rollout/              |          |
|    ep_len_mean        | 540      |
|    ep_rew_mean        | -46.4    |
| time/                 |          |
|    fps                | 1088     |
|    iterations         | 59700    |
|    time_elapsed       | 438      |
|    total_timesteps    | 477600   |
| train/                |          |
|    entropy_loss       | -0.79    |
|    explained_variance | 0.868    |
|    learning_rate      | 0.000121 |
|    n_updates          | 59699    |
|    policy_loss        | -0.69    |
|    value_loss         | 0.492    |
------------------------------------
------------------------------------
| rollout/              |          |
|    ep_len_mean        | 540      |
|    ep_rew_mean        | -46.4    |
| time/                 |          |
|    fps                | 1088     |
|    iterations         | 59800    |
|    time_elapsed       | 439      |
|    total_timesteps    | 478400   |
| train/                |          |
|    entropy_loss       | -1.25    |
|    explained_variance | 0.116    |
|    learning_rate      | 0.000121 |
|    n_updates          | 59799    |
|    policy_loss        | 0.884    |
|    value_loss         | 1.42     |
------------------------------------
------------------------------------
| rollout/              |          |
|    ep_len_mean        | 548      |
|    ep_rew_mean        | -46.5    |
| time/                 |          |
|    fps                | 1088     |
|    iterations         | 59900    |
|    time_elapsed       | 440      |
|    total_timesteps    | 479200   |
| train/                |          |
|    entropy_loss       | -0.895   |
|    explained_variance | 0.937    |
|    learning_rate      | 0.000121 |
|    n_updates          | 59899    |
|    policy_loss        | 0.0938   |
|    value_loss         | 0.308    |
------------------------------------
------------------------------------
| rollout/              |          |
|    ep_len_mean        | 556      |
|    ep_rew_mean        | -44.3    |
| time/                 |          |
|    fps                | 1088     |
|    iterations         | 60000    |
|    time_elapsed       | 440      |
|    total_timesteps    | 480000   |
| train/                |          |
|    entropy_loss       | -0.85    |
|    explained_variance | 0.612    |
|    learning_rate      | 0.000121 |
|    n_updates          | 59999    |
|    policy_loss        | -2.69    |
|    value_loss         | 6.23     |
------------------------------------
------------------------------------
| rollout/              |          |
|    ep_len_mean        | 564      |
|    ep_rew_mean        | -43.8    |
| time/                 |          |
|    fps                | 1088     |
|    iterations         | 60100    |
|    time_elapsed       | 441      |
|    total_timesteps    | 480800   |
| train/                |          |
|    entropy_loss       | -1.05    |
|    explained_variance | -0.242   |
|    learning_rate      | 0.000121 |
|    n_updates          | 60099    |
|    policy_loss        | -0.277   |
|    value_loss         | 3.33     |
------------------------------------
------------------------------------
| rollout/              |          |
|    ep_len_mean        | 573      |
|    ep_rew_mean        | -44.9    |
| time/                 |          |
|    fps                | 1088     |
|    iterations         | 60200    |
|    time_elapsed       | 442      |
|    total_timesteps    | 481600   |
| train/                |          |
|    entropy_loss       | -0.879   |
|    explained_variance | -1.91    |
|    learning_rate      | 0.000121 |
|    n_updates          | 60199    |
|    policy_loss        | 1.2      |
|    value_loss         | 19.3     |
------------------------------------
------------------------------------
| rollout/              |          |
|    ep_len_mean        | 573      |
|    ep_rew_mean        | -44.9    |
| time/                 |          |
|    fps                | 1088     |
|    iterations         | 60300    |
|    time_elapsed       | 442      |
|    total_timesteps    | 482400   |
| train/                |          |
|    entropy_loss       | -1.13    |
|    explained_variance | -0.847   |
|    learning_rate      | 0.000121 |
|    n_updates          | 60299    |
|    policy_loss        | -0.94    |
|    value_loss         | 3.78     |
------------------------------------
------------------------------------
| rollout/              |          |
|    ep_len_mean        | 573      |
|    ep_rew_mean        | -45.8    |
| time/                 |          |
|    fps                | 1088     |
|    iterations         | 60400    |
|    time_elapsed       | 443      |
|    total_timesteps    | 483200   |
| train/                |          |
|    entropy_loss       | -0.833   |
|    explained_variance | 0.763    |
|    learning_rate      | 0.000121 |
|    n_updates          | 60399    |
|    policy_loss        | -0.488   |
|    value_loss         | 0.576    |
------------------------------------
------------------------------------
| rollout/              |          |
|    ep_len_mean        | 581      |
|    ep_rew_mean        | -46.4    |
| time/                 |          |
|    fps                | 1089     |
|    iterations         | 60500    |
|    time_elapsed       | 444      |
|    total_timesteps    | 484000   |
| train/                |          |
|    entropy_loss       | -0.975   |
|    explained_variance | 0.0159   |
|    learning_rate      | 0.000121 |
|    n_updates          | 60499    |
|    policy_loss        | -0.0579  |
|    value_loss         | 1.27     |
------------------------------------
------------------------------------
| rollout/              |          |
|    ep_len_mean        | 589      |
|    ep_rew_mean        | -46.4    |
| time/                 |          |
|    fps                | 1089     |
|    iterations         | 60600    |
|    time_elapsed       | 445      |
|    total_timesteps    | 484800   |
| train/                |          |
|    entropy_loss       | -1.03    |
|    explained_variance | 0.623    |
|    learning_rate      | 0.000121 |
|    n_updates          | 60599    |
|    policy_loss        | 0.706    |
|    value_loss         | 2.62     |
------------------------------------
-------------------------------------
| rollout/              |           |
|    ep_len_mean        | 596       |
|    ep_rew_mean        | -45.5     |
| time/                 |           |
|    fps                | 1089      |
|    iterations         | 60700     |
|    time_elapsed       | 445       |
|    total_timesteps    | 485600    |
| train/                |           |
|    entropy_loss       | -0.00014  |
|    explained_variance | 0.0288    |
|    learning_rate      | 0.000121  |
|    n_updates          | 60699     |
|    policy_loss        | -1.54e-05 |
|    value_loss         | 10        |
-------------------------------------
------------------------------------
| rollout/              |          |
|    ep_len_mean        | 596      |
|    ep_rew_mean        | -45.5    |
| time/                 |          |
|    fps                | 1089     |
|    iterations         | 60800    |
|    time_elapsed       | 446      |
|    total_timesteps    | 486400   |
| train/                |          |
|    entropy_loss       | -1.1     |
|    explained_variance | 0.813    |
|    learning_rate      | 0.000121 |
|    n_updates          | 60799    |
|    policy_loss        | 0.374    |
|    value_loss         | 0.541    |
------------------------------------
------------------------------------
| rollout/              |          |
|    ep_len_mean        | 604      |
|    ep_rew_mean        | -45.2    |
| time/                 |          |
|    fps                | 1089     |
|    iterations         | 60900    |
|    time_elapsed       | 447      |
|    total_timesteps    | 487200   |
| train/                |          |
|    entropy_loss       | -1.12    |
|    explained_variance | -0.772   |
|    learning_rate      | 0.000121 |
|    n_updates          | 60899    |
|    policy_loss        | 0.516    |
|    value_loss         | 3.25     |
------------------------------------
------------------------------------
| rollout/              |          |
|    ep_len_mean        | 613      |
|    ep_rew_mean        | -44.6    |
| time/                 |          |
|    fps                | 1089     |
|    iterations         | 61000    |
|    time_elapsed       | 447      |
|    total_timesteps    | 488000   |
| train/                |          |
|    entropy_loss       | -1.2     |
|    explained_variance | 0.847    |
|    learning_rate      | 0.000121 |
|    n_updates          | 60999    |
|    policy_loss        | -0.418   |
|    value_loss         | 0.304    |
------------------------------------
------------------------------------
| rollout/              |          |
|    ep_len_mean        | 620      |
|    ep_rew_mean        | -45.8    |
| time/                 |          |
|    fps                | 1089     |
|    iterations         | 61100    |
|    time_elapsed       | 448      |
|    total_timesteps    | 488800   |
| train/                |          |
|    entropy_loss       | -0.875   |
|    explained_variance | 0.578    |
|    learning_rate      | 0.000121 |
|    n_updates          | 61099    |
|    policy_loss        | -0.256   |
|    value_loss         | 0.429    |
------------------------------------
------------------------------------
| rollout/              |          |
|    ep_len_mean        | 628      |
|    ep_rew_mean        | -44.5    |
| time/                 |          |
|    fps                | 1089     |
|    iterations         | 61200    |
|    time_elapsed       | 449      |
|    total_timesteps    | 489600   |
| train/                |          |
|    entropy_loss       | -0.936   |
|    explained_variance | -11.2    |
|    learning_rate      | 0.000121 |
|    n_updates          | 61199    |
|    policy_loss        | 3.72     |
|    value_loss         | 52.9     |
------------------------------------
------------------------------------
| rollout/              |          |
|    ep_len_mean        | 628      |
|    ep_rew_mean        | -44.5    |
| time/                 |          |
|    fps                | 1089     |
|    iterations         | 61300    |
|    time_elapsed       | 450      |
|    total_timesteps    | 490400   |
| train/                |          |
|    entropy_loss       | -0.956   |
|    explained_variance | 0.384    |
|    learning_rate      | 0.000121 |
|    n_updates          | 61299    |
|    policy_loss        | -2.5     |
|    value_loss         | 5.26     |
------------------------------------
------------------------------------
| rollout/              |          |
|    ep_len_mean        | 636      |
|    ep_rew_mean        | -44.4    |
| time/                 |          |
|    fps                | 1089     |
|    iterations         | 61400    |
|    time_elapsed       | 450      |
|    total_timesteps    | 491200   |
| train/                |          |
|    entropy_loss       | -0.944   |
|    explained_variance | 0.708    |
|    learning_rate      | 0.000121 |
|    n_updates          | 61399    |
|    policy_loss        | -1.93    |
|    value_loss         | 2.91     |
------------------------------------
------------------------------------
| rollout/              |          |
|    ep_len_mean        | 643      |
|    ep_rew_mean        | -43.8    |
| time/                 |          |
|    fps                | 1089     |
|    iterations         | 61500    |
|    time_elapsed       | 451      |
|    total_timesteps    | 492000   |
| train/                |          |
|    entropy_loss       | -1       |
|    explained_variance | 0.519    |
|    learning_rate      | 0.00012  |
|    n_updates          | 61499    |
|    policy_loss        | -0.845   |
|    value_loss         | 4.11     |
------------------------------------
------------------------------------
| rollout/              |          |
|    ep_len_mean        | 651      |
|    ep_rew_mean        | -45.1    |
| time/                 |          |
|    fps                | 1089     |
|    iterations         | 61600    |
|    time_elapsed       | 452      |
|    total_timesteps    | 492800   |
| train/                |          |
|    entropy_loss       | -0.972   |
|    explained_variance | 0.96     |
|    learning_rate      | 0.00012  |
|    n_updates          | 61599    |
|    policy_loss        | 0.258    |
|    value_loss         | 0.275    |
------------------------------------
------------------------------------
| rollout/              |          |
|    ep_len_mean        | 658      |
|    ep_rew_mean        | -43.5    |
| time/                 |          |
|    fps                | 1089     |
|    iterations         | 61700    |
|    time_elapsed       | 452      |
|    total_timesteps    | 493600   |
| train/                |          |
|    entropy_loss       | -1.03    |
|    explained_variance | -1.93    |
|    learning_rate      | 0.00012  |
|    n_updates          | 61699    |
|    policy_loss        | -0.173   |
|    value_loss         | 4.22     |
------------------------------------
------------------------------------
| rollout/              |          |
|    ep_len_mean        | 658      |
|    ep_rew_mean        | -43.5    |
| time/                 |          |
|    fps                | 1089     |
|    iterations         | 61800    |
|    time_elapsed       | 453      |
|    total_timesteps    | 494400   |
| train/                |          |
|    entropy_loss       | -0.919   |
|    explained_variance | 0.904    |
|    learning_rate      | 0.00012  |
|    n_updates          | 61799    |
|    policy_loss        | 0.695    |
|    value_loss         | 1.21     |
------------------------------------
------------------------------------
| rollout/              |          |
|    ep_len_mean        | 666      |
|    ep_rew_mean        | -42.8    |
| time/                 |          |
|    fps                | 1089     |
|    iterations         | 61900    |
|    time_elapsed       | 454      |
|    total_timesteps    | 495200   |
| train/                |          |
|    entropy_loss       | -0.738   |
|    explained_variance | 0.0747   |
|    learning_rate      | 0.00012  |
|    n_updates          | 61899    |
|    policy_loss        | -0.0402  |
|    value_loss         | 1.53     |
------------------------------------
------------------------------------
| rollout/              |          |
|    ep_len_mean        | 674      |
|    ep_rew_mean        | -42.5    |
| time/                 |          |
|    fps                | 1089     |
|    iterations         | 62000    |
|    time_elapsed       | 455      |
|    total_timesteps    | 496000   |
| train/                |          |
|    entropy_loss       | -1.01    |
|    explained_variance | -3.04    |
|    learning_rate      | 0.00012  |
|    n_updates          | 61999    |
|    policy_loss        | 0.686    |
|    value_loss         | 1.97     |
------------------------------------
------------------------------------
| rollout/              |          |
|    ep_len_mean        | 683      |
|    ep_rew_mean        | -43.3    |
| time/                 |          |
|    fps                | 1089     |
|    iterations         | 62100    |
|    time_elapsed       | 455      |
|    total_timesteps    | 496800   |
| train/                |          |
|    entropy_loss       | -0.827   |
|    explained_variance | 0.149    |
|    learning_rate      | 0.00012  |
|    n_updates          | 62099    |
|    policy_loss        | 0.431    |
|    value_loss         | 2.96     |
------------------------------------
------------------------------------
| rollout/              |          |
|    ep_len_mean        | 691      |
|    ep_rew_mean        | -42.8    |
| time/                 |          |
|    fps                | 1089     |
|    iterations         | 62200    |
|    time_elapsed       | 456      |
|    total_timesteps    | 497600   |
| train/                |          |
|    entropy_loss       | -0.306   |
|    explained_variance | -6.15    |
|    learning_rate      | 0.00012  |
|    n_updates          | 62199    |
|    policy_loss        | 0.399    |
|    value_loss         | 67.3     |
------------------------------------
------------------------------------
| rollout/              |          |
|    ep_len_mean        | 691      |
|    ep_rew_mean        | -42.8    |
| time/                 |          |
|    fps                | 1089     |
|    iterations         | 62300    |
|    time_elapsed       | 457      |
|    total_timesteps    | 498400   |
| train/                |          |
|    entropy_loss       | -0.914   |
|    explained_variance | 0.588    |
|    learning_rate      | 0.00012  |
|    n_updates          | 62299    |
|    policy_loss        | -4.81    |
|    value_loss         | 11.6     |
------------------------------------
------------------------------------
| rollout/              |          |
|    ep_len_mean        | 699      |
|    ep_rew_mean        | -41.3    |
| time/                 |          |
|    fps                | 1089     |
|    iterations         | 62400    |
|    time_elapsed       | 458      |
|    total_timesteps    | 499200   |
| train/                |          |
|    entropy_loss       | -1.24    |
|    explained_variance | 0.505    |
|    learning_rate      | 0.00012  |
|    n_updates          | 62399    |
|    policy_loss        | 0.59     |
|    value_loss         | 1.52     |
------------------------------------
Eval num_timesteps=500000, episode_reward=-31.68 +/- 38.21
Episode length: 1000.00 +/- 0.00
------------------------------------
| eval/                 |          |
|    mean_ep_length     | 1e+03    |
|    mean_reward        | -31.7    |
| time/                 |          |
|    total_timesteps    | 500000   |
| train/                |          |
|    entropy_loss       | -0.988   |
|    explained_variance | 0.966    |
|    learning_rate      | 0.00012  |
|    n_updates          | 62499    |
|    policy_loss        | -0.771   |
|    value_loss         | 0.858    |
------------------------------------
---------------------------------
| rollout/           |          |
|    ep_len_mean     | 707      |
|    ep_rew_mean     | -38.1    |
| time/              |          |
|    fps             | 1085     |
|    iterations      | 62500    |
|    time_elapsed    | 460      |
|    total_timesteps | 500000   |
---------------------------------
------------------------------------
| rollout/              |          |
|    ep_len_mean        | 713      |
|    ep_rew_mean        | -37.9    |
| time/                 |          |
|    fps                | 1085     |
|    iterations         | 62600    |
|    time_elapsed       | 461      |
|    total_timesteps    | 500800   |
| train/                |          |
|    entropy_loss       | -1.25    |
|    explained_variance | 0.495    |
|    learning_rate      | 0.00012  |
|    n_updates          | 62599    |
|    policy_loss        | -0.581   |
|    value_loss         | 1.57     |
------------------------------------
------------------------------------
| rollout/              |          |
|    ep_len_mean        | 719      |
|    ep_rew_mean        | -35.7    |
| time/                 |          |
|    fps                | 1085     |
|    iterations         | 62700    |
|    time_elapsed       | 462      |
|    total_timesteps    | 501600   |
| train/                |          |
|    entropy_loss       | -0.916   |
|    explained_variance | 0.978    |
|    learning_rate      | 0.00012  |
|    n_updates          | 62699    |
|    policy_loss        | 0.969    |
|    value_loss         | 0.654    |
------------------------------------
------------------------------------
| rollout/              |          |
|    ep_len_mean        | 728      |
|    ep_rew_mean        | -34.3    |
| time/                 |          |
|    fps                | 1085     |
|    iterations         | 62800    |
|    time_elapsed       | 462      |
|    total_timesteps    | 502400   |
| train/                |          |
|    entropy_loss       | -0.753   |
|    explained_variance | 0.794    |
|    learning_rate      | 0.00012  |
|    n_updates          | 62799    |
|    policy_loss        | 0.94     |
|    value_loss         | 2.08     |
------------------------------------
------------------------------------
| rollout/              |          |
|    ep_len_mean        | 733      |
|    ep_rew_mean        | -35.6    |
| time/                 |          |
|    fps                | 1085     |
|    iterations         | 62900    |
|    time_elapsed       | 463      |
|    total_timesteps    | 503200   |
| train/                |          |
|    entropy_loss       | -1.13    |
|    explained_variance | -1.17    |
|    learning_rate      | 0.00012  |
|    n_updates          | 62899    |
|    policy_loss        | -3.63    |
|    value_loss         | 21.4     |
------------------------------------
------------------------------------
| rollout/              |          |
|    ep_len_mean        | 733      |
|    ep_rew_mean        | -35.6    |
| time/                 |          |
|    fps                | 1085     |
|    iterations         | 63000    |
|    time_elapsed       | 464      |
|    total_timesteps    | 504000   |
| train/                |          |
|    entropy_loss       | -1.07    |
|    explained_variance | 0.536    |
|    learning_rate      | 0.00012  |
|    n_updates          | 62999    |
|    policy_loss        | -1.23    |
|    value_loss         | 1.8      |
------------------------------------
------------------------------------
| rollout/              |          |
|    ep_len_mean        | 739      |
|    ep_rew_mean        | -37.9    |
| time/                 |          |
|    fps                | 1085     |
|    iterations         | 63100    |
|    time_elapsed       | 465      |
|    total_timesteps    | 504800   |
| train/                |          |
|    entropy_loss       | -0.781   |
|    explained_variance | 0.409    |
|    learning_rate      | 0.00012  |
|    n_updates          | 63099    |
|    policy_loss        | 2.04     |
|    value_loss         | 31.4     |
------------------------------------
------------------------------------
| rollout/              |          |
|    ep_len_mean        | 747      |
|    ep_rew_mean        | -37.3    |
| time/                 |          |
|    fps                | 1085     |
|    iterations         | 63200    |
|    time_elapsed       | 465      |
|    total_timesteps    | 505600   |
| train/                |          |
|    entropy_loss       | -0.834   |
|    explained_variance | 0.577    |
|    learning_rate      | 0.00012  |
|    n_updates          | 63199    |
|    policy_loss        | -1.36    |
|    value_loss         | 4.11     |
------------------------------------
------------------------------------
| rollout/              |          |
|    ep_len_mean        | 751      |
|    ep_rew_mean        | -34.5    |
| time/                 |          |
|    fps                | 1085     |
|    iterations         | 63300    |
|    time_elapsed       | 466      |
|    total_timesteps    | 506400   |
| train/                |          |
|    entropy_loss       | -1.19    |
|    explained_variance | 0.643    |
|    learning_rate      | 0.00012  |
|    n_updates          | 63299    |
|    policy_loss        | -0.248   |
|    value_loss         | 1.38     |
------------------------------------
------------------------------------
| rollout/              |          |
|    ep_len_mean        | 751      |
|    ep_rew_mean        | -35.9    |
| time/                 |          |
|    fps                | 1085     |
|    iterations         | 63400    |
|    time_elapsed       | 467      |
|    total_timesteps    | 507200   |
| train/                |          |
|    entropy_loss       | -0.778   |
|    explained_variance | 0.787    |
|    learning_rate      | 0.00012  |
|    n_updates          | 63399    |
|    policy_loss        | 1.84     |
|    value_loss         | 2.89     |
------------------------------------
------------------------------------
| rollout/              |          |
|    ep_len_mean        | 758      |
|    ep_rew_mean        | -37.3    |
| time/                 |          |
|    fps                | 1085     |
|    iterations         | 63500    |
|    time_elapsed       | 467      |
|    total_timesteps    | 508000   |
| train/                |          |
|    entropy_loss       | -0.854   |
|    explained_variance | 0.973    |
|    learning_rate      | 0.00012  |
|    n_updates          | 63499    |
|    policy_loss        | -0.428   |
|    value_loss         | 0.375    |
------------------------------------
------------------------------------
| rollout/              |          |
|    ep_len_mean        | 765      |
|    ep_rew_mean        | -35.4    |
| time/                 |          |
|    fps                | 1085     |
|    iterations         | 63600    |
|    time_elapsed       | 468      |
|    total_timesteps    | 508800   |
| train/                |          |
|    entropy_loss       | -0.966   |
|    explained_variance | 0.39     |
|    learning_rate      | 0.000119 |
|    n_updates          | 63599    |
|    policy_loss        | -1.06    |
|    value_loss         | 6.09     |
------------------------------------
------------------------------------
| rollout/              |          |
|    ep_len_mean        | 765      |
|    ep_rew_mean        | -35.4    |
| time/                 |          |
|    fps                | 1085     |
|    iterations         | 63700    |
|    time_elapsed       | 469      |
|    total_timesteps    | 509600   |
| train/                |          |
|    entropy_loss       | -0.956   |
|    explained_variance | -6.44    |
|    learning_rate      | 0.000119 |
|    n_updates          | 63699    |
|    policy_loss        | 0.448    |
|    value_loss         | 1.69     |
------------------------------------
------------------------------------
| rollout/              |          |
|    ep_len_mean        | 772      |
|    ep_rew_mean        | -34.9    |
| time/                 |          |
|    fps                | 1085     |
|    iterations         | 63800    |
|    time_elapsed       | 470      |
|    total_timesteps    | 510400   |
| train/                |          |
|    entropy_loss       | -1.02    |
|    explained_variance | 0.757    |
|    learning_rate      | 0.000119 |
|    n_updates          | 63799    |
|    policy_loss        | -1.52    |
|    value_loss         | 2.5      |
------------------------------------
------------------------------------
| rollout/              |          |
|    ep_len_mean        | 772      |
|    ep_rew_mean        | -36.3    |
| time/                 |          |
|    fps                | 1085     |
|    iterations         | 63900    |
|    time_elapsed       | 470      |
|    total_timesteps    | 511200   |
| train/                |          |
|    entropy_loss       | -0.77    |
|    explained_variance | 0.8      |
|    learning_rate      | 0.000119 |
|    n_updates          | 63899    |
|    policy_loss        | 1.68     |
|    value_loss         | 2.67     |
------------------------------------
------------------------------------
| rollout/              |          |
|    ep_len_mean        | 778      |
|    ep_rew_mean        | -32.6    |
| time/                 |          |
|    fps                | 1085     |
|    iterations         | 64000    |
|    time_elapsed       | 471      |
|    total_timesteps    | 512000   |
| train/                |          |
|    entropy_loss       | -0.58    |
|    explained_variance | 0.837    |
|    learning_rate      | 0.000119 |
|    n_updates          | 63999    |
|    policy_loss        | 0.943    |
|    value_loss         | 3.8      |
------------------------------------
------------------------------------
| rollout/              |          |
|    ep_len_mean        | 776      |
|    ep_rew_mean        | -32.1    |
| time/                 |          |
|    fps                | 1085     |
|    iterations         | 64100    |
|    time_elapsed       | 472      |
|    total_timesteps    | 512800   |
| train/                |          |
|    entropy_loss       | -0.956   |
|    explained_variance | 0.138    |
|    learning_rate      | 0.000119 |
|    n_updates          | 64099    |
|    policy_loss        | 0.761    |
|    value_loss         | 1.5      |
------------------------------------
------------------------------------
| rollout/              |          |
|    ep_len_mean        | 774      |
|    ep_rew_mean        | -32.6    |
| time/                 |          |
|    fps                | 1086     |
|    iterations         | 64200    |
|    time_elapsed       | 472      |
|    total_timesteps    | 513600   |
| train/                |          |
|    entropy_loss       | -0.88    |
|    explained_variance | 0.842    |
|    learning_rate      | 0.000119 |
|    n_updates          | 64199    |
|    policy_loss        | -1.1     |
|    value_loss         | 0.787    |
------------------------------------
------------------------------------
| rollout/              |          |
|    ep_len_mean        | 783      |
|    ep_rew_mean        | -31.1    |
| time/                 |          |
|    fps                | 1086     |
|    iterations         | 64300    |
|    time_elapsed       | 473      |
|    total_timesteps    | 514400   |
| train/                |          |
|    entropy_loss       | -0.917   |
|    explained_variance | 0.989    |
|    learning_rate      | 0.000119 |
|    n_updates          | 64299    |
|    policy_loss        | -0.0385  |
|    value_loss         | 0.0566   |
------------------------------------
------------------------------------
| rollout/              |          |
|    ep_len_mean        | 790      |
|    ep_rew_mean        | -28.4    |
| time/                 |          |
|    fps                | 1086     |
|    iterations         | 64400    |
|    time_elapsed       | 474      |
|    total_timesteps    | 515200   |
| train/                |          |
|    entropy_loss       | -0.86    |
|    explained_variance | 0.181    |
|    learning_rate      | 0.000119 |
|    n_updates          | 64399    |
|    policy_loss        | -0.946   |
|    value_loss         | 7.19     |
------------------------------------
------------------------------------
| rollout/              |          |
|    ep_len_mean        | 797      |
|    ep_rew_mean        | -27.5    |
| time/                 |          |
|    fps                | 1086     |
|    iterations         | 64500    |
|    time_elapsed       | 475      |
|    total_timesteps    | 516000   |
| train/                |          |
|    entropy_loss       | -0.786   |
|    explained_variance | 0.841    |
|    learning_rate      | 0.000119 |
|    n_updates          | 64499    |
|    policy_loss        | -1.19    |
|    value_loss         | 0.744    |
------------------------------------
------------------------------------
| rollout/              |          |
|    ep_len_mean        | 797      |
|    ep_rew_mean        | -27.5    |
| time/                 |          |
|    fps                | 1086     |
|    iterations         | 64600    |
|    time_elapsed       | 475      |
|    total_timesteps    | 516800   |
| train/                |          |
|    entropy_loss       | -0.628   |
|    explained_variance | 0.775    |
|    learning_rate      | 0.000119 |
|    n_updates          | 64599    |
|    policy_loss        | 0.404    |
|    value_loss         | 3.88     |
------------------------------------
------------------------------------
| rollout/              |          |
|    ep_len_mean        | 806      |
|    ep_rew_mean        | -25.4    |
| time/                 |          |
|    fps                | 1086     |
|    iterations         | 64700    |
|    time_elapsed       | 476      |
|    total_timesteps    | 517600   |
| train/                |          |
|    entropy_loss       | -0.807   |
|    explained_variance | -0.0892  |
|    learning_rate      | 0.000119 |
|    n_updates          | 64699    |
|    policy_loss        | 0.00659  |
|    value_loss         | 0.00346  |
------------------------------------
------------------------------------
| rollout/              |          |
|    ep_len_mean        | 815      |
|    ep_rew_mean        | -23.6    |
| time/                 |          |
|    fps                | 1086     |
|    iterations         | 64800    |
|    time_elapsed       | 477      |
|    total_timesteps    | 518400   |
| train/                |          |
|    entropy_loss       | -0.699   |
|    explained_variance | 0.937    |
|    learning_rate      | 0.000119 |
|    n_updates          | 64799    |
|    policy_loss        | 0.432    |
|    value_loss         | 1.13     |
------------------------------------
------------------------------------
| rollout/              |          |
|    ep_len_mean        | 815      |
|    ep_rew_mean        | -23.6    |
| time/                 |          |
|    fps                | 1086     |
|    iterations         | 64900    |
|    time_elapsed       | 477      |
|    total_timesteps    | 519200   |
| train/                |          |
|    entropy_loss       | -0.853   |
|    explained_variance | 0.213    |
|    learning_rate      | 0.000119 |
|    n_updates          | 64899    |
|    policy_loss        | 1.29     |
|    value_loss         | 50.2     |
------------------------------------
------------------------------------
| rollout/              |          |
|    ep_len_mean        | 823      |
|    ep_rew_mean        | -21.8    |
| time/                 |          |
|    fps                | 1086     |
|    iterations         | 65000    |
|    time_elapsed       | 478      |
|    total_timesteps    | 520000   |
| train/                |          |
|    entropy_loss       | -0.637   |
|    explained_variance | 0.0723   |
|    learning_rate      | 0.000119 |
|    n_updates          | 64999    |
|    policy_loss        | -0.0483  |
|    value_loss         | 0.0143   |
------------------------------------
------------------------------------
| rollout/              |          |
|    ep_len_mean        | 830      |
|    ep_rew_mean        | -19.8    |
| time/                 |          |
|    fps                | 1086     |
|    iterations         | 65100    |
|    time_elapsed       | 479      |
|    total_timesteps    | 520800   |
| train/                |          |
|    entropy_loss       | -0.795   |
|    explained_variance | -0.104   |
|    learning_rate      | 0.000119 |
|    n_updates          | 65099    |
|    policy_loss        | 0.0327   |
|    value_loss         | 0.0397   |
------------------------------------
------------------------------------
| rollout/              |          |
|    ep_len_mean        | 837      |
|    ep_rew_mean        | -17.2    |
| time/                 |          |
|    fps                | 1086     |
|    iterations         | 65200    |
|    time_elapsed       | 480      |
|    total_timesteps    | 521600   |
| train/                |          |
|    entropy_loss       | -0.687   |
|    explained_variance | 0.51     |
|    learning_rate      | 0.000119 |
|    n_updates          | 65199    |
|    policy_loss        | -4.74    |
|    value_loss         | 90.3     |
------------------------------------
------------------------------------
| rollout/              |          |
|    ep_len_mean        | 837      |
|    ep_rew_mean        | -17      |
| time/                 |          |
|    fps                | 1086     |
|    iterations         | 65300    |
|    time_elapsed       | 480      |
|    total_timesteps    | 522400   |
| train/                |          |
|    entropy_loss       | -0.69    |
|    explained_variance | 0.81     |
|    learning_rate      | 0.000119 |
|    n_updates          | 65299    |
|    policy_loss        | -1.56    |
|    value_loss         | 2.97     |
------------------------------------
------------------------------------
| rollout/              |          |
|    ep_len_mean        | 838      |
|    ep_rew_mean        | -16.1    |
| time/                 |          |
|    fps                | 1086     |
|    iterations         | 65400    |
|    time_elapsed       | 481      |
|    total_timesteps    | 523200   |
| train/                |          |
|    entropy_loss       | -0.735   |
|    explained_variance | 0.0999   |
|    learning_rate      | 0.000119 |
|    n_updates          | 65399    |
|    policy_loss        | 0.0325   |
|    value_loss         | 0.0512   |
------------------------------------
------------------------------------
| rollout/              |          |
|    ep_len_mean        | 847      |
|    ep_rew_mean        | -13.8    |
| time/                 |          |
|    fps                | 1086     |
|    iterations         | 65500    |
|    time_elapsed       | 482      |
|    total_timesteps    | 524000   |
| train/                |          |
|    entropy_loss       | -0.927   |
|    explained_variance | 0.962    |
|    learning_rate      | 0.000119 |
|    n_updates          | 65499    |
|    policy_loss        | -1.17    |
|    value_loss         | 2.11     |
------------------------------------
------------------------------------
| rollout/              |          |
|    ep_len_mean        | 851      |
|    ep_rew_mean        | -7.85    |
| time/                 |          |
|    fps                | 1086     |
|    iterations         | 65600    |
|    time_elapsed       | 482      |
|    total_timesteps    | 524800   |
| train/                |          |
|    entropy_loss       | -0.803   |
|    explained_variance | 0.972    |
|    learning_rate      | 0.000119 |
|    n_updates          | 65599    |
|    policy_loss        | -1.63    |
|    value_loss         | 3.54     |
------------------------------------
------------------------------------
| rollout/              |          |
|    ep_len_mean        | 855      |
|    ep_rew_mean        | -5.34    |
| time/                 |          |
|    fps                | 1086     |
|    iterations         | 65700    |
|    time_elapsed       | 483      |
|    total_timesteps    | 525600   |
| train/                |          |
|    entropy_loss       | -0.889   |
|    explained_variance | -0.422   |
|    learning_rate      | 0.000118 |
|    n_updates          | 65699    |
|    policy_loss        | 0.0503   |
|    value_loss         | 0.576    |
------------------------------------
------------------------------------
| rollout/              |          |
|    ep_len_mean        | 863      |
|    ep_rew_mean        | -3.14    |
| time/                 |          |
|    fps                | 1086     |
|    iterations         | 65800    |
|    time_elapsed       | 484      |
|    total_timesteps    | 526400   |
| train/                |          |
|    entropy_loss       | -1.14    |
|    explained_variance | 0.951    |
|    learning_rate      | 0.000118 |
|    n_updates          | 65799    |
|    policy_loss        | 0.142    |
|    value_loss         | 0.179    |
------------------------------------
------------------------------------
| rollout/              |          |
|    ep_len_mean        | 863      |
|    ep_rew_mean        | -3.14    |
| time/                 |          |
|    fps                | 1086     |
|    iterations         | 65900    |
|    time_elapsed       | 485      |
|    total_timesteps    | 527200   |
| train/                |          |
|    entropy_loss       | -0.739   |
|    explained_variance | -0.0393  |
|    learning_rate      | 0.000118 |
|    n_updates          | 65899    |
|    policy_loss        | 0.0923   |
|    value_loss         | 0.0609   |
------------------------------------
------------------------------------
| rollout/              |          |
|    ep_len_mean        | 863      |
|    ep_rew_mean        | -2.68    |
| time/                 |          |
|    fps                | 1086     |
|    iterations         | 66000    |
|    time_elapsed       | 485      |
|    total_timesteps    | 528000   |
| train/                |          |
|    entropy_loss       | -0.837   |
|    explained_variance | 0.47     |
|    learning_rate      | 0.000118 |
|    n_updates          | 65999    |
|    policy_loss        | 6.31     |
|    value_loss         | 78.3     |
------------------------------------
------------------------------------
| rollout/              |          |
|    ep_len_mean        | 871      |
|    ep_rew_mean        | -0.511   |
| time/                 |          |
|    fps                | 1086     |
|    iterations         | 66100    |
|    time_elapsed       | 486      |
|    total_timesteps    | 528800   |
| train/                |          |
|    entropy_loss       | -0.909   |
|    explained_variance | 0.919    |
|    learning_rate      | 0.000118 |
|    n_updates          | 66099    |
|    policy_loss        | -0.00539 |
|    value_loss         | 2.32     |
------------------------------------
------------------------------------
| rollout/              |          |
|    ep_len_mean        | 871      |
|    ep_rew_mean        | 0.935    |
| time/                 |          |
|    fps                | 1086     |
|    iterations         | 66200    |
|    time_elapsed       | 487      |
|    total_timesteps    | 529600   |
| train/                |          |
|    entropy_loss       | -0.681   |
|    explained_variance | 0.613    |
|    learning_rate      | 0.000118 |
|    n_updates          | 66199    |
|    policy_loss        | -1.41    |
|    value_loss         | 9.33     |
------------------------------------
------------------------------------
| rollout/              |          |
|    ep_len_mean        | 871      |
|    ep_rew_mean        | 0.935    |
| time/                 |          |
|    fps                | 1086     |
|    iterations         | 66300    |
|    time_elapsed       | 488      |
|    total_timesteps    | 530400   |
| train/                |          |
|    entropy_loss       | -0.707   |
|    explained_variance | -0.0678  |
|    learning_rate      | 0.000118 |
|    n_updates          | 66299    |
|    policy_loss        | -0.0745  |
|    value_loss         | 0.0236   |
------------------------------------
------------------------------------
| rollout/              |          |
|    ep_len_mean        | 878      |
|    ep_rew_mean        | 3.77     |
| time/                 |          |
|    fps                | 1086     |
|    iterations         | 66400    |
|    time_elapsed       | 488      |
|    total_timesteps    | 531200   |
| train/                |          |
|    entropy_loss       | -0.735   |
|    explained_variance | 0.0169   |
|    learning_rate      | 0.000118 |
|    n_updates          | 66399    |
|    policy_loss        | 0.0222   |
|    value_loss         | 0.0344   |
------------------------------------
------------------------------------
| rollout/              |          |
|    ep_len_mean        | 885      |
|    ep_rew_mean        | 5.94     |
| time/                 |          |
|    fps                | 1086     |
|    iterations         | 66500    |
|    time_elapsed       | 489      |
|    total_timesteps    | 532000   |
| train/                |          |
|    entropy_loss       | -0.688   |
|    explained_variance | 0.0832   |
|    learning_rate      | 0.000118 |
|    n_updates          | 66499    |
|    policy_loss        | -0.344   |
|    value_loss         | 0.162    |
------------------------------------
------------------------------------
| rollout/              |          |
|    ep_len_mean        | 893      |
|    ep_rew_mean        | 8.17     |
| time/                 |          |
|    fps                | 1086     |
|    iterations         | 66600    |
|    time_elapsed       | 490      |
|    total_timesteps    | 532800   |
| train/                |          |
|    entropy_loss       | -0.746   |
|    explained_variance | -0.657   |
|    learning_rate      | 0.000118 |
|    n_updates          | 66599    |
|    policy_loss        | 0.354    |
|    value_loss         | 4.35     |
------------------------------------
------------------------------------
| rollout/              |          |
|    ep_len_mean        | 897      |
|    ep_rew_mean        | 11.6     |
| time/                 |          |
|    fps                | 1086     |
|    iterations         | 66700    |
|    time_elapsed       | 490      |
|    total_timesteps    | 533600   |
| train/                |          |
|    entropy_loss       | -0.145   |
|    explained_variance | -0.153   |
|    learning_rate      | 0.000118 |
|    n_updates          | 66699    |
|    policy_loss        | 0.04     |
|    value_loss         | 2.22     |
------------------------------------
------------------------------------
| rollout/              |          |
|    ep_len_mean        | 891      |
|    ep_rew_mean        | 12.3     |
| time/                 |          |
|    fps                | 1086     |
|    iterations         | 66800    |
|    time_elapsed       | 491      |
|    total_timesteps    | 534400   |
| train/                |          |
|    entropy_loss       | -0.717   |
|    explained_variance | -0.0259  |
|    learning_rate      | 0.000118 |
|    n_updates          | 66799    |
|    policy_loss        | 0.0104   |
|    value_loss         | 0.00316  |
------------------------------------
------------------------------------
| rollout/              |          |
|    ep_len_mean        | 889      |
|    ep_rew_mean        | 8.99     |
| time/                 |          |
|    fps                | 1086     |
|    iterations         | 66900    |
|    time_elapsed       | 492      |
|    total_timesteps    | 535200   |
| train/                |          |
|    entropy_loss       | -1.01    |
|    explained_variance | 0.901    |
|    learning_rate      | 0.000118 |
|    n_updates          | 66899    |
|    policy_loss        | 0.361    |
|    value_loss         | 0.984    |
------------------------------------
------------------------------------
| rollout/              |          |
|    ep_len_mean        | 888      |
|    ep_rew_mean        | 10.1     |
| time/                 |          |
|    fps                | 1086     |
|    iterations         | 67000    |
|    time_elapsed       | 493      |
|    total_timesteps    | 536000   |
| train/                |          |
|    entropy_loss       | -0.798   |
|    explained_variance | -0.0416  |
|    learning_rate      | 0.000118 |
|    n_updates          | 66999    |
|    policy_loss        | 0.0934   |
|    value_loss         | 4.21     |
------------------------------------
------------------------------------
| rollout/              |          |
|    ep_len_mean        | 888      |
|    ep_rew_mean        | 10.1     |
| time/                 |          |
|    fps                | 1086     |
|    iterations         | 67100    |
|    time_elapsed       | 493      |
|    total_timesteps    | 536800   |
| train/                |          |
|    entropy_loss       | -0.64    |
|    explained_variance | 0.072    |
|    learning_rate      | 0.000118 |
|    n_updates          | 67099    |
|    policy_loss        | -0.0451  |
|    value_loss         | 0.0255   |
------------------------------------
------------------------------------
| rollout/              |          |
|    ep_len_mean        | 888      |
|    ep_rew_mean        | 10.7     |
| time/                 |          |
|    fps                | 1086     |
|    iterations         | 67200    |
|    time_elapsed       | 494      |
|    total_timesteps    | 537600   |
| train/                |          |
|    entropy_loss       | -0.936   |
|    explained_variance | 0.942    |
|    learning_rate      | 0.000118 |
|    n_updates          | 67199    |
|    policy_loss        | 0.374    |
|    value_loss         | 0.3      |
------------------------------------
------------------------------------
| rollout/              |          |
|    ep_len_mean        | 895      |
|    ep_rew_mean        | 12.8     |
| time/                 |          |
|    fps                | 1087     |
|    iterations         | 67300    |
|    time_elapsed       | 495      |
|    total_timesteps    | 538400   |
| train/                |          |
|    entropy_loss       | -0.846   |
|    explained_variance | 0.741    |
|    learning_rate      | 0.000118 |
|    n_updates          | 67299    |
|    policy_loss        | 1.81     |
|    value_loss         | 3.56     |
------------------------------------
------------------------------------
| rollout/              |          |
|    ep_len_mean        | 892      |
|    ep_rew_mean        | 13.4     |
| time/                 |          |
|    fps                | 1087     |
|    iterations         | 67400    |
|    time_elapsed       | 496      |
|    total_timesteps    | 539200   |
| train/                |          |
|    entropy_loss       | -0.469   |
|    explained_variance | 0.882    |
|    learning_rate      | 0.000118 |
|    n_updates          | 67399    |
|    policy_loss        | 1.88     |
|    value_loss         | 6.71     |
------------------------------------
-------------------------------------
| rollout/              |           |
|    ep_len_mean        | 892       |
|    ep_rew_mean        | 13.4      |
| time/                 |           |
|    fps                | 1087      |
|    iterations         | 67500     |
|    time_elapsed       | 496       |
|    total_timesteps    | 540000    |
| train/                |           |
|    entropy_loss       | -0.679    |
|    explained_variance | -0.000187 |
|    learning_rate      | 0.000118  |
|    n_updates          | 67499     |
|    policy_loss        | 0.102     |
|    value_loss         | 0.283     |
-------------------------------------
------------------------------------
| rollout/              |          |
|    ep_len_mean        | 899      |
|    ep_rew_mean        | 15.5     |
| time/                 |          |
|    fps                | 1087     |
|    iterations         | 67600    |
|    time_elapsed       | 497      |
|    total_timesteps    | 540800   |
| train/                |          |
|    entropy_loss       | -0.652   |
|    explained_variance | -0.0514  |
|    learning_rate      | 0.000118 |
|    n_updates          | 67599    |
|    policy_loss        | 0.0158   |
|    value_loss         | 0.0269   |
------------------------------------
------------------------------------
| rollout/              |          |
|    ep_len_mean        | 906      |
|    ep_rew_mean        | 17.8     |
| time/                 |          |
|    fps                | 1087     |
|    iterations         | 67700    |
|    time_elapsed       | 498      |
|    total_timesteps    | 541600   |
| train/                |          |
|    entropy_loss       | -0.733   |
|    explained_variance | -0.0528  |
|    learning_rate      | 0.000118 |
|    n_updates          | 67699    |
|    policy_loss        | 0.0364   |
|    value_loss         | 0.0364   |
------------------------------------
------------------------------------
| rollout/              |          |
|    ep_len_mean        | 907      |
|    ep_rew_mean        | 17.8     |
| time/                 |          |
|    fps                | 1087     |
|    iterations         | 67800    |
|    time_elapsed       | 498      |
|    total_timesteps    | 542400   |
| train/                |          |
|    entropy_loss       | -1.01    |
|    explained_variance | 0.839    |
|    learning_rate      | 0.000117 |
|    n_updates          | 67799    |
|    policy_loss        | -1.41    |
|    value_loss         | 1.99     |
------------------------------------
------------------------------------
| rollout/              |          |
|    ep_len_mean        | 907      |
|    ep_rew_mean        | 18.6     |
| time/                 |          |
|    fps                | 1087     |
|    iterations         | 67900    |
|    time_elapsed       | 499      |
|    total_timesteps    | 543200   |
| train/                |          |
|    entropy_loss       | -0.846   |
|    explained_variance | 0.939    |
|    learning_rate      | 0.000117 |
|    n_updates          | 67899    |
|    policy_loss        | 0.482    |
|    value_loss         | 0.477    |
------------------------------------
------------------------------------
| rollout/              |          |
|    ep_len_mean        | 908      |
|    ep_rew_mean        | 21.2     |
| time/                 |          |
|    fps                | 1087     |
|    iterations         | 68000    |
|    time_elapsed       | 500      |
|    total_timesteps    | 544000   |
| train/                |          |
|    entropy_loss       | -0.6     |
|    explained_variance | 0.946    |
|    learning_rate      | 0.000117 |
|    n_updates          | 67999    |
|    policy_loss        | -1.5     |
|    value_loss         | 2.4      |
------------------------------------
------------------------------------
| rollout/              |          |
|    ep_len_mean        | 908      |
|    ep_rew_mean        | 22.2     |
| time/                 |          |
|    fps                | 1087     |
|    iterations         | 68100    |
|    time_elapsed       | 501      |
|    total_timesteps    | 544800   |
| train/                |          |
|    entropy_loss       | -1       |
|    explained_variance | 0.939    |
|    learning_rate      | 0.000117 |
|    n_updates          | 68099    |
|    policy_loss        | -0.581   |
|    value_loss         | 0.408    |
------------------------------------
------------------------------------
| rollout/              |          |
|    ep_len_mean        | 905      |
|    ep_rew_mean        | 23.2     |
| time/                 |          |
|    fps                | 1086     |
|    iterations         | 68200    |
|    time_elapsed       | 501      |
|    total_timesteps    | 545600   |
| train/                |          |
|    entropy_loss       | -0.725   |
|    explained_variance | -0.3     |
|    learning_rate      | 0.000117 |
|    n_updates          | 68199    |
|    policy_loss        | -0.0563  |
|    value_loss         | 0.43     |
------------------------------------
------------------------------------
| rollout/              |          |
|    ep_len_mean        | 909      |
|    ep_rew_mean        | 25.7     |
| time/                 |          |
|    fps                | 1086     |
|    iterations         | 68300    |
|    time_elapsed       | 502      |
|    total_timesteps    | 546400   |
| train/                |          |
|    entropy_loss       | -1.07    |
|    explained_variance | 0.942    |
|    learning_rate      | 0.000117 |
|    n_updates          | 68299    |
|    policy_loss        | 0.948    |
|    value_loss         | 1.41     |
------------------------------------
------------------------------------
| rollout/              |          |
|    ep_len_mean        | 909      |
|    ep_rew_mean        | 27       |
| time/                 |          |
|    fps                | 1086     |
|    iterations         | 68400    |
|    time_elapsed       | 503      |
|    total_timesteps    | 547200   |
| train/                |          |
|    entropy_loss       | -0.52    |
|    explained_variance | 0.977    |
|    learning_rate      | 0.000117 |
|    n_updates          | 68399    |
|    policy_loss        | 0.147    |
|    value_loss         | 0.175    |
------------------------------------
------------------------------------
| rollout/              |          |
|    ep_len_mean        | 909      |
|    ep_rew_mean        | 27       |
| time/                 |          |
|    fps                | 1086     |
|    iterations         | 68500    |
|    time_elapsed       | 504      |
|    total_timesteps    | 548000   |
| train/                |          |
|    entropy_loss       | -0.772   |
|    explained_variance | 0.52     |
|    learning_rate      | 0.000117 |
|    n_updates          | 68499    |
|    policy_loss        | -0.151   |
|    value_loss         | 34.6     |
------------------------------------
------------------------------------
| rollout/              |          |
|    ep_len_mean        | 909      |
|    ep_rew_mean        | 30.1     |
| time/                 |          |
|    fps                | 1086     |
|    iterations         | 68600    |
|    time_elapsed       | 505      |
|    total_timesteps    | 548800   |
| train/                |          |
|    entropy_loss       | -0.823   |
|    explained_variance | 0.904    |
|    learning_rate      | 0.000117 |
|    n_updates          | 68599    |
|    policy_loss        | -0.618   |
|    value_loss         | 2.66     |
------------------------------------
------------------------------------
| rollout/              |          |
|    ep_len_mean        | 909      |
|    ep_rew_mean        | 32.2     |
| time/                 |          |
|    fps                | 1086     |
|    iterations         | 68700    |
|    time_elapsed       | 506      |
|    total_timesteps    | 549600   |
| train/                |          |
|    entropy_loss       | -0.719   |
|    explained_variance | 0.0186   |
|    learning_rate      | 0.000117 |
|    n_updates          | 68699    |
|    policy_loss        | -0.0661  |
|    value_loss         | 0.0287   |
------------------------------------
Eval num_timesteps=550000, episode_reward=134.82 +/- 53.12
Episode length: 769.80 +/- 118.65
------------------------------------
| eval/                 |          |
|    mean_ep_length     | 770      |
|    mean_reward        | 135      |
| time/                 |          |
|    total_timesteps    | 550000   |
| train/                |          |
|    entropy_loss       | -0.734   |
|    explained_variance | 0.448    |
|    learning_rate      | 0.000117 |
|    n_updates          | 68749    |
|    policy_loss        | 1.46     |
|    value_loss         | 79.4     |
------------------------------------
------------------------------------
| rollout/              |          |
|    ep_len_mean        | 909      |
|    ep_rew_mean        | 34.4     |
| time/                 |          |
|    fps                | 1082     |
|    iterations         | 68800    |
|    time_elapsed       | 508      |
|    total_timesteps    | 550400   |
| train/                |          |
|    entropy_loss       | -1.11    |
|    explained_variance | 0.949    |
|    learning_rate      | 0.000117 |
|    n_updates          | 68799    |
|    policy_loss        | 0.461    |
|    value_loss         | 0.432    |
------------------------------------
------------------------------------
| rollout/              |          |
|    ep_len_mean        | 910      |
|    ep_rew_mean        | 37.1     |
| time/                 |          |
|    fps                | 1082     |
|    iterations         | 68900    |
|    time_elapsed       | 509      |
|    total_timesteps    | 551200   |
| train/                |          |
|    entropy_loss       | -0.957   |
|    explained_variance | 0.932    |
|    learning_rate      | 0.000117 |
|    n_updates          | 68899    |
|    policy_loss        | 0.705    |
|    value_loss         | 1.19     |
------------------------------------
------------------------------------
| rollout/              |          |
|    ep_len_mean        | 910      |
|    ep_rew_mean        | 37.1     |
| time/                 |          |
|    fps                | 1082     |
|    iterations         | 69000    |
|    time_elapsed       | 510      |
|    total_timesteps    | 552000   |
| train/                |          |
|    entropy_loss       | -0.927   |
|    explained_variance | 0.389    |
|    learning_rate      | 0.000117 |
|    n_updates          | 68999    |
|    policy_loss        | 2.42     |
|    value_loss         | 64.4     |
------------------------------------
------------------------------------
| rollout/              |          |
|    ep_len_mean        | 910      |
|    ep_rew_mean        | 38.5     |
| time/                 |          |
|    fps                | 1082     |
|    iterations         | 69100    |
|    time_elapsed       | 510      |
|    total_timesteps    | 552800   |
| train/                |          |
|    entropy_loss       | -1.19    |
|    explained_variance | 0.863    |
|    learning_rate      | 0.000117 |
|    n_updates          | 69099    |
|    policy_loss        | -0.513   |
|    value_loss         | 0.534    |
------------------------------------
------------------------------------
| rollout/              |          |
|    ep_len_mean        | 914      |
|    ep_rew_mean        | 40.4     |
| time/                 |          |
|    fps                | 1081     |
|    iterations         | 69200    |
|    time_elapsed       | 511      |
|    total_timesteps    | 553600   |
| train/                |          |
|    entropy_loss       | -0.649   |
|    explained_variance | 0.677    |
|    learning_rate      | 0.000117 |
|    n_updates          | 69199    |
|    policy_loss        | 1.13     |
|    value_loss         | 1.89     |
------------------------------------
------------------------------------
| rollout/              |          |
|    ep_len_mean        | 914      |
|    ep_rew_mean        | 40.6     |
| time/                 |          |
|    fps                | 1082     |
|    iterations         | 69300    |
|    time_elapsed       | 512      |
|    total_timesteps    | 554400   |
| train/                |          |
|    entropy_loss       | -0.766   |
|    explained_variance | 0.435    |
|    learning_rate      | 0.000117 |
|    n_updates          | 69299    |
|    policy_loss        | -2.6     |
|    value_loss         | 9.42     |
------------------------------------
------------------------------------
| rollout/              |          |
|    ep_len_mean        | 914      |
|    ep_rew_mean        | 41       |
| time/                 |          |
|    fps                | 1082     |
|    iterations         | 69400    |
|    time_elapsed       | 513      |
|    total_timesteps    | 555200   |
| train/                |          |
|    entropy_loss       | -0.97    |
|    explained_variance | 0.766    |
|    learning_rate      | 0.000117 |
|    n_updates          | 69399    |
|    policy_loss        | -1.44    |
|    value_loss         | 2.77     |
------------------------------------
------------------------------------
| rollout/              |          |
|    ep_len_mean        | 912      |
|    ep_rew_mean        | 42.7     |
| time/                 |          |
|    fps                | 1082     |
|    iterations         | 69500    |
|    time_elapsed       | 513      |
|    total_timesteps    | 556000   |
| train/                |          |
|    entropy_loss       | -1.02    |
|    explained_variance | 0.177    |
|    learning_rate      | 0.000117 |
|    n_updates          | 69499    |
|    policy_loss        | -0.333   |
|    value_loss         | 1.42     |
------------------------------------
------------------------------------
| rollout/              |          |
|    ep_len_mean        | 908      |
|    ep_rew_mean        | 42.2     |
| time/                 |          |
|    fps                | 1081     |
|    iterations         | 69600    |
|    time_elapsed       | 514      |
|    total_timesteps    | 556800   |
| train/                |          |
|    entropy_loss       | -0.805   |
|    explained_variance | 0.476    |
|    learning_rate      | 0.000117 |
|    n_updates          | 69599    |
|    policy_loss        | -2.14    |
|    value_loss         | 5.9      |
------------------------------------
------------------------------------
| rollout/              |          |
|    ep_len_mean        | 908      |
|    ep_rew_mean        | 43       |
| time/                 |          |
|    fps                | 1081     |
|    iterations         | 69700    |
|    time_elapsed       | 515      |
|    total_timesteps    | 557600   |
| train/                |          |
|    entropy_loss       | -0.641   |
|    explained_variance | 0.263    |
|    learning_rate      | 0.000117 |
|    n_updates          | 69699    |
|    policy_loss        | -0.855   |
|    value_loss         | 4.03     |
------------------------------------
------------------------------------
| rollout/              |          |
|    ep_len_mean        | 908      |
|    ep_rew_mean        | 43       |
| time/                 |          |
|    fps                | 1082     |
|    iterations         | 69800    |
|    time_elapsed       | 516      |
|    total_timesteps    | 558400   |
| train/                |          |
|    entropy_loss       | -1.15    |
|    explained_variance | 0.43     |
|    learning_rate      | 0.000116 |
|    n_updates          | 69799    |
|    policy_loss        | -0.665   |
|    value_loss         | 0.916    |
------------------------------------
------------------------------------
| rollout/              |          |
|    ep_len_mean        | 905      |
|    ep_rew_mean        | 44.4     |
| time/                 |          |
|    fps                | 1082     |
|    iterations         | 69900    |
|    time_elapsed       | 516      |
|    total_timesteps    | 559200   |
| train/                |          |
|    entropy_loss       | -0.917   |
|    explained_variance | 0.0588   |
|    learning_rate      | 0.000116 |
|    n_updates          | 69899    |
|    policy_loss        | 4.76     |
|    value_loss         | 36.5     |
------------------------------------
------------------------------------
| rollout/              |          |
|    ep_len_mean        | 905      |
|    ep_rew_mean        | 44.4     |
| time/                 |          |
|    fps                | 1082     |
|    iterations         | 70000    |
|    time_elapsed       | 517      |
|    total_timesteps    | 560000   |
| train/                |          |
|    entropy_loss       | -0.723   |
|    explained_variance | 0.931    |
|    learning_rate      | 0.000116 |
|    n_updates          | 69999    |
|    policy_loss        | -0.205   |
|    value_loss         | 0.541    |
------------------------------------
------------------------------------
| rollout/              |          |
|    ep_len_mean        | 905      |
|    ep_rew_mean        | 44.5     |
| time/                 |          |
|    fps                | 1081     |
|    iterations         | 70100    |
|    time_elapsed       | 518      |
|    total_timesteps    | 560800   |
| train/                |          |
|    entropy_loss       | -1.02    |
|    explained_variance | 0.703    |
|    learning_rate      | 0.000116 |
|    n_updates          | 70099    |
|    policy_loss        | -1.38    |
|    value_loss         | 1.91     |
------------------------------------
------------------------------------
| rollout/              |          |
|    ep_len_mean        | 905      |
|    ep_rew_mean        | 44.6     |
| time/                 |          |
|    fps                | 1081     |
|    iterations         | 70200    |
|    time_elapsed       | 519      |
|    total_timesteps    | 561600   |
| train/                |          |
|    entropy_loss       | -1.13    |
|    explained_variance | -0.53    |
|    learning_rate      | 0.000116 |
|    n_updates          | 70199    |
|    policy_loss        | 0.0935   |
|    value_loss         | 1.82     |
------------------------------------
------------------------------------
| rollout/              |          |
|    ep_len_mean        | 906      |
|    ep_rew_mean        | 45       |
| time/                 |          |
|    fps                | 1081     |
|    iterations         | 70300    |
|    time_elapsed       | 519      |
|    total_timesteps    | 562400   |
| train/                |          |
|    entropy_loss       | -0.798   |
|    explained_variance | 0.757    |
|    learning_rate      | 0.000116 |
|    n_updates          | 70299    |
|    policy_loss        | -0.792   |
|    value_loss         | 1.34     |
------------------------------------
------------------------------------
| rollout/              |          |
|    ep_len_mean        | 906      |
|    ep_rew_mean        | 45.1     |
| time/                 |          |
|    fps                | 1081     |
|    iterations         | 70400    |
|    time_elapsed       | 520      |
|    total_timesteps    | 563200   |
| train/                |          |
|    entropy_loss       | -0.621   |
|    explained_variance | -0.277   |
|    learning_rate      | 0.000116 |
|    n_updates          | 70399    |
|    policy_loss        | 2.92     |
|    value_loss         | 67.9     |
------------------------------------
------------------------------------
| rollout/              |          |
|    ep_len_mean        | 906      |
|    ep_rew_mean        | 45.1     |
| time/                 |          |
|    fps                | 1081     |
|    iterations         | 70500    |
|    time_elapsed       | 521      |
|    total_timesteps    | 564000   |
| train/                |          |
|    entropy_loss       | -0.969   |
|    explained_variance | 0.842    |
|    learning_rate      | 0.000116 |
|    n_updates          | 70499    |
|    policy_loss        | -2.84    |
|    value_loss         | 7.47     |
------------------------------------
------------------------------------
| rollout/              |          |
|    ep_len_mean        | 899      |
|    ep_rew_mean        | 44.8     |
| time/                 |          |
|    fps                | 1081     |
|    iterations         | 70600    |
|    time_elapsed       | 522      |
|    total_timesteps    | 564800   |
| train/                |          |
|    entropy_loss       | -1.07    |
|    explained_variance | 0.799    |
|    learning_rate      | 0.000116 |
|    n_updates          | 70599    |
|    policy_loss        | -2.41    |
|    value_loss         | 6.87     |
------------------------------------
------------------------------------
| rollout/              |          |
|    ep_len_mean        | 899      |
|    ep_rew_mean        | 43.8     |
| time/                 |          |
|    fps                | 1081     |
|    iterations         | 70700    |
|    time_elapsed       | 523      |
|    total_timesteps    | 565600   |
| train/                |          |
|    entropy_loss       | -1.16    |
|    explained_variance | 0.577    |
|    learning_rate      | 0.000116 |
|    n_updates          | 70699    |
|    policy_loss        | 0.854    |
|    value_loss         | 2.12     |
------------------------------------
------------------------------------
| rollout/              |          |
|    ep_len_mean        | 899      |
|    ep_rew_mean        | 43.8     |
| time/                 |          |
|    fps                | 1081     |
|    iterations         | 70800    |
|    time_elapsed       | 523      |
|    total_timesteps    | 566400   |
| train/                |          |
|    entropy_loss       | -0.678   |
|    explained_variance | 0.727    |
|    learning_rate      | 0.000116 |
|    n_updates          | 70799    |
|    policy_loss        | -1.26    |
|    value_loss         | 2.89     |
------------------------------------
------------------------------------
| rollout/              |          |
|    ep_len_mean        | 899      |
|    ep_rew_mean        | 43.8     |
| time/                 |          |
|    fps                | 1081     |
|    iterations         | 70900    |
|    time_elapsed       | 524      |
|    total_timesteps    | 567200   |
| train/                |          |
|    entropy_loss       | -1.03    |
|    explained_variance | 0.578    |
|    learning_rate      | 0.000116 |
|    n_updates          | 70899    |
|    policy_loss        | -1.68    |
|    value_loss         | 2.82     |
------------------------------------
------------------------------------
| rollout/              |          |
|    ep_len_mean        | 899      |
|    ep_rew_mean        | 42.6     |
| time/                 |          |
|    fps                | 1081     |
|    iterations         | 71000    |
|    time_elapsed       | 525      |
|    total_timesteps    | 568000   |
| train/                |          |
|    entropy_loss       | -1.06    |
|    explained_variance | 0.567    |
|    learning_rate      | 0.000116 |
|    n_updates          | 70999    |
|    policy_loss        | 0.8      |
|    value_loss         | 2.97     |
------------------------------------
------------------------------------
| rollout/              |          |
|    ep_len_mean        | 899      |
|    ep_rew_mean        | 43.1     |
| time/                 |          |
|    fps                | 1081     |
|    iterations         | 71100    |
|    time_elapsed       | 525      |
|    total_timesteps    | 568800   |
| train/                |          |
|    entropy_loss       | -0.911   |
|    explained_variance | 0.561    |
|    learning_rate      | 0.000116 |
|    n_updates          | 71099    |
|    policy_loss        | 2.77     |
|    value_loss         | 8.37     |
------------------------------------
------------------------------------
| rollout/              |          |
|    ep_len_mean        | 899      |
|    ep_rew_mean        | 41.3     |
| time/                 |          |
|    fps                | 1081     |
|    iterations         | 71200    |
|    time_elapsed       | 526      |
|    total_timesteps    | 569600   |
| train/                |          |
|    entropy_loss       | -1.03    |
|    explained_variance | 0.461    |
|    learning_rate      | 0.000116 |
|    n_updates          | 71199    |
|    policy_loss        | -0.00991 |
|    value_loss         | 1.32     |
------------------------------------
------------------------------------
| rollout/              |          |
|    ep_len_mean        | 899      |
|    ep_rew_mean        | 41.3     |
| time/                 |          |
|    fps                | 1081     |
|    iterations         | 71300    |
|    time_elapsed       | 527      |
|    total_timesteps    | 570400   |
| train/                |          |
|    entropy_loss       | -1.07    |
|    explained_variance | 0.0331   |
|    learning_rate      | 0.000116 |
|    n_updates          | 71299    |
|    policy_loss        | 0.105    |
|    value_loss         | 1.87     |
------------------------------------
------------------------------------
| rollout/              |          |
|    ep_len_mean        | 899      |
|    ep_rew_mean        | 41       |
| time/                 |          |
|    fps                | 1081     |
|    iterations         | 71400    |
|    time_elapsed       | 528      |
|    total_timesteps    | 571200   |
| train/                |          |
|    entropy_loss       | -0.764   |
|    explained_variance | 0.649    |
|    learning_rate      | 0.000116 |
|    n_updates          | 71399    |
|    policy_loss        | 2.06     |
|    value_loss         | 5.29     |
------------------------------------
------------------------------------
| rollout/              |          |
|    ep_len_mean        | 898      |
|    ep_rew_mean        | 43.2     |
| time/                 |          |
|    fps                | 1081     |
|    iterations         | 71500    |
|    time_elapsed       | 528      |
|    total_timesteps    | 572000   |
| train/                |          |
|    entropy_loss       | -0.937   |
|    explained_variance | 0.237    |
|    learning_rate      | 0.000116 |
|    n_updates          | 71499    |
|    policy_loss        | 1.32     |
|    value_loss         | 1.79     |
------------------------------------
------------------------------------
| rollout/              |          |
|    ep_len_mean        | 898      |
|    ep_rew_mean        | 43.9     |
| time/                 |          |
|    fps                | 1081     |
|    iterations         | 71600    |
|    time_elapsed       | 529      |
|    total_timesteps    | 572800   |
| train/                |          |
|    entropy_loss       | -0.322   |
|    explained_variance | 0.903    |
|    learning_rate      | 0.000116 |
|    n_updates          | 71599    |
|    policy_loss        | -0.981   |
|    value_loss         | 0.391    |
------------------------------------
------------------------------------
| rollout/              |          |
|    ep_len_mean        | 898      |
|    ep_rew_mean        | 44.6     |
| time/                 |          |
|    fps                | 1081     |
|    iterations         | 71700    |
|    time_elapsed       | 530      |
|    total_timesteps    | 573600   |
| train/                |          |
|    entropy_loss       | -0.745   |
|    explained_variance | 0.386    |
|    learning_rate      | 0.000116 |
|    n_updates          | 71699    |
|    policy_loss        | 0.0885   |
|    value_loss         | 0.307    |
------------------------------------
------------------------------------
| rollout/              |          |
|    ep_len_mean        | 898      |
|    ep_rew_mean        | 44.9     |
| time/                 |          |
|    fps                | 1081     |
|    iterations         | 71800    |
|    time_elapsed       | 531      |
|    total_timesteps    | 574400   |
| train/                |          |
|    entropy_loss       | -0.334   |
|    explained_variance | -2.72    |
|    learning_rate      | 0.000116 |
|    n_updates          | 71799    |
|    policy_loss        | 0.294    |
|    value_loss         | 13.2     |
------------------------------------
------------------------------------
| rollout/              |          |
|    ep_len_mean        | 898      |
|    ep_rew_mean        | 44.9     |
| time/                 |          |
|    fps                | 1081     |
|    iterations         | 71900    |
|    time_elapsed       | 531      |
|    total_timesteps    | 575200   |
| train/                |          |
|    entropy_loss       | -1.07    |
|    explained_variance | 0.366    |
|    learning_rate      | 0.000115 |
|    n_updates          | 71899    |
|    policy_loss        | 1.88     |
|    value_loss         | 9.84     |
------------------------------------
------------------------------------
| rollout/              |          |
|    ep_len_mean        | 898      |
|    ep_rew_mean        | 44.5     |
| time/                 |          |
|    fps                | 1081     |
|    iterations         | 72000    |
|    time_elapsed       | 532      |
|    total_timesteps    | 576000   |
| train/                |          |
|    entropy_loss       | -0.729   |
|    explained_variance | 0.0396   |
|    learning_rate      | 0.000115 |
|    n_updates          | 71999    |
|    policy_loss        | -3.01    |
|    value_loss         | 7.19     |
------------------------------------
------------------------------------
| rollout/              |          |
|    ep_len_mean        | 898      |
|    ep_rew_mean        | 44.5     |
| time/                 |          |
|    fps                | 1081     |
|    iterations         | 72100    |
|    time_elapsed       | 533      |
|    total_timesteps    | 576800   |
| train/                |          |
|    entropy_loss       | -0.884   |
|    explained_variance | 0.535    |
|    learning_rate      | 0.000115 |
|    n_updates          | 72099    |
|    policy_loss        | 0.0537   |
|    value_loss         | 0.68     |
------------------------------------
------------------------------------
| rollout/              |          |
|    ep_len_mean        | 898      |
|    ep_rew_mean        | 44.1     |
| time/                 |          |
|    fps                | 1081     |
|    iterations         | 72200    |
|    time_elapsed       | 534      |
|    total_timesteps    | 577600   |
| train/                |          |
|    entropy_loss       | -0.906   |
|    explained_variance | 0.28     |
|    learning_rate      | 0.000115 |
|    n_updates          | 72199    |
|    policy_loss        | 0.024    |
|    value_loss         | 1.31     |
------------------------------------
------------------------------------
| rollout/              |          |
|    ep_len_mean        | 898      |
|    ep_rew_mean        | 42.4     |
| time/                 |          |
|    fps                | 1081     |
|    iterations         | 72300    |
|    time_elapsed       | 534      |
|    total_timesteps    | 578400   |
| train/                |          |
|    entropy_loss       | -0.139   |
|    explained_variance | 0.99     |
|    learning_rate      | 0.000115 |
|    n_updates          | 72299    |
|    policy_loss        | 0.0189   |
|    value_loss         | 0.542    |
------------------------------------
------------------------------------
| rollout/              |          |
|    ep_len_mean        | 898      |
|    ep_rew_mean        | 42.4     |
| time/                 |          |
|    fps                | 1081     |
|    iterations         | 72400    |
|    time_elapsed       | 535      |
|    total_timesteps    | 579200   |
| train/                |          |
|    entropy_loss       | -0.84    |
|    explained_variance | 0.69     |
|    learning_rate      | 0.000115 |
|    n_updates          | 72399    |
|    policy_loss        | 0.4      |
|    value_loss         | 2.69     |
------------------------------------
------------------------------------
| rollout/              |          |
|    ep_len_mean        | 898      |
|    ep_rew_mean        | 42       |
| time/                 |          |
|    fps                | 1081     |
|    iterations         | 72500    |
|    time_elapsed       | 536      |
|    total_timesteps    | 580000   |
| train/                |          |
|    entropy_loss       | -1.01    |
|    explained_variance | 0.404    |
|    learning_rate      | 0.000115 |
|    n_updates          | 72499    |
|    policy_loss        | 1.28     |
|    value_loss         | 6.85     |
------------------------------------
------------------------------------
| rollout/              |          |
|    ep_len_mean        | 898      |
|    ep_rew_mean        | 42.3     |
| time/                 |          |
|    fps                | 1080     |
|    iterations         | 72600    |
|    time_elapsed       | 537      |
|    total_timesteps    | 580800   |
| train/                |          |
|    entropy_loss       | -1.12    |
|    explained_variance | -0.173   |
|    learning_rate      | 0.000115 |
|    n_updates          | 72599    |
|    policy_loss        | 0.115    |
|    value_loss         | 0.955    |
------------------------------------
------------------------------------
| rollout/              |          |
|    ep_len_mean        | 898      |
|    ep_rew_mean        | 42.1     |
| time/                 |          |
|    fps                | 1080     |
|    iterations         | 72700    |
|    time_elapsed       | 538      |
|    total_timesteps    | 581600   |
| train/                |          |
|    entropy_loss       | -0.521   |
|    explained_variance | 0.635    |
|    learning_rate      | 0.000115 |
|    n_updates          | 72699    |
|    policy_loss        | -0.973   |
|    value_loss         | 6.23     |
------------------------------------
------------------------------------
| rollout/              |          |
|    ep_len_mean        | 898      |
|    ep_rew_mean        | 42.1     |
| time/                 |          |
|    fps                | 1080     |
|    iterations         | 72800    |
|    time_elapsed       | 538      |
|    total_timesteps    | 582400   |
| train/                |          |
|    entropy_loss       | -0.349   |
|    explained_variance | 0.631    |
|    learning_rate      | 0.000115 |
|    n_updates          | 72799    |
|    policy_loss        | -0.411   |
|    value_loss         | 2.24     |
------------------------------------
------------------------------------
| rollout/              |          |
|    ep_len_mean        | 898      |
|    ep_rew_mean        | 42.1     |
| time/                 |          |
|    fps                | 1080     |
|    iterations         | 72900    |
|    time_elapsed       | 539      |
|    total_timesteps    | 583200   |
| train/                |          |
|    entropy_loss       | -0.805   |
|    explained_variance | 0.773    |
|    learning_rate      | 0.000115 |
|    n_updates          | 72899    |
|    policy_loss        | 0.0676   |
|    value_loss         | 0.423    |
------------------------------------
------------------------------------
| rollout/              |          |
|    ep_len_mean        | 898      |
|    ep_rew_mean        | 40.8     |
| time/                 |          |
|    fps                | 1080     |
|    iterations         | 73000    |
|    time_elapsed       | 540      |
|    total_timesteps    | 584000   |
| train/                |          |
|    entropy_loss       | -0.888   |
|    explained_variance | 0.664    |
|    learning_rate      | 0.000115 |
|    n_updates          | 72999    |
|    policy_loss        | -1.1     |
|    value_loss         | 5        |
------------------------------------
------------------------------------
| rollout/              |          |
|    ep_len_mean        | 898      |
|    ep_rew_mean        | 41.6     |
| time/                 |          |
|    fps                | 1080     |
|    iterations         | 73100    |
|    time_elapsed       | 541      |
|    total_timesteps    | 584800   |
| train/                |          |
|    entropy_loss       | -1.25    |
|    explained_variance | 0.0352   |
|    learning_rate      | 0.000115 |
|    n_updates          | 73099    |
|    policy_loss        | 2.24     |
|    value_loss         | 4.85     |
------------------------------------
------------------------------------
| rollout/              |          |
|    ep_len_mean        | 898      |
|    ep_rew_mean        | 42.1     |
| time/                 |          |
|    fps                | 1080     |
|    iterations         | 73200    |
|    time_elapsed       | 541      |
|    total_timesteps    | 585600   |
| train/                |          |
|    entropy_loss       | -0.841   |
|    explained_variance | 0.844    |
|    learning_rate      | 0.000115 |
|    n_updates          | 73199    |
|    policy_loss        | -1.92    |
|    value_loss         | 4.69     |
------------------------------------
------------------------------------
| rollout/              |          |
|    ep_len_mean        | 898      |
|    ep_rew_mean        | 42.7     |
| time/                 |          |
|    fps                | 1080     |
|    iterations         | 73300    |
|    time_elapsed       | 542      |
|    total_timesteps    | 586400   |
| train/                |          |
|    entropy_loss       | -0.632   |
|    explained_variance | -2.34    |
|    learning_rate      | 0.000115 |
|    n_updates          | 73299    |
|    policy_loss        | 4.78     |
|    value_loss         | 93.7     |
------------------------------------
------------------------------------
| rollout/              |          |
|    ep_len_mean        | 898      |
|    ep_rew_mean        | 42.7     |
| time/                 |          |
|    fps                | 1081     |
|    iterations         | 73400    |
|    time_elapsed       | 543      |
|    total_timesteps    | 587200   |
| train/                |          |
|    entropy_loss       | -1.01    |
|    explained_variance | 0.808    |
|    learning_rate      | 0.000115 |
|    n_updates          | 73399    |
|    policy_loss        | 0.272    |
|    value_loss         | 1.23     |
------------------------------------
------------------------------------
| rollout/              |          |
|    ep_len_mean        | 898      |
|    ep_rew_mean        | 42.9     |
| time/                 |          |
|    fps                | 1081     |
|    iterations         | 73500    |
|    time_elapsed       | 543      |
|    total_timesteps    | 588000   |
| train/                |          |
|    entropy_loss       | -0.654   |
|    explained_variance | -0.0338  |
|    learning_rate      | 0.000115 |
|    n_updates          | 73499    |
|    policy_loss        | -0.701   |
|    value_loss         | 3.79     |
------------------------------------
------------------------------------
| rollout/              |          |
|    ep_len_mean        | 898      |
|    ep_rew_mean        | 41.6     |
| time/                 |          |
|    fps                | 1081     |
|    iterations         | 73600    |
|    time_elapsed       | 544      |
|    total_timesteps    | 588800   |
| train/                |          |
|    entropy_loss       | -0.806   |
|    explained_variance | 0.405    |
|    learning_rate      | 0.000115 |
|    n_updates          | 73599    |
|    policy_loss        | -0.351   |
|    value_loss         | 1.03     |
------------------------------------
------------------------------------
| rollout/              |          |
|    ep_len_mean        | 898      |
|    ep_rew_mean        | 39.3     |
| time/                 |          |
|    fps                | 1081     |
|    iterations         | 73700    |
|    time_elapsed       | 545      |
|    total_timesteps    | 589600   |
| train/                |          |
|    entropy_loss       | -0.967   |
|    explained_variance | 0.0589   |
|    learning_rate      | 0.000115 |
|    n_updates          | 73699    |
|    policy_loss        | -0.96    |
|    value_loss         | 2.69     |
------------------------------------
------------------------------------
| rollout/              |          |
|    ep_len_mean        | 900      |
|    ep_rew_mean        | 37.1     |
| time/                 |          |
|    fps                | 1081     |
|    iterations         | 73800    |
|    time_elapsed       | 546      |
|    total_timesteps    | 590400   |
| train/                |          |
|    entropy_loss       | -0.126   |
|    explained_variance | -4.37    |
|    learning_rate      | 0.000115 |
|    n_updates          | 73799    |
|    policy_loss        | 0.0492   |
|    value_loss         | 72       |
------------------------------------
------------------------------------
| rollout/              |          |
|    ep_len_mean        | 900      |
|    ep_rew_mean        | 37.1     |
| time/                 |          |
|    fps                | 1081     |
|    iterations         | 73900    |
|    time_elapsed       | 546      |
|    total_timesteps    | 591200   |
| train/                |          |
|    entropy_loss       | -0.613   |
|    explained_variance | 0.985    |
|    learning_rate      | 0.000115 |
|    n_updates          | 73899    |
|    policy_loss        | -1.46    |
|    value_loss         | 1.34     |
------------------------------------
------------------------------------
| rollout/              |          |
|    ep_len_mean        | 901      |
|    ep_rew_mean        | 36.4     |
| time/                 |          |
|    fps                | 1081     |
|    iterations         | 74000    |
|    time_elapsed       | 547      |
|    total_timesteps    | 592000   |
| train/                |          |
|    entropy_loss       | -0.918   |
|    explained_variance | 0.815    |
|    learning_rate      | 0.000114 |
|    n_updates          | 73999    |
|    policy_loss        | -1.01    |
|    value_loss         | 1.39     |
------------------------------------
------------------------------------
| rollout/              |          |
|    ep_len_mean        | 901      |
|    ep_rew_mean        | 35.7     |
| time/                 |          |
|    fps                | 1081     |
|    iterations         | 74100    |
|    time_elapsed       | 548      |
|    total_timesteps    | 592800   |
| train/                |          |
|    entropy_loss       | -1.04    |
|    explained_variance | -1.34    |
|    learning_rate      | 0.000114 |
|    n_updates          | 74099    |
|    policy_loss        | -0.998   |
|    value_loss         | 5.26     |
------------------------------------
------------------------------------
| rollout/              |          |
|    ep_len_mean        | 903      |
|    ep_rew_mean        | 36.7     |
| time/                 |          |
|    fps                | 1081     |
|    iterations         | 74200    |
|    time_elapsed       | 548      |
|    total_timesteps    | 593600   |
| train/                |          |
|    entropy_loss       | -0.818   |
|    explained_variance | 0.872    |
|    learning_rate      | 0.000114 |
|    n_updates          | 74199    |
|    policy_loss        | -0.421   |
|    value_loss         | 0.424    |
------------------------------------
------------------------------------
| rollout/              |          |
|    ep_len_mean        | 903      |
|    ep_rew_mean        | 36.5     |
| time/                 |          |
|    fps                | 1081     |
|    iterations         | 74300    |
|    time_elapsed       | 549      |
|    total_timesteps    | 594400   |
| train/                |          |
|    entropy_loss       | -0.162   |
|    explained_variance | -3.05    |
|    learning_rate      | 0.000114 |
|    n_updates          | 74299    |
|    policy_loss        | -0.297   |
|    value_loss         | 73.3     |
------------------------------------
------------------------------------
| rollout/              |          |
|    ep_len_mean        | 903      |
|    ep_rew_mean        | 36.5     |
| time/                 |          |
|    fps                | 1081     |
|    iterations         | 74400    |
|    time_elapsed       | 550      |
|    total_timesteps    | 595200   |
| train/                |          |
|    entropy_loss       | -0.762   |
|    explained_variance | 0.979    |
|    learning_rate      | 0.000114 |
|    n_updates          | 74399    |
|    policy_loss        | -1.42    |
|    value_loss         | 2.84     |
------------------------------------
------------------------------------
| rollout/              |          |
|    ep_len_mean        | 903      |
|    ep_rew_mean        | 36.9     |
| time/                 |          |
|    fps                | 1081     |
|    iterations         | 74500    |
|    time_elapsed       | 551      |
|    total_timesteps    | 596000   |
| train/                |          |
|    entropy_loss       | -1.13    |
|    explained_variance | 0.908    |
|    learning_rate      | 0.000114 |
|    n_updates          | 74499    |
|    policy_loss        | -0.817   |
|    value_loss         | 1        |
------------------------------------
------------------------------------
| rollout/              |          |
|    ep_len_mean        | 903      |
|    ep_rew_mean        | 37.3     |
| time/                 |          |
|    fps                | 1081     |
|    iterations         | 74600    |
|    time_elapsed       | 551      |
|    total_timesteps    | 596800   |
| train/                |          |
|    entropy_loss       | -0.715   |
|    explained_variance | 0.877    |
|    learning_rate      | 0.000114 |
|    n_updates          | 74599    |
|    policy_loss        | -0.37    |
|    value_loss         | 0.836    |
------------------------------------
------------------------------------
| rollout/              |          |
|    ep_len_mean        | 903      |
|    ep_rew_mean        | 37.2     |
| time/                 |          |
|    fps                | 1081     |
|    iterations         | 74700    |
|    time_elapsed       | 552      |
|    total_timesteps    | 597600   |
| train/                |          |
|    entropy_loss       | -0.865   |
|    explained_variance | 0.643    |
|    learning_rate      | 0.000114 |
|    n_updates          | 74699    |
|    policy_loss        | -0.989   |
|    value_loss         | 1.83     |
------------------------------------
------------------------------------
| rollout/              |          |
|    ep_len_mean        | 903      |
|    ep_rew_mean        | 36.4     |
| time/                 |          |
|    fps                | 1081     |
|    iterations         | 74800    |
|    time_elapsed       | 553      |
|    total_timesteps    | 598400   |
| train/                |          |
|    entropy_loss       | -0.535   |
|    explained_variance | 0.77     |
|    learning_rate      | 0.000114 |
|    n_updates          | 74799    |
|    policy_loss        | 0.279    |
|    value_loss         | 5.6      |
------------------------------------
------------------------------------
| rollout/              |          |
|    ep_len_mean        | 902      |
|    ep_rew_mean        | 37.3     |
| time/                 |          |
|    fps                | 1081     |
|    iterations         | 74900    |
|    time_elapsed       | 554      |
|    total_timesteps    | 599200   |
| train/                |          |
|    entropy_loss       | -0.549   |
|    explained_variance | 0.704    |
|    learning_rate      | 0.000114 |
|    n_updates          | 74899    |
|    policy_loss        | 0.465    |
|    value_loss         | 1.77     |
------------------------------------
Eval num_timesteps=600000, episode_reward=-69.30 +/- 24.44
Episode length: 1000.00 +/- 0.00
------------------------------------
| eval/                 |          |
|    mean_ep_length     | 1e+03    |
|    mean_reward        | -69.3    |
| time/                 |          |
|    total_timesteps    | 600000   |
| train/                |          |
|    entropy_loss       | -0.48    |
|    explained_variance | 0.732    |
|    learning_rate      | 0.000114 |
|    n_updates          | 74999    |
|    policy_loss        | -0.292   |
|    value_loss         | 3.75     |
------------------------------------
---------------------------------
| rollout/           |          |
|    ep_len_mean     | 902      |
|    ep_rew_mean     | 36.9     |
| time/              |          |
|    fps             | 1077     |
|    iterations      | 75000    |
|    time_elapsed    | 556      |
|    total_timesteps | 600000   |
---------------------------------
------------------------------------
| rollout/              |          |
|    ep_len_mean        | 902      |
|    ep_rew_mean        | 36.9     |
| time/                 |          |
|    fps                | 1077     |
|    iterations         | 75100    |
|    time_elapsed       | 557      |
|    total_timesteps    | 600800   |
| train/                |          |
|    entropy_loss       | -0.638   |
|    explained_variance | -0.136   |
|    learning_rate      | 0.000114 |
|    n_updates          | 75099    |
|    policy_loss        | -0.131   |
|    value_loss         | 0.0878   |
------------------------------------
------------------------------------
| rollout/              |          |
|    ep_len_mean        | 901      |
|    ep_rew_mean        | 38.6     |
| time/                 |          |
|    fps                | 1077     |
|    iterations         | 75200    |
|    time_elapsed       | 558      |
|    total_timesteps    | 601600   |
| train/                |          |
|    entropy_loss       | -0.83    |
|    explained_variance | 0.979    |
|    learning_rate      | 0.000114 |
|    n_updates          | 75199    |
|    policy_loss        | -0.34    |
|    value_loss         | 0.157    |
------------------------------------
------------------------------------
| rollout/              |          |
|    ep_len_mean        | 903      |
|    ep_rew_mean        | 36.8     |
| time/                 |          |
|    fps                | 1077     |
|    iterations         | 75300    |
|    time_elapsed       | 558      |
|    total_timesteps    | 602400   |
| train/                |          |
|    entropy_loss       | -0.835   |
|    explained_variance | 0.932    |
|    learning_rate      | 0.000114 |
|    n_updates          | 75299    |
|    policy_loss        | 0.522    |
|    value_loss         | 0.429    |
------------------------------------
------------------------------------
| rollout/              |          |
|    ep_len_mean        | 905      |
|    ep_rew_mean        | 35.6     |
| time/                 |          |
|    fps                | 1077     |
|    iterations         | 75400    |
|    time_elapsed       | 559      |
|    total_timesteps    | 603200   |
| train/                |          |
|    entropy_loss       | -1.16    |
|    explained_variance | 0.982    |
|    learning_rate      | 0.000114 |
|    n_updates          | 75399    |
|    policy_loss        | 0.334    |
|    value_loss         | 0.224    |
------------------------------------
------------------------------------
| rollout/              |          |
|    ep_len_mean        | 905      |
|    ep_rew_mean        | 35       |
| time/                 |          |
|    fps                | 1077     |
|    iterations         | 75500    |
|    time_elapsed       | 560      |
|    total_timesteps    | 604000   |
| train/                |          |
|    entropy_loss       | -0.463   |
|    explained_variance | 0.821    |
|    learning_rate      | 0.000114 |
|    n_updates          | 75499    |
|    policy_loss        | -1.03    |
|    value_loss         | 1.21     |
------------------------------------
------------------------------------
| rollout/              |          |
|    ep_len_mean        | 905      |
|    ep_rew_mean        | 34.5     |
| time/                 |          |
|    fps                | 1077     |
|    iterations         | 75600    |
|    time_elapsed       | 561      |
|    total_timesteps    | 604800   |
| train/                |          |
|    entropy_loss       | -0.642   |
|    explained_variance | 0.986    |
|    learning_rate      | 0.000114 |
|    n_updates          | 75599    |
|    policy_loss        | 0.87     |
|    value_loss         | 1.03     |
------------------------------------
------------------------------------
| rollout/              |          |
|    ep_len_mean        | 902      |
|    ep_rew_mean        | 32.1     |
| time/                 |          |
|    fps                | 1077     |
|    iterations         | 75700    |
|    time_elapsed       | 561      |
|    total_timesteps    | 605600   |
| train/                |          |
|    entropy_loss       | -0.779   |
|    explained_variance | -0.0604  |
|    learning_rate      | 0.000114 |
|    n_updates          | 75699    |
|    policy_loss        | 10.9     |
|    value_loss         | 101      |
------------------------------------
------------------------------------
| rollout/              |          |
|    ep_len_mean        | 902      |
|    ep_rew_mean        | 32.7     |
| time/                 |          |
|    fps                | 1077     |
|    iterations         | 75800    |
|    time_elapsed       | 562      |
|    total_timesteps    | 606400   |
| train/                |          |
|    entropy_loss       | -0.979   |
|    explained_variance | 0.918    |
|    learning_rate      | 0.000114 |
|    n_updates          | 75799    |
|    policy_loss        | -1.56    |
|    value_loss         | 1.66     |
------------------------------------
------------------------------------
| rollout/              |          |
|    ep_len_mean        | 902      |
|    ep_rew_mean        | 32.6     |
| time/                 |          |
|    fps                | 1077     |
|    iterations         | 75900    |
|    time_elapsed       | 563      |
|    total_timesteps    | 607200   |
| train/                |          |
|    entropy_loss       | -0.506   |
|    explained_variance | 0.631    |
|    learning_rate      | 0.000114 |
|    n_updates          | 75899    |
|    policy_loss        | 0.569    |
|    value_loss         | 1.3      |
------------------------------------
------------------------------------
| rollout/              |          |
|    ep_len_mean        | 902      |
|    ep_rew_mean        | 32.6     |
| time/                 |          |
|    fps                | 1077     |
|    iterations         | 76000    |
|    time_elapsed       | 564      |
|    total_timesteps    | 608000   |
| train/                |          |
|    entropy_loss       | -0.224   |
|    explained_variance | -0.00881 |
|    learning_rate      | 0.000114 |
|    n_updates          | 75999    |
|    policy_loss        | -0.00808 |
|    value_loss         | 0.0314   |
------------------------------------
------------------------------------
| rollout/              |          |
|    ep_len_mean        | 901      |
|    ep_rew_mean        | 32.8     |
| time/                 |          |
|    fps                | 1077     |
|    iterations         | 76100    |
|    time_elapsed       | 564      |
|    total_timesteps    | 608800   |
| train/                |          |
|    entropy_loss       | -0.952   |
|    explained_variance | 0.803    |
|    learning_rate      | 0.000113 |
|    n_updates          | 76099    |
|    policy_loss        | -1.23    |
|    value_loss         | 1.7      |
------------------------------------
------------------------------------
| rollout/              |          |
|    ep_len_mean        | 907      |
|    ep_rew_mean        | 33.1     |
| time/                 |          |
|    fps                | 1077     |
|    iterations         | 76200    |
|    time_elapsed       | 565      |
|    total_timesteps    | 609600   |
| train/                |          |
|    entropy_loss       | -0.892   |
|    explained_variance | 0.00641  |
|    learning_rate      | 0.000113 |
|    n_updates          | 76199    |
|    policy_loss        | 0.0569   |
|    value_loss         | 0.0531   |
------------------------------------
------------------------------------
| rollout/              |          |
|    ep_len_mean        | 907      |
|    ep_rew_mean        | 33.1     |
| time/                 |          |
|    fps                | 1077     |
|    iterations         | 76300    |
|    time_elapsed       | 566      |
|    total_timesteps    | 610400   |
| train/                |          |
|    entropy_loss       | -0.915   |
|    explained_variance | 0.947    |
|    learning_rate      | 0.000113 |
|    n_updates          | 76299    |
|    policy_loss        | 1.61     |
|    value_loss         | 2.64     |
------------------------------------
------------------------------------
| rollout/              |          |
|    ep_len_mean        | 896      |
|    ep_rew_mean        | 33.1     |
| time/                 |          |
|    fps                | 1077     |
|    iterations         | 76400    |
|    time_elapsed       | 567      |
|    total_timesteps    | 611200   |
| train/                |          |
|    entropy_loss       | -0.951   |
|    explained_variance | 0.994    |
|    learning_rate      | 0.000113 |
|    n_updates          | 76399    |
|    policy_loss        | -0.05    |
|    value_loss         | 0.0406   |
------------------------------------
------------------------------------
| rollout/              |          |
|    ep_len_mean        | 893      |
|    ep_rew_mean        | 35.7     |
| time/                 |          |
|    fps                | 1077     |
|    iterations         | 76500    |
|    time_elapsed       | 568      |
|    total_timesteps    | 612000   |
| train/                |          |
|    entropy_loss       | -0.565   |
|    explained_variance | 0.000245 |
|    learning_rate      | 0.000113 |
|    n_updates          | 76499    |
|    policy_loss        | -0.00521 |
|    value_loss         | 0.00112  |
------------------------------------
------------------------------------
| rollout/              |          |
|    ep_len_mean        | 893      |
|    ep_rew_mean        | 35.7     |
| time/                 |          |
|    fps                | 1076     |
|    iterations         | 76600    |
|    time_elapsed       | 569      |
|    total_timesteps    | 612800   |
| train/                |          |
|    entropy_loss       | -0.752   |
|    explained_variance | 0.0453   |
|    learning_rate      | 0.000113 |
|    n_updates          | 76599    |
|    policy_loss        | 0.00778  |
|    value_loss         | 0.0128   |
------------------------------------
------------------------------------
| rollout/              |          |
|    ep_len_mean        | 893      |
|    ep_rew_mean        | 35.7     |
| time/                 |          |
|    fps                | 1076     |
|    iterations         | 76700    |
|    time_elapsed       | 569      |
|    total_timesteps    | 613600   |
| train/                |          |
|    entropy_loss       | -0.627   |
|    explained_variance | 0.545    |
|    learning_rate      | 0.000113 |
|    n_updates          | 76699    |
|    policy_loss        | -0.216   |
|    value_loss         | 8.53     |
------------------------------------
------------------------------------
| rollout/              |          |
|    ep_len_mean        | 899      |
|    ep_rew_mean        | 34.5     |
| time/                 |          |
|    fps                | 1076     |
|    iterations         | 76800    |
|    time_elapsed       | 570      |
|    total_timesteps    | 614400   |
| train/                |          |
|    entropy_loss       | -0.659   |
|    explained_variance | 0.0813   |
|    learning_rate      | 0.000113 |
|    n_updates          | 76799    |
|    policy_loss        | 0.646    |
|    value_loss         | 0.939    |
------------------------------------
------------------------------------
| rollout/              |          |
|    ep_len_mean        | 899      |
|    ep_rew_mean        | 35.2     |
| time/                 |          |
|    fps                | 1076     |
|    iterations         | 76900    |
|    time_elapsed       | 571      |
|    total_timesteps    | 615200   |
| train/                |          |
|    entropy_loss       | -0.804   |
|    explained_variance | 0.725    |
|    learning_rate      | 0.000113 |
|    n_updates          | 76899    |
|    policy_loss        | -1.32    |
|    value_loss         | 3.89     |
------------------------------------
------------------------------------
| rollout/              |          |
|    ep_len_mean        | 894      |
|    ep_rew_mean        | 36.4     |
| time/                 |          |
|    fps                | 1076     |
|    iterations         | 77000    |
|    time_elapsed       | 572      |
|    total_timesteps    | 616000   |
| train/                |          |
|    entropy_loss       | -0.489   |
|    explained_variance | -0.562   |
|    learning_rate      | 0.000113 |
|    n_updates          | 76999    |
|    policy_loss        | 0.68     |
|    value_loss         | 0.797    |
------------------------------------
------------------------------------
| rollout/              |          |
|    ep_len_mean        | 882      |
|    ep_rew_mean        | 35.8     |
| time/                 |          |
|    fps                | 1076     |
|    iterations         | 77100    |
|    time_elapsed       | 573      |
|    total_timesteps    | 616800   |
| train/                |          |
|    entropy_loss       | -0.494   |
|    explained_variance | -1.04    |
|    learning_rate      | 0.000113 |
|    n_updates          | 77099    |
|    policy_loss        | 0.273    |
|    value_loss         | 4.48     |
------------------------------------
------------------------------------
| rollout/              |          |
|    ep_len_mean        | 876      |
|    ep_rew_mean        | 37.5     |
| time/                 |          |
|    fps                | 1075     |
|    iterations         | 77200    |
|    time_elapsed       | 574      |
|    total_timesteps    | 617600   |
| train/                |          |
|    entropy_loss       | -0.703   |
|    explained_variance | 0.0454   |
|    learning_rate      | 0.000113 |
|    n_updates          | 77199    |
|    policy_loss        | -0.0389  |
|    value_loss         | 0.038    |
------------------------------------
------------------------------------
| rollout/              |          |
|    ep_len_mean        | 876      |
|    ep_rew_mean        | 37       |
| time/                 |          |
|    fps                | 1075     |
|    iterations         | 77300    |
|    time_elapsed       | 574      |
|    total_timesteps    | 618400   |
| train/                |          |
|    entropy_loss       | -0.366   |
|    explained_variance | -0.00739 |
|    learning_rate      | 0.000113 |
|    n_updates          | 77299    |
|    policy_loss        | -0.0721  |
|    value_loss         | 0.0486   |
------------------------------------
------------------------------------
| rollout/              |          |
|    ep_len_mean        | 876      |
|    ep_rew_mean        | 37.7     |
| time/                 |          |
|    fps                | 1075     |
|    iterations         | 77400    |
|    time_elapsed       | 575      |
|    total_timesteps    | 619200   |
| train/                |          |
|    entropy_loss       | -0.909   |
|    explained_variance | 0.881    |
|    learning_rate      | 0.000113 |
|    n_updates          | 77399    |
|    policy_loss        | -0.401   |
|    value_loss         | 0.658    |
------------------------------------
------------------------------------
| rollout/              |          |
|    ep_len_mean        | 873      |
|    ep_rew_mean        | 38.6     |
| time/                 |          |
|    fps                | 1075     |
|    iterations         | 77500    |
|    time_elapsed       | 576      |
|    total_timesteps    | 620000   |
| train/                |          |
|    entropy_loss       | -0.754   |
|    explained_variance | 0.984    |
|    learning_rate      | 0.000113 |
|    n_updates          | 77499    |
|    policy_loss        | 0.548    |
|    value_loss         | 0.278    |
------------------------------------
------------------------------------
| rollout/              |          |
|    ep_len_mean        | 868      |
|    ep_rew_mean        | 36.3     |
| time/                 |          |
|    fps                | 1075     |
|    iterations         | 77600    |
|    time_elapsed       | 577      |
|    total_timesteps    | 620800   |
| train/                |          |
|    entropy_loss       | -0.797   |
|    explained_variance | 0.00688  |
|    learning_rate      | 0.000113 |
|    n_updates          | 77599    |
|    policy_loss        | -0.0581  |
|    value_loss         | 0.0237   |
------------------------------------
------------------------------------
| rollout/              |          |
|    ep_len_mean        | 868      |
|    ep_rew_mean        | 36.7     |
| time/                 |          |
|    fps                | 1075     |
|    iterations         | 77700    |
|    time_elapsed       | 578      |
|    total_timesteps    | 621600   |
| train/                |          |
|    entropy_loss       | -0.847   |
|    explained_variance | 0.964    |
|    learning_rate      | 0.000113 |
|    n_updates          | 77699    |
|    policy_loss        | -1       |
|    value_loss         | 1.98     |
------------------------------------
------------------------------------
| rollout/              |          |
|    ep_len_mean        | 872      |
|    ep_rew_mean        | 39.2     |
| time/                 |          |
|    fps                | 1074     |
|    iterations         | 77800    |
|    time_elapsed       | 579      |
|    total_timesteps    | 622400   |
| train/                |          |
|    entropy_loss       | -1.16    |
|    explained_variance | 0.945    |
|    learning_rate      | 0.000113 |
|    n_updates          | 77799    |
|    policy_loss        | 0.454    |
|    value_loss         | 0.673    |
------------------------------------
------------------------------------
| rollout/              |          |
|    ep_len_mean        | 872      |
|    ep_rew_mean        | 39.2     |
| time/                 |          |
|    fps                | 1074     |
|    iterations         | 77900    |
|    time_elapsed       | 579      |
|    total_timesteps    | 623200   |
| train/                |          |
|    entropy_loss       | -0.684   |
|    explained_variance | 0.942    |
|    learning_rate      | 0.000113 |
|    n_updates          | 77899    |
|    policy_loss        | -0.317   |
|    value_loss         | 0.91     |
------------------------------------
------------------------------------
| rollout/              |          |
|    ep_len_mean        | 874      |
|    ep_rew_mean        | 38.6     |
| time/                 |          |
|    fps                | 1074     |
|    iterations         | 78000    |
|    time_elapsed       | 580      |
|    total_timesteps    | 624000   |
| train/                |          |
|    entropy_loss       | -0.604   |
|    explained_variance | 0.854    |
|    learning_rate      | 0.000113 |
|    n_updates          | 77999    |
|    policy_loss        | -1.91    |
|    value_loss         | 3.82     |
------------------------------------
------------------------------------
| rollout/              |          |
|    ep_len_mean        | 874      |
|    ep_rew_mean        | 38.8     |
| time/                 |          |
|    fps                | 1074     |
|    iterations         | 78100    |
|    time_elapsed       | 581      |
|    total_timesteps    | 624800   |
| train/                |          |
|    entropy_loss       | -0.693   |
|    explained_variance | -0.0611  |
|    learning_rate      | 0.000113 |
|    n_updates          | 78099    |
|    policy_loss        | -0.0545  |
|    value_loss         | 0.0276   |
------------------------------------
------------------------------------
| rollout/              |          |
|    ep_len_mean        | 880      |
|    ep_rew_mean        | 41.1     |
| time/                 |          |
|    fps                | 1074     |
|    iterations         | 78200    |
|    time_elapsed       | 582      |
|    total_timesteps    | 625600   |
| train/                |          |
|    entropy_loss       | -1.18    |
|    explained_variance | 0.986    |
|    learning_rate      | 0.000112 |
|    n_updates          | 78199    |
|    policy_loss        | -0.959   |
|    value_loss         | 1.13     |
------------------------------------
------------------------------------
| rollout/              |          |
|    ep_len_mean        | 880      |
|    ep_rew_mean        | 41       |
| time/                 |          |
|    fps                | 1074     |
|    iterations         | 78300    |
|    time_elapsed       | 583      |
|    total_timesteps    | 626400   |
| train/                |          |
|    entropy_loss       | -0.889   |
|    explained_variance | 0.977    |
|    learning_rate      | 0.000112 |
|    n_updates          | 78299    |
|    policy_loss        | -0.479   |
|    value_loss         | 0.297    |
------------------------------------
------------------------------------
| rollout/              |          |
|    ep_len_mean        | 880      |
|    ep_rew_mean        | 41       |
| time/                 |          |
|    fps                | 1073     |
|    iterations         | 78400    |
|    time_elapsed       | 583      |
|    total_timesteps    | 627200   |
| train/                |          |
|    entropy_loss       | -0.598   |
|    explained_variance | 0.0321   |
|    learning_rate      | 0.000112 |
|    n_updates          | 78399    |
|    policy_loss        | 0.0146   |
|    value_loss         | 0.0114   |
------------------------------------
------------------------------------
| rollout/              |          |
|    ep_len_mean        | 883      |
|    ep_rew_mean        | 40.3     |
| time/                 |          |
|    fps                | 1073     |
|    iterations         | 78500    |
|    time_elapsed       | 584      |
|    total_timesteps    | 628000   |
| train/                |          |
|    entropy_loss       | -0.687   |
|    explained_variance | -0.0222  |
|    learning_rate      | 0.000112 |
|    n_updates          | 78499    |
|    policy_loss        | -0.00819 |
|    value_loss         | 0.0178   |
------------------------------------
------------------------------------
| rollout/              |          |
|    ep_len_mean        | 883      |
|    ep_rew_mean        | 40.4     |
| time/                 |          |
|    fps                | 1073     |
|    iterations         | 78600    |
|    time_elapsed       | 585      |
|    total_timesteps    | 628800   |
| train/                |          |
|    entropy_loss       | -0.744   |
|    explained_variance | 0.0483   |
|    learning_rate      | 0.000112 |
|    n_updates          | 78599    |
|    policy_loss        | -0.326   |
|    value_loss         | 0.201    |
------------------------------------
------------------------------------
| rollout/              |          |
|    ep_len_mean        | 883      |
|    ep_rew_mean        | 40.6     |
| time/                 |          |
|    fps                | 1073     |
|    iterations         | 78700    |
|    time_elapsed       | 586      |
|    total_timesteps    | 629600   |
| train/                |          |
|    entropy_loss       | -0.978   |
|    explained_variance | 0.939    |
|    learning_rate      | 0.000112 |
|    n_updates          | 78699    |
|    policy_loss        | 0.02     |
|    value_loss         | 0.132    |
------------------------------------
------------------------------------
| rollout/              |          |
|    ep_len_mean        | 883      |
|    ep_rew_mean        | 40.9     |
| time/                 |          |
|    fps                | 1073     |
|    iterations         | 78800    |
|    time_elapsed       | 587      |
|    total_timesteps    | 630400   |
| train/                |          |
|    entropy_loss       | -1.05    |
|    explained_variance | 0.949    |
|    learning_rate      | 0.000112 |
|    n_updates          | 78799    |
|    policy_loss        | -0.534   |
|    value_loss         | 0.334    |
------------------------------------
------------------------------------
| rollout/              |          |
|    ep_len_mean        | 882      |
|    ep_rew_mean        | 41.8     |
| time/                 |          |
|    fps                | 1073     |
|    iterations         | 78900    |
|    time_elapsed       | 588      |
|    total_timesteps    | 631200   |
| train/                |          |
|    entropy_loss       | -0.661   |
|    explained_variance | -0.169   |
|    learning_rate      | 0.000112 |
|    n_updates          | 78899    |
|    policy_loss        | 21.6     |
|    value_loss         | 5.82e+03 |
------------------------------------
------------------------------------
| rollout/              |          |
|    ep_len_mean        | 881      |
|    ep_rew_mean        | 42.4     |
| time/                 |          |
|    fps                | 1073     |
|    iterations         | 79000    |
|    time_elapsed       | 588      |
|    total_timesteps    | 632000   |
| train/                |          |
|    entropy_loss       | -0.803   |
|    explained_variance | 0.0341   |
|    learning_rate      | 0.000112 |
|    n_updates          | 78999    |
|    policy_loss        | -0.358   |
|    value_loss         | 0.183    |
------------------------------------
------------------------------------
| rollout/              |          |
|    ep_len_mean        | 877      |
|    ep_rew_mean        | 44.8     |
| time/                 |          |
|    fps                | 1072     |
|    iterations         | 79100    |
|    time_elapsed       | 589      |
|    total_timesteps    | 632800   |
| train/                |          |
|    entropy_loss       | -1.03    |
|    explained_variance | 0.838    |
|    learning_rate      | 0.000112 |
|    n_updates          | 79099    |
|    policy_loss        | 0.0705   |
|    value_loss         | 0.574    |
------------------------------------
------------------------------------
| rollout/              |          |
|    ep_len_mean        | 875      |
|    ep_rew_mean        | 46       |
| time/                 |          |
|    fps                | 1072     |
|    iterations         | 79200    |
|    time_elapsed       | 590      |
|    total_timesteps    | 633600   |
| train/                |          |
|    entropy_loss       | -0.158   |
|    explained_variance | 0.612    |
|    learning_rate      | 0.000112 |
|    n_updates          | 79199    |
|    policy_loss        | -0.0797  |
|    value_loss         | 7.85     |
------------------------------------
------------------------------------
| rollout/              |          |
|    ep_len_mean        | 875      |
|    ep_rew_mean        | 46       |
| time/                 |          |
|    fps                | 1072     |
|    iterations         | 79300    |
|    time_elapsed       | 591      |
|    total_timesteps    | 634400   |
| train/                |          |
|    entropy_loss       | -0.555   |
|    explained_variance | -0.356   |
|    learning_rate      | 0.000112 |
|    n_updates          | 79299    |
|    policy_loss        | 0.857    |
|    value_loss         | 2.13     |
------------------------------------
------------------------------------
| rollout/              |          |
|    ep_len_mean        | 870      |
|    ep_rew_mean        | 46.9     |
| time/                 |          |
|    fps                | 1072     |
|    iterations         | 79400    |
|    time_elapsed       | 592      |
|    total_timesteps    | 635200   |
| train/                |          |
|    entropy_loss       | -0.795   |
|    explained_variance | 0.974    |
|    learning_rate      | 0.000112 |
|    n_updates          | 79399    |
|    policy_loss        | -0.415   |
|    value_loss         | 0.163    |
------------------------------------
------------------------------------
| rollout/              |          |
|    ep_len_mean        | 863      |
|    ep_rew_mean        | 48.5     |
| time/                 |          |
|    fps                | 1072     |
|    iterations         | 79500    |
|    time_elapsed       | 592      |
|    total_timesteps    | 636000   |
| train/                |          |
|    entropy_loss       | -0.823   |
|    explained_variance | -0.0137  |
|    learning_rate      | 0.000112 |
|    n_updates          | 79499    |
|    policy_loss        | -0.033   |
|    value_loss         | 0.0973   |
------------------------------------
------------------------------------
| rollout/              |          |
|    ep_len_mean        | 863      |
|    ep_rew_mean        | 48.9     |
| time/                 |          |
|    fps                | 1072     |
|    iterations         | 79600    |
|    time_elapsed       | 593      |
|    total_timesteps    | 636800   |
| train/                |          |
|    entropy_loss       | -0.79    |
|    explained_variance | 0.369    |
|    learning_rate      | 0.000112 |
|    n_updates          | 79599    |
|    policy_loss        | 2.2      |
|    value_loss         | 70.9     |
------------------------------------
------------------------------------
| rollout/              |          |
|    ep_len_mean        | 863      |
|    ep_rew_mean        | 51.1     |
| time/                 |          |
|    fps                | 1072     |
|    iterations         | 79700    |
|    time_elapsed       | 594      |
|    total_timesteps    | 637600   |
| train/                |          |
|    entropy_loss       | -1.06    |
|    explained_variance | 0.979    |
|    learning_rate      | 0.000112 |
|    n_updates          | 79699    |
|    policy_loss        | -0.673   |
|    value_loss         | 0.665    |
------------------------------------
------------------------------------
| rollout/              |          |
|    ep_len_mean        | 863      |
|    ep_rew_mean        | 51.9     |
| time/                 |          |
|    fps                | 1072     |
|    iterations         | 79800    |
|    time_elapsed       | 595      |
|    total_timesteps    | 638400   |
| train/                |          |
|    entropy_loss       | -0.88    |
|    explained_variance | 0.655    |
|    learning_rate      | 0.000112 |
|    n_updates          | 79799    |
|    policy_loss        | -0.628   |
|    value_loss         | 4.48     |
------------------------------------
------------------------------------
| rollout/              |          |
|    ep_len_mean        | 856      |
|    ep_rew_mean        | 51.9     |
| time/                 |          |
|    fps                | 1072     |
|    iterations         | 79900    |
|    time_elapsed       | 595      |
|    total_timesteps    | 639200   |
| train/                |          |
|    entropy_loss       | -0.83    |
|    explained_variance | -0.0506  |
|    learning_rate      | 0.000112 |
|    n_updates          | 79899    |
|    policy_loss        | 0.106    |
|    value_loss         | 0.0707   |
------------------------------------
------------------------------------
| rollout/              |          |
|    ep_len_mean        | 849      |
|    ep_rew_mean        | 54.1     |
| time/                 |          |
|    fps                | 1072     |
|    iterations         | 80000    |
|    time_elapsed       | 596      |
|    total_timesteps    | 640000   |
| train/                |          |
|    entropy_loss       | -0.988   |
|    explained_variance | 0.919    |
|    learning_rate      | 0.000112 |
|    n_updates          | 79999    |
|    policy_loss        | 0.389    |
|    value_loss         | 0.743    |
------------------------------------
------------------------------------
| rollout/              |          |
|    ep_len_mean        | 849      |
|    ep_rew_mean        | 54.1     |
| time/                 |          |
|    fps                | 1072     |
|    iterations         | 80100    |
|    time_elapsed       | 597      |
|    total_timesteps    | 640800   |
| train/                |          |
|    entropy_loss       | -0.73    |
|    explained_variance | -0.022   |
|    learning_rate      | 0.000112 |
|    n_updates          | 80099    |
|    policy_loss        | -0.0755  |
|    value_loss         | 0.11     |
------------------------------------
------------------------------------
| rollout/              |          |
|    ep_len_mean        | 851      |
|    ep_rew_mean        | 54.8     |
| time/                 |          |
|    fps                | 1072     |
|    iterations         | 80200    |
|    time_elapsed       | 597      |
|    total_timesteps    | 641600   |
| train/                |          |
|    entropy_loss       | -0.828   |
|    explained_variance | -0.0232  |
|    learning_rate      | 0.000112 |
|    n_updates          | 80199    |
|    policy_loss        | 0.0817   |
|    value_loss         | 0.0638   |
------------------------------------
------------------------------------
| rollout/              |          |
|    ep_len_mean        | 854      |
|    ep_rew_mean        | 57.2     |
| time/                 |          |
|    fps                | 1073     |
|    iterations         | 80300    |
|    time_elapsed       | 598      |
|    total_timesteps    | 642400   |
| train/                |          |
|    entropy_loss       | -0.622   |
|    explained_variance | 0.00126  |
|    learning_rate      | 0.000111 |
|    n_updates          | 80299    |
|    policy_loss        | 0.0323   |
|    value_loss         | 0.0723   |
------------------------------------
------------------------------------
| rollout/              |          |
|    ep_len_mean        | 854      |
|    ep_rew_mean        | 58.5     |
| time/                 |          |
|    fps                | 1073     |
|    iterations         | 80400    |
|    time_elapsed       | 599      |
|    total_timesteps    | 643200   |
| train/                |          |
|    entropy_loss       | -0.643   |
|    explained_variance | 0.129    |
|    learning_rate      | 0.000111 |
|    n_updates          | 80399    |
|    policy_loss        | -1.12    |
|    value_loss         | 1.48     |
------------------------------------
------------------------------------
| rollout/              |          |
|    ep_len_mean        | 854      |
|    ep_rew_mean        | 60.3     |
| time/                 |          |
|    fps                | 1073     |
|    iterations         | 80500    |
|    time_elapsed       | 600      |
|    total_timesteps    | 644000   |
| train/                |          |
|    entropy_loss       | -0.862   |
|    explained_variance | 0.221    |
|    learning_rate      | 0.000111 |
|    n_updates          | 80499    |
|    policy_loss        | 0.442    |
|    value_loss         | 3.98     |
------------------------------------
------------------------------------
| rollout/              |          |
|    ep_len_mean        | 850      |
|    ep_rew_mean        | 59       |
| time/                 |          |
|    fps                | 1073     |
|    iterations         | 80600    |
|    time_elapsed       | 600      |
|    total_timesteps    | 644800   |
| train/                |          |
|    entropy_loss       | -0.662   |
|    explained_variance | 0.0539   |
|    learning_rate      | 0.000111 |
|    n_updates          | 80599    |
|    policy_loss        | -0.0772  |
|    value_loss         | 0.046    |
------------------------------------
------------------------------------
| rollout/              |          |
|    ep_len_mean        | 850      |
|    ep_rew_mean        | 61       |
| time/                 |          |
|    fps                | 1073     |
|    iterations         | 80700    |
|    time_elapsed       | 601      |
|    total_timesteps    | 645600   |
| train/                |          |
|    entropy_loss       | -0.718   |
|    explained_variance | -0.122   |
|    learning_rate      | 0.000111 |
|    n_updates          | 80699    |
|    policy_loss        | -0.39    |
|    value_loss         | 0.478    |
------------------------------------
------------------------------------
| rollout/              |          |
|    ep_len_mean        | 850      |
|    ep_rew_mean        | 63       |
| time/                 |          |
|    fps                | 1073     |
|    iterations         | 80800    |
|    time_elapsed       | 602      |
|    total_timesteps    | 646400   |
| train/                |          |
|    entropy_loss       | -1.1     |
|    explained_variance | 0.961    |
|    learning_rate      | 0.000111 |
|    n_updates          | 80799    |
|    policy_loss        | -1.23    |
|    value_loss         | 1.58     |
------------------------------------
------------------------------------
| rollout/              |          |
|    ep_len_mean        | 850      |
|    ep_rew_mean        | 65.1     |
| time/                 |          |
|    fps                | 1073     |
|    iterations         | 80900    |
|    time_elapsed       | 602      |
|    total_timesteps    | 647200   |
| train/                |          |
|    entropy_loss       | -0.616   |
|    explained_variance | 0.846    |
|    learning_rate      | 0.000111 |
|    n_updates          | 80899    |
|    policy_loss        | 0.345    |
|    value_loss         | 1.32     |
------------------------------------
------------------------------------
| rollout/              |          |
|    ep_len_mean        | 850      |
|    ep_rew_mean        | 65.1     |
| time/                 |          |
|    fps                | 1073     |
|    iterations         | 81000    |
|    time_elapsed       | 603      |
|    total_timesteps    | 648000   |
| train/                |          |
|    entropy_loss       | -0.884   |
|    explained_variance | 0.00235  |
|    learning_rate      | 0.000111 |
|    n_updates          | 80999    |
|    policy_loss        | -0.122   |
|    value_loss         | 0.0326   |
------------------------------------
------------------------------------
| rollout/              |          |
|    ep_len_mean        | 850      |
|    ep_rew_mean        | 66.9     |
| time/                 |          |
|    fps                | 1073     |
|    iterations         | 81100    |
|    time_elapsed       | 604      |
|    total_timesteps    | 648800   |
| train/                |          |
|    entropy_loss       | -0.641   |
|    explained_variance | 0.0165   |
|    learning_rate      | 0.000111 |
|    n_updates          | 81099    |
|    policy_loss        | -0.072   |
|    value_loss         | 0.0843   |
------------------------------------
------------------------------------
| rollout/              |          |
|    ep_len_mean        | 850      |
|    ep_rew_mean        | 73.5     |
| time/                 |          |
|    fps                | 1073     |
|    iterations         | 81200    |
|    time_elapsed       | 605      |
|    total_timesteps    | 649600   |
| train/                |          |
|    entropy_loss       | -0.853   |
|    explained_variance | 0.986    |
|    learning_rate      | 0.000111 |
|    n_updates          | 81199    |
|    policy_loss        | 0.557    |
|    value_loss         | 0.856    |
------------------------------------
Eval num_timesteps=650000, episode_reward=166.74 +/- 90.85
Episode length: 487.80 +/- 25.44
------------------------------------
| eval/                 |          |
|    mean_ep_length     | 488      |
|    mean_reward        | 167      |
| time/                 |          |
|    total_timesteps    | 650000   |
| train/                |          |
|    entropy_loss       | -0.645   |
|    explained_variance | -0.15    |
|    learning_rate      | 0.000111 |
|    n_updates          | 81249    |
|    policy_loss        | -2.11    |
|    value_loss         | 3.87     |
------------------------------------
------------------------------------
| rollout/              |          |
|    ep_len_mean        | 850      |
|    ep_rew_mean        | 73.5     |
| time/                 |          |
|    fps                | 1071     |
|    iterations         | 81300    |
|    time_elapsed       | 606      |
|    total_timesteps    | 650400   |
| train/                |          |
|    entropy_loss       | -0.759   |
|    explained_variance | 0.449    |
|    learning_rate      | 0.000111 |
|    n_updates          | 81299    |
|    policy_loss        | 1.3      |
|    value_loss         | 76.5     |
------------------------------------
------------------------------------
| rollout/              |          |
|    ep_len_mean        | 850      |
|    ep_rew_mean        | 76.4     |
| time/                 |          |
|    fps                | 1071     |
|    iterations         | 81400    |
|    time_elapsed       | 607      |
|    total_timesteps    | 651200   |
| train/                |          |
|    entropy_loss       | -0.794   |
|    explained_variance | -0.0379  |
|    learning_rate      | 0.000111 |
|    n_updates          | 81399    |
|    policy_loss        | -0.0867  |
|    value_loss         | 0.0352   |
------------------------------------
------------------------------------
| rollout/              |          |
|    ep_len_mean        | 850      |
|    ep_rew_mean        | 78       |
| time/                 |          |
|    fps                | 1071     |
|    iterations         | 81500    |
|    time_elapsed       | 608      |
|    total_timesteps    | 652000   |
| train/                |          |
|    entropy_loss       | -0.854   |
|    explained_variance | -0.0323  |
|    learning_rate      | 0.000111 |
|    n_updates          | 81499    |
|    policy_loss        | -12.4    |
|    value_loss         | 198      |
------------------------------------
------------------------------------
| rollout/              |          |
|    ep_len_mean        | 850      |
|    ep_rew_mean        | 79.8     |
| time/                 |          |
|    fps                | 1071     |
|    iterations         | 81600    |
|    time_elapsed       | 609      |
|    total_timesteps    | 652800   |
| train/                |          |
|    entropy_loss       | -0.654   |
|    explained_variance | 0.892    |
|    learning_rate      | 0.000111 |
|    n_updates          | 81599    |
|    policy_loss        | 0.135    |
|    value_loss         | 0.417    |
------------------------------------
------------------------------------
| rollout/              |          |
|    ep_len_mean        | 850      |
|    ep_rew_mean        | 81.7     |
| time/                 |          |
|    fps                | 1071     |
|    iterations         | 81700    |
|    time_elapsed       | 609      |
|    total_timesteps    | 653600   |
| train/                |          |
|    entropy_loss       | -0.893   |
|    explained_variance | 0.489    |
|    learning_rate      | 0.000111 |
|    n_updates          | 81699    |
|    policy_loss        | -1.4     |
|    value_loss         | 5.89     |
------------------------------------
------------------------------------
| rollout/              |          |
|    ep_len_mean        | 846      |
|    ep_rew_mean        | 84.5     |
| time/                 |          |
|    fps                | 1071     |
|    iterations         | 81800    |
|    time_elapsed       | 610      |
|    total_timesteps    | 654400   |
| train/                |          |
|    entropy_loss       | -0.0275  |
|    explained_variance | 0.764    |
|    learning_rate      | 0.000111 |
|    n_updates          | 81799    |
|    policy_loss        | 2.4      |
|    value_loss         | 3.65     |
------------------------------------
-------------------------------------
| rollout/              |           |
|    ep_len_mean        | 840       |
|    ep_rew_mean        | 87.9      |
| time/                 |           |
|    fps                | 1072      |
|    iterations         | 81900     |
|    time_elapsed       | 611       |
|    total_timesteps    | 655200    |
| train/                |           |
|    entropy_loss       | -0.777    |
|    explained_variance | -0.000114 |
|    learning_rate      | 0.000111  |
|    n_updates          | 81899     |
|    policy_loss        | -0.168    |
|    value_loss         | 0.111     |
-------------------------------------
------------------------------------
| rollout/              |          |
|    ep_len_mean        | 841      |
|    ep_rew_mean        | 88       |
| time/                 |          |
|    fps                | 1072     |
|    iterations         | 82000    |
|    time_elapsed       | 611      |
|    total_timesteps    | 656000   |
| train/                |          |
|    entropy_loss       | -0.629   |
|    explained_variance | 0.0523   |
|    learning_rate      | 0.000111 |
|    n_updates          | 81999    |
|    policy_loss        | 0.105    |
|    value_loss         | 0.101    |
------------------------------------
------------------------------------
| rollout/              |          |
|    ep_len_mean        | 841      |
|    ep_rew_mean        | 89       |
| time/                 |          |
|    fps                | 1072     |
|    iterations         | 82100    |
|    time_elapsed       | 612      |
|    total_timesteps    | 656800   |
| train/                |          |
|    entropy_loss       | -0.864   |
|    explained_variance | 0.924    |
|    learning_rate      | 0.000111 |
|    n_updates          | 82099    |
|    policy_loss        | 0.014    |
|    value_loss         | 0.237    |
------------------------------------
------------------------------------
| rollout/              |          |
|    ep_len_mean        | 841      |
|    ep_rew_mean        | 90.2     |
| time/                 |          |
|    fps                | 1072     |
|    iterations         | 82200    |
|    time_elapsed       | 613      |
|    total_timesteps    | 657600   |
| train/                |          |
|    entropy_loss       | -1.07    |
|    explained_variance | 0.909    |
|    learning_rate      | 0.000111 |
|    n_updates          | 82199    |
|    policy_loss        | -2.06    |
|    value_loss         | 4.88     |
------------------------------------
------------------------------------
| rollout/              |          |
|    ep_len_mean        | 841      |
|    ep_rew_mean        | 90.2     |
| time/                 |          |
|    fps                | 1072     |
|    iterations         | 82300    |
|    time_elapsed       | 614      |
|    total_timesteps    | 658400   |
| train/                |          |
|    entropy_loss       | -0.729   |
|    explained_variance | -0.0881  |
|    learning_rate      | 0.00011  |
|    n_updates          | 82299    |
|    policy_loss        | -3.79    |
|    value_loss         | 5.53     |
------------------------------------
------------------------------------
| rollout/              |          |
|    ep_len_mean        | 837      |
|    ep_rew_mean        | 93.6     |
| time/                 |          |
|    fps                | 1072     |
|    iterations         | 82400    |
|    time_elapsed       | 614      |
|    total_timesteps    | 659200   |
| train/                |          |
|    entropy_loss       | -1.04    |
|    explained_variance | 0.544    |
|    learning_rate      | 0.00011  |
|    n_updates          | 82399    |
|    policy_loss        | 0.755    |
|    value_loss         | 3.11     |
------------------------------------
------------------------------------
| rollout/              |          |
|    ep_len_mean        | 837      |
|    ep_rew_mean        | 93.6     |
| time/                 |          |
|    fps                | 1072     |
|    iterations         | 82500    |
|    time_elapsed       | 615      |
|    total_timesteps    | 660000   |
| train/                |          |
|    entropy_loss       | -0.763   |
|    explained_variance | 0.00943  |
|    learning_rate      | 0.00011  |
|    n_updates          | 82499    |
|    policy_loss        | -0.00686 |
|    value_loss         | 0.108    |
------------------------------------
------------------------------------
| rollout/              |          |
|    ep_len_mean        | 837      |
|    ep_rew_mean        | 94.5     |
| time/                 |          |
|    fps                | 1072     |
|    iterations         | 82600    |
|    time_elapsed       | 616      |
|    total_timesteps    | 660800   |
| train/                |          |
|    entropy_loss       | -0.891   |
|    explained_variance | 0.813    |
|    learning_rate      | 0.00011  |
|    n_updates          | 82599    |
|    policy_loss        | -1.01    |
|    value_loss         | 2.11     |
------------------------------------
------------------------------------
| rollout/              |          |
|    ep_len_mean        | 837      |
|    ep_rew_mean        | 95.5     |
| time/                 |          |
|    fps                | 1072     |
|    iterations         | 82700    |
|    time_elapsed       | 616      |
|    total_timesteps    | 661600   |
| train/                |          |
|    entropy_loss       | -0.58    |
|    explained_variance | 0.758    |
|    learning_rate      | 0.00011  |
|    n_updates          | 82699    |
|    policy_loss        | 1.1      |
|    value_loss         | 5.2      |
------------------------------------
------------------------------------
| rollout/              |          |
|    ep_len_mean        | 837      |
|    ep_rew_mean        | 96.4     |
| time/                 |          |
|    fps                | 1072     |
|    iterations         | 82800    |
|    time_elapsed       | 617      |
|    total_timesteps    | 662400   |
| train/                |          |
|    entropy_loss       | -0.644   |
|    explained_variance | 0.733    |
|    learning_rate      | 0.00011  |
|    n_updates          | 82799    |
|    policy_loss        | -0.516   |
|    value_loss         | 0.788    |
------------------------------------
------------------------------------
| rollout/              |          |
|    ep_len_mean        | 837      |
|    ep_rew_mean        | 96.8     |
| time/                 |          |
|    fps                | 1072     |
|    iterations         | 82900    |
|    time_elapsed       | 618      |
|    total_timesteps    | 663200   |
| train/                |          |
|    entropy_loss       | -0.865   |
|    explained_variance | 0.835    |
|    learning_rate      | 0.00011  |
|    n_updates          | 82899    |
|    policy_loss        | -1.91    |
|    value_loss         | 9.27     |
------------------------------------
------------------------------------
| rollout/              |          |
|    ep_len_mean        | 837      |
|    ep_rew_mean        | 96.8     |
| time/                 |          |
|    fps                | 1071     |
|    iterations         | 83000    |
|    time_elapsed       | 619      |
|    total_timesteps    | 664000   |
| train/                |          |
|    entropy_loss       | -0.922   |
|    explained_variance | 0.805    |
|    learning_rate      | 0.00011  |
|    n_updates          | 82999    |
|    policy_loss        | -1.05    |
|    value_loss         | 1.29     |
------------------------------------
------------------------------------
| rollout/              |          |
|    ep_len_mean        | 837      |
|    ep_rew_mean        | 96.4     |
| time/                 |          |
|    fps                | 1071     |
|    iterations         | 83100    |
|    time_elapsed       | 620      |
|    total_timesteps    | 664800   |
| train/                |          |
|    entropy_loss       | -0.868   |
|    explained_variance | 0.524    |
|    learning_rate      | 0.00011  |
|    n_updates          | 83099    |
|    policy_loss        | -1.17    |
|    value_loss         | 2.86     |
------------------------------------
------------------------------------
| rollout/              |          |
|    ep_len_mean        | 837      |
|    ep_rew_mean        | 96.6     |
| time/                 |          |
|    fps                | 1071     |
|    iterations         | 83200    |
|    time_elapsed       | 621      |
|    total_timesteps    | 665600   |
| train/                |          |
|    entropy_loss       | -0.308   |
|    explained_variance | 0.807    |
|    learning_rate      | 0.00011  |
|    n_updates          | 83199    |
|    policy_loss        | 0.374    |
|    value_loss         | 2.15     |
------------------------------------
------------------------------------
| rollout/              |          |
|    ep_len_mean        | 837      |
|    ep_rew_mean        | 96.9     |
| time/                 |          |
|    fps                | 1071     |
|    iterations         | 83300    |
|    time_elapsed       | 621      |
|    total_timesteps    | 666400   |
| train/                |          |
|    entropy_loss       | -0.531   |
|    explained_variance | 0.673    |
|    learning_rate      | 0.00011  |
|    n_updates          | 83299    |
|    policy_loss        | 0.0758   |
|    value_loss         | 0.405    |
------------------------------------
------------------------------------
| rollout/              |          |
|    ep_len_mean        | 837      |
|    ep_rew_mean        | 96.3     |
| time/                 |          |
|    fps                | 1071     |
|    iterations         | 83400    |
|    time_elapsed       | 622      |
|    total_timesteps    | 667200   |
| train/                |          |
|    entropy_loss       | -1.01    |
|    explained_variance | 0.641    |
|    learning_rate      | 0.00011  |
|    n_updates          | 83399    |
|    policy_loss        | -0.917   |
|    value_loss         | 1.76     |
------------------------------------
------------------------------------
| rollout/              |          |
|    ep_len_mean        | 837      |
|    ep_rew_mean        | 96.3     |
| time/                 |          |
|    fps                | 1071     |
|    iterations         | 83500    |
|    time_elapsed       | 623      |
|    total_timesteps    | 668000   |
| train/                |          |
|    entropy_loss       | -0.828   |
|    explained_variance | 0.67     |
|    learning_rate      | 0.00011  |
|    n_updates          | 83499    |
|    policy_loss        | 1.05     |
|    value_loss         | 3.36     |
------------------------------------
------------------------------------
| rollout/              |          |
|    ep_len_mean        | 837      |
|    ep_rew_mean        | 95       |
| time/                 |          |
|    fps                | 1071     |
|    iterations         | 83600    |
|    time_elapsed       | 623      |
|    total_timesteps    | 668800   |
| train/                |          |
|    entropy_loss       | -0.815   |
|    explained_variance | 0.554    |
|    learning_rate      | 0.00011  |
|    n_updates          | 83599    |
|    policy_loss        | -1.32    |
|    value_loss         | 5.32     |
------------------------------------
------------------------------------
| rollout/              |          |
|    ep_len_mean        | 837      |
|    ep_rew_mean        | 94.4     |
| time/                 |          |
|    fps                | 1071     |
|    iterations         | 83700    |
|    time_elapsed       | 624      |
|    total_timesteps    | 669600   |
| train/                |          |
|    entropy_loss       | -1.12    |
|    explained_variance | 0.762    |
|    learning_rate      | 0.00011  |
|    n_updates          | 83699    |
|    policy_loss        | 1.28     |
|    value_loss         | 3.31     |
------------------------------------
------------------------------------
| rollout/              |          |
|    ep_len_mean        | 837      |
|    ep_rew_mean        | 94.4     |
| time/                 |          |
|    fps                | 1071     |
|    iterations         | 83800    |
|    time_elapsed       | 625      |
|    total_timesteps    | 670400   |
| train/                |          |
|    entropy_loss       | -1.04    |
|    explained_variance | -0.918   |
|    learning_rate      | 0.00011  |
|    n_updates          | 83799    |
|    policy_loss        | 0.84     |
|    value_loss         | 4.62     |
------------------------------------
------------------------------------
| rollout/              |          |
|    ep_len_mean        | 837      |
|    ep_rew_mean        | 94.5     |
| time/                 |          |
|    fps                | 1071     |
|    iterations         | 83900    |
|    time_elapsed       | 626      |
|    total_timesteps    | 671200   |
| train/                |          |
|    entropy_loss       | -0.842   |
|    explained_variance | 0.596    |
|    learning_rate      | 0.00011  |
|    n_updates          | 83899    |
|    policy_loss        | 0.49     |
|    value_loss         | 1.02     |
------------------------------------
------------------------------------
| rollout/              |          |
|    ep_len_mean        | 837      |
|    ep_rew_mean        | 94.5     |
| time/                 |          |
|    fps                | 1072     |
|    iterations         | 84000    |
|    time_elapsed       | 626      |
|    total_timesteps    | 672000   |
| train/                |          |
|    entropy_loss       | -1.22    |
|    explained_variance | 0.647    |
|    learning_rate      | 0.00011  |
|    n_updates          | 83999    |
|    policy_loss        | 0.00564  |
|    value_loss         | 0.667    |
------------------------------------
------------------------------------
| rollout/              |          |
|    ep_len_mean        | 837      |
|    ep_rew_mean        | 95       |
| time/                 |          |
|    fps                | 1072     |
|    iterations         | 84100    |
|    time_elapsed       | 627      |
|    total_timesteps    | 672800   |
| train/                |          |
|    entropy_loss       | -0.984   |
|    explained_variance | 0.0577   |
|    learning_rate      | 0.00011  |
|    n_updates          | 84099    |
|    policy_loss        | 1.38     |
|    value_loss         | 2.55     |
------------------------------------
------------------------------------
| rollout/              |          |
|    ep_len_mean        | 837      |
|    ep_rew_mean        | 94.1     |
| time/                 |          |
|    fps                | 1072     |
|    iterations         | 84200    |
|    time_elapsed       | 628      |
|    total_timesteps    | 673600   |
| train/                |          |
|    entropy_loss       | -0.582   |
|    explained_variance | 0.664    |
|    learning_rate      | 0.00011  |
|    n_updates          | 84199    |
|    policy_loss        | -1.15    |
|    value_loss         | 1.31     |
------------------------------------
------------------------------------
| rollout/              |          |
|    ep_len_mean        | 837      |
|    ep_rew_mean        | 93.5     |
| time/                 |          |
|    fps                | 1072     |
|    iterations         | 84300    |
|    time_elapsed       | 628      |
|    total_timesteps    | 674400   |
| train/                |          |
|    entropy_loss       | -0.547   |
|    explained_variance | 0.869    |
|    learning_rate      | 0.00011  |
|    n_updates          | 84299    |
|    policy_loss        | -1.97    |
|    value_loss         | 2.27     |
------------------------------------
------------------------------------
| rollout/              |          |
|    ep_len_mean        | 837      |
|    ep_rew_mean        | 92.6     |
| time/                 |          |
|    fps                | 1072     |
|    iterations         | 84400    |
|    time_elapsed       | 629      |
|    total_timesteps    | 675200   |
| train/                |          |
|    entropy_loss       | -0.908   |
|    explained_variance | 0.161    |
|    learning_rate      | 0.000109 |
|    n_updates          | 84399    |
|    policy_loss        | -7.19    |
|    value_loss         | 74       |
------------------------------------
------------------------------------
| rollout/              |          |
|    ep_len_mean        | 837      |
|    ep_rew_mean        | 92.6     |
| time/                 |          |
|    fps                | 1072     |
|    iterations         | 84500    |
|    time_elapsed       | 630      |
|    total_timesteps    | 676000   |
| train/                |          |
|    entropy_loss       | -0.75    |
|    explained_variance | 0.905    |
|    learning_rate      | 0.000109 |
|    n_updates          | 84499    |
|    policy_loss        | 0.977    |
|    value_loss         | 2.08     |
------------------------------------
------------------------------------
| rollout/              |          |
|    ep_len_mean        | 837      |
|    ep_rew_mean        | 92.9     |
| time/                 |          |
|    fps                | 1072     |
|    iterations         | 84600    |
|    time_elapsed       | 631      |
|    total_timesteps    | 676800   |
| train/                |          |
|    entropy_loss       | -0.535   |
|    explained_variance | 0.784    |
|    learning_rate      | 0.000109 |
|    n_updates          | 84599    |
|    policy_loss        | 1.01     |
|    value_loss         | 2.35     |
------------------------------------
------------------------------------
| rollout/              |          |
|    ep_len_mean        | 837      |
|    ep_rew_mean        | 92.8     |
| time/                 |          |
|    fps                | 1072     |
|    iterations         | 84700    |
|    time_elapsed       | 631      |
|    total_timesteps    | 677600   |
| train/                |          |
|    entropy_loss       | -1.07    |
|    explained_variance | 0.772    |
|    learning_rate      | 0.000109 |
|    n_updates          | 84699    |
|    policy_loss        | 0.0236   |
|    value_loss         | 0.516    |
------------------------------------
------------------------------------
| rollout/              |          |
|    ep_len_mean        | 837      |
|    ep_rew_mean        | 93.1     |
| time/                 |          |
|    fps                | 1072     |
|    iterations         | 84800    |
|    time_elapsed       | 632      |
|    total_timesteps    | 678400   |
| train/                |          |
|    entropy_loss       | -0.547   |
|    explained_variance | 0.78     |
|    learning_rate      | 0.000109 |
|    n_updates          | 84799    |
|    policy_loss        | 0.439    |
|    value_loss         | 2.96     |
------------------------------------
------------------------------------
| rollout/              |          |
|    ep_len_mean        | 837      |
|    ep_rew_mean        | 91.9     |
| time/                 |          |
|    fps                | 1072     |
|    iterations         | 84900    |
|    time_elapsed       | 633      |
|    total_timesteps    | 679200   |
| train/                |          |
|    entropy_loss       | -0.64    |
|    explained_variance | 0.764    |
|    learning_rate      | 0.000109 |
|    n_updates          | 84899    |
|    policy_loss        | 0.448    |
|    value_loss         | 1.17     |
------------------------------------
------------------------------------
| rollout/              |          |
|    ep_len_mean        | 837      |
|    ep_rew_mean        | 91.9     |
| time/                 |          |
|    fps                | 1072     |
|    iterations         | 85000    |
|    time_elapsed       | 634      |
|    total_timesteps    | 680000   |
| train/                |          |
|    entropy_loss       | -0.819   |
|    explained_variance | 0.793    |
|    learning_rate      | 0.000109 |
|    n_updates          | 84999    |
|    policy_loss        | 0.306    |
|    value_loss         | 2.23     |
------------------------------------
------------------------------------
| rollout/              |          |
|    ep_len_mean        | 840      |
|    ep_rew_mean        | 90       |
| time/                 |          |
|    fps                | 1072     |
|    iterations         | 85100    |
|    time_elapsed       | 634      |
|    total_timesteps    | 680800   |
| train/                |          |
|    entropy_loss       | -1.06    |
|    explained_variance | 0.462    |
|    learning_rate      | 0.000109 |
|    n_updates          | 85099    |
|    policy_loss        | 0.0166   |
|    value_loss         | 0.914    |
------------------------------------
------------------------------------
| rollout/              |          |
|    ep_len_mean        | 840      |
|    ep_rew_mean        | 89.6     |
| time/                 |          |
|    fps                | 1072     |
|    iterations         | 85200    |
|    time_elapsed       | 635      |
|    total_timesteps    | 681600   |
| train/                |          |
|    entropy_loss       | -1.02    |
|    explained_variance | 0.894    |
|    learning_rate      | 0.000109 |
|    n_updates          | 85199    |
|    policy_loss        | 0.0758   |
|    value_loss         | 0.417    |
------------------------------------
------------------------------------
| rollout/              |          |
|    ep_len_mean        | 840      |
|    ep_rew_mean        | 90       |
| time/                 |          |
|    fps                | 1072     |
|    iterations         | 85300    |
|    time_elapsed       | 636      |
|    total_timesteps    | 682400   |
| train/                |          |
|    entropy_loss       | -1.12    |
|    explained_variance | -0.815   |
|    learning_rate      | 0.000109 |
|    n_updates          | 85299    |
|    policy_loss        | 1.81     |
|    value_loss         | 3.3      |
------------------------------------
------------------------------------
| rollout/              |          |
|    ep_len_mean        | 841      |
|    ep_rew_mean        | 88.2     |
| time/                 |          |
|    fps                | 1072     |
|    iterations         | 85400    |
|    time_elapsed       | 637      |
|    total_timesteps    | 683200   |
| train/                |          |
|    entropy_loss       | -1.18    |
|    explained_variance | 0.0738   |
|    learning_rate      | 0.000109 |
|    n_updates          | 85399    |
|    policy_loss        | 1.95     |
|    value_loss         | 5.98     |
------------------------------------
------------------------------------
| rollout/              |          |
|    ep_len_mean        | 841      |
|    ep_rew_mean        | 88.2     |
| time/                 |          |
|    fps                | 1072     |
|    iterations         | 85500    |
|    time_elapsed       | 637      |
|    total_timesteps    | 684000   |
| train/                |          |
|    entropy_loss       | -0.637   |
|    explained_variance | 0.873    |
|    learning_rate      | 0.000109 |
|    n_updates          | 85499    |
|    policy_loss        | -0.253   |
|    value_loss         | 0.497    |
------------------------------------
------------------------------------
| rollout/              |          |
|    ep_len_mean        | 841      |
|    ep_rew_mean        | 88.2     |
| time/                 |          |
|    fps                | 1072     |
|    iterations         | 85600    |
|    time_elapsed       | 638      |
|    total_timesteps    | 684800   |
| train/                |          |
|    entropy_loss       | -0.791   |
|    explained_variance | 0.648    |
|    learning_rate      | 0.000109 |
|    n_updates          | 85599    |
|    policy_loss        | 0.0101   |
|    value_loss         | 0.671    |
------------------------------------
------------------------------------
| rollout/              |          |
|    ep_len_mean        | 842      |
|    ep_rew_mean        | 84.7     |
| time/                 |          |
|    fps                | 1072     |
|    iterations         | 85700    |
|    time_elapsed       | 639      |
|    total_timesteps    | 685600   |
| train/                |          |
|    entropy_loss       | -1.07    |
|    explained_variance | 0.818    |
|    learning_rate      | 0.000109 |
|    n_updates          | 85699    |
|    policy_loss        | 0.697    |
|    value_loss         | 1.01     |
------------------------------------
------------------------------------
| rollout/              |          |
|    ep_len_mean        | 842      |
|    ep_rew_mean        | 83.7     |
| time/                 |          |
|    fps                | 1072     |
|    iterations         | 85800    |
|    time_elapsed       | 639      |
|    total_timesteps    | 686400   |
| train/                |          |
|    entropy_loss       | -1.07    |
|    explained_variance | 0.865    |
|    learning_rate      | 0.000109 |
|    n_updates          | 85799    |
|    policy_loss        | 0.585    |
|    value_loss         | 0.989    |
------------------------------------
------------------------------------
| rollout/              |          |
|    ep_len_mean        | 842      |
|    ep_rew_mean        | 84.4     |
| time/                 |          |
|    fps                | 1072     |
|    iterations         | 85900    |
|    time_elapsed       | 640      |
|    total_timesteps    | 687200   |
| train/                |          |
|    entropy_loss       | -1.09    |
|    explained_variance | 0.837    |
|    learning_rate      | 0.000109 |
|    n_updates          | 85899    |
|    policy_loss        | 0.59     |
|    value_loss         | 0.989    |
------------------------------------
------------------------------------
| rollout/              |          |
|    ep_len_mean        | 842      |
|    ep_rew_mean        | 84.4     |
| time/                 |          |
|    fps                | 1072     |
|    iterations         | 86000    |
|    time_elapsed       | 641      |
|    total_timesteps    | 688000   |
| train/                |          |
|    entropy_loss       | -1.05    |
|    explained_variance | 0.87     |
|    learning_rate      | 0.000109 |
|    n_updates          | 85999    |
|    policy_loss        | -0.582   |
|    value_loss         | 0.847    |
------------------------------------
------------------------------------
| rollout/              |          |
|    ep_len_mean        | 845      |
|    ep_rew_mean        | 82.1     |
| time/                 |          |
|    fps                | 1072     |
|    iterations         | 86100    |
|    time_elapsed       | 642      |
|    total_timesteps    | 688800   |
| train/                |          |
|    entropy_loss       | -0.892   |
|    explained_variance | 0.946    |
|    learning_rate      | 0.000109 |
|    n_updates          | 86099    |
|    policy_loss        | 0.678    |
|    value_loss         | 0.747    |
------------------------------------
------------------------------------
| rollout/              |          |
|    ep_len_mean        | 845      |
|    ep_rew_mean        | 82.3     |
| time/                 |          |
|    fps                | 1072     |
|    iterations         | 86200    |
|    time_elapsed       | 642      |
|    total_timesteps    | 689600   |
| train/                |          |
|    entropy_loss       | -0.977   |
|    explained_variance | 0.975    |
|    learning_rate      | 0.000109 |
|    n_updates          | 86199    |
|    policy_loss        | 0.748    |
|    value_loss         | 0.701    |
------------------------------------
------------------------------------
| rollout/              |          |
|    ep_len_mean        | 849      |
|    ep_rew_mean        | 84.2     |
| time/                 |          |
|    fps                | 1072     |
|    iterations         | 86300    |
|    time_elapsed       | 643      |
|    total_timesteps    | 690400   |
| train/                |          |
|    entropy_loss       | -1.13    |
|    explained_variance | 0.981    |
|    learning_rate      | 0.000109 |
|    n_updates          | 86299    |
|    policy_loss        | 0.141    |
|    value_loss         | 0.0767   |
------------------------------------
------------------------------------
| rollout/              |          |
|    ep_len_mean        | 847      |
|    ep_rew_mean        | 84.2     |
| time/                 |          |
|    fps                | 1072     |
|    iterations         | 86400    |
|    time_elapsed       | 644      |
|    total_timesteps    | 691200   |
| train/                |          |
|    entropy_loss       | -0.78    |
|    explained_variance | 0.613    |
|    learning_rate      | 0.000109 |
|    n_updates          | 86399    |
|    policy_loss        | 0.338    |
|    value_loss         | 1.67     |
------------------------------------
------------------------------------
| rollout/              |          |
|    ep_len_mean        | 845      |
|    ep_rew_mean        | 84.9     |
| time/                 |          |
|    fps                | 1072     |
|    iterations         | 86500    |
|    time_elapsed       | 645      |
|    total_timesteps    | 692000   |
| train/                |          |
|    entropy_loss       | -0.85    |
|    explained_variance | 0.968    |
|    learning_rate      | 0.000108 |
|    n_updates          | 86499    |
|    policy_loss        | 0.695    |
|    value_loss         | 1.07     |
------------------------------------
------------------------------------
| rollout/              |          |
|    ep_len_mean        | 846      |
|    ep_rew_mean        | 84.7     |
| time/                 |          |
|    fps                | 1072     |
|    iterations         | 86600    |
|    time_elapsed       | 645      |
|    total_timesteps    | 692800   |
| train/                |          |
|    entropy_loss       | -1.07    |
|    explained_variance | 0.897    |
|    learning_rate      | 0.000108 |
|    n_updates          | 86599    |
|    policy_loss        | 0.183    |
|    value_loss         | 0.449    |
------------------------------------
------------------------------------
| rollout/              |          |
|    ep_len_mean        | 846      |
|    ep_rew_mean        | 85.2     |
| time/                 |          |
|    fps                | 1072     |
|    iterations         | 86700    |
|    time_elapsed       | 646      |
|    total_timesteps    | 693600   |
| train/                |          |
|    entropy_loss       | -0.18    |
|    explained_variance | 0.378    |
|    learning_rate      | 0.000108 |
|    n_updates          | 86699    |
|    policy_loss        | 0.0151   |
|    value_loss         | 1.4      |
------------------------------------
------------------------------------
| rollout/              |          |
|    ep_len_mean        | 846      |
|    ep_rew_mean        | 85.2     |
| time/                 |          |
|    fps                | 1072     |
|    iterations         | 86800    |
|    time_elapsed       | 647      |
|    total_timesteps    | 694400   |
| train/                |          |
|    entropy_loss       | -0.876   |
|    explained_variance | 0.0835   |
|    learning_rate      | 0.000108 |
|    n_updates          | 86799    |
|    policy_loss        | -0.152   |
|    value_loss         | 0.0681   |
------------------------------------
------------------------------------
| rollout/              |          |
|    ep_len_mean        | 846      |
|    ep_rew_mean        | 85.2     |
| time/                 |          |
|    fps                | 1072     |
|    iterations         | 86900    |
|    time_elapsed       | 647      |
|    total_timesteps    | 695200   |
| train/                |          |
|    entropy_loss       | -0.755   |
|    explained_variance | 0.174    |
|    learning_rate      | 0.000108 |
|    n_updates          | 86899    |
|    policy_loss        | 3.54     |
|    value_loss         | 147      |
------------------------------------
------------------------------------
| rollout/              |          |
|    ep_len_mean        | 849      |
|    ep_rew_mean        | 85       |
| time/                 |          |
|    fps                | 1073     |
|    iterations         | 87000    |
|    time_elapsed       | 648      |
|    total_timesteps    | 696000   |
| train/                |          |
|    entropy_loss       | -0.422   |
|    explained_variance | 0.756    |
|    learning_rate      | 0.000108 |
|    n_updates          | 86999    |
|    policy_loss        | 1.73     |
|    value_loss         | 2.64     |
------------------------------------
------------------------------------
| rollout/              |          |
|    ep_len_mean        | 847      |
|    ep_rew_mean        | 82.7     |
| time/                 |          |
|    fps                | 1073     |
|    iterations         | 87100    |
|    time_elapsed       | 649      |
|    total_timesteps    | 696800   |
| train/                |          |
|    entropy_loss       | -0.796   |
|    explained_variance | 0.673    |
|    learning_rate      | 0.000108 |
|    n_updates          | 87099    |
|    policy_loss        | -1.51    |
|    value_loss         | 12.7     |
------------------------------------
------------------------------------
| rollout/              |          |
|    ep_len_mean        | 840      |
|    ep_rew_mean        | 81.5     |
| time/                 |          |
|    fps                | 1073     |
|    iterations         | 87200    |
|    time_elapsed       | 650      |
|    total_timesteps    | 697600   |
| train/                |          |
|    entropy_loss       | -0.779   |
|    explained_variance | 0.439    |
|    learning_rate      | 0.000108 |
|    n_updates          | 87199    |
|    policy_loss        | 0.356    |
|    value_loss         | 8.86     |
------------------------------------
------------------------------------
| rollout/              |          |
|    ep_len_mean        | 839      |
|    ep_rew_mean        | 83.3     |
| time/                 |          |
|    fps                | 1073     |
|    iterations         | 87300    |
|    time_elapsed       | 650      |
|    total_timesteps    | 698400   |
| train/                |          |
|    entropy_loss       | -0.871   |
|    explained_variance | 0.122    |
|    learning_rate      | 0.000108 |
|    n_updates          | 87299    |
|    policy_loss        | -2.08    |
|    value_loss         | 49.9     |
------------------------------------
------------------------------------
| rollout/              |          |
|    ep_len_mean        | 842      |
|    ep_rew_mean        | 82.6     |
| time/                 |          |
|    fps                | 1073     |
|    iterations         | 87400    |
|    time_elapsed       | 651      |
|    total_timesteps    | 699200   |
| train/                |          |
|    entropy_loss       | -0.00103 |
|    explained_variance | 0.191    |
|    learning_rate      | 0.000108 |
|    n_updates          | 87399    |
|    policy_loss        | 0.000209 |
|    value_loss         | 5.16     |
------------------------------------
Eval num_timesteps=700000, episode_reward=213.85 +/- 65.04
Episode length: 505.40 +/- 248.52
------------------------------------
| eval/                 |          |
|    mean_ep_length     | 505      |
|    mean_reward        | 214      |
| time/                 |          |
|    total_timesteps    | 700000   |
| train/                |          |
|    entropy_loss       | -0.815   |
|    explained_variance | 0.000597 |
|    learning_rate      | 0.000108 |
|    n_updates          | 87499    |
|    policy_loss        | -0.00978 |
|    value_loss         | 0.00149  |
------------------------------------
New best mean reward!
---------------------------------
| rollout/           |          |
|    ep_len_mean     | 842      |
|    ep_rew_mean     | 82.5     |
| time/              |          |
|    fps             | 1071     |
|    iterations      | 87500    |
|    time_elapsed    | 653      |
|    total_timesteps | 700000   |
---------------------------------
------------------------------------
| rollout/              |          |
|    ep_len_mean        | 846      |
|    ep_rew_mean        | 81.4     |
| time/                 |          |
|    fps                | 1071     |
|    iterations         | 87600    |
|    time_elapsed       | 654      |
|    total_timesteps    | 700800   |
| train/                |          |
|    entropy_loss       | -0.76    |
|    explained_variance | 0.571    |
|    learning_rate      | 0.000108 |
|    n_updates          | 87599    |
|    policy_loss        | 3.04     |
|    value_loss         | 29.5     |
------------------------------------
------------------------------------
| rollout/              |          |
|    ep_len_mean        | 852      |
|    ep_rew_mean        | 80.4     |
| time/                 |          |
|    fps                | 1071     |
|    iterations         | 87700    |
|    time_elapsed       | 654      |
|    total_timesteps    | 701600   |
| train/                |          |
|    entropy_loss       | -1.18    |
|    explained_variance | 0.998    |
|    learning_rate      | 0.000108 |
|    n_updates          | 87699    |
|    policy_loss        | -0.325   |
|    value_loss         | 0.119    |
------------------------------------
------------------------------------
| rollout/              |          |
|    ep_len_mean        | 858      |
|    ep_rew_mean        | 81.8     |
| time/                 |          |
|    fps                | 1071     |
|    iterations         | 87800    |
|    time_elapsed       | 655      |
|    total_timesteps    | 702400   |
| train/                |          |
|    entropy_loss       | -0.548   |
|    explained_variance | 0.842    |
|    learning_rate      | 0.000108 |
|    n_updates          | 87799    |
|    policy_loss        | 0.161    |
|    value_loss         | 2.68     |
------------------------------------
------------------------------------
| rollout/              |          |
|    ep_len_mean        | 858      |
|    ep_rew_mean        | 81.8     |
| time/                 |          |
|    fps                | 1071     |
|    iterations         | 87900    |
|    time_elapsed       | 656      |
|    total_timesteps    | 703200   |
| train/                |          |
|    entropy_loss       | -0.698   |
|    explained_variance | 0.00134  |
|    learning_rate      | 0.000108 |
|    n_updates          | 87899    |
|    policy_loss        | -0.0015  |
|    value_loss         | 0.00519  |
------------------------------------
------------------------------------
| rollout/              |          |
|    ep_len_mean        | 866      |
|    ep_rew_mean        | 82.3     |
| time/                 |          |
|    fps                | 1071     |
|    iterations         | 88000    |
|    time_elapsed       | 657      |
|    total_timesteps    | 704000   |
| train/                |          |
|    entropy_loss       | -0.803   |
|    explained_variance | 0.478    |
|    learning_rate      | 0.000108 |
|    n_updates          | 87999    |
|    policy_loss        | 0.758    |
|    value_loss         | 40.4     |
------------------------------------
------------------------------------
| rollout/              |          |
|    ep_len_mean        | 865      |
|    ep_rew_mean        | 83.4     |
| time/                 |          |
|    fps                | 1071     |
|    iterations         | 88100    |
|    time_elapsed       | 657      |
|    total_timesteps    | 704800   |
| train/                |          |
|    entropy_loss       | -0.776   |
|    explained_variance | 0.95     |
|    learning_rate      | 0.000108 |
|    n_updates          | 88099    |
|    policy_loss        | -1.35    |
|    value_loss         | 1.48     |
------------------------------------
------------------------------------
| rollout/              |          |
|    ep_len_mean        | 865      |
|    ep_rew_mean        | 82.6     |
| time/                 |          |
|    fps                | 1071     |
|    iterations         | 88200    |
|    time_elapsed       | 658      |
|    total_timesteps    | 705600   |
| train/                |          |
|    entropy_loss       | -0.347   |
|    explained_variance | 0.566    |
|    learning_rate      | 0.000108 |
|    n_updates          | 88199    |
|    policy_loss        | 1.5      |
|    value_loss         | 8.09     |
------------------------------------
------------------------------------
| rollout/              |          |
|    ep_len_mean        | 863      |
|    ep_rew_mean        | 82.7     |
| time/                 |          |
|    fps                | 1071     |
|    iterations         | 88300    |
|    time_elapsed       | 659      |
|    total_timesteps    | 706400   |
| train/                |          |
|    entropy_loss       | -0.419   |
|    explained_variance | 0.444    |
|    learning_rate      | 0.000108 |
|    n_updates          | 88299    |
|    policy_loss        | -7.64    |
|    value_loss         | 365      |
------------------------------------
------------------------------------
| rollout/              |          |
|    ep_len_mean        | 863      |
|    ep_rew_mean        | 81.5     |
| time/                 |          |
|    fps                | 1071     |
|    iterations         | 88400    |
|    time_elapsed       | 659      |
|    total_timesteps    | 707200   |
| train/                |          |
|    entropy_loss       | -0.641   |
|    explained_variance | -0.0246  |
|    learning_rate      | 0.000108 |
|    n_updates          | 88399    |
|    policy_loss        | -0.0113  |
|    value_loss         | 0.0103   |
------------------------------------
------------------------------------
| rollout/              |          |
|    ep_len_mean        | 863      |
|    ep_rew_mean        | 81.7     |
| time/                 |          |
|    fps                | 1071     |
|    iterations         | 88500    |
|    time_elapsed       | 660      |
|    total_timesteps    | 708000   |
| train/                |          |
|    entropy_loss       | -0.887   |
|    explained_variance | 0.885    |
|    learning_rate      | 0.000108 |
|    n_updates          | 88499    |
|    policy_loss        | -1.74    |
|    value_loss         | 2.33     |
------------------------------------
------------------------------------
| rollout/              |          |
|    ep_len_mean        | 851      |
|    ep_rew_mean        | 80.5     |
| time/                 |          |
|    fps                | 1071     |
|    iterations         | 88600    |
|    time_elapsed       | 661      |
|    total_timesteps    | 708800   |
| train/                |          |
|    entropy_loss       | -0.671   |
|    explained_variance | 0.0326   |
|    learning_rate      | 0.000107 |
|    n_updates          | 88599    |
|    policy_loss        | -0.0396  |
|    value_loss         | 0.0122   |
------------------------------------
------------------------------------
| rollout/              |          |
|    ep_len_mean        | 851      |
|    ep_rew_mean        | 80.5     |
| time/                 |          |
|    fps                | 1071     |
|    iterations         | 88700    |
|    time_elapsed       | 662      |
|    total_timesteps    | 709600   |
| train/                |          |
|    entropy_loss       | -0.969   |
|    explained_variance | 0.973    |
|    learning_rate      | 0.000107 |
|    n_updates          | 88699    |
|    policy_loss        | -0.651   |
|    value_loss         | 0.943    |
------------------------------------
------------------------------------
| rollout/              |          |
|    ep_len_mean        | 837      |
|    ep_rew_mean        | 79       |
| time/                 |          |
|    fps                | 1071     |
|    iterations         | 88800    |
|    time_elapsed       | 662      |
|    total_timesteps    | 710400   |
| train/                |          |
|    entropy_loss       | -0.429   |
|    explained_variance | 0.000239 |
|    learning_rate      | 0.000107 |
|    n_updates          | 88799    |
|    policy_loss        | -0.15    |
|    value_loss         | 0.0695   |
------------------------------------
------------------------------------
| rollout/              |          |
|    ep_len_mean        | 837      |
|    ep_rew_mean        | 78.2     |
| time/                 |          |
|    fps                | 1071     |
|    iterations         | 88900    |
|    time_elapsed       | 663      |
|    total_timesteps    | 711200   |
| train/                |          |
|    entropy_loss       | -0.627   |
|    explained_variance | 0.745    |
|    learning_rate      | 0.000107 |
|    n_updates          | 88899    |
|    policy_loss        | -1.54    |
|    value_loss         | 6.89     |
------------------------------------
------------------------------------
| rollout/              |          |
|    ep_len_mean        | 831      |
|    ep_rew_mean        | 79       |
| time/                 |          |
|    fps                | 1071     |
|    iterations         | 89000    |
|    time_elapsed       | 664      |
|    total_timesteps    | 712000   |
| train/                |          |
|    entropy_loss       | -0.746   |
|    explained_variance | 0.541    |
|    learning_rate      | 0.000107 |
|    n_updates          | 88999    |
|    policy_loss        | 1.04     |
|    value_loss         | 30.5     |
------------------------------------
------------------------------------
| rollout/              |          |
|    ep_len_mean        | 823      |
|    ep_rew_mean        | 77.1     |
| time/                 |          |
|    fps                | 1072     |
|    iterations         | 89100    |
|    time_elapsed       | 664      |
|    total_timesteps    | 712800   |
| train/                |          |
|    entropy_loss       | -0.956   |
|    explained_variance | 0.931    |
|    learning_rate      | 0.000107 |
|    n_updates          | 89099    |
|    policy_loss        | -1.6     |
|    value_loss         | 2.65     |
------------------------------------
------------------------------------
| rollout/              |          |
|    ep_len_mean        | 823      |
|    ep_rew_mean        | 77.1     |
| time/                 |          |
|    fps                | 1072     |
|    iterations         | 89200    |
|    time_elapsed       | 665      |
|    total_timesteps    | 713600   |
| train/                |          |
|    entropy_loss       | -0.757   |
|    explained_variance | 0.0716   |
|    learning_rate      | 0.000107 |
|    n_updates          | 89199    |
|    policy_loss        | -0.56    |
|    value_loss         | 0.158    |
------------------------------------
------------------------------------
| rollout/              |          |
|    ep_len_mean        | 823      |
|    ep_rew_mean        | 75       |
| time/                 |          |
|    fps                | 1072     |
|    iterations         | 89300    |
|    time_elapsed       | 666      |
|    total_timesteps    | 714400   |
| train/                |          |
|    entropy_loss       | -0.714   |
|    explained_variance | 0.0238   |
|    learning_rate      | 0.000107 |
|    n_updates          | 89299    |
|    policy_loss        | -0.0247  |
|    value_loss         | 0.0178   |
------------------------------------
------------------------------------
| rollout/              |          |
|    ep_len_mean        | 826      |
|    ep_rew_mean        | 73.4     |
| time/                 |          |
|    fps                | 1072     |
|    iterations         | 89400    |
|    time_elapsed       | 667      |
|    total_timesteps    | 715200   |
| train/                |          |
|    entropy_loss       | -0.648   |
|    explained_variance | 0.981    |
|    learning_rate      | 0.000107 |
|    n_updates          | 89399    |
|    policy_loss        | -0.917   |
|    value_loss         | 0.377    |
------------------------------------
------------------------------------
| rollout/              |          |
|    ep_len_mean        | 820      |
|    ep_rew_mean        | 70.6     |
| time/                 |          |
|    fps                | 1072     |
|    iterations         | 89500    |
|    time_elapsed       | 667      |
|    total_timesteps    | 716000   |
| train/                |          |
|    entropy_loss       | -0.496   |
|    explained_variance | 0.977    |
|    learning_rate      | 0.000107 |
|    n_updates          | 89499    |
|    policy_loss        | 0.076    |
|    value_loss         | 0.556    |
------------------------------------
------------------------------------
| rollout/              |          |
|    ep_len_mean        | 820      |
|    ep_rew_mean        | 70.5     |
| time/                 |          |
|    fps                | 1072     |
|    iterations         | 89600    |
|    time_elapsed       | 668      |
|    total_timesteps    | 716800   |
| train/                |          |
|    entropy_loss       | -0.918   |
|    explained_variance | 0.834    |
|    learning_rate      | 0.000107 |
|    n_updates          | 89599    |
|    policy_loss        | -1.22    |
|    value_loss         | 2.15     |
------------------------------------
------------------------------------
| rollout/              |          |
|    ep_len_mean        | 809      |
|    ep_rew_mean        | 62.5     |
| time/                 |          |
|    fps                | 1072     |
|    iterations         | 89700    |
|    time_elapsed       | 669      |
|    total_timesteps    | 717600   |
| train/                |          |
|    entropy_loss       | -0.574   |
|    explained_variance | -0.0459  |
|    learning_rate      | 0.000107 |
|    n_updates          | 89699    |
|    policy_loss        | -0.014   |
|    value_loss         | 0.0269   |
------------------------------------
------------------------------------
| rollout/              |          |
|    ep_len_mean        | 809      |
|    ep_rew_mean        | 60.9     |
| time/                 |          |
|    fps                | 1072     |
|    iterations         | 89800    |
|    time_elapsed       | 669      |
|    total_timesteps    | 718400   |
| train/                |          |
|    entropy_loss       | -0.719   |
|    explained_variance | 0.578    |
|    learning_rate      | 0.000107 |
|    n_updates          | 89799    |
|    policy_loss        | -2.53    |
|    value_loss         | 5.52     |
------------------------------------
------------------------------------
| rollout/              |          |
|    ep_len_mean        | 809      |
|    ep_rew_mean        | 60.9     |
| time/                 |          |
|    fps                | 1072     |
|    iterations         | 89900    |
|    time_elapsed       | 670      |
|    total_timesteps    | 719200   |
| train/                |          |
|    entropy_loss       | -0.691   |
|    explained_variance | 0.449    |
|    learning_rate      | 0.000107 |
|    n_updates          | 89899    |
|    policy_loss        | -0.474   |
|    value_loss         | 32.3     |
------------------------------------
------------------------------------
| rollout/              |          |
|    ep_len_mean        | 810      |
|    ep_rew_mean        | 59.4     |
| time/                 |          |
|    fps                | 1072     |
|    iterations         | 90000    |
|    time_elapsed       | 671      |
|    total_timesteps    | 720000   |
| train/                |          |
|    entropy_loss       | -0.682   |
|    explained_variance | -0.00733 |
|    learning_rate      | 0.000107 |
|    n_updates          | 89999    |
|    policy_loss        | 0.0092   |
|    value_loss         | 0.00164  |
------------------------------------
------------------------------------
| rollout/              |          |
|    ep_len_mean        | 810      |
|    ep_rew_mean        | 58.7     |
| time/                 |          |
|    fps                | 1072     |
|    iterations         | 90100    |
|    time_elapsed       | 672      |
|    total_timesteps    | 720800   |
| train/                |          |
|    entropy_loss       | -0.678   |
|    explained_variance | 0.678    |
|    learning_rate      | 0.000107 |
|    n_updates          | 90099    |
|    policy_loss        | -0.952   |
|    value_loss         | 5.23     |
------------------------------------
------------------------------------
| rollout/              |          |
|    ep_len_mean        | 796      |
|    ep_rew_mean        | 54.9     |
| time/                 |          |
|    fps                | 1072     |
|    iterations         | 90200    |
|    time_elapsed       | 673      |
|    total_timesteps    | 721600   |
| train/                |          |
|    entropy_loss       | -0.116   |
|    explained_variance | 0.579    |
|    learning_rate      | 0.000107 |
|    n_updates          | 90199    |
|    policy_loss        | 0.264    |
|    value_loss         | 102      |
------------------------------------
------------------------------------
| rollout/              |          |
|    ep_len_mean        | 794      |
|    ep_rew_mean        | 56.6     |
| time/                 |          |
|    fps                | 1072     |
|    iterations         | 90300    |
|    time_elapsed       | 673      |
|    total_timesteps    | 722400   |
| train/                |          |
|    entropy_loss       | -0.764   |
|    explained_variance | 0.826    |
|    learning_rate      | 0.000107 |
|    n_updates          | 90299    |
|    policy_loss        | -1.36    |
|    value_loss         | 6.34     |
------------------------------------
------------------------------------
| rollout/              |          |
|    ep_len_mean        | 791      |
|    ep_rew_mean        | 57.7     |
| time/                 |          |
|    fps                | 1072     |
|    iterations         | 90400    |
|    time_elapsed       | 674      |
|    total_timesteps    | 723200   |
| train/                |          |
|    entropy_loss       | -0.757   |
|    explained_variance | 0.96     |
|    learning_rate      | 0.000107 |
|    n_updates          | 90399    |
|    policy_loss        | -0.578   |
|    value_loss         | 0.464    |
------------------------------------
------------------------------------
| rollout/              |          |
|    ep_len_mean        | 792      |
|    ep_rew_mean        | 57.2     |
| time/                 |          |
|    fps                | 1072     |
|    iterations         | 90500    |
|    time_elapsed       | 675      |
|    total_timesteps    | 724000   |
| train/                |          |
|    entropy_loss       | -0.764   |
|    explained_variance | 0.75     |
|    learning_rate      | 0.000107 |
|    n_updates          | 90499    |
|    policy_loss        | 0.679    |
|    value_loss         | 8.05     |
------------------------------------
------------------------------------
| rollout/              |          |
|    ep_len_mean        | 792      |
|    ep_rew_mean        | 56.8     |
| time/                 |          |
|    fps                | 1072     |
|    iterations         | 90600    |
|    time_elapsed       | 675      |
|    total_timesteps    | 724800   |
| train/                |          |
|    entropy_loss       | -0.773   |
|    explained_variance | 0.00351  |
|    learning_rate      | 0.000107 |
|    n_updates          | 90599    |
|    policy_loss        | -0.0163  |
|    value_loss         | 0.0098   |
------------------------------------
------------------------------------
| rollout/              |          |
|    ep_len_mean        | 792      |
|    ep_rew_mean        | 56.7     |
| time/                 |          |
|    fps                | 1072     |
|    iterations         | 90700    |
|    time_elapsed       | 676      |
|    total_timesteps    | 725600   |
| train/                |          |
|    entropy_loss       | -1.24    |
|    explained_variance | 0.933    |
|    learning_rate      | 0.000106 |
|    n_updates          | 90699    |
|    policy_loss        | 0.216    |
|    value_loss         | 0.255    |
------------------------------------
------------------------------------
| rollout/              |          |
|    ep_len_mean        | 792      |
|    ep_rew_mean        | 56.1     |
| time/                 |          |
|    fps                | 1072     |
|    iterations         | 90800    |
|    time_elapsed       | 677      |
|    total_timesteps    | 726400   |
| train/                |          |
|    entropy_loss       | -0.918   |
|    explained_variance | 0.946    |
|    learning_rate      | 0.000106 |
|    n_updates          | 90799    |
|    policy_loss        | -0.323   |
|    value_loss         | 0.476    |
------------------------------------
------------------------------------
| rollout/              |          |
|    ep_len_mean        | 786      |
|    ep_rew_mean        | 57.2     |
| time/                 |          |
|    fps                | 1072     |
|    iterations         | 90900    |
|    time_elapsed       | 678      |
|    total_timesteps    | 727200   |
| train/                |          |
|    entropy_loss       | -0.822   |
|    explained_variance | 0.541    |
|    learning_rate      | 0.000106 |
|    n_updates          | 90899    |
|    policy_loss        | -2.32    |
|    value_loss         | 38.4     |
------------------------------------
------------------------------------
| rollout/              |          |
|    ep_len_mean        | 788      |
|    ep_rew_mean        | 55.9     |
| time/                 |          |
|    fps                | 1072     |
|    iterations         | 91000    |
|    time_elapsed       | 678      |
|    total_timesteps    | 728000   |
| train/                |          |
|    entropy_loss       | -1.04    |
|    explained_variance | 0.886    |
|    learning_rate      | 0.000106 |
|    n_updates          | 90999    |
|    policy_loss        | -1.39    |
|    value_loss         | 1.64     |
------------------------------------
------------------------------------
| rollout/              |          |
|    ep_len_mean        | 778      |
|    ep_rew_mean        | 53       |
| time/                 |          |
|    fps                | 1072     |
|    iterations         | 91100    |
|    time_elapsed       | 679      |
|    total_timesteps    | 728800   |
| train/                |          |
|    entropy_loss       | -0.677   |
|    explained_variance | -0.0476  |
|    learning_rate      | 0.000106 |
|    n_updates          | 91099    |
|    policy_loss        | -0.0326  |
|    value_loss         | 0.0515   |
------------------------------------
------------------------------------
| rollout/              |          |
|    ep_len_mean        | 778      |
|    ep_rew_mean        | 53.2     |
| time/                 |          |
|    fps                | 1072     |
|    iterations         | 91200    |
|    time_elapsed       | 680      |
|    total_timesteps    | 729600   |
| train/                |          |
|    entropy_loss       | -0.31    |
|    explained_variance | 0.0531   |
|    learning_rate      | 0.000106 |
|    n_updates          | 91199    |
|    policy_loss        | -2.04    |
|    value_loss         | 161      |
------------------------------------
------------------------------------
| rollout/              |          |
|    ep_len_mean        | 778      |
|    ep_rew_mean        | 53.3     |
| time/                 |          |
|    fps                | 1072     |
|    iterations         | 91300    |
|    time_elapsed       | 681      |
|    total_timesteps    | 730400   |
| train/                |          |
|    entropy_loss       | -0.855   |
|    explained_variance | 0.951    |
|    learning_rate      | 0.000106 |
|    n_updates          | 91299    |
|    policy_loss        | 1.15     |
|    value_loss         | 1.61     |
------------------------------------
------------------------------------
| rollout/              |          |
|    ep_len_mean        | 778      |
|    ep_rew_mean        | 53.3     |
| time/                 |          |
|    fps                | 1072     |
|    iterations         | 91400    |
|    time_elapsed       | 682      |
|    total_timesteps    | 731200   |
| train/                |          |
|    entropy_loss       | -0.896   |
|    explained_variance | -0.259   |
|    learning_rate      | 0.000106 |
|    n_updates          | 91399    |
|    policy_loss        | 0.118    |
|    value_loss         | 0.0779   |
------------------------------------
------------------------------------
| rollout/              |          |
|    ep_len_mean        | 778      |
|    ep_rew_mean        | 54.3     |
| time/                 |          |
|    fps                | 1072     |
|    iterations         | 91500    |
|    time_elapsed       | 682      |
|    total_timesteps    | 732000   |
| train/                |          |
|    entropy_loss       | -0.992   |
|    explained_variance | 0.897    |
|    learning_rate      | 0.000106 |
|    n_updates          | 91499    |
|    policy_loss        | -0.68    |
|    value_loss         | 0.883    |
------------------------------------
------------------------------------
| rollout/              |          |
|    ep_len_mean        | 783      |
|    ep_rew_mean        | 52.9     |
| time/                 |          |
|    fps                | 1072     |
|    iterations         | 91600    |
|    time_elapsed       | 683      |
|    total_timesteps    | 732800   |
| train/                |          |
|    entropy_loss       | -0.638   |
|    explained_variance | 0.635    |
|    learning_rate      | 0.000106 |
|    n_updates          | 91599    |
|    policy_loss        | -1.07    |
|    value_loss         | 37.7     |
------------------------------------
------------------------------------
| rollout/              |          |
|    ep_len_mean        | 777      |
|    ep_rew_mean        | 51.3     |
| time/                 |          |
|    fps                | 1072     |
|    iterations         | 91700    |
|    time_elapsed       | 684      |
|    total_timesteps    | 733600   |
| train/                |          |
|    entropy_loss       | -0.576   |
|    explained_variance | -0.39    |
|    learning_rate      | 0.000106 |
|    n_updates          | 91699    |
|    policy_loss        | 3.01     |
|    value_loss         | 8.91     |
------------------------------------
------------------------------------
| rollout/              |          |
|    ep_len_mean        | 777      |
|    ep_rew_mean        | 51.4     |
| time/                 |          |
|    fps                | 1072     |
|    iterations         | 91800    |
|    time_elapsed       | 685      |
|    total_timesteps    | 734400   |
| train/                |          |
|    entropy_loss       | -0.737   |
|    explained_variance | 0.728    |
|    learning_rate      | 0.000106 |
|    n_updates          | 91799    |
|    policy_loss        | -2.01    |
|    value_loss         | 3.8      |
------------------------------------
------------------------------------
| rollout/              |          |
|    ep_len_mean        | 771      |
|    ep_rew_mean        | 49.8     |
| time/                 |          |
|    fps                | 1072     |
|    iterations         | 91900    |
|    time_elapsed       | 685      |
|    total_timesteps    | 735200   |
| train/                |          |
|    entropy_loss       | -0.655   |
|    explained_variance | -0.557   |
|    learning_rate      | 0.000106 |
|    n_updates          | 91899    |
|    policy_loss        | -0.425   |
|    value_loss         | 0.435    |
------------------------------------
------------------------------------
| rollout/              |          |
|    ep_len_mean        | 771      |
|    ep_rew_mean        | 50.7     |
| time/                 |          |
|    fps                | 1072     |
|    iterations         | 92000    |
|    time_elapsed       | 686      |
|    total_timesteps    | 736000   |
| train/                |          |
|    entropy_loss       | -1.19    |
|    explained_variance | 0.889    |
|    learning_rate      | 0.000106 |
|    n_updates          | 91999    |
|    policy_loss        | -2.14    |
|    value_loss         | 4.88     |
------------------------------------
------------------------------------
| rollout/              |          |
|    ep_len_mean        | 770      |
|    ep_rew_mean        | 48.3     |
| time/                 |          |
|    fps                | 1072     |
|    iterations         | 92100    |
|    time_elapsed       | 687      |
|    total_timesteps    | 736800   |
| train/                |          |
|    entropy_loss       | -0.677   |
|    explained_variance | 0.983    |
|    learning_rate      | 0.000106 |
|    n_updates          | 92099    |
|    policy_loss        | 0.367    |
|    value_loss         | 0.816    |
------------------------------------
------------------------------------
| rollout/              |          |
|    ep_len_mean        | 770      |
|    ep_rew_mean        | 49       |
| time/                 |          |
|    fps                | 1072     |
|    iterations         | 92200    |
|    time_elapsed       | 687      |
|    total_timesteps    | 737600   |
| train/                |          |
|    entropy_loss       | -1.07    |
|    explained_variance | 0.829    |
|    learning_rate      | 0.000106 |
|    n_updates          | 92199    |
|    policy_loss        | 1.69     |
|    value_loss         | 4.54     |
------------------------------------
------------------------------------
| rollout/              |          |
|    ep_len_mean        | 770      |
|    ep_rew_mean        | 49.4     |
| time/                 |          |
|    fps                | 1072     |
|    iterations         | 92300    |
|    time_elapsed       | 688      |
|    total_timesteps    | 738400   |
| train/                |          |
|    entropy_loss       | -0.904   |
|    explained_variance | 0.804    |
|    learning_rate      | 0.000106 |
|    n_updates          | 92299    |
|    policy_loss        | -1.88    |
|    value_loss         | 3.12     |
------------------------------------
------------------------------------
| rollout/              |          |
|    ep_len_mean        | 770      |
|    ep_rew_mean        | 50.5     |
| time/                 |          |
|    fps                | 1072     |
|    iterations         | 92400    |
|    time_elapsed       | 689      |
|    total_timesteps    | 739200   |
| train/                |          |
|    entropy_loss       | -1.13    |
|    explained_variance | 0.743    |
|    learning_rate      | 0.000106 |
|    n_updates          | 92399    |
|    policy_loss        | -1.54    |
|    value_loss         | 2.43     |
------------------------------------
------------------------------------
| rollout/              |          |
|    ep_len_mean        | 770      |
|    ep_rew_mean        | 50.5     |
| time/                 |          |
|    fps                | 1072     |
|    iterations         | 92500    |
|    time_elapsed       | 690      |
|    total_timesteps    | 740000   |
| train/                |          |
|    entropy_loss       | -0.804   |
|    explained_variance | -0.0121  |
|    learning_rate      | 0.000106 |
|    n_updates          | 92499    |
|    policy_loss        | -0.0122  |
|    value_loss         | 0.0107   |
------------------------------------
------------------------------------
| rollout/              |          |
|    ep_len_mean        | 770      |
|    ep_rew_mean        | 51.4     |
| time/                 |          |
|    fps                | 1072     |
|    iterations         | 92600    |
|    time_elapsed       | 690      |
|    total_timesteps    | 740800   |
| train/                |          |
|    entropy_loss       | -0.899   |
|    explained_variance | 0.842    |
|    learning_rate      | 0.000106 |
|    n_updates          | 92599    |
|    policy_loss        | -0.273   |
|    value_loss         | 0.458    |
------------------------------------
------------------------------------
| rollout/              |          |
|    ep_len_mean        | 770      |
|    ep_rew_mean        | 52.7     |
| time/                 |          |
|    fps                | 1072     |
|    iterations         | 92700    |
|    time_elapsed       | 691      |
|    total_timesteps    | 741600   |
| train/                |          |
|    entropy_loss       | -0.699   |
|    explained_variance | 0.852    |
|    learning_rate      | 0.000106 |
|    n_updates          | 92699    |
|    policy_loss        | 0.297    |
|    value_loss         | 1.67     |
------------------------------------
------------------------------------
| rollout/              |          |
|    ep_len_mean        | 767      |
|    ep_rew_mean        | 55.2     |
| time/                 |          |
|    fps                | 1072     |
|    iterations         | 92800    |
|    time_elapsed       | 692      |
|    total_timesteps    | 742400   |
| train/                |          |
|    entropy_loss       | -1.11    |
|    explained_variance | -1.34    |
|    learning_rate      | 0.000105 |
|    n_updates          | 92799    |
|    policy_loss        | -0.487   |
|    value_loss         | 3.4      |
------------------------------------
------------------------------------
| rollout/              |          |
|    ep_len_mean        | 767      |
|    ep_rew_mean        | 55.1     |
| time/                 |          |
|    fps                | 1072     |
|    iterations         | 92900    |
|    time_elapsed       | 693      |
|    total_timesteps    | 743200   |
| train/                |          |
|    entropy_loss       | -1.1     |
|    explained_variance | 0.574    |
|    learning_rate      | 0.000105 |
|    n_updates          | 92899    |
|    policy_loss        | 0.717    |
|    value_loss         | 1.89     |
------------------------------------
------------------------------------
| rollout/              |          |
|    ep_len_mean        | 767      |
|    ep_rew_mean        | 55.9     |
| time/                 |          |
|    fps                | 1072     |
|    iterations         | 93000    |
|    time_elapsed       | 693      |
|    total_timesteps    | 744000   |
| train/                |          |
|    entropy_loss       | -0.942   |
|    explained_variance | 0.184    |
|    learning_rate      | 0.000105 |
|    n_updates          | 92999    |
|    policy_loss        | -2.26    |
|    value_loss         | 10.4     |
------------------------------------
------------------------------------
| rollout/              |          |
|    ep_len_mean        | 767      |
|    ep_rew_mean        | 55.9     |
| time/                 |          |
|    fps                | 1072     |
|    iterations         | 93100    |
|    time_elapsed       | 694      |
|    total_timesteps    | 744800   |
| train/                |          |
|    entropy_loss       | -0.589   |
|    explained_variance | 0.43     |
|    learning_rate      | 0.000105 |
|    n_updates          | 93099    |
|    policy_loss        | 0.917    |
|    value_loss         | 5.1      |
------------------------------------
------------------------------------
| rollout/              |          |
|    ep_len_mean        | 767      |
|    ep_rew_mean        | 55.8     |
| time/                 |          |
|    fps                | 1072     |
|    iterations         | 93200    |
|    time_elapsed       | 695      |
|    total_timesteps    | 745600   |
| train/                |          |
|    entropy_loss       | -0.622   |
|    explained_variance | 0.0105   |
|    learning_rate      | 0.000105 |
|    n_updates          | 93199    |
|    policy_loss        | 0.416    |
|    value_loss         | 0.928    |
------------------------------------
------------------------------------
| rollout/              |          |
|    ep_len_mean        | 767      |
|    ep_rew_mean        | 57.1     |
| time/                 |          |
|    fps                | 1072     |
|    iterations         | 93300    |
|    time_elapsed       | 695      |
|    total_timesteps    | 746400   |
| train/                |          |
|    entropy_loss       | -1.02    |
|    explained_variance | 0.828    |
|    learning_rate      | 0.000105 |
|    n_updates          | 93299    |
|    policy_loss        | -2.17    |
|    value_loss         | 3.59     |
------------------------------------
------------------------------------
| rollout/              |          |
|    ep_len_mean        | 767      |
|    ep_rew_mean        | 56.8     |
| time/                 |          |
|    fps                | 1072     |
|    iterations         | 93400    |
|    time_elapsed       | 696      |
|    total_timesteps    | 747200   |
| train/                |          |
|    entropy_loss       | -0.514   |
|    explained_variance | 0.397    |
|    learning_rate      | 0.000105 |
|    n_updates          | 93399    |
|    policy_loss        | 3.43     |
|    value_loss         | 15.8     |
------------------------------------
------------------------------------
| rollout/              |          |
|    ep_len_mean        | 767      |
|    ep_rew_mean        | 56.7     |
| time/                 |          |
|    fps                | 1072     |
|    iterations         | 93500    |
|    time_elapsed       | 697      |
|    total_timesteps    | 748000   |
| train/                |          |
|    entropy_loss       | -1.14    |
|    explained_variance | 0.604    |
|    learning_rate      | 0.000105 |
|    n_updates          | 93499    |
|    policy_loss        | 0.136    |
|    value_loss         | 1.13     |
------------------------------------
------------------------------------
| rollout/              |          |
|    ep_len_mean        | 767      |
|    ep_rew_mean        | 54.9     |
| time/                 |          |
|    fps                | 1072     |
|    iterations         | 93600    |
|    time_elapsed       | 698      |
|    total_timesteps    | 748800   |
| train/                |          |
|    entropy_loss       | -0.567   |
|    explained_variance | 0.452    |
|    learning_rate      | 0.000105 |
|    n_updates          | 93599    |
|    policy_loss        | 0.795    |
|    value_loss         | 6.19     |
------------------------------------
------------------------------------
| rollout/              |          |
|    ep_len_mean        | 763      |
|    ep_rew_mean        | 58.4     |
| time/                 |          |
|    fps                | 1072     |
|    iterations         | 93700    |
|    time_elapsed       | 698      |
|    total_timesteps    | 749600   |
| train/                |          |
|    entropy_loss       | -0.606   |
|    explained_variance | 0.292    |
|    learning_rate      | 0.000105 |
|    n_updates          | 93699    |
|    policy_loss        | 2.15     |
|    value_loss         | 12.6     |
------------------------------------
Eval num_timesteps=750000, episode_reward=-50.57 +/- 57.67
Episode length: 1000.00 +/- 0.00
------------------------------------
| eval/                 |          |
|    mean_ep_length     | 1e+03    |
|    mean_reward        | -50.6    |
| time/                 |          |
|    total_timesteps    | 750000   |
| train/                |          |
|    entropy_loss       | -1.12    |
|    explained_variance | 0.768    |
|    learning_rate      | 0.000105 |
|    n_updates          | 93749    |
|    policy_loss        | 1.46     |
|    value_loss         | 4.42     |
------------------------------------
------------------------------------
| rollout/              |          |
|    ep_len_mean        | 763      |
|    ep_rew_mean        | 58.4     |
| time/                 |          |
|    fps                | 1069     |
|    iterations         | 93800    |
|    time_elapsed       | 701      |
|    total_timesteps    | 750400   |
| train/                |          |
|    entropy_loss       | -0.788   |
|    explained_variance | -0.0706  |
|    learning_rate      | 0.000105 |
|    n_updates          | 93799    |
|    policy_loss        | -0.3     |
|    value_loss         | 118      |
------------------------------------
------------------------------------
| rollout/              |          |
|    ep_len_mean        | 763      |
|    ep_rew_mean        | 59.6     |
| time/                 |          |
|    fps                | 1069     |
|    iterations         | 93900    |
|    time_elapsed       | 702      |
|    total_timesteps    | 751200   |
| train/                |          |
|    entropy_loss       | -1.15    |
|    explained_variance | 0.91     |
|    learning_rate      | 0.000105 |
|    n_updates          | 93899    |
|    policy_loss        | -1.86    |
|    value_loss         | 1.66     |
------------------------------------
------------------------------------
| rollout/              |          |
|    ep_len_mean        | 763      |
|    ep_rew_mean        | 59.8     |
| time/                 |          |
|    fps                | 1069     |
|    iterations         | 94000    |
|    time_elapsed       | 702      |
|    total_timesteps    | 752000   |
| train/                |          |
|    entropy_loss       | -0.933   |
|    explained_variance | 0.785    |
|    learning_rate      | 0.000105 |
|    n_updates          | 93999    |
|    policy_loss        | -2.74    |
|    value_loss         | 9.37     |
------------------------------------
------------------------------------
| rollout/              |          |
|    ep_len_mean        | 763      |
|    ep_rew_mean        | 59.2     |
| time/                 |          |
|    fps                | 1069     |
|    iterations         | 94100    |
|    time_elapsed       | 703      |
|    total_timesteps    | 752800   |
| train/                |          |
|    entropy_loss       | -0.833   |
|    explained_variance | 0.959    |
|    learning_rate      | 0.000105 |
|    n_updates          | 94099    |
|    policy_loss        | 0.13     |
|    value_loss         | 0.359    |
------------------------------------
------------------------------------
| rollout/              |          |
|    ep_len_mean        | 762      |
|    ep_rew_mean        | 57.9     |
| time/                 |          |
|    fps                | 1069     |
|    iterations         | 94200    |
|    time_elapsed       | 704      |
|    total_timesteps    | 753600   |
| train/                |          |
|    entropy_loss       | -0.93    |
|    explained_variance | 0.716    |
|    learning_rate      | 0.000105 |
|    n_updates          | 94199    |
|    policy_loss        | -2.66    |
|    value_loss         | 7.2      |
------------------------------------
------------------------------------
| rollout/              |          |
|    ep_len_mean        | 762      |
|    ep_rew_mean        | 58.3     |
| time/                 |          |
|    fps                | 1069     |
|    iterations         | 94300    |
|    time_elapsed       | 705      |
|    total_timesteps    | 754400   |
| train/                |          |
|    entropy_loss       | -0.534   |
|    explained_variance | -0.221   |
|    learning_rate      | 0.000105 |
|    n_updates          | 94299    |
|    policy_loss        | 1.3      |
|    value_loss         | 15.7     |
------------------------------------
------------------------------------
| rollout/              |          |
|    ep_len_mean        | 762      |
|    ep_rew_mean        | 58.3     |
| time/                 |          |
|    fps                | 1069     |
|    iterations         | 94400    |
|    time_elapsed       | 705      |
|    total_timesteps    | 755200   |
| train/                |          |
|    entropy_loss       | -0.655   |
|    explained_variance | 0.946    |
|    learning_rate      | 0.000105 |
|    n_updates          | 94399    |
|    policy_loss        | -1.61    |
|    value_loss         | 1.88     |
------------------------------------
------------------------------------
| rollout/              |          |
|    ep_len_mean        | 762      |
|    ep_rew_mean        | 58.3     |
| time/                 |          |
|    fps                | 1069     |
|    iterations         | 94500    |
|    time_elapsed       | 706      |
|    total_timesteps    | 756000   |
| train/                |          |
|    entropy_loss       | -0.837   |
|    explained_variance | 0.854    |
|    learning_rate      | 0.000105 |
|    n_updates          | 94499    |
|    policy_loss        | -1.1     |
|    value_loss         | 1.35     |
------------------------------------
------------------------------------
| rollout/              |          |
|    ep_len_mean        | 762      |
|    ep_rew_mean        | 58       |
| time/                 |          |
|    fps                | 1070     |
|    iterations         | 94600    |
|    time_elapsed       | 707      |
|    total_timesteps    | 756800   |
| train/                |          |
|    entropy_loss       | -0.375   |
|    explained_variance | 0.967    |
|    learning_rate      | 0.000105 |
|    n_updates          | 94599    |
|    policy_loss        | 1.39     |
|    value_loss         | 2.56     |
------------------------------------
------------------------------------
| rollout/              |          |
|    ep_len_mean        | 762      |
|    ep_rew_mean        | 57.9     |
| time/                 |          |
|    fps                | 1070     |
|    iterations         | 94700    |
|    time_elapsed       | 707      |
|    total_timesteps    | 757600   |
| train/                |          |
|    entropy_loss       | -0.7     |
|    explained_variance | 0.84     |
|    learning_rate      | 0.000105 |
|    n_updates          | 94699    |
|    policy_loss        | -0.298   |
|    value_loss         | 0.56     |
------------------------------------
------------------------------------
| rollout/              |          |
|    ep_len_mean        | 762      |
|    ep_rew_mean        | 57.6     |
| time/                 |          |
|    fps                | 1070     |
|    iterations         | 94800    |
|    time_elapsed       | 708      |
|    total_timesteps    | 758400   |
| train/                |          |
|    entropy_loss       | -0.689   |
|    explained_variance | -0.0865  |
|    learning_rate      | 0.000104 |
|    n_updates          | 94799    |
|    policy_loss        | -0.0455  |
|    value_loss         | 2.48     |
------------------------------------
------------------------------------
| rollout/              |          |
|    ep_len_mean        | 762      |
|    ep_rew_mean        | 57.6     |
| time/                 |          |
|    fps                | 1070     |
|    iterations         | 94900    |
|    time_elapsed       | 709      |
|    total_timesteps    | 759200   |
| train/                |          |
|    entropy_loss       | -0.813   |
|    explained_variance | 0.784    |
|    learning_rate      | 0.000104 |
|    n_updates          | 94899    |
|    policy_loss        | -0.916   |
|    value_loss         | 1.06     |
------------------------------------
------------------------------------
| rollout/              |          |
|    ep_len_mean        | 762      |
|    ep_rew_mean        | 57.1     |
| time/                 |          |
|    fps                | 1070     |
|    iterations         | 95000    |
|    time_elapsed       | 710      |
|    total_timesteps    | 760000   |
| train/                |          |
|    entropy_loss       | -0.883   |
|    explained_variance | 0.76     |
|    learning_rate      | 0.000104 |
|    n_updates          | 94999    |
|    policy_loss        | -0.0213  |
|    value_loss         | 0.387    |
------------------------------------
------------------------------------
| rollout/              |          |
|    ep_len_mean        | 762      |
|    ep_rew_mean        | 57.3     |
| time/                 |          |
|    fps                | 1070     |
|    iterations         | 95100    |
|    time_elapsed       | 710      |
|    total_timesteps    | 760800   |
| train/                |          |
|    entropy_loss       | -0.682   |
|    explained_variance | 0.645    |
|    learning_rate      | 0.000104 |
|    n_updates          | 95099    |
|    policy_loss        | -1.36    |
|    value_loss         | 8.02     |
------------------------------------
------------------------------------
| rollout/              |          |
|    ep_len_mean        | 763      |
|    ep_rew_mean        | 59.1     |
| time/                 |          |
|    fps                | 1070     |
|    iterations         | 95200    |
|    time_elapsed       | 711      |
|    total_timesteps    | 761600   |
| train/                |          |
|    entropy_loss       | -0.852   |
|    explained_variance | 0.821    |
|    learning_rate      | 0.000104 |
|    n_updates          | 95199    |
|    policy_loss        | -0.174   |
|    value_loss         | 0.394    |
------------------------------------
------------------------------------
| rollout/              |          |
|    ep_len_mean        | 763      |
|    ep_rew_mean        | 59.3     |
| time/                 |          |
|    fps                | 1070     |
|    iterations         | 95300    |
|    time_elapsed       | 712      |
|    total_timesteps    | 762400   |
| train/                |          |
|    entropy_loss       | -0.599   |
|    explained_variance | -0.194   |
|    learning_rate      | 0.000104 |
|    n_updates          | 95299    |
|    policy_loss        | 1.24     |
|    value_loss         | 16.1     |
------------------------------------
------------------------------------
| rollout/              |          |
|    ep_len_mean        | 763      |
|    ep_rew_mean        | 59.3     |
| time/                 |          |
|    fps                | 1070     |
|    iterations         | 95400    |
|    time_elapsed       | 712      |
|    total_timesteps    | 763200   |
| train/                |          |
|    entropy_loss       | -1.05    |
|    explained_variance | 0.602    |
|    learning_rate      | 0.000104 |
|    n_updates          | 95399    |
|    policy_loss        | -2.03    |
|    value_loss         | 4.51     |
------------------------------------
------------------------------------
| rollout/              |          |
|    ep_len_mean        | 763      |
|    ep_rew_mean        | 58.1     |
| time/                 |          |
|    fps                | 1070     |
|    iterations         | 95500    |
|    time_elapsed       | 713      |
|    total_timesteps    | 764000   |
| train/                |          |
|    entropy_loss       | -0.656   |
|    explained_variance | 0.912    |
|    learning_rate      | 0.000104 |
|    n_updates          | 95499    |
|    policy_loss        | 0.358    |
|    value_loss         | 0.929    |
------------------------------------
------------------------------------
| rollout/              |          |
|    ep_len_mean        | 763      |
|    ep_rew_mean        | 57.9     |
| time/                 |          |
|    fps                | 1070     |
|    iterations         | 95600    |
|    time_elapsed       | 714      |
|    total_timesteps    | 764800   |
| train/                |          |
|    entropy_loss       | -0.768   |
|    explained_variance | 0.731    |
|    learning_rate      | 0.000104 |
|    n_updates          | 95599    |
|    policy_loss        | 0.0346   |
|    value_loss         | 0.809    |
------------------------------------
------------------------------------
| rollout/              |          |
|    ep_len_mean        | 763      |
|    ep_rew_mean        | 57.7     |
| time/                 |          |
|    fps                | 1070     |
|    iterations         | 95700    |
|    time_elapsed       | 715      |
|    total_timesteps    | 765600   |
| train/                |          |
|    entropy_loss       | -1.02    |
|    explained_variance | 0.872    |
|    learning_rate      | 0.000104 |
|    n_updates          | 95699    |
|    policy_loss        | -0.898   |
|    value_loss         | 0.816    |
------------------------------------
------------------------------------
| rollout/              |          |
|    ep_len_mean        | 763      |
|    ep_rew_mean        | 55.7     |
| time/                 |          |
|    fps                | 1070     |
|    iterations         | 95800    |
|    time_elapsed       | 715      |
|    total_timesteps    | 766400   |
| train/                |          |
|    entropy_loss       | -0.765   |
|    explained_variance | 0.753    |
|    learning_rate      | 0.000104 |
|    n_updates          | 95799    |
|    policy_loss        | -1.84    |
|    value_loss         | 3.82     |
------------------------------------
------------------------------------
| rollout/              |          |
|    ep_len_mean        | 763      |
|    ep_rew_mean        | 55.7     |
| time/                 |          |
|    fps                | 1070     |
|    iterations         | 95900    |
|    time_elapsed       | 716      |
|    total_timesteps    | 767200   |
| train/                |          |
|    entropy_loss       | -0.597   |
|    explained_variance | 0.709    |
|    learning_rate      | 0.000104 |
|    n_updates          | 95899    |
|    policy_loss        | 0.49     |
|    value_loss         | 9.72     |
------------------------------------
------------------------------------
| rollout/              |          |
|    ep_len_mean        | 765      |
|    ep_rew_mean        | 53.9     |
| time/                 |          |
|    fps                | 1070     |
|    iterations         | 96000    |
|    time_elapsed       | 717      |
|    total_timesteps    | 768000   |
| train/                |          |
|    entropy_loss       | -0.656   |
|    explained_variance | 0.757    |
|    learning_rate      | 0.000104 |
|    n_updates          | 95999    |
|    policy_loss        | -1.9     |
|    value_loss         | 3.84     |
------------------------------------
------------------------------------
| rollout/              |          |
|    ep_len_mean        | 768      |
|    ep_rew_mean        | 52.3     |
| time/                 |          |
|    fps                | 1070     |
|    iterations         | 96100    |
|    time_elapsed       | 717      |
|    total_timesteps    | 768800   |
| train/                |          |
|    entropy_loss       | -0.822   |
|    explained_variance | 0.73     |
|    learning_rate      | 0.000104 |
|    n_updates          | 96099    |
|    policy_loss        | 4.02     |
|    value_loss         | 13.6     |
------------------------------------
------------------------------------
| rollout/              |          |
|    ep_len_mean        | 768      |
|    ep_rew_mean        | 50.8     |
| time/                 |          |
|    fps                | 1070     |
|    iterations         | 96200    |
|    time_elapsed       | 718      |
|    total_timesteps    | 769600   |
| train/                |          |
|    entropy_loss       | -1.05    |
|    explained_variance | 0.729    |
|    learning_rate      | 0.000104 |
|    n_updates          | 96199    |
|    policy_loss        | 1.12     |
|    value_loss         | 3.26     |
------------------------------------
------------------------------------
| rollout/              |          |
|    ep_len_mean        | 768      |
|    ep_rew_mean        | 49.8     |
| time/                 |          |
|    fps                | 1071     |
|    iterations         | 96300    |
|    time_elapsed       | 719      |
|    total_timesteps    | 770400   |
| train/                |          |
|    entropy_loss       | -0.578   |
|    explained_variance | -1.1     |
|    learning_rate      | 0.000104 |
|    n_updates          | 96299    |
|    policy_loss        | 4.69     |
|    value_loss         | 124      |
------------------------------------
------------------------------------
| rollout/              |          |
|    ep_len_mean        | 766      |
|    ep_rew_mean        | 48.2     |
| time/                 |          |
|    fps                | 1071     |
|    iterations         | 96400    |
|    time_elapsed       | 720      |
|    total_timesteps    | 771200   |
| train/                |          |
|    entropy_loss       | -0.3     |
|    explained_variance | -3.51    |
|    learning_rate      | 0.000104 |
|    n_updates          | 96399    |
|    policy_loss        | -3.28    |
|    value_loss         | 48.9     |
------------------------------------
------------------------------------
| rollout/              |          |
|    ep_len_mean        | 766      |
|    ep_rew_mean        | 48.2     |
| time/                 |          |
|    fps                | 1071     |
|    iterations         | 96500    |
|    time_elapsed       | 720      |
|    total_timesteps    | 772000   |
| train/                |          |
|    entropy_loss       | -0.0228  |
|    explained_variance | 0.18     |
|    learning_rate      | 0.000104 |
|    n_updates          | 96499    |
|    policy_loss        | 0.000369 |
|    value_loss         | 0.0422   |
------------------------------------
------------------------------------
| rollout/              |          |
|    ep_len_mean        | 765      |
|    ep_rew_mean        | 47.5     |
| time/                 |          |
|    fps                | 1071     |
|    iterations         | 96600    |
|    time_elapsed       | 721      |
|    total_timesteps    | 772800   |
| train/                |          |
|    entropy_loss       | -1.06    |
|    explained_variance | 0.944    |
|    learning_rate      | 0.000104 |
|    n_updates          | 96599    |
|    policy_loss        | -1.21    |
|    value_loss         | 1.82     |
------------------------------------
------------------------------------
| rollout/              |          |
|    ep_len_mean        | 771      |
|    ep_rew_mean        | 47.2     |
| time/                 |          |
|    fps                | 1071     |
|    iterations         | 96700    |
|    time_elapsed       | 722      |
|    total_timesteps    | 773600   |
| train/                |          |
|    entropy_loss       | -0.855   |
|    explained_variance | 0.949    |
|    learning_rate      | 0.000104 |
|    n_updates          | 96699    |
|    policy_loss        | -0.0404  |
|    value_loss         | 0.247    |
------------------------------------
------------------------------------
| rollout/              |          |
|    ep_len_mean        | 777      |
|    ep_rew_mean        | 49.1     |
| time/                 |          |
|    fps                | 1071     |
|    iterations         | 96800    |
|    time_elapsed       | 722      |
|    total_timesteps    | 774400   |
| train/                |          |
|    entropy_loss       | -1.02    |
|    explained_variance | 0.776    |
|    learning_rate      | 0.000104 |
|    n_updates          | 96799    |
|    policy_loss        | 1.14     |
|    value_loss         | 1.98     |
------------------------------------
------------------------------------
| rollout/              |          |
|    ep_len_mean        | 780      |
|    ep_rew_mean        | 45.6     |
| time/                 |          |
|    fps                | 1071     |
|    iterations         | 96900    |
|    time_elapsed       | 723      |
|    total_timesteps    | 775200   |
| train/                |          |
|    entropy_loss       | -0.67    |
|    explained_variance | 0.344    |
|    learning_rate      | 0.000103 |
|    n_updates          | 96899    |
|    policy_loss        | 2.07     |
|    value_loss         | 5.09     |
------------------------------------
------------------------------------
| rollout/              |          |
|    ep_len_mean        | 778      |
|    ep_rew_mean        | 44.9     |
| time/                 |          |
|    fps                | 1071     |
|    iterations         | 97000    |
|    time_elapsed       | 724      |
|    total_timesteps    | 776000   |
| train/                |          |
|    entropy_loss       | -0.972   |
|    explained_variance | 0.983    |
|    learning_rate      | 0.000103 |
|    n_updates          | 96999    |
|    policy_loss        | -0.346   |
|    value_loss         | 0.248    |
------------------------------------
------------------------------------
| rollout/              |          |
|    ep_len_mean        | 778      |
|    ep_rew_mean        | 44       |
| time/                 |          |
|    fps                | 1071     |
|    iterations         | 97100    |
|    time_elapsed       | 725      |
|    total_timesteps    | 776800   |
| train/                |          |
|    entropy_loss       | -0.863   |
|    explained_variance | 0.852    |
|    learning_rate      | 0.000103 |
|    n_updates          | 97099    |
|    policy_loss        | 0.977    |
|    value_loss         | 4.88     |
------------------------------------
------------------------------------
| rollout/              |          |
|    ep_len_mean        | 778      |
|    ep_rew_mean        | 44       |
| time/                 |          |
|    fps                | 1071     |
|    iterations         | 97200    |
|    time_elapsed       | 725      |
|    total_timesteps    | 777600   |
| train/                |          |
|    entropy_loss       | -0.642   |
|    explained_variance | 0.177    |
|    learning_rate      | 0.000103 |
|    n_updates          | 97199    |
|    policy_loss        | 0.198    |
|    value_loss         | 0.193    |
------------------------------------
------------------------------------
| rollout/              |          |
|    ep_len_mean        | 784      |
|    ep_rew_mean        | 43.4     |
| time/                 |          |
|    fps                | 1071     |
|    iterations         | 97300    |
|    time_elapsed       | 726      |
|    total_timesteps    | 778400   |
| train/                |          |
|    entropy_loss       | -0.613   |
|    explained_variance | -0.0373  |
|    learning_rate      | 0.000103 |
|    n_updates          | 97299    |
|    policy_loss        | -0.055   |
|    value_loss         | 0.0108   |
------------------------------------
------------------------------------
| rollout/              |          |
|    ep_len_mean        | 784      |
|    ep_rew_mean        | 43.1     |
| time/                 |          |
|    fps                | 1071     |
|    iterations         | 97400    |
|    time_elapsed       | 727      |
|    total_timesteps    | 779200   |
| train/                |          |
|    entropy_loss       | -0.658   |
|    explained_variance | 0.0291   |
|    learning_rate      | 0.000103 |
|    n_updates          | 97399    |
|    policy_loss        | -0.0878  |
|    value_loss         | 0.0234   |
------------------------------------
------------------------------------
| rollout/              |          |
|    ep_len_mean        | 784      |
|    ep_rew_mean        | 42.6     |
| time/                 |          |
|    fps                | 1071     |
|    iterations         | 97500    |
|    time_elapsed       | 728      |
|    total_timesteps    | 780000   |
| train/                |          |
|    entropy_loss       | -1.1     |
|    explained_variance | 0.967    |
|    learning_rate      | 0.000103 |
|    n_updates          | 97499    |
|    policy_loss        | -0.541   |
|    value_loss         | 0.273    |
------------------------------------
------------------------------------
| rollout/              |          |
|    ep_len_mean        | 784      |
|    ep_rew_mean        | 42.3     |
| time/                 |          |
|    fps                | 1071     |
|    iterations         | 97600    |
|    time_elapsed       | 728      |
|    total_timesteps    | 780800   |
| train/                |          |
|    entropy_loss       | -0.776   |
|    explained_variance | 0.964    |
|    learning_rate      | 0.000103 |
|    n_updates          | 97599    |
|    policy_loss        | -0.768   |
|    value_loss         | 0.576    |
------------------------------------
------------------------------------
| rollout/              |          |
|    ep_len_mean        | 784      |
|    ep_rew_mean        | 42.3     |
| time/                 |          |
|    fps                | 1071     |
|    iterations         | 97700    |
|    time_elapsed       | 729      |
|    total_timesteps    | 781600   |
| train/                |          |
|    entropy_loss       | -0.758   |
|    explained_variance | 0.19     |
|    learning_rate      | 0.000103 |
|    n_updates          | 97699    |
|    policy_loss        | 1.3      |
|    value_loss         | 89.3     |
------------------------------------
------------------------------------
| rollout/              |          |
|    ep_len_mean        | 777      |
|    ep_rew_mean        | 38.6     |
| time/                 |          |
|    fps                | 1071     |
|    iterations         | 97800    |
|    time_elapsed       | 730      |
|    total_timesteps    | 782400   |
| train/                |          |
|    entropy_loss       | -0.604   |
|    explained_variance | 0.957    |
|    learning_rate      | 0.000103 |
|    n_updates          | 97799    |
|    policy_loss        | 0.776    |
|    value_loss         | 0.562    |
------------------------------------
------------------------------------
| rollout/              |          |
|    ep_len_mean        | 770      |
|    ep_rew_mean        | 40.5     |
| time/                 |          |
|    fps                | 1071     |
|    iterations         | 97900    |
|    time_elapsed       | 730      |
|    total_timesteps    | 783200   |
| train/                |          |
|    entropy_loss       | -0.596   |
|    explained_variance | -0.0388  |
|    learning_rate      | 0.000103 |
|    n_updates          | 97899    |
|    policy_loss        | -0.544   |
|    value_loss         | 0.651    |
------------------------------------
------------------------------------
| rollout/              |          |
|    ep_len_mean        | 774      |
|    ep_rew_mean        | 39       |
| time/                 |          |
|    fps                | 1071     |
|    iterations         | 98000    |
|    time_elapsed       | 731      |
|    total_timesteps    | 784000   |
| train/                |          |
|    entropy_loss       | -0.544   |
|    explained_variance | 0.0914   |
|    learning_rate      | 0.000103 |
|    n_updates          | 97999    |
|    policy_loss        | -0.0768  |
|    value_loss         | 0.0297   |
------------------------------------
------------------------------------
| rollout/              |          |
|    ep_len_mean        | 776      |
|    ep_rew_mean        | 39.7     |
| time/                 |          |
|    fps                | 1071     |
|    iterations         | 98100    |
|    time_elapsed       | 732      |
|    total_timesteps    | 784800   |
| train/                |          |
|    entropy_loss       | -0.727   |
|    explained_variance | 0.0163   |
|    learning_rate      | 0.000103 |
|    n_updates          | 98099    |
|    policy_loss        | -0.0221  |
|    value_loss         | 0.0497   |
------------------------------------
------------------------------------
| rollout/              |          |
|    ep_len_mean        | 782      |
|    ep_rew_mean        | 41.9     |
| time/                 |          |
|    fps                | 1071     |
|    iterations         | 98200    |
|    time_elapsed       | 733      |
|    total_timesteps    | 785600   |
| train/                |          |
|    entropy_loss       | -0.861   |
|    explained_variance | -0.0932  |
|    learning_rate      | 0.000103 |
|    n_updates          | 98199    |
|    policy_loss        | -0.0513  |
|    value_loss         | 0.0287   |
------------------------------------
------------------------------------
| rollout/              |          |
|    ep_len_mean        | 782      |
|    ep_rew_mean        | 41.7     |
| time/                 |          |
|    fps                | 1071     |
|    iterations         | 98300    |
|    time_elapsed       | 733      |
|    total_timesteps    | 786400   |
| train/                |          |
|    entropy_loss       | -0.703   |
|    explained_variance | -0.515   |
|    learning_rate      | 0.000103 |
|    n_updates          | 98299    |
|    policy_loss        | 0.196    |
|    value_loss         | 2.16     |
------------------------------------
------------------------------------
| rollout/              |          |
|    ep_len_mean        | 789      |
|    ep_rew_mean        | 41       |
| time/                 |          |
|    fps                | 1071     |
|    iterations         | 98400    |
|    time_elapsed       | 734      |
|    total_timesteps    | 787200   |
| train/                |          |
|    entropy_loss       | -0.914   |
|    explained_variance | 0.99     |
|    learning_rate      | 0.000103 |
|    n_updates          | 98399    |
|    policy_loss        | -0.166   |
|    value_loss         | 0.0768   |
------------------------------------
------------------------------------
| rollout/              |          |
|    ep_len_mean        | 794      |
|    ep_rew_mean        | 43.1     |
| time/                 |          |
|    fps                | 1071     |
|    iterations         | 98500    |
|    time_elapsed       | 735      |
|    total_timesteps    | 788000   |
| train/                |          |
|    entropy_loss       | -0.843   |
|    explained_variance | 0.969    |
|    learning_rate      | 0.000103 |
|    n_updates          | 98499    |
|    policy_loss        | 0.246    |
|    value_loss         | 0.217    |
------------------------------------
------------------------------------
| rollout/              |          |
|    ep_len_mean        | 788      |
|    ep_rew_mean        | 44.2     |
| time/                 |          |
|    fps                | 1071     |
|    iterations         | 98600    |
|    time_elapsed       | 735      |
|    total_timesteps    | 788800   |
| train/                |          |
|    entropy_loss       | -0.676   |
|    explained_variance | 0.00801  |
|    learning_rate      | 0.000103 |
|    n_updates          | 98599    |
|    policy_loss        | -0.0753  |
|    value_loss         | 0.118    |
------------------------------------
------------------------------------
| rollout/              |          |
|    ep_len_mean        | 795      |
|    ep_rew_mean        | 45.7     |
| time/                 |          |
|    fps                | 1071     |
|    iterations         | 98700    |
|    time_elapsed       | 736      |
|    total_timesteps    | 789600   |
| train/                |          |
|    entropy_loss       | -0.558   |
|    explained_variance | 0.036    |
|    learning_rate      | 0.000103 |
|    n_updates          | 98699    |
|    policy_loss        | 0.0149   |
|    value_loss         | 0.0582   |
------------------------------------
------------------------------------
| rollout/              |          |
|    ep_len_mean        | 799      |
|    ep_rew_mean        | 46.1     |
| time/                 |          |
|    fps                | 1071     |
|    iterations         | 98800    |
|    time_elapsed       | 737      |
|    total_timesteps    | 790400   |
| train/                |          |
|    entropy_loss       | -0.515   |
|    explained_variance | -0.0535  |
|    learning_rate      | 0.000103 |
|    n_updates          | 98799    |
|    policy_loss        | -0.289   |
|    value_loss         | 0.16     |
------------------------------------
------------------------------------
| rollout/              |          |
|    ep_len_mean        | 799      |
|    ep_rew_mean        | 46.9     |
| time/                 |          |
|    fps                | 1072     |
|    iterations         | 98900    |
|    time_elapsed       | 738      |
|    total_timesteps    | 791200   |
| train/                |          |
|    entropy_loss       | -0.976   |
|    explained_variance | 0.991    |
|    learning_rate      | 0.000103 |
|    n_updates          | 98899    |
|    policy_loss        | 0.633    |
|    value_loss         | 0.473    |
------------------------------------
------------------------------------
| rollout/              |          |
|    ep_len_mean        | 805      |
|    ep_rew_mean        | 46.3     |
| time/                 |          |
|    fps                | 1072     |
|    iterations         | 99000    |
|    time_elapsed       | 738      |
|    total_timesteps    | 792000   |
| train/                |          |
|    entropy_loss       | -0.984   |
|    explained_variance | 0.809    |
|    learning_rate      | 0.000102 |
|    n_updates          | 98999    |
|    policy_loss        | 1.98     |
|    value_loss         | 9.78     |
------------------------------------
------------------------------------
| rollout/              |          |
|    ep_len_mean        | 805      |
|    ep_rew_mean        | 46.3     |
| time/                 |          |
|    fps                | 1072     |
|    iterations         | 99100    |
|    time_elapsed       | 739      |
|    total_timesteps    | 792800   |
| train/                |          |
|    entropy_loss       | -0.723   |
|    explained_variance | 0.885    |
|    learning_rate      | 0.000102 |
|    n_updates          | 99099    |
|    policy_loss        | -2.42    |
|    value_loss         | 7.8      |
------------------------------------
------------------------------------
| rollout/              |          |
|    ep_len_mean        | 805      |
|    ep_rew_mean        | 46.1     |
| time/                 |          |
|    fps                | 1072     |
|    iterations         | 99200    |
|    time_elapsed       | 740      |
|    total_timesteps    | 793600   |
| train/                |          |
|    entropy_loss       | -0.744   |
|    explained_variance | -0.0784  |
|    learning_rate      | 0.000102 |
|    n_updates          | 99199    |
|    policy_loss        | -0.41    |
|    value_loss         | 0.232    |
------------------------------------
------------------------------------
| rollout/              |          |
|    ep_len_mean        | 811      |
|    ep_rew_mean        | 48.7     |
| time/                 |          |
|    fps                | 1072     |
|    iterations         | 99300    |
|    time_elapsed       | 740      |
|    total_timesteps    | 794400   |
| train/                |          |
|    entropy_loss       | -0.752   |
|    explained_variance | -0.0487  |
|    learning_rate      | 0.000102 |
|    n_updates          | 99299    |
|    policy_loss        | -0.0607  |
|    value_loss         | 0.0717   |
------------------------------------
------------------------------------
| rollout/              |          |
|    ep_len_mean        | 811      |
|    ep_rew_mean        | 49.1     |
| time/                 |          |
|    fps                | 1072     |
|    iterations         | 99400    |
|    time_elapsed       | 741      |
|    total_timesteps    | 795200   |
| train/                |          |
|    entropy_loss       | -0.664   |
|    explained_variance | 0.191    |
|    learning_rate      | 0.000102 |
|    n_updates          | 99399    |
|    policy_loss        | -0.938   |
|    value_loss         | 0.458    |
------------------------------------
------------------------------------
| rollout/              |          |
|    ep_len_mean        | 818      |
|    ep_rew_mean        | 48.5     |
| time/                 |          |
|    fps                | 1072     |
|    iterations         | 99500    |
|    time_elapsed       | 742      |
|    total_timesteps    | 796000   |
| train/                |          |
|    entropy_loss       | -0.825   |
|    explained_variance | 0.979    |
|    learning_rate      | 0.000102 |
|    n_updates          | 99499    |
|    policy_loss        | -0.082   |
|    value_loss         | 0.199    |
------------------------------------
------------------------------------
| rollout/              |          |
|    ep_len_mean        | 818      |
|    ep_rew_mean        | 48.9     |
| time/                 |          |
|    fps                | 1072     |
|    iterations         | 99600    |
|    time_elapsed       | 743      |
|    total_timesteps    | 796800   |
| train/                |          |
|    entropy_loss       | -0.283   |
|    explained_variance | -0.779   |
|    learning_rate      | 0.000102 |
|    n_updates          | 99599    |
|    policy_loss        | -1.1     |
|    value_loss         | 10       |
------------------------------------
------------------------------------
| rollout/              |          |
|    ep_len_mean        | 818      |
|    ep_rew_mean        | 51.4     |
| time/                 |          |
|    fps                | 1072     |
|    iterations         | 99700    |
|    time_elapsed       | 743      |
|    total_timesteps    | 797600   |
| train/                |          |
|    entropy_loss       | -0.747   |
|    explained_variance | 0.000171 |
|    learning_rate      | 0.000102 |
|    n_updates          | 99699    |
|    policy_loss        | -0.00737 |
|    value_loss         | 0.00108  |
------------------------------------
------------------------------------
| rollout/              |          |
|    ep_len_mean        | 825      |
|    ep_rew_mean        | 53.3     |
| time/                 |          |
|    fps                | 1072     |
|    iterations         | 99800    |
|    time_elapsed       | 744      |
|    total_timesteps    | 798400   |
| train/                |          |
|    entropy_loss       | -0.404   |
|    explained_variance | 0.627    |
|    learning_rate      | 0.000102 |
|    n_updates          | 99799    |
|    policy_loss        | 0.187    |
|    value_loss         | 24.5     |
------------------------------------
------------------------------------
| rollout/              |          |
|    ep_len_mean        | 825      |
|    ep_rew_mean        | 53       |
| time/                 |          |
|    fps                | 1072     |
|    iterations         | 99900    |
|    time_elapsed       | 745      |
|    total_timesteps    | 799200   |
| train/                |          |
|    entropy_loss       | -1.08    |
|    explained_variance | 0.851    |
|    learning_rate      | 0.000102 |
|    n_updates          | 99899    |
|    policy_loss        | -0.424   |
|    value_loss         | 0.608    |
------------------------------------
Eval num_timesteps=800000, episode_reward=229.78 +/- 7.83
Episode length: 364.20 +/- 11.09
------------------------------------
| eval/                 |          |
|    mean_ep_length     | 364      |
|    mean_reward        | 230      |
| time/                 |          |
|    total_timesteps    | 800000   |
| train/                |          |
|    entropy_loss       | -0.901   |
|    explained_variance | -0.0456  |
|    learning_rate      | 0.000102 |
|    n_updates          | 99999    |
|    policy_loss        | -0.00978 |
|    value_loss         | 0.00778  |
------------------------------------
New best mean reward!
---------------------------------
| rollout/           |          |
|    ep_len_mean     | 825      |
|    ep_rew_mean     | 53       |
| time/              |          |
|    fps             | 1071     |
|    iterations      | 100000   |
|    time_elapsed    | 746      |
|    total_timesteps | 800000   |
---------------------------------
------------------------------------
| rollout/              |          |
|    ep_len_mean        | 832      |
|    ep_rew_mean        | 54.8     |
| time/                 |          |
|    fps                | 1071     |
|    iterations         | 100100   |
|    time_elapsed       | 747      |
|    total_timesteps    | 800800   |
| train/                |          |
|    entropy_loss       | -0.799   |
|    explained_variance | -0.0604  |
|    learning_rate      | 0.000102 |
|    n_updates          | 100099   |
|    policy_loss        | -0.0545  |
|    value_loss         | 0.0236   |
------------------------------------
------------------------------------
| rollout/              |          |
|    ep_len_mean        | 840      |
|    ep_rew_mean        | 56.6     |
| time/                 |          |
|    fps                | 1071     |
|    iterations         | 100200   |
|    time_elapsed       | 748      |
|    total_timesteps    | 801600   |
| train/                |          |
|    entropy_loss       | -0.904   |
|    explained_variance | -0.00894 |
|    learning_rate      | 0.000102 |
|    n_updates          | 100199   |
|    policy_loss        | 0.0115   |
|    value_loss         | 0.00787  |
------------------------------------
------------------------------------
| rollout/              |          |
|    ep_len_mean        | 847      |
|    ep_rew_mean        | 58.2     |
| time/                 |          |
|    fps                | 1071     |
|    iterations         | 100300   |
|    time_elapsed       | 748      |
|    total_timesteps    | 802400   |
| train/                |          |
|    entropy_loss       | -0.785   |
|    explained_variance | 0.148    |
|    learning_rate      | 0.000102 |
|    n_updates          | 100299   |
|    policy_loss        | -0.146   |
|    value_loss         | 0.143    |
------------------------------------
------------------------------------
| rollout/              |          |
|    ep_len_mean        | 847      |
|    ep_rew_mean        | 58.5     |
| time/                 |          |
|    fps                | 1071     |
|    iterations         | 100400   |
|    time_elapsed       | 749      |
|    total_timesteps    | 803200   |
| train/                |          |
|    entropy_loss       | -0.681   |
|    explained_variance | 0.881    |
|    learning_rate      | 0.000102 |
|    n_updates          | 100399   |
|    policy_loss        | -0.234   |
|    value_loss         | 0.498    |
------------------------------------
------------------------------------
| rollout/              |          |
|    ep_len_mean        | 840      |
|    ep_rew_mean        | 61       |
| time/                 |          |
|    fps                | 1071     |
|    iterations         | 100500   |
|    time_elapsed       | 750      |
|    total_timesteps    | 804000   |
| train/                |          |
|    entropy_loss       | -0.694   |
|    explained_variance | 0.00149  |
|    learning_rate      | 0.000102 |
|    n_updates          | 100499   |
|    policy_loss        | 0.501    |
|    value_loss         | 0.316    |
------------------------------------
------------------------------------
| rollout/              |          |
|    ep_len_mean        | 835      |
|    ep_rew_mean        | 62.8     |
| time/                 |          |
|    fps                | 1071     |
|    iterations         | 100600   |
|    time_elapsed       | 751      |
|    total_timesteps    | 804800   |
| train/                |          |
|    entropy_loss       | -0.652   |
|    explained_variance | -0.441   |
|    learning_rate      | 0.000102 |
|    n_updates          | 100599   |
|    policy_loss        | 0.548    |
|    value_loss         | 2.13     |
------------------------------------
------------------------------------
| rollout/              |          |
|    ep_len_mean        | 843      |
|    ep_rew_mean        | 64.2     |
| time/                 |          |
|    fps                | 1071     |
|    iterations         | 100700   |
|    time_elapsed       | 751      |
|    total_timesteps    | 805600   |
| train/                |          |
|    entropy_loss       | -0.634   |
|    explained_variance | 0.0225   |
|    learning_rate      | 0.000102 |
|    n_updates          | 100699   |
|    policy_loss        | 0.00667  |
|    value_loss         | 0.0029   |
------------------------------------
------------------------------------
| rollout/              |          |
|    ep_len_mean        | 849      |
|    ep_rew_mean        | 66.1     |
| time/                 |          |
|    fps                | 1071     |
|    iterations         | 100800   |
|    time_elapsed       | 752      |
|    total_timesteps    | 806400   |
| train/                |          |
|    entropy_loss       | -0.994   |
|    explained_variance | 0.947    |
|    learning_rate      | 0.000102 |
|    n_updates          | 100799   |
|    policy_loss        | 0.496    |
|    value_loss         | 0.87     |
------------------------------------
------------------------------------
| rollout/              |          |
|    ep_len_mean        | 857      |
|    ep_rew_mean        | 67.6     |
| time/                 |          |
|    fps                | 1071     |
|    iterations         | 100900   |
|    time_elapsed       | 753      |
|    total_timesteps    | 807200   |
| train/                |          |
|    entropy_loss       | -0.575   |
|    explained_variance | 0.831    |
|    learning_rate      | 0.000102 |
|    n_updates          | 100899   |
|    policy_loss        | -0.815   |
|    value_loss         | 0.708    |
------------------------------------
------------------------------------
| rollout/              |          |
|    ep_len_mean        | 857      |
|    ep_rew_mean        | 67.6     |
| time/                 |          |
|    fps                | 1071     |
|    iterations         | 101000   |
|    time_elapsed       | 754      |
|    total_timesteps    | 808000   |
| train/                |          |
|    entropy_loss       | -0.844   |
|    explained_variance | -0.0672  |
|    learning_rate      | 0.000102 |
|    n_updates          | 100999   |
|    policy_loss        | -0.0774  |
|    value_loss         | 0.0186   |
------------------------------------
------------------------------------
| rollout/              |          |
|    ep_len_mean        | 858      |
|    ep_rew_mean        | 66.1     |
| time/                 |          |
|    fps                | 1071     |
|    iterations         | 101100   |
|    time_elapsed       | 754      |
|    total_timesteps    | 808800   |
| train/                |          |
|    entropy_loss       | -0.921   |
|    explained_variance | -0.224   |
|    learning_rate      | 0.000101 |
|    n_updates          | 101099   |
|    policy_loss        | -0.0745  |
|    value_loss         | 0.0321   |
------------------------------------
------------------------------------
| rollout/              |          |
|    ep_len_mean        | 861      |
|    ep_rew_mean        | 65       |
| time/                 |          |
|    fps                | 1071     |
|    iterations         | 101200   |
|    time_elapsed       | 755      |
|    total_timesteps    | 809600   |
| train/                |          |
|    entropy_loss       | -0.738   |
|    explained_variance | 0.00221  |
|    learning_rate      | 0.000101 |
|    n_updates          | 101199   |
|    policy_loss        | 0.106    |
|    value_loss         | 0.0783   |
------------------------------------
------------------------------------
| rollout/              |          |
|    ep_len_mean        | 868      |
|    ep_rew_mean        | 67       |
| time/                 |          |
|    fps                | 1071     |
|    iterations         | 101300   |
|    time_elapsed       | 756      |
|    total_timesteps    | 810400   |
| train/                |          |
|    entropy_loss       | -0.997   |
|    explained_variance | 0.691    |
|    learning_rate      | 0.000101 |
|    n_updates          | 101299   |
|    policy_loss        | -2.43    |
|    value_loss         | 4.77     |
------------------------------------
------------------------------------
| rollout/              |          |
|    ep_len_mean        | 862      |
|    ep_rew_mean        | 68       |
| time/                 |          |
|    fps                | 1071     |
|    iterations         | 101400   |
|    time_elapsed       | 756      |
|    total_timesteps    | 811200   |
| train/                |          |
|    entropy_loss       | -0.835   |
|    explained_variance | 0.0226   |
|    learning_rate      | 0.000101 |
|    n_updates          | 101399   |
|    policy_loss        | 0.0117   |
|    value_loss         | 0.0403   |
------------------------------------
------------------------------------
| rollout/              |          |
|    ep_len_mean        | 856      |
|    ep_rew_mean        | 69.2     |
| time/                 |          |
|    fps                | 1071     |
|    iterations         | 101500   |
|    time_elapsed       | 757      |
|    total_timesteps    | 812000   |
| train/                |          |
|    entropy_loss       | -0.645   |
|    explained_variance | 0.662    |
|    learning_rate      | 0.000101 |
|    n_updates          | 101499   |
|    policy_loss        | 7.58     |
|    value_loss         | 47.1     |
------------------------------------
------------------------------------
| rollout/              |          |
|    ep_len_mean        | 848      |
|    ep_rew_mean        | 65.6     |
| time/                 |          |
|    fps                | 1071     |
|    iterations         | 101600   |
|    time_elapsed       | 758      |
|    total_timesteps    | 812800   |
| train/                |          |
|    entropy_loss       | -1.07    |
|    explained_variance | -0.00361 |
|    learning_rate      | 0.000101 |
|    n_updates          | 101599   |
|    policy_loss        | -0.0716  |
|    value_loss         | 0.0108   |
------------------------------------
------------------------------------
| rollout/              |          |
|    ep_len_mean        | 855      |
|    ep_rew_mean        | 67       |
| time/                 |          |
|    fps                | 1071     |
|    iterations         | 101700   |
|    time_elapsed       | 759      |
|    total_timesteps    | 813600   |
| train/                |          |
|    entropy_loss       | -0.785   |
|    explained_variance | 0.96     |
|    learning_rate      | 0.000101 |
|    n_updates          | 101699   |
|    policy_loss        | 0.693    |
|    value_loss         | 1.38     |
------------------------------------
------------------------------------
| rollout/              |          |
|    ep_len_mean        | 855      |
|    ep_rew_mean        | 67       |
| time/                 |          |
|    fps                | 1071     |
|    iterations         | 101800   |
|    time_elapsed       | 759      |
|    total_timesteps    | 814400   |
| train/                |          |
|    entropy_loss       | -0.84    |
|    explained_variance | -0.0345  |
|    learning_rate      | 0.000101 |
|    n_updates          | 101799   |
|    policy_loss        | 0.0439   |
|    value_loss         | 0.0599   |
------------------------------------
------------------------------------
| rollout/              |          |
|    ep_len_mean        | 863      |
|    ep_rew_mean        | 68.1     |
| time/                 |          |
|    fps                | 1071     |
|    iterations         | 101900   |
|    time_elapsed       | 760      |
|    total_timesteps    | 815200   |
| train/                |          |
|    entropy_loss       | -0.741   |
|    explained_variance | 0.0141   |
|    learning_rate      | 0.000101 |
|    n_updates          | 101899   |
|    policy_loss        | -0.0697  |
|    value_loss         | 0.0174   |
------------------------------------
------------------------------------
| rollout/              |          |
|    ep_len_mean        | 863      |
|    ep_rew_mean        | 68       |
| time/                 |          |
|    fps                | 1071     |
|    iterations         | 102000   |
|    time_elapsed       | 761      |
|    total_timesteps    | 816000   |
| train/                |          |
|    entropy_loss       | -0.967   |
|    explained_variance | 0.0339   |
|    learning_rate      | 0.000101 |
|    n_updates          | 101999   |
|    policy_loss        | -0.11    |
|    value_loss         | 0.0314   |
------------------------------------
------------------------------------
| rollout/              |          |
|    ep_len_mean        | 863      |
|    ep_rew_mean        | 68.1     |
| time/                 |          |
|    fps                | 1071     |
|    iterations         | 102100   |
|    time_elapsed       | 762      |
|    total_timesteps    | 816800   |
| train/                |          |
|    entropy_loss       | -0.862   |
|    explained_variance | 0.98     |
|    learning_rate      | 0.000101 |
|    n_updates          | 102099   |
|    policy_loss        | -1.28    |
|    value_loss         | 1.49     |
------------------------------------
------------------------------------
| rollout/              |          |
|    ep_len_mean        | 858      |
|    ep_rew_mean        | 68.7     |
| time/                 |          |
|    fps                | 1071     |
|    iterations         | 102200   |
|    time_elapsed       | 762      |
|    total_timesteps    | 817600   |
| train/                |          |
|    entropy_loss       | -0.834   |
|    explained_variance | 0.00864  |
|    learning_rate      | 0.000101 |
|    n_updates          | 102199   |
|    policy_loss        | 0.0559   |
|    value_loss         | 0.0452   |
------------------------------------
------------------------------------
| rollout/              |          |
|    ep_len_mean        | 863      |
|    ep_rew_mean        | 67.1     |
| time/                 |          |
|    fps                | 1071     |
|    iterations         | 102300   |
|    time_elapsed       | 763      |
|    total_timesteps    | 818400   |
| train/                |          |
|    entropy_loss       | -0.385   |
|    explained_variance | 0.885    |
|    learning_rate      | 0.000101 |
|    n_updates          | 102299   |
|    policy_loss        | 0.0475   |
|    value_loss         | 0.4      |
------------------------------------
------------------------------------
| rollout/              |          |
|    ep_len_mean        | 863      |
|    ep_rew_mean        | 67.6     |
| time/                 |          |
|    fps                | 1071     |
|    iterations         | 102400   |
|    time_elapsed       | 764      |
|    total_timesteps    | 819200   |
| train/                |          |
|    entropy_loss       | -0.584   |
|    explained_variance | 0.95     |
|    learning_rate      | 0.000101 |
|    n_updates          | 102399   |
|    policy_loss        | 0.611    |
|    value_loss         | 1.04     |
------------------------------------
------------------------------------
| rollout/              |          |
|    ep_len_mean        | 863      |
|    ep_rew_mean        | 67.6     |
| time/                 |          |
|    fps                | 1072     |
|    iterations         | 102500   |
|    time_elapsed       | 764      |
|    total_timesteps    | 820000   |
| train/                |          |
|    entropy_loss       | -0.799   |
|    explained_variance | 0.961    |
|    learning_rate      | 0.000101 |
|    n_updates          | 102499   |
|    policy_loss        | -0.98    |
|    value_loss         | 0.751    |
------------------------------------
------------------------------------
| rollout/              |          |
|    ep_len_mean        | 869      |
|    ep_rew_mean        | 69.3     |
| time/                 |          |
|    fps                | 1072     |
|    iterations         | 102600   |
|    time_elapsed       | 765      |
|    total_timesteps    | 820800   |
| train/                |          |
|    entropy_loss       | -0.754   |
|    explained_variance | 0.0752   |
|    learning_rate      | 0.000101 |
|    n_updates          | 102599   |
|    policy_loss        | -0.168   |
|    value_loss         | 0.128    |
------------------------------------
------------------------------------
| rollout/              |          |
|    ep_len_mean        | 869      |
|    ep_rew_mean        | 69.6     |
| time/                 |          |
|    fps                | 1072     |
|    iterations         | 102700   |
|    time_elapsed       | 766      |
|    total_timesteps    | 821600   |
| train/                |          |
|    entropy_loss       | -0.756   |
|    explained_variance | -0.0672  |
|    learning_rate      | 0.000101 |
|    n_updates          | 102699   |
|    policy_loss        | -0.0479  |
|    value_loss         | 0.0133   |
------------------------------------
------------------------------------
| rollout/              |          |
|    ep_len_mean        | 875      |
|    ep_rew_mean        | 71       |
| time/                 |          |
|    fps                | 1072     |
|    iterations         | 102800   |
|    time_elapsed       | 767      |
|    total_timesteps    | 822400   |
| train/                |          |
|    entropy_loss       | -0.813   |
|    explained_variance | 0.456    |
|    learning_rate      | 0.000101 |
|    n_updates          | 102799   |
|    policy_loss        | -1.13    |
|    value_loss         | 4.4      |
------------------------------------
------------------------------------
| rollout/              |          |
|    ep_len_mean        | 870      |
|    ep_rew_mean        | 71.7     |
| time/                 |          |
|    fps                | 1072     |
|    iterations         | 102900   |
|    time_elapsed       | 767      |
|    total_timesteps    | 823200   |
| train/                |          |
|    entropy_loss       | -0.784   |
|    explained_variance | 0.0942   |
|    learning_rate      | 0.000101 |
|    n_updates          | 102899   |
|    policy_loss        | -0.291   |
|    value_loss         | 0.149    |
------------------------------------
------------------------------------
| rollout/              |          |
|    ep_len_mean        | 875      |
|    ep_rew_mean        | 73.4     |
| time/                 |          |
|    fps                | 1072     |
|    iterations         | 103000   |
|    time_elapsed       | 768      |
|    total_timesteps    | 824000   |
| train/                |          |
|    entropy_loss       | -0.75    |
|    explained_variance | 0.989    |
|    learning_rate      | 0.000101 |
|    n_updates          | 102999   |
|    policy_loss        | -0.443   |
|    value_loss         | 0.858    |
------------------------------------
------------------------------------
| rollout/              |          |
|    ep_len_mean        | 871      |
|    ep_rew_mean        | 73.9     |
| time/                 |          |
|    fps                | 1072     |
|    iterations         | 103100   |
|    time_elapsed       | 769      |
|    total_timesteps    | 824800   |
| train/                |          |
|    entropy_loss       | -0.747   |
|    explained_variance | -0.0164  |
|    learning_rate      | 0.000101 |
|    n_updates          | 103099   |
|    policy_loss        | 0.0314   |
|    value_loss         | 0.0382   |
------------------------------------
------------------------------------
| rollout/              |          |
|    ep_len_mean        | 871      |
|    ep_rew_mean        | 74.6     |
| time/                 |          |
|    fps                | 1072     |
|    iterations         | 103200   |
|    time_elapsed       | 769      |
|    total_timesteps    | 825600   |
| train/                |          |
|    entropy_loss       | -0.491   |
|    explained_variance | 0.939    |
|    learning_rate      | 0.0001   |
|    n_updates          | 103199   |
|    policy_loss        | -1.1     |
|    value_loss         | 0.582    |
------------------------------------
------------------------------------
| rollout/              |          |
|    ep_len_mean        | 867      |
|    ep_rew_mean        | 73.2     |
| time/                 |          |
|    fps                | 1072     |
|    iterations         | 103300   |
|    time_elapsed       | 770      |
|    total_timesteps    | 826400   |
| train/                |          |
|    entropy_loss       | -0.854   |
|    explained_variance | 0.0179   |
|    learning_rate      | 0.0001   |
|    n_updates          | 103299   |
|    policy_loss        | -0.0315  |
|    value_loss         | 0.0556   |
------------------------------------
------------------------------------
| rollout/              |          |
|    ep_len_mean        | 867      |
|    ep_rew_mean        | 74.2     |
| time/                 |          |
|    fps                | 1072     |
|    iterations         | 103400   |
|    time_elapsed       | 771      |
|    total_timesteps    | 827200   |
| train/                |          |
|    entropy_loss       | -0.84    |
|    explained_variance | 0.901    |
|    learning_rate      | 0.0001   |
|    n_updates          | 103399   |
|    policy_loss        | -0.554   |
|    value_loss         | 0.611    |
------------------------------------
------------------------------------
| rollout/              |          |
|    ep_len_mean        | 867      |
|    ep_rew_mean        | 74.6     |
| time/                 |          |
|    fps                | 1072     |
|    iterations         | 103500   |
|    time_elapsed       | 772      |
|    total_timesteps    | 828000   |
| train/                |          |
|    entropy_loss       | -0.545   |
|    explained_variance | 0.949    |
|    learning_rate      | 0.0001   |
|    n_updates          | 103499   |
|    policy_loss        | -0.74    |
|    value_loss         | 0.248    |
------------------------------------
------------------------------------
| rollout/              |          |
|    ep_len_mean        | 869      |
|    ep_rew_mean        | 73.5     |
| time/                 |          |
|    fps                | 1072     |
|    iterations         | 103600   |
|    time_elapsed       | 772      |
|    total_timesteps    | 828800   |
| train/                |          |
|    entropy_loss       | -0.344   |
|    explained_variance | -1.05    |
|    learning_rate      | 0.0001   |
|    n_updates          | 103599   |
|    policy_loss        | -0.299   |
|    value_loss         | 15.2     |
------------------------------------
------------------------------------
| rollout/              |          |
|    ep_len_mean        | 869      |
|    ep_rew_mean        | 73.5     |
| time/                 |          |
|    fps                | 1072     |
|    iterations         | 103700   |
|    time_elapsed       | 773      |
|    total_timesteps    | 829600   |
| train/                |          |
|    entropy_loss       | -0.609   |
|    explained_variance | -0.0125  |
|    learning_rate      | 0.0001   |
|    n_updates          | 103699   |
|    policy_loss        | 0.047    |
|    value_loss         | 0.0167   |
------------------------------------
------------------------------------
| rollout/              |          |
|    ep_len_mean        | 864      |
|    ep_rew_mean        | 77.2     |
| time/                 |          |
|    fps                | 1072     |
|    iterations         | 103800   |
|    time_elapsed       | 774      |
|    total_timesteps    | 830400   |
| train/                |          |
|    entropy_loss       | -1       |
|    explained_variance | -0.299   |
|    learning_rate      | 0.0001   |
|    n_updates          | 103799   |
|    policy_loss        | 1.78     |
|    value_loss         | 7.57     |
------------------------------------
------------------------------------
| rollout/              |          |
|    ep_len_mean        | 858      |
|    ep_rew_mean        | 77.9     |
| time/                 |          |
|    fps                | 1072     |
|    iterations         | 103900   |
|    time_elapsed       | 774      |
|    total_timesteps    | 831200   |
| train/                |          |
|    entropy_loss       | -0.953   |
|    explained_variance | 0.963    |
|    learning_rate      | 0.0001   |
|    n_updates          | 103899   |
|    policy_loss        | -0.57    |
|    value_loss         | 0.45     |
------------------------------------
------------------------------------
| rollout/              |          |
|    ep_len_mean        | 854      |
|    ep_rew_mean        | 76.6     |
| time/                 |          |
|    fps                | 1072     |
|    iterations         | 104000   |
|    time_elapsed       | 775      |
|    total_timesteps    | 832000   |
| train/                |          |
|    entropy_loss       | -0.661   |
|    explained_variance | -0.0915  |
|    learning_rate      | 0.0001   |
|    n_updates          | 103999   |
|    policy_loss        | -0.0012  |
|    value_loss         | 0.00682  |
------------------------------------
------------------------------------
| rollout/              |          |
|    ep_len_mean        | 854      |
|    ep_rew_mean        | 77.9     |
| time/                 |          |
|    fps                | 1072     |
|    iterations         | 104100   |
|    time_elapsed       | 776      |
|    total_timesteps    | 832800   |
| train/                |          |
|    entropy_loss       | -0.628   |
|    explained_variance | 0.861    |
|    learning_rate      | 0.0001   |
|    n_updates          | 104099   |
|    policy_loss        | 0.382    |
|    value_loss         | 0.956    |
------------------------------------
------------------------------------
| rollout/              |          |
|    ep_len_mean        | 854      |
|    ep_rew_mean        | 78.7     |
| time/                 |          |
|    fps                | 1072     |
|    iterations         | 104200   |
|    time_elapsed       | 777      |
|    total_timesteps    | 833600   |
| train/                |          |
|    entropy_loss       | -1.14    |
|    explained_variance | 0.725    |
|    learning_rate      | 0.0001   |
|    n_updates          | 104199   |
|    policy_loss        | 0.165    |
|    value_loss         | 0.648    |
------------------------------------
------------------------------------
| rollout/              |          |
|    ep_len_mean        | 854      |
|    ep_rew_mean        | 81.6     |
| time/                 |          |
|    fps                | 1072     |
|    iterations         | 104300   |
|    time_elapsed       | 777      |
|    total_timesteps    | 834400   |
| train/                |          |
|    entropy_loss       | -0.913   |
|    explained_variance | 0.596    |
|    learning_rate      | 9.99e-05 |
|    n_updates          | 104299   |
|    policy_loss        | -0.636   |
|    value_loss         | 2.32     |
------------------------------------
------------------------------------
| rollout/              |          |
|    ep_len_mean        | 855      |
|    ep_rew_mean        | 80.2     |
| time/                 |          |
|    fps                | 1072     |
|    iterations         | 104400   |
|    time_elapsed       | 778      |
|    total_timesteps    | 835200   |
| train/                |          |
|    entropy_loss       | -1.2     |
|    explained_variance | 0.668    |
|    learning_rate      | 9.99e-05 |
|    n_updates          | 104399   |
|    policy_loss        | -2.6     |
|    value_loss         | 3.7      |
------------------------------------
------------------------------------
| rollout/              |          |
|    ep_len_mean        | 855      |
|    ep_rew_mean        | 80       |
| time/                 |          |
|    fps                | 1072     |
|    iterations         | 104500   |
|    time_elapsed       | 779      |
|    total_timesteps    | 836000   |
| train/                |          |
|    entropy_loss       | -0.532   |
|    explained_variance | 0.547    |
|    learning_rate      | 9.98e-05 |
|    n_updates          | 104499   |
|    policy_loss        | 2.17     |
|    value_loss         | 24.9     |
------------------------------------
------------------------------------
| rollout/              |          |
|    ep_len_mean        | 855      |
|    ep_rew_mean        | 80       |
| time/                 |          |
|    fps                | 1073     |
|    iterations         | 104600   |
|    time_elapsed       | 779      |
|    total_timesteps    | 836800   |
| train/                |          |
|    entropy_loss       | -0.716   |
|    explained_variance | 0.798    |
|    learning_rate      | 9.98e-05 |
|    n_updates          | 104599   |
|    policy_loss        | -0.945   |
|    value_loss         | 1.12     |
------------------------------------
------------------------------------
| rollout/              |          |
|    ep_len_mean        | 855      |
|    ep_rew_mean        | 80       |
| time/                 |          |
|    fps                | 1073     |
|    iterations         | 104700   |
|    time_elapsed       | 780      |
|    total_timesteps    | 837600   |
| train/                |          |
|    entropy_loss       | -1.02    |
|    explained_variance | -1.3     |
|    learning_rate      | 9.97e-05 |
|    n_updates          | 104699   |
|    policy_loss        | -0.844   |
|    value_loss         | 2.94     |
------------------------------------
------------------------------------
| rollout/              |          |
|    ep_len_mean        | 855      |
|    ep_rew_mean        | 80       |
| time/                 |          |
|    fps                | 1073     |
|    iterations         | 104800   |
|    time_elapsed       | 781      |
|    total_timesteps    | 838400   |
| train/                |          |
|    entropy_loss       | -0.945   |
|    explained_variance | -0.843   |
|    learning_rate      | 9.97e-05 |
|    n_updates          | 104799   |
|    policy_loss        | 0.688    |
|    value_loss         | 2.11     |
------------------------------------
------------------------------------
| rollout/              |          |
|    ep_len_mean        | 856      |
|    ep_rew_mean        | 80.9     |
| time/                 |          |
|    fps                | 1073     |
|    iterations         | 104900   |
|    time_elapsed       | 782      |
|    total_timesteps    | 839200   |
| train/                |          |
|    entropy_loss       | -1.04    |
|    explained_variance | 0.216    |
|    learning_rate      | 9.96e-05 |
|    n_updates          | 104899   |
|    policy_loss        | 1.15     |
|    value_loss         | 3.26     |
------------------------------------
------------------------------------
| rollout/              |          |
|    ep_len_mean        | 856      |
|    ep_rew_mean        | 79.9     |
| time/                 |          |
|    fps                | 1073     |
|    iterations         | 105000   |
|    time_elapsed       | 782      |
|    total_timesteps    | 840000   |
| train/                |          |
|    entropy_loss       | -1.1     |
|    explained_variance | 0.508    |
|    learning_rate      | 9.96e-05 |
|    n_updates          | 104999   |
|    policy_loss        | -1.11    |
|    value_loss         | 1.69     |
------------------------------------
------------------------------------
| rollout/              |          |
|    ep_len_mean        | 856      |
|    ep_rew_mean        | 79.9     |
| time/                 |          |
|    fps                | 1073     |
|    iterations         | 105100   |
|    time_elapsed       | 783      |
|    total_timesteps    | 840800   |
| train/                |          |
|    entropy_loss       | -0.67    |
|    explained_variance | 0.9      |
|    learning_rate      | 9.96e-05 |
|    n_updates          | 105099   |
|    policy_loss        | 0.268    |
|    value_loss         | 0.756    |
------------------------------------
------------------------------------
| rollout/              |          |
|    ep_len_mean        | 856      |
|    ep_rew_mean        | 79.4     |
| time/                 |          |
|    fps                | 1073     |
|    iterations         | 105200   |
|    time_elapsed       | 784      |
|    total_timesteps    | 841600   |
| train/                |          |
|    entropy_loss       | -0.357   |
|    explained_variance | 0.804    |
|    learning_rate      | 9.95e-05 |
|    n_updates          | 105199   |
|    policy_loss        | -0.348   |
|    value_loss         | 0.488    |
------------------------------------
------------------------------------
| rollout/              |          |
|    ep_len_mean        | 856      |
|    ep_rew_mean        | 78.9     |
| time/                 |          |
|    fps                | 1073     |
|    iterations         | 105300   |
|    time_elapsed       | 784      |
|    total_timesteps    | 842400   |
| train/                |          |
|    entropy_loss       | -0.424   |
|    explained_variance | 0.755    |
|    learning_rate      | 9.95e-05 |
|    n_updates          | 105299   |
|    policy_loss        | -0.247   |
|    value_loss         | 0.646    |
------------------------------------
------------------------------------
| rollout/              |          |
|    ep_len_mean        | 856      |
|    ep_rew_mean        | 79.3     |
| time/                 |          |
|    fps                | 1073     |
|    iterations         | 105400   |
|    time_elapsed       | 785      |
|    total_timesteps    | 843200   |
| train/                |          |
|    entropy_loss       | -0.876   |
|    explained_variance | -2.47    |
|    learning_rate      | 9.94e-05 |
|    n_updates          | 105399   |
|    policy_loss        | 0.934    |
|    value_loss         | 2.18     |
------------------------------------
------------------------------------
| rollout/              |          |
|    ep_len_mean        | 856      |
|    ep_rew_mean        | 79.5     |
| time/                 |          |
|    fps                | 1073     |
|    iterations         | 105500   |
|    time_elapsed       | 786      |
|    total_timesteps    | 844000   |
| train/                |          |
|    entropy_loss       | -0.553   |
|    explained_variance | -0.594   |
|    learning_rate      | 9.94e-05 |
|    n_updates          | 105499   |
|    policy_loss        | 4.13     |
|    value_loss         | 55.2     |
------------------------------------
------------------------------------
| rollout/              |          |
|    ep_len_mean        | 856      |
|    ep_rew_mean        | 79.5     |
| time/                 |          |
|    fps                | 1073     |
|    iterations         | 105600   |
|    time_elapsed       | 786      |
|    total_timesteps    | 844800   |
| train/                |          |
|    entropy_loss       | -0.961   |
|    explained_variance | 0.556    |
|    learning_rate      | 9.93e-05 |
|    n_updates          | 105599   |
|    policy_loss        | -0.648   |
|    value_loss         | 1.13     |
------------------------------------
------------------------------------
| rollout/              |          |
|    ep_len_mean        | 856      |
|    ep_rew_mean        | 79.7     |
| time/                 |          |
|    fps                | 1073     |
|    iterations         | 105700   |
|    time_elapsed       | 787      |
|    total_timesteps    | 845600   |
| train/                |          |
|    entropy_loss       | -0.533   |
|    explained_variance | 0.879    |
|    learning_rate      | 9.93e-05 |
|    n_updates          | 105699   |
|    policy_loss        | 0.372    |
|    value_loss         | 0.457    |
------------------------------------
------------------------------------
| rollout/              |          |
|    ep_len_mean        | 856      |
|    ep_rew_mean        | 79.5     |
| time/                 |          |
|    fps                | 1073     |
|    iterations         | 105800   |
|    time_elapsed       | 788      |
|    total_timesteps    | 846400   |
| train/                |          |
|    entropy_loss       | -1.08    |
|    explained_variance | 0.0479   |
|    learning_rate      | 9.92e-05 |
|    n_updates          | 105799   |
|    policy_loss        | -0.338   |
|    value_loss         | 1.45     |
------------------------------------
------------------------------------
| rollout/              |          |
|    ep_len_mean        | 856      |
|    ep_rew_mean        | 78.8     |
| time/                 |          |
|    fps                | 1073     |
|    iterations         | 105900   |
|    time_elapsed       | 789      |
|    total_timesteps    | 847200   |
| train/                |          |
|    entropy_loss       | -0.852   |
|    explained_variance | 0.291    |
|    learning_rate      | 9.92e-05 |
|    n_updates          | 105899   |
|    policy_loss        | -1.54    |
|    value_loss         | 6.19     |
------------------------------------
------------------------------------
| rollout/              |          |
|    ep_len_mean        | 856      |
|    ep_rew_mean        | 78.6     |
| time/                 |          |
|    fps                | 1073     |
|    iterations         | 106000   |
|    time_elapsed       | 789      |
|    total_timesteps    | 848000   |
| train/                |          |
|    entropy_loss       | -1.03    |
|    explained_variance | 0.00561  |
|    learning_rate      | 9.91e-05 |
|    n_updates          | 105999   |
|    policy_loss        | 0.717    |
|    value_loss         | 1.54     |
------------------------------------
------------------------------------
| rollout/              |          |
|    ep_len_mean        | 856      |
|    ep_rew_mean        | 78.6     |
| time/                 |          |
|    fps                | 1073     |
|    iterations         | 106100   |
|    time_elapsed       | 790      |
|    total_timesteps    | 848800   |
| train/                |          |
|    entropy_loss       | -0.988   |
|    explained_variance | 0.593    |
|    learning_rate      | 9.91e-05 |
|    n_updates          | 106099   |
|    policy_loss        | -0.327   |
|    value_loss         | 1.27     |
------------------------------------
------------------------------------
| rollout/              |          |
|    ep_len_mean        | 856      |
|    ep_rew_mean        | 78       |
| time/                 |          |
|    fps                | 1073     |
|    iterations         | 106200   |
|    time_elapsed       | 791      |
|    total_timesteps    | 849600   |
| train/                |          |
|    entropy_loss       | -0.731   |
|    explained_variance | 0.432    |
|    learning_rate      | 9.9e-05  |
|    n_updates          | 106199   |
|    policy_loss        | 0.697    |
|    value_loss         | 1.81     |
------------------------------------
Eval num_timesteps=850000, episode_reward=-77.85 +/- 27.11
Episode length: 1000.00 +/- 0.00
------------------------------------
| eval/                 |          |
|    mean_ep_length     | 1e+03    |
|    mean_reward        | -77.9    |
| time/                 |          |
|    total_timesteps    | 850000   |
| train/                |          |
|    entropy_loss       | -0.444   |
|    explained_variance | -2.13    |
|    learning_rate      | 9.9e-05  |
|    n_updates          | 106249   |
|    policy_loss        | 2.32     |
|    value_loss         | 53.9     |
------------------------------------
------------------------------------
| rollout/              |          |
|    ep_len_mean        | 856      |
|    ep_rew_mean        | 78.8     |
| time/                 |          |
|    fps                | 1071     |
|    iterations         | 106300   |
|    time_elapsed       | 793      |
|    total_timesteps    | 850400   |
| train/                |          |
|    entropy_loss       | -1       |
|    explained_variance | 0.546    |
|    learning_rate      | 9.9e-05  |
|    n_updates          | 106299   |
|    policy_loss        | -0.652   |
|    value_loss         | 1.62     |
------------------------------------
------------------------------------
| rollout/              |          |
|    ep_len_mean        | 856      |
|    ep_rew_mean        | 78.5     |
| time/                 |          |
|    fps                | 1071     |
|    iterations         | 106400   |
|    time_elapsed       | 794      |
|    total_timesteps    | 851200   |
| train/                |          |
|    entropy_loss       | -0.879   |
|    explained_variance | -0.585   |
|    learning_rate      | 9.89e-05 |
|    n_updates          | 106399   |
|    policy_loss        | -2.81    |
|    value_loss         | 11.3     |
------------------------------------
------------------------------------
| rollout/              |          |
|    ep_len_mean        | 856      |
|    ep_rew_mean        | 78.8     |
| time/                 |          |
|    fps                | 1071     |
|    iterations         | 106500   |
|    time_elapsed       | 795      |
|    total_timesteps    | 852000   |
| train/                |          |
|    entropy_loss       | -0.533   |
|    explained_variance | -1.85    |
|    learning_rate      | 9.89e-05 |
|    n_updates          | 106499   |
|    policy_loss        | 3.21     |
|    value_loss         | 43.3     |
------------------------------------
------------------------------------
| rollout/              |          |
|    ep_len_mean        | 856      |
|    ep_rew_mean        | 78.8     |
| time/                 |          |
|    fps                | 1071     |
|    iterations         | 106600   |
|    time_elapsed       | 795      |
|    total_timesteps    | 852800   |
| train/                |          |
|    entropy_loss       | -1.01    |
|    explained_variance | 0.639    |
|    learning_rate      | 9.88e-05 |
|    n_updates          | 106599   |
|    policy_loss        | -2.08    |
|    value_loss         | 4.77     |
------------------------------------
------------------------------------
| rollout/              |          |
|    ep_len_mean        | 856      |
|    ep_rew_mean        | 79       |
| time/                 |          |
|    fps                | 1071     |
|    iterations         | 106700   |
|    time_elapsed       | 796      |
|    total_timesteps    | 853600   |
| train/                |          |
|    entropy_loss       | -0.814   |
|    explained_variance | 0.709    |
|    learning_rate      | 9.88e-05 |
|    n_updates          | 106699   |
|    policy_loss        | -0.903   |
|    value_loss         | 2.73     |
------------------------------------
------------------------------------
| rollout/              |          |
|    ep_len_mean        | 856      |
|    ep_rew_mean        | 77.8     |
| time/                 |          |
|    fps                | 1071     |
|    iterations         | 106800   |
|    time_elapsed       | 797      |
|    total_timesteps    | 854400   |
| train/                |          |
|    entropy_loss       | -1.02    |
|    explained_variance | 0.235    |
|    learning_rate      | 9.87e-05 |
|    n_updates          | 106799   |
|    policy_loss        | -2.93    |
|    value_loss         | 13.3     |
------------------------------------
------------------------------------
| rollout/              |          |
|    ep_len_mean        | 856      |
|    ep_rew_mean        | 77.8     |
| time/                 |          |
|    fps                | 1071     |
|    iterations         | 106900   |
|    time_elapsed       | 798      |
|    total_timesteps    | 855200   |
| train/                |          |
|    entropy_loss       | -0.874   |
|    explained_variance | 0.89     |
|    learning_rate      | 9.87e-05 |
|    n_updates          | 106899   |
|    policy_loss        | -1.12    |
|    value_loss         | 0.988    |
------------------------------------
------------------------------------
| rollout/              |          |
|    ep_len_mean        | 856      |
|    ep_rew_mean        | 78.3     |
| time/                 |          |
|    fps                | 1071     |
|    iterations         | 107000   |
|    time_elapsed       | 798      |
|    total_timesteps    | 856000   |
| train/                |          |
|    entropy_loss       | -0.969   |
|    explained_variance | 0.689    |
|    learning_rate      | 9.86e-05 |
|    n_updates          | 106999   |
|    policy_loss        | 0.664    |
|    value_loss         | 1.55     |
------------------------------------
------------------------------------
| rollout/              |          |
|    ep_len_mean        | 856      |
|    ep_rew_mean        | 78.3     |
| time/                 |          |
|    fps                | 1071     |
|    iterations         | 107100   |
|    time_elapsed       | 799      |
|    total_timesteps    | 856800   |
| train/                |          |
|    entropy_loss       | -0.94    |
|    explained_variance | 0.956    |
|    learning_rate      | 9.86e-05 |
|    n_updates          | 107099   |
|    policy_loss        | -0.149   |
|    value_loss         | 0.195    |
------------------------------------
------------------------------------
| rollout/              |          |
|    ep_len_mean        | 858      |
|    ep_rew_mean        | 78.5     |
| time/                 |          |
|    fps                | 1071     |
|    iterations         | 107200   |
|    time_elapsed       | 800      |
|    total_timesteps    | 857600   |
| train/                |          |
|    entropy_loss       | -0.575   |
|    explained_variance | 0.931    |
|    learning_rate      | 9.85e-05 |
|    n_updates          | 107199   |
|    policy_loss        | -0.886   |
|    value_loss         | 0.656    |
------------------------------------
------------------------------------
| rollout/              |          |
|    ep_len_mean        | 859      |
|    ep_rew_mean        | 76.5     |
| time/                 |          |
|    fps                | 1071     |
|    iterations         | 107300   |
|    time_elapsed       | 800      |
|    total_timesteps    | 858400   |
| train/                |          |
|    entropy_loss       | -0.458   |
|    explained_variance | -0.122   |
|    learning_rate      | 9.85e-05 |
|    n_updates          | 107299   |
|    policy_loss        | 0.566    |
|    value_loss         | 1.42     |
------------------------------------
------------------------------------
| rollout/              |          |
|    ep_len_mean        | 859      |
|    ep_rew_mean        | 77.8     |
| time/                 |          |
|    fps                | 1071     |
|    iterations         | 107400   |
|    time_elapsed       | 801      |
|    total_timesteps    | 859200   |
| train/                |          |
|    entropy_loss       | -0.722   |
|    explained_variance | 0.814    |
|    learning_rate      | 9.84e-05 |
|    n_updates          | 107399   |
|    policy_loss        | -0.208   |
|    value_loss         | 0.474    |
------------------------------------
------------------------------------
| rollout/              |          |
|    ep_len_mean        | 860      |
|    ep_rew_mean        | 75.6     |
| time/                 |          |
|    fps                | 1071     |
|    iterations         | 107500   |
|    time_elapsed       | 802      |
|    total_timesteps    | 860000   |
| train/                |          |
|    entropy_loss       | -0.529   |
|    explained_variance | -0.322   |
|    learning_rate      | 9.84e-05 |
|    n_updates          | 107499   |
|    policy_loss        | 4.92     |
|    value_loss         | 33.3     |
------------------------------------
------------------------------------
| rollout/              |          |
|    ep_len_mean        | 864      |
|    ep_rew_mean        | 77.8     |
| time/                 |          |
|    fps                | 1071     |
|    iterations         | 107600   |
|    time_elapsed       | 803      |
|    total_timesteps    | 860800   |
| train/                |          |
|    entropy_loss       | -0.398   |
|    explained_variance | 0.0879   |
|    learning_rate      | 9.84e-05 |
|    n_updates          | 107599   |
|    policy_loss        | -0.111   |
|    value_loss         | 8.78     |
------------------------------------
------------------------------------
| rollout/              |          |
|    ep_len_mean        | 864      |
|    ep_rew_mean        | 77.8     |
| time/                 |          |
|    fps                | 1071     |
|    iterations         | 107700   |
|    time_elapsed       | 803      |
|    total_timesteps    | 861600   |
| train/                |          |
|    entropy_loss       | -0.549   |
|    explained_variance | 0.39     |
|    learning_rate      | 9.83e-05 |
|    n_updates          | 107699   |
|    policy_loss        | -1.71    |
|    value_loss         | 5.07     |
------------------------------------
------------------------------------
| rollout/              |          |
|    ep_len_mean        | 868      |
|    ep_rew_mean        | 78.4     |
| time/                 |          |
|    fps                | 1071     |
|    iterations         | 107800   |
|    time_elapsed       | 804      |
|    total_timesteps    | 862400   |
| train/                |          |
|    entropy_loss       | -0.853   |
|    explained_variance | 0.977    |
|    learning_rate      | 9.83e-05 |
|    n_updates          | 107799   |
|    policy_loss        | 1.18     |
|    value_loss         | 1.13     |
------------------------------------
------------------------------------
| rollout/              |          |
|    ep_len_mean        | 869      |
|    ep_rew_mean        | 75.6     |
| time/                 |          |
|    fps                | 1071     |
|    iterations         | 107900   |
|    time_elapsed       | 805      |
|    total_timesteps    | 863200   |
| train/                |          |
|    entropy_loss       | -1.21    |
|    explained_variance | 0.904    |
|    learning_rate      | 9.82e-05 |
|    n_updates          | 107899   |
|    policy_loss        | -0.782   |
|    value_loss         | 0.812    |
------------------------------------
------------------------------------
| rollout/              |          |
|    ep_len_mean        | 869      |
|    ep_rew_mean        | 75.3     |
| time/                 |          |
|    fps                | 1072     |
|    iterations         | 108000   |
|    time_elapsed       | 805      |
|    total_timesteps    | 864000   |
| train/                |          |
|    entropy_loss       | -0.868   |
|    explained_variance | 0.66     |
|    learning_rate      | 9.82e-05 |
|    n_updates          | 107999   |
|    policy_loss        | 1.15     |
|    value_loss         | 3.49     |
------------------------------------
------------------------------------
| rollout/              |          |
|    ep_len_mean        | 869      |
|    ep_rew_mean        | 75       |
| time/                 |          |
|    fps                | 1072     |
|    iterations         | 108100   |
|    time_elapsed       | 806      |
|    total_timesteps    | 864800   |
| train/                |          |
|    entropy_loss       | -0.987   |
|    explained_variance | 0.977    |
|    learning_rate      | 9.81e-05 |
|    n_updates          | 108099   |
|    policy_loss        | -0.0722  |
|    value_loss         | 0.145    |
------------------------------------
------------------------------------
| rollout/              |          |
|    ep_len_mean        | 868      |
|    ep_rew_mean        | 75.9     |
| time/                 |          |
|    fps                | 1072     |
|    iterations         | 108200   |
|    time_elapsed       | 807      |
|    total_timesteps    | 865600   |
| train/                |          |
|    entropy_loss       | -0.784   |
|    explained_variance | 0.748    |
|    learning_rate      | 9.81e-05 |
|    n_updates          | 108199   |
|    policy_loss        | -0.798   |
|    value_loss         | 1.41     |
------------------------------------
------------------------------------
| rollout/              |          |
|    ep_len_mean        | 865      |
|    ep_rew_mean        | 76.5     |
| time/                 |          |
|    fps                | 1072     |
|    iterations         | 108300   |
|    time_elapsed       | 808      |
|    total_timesteps    | 866400   |
| train/                |          |
|    entropy_loss       | -0.75    |
|    explained_variance | 0.753    |
|    learning_rate      | 9.8e-05  |
|    n_updates          | 108299   |
|    policy_loss        | 0.321    |
|    value_loss         | 7.76     |
------------------------------------
------------------------------------
| rollout/              |          |
|    ep_len_mean        | 853      |
|    ep_rew_mean        | 76.8     |
| time/                 |          |
|    fps                | 1072     |
|    iterations         | 108400   |
|    time_elapsed       | 808      |
|    total_timesteps    | 867200   |
| train/                |          |
|    entropy_loss       | -0.604   |
|    explained_variance | -0.361   |
|    learning_rate      | 9.8e-05  |
|    n_updates          | 108399   |
|    policy_loss        | 3.34     |
|    value_loss         | 8.15     |
------------------------------------
------------------------------------
| rollout/              |          |
|    ep_len_mean        | 853      |
|    ep_rew_mean        | 76.8     |
| time/                 |          |
|    fps                | 1072     |
|    iterations         | 108500   |
|    time_elapsed       | 809      |
|    total_timesteps    | 868000   |
| train/                |          |
|    entropy_loss       | -0.688   |
|    explained_variance | 0.0305   |
|    learning_rate      | 9.79e-05 |
|    n_updates          | 108499   |
|    policy_loss        | -0.0716  |
|    value_loss         | 0.0147   |
------------------------------------
------------------------------------
| rollout/              |          |
|    ep_len_mean        | 863      |
|    ep_rew_mean        | 78.9     |
| time/                 |          |
|    fps                | 1072     |
|    iterations         | 108600   |
|    time_elapsed       | 810      |
|    total_timesteps    | 868800   |
| train/                |          |
|    entropy_loss       | -1.15    |
|    explained_variance | 0.748    |
|    learning_rate      | 9.79e-05 |
|    n_updates          | 108599   |
|    policy_loss        | -1.35    |
|    value_loss         | 2.91     |
------------------------------------
------------------------------------
| rollout/              |          |
|    ep_len_mean        | 860      |
|    ep_rew_mean        | 79.9     |
| time/                 |          |
|    fps                | 1072     |
|    iterations         | 108700   |
|    time_elapsed       | 811      |
|    total_timesteps    | 869600   |
| train/                |          |
|    entropy_loss       | -0.557   |
|    explained_variance | 0.89     |
|    learning_rate      | 9.78e-05 |
|    n_updates          | 108699   |
|    policy_loss        | 0.883    |
|    value_loss         | 5.16     |
------------------------------------
------------------------------------
| rollout/              |          |
|    ep_len_mean        | 852      |
|    ep_rew_mean        | 78.2     |
| time/                 |          |
|    fps                | 1072     |
|    iterations         | 108800   |
|    time_elapsed       | 811      |
|    total_timesteps    | 870400   |
| train/                |          |
|    entropy_loss       | -0.443   |
|    explained_variance | 0.642    |
|    learning_rate      | 9.78e-05 |
|    n_updates          | 108799   |
|    policy_loss        | 1.95     |
|    value_loss         | 10.2     |
------------------------------------
------------------------------------
| rollout/              |          |
|    ep_len_mean        | 833      |
|    ep_rew_mean        | 76       |
| time/                 |          |
|    fps                | 1072     |
|    iterations         | 108900   |
|    time_elapsed       | 812      |
|    total_timesteps    | 871200   |
| train/                |          |
|    entropy_loss       | -0.718   |
|    explained_variance | 0.96     |
|    learning_rate      | 9.77e-05 |
|    n_updates          | 108899   |
|    policy_loss        | -1.44    |
|    value_loss         | 1.67     |
------------------------------------
------------------------------------
| rollout/              |          |
|    ep_len_mean        | 820      |
|    ep_rew_mean        | 72.5     |
| time/                 |          |
|    fps                | 1072     |
|    iterations         | 109000   |
|    time_elapsed       | 813      |
|    total_timesteps    | 872000   |
| train/                |          |
|    entropy_loss       | -0.467   |
|    explained_variance | 0.492    |
|    learning_rate      | 9.77e-05 |
|    n_updates          | 108999   |
|    policy_loss        | -0.0876  |
|    value_loss         | 3.46     |
------------------------------------
------------------------------------
| rollout/              |          |
|    ep_len_mean        | 807      |
|    ep_rew_mean        | 74.8     |
| time/                 |          |
|    fps                | 1072     |
|    iterations         | 109100   |
|    time_elapsed       | 813      |
|    total_timesteps    | 872800   |
| train/                |          |
|    entropy_loss       | -1.12    |
|    explained_variance | 0.341    |
|    learning_rate      | 9.76e-05 |
|    n_updates          | 109099   |
|    policy_loss        | 1.26     |
|    value_loss         | 3.7      |
------------------------------------
------------------------------------
| rollout/              |          |
|    ep_len_mean        | 797      |
|    ep_rew_mean        | 76.5     |
| time/                 |          |
|    fps                | 1072     |
|    iterations         | 109200   |
|    time_elapsed       | 814      |
|    total_timesteps    | 873600   |
| train/                |          |
|    entropy_loss       | -0.693   |
|    explained_variance | 0.865    |
|    learning_rate      | 9.76e-05 |
|    n_updates          | 109199   |
|    policy_loss        | 1.4      |
|    value_loss         | 6.25     |
------------------------------------
------------------------------------
| rollout/              |          |
|    ep_len_mean        | 791      |
|    ep_rew_mean        | 77.8     |
| time/                 |          |
|    fps                | 1072     |
|    iterations         | 109300   |
|    time_elapsed       | 815      |
|    total_timesteps    | 874400   |
| train/                |          |
|    entropy_loss       | -0.669   |
|    explained_variance | -0.00619 |
|    learning_rate      | 9.75e-05 |
|    n_updates          | 109299   |
|    policy_loss        | -0.0123  |
|    value_loss         | 0.00812  |
------------------------------------
------------------------------------
| rollout/              |          |
|    ep_len_mean        | 791      |
|    ep_rew_mean        | 78.1     |
| time/                 |          |
|    fps                | 1072     |
|    iterations         | 109400   |
|    time_elapsed       | 816      |
|    total_timesteps    | 875200   |
| train/                |          |
|    entropy_loss       | -0.598   |
|    explained_variance | 0.793    |
|    learning_rate      | 9.75e-05 |
|    n_updates          | 109399   |
|    policy_loss        | -0.702   |
|    value_loss         | 3.51     |
------------------------------------
------------------------------------
| rollout/              |          |
|    ep_len_mean        | 791      |
|    ep_rew_mean        | 78.3     |
| time/                 |          |
|    fps                | 1072     |
|    iterations         | 109500   |
|    time_elapsed       | 816      |
|    total_timesteps    | 876000   |
| train/                |          |
|    entropy_loss       | -0.849   |
|    explained_variance | 0.974    |
|    learning_rate      | 9.74e-05 |
|    n_updates          | 109499   |
|    policy_loss        | -0.118   |
|    value_loss         | 0.186    |
------------------------------------
------------------------------------
| rollout/              |          |
|    ep_len_mean        | 791      |
|    ep_rew_mean        | 78.3     |
| time/                 |          |
|    fps                | 1072     |
|    iterations         | 109600   |
|    time_elapsed       | 817      |
|    total_timesteps    | 876800   |
| train/                |          |
|    entropy_loss       | -0.55    |
|    explained_variance | -0.163   |
|    learning_rate      | 9.74e-05 |
|    n_updates          | 109599   |
|    policy_loss        | -0.343   |
|    value_loss         | 0.143    |
------------------------------------
-------------------------------------
| rollout/              |           |
|    ep_len_mean        | 799       |
|    ep_rew_mean        | 77        |
| time/                 |           |
|    fps                | 1072      |
|    iterations         | 109700    |
|    time_elapsed       | 818       |
|    total_timesteps    | 877600    |
| train/                |           |
|    entropy_loss       | -0.482    |
|    explained_variance | -0.000365 |
|    learning_rate      | 9.73e-05  |
|    n_updates          | 109699    |
|    policy_loss        | -0.00208  |
|    value_loss         | 0.000272  |
-------------------------------------
------------------------------------
| rollout/              |          |
|    ep_len_mean        | 789      |
|    ep_rew_mean        | 77.6     |
| time/                 |          |
|    fps                | 1072     |
|    iterations         | 109800   |
|    time_elapsed       | 819      |
|    total_timesteps    | 878400   |
| train/                |          |
|    entropy_loss       | -0.635   |
|    explained_variance | -0.0864  |
|    learning_rate      | 9.73e-05 |
|    n_updates          | 109799   |
|    policy_loss        | -0.12    |
|    value_loss         | 0.141    |
------------------------------------
------------------------------------
| rollout/              |          |
|    ep_len_mean        | 781      |
|    ep_rew_mean        | 76.6     |
| time/                 |          |
|    fps                | 1071     |
|    iterations         | 109900   |
|    time_elapsed       | 820      |
|    total_timesteps    | 879200   |
| train/                |          |
|    entropy_loss       | -1.07    |
|    explained_variance | 0.96     |
|    learning_rate      | 9.72e-05 |
|    n_updates          | 109899   |
|    policy_loss        | -0.384   |
|    value_loss         | 0.434    |
------------------------------------
------------------------------------
| rollout/              |          |
|    ep_len_mean        | 774      |
|    ep_rew_mean        | 77.5     |
| time/                 |          |
|    fps                | 1071     |
|    iterations         | 110000   |
|    time_elapsed       | 820      |
|    total_timesteps    | 880000   |
| train/                |          |
|    entropy_loss       | -0.538   |
|    explained_variance | -0.00431 |
|    learning_rate      | 9.72e-05 |
|    n_updates          | 109999   |
|    policy_loss        | -0.00668 |
|    value_loss         | 0.00186  |
------------------------------------
------------------------------------
| rollout/              |          |
|    ep_len_mean        | 770      |
|    ep_rew_mean        | 78.7     |
| time/                 |          |
|    fps                | 1071     |
|    iterations         | 110100   |
|    time_elapsed       | 821      |
|    total_timesteps    | 880800   |
| train/                |          |
|    entropy_loss       | -0.994   |
|    explained_variance | 0.944    |
|    learning_rate      | 9.72e-05 |
|    n_updates          | 110099   |
|    policy_loss        | -0.561   |
|    value_loss         | 1.15     |
------------------------------------
------------------------------------
| rollout/              |          |
|    ep_len_mean        | 770      |
|    ep_rew_mean        | 78.9     |
| time/                 |          |
|    fps                | 1071     |
|    iterations         | 110200   |
|    time_elapsed       | 822      |
|    total_timesteps    | 881600   |
| train/                |          |
|    entropy_loss       | -0.57    |
|    explained_variance | -0.0355  |
|    learning_rate      | 9.71e-05 |
|    n_updates          | 110199   |
|    policy_loss        | -0.404   |
|    value_loss         | 0.226    |
------------------------------------
------------------------------------
| rollout/              |          |
|    ep_len_mean        | 766      |
|    ep_rew_mean        | 79.9     |
| time/                 |          |
|    fps                | 1071     |
|    iterations         | 110300   |
|    time_elapsed       | 823      |
|    total_timesteps    | 882400   |
| train/                |          |
|    entropy_loss       | -0.73    |
|    explained_variance | -0.69    |
|    learning_rate      | 9.71e-05 |
|    n_updates          | 110299   |
|    policy_loss        | -0.0659  |
|    value_loss         | 0.466    |
------------------------------------
------------------------------------
| rollout/              |          |
|    ep_len_mean        | 758      |
|    ep_rew_mean        | 78.9     |
| time/                 |          |
|    fps                | 1071     |
|    iterations         | 110400   |
|    time_elapsed       | 824      |
|    total_timesteps    | 883200   |
| train/                |          |
|    entropy_loss       | -0.324   |
|    explained_variance | -0.186   |
|    learning_rate      | 9.7e-05  |
|    n_updates          | 110399   |
|    policy_loss        | 0.222    |
|    value_loss         | 0.158    |
------------------------------------
------------------------------------
| rollout/              |          |
|    ep_len_mean        | 758      |
|    ep_rew_mean        | 79       |
| time/                 |          |
|    fps                | 1071     |
|    iterations         | 110500   |
|    time_elapsed       | 825      |
|    total_timesteps    | 884000   |
| train/                |          |
|    entropy_loss       | -0.598   |
|    explained_variance | 0.555    |
|    learning_rate      | 9.7e-05  |
|    n_updates          | 110499   |
|    policy_loss        | -1.42    |
|    value_loss         | 2.15     |
------------------------------------
------------------------------------
| rollout/              |          |
|    ep_len_mean        | 758      |
|    ep_rew_mean        | 79       |
| time/                 |          |
|    fps                | 1071     |
|    iterations         | 110600   |
|    time_elapsed       | 825      |
|    total_timesteps    | 884800   |
| train/                |          |
|    entropy_loss       | -0.596   |
|    explained_variance | 0.0471   |
|    learning_rate      | 9.69e-05 |
|    n_updates          | 110599   |
|    policy_loss        | -0.0299  |
|    value_loss         | 0.0258   |
------------------------------------
------------------------------------
| rollout/              |          |
|    ep_len_mean        | 747      |
|    ep_rew_mean        | 76.2     |
| time/                 |          |
|    fps                | 1071     |
|    iterations         | 110700   |
|    time_elapsed       | 826      |
|    total_timesteps    | 885600   |
| train/                |          |
|    entropy_loss       | -0.484   |
|    explained_variance | 0.00956  |
|    learning_rate      | 9.69e-05 |
|    n_updates          | 110699   |
|    policy_loss        | -0.0618  |
|    value_loss         | 0.0175   |
------------------------------------
------------------------------------
| rollout/              |          |
|    ep_len_mean        | 747      |
|    ep_rew_mean        | 76.5     |
| time/                 |          |
|    fps                | 1071     |
|    iterations         | 110800   |
|    time_elapsed       | 827      |
|    total_timesteps    | 886400   |
| train/                |          |
|    entropy_loss       | -0.934   |
|    explained_variance | 0.975    |
|    learning_rate      | 9.68e-05 |
|    n_updates          | 110799   |
|    policy_loss        | -0.416   |
|    value_loss         | 0.875    |
------------------------------------
------------------------------------
| rollout/              |          |
|    ep_len_mean        | 747      |
|    ep_rew_mean        | 77       |
| time/                 |          |
|    fps                | 1070     |
|    iterations         | 110900   |
|    time_elapsed       | 828      |
|    total_timesteps    | 887200   |
| train/                |          |
|    entropy_loss       | -0.66    |
|    explained_variance | -0.492   |
|    learning_rate      | 9.68e-05 |
|    n_updates          | 110899   |
|    policy_loss        | 0.0747   |
|    value_loss         | 0.124    |
------------------------------------
------------------------------------
| rollout/              |          |
|    ep_len_mean        | 753      |
|    ep_rew_mean        | 78.9     |
| time/                 |          |
|    fps                | 1070     |
|    iterations         | 111000   |
|    time_elapsed       | 829      |
|    total_timesteps    | 888000   |
| train/                |          |
|    entropy_loss       | -1.2     |
|    explained_variance | 0.933    |
|    learning_rate      | 9.67e-05 |
|    n_updates          | 110999   |
|    policy_loss        | 0.399    |
|    value_loss         | 0.417    |
------------------------------------
------------------------------------
| rollout/              |          |
|    ep_len_mean        | 753      |
|    ep_rew_mean        | 78.9     |
| time/                 |          |
|    fps                | 1070     |
|    iterations         | 111100   |
|    time_elapsed       | 830      |
|    total_timesteps    | 888800   |
| train/                |          |
|    entropy_loss       | -0.818   |
|    explained_variance | 0.0605   |
|    learning_rate      | 9.67e-05 |
|    n_updates          | 111099   |
|    policy_loss        | -4.7     |
|    value_loss         | 61.9     |
------------------------------------
------------------------------------
| rollout/              |          |
|    ep_len_mean        | 753      |
|    ep_rew_mean        | 78.6     |
| time/                 |          |
|    fps                | 1070     |
|    iterations         | 111200   |
|    time_elapsed       | 830      |
|    total_timesteps    | 889600   |
| train/                |          |
|    entropy_loss       | -0.86    |
|    explained_variance | 0.352    |
|    learning_rate      | 9.66e-05 |
|    n_updates          | 111199   |
|    policy_loss        | 0.653    |
|    value_loss         | 44.7     |
------------------------------------
------------------------------------
| rollout/              |          |
|    ep_len_mean        | 749      |
|    ep_rew_mean        | 79.7     |
| time/                 |          |
|    fps                | 1070     |
|    iterations         | 111300   |
|    time_elapsed       | 831      |
|    total_timesteps    | 890400   |
| train/                |          |
|    entropy_loss       | -0.338   |
|    explained_variance | -0.334   |
|    learning_rate      | 9.66e-05 |
|    n_updates          | 111299   |
|    policy_loss        | -1.03    |
|    value_loss         | 6.67     |
------------------------------------
------------------------------------
| rollout/              |          |
|    ep_len_mean        | 749      |
|    ep_rew_mean        | 79.7     |
| time/                 |          |
|    fps                | 1070     |
|    iterations         | 111400   |
|    time_elapsed       | 832      |
|    total_timesteps    | 891200   |
| train/                |          |
|    entropy_loss       | -0.721   |
|    explained_variance | 0.593    |
|    learning_rate      | 9.65e-05 |
|    n_updates          | 111399   |
|    policy_loss        | -0.683   |
|    value_loss         | 7.7      |
------------------------------------
------------------------------------
| rollout/              |          |
|    ep_len_mean        | 749      |
|    ep_rew_mean        | 80.1     |
| time/                 |          |
|    fps                | 1070     |
|    iterations         | 111500   |
|    time_elapsed       | 833      |
|    total_timesteps    | 892000   |
| train/                |          |
|    entropy_loss       | -0.607   |
|    explained_variance | 0.0162   |
|    learning_rate      | 9.65e-05 |
|    n_updates          | 111499   |
|    policy_loss        | -0.00976 |
|    value_loss         | 0.00277  |
------------------------------------
------------------------------------
| rollout/              |          |
|    ep_len_mean        | 753      |
|    ep_rew_mean        | 79.6     |
| time/                 |          |
|    fps                | 1070     |
|    iterations         | 111600   |
|    time_elapsed       | 834      |
|    total_timesteps    | 892800   |
| train/                |          |
|    entropy_loss       | -0.864   |
|    explained_variance | -0.0163  |
|    learning_rate      | 9.64e-05 |
|    n_updates          | 111599   |
|    policy_loss        | -0.0907  |
|    value_loss         | 0.0418   |
------------------------------------
------------------------------------
| rollout/              |          |
|    ep_len_mean        | 753      |
|    ep_rew_mean        | 79.9     |
| time/                 |          |
|    fps                | 1070     |
|    iterations         | 111700   |
|    time_elapsed       | 835      |
|    total_timesteps    | 893600   |
| train/                |          |
|    entropy_loss       | -0.724   |
|    explained_variance | 0.971    |
|    learning_rate      | 9.64e-05 |
|    n_updates          | 111699   |
|    policy_loss        | -0.586   |
|    value_loss         | 0.178    |
------------------------------------
------------------------------------
| rollout/              |          |
|    ep_len_mean        | 753      |
|    ep_rew_mean        | 80       |
| time/                 |          |
|    fps                | 1070     |
|    iterations         | 111800   |
|    time_elapsed       | 835      |
|    total_timesteps    | 894400   |
| train/                |          |
|    entropy_loss       | -0.499   |
|    explained_variance | -17.8    |
|    learning_rate      | 9.63e-05 |
|    n_updates          | 111799   |
|    policy_loss        | -4.12    |
|    value_loss         | 58.9     |
------------------------------------
------------------------------------
| rollout/              |          |
|    ep_len_mean        | 746      |
|    ep_rew_mean        | 81.3     |
| time/                 |          |
|    fps                | 1069     |
|    iterations         | 111900   |
|    time_elapsed       | 836      |
|    total_timesteps    | 895200   |
| train/                |          |
|    entropy_loss       | -0.799   |
|    explained_variance | 0.0215   |
|    learning_rate      | 9.63e-05 |
|    n_updates          | 111899   |
|    policy_loss        | -0.12    |
|    value_loss         | 0.0387   |
------------------------------------
------------------------------------
| rollout/              |          |
|    ep_len_mean        | 739      |
|    ep_rew_mean        | 80.6     |
| time/                 |          |
|    fps                | 1069     |
|    iterations         | 112000   |
|    time_elapsed       | 837      |
|    total_timesteps    | 896000   |
| train/                |          |
|    entropy_loss       | -0.0447  |
|    explained_variance | -2.8     |
|    learning_rate      | 9.62e-05 |
|    n_updates          | 111999   |
|    policy_loss        | -0.013   |
|    value_loss         | 8.47     |
------------------------------------
------------------------------------
| rollout/              |          |
|    ep_len_mean        | 737      |
|    ep_rew_mean        | 78.8     |
| time/                 |          |
|    fps                | 1069     |
|    iterations         | 112100   |
|    time_elapsed       | 838      |
|    total_timesteps    | 896800   |
| train/                |          |
|    entropy_loss       | -0.801   |
|    explained_variance | -0.0325  |
|    learning_rate      | 9.62e-05 |
|    n_updates          | 112099   |
|    policy_loss        | -0.125   |
|    value_loss         | 0.0481   |
------------------------------------
------------------------------------
| rollout/              |          |
|    ep_len_mean        | 737      |
|    ep_rew_mean        | 79.3     |
| time/                 |          |
|    fps                | 1069     |
|    iterations         | 112200   |
|    time_elapsed       | 839      |
|    total_timesteps    | 897600   |
| train/                |          |
|    entropy_loss       | -0.839   |
|    explained_variance | -0.0356  |
|    learning_rate      | 9.61e-05 |
|    n_updates          | 112199   |
|    policy_loss        | -0.217   |
|    value_loss         | 0.108    |
------------------------------------
------------------------------------
| rollout/              |          |
|    ep_len_mean        | 741      |
|    ep_rew_mean        | 79.3     |
| time/                 |          |
|    fps                | 1069     |
|    iterations         | 112300   |
|    time_elapsed       | 840      |
|    total_timesteps    | 898400   |
| train/                |          |
|    entropy_loss       | -0.483   |
|    explained_variance | 0.975    |
|    learning_rate      | 9.61e-05 |
|    n_updates          | 112299   |
|    policy_loss        | -0.457   |
|    value_loss         | 0.327    |
------------------------------------
------------------------------------
| rollout/              |          |
|    ep_len_mean        | 741      |
|    ep_rew_mean        | 79.3     |
| time/                 |          |
|    fps                | 1069     |
|    iterations         | 112400   |
|    time_elapsed       | 840      |
|    total_timesteps    | 899200   |
| train/                |          |
|    entropy_loss       | -0.673   |
|    explained_variance | 0.541    |
|    learning_rate      | 9.6e-05  |
|    n_updates          | 112399   |
|    policy_loss        | 1.67     |
|    value_loss         | 29.1     |
------------------------------------
Eval num_timesteps=900000, episode_reward=120.23 +/- 104.11
Episode length: 476.20 +/- 262.38
------------------------------------
| eval/                 |          |
|    mean_ep_length     | 476      |
|    mean_reward        | 120      |
| time/                 |          |
|    total_timesteps    | 900000   |
| train/                |          |
|    entropy_loss       | -0.774   |
|    explained_variance | -0.275   |
|    learning_rate      | 9.6e-05  |
|    n_updates          | 112499   |
|    policy_loss        | -0.472   |
|    value_loss         | 1.47     |
------------------------------------
---------------------------------
| rollout/           |          |
|    ep_len_mean     | 737      |
|    ep_rew_mean     | 80.2     |
| time/              |          |
|    fps             | 1068     |
|    iterations      | 112500   |
|    time_elapsed    | 842      |
|    total_timesteps | 900000   |
---------------------------------
------------------------------------
| rollout/              |          |
|    ep_len_mean        | 737      |
|    ep_rew_mean        | 80       |
| time/                 |          |
|    fps                | 1067     |
|    iterations         | 112600   |
|    time_elapsed       | 843      |
|    total_timesteps    | 900800   |
| train/                |          |
|    entropy_loss       | -0.748   |
|    explained_variance | -0.00514 |
|    learning_rate      | 9.6e-05  |
|    n_updates          | 112599   |
|    policy_loss        | -1.34    |
|    value_loss         | 2.27     |
------------------------------------
------------------------------------
| rollout/              |          |
|    ep_len_mean        | 737      |
|    ep_rew_mean        | 80.5     |
| time/                 |          |
|    fps                | 1067     |
|    iterations         | 112700   |
|    time_elapsed       | 844      |
|    total_timesteps    | 901600   |
| train/                |          |
|    entropy_loss       | -0.92    |
|    explained_variance | 0.991    |
|    learning_rate      | 9.59e-05 |
|    n_updates          | 112699   |
|    policy_loss        | -0.562   |
|    value_loss         | 0.37     |
------------------------------------
------------------------------------
| rollout/              |          |
|    ep_len_mean        | 737      |
|    ep_rew_mean        | 80.5     |
| time/                 |          |
|    fps                | 1067     |
|    iterations         | 112800   |
|    time_elapsed       | 844      |
|    total_timesteps    | 902400   |
| train/                |          |
|    entropy_loss       | -0.861   |
|    explained_variance | 0.616    |
|    learning_rate      | 9.59e-05 |
|    n_updates          | 112799   |
|    policy_loss        | 1.55     |
|    value_loss         | 48.3     |
------------------------------------
------------------------------------
| rollout/              |          |
|    ep_len_mean        | 737      |
|    ep_rew_mean        | 81.1     |
| time/                 |          |
|    fps                | 1067     |
|    iterations         | 112900   |
|    time_elapsed       | 845      |
|    total_timesteps    | 903200   |
| train/                |          |
|    entropy_loss       | -0.883   |
|    explained_variance | 0.0466   |
|    learning_rate      | 9.58e-05 |
|    n_updates          | 112899   |
|    policy_loss        | -0.0602  |
|    value_loss         | 0.023    |
------------------------------------
------------------------------------
| rollout/              |          |
|    ep_len_mean        | 737      |
|    ep_rew_mean        | 81.4     |
| time/                 |          |
|    fps                | 1068     |
|    iterations         | 113000   |
|    time_elapsed       | 846      |
|    total_timesteps    | 904000   |
| train/                |          |
|    entropy_loss       | -0.82    |
|    explained_variance | 0.583    |
|    learning_rate      | 9.58e-05 |
|    n_updates          | 112999   |
|    policy_loss        | 0.593    |
|    value_loss         | 64.9     |
------------------------------------
------------------------------------
| rollout/              |          |
|    ep_len_mean        | 742      |
|    ep_rew_mean        | 80.8     |
| time/                 |          |
|    fps                | 1068     |
|    iterations         | 113100   |
|    time_elapsed       | 847      |
|    total_timesteps    | 904800   |
| train/                |          |
|    entropy_loss       | -0.225   |
|    explained_variance | 0.00603  |
|    learning_rate      | 9.57e-05 |
|    n_updates          | 113099   |
|    policy_loss        | -0.00571 |
|    value_loss         | 0.0135   |
------------------------------------
------------------------------------
| rollout/              |          |
|    ep_len_mean        | 740      |
|    ep_rew_mean        | 87       |
| time/                 |          |
|    fps                | 1068     |
|    iterations         | 113200   |
|    time_elapsed       | 847      |
|    total_timesteps    | 905600   |
| train/                |          |
|    entropy_loss       | -0.818   |
|    explained_variance | -0.0657  |
|    learning_rate      | 9.57e-05 |
|    n_updates          | 113199   |
|    policy_loss        | -0.182   |
|    value_loss         | 0.111    |
------------------------------------
------------------------------------
| rollout/              |          |
|    ep_len_mean        | 740      |
|    ep_rew_mean        | 87.9     |
| time/                 |          |
|    fps                | 1068     |
|    iterations         | 113300   |
|    time_elapsed       | 848      |
|    total_timesteps    | 906400   |
| train/                |          |
|    entropy_loss       | -0.947   |
|    explained_variance | 0.559    |
|    learning_rate      | 9.56e-05 |
|    n_updates          | 113299   |
|    policy_loss        | -2.38    |
|    value_loss         | 6.77     |
------------------------------------
------------------------------------
| rollout/              |          |
|    ep_len_mean        | 736      |
|    ep_rew_mean        | 89.9     |
| time/                 |          |
|    fps                | 1068     |
|    iterations         | 113400   |
|    time_elapsed       | 849      |
|    total_timesteps    | 907200   |
| train/                |          |
|    entropy_loss       | -0.76    |
|    explained_variance | 0.0164   |
|    learning_rate      | 9.56e-05 |
|    n_updates          | 113399   |
|    policy_loss        | 0.548    |
|    value_loss         | 0.906    |
------------------------------------
------------------------------------
| rollout/              |          |
|    ep_len_mean        | 737      |
|    ep_rew_mean        | 90.2     |
| time/                 |          |
|    fps                | 1068     |
|    iterations         | 113500   |
|    time_elapsed       | 849      |
|    total_timesteps    | 908000   |
| train/                |          |
|    entropy_loss       | -0.95    |
|    explained_variance | 0.963    |
|    learning_rate      | 9.55e-05 |
|    n_updates          | 113499   |
|    policy_loss        | -0.469   |
|    value_loss         | 0.238    |
------------------------------------
------------------------------------
| rollout/              |          |
|    ep_len_mean        | 727      |
|    ep_rew_mean        | 91.2     |
| time/                 |          |
|    fps                | 1068     |
|    iterations         | 113600   |
|    time_elapsed       | 850      |
|    total_timesteps    | 908800   |
| train/                |          |
|    entropy_loss       | -0.727   |
|    explained_variance | 0.643    |
|    learning_rate      | 9.55e-05 |
|    n_updates          | 113599   |
|    policy_loss        | -1.64    |
|    value_loss         | 3.53     |
------------------------------------
------------------------------------
| rollout/              |          |
|    ep_len_mean        | 727      |
|    ep_rew_mean        | 91.2     |
| time/                 |          |
|    fps                | 1068     |
|    iterations         | 113700   |
|    time_elapsed       | 851      |
|    total_timesteps    | 909600   |
| train/                |          |
|    entropy_loss       | -0.936   |
|    explained_variance | -0.00237 |
|    learning_rate      | 9.54e-05 |
|    n_updates          | 113699   |
|    policy_loss        | 0.128    |
|    value_loss         | 0.0359   |
------------------------------------
------------------------------------
| rollout/              |          |
|    ep_len_mean        | 712      |
|    ep_rew_mean        | 94.2     |
| time/                 |          |
|    fps                | 1068     |
|    iterations         | 113800   |
|    time_elapsed       | 852      |
|    total_timesteps    | 910400   |
| train/                |          |
|    entropy_loss       | -1.06    |
|    explained_variance | 0.846    |
|    learning_rate      | 9.54e-05 |
|    n_updates          | 113799   |
|    policy_loss        | -2.02    |
|    value_loss         | 5.93     |
------------------------------------
------------------------------------
| rollout/              |          |
|    ep_len_mean        | 712      |
|    ep_rew_mean        | 96.8     |
| time/                 |          |
|    fps                | 1068     |
|    iterations         | 113900   |
|    time_elapsed       | 852      |
|    total_timesteps    | 911200   |
| train/                |          |
|    entropy_loss       | -0.65    |
|    explained_variance | -0.00308 |
|    learning_rate      | 9.53e-05 |
|    n_updates          | 113899   |
|    policy_loss        | 0.06     |
|    value_loss         | 0.0417   |
------------------------------------
------------------------------------
| rollout/              |          |
|    ep_len_mean        | 712      |
|    ep_rew_mean        | 96.8     |
| time/                 |          |
|    fps                | 1068     |
|    iterations         | 114000   |
|    time_elapsed       | 853      |
|    total_timesteps    | 912000   |
| train/                |          |
|    entropy_loss       | -0.724   |
|    explained_variance | 0.0257   |
|    learning_rate      | 9.53e-05 |
|    n_updates          | 113999   |
|    policy_loss        | 0.0232   |
|    value_loss         | 0.0304   |
------------------------------------
------------------------------------
| rollout/              |          |
|    ep_len_mean        | 712      |
|    ep_rew_mean        | 99.4     |
| time/                 |          |
|    fps                | 1068     |
|    iterations         | 114100   |
|    time_elapsed       | 854      |
|    total_timesteps    | 912800   |
| train/                |          |
|    entropy_loss       | -0.697   |
|    explained_variance | 0.555    |
|    learning_rate      | 9.52e-05 |
|    n_updates          | 114099   |
|    policy_loss        | 2.36     |
|    value_loss         | 67.3     |
------------------------------------
------------------------------------
| rollout/              |          |
|    ep_len_mean        | 705      |
|    ep_rew_mean        | 102      |
| time/                 |          |
|    fps                | 1068     |
|    iterations         | 114200   |
|    time_elapsed       | 855      |
|    total_timesteps    | 913600   |
| train/                |          |
|    entropy_loss       | -1.11    |
|    explained_variance | 0.299    |
|    learning_rate      | 9.52e-05 |
|    n_updates          | 114199   |
|    policy_loss        | 2.05     |
|    value_loss         | 5.51     |
------------------------------------
------------------------------------
| rollout/              |          |
|    ep_len_mean        | 705      |
|    ep_rew_mean        | 102      |
| time/                 |          |
|    fps                | 1068     |
|    iterations         | 114300   |
|    time_elapsed       | 855      |
|    total_timesteps    | 914400   |
| train/                |          |
|    entropy_loss       | -0.773   |
|    explained_variance | 0.00259  |
|    learning_rate      | 9.51e-05 |
|    n_updates          | 114299   |
|    policy_loss        | -0.00987 |
|    value_loss         | 0.00161  |
------------------------------------
------------------------------------
| rollout/              |          |
|    ep_len_mean        | 705      |
|    ep_rew_mean        | 104      |
| time/                 |          |
|    fps                | 1068     |
|    iterations         | 114400   |
|    time_elapsed       | 856      |
|    total_timesteps    | 915200   |
| train/                |          |
|    entropy_loss       | -0.767   |
|    explained_variance | 0.674    |
|    learning_rate      | 9.51e-05 |
|    n_updates          | 114399   |
|    policy_loss        | 1.71     |
|    value_loss         | 37.9     |
------------------------------------
------------------------------------
| rollout/              |          |
|    ep_len_mean        | 705      |
|    ep_rew_mean        | 106      |
| time/                 |          |
|    fps                | 1068     |
|    iterations         | 114500   |
|    time_elapsed       | 857      |
|    total_timesteps    | 916000   |
| train/                |          |
|    entropy_loss       | -0.756   |
|    explained_variance | 0.935    |
|    learning_rate      | 9.5e-05  |
|    n_updates          | 114499   |
|    policy_loss        | 0.0124   |
|    value_loss         | 1.18     |
------------------------------------
------------------------------------
| rollout/              |          |
|    ep_len_mean        | 705      |
|    ep_rew_mean        | 108      |
| time/                 |          |
|    fps                | 1068     |
|    iterations         | 114600   |
|    time_elapsed       | 857      |
|    total_timesteps    | 916800   |
| train/                |          |
|    entropy_loss       | -0.816   |
|    explained_variance | 0.86     |
|    learning_rate      | 9.5e-05  |
|    n_updates          | 114599   |
|    policy_loss        | 0.048    |
|    value_loss         | 0.268    |
------------------------------------
------------------------------------
| rollout/              |          |
|    ep_len_mean        | 701      |
|    ep_rew_mean        | 110      |
| time/                 |          |
|    fps                | 1068     |
|    iterations         | 114700   |
|    time_elapsed       | 858      |
|    total_timesteps    | 917600   |
| train/                |          |
|    entropy_loss       | -0.13    |
|    explained_variance | -0.426   |
|    learning_rate      | 9.49e-05 |
|    n_updates          | 114699   |
|    policy_loss        | 0.0467   |
|    value_loss         | 2.87     |
------------------------------------
------------------------------------
| rollout/              |          |
|    ep_len_mean        | 697      |
|    ep_rew_mean        | 112      |
| time/                 |          |
|    fps                | 1068     |
|    iterations         | 114800   |
|    time_elapsed       | 859      |
|    total_timesteps    | 918400   |
| train/                |          |
|    entropy_loss       | -0.63    |
|    explained_variance | 0.00366  |
|    learning_rate      | 9.49e-05 |
|    n_updates          | 114799   |
|    policy_loss        | -0.146   |
|    value_loss         | 0.0548   |
------------------------------------
------------------------------------
| rollout/              |          |
|    ep_len_mean        | 691      |
|    ep_rew_mean        | 115      |
| time/                 |          |
|    fps                | 1068     |
|    iterations         | 114900   |
|    time_elapsed       | 860      |
|    total_timesteps    | 919200   |
| train/                |          |
|    entropy_loss       | -0.74    |
|    explained_variance | 0.242    |
|    learning_rate      | 9.48e-05 |
|    n_updates          | 114899   |
|    policy_loss        | 2.57     |
|    value_loss         | 11.7     |
------------------------------------
------------------------------------
| rollout/              |          |
|    ep_len_mean        | 685      |
|    ep_rew_mean        | 115      |
| time/                 |          |
|    fps                | 1068     |
|    iterations         | 115000   |
|    time_elapsed       | 860      |
|    total_timesteps    | 920000   |
| train/                |          |
|    entropy_loss       | -0.796   |
|    explained_variance | -0.0012  |
|    learning_rate      | 9.48e-05 |
|    n_updates          | 114999   |
|    policy_loss        | 0.0051   |
|    value_loss         | 0.103    |
------------------------------------
------------------------------------
| rollout/              |          |
|    ep_len_mean        | 685      |
|    ep_rew_mean        | 116      |
| time/                 |          |
|    fps                | 1068     |
|    iterations         | 115100   |
|    time_elapsed       | 861      |
|    total_timesteps    | 920800   |
| train/                |          |
|    entropy_loss       | -0.926   |
|    explained_variance | 0.862    |
|    learning_rate      | 9.48e-05 |
|    n_updates          | 115099   |
|    policy_loss        | -0.0558  |
|    value_loss         | 0.35     |
------------------------------------
-------------------------------------
| rollout/              |           |
|    ep_len_mean        | 681       |
|    ep_rew_mean        | 119       |
| time/                 |           |
|    fps                | 1068      |
|    iterations         | 115200    |
|    time_elapsed       | 862       |
|    total_timesteps    | 921600    |
| train/                |           |
|    entropy_loss       | -0.778    |
|    explained_variance | -6.91e-06 |
|    learning_rate      | 9.47e-05  |
|    n_updates          | 115199    |
|    policy_loss        | -2.86     |
|    value_loss         | 20.4      |
-------------------------------------
------------------------------------
| rollout/              |          |
|    ep_len_mean        | 681      |
|    ep_rew_mean        | 121      |
| time/                 |          |
|    fps                | 1068     |
|    iterations         | 115300   |
|    time_elapsed       | 862      |
|    total_timesteps    | 922400   |
| train/                |          |
|    entropy_loss       | -0.937   |
|    explained_variance | 0.844    |
|    learning_rate      | 9.47e-05 |
|    n_updates          | 115299   |
|    policy_loss        | -0.758   |
|    value_loss         | 0.612    |
------------------------------------
------------------------------------
| rollout/              |          |
|    ep_len_mean        | 681      |
|    ep_rew_mean        | 122      |
| time/                 |          |
|    fps                | 1068     |
|    iterations         | 115400   |
|    time_elapsed       | 863      |
|    total_timesteps    | 923200   |
| train/                |          |
|    entropy_loss       | -0.984   |
|    explained_variance | 0.941    |
|    learning_rate      | 9.46e-05 |
|    n_updates          | 115399   |
|    policy_loss        | 0.424    |
|    value_loss         | 0.749    |
------------------------------------
------------------------------------
| rollout/              |          |
|    ep_len_mean        | 681      |
|    ep_rew_mean        | 122      |
| time/                 |          |
|    fps                | 1068     |
|    iterations         | 115500   |
|    time_elapsed       | 864      |
|    total_timesteps    | 924000   |
| train/                |          |
|    entropy_loss       | -0.802   |
|    explained_variance | 0.54     |
|    learning_rate      | 9.46e-05 |
|    n_updates          | 115499   |
|    policy_loss        | 1.02     |
|    value_loss         | 49.9     |
------------------------------------
------------------------------------
| rollout/              |          |
|    ep_len_mean        | 681      |
|    ep_rew_mean        | 123      |
| time/                 |          |
|    fps                | 1068     |
|    iterations         | 115600   |
|    time_elapsed       | 865      |
|    total_timesteps    | 924800   |
| train/                |          |
|    entropy_loss       | -0.643   |
|    explained_variance | -0.0155  |
|    learning_rate      | 9.45e-05 |
|    n_updates          | 115599   |
|    policy_loss        | -0.0507  |
|    value_loss         | 0.0241   |
------------------------------------
------------------------------------
| rollout/              |          |
|    ep_len_mean        | 676      |
|    ep_rew_mean        | 124      |
| time/                 |          |
|    fps                | 1069     |
|    iterations         | 115700   |
|    time_elapsed       | 865      |
|    total_timesteps    | 925600   |
| train/                |          |
|    entropy_loss       | -0.819   |
|    explained_variance | 0.949    |
|    learning_rate      | 9.45e-05 |
|    n_updates          | 115699   |
|    policy_loss        | -1.66    |
|    value_loss         | 2.7      |
------------------------------------
------------------------------------
| rollout/              |          |
|    ep_len_mean        | 671      |
|    ep_rew_mean        | 124      |
| time/                 |          |
|    fps                | 1069     |
|    iterations         | 115800   |
|    time_elapsed       | 866      |
|    total_timesteps    | 926400   |
| train/                |          |
|    entropy_loss       | -0.921   |
|    explained_variance | 0.792    |
|    learning_rate      | 9.44e-05 |
|    n_updates          | 115799   |
|    policy_loss        | -1.08    |
|    value_loss         | 1.67     |
------------------------------------
------------------------------------
| rollout/              |          |
|    ep_len_mean        | 671      |
|    ep_rew_mean        | 126      |
| time/                 |          |
|    fps                | 1069     |
|    iterations         | 115900   |
|    time_elapsed       | 867      |
|    total_timesteps    | 927200   |
| train/                |          |
|    entropy_loss       | -1.21    |
|    explained_variance | 0.951    |
|    learning_rate      | 9.44e-05 |
|    n_updates          | 115899   |
|    policy_loss        | -1.36    |
|    value_loss         | 1.5      |
------------------------------------
------------------------------------
| rollout/              |          |
|    ep_len_mean        | 668      |
|    ep_rew_mean        | 127      |
| time/                 |          |
|    fps                | 1069     |
|    iterations         | 116000   |
|    time_elapsed       | 867      |
|    total_timesteps    | 928000   |
| train/                |          |
|    entropy_loss       | -0.485   |
|    explained_variance | 0.672    |
|    learning_rate      | 9.43e-05 |
|    n_updates          | 115999   |
|    policy_loss        | 2.09     |
|    value_loss         | 33.7     |
------------------------------------
------------------------------------
| rollout/              |          |
|    ep_len_mean        | 668      |
|    ep_rew_mean        | 129      |
| time/                 |          |
|    fps                | 1069     |
|    iterations         | 116100   |
|    time_elapsed       | 868      |
|    total_timesteps    | 928800   |
| train/                |          |
|    entropy_loss       | -0.741   |
|    explained_variance | 0.943    |
|    learning_rate      | 9.43e-05 |
|    n_updates          | 116099   |
|    policy_loss        | 0.739    |
|    value_loss         | 2.12     |
------------------------------------
------------------------------------
| rollout/              |          |
|    ep_len_mean        | 670      |
|    ep_rew_mean        | 130      |
| time/                 |          |
|    fps                | 1069     |
|    iterations         | 116200   |
|    time_elapsed       | 869      |
|    total_timesteps    | 929600   |
| train/                |          |
|    entropy_loss       | -0.884   |
|    explained_variance | 0.0183   |
|    learning_rate      | 9.42e-05 |
|    n_updates          | 116199   |
|    policy_loss        | -0.0875  |
|    value_loss         | 0.172    |
------------------------------------
------------------------------------
| rollout/              |          |
|    ep_len_mean        | 667      |
|    ep_rew_mean        | 131      |
| time/                 |          |
|    fps                | 1069     |
|    iterations         | 116300   |
|    time_elapsed       | 870      |
|    total_timesteps    | 930400   |
| train/                |          |
|    entropy_loss       | -1.22    |
|    explained_variance | 0.115    |
|    learning_rate      | 9.42e-05 |
|    n_updates          | 116299   |
|    policy_loss        | -1.49    |
|    value_loss         | 2.48     |
------------------------------------
------------------------------------
| rollout/              |          |
|    ep_len_mean        | 667      |
|    ep_rew_mean        | 131      |
| time/                 |          |
|    fps                | 1069     |
|    iterations         | 116400   |
|    time_elapsed       | 870      |
|    total_timesteps    | 931200   |
| train/                |          |
|    entropy_loss       | -0.635   |
|    explained_variance | -0.31    |
|    learning_rate      | 9.41e-05 |
|    n_updates          | 116399   |
|    policy_loss        | -1.6     |
|    value_loss         | 11       |
------------------------------------
------------------------------------
| rollout/              |          |
|    ep_len_mean        | 667      |
|    ep_rew_mean        | 130      |
| time/                 |          |
|    fps                | 1069     |
|    iterations         | 116500   |
|    time_elapsed       | 871      |
|    total_timesteps    | 932000   |
| train/                |          |
|    entropy_loss       | -0.557   |
|    explained_variance | 0.00961  |
|    learning_rate      | 9.41e-05 |
|    n_updates          | 116499   |
|    policy_loss        | 0.0244   |
|    value_loss         | 0.0191   |
------------------------------------
------------------------------------
| rollout/              |          |
|    ep_len_mean        | 666      |
|    ep_rew_mean        | 130      |
| time/                 |          |
|    fps                | 1069     |
|    iterations         | 116600   |
|    time_elapsed       | 872      |
|    total_timesteps    | 932800   |
| train/                |          |
|    entropy_loss       | -0.934   |
|    explained_variance | 0.503    |
|    learning_rate      | 9.4e-05  |
|    n_updates          | 116599   |
|    policy_loss        | -0.854   |
|    value_loss         | 1.45     |
------------------------------------
------------------------------------
| rollout/              |          |
|    ep_len_mean        | 668      |
|    ep_rew_mean        | 126      |
| time/                 |          |
|    fps                | 1069     |
|    iterations         | 116700   |
|    time_elapsed       | 872      |
|    total_timesteps    | 933600   |
| train/                |          |
|    entropy_loss       | -0.517   |
|    explained_variance | 0.0702   |
|    learning_rate      | 9.4e-05  |
|    n_updates          | 116699   |
|    policy_loss        | 1.29     |
|    value_loss         | 5.79     |
------------------------------------
------------------------------------
| rollout/              |          |
|    ep_len_mean        | 668      |
|    ep_rew_mean        | 126      |
| time/                 |          |
|    fps                | 1069     |
|    iterations         | 116800   |
|    time_elapsed       | 873      |
|    total_timesteps    | 934400   |
| train/                |          |
|    entropy_loss       | -1.02    |
|    explained_variance | 0.0939   |
|    learning_rate      | 9.39e-05 |
|    n_updates          | 116799   |
|    policy_loss        | 1.21     |
|    value_loss         | 3.05     |
------------------------------------
------------------------------------
| rollout/              |          |
|    ep_len_mean        | 675      |
|    ep_rew_mean        | 126      |
| time/                 |          |
|    fps                | 1069     |
|    iterations         | 116900   |
|    time_elapsed       | 874      |
|    total_timesteps    | 935200   |
| train/                |          |
|    entropy_loss       | -0.448   |
|    explained_variance | 0.00972  |
|    learning_rate      | 9.39e-05 |
|    n_updates          | 116899   |
|    policy_loss        | -0.028   |
|    value_loss         | 0.0169   |
------------------------------------
------------------------------------
| rollout/              |          |
|    ep_len_mean        | 675      |
|    ep_rew_mean        | 126      |
| time/                 |          |
|    fps                | 1069     |
|    iterations         | 117000   |
|    time_elapsed       | 875      |
|    total_timesteps    | 936000   |
| train/                |          |
|    entropy_loss       | -0.542   |
|    explained_variance | 0.585    |
|    learning_rate      | 9.38e-05 |
|    n_updates          | 116999   |
|    policy_loss        | -0.812   |
|    value_loss         | 1.94     |
------------------------------------
------------------------------------
| rollout/              |          |
|    ep_len_mean        | 680      |
|    ep_rew_mean        | 124      |
| time/                 |          |
|    fps                | 1069     |
|    iterations         | 117100   |
|    time_elapsed       | 875      |
|    total_timesteps    | 936800   |
| train/                |          |
|    entropy_loss       | -0.998   |
|    explained_variance | 0.778    |
|    learning_rate      | 9.38e-05 |
|    n_updates          | 117099   |
|    policy_loss        | -1.12    |
|    value_loss         | 2.37     |
------------------------------------
------------------------------------
| rollout/              |          |
|    ep_len_mean        | 684      |
|    ep_rew_mean        | 122      |
| time/                 |          |
|    fps                | 1069     |
|    iterations         | 117200   |
|    time_elapsed       | 876      |
|    total_timesteps    | 937600   |
| train/                |          |
|    entropy_loss       | -0.337   |
|    explained_variance | 0.399    |
|    learning_rate      | 9.37e-05 |
|    n_updates          | 117199   |
|    policy_loss        | 4.21     |
|    value_loss         | 73       |
------------------------------------
------------------------------------
| rollout/              |          |
|    ep_len_mean        | 686      |
|    ep_rew_mean        | 122      |
| time/                 |          |
|    fps                | 1069     |
|    iterations         | 117300   |
|    time_elapsed       | 877      |
|    total_timesteps    | 938400   |
| train/                |          |
|    entropy_loss       | -1.15    |
|    explained_variance | 0.705    |
|    learning_rate      | 9.37e-05 |
|    n_updates          | 117299   |
|    policy_loss        | -0.282   |
|    value_loss         | 0.742    |
------------------------------------
------------------------------------
| rollout/              |          |
|    ep_len_mean        | 690      |
|    ep_rew_mean        | 121      |
| time/                 |          |
|    fps                | 1069     |
|    iterations         | 117400   |
|    time_elapsed       | 877      |
|    total_timesteps    | 939200   |
| train/                |          |
|    entropy_loss       | -1.06    |
|    explained_variance | 0.35     |
|    learning_rate      | 9.36e-05 |
|    n_updates          | 117399   |
|    policy_loss        | -1.86    |
|    value_loss         | 6.47     |
------------------------------------
------------------------------------
| rollout/              |          |
|    ep_len_mean        | 696      |
|    ep_rew_mean        | 118      |
| time/                 |          |
|    fps                | 1069     |
|    iterations         | 117500   |
|    time_elapsed       | 878      |
|    total_timesteps    | 940000   |
| train/                |          |
|    entropy_loss       | -1.09    |
|    explained_variance | -1.18    |
|    learning_rate      | 9.36e-05 |
|    n_updates          | 117499   |
|    policy_loss        | -2.95    |
|    value_loss         | 14.6     |
------------------------------------
------------------------------------
| rollout/              |          |
|    ep_len_mean        | 696      |
|    ep_rew_mean        | 118      |
| time/                 |          |
|    fps                | 1069     |
|    iterations         | 117600   |
|    time_elapsed       | 879      |
|    total_timesteps    | 940800   |
| train/                |          |
|    entropy_loss       | -0.775   |
|    explained_variance | -0.465   |
|    learning_rate      | 9.36e-05 |
|    n_updates          | 117599   |
|    policy_loss        | 2.1      |
|    value_loss         | 2.6      |
------------------------------------
------------------------------------
| rollout/              |          |
|    ep_len_mean        | 703      |
|    ep_rew_mean        | 118      |
| time/                 |          |
|    fps                | 1069     |
|    iterations         | 117700   |
|    time_elapsed       | 880      |
|    total_timesteps    | 941600   |
| train/                |          |
|    entropy_loss       | -1.13    |
|    explained_variance | 0.5      |
|    learning_rate      | 9.35e-05 |
|    n_updates          | 117699   |
|    policy_loss        | -0.128   |
|    value_loss         | 0.67     |
------------------------------------
------------------------------------
| rollout/              |          |
|    ep_len_mean        | 710      |
|    ep_rew_mean        | 115      |
| time/                 |          |
|    fps                | 1070     |
|    iterations         | 117800   |
|    time_elapsed       | 880      |
|    total_timesteps    | 942400   |
| train/                |          |
|    entropy_loss       | -0.933   |
|    explained_variance | 0.86     |
|    learning_rate      | 9.35e-05 |
|    n_updates          | 117799   |
|    policy_loss        | -0.46    |
|    value_loss         | 0.312    |
------------------------------------
------------------------------------
| rollout/              |          |
|    ep_len_mean        | 718      |
|    ep_rew_mean        | 115      |
| time/                 |          |
|    fps                | 1070     |
|    iterations         | 117900   |
|    time_elapsed       | 881      |
|    total_timesteps    | 943200   |
| train/                |          |
|    entropy_loss       | -0.84    |
|    explained_variance | 0.992    |
|    learning_rate      | 9.34e-05 |
|    n_updates          | 117899   |
|    policy_loss        | -0.403   |
|    value_loss         | 0.446    |
------------------------------------
------------------------------------
| rollout/              |          |
|    ep_len_mean        | 725      |
|    ep_rew_mean        | 116      |
| time/                 |          |
|    fps                | 1070     |
|    iterations         | 118000   |
|    time_elapsed       | 882      |
|    total_timesteps    | 944000   |
| train/                |          |
|    entropy_loss       | -0.61    |
|    explained_variance | 0.834    |
|    learning_rate      | 9.34e-05 |
|    n_updates          | 117999   |
|    policy_loss        | -0.22    |
|    value_loss         | 1.23     |
------------------------------------
------------------------------------
| rollout/              |          |
|    ep_len_mean        | 725      |
|    ep_rew_mean        | 116      |
| time/                 |          |
|    fps                | 1070     |
|    iterations         | 118100   |
|    time_elapsed       | 882      |
|    total_timesteps    | 944800   |
| train/                |          |
|    entropy_loss       | -0.831   |
|    explained_variance | 0.96     |
|    learning_rate      | 9.33e-05 |
|    n_updates          | 118099   |
|    policy_loss        | -0.499   |
|    value_loss         | 0.534    |
------------------------------------
------------------------------------
| rollout/              |          |
|    ep_len_mean        | 732      |
|    ep_rew_mean        | 115      |
| time/                 |          |
|    fps                | 1070     |
|    iterations         | 118200   |
|    time_elapsed       | 883      |
|    total_timesteps    | 945600   |
| train/                |          |
|    entropy_loss       | -0.61    |
|    explained_variance | 0.235    |
|    learning_rate      | 9.33e-05 |
|    n_updates          | 118199   |
|    policy_loss        | -1.55    |
|    value_loss         | 5.79     |
------------------------------------
------------------------------------
| rollout/              |          |
|    ep_len_mean        | 739      |
|    ep_rew_mean        | 113      |
| time/                 |          |
|    fps                | 1070     |
|    iterations         | 118300   |
|    time_elapsed       | 884      |
|    total_timesteps    | 946400   |
| train/                |          |
|    entropy_loss       | -0.996   |
|    explained_variance | 0.835    |
|    learning_rate      | 9.32e-05 |
|    n_updates          | 118299   |
|    policy_loss        | -1.96    |
|    value_loss         | 4.49     |
------------------------------------
------------------------------------
| rollout/              |          |
|    ep_len_mean        | 746      |
|    ep_rew_mean        | 111      |
| time/                 |          |
|    fps                | 1070     |
|    iterations         | 118400   |
|    time_elapsed       | 884      |
|    total_timesteps    | 947200   |
| train/                |          |
|    entropy_loss       | -0.548   |
|    explained_variance | 0.989    |
|    learning_rate      | 9.32e-05 |
|    n_updates          | 118399   |
|    policy_loss        | 0.163    |
|    value_loss         | 0.11     |
------------------------------------
------------------------------------
| rollout/              |          |
|    ep_len_mean        | 751      |
|    ep_rew_mean        | 110      |
| time/                 |          |
|    fps                | 1070     |
|    iterations         | 118500   |
|    time_elapsed       | 885      |
|    total_timesteps    | 948000   |
| train/                |          |
|    entropy_loss       | -1.03    |
|    explained_variance | 0.986    |
|    learning_rate      | 9.31e-05 |
|    n_updates          | 118499   |
|    policy_loss        | 0.569    |
|    value_loss         | 0.611    |
------------------------------------
------------------------------------
| rollout/              |          |
|    ep_len_mean        | 756      |
|    ep_rew_mean        | 108      |
| time/                 |          |
|    fps                | 1070     |
|    iterations         | 118600   |
|    time_elapsed       | 886      |
|    total_timesteps    | 948800   |
| train/                |          |
|    entropy_loss       | -0.776   |
|    explained_variance | 0.696    |
|    learning_rate      | 9.31e-05 |
|    n_updates          | 118599   |
|    policy_loss        | 0.18     |
|    value_loss         | 1.77     |
------------------------------------
------------------------------------
| rollout/              |          |
|    ep_len_mean        | 756      |
|    ep_rew_mean        | 108      |
| time/                 |          |
|    fps                | 1070     |
|    iterations         | 118700   |
|    time_elapsed       | 887      |
|    total_timesteps    | 949600   |
| train/                |          |
|    entropy_loss       | -0.705   |
|    explained_variance | 0.762    |
|    learning_rate      | 9.3e-05  |
|    n_updates          | 118699   |
|    policy_loss        | 0.214    |
|    value_loss         | 4.03     |
------------------------------------
Eval num_timesteps=950000, episode_reward=-1.43 +/- 74.51
Episode length: 978.60 +/- 42.80
------------------------------------
| eval/                 |          |
|    mean_ep_length     | 979      |
|    mean_reward        | -1.43    |
| time/                 |          |
|    total_timesteps    | 950000   |
| train/                |          |
|    entropy_loss       | -1.2     |
|    explained_variance | 0.683    |
|    learning_rate      | 9.3e-05  |
|    n_updates          | 118749   |
|    policy_loss        | 3.43     |
|    value_loss         | 7.91     |
------------------------------------
------------------------------------
| rollout/              |          |
|    ep_len_mean        | 762      |
|    ep_rew_mean        | 106      |
| time/                 |          |
|    fps                | 1068     |
|    iterations         | 118800   |
|    time_elapsed       | 889      |
|    total_timesteps    | 950400   |
| train/                |          |
|    entropy_loss       | -1.03    |
|    explained_variance | 0.905    |
|    learning_rate      | 9.3e-05  |
|    n_updates          | 118799   |
|    policy_loss        | -1.02    |
|    value_loss         | 1.89     |
------------------------------------
------------------------------------
| rollout/              |          |
|    ep_len_mean        | 768      |
|    ep_rew_mean        | 105      |
| time/                 |          |
|    fps                | 1068     |
|    iterations         | 118900   |
|    time_elapsed       | 890      |
|    total_timesteps    | 951200   |
| train/                |          |
|    entropy_loss       | -0.957   |
|    explained_variance | 0.984    |
|    learning_rate      | 9.29e-05 |
|    n_updates          | 118899   |
|    policy_loss        | 0.175    |
|    value_loss         | 0.0833   |
------------------------------------
------------------------------------
| rollout/              |          |
|    ep_len_mean        | 768      |
|    ep_rew_mean        | 104      |
| time/                 |          |
|    fps                | 1068     |
|    iterations         | 119000   |
|    time_elapsed       | 891      |
|    total_timesteps    | 952000   |
| train/                |          |
|    entropy_loss       | -0.624   |
|    explained_variance | 0.969    |
|    learning_rate      | 9.29e-05 |
|    n_updates          | 118999   |
|    policy_loss        | -0.0267  |
|    value_loss         | 0.0558   |
------------------------------------
------------------------------------
| rollout/              |          |
|    ep_len_mean        | 766      |
|    ep_rew_mean        | 104      |
| time/                 |          |
|    fps                | 1068     |
|    iterations         | 119100   |
|    time_elapsed       | 891      |
|    total_timesteps    | 952800   |
| train/                |          |
|    entropy_loss       | -1.19    |
|    explained_variance | 0.8      |
|    learning_rate      | 9.28e-05 |
|    n_updates          | 119099   |
|    policy_loss        | 1.24     |
|    value_loss         | 2.22     |
------------------------------------
------------------------------------
| rollout/              |          |
|    ep_len_mean        | 766      |
|    ep_rew_mean        | 104      |
| time/                 |          |
|    fps                | 1068     |
|    iterations         | 119200   |
|    time_elapsed       | 892      |
|    total_timesteps    | 953600   |
| train/                |          |
|    entropy_loss       | -0.811   |
|    explained_variance | 0.915    |
|    learning_rate      | 9.28e-05 |
|    n_updates          | 119199   |
|    policy_loss        | -2.41    |
|    value_loss         | 7.07     |
------------------------------------
------------------------------------
| rollout/              |          |
|    ep_len_mean        | 766      |
|    ep_rew_mean        | 104      |
| time/                 |          |
|    fps                | 1068     |
|    iterations         | 119300   |
|    time_elapsed       | 893      |
|    total_timesteps    | 954400   |
| train/                |          |
|    entropy_loss       | -0.759   |
|    explained_variance | 0.453    |
|    learning_rate      | 9.27e-05 |
|    n_updates          | 119299   |
|    policy_loss        | 6.64     |
|    value_loss         | 88.2     |
------------------------------------
------------------------------------
| rollout/              |          |
|    ep_len_mean        | 767      |
|    ep_rew_mean        | 103      |
| time/                 |          |
|    fps                | 1068     |
|    iterations         | 119400   |
|    time_elapsed       | 894      |
|    total_timesteps    | 955200   |
| train/                |          |
|    entropy_loss       | -0.886   |
|    explained_variance | 0.362    |
|    learning_rate      | 9.27e-05 |
|    n_updates          | 119399   |
|    policy_loss        | 3.7      |
|    value_loss         | 148      |
------------------------------------
------------------------------------
| rollout/              |          |
|    ep_len_mean        | 776      |
|    ep_rew_mean        | 103      |
| time/                 |          |
|    fps                | 1068     |
|    iterations         | 119500   |
|    time_elapsed       | 894      |
|    total_timesteps    | 956000   |
| train/                |          |
|    entropy_loss       | -0.62    |
|    explained_variance | -0.489   |
|    learning_rate      | 9.26e-05 |
|    n_updates          | 119499   |
|    policy_loss        | 1.34     |
|    value_loss         | 7.43     |
------------------------------------
------------------------------------
| rollout/              |          |
|    ep_len_mean        | 776      |
|    ep_rew_mean        | 103      |
| time/                 |          |
|    fps                | 1068     |
|    iterations         | 119600   |
|    time_elapsed       | 895      |
|    total_timesteps    | 956800   |
| train/                |          |
|    entropy_loss       | -0.738   |
|    explained_variance | -0.204   |
|    learning_rate      | 9.26e-05 |
|    n_updates          | 119599   |
|    policy_loss        | -0.184   |
|    value_loss         | 0.103    |
------------------------------------
------------------------------------
| rollout/              |          |
|    ep_len_mean        | 782      |
|    ep_rew_mean        | 105      |
| time/                 |          |
|    fps                | 1068     |
|    iterations         | 119700   |
|    time_elapsed       | 896      |
|    total_timesteps    | 957600   |
| train/                |          |
|    entropy_loss       | -0.825   |
|    explained_variance | 0.879    |
|    learning_rate      | 9.25e-05 |
|    n_updates          | 119699   |
|    policy_loss        | -2.12    |
|    value_loss         | 4.04     |
------------------------------------
------------------------------------
| rollout/              |          |
|    ep_len_mean        | 779      |
|    ep_rew_mean        | 100      |
| time/                 |          |
|    fps                | 1068     |
|    iterations         | 119800   |
|    time_elapsed       | 896      |
|    total_timesteps    | 958400   |
| train/                |          |
|    entropy_loss       | -1       |
|    explained_variance | 0.919    |
|    learning_rate      | 9.25e-05 |
|    n_updates          | 119799   |
|    policy_loss        | -0.019   |
|    value_loss         | 0.29     |
------------------------------------
------------------------------------
| rollout/              |          |
|    ep_len_mean        | 786      |
|    ep_rew_mean        | 98.3     |
| time/                 |          |
|    fps                | 1068     |
|    iterations         | 119900   |
|    time_elapsed       | 897      |
|    total_timesteps    | 959200   |
| train/                |          |
|    entropy_loss       | -0.896   |
|    explained_variance | 0.949    |
|    learning_rate      | 9.24e-05 |
|    n_updates          | 119899   |
|    policy_loss        | -0.775   |
|    value_loss         | 0.736    |
------------------------------------
------------------------------------
| rollout/              |          |
|    ep_len_mean        | 789      |
|    ep_rew_mean        | 100      |
| time/                 |          |
|    fps                | 1068     |
|    iterations         | 120000   |
|    time_elapsed       | 898      |
|    total_timesteps    | 960000   |
| train/                |          |
|    entropy_loss       | -0.628   |
|    explained_variance | 0.0359   |
|    learning_rate      | 9.24e-05 |
|    n_updates          | 119999   |
|    policy_loss        | 0.0148   |
|    value_loss         | 0.015    |
------------------------------------
------------------------------------
| rollout/              |          |
|    ep_len_mean        | 794      |
|    ep_rew_mean        | 99       |
| time/                 |          |
|    fps                | 1068     |
|    iterations         | 120100   |
|    time_elapsed       | 899      |
|    total_timesteps    | 960800   |
| train/                |          |
|    entropy_loss       | -0.904   |
|    explained_variance | 0.831    |
|    learning_rate      | 9.24e-05 |
|    n_updates          | 120099   |
|    policy_loss        | -0.217   |
|    value_loss         | 0.304    |
------------------------------------
------------------------------------
| rollout/              |          |
|    ep_len_mean        | 788      |
|    ep_rew_mean        | 97.4     |
| time/                 |          |
|    fps                | 1068     |
|    iterations         | 120200   |
|    time_elapsed       | 899      |
|    total_timesteps    | 961600   |
| train/                |          |
|    entropy_loss       | -0.948   |
|    explained_variance | 0.958    |
|    learning_rate      | 9.23e-05 |
|    n_updates          | 120199   |
|    policy_loss        | 0.935    |
|    value_loss         | 0.682    |
------------------------------------
------------------------------------
| rollout/              |          |
|    ep_len_mean        | 788      |
|    ep_rew_mean        | 97.4     |
| time/                 |          |
|    fps                | 1068     |
|    iterations         | 120300   |
|    time_elapsed       | 900      |
|    total_timesteps    | 962400   |
| train/                |          |
|    entropy_loss       | -0.607   |
|    explained_variance | 0.00216  |
|    learning_rate      | 9.23e-05 |
|    n_updates          | 120299   |
|    policy_loss        | -0.00533 |
|    value_loss         | 0.00111  |
------------------------------------
------------------------------------
| rollout/              |          |
|    ep_len_mean        | 783      |
|    ep_rew_mean        | 97.8     |
| time/                 |          |
|    fps                | 1068     |
|    iterations         | 120400   |
|    time_elapsed       | 901      |
|    total_timesteps    | 963200   |
| train/                |          |
|    entropy_loss       | -0.357   |
|    explained_variance | 0.815    |
|    learning_rate      | 9.22e-05 |
|    n_updates          | 120399   |
|    policy_loss        | 2.45     |
|    value_loss         | 33.4     |
------------------------------------
------------------------------------
| rollout/              |          |
|    ep_len_mean        | 786      |
|    ep_rew_mean        | 103      |
| time/                 |          |
|    fps                | 1068     |
|    iterations         | 120500   |
|    time_elapsed       | 902      |
|    total_timesteps    | 964000   |
| train/                |          |
|    entropy_loss       | -0.751   |
|    explained_variance | 0.981    |
|    learning_rate      | 9.22e-05 |
|    n_updates          | 120499   |
|    policy_loss        | -0.37    |
|    value_loss         | 0.491    |
------------------------------------
------------------------------------
| rollout/              |          |
|    ep_len_mean        | 779      |
|    ep_rew_mean        | 102      |
| time/                 |          |
|    fps                | 1068     |
|    iterations         | 120600   |
|    time_elapsed       | 903      |
|    total_timesteps    | 964800   |
| train/                |          |
|    entropy_loss       | -0.597   |
|    explained_variance | -0.0276  |
|    learning_rate      | 9.21e-05 |
|    n_updates          | 120599   |
|    policy_loss        | -0.149   |
|    value_loss         | 0.0619   |
------------------------------------
------------------------------------
| rollout/              |          |
|    ep_len_mean        | 785      |
|    ep_rew_mean        | 101      |
| time/                 |          |
|    fps                | 1068     |
|    iterations         | 120700   |
|    time_elapsed       | 903      |
|    total_timesteps    | 965600   |
| train/                |          |
|    entropy_loss       | -0.632   |
|    explained_variance | 0.487    |
|    learning_rate      | 9.21e-05 |
|    n_updates          | 120699   |
|    policy_loss        | -0.73    |
|    value_loss         | 30.1     |
------------------------------------
------------------------------------
| rollout/              |          |
|    ep_len_mean        | 785      |
|    ep_rew_mean        | 100      |
| time/                 |          |
|    fps                | 1068     |
|    iterations         | 120800   |
|    time_elapsed       | 904      |
|    total_timesteps    | 966400   |
| train/                |          |
|    entropy_loss       | -0.158   |
|    explained_variance | -0.0674  |
|    learning_rate      | 9.2e-05  |
|    n_updates          | 120799   |
|    policy_loss        | 0.0339   |
|    value_loss         | 1.02     |
------------------------------------
------------------------------------
| rollout/              |          |
|    ep_len_mean        | 786      |
|    ep_rew_mean        | 102      |
| time/                 |          |
|    fps                | 1068     |
|    iterations         | 120900   |
|    time_elapsed       | 905      |
|    total_timesteps    | 967200   |
| train/                |          |
|    entropy_loss       | -0.689   |
|    explained_variance | -0.0134  |
|    learning_rate      | 9.2e-05  |
|    n_updates          | 120899   |
|    policy_loss        | -0.011   |
|    value_loss         | 0.00321  |
------------------------------------
------------------------------------
| rollout/              |          |
|    ep_len_mean        | 786      |
|    ep_rew_mean        | 102      |
| time/                 |          |
|    fps                | 1068     |
|    iterations         | 121000   |
|    time_elapsed       | 906      |
|    total_timesteps    | 968000   |
| train/                |          |
|    entropy_loss       | -0.722   |
|    explained_variance | 0.983    |
|    learning_rate      | 9.19e-05 |
|    n_updates          | 120999   |
|    policy_loss        | 0.211    |
|    value_loss         | 0.265    |
------------------------------------
------------------------------------
| rollout/              |          |
|    ep_len_mean        | 786      |
|    ep_rew_mean        | 103      |
| time/                 |          |
|    fps                | 1068     |
|    iterations         | 121100   |
|    time_elapsed       | 906      |
|    total_timesteps    | 968800   |
| train/                |          |
|    entropy_loss       | -0.554   |
|    explained_variance | -0.0448  |
|    learning_rate      | 9.19e-05 |
|    n_updates          | 121099   |
|    policy_loss        | 0.0887   |
|    value_loss         | 0.0251   |
------------------------------------
------------------------------------
| rollout/              |          |
|    ep_len_mean        | 789      |
|    ep_rew_mean        | 103      |
| time/                 |          |
|    fps                | 1068     |
|    iterations         | 121200   |
|    time_elapsed       | 907      |
|    total_timesteps    | 969600   |
| train/                |          |
|    entropy_loss       | -0.892   |
|    explained_variance | 0.626    |
|    learning_rate      | 9.18e-05 |
|    n_updates          | 121199   |
|    policy_loss        | -11.9    |
|    value_loss         | 98.1     |
------------------------------------
------------------------------------
| rollout/              |          |
|    ep_len_mean        | 789      |
|    ep_rew_mean        | 103      |
| time/                 |          |
|    fps                | 1068     |
|    iterations         | 121300   |
|    time_elapsed       | 908      |
|    total_timesteps    | 970400   |
| train/                |          |
|    entropy_loss       | -0.782   |
|    explained_variance | 0.961    |
|    learning_rate      | 9.18e-05 |
|    n_updates          | 121299   |
|    policy_loss        | -1.9     |
|    value_loss         | 1.66     |
------------------------------------
------------------------------------
| rollout/              |          |
|    ep_len_mean        | 789      |
|    ep_rew_mean        | 103      |
| time/                 |          |
|    fps                | 1068     |
|    iterations         | 121400   |
|    time_elapsed       | 908      |
|    total_timesteps    | 971200   |
| train/                |          |
|    entropy_loss       | -0.762   |
|    explained_variance | 0.0954   |
|    learning_rate      | 9.17e-05 |
|    n_updates          | 121399   |
|    policy_loss        | -0.0512  |
|    value_loss         | 0.0195   |
------------------------------------
------------------------------------
| rollout/              |          |
|    ep_len_mean        | 789      |
|    ep_rew_mean        | 103      |
| time/                 |          |
|    fps                | 1068     |
|    iterations         | 121500   |
|    time_elapsed       | 909      |
|    total_timesteps    | 972000   |
| train/                |          |
|    entropy_loss       | -0.697   |
|    explained_variance | -0.596   |
|    learning_rate      | 9.17e-05 |
|    n_updates          | 121499   |
|    policy_loss        | 0.0122   |
|    value_loss         | 2.53     |
------------------------------------
------------------------------------
| rollout/              |          |
|    ep_len_mean        | 783      |
|    ep_rew_mean        | 104      |
| time/                 |          |
|    fps                | 1068     |
|    iterations         | 121600   |
|    time_elapsed       | 910      |
|    total_timesteps    | 972800   |
| train/                |          |
|    entropy_loss       | -1.14    |
|    explained_variance | 0.861    |
|    learning_rate      | 9.16e-05 |
|    n_updates          | 121599   |
|    policy_loss        | -1.06    |
|    value_loss         | 2.41     |
------------------------------------
------------------------------------
| rollout/              |          |
|    ep_len_mean        | 782      |
|    ep_rew_mean        | 101      |
| time/                 |          |
|    fps                | 1068     |
|    iterations         | 121700   |
|    time_elapsed       | 911      |
|    total_timesteps    | 973600   |
| train/                |          |
|    entropy_loss       | -0.913   |
|    explained_variance | 0.725    |
|    learning_rate      | 9.16e-05 |
|    n_updates          | 121699   |
|    policy_loss        | -9.63    |
|    value_loss         | 80       |
------------------------------------
------------------------------------
| rollout/              |          |
|    ep_len_mean        | 782      |
|    ep_rew_mean        | 101      |
| time/                 |          |
|    fps                | 1068     |
|    iterations         | 121800   |
|    time_elapsed       | 911      |
|    total_timesteps    | 974400   |
| train/                |          |
|    entropy_loss       | -0.984   |
|    explained_variance | -0.0463  |
|    learning_rate      | 9.15e-05 |
|    n_updates          | 121799   |
|    policy_loss        | 0.0601   |
|    value_loss         | 0.0875   |
------------------------------------
------------------------------------
| rollout/              |          |
|    ep_len_mean        | 789      |
|    ep_rew_mean        | 102      |
| time/                 |          |
|    fps                | 1068     |
|    iterations         | 121900   |
|    time_elapsed       | 912      |
|    total_timesteps    | 975200   |
| train/                |          |
|    entropy_loss       | -0.506   |
|    explained_variance | 0.886    |
|    learning_rate      | 9.15e-05 |
|    n_updates          | 121899   |
|    policy_loss        | -0.154   |
|    value_loss         | 0.498    |
------------------------------------
------------------------------------
| rollout/              |          |
|    ep_len_mean        | 797      |
|    ep_rew_mean        | 103      |
| time/                 |          |
|    fps                | 1068     |
|    iterations         | 122000   |
|    time_elapsed       | 913      |
|    total_timesteps    | 976000   |
| train/                |          |
|    entropy_loss       | -0.635   |
|    explained_variance | 0.821    |
|    learning_rate      | 9.14e-05 |
|    n_updates          | 121999   |
|    policy_loss        | 0.85     |
|    value_loss         | 3.8      |
------------------------------------
------------------------------------
| rollout/              |          |
|    ep_len_mean        | 797      |
|    ep_rew_mean        | 103      |
| time/                 |          |
|    fps                | 1068     |
|    iterations         | 122100   |
|    time_elapsed       | 914      |
|    total_timesteps    | 976800   |
| train/                |          |
|    entropy_loss       | -0.683   |
|    explained_variance | 0.00324  |
|    learning_rate      | 9.14e-05 |
|    n_updates          | 122099   |
|    policy_loss        | -0.43    |
|    value_loss         | 0.487    |
------------------------------------
------------------------------------
| rollout/              |          |
|    ep_len_mean        | 797      |
|    ep_rew_mean        | 103      |
| time/                 |          |
|    fps                | 1068     |
|    iterations         | 122200   |
|    time_elapsed       | 914      |
|    total_timesteps    | 977600   |
| train/                |          |
|    entropy_loss       | -0.722   |
|    explained_variance | 0.0688   |
|    learning_rate      | 9.13e-05 |
|    n_updates          | 122199   |
|    policy_loss        | -0.00592 |
|    value_loss         | 0.0404   |
------------------------------------
------------------------------------
| rollout/              |          |
|    ep_len_mean        | 797      |
|    ep_rew_mean        | 103      |
| time/                 |          |
|    fps                | 1068     |
|    iterations         | 122300   |
|    time_elapsed       | 915      |
|    total_timesteps    | 978400   |
| train/                |          |
|    entropy_loss       | -0.749   |
|    explained_variance | 0.0266   |
|    learning_rate      | 9.13e-05 |
|    n_updates          | 122299   |
|    policy_loss        | -0.0275  |
|    value_loss         | 0.0147   |
------------------------------------
------------------------------------
| rollout/              |          |
|    ep_len_mean        | 797      |
|    ep_rew_mean        | 103      |
| time/                 |          |
|    fps                | 1068     |
|    iterations         | 122400   |
|    time_elapsed       | 916      |
|    total_timesteps    | 979200   |
| train/                |          |
|    entropy_loss       | -0.865   |
|    explained_variance | -0.0868  |
|    learning_rate      | 9.12e-05 |
|    n_updates          | 122399   |
|    policy_loss        | 0.0499   |
|    value_loss         | 0.0469   |
------------------------------------
------------------------------------
| rollout/              |          |
|    ep_len_mean        | 805      |
|    ep_rew_mean        | 104      |
| time/                 |          |
|    fps                | 1068     |
|    iterations         | 122500   |
|    time_elapsed       | 917      |
|    total_timesteps    | 980000   |
| train/                |          |
|    entropy_loss       | -0.441   |
|    explained_variance | -0.854   |
|    learning_rate      | 9.12e-05 |
|    n_updates          | 122499   |
|    policy_loss        | 1.62     |
|    value_loss         | 11.5     |
------------------------------------
------------------------------------
| rollout/              |          |
|    ep_len_mean        | 797      |
|    ep_rew_mean        | 103      |
| time/                 |          |
|    fps                | 1068     |
|    iterations         | 122600   |
|    time_elapsed       | 917      |
|    total_timesteps    | 980800   |
| train/                |          |
|    entropy_loss       | -0.619   |
|    explained_variance | -0.00909 |
|    learning_rate      | 9.12e-05 |
|    n_updates          | 122599   |
|    policy_loss        | -0.0448  |
|    value_loss         | 0.0322   |
------------------------------------
------------------------------------
| rollout/              |          |
|    ep_len_mean        | 797      |
|    ep_rew_mean        | 103      |
| time/                 |          |
|    fps                | 1068     |
|    iterations         | 122700   |
|    time_elapsed       | 918      |
|    total_timesteps    | 981600   |
| train/                |          |
|    entropy_loss       | -0.627   |
|    explained_variance | 0.00429  |
|    learning_rate      | 9.11e-05 |
|    n_updates          | 122699   |
|    policy_loss        | -0.235   |
|    value_loss         | 0.0666   |
------------------------------------
------------------------------------
| rollout/              |          |
|    ep_len_mean        | 797      |
|    ep_rew_mean        | 103      |
| time/                 |          |
|    fps                | 1068     |
|    iterations         | 122800   |
|    time_elapsed       | 919      |
|    total_timesteps    | 982400   |
| train/                |          |
|    entropy_loss       | -1.01    |
|    explained_variance | 0.989    |
|    learning_rate      | 9.11e-05 |
|    n_updates          | 122799   |
|    policy_loss        | -0.896   |
|    value_loss         | 0.459    |
------------------------------------
------------------------------------
| rollout/              |          |
|    ep_len_mean        | 797      |
|    ep_rew_mean        | 103      |
| time/                 |          |
|    fps                | 1068     |
|    iterations         | 122900   |
|    time_elapsed       | 919      |
|    total_timesteps    | 983200   |
| train/                |          |
|    entropy_loss       | -0.346   |
|    explained_variance | 0.939    |
|    learning_rate      | 9.1e-05  |
|    n_updates          | 122899   |
|    policy_loss        | -0.394   |
|    value_loss         | 3.33     |
------------------------------------
------------------------------------
| rollout/              |          |
|    ep_len_mean        | 797      |
|    ep_rew_mean        | 103      |
| time/                 |          |
|    fps                | 1068     |
|    iterations         | 123000   |
|    time_elapsed       | 920      |
|    total_timesteps    | 984000   |
| train/                |          |
|    entropy_loss       | -0.664   |
|    explained_variance | 0.0138   |
|    learning_rate      | 9.1e-05  |
|    n_updates          | 122999   |
|    policy_loss        | -3.1     |
|    value_loss         | 2.83     |
------------------------------------
------------------------------------
| rollout/              |          |
|    ep_len_mean        | 797      |
|    ep_rew_mean        | 103      |
| time/                 |          |
|    fps                | 1068     |
|    iterations         | 123100   |
|    time_elapsed       | 921      |
|    total_timesteps    | 984800   |
| train/                |          |
|    entropy_loss       | -0.592   |
|    explained_variance | -0.0514  |
|    learning_rate      | 9.09e-05 |
|    n_updates          | 123099   |
|    policy_loss        | -0.103   |
|    value_loss         | 0.0493   |
------------------------------------
------------------------------------
| rollout/              |          |
|    ep_len_mean        | 801      |
|    ep_rew_mean        | 101      |
| time/                 |          |
|    fps                | 1068     |
|    iterations         | 123200   |
|    time_elapsed       | 922      |
|    total_timesteps    | 985600   |
| train/                |          |
|    entropy_loss       | -0.766   |
|    explained_variance | 0.96     |
|    learning_rate      | 9.09e-05 |
|    n_updates          | 123199   |
|    policy_loss        | -0.868   |
|    value_loss         | 0.806    |
------------------------------------
------------------------------------
| rollout/              |          |
|    ep_len_mean        | 801      |
|    ep_rew_mean        | 100      |
| time/                 |          |
|    fps                | 1068     |
|    iterations         | 123300   |
|    time_elapsed       | 922      |
|    total_timesteps    | 986400   |
| train/                |          |
|    entropy_loss       | -0.945   |
|    explained_variance | 0.777    |
|    learning_rate      | 9.08e-05 |
|    n_updates          | 123299   |
|    policy_loss        | 0.977    |
|    value_loss         | 2.63     |
------------------------------------
------------------------------------
| rollout/              |          |
|    ep_len_mean        | 793      |
|    ep_rew_mean        | 102      |
| time/                 |          |
|    fps                | 1068     |
|    iterations         | 123400   |
|    time_elapsed       | 923      |
|    total_timesteps    | 987200   |
| train/                |          |
|    entropy_loss       | -0.562   |
|    explained_variance | -0.226   |
|    learning_rate      | 9.08e-05 |
|    n_updates          | 123399   |
|    policy_loss        | 1.16     |
|    value_loss         | 17.5     |
------------------------------------
------------------------------------
| rollout/              |          |
|    ep_len_mean        | 797      |
|    ep_rew_mean        | 102      |
| time/                 |          |
|    fps                | 1068     |
|    iterations         | 123500   |
|    time_elapsed       | 924      |
|    total_timesteps    | 988000   |
| train/                |          |
|    entropy_loss       | -0.464   |
|    explained_variance | 0.628    |
|    learning_rate      | 9.07e-05 |
|    n_updates          | 123499   |
|    policy_loss        | 1.91     |
|    value_loss         | 38.4     |
------------------------------------
------------------------------------
| rollout/              |          |
|    ep_len_mean        | 800      |
|    ep_rew_mean        | 104      |
| time/                 |          |
|    fps                | 1068     |
|    iterations         | 123600   |
|    time_elapsed       | 925      |
|    total_timesteps    | 988800   |
| train/                |          |
|    entropy_loss       | -0.758   |
|    explained_variance | 0.859    |
|    learning_rate      | 9.07e-05 |
|    n_updates          | 123599   |
|    policy_loss        | -0.348   |
|    value_loss         | 0.583    |
------------------------------------
------------------------------------
| rollout/              |          |
|    ep_len_mean        | 796      |
|    ep_rew_mean        | 105      |
| time/                 |          |
|    fps                | 1068     |
|    iterations         | 123700   |
|    time_elapsed       | 925      |
|    total_timesteps    | 989600   |
| train/                |          |
|    entropy_loss       | -0.647   |
|    explained_variance | -0.173   |
|    learning_rate      | 9.06e-05 |
|    n_updates          | 123699   |
|    policy_loss        | 9.74     |
|    value_loss         | 4.19e+03 |
------------------------------------
------------------------------------
| rollout/              |          |
|    ep_len_mean        | 797      |
|    ep_rew_mean        | 105      |
| time/                 |          |
|    fps                | 1068     |
|    iterations         | 123800   |
|    time_elapsed       | 926      |
|    total_timesteps    | 990400   |
| train/                |          |
|    entropy_loss       | -0.606   |
|    explained_variance | -0.00416 |
|    learning_rate      | 9.06e-05 |
|    n_updates          | 123799   |
|    policy_loss        | -0.268   |
|    value_loss         | 0.0701   |
------------------------------------
------------------------------------
| rollout/              |          |
|    ep_len_mean        | 789      |
|    ep_rew_mean        | 106      |
| time/                 |          |
|    fps                | 1069     |
|    iterations         | 123900   |
|    time_elapsed       | 927      |
|    total_timesteps    | 991200   |
| train/                |          |
|    entropy_loss       | -0.862   |
|    explained_variance | 0.967    |
|    learning_rate      | 9.05e-05 |
|    n_updates          | 123899   |
|    policy_loss        | -0.955   |
|    value_loss         | 1.81     |
------------------------------------
------------------------------------
| rollout/              |          |
|    ep_len_mean        | 789      |
|    ep_rew_mean        | 106      |
| time/                 |          |
|    fps                | 1068     |
|    iterations         | 124000   |
|    time_elapsed       | 928      |
|    total_timesteps    | 992000   |
| train/                |          |
|    entropy_loss       | -0.675   |
|    explained_variance | 0.0261   |
|    learning_rate      | 9.05e-05 |
|    n_updates          | 123999   |
|    policy_loss        | 0.194    |
|    value_loss         | 0.107    |
------------------------------------
------------------------------------
| rollout/              |          |
|    ep_len_mean        | 789      |
|    ep_rew_mean        | 106      |
| time/                 |          |
|    fps                | 1068     |
|    iterations         | 124100   |
|    time_elapsed       | 928      |
|    total_timesteps    | 992800   |
| train/                |          |
|    entropy_loss       | -0.754   |
|    explained_variance | 0.644    |
|    learning_rate      | 9.04e-05 |
|    n_updates          | 124099   |
|    policy_loss        | 0.759    |
|    value_loss         | 40.9     |
------------------------------------
------------------------------------
| rollout/              |          |
|    ep_len_mean        | 796      |
|    ep_rew_mean        | 107      |
| time/                 |          |
|    fps                | 1068     |
|    iterations         | 124200   |
|    time_elapsed       | 929      |
|    total_timesteps    | 993600   |
| train/                |          |
|    entropy_loss       | -0.824   |
|    explained_variance | -0.0513  |
|    learning_rate      | 9.04e-05 |
|    n_updates          | 124199   |
|    policy_loss        | -0.0488  |
|    value_loss         | 0.0449   |
------------------------------------
------------------------------------
| rollout/              |          |
|    ep_len_mean        | 796      |
|    ep_rew_mean        | 107      |
| time/                 |          |
|    fps                | 1068     |
|    iterations         | 124300   |
|    time_elapsed       | 930      |
|    total_timesteps    | 994400   |
| train/                |          |
|    entropy_loss       | -0.768   |
|    explained_variance | 0.936    |
|    learning_rate      | 9.03e-05 |
|    n_updates          | 124299   |
|    policy_loss        | -2.01    |
|    value_loss         | 2.4      |
------------------------------------
------------------------------------
| rollout/              |          |
|    ep_len_mean        | 796      |
|    ep_rew_mean        | 107      |
| time/                 |          |
|    fps                | 1069     |
|    iterations         | 124400   |
|    time_elapsed       | 930      |
|    total_timesteps    | 995200   |
| train/                |          |
|    entropy_loss       | -1.09    |
|    explained_variance | 0.788    |
|    learning_rate      | 9.03e-05 |
|    n_updates          | 124399   |
|    policy_loss        | 0.164    |
|    value_loss         | 0.613    |
------------------------------------
------------------------------------
| rollout/              |          |
|    ep_len_mean        | 786      |
|    ep_rew_mean        | 107      |
| time/                 |          |
|    fps                | 1069     |
|    iterations         | 124500   |
|    time_elapsed       | 931      |
|    total_timesteps    | 996000   |
| train/                |          |
|    entropy_loss       | -0.789   |
|    explained_variance | -0.0225  |
|    learning_rate      | 9.02e-05 |
|    n_updates          | 124499   |
|    policy_loss        | -0.18    |
|    value_loss         | 0.0622   |
------------------------------------
------------------------------------
| rollout/              |          |
|    ep_len_mean        | 790      |
|    ep_rew_mean        | 107      |
| time/                 |          |
|    fps                | 1069     |
|    iterations         | 124600   |
|    time_elapsed       | 932      |
|    total_timesteps    | 996800   |
| train/                |          |
|    entropy_loss       | -0.98    |
|    explained_variance | 0.788    |
|    learning_rate      | 9.02e-05 |
|    n_updates          | 124599   |
|    policy_loss        | -1       |
|    value_loss         | 3.03     |
------------------------------------
------------------------------------
| rollout/              |          |
|    ep_len_mean        | 790      |
|    ep_rew_mean        | 107      |
| time/                 |          |
|    fps                | 1069     |
|    iterations         | 124700   |
|    time_elapsed       | 933      |
|    total_timesteps    | 997600   |
| train/                |          |
|    entropy_loss       | -0.469   |
|    explained_variance | 0.0106   |
|    learning_rate      | 9.01e-05 |
|    n_updates          | 124699   |
|    policy_loss        | 0.0507   |
|    value_loss         | 0.0266   |
------------------------------------
------------------------------------
| rollout/              |          |
|    ep_len_mean        | 790      |
|    ep_rew_mean        | 108      |
| time/                 |          |
|    fps                | 1069     |
|    iterations         | 124800   |
|    time_elapsed       | 933      |
|    total_timesteps    | 998400   |
| train/                |          |
|    entropy_loss       | -0.68    |
|    explained_variance | -0.312   |
|    learning_rate      | 9.01e-05 |
|    n_updates          | 124799   |
|    policy_loss        | 0.115    |
|    value_loss         | 1.78     |
------------------------------------
------------------------------------
| rollout/              |          |
|    ep_len_mean        | 796      |
|    ep_rew_mean        | 111      |
| time/                 |          |
|    fps                | 1069     |
|    iterations         | 124900   |
|    time_elapsed       | 934      |
|    total_timesteps    | 999200   |
| train/                |          |
|    entropy_loss       | -1.25    |
|    explained_variance | 0.951    |
|    learning_rate      | 9e-05    |
|    n_updates          | 124899   |
|    policy_loss        | -1.42    |
|    value_loss         | 1.75     |
------------------------------------
Eval num_timesteps=1000000, episode_reward=239.87 +/- 16.76
Episode length: 420.60 +/- 49.22
------------------------------------
| eval/                 |          |
|    mean_ep_length     | 421      |
|    mean_reward        | 240      |
| time/                 |          |
|    total_timesteps    | 1000000  |
| train/                |          |
|    entropy_loss       | -0.518   |
|    explained_variance | 0.878    |
|    learning_rate      | 9e-05    |
|    n_updates          | 124999   |
|    policy_loss        | -0.941   |
|    value_loss         | 5.77     |
------------------------------------
New best mean reward!
---------------------------------
| rollout/           |          |
|    ep_len_mean     | 789      |
|    ep_rew_mean     | 112      |
| time/              |          |
|    fps             | 1068     |
|    iterations      | 125000   |
|    time_elapsed    | 936      |
|    total_timesteps | 1000000  |
---------------------------------
------------------------------------
| rollout/              |          |
|    ep_len_mean        | 776      |
|    ep_rew_mean        | 115      |
| time/                 |          |
|    fps                | 1068     |
|    iterations         | 125100   |
|    time_elapsed       | 936      |
|    total_timesteps    | 1000800  |
| train/                |          |
|    entropy_loss       | -0.664   |
|    explained_variance | 0.627    |
|    learning_rate      | 9e-05    |
|    n_updates          | 125099   |
|    policy_loss        | 0.715    |
|    value_loss         | 1.08     |
------------------------------------
------------------------------------
| rollout/              |          |
|    ep_len_mean        | 765      |
|    ep_rew_mean        | 118      |
| time/                 |          |
|    fps                | 1068     |
|    iterations         | 125200   |
|    time_elapsed       | 937      |
|    total_timesteps    | 1001600  |
| train/                |          |
|    entropy_loss       | -0.564   |
|    explained_variance | 0.911    |
|    learning_rate      | 8.99e-05 |
|    n_updates          | 125199   |
|    policy_loss        | 2.14     |
|    value_loss         | 23.2     |
------------------------------------
------------------------------------
| rollout/              |          |
|    ep_len_mean        | 763      |
|    ep_rew_mean        | 122      |
| time/                 |          |
|    fps                | 1068     |
|    iterations         | 125300   |
|    time_elapsed       | 938      |
|    total_timesteps    | 1002400  |
| train/                |          |
|    entropy_loss       | -0.547   |
|    explained_variance | 0.687    |
|    learning_rate      | 8.99e-05 |
|    n_updates          | 125299   |
|    policy_loss        | 0.454    |
|    value_loss         | 3.49     |
------------------------------------
------------------------------------
| rollout/              |          |
|    ep_len_mean        | 763      |
|    ep_rew_mean        | 122      |
| time/                 |          |
|    fps                | 1068     |
|    iterations         | 125400   |
|    time_elapsed       | 939      |
|    total_timesteps    | 1003200  |
| train/                |          |
|    entropy_loss       | -0.586   |
|    explained_variance | 0.0109   |
|    learning_rate      | 8.98e-05 |
|    n_updates          | 125399   |
|    policy_loss        | -0.447   |
|    value_loss         | 0.334    |
------------------------------------
------------------------------------
| rollout/              |          |
|    ep_len_mean        | 763      |
|    ep_rew_mean        | 122      |
| time/                 |          |
|    fps                | 1068     |
|    iterations         | 125500   |
|    time_elapsed       | 939      |
|    total_timesteps    | 1004000  |
| train/                |          |
|    entropy_loss       | -0.709   |
|    explained_variance | -0.385   |
|    learning_rate      | 8.98e-05 |
|    n_updates          | 125499   |
|    policy_loss        | 0.0942   |
|    value_loss         | 0.784    |
------------------------------------
------------------------------------
| rollout/              |          |
|    ep_len_mean        | 768      |
|    ep_rew_mean        | 121      |
| time/                 |          |
|    fps                | 1068     |
|    iterations         | 125600   |
|    time_elapsed       | 940      |
|    total_timesteps    | 1004800  |
| train/                |          |
|    entropy_loss       | -0.668   |
|    explained_variance | -0.00159 |
|    learning_rate      | 8.97e-05 |
|    n_updates          | 125599   |
|    policy_loss        | 0.00999  |
|    value_loss         | 0.0187   |
------------------------------------
------------------------------------
| rollout/              |          |
|    ep_len_mean        | 768      |
|    ep_rew_mean        | 121      |
| time/                 |          |
|    fps                | 1068     |
|    iterations         | 125700   |
|    time_elapsed       | 941      |
|    total_timesteps    | 1005600  |
| train/                |          |
|    entropy_loss       | -0.89    |
|    explained_variance | 0.778    |
|    learning_rate      | 8.97e-05 |
|    n_updates          | 125699   |
|    policy_loss        | -0.561   |
|    value_loss         | 0.531    |
------------------------------------
------------------------------------
| rollout/              |          |
|    ep_len_mean        | 761      |
|    ep_rew_mean        | 120      |
| time/                 |          |
|    fps                | 1068     |
|    iterations         | 125800   |
|    time_elapsed       | 942      |
|    total_timesteps    | 1006400  |
| train/                |          |
|    entropy_loss       | -0.539   |
|    explained_variance | 0.0224   |
|    learning_rate      | 8.96e-05 |
|    n_updates          | 125799   |
|    policy_loss        | -0.0962  |
|    value_loss         | 0.0264   |
------------------------------------
------------------------------------
| rollout/              |          |
|    ep_len_mean        | 756      |
|    ep_rew_mean        | 124      |
| time/                 |          |
|    fps                | 1068     |
|    iterations         | 125900   |
|    time_elapsed       | 942      |
|    total_timesteps    | 1007200  |
| train/                |          |
|    entropy_loss       | -0.649   |
|    explained_variance | 0.00472  |
|    learning_rate      | 8.96e-05 |
|    n_updates          | 125899   |
|    policy_loss        | -0.005   |
|    value_loss         | 0.0392   |
------------------------------------
------------------------------------
| rollout/              |          |
|    ep_len_mean        | 758      |
|    ep_rew_mean        | 123      |
| time/                 |          |
|    fps                | 1068     |
|    iterations         | 126000   |
|    time_elapsed       | 943      |
|    total_timesteps    | 1008000  |
| train/                |          |
|    entropy_loss       | -1.17    |
|    explained_variance | 0.824    |
|    learning_rate      | 8.95e-05 |
|    n_updates          | 125999   |
|    policy_loss        | -2.5     |
|    value_loss         | 8.35     |
------------------------------------
------------------------------------
| rollout/              |          |
|    ep_len_mean        | 751      |
|    ep_rew_mean        | 123      |
| time/                 |          |
|    fps                | 1068     |
|    iterations         | 126100   |
|    time_elapsed       | 944      |
|    total_timesteps    | 1008800  |
| train/                |          |
|    entropy_loss       | -0.658   |
|    explained_variance | 0.695    |
|    learning_rate      | 8.95e-05 |
|    n_updates          | 126099   |
|    policy_loss        | 3.92     |
|    value_loss         | 53.5     |
------------------------------------
------------------------------------
| rollout/              |          |
|    ep_len_mean        | 756      |
|    ep_rew_mean        | 125      |
| time/                 |          |
|    fps                | 1068     |
|    iterations         | 126200   |
|    time_elapsed       | 944      |
|    total_timesteps    | 1009600  |
| train/                |          |
|    entropy_loss       | -0.684   |
|    explained_variance | -0.499   |
|    learning_rate      | 8.94e-05 |
|    n_updates          | 126199   |
|    policy_loss        | 0.00894  |
|    value_loss         | 0.0285   |
------------------------------------
------------------------------------
| rollout/              |          |
|    ep_len_mean        | 756      |
|    ep_rew_mean        | 127      |
| time/                 |          |
|    fps                | 1068     |
|    iterations         | 126300   |
|    time_elapsed       | 945      |
|    total_timesteps    | 1010400  |
| train/                |          |
|    entropy_loss       | -0.628   |
|    explained_variance | 0.96     |
|    learning_rate      | 8.94e-05 |
|    n_updates          | 126299   |
|    policy_loss        | -2.02    |
|    value_loss         | 2        |
------------------------------------
------------------------------------
| rollout/              |          |
|    ep_len_mean        | 756      |
|    ep_rew_mean        | 128      |
| time/                 |          |
|    fps                | 1068     |
|    iterations         | 126400   |
|    time_elapsed       | 946      |
|    total_timesteps    | 1011200  |
| train/                |          |
|    entropy_loss       | -0.482   |
|    explained_variance | 0.896    |
|    learning_rate      | 8.93e-05 |
|    n_updates          | 126399   |
|    policy_loss        | -0.968   |
|    value_loss         | 1.74     |
------------------------------------
------------------------------------
| rollout/              |          |
|    ep_len_mean        | 756      |
|    ep_rew_mean        | 128      |
| time/                 |          |
|    fps                | 1068     |
|    iterations         | 126500   |
|    time_elapsed       | 947      |
|    total_timesteps    | 1012000  |
| train/                |          |
|    entropy_loss       | -0.848   |
|    explained_variance | 0.121    |
|    learning_rate      | 8.93e-05 |
|    n_updates          | 126499   |
|    policy_loss        | -0.0186  |
|    value_loss         | 0.0275   |
------------------------------------
------------------------------------
| rollout/              |          |
|    ep_len_mean        | 750      |
|    ep_rew_mean        | 128      |
| time/                 |          |
|    fps                | 1068     |
|    iterations         | 126600   |
|    time_elapsed       | 947      |
|    total_timesteps    | 1012800  |
| train/                |          |
|    entropy_loss       | -1.19    |
|    explained_variance | 0.93     |
|    learning_rate      | 8.92e-05 |
|    n_updates          | 126599   |
|    policy_loss        | -1.18    |
|    value_loss         | 1.3      |
------------------------------------
------------------------------------
| rollout/              |          |
|    ep_len_mean        | 753      |
|    ep_rew_mean        | 128      |
| time/                 |          |
|    fps                | 1068     |
|    iterations         | 126700   |
|    time_elapsed       | 948      |
|    total_timesteps    | 1013600  |
| train/                |          |
|    entropy_loss       | -1.26    |
|    explained_variance | 0.95     |
|    learning_rate      | 8.92e-05 |
|    n_updates          | 126699   |
|    policy_loss        | -0.455   |
|    value_loss         | 0.34     |
------------------------------------
------------------------------------
| rollout/              |          |
|    ep_len_mean        | 754      |
|    ep_rew_mean        | 131      |
| time/                 |          |
|    fps                | 1068     |
|    iterations         | 126800   |
|    time_elapsed       | 949      |
|    total_timesteps    | 1014400  |
| train/                |          |
|    entropy_loss       | -0.613   |
|    explained_variance | 0.933    |
|    learning_rate      | 8.91e-05 |
|    n_updates          | 126799   |
|    policy_loss        | 0.627    |
|    value_loss         | 2.31     |
------------------------------------
------------------------------------
| rollout/              |          |
|    ep_len_mean        | 754      |
|    ep_rew_mean        | 131      |
| time/                 |          |
|    fps                | 1068     |
|    iterations         | 126900   |
|    time_elapsed       | 949      |
|    total_timesteps    | 1015200  |
| train/                |          |
|    entropy_loss       | -0.649   |
|    explained_variance | -0.0591  |
|    learning_rate      | 8.91e-05 |
|    n_updates          | 126899   |
|    policy_loss        | -0.1     |
|    value_loss         | 0.0146   |
------------------------------------
------------------------------------
| rollout/              |          |
|    ep_len_mean        | 754      |
|    ep_rew_mean        | 132      |
| time/                 |          |
|    fps                | 1068     |
|    iterations         | 127000   |
|    time_elapsed       | 950      |
|    total_timesteps    | 1016000  |
| train/                |          |
|    entropy_loss       | -0.636   |
|    explained_variance | -0.141   |
|    learning_rate      | 8.9e-05  |
|    n_updates          | 126999   |
|    policy_loss        | -0.16    |
|    value_loss         | 0.0977   |
------------------------------------
------------------------------------
| rollout/              |          |
|    ep_len_mean        | 754      |
|    ep_rew_mean        | 135      |
| time/                 |          |
|    fps                | 1068     |
|    iterations         | 127100   |
|    time_elapsed       | 951      |
|    total_timesteps    | 1016800  |
| train/                |          |
|    entropy_loss       | -0.734   |
|    explained_variance | -0.0554  |
|    learning_rate      | 8.9e-05  |
|    n_updates          | 127099   |
|    policy_loss        | -0.103   |
|    value_loss         | 0.0352   |
------------------------------------
------------------------------------
| rollout/              |          |
|    ep_len_mean        | 747      |
|    ep_rew_mean        | 139      |
| time/                 |          |
|    fps                | 1068     |
|    iterations         | 127200   |
|    time_elapsed       | 952      |
|    total_timesteps    | 1017600  |
| train/                |          |
|    entropy_loss       | -0.948   |
|    explained_variance | -1.01    |
|    learning_rate      | 8.89e-05 |
|    n_updates          | 127199   |
|    policy_loss        | -3.27    |
|    value_loss         | 30.5     |
------------------------------------
------------------------------------
| rollout/              |          |
|    ep_len_mean        | 741      |
|    ep_rew_mean        | 140      |
| time/                 |          |
|    fps                | 1068     |
|    iterations         | 127300   |
|    time_elapsed       | 952      |
|    total_timesteps    | 1018400  |
| train/                |          |
|    entropy_loss       | -0.53    |
|    explained_variance | 0.02     |
|    learning_rate      | 8.89e-05 |
|    n_updates          | 127299   |
|    policy_loss        | -0.0258  |
|    value_loss         | 0.0415   |
------------------------------------
------------------------------------
| rollout/              |          |
|    ep_len_mean        | 739      |
|    ep_rew_mean        | 143      |
| time/                 |          |
|    fps                | 1068     |
|    iterations         | 127400   |
|    time_elapsed       | 953      |
|    total_timesteps    | 1019200  |
| train/                |          |
|    entropy_loss       | -0.919   |
|    explained_variance | 0.946    |
|    learning_rate      | 8.88e-05 |
|    n_updates          | 127399   |
|    policy_loss        | -1.46    |
|    value_loss         | 2.3      |
------------------------------------
------------------------------------
| rollout/              |          |
|    ep_len_mean        | 739      |
|    ep_rew_mean        | 143      |
| time/                 |          |
|    fps                | 1068     |
|    iterations         | 127500   |
|    time_elapsed       | 954      |
|    total_timesteps    | 1020000  |
| train/                |          |
|    entropy_loss       | -0.993   |
|    explained_variance | 0.889    |
|    learning_rate      | 8.88e-05 |
|    n_updates          | 127499   |
|    policy_loss        | -1.65    |
|    value_loss         | 1.54     |
------------------------------------
------------------------------------
| rollout/              |          |
|    ep_len_mean        | 739      |
|    ep_rew_mean        | 144      |
| time/                 |          |
|    fps                | 1068     |
|    iterations         | 127600   |
|    time_elapsed       | 954      |
|    total_timesteps    | 1020800  |
| train/                |          |
|    entropy_loss       | -0.498   |
|    explained_variance | 0.646    |
|    learning_rate      | 8.88e-05 |
|    n_updates          | 127599   |
|    policy_loss        | 2.81     |
|    value_loss         | 53.1     |
------------------------------------
------------------------------------
| rollout/              |          |
|    ep_len_mean        | 739      |
|    ep_rew_mean        | 144      |
| time/                 |          |
|    fps                | 1069     |
|    iterations         | 127700   |
|    time_elapsed       | 955      |
|    total_timesteps    | 1021600  |
| train/                |          |
|    entropy_loss       | -0.729   |
|    explained_variance | -0.0146  |
|    learning_rate      | 8.87e-05 |
|    n_updates          | 127699   |
|    policy_loss        | -0.099   |
|    value_loss         | 0.0603   |
------------------------------------
------------------------------------
| rollout/              |          |
|    ep_len_mean        | 736      |
|    ep_rew_mean        | 145      |
| time/                 |          |
|    fps                | 1069     |
|    iterations         | 127800   |
|    time_elapsed       | 956      |
|    total_timesteps    | 1022400  |
| train/                |          |
|    entropy_loss       | -0.573   |
|    explained_variance | 0.893    |
|    learning_rate      | 8.87e-05 |
|    n_updates          | 127799   |
|    policy_loss        | 1.77     |
|    value_loss         | 16.8     |
------------------------------------
------------------------------------
| rollout/              |          |
|    ep_len_mean        | 736      |
|    ep_rew_mean        | 145      |
| time/                 |          |
|    fps                | 1069     |
|    iterations         | 127900   |
|    time_elapsed       | 957      |
|    total_timesteps    | 1023200  |
| train/                |          |
|    entropy_loss       | -0.818   |
|    explained_variance | -0.367   |
|    learning_rate      | 8.86e-05 |
|    n_updates          | 127899   |
|    policy_loss        | 0.0045   |
|    value_loss         | 0.0941   |
------------------------------------
------------------------------------
| rollout/              |          |
|    ep_len_mean        | 736      |
|    ep_rew_mean        | 145      |
| time/                 |          |
|    fps                | 1069     |
|    iterations         | 128000   |
|    time_elapsed       | 957      |
|    total_timesteps    | 1024000  |
| train/                |          |
|    entropy_loss       | -0.702   |
|    explained_variance | 0.776    |
|    learning_rate      | 8.86e-05 |
|    n_updates          | 127999   |
|    policy_loss        | -0.478   |
|    value_loss         | 15.6     |
------------------------------------
------------------------------------
| rollout/              |          |
|    ep_len_mean        | 736      |
|    ep_rew_mean        | 145      |
| time/                 |          |
|    fps                | 1069     |
|    iterations         | 128100   |
|    time_elapsed       | 958      |
|    total_timesteps    | 1024800  |
| train/                |          |
|    entropy_loss       | -0.535   |
|    explained_variance | 0.0278   |
|    learning_rate      | 8.85e-05 |
|    n_updates          | 128099   |
|    policy_loss        | 0.0659   |
|    value_loss         | 0.0218   |
------------------------------------
------------------------------------
| rollout/              |          |
|    ep_len_mean        | 729      |
|    ep_rew_mean        | 145      |
| time/                 |          |
|    fps                | 1069     |
|    iterations         | 128200   |
|    time_elapsed       | 959      |
|    total_timesteps    | 1025600  |
| train/                |          |
|    entropy_loss       | -0.956   |
|    explained_variance | 0.951    |
|    learning_rate      | 8.85e-05 |
|    n_updates          | 128199   |
|    policy_loss        | -2.3     |
|    value_loss         | 4        |
------------------------------------
------------------------------------
| rollout/              |          |
|    ep_len_mean        | 729      |
|    ep_rew_mean        | 144      |
| time/                 |          |
|    fps                | 1069     |
|    iterations         | 128300   |
|    time_elapsed       | 959      |
|    total_timesteps    | 1026400  |
| train/                |          |
|    entropy_loss       | -0.87    |
|    explained_variance | 0.0112   |
|    learning_rate      | 8.84e-05 |
|    n_updates          | 128299   |
|    policy_loss        | 5.16     |
|    value_loss         | 21.7     |
------------------------------------
------------------------------------
| rollout/              |          |
|    ep_len_mean        | 726      |
|    ep_rew_mean        | 145      |
| time/                 |          |
|    fps                | 1069     |
|    iterations         | 128400   |
|    time_elapsed       | 960      |
|    total_timesteps    | 1027200  |
| train/                |          |
|    entropy_loss       | -0.991   |
|    explained_variance | 0.943    |
|    learning_rate      | 8.84e-05 |
|    n_updates          | 128399   |
|    policy_loss        | -0.127   |
|    value_loss         | 0.19     |
------------------------------------
------------------------------------
| rollout/              |          |
|    ep_len_mean        | 720      |
|    ep_rew_mean        | 144      |
| time/                 |          |
|    fps                | 1069     |
|    iterations         | 128500   |
|    time_elapsed       | 961      |
|    total_timesteps    | 1028000  |
| train/                |          |
|    entropy_loss       | -0.438   |
|    explained_variance | 0.00364  |
|    learning_rate      | 8.83e-05 |
|    n_updates          | 128499   |
|    policy_loss        | 0.0129   |
|    value_loss         | 0.0143   |
------------------------------------
------------------------------------
| rollout/              |          |
|    ep_len_mean        | 720      |
|    ep_rew_mean        | 144      |
| time/                 |          |
|    fps                | 1069     |
|    iterations         | 128600   |
|    time_elapsed       | 962      |
|    total_timesteps    | 1028800  |
| train/                |          |
|    entropy_loss       | -0.682   |
|    explained_variance | 0.822    |
|    learning_rate      | 8.83e-05 |
|    n_updates          | 128599   |
|    policy_loss        | -1.47    |
|    value_loss         | 1.04     |
------------------------------------
------------------------------------
| rollout/              |          |
|    ep_len_mean        | 722      |
|    ep_rew_mean        | 142      |
| time/                 |          |
|    fps                | 1069     |
|    iterations         | 128700   |
|    time_elapsed       | 962      |
|    total_timesteps    | 1029600  |
| train/                |          |
|    entropy_loss       | -0.252   |
|    explained_variance | 0.407    |
|    learning_rate      | 8.82e-05 |
|    n_updates          | 128699   |
|    policy_loss        | 2.23     |
|    value_loss         | 96.4     |
------------------------------------
------------------------------------
| rollout/              |          |
|    ep_len_mean        | 722      |
|    ep_rew_mean        | 145      |
| time/                 |          |
|    fps                | 1069     |
|    iterations         | 128800   |
|    time_elapsed       | 963      |
|    total_timesteps    | 1030400  |
| train/                |          |
|    entropy_loss       | -1.13    |
|    explained_variance | 0.69     |
|    learning_rate      | 8.82e-05 |
|    n_updates          | 128799   |
|    policy_loss        | 0.971    |
|    value_loss         | 2.06     |
------------------------------------
------------------------------------
| rollout/              |          |
|    ep_len_mean        | 721      |
|    ep_rew_mean        | 148      |
| time/                 |          |
|    fps                | 1069     |
|    iterations         | 128900   |
|    time_elapsed       | 964      |
|    total_timesteps    | 1031200  |
| train/                |          |
|    entropy_loss       | -0.574   |
|    explained_variance | 0.816    |
|    learning_rate      | 8.81e-05 |
|    n_updates          | 128899   |
|    policy_loss        | 1.72     |
|    value_loss         | 8.43     |
------------------------------------
------------------------------------
| rollout/              |          |
|    ep_len_mean        | 721      |
|    ep_rew_mean        | 148      |
| time/                 |          |
|    fps                | 1069     |
|    iterations         | 129000   |
|    time_elapsed       | 964      |
|    total_timesteps    | 1032000  |
| train/                |          |
|    entropy_loss       | -0.794   |
|    explained_variance | 0.0425   |
|    learning_rate      | 8.81e-05 |
|    n_updates          | 128999   |
|    policy_loss        | 0.0297   |
|    value_loss         | 0.0182   |
------------------------------------
------------------------------------
| rollout/              |          |
|    ep_len_mean        | 727      |
|    ep_rew_mean        | 147      |
| time/                 |          |
|    fps                | 1069     |
|    iterations         | 129100   |
|    time_elapsed       | 965      |
|    total_timesteps    | 1032800  |
| train/                |          |
|    entropy_loss       | -0.589   |
|    explained_variance | 0.00152  |
|    learning_rate      | 8.8e-05  |
|    n_updates          | 129099   |
|    policy_loss        | -0.172   |
|    value_loss         | 0.111    |
------------------------------------
------------------------------------
| rollout/              |          |
|    ep_len_mean        | 725      |
|    ep_rew_mean        | 148      |
| time/                 |          |
|    fps                | 1069     |
|    iterations         | 129200   |
|    time_elapsed       | 966      |
|    total_timesteps    | 1033600  |
| train/                |          |
|    entropy_loss       | -0.609   |
|    explained_variance | 0.914    |
|    learning_rate      | 8.8e-05  |
|    n_updates          | 129199   |
|    policy_loss        | 0.394    |
|    value_loss         | 9.91     |
------------------------------------
------------------------------------
| rollout/              |          |
|    ep_len_mean        | 730      |
|    ep_rew_mean        | 147      |
| time/                 |          |
|    fps                | 1069     |
|    iterations         | 129300   |
|    time_elapsed       | 967      |
|    total_timesteps    | 1034400  |
| train/                |          |
|    entropy_loss       | -0.746   |
|    explained_variance | 0.918    |
|    learning_rate      | 8.79e-05 |
|    n_updates          | 129299   |
|    policy_loss        | -0.309   |
|    value_loss         | 0.316    |
------------------------------------
------------------------------------
| rollout/              |          |
|    ep_len_mean        | 733      |
|    ep_rew_mean        | 148      |
| time/                 |          |
|    fps                | 1069     |
|    iterations         | 129400   |
|    time_elapsed       | 967      |
|    total_timesteps    | 1035200  |
| train/                |          |
|    entropy_loss       | -0.707   |
|    explained_variance | 0.897    |
|    learning_rate      | 8.79e-05 |
|    n_updates          | 129399   |
|    policy_loss        | -0.72    |
|    value_loss         | 0.83     |
------------------------------------
------------------------------------
| rollout/              |          |
|    ep_len_mean        | 729      |
|    ep_rew_mean        | 149      |
| time/                 |          |
|    fps                | 1069     |
|    iterations         | 129500   |
|    time_elapsed       | 968      |
|    total_timesteps    | 1036000  |
| train/                |          |
|    entropy_loss       | -0.537   |
|    explained_variance | -0.0218  |
|    learning_rate      | 8.78e-05 |
|    n_updates          | 129499   |
|    policy_loss        | -1.24    |
|    value_loss         | 1.39     |
------------------------------------
------------------------------------
| rollout/              |          |
|    ep_len_mean        | 732      |
|    ep_rew_mean        | 148      |
| time/                 |          |
|    fps                | 1069     |
|    iterations         | 129600   |
|    time_elapsed       | 969      |
|    total_timesteps    | 1036800  |
| train/                |          |
|    entropy_loss       | -0.736   |
|    explained_variance | -0.0284  |
|    learning_rate      | 8.78e-05 |
|    n_updates          | 129599   |
|    policy_loss        | 0.0388   |
|    value_loss         | 0.0326   |
------------------------------------
------------------------------------
| rollout/              |          |
|    ep_len_mean        | 739      |
|    ep_rew_mean        | 149      |
| time/                 |          |
|    fps                | 1069     |
|    iterations         | 129700   |
|    time_elapsed       | 969      |
|    total_timesteps    | 1037600  |
| train/                |          |
|    entropy_loss       | -1.03    |
|    explained_variance | 0.907    |
|    learning_rate      | 8.77e-05 |
|    n_updates          | 129699   |
|    policy_loss        | 0.802    |
|    value_loss         | 2.36     |
------------------------------------
------------------------------------
| rollout/              |          |
|    ep_len_mean        | 745      |
|    ep_rew_mean        | 147      |
| time/                 |          |
|    fps                | 1069     |
|    iterations         | 129800   |
|    time_elapsed       | 970      |
|    total_timesteps    | 1038400  |
| train/                |          |
|    entropy_loss       | -0.862   |
|    explained_variance | 0.817    |
|    learning_rate      | 8.77e-05 |
|    n_updates          | 129799   |
|    policy_loss        | 0.198    |
|    value_loss         | 0.638    |
------------------------------------
------------------------------------
| rollout/              |          |
|    ep_len_mean        | 752      |
|    ep_rew_mean        | 145      |
| time/                 |          |
|    fps                | 1069     |
|    iterations         | 129900   |
|    time_elapsed       | 971      |
|    total_timesteps    | 1039200  |
| train/                |          |
|    entropy_loss       | -0.832   |
|    explained_variance | 0.542    |
|    learning_rate      | 8.76e-05 |
|    n_updates          | 129899   |
|    policy_loss        | 1.14     |
|    value_loss         | 3.5      |
------------------------------------
------------------------------------
| rollout/              |          |
|    ep_len_mean        | 752      |
|    ep_rew_mean        | 145      |
| time/                 |          |
|    fps                | 1069     |
|    iterations         | 130000   |
|    time_elapsed       | 972      |
|    total_timesteps    | 1040000  |
| train/                |          |
|    entropy_loss       | -1.17    |
|    explained_variance | 0.945    |
|    learning_rate      | 8.76e-05 |
|    n_updates          | 129999   |
|    policy_loss        | 0.574    |
|    value_loss         | 0.582    |
------------------------------------
------------------------------------
| rollout/              |          |
|    ep_len_mean        | 756      |
|    ep_rew_mean        | 145      |
| time/                 |          |
|    fps                | 1069     |
|    iterations         | 130100   |
|    time_elapsed       | 972      |
|    total_timesteps    | 1040800  |
| train/                |          |
|    entropy_loss       | -0.671   |
|    explained_variance | -0.0179  |
|    learning_rate      | 8.76e-05 |
|    n_updates          | 130099   |
|    policy_loss        | 2.22     |
|    value_loss         | 14.9     |
------------------------------------
------------------------------------
| rollout/              |          |
|    ep_len_mean        | 756      |
|    ep_rew_mean        | 145      |
| time/                 |          |
|    fps                | 1069     |
|    iterations         | 130200   |
|    time_elapsed       | 973      |
|    total_timesteps    | 1041600  |
| train/                |          |
|    entropy_loss       | -1.15    |
|    explained_variance | 0.48     |
|    learning_rate      | 8.75e-05 |
|    n_updates          | 130199   |
|    policy_loss        | -0.0606  |
|    value_loss         | 1.41     |
------------------------------------
------------------------------------
| rollout/              |          |
|    ep_len_mean        | 756      |
|    ep_rew_mean        | 143      |
| time/                 |          |
|    fps                | 1070     |
|    iterations         | 130300   |
|    time_elapsed       | 974      |
|    total_timesteps    | 1042400  |
| train/                |          |
|    entropy_loss       | -0.653   |
|    explained_variance | 0.74     |
|    learning_rate      | 8.75e-05 |
|    n_updates          | 130299   |
|    policy_loss        | -1.02    |
|    value_loss         | 0.725    |
------------------------------------
------------------------------------
| rollout/              |          |
|    ep_len_mean        | 763      |
|    ep_rew_mean        | 141      |
| time/                 |          |
|    fps                | 1070     |
|    iterations         | 130400   |
|    time_elapsed       | 974      |
|    total_timesteps    | 1043200  |
| train/                |          |
|    entropy_loss       | -1.06    |
|    explained_variance | 0.637    |
|    learning_rate      | 8.74e-05 |
|    n_updates          | 130399   |
|    policy_loss        | -1.14    |
|    value_loss         | 1.96     |
------------------------------------
------------------------------------
| rollout/              |          |
|    ep_len_mean        | 763      |
|    ep_rew_mean        | 139      |
| time/                 |          |
|    fps                | 1070     |
|    iterations         | 130500   |
|    time_elapsed       | 975      |
|    total_timesteps    | 1044000  |
| train/                |          |
|    entropy_loss       | -0.827   |
|    explained_variance | 0.0422   |
|    learning_rate      | 8.74e-05 |
|    n_updates          | 130499   |
|    policy_loss        | -2.11    |
|    value_loss         | 7.71     |
------------------------------------
------------------------------------
| rollout/              |          |
|    ep_len_mean        | 763      |
|    ep_rew_mean        | 137      |
| time/                 |          |
|    fps                | 1070     |
|    iterations         | 130600   |
|    time_elapsed       | 976      |
|    total_timesteps    | 1044800  |
| train/                |          |
|    entropy_loss       | -1.03    |
|    explained_variance | -1.18    |
|    learning_rate      | 8.73e-05 |
|    n_updates          | 130599   |
|    policy_loss        | -2.94    |
|    value_loss         | 23       |
------------------------------------
------------------------------------
| rollout/              |          |
|    ep_len_mean        | 763      |
|    ep_rew_mean        | 137      |
| time/                 |          |
|    fps                | 1070     |
|    iterations         | 130700   |
|    time_elapsed       | 976      |
|    total_timesteps    | 1045600  |
| train/                |          |
|    entropy_loss       | -1.09    |
|    explained_variance | -0.371   |
|    learning_rate      | 8.73e-05 |
|    n_updates          | 130699   |
|    policy_loss        | -0.127   |
|    value_loss         | 2.59     |
------------------------------------
------------------------------------
| rollout/              |          |
|    ep_len_mean        | 764      |
|    ep_rew_mean        | 134      |
| time/                 |          |
|    fps                | 1070     |
|    iterations         | 130800   |
|    time_elapsed       | 977      |
|    total_timesteps    | 1046400  |
| train/                |          |
|    entropy_loss       | -0.891   |
|    explained_variance | 0.846    |
|    learning_rate      | 8.72e-05 |
|    n_updates          | 130799   |
|    policy_loss        | 0.511    |
|    value_loss         | 1.07     |
------------------------------------
------------------------------------
| rollout/              |          |
|    ep_len_mean        | 764      |
|    ep_rew_mean        | 132      |
| time/                 |          |
|    fps                | 1070     |
|    iterations         | 130900   |
|    time_elapsed       | 978      |
|    total_timesteps    | 1047200  |
| train/                |          |
|    entropy_loss       | -1.08    |
|    explained_variance | 0.929    |
|    learning_rate      | 8.72e-05 |
|    n_updates          | 130899   |
|    policy_loss        | -0.3     |
|    value_loss         | 0.345    |
------------------------------------
------------------------------------
| rollout/              |          |
|    ep_len_mean        | 764      |
|    ep_rew_mean        | 132      |
| time/                 |          |
|    fps                | 1070     |
|    iterations         | 131000   |
|    time_elapsed       | 979      |
|    total_timesteps    | 1048000  |
| train/                |          |
|    entropy_loss       | -0.963   |
|    explained_variance | 0.744    |
|    learning_rate      | 8.71e-05 |
|    n_updates          | 130999   |
|    policy_loss        | -0.36    |
|    value_loss         | 0.423    |
------------------------------------
------------------------------------
| rollout/              |          |
|    ep_len_mean        | 764      |
|    ep_rew_mean        | 129      |
| time/                 |          |
|    fps                | 1070     |
|    iterations         | 131100   |
|    time_elapsed       | 979      |
|    total_timesteps    | 1048800  |
| train/                |          |
|    entropy_loss       | -0.667   |
|    explained_variance | 0.383    |
|    learning_rate      | 8.71e-05 |
|    n_updates          | 131099   |
|    policy_loss        | 0.653    |
|    value_loss         | 2.95     |
------------------------------------
------------------------------------
| rollout/              |          |
|    ep_len_mean        | 764      |
|    ep_rew_mean        | 129      |
| time/                 |          |
|    fps                | 1070     |
|    iterations         | 131200   |
|    time_elapsed       | 980      |
|    total_timesteps    | 1049600  |
| train/                |          |
|    entropy_loss       | -0.888   |
|    explained_variance | 0.811    |
|    learning_rate      | 8.7e-05  |
|    n_updates          | 131199   |
|    policy_loss        | -1.08    |
|    value_loss         | 2.8      |
------------------------------------
Eval num_timesteps=1050000, episode_reward=-135.61 +/- 31.35
Episode length: 1000.00 +/- 0.00
------------------------------------
| eval/                 |          |
|    mean_ep_length     | 1e+03    |
|    mean_reward        | -136     |
| time/                 |          |
|    total_timesteps    | 1050000  |
| train/                |          |
|    entropy_loss       | -0.902   |
|    explained_variance | 0.468    |
|    learning_rate      | 8.7e-05  |
|    n_updates          | 131249   |
|    policy_loss        | -0.508   |
|    value_loss         | 1.23     |
------------------------------------
------------------------------------
| rollout/              |          |
|    ep_len_mean        | 771      |
|    ep_rew_mean        | 126      |
| time/                 |          |
|    fps                | 1068     |
|    iterations         | 131300   |
|    time_elapsed       | 983      |
|    total_timesteps    | 1050400  |
| train/                |          |
|    entropy_loss       | -0.536   |
|    explained_variance | 0.711    |
|    learning_rate      | 8.7e-05  |
|    n_updates          | 131299   |
|    policy_loss        | 2.18     |
|    value_loss         | 5.63     |
------------------------------------
------------------------------------
| rollout/              |          |
|    ep_len_mean        | 778      |
|    ep_rew_mean        | 126      |
| time/                 |          |
|    fps                | 1068     |
|    iterations         | 131400   |
|    time_elapsed       | 983      |
|    total_timesteps    | 1051200  |
| train/                |          |
|    entropy_loss       | -0.84    |
|    explained_variance | 0.756    |
|    learning_rate      | 8.69e-05 |
|    n_updates          | 131399   |
|    policy_loss        | 0.606    |
|    value_loss         | 1.63     |
------------------------------------
------------------------------------
| rollout/              |          |
|    ep_len_mean        | 778      |
|    ep_rew_mean        | 123      |
| time/                 |          |
|    fps                | 1068     |
|    iterations         | 131500   |
|    time_elapsed       | 984      |
|    total_timesteps    | 1052000  |
| train/                |          |
|    entropy_loss       | -1.06    |
|    explained_variance | -1       |
|    learning_rate      | 8.69e-05 |
|    n_updates          | 131499   |
|    policy_loss        | -0.932   |
|    value_loss         | 5.66     |
------------------------------------
------------------------------------
| rollout/              |          |
|    ep_len_mean        | 778      |
|    ep_rew_mean        | 122      |
| time/                 |          |
|    fps                | 1068     |
|    iterations         | 131600   |
|    time_elapsed       | 985      |
|    total_timesteps    | 1052800  |
| train/                |          |
|    entropy_loss       | -0.506   |
|    explained_variance | 0.11     |
|    learning_rate      | 8.68e-05 |
|    n_updates          | 131599   |
|    policy_loss        | 2.25     |
|    value_loss         | 21.7     |
------------------------------------
------------------------------------
| rollout/              |          |
|    ep_len_mean        | 778      |
|    ep_rew_mean        | 122      |
| time/                 |          |
|    fps                | 1068     |
|    iterations         | 131700   |
|    time_elapsed       | 986      |
|    total_timesteps    | 1053600  |
| train/                |          |
|    entropy_loss       | -0.988   |
|    explained_variance | 0.635    |
|    learning_rate      | 8.68e-05 |
|    n_updates          | 131699   |
|    policy_loss        | 0.782    |
|    value_loss         | 2.8      |
------------------------------------
------------------------------------
| rollout/              |          |
|    ep_len_mean        | 778      |
|    ep_rew_mean        | 120      |
| time/                 |          |
|    fps                | 1068     |
|    iterations         | 131800   |
|    time_elapsed       | 986      |
|    total_timesteps    | 1054400  |
| train/                |          |
|    entropy_loss       | -0.832   |
|    explained_variance | 0.839    |
|    learning_rate      | 8.67e-05 |
|    n_updates          | 131799   |
|    policy_loss        | 0.5      |
|    value_loss         | 1.28     |
------------------------------------
------------------------------------
| rollout/              |          |
|    ep_len_mean        | 778      |
|    ep_rew_mean        | 119      |
| time/                 |          |
|    fps                | 1068     |
|    iterations         | 131900   |
|    time_elapsed       | 987      |
|    total_timesteps    | 1055200  |
| train/                |          |
|    entropy_loss       | -0.423   |
|    explained_variance | 0.769    |
|    learning_rate      | 8.67e-05 |
|    n_updates          | 131899   |
|    policy_loss        | -1.27    |
|    value_loss         | 1.27     |
------------------------------------
------------------------------------
| rollout/              |          |
|    ep_len_mean        | 778      |
|    ep_rew_mean        | 117      |
| time/                 |          |
|    fps                | 1068     |
|    iterations         | 132000   |
|    time_elapsed       | 988      |
|    total_timesteps    | 1056000  |
| train/                |          |
|    entropy_loss       | -0.787   |
|    explained_variance | 0.787    |
|    learning_rate      | 8.66e-05 |
|    n_updates          | 131999   |
|    policy_loss        | 0.638    |
|    value_loss         | 2.42     |
------------------------------------
------------------------------------
| rollout/              |          |
|    ep_len_mean        | 778      |
|    ep_rew_mean        | 115      |
| time/                 |          |
|    fps                | 1068     |
|    iterations         | 132100   |
|    time_elapsed       | 988      |
|    total_timesteps    | 1056800  |
| train/                |          |
|    entropy_loss       | -1.06    |
|    explained_variance | -0.109   |
|    learning_rate      | 8.66e-05 |
|    n_updates          | 132099   |
|    policy_loss        | 0.76     |
|    value_loss         | 3.29     |
------------------------------------
------------------------------------
| rollout/              |          |
|    ep_len_mean        | 778      |
|    ep_rew_mean        | 115      |
| time/                 |          |
|    fps                | 1068     |
|    iterations         | 132200   |
|    time_elapsed       | 989      |
|    total_timesteps    | 1057600  |
| train/                |          |
|    entropy_loss       | -0.797   |
|    explained_variance | 0.459    |
|    learning_rate      | 8.65e-05 |
|    n_updates          | 132199   |
|    policy_loss        | 0.971    |
|    value_loss         | 13       |
------------------------------------
------------------------------------
| rollout/              |          |
|    ep_len_mean        | 778      |
|    ep_rew_mean        | 113      |
| time/                 |          |
|    fps                | 1068     |
|    iterations         | 132300   |
|    time_elapsed       | 990      |
|    total_timesteps    | 1058400  |
| train/                |          |
|    entropy_loss       | -0.538   |
|    explained_variance | 0.691    |
|    learning_rate      | 8.65e-05 |
|    n_updates          | 132299   |
|    policy_loss        | 0.608    |
|    value_loss         | 1.16     |
------------------------------------
------------------------------------
| rollout/              |          |
|    ep_len_mean        | 786      |
|    ep_rew_mean        | 111      |
| time/                 |          |
|    fps                | 1068     |
|    iterations         | 132400   |
|    time_elapsed       | 990      |
|    total_timesteps    | 1059200  |
| train/                |          |
|    entropy_loss       | -1.03    |
|    explained_variance | -0.977   |
|    learning_rate      | 8.64e-05 |
|    n_updates          | 132399   |
|    policy_loss        | -0.479   |
|    value_loss         | 2.74     |
------------------------------------
------------------------------------
| rollout/              |          |
|    ep_len_mean        | 786      |
|    ep_rew_mean        | 109      |
| time/                 |          |
|    fps                | 1068     |
|    iterations         | 132500   |
|    time_elapsed       | 991      |
|    total_timesteps    | 1060000  |
| train/                |          |
|    entropy_loss       | -0.664   |
|    explained_variance | -2.37    |
|    learning_rate      | 8.64e-05 |
|    n_updates          | 132499   |
|    policy_loss        | -1.73    |
|    value_loss         | 11       |
------------------------------------
------------------------------------
| rollout/              |          |
|    ep_len_mean        | 786      |
|    ep_rew_mean        | 109      |
| time/                 |          |
|    fps                | 1068     |
|    iterations         | 132600   |
|    time_elapsed       | 992      |
|    total_timesteps    | 1060800  |
| train/                |          |
|    entropy_loss       | -0.822   |
|    explained_variance | 0.843    |
|    learning_rate      | 8.64e-05 |
|    n_updates          | 132599   |
|    policy_loss        | -0.554   |
|    value_loss         | 0.917    |
------------------------------------
------------------------------------
| rollout/              |          |
|    ep_len_mean        | 786      |
|    ep_rew_mean        | 109      |
| time/                 |          |
|    fps                | 1069     |
|    iterations         | 132700   |
|    time_elapsed       | 993      |
|    total_timesteps    | 1061600  |
| train/                |          |
|    entropy_loss       | -0.486   |
|    explained_variance | 0.741    |
|    learning_rate      | 8.63e-05 |
|    n_updates          | 132699   |
|    policy_loss        | -0.523   |
|    value_loss         | 1.02     |
------------------------------------
------------------------------------
| rollout/              |          |
|    ep_len_mean        | 786      |
|    ep_rew_mean        | 106      |
| time/                 |          |
|    fps                | 1069     |
|    iterations         | 132800   |
|    time_elapsed       | 993      |
|    total_timesteps    | 1062400  |
| train/                |          |
|    entropy_loss       | -0.84    |
|    explained_variance | 0.182    |
|    learning_rate      | 8.63e-05 |
|    n_updates          | 132799   |
|    policy_loss        | -0.733   |
|    value_loss         | 1.55     |
------------------------------------
------------------------------------
| rollout/              |          |
|    ep_len_mean        | 786      |
|    ep_rew_mean        | 104      |
| time/                 |          |
|    fps                | 1069     |
|    iterations         | 132900   |
|    time_elapsed       | 994      |
|    total_timesteps    | 1063200  |
| train/                |          |
|    entropy_loss       | -0.785   |
|    explained_variance | 0.474    |
|    learning_rate      | 8.62e-05 |
|    n_updates          | 132899   |
|    policy_loss        | -3.72    |
|    value_loss         | 15.8     |
------------------------------------
------------------------------------
| rollout/              |          |
|    ep_len_mean        | 787      |
|    ep_rew_mean        | 101      |
| time/                 |          |
|    fps                | 1069     |
|    iterations         | 133000   |
|    time_elapsed       | 995      |
|    total_timesteps    | 1064000  |
| train/                |          |
|    entropy_loss       | -1.11    |
|    explained_variance | -0.606   |
|    learning_rate      | 8.62e-05 |
|    n_updates          | 132999   |
|    policy_loss        | -5.61    |
|    value_loss         | 51.7     |
------------------------------------
------------------------------------
| rollout/              |          |
|    ep_len_mean        | 794      |
|    ep_rew_mean        | 101      |
| time/                 |          |
|    fps                | 1069     |
|    iterations         | 133100   |
|    time_elapsed       | 995      |
|    total_timesteps    | 1064800  |
| train/                |          |
|    entropy_loss       | -0.487   |
|    explained_variance | 0.309    |
|    learning_rate      | 8.61e-05 |
|    n_updates          | 133099   |
|    policy_loss        | 1.97     |
|    value_loss         | 57.8     |
------------------------------------
------------------------------------
| rollout/              |          |
|    ep_len_mean        | 794      |
|    ep_rew_mean        | 101      |
| time/                 |          |
|    fps                | 1069     |
|    iterations         | 133200   |
|    time_elapsed       | 996      |
|    total_timesteps    | 1065600  |
| train/                |          |
|    entropy_loss       | -1.08    |
|    explained_variance | 0.217    |
|    learning_rate      | 8.61e-05 |
|    n_updates          | 133199   |
|    policy_loss        | -1.86    |
|    value_loss         | 6.37     |
------------------------------------
------------------------------------
| rollout/              |          |
|    ep_len_mean        | 794      |
|    ep_rew_mean        | 99.4     |
| time/                 |          |
|    fps                | 1069     |
|    iterations         | 133300   |
|    time_elapsed       | 997      |
|    total_timesteps    | 1066400  |
| train/                |          |
|    entropy_loss       | -0.968   |
|    explained_variance | 0.64     |
|    learning_rate      | 8.6e-05  |
|    n_updates          | 133299   |
|    policy_loss        | 0.359    |
|    value_loss         | 0.873    |
------------------------------------
------------------------------------
| rollout/              |          |
|    ep_len_mean        | 800      |
|    ep_rew_mean        | 96.9     |
| time/                 |          |
|    fps                | 1069     |
|    iterations         | 133400   |
|    time_elapsed       | 998      |
|    total_timesteps    | 1067200  |
| train/                |          |
|    entropy_loss       | -1.1     |
|    explained_variance | 0.544    |
|    learning_rate      | 8.6e-05  |
|    n_updates          | 133399   |
|    policy_loss        | -1.62    |
|    value_loss         | 4.1      |
------------------------------------
------------------------------------
| rollout/              |          |
|    ep_len_mean        | 806      |
|    ep_rew_mean        | 94.5     |
| time/                 |          |
|    fps                | 1069     |
|    iterations         | 133500   |
|    time_elapsed       | 998      |
|    total_timesteps    | 1068000  |
| train/                |          |
|    entropy_loss       | -1.1     |
|    explained_variance | 0.568    |
|    learning_rate      | 8.59e-05 |
|    n_updates          | 133499   |
|    policy_loss        | -0.222   |
|    value_loss         | 0.37     |
------------------------------------
------------------------------------
| rollout/              |          |
|    ep_len_mean        | 808      |
|    ep_rew_mean        | 91.4     |
| time/                 |          |
|    fps                | 1069     |
|    iterations         | 133600   |
|    time_elapsed       | 999      |
|    total_timesteps    | 1068800  |
| train/                |          |
|    entropy_loss       | -0.737   |
|    explained_variance | 0.436    |
|    learning_rate      | 8.59e-05 |
|    n_updates          | 133599   |
|    policy_loss        | 1.4      |
|    value_loss         | 8.06     |
------------------------------------
------------------------------------
| rollout/              |          |
|    ep_len_mean        | 808      |
|    ep_rew_mean        | 91.4     |
| time/                 |          |
|    fps                | 1069     |
|    iterations         | 133700   |
|    time_elapsed       | 1000     |
|    total_timesteps    | 1069600  |
| train/                |          |
|    entropy_loss       | -0.907   |
|    explained_variance | 0.778    |
|    learning_rate      | 8.58e-05 |
|    n_updates          | 133699   |
|    policy_loss        | 1.11     |
|    value_loss         | 8.73     |
------------------------------------
------------------------------------
| rollout/              |          |
|    ep_len_mean        | 812      |
|    ep_rew_mean        | 88.9     |
| time/                 |          |
|    fps                | 1069     |
|    iterations         | 133800   |
|    time_elapsed       | 1000     |
|    total_timesteps    | 1070400  |
| train/                |          |
|    entropy_loss       | -0.935   |
|    explained_variance | 0.969    |
|    learning_rate      | 8.58e-05 |
|    n_updates          | 133799   |
|    policy_loss        | 0.871    |
|    value_loss         | 0.866    |
------------------------------------
------------------------------------
| rollout/              |          |
|    ep_len_mean        | 819      |
|    ep_rew_mean        | 89.6     |
| time/                 |          |
|    fps                | 1069     |
|    iterations         | 133900   |
|    time_elapsed       | 1001     |
|    total_timesteps    | 1071200  |
| train/                |          |
|    entropy_loss       | -0.772   |
|    explained_variance | 0.856    |
|    learning_rate      | 8.57e-05 |
|    n_updates          | 133899   |
|    policy_loss        | -0.778   |
|    value_loss         | 1.25     |
------------------------------------
------------------------------------
| rollout/              |          |
|    ep_len_mean        | 821      |
|    ep_rew_mean        | 87.1     |
| time/                 |          |
|    fps                | 1069     |
|    iterations         | 134000   |
|    time_elapsed       | 1002     |
|    total_timesteps    | 1072000  |
| train/                |          |
|    entropy_loss       | -0.885   |
|    explained_variance | 0.876    |
|    learning_rate      | 8.57e-05 |
|    n_updates          | 133999   |
|    policy_loss        | 0.457    |
|    value_loss         | 1.16     |
------------------------------------
------------------------------------
| rollout/              |          |
|    ep_len_mean        | 828      |
|    ep_rew_mean        | 86.7     |
| time/                 |          |
|    fps                | 1069     |
|    iterations         | 134100   |
|    time_elapsed       | 1003     |
|    total_timesteps    | 1072800  |
| train/                |          |
|    entropy_loss       | -0.782   |
|    explained_variance | 0.767    |
|    learning_rate      | 8.56e-05 |
|    n_updates          | 134099   |
|    policy_loss        | 0.567    |
|    value_loss         | 1.07     |
------------------------------------
------------------------------------
| rollout/              |          |
|    ep_len_mean        | 828      |
|    ep_rew_mean        | 86.7     |
| time/                 |          |
|    fps                | 1069     |
|    iterations         | 134200   |
|    time_elapsed       | 1003     |
|    total_timesteps    | 1073600  |
| train/                |          |
|    entropy_loss       | -0.877   |
|    explained_variance | 0.915    |
|    learning_rate      | 8.56e-05 |
|    n_updates          | 134199   |
|    policy_loss        | -0.0555  |
|    value_loss         | 0.238    |
------------------------------------
------------------------------------
| rollout/              |          |
|    ep_len_mean        | 832      |
|    ep_rew_mean        | 84.8     |
| time/                 |          |
|    fps                | 1069     |
|    iterations         | 134300   |
|    time_elapsed       | 1004     |
|    total_timesteps    | 1074400  |
| train/                |          |
|    entropy_loss       | -0.928   |
|    explained_variance | 0.881    |
|    learning_rate      | 8.55e-05 |
|    n_updates          | 134299   |
|    policy_loss        | 0.783    |
|    value_loss         | 0.659    |
------------------------------------
------------------------------------
| rollout/              |          |
|    ep_len_mean        | 837      |
|    ep_rew_mean        | 82.4     |
| time/                 |          |
|    fps                | 1069     |
|    iterations         | 134400   |
|    time_elapsed       | 1005     |
|    total_timesteps    | 1075200  |
| train/                |          |
|    entropy_loss       | -0.799   |
|    explained_variance | 0.971    |
|    learning_rate      | 8.55e-05 |
|    n_updates          | 134399   |
|    policy_loss        | -0.56    |
|    value_loss         | 0.377    |
------------------------------------
------------------------------------
| rollout/              |          |
|    ep_len_mean        | 836      |
|    ep_rew_mean        | 82.1     |
| time/                 |          |
|    fps                | 1069     |
|    iterations         | 134500   |
|    time_elapsed       | 1005     |
|    total_timesteps    | 1076000  |
| train/                |          |
|    entropy_loss       | -0.71    |
|    explained_variance | 0.858    |
|    learning_rate      | 8.54e-05 |
|    n_updates          | 134499   |
|    policy_loss        | -2.24    |
|    value_loss         | 3.98     |
------------------------------------
------------------------------------
| rollout/              |          |
|    ep_len_mean        | 836      |
|    ep_rew_mean        | 81       |
| time/                 |          |
|    fps                | 1069     |
|    iterations         | 134600   |
|    time_elapsed       | 1006     |
|    total_timesteps    | 1076800  |
| train/                |          |
|    entropy_loss       | -1.02    |
|    explained_variance | 0.591    |
|    learning_rate      | 8.54e-05 |
|    n_updates          | 134599   |
|    policy_loss        | -2.68    |
|    value_loss         | 7.13     |
------------------------------------
------------------------------------
| rollout/              |          |
|    ep_len_mean        | 836      |
|    ep_rew_mean        | 81       |
| time/                 |          |
|    fps                | 1069     |
|    iterations         | 134700   |
|    time_elapsed       | 1007     |
|    total_timesteps    | 1077600  |
| train/                |          |
|    entropy_loss       | -1.1     |
|    explained_variance | 0.915    |
|    learning_rate      | 8.53e-05 |
|    n_updates          | 134699   |
|    policy_loss        | -0.948   |
|    value_loss         | 1.78     |
------------------------------------
------------------------------------
| rollout/              |          |
|    ep_len_mean        | 836      |
|    ep_rew_mean        | 79.4     |
| time/                 |          |
|    fps                | 1069     |
|    iterations         | 134800   |
|    time_elapsed       | 1008     |
|    total_timesteps    | 1078400  |
| train/                |          |
|    entropy_loss       | -0.744   |
|    explained_variance | 0.901    |
|    learning_rate      | 8.53e-05 |
|    n_updates          | 134799   |
|    policy_loss        | 1.64     |
|    value_loss         | 3.25     |
------------------------------------
------------------------------------
| rollout/              |          |
|    ep_len_mean        | 836      |
|    ep_rew_mean        | 78       |
| time/                 |          |
|    fps                | 1069     |
|    iterations         | 134900   |
|    time_elapsed       | 1008     |
|    total_timesteps    | 1079200  |
| train/                |          |
|    entropy_loss       | -0.674   |
|    explained_variance | 0.859    |
|    learning_rate      | 8.52e-05 |
|    n_updates          | 134899   |
|    policy_loss        | -0.585   |
|    value_loss         | 0.692    |
------------------------------------
------------------------------------
| rollout/              |          |
|    ep_len_mean        | 842      |
|    ep_rew_mean        | 76.6     |
| time/                 |          |
|    fps                | 1069     |
|    iterations         | 135000   |
|    time_elapsed       | 1009     |
|    total_timesteps    | 1080000  |
| train/                |          |
|    entropy_loss       | -1.01    |
|    explained_variance | 0.893    |
|    learning_rate      | 8.52e-05 |
|    n_updates          | 134999   |
|    policy_loss        | -0.11    |
|    value_loss         | 0.675    |
------------------------------------
------------------------------------
| rollout/              |          |
|    ep_len_mean        | 849      |
|    ep_rew_mean        | 74.1     |
| time/                 |          |
|    fps                | 1069     |
|    iterations         | 135100   |
|    time_elapsed       | 1010     |
|    total_timesteps    | 1080800  |
| train/                |          |
|    entropy_loss       | -0.903   |
|    explained_variance | 0.665    |
|    learning_rate      | 8.52e-05 |
|    n_updates          | 135099   |
|    policy_loss        | 0.381    |
|    value_loss         | 1.8      |
------------------------------------
------------------------------------
| rollout/              |          |
|    ep_len_mean        | 847      |
|    ep_rew_mean        | 73.8     |
| time/                 |          |
|    fps                | 1069     |
|    iterations         | 135200   |
|    time_elapsed       | 1010     |
|    total_timesteps    | 1081600  |
| train/                |          |
|    entropy_loss       | -0.735   |
|    explained_variance | 0.936    |
|    learning_rate      | 8.51e-05 |
|    n_updates          | 135199   |
|    policy_loss        | -0.656   |
|    value_loss         | 0.52     |
------------------------------------
------------------------------------
| rollout/              |          |
|    ep_len_mean        | 846      |
|    ep_rew_mean        | 74.5     |
| time/                 |          |
|    fps                | 1069     |
|    iterations         | 135300   |
|    time_elapsed       | 1011     |
|    total_timesteps    | 1082400  |
| train/                |          |
|    entropy_loss       | -0.639   |
|    explained_variance | 0.975    |
|    learning_rate      | 8.51e-05 |
|    n_updates          | 135299   |
|    policy_loss        | -0.36    |
|    value_loss         | 0.167    |
------------------------------------
------------------------------------
| rollout/              |          |
|    ep_len_mean        | 850      |
|    ep_rew_mean        | 70.9     |
| time/                 |          |
|    fps                | 1069     |
|    iterations         | 135400   |
|    time_elapsed       | 1012     |
|    total_timesteps    | 1083200  |
| train/                |          |
|    entropy_loss       | -0.393   |
|    explained_variance | -1.99    |
|    learning_rate      | 8.5e-05  |
|    n_updates          | 135399   |
|    policy_loss        | -4.14    |
|    value_loss         | 16.9     |
------------------------------------
------------------------------------
| rollout/              |          |
|    ep_len_mean        | 850      |
|    ep_rew_mean        | 70.9     |
| time/                 |          |
|    fps                | 1070     |
|    iterations         | 135500   |
|    time_elapsed       | 1013     |
|    total_timesteps    | 1084000  |
| train/                |          |
|    entropy_loss       | -0.461   |
|    explained_variance | -0.05    |
|    learning_rate      | 8.5e-05  |
|    n_updates          | 135499   |
|    policy_loss        | -0.105   |
|    value_loss         | 0.0177   |
------------------------------------
------------------------------------
| rollout/              |          |
|    ep_len_mean        | 852      |
|    ep_rew_mean        | 71       |
| time/                 |          |
|    fps                | 1070     |
|    iterations         | 135600   |
|    time_elapsed       | 1013     |
|    total_timesteps    | 1084800  |
| train/                |          |
|    entropy_loss       | -0.848   |
|    explained_variance | 0.977    |
|    learning_rate      | 8.49e-05 |
|    n_updates          | 135599   |
|    policy_loss        | -0.828   |
|    value_loss         | 1.25     |
------------------------------------
------------------------------------
| rollout/              |          |
|    ep_len_mean        | 852      |
|    ep_rew_mean        | 71       |
| time/                 |          |
|    fps                | 1070     |
|    iterations         | 135700   |
|    time_elapsed       | 1014     |
|    total_timesteps    | 1085600  |
| train/                |          |
|    entropy_loss       | -0.621   |
|    explained_variance | 0.711    |
|    learning_rate      | 8.49e-05 |
|    n_updates          | 135699   |
|    policy_loss        | -0.241   |
|    value_loss         | 4.94     |
------------------------------------
------------------------------------
| rollout/              |          |
|    ep_len_mean        | 858      |
|    ep_rew_mean        | 66.9     |
| time/                 |          |
|    fps                | 1070     |
|    iterations         | 135800   |
|    time_elapsed       | 1015     |
|    total_timesteps    | 1086400  |
| train/                |          |
|    entropy_loss       | -0.868   |
|    explained_variance | 0.231    |
|    learning_rate      | 8.48e-05 |
|    n_updates          | 135799   |
|    policy_loss        | -1.68    |
|    value_loss         | 8.38     |
------------------------------------
------------------------------------
| rollout/              |          |
|    ep_len_mean        | 865      |
|    ep_rew_mean        | 65.5     |
| time/                 |          |
|    fps                | 1070     |
|    iterations         | 135900   |
|    time_elapsed       | 1015     |
|    total_timesteps    | 1087200  |
| train/                |          |
|    entropy_loss       | -0.495   |
|    explained_variance | 0.866    |
|    learning_rate      | 8.48e-05 |
|    n_updates          | 135899   |
|    policy_loss        | -0.788   |
|    value_loss         | 3.49     |
------------------------------------
------------------------------------
| rollout/              |          |
|    ep_len_mean        | 865      |
|    ep_rew_mean        | 65.5     |
| time/                 |          |
|    fps                | 1070     |
|    iterations         | 136000   |
|    time_elapsed       | 1016     |
|    total_timesteps    | 1088000  |
| train/                |          |
|    entropy_loss       | -0.71    |
|    explained_variance | -0.106   |
|    learning_rate      | 8.47e-05 |
|    n_updates          | 135999   |
|    policy_loss        | -0.0252  |
|    value_loss         | 0.0303   |
------------------------------------
------------------------------------
| rollout/              |          |
|    ep_len_mean        | 872      |
|    ep_rew_mean        | 64.2     |
| time/                 |          |
|    fps                | 1070     |
|    iterations         | 136100   |
|    time_elapsed       | 1017     |
|    total_timesteps    | 1088800  |
| train/                |          |
|    entropy_loss       | -0.9     |
|    explained_variance | 0.651    |
|    learning_rate      | 8.47e-05 |
|    n_updates          | 136099   |
|    policy_loss        | 1.44     |
|    value_loss         | 2.55     |
------------------------------------
------------------------------------
| rollout/              |          |
|    ep_len_mean        | 872      |
|    ep_rew_mean        | 64.2     |
| time/                 |          |
|    fps                | 1070     |
|    iterations         | 136200   |
|    time_elapsed       | 1018     |
|    total_timesteps    | 1089600  |
| train/                |          |
|    entropy_loss       | -0.794   |
|    explained_variance | 0.312    |
|    learning_rate      | 8.46e-05 |
|    n_updates          | 136199   |
|    policy_loss        | 2.97     |
|    value_loss         | 79.7     |
------------------------------------
------------------------------------
| rollout/              |          |
|    ep_len_mean        | 877      |
|    ep_rew_mean        | 62.6     |
| time/                 |          |
|    fps                | 1070     |
|    iterations         | 136300   |
|    time_elapsed       | 1018     |
|    total_timesteps    | 1090400  |
| train/                |          |
|    entropy_loss       | -0.869   |
|    explained_variance | -0.0468  |
|    learning_rate      | 8.46e-05 |
|    n_updates          | 136299   |
|    policy_loss        | 0.00402  |
|    value_loss         | 0.038    |
------------------------------------
------------------------------------
| rollout/              |          |
|    ep_len_mean        | 876      |
|    ep_rew_mean        | 60.6     |
| time/                 |          |
|    fps                | 1070     |
|    iterations         | 136400   |
|    time_elapsed       | 1019     |
|    total_timesteps    | 1091200  |
| train/                |          |
|    entropy_loss       | -1.16    |
|    explained_variance | 0.925    |
|    learning_rate      | 8.45e-05 |
|    n_updates          | 136399   |
|    policy_loss        | -1.3     |
|    value_loss         | 3.08     |
------------------------------------
------------------------------------
| rollout/              |          |
|    ep_len_mean        | 869      |
|    ep_rew_mean        | 61.6     |
| time/                 |          |
|    fps                | 1070     |
|    iterations         | 136500   |
|    time_elapsed       | 1020     |
|    total_timesteps    | 1092000  |
| train/                |          |
|    entropy_loss       | -0.801   |
|    explained_variance | 0.312    |
|    learning_rate      | 8.45e-05 |
|    n_updates          | 136499   |
|    policy_loss        | -15.5    |
|    value_loss         | 178      |
------------------------------------
------------------------------------
| rollout/              |          |
|    ep_len_mean        | 869      |
|    ep_rew_mean        | 61.5     |
| time/                 |          |
|    fps                | 1070     |
|    iterations         | 136600   |
|    time_elapsed       | 1020     |
|    total_timesteps    | 1092800  |
| train/                |          |
|    entropy_loss       | -0.837   |
|    explained_variance | 0.112    |
|    learning_rate      | 8.44e-05 |
|    n_updates          | 136599   |
|    policy_loss        | -0.439   |
|    value_loss         | 0.451    |
------------------------------------
------------------------------------
| rollout/              |          |
|    ep_len_mean        | 877      |
|    ep_rew_mean        | 62.8     |
| time/                 |          |
|    fps                | 1070     |
|    iterations         | 136700   |
|    time_elapsed       | 1021     |
|    total_timesteps    | 1093600  |
| train/                |          |
|    entropy_loss       | -1.18    |
|    explained_variance | 0.868    |
|    learning_rate      | 8.44e-05 |
|    n_updates          | 136699   |
|    policy_loss        | -1.02    |
|    value_loss         | 1.18     |
------------------------------------
------------------------------------
| rollout/              |          |
|    ep_len_mean        | 878      |
|    ep_rew_mean        | 61.9     |
| time/                 |          |
|    fps                | 1070     |
|    iterations         | 136800   |
|    time_elapsed       | 1022     |
|    total_timesteps    | 1094400  |
| train/                |          |
|    entropy_loss       | -0.217   |
|    explained_variance | 0.866    |
|    learning_rate      | 8.43e-05 |
|    n_updates          | 136799   |
|    policy_loss        | 0.293    |
|    value_loss         | 18.7     |
------------------------------------
------------------------------------
| rollout/              |          |
|    ep_len_mean        | 878      |
|    ep_rew_mean        | 61.7     |
| time/                 |          |
|    fps                | 1070     |
|    iterations         | 136900   |
|    time_elapsed       | 1023     |
|    total_timesteps    | 1095200  |
| train/                |          |
|    entropy_loss       | -0.849   |
|    explained_variance | -0.0407  |
|    learning_rate      | 8.43e-05 |
|    n_updates          | 136899   |
|    policy_loss        | -0.0502  |
|    value_loss         | 0.0156   |
------------------------------------
------------------------------------
| rollout/              |          |
|    ep_len_mean        | 878      |
|    ep_rew_mean        | 61.6     |
| time/                 |          |
|    fps                | 1070     |
|    iterations         | 137000   |
|    time_elapsed       | 1023     |
|    total_timesteps    | 1096000  |
| train/                |          |
|    entropy_loss       | -0.589   |
|    explained_variance | 0.00241  |
|    learning_rate      | 8.42e-05 |
|    n_updates          | 136999   |
|    policy_loss        | -0.195   |
|    value_loss         | 0.19     |
------------------------------------
------------------------------------
| rollout/              |          |
|    ep_len_mean        | 879      |
|    ep_rew_mean        | 64.1     |
| time/                 |          |
|    fps                | 1070     |
|    iterations         | 137100   |
|    time_elapsed       | 1024     |
|    total_timesteps    | 1096800  |
| train/                |          |
|    entropy_loss       | -0.706   |
|    explained_variance | 0.986    |
|    learning_rate      | 8.42e-05 |
|    n_updates          | 137099   |
|    policy_loss        | -0.419   |
|    value_loss         | 0.328    |
------------------------------------
------------------------------------
| rollout/              |          |
|    ep_len_mean        | 878      |
|    ep_rew_mean        | 65.2     |
| time/                 |          |
|    fps                | 1070     |
|    iterations         | 137200   |
|    time_elapsed       | 1025     |
|    total_timesteps    | 1097600  |
| train/                |          |
|    entropy_loss       | -0.589   |
|    explained_variance | 0.00458  |
|    learning_rate      | 8.41e-05 |
|    n_updates          | 137199   |
|    policy_loss        | -0.059   |
|    value_loss         | 0.0721   |
------------------------------------
------------------------------------
| rollout/              |          |
|    ep_len_mean        | 878      |
|    ep_rew_mean        | 65.2     |
| time/                 |          |
|    fps                | 1070     |
|    iterations         | 137300   |
|    time_elapsed       | 1025     |
|    total_timesteps    | 1098400  |
| train/                |          |
|    entropy_loss       | -0.496   |
|    explained_variance | -0.00271 |
|    learning_rate      | 8.41e-05 |
|    n_updates          | 137299   |
|    policy_loss        | -0.348   |
|    value_loss         | 0.317    |
------------------------------------
------------------------------------
| rollout/              |          |
|    ep_len_mean        | 866      |
|    ep_rew_mean        | 64.8     |
| time/                 |          |
|    fps                | 1070     |
|    iterations         | 137400   |
|    time_elapsed       | 1026     |
|    total_timesteps    | 1099200  |
| train/                |          |
|    entropy_loss       | -0.708   |
|    explained_variance | -0.0585  |
|    learning_rate      | 8.4e-05  |
|    n_updates          | 137399   |
|    policy_loss        | -0.073   |
|    value_loss         | 0.0607   |
------------------------------------
Eval num_timesteps=1100000, episode_reward=189.48 +/- 84.30
Episode length: 325.00 +/- 26.07
------------------------------------
| eval/                 |          |
|    mean_ep_length     | 325      |
|    mean_reward        | 189      |
| time/                 |          |
|    total_timesteps    | 1100000  |
| train/                |          |
|    entropy_loss       | -0.701   |
|    explained_variance | 0.646    |
|    learning_rate      | 8.4e-05  |
|    n_updates          | 137499   |
|    policy_loss        | -0.737   |
|    value_loss         | 2.24     |
------------------------------------
---------------------------------
| rollout/           |          |
|    ep_len_mean     | 872      |
|    ep_rew_mean     | 66.3     |
| time/              |          |
|    fps             | 1069     |
|    iterations      | 137500   |
|    time_elapsed    | 1028     |
|    total_timesteps | 1100000  |
---------------------------------
------------------------------------
| rollout/              |          |
|    ep_len_mean        | 871      |
|    ep_rew_mean        | 67.5     |
| time/                 |          |
|    fps                | 1069     |
|    iterations         | 137600   |
|    time_elapsed       | 1028     |
|    total_timesteps    | 1100800  |
| train/                |          |
|    entropy_loss       | -1.2     |
|    explained_variance | 0.943    |
|    learning_rate      | 8.4e-05  |
|    n_updates          | 137599   |
|    policy_loss        | 0.982    |
|    value_loss         | 1.13     |
------------------------------------
------------------------------------
| rollout/              |          |
|    ep_len_mean        | 871      |
|    ep_rew_mean        | 67.5     |
| time/                 |          |
|    fps                | 1070     |
|    iterations         | 137700   |
|    time_elapsed       | 1029     |
|    total_timesteps    | 1101600  |
| train/                |          |
|    entropy_loss       | -0.724   |
|    explained_variance | 0.0131   |
|    learning_rate      | 8.39e-05 |
|    n_updates          | 137699   |
|    policy_loss        | -0.108   |
|    value_loss         | 0.0396   |
------------------------------------
------------------------------------
| rollout/              |          |
|    ep_len_mean        | 874      |
|    ep_rew_mean        | 66.7     |
| time/                 |          |
|    fps                | 1069     |
|    iterations         | 137800   |
|    time_elapsed       | 1030     |
|    total_timesteps    | 1102400  |
| train/                |          |
|    entropy_loss       | -0.618   |
|    explained_variance | 0.0229   |
|    learning_rate      | 8.39e-05 |
|    n_updates          | 137799   |
|    policy_loss        | -0.0472  |
|    value_loss         | 0.0687   |
------------------------------------
------------------------------------
| rollout/              |          |
|    ep_len_mean        | 874      |
|    ep_rew_mean        | 66.3     |
| time/                 |          |
|    fps                | 1070     |
|    iterations         | 137900   |
|    time_elapsed       | 1031     |
|    total_timesteps    | 1103200  |
| train/                |          |
|    entropy_loss       | -0.633   |
|    explained_variance | 0.952    |
|    learning_rate      | 8.38e-05 |
|    n_updates          | 137899   |
|    policy_loss        | -1.44    |
|    value_loss         | 3.84     |
------------------------------------
------------------------------------
| rollout/              |          |
|    ep_len_mean        | 874      |
|    ep_rew_mean        | 65.2     |
| time/                 |          |
|    fps                | 1070     |
|    iterations         | 138000   |
|    time_elapsed       | 1031     |
|    total_timesteps    | 1104000  |
| train/                |          |
|    entropy_loss       | -0.628   |
|    explained_variance | 0.557    |
|    learning_rate      | 8.38e-05 |
|    n_updates          | 137999   |
|    policy_loss        | -0.112   |
|    value_loss         | 26.9     |
------------------------------------
------------------------------------
| rollout/              |          |
|    ep_len_mean        | 874      |
|    ep_rew_mean        | 65.5     |
| time/                 |          |
|    fps                | 1069     |
|    iterations         | 138100   |
|    time_elapsed       | 1032     |
|    total_timesteps    | 1104800  |
| train/                |          |
|    entropy_loss       | -1       |
|    explained_variance | 0.951    |
|    learning_rate      | 8.37e-05 |
|    n_updates          | 138099   |
|    policy_loss        | 0.432    |
|    value_loss         | 0.599    |
------------------------------------
------------------------------------
| rollout/              |          |
|    ep_len_mean        | 875      |
|    ep_rew_mean        | 66.4     |
| time/                 |          |
|    fps                | 1070     |
|    iterations         | 138200   |
|    time_elapsed       | 1033     |
|    total_timesteps    | 1105600  |
| train/                |          |
|    entropy_loss       | -0.726   |
|    explained_variance | -1.31    |
|    learning_rate      | 8.37e-05 |
|    n_updates          | 138199   |
|    policy_loss        | -0.457   |
|    value_loss         | 6.33     |
------------------------------------
------------------------------------
| rollout/              |          |
|    ep_len_mean        | 866      |
|    ep_rew_mean        | 65.6     |
| time/                 |          |
|    fps                | 1070     |
|    iterations         | 138300   |
|    time_elapsed       | 1033     |
|    total_timesteps    | 1106400  |
| train/                |          |
|    entropy_loss       | -0.132   |
|    explained_variance | -9.7     |
|    learning_rate      | 8.36e-05 |
|    n_updates          | 138299   |
|    policy_loss        | -0.173   |
|    value_loss         | 109      |
------------------------------------
------------------------------------
| rollout/              |          |
|    ep_len_mean        | 857      |
|    ep_rew_mean        | 65       |
| time/                 |          |
|    fps                | 1070     |
|    iterations         | 138400   |
|    time_elapsed       | 1034     |
|    total_timesteps    | 1107200  |
| train/                |          |
|    entropy_loss       | -0.791   |
|    explained_variance | 0.561    |
|    learning_rate      | 8.36e-05 |
|    n_updates          | 138399   |
|    policy_loss        | 1.92     |
|    value_loss         | 45.6     |
------------------------------------
------------------------------------
| rollout/              |          |
|    ep_len_mean        | 856      |
|    ep_rew_mean        | 66       |
| time/                 |          |
|    fps                | 1070     |
|    iterations         | 138500   |
|    time_elapsed       | 1035     |
|    total_timesteps    | 1108000  |
| train/                |          |
|    entropy_loss       | -0.751   |
|    explained_variance | 0.591    |
|    learning_rate      | 8.35e-05 |
|    n_updates          | 138499   |
|    policy_loss        | -13.3    |
|    value_loss         | 101      |
------------------------------------
------------------------------------
| rollout/              |          |
|    ep_len_mean        | 859      |
|    ep_rew_mean        | 65.4     |
| time/                 |          |
|    fps                | 1070     |
|    iterations         | 138600   |
|    time_elapsed       | 1036     |
|    total_timesteps    | 1108800  |
| train/                |          |
|    entropy_loss       | -0.72    |
|    explained_variance | -0.0522  |
|    learning_rate      | 8.35e-05 |
|    n_updates          | 138599   |
|    policy_loss        | -0.0425  |
|    value_loss         | 0.0536   |
------------------------------------
------------------------------------
| rollout/              |          |
|    ep_len_mean        | 859      |
|    ep_rew_mean        | 65.6     |
| time/                 |          |
|    fps                | 1070     |
|    iterations         | 138700   |
|    time_elapsed       | 1036     |
|    total_timesteps    | 1109600  |
| train/                |          |
|    entropy_loss       | -0.736   |
|    explained_variance | 0.0537   |
|    learning_rate      | 8.34e-05 |
|    n_updates          | 138699   |
|    policy_loss        | -0.37    |
|    value_loss         | 0.337    |
------------------------------------
------------------------------------
| rollout/              |          |
|    ep_len_mean        | 859      |
|    ep_rew_mean        | 65.8     |
| time/                 |          |
|    fps                | 1070     |
|    iterations         | 138800   |
|    time_elapsed       | 1037     |
|    total_timesteps    | 1110400  |
| train/                |          |
|    entropy_loss       | -0.598   |
|    explained_variance | 0.862    |
|    learning_rate      | 8.34e-05 |
|    n_updates          | 138799   |
|    policy_loss        | -1.09    |
|    value_loss         | 2.5      |
------------------------------------
------------------------------------
| rollout/              |          |
|    ep_len_mean        | 859      |
|    ep_rew_mean        | 65.8     |
| time/                 |          |
|    fps                | 1070     |
|    iterations         | 138900   |
|    time_elapsed       | 1038     |
|    total_timesteps    | 1111200  |
| train/                |          |
|    entropy_loss       | -0.824   |
|    explained_variance | 0.0341   |
|    learning_rate      | 8.33e-05 |
|    n_updates          | 138899   |
|    policy_loss        | -0.134   |
|    value_loss         | 0.106    |
------------------------------------
------------------------------------
| rollout/              |          |
|    ep_len_mean        | 864      |
|    ep_rew_mean        | 64.9     |
| time/                 |          |
|    fps                | 1069     |
|    iterations         | 139000   |
|    time_elapsed       | 1039     |
|    total_timesteps    | 1112000  |
| train/                |          |
|    entropy_loss       | -0.781   |
|    explained_variance | 0.0395   |
|    learning_rate      | 8.33e-05 |
|    n_updates          | 138999   |
|    policy_loss        | -0.0817  |
|    value_loss         | 0.0367   |
------------------------------------
