Gym has been unmaintained since 2022 and does not support NumPy 2.0 amongst other critical functionality.
Please upgrade to Gymnasium, the maintained drop-in replacement of Gym, or contact the authors of your software and request that they upgrade.
Users of this version of Gym should be able to simply replace 'import gym' with 'import gymnasium as gym' in the vast majority of cases.
See the migration guide at https://gymnasium.farama.org/introduction/migration_guide/ for additional information.
/homes/sohawan2/.local/lib/python3.10/site-packages/stable_baselines3/common/vec_env/base_vec_env.py:78: UserWarning: The `render_mode` attribute is not defined in your environment. It will be set to None.
  warnings.warn("The `render_mode` attribute is not defined in your environment. It will be set to None.")
/homes/sohawan2/.local/lib/python3.10/site-packages/stable_baselines3/common/on_policy_algorithm.py:150: UserWarning: You are trying to run PPO on the GPU, but it is primarily intended to run on the CPU when not using a CNN policy (you are using ActorCriticPolicy which should be a MlpPolicy). See https://github.com/DLR-RM/stable-baselines3/issues/1245 for more info. You can pass `device='cpu'` or `export CUDA_VISIBLE_DEVICES=` to force using the CPU.Note: The model will train, but the GPU utilization will be poor and the training might take longer than on CPU.
  warnings.warn(
[Path] Using preferred root: /homes/sohawan2/reinforcement-learning-thesis/code_practice

===== Stable‑Baselines3 Interactive Runner =====
[Path] Project root: /homes/sohawan2/reinforcement-learning-thesis/code_practice
[Info] LunarLander-v2 action space = Discrete → allowed algos: ['DQN', 'PPO', 'A2C']
Using cuda device

===== Training Start =====
{
  "env_id": "LunarLander-v2",
  "algo": "PPO",
  "policy": "MlpPolicy",
  "seed": 0,
  "total_timesteps": 2000000,
  "num_envs": 1,
  "use_vecnorm": false
}
Logging to /homes/sohawan2/reinforcement-learning-thesis/code_practice/runs/LunarLander_v2/PPO/20250928-152326/tb/PPO_1
---------------------------------
| rollout/           |          |
|    ep_len_mean     | 92.1     |
|    ep_rew_mean     | -179     |
| time/              |          |
|    fps             | 626      |
|    iterations      | 1        |
|    time_elapsed    | 3        |
|    total_timesteps | 2048     |
---------------------------------
------------------------------------------
| rollout/                |              |
|    ep_len_mean          | 93.5         |
|    ep_rew_mean          | -213         |
| time/                   |              |
|    fps                  | 550          |
|    iterations           | 2            |
|    time_elapsed         | 7            |
|    total_timesteps      | 4096         |
| train/                  |              |
|    approx_kl            | 0.0029754993 |
|    clip_fraction        | 0.0799       |
|    clip_range           | 0.1          |
|    entropy_loss         | -1.38        |
|    explained_variance   | 0.000545     |
|    learning_rate        | 0.00012      |
|    loss                 | 227          |
|    n_updates            | 10           |
|    policy_gradient_loss | -0.00527     |
|    value_loss           | 750          |
------------------------------------------
-----------------------------------------
| rollout/                |             |
|    ep_len_mean          | 96.4        |
|    ep_rew_mean          | -206        |
| time/                   |             |
|    fps                  | 547         |
|    iterations           | 3           |
|    time_elapsed         | 11          |
|    total_timesteps      | 6144        |
| train/                  |             |
|    approx_kl            | 0.002009147 |
|    clip_fraction        | 0.0406      |
|    clip_range           | 0.1         |
|    entropy_loss         | -1.38       |
|    explained_variance   | 0.267       |
|    learning_rate        | 0.00012     |
|    loss                 | 473         |
|    n_updates            | 20          |
|    policy_gradient_loss | -0.00152    |
|    value_loss           | 740         |
-----------------------------------------
------------------------------------------
| rollout/                |              |
|    ep_len_mean          | 95.6         |
|    ep_rew_mean          | -201         |
| time/                   |              |
|    fps                  | 545          |
|    iterations           | 4            |
|    time_elapsed         | 15           |
|    total_timesteps      | 8192         |
| train/                  |              |
|    approx_kl            | 0.0022423011 |
|    clip_fraction        | 0.0638       |
|    clip_range           | 0.1          |
|    entropy_loss         | -1.37        |
|    explained_variance   | -0.125       |
|    learning_rate        | 0.00012      |
|    loss                 | 145          |
|    n_updates            | 30           |
|    policy_gradient_loss | -0.00395     |
|    value_loss           | 472          |
------------------------------------------
------------------------------------------
| rollout/                |              |
|    ep_len_mean          | 97.8         |
|    ep_rew_mean          | -205         |
| time/                   |              |
|    fps                  | 544          |
|    iterations           | 5            |
|    time_elapsed         | 18           |
|    total_timesteps      | 10240        |
| train/                  |              |
|    approx_kl            | 0.0026287157 |
|    clip_fraction        | 0.0963       |
|    clip_range           | 0.1          |
|    entropy_loss         | -1.37        |
|    explained_variance   | 0.166        |
|    learning_rate        | 0.00012      |
|    loss                 | 153          |
|    n_updates            | 40           |
|    policy_gradient_loss | -0.00396     |
|    value_loss           | 328          |
------------------------------------------
------------------------------------------
| rollout/                |              |
|    ep_len_mean          | 100          |
|    ep_rew_mean          | -197         |
| time/                   |              |
|    fps                  | 543          |
|    iterations           | 6            |
|    time_elapsed         | 22           |
|    total_timesteps      | 12288        |
| train/                  |              |
|    approx_kl            | 0.0027421578 |
|    clip_fraction        | 0.202        |
|    clip_range           | 0.1          |
|    entropy_loss         | -1.37        |
|    explained_variance   | 0.605        |
|    learning_rate        | 0.00012      |
|    loss                 | 52.5         |
|    n_updates            | 50           |
|    policy_gradient_loss | -0.00777     |
|    value_loss           | 175          |
------------------------------------------
------------------------------------------
| rollout/                |              |
|    ep_len_mean          | 101          |
|    ep_rew_mean          | -170         |
| time/                   |              |
|    fps                  | 543          |
|    iterations           | 7            |
|    time_elapsed         | 26           |
|    total_timesteps      | 14336        |
| train/                  |              |
|    approx_kl            | 0.0031920923 |
|    clip_fraction        | 0.155        |
|    clip_range           | 0.1          |
|    entropy_loss         | -1.35        |
|    explained_variance   | -0.0557      |
|    learning_rate        | 0.00012      |
|    loss                 | 26.7         |
|    n_updates            | 60           |
|    policy_gradient_loss | -0.00675     |
|    value_loss           | 173          |
------------------------------------------
-----------------------------------------
| rollout/                |             |
|    ep_len_mean          | 103         |
|    ep_rew_mean          | -170        |
| time/                   |             |
|    fps                  | 543         |
|    iterations           | 8           |
|    time_elapsed         | 30          |
|    total_timesteps      | 16384       |
| train/                  |             |
|    approx_kl            | 0.002521291 |
|    clip_fraction        | 0.0995      |
|    clip_range           | 0.1         |
|    entropy_loss         | -1.34       |
|    explained_variance   | 0.249       |
|    learning_rate        | 0.00012     |
|    loss                 | 87.4        |
|    n_updates            | 70          |
|    policy_gradient_loss | -0.00555    |
|    value_loss           | 184         |
-----------------------------------------
------------------------------------------
| rollout/                |              |
|    ep_len_mean          | 105          |
|    ep_rew_mean          | -165         |
| time/                   |              |
|    fps                  | 543          |
|    iterations           | 9            |
|    time_elapsed         | 33           |
|    total_timesteps      | 18432        |
| train/                  |              |
|    approx_kl            | 0.0031004054 |
|    clip_fraction        | 0.115        |
|    clip_range           | 0.1          |
|    entropy_loss         | -1.34        |
|    explained_variance   | 0.445        |
|    learning_rate        | 0.00012      |
|    loss                 | 66.2         |
|    n_updates            | 80           |
|    policy_gradient_loss | -0.00688     |
|    value_loss           | 157          |
------------------------------------------
Eval num_timesteps=20000, episode_reward=-759.64 +/- 232.89
Episode length: 218.00 +/- 38.47
------------------------------------------
| eval/                   |              |
|    mean_ep_length       | 218          |
|    mean_reward          | -760         |
| time/                   |              |
|    total_timesteps      | 20000        |
| train/                  |              |
|    approx_kl            | 0.0026681083 |
|    clip_fraction        | 0.102        |
|    clip_range           | 0.1          |
|    entropy_loss         | -1.31        |
|    explained_variance   | 0.46         |
|    learning_rate        | 0.00012      |
|    loss                 | 31.8         |
|    n_updates            | 90           |
|    policy_gradient_loss | -0.00403     |
|    value_loss           | 115          |
------------------------------------------
New best mean reward!
---------------------------------
| rollout/           |          |
|    ep_len_mean     | 108      |
|    ep_rew_mean     | -163     |
| time/              |          |
|    fps             | 531      |
|    iterations      | 10       |
|    time_elapsed    | 38       |
|    total_timesteps | 20480    |
---------------------------------
------------------------------------------
| rollout/                |              |
|    ep_len_mean          | 109          |
|    ep_rew_mean          | -172         |
| time/                   |              |
|    fps                  | 532          |
|    iterations           | 11           |
|    time_elapsed         | 42           |
|    total_timesteps      | 22528        |
| train/                  |              |
|    approx_kl            | 0.0026377537 |
|    clip_fraction        | 0.102        |
|    clip_range           | 0.1          |
|    entropy_loss         | -1.32        |
|    explained_variance   | 0.478        |
|    learning_rate        | 0.00012      |
|    loss                 | 56.6         |
|    n_updates            | 100          |
|    policy_gradient_loss | -0.00415     |
|    value_loss           | 208          |
------------------------------------------
------------------------------------------
| rollout/                |              |
|    ep_len_mean          | 114          |
|    ep_rew_mean          | -171         |
| time/                   |              |
|    fps                  | 532          |
|    iterations           | 12           |
|    time_elapsed         | 46           |
|    total_timesteps      | 24576        |
| train/                  |              |
|    approx_kl            | 0.0030039272 |
|    clip_fraction        | 0.204        |
|    clip_range           | 0.1          |
|    entropy_loss         | -1.32        |
|    explained_variance   | 0.198        |
|    learning_rate        | 0.00012      |
|    loss                 | 58.8         |
|    n_updates            | 110          |
|    policy_gradient_loss | -0.00831     |
|    value_loss           | 139          |
------------------------------------------
----------------------------------------
| rollout/                |            |
|    ep_len_mean          | 116        |
|    ep_rew_mean          | -179       |
| time/                   |            |
|    fps                  | 534        |
|    iterations           | 13         |
|    time_elapsed         | 49         |
|    total_timesteps      | 26624      |
| train/                  |            |
|    approx_kl            | 0.00350966 |
|    clip_fraction        | 0.113      |
|    clip_range           | 0.1        |
|    entropy_loss         | -1.31      |
|    explained_variance   | 0.478      |
|    learning_rate        | 0.00012    |
|    loss                 | 60.3       |
|    n_updates            | 120        |
|    policy_gradient_loss | -0.00691   |
|    value_loss           | 140        |
----------------------------------------
------------------------------------------
| rollout/                |              |
|    ep_len_mean          | 116          |
|    ep_rew_mean          | -173         |
| time/                   |              |
|    fps                  | 534          |
|    iterations           | 14           |
|    time_elapsed         | 53           |
|    total_timesteps      | 28672        |
| train/                  |              |
|    approx_kl            | 0.0025555522 |
|    clip_fraction        | 0.103        |
|    clip_range           | 0.1          |
|    entropy_loss         | -1.3         |
|    explained_variance   | 0.631        |
|    learning_rate        | 0.00012      |
|    loss                 | 74.8         |
|    n_updates            | 130          |
|    policy_gradient_loss | -0.00635     |
|    value_loss           | 158          |
------------------------------------------
------------------------------------------
| rollout/                |              |
|    ep_len_mean          | 121          |
|    ep_rew_mean          | -165         |
| time/                   |              |
|    fps                  | 535          |
|    iterations           | 15           |
|    time_elapsed         | 57           |
|    total_timesteps      | 30720        |
| train/                  |              |
|    approx_kl            | 0.0019917039 |
|    clip_fraction        | 0.0616       |
|    clip_range           | 0.1          |
|    entropy_loss         | -1.29        |
|    explained_variance   | 0.554        |
|    learning_rate        | 0.00012      |
|    loss                 | 101          |
|    n_updates            | 140          |
|    policy_gradient_loss | -0.00574     |
|    value_loss           | 215          |
------------------------------------------
------------------------------------------
| rollout/                |              |
|    ep_len_mean          | 120          |
|    ep_rew_mean          | -151         |
| time/                   |              |
|    fps                  | 536          |
|    iterations           | 16           |
|    time_elapsed         | 61           |
|    total_timesteps      | 32768        |
| train/                  |              |
|    approx_kl            | 0.0022756758 |
|    clip_fraction        | 0.111        |
|    clip_range           | 0.1          |
|    entropy_loss         | -1.31        |
|    explained_variance   | 0.508        |
|    learning_rate        | 0.00012      |
|    loss                 | 47.8         |
|    n_updates            | 150          |
|    policy_gradient_loss | -0.00652     |
|    value_loss           | 120          |
------------------------------------------
-----------------------------------------
| rollout/                |             |
|    ep_len_mean          | 121         |
|    ep_rew_mean          | -133        |
| time/                   |             |
|    fps                  | 537         |
|    iterations           | 17          |
|    time_elapsed         | 64          |
|    total_timesteps      | 34816       |
| train/                  |             |
|    approx_kl            | 0.002726201 |
|    clip_fraction        | 0.0975      |
|    clip_range           | 0.1         |
|    entropy_loss         | -1.29       |
|    explained_variance   | 0.641       |
|    learning_rate        | 0.00012     |
|    loss                 | 35.6        |
|    n_updates            | 160         |
|    policy_gradient_loss | -0.00846    |
|    value_loss           | 121         |
-----------------------------------------
------------------------------------------
| rollout/                |              |
|    ep_len_mean          | 119          |
|    ep_rew_mean          | -117         |
| time/                   |              |
|    fps                  | 538          |
|    iterations           | 18           |
|    time_elapsed         | 68           |
|    total_timesteps      | 36864        |
| train/                  |              |
|    approx_kl            | 0.0027957768 |
|    clip_fraction        | 0.137        |
|    clip_range           | 0.1          |
|    entropy_loss         | -1.28        |
|    explained_variance   | 0.754        |
|    learning_rate        | 0.00012      |
|    loss                 | 48.8         |
|    n_updates            | 170          |
|    policy_gradient_loss | -0.00752     |
|    value_loss           | 76.1         |
------------------------------------------
-----------------------------------------
| rollout/                |             |
|    ep_len_mean          | 125         |
|    ep_rew_mean          | -115        |
| time/                   |             |
|    fps                  | 538         |
|    iterations           | 19          |
|    time_elapsed         | 72          |
|    total_timesteps      | 38912       |
| train/                  |             |
|    approx_kl            | 0.003932518 |
|    clip_fraction        | 0.216       |
|    clip_range           | 0.1         |
|    entropy_loss         | -1.24       |
|    explained_variance   | 0.645       |
|    learning_rate        | 0.00012     |
|    loss                 | 38.5        |
|    n_updates            | 180         |
|    policy_gradient_loss | -0.00881    |
|    value_loss           | 94.4        |
-----------------------------------------
Eval num_timesteps=40000, episode_reward=-529.12 +/- 78.12
Episode length: 189.00 +/- 33.12
------------------------------------------
| eval/                   |              |
|    mean_ep_length       | 189          |
|    mean_reward          | -529         |
| time/                   |              |
|    total_timesteps      | 40000        |
| train/                  |              |
|    approx_kl            | 0.0029115635 |
|    clip_fraction        | 0.151        |
|    clip_range           | 0.1          |
|    entropy_loss         | -1.25        |
|    explained_variance   | 0.716        |
|    learning_rate        | 0.00012      |
|    loss                 | 17.8         |
|    n_updates            | 190          |
|    policy_gradient_loss | -0.00943     |
|    value_loss           | 74.3         |
------------------------------------------
New best mean reward!
---------------------------------
| rollout/           |          |
|    ep_len_mean     | 128      |
|    ep_rew_mean     | -98.5    |
| time/              |          |
|    fps             | 534      |
|    iterations      | 20       |
|    time_elapsed    | 76       |
|    total_timesteps | 40960    |
---------------------------------
------------------------------------------
| rollout/                |              |
|    ep_len_mean          | 139          |
|    ep_rew_mean          | -89.9        |
| time/                   |              |
|    fps                  | 537          |
|    iterations           | 21           |
|    time_elapsed         | 79           |
|    total_timesteps      | 43008        |
| train/                  |              |
|    approx_kl            | 0.0036592798 |
|    clip_fraction        | 0.188        |
|    clip_range           | 0.1          |
|    entropy_loss         | -1.22        |
|    explained_variance   | 0.691        |
|    learning_rate        | 0.00012      |
|    loss                 | 18.3         |
|    n_updates            | 200          |
|    policy_gradient_loss | -0.0106      |
|    value_loss           | 55.5         |
------------------------------------------
-----------------------------------------
| rollout/                |             |
|    ep_len_mean          | 140         |
|    ep_rew_mean          | -80         |
| time/                   |             |
|    fps                  | 538         |
|    iterations           | 22          |
|    time_elapsed         | 83          |
|    total_timesteps      | 45056       |
| train/                  |             |
|    approx_kl            | 0.004678324 |
|    clip_fraction        | 0.185       |
|    clip_range           | 0.1         |
|    entropy_loss         | -1.22       |
|    explained_variance   | 0.856       |
|    learning_rate        | 0.00012     |
|    loss                 | 32.4        |
|    n_updates            | 210         |
|    policy_gradient_loss | -0.00879    |
|    value_loss           | 61          |
-----------------------------------------
------------------------------------------
| rollout/                |              |
|    ep_len_mean          | 147          |
|    ep_rew_mean          | -68.8        |
| time/                   |              |
|    fps                  | 540          |
|    iterations           | 23           |
|    time_elapsed         | 87           |
|    total_timesteps      | 47104        |
| train/                  |              |
|    approx_kl            | 0.0036077998 |
|    clip_fraction        | 0.158        |
|    clip_range           | 0.1          |
|    entropy_loss         | -1.16        |
|    explained_variance   | 0.721        |
|    learning_rate        | 0.00012      |
|    loss                 | 34           |
|    n_updates            | 220          |
|    policy_gradient_loss | -0.00857     |
|    value_loss           | 54.2         |
------------------------------------------
-----------------------------------------
| rollout/                |             |
|    ep_len_mean          | 158         |
|    ep_rew_mean          | -62.5       |
| time/                   |             |
|    fps                  | 543         |
|    iterations           | 24          |
|    time_elapsed         | 90          |
|    total_timesteps      | 49152       |
| train/                  |             |
|    approx_kl            | 0.003634236 |
|    clip_fraction        | 0.14        |
|    clip_range           | 0.1         |
|    entropy_loss         | -1.17       |
|    explained_variance   | 0.801       |
|    learning_rate        | 0.00012     |
|    loss                 | 20.8        |
|    n_updates            | 230         |
|    policy_gradient_loss | -0.00897    |
|    value_loss           | 56.7        |
-----------------------------------------
------------------------------------------
| rollout/                |              |
|    ep_len_mean          | 164          |
|    ep_rew_mean          | -57.9        |
| time/                   |              |
|    fps                  | 546          |
|    iterations           | 25           |
|    time_elapsed         | 93           |
|    total_timesteps      | 51200        |
| train/                  |              |
|    approx_kl            | 0.0024267882 |
|    clip_fraction        | 0.104        |
|    clip_range           | 0.1          |
|    entropy_loss         | -1.21        |
|    explained_variance   | 0.926        |
|    learning_rate        | 0.00012      |
|    loss                 | 26.5         |
|    n_updates            | 240          |
|    policy_gradient_loss | -0.00494     |
|    value_loss           | 43.1         |
------------------------------------------
-----------------------------------------
| rollout/                |             |
|    ep_len_mean          | 176         |
|    ep_rew_mean          | -55.8       |
| time/                   |             |
|    fps                  | 549         |
|    iterations           | 26          |
|    time_elapsed         | 96          |
|    total_timesteps      | 53248       |
| train/                  |             |
|    approx_kl            | 0.002800147 |
|    clip_fraction        | 0.14        |
|    clip_range           | 0.1         |
|    entropy_loss         | -1.11       |
|    explained_variance   | 0.847       |
|    learning_rate        | 0.00012     |
|    loss                 | 38.6        |
|    n_updates            | 250         |
|    policy_gradient_loss | -0.00703    |
|    value_loss           | 63.2        |
-----------------------------------------
------------------------------------------
| rollout/                |              |
|    ep_len_mean          | 183          |
|    ep_rew_mean          | -51.5        |
| time/                   |              |
|    fps                  | 551          |
|    iterations           | 27           |
|    time_elapsed         | 100          |
|    total_timesteps      | 55296        |
| train/                  |              |
|    approx_kl            | 0.0043444214 |
|    clip_fraction        | 0.169        |
|    clip_range           | 0.1          |
|    entropy_loss         | -1.18        |
|    explained_variance   | 0.936        |
|    learning_rate        | 0.00012      |
|    loss                 | 14.6         |
|    n_updates            | 260          |
|    policy_gradient_loss | -0.00585     |
|    value_loss           | 33.2         |
------------------------------------------
-----------------------------------------
| rollout/                |             |
|    ep_len_mean          | 194         |
|    ep_rew_mean          | -42.6       |
| time/                   |             |
|    fps                  | 552         |
|    iterations           | 28          |
|    time_elapsed         | 103         |
|    total_timesteps      | 57344       |
| train/                  |             |
|    approx_kl            | 0.002350763 |
|    clip_fraction        | 0.127       |
|    clip_range           | 0.1         |
|    entropy_loss         | -1.11       |
|    explained_variance   | 0.882       |
|    learning_rate        | 0.00012     |
|    loss                 | 16.4        |
|    n_updates            | 270         |
|    policy_gradient_loss | -0.00624    |
|    value_loss           | 50.8        |
-----------------------------------------
------------------------------------------
| rollout/                |              |
|    ep_len_mean          | 197          |
|    ep_rew_mean          | -35.7        |
| time/                   |              |
|    fps                  | 555          |
|    iterations           | 29           |
|    time_elapsed         | 107          |
|    total_timesteps      | 59392        |
| train/                  |              |
|    approx_kl            | 0.0027060802 |
|    clip_fraction        | 0.0998       |
|    clip_range           | 0.1          |
|    entropy_loss         | -1.18        |
|    explained_variance   | 0.953        |
|    learning_rate        | 0.00012      |
|    loss                 | 7.51         |
|    n_updates            | 280          |
|    policy_gradient_loss | -0.004       |
|    value_loss           | 29.9         |
------------------------------------------
Eval num_timesteps=60000, episode_reward=-223.93 +/- 55.11
Episode length: 596.80 +/- 236.87
-----------------------------------------
| eval/                   |             |
|    mean_ep_length       | 597         |
|    mean_reward          | -224        |
| time/                   |             |
|    total_timesteps      | 60000       |
| train/                  |             |
|    approx_kl            | 0.003244428 |
|    clip_fraction        | 0.103       |
|    clip_range           | 0.1         |
|    entropy_loss         | -1.11       |
|    explained_variance   | 0.911       |
|    learning_rate        | 0.00012     |
|    loss                 | 27.6        |
|    n_updates            | 290         |
|    policy_gradient_loss | -0.00566    |
|    value_loss           | 50.3        |
-----------------------------------------
New best mean reward!
---------------------------------
| rollout/           |          |
|    ep_len_mean     | 208      |
|    ep_rew_mean     | -35      |
| time/              |          |
|    fps             | 547      |
|    iterations      | 30       |
|    time_elapsed    | 112      |
|    total_timesteps | 61440    |
---------------------------------
------------------------------------------
| rollout/                |              |
|    ep_len_mean          | 226          |
|    ep_rew_mean          | -31.8        |
| time/                   |              |
|    fps                  | 549          |
|    iterations           | 31           |
|    time_elapsed         | 115          |
|    total_timesteps      | 63488        |
| train/                  |              |
|    approx_kl            | 0.0032662197 |
|    clip_fraction        | 0.167        |
|    clip_range           | 0.1          |
|    entropy_loss         | -1.2         |
|    explained_variance   | 0.947        |
|    learning_rate        | 0.00012      |
|    loss                 | 10.9         |
|    n_updates            | 300          |
|    policy_gradient_loss | -0.00641     |
|    value_loss           | 33.1         |
------------------------------------------
------------------------------------------
| rollout/                |              |
|    ep_len_mean          | 244          |
|    ep_rew_mean          | -28.5        |
| time/                   |              |
|    fps                  | 551          |
|    iterations           | 32           |
|    time_elapsed         | 118          |
|    total_timesteps      | 65536        |
| train/                  |              |
|    approx_kl            | 0.0037670382 |
|    clip_fraction        | 0.179        |
|    clip_range           | 0.1          |
|    entropy_loss         | -1.2         |
|    explained_variance   | 0.914        |
|    learning_rate        | 0.00012      |
|    loss                 | 15.7         |
|    n_updates            | 310          |
|    policy_gradient_loss | -0.00723     |
|    value_loss           | 48           |
------------------------------------------
-----------------------------------------
| rollout/                |             |
|    ep_len_mean          | 262         |
|    ep_rew_mean          | -25.7       |
| time/                   |             |
|    fps                  | 553         |
|    iterations           | 33          |
|    time_elapsed         | 122         |
|    total_timesteps      | 67584       |
| train/                  |             |
|    approx_kl            | 0.005362064 |
|    clip_fraction        | 0.169       |
|    clip_range           | 0.1         |
|    entropy_loss         | -1.17       |
|    explained_variance   | 0.943       |
|    learning_rate        | 0.00012     |
|    loss                 | 11          |
|    n_updates            | 320         |
|    policy_gradient_loss | -0.00722    |
|    value_loss           | 26.6        |
-----------------------------------------
------------------------------------------
| rollout/                |              |
|    ep_len_mean          | 271          |
|    ep_rew_mean          | -24.1        |
| time/                   |              |
|    fps                  | 553          |
|    iterations           | 34           |
|    time_elapsed         | 125          |
|    total_timesteps      | 69632        |
| train/                  |              |
|    approx_kl            | 0.0057992106 |
|    clip_fraction        | 0.188        |
|    clip_range           | 0.1          |
|    entropy_loss         | -1.17        |
|    explained_variance   | 0.95         |
|    learning_rate        | 0.00012      |
|    loss                 | 3.27         |
|    n_updates            | 330          |
|    policy_gradient_loss | -0.00568     |
|    value_loss           | 22.1         |
------------------------------------------
------------------------------------------
| rollout/                |              |
|    ep_len_mean          | 281          |
|    ep_rew_mean          | -17.7        |
| time/                   |              |
|    fps                  | 555          |
|    iterations           | 35           |
|    time_elapsed         | 128          |
|    total_timesteps      | 71680        |
| train/                  |              |
|    approx_kl            | 0.0037667062 |
|    clip_fraction        | 0.178        |
|    clip_range           | 0.1          |
|    entropy_loss         | -1.18        |
|    explained_variance   | 0.945        |
|    learning_rate        | 0.00012      |
|    loss                 | 5.67         |
|    n_updates            | 340          |
|    policy_gradient_loss | -0.00716     |
|    value_loss           | 19.4         |
------------------------------------------
-----------------------------------------
| rollout/                |             |
|    ep_len_mean          | 292         |
|    ep_rew_mean          | -14.8       |
| time/                   |             |
|    fps                  | 557         |
|    iterations           | 36          |
|    time_elapsed         | 132         |
|    total_timesteps      | 73728       |
| train/                  |             |
|    approx_kl            | 0.006230385 |
|    clip_fraction        | 0.114       |
|    clip_range           | 0.1         |
|    entropy_loss         | -1.12       |
|    explained_variance   | 0.938       |
|    learning_rate        | 0.00012     |
|    loss                 | 10.3        |
|    n_updates            | 350         |
|    policy_gradient_loss | -0.00294    |
|    value_loss           | 34.5        |
-----------------------------------------
----------------------------------------
| rollout/                |            |
|    ep_len_mean          | 311        |
|    ep_rew_mean          | -12        |
| time/                   |            |
|    fps                  | 559        |
|    iterations           | 37         |
|    time_elapsed         | 135        |
|    total_timesteps      | 75776      |
| train/                  |            |
|    approx_kl            | 0.00389572 |
|    clip_fraction        | 0.169      |
|    clip_range           | 0.1        |
|    entropy_loss         | -1.13      |
|    explained_variance   | 0.938      |
|    learning_rate        | 0.00012    |
|    loss                 | 6          |
|    n_updates            | 360        |
|    policy_gradient_loss | -0.00394   |
|    value_loss           | 22.4       |
----------------------------------------
------------------------------------------
| rollout/                |              |
|    ep_len_mean          | 326          |
|    ep_rew_mean          | -14.1        |
| time/                   |              |
|    fps                  | 560          |
|    iterations           | 38           |
|    time_elapsed         | 138          |
|    total_timesteps      | 77824        |
| train/                  |              |
|    approx_kl            | 0.0025831023 |
|    clip_fraction        | 0.132        |
|    clip_range           | 0.1          |
|    entropy_loss         | -1.12        |
|    explained_variance   | 0.949        |
|    learning_rate        | 0.00012      |
|    loss                 | 6.8          |
|    n_updates            | 370          |
|    policy_gradient_loss | -0.00547     |
|    value_loss           | 21           |
------------------------------------------
------------------------------------------
| rollout/                |              |
|    ep_len_mean          | 344          |
|    ep_rew_mean          | -11.9        |
| time/                   |              |
|    fps                  | 562          |
|    iterations           | 39           |
|    time_elapsed         | 142          |
|    total_timesteps      | 79872        |
| train/                  |              |
|    approx_kl            | 0.0034253746 |
|    clip_fraction        | 0.152        |
|    clip_range           | 0.1          |
|    entropy_loss         | -1.1         |
|    explained_variance   | 0.862        |
|    learning_rate        | 0.00012      |
|    loss                 | 16.8         |
|    n_updates            | 380          |
|    policy_gradient_loss | -0.00645     |
|    value_loss           | 55.3         |
------------------------------------------
Eval num_timesteps=80000, episode_reward=20.23 +/- 136.49
Episode length: 682.60 +/- 208.21
------------------------------------------
| eval/                   |              |
|    mean_ep_length       | 683          |
|    mean_reward          | 20.2         |
| time/                   |              |
|    total_timesteps      | 80000        |
| train/                  |              |
|    approx_kl            | 0.0018993942 |
|    clip_fraction        | 0.106        |
|    clip_range           | 0.1          |
|    entropy_loss         | -0.993       |
|    explained_variance   | 0.909        |
|    learning_rate        | 0.00012      |
|    loss                 | 2.45         |
|    n_updates            | 390          |
|    policy_gradient_loss | -0.00351     |
|    value_loss           | 15           |
------------------------------------------
New best mean reward!
---------------------------------
| rollout/           |          |
|    ep_len_mean     | 358      |
|    ep_rew_mean     | -12.6    |
| time/              |          |
|    fps             | 554      |
|    iterations      | 40       |
|    time_elapsed    | 147      |
|    total_timesteps | 81920    |
---------------------------------
------------------------------------------
| rollout/                |              |
|    ep_len_mean          | 364          |
|    ep_rew_mean          | -12.9        |
| time/                   |              |
|    fps                  | 556          |
|    iterations           | 41           |
|    time_elapsed         | 150          |
|    total_timesteps      | 83968        |
| train/                  |              |
|    approx_kl            | 0.0028243992 |
|    clip_fraction        | 0.126        |
|    clip_range           | 0.1          |
|    entropy_loss         | -1.02        |
|    explained_variance   | 0.918        |
|    learning_rate        | 0.00012      |
|    loss                 | 9.45         |
|    n_updates            | 400          |
|    policy_gradient_loss | -0.00617     |
|    value_loss           | 32.1         |
------------------------------------------
-----------------------------------------
| rollout/                |             |
|    ep_len_mean          | 369         |
|    ep_rew_mean          | -12         |
| time/                   |             |
|    fps                  | 558         |
|    iterations           | 42          |
|    time_elapsed         | 154         |
|    total_timesteps      | 86016       |
| train/                  |             |
|    approx_kl            | 0.002006064 |
|    clip_fraction        | 0.0718      |
|    clip_range           | 0.1         |
|    entropy_loss         | -1.03       |
|    explained_variance   | 0.858       |
|    learning_rate        | 0.00012     |
|    loss                 | 15.4        |
|    n_updates            | 410         |
|    policy_gradient_loss | -0.00343    |
|    value_loss           | 69.5        |
-----------------------------------------
------------------------------------------
| rollout/                |              |
|    ep_len_mean          | 382          |
|    ep_rew_mean          | -9.65        |
| time/                   |              |
|    fps                  | 559          |
|    iterations           | 43           |
|    time_elapsed         | 157          |
|    total_timesteps      | 88064        |
| train/                  |              |
|    approx_kl            | 0.0068224417 |
|    clip_fraction        | 0.107        |
|    clip_range           | 0.1          |
|    entropy_loss         | -1.01        |
|    explained_variance   | 0.97         |
|    learning_rate        | 0.00012      |
|    loss                 | 10.5         |
|    n_updates            | 420          |
|    policy_gradient_loss | -0.00404     |
|    value_loss           | 27           |
------------------------------------------
-----------------------------------------
| rollout/                |             |
|    ep_len_mean          | 394         |
|    ep_rew_mean          | -3.92       |
| time/                   |             |
|    fps                  | 559         |
|    iterations           | 44          |
|    time_elapsed         | 161         |
|    total_timesteps      | 90112       |
| train/                  |             |
|    approx_kl            | 0.004405841 |
|    clip_fraction        | 0.149       |
|    clip_range           | 0.1         |
|    entropy_loss         | -0.99       |
|    explained_variance   | 0.957       |
|    learning_rate        | 0.00012     |
|    loss                 | 13.8        |
|    n_updates            | 430         |
|    policy_gradient_loss | -0.00373    |
|    value_loss           | 29.7        |
-----------------------------------------
-----------------------------------------
| rollout/                |             |
|    ep_len_mean          | 407         |
|    ep_rew_mean          | 0.767       |
| time/                   |             |
|    fps                  | 560         |
|    iterations           | 45          |
|    time_elapsed         | 164         |
|    total_timesteps      | 92160       |
| train/                  |             |
|    approx_kl            | 0.009310237 |
|    clip_fraction        | 0.11        |
|    clip_range           | 0.1         |
|    entropy_loss         | -0.906      |
|    explained_variance   | 0.901       |
|    learning_rate        | 0.00012     |
|    loss                 | 4.11        |
|    n_updates            | 440         |
|    policy_gradient_loss | -0.00684    |
|    value_loss           | 109         |
-----------------------------------------
------------------------------------------
| rollout/                |              |
|    ep_len_mean          | 419          |
|    ep_rew_mean          | 6.54         |
| time/                   |              |
|    fps                  | 562          |
|    iterations           | 46           |
|    time_elapsed         | 167          |
|    total_timesteps      | 94208        |
| train/                  |              |
|    approx_kl            | 0.0026836873 |
|    clip_fraction        | 0.0918       |
|    clip_range           | 0.1          |
|    entropy_loss         | -0.883       |
|    explained_variance   | 0.921        |
|    learning_rate        | 0.00012      |
|    loss                 | 51.7         |
|    n_updates            | 450          |
|    policy_gradient_loss | -0.00183     |
|    value_loss           | 75.5         |
------------------------------------------
------------------------------------------
| rollout/                |              |
|    ep_len_mean          | 423          |
|    ep_rew_mean          | 9.32         |
| time/                   |              |
|    fps                  | 563          |
|    iterations           | 47           |
|    time_elapsed         | 170          |
|    total_timesteps      | 96256        |
| train/                  |              |
|    approx_kl            | 0.0016272753 |
|    clip_fraction        | 0.0966       |
|    clip_range           | 0.1          |
|    entropy_loss         | -0.836       |
|    explained_variance   | 0.851        |
|    learning_rate        | 0.00012      |
|    loss                 | 238          |
|    n_updates            | 460          |
|    policy_gradient_loss | -0.00211     |
|    value_loss           | 169          |
------------------------------------------
------------------------------------------
| rollout/                |              |
|    ep_len_mean          | 441          |
|    ep_rew_mean          | 17.6         |
| time/                   |              |
|    fps                  | 564          |
|    iterations           | 48           |
|    time_elapsed         | 174          |
|    total_timesteps      | 98304        |
| train/                  |              |
|    approx_kl            | 0.0022102431 |
|    clip_fraction        | 0.11         |
|    clip_range           | 0.1          |
|    entropy_loss         | -0.889       |
|    explained_variance   | 0.891        |
|    learning_rate        | 0.00012      |
|    loss                 | 19.7         |
|    n_updates            | 470          |
|    policy_gradient_loss | -0.00327     |
|    value_loss           | 102          |
------------------------------------------
Eval num_timesteps=100000, episode_reward=113.40 +/- 116.21
Episode length: 631.80 +/- 52.74
-----------------------------------------
| eval/                   |             |
|    mean_ep_length       | 632         |
|    mean_reward          | 113         |
| time/                   |             |
|    total_timesteps      | 100000      |
| train/                  |             |
|    approx_kl            | 0.013518338 |
|    clip_fraction        | 0.268       |
|    clip_range           | 0.1         |
|    entropy_loss         | -0.81       |
|    explained_variance   | 0.844       |
|    learning_rate        | 0.00012     |
|    loss                 | 9.74        |
|    n_updates            | 480         |
|    policy_gradient_loss | -0.00866    |
|    value_loss           | 133         |
-----------------------------------------
New best mean reward!
---------------------------------
| rollout/           |          |
|    ep_len_mean     | 453      |
|    ep_rew_mean     | 21.6     |
| time/              |          |
|    fps             | 558      |
|    iterations      | 49       |
|    time_elapsed    | 179      |
|    total_timesteps | 100352   |
---------------------------------
------------------------------------------
| rollout/                |              |
|    ep_len_mean          | 462          |
|    ep_rew_mean          | 24.6         |
| time/                   |              |
|    fps                  | 559          |
|    iterations           | 50           |
|    time_elapsed         | 182          |
|    total_timesteps      | 102400       |
| train/                  |              |
|    approx_kl            | 0.0028126638 |
|    clip_fraction        | 0.0657       |
|    clip_range           | 0.1          |
|    entropy_loss         | -0.668       |
|    explained_variance   | 0.895        |
|    learning_rate        | 0.00012      |
|    loss                 | 9.44         |
|    n_updates            | 490          |
|    policy_gradient_loss | -0.00371     |
|    value_loss           | 71.8         |
------------------------------------------
-----------------------------------------
| rollout/                |             |
|    ep_len_mean          | 463         |
|    ep_rew_mean          | 28.7        |
| time/                   |             |
|    fps                  | 560         |
|    iterations           | 51          |
|    time_elapsed         | 186         |
|    total_timesteps      | 104448      |
| train/                  |             |
|    approx_kl            | 0.003393279 |
|    clip_fraction        | 0.111       |
|    clip_range           | 0.1         |
|    entropy_loss         | -0.945      |
|    explained_variance   | 0.847       |
|    learning_rate        | 0.00012     |
|    loss                 | 85.4        |
|    n_updates            | 500         |
|    policy_gradient_loss | -0.00489    |
|    value_loss           | 134         |
-----------------------------------------
-----------------------------------------
| rollout/                |             |
|    ep_len_mean          | 474         |
|    ep_rew_mean          | 34          |
| time/                   |             |
|    fps                  | 562         |
|    iterations           | 52          |
|    time_elapsed         | 189         |
|    total_timesteps      | 106496      |
| train/                  |             |
|    approx_kl            | 0.002930561 |
|    clip_fraction        | 0.0846      |
|    clip_range           | 0.1         |
|    entropy_loss         | -0.904      |
|    explained_variance   | 0.792       |
|    learning_rate        | 0.00012     |
|    loss                 | 41          |
|    n_updates            | 510         |
|    policy_gradient_loss | -0.00436    |
|    value_loss           | 139         |
-----------------------------------------
-----------------------------------------
| rollout/                |             |
|    ep_len_mean          | 467         |
|    ep_rew_mean          | 44.4        |
| time/                   |             |
|    fps                  | 563         |
|    iterations           | 53          |
|    time_elapsed         | 192         |
|    total_timesteps      | 108544      |
| train/                  |             |
|    approx_kl            | 0.004034452 |
|    clip_fraction        | 0.121       |
|    clip_range           | 0.1         |
|    entropy_loss         | -0.848      |
|    explained_variance   | 0.823       |
|    learning_rate        | 0.00012     |
|    loss                 | 205         |
|    n_updates            | 520         |
|    policy_gradient_loss | -0.00563    |
|    value_loss           | 123         |
-----------------------------------------
------------------------------------------
| rollout/                |              |
|    ep_len_mean          | 453          |
|    ep_rew_mean          | 54.8         |
| time/                   |              |
|    fps                  | 563          |
|    iterations           | 54           |
|    time_elapsed         | 196          |
|    total_timesteps      | 110592       |
| train/                  |              |
|    approx_kl            | 0.0033308293 |
|    clip_fraction        | 0.0551       |
|    clip_range           | 0.1          |
|    entropy_loss         | -0.769       |
|    explained_variance   | 0.635        |
|    learning_rate        | 0.00012      |
|    loss                 | 26           |
|    n_updates            | 530          |
|    policy_gradient_loss | -0.00338     |
|    value_loss           | 166          |
------------------------------------------
-----------------------------------------
| rollout/                |             |
|    ep_len_mean          | 439         |
|    ep_rew_mean          | 61.5        |
| time/                   |             |
|    fps                  | 563         |
|    iterations           | 55          |
|    time_elapsed         | 200         |
|    total_timesteps      | 112640      |
| train/                  |             |
|    approx_kl            | 0.003601754 |
|    clip_fraction        | 0.139       |
|    clip_range           | 0.1         |
|    entropy_loss         | -0.849      |
|    explained_variance   | 0.653       |
|    learning_rate        | 0.00012     |
|    loss                 | 154         |
|    n_updates            | 540         |
|    policy_gradient_loss | -0.00194    |
|    value_loss           | 163         |
-----------------------------------------
------------------------------------------
| rollout/                |              |
|    ep_len_mean          | 431          |
|    ep_rew_mean          | 72           |
| time/                   |              |
|    fps                  | 563          |
|    iterations           | 56           |
|    time_elapsed         | 203          |
|    total_timesteps      | 114688       |
| train/                  |              |
|    approx_kl            | 0.0018045099 |
|    clip_fraction        | 0.0542       |
|    clip_range           | 0.1          |
|    entropy_loss         | -0.863       |
|    explained_variance   | 0.737        |
|    learning_rate        | 0.00012      |
|    loss                 | 68.2         |
|    n_updates            | 550          |
|    policy_gradient_loss | -0.00231     |
|    value_loss           | 132          |
------------------------------------------
------------------------------------------
| rollout/                |              |
|    ep_len_mean          | 415          |
|    ep_rew_mean          | 78.7         |
| time/                   |              |
|    fps                  | 564          |
|    iterations           | 57           |
|    time_elapsed         | 206          |
|    total_timesteps      | 116736       |
| train/                  |              |
|    approx_kl            | 0.0020605726 |
|    clip_fraction        | 0.0798       |
|    clip_range           | 0.1          |
|    entropy_loss         | -0.833       |
|    explained_variance   | 0.672        |
|    learning_rate        | 0.00012      |
|    loss                 | 60.7         |
|    n_updates            | 560          |
|    policy_gradient_loss | -0.0024      |
|    value_loss           | 124          |
------------------------------------------
------------------------------------------
| rollout/                |              |
|    ep_len_mean          | 414          |
|    ep_rew_mean          | 86.9         |
| time/                   |              |
|    fps                  | 565          |
|    iterations           | 58           |
|    time_elapsed         | 210          |
|    total_timesteps      | 118784       |
| train/                  |              |
|    approx_kl            | 0.0018243047 |
|    clip_fraction        | 0.0922       |
|    clip_range           | 0.1          |
|    entropy_loss         | -0.86        |
|    explained_variance   | 0.637        |
|    learning_rate        | 0.00012      |
|    loss                 | 71.9         |
|    n_updates            | 570          |
|    policy_gradient_loss | -0.00238     |
|    value_loss           | 156          |
------------------------------------------
Eval num_timesteps=120000, episode_reward=118.17 +/- 89.48
Episode length: 830.80 +/- 41.26
------------------------------------------
| eval/                   |              |
|    mean_ep_length       | 831          |
|    mean_reward          | 118          |
| time/                   |              |
|    total_timesteps      | 120000       |
| train/                  |              |
|    approx_kl            | 0.0020982781 |
|    clip_fraction        | 0.106        |
|    clip_range           | 0.1          |
|    entropy_loss         | -0.721       |
|    explained_variance   | 0.657        |
|    learning_rate        | 0.00012      |
|    loss                 | 135          |
|    n_updates            | 580          |
|    policy_gradient_loss | -0.00374     |
|    value_loss           | 151          |
------------------------------------------
New best mean reward!
---------------------------------
| rollout/           |          |
|    ep_len_mean     | 404      |
|    ep_rew_mean     | 100      |
| time/              |          |
|    fps             | 557      |
|    iterations      | 59       |
|    time_elapsed    | 216      |
|    total_timesteps | 120832   |
---------------------------------
------------------------------------------
| rollout/                |              |
|    ep_len_mean          | 404          |
|    ep_rew_mean          | 108          |
| time/                   |              |
|    fps                  | 559          |
|    iterations           | 60           |
|    time_elapsed         | 219          |
|    total_timesteps      | 122880       |
| train/                  |              |
|    approx_kl            | 0.0012991675 |
|    clip_fraction        | 0.0536       |
|    clip_range           | 0.1          |
|    entropy_loss         | -0.753       |
|    explained_variance   | 0.738        |
|    learning_rate        | 0.00012      |
|    loss                 | 26.7         |
|    n_updates            | 590          |
|    policy_gradient_loss | -0.00162     |
|    value_loss           | 86.6         |
------------------------------------------
------------------------------------------
| rollout/                |              |
|    ep_len_mean          | 409          |
|    ep_rew_mean          | 121          |
| time/                   |              |
|    fps                  | 560          |
|    iterations           | 61           |
|    time_elapsed         | 223          |
|    total_timesteps      | 124928       |
| train/                  |              |
|    approx_kl            | 0.0021803982 |
|    clip_fraction        | 0.0519       |
|    clip_range           | 0.1          |
|    entropy_loss         | -0.843       |
|    explained_variance   | 0.815        |
|    learning_rate        | 0.00012      |
|    loss                 | 64.3         |
|    n_updates            | 600          |
|    policy_gradient_loss | -0.000758    |
|    value_loss           | 125          |
------------------------------------------
------------------------------------------
| rollout/                |              |
|    ep_len_mean          | 397          |
|    ep_rew_mean          | 129          |
| time/                   |              |
|    fps                  | 560          |
|    iterations           | 62           |
|    time_elapsed         | 226          |
|    total_timesteps      | 126976       |
| train/                  |              |
|    approx_kl            | 0.0014122725 |
|    clip_fraction        | 0.049        |
|    clip_range           | 0.1          |
|    entropy_loss         | -0.845       |
|    explained_variance   | 0.706        |
|    learning_rate        | 0.00012      |
|    loss                 | 47.4         |
|    n_updates            | 610          |
|    policy_gradient_loss | -0.00176     |
|    value_loss           | 94.5         |
------------------------------------------
-----------------------------------------
| rollout/                |             |
|    ep_len_mean          | 399         |
|    ep_rew_mean          | 140         |
| time/                   |             |
|    fps                  | 561         |
|    iterations           | 63          |
|    time_elapsed         | 229         |
|    total_timesteps      | 129024      |
| train/                  |             |
|    approx_kl            | 0.001851829 |
|    clip_fraction        | 0.0625      |
|    clip_range           | 0.1         |
|    entropy_loss         | -0.826      |
|    explained_variance   | 0.655       |
|    learning_rate        | 0.00012     |
|    loss                 | 44          |
|    n_updates            | 620         |
|    policy_gradient_loss | -0.00309    |
|    value_loss           | 166         |
-----------------------------------------
------------------------------------------
| rollout/                |              |
|    ep_len_mean          | 376          |
|    ep_rew_mean          | 138          |
| time/                   |              |
|    fps                  | 562          |
|    iterations           | 64           |
|    time_elapsed         | 233          |
|    total_timesteps      | 131072       |
| train/                  |              |
|    approx_kl            | 0.0010943576 |
|    clip_fraction        | 0.0599       |
|    clip_range           | 0.1          |
|    entropy_loss         | -0.751       |
|    explained_variance   | 0.75         |
|    learning_rate        | 0.00012      |
|    loss                 | 98.4         |
|    n_updates            | 630          |
|    policy_gradient_loss | -0.00154     |
|    value_loss           | 101          |
------------------------------------------
------------------------------------------
| rollout/                |              |
|    ep_len_mean          | 353          |
|    ep_rew_mean          | 142          |
| time/                   |              |
|    fps                  | 562          |
|    iterations           | 65           |
|    time_elapsed         | 236          |
|    total_timesteps      | 133120       |
| train/                  |              |
|    approx_kl            | 0.0022112832 |
|    clip_fraction        | 0.0608       |
|    clip_range           | 0.1          |
|    entropy_loss         | -0.861       |
|    explained_variance   | 0.775        |
|    learning_rate        | 0.00012      |
|    loss                 | 23.2         |
|    n_updates            | 640          |
|    policy_gradient_loss | -0.00252     |
|    value_loss           | 149          |
------------------------------------------
------------------------------------------
| rollout/                |              |
|    ep_len_mean          | 344          |
|    ep_rew_mean          | 145          |
| time/                   |              |
|    fps                  | 563          |
|    iterations           | 66           |
|    time_elapsed         | 239          |
|    total_timesteps      | 135168       |
| train/                  |              |
|    approx_kl            | 0.0021641664 |
|    clip_fraction        | 0.0737       |
|    clip_range           | 0.1          |
|    entropy_loss         | -0.821       |
|    explained_variance   | 0.757        |
|    learning_rate        | 0.00012      |
|    loss                 | 53.1         |
|    n_updates            | 650          |
|    policy_gradient_loss | -0.00191     |
|    value_loss           | 113          |
------------------------------------------
-----------------------------------------
| rollout/                |             |
|    ep_len_mean          | 343         |
|    ep_rew_mean          | 151         |
| time/                   |             |
|    fps                  | 564         |
|    iterations           | 67          |
|    time_elapsed         | 243         |
|    total_timesteps      | 137216      |
| train/                  |             |
|    approx_kl            | 0.002974027 |
|    clip_fraction        | 0.0988      |
|    clip_range           | 0.1         |
|    entropy_loss         | -0.779      |
|    explained_variance   | 0.708       |
|    learning_rate        | 0.00012     |
|    loss                 | 52.5        |
|    n_updates            | 660         |
|    policy_gradient_loss | -0.0029     |
|    value_loss           | 127         |
-----------------------------------------
------------------------------------------
| rollout/                |              |
|    ep_len_mean          | 343          |
|    ep_rew_mean          | 159          |
| time/                   |              |
|    fps                  | 565          |
|    iterations           | 68           |
|    time_elapsed         | 246          |
|    total_timesteps      | 139264       |
| train/                  |              |
|    approx_kl            | 0.0014046893 |
|    clip_fraction        | 0.0859       |
|    clip_range           | 0.1          |
|    entropy_loss         | -0.844       |
|    explained_variance   | 0.798        |
|    learning_rate        | 0.00012      |
|    loss                 | 24.8         |
|    n_updates            | 670          |
|    policy_gradient_loss | -0.000747    |
|    value_loss           | 89.2         |
------------------------------------------
Eval num_timesteps=140000, episode_reward=115.07 +/- 56.57
Episode length: 790.80 +/- 160.78
-----------------------------------------
| eval/                   |             |
|    mean_ep_length       | 791         |
|    mean_reward          | 115         |
| time/                   |             |
|    total_timesteps      | 140000      |
| train/                  |             |
|    approx_kl            | 0.002381407 |
|    clip_fraction        | 0.0754      |
|    clip_range           | 0.1         |
|    entropy_loss         | -0.858      |
|    explained_variance   | 0.674       |
|    learning_rate        | 0.00012     |
|    loss                 | 13.1        |
|    n_updates            | 680         |
|    policy_gradient_loss | -0.00301    |
|    value_loss           | 153         |
-----------------------------------------
---------------------------------
| rollout/           |          |
|    ep_len_mean     | 338      |
|    ep_rew_mean     | 162      |
| time/              |          |
|    fps             | 560      |
|    iterations      | 69       |
|    time_elapsed    | 252      |
|    total_timesteps | 141312   |
---------------------------------
------------------------------------------
| rollout/                |              |
|    ep_len_mean          | 334          |
|    ep_rew_mean          | 165          |
| time/                   |              |
|    fps                  | 561          |
|    iterations           | 70           |
|    time_elapsed         | 255          |
|    total_timesteps      | 143360       |
| train/                  |              |
|    approx_kl            | 0.0020893775 |
|    clip_fraction        | 0.0712       |
|    clip_range           | 0.1          |
|    entropy_loss         | -0.762       |
|    explained_variance   | 0.721        |
|    learning_rate        | 0.00012      |
|    loss                 | 30.5         |
|    n_updates            | 690          |
|    policy_gradient_loss | -0.00172     |
|    value_loss           | 72.5         |
------------------------------------------
------------------------------------------
| rollout/                |              |
|    ep_len_mean          | 335          |
|    ep_rew_mean          | 171          |
| time/                   |              |
|    fps                  | 562          |
|    iterations           | 71           |
|    time_elapsed         | 258          |
|    total_timesteps      | 145408       |
| train/                  |              |
|    approx_kl            | 0.0025849976 |
|    clip_fraction        | 0.0815       |
|    clip_range           | 0.1          |
|    entropy_loss         | -0.801       |
|    explained_variance   | 0.748        |
|    learning_rate        | 0.00012      |
|    loss                 | 12.7         |
|    n_updates            | 700          |
|    policy_gradient_loss | -0.00245     |
|    value_loss           | 56.9         |
------------------------------------------
------------------------------------------
| rollout/                |              |
|    ep_len_mean          | 331          |
|    ep_rew_mean          | 168          |
| time/                   |              |
|    fps                  | 563          |
|    iterations           | 72           |
|    time_elapsed         | 261          |
|    total_timesteps      | 147456       |
| train/                  |              |
|    approx_kl            | 0.0018034935 |
|    clip_fraction        | 0.0583       |
|    clip_range           | 0.1          |
|    entropy_loss         | -0.644       |
|    explained_variance   | 0.84         |
|    learning_rate        | 0.00012      |
|    loss                 | 44.7         |
|    n_updates            | 710          |
|    policy_gradient_loss | -0.00248     |
|    value_loss           | 71.5         |
------------------------------------------
-----------------------------------------
| rollout/                |             |
|    ep_len_mean          | 331         |
|    ep_rew_mean          | 173         |
| time/                   |             |
|    fps                  | 564         |
|    iterations           | 73          |
|    time_elapsed         | 265         |
|    total_timesteps      | 149504      |
| train/                  |             |
|    approx_kl            | 0.001367151 |
|    clip_fraction        | 0.0537      |
|    clip_range           | 0.1         |
|    entropy_loss         | -0.812      |
|    explained_variance   | 0.721       |
|    learning_rate        | 0.00012     |
|    loss                 | 75.5        |
|    n_updates            | 720         |
|    policy_gradient_loss | -0.00229    |
|    value_loss           | 112         |
-----------------------------------------
-----------------------------------------
| rollout/                |             |
|    ep_len_mean          | 322         |
|    ep_rew_mean          | 167         |
| time/                   |             |
|    fps                  | 564         |
|    iterations           | 74          |
|    time_elapsed         | 268         |
|    total_timesteps      | 151552      |
| train/                  |             |
|    approx_kl            | 0.002407522 |
|    clip_fraction        | 0.0844      |
|    clip_range           | 0.1         |
|    entropy_loss         | -0.798      |
|    explained_variance   | 0.823       |
|    learning_rate        | 0.00012     |
|    loss                 | 69          |
|    n_updates            | 730         |
|    policy_gradient_loss | -0.00258    |
|    value_loss           | 90.2        |
-----------------------------------------
------------------------------------------
| rollout/                |              |
|    ep_len_mean          | 312          |
|    ep_rew_mean          | 166          |
| time/                   |              |
|    fps                  | 565          |
|    iterations           | 75           |
|    time_elapsed         | 271          |
|    total_timesteps      | 153600       |
| train/                  |              |
|    approx_kl            | 0.0014084651 |
|    clip_fraction        | 0.0545       |
|    clip_range           | 0.1          |
|    entropy_loss         | -0.813       |
|    explained_variance   | 0.651        |
|    learning_rate        | 0.00012      |
|    loss                 | 79.1         |
|    n_updates            | 740          |
|    policy_gradient_loss | -0.00142     |
|    value_loss           | 142          |
------------------------------------------
-------------------------------------------
| rollout/                |               |
|    ep_len_mean          | 309           |
|    ep_rew_mean          | 169           |
| time/                   |               |
|    fps                  | 565           |
|    iterations           | 76            |
|    time_elapsed         | 275           |
|    total_timesteps      | 155648        |
| train/                  |               |
|    approx_kl            | 0.00091194594 |
|    clip_fraction        | 0.0426        |
|    clip_range           | 0.1           |
|    entropy_loss         | -0.76         |
|    explained_variance   | 0.739         |
|    learning_rate        | 0.00012       |
|    loss                 | 47.8          |
|    n_updates            | 750           |
|    policy_gradient_loss | -0.00344      |
|    value_loss           | 140           |
-------------------------------------------
------------------------------------------
| rollout/                |              |
|    ep_len_mean          | 313          |
|    ep_rew_mean          | 173          |
| time/                   |              |
|    fps                  | 566          |
|    iterations           | 77           |
|    time_elapsed         | 278          |
|    total_timesteps      | 157696       |
| train/                  |              |
|    approx_kl            | 0.0020946832 |
|    clip_fraction        | 0.0836       |
|    clip_range           | 0.1          |
|    entropy_loss         | -0.682       |
|    explained_variance   | 0.911        |
|    learning_rate        | 0.00012      |
|    loss                 | 20.1         |
|    n_updates            | 760          |
|    policy_gradient_loss | -0.0021      |
|    value_loss           | 50.4         |
------------------------------------------
------------------------------------------
| rollout/                |              |
|    ep_len_mean          | 308          |
|    ep_rew_mean          | 174          |
| time/                   |              |
|    fps                  | 566          |
|    iterations           | 78           |
|    time_elapsed         | 281          |
|    total_timesteps      | 159744       |
| train/                  |              |
|    approx_kl            | 0.0016533796 |
|    clip_fraction        | 0.0443       |
|    clip_range           | 0.1          |
|    entropy_loss         | -0.722       |
|    explained_variance   | 0.679        |
|    learning_rate        | 0.00012      |
|    loss                 | 69.5         |
|    n_updates            | 770          |
|    policy_gradient_loss | -0.00239     |
|    value_loss           | 150          |
------------------------------------------
Eval num_timesteps=160000, episode_reward=205.23 +/- 27.54
Episode length: 528.40 +/- 79.61
-----------------------------------------
| eval/                   |             |
|    mean_ep_length       | 528         |
|    mean_reward          | 205         |
| time/                   |             |
|    total_timesteps      | 160000      |
| train/                  |             |
|    approx_kl            | 0.001062197 |
|    clip_fraction        | 0.0449      |
|    clip_range           | 0.1         |
|    entropy_loss         | -0.754      |
|    explained_variance   | 0.777       |
|    learning_rate        | 0.00012     |
|    loss                 | 30.8        |
|    n_updates            | 780         |
|    policy_gradient_loss | -0.00227    |
|    value_loss           | 89.4        |
-----------------------------------------
New best mean reward!
---------------------------------
| rollout/           |          |
|    ep_len_mean     | 306      |
|    ep_rew_mean     | 180      |
| time/              |          |
|    fps             | 564      |
|    iterations      | 79       |
|    time_elapsed    | 286      |
|    total_timesteps | 161792   |
---------------------------------
-----------------------------------------
| rollout/                |             |
|    ep_len_mean          | 308         |
|    ep_rew_mean          | 184         |
| time/                   |             |
|    fps                  | 564         |
|    iterations           | 80          |
|    time_elapsed         | 290         |
|    total_timesteps      | 163840      |
| train/                  |             |
|    approx_kl            | 0.001147119 |
|    clip_fraction        | 0.0355      |
|    clip_range           | 0.1         |
|    entropy_loss         | -0.787      |
|    explained_variance   | 0.73        |
|    learning_rate        | 0.00012     |
|    loss                 | 7.62        |
|    n_updates            | 790         |
|    policy_gradient_loss | -0.000634   |
|    value_loss           | 130         |
-----------------------------------------
------------------------------------------
| rollout/                |              |
|    ep_len_mean          | 302          |
|    ep_rew_mean          | 184          |
| time/                   |              |
|    fps                  | 565          |
|    iterations           | 81           |
|    time_elapsed         | 293          |
|    total_timesteps      | 165888       |
| train/                  |              |
|    approx_kl            | 0.0024484876 |
|    clip_fraction        | 0.076        |
|    clip_range           | 0.1          |
|    entropy_loss         | -0.837       |
|    explained_variance   | 0.787        |
|    learning_rate        | 0.00012      |
|    loss                 | 39.5         |
|    n_updates            | 800          |
|    policy_gradient_loss | -0.00205     |
|    value_loss           | 92           |
------------------------------------------
-----------------------------------------
| rollout/                |             |
|    ep_len_mean          | 304         |
|    ep_rew_mean          | 190         |
| time/                   |             |
|    fps                  | 565         |
|    iterations           | 82          |
|    time_elapsed         | 296         |
|    total_timesteps      | 167936      |
| train/                  |             |
|    approx_kl            | 0.002061396 |
|    clip_fraction        | 0.084       |
|    clip_range           | 0.1         |
|    entropy_loss         | -0.728      |
|    explained_variance   | 0.768       |
|    learning_rate        | 0.00012     |
|    loss                 | 70.8        |
|    n_updates            | 810         |
|    policy_gradient_loss | -0.0022     |
|    value_loss           | 159         |
-----------------------------------------
------------------------------------------
| rollout/                |              |
|    ep_len_mean          | 302          |
|    ep_rew_mean          | 188          |
| time/                   |              |
|    fps                  | 566          |
|    iterations           | 83           |
|    time_elapsed         | 300          |
|    total_timesteps      | 169984       |
| train/                  |              |
|    approx_kl            | 0.0016581938 |
|    clip_fraction        | 0.0437       |
|    clip_range           | 0.1          |
|    entropy_loss         | -0.742       |
|    explained_variance   | 0.612        |
|    learning_rate        | 0.00012      |
|    loss                 | 18.2         |
|    n_updates            | 820          |
|    policy_gradient_loss | -0.00151     |
|    value_loss           | 173          |
------------------------------------------
------------------------------------------
| rollout/                |              |
|    ep_len_mean          | 301          |
|    ep_rew_mean          | 182          |
| time/                   |              |
|    fps                  | 567          |
|    iterations           | 84           |
|    time_elapsed         | 303          |
|    total_timesteps      | 172032       |
| train/                  |              |
|    approx_kl            | 0.0013011396 |
|    clip_fraction        | 0.0499       |
|    clip_range           | 0.1          |
|    entropy_loss         | -0.83        |
|    explained_variance   | 0.782        |
|    learning_rate        | 0.00012      |
|    loss                 | 26.8         |
|    n_updates            | 830          |
|    policy_gradient_loss | -0.0012      |
|    value_loss           | 149          |
------------------------------------------
-----------------------------------------
| rollout/                |             |
|    ep_len_mean          | 302         |
|    ep_rew_mean          | 179         |
| time/                   |             |
|    fps                  | 567         |
|    iterations           | 85          |
|    time_elapsed         | 306         |
|    total_timesteps      | 174080      |
| train/                  |             |
|    approx_kl            | 0.001015087 |
|    clip_fraction        | 0.0423      |
|    clip_range           | 0.1         |
|    entropy_loss         | -0.682      |
|    explained_variance   | 0.689       |
|    learning_rate        | 0.00012     |
|    loss                 | 28.5        |
|    n_updates            | 840         |
|    policy_gradient_loss | -0.00086    |
|    value_loss           | 159         |
-----------------------------------------
------------------------------------------
| rollout/                |              |
|    ep_len_mean          | 299          |
|    ep_rew_mean          | 178          |
| time/                   |              |
|    fps                  | 568          |
|    iterations           | 86           |
|    time_elapsed         | 309          |
|    total_timesteps      | 176128       |
| train/                  |              |
|    approx_kl            | 0.0019148842 |
|    clip_fraction        | 0.0463       |
|    clip_range           | 0.1          |
|    entropy_loss         | -0.718       |
|    explained_variance   | 0.766        |
|    learning_rate        | 0.00012      |
|    loss                 | 69.3         |
|    n_updates            | 850          |
|    policy_gradient_loss | -0.00146     |
|    value_loss           | 121          |
------------------------------------------
------------------------------------------
| rollout/                |              |
|    ep_len_mean          | 302          |
|    ep_rew_mean          | 177          |
| time/                   |              |
|    fps                  | 569          |
|    iterations           | 87           |
|    time_elapsed         | 313          |
|    total_timesteps      | 178176       |
| train/                  |              |
|    approx_kl            | 0.0013558501 |
|    clip_fraction        | 0.0496       |
|    clip_range           | 0.1          |
|    entropy_loss         | -0.781       |
|    explained_variance   | 0.793        |
|    learning_rate        | 0.00012      |
|    loss                 | 46.4         |
|    n_updates            | 860          |
|    policy_gradient_loss | -0.0024      |
|    value_loss           | 94.6         |
------------------------------------------
Eval num_timesteps=180000, episode_reward=167.11 +/- 101.99
Episode length: 571.80 +/- 186.24
------------------------------------------
| eval/                   |              |
|    mean_ep_length       | 572          |
|    mean_reward          | 167          |
| time/                   |              |
|    total_timesteps      | 180000       |
| train/                  |              |
|    approx_kl            | 0.0027325847 |
|    clip_fraction        | 0.0863       |
|    clip_range           | 0.1          |
|    entropy_loss         | -0.736       |
|    explained_variance   | 0.76         |
|    learning_rate        | 0.00012      |
|    loss                 | 50.4         |
|    n_updates            | 870          |
|    policy_gradient_loss | -0.00321     |
|    value_loss           | 106          |
------------------------------------------
---------------------------------
| rollout/           |          |
|    ep_len_mean     | 302      |
|    ep_rew_mean     | 180      |
| time/              |          |
|    fps             | 566      |
|    iterations      | 88       |
|    time_elapsed    | 318      |
|    total_timesteps | 180224   |
---------------------------------
------------------------------------------
| rollout/                |              |
|    ep_len_mean          | 304          |
|    ep_rew_mean          | 187          |
| time/                   |              |
|    fps                  | 566          |
|    iterations           | 89           |
|    time_elapsed         | 321          |
|    total_timesteps      | 182272       |
| train/                  |              |
|    approx_kl            | 0.0016260294 |
|    clip_fraction        | 0.0733       |
|    clip_range           | 0.1          |
|    entropy_loss         | -0.752       |
|    explained_variance   | 0.856        |
|    learning_rate        | 0.00012      |
|    loss                 | 12.3         |
|    n_updates            | 880          |
|    policy_gradient_loss | -0.00126     |
|    value_loss           | 65           |
------------------------------------------
------------------------------------------
| rollout/                |              |
|    ep_len_mean          | 305          |
|    ep_rew_mean          | 187          |
| time/                   |              |
|    fps                  | 567          |
|    iterations           | 90           |
|    time_elapsed         | 324          |
|    total_timesteps      | 184320       |
| train/                  |              |
|    approx_kl            | 0.0029986524 |
|    clip_fraction        | 0.105        |
|    clip_range           | 0.1          |
|    entropy_loss         | -0.828       |
|    explained_variance   | 0.822        |
|    learning_rate        | 0.00012      |
|    loss                 | 18.4         |
|    n_updates            | 890          |
|    policy_gradient_loss | -0.00188     |
|    value_loss           | 74.4         |
------------------------------------------
-----------------------------------------
| rollout/                |             |
|    ep_len_mean          | 301         |
|    ep_rew_mean          | 186         |
| time/                   |             |
|    fps                  | 567         |
|    iterations           | 91          |
|    time_elapsed         | 328         |
|    total_timesteps      | 186368      |
| train/                  |             |
|    approx_kl            | 0.001844962 |
|    clip_fraction        | 0.0744      |
|    clip_range           | 0.1         |
|    entropy_loss         | -0.813      |
|    explained_variance   | 0.797       |
|    learning_rate        | 0.00012     |
|    loss                 | 222         |
|    n_updates            | 900         |
|    policy_gradient_loss | -0.000809   |
|    value_loss           | 112         |
-----------------------------------------
------------------------------------------
| rollout/                |              |
|    ep_len_mean          | 299          |
|    ep_rew_mean          | 186          |
| time/                   |              |
|    fps                  | 568          |
|    iterations           | 92           |
|    time_elapsed         | 331          |
|    total_timesteps      | 188416       |
| train/                  |              |
|    approx_kl            | 0.0027740793 |
|    clip_fraction        | 0.12         |
|    clip_range           | 0.1          |
|    entropy_loss         | -0.765       |
|    explained_variance   | 0.883        |
|    learning_rate        | 0.00012      |
|    loss                 | 47.6         |
|    n_updates            | 910          |
|    policy_gradient_loss | -0.0018      |
|    value_loss           | 55.5         |
------------------------------------------
------------------------------------------
| rollout/                |              |
|    ep_len_mean          | 298          |
|    ep_rew_mean          | 186          |
| time/                   |              |
|    fps                  | 568          |
|    iterations           | 93           |
|    time_elapsed         | 334          |
|    total_timesteps      | 190464       |
| train/                  |              |
|    approx_kl            | 0.0011827311 |
|    clip_fraction        | 0.0538       |
|    clip_range           | 0.1          |
|    entropy_loss         | -0.79        |
|    explained_variance   | 0.777        |
|    learning_rate        | 0.00012      |
|    loss                 | 5.5          |
|    n_updates            | 920          |
|    policy_gradient_loss | -0.00066     |
|    value_loss           | 108          |
------------------------------------------
------------------------------------------
| rollout/                |              |
|    ep_len_mean          | 293          |
|    ep_rew_mean          | 184          |
| time/                   |              |
|    fps                  | 568          |
|    iterations           | 94           |
|    time_elapsed         | 338          |
|    total_timesteps      | 192512       |
| train/                  |              |
|    approx_kl            | 0.0015124845 |
|    clip_fraction        | 0.073        |
|    clip_range           | 0.1          |
|    entropy_loss         | -0.735       |
|    explained_variance   | 0.833        |
|    learning_rate        | 0.00012      |
|    loss                 | 32.1         |
|    n_updates            | 930          |
|    policy_gradient_loss | -0.00197     |
|    value_loss           | 65           |
------------------------------------------
-------------------------------------------
| rollout/                |               |
|    ep_len_mean          | 297           |
|    ep_rew_mean          | 189           |
| time/                   |               |
|    fps                  | 569           |
|    iterations           | 95            |
|    time_elapsed         | 341           |
|    total_timesteps      | 194560        |
| train/                  |               |
|    approx_kl            | 0.00083079946 |
|    clip_fraction        | 0.0312        |
|    clip_range           | 0.1           |
|    entropy_loss         | -0.802        |
|    explained_variance   | 0.768         |
|    learning_rate        | 0.00012       |
|    loss                 | 14.1          |
|    n_updates            | 940           |
|    policy_gradient_loss | -0.00162      |
|    value_loss           | 126           |
-------------------------------------------
-----------------------------------------
| rollout/                |             |
|    ep_len_mean          | 301         |
|    ep_rew_mean          | 191         |
| time/                   |             |
|    fps                  | 568         |
|    iterations           | 96          |
|    time_elapsed         | 345         |
|    total_timesteps      | 196608      |
| train/                  |             |
|    approx_kl            | 0.001183914 |
|    clip_fraction        | 0.0393      |
|    clip_range           | 0.1         |
|    entropy_loss         | -0.674      |
|    explained_variance   | 0.813       |
|    learning_rate        | 0.00012     |
|    loss                 | 28          |
|    n_updates            | 950         |
|    policy_gradient_loss | -0.001      |
|    value_loss           | 76.9        |
-----------------------------------------
------------------------------------------
| rollout/                |              |
|    ep_len_mean          | 299          |
|    ep_rew_mean          | 193          |
| time/                   |              |
|    fps                  | 569          |
|    iterations           | 97           |
|    time_elapsed         | 348          |
|    total_timesteps      | 198656       |
| train/                  |              |
|    approx_kl            | 0.0027639377 |
|    clip_fraction        | 0.0564       |
|    clip_range           | 0.1          |
|    entropy_loss         | -0.73        |
|    explained_variance   | 0.84         |
|    learning_rate        | 0.00012      |
|    loss                 | 10.8         |
|    n_updates            | 960          |
|    policy_gradient_loss | -0.00146     |
|    value_loss           | 74.3         |
------------------------------------------
Eval num_timesteps=200000, episode_reward=205.58 +/- 31.40
Episode length: 529.20 +/- 50.88
-------------------------------------------
| eval/                   |               |
|    mean_ep_length       | 529           |
|    mean_reward          | 206           |
| time/                   |               |
|    total_timesteps      | 200000        |
| train/                  |               |
|    approx_kl            | 0.00090178463 |
|    clip_fraction        | 0.0312        |
|    clip_range           | 0.1           |
|    entropy_loss         | -0.709        |
|    explained_variance   | 0.8           |
|    learning_rate        | 0.00012       |
|    loss                 | 12.1          |
|    n_updates            | 970           |
|    policy_gradient_loss | -0.00022      |
|    value_loss           | 113           |
-------------------------------------------
New best mean reward!
---------------------------------
| rollout/           |          |
|    ep_len_mean     | 307      |
|    ep_rew_mean     | 199      |
| time/              |          |
|    fps             | 567      |
|    iterations      | 98       |
|    time_elapsed    | 353      |
|    total_timesteps | 200704   |
---------------------------------
------------------------------------------
| rollout/                |              |
|    ep_len_mean          | 307          |
|    ep_rew_mean          | 206          |
| time/                   |              |
|    fps                  | 567          |
|    iterations           | 99           |
|    time_elapsed         | 357          |
|    total_timesteps      | 202752       |
| train/                  |              |
|    approx_kl            | 0.0014286926 |
|    clip_fraction        | 0.0465       |
|    clip_range           | 0.1          |
|    entropy_loss         | -0.685       |
|    explained_variance   | 0.852        |
|    learning_rate        | 0.00012      |
|    loss                 | 135          |
|    n_updates            | 980          |
|    policy_gradient_loss | -0.00104     |
|    value_loss           | 106          |
------------------------------------------
------------------------------------------
| rollout/                |              |
|    ep_len_mean          | 302          |
|    ep_rew_mean          | 206          |
| time/                   |              |
|    fps                  | 567          |
|    iterations           | 100          |
|    time_elapsed         | 360          |
|    total_timesteps      | 204800       |
| train/                  |              |
|    approx_kl            | 0.0015744753 |
|    clip_fraction        | 0.0472       |
|    clip_range           | 0.1          |
|    entropy_loss         | -0.677       |
|    explained_variance   | 0.883        |
|    learning_rate        | 0.00012      |
|    loss                 | 17.7         |
|    n_updates            | 990          |
|    policy_gradient_loss | -0.00102     |
|    value_loss           | 44.8         |
------------------------------------------
------------------------------------------
| rollout/                |              |
|    ep_len_mean          | 299          |
|    ep_rew_mean          | 204          |
| time/                   |              |
|    fps                  | 567          |
|    iterations           | 101          |
|    time_elapsed         | 364          |
|    total_timesteps      | 206848       |
| train/                  |              |
|    approx_kl            | 0.0016469827 |
|    clip_fraction        | 0.0661       |
|    clip_range           | 0.1          |
|    entropy_loss         | -0.808       |
|    explained_variance   | 0.796        |
|    learning_rate        | 0.00012      |
|    loss                 | 27.9         |
|    n_updates            | 1000         |
|    policy_gradient_loss | -0.002       |
|    value_loss           | 90.2         |
------------------------------------------
------------------------------------------
| rollout/                |              |
|    ep_len_mean          | 300          |
|    ep_rew_mean          | 201          |
| time/                   |              |
|    fps                  | 567          |
|    iterations           | 102          |
|    time_elapsed         | 367          |
|    total_timesteps      | 208896       |
| train/                  |              |
|    approx_kl            | 0.0011481901 |
|    clip_fraction        | 0.0489       |
|    clip_range           | 0.1          |
|    entropy_loss         | -0.719       |
|    explained_variance   | 0.863        |
|    learning_rate        | 0.00012      |
|    loss                 | 5.4          |
|    n_updates            | 1010         |
|    policy_gradient_loss | -0.000448    |
|    value_loss           | 93.9         |
------------------------------------------
------------------------------------------
| rollout/                |              |
|    ep_len_mean          | 295          |
|    ep_rew_mean          | 197          |
| time/                   |              |
|    fps                  | 568          |
|    iterations           | 103          |
|    time_elapsed         | 371          |
|    total_timesteps      | 210944       |
| train/                  |              |
|    approx_kl            | 0.0016188778 |
|    clip_fraction        | 0.0986       |
|    clip_range           | 0.1          |
|    entropy_loss         | -0.727       |
|    explained_variance   | 0.895        |
|    learning_rate        | 0.00012      |
|    loss                 | 67.5         |
|    n_updates            | 1020         |
|    policy_gradient_loss | -0.000935    |
|    value_loss           | 59.5         |
------------------------------------------
------------------------------------------
| rollout/                |              |
|    ep_len_mean          | 297          |
|    ep_rew_mean          | 204          |
| time/                   |              |
|    fps                  | 568          |
|    iterations           | 104          |
|    time_elapsed         | 374          |
|    total_timesteps      | 212992       |
| train/                  |              |
|    approx_kl            | 0.0016796939 |
|    clip_fraction        | 0.0801       |
|    clip_range           | 0.1          |
|    entropy_loss         | -0.714       |
|    explained_variance   | 0.776        |
|    learning_rate        | 0.00012      |
|    loss                 | 37.6         |
|    n_updates            | 1030         |
|    policy_gradient_loss | -0.00193     |
|    value_loss           | 120          |
------------------------------------------
------------------------------------------
| rollout/                |              |
|    ep_len_mean          | 296          |
|    ep_rew_mean          | 205          |
| time/                   |              |
|    fps                  | 568          |
|    iterations           | 105          |
|    time_elapsed         | 377          |
|    total_timesteps      | 215040       |
| train/                  |              |
|    approx_kl            | 0.0023985957 |
|    clip_fraction        | 0.0956       |
|    clip_range           | 0.1          |
|    entropy_loss         | -0.781       |
|    explained_variance   | 0.886        |
|    learning_rate        | 0.00012      |
|    loss                 | 13.1         |
|    n_updates            | 1040         |
|    policy_gradient_loss | -0.00133     |
|    value_loss           | 86.8         |
------------------------------------------
-----------------------------------------
| rollout/                |             |
|    ep_len_mean          | 303         |
|    ep_rew_mean          | 203         |
| time/                   |             |
|    fps                  | 569         |
|    iterations           | 106         |
|    time_elapsed         | 381         |
|    total_timesteps      | 217088      |
| train/                  |             |
|    approx_kl            | 0.001737392 |
|    clip_fraction        | 0.0584      |
|    clip_range           | 0.1         |
|    entropy_loss         | -0.758      |
|    explained_variance   | 0.856       |
|    learning_rate        | 0.00012     |
|    loss                 | 25.6        |
|    n_updates            | 1050        |
|    policy_gradient_loss | -0.000701   |
|    value_loss           | 56.4        |
-----------------------------------------
------------------------------------------
| rollout/                |              |
|    ep_len_mean          | 301          |
|    ep_rew_mean          | 198          |
| time/                   |              |
|    fps                  | 570          |
|    iterations           | 107          |
|    time_elapsed         | 384          |
|    total_timesteps      | 219136       |
| train/                  |              |
|    approx_kl            | 0.0032986738 |
|    clip_fraction        | 0.142        |
|    clip_range           | 0.1          |
|    entropy_loss         | -0.65        |
|    explained_variance   | 0.881        |
|    learning_rate        | 0.00012      |
|    loss                 | 102          |
|    n_updates            | 1060         |
|    policy_gradient_loss | -0.000882    |
|    value_loss           | 64.1         |
------------------------------------------
Eval num_timesteps=220000, episode_reward=186.13 +/- 104.22
Episode length: 352.00 +/- 53.24
------------------------------------------
| eval/                   |              |
|    mean_ep_length       | 352          |
|    mean_reward          | 186          |
| time/                   |              |
|    total_timesteps      | 220000       |
| train/                  |              |
|    approx_kl            | 0.0018704504 |
|    clip_fraction        | 0.0664       |
|    clip_range           | 0.1          |
|    entropy_loss         | -0.787       |
|    explained_variance   | 0.839        |
|    learning_rate        | 0.00012      |
|    loss                 | 18.2         |
|    n_updates            | 1070         |
|    policy_gradient_loss | -0.00233     |
|    value_loss           | 130          |
------------------------------------------
---------------------------------
| rollout/           |          |
|    ep_len_mean     | 300      |
|    ep_rew_mean     | 200      |
| time/              |          |
|    fps             | 568      |
|    iterations      | 108      |
|    time_elapsed    | 388      |
|    total_timesteps | 221184   |
---------------------------------
-----------------------------------------
| rollout/                |             |
|    ep_len_mean          | 300         |
|    ep_rew_mean          | 202         |
| time/                   |             |
|    fps                  | 569         |
|    iterations           | 109         |
|    time_elapsed         | 391         |
|    total_timesteps      | 223232      |
| train/                  |             |
|    approx_kl            | 0.001341468 |
|    clip_fraction        | 0.0564      |
|    clip_range           | 0.1         |
|    entropy_loss         | -0.645      |
|    explained_variance   | 0.786       |
|    learning_rate        | 0.00012     |
|    loss                 | 11.9        |
|    n_updates            | 1080        |
|    policy_gradient_loss | -0.00102    |
|    value_loss           | 96.9        |
-----------------------------------------
-----------------------------------------
| rollout/                |             |
|    ep_len_mean          | 292         |
|    ep_rew_mean          | 203         |
| time/                   |             |
|    fps                  | 570         |
|    iterations           | 110         |
|    time_elapsed         | 395         |
|    total_timesteps      | 225280      |
| train/                  |             |
|    approx_kl            | 0.001787102 |
|    clip_fraction        | 0.0806      |
|    clip_range           | 0.1         |
|    entropy_loss         | -0.749      |
|    explained_variance   | 0.814       |
|    learning_rate        | 0.00012     |
|    loss                 | 172         |
|    n_updates            | 1090        |
|    policy_gradient_loss | -0.00191    |
|    value_loss           | 124         |
-----------------------------------------
------------------------------------------
| rollout/                |              |
|    ep_len_mean          | 291          |
|    ep_rew_mean          | 205          |
| time/                   |              |
|    fps                  | 570          |
|    iterations           | 111          |
|    time_elapsed         | 398          |
|    total_timesteps      | 227328       |
| train/                  |              |
|    approx_kl            | 0.0011942852 |
|    clip_fraction        | 0.0563       |
|    clip_range           | 0.1          |
|    entropy_loss         | -0.661       |
|    explained_variance   | 0.844        |
|    learning_rate        | 0.00012      |
|    loss                 | 23.4         |
|    n_updates            | 1100         |
|    policy_gradient_loss | -0.000813    |
|    value_loss           | 69.4         |
------------------------------------------
------------------------------------------
| rollout/                |              |
|    ep_len_mean          | 280          |
|    ep_rew_mean          | 204          |
| time/                   |              |
|    fps                  | 571          |
|    iterations           | 112          |
|    time_elapsed         | 401          |
|    total_timesteps      | 229376       |
| train/                  |              |
|    approx_kl            | 0.0013790516 |
|    clip_fraction        | 0.0655       |
|    clip_range           | 0.1          |
|    entropy_loss         | -0.681       |
|    explained_variance   | 0.825        |
|    learning_rate        | 0.00012      |
|    loss                 | 30.1         |
|    n_updates            | 1110         |
|    policy_gradient_loss | -0.00116     |
|    value_loss           | 56.7         |
------------------------------------------
------------------------------------------
| rollout/                |              |
|    ep_len_mean          | 278          |
|    ep_rew_mean          | 195          |
| time/                   |              |
|    fps                  | 571          |
|    iterations           | 113          |
|    time_elapsed         | 404          |
|    total_timesteps      | 231424       |
| train/                  |              |
|    approx_kl            | 0.0021120273 |
|    clip_fraction        | 0.0942       |
|    clip_range           | 0.1          |
|    entropy_loss         | -0.631       |
|    explained_variance   | 0.838        |
|    learning_rate        | 0.00012      |
|    loss                 | 32           |
|    n_updates            | 1120         |
|    policy_gradient_loss | -0.00287     |
|    value_loss           | 70.7         |
------------------------------------------
------------------------------------------
| rollout/                |              |
|    ep_len_mean          | 281          |
|    ep_rew_mean          | 194          |
| time/                   |              |
|    fps                  | 572          |
|    iterations           | 114          |
|    time_elapsed         | 407          |
|    total_timesteps      | 233472       |
| train/                  |              |
|    approx_kl            | 0.0011599686 |
|    clip_fraction        | 0.0419       |
|    clip_range           | 0.1          |
|    entropy_loss         | -0.736       |
|    explained_variance   | 0.758        |
|    learning_rate        | 0.00012      |
|    loss                 | 37.3         |
|    n_updates            | 1130         |
|    policy_gradient_loss | -0.00283     |
|    value_loss           | 168          |
------------------------------------------
------------------------------------------
| rollout/                |              |
|    ep_len_mean          | 271          |
|    ep_rew_mean          | 196          |
| time/                   |              |
|    fps                  | 572          |
|    iterations           | 115          |
|    time_elapsed         | 411          |
|    total_timesteps      | 235520       |
| train/                  |              |
|    approx_kl            | 0.0022169854 |
|    clip_fraction        | 0.083        |
|    clip_range           | 0.1          |
|    entropy_loss         | -0.661       |
|    explained_variance   | 0.846        |
|    learning_rate        | 0.00012      |
|    loss                 | 18.5         |
|    n_updates            | 1140         |
|    policy_gradient_loss | -0.0013      |
|    value_loss           | 104          |
------------------------------------------
------------------------------------------
| rollout/                |              |
|    ep_len_mean          | 267          |
|    ep_rew_mean          | 193          |
| time/                   |              |
|    fps                  | 572          |
|    iterations           | 116          |
|    time_elapsed         | 414          |
|    total_timesteps      | 237568       |
| train/                  |              |
|    approx_kl            | 0.0017901484 |
|    clip_fraction        | 0.0729       |
|    clip_range           | 0.1          |
|    entropy_loss         | -0.687       |
|    explained_variance   | 0.884        |
|    learning_rate        | 0.00012      |
|    loss                 | 22.2         |
|    n_updates            | 1150         |
|    policy_gradient_loss | -0.00163     |
|    value_loss           | 69.9         |
------------------------------------------
------------------------------------------
| rollout/                |              |
|    ep_len_mean          | 270          |
|    ep_rew_mean          | 193          |
| time/                   |              |
|    fps                  | 572          |
|    iterations           | 117          |
|    time_elapsed         | 418          |
|    total_timesteps      | 239616       |
| train/                  |              |
|    approx_kl            | 0.0017859763 |
|    clip_fraction        | 0.0914       |
|    clip_range           | 0.1          |
|    entropy_loss         | -0.784       |
|    explained_variance   | 0.841        |
|    learning_rate        | 0.00012      |
|    loss                 | 12.3         |
|    n_updates            | 1160         |
|    policy_gradient_loss | -0.0016      |
|    value_loss           | 100          |
------------------------------------------
Eval num_timesteps=240000, episode_reward=228.93 +/- 53.17
Episode length: 508.20 +/- 249.56
-----------------------------------------
| eval/                   |             |
|    mean_ep_length       | 508         |
|    mean_reward          | 229         |
| time/                   |             |
|    total_timesteps      | 240000      |
| train/                  |             |
|    approx_kl            | 0.004653546 |
|    clip_fraction        | 0.123       |
|    clip_range           | 0.1         |
|    entropy_loss         | -0.566      |
|    explained_variance   | 0.916       |
|    learning_rate        | 0.00012     |
|    loss                 | 5.58        |
|    n_updates            | 1170        |
|    policy_gradient_loss | -0.00256    |
|    value_loss           | 114         |
-----------------------------------------
New best mean reward!
---------------------------------
| rollout/           |          |
|    ep_len_mean     | 275      |
|    ep_rew_mean     | 193      |
| time/              |          |
|    fps             | 569      |
|    iterations      | 118      |
|    time_elapsed    | 424      |
|    total_timesteps | 241664   |
---------------------------------
------------------------------------------
| rollout/                |              |
|    ep_len_mean          | 269          |
|    ep_rew_mean          | 189          |
| time/                   |              |
|    fps                  | 569          |
|    iterations           | 119          |
|    time_elapsed         | 427          |
|    total_timesteps      | 243712       |
| train/                  |              |
|    approx_kl            | 0.0013454518 |
|    clip_fraction        | 0.0455       |
|    clip_range           | 0.1          |
|    entropy_loss         | -0.649       |
|    explained_variance   | 0.871        |
|    learning_rate        | 0.00012      |
|    loss                 | 5.61         |
|    n_updates            | 1180         |
|    policy_gradient_loss | -0.000197    |
|    value_loss           | 71.6         |
------------------------------------------
------------------------------------------
| rollout/                |              |
|    ep_len_mean          | 276          |
|    ep_rew_mean          | 188          |
| time/                   |              |
|    fps                  | 569          |
|    iterations           | 120          |
|    time_elapsed         | 431          |
|    total_timesteps      | 245760       |
| train/                  |              |
|    approx_kl            | 0.0024499532 |
|    clip_fraction        | 0.103        |
|    clip_range           | 0.1          |
|    entropy_loss         | -0.622       |
|    explained_variance   | 0.691        |
|    learning_rate        | 0.00012      |
|    loss                 | 22.7         |
|    n_updates            | 1190         |
|    policy_gradient_loss | -0.00115     |
|    value_loss           | 185          |
------------------------------------------
------------------------------------------
| rollout/                |              |
|    ep_len_mean          | 289          |
|    ep_rew_mean          | 194          |
| time/                   |              |
|    fps                  | 570          |
|    iterations           | 121          |
|    time_elapsed         | 434          |
|    total_timesteps      | 247808       |
| train/                  |              |
|    approx_kl            | 0.0020200121 |
|    clip_fraction        | 0.176        |
|    clip_range           | 0.1          |
|    entropy_loss         | -0.667       |
|    explained_variance   | 0.848        |
|    learning_rate        | 0.00012      |
|    loss                 | 9.99         |
|    n_updates            | 1200         |
|    policy_gradient_loss | -0.00061     |
|    value_loss           | 52.3         |
------------------------------------------
------------------------------------------
| rollout/                |              |
|    ep_len_mean          | 293          |
|    ep_rew_mean          | 194          |
| time/                   |              |
|    fps                  | 570          |
|    iterations           | 122          |
|    time_elapsed         | 437          |
|    total_timesteps      | 249856       |
| train/                  |              |
|    approx_kl            | 0.0015304579 |
|    clip_fraction        | 0.0755       |
|    clip_range           | 0.1          |
|    entropy_loss         | -0.68        |
|    explained_variance   | 0.907        |
|    learning_rate        | 0.00012      |
|    loss                 | 5.84         |
|    n_updates            | 1210         |
|    policy_gradient_loss | -0.000513    |
|    value_loss           | 36.2         |
------------------------------------------
------------------------------------------
| rollout/                |              |
|    ep_len_mean          | 292          |
|    ep_rew_mean          | 191          |
| time/                   |              |
|    fps                  | 570          |
|    iterations           | 123          |
|    time_elapsed         | 441          |
|    total_timesteps      | 251904       |
| train/                  |              |
|    approx_kl            | 0.0016548667 |
|    clip_fraction        | 0.0824       |
|    clip_range           | 0.1          |
|    entropy_loss         | -0.703       |
|    explained_variance   | 0.898        |
|    learning_rate        | 0.00012      |
|    loss                 | 4.03         |
|    n_updates            | 1220         |
|    policy_gradient_loss | -0.00278     |
|    value_loss           | 60.3         |
------------------------------------------
-------------------------------------------
| rollout/                |               |
|    ep_len_mean          | 298           |
|    ep_rew_mean          | 188           |
| time/                   |               |
|    fps                  | 571           |
|    iterations           | 124           |
|    time_elapsed         | 444           |
|    total_timesteps      | 253952        |
| train/                  |               |
|    approx_kl            | 0.00084143295 |
|    clip_fraction        | 0.0715        |
|    clip_range           | 0.1           |
|    entropy_loss         | -0.726        |
|    explained_variance   | 0.876         |
|    learning_rate        | 0.00012       |
|    loss                 | 18.7          |
|    n_updates            | 1230          |
|    policy_gradient_loss | -0.000778     |
|    value_loss           | 95.5          |
-------------------------------------------
------------------------------------------
| rollout/                |              |
|    ep_len_mean          | 293          |
|    ep_rew_mean          | 181          |
| time/                   |              |
|    fps                  | 571          |
|    iterations           | 125          |
|    time_elapsed         | 447          |
|    total_timesteps      | 256000       |
| train/                  |              |
|    approx_kl            | 0.0017920041 |
|    clip_fraction        | 0.126        |
|    clip_range           | 0.1          |
|    entropy_loss         | -0.704       |
|    explained_variance   | 0.911        |
|    learning_rate        | 0.00012      |
|    loss                 | 19.2         |
|    n_updates            | 1240         |
|    policy_gradient_loss | -0.000756    |
|    value_loss           | 101          |
------------------------------------------
----------------------------------------
| rollout/                |            |
|    ep_len_mean          | 293        |
|    ep_rew_mean          | 179        |
| time/                   |            |
|    fps                  | 571        |
|    iterations           | 126        |
|    time_elapsed         | 451        |
|    total_timesteps      | 258048     |
| train/                  |            |
|    approx_kl            | 0.00116754 |
|    clip_fraction        | 0.0633     |
|    clip_range           | 0.1        |
|    entropy_loss         | -0.746     |
|    explained_variance   | 0.848      |
|    learning_rate        | 0.00012    |
|    loss                 | 38.9       |
|    n_updates            | 1250       |
|    policy_gradient_loss | -0.000871  |
|    value_loss           | 131        |
----------------------------------------
Eval num_timesteps=260000, episode_reward=193.82 +/- 120.99
Episode length: 297.00 +/- 53.47
------------------------------------------
| eval/                   |              |
|    mean_ep_length       | 297          |
|    mean_reward          | 194          |
| time/                   |              |
|    total_timesteps      | 260000       |
| train/                  |              |
|    approx_kl            | 0.0015084427 |
|    clip_fraction        | 0.0769       |
|    clip_range           | 0.1          |
|    entropy_loss         | -0.697       |
|    explained_variance   | 0.878        |
|    learning_rate        | 0.00012      |
|    loss                 | 8.81         |
|    n_updates            | 1260         |
|    policy_gradient_loss | -0.00161     |
|    value_loss           | 74           |
------------------------------------------
---------------------------------
| rollout/           |          |
|    ep_len_mean     | 299      |
|    ep_rew_mean     | 181      |
| time/              |          |
|    fps             | 571      |
|    iterations      | 127      |
|    time_elapsed    | 455      |
|    total_timesteps | 260096   |
---------------------------------
------------------------------------------
| rollout/                |              |
|    ep_len_mean          | 300          |
|    ep_rew_mean          | 189          |
| time/                   |              |
|    fps                  | 571          |
|    iterations           | 128          |
|    time_elapsed         | 458          |
|    total_timesteps      | 262144       |
| train/                  |              |
|    approx_kl            | 0.0043704137 |
|    clip_fraction        | 0.126        |
|    clip_range           | 0.1          |
|    entropy_loss         | -0.65        |
|    explained_variance   | 0.984        |
|    learning_rate        | 0.00012      |
|    loss                 | 3.66         |
|    n_updates            | 1270         |
|    policy_gradient_loss | -0.00071     |
|    value_loss           | 15.8         |
------------------------------------------
------------------------------------------
| rollout/                |              |
|    ep_len_mean          | 300          |
|    ep_rew_mean          | 183          |
| time/                   |              |
|    fps                  | 571          |
|    iterations           | 129          |
|    time_elapsed         | 462          |
|    total_timesteps      | 264192       |
| train/                  |              |
|    approx_kl            | 0.0012038792 |
|    clip_fraction        | 0.049        |
|    clip_range           | 0.1          |
|    entropy_loss         | -0.625       |
|    explained_variance   | 0.894        |
|    learning_rate        | 0.00012      |
|    loss                 | 137          |
|    n_updates            | 1280         |
|    policy_gradient_loss | -0.000911    |
|    value_loss           | 109          |
------------------------------------------
------------------------------------------
| rollout/                |              |
|    ep_len_mean          | 301          |
|    ep_rew_mean          | 181          |
| time/                   |              |
|    fps                  | 571          |
|    iterations           | 130          |
|    time_elapsed         | 465          |
|    total_timesteps      | 266240       |
| train/                  |              |
|    approx_kl            | 0.0012554359 |
|    clip_fraction        | 0.0546       |
|    clip_range           | 0.1          |
|    entropy_loss         | -0.739       |
|    explained_variance   | 0.831        |
|    learning_rate        | 0.00012      |
|    loss                 | 10.5         |
|    n_updates            | 1290         |
|    policy_gradient_loss | -0.0018      |
|    value_loss           | 163          |
------------------------------------------
------------------------------------------
| rollout/                |              |
|    ep_len_mean          | 301          |
|    ep_rew_mean          | 184          |
| time/                   |              |
|    fps                  | 572          |
|    iterations           | 131          |
|    time_elapsed         | 468          |
|    total_timesteps      | 268288       |
| train/                  |              |
|    approx_kl            | 0.0008200846 |
|    clip_fraction        | 0.0635       |
|    clip_range           | 0.1          |
|    entropy_loss         | -0.689       |
|    explained_variance   | 0.81         |
|    learning_rate        | 0.00012      |
|    loss                 | 48.3         |
|    n_updates            | 1300         |
|    policy_gradient_loss | -0.000736    |
|    value_loss           | 150          |
------------------------------------------
------------------------------------------
| rollout/                |              |
|    ep_len_mean          | 284          |
|    ep_rew_mean          | 176          |
| time/                   |              |
|    fps                  | 572          |
|    iterations           | 132          |
|    time_elapsed         | 472          |
|    total_timesteps      | 270336       |
| train/                  |              |
|    approx_kl            | 0.0013735087 |
|    clip_fraction        | 0.0635       |
|    clip_range           | 0.1          |
|    entropy_loss         | -0.642       |
|    explained_variance   | 0.906        |
|    learning_rate        | 0.00012      |
|    loss                 | 23.4         |
|    n_updates            | 1310         |
|    policy_gradient_loss | -0.00143     |
|    value_loss           | 79.8         |
------------------------------------------
------------------------------------------
| rollout/                |              |
|    ep_len_mean          | 274          |
|    ep_rew_mean          | 180          |
| time/                   |              |
|    fps                  | 572          |
|    iterations           | 133          |
|    time_elapsed         | 475          |
|    total_timesteps      | 272384       |
| train/                  |              |
|    approx_kl            | 0.0012453878 |
|    clip_fraction        | 0.0453       |
|    clip_range           | 0.1          |
|    entropy_loss         | -0.716       |
|    explained_variance   | 0.905        |
|    learning_rate        | 0.00012      |
|    loss                 | 27.4         |
|    n_updates            | 1320         |
|    policy_gradient_loss | -0.00115     |
|    value_loss           | 94.1         |
------------------------------------------
-----------------------------------------
| rollout/                |             |
|    ep_len_mean          | 267         |
|    ep_rew_mean          | 176         |
| time/                   |             |
|    fps                  | 572         |
|    iterations           | 134         |
|    time_elapsed         | 479         |
|    total_timesteps      | 274432      |
| train/                  |             |
|    approx_kl            | 0.001314787 |
|    clip_fraction        | 0.0418      |
|    clip_range           | 0.1         |
|    entropy_loss         | -0.697      |
|    explained_variance   | 0.844       |
|    learning_rate        | 0.00012     |
|    loss                 | 43.5        |
|    n_updates            | 1330        |
|    policy_gradient_loss | -0.00168    |
|    value_loss           | 90.7        |
-----------------------------------------
----------------------------------------
| rollout/                |            |
|    ep_len_mean          | 269        |
|    ep_rew_mean          | 173        |
| time/                   |            |
|    fps                  | 573        |
|    iterations           | 135        |
|    time_elapsed         | 482        |
|    total_timesteps      | 276480     |
| train/                  |            |
|    approx_kl            | 0.00185223 |
|    clip_fraction        | 0.0657     |
|    clip_range           | 0.1        |
|    entropy_loss         | -0.564     |
|    explained_variance   | 0.832      |
|    learning_rate        | 0.00012    |
|    loss                 | 47.6       |
|    n_updates            | 1340       |
|    policy_gradient_loss | -0.000275  |
|    value_loss           | 112        |
----------------------------------------
------------------------------------------
| rollout/                |              |
|    ep_len_mean          | 266          |
|    ep_rew_mean          | 170          |
| time/                   |              |
|    fps                  | 573          |
|    iterations           | 136          |
|    time_elapsed         | 485          |
|    total_timesteps      | 278528       |
| train/                  |              |
|    approx_kl            | 0.0016917706 |
|    clip_fraction        | 0.0734       |
|    clip_range           | 0.1          |
|    entropy_loss         | -0.663       |
|    explained_variance   | 0.844        |
|    learning_rate        | 0.00012      |
|    loss                 | 39.9         |
|    n_updates            | 1350         |
|    policy_gradient_loss | -0.00104     |
|    value_loss           | 106          |
------------------------------------------
Eval num_timesteps=280000, episode_reward=236.73 +/- 16.44
Episode length: 316.60 +/- 33.67
-----------------------------------------
| eval/                   |             |
|    mean_ep_length       | 317         |
|    mean_reward          | 237         |
| time/                   |             |
|    total_timesteps      | 280000      |
| train/                  |             |
|    approx_kl            | 0.001054958 |
|    clip_fraction        | 0.0666      |
|    clip_range           | 0.1         |
|    entropy_loss         | -0.68       |
|    explained_variance   | 0.859       |
|    learning_rate        | 0.00012     |
|    loss                 | 79.2        |
|    n_updates            | 1360        |
|    policy_gradient_loss | -0.00124    |
|    value_loss           | 114         |
-----------------------------------------
New best mean reward!
---------------------------------
| rollout/           |          |
|    ep_len_mean     | 266      |
|    ep_rew_mean     | 174      |
| time/              |          |
|    fps             | 572      |
|    iterations      | 137      |
|    time_elapsed    | 489      |
|    total_timesteps | 280576   |
---------------------------------
------------------------------------------
| rollout/                |              |
|    ep_len_mean          | 272          |
|    ep_rew_mean          | 180          |
| time/                   |              |
|    fps                  | 573          |
|    iterations           | 138          |
|    time_elapsed         | 492          |
|    total_timesteps      | 282624       |
| train/                  |              |
|    approx_kl            | 0.0011610213 |
|    clip_fraction        | 0.0734       |
|    clip_range           | 0.1          |
|    entropy_loss         | -0.684       |
|    explained_variance   | 0.909        |
|    learning_rate        | 0.00012      |
|    loss                 | 40.6         |
|    n_updates            | 1370         |
|    policy_gradient_loss | -0.000565    |
|    value_loss           | 75.2         |
------------------------------------------
------------------------------------------
| rollout/                |              |
|    ep_len_mean          | 282          |
|    ep_rew_mean          | 185          |
| time/                   |              |
|    fps                  | 573          |
|    iterations           | 139          |
|    time_elapsed         | 496          |
|    total_timesteps      | 284672       |
| train/                  |              |
|    approx_kl            | 0.0020829868 |
|    clip_fraction        | 0.0894       |
|    clip_range           | 0.1          |
|    entropy_loss         | -0.612       |
|    explained_variance   | 0.891        |
|    learning_rate        | 0.00012      |
|    loss                 | 28.1         |
|    n_updates            | 1380         |
|    policy_gradient_loss | -0.00143     |
|    value_loss           | 79           |
------------------------------------------
------------------------------------------
| rollout/                |              |
|    ep_len_mean          | 288          |
|    ep_rew_mean          | 185          |
| time/                   |              |
|    fps                  | 573          |
|    iterations           | 140          |
|    time_elapsed         | 499          |
|    total_timesteps      | 286720       |
| train/                  |              |
|    approx_kl            | 0.0028020376 |
|    clip_fraction        | 0.133        |
|    clip_range           | 0.1          |
|    entropy_loss         | -0.691       |
|    explained_variance   | 0.841        |
|    learning_rate        | 0.00012      |
|    loss                 | 9.7          |
|    n_updates            | 1390         |
|    policy_gradient_loss | -0.00022     |
|    value_loss           | 54.8         |
------------------------------------------
------------------------------------------
| rollout/                |              |
|    ep_len_mean          | 285          |
|    ep_rew_mean          | 187          |
| time/                   |              |
|    fps                  | 573          |
|    iterations           | 141          |
|    time_elapsed         | 503          |
|    total_timesteps      | 288768       |
| train/                  |              |
|    approx_kl            | 0.0018567583 |
|    clip_fraction        | 0.0649       |
|    clip_range           | 0.1          |
|    entropy_loss         | -0.654       |
|    explained_variance   | 0.808        |
|    learning_rate        | 0.00012      |
|    loss                 | 49.3         |
|    n_updates            | 1400         |
|    policy_gradient_loss | -0.000317    |
|    value_loss           | 79.4         |
------------------------------------------
------------------------------------------
| rollout/                |              |
|    ep_len_mean          | 282          |
|    ep_rew_mean          | 188          |
| time/                   |              |
|    fps                  | 574          |
|    iterations           | 142          |
|    time_elapsed         | 506          |
|    total_timesteps      | 290816       |
| train/                  |              |
|    approx_kl            | 0.0015822172 |
|    clip_fraction        | 0.0719       |
|    clip_range           | 0.1          |
|    entropy_loss         | -0.599       |
|    explained_variance   | 0.915        |
|    learning_rate        | 0.00012      |
|    loss                 | 10.9         |
|    n_updates            | 1410         |
|    policy_gradient_loss | -0.000646    |
|    value_loss           | 29.6         |
------------------------------------------
------------------------------------------
| rollout/                |              |
|    ep_len_mean          | 288          |
|    ep_rew_mean          | 191          |
| time/                   |              |
|    fps                  | 574          |
|    iterations           | 143          |
|    time_elapsed         | 509          |
|    total_timesteps      | 292864       |
| train/                  |              |
|    approx_kl            | 0.0014911294 |
|    clip_fraction        | 0.0792       |
|    clip_range           | 0.1          |
|    entropy_loss         | -0.648       |
|    explained_variance   | 0.839        |
|    learning_rate        | 0.00012      |
|    loss                 | 26.9         |
|    n_updates            | 1420         |
|    policy_gradient_loss | -0.00184     |
|    value_loss           | 122          |
------------------------------------------
------------------------------------------
| rollout/                |              |
|    ep_len_mean          | 286          |
|    ep_rew_mean          | 189          |
| time/                   |              |
|    fps                  | 574          |
|    iterations           | 144          |
|    time_elapsed         | 513          |
|    total_timesteps      | 294912       |
| train/                  |              |
|    approx_kl            | 0.0019423765 |
|    clip_fraction        | 0.0804       |
|    clip_range           | 0.1          |
|    entropy_loss         | -0.679       |
|    explained_variance   | 0.863        |
|    learning_rate        | 0.00012      |
|    loss                 | 50.4         |
|    n_updates            | 1430         |
|    policy_gradient_loss | -0.00344     |
|    value_loss           | 76.2         |
------------------------------------------
------------------------------------------
| rollout/                |              |
|    ep_len_mean          | 289          |
|    ep_rew_mean          | 195          |
| time/                   |              |
|    fps                  | 575          |
|    iterations           | 145          |
|    time_elapsed         | 516          |
|    total_timesteps      | 296960       |
| train/                  |              |
|    approx_kl            | 0.0021112184 |
|    clip_fraction        | 0.077        |
|    clip_range           | 0.1          |
|    entropy_loss         | -0.687       |
|    explained_variance   | 0.856        |
|    learning_rate        | 0.00012      |
|    loss                 | 46.1         |
|    n_updates            | 1440         |
|    policy_gradient_loss | -0.00167     |
|    value_loss           | 85.6         |
------------------------------------------
------------------------------------------
| rollout/                |              |
|    ep_len_mean          | 293          |
|    ep_rew_mean          | 195          |
| time/                   |              |
|    fps                  | 575          |
|    iterations           | 146          |
|    time_elapsed         | 519          |
|    total_timesteps      | 299008       |
| train/                  |              |
|    approx_kl            | 0.0012005443 |
|    clip_fraction        | 0.0431       |
|    clip_range           | 0.1          |
|    entropy_loss         | -0.732       |
|    explained_variance   | 0.834        |
|    learning_rate        | 0.00012      |
|    loss                 | 92.6         |
|    n_updates            | 1450         |
|    policy_gradient_loss | -0.0012      |
|    value_loss           | 82.3         |
------------------------------------------
Eval num_timesteps=300000, episode_reward=250.49 +/- 17.37
Episode length: 288.20 +/- 15.60
------------------------------------------
| eval/                   |              |
|    mean_ep_length       | 288          |
|    mean_reward          | 250          |
| time/                   |              |
|    total_timesteps      | 300000       |
| train/                  |              |
|    approx_kl            | 0.0048713577 |
|    clip_fraction        | 0.126        |
|    clip_range           | 0.1          |
|    entropy_loss         | -0.663       |
|    explained_variance   | 0.827        |
|    learning_rate        | 0.00012      |
|    loss                 | 40.1         |
|    n_updates            | 1460         |
|    policy_gradient_loss | -0.00122     |
|    value_loss           | 75.5         |
------------------------------------------
New best mean reward!
---------------------------------
| rollout/           |          |
|    ep_len_mean     | 297      |
|    ep_rew_mean     | 194      |
| time/              |          |
|    fps             | 574      |
|    iterations      | 147      |
|    time_elapsed    | 523      |
|    total_timesteps | 301056   |
---------------------------------
------------------------------------------
| rollout/                |              |
|    ep_len_mean          | 287          |
|    ep_rew_mean          | 194          |
| time/                   |              |
|    fps                  | 574          |
|    iterations           | 148          |
|    time_elapsed         | 527          |
|    total_timesteps      | 303104       |
| train/                  |              |
|    approx_kl            | 0.0013024865 |
|    clip_fraction        | 0.0409       |
|    clip_range           | 0.1          |
|    entropy_loss         | -0.697       |
|    explained_variance   | 0.63         |
|    learning_rate        | 0.00012      |
|    loss                 | 263          |
|    n_updates            | 1470         |
|    policy_gradient_loss | -0.00122     |
|    value_loss           | 230          |
------------------------------------------
------------------------------------------
| rollout/                |              |
|    ep_len_mean          | 281          |
|    ep_rew_mean          | 198          |
| time/                   |              |
|    fps                  | 575          |
|    iterations           | 149          |
|    time_elapsed         | 530          |
|    total_timesteps      | 305152       |
| train/                  |              |
|    approx_kl            | 0.0015697146 |
|    clip_fraction        | 0.0545       |
|    clip_range           | 0.1          |
|    entropy_loss         | -0.687       |
|    explained_variance   | 0.913        |
|    learning_rate        | 0.00012      |
|    loss                 | 29           |
|    n_updates            | 1480         |
|    policy_gradient_loss | -0.000926    |
|    value_loss           | 98.4         |
------------------------------------------
------------------------------------------
| rollout/                |              |
|    ep_len_mean          | 277          |
|    ep_rew_mean          | 204          |
| time/                   |              |
|    fps                  | 575          |
|    iterations           | 150          |
|    time_elapsed         | 533          |
|    total_timesteps      | 307200       |
| train/                  |              |
|    approx_kl            | 0.0014780732 |
|    clip_fraction        | 0.0509       |
|    clip_range           | 0.1          |
|    entropy_loss         | -0.653       |
|    explained_variance   | 0.899        |
|    learning_rate        | 0.00012      |
|    loss                 | 65.6         |
|    n_updates            | 1490         |
|    policy_gradient_loss | -0.00211     |
|    value_loss           | 69.9         |
------------------------------------------
------------------------------------------
| rollout/                |              |
|    ep_len_mean          | 274          |
|    ep_rew_mean          | 197          |
| time/                   |              |
|    fps                  | 575          |
|    iterations           | 151          |
|    time_elapsed         | 536          |
|    total_timesteps      | 309248       |
| train/                  |              |
|    approx_kl            | 0.0021010728 |
|    clip_fraction        | 0.0843       |
|    clip_range           | 0.1          |
|    entropy_loss         | -0.682       |
|    explained_variance   | 0.729        |
|    learning_rate        | 0.00012      |
|    loss                 | 12.4         |
|    n_updates            | 1500         |
|    policy_gradient_loss | -0.00131     |
|    value_loss           | 78.3         |
------------------------------------------
------------------------------------------
| rollout/                |              |
|    ep_len_mean          | 262          |
|    ep_rew_mean          | 199          |
| time/                   |              |
|    fps                  | 576          |
|    iterations           | 152          |
|    time_elapsed         | 540          |
|    total_timesteps      | 311296       |
| train/                  |              |
|    approx_kl            | 0.0014079618 |
|    clip_fraction        | 0.0615       |
|    clip_range           | 0.1          |
|    entropy_loss         | -0.575       |
|    explained_variance   | 0.901        |
|    learning_rate        | 0.00012      |
|    loss                 | 24.9         |
|    n_updates            | 1510         |
|    policy_gradient_loss | -0.000915    |
|    value_loss           | 86.3         |
------------------------------------------
------------------------------------------
| rollout/                |              |
|    ep_len_mean          | 255          |
|    ep_rew_mean          | 199          |
| time/                   |              |
|    fps                  | 576          |
|    iterations           | 153          |
|    time_elapsed         | 543          |
|    total_timesteps      | 313344       |
| train/                  |              |
|    approx_kl            | 0.0018657199 |
|    clip_fraction        | 0.0631       |
|    clip_range           | 0.1          |
|    entropy_loss         | -0.694       |
|    explained_variance   | 0.893        |
|    learning_rate        | 0.00012      |
|    loss                 | 72.5         |
|    n_updates            | 1520         |
|    policy_gradient_loss | -0.00132     |
|    value_loss           | 104          |
------------------------------------------
------------------------------------------
| rollout/                |              |
|    ep_len_mean          | 253          |
|    ep_rew_mean          | 199          |
| time/                   |              |
|    fps                  | 576          |
|    iterations           | 154          |
|    time_elapsed         | 546          |
|    total_timesteps      | 315392       |
| train/                  |              |
|    approx_kl            | 0.0016159371 |
|    clip_fraction        | 0.065        |
|    clip_range           | 0.1          |
|    entropy_loss         | -0.568       |
|    explained_variance   | 0.855        |
|    learning_rate        | 0.00012      |
|    loss                 | 31.3         |
|    n_updates            | 1530         |
|    policy_gradient_loss | -0.000371    |
|    value_loss           | 71.1         |
------------------------------------------
------------------------------------------
| rollout/                |              |
|    ep_len_mean          | 241          |
|    ep_rew_mean          | 200          |
| time/                   |              |
|    fps                  | 577          |
|    iterations           | 155          |
|    time_elapsed         | 550          |
|    total_timesteps      | 317440       |
| train/                  |              |
|    approx_kl            | 0.0013898972 |
|    clip_fraction        | 0.0646       |
|    clip_range           | 0.1          |
|    entropy_loss         | -0.642       |
|    explained_variance   | 0.898        |
|    learning_rate        | 0.00012      |
|    loss                 | 13           |
|    n_updates            | 1540         |
|    policy_gradient_loss | -0.0013      |
|    value_loss           | 65.4         |
------------------------------------------
------------------------------------------
| rollout/                |              |
|    ep_len_mean          | 241          |
|    ep_rew_mean          | 197          |
| time/                   |              |
|    fps                  | 577          |
|    iterations           | 156          |
|    time_elapsed         | 553          |
|    total_timesteps      | 319488       |
| train/                  |              |
|    approx_kl            | 0.0018510851 |
|    clip_fraction        | 0.0762       |
|    clip_range           | 0.1          |
|    entropy_loss         | -0.691       |
|    explained_variance   | 0.803        |
|    learning_rate        | 0.00012      |
|    loss                 | 34.8         |
|    n_updates            | 1550         |
|    policy_gradient_loss | -0.000795    |
|    value_loss           | 118          |
------------------------------------------
Eval num_timesteps=320000, episode_reward=196.09 +/- 97.68
Episode length: 300.00 +/- 77.74
------------------------------------------
| eval/                   |              |
|    mean_ep_length       | 300          |
|    mean_reward          | 196          |
| time/                   |              |
|    total_timesteps      | 320000       |
| train/                  |              |
|    approx_kl            | 0.0011505282 |
|    clip_fraction        | 0.0659       |
|    clip_range           | 0.1          |
|    entropy_loss         | -0.618       |
|    explained_variance   | 0.944        |
|    learning_rate        | 0.00012      |
|    loss                 | 8.92         |
|    n_updates            | 1560         |
|    policy_gradient_loss | -0.000808    |
|    value_loss           | 65.9         |
------------------------------------------
---------------------------------
| rollout/           |          |
|    ep_len_mean     | 240      |
|    ep_rew_mean     | 199      |
| time/              |          |
|    fps             | 576      |
|    iterations      | 157      |
|    time_elapsed    | 557      |
|    total_timesteps | 321536   |
---------------------------------
-------------------------------------------
| rollout/                |               |
|    ep_len_mean          | 232           |
|    ep_rew_mean          | 198           |
| time/                   |               |
|    fps                  | 576           |
|    iterations           | 158           |
|    time_elapsed         | 561           |
|    total_timesteps      | 323584        |
| train/                  |               |
|    approx_kl            | 0.00089628424 |
|    clip_fraction        | 0.0473        |
|    clip_range           | 0.1           |
|    entropy_loss         | -0.545        |
|    explained_variance   | 0.798         |
|    learning_rate        | 0.00012       |
|    loss                 | 99.9          |
|    n_updates            | 1570          |
|    policy_gradient_loss | -0.00106      |
|    value_loss           | 134           |
-------------------------------------------
------------------------------------------
| rollout/                |              |
|    ep_len_mean          | 233          |
|    ep_rew_mean          | 205          |
| time/                   |              |
|    fps                  | 577          |
|    iterations           | 159          |
|    time_elapsed         | 564          |
|    total_timesteps      | 325632       |
| train/                  |              |
|    approx_kl            | 0.0016857743 |
|    clip_fraction        | 0.0699       |
|    clip_range           | 0.1          |
|    entropy_loss         | -0.645       |
|    explained_variance   | 0.802        |
|    learning_rate        | 0.00012      |
|    loss                 | 86.4         |
|    n_updates            | 1580         |
|    policy_gradient_loss | -0.00245     |
|    value_loss           | 200          |
------------------------------------------
------------------------------------------
| rollout/                |              |
|    ep_len_mean          | 232          |
|    ep_rew_mean          | 198          |
| time/                   |              |
|    fps                  | 577          |
|    iterations           | 160          |
|    time_elapsed         | 567          |
|    total_timesteps      | 327680       |
| train/                  |              |
|    approx_kl            | 0.0017595328 |
|    clip_fraction        | 0.0734       |
|    clip_range           | 0.1          |
|    entropy_loss         | -0.647       |
|    explained_variance   | 0.946        |
|    learning_rate        | 0.00012      |
|    loss                 | 18.9         |
|    n_updates            | 1590         |
|    policy_gradient_loss | -0.00176     |
|    value_loss           | 45.1         |
------------------------------------------
------------------------------------------
| rollout/                |              |
|    ep_len_mean          | 229          |
|    ep_rew_mean          | 195          |
| time/                   |              |
|    fps                  | 577          |
|    iterations           | 161          |
|    time_elapsed         | 570          |
|    total_timesteps      | 329728       |
| train/                  |              |
|    approx_kl            | 0.0010240985 |
|    clip_fraction        | 0.042        |
|    clip_range           | 0.1          |
|    entropy_loss         | -0.691       |
|    explained_variance   | 0.882        |
|    learning_rate        | 0.00012      |
|    loss                 | 16.1         |
|    n_updates            | 1600         |
|    policy_gradient_loss | -0.000869    |
|    value_loss           | 154          |
------------------------------------------
------------------------------------------
| rollout/                |              |
|    ep_len_mean          | 226          |
|    ep_rew_mean          | 199          |
| time/                   |              |
|    fps                  | 577          |
|    iterations           | 162          |
|    time_elapsed         | 574          |
|    total_timesteps      | 331776       |
| train/                  |              |
|    approx_kl            | 0.0014277624 |
|    clip_fraction        | 0.0468       |
|    clip_range           | 0.1          |
|    entropy_loss         | -0.702       |
|    explained_variance   | 0.872        |
|    learning_rate        | 0.00012      |
|    loss                 | 126          |
|    n_updates            | 1610         |
|    policy_gradient_loss | -0.00179     |
|    value_loss           | 137          |
------------------------------------------
-----------------------------------------
| rollout/                |             |
|    ep_len_mean          | 224         |
|    ep_rew_mean          | 198         |
| time/                   |             |
|    fps                  | 578         |
|    iterations           | 163         |
|    time_elapsed         | 577         |
|    total_timesteps      | 333824      |
| train/                  |             |
|    approx_kl            | 0.001971792 |
|    clip_fraction        | 0.0806      |
|    clip_range           | 0.1         |
|    entropy_loss         | -0.705      |
|    explained_variance   | 0.91        |
|    learning_rate        | 0.00012     |
|    loss                 | 15.6        |
|    n_updates            | 1620        |
|    policy_gradient_loss | -0.00217    |
|    value_loss           | 69          |
-----------------------------------------
------------------------------------------
| rollout/                |              |
|    ep_len_mean          | 228          |
|    ep_rew_mean          | 195          |
| time/                   |              |
|    fps                  | 578          |
|    iterations           | 164          |
|    time_elapsed         | 580          |
|    total_timesteps      | 335872       |
| train/                  |              |
|    approx_kl            | 0.0014486406 |
|    clip_fraction        | 0.0751       |
|    clip_range           | 0.1          |
|    entropy_loss         | -0.604       |
|    explained_variance   | 0.945        |
|    learning_rate        | 0.00012      |
|    loss                 | 19.2         |
|    n_updates            | 1630         |
|    policy_gradient_loss | -0.00103     |
|    value_loss           | 94.6         |
------------------------------------------
------------------------------------------
| rollout/                |              |
|    ep_len_mean          | 226          |
|    ep_rew_mean          | 195          |
| time/                   |              |
|    fps                  | 578          |
|    iterations           | 165          |
|    time_elapsed         | 584          |
|    total_timesteps      | 337920       |
| train/                  |              |
|    approx_kl            | 0.0016306867 |
|    clip_fraction        | 0.0828       |
|    clip_range           | 0.1          |
|    entropy_loss         | -0.673       |
|    explained_variance   | 0.955        |
|    learning_rate        | 0.00012      |
|    loss                 | 30.8         |
|    n_updates            | 1640         |
|    policy_gradient_loss | -0.000863    |
|    value_loss           | 55.7         |
------------------------------------------
------------------------------------------
| rollout/                |              |
|    ep_len_mean          | 234          |
|    ep_rew_mean          | 199          |
| time/                   |              |
|    fps                  | 577          |
|    iterations           | 166          |
|    time_elapsed         | 588          |
|    total_timesteps      | 339968       |
| train/                  |              |
|    approx_kl            | 0.0016120226 |
|    clip_fraction        | 0.0544       |
|    clip_range           | 0.1          |
|    entropy_loss         | -0.664       |
|    explained_variance   | 0.862        |
|    learning_rate        | 0.00012      |
|    loss                 | 8.91         |
|    n_updates            | 1650         |
|    policy_gradient_loss | 0.000243     |
|    value_loss           | 38.9         |
------------------------------------------
Eval num_timesteps=340000, episode_reward=267.68 +/- 7.89
Episode length: 259.80 +/- 13.70
------------------------------------------
| eval/                   |              |
|    mean_ep_length       | 260          |
|    mean_reward          | 268          |
| time/                   |              |
|    total_timesteps      | 340000       |
| train/                  |              |
|    approx_kl            | 0.0017694791 |
|    clip_fraction        | 0.0608       |
|    clip_range           | 0.1          |
|    entropy_loss         | -0.572       |
|    explained_variance   | 0.92         |
|    learning_rate        | 0.00012      |
|    loss                 | 13.9         |
|    n_updates            | 1660         |
|    policy_gradient_loss | -0.00266     |
|    value_loss           | 97.1         |
------------------------------------------
New best mean reward!
---------------------------------
| rollout/           |          |
|    ep_len_mean     | 231      |
|    ep_rew_mean     | 204      |
| time/              |          |
|    fps             | 575      |
|    iterations      | 167      |
|    time_elapsed    | 593      |
|    total_timesteps | 342016   |
---------------------------------
------------------------------------------
| rollout/                |              |
|    ep_len_mean          | 229          |
|    ep_rew_mean          | 206          |
| time/                   |              |
|    fps                  | 575          |
|    iterations           | 168          |
|    time_elapsed         | 598          |
|    total_timesteps      | 344064       |
| train/                  |              |
|    approx_kl            | 0.0023989691 |
|    clip_fraction        | 0.0926       |
|    clip_range           | 0.1          |
|    entropy_loss         | -0.661       |
|    explained_variance   | 0.882        |
|    learning_rate        | 0.00012      |
|    loss                 | 7.51         |
|    n_updates            | 1670         |
|    policy_gradient_loss | -0.00136     |
|    value_loss           | 27.2         |
------------------------------------------
------------------------------------------
| rollout/                |              |
|    ep_len_mean          | 227          |
|    ep_rew_mean          | 214          |
| time/                   |              |
|    fps                  | 574          |
|    iterations           | 169          |
|    time_elapsed         | 602          |
|    total_timesteps      | 346112       |
| train/                  |              |
|    approx_kl            | 0.0021081483 |
|    clip_fraction        | 0.0726       |
|    clip_range           | 0.1          |
|    entropy_loss         | -0.684       |
|    explained_variance   | 0.793        |
|    learning_rate        | 0.00012      |
|    loss                 | 90.5         |
|    n_updates            | 1680         |
|    policy_gradient_loss | -0.00185     |
|    value_loss           | 98.6         |
------------------------------------------
------------------------------------------
| rollout/                |              |
|    ep_len_mean          | 224          |
|    ep_rew_mean          | 216          |
| time/                   |              |
|    fps                  | 574          |
|    iterations           | 170          |
|    time_elapsed         | 606          |
|    total_timesteps      | 348160       |
| train/                  |              |
|    approx_kl            | 0.0010641431 |
|    clip_fraction        | 0.0482       |
|    clip_range           | 0.1          |
|    entropy_loss         | -0.626       |
|    explained_variance   | 0.813        |
|    learning_rate        | 0.00012      |
|    loss                 | 58.4         |
|    n_updates            | 1690         |
|    policy_gradient_loss | -0.00057     |
|    value_loss           | 93.1         |
------------------------------------------
------------------------------------------
| rollout/                |              |
|    ep_len_mean          | 220          |
|    ep_rew_mean          | 215          |
| time/                   |              |
|    fps                  | 573          |
|    iterations           | 171          |
|    time_elapsed         | 610          |
|    total_timesteps      | 350208       |
| train/                  |              |
|    approx_kl            | 0.0014226336 |
|    clip_fraction        | 0.0747       |
|    clip_range           | 0.1          |
|    entropy_loss         | -0.667       |
|    explained_variance   | 0.748        |
|    learning_rate        | 0.00012      |
|    loss                 | 50.2         |
|    n_updates            | 1700         |
|    policy_gradient_loss | -0.00174     |
|    value_loss           | 120          |
------------------------------------------
------------------------------------------
| rollout/                |              |
|    ep_len_mean          | 218          |
|    ep_rew_mean          | 210          |
| time/                   |              |
|    fps                  | 573          |
|    iterations           | 172          |
|    time_elapsed         | 614          |
|    total_timesteps      | 352256       |
| train/                  |              |
|    approx_kl            | 0.0014640391 |
|    clip_fraction        | 0.0393       |
|    clip_range           | 0.1          |
|    entropy_loss         | -0.771       |
|    explained_variance   | 0.771        |
|    learning_rate        | 0.00012      |
|    loss                 | 84.2         |
|    n_updates            | 1710         |
|    policy_gradient_loss | -0.000941    |
|    value_loss           | 181          |
------------------------------------------
------------------------------------------
| rollout/                |              |
|    ep_len_mean          | 219          |
|    ep_rew_mean          | 211          |
| time/                   |              |
|    fps                  | 572          |
|    iterations           | 173          |
|    time_elapsed         | 618          |
|    total_timesteps      | 354304       |
| train/                  |              |
|    approx_kl            | 0.0021266437 |
|    clip_fraction        | 0.0747       |
|    clip_range           | 0.1          |
|    entropy_loss         | -0.744       |
|    explained_variance   | 0.797        |
|    learning_rate        | 0.00012      |
|    loss                 | 83.3         |
|    n_updates            | 1720         |
|    policy_gradient_loss | -0.00384     |
|    value_loss           | 134          |
------------------------------------------
-----------------------------------------
| rollout/                |             |
|    ep_len_mean          | 212         |
|    ep_rew_mean          | 214         |
| time/                   |             |
|    fps                  | 572         |
|    iterations           | 174         |
|    time_elapsed         | 622         |
|    total_timesteps      | 356352      |
| train/                  |             |
|    approx_kl            | 0.001661585 |
|    clip_fraction        | 0.056       |
|    clip_range           | 0.1         |
|    entropy_loss         | -0.689      |
|    explained_variance   | 0.843       |
|    learning_rate        | 0.00012     |
|    loss                 | 24.9        |
|    n_updates            | 1730        |
|    policy_gradient_loss | -0.000653   |
|    value_loss           | 126         |
-----------------------------------------
------------------------------------------
| rollout/                |              |
|    ep_len_mean          | 225          |
|    ep_rew_mean          | 219          |
| time/                   |              |
|    fps                  | 572          |
|    iterations           | 175          |
|    time_elapsed         | 625          |
|    total_timesteps      | 358400       |
| train/                  |              |
|    approx_kl            | 0.0014538341 |
|    clip_fraction        | 0.0765       |
|    clip_range           | 0.1          |
|    entropy_loss         | -0.69        |
|    explained_variance   | 0.781        |
|    learning_rate        | 0.00012      |
|    loss                 | 28.2         |
|    n_updates            | 1740         |
|    policy_gradient_loss | -0.00198     |
|    value_loss           | 88.9         |
------------------------------------------
