Gym has been unmaintained since 2022 and does not support NumPy 2.0 amongst other critical functionality.
Please upgrade to Gymnasium, the maintained drop-in replacement of Gym, or contact the authors of your software and request that they upgrade.
Users of this version of Gym should be able to simply replace 'import gym' with 'import gymnasium as gym' in the vast majority of cases.
See the migration guide at https://gymnasium.farama.org/introduction/migration_guide/ for additional information.
/homes/sohawan2/.local/lib/python3.10/site-packages/stable_baselines3/common/vec_env/base_vec_env.py:78: UserWarning: The `render_mode` attribute is not defined in your environment. It will be set to None.
  warnings.warn("The `render_mode` attribute is not defined in your environment. It will be set to None.")
/homes/sohawan2/.local/lib/python3.10/site-packages/stable_baselines3/ppo/ppo.py:155: UserWarning: You have specified a mini-batch size of 258, but because the `RolloutBuffer` is of size `n_steps * n_envs = 2048`, after every 7 untruncated mini-batches, there will be a truncated mini-batch of size 242
We recommend using a `batch_size` that is a factor of `n_steps * n_envs`.
Info: (n_steps=2048 and n_envs=1)
  warnings.warn(
[Path] Using preferred root: /homes/sohawan2/reinforcement-learning-thesis/code_practice

===== Stable‑Baselines3 Interactive Runner =====
[Path] Project root: /homes/sohawan2/reinforcement-learning-thesis/code_practice
[Info] SuperMarioBros-1-1-v3 action space = Discrete → allowed algos: ['DQN', 'PPO', 'A2C']
Using cuda device

===== Training Start =====
{
  "env_id": "SuperMarioBros-1-1-v3",
  "algo": "PPO",
  "policy": "CnnPolicy",
  "seed": 0,
  "total_timesteps": 2000000,
  "num_envs": 1,
  "use_vecnorm": false
}
Logging to /homes/sohawan2/reinforcement-learning-thesis/code_practice/runs/SuperMarioBros_1_1_v3/PPO/20250928-153310/tb/PPO_1
/homes/sohawan2/miniconda3/envs/rl/lib/python3.10/site-packages/gym/utils/passive_env_checker.py:233: DeprecationWarning: `np.bool8` is a deprecated alias for `np.bool_`.  (Deprecated NumPy 1.24)
  if not isinstance(terminated, (bool, np.bool8)):
/homes/sohawan2/miniconda3/envs/rl/lib/python3.10/site-packages/gym_super_mario_bros/smb_env.py:148: RuntimeWarning: overflow encountered in scalar subtract
  return (self.ram[0x86] - self.ram[0x071c]) % 256
---------------------------------
| rollout/           |          |
|    ep_len_mean     | 458      |
|    ep_rew_mean     | 528      |
| time/              |          |
|    fps             | 89       |
|    iterations      | 1        |
|    time_elapsed    | 23       |
|    total_timesteps | 2048     |
---------------------------------
-----------------------------------------
| rollout/                |             |
|    ep_len_mean          | 441         |
|    ep_rew_mean          | 543         |
| time/                   |             |
|    fps                  | 87          |
|    iterations           | 2           |
|    time_elapsed         | 46          |
|    total_timesteps      | 4096        |
| train/                  |             |
|    approx_kl            | 0.004705131 |
|    clip_fraction        | 0.323       |
|    clip_range           | 0.1         |
|    entropy_loss         | -1.94       |
|    explained_variance   | 0.000208    |
|    learning_rate        | 0.00025     |
|    loss                 | 203         |
|    n_updates            | 10          |
|    policy_gradient_loss | 0.00533     |
|    value_loss           | 1e+03       |
-----------------------------------------
----------------------------------------
| rollout/                |            |
|    ep_len_mean          | 495        |
|    ep_rew_mean          | 622        |
| time/                   |            |
|    fps                  | 87         |
|    iterations           | 3          |
|    time_elapsed         | 70         |
|    total_timesteps      | 6144       |
| train/                  |            |
|    approx_kl            | 0.03549278 |
|    clip_fraction        | 0.551      |
|    clip_range           | 0.1        |
|    entropy_loss         | -1.9       |
|    explained_variance   | 0.565      |
|    learning_rate        | 0.00025    |
|    loss                 | 268        |
|    n_updates            | 20         |
|    policy_gradient_loss | 0.0402     |
|    value_loss           | 663        |
----------------------------------------
----------------------------------------
| rollout/                |            |
|    ep_len_mean          | 565        |
|    ep_rew_mean          | 635        |
| time/                   |            |
|    fps                  | 87         |
|    iterations           | 4          |
|    time_elapsed         | 93         |
|    total_timesteps      | 8192       |
| train/                  |            |
|    approx_kl            | 0.01709589 |
|    clip_fraction        | 0.386      |
|    clip_range           | 0.1        |
|    entropy_loss         | -1.89      |
|    explained_variance   | 0.695      |
|    learning_rate        | 0.00025    |
|    loss                 | 305        |
|    n_updates            | 30         |
|    policy_gradient_loss | 0.0136     |
|    value_loss           | 818        |
----------------------------------------
----------------------------------------
| rollout/                |            |
|    ep_len_mean          | 477        |
|    ep_rew_mean          | 620        |
| time/                   |            |
|    fps                  | 88         |
|    iterations           | 5          |
|    time_elapsed         | 116        |
|    total_timesteps      | 10240      |
| train/                  |            |
|    approx_kl            | 0.03464979 |
|    clip_fraction        | 0.722      |
|    clip_range           | 0.1        |
|    entropy_loss         | -1.84      |
|    explained_variance   | 0.777      |
|    learning_rate        | 0.00025    |
|    loss                 | 229        |
|    n_updates            | 40         |
|    policy_gradient_loss | 0.0649     |
|    value_loss           | 571        |
----------------------------------------
-----------------------------------------
| rollout/                |             |
|    ep_len_mean          | 533         |
|    ep_rew_mean          | 618         |
| time/                   |             |
|    fps                  | 87          |
|    iterations           | 6           |
|    time_elapsed         | 141         |
|    total_timesteps      | 12288       |
| train/                  |             |
|    approx_kl            | 0.036696292 |
|    clip_fraction        | 0.602       |
|    clip_range           | 0.1         |
|    entropy_loss         | -1.85       |
|    explained_variance   | 0.779       |
|    learning_rate        | 0.00025     |
|    loss                 | 752         |
|    n_updates            | 50          |
|    policy_gradient_loss | 0.036       |
|    value_loss           | 1.5e+03     |
-----------------------------------------
---------------------------------------
| rollout/                |           |
|    ep_len_mean          | 573       |
|    ep_rew_mean          | 611       |
| time/                   |           |
|    fps                  | 86        |
|    iterations           | 7         |
|    time_elapsed         | 165       |
|    total_timesteps      | 14336     |
| train/                  |           |
|    approx_kl            | 0.1494442 |
|    clip_fraction        | 0.736     |
|    clip_range           | 0.1       |
|    entropy_loss         | -1.74     |
|    explained_variance   | 0.84      |
|    learning_rate        | 0.00025   |
|    loss                 | 185       |
|    n_updates            | 60        |
|    policy_gradient_loss | 0.0404    |
|    value_loss           | 363       |
---------------------------------------
----------------------------------------
| rollout/                |            |
|    ep_len_mean          | 495        |
|    ep_rew_mean          | 544        |
| time/                   |            |
|    fps                  | 86         |
|    iterations           | 8          |
|    time_elapsed         | 189        |
|    total_timesteps      | 16384      |
| train/                  |            |
|    approx_kl            | 0.44560522 |
|    clip_fraction        | 0.608      |
|    clip_range           | 0.1        |
|    entropy_loss         | -1.71      |
|    explained_variance   | 0.907      |
|    learning_rate        | 0.00025    |
|    loss                 | 77.4       |
|    n_updates            | 70         |
|    policy_gradient_loss | 0.0429     |
|    value_loss           | 266        |
----------------------------------------
----------------------------------------
| rollout/                |            |
|    ep_len_mean          | 520        |
|    ep_rew_mean          | 501        |
| time/                   |            |
|    fps                  | 86         |
|    iterations           | 9          |
|    time_elapsed         | 213        |
|    total_timesteps      | 18432      |
| train/                  |            |
|    approx_kl            | 0.08015235 |
|    clip_fraction        | 0.635      |
|    clip_range           | 0.1        |
|    entropy_loss         | -1.58      |
|    explained_variance   | 0.834      |
|    learning_rate        | 0.00025    |
|    loss                 | 275        |
|    n_updates            | 80         |
|    policy_gradient_loss | 0.0314     |
|    value_loss           | 712        |
----------------------------------------
-----------------------------------------
| rollout/                |             |
|    ep_len_mean          | 508         |
|    ep_rew_mean          | 462         |
| time/                   |             |
|    fps                  | 86          |
|    iterations           | 10          |
|    time_elapsed         | 237         |
|    total_timesteps      | 20480       |
| train/                  |             |
|    approx_kl            | 0.043417454 |
|    clip_fraction        | 0.591       |
|    clip_range           | 0.1         |
|    entropy_loss         | -1.62       |
|    explained_variance   | 0.897       |
|    learning_rate        | 0.00025     |
|    loss                 | 111         |
|    n_updates            | 90          |
|    policy_gradient_loss | 0.0306      |
|    value_loss           | 376         |
-----------------------------------------
----------------------------------------
| rollout/                |            |
|    ep_len_mean          | 508        |
|    ep_rew_mean          | 462        |
| time/                   |            |
|    fps                  | 86         |
|    iterations           | 11         |
|    time_elapsed         | 261        |
|    total_timesteps      | 22528      |
| train/                  |            |
|    approx_kl            | 0.08475771 |
|    clip_fraction        | 0.649      |
|    clip_range           | 0.1        |
|    entropy_loss         | -1.65      |
|    explained_variance   | 0.916      |
|    learning_rate        | 0.00025    |
|    loss                 | 178        |
|    n_updates            | 100        |
|    policy_gradient_loss | 0.0404     |
|    value_loss           | 295        |
----------------------------------------
-----------------------------------------
| rollout/                |             |
|    ep_len_mean          | 453         |
|    ep_rew_mean          | 417         |
| time/                   |             |
|    fps                  | 86          |
|    iterations           | 12          |
|    time_elapsed         | 284         |
|    total_timesteps      | 24576       |
| train/                  |             |
|    approx_kl            | 0.020424724 |
|    clip_fraction        | 0.644       |
|    clip_range           | 0.1         |
|    entropy_loss         | -1.36       |
|    explained_variance   | 0.882       |
|    learning_rate        | 0.00025     |
|    loss                 | 41.6        |
|    n_updates            | 110         |
|    policy_gradient_loss | 0.0495      |
|    value_loss           | 75          |
-----------------------------------------
-----------------------------------------
| rollout/                |             |
|    ep_len_mean          | 490         |
|    ep_rew_mean          | 414         |
| time/                   |             |
|    fps                  | 86          |
|    iterations           | 13          |
|    time_elapsed         | 308         |
|    total_timesteps      | 26624       |
| train/                  |             |
|    approx_kl            | 0.015693288 |
|    clip_fraction        | 0.376       |
|    clip_range           | 0.1         |
|    entropy_loss         | -0.782      |
|    explained_variance   | 0.859       |
|    learning_rate        | 0.00025     |
|    loss                 | 139         |
|    n_updates            | 120         |
|    policy_gradient_loss | -2.95e-05   |
|    value_loss           | 327         |
-----------------------------------------
-----------------------------------------
| rollout/                |             |
|    ep_len_mean          | 517         |
|    ep_rew_mean          | 406         |
| time/                   |             |
|    fps                  | 86          |
|    iterations           | 14          |
|    time_elapsed         | 331         |
|    total_timesteps      | 28672       |
| train/                  |             |
|    approx_kl            | 0.016641382 |
|    clip_fraction        | 0.367       |
|    clip_range           | 0.1         |
|    entropy_loss         | -1.34       |
|    explained_variance   | 0.775       |
|    learning_rate        | 0.00025     |
|    loss                 | 86.5        |
|    n_updates            | 130         |
|    policy_gradient_loss | 0.00406     |
|    value_loss           | 178         |
-----------------------------------------
-----------------------------------------
| rollout/                |             |
|    ep_len_mean          | 510         |
|    ep_rew_mean          | 396         |
| time/                   |             |
|    fps                  | 86          |
|    iterations           | 15          |
|    time_elapsed         | 355         |
|    total_timesteps      | 30720       |
| train/                  |             |
|    approx_kl            | 0.021480948 |
|    clip_fraction        | 0.48        |
|    clip_range           | 0.1         |
|    entropy_loss         | -1.32       |
|    explained_variance   | 0.892       |
|    learning_rate        | 0.00025     |
|    loss                 | 21.1        |
|    n_updates            | 140         |
|    policy_gradient_loss | 0.0183      |
|    value_loss           | 244         |
-----------------------------------------
-----------------------------------------
| rollout/                |             |
|    ep_len_mean          | 510         |
|    ep_rew_mean          | 396         |
| time/                   |             |
|    fps                  | 86          |
|    iterations           | 16          |
|    time_elapsed         | 379         |
|    total_timesteps      | 32768       |
| train/                  |             |
|    approx_kl            | 0.016028099 |
|    clip_fraction        | 0.483       |
|    clip_range           | 0.1         |
|    entropy_loss         | -1.48       |
|    explained_variance   | 0.923       |
|    learning_rate        | 0.00025     |
|    loss                 | 59.1        |
|    n_updates            | 150         |
|    policy_gradient_loss | 0.0043      |
|    value_loss           | 451         |
-----------------------------------------
-----------------------------------------
| rollout/                |             |
|    ep_len_mean          | 497         |
|    ep_rew_mean          | 381         |
| time/                   |             |
|    fps                  | 86          |
|    iterations           | 17          |
|    time_elapsed         | 402         |
|    total_timesteps      | 34816       |
| train/                  |             |
|    approx_kl            | 0.009993919 |
|    clip_fraction        | 0.47        |
|    clip_range           | 0.1         |
|    entropy_loss         | -1.74       |
|    explained_variance   | 0.745       |
|    learning_rate        | 0.00025     |
|    loss                 | 12.9        |
|    n_updates            | 160         |
|    policy_gradient_loss | 0.01        |
|    value_loss           | 33          |
-----------------------------------------
-----------------------------------------
| rollout/                |             |
|    ep_len_mean          | 525         |
|    ep_rew_mean          | 379         |
| time/                   |             |
|    fps                  | 86          |
|    iterations           | 18          |
|    time_elapsed         | 425         |
|    total_timesteps      | 36864       |
| train/                  |             |
|    approx_kl            | 0.022276442 |
|    clip_fraction        | 0.57        |
|    clip_range           | 0.1         |
|    entropy_loss         | -1.53       |
|    explained_variance   | 0.95        |
|    learning_rate        | 0.00025     |
|    loss                 | 150         |
|    n_updates            | 170         |
|    policy_gradient_loss | 0.0214      |
|    value_loss           | 224         |
-----------------------------------------
----------------------------------------
| rollout/                |            |
|    ep_len_mean          | 545        |
|    ep_rew_mean          | 375        |
| time/                   |            |
|    fps                  | 86         |
|    iterations           | 19         |
|    time_elapsed         | 448        |
|    total_timesteps      | 38912      |
| train/                  |            |
|    approx_kl            | 0.03229631 |
|    clip_fraction        | 0.612      |
|    clip_range           | 0.1        |
|    entropy_loss         | -1.72      |
|    explained_variance   | 0.89       |
|    learning_rate        | 0.00025    |
|    loss                 | 34.4       |
|    n_updates            | 180        |
|    policy_gradient_loss | 0.0248     |
|    value_loss           | 131        |
----------------------------------------
-----------------------------------------
| rollout/                |             |
|    ep_len_mean          | 572         |
|    ep_rew_mean          | 374         |
| time/                   |             |
|    fps                  | 86          |
|    iterations           | 20          |
|    time_elapsed         | 472         |
|    total_timesteps      | 40960       |
| train/                  |             |
|    approx_kl            | 0.046841722 |
|    clip_fraction        | 0.589       |
|    clip_range           | 0.1         |
|    entropy_loss         | -1.68       |
|    explained_variance   | 0.908       |
|    learning_rate        | 0.00025     |
|    loss                 | 56.5        |
|    n_updates            | 190         |
|    policy_gradient_loss | 0.022       |
|    value_loss           | 173         |
-----------------------------------------
----------------------------------------
| rollout/                |            |
|    ep_len_mean          | 556        |
|    ep_rew_mean          | 378        |
| time/                   |            |
|    fps                  | 86         |
|    iterations           | 21         |
|    time_elapsed         | 495        |
|    total_timesteps      | 43008      |
| train/                  |            |
|    approx_kl            | 0.05536858 |
|    clip_fraction        | 0.554      |
|    clip_range           | 0.1        |
|    entropy_loss         | -1.7       |
|    explained_variance   | 0.92       |
|    learning_rate        | 0.00025    |
|    loss                 | 13.4       |
|    n_updates            | 200        |
|    policy_gradient_loss | 0.0135     |
|    value_loss           | 64.5       |
----------------------------------------
-----------------------------------------
| rollout/                |             |
|    ep_len_mean          | 582         |
|    ep_rew_mean          | 383         |
| time/                   |             |
|    fps                  | 86          |
|    iterations           | 22          |
|    time_elapsed         | 519         |
|    total_timesteps      | 45056       |
| train/                  |             |
|    approx_kl            | 0.009575919 |
|    clip_fraction        | 0.415       |
|    clip_range           | 0.1         |
|    entropy_loss         | -1.43       |
|    explained_variance   | 0.898       |
|    learning_rate        | 0.00025     |
|    loss                 | 300         |
|    n_updates            | 210         |
|    policy_gradient_loss | 0.00597     |
|    value_loss           | 512         |
-----------------------------------------
-----------------------------------------
| rollout/                |             |
|    ep_len_mean          | 560         |
|    ep_rew_mean          | 382         |
| time/                   |             |
|    fps                  | 86          |
|    iterations           | 23          |
|    time_elapsed         | 543         |
|    total_timesteps      | 47104       |
| train/                  |             |
|    approx_kl            | 0.010310583 |
|    clip_fraction        | 0.39        |
|    clip_range           | 0.1         |
|    entropy_loss         | -1.57       |
|    explained_variance   | 0.887       |
|    learning_rate        | 0.00025     |
|    loss                 | 287         |
|    n_updates            | 220         |
|    policy_gradient_loss | 0.000737    |
|    value_loss           | 379         |
-----------------------------------------
-----------------------------------------
| rollout/                |             |
|    ep_len_mean          | 572         |
|    ep_rew_mean          | 384         |
| time/                   |             |
|    fps                  | 86          |
|    iterations           | 24          |
|    time_elapsed         | 566         |
|    total_timesteps      | 49152       |
| train/                  |             |
|    approx_kl            | 0.012123064 |
|    clip_fraction        | 0.446       |
|    clip_range           | 0.1         |
|    entropy_loss         | -1.46       |
|    explained_variance   | 0.839       |
|    learning_rate        | 0.00025     |
|    loss                 | 261         |
|    n_updates            | 230         |
|    policy_gradient_loss | -0.00161    |
|    value_loss           | 583         |
-----------------------------------------
-----------------------------------------
| rollout/                |             |
|    ep_len_mean          | 587         |
|    ep_rew_mean          | 383         |
| time/                   |             |
|    fps                  | 86          |
|    iterations           | 25          |
|    time_elapsed         | 591         |
|    total_timesteps      | 51200       |
| train/                  |             |
|    approx_kl            | 0.022552425 |
|    clip_fraction        | 0.431       |
|    clip_range           | 0.1         |
|    entropy_loss         | -1.09       |
|    explained_variance   | 0.874       |
|    learning_rate        | 0.00025     |
|    loss                 | 40.6        |
|    n_updates            | 240         |
|    policy_gradient_loss | 0.0145      |
|    value_loss           | 320         |
-----------------------------------------
-----------------------------------------
| rollout/                |             |
|    ep_len_mean          | 594         |
|    ep_rew_mean          | 392         |
| time/                   |             |
|    fps                  | 86          |
|    iterations           | 26          |
|    time_elapsed         | 615         |
|    total_timesteps      | 53248       |
| train/                  |             |
|    approx_kl            | 0.019753195 |
|    clip_fraction        | 0.314       |
|    clip_range           | 0.1         |
|    entropy_loss         | -1.08       |
|    explained_variance   | 0.825       |
|    learning_rate        | 0.00025     |
|    loss                 | 134         |
|    n_updates            | 250         |
|    policy_gradient_loss | 0.00456     |
|    value_loss           | 280         |
-----------------------------------------
-----------------------------------------
| rollout/                |             |
|    ep_len_mean          | 599         |
|    ep_rew_mean          | 394         |
| time/                   |             |
|    fps                  | 86          |
|    iterations           | 27          |
|    time_elapsed         | 639         |
|    total_timesteps      | 55296       |
| train/                  |             |
|    approx_kl            | 0.013408365 |
|    clip_fraction        | 0.361       |
|    clip_range           | 0.1         |
|    entropy_loss         | -1.19       |
|    explained_variance   | 0.77        |
|    learning_rate        | 0.00025     |
|    loss                 | 265         |
|    n_updates            | 260         |
|    policy_gradient_loss | 0.00502     |
|    value_loss           | 782         |
-----------------------------------------
-----------------------------------------
| rollout/                |             |
|    ep_len_mean          | 599         |
|    ep_rew_mean          | 394         |
| time/                   |             |
|    fps                  | 86          |
|    iterations           | 28          |
|    time_elapsed         | 664         |
|    total_timesteps      | 57344       |
| train/                  |             |
|    approx_kl            | 0.023387596 |
|    clip_fraction        | 0.406       |
|    clip_range           | 0.1         |
|    entropy_loss         | -1.18       |
|    explained_variance   | 0.835       |
|    learning_rate        | 0.00025     |
|    loss                 | 218         |
|    n_updates            | 270         |
|    policy_gradient_loss | 0.00514     |
|    value_loss           | 512         |
-----------------------------------------
---------------------------------------
| rollout/                |           |
|    ep_len_mean          | 580       |
|    ep_rew_mean          | 399       |
| time/                   |           |
|    fps                  | 86        |
|    iterations           | 29        |
|    time_elapsed         | 687       |
|    total_timesteps      | 59392     |
| train/                  |           |
|    approx_kl            | 0.5149435 |
|    clip_fraction        | 0.811     |
|    clip_range           | 0.1       |
|    entropy_loss         | -1.58     |
|    explained_variance   | 0.401     |
|    learning_rate        | 0.00025   |
|    loss                 | 8.87      |
|    n_updates            | 280       |
|    policy_gradient_loss | 0.115     |
|    value_loss           | 34.5      |
---------------------------------------
----------------------------------------
| rollout/                |            |
|    ep_len_mean          | 576        |
|    ep_rew_mean          | 389        |
| time/                   |            |
|    fps                  | 86         |
|    iterations           | 30         |
|    time_elapsed         | 711        |
|    total_timesteps      | 61440      |
| train/                  |            |
|    approx_kl            | 0.03141789 |
|    clip_fraction        | 0.415      |
|    clip_range           | 0.1        |
|    entropy_loss         | -0.889     |
|    explained_variance   | 0.777      |
|    learning_rate        | 0.00025    |
|    loss                 | 610        |
|    n_updates            | 290        |
|    policy_gradient_loss | 0.0301     |
|    value_loss           | 986        |
----------------------------------------
-----------------------------------------
| rollout/                |             |
|    ep_len_mean          | 580         |
|    ep_rew_mean          | 390         |
| time/                   |             |
|    fps                  | 86          |
|    iterations           | 31          |
|    time_elapsed         | 735         |
|    total_timesteps      | 63488       |
| train/                  |             |
|    approx_kl            | 0.010033237 |
|    clip_fraction        | 0.418       |
|    clip_range           | 0.1         |
|    entropy_loss         | -1.44       |
|    explained_variance   | 0.863       |
|    learning_rate        | 0.00025     |
|    loss                 | 155         |
|    n_updates            | 300         |
|    policy_gradient_loss | 0.00105     |
|    value_loss           | 297         |
-----------------------------------------
----------------------------------------
| rollout/                |            |
|    ep_len_mean          | 598        |
|    ep_rew_mean          | 384        |
| time/                   |            |
|    fps                  | 86         |
|    iterations           | 32         |
|    time_elapsed         | 758        |
|    total_timesteps      | 65536      |
| train/                  |            |
|    approx_kl            | 0.18977365 |
|    clip_fraction        | 0.61       |
|    clip_range           | 0.1        |
|    entropy_loss         | -1.56      |
|    explained_variance   | 0.872      |
|    learning_rate        | 0.00025    |
|    loss                 | 18.3       |
|    n_updates            | 310        |
|    policy_gradient_loss | 0.0208     |
|    value_loss           | 114        |
----------------------------------------
-----------------------------------------
| rollout/                |             |
|    ep_len_mean          | 594         |
|    ep_rew_mean          | 391         |
| time/                   |             |
|    fps                  | 86          |
|    iterations           | 33          |
|    time_elapsed         | 782         |
|    total_timesteps      | 67584       |
| train/                  |             |
|    approx_kl            | 0.019504938 |
|    clip_fraction        | 0.493       |
|    clip_range           | 0.1         |
|    entropy_loss         | -1.42       |
|    explained_variance   | 0.718       |
|    learning_rate        | 0.00025     |
|    loss                 | 490         |
|    n_updates            | 320         |
|    policy_gradient_loss | 0.013       |
|    value_loss           | 1.26e+03    |
-----------------------------------------
-----------------------------------------
| rollout/                |             |
|    ep_len_mean          | 610         |
|    ep_rew_mean          | 384         |
| time/                   |             |
|    fps                  | 86          |
|    iterations           | 34          |
|    time_elapsed         | 806         |
|    total_timesteps      | 69632       |
| train/                  |             |
|    approx_kl            | 0.011915431 |
|    clip_fraction        | 0.398       |
|    clip_range           | 0.1         |
|    entropy_loss         | -1.41       |
|    explained_variance   | 0.758       |
|    learning_rate        | 0.00025     |
|    loss                 | 292         |
|    n_updates            | 330         |
|    policy_gradient_loss | 0.00299     |
|    value_loss           | 841         |
-----------------------------------------
---------------------------------------
| rollout/                |           |
|    ep_len_mean          | 587       |
|    ep_rew_mean          | 375       |
| time/                   |           |
|    fps                  | 86        |
|    iterations           | 35        |
|    time_elapsed         | 829       |
|    total_timesteps      | 71680     |
| train/                  |           |
|    approx_kl            | 0.0792851 |
|    clip_fraction        | 0.445     |
|    clip_range           | 0.1       |
|    entropy_loss         | -1.12     |
|    explained_variance   | 0.785     |
|    learning_rate        | 0.00025   |
|    loss                 | 179       |
|    n_updates            | 340       |
|    policy_gradient_loss | 0.00818   |
|    value_loss           | 518       |
---------------------------------------
-----------------------------------------
| rollout/                |             |
|    ep_len_mean          | 593         |
|    ep_rew_mean          | 378         |
| time/                   |             |
|    fps                  | 86          |
|    iterations           | 36          |
|    time_elapsed         | 854         |
|    total_timesteps      | 73728       |
| train/                  |             |
|    approx_kl            | 0.013079933 |
|    clip_fraction        | 0.412       |
|    clip_range           | 0.1         |
|    entropy_loss         | -1.15       |
|    explained_variance   | 0.841       |
|    learning_rate        | 0.00025     |
|    loss                 | 219         |
|    n_updates            | 350         |
|    policy_gradient_loss | 0.0119      |
|    value_loss           | 738         |
-----------------------------------------
-----------------------------------------
| rollout/                |             |
|    ep_len_mean          | 593         |
|    ep_rew_mean          | 378         |
| time/                   |             |
|    fps                  | 86          |
|    iterations           | 37          |
|    time_elapsed         | 878         |
|    total_timesteps      | 75776       |
| train/                  |             |
|    approx_kl            | 0.010083545 |
|    clip_fraction        | 0.32        |
|    clip_range           | 0.1         |
|    entropy_loss         | -0.997      |
|    explained_variance   | 0.804       |
|    learning_rate        | 0.00025     |
|    loss                 | 219         |
|    n_updates            | 360         |
|    policy_gradient_loss | 0.00559     |
|    value_loss           | 634         |
-----------------------------------------
-----------------------------------------
| rollout/                |             |
|    ep_len_mean          | 619         |
|    ep_rew_mean          | 400         |
| time/                   |             |
|    fps                  | 86          |
|    iterations           | 38          |
|    time_elapsed         | 902         |
|    total_timesteps      | 77824       |
| train/                  |             |
|    approx_kl            | 0.016124122 |
|    clip_fraction        | 0.393       |
|    clip_range           | 0.1         |
|    entropy_loss         | -1.08       |
|    explained_variance   | 0.694       |
|    learning_rate        | 0.00025     |
|    loss                 | 78.6        |
|    n_updates            | 370         |
|    policy_gradient_loss | 0.00257     |
|    value_loss           | 150         |
-----------------------------------------
-----------------------------------------
| rollout/                |             |
|    ep_len_mean          | 593         |
|    ep_rew_mean          | 414         |
| time/                   |             |
|    fps                  | 86          |
|    iterations           | 39          |
|    time_elapsed         | 925         |
|    total_timesteps      | 79872       |
| train/                  |             |
|    approx_kl            | 0.028703313 |
|    clip_fraction        | 0.538       |
|    clip_range           | 0.1         |
|    entropy_loss         | -1.01       |
|    explained_variance   | 0.683       |
|    learning_rate        | 0.00025     |
|    loss                 | 395         |
|    n_updates            | 380         |
|    policy_gradient_loss | 0.0177      |
|    value_loss           | 1.06e+03    |
-----------------------------------------
-----------------------------------------
| rollout/                |             |
|    ep_len_mean          | 578         |
|    ep_rew_mean          | 441         |
| time/                   |             |
|    fps                  | 86          |
|    iterations           | 40          |
|    time_elapsed         | 948         |
|    total_timesteps      | 81920       |
| train/                  |             |
|    approx_kl            | 0.015036454 |
|    clip_fraction        | 0.308       |
|    clip_range           | 0.1         |
|    entropy_loss         | -0.863      |
|    explained_variance   | 0.792       |
|    learning_rate        | 0.00025     |
|    loss                 | 394         |
|    n_updates            | 390         |
|    policy_gradient_loss | -0.00225    |
|    value_loss           | 1.03e+03    |
-----------------------------------------
-----------------------------------------
| rollout/                |             |
|    ep_len_mean          | 580         |
|    ep_rew_mean          | 448         |
| time/                   |             |
|    fps                  | 86          |
|    iterations           | 41          |
|    time_elapsed         | 971         |
|    total_timesteps      | 83968       |
| train/                  |             |
|    approx_kl            | 0.029841863 |
|    clip_fraction        | 0.371       |
|    clip_range           | 0.1         |
|    entropy_loss         | -1.03       |
|    explained_variance   | 0.783       |
|    learning_rate        | 0.00025     |
|    loss                 | 912         |
|    n_updates            | 400         |
|    policy_gradient_loss | 0.00842     |
|    value_loss           | 1.58e+03    |
-----------------------------------------
------------------------------------------
| rollout/                |              |
|    ep_len_mean          | 478          |
|    ep_rew_mean          | 516          |
| time/                   |              |
|    fps                  | 86           |
|    iterations           | 42           |
|    time_elapsed         | 994          |
|    total_timesteps      | 86016        |
| train/                  |              |
|    approx_kl            | 0.0118212635 |
|    clip_fraction        | 0.369        |
|    clip_range           | 0.1          |
|    entropy_loss         | -0.896       |
|    explained_variance   | 0.847        |
|    learning_rate        | 0.00025      |
|    loss                 | 239          |
|    n_updates            | 410          |
|    policy_gradient_loss | 0.00925      |
|    value_loss           | 619          |
------------------------------------------
----------------------------------------
| rollout/                |            |
|    ep_len_mean          | 426        |
|    ep_rew_mean          | 546        |
| time/                   |            |
|    fps                  | 86         |
|    iterations           | 43         |
|    time_elapsed         | 1017       |
|    total_timesteps      | 88064      |
| train/                  |            |
|    approx_kl            | 0.05110275 |
|    clip_fraction        | 0.378      |
|    clip_range           | 0.1        |
|    entropy_loss         | -0.777     |
|    explained_variance   | 0.405      |
|    learning_rate        | 0.00025    |
|    loss                 | 1.93e+03   |
|    n_updates            | 420        |
|    policy_gradient_loss | 0.0227     |
|    value_loss           | 4.7e+03    |
----------------------------------------
----------------------------------------
| rollout/                |            |
|    ep_len_mean          | 426        |
|    ep_rew_mean          | 546        |
| time/                   |            |
|    fps                  | 86         |
|    iterations           | 44         |
|    time_elapsed         | 1040       |
|    total_timesteps      | 90112      |
| train/                  |            |
|    approx_kl            | 0.17265904 |
|    clip_fraction        | 0.524      |
|    clip_range           | 0.1        |
|    entropy_loss         | -0.855     |
|    explained_variance   | 0.71       |
|    learning_rate        | 0.00025    |
|    loss                 | 908        |
|    n_updates            | 430        |
|    policy_gradient_loss | 0.0423     |
|    value_loss           | 2.1e+03    |
----------------------------------------
---------------------------------------
| rollout/                |           |
|    ep_len_mean          | 158       |
|    ep_rew_mean          | 426       |
| time/                   |           |
|    fps                  | 86        |
|    iterations           | 45        |
|    time_elapsed         | 1063      |
|    total_timesteps      | 92160     |
| train/                  |           |
|    approx_kl            | 5.2262735 |
|    clip_fraction        | 0.552     |
|    clip_range           | 0.1       |
|    entropy_loss         | -0.728    |
|    explained_variance   | 0.806     |
|    learning_rate        | 0.00025   |
|    loss                 | 214       |
|    n_updates            | 440       |
|    policy_gradient_loss | 0.111     |
|    value_loss           | 324       |
---------------------------------------
----------------------------------------
| rollout/                |            |
|    ep_len_mean          | 145        |
|    ep_rew_mean          | 416        |
| time/                   |            |
|    fps                  | 86         |
|    iterations           | 46         |
|    time_elapsed         | 1086       |
|    total_timesteps      | 94208      |
| train/                  |            |
|    approx_kl            | 0.21030515 |
|    clip_fraction        | 0.151      |
|    clip_range           | 0.1        |
|    entropy_loss         | -0.158     |
|    explained_variance   | 0.59       |
|    learning_rate        | 0.00025    |
|    loss                 | 61         |
|    n_updates            | 450        |
|    policy_gradient_loss | -0.0241    |
|    value_loss           | 638        |
----------------------------------------
----------------------------------------
| rollout/                |            |
|    ep_len_mean          | 113        |
|    ep_rew_mean          | 397        |
| time/                   |            |
|    fps                  | 86         |
|    iterations           | 47         |
|    time_elapsed         | 1109       |
|    total_timesteps      | 96256      |
| train/                  |            |
|    approx_kl            | 0.06485416 |
|    clip_fraction        | 0.408      |
|    clip_range           | 0.1        |
|    entropy_loss         | -0.484     |
|    explained_variance   | 0.39       |
|    learning_rate        | 0.00025    |
|    loss                 | 346        |
|    n_updates            | 460        |
|    policy_gradient_loss | 0.0292     |
|    value_loss           | 726        |
----------------------------------------
-----------------------------------------
| rollout/                |             |
|    ep_len_mean          | 116         |
|    ep_rew_mean          | 405         |
| time/                   |             |
|    fps                  | 86          |
|    iterations           | 48          |
|    time_elapsed         | 1132        |
|    total_timesteps      | 98304       |
| train/                  |             |
|    approx_kl            | 0.028305855 |
|    clip_fraction        | 0.299       |
|    clip_range           | 0.1         |
|    entropy_loss         | -0.563      |
|    explained_variance   | 0.621       |
|    learning_rate        | 0.00025     |
|    loss                 | 998         |
|    n_updates            | 470         |
|    policy_gradient_loss | 0.0198      |
|    value_loss           | 2.37e+03    |
-----------------------------------------
Eval num_timesteps=100000, episode_reward=249.00 +/- 0.00
Episode length: 38.00 +/- 0.00
---------------------------------------
| eval/                   |           |
|    mean_ep_length       | 38        |
|    mean_reward          | 249       |
| time/                   |           |
|    total_timesteps      | 100000    |
| train/                  |           |
|    approx_kl            | 0.1148044 |
|    clip_fraction        | 0.478     |
|    clip_range           | 0.1       |
|    entropy_loss         | -0.621    |
|    explained_variance   | 0.538     |
|    learning_rate        | 0.00025   |
|    loss                 | 1.52e+03  |
|    n_updates            | 480       |
|    policy_gradient_loss | 0.0545    |
|    value_loss           | 3.08e+03  |
---------------------------------------
/homes/sohawan2/miniconda3/envs/rl/lib/python3.10/site-packages/gym_super_mario_bros/smb_env.py:148: RuntimeWarning: overflow encountered in scalar subtract
  return (self.ram[0x86] - self.ram[0x071c]) % 256
New best mean reward!
---------------------------------
| rollout/           |          |
|    ep_len_mean     | 95.9     |
|    ep_rew_mean     | 428      |
| time/              |          |
|    fps             | 86       |
|    iterations      | 49       |
|    time_elapsed    | 1156     |
|    total_timesteps | 100352   |
---------------------------------
-----------------------------------------
| rollout/                |             |
|    ep_len_mean          | 110         |
|    ep_rew_mean          | 485         |
| time/                   |             |
|    fps                  | 86          |
|    iterations           | 50          |
|    time_elapsed         | 1179        |
|    total_timesteps      | 102400      |
| train/                  |             |
|    approx_kl            | 0.011185948 |
|    clip_fraction        | 0.246       |
|    clip_range           | 0.1         |
|    entropy_loss         | -0.481      |
|    explained_variance   | 0.632       |
|    learning_rate        | 0.00025     |
|    loss                 | 1.18e+03    |
|    n_updates            | 490         |
|    policy_gradient_loss | 0.0173      |
|    value_loss           | 3.21e+03    |
-----------------------------------------
---------------------------------------
| rollout/                |           |
|    ep_len_mean          | 121       |
|    ep_rew_mean          | 529       |
| time/                   |           |
|    fps                  | 86        |
|    iterations           | 51        |
|    time_elapsed         | 1203      |
|    total_timesteps      | 104448    |
| train/                  |           |
|    approx_kl            | 0.0642796 |
|    clip_fraction        | 0.301     |
|    clip_range           | 0.1       |
|    entropy_loss         | -0.54     |
|    explained_variance   | 0.581     |
|    learning_rate        | 0.00025   |
|    loss                 | 1.64e+03  |
|    n_updates            | 500       |
|    policy_gradient_loss | 0.016     |
|    value_loss           | 3.17e+03  |
---------------------------------------
-----------------------------------------
| rollout/                |             |
|    ep_len_mean          | 114         |
|    ep_rew_mean          | 574         |
| time/                   |             |
|    fps                  | 86          |
|    iterations           | 52          |
|    time_elapsed         | 1226        |
|    total_timesteps      | 106496      |
| train/                  |             |
|    approx_kl            | 0.050456293 |
|    clip_fraction        | 0.273       |
|    clip_range           | 0.1         |
|    entropy_loss         | -0.485      |
|    explained_variance   | 0.401       |
|    learning_rate        | 0.00025     |
|    loss                 | 1.89e+03    |
|    n_updates            | 510         |
|    policy_gradient_loss | 0.00843     |
|    value_loss           | 4.12e+03    |
-----------------------------------------
-----------------------------------------
| rollout/                |             |
|    ep_len_mean          | 112         |
|    ep_rew_mean          | 584         |
| time/                   |             |
|    fps                  | 86          |
|    iterations           | 53          |
|    time_elapsed         | 1249        |
|    total_timesteps      | 108544      |
| train/                  |             |
|    approx_kl            | 0.019856943 |
|    clip_fraction        | 0.267       |
|    clip_range           | 0.1         |
|    entropy_loss         | -0.535      |
|    explained_variance   | 0.453       |
|    learning_rate        | 0.00025     |
|    loss                 | 2e+03       |
|    n_updates            | 520         |
|    policy_gradient_loss | 0.0213      |
|    value_loss           | 3.69e+03    |
-----------------------------------------
-----------------------------------------
| rollout/                |             |
|    ep_len_mean          | 119         |
|    ep_rew_mean          | 613         |
| time/                   |             |
|    fps                  | 86          |
|    iterations           | 54          |
|    time_elapsed         | 1272        |
|    total_timesteps      | 110592      |
| train/                  |             |
|    approx_kl            | 0.023973662 |
|    clip_fraction        | 0.265       |
|    clip_range           | 0.1         |
|    entropy_loss         | -0.52       |
|    explained_variance   | 0.43        |
|    learning_rate        | 0.00025     |
|    loss                 | 2.05e+03    |
|    n_updates            | 530         |
|    policy_gradient_loss | 0.0111      |
|    value_loss           | 4.18e+03    |
-----------------------------------------
----------------------------------------
| rollout/                |            |
|    ep_len_mean          | 120        |
|    ep_rew_mean          | 620        |
| time/                   |            |
|    fps                  | 86         |
|    iterations           | 55         |
|    time_elapsed         | 1295       |
|    total_timesteps      | 112640     |
| train/                  |            |
|    approx_kl            | 0.15822887 |
|    clip_fraction        | 0.371      |
|    clip_range           | 0.1        |
|    entropy_loss         | -0.495     |
|    explained_variance   | 0.386      |
|    learning_rate        | 0.00025    |
|    loss                 | 1.96e+03   |
|    n_updates            | 540        |
|    policy_gradient_loss | 0.0349     |
|    value_loss           | 4.14e+03   |
----------------------------------------
-----------------------------------------
| rollout/                |             |
|    ep_len_mean          | 122         |
|    ep_rew_mean          | 661         |
| time/                   |             |
|    fps                  | 86          |
|    iterations           | 56          |
|    time_elapsed         | 1318        |
|    total_timesteps      | 114688      |
| train/                  |             |
|    approx_kl            | 0.015191539 |
|    clip_fraction        | 0.258       |
|    clip_range           | 0.1         |
|    entropy_loss         | -0.417      |
|    explained_variance   | 0.518       |
|    learning_rate        | 0.00025     |
|    loss                 | 2.02e+03    |
|    n_updates            | 550         |
|    policy_gradient_loss | 0.0171      |
|    value_loss           | 3.81e+03    |
-----------------------------------------
-----------------------------------------
| rollout/                |             |
|    ep_len_mean          | 130         |
|    ep_rew_mean          | 715         |
| time/                   |             |
|    fps                  | 86          |
|    iterations           | 57          |
|    time_elapsed         | 1341        |
|    total_timesteps      | 116736      |
| train/                  |             |
|    approx_kl            | 0.047157645 |
|    clip_fraction        | 0.278       |
|    clip_range           | 0.1         |
|    entropy_loss         | -0.482      |
|    explained_variance   | 0.417       |
|    learning_rate        | 0.00025     |
|    loss                 | 2.54e+03    |
|    n_updates            | 560         |
|    policy_gradient_loss | 0.0296      |
|    value_loss           | 4.26e+03    |
-----------------------------------------
---------------------------------------
| rollout/                |           |
|    ep_len_mean          | 144       |
|    ep_rew_mean          | 789       |
| time/                   |           |
|    fps                  | 87        |
|    iterations           | 58        |
|    time_elapsed         | 1365      |
|    total_timesteps      | 118784    |
| train/                  |           |
|    approx_kl            | 0.0167827 |
|    clip_fraction        | 0.335     |
|    clip_range           | 0.1       |
|    entropy_loss         | -0.654    |
|    explained_variance   | 0.244     |
|    learning_rate        | 0.00025   |
|    loss                 | 2.22e+03  |
|    n_updates            | 570       |
|    policy_gradient_loss | 0.0191    |
|    value_loss           | 5.04e+03  |
---------------------------------------
-----------------------------------------
| rollout/                |             |
|    ep_len_mean          | 150         |
|    ep_rew_mean          | 838         |
| time/                   |             |
|    fps                  | 87          |
|    iterations           | 59          |
|    time_elapsed         | 1388        |
|    total_timesteps      | 120832      |
| train/                  |             |
|    approx_kl            | 0.044190258 |
|    clip_fraction        | 0.321       |
|    clip_range           | 0.1         |
|    entropy_loss         | -0.578      |
|    explained_variance   | 0.425       |
|    learning_rate        | 0.00025     |
|    loss                 | 1.78e+03    |
|    n_updates            | 580         |
|    policy_gradient_loss | 0.019       |
|    value_loss           | 3.51e+03    |
-----------------------------------------
-----------------------------------------
| rollout/                |             |
|    ep_len_mean          | 153         |
|    ep_rew_mean          | 865         |
| time/                   |             |
|    fps                  | 87          |
|    iterations           | 60          |
|    time_elapsed         | 1411        |
|    total_timesteps      | 122880      |
| train/                  |             |
|    approx_kl            | 0.034070034 |
|    clip_fraction        | 0.413       |
|    clip_range           | 0.1         |
|    entropy_loss         | -0.551      |
|    explained_variance   | 0.428       |
|    learning_rate        | 0.00025     |
|    loss                 | 2.82e+03    |
|    n_updates            | 590         |
|    policy_gradient_loss | 0.0346      |
|    value_loss           | 5.37e+03    |
-----------------------------------------
----------------------------------------
| rollout/                |            |
|    ep_len_mean          | 147        |
|    ep_rew_mean          | 842        |
| time/                   |            |
|    fps                  | 87         |
|    iterations           | 61         |
|    time_elapsed         | 1434       |
|    total_timesteps      | 124928     |
| train/                  |            |
|    approx_kl            | 0.12341085 |
|    clip_fraction        | 0.402      |
|    clip_range           | 0.1        |
|    entropy_loss         | -0.601     |
|    explained_variance   | 0.449      |
|    learning_rate        | 0.00025    |
|    loss                 | 3.18e+03   |
|    n_updates            | 600        |
|    policy_gradient_loss | 0.0314     |
|    value_loss           | 4.57e+03   |
----------------------------------------
-----------------------------------------
| rollout/                |             |
|    ep_len_mean          | 145         |
|    ep_rew_mean          | 862         |
| time/                   |             |
|    fps                  | 87          |
|    iterations           | 62          |
|    time_elapsed         | 1457        |
|    total_timesteps      | 126976      |
| train/                  |             |
|    approx_kl            | 0.028941993 |
|    clip_fraction        | 0.256       |
|    clip_range           | 0.1         |
|    entropy_loss         | -0.397      |
|    explained_variance   | 0.322       |
|    learning_rate        | 0.00025     |
|    loss                 | 2.96e+03    |
|    n_updates            | 610         |
|    policy_gradient_loss | 0.0233      |
|    value_loss           | 6.51e+03    |
-----------------------------------------
-----------------------------------------
| rollout/                |             |
|    ep_len_mean          | 150         |
|    ep_rew_mean          | 886         |
| time/                   |             |
|    fps                  | 87          |
|    iterations           | 63          |
|    time_elapsed         | 1481        |
|    total_timesteps      | 129024      |
| train/                  |             |
|    approx_kl            | 0.027975112 |
|    clip_fraction        | 0.226       |
|    clip_range           | 0.1         |
|    entropy_loss         | -0.485      |
|    explained_variance   | 0.367       |
|    learning_rate        | 0.00025     |
|    loss                 | 2.61e+03    |
|    n_updates            | 620         |
|    policy_gradient_loss | 0.0103      |
|    value_loss           | 5.38e+03    |
-----------------------------------------
-----------------------------------------
| rollout/                |             |
|    ep_len_mean          | 143         |
|    ep_rew_mean          | 859         |
| time/                   |             |
|    fps                  | 87          |
|    iterations           | 64          |
|    time_elapsed         | 1504        |
|    total_timesteps      | 131072      |
| train/                  |             |
|    approx_kl            | 0.022957131 |
|    clip_fraction        | 0.316       |
|    clip_range           | 0.1         |
|    entropy_loss         | -0.538      |
|    explained_variance   | 0.179       |
|    learning_rate        | 0.00025     |
|    loss                 | 2.18e+03    |
|    n_updates            | 630         |
|    policy_gradient_loss | 0.0263      |
|    value_loss           | 5.3e+03     |
-----------------------------------------
-----------------------------------------
| rollout/                |             |
|    ep_len_mean          | 138         |
|    ep_rew_mean          | 837         |
| time/                   |             |
|    fps                  | 87          |
|    iterations           | 65          |
|    time_elapsed         | 1527        |
|    total_timesteps      | 133120      |
| train/                  |             |
|    approx_kl            | 0.029609922 |
|    clip_fraction        | 0.306       |
|    clip_range           | 0.1         |
|    entropy_loss         | -0.492      |
|    explained_variance   | 0.313       |
|    learning_rate        | 0.00025     |
|    loss                 | 3.11e+03    |
|    n_updates            | 640         |
|    policy_gradient_loss | 0.0249      |
|    value_loss           | 6e+03       |
-----------------------------------------
-----------------------------------------
| rollout/                |             |
|    ep_len_mean          | 143         |
|    ep_rew_mean          | 847         |
| time/                   |             |
|    fps                  | 87          |
|    iterations           | 66          |
|    time_elapsed         | 1550        |
|    total_timesteps      | 135168      |
| train/                  |             |
|    approx_kl            | 0.027896943 |
|    clip_fraction        | 0.29        |
|    clip_range           | 0.1         |
|    entropy_loss         | -0.528      |
|    explained_variance   | 0.374       |
|    learning_rate        | 0.00025     |
|    loss                 | 1.79e+03    |
|    n_updates            | 650         |
|    policy_gradient_loss | 0.0081      |
|    value_loss           | 4.87e+03    |
-----------------------------------------
----------------------------------------
| rollout/                |            |
|    ep_len_mean          | 139        |
|    ep_rew_mean          | 814        |
| time/                   |            |
|    fps                  | 87         |
|    iterations           | 67         |
|    time_elapsed         | 1573       |
|    total_timesteps      | 137216     |
| train/                  |            |
|    approx_kl            | 0.06803492 |
|    clip_fraction        | 0.255      |
|    clip_range           | 0.1        |
|    entropy_loss         | -0.423     |
|    explained_variance   | 0.56       |
|    learning_rate        | 0.00025    |
|    loss                 | 1.38e+03   |
|    n_updates            | 660        |
|    policy_gradient_loss | 0.0123     |
|    value_loss           | 3.26e+03   |
----------------------------------------
-----------------------------------------
| rollout/                |             |
|    ep_len_mean          | 148         |
|    ep_rew_mean          | 860         |
| time/                   |             |
|    fps                  | 87          |
|    iterations           | 68          |
|    time_elapsed         | 1596        |
|    total_timesteps      | 139264      |
| train/                  |             |
|    approx_kl            | 0.018065844 |
|    clip_fraction        | 0.214       |
|    clip_range           | 0.1         |
|    entropy_loss         | -0.408      |
|    explained_variance   | 0.478       |
|    learning_rate        | 0.00025     |
|    loss                 | 2.8e+03     |
|    n_updates            | 670         |
|    policy_gradient_loss | 0.00587     |
|    value_loss           | 5.21e+03    |
-----------------------------------------
-----------------------------------------
| rollout/                |             |
|    ep_len_mean          | 151         |
|    ep_rew_mean          | 859         |
| time/                   |             |
|    fps                  | 87          |
|    iterations           | 69          |
|    time_elapsed         | 1619        |
|    total_timesteps      | 141312      |
| train/                  |             |
|    approx_kl            | 0.020220606 |
|    clip_fraction        | 0.234       |
|    clip_range           | 0.1         |
|    entropy_loss         | -0.467      |
|    explained_variance   | 0.431       |
|    learning_rate        | 0.00025     |
|    loss                 | 2.13e+03    |
|    n_updates            | 680         |
|    policy_gradient_loss | 0.0142      |
|    value_loss           | 4.57e+03    |
-----------------------------------------
-----------------------------------------
| rollout/                |             |
|    ep_len_mean          | 161         |
|    ep_rew_mean          | 874         |
| time/                   |             |
|    fps                  | 87          |
|    iterations           | 70          |
|    time_elapsed         | 1643        |
|    total_timesteps      | 143360      |
| train/                  |             |
|    approx_kl            | 0.030022267 |
|    clip_fraction        | 0.199       |
|    clip_range           | 0.1         |
|    entropy_loss         | -0.395      |
|    explained_variance   | 0.558       |
|    learning_rate        | 0.00025     |
|    loss                 | 1.77e+03    |
|    n_updates            | 690         |
|    policy_gradient_loss | 0.00223     |
|    value_loss           | 3.64e+03    |
-----------------------------------------
-----------------------------------------
| rollout/                |             |
|    ep_len_mean          | 159         |
|    ep_rew_mean          | 855         |
| time/                   |             |
|    fps                  | 87          |
|    iterations           | 71          |
|    time_elapsed         | 1666        |
|    total_timesteps      | 145408      |
| train/                  |             |
|    approx_kl            | 0.020363122 |
|    clip_fraction        | 0.221       |
|    clip_range           | 0.1         |
|    entropy_loss         | -0.363      |
|    explained_variance   | 0.676       |
|    learning_rate        | 0.00025     |
|    loss                 | 804         |
|    n_updates            | 700         |
|    policy_gradient_loss | 0.00949     |
|    value_loss           | 1.83e+03    |
-----------------------------------------
----------------------------------------
| rollout/                |            |
|    ep_len_mean          | 161        |
|    ep_rew_mean          | 849        |
| time/                   |            |
|    fps                  | 87         |
|    iterations           | 72         |
|    time_elapsed         | 1689       |
|    total_timesteps      | 147456     |
| train/                  |            |
|    approx_kl            | 0.15037376 |
|    clip_fraction        | 0.31       |
|    clip_range           | 0.1        |
|    entropy_loss         | -0.35      |
|    explained_variance   | 0.588      |
|    learning_rate        | 0.00025    |
|    loss                 | 1.95e+03   |
|    n_updates            | 710        |
|    policy_gradient_loss | 0.0329     |
|    value_loss           | 4.44e+03   |
----------------------------------------
-----------------------------------------
| rollout/                |             |
|    ep_len_mean          | 166         |
|    ep_rew_mean          | 870         |
| time/                   |             |
|    fps                  | 87          |
|    iterations           | 73          |
|    time_elapsed         | 1712        |
|    total_timesteps      | 149504      |
| train/                  |             |
|    approx_kl            | 0.050949164 |
|    clip_fraction        | 0.323       |
|    clip_range           | 0.1         |
|    entropy_loss         | -0.461      |
|    explained_variance   | 0.377       |
|    learning_rate        | 0.00025     |
|    loss                 | 2.11e+03    |
|    n_updates            | 720         |
|    policy_gradient_loss | 0.00253     |
|    value_loss           | 3.93e+03    |
-----------------------------------------
-----------------------------------------
| rollout/                |             |
|    ep_len_mean          | 164         |
|    ep_rew_mean          | 863         |
| time/                   |             |
|    fps                  | 87          |
|    iterations           | 74          |
|    time_elapsed         | 1735        |
|    total_timesteps      | 151552      |
| train/                  |             |
|    approx_kl            | 0.050461788 |
|    clip_fraction        | 0.291       |
|    clip_range           | 0.1         |
|    entropy_loss         | -0.449      |
|    explained_variance   | 0.614       |
|    learning_rate        | 0.00025     |
|    loss                 | 1.67e+03    |
|    n_updates            | 730         |
|    policy_gradient_loss | 0.0189      |
|    value_loss           | 3.26e+03    |
-----------------------------------------
----------------------------------------
| rollout/                |            |
|    ep_len_mean          | 168        |
|    ep_rew_mean          | 863        |
| time/                   |            |
|    fps                  | 87         |
|    iterations           | 75         |
|    time_elapsed         | 1758       |
|    total_timesteps      | 153600     |
| train/                  |            |
|    approx_kl            | 0.06612623 |
|    clip_fraction        | 0.308      |
|    clip_range           | 0.1        |
|    entropy_loss         | -0.539     |
|    explained_variance   | 0.518      |
|    learning_rate        | 0.00025    |
|    loss                 | 1.78e+03   |
|    n_updates            | 740        |
|    policy_gradient_loss | 0.0131     |
|    value_loss           | 3.96e+03   |
----------------------------------------
-----------------------------------------
| rollout/                |             |
|    ep_len_mean          | 177         |
|    ep_rew_mean          | 895         |
| time/                   |             |
|    fps                  | 87          |
|    iterations           | 76          |
|    time_elapsed         | 1782        |
|    total_timesteps      | 155648      |
| train/                  |             |
|    approx_kl            | 0.031906914 |
|    clip_fraction        | 0.309       |
|    clip_range           | 0.1         |
|    entropy_loss         | -0.545      |
|    explained_variance   | 0.571       |
|    learning_rate        | 0.00025     |
|    loss                 | 1.64e+03    |
|    n_updates            | 750         |
|    policy_gradient_loss | 0.0131      |
|    value_loss           | 3.43e+03    |
-----------------------------------------
----------------------------------------
| rollout/                |            |
|    ep_len_mean          | 184        |
|    ep_rew_mean          | 908        |
| time/                   |            |
|    fps                  | 87         |
|    iterations           | 77         |
|    time_elapsed         | 1805       |
|    total_timesteps      | 157696     |
| train/                  |            |
|    approx_kl            | 0.33155912 |
|    clip_fraction        | 0.35       |
|    clip_range           | 0.1        |
|    entropy_loss         | -0.533     |
|    explained_variance   | 0.599      |
|    learning_rate        | 0.00025    |
|    loss                 | 1.16e+03   |
|    n_updates            | 760        |
|    policy_gradient_loss | 0.0256     |
|    value_loss           | 2.94e+03   |
----------------------------------------
--------------------------------------
| rollout/                |          |
|    ep_len_mean          | 191      |
|    ep_rew_mean          | 909      |
| time/                   |          |
|    fps                  | 87       |
|    iterations           | 78       |
|    time_elapsed         | 1828     |
|    total_timesteps      | 159744   |
| train/                  |          |
|    approx_kl            | 1.187959 |
|    clip_fraction        | 0.38     |
|    clip_range           | 0.1      |
|    entropy_loss         | -0.464   |
|    explained_variance   | 0.725    |
|    learning_rate        | 0.00025  |
|    loss                 | 882      |
|    n_updates            | 770      |
|    policy_gradient_loss | 0.0442   |
|    value_loss           | 1.92e+03 |
--------------------------------------
-----------------------------------------
| rollout/                |             |
|    ep_len_mean          | 191         |
|    ep_rew_mean          | 921         |
| time/                   |             |
|    fps                  | 87          |
|    iterations           | 79          |
|    time_elapsed         | 1851        |
|    total_timesteps      | 161792      |
| train/                  |             |
|    approx_kl            | 0.029614408 |
|    clip_fraction        | 0.152       |
|    clip_range           | 0.1         |
|    entropy_loss         | -0.243      |
|    explained_variance   | 0.782       |
|    learning_rate        | 0.00025     |
|    loss                 | 617         |
|    n_updates            | 780         |
|    policy_gradient_loss | 0.00333     |
|    value_loss           | 1.88e+03    |
-----------------------------------------
----------------------------------------
| rollout/                |            |
|    ep_len_mean          | 194        |
|    ep_rew_mean          | 958        |
| time/                   |            |
|    fps                  | 87         |
|    iterations           | 80         |
|    time_elapsed         | 1874       |
|    total_timesteps      | 163840     |
| train/                  |            |
|    approx_kl            | 0.03573224 |
|    clip_fraction        | 0.301      |
|    clip_range           | 0.1        |
|    entropy_loss         | -0.351     |
|    explained_variance   | 0.625      |
|    learning_rate        | 0.00025    |
|    loss                 | 672        |
|    n_updates            | 790        |
|    policy_gradient_loss | 0.00792    |
|    value_loss           | 2.19e+03   |
----------------------------------------
-----------------------------------------
| rollout/                |             |
|    ep_len_mean          | 202         |
|    ep_rew_mean          | 1e+03       |
| time/                   |             |
|    fps                  | 87          |
|    iterations           | 81          |
|    time_elapsed         | 1898        |
|    total_timesteps      | 165888      |
| train/                  |             |
|    approx_kl            | 0.016421791 |
|    clip_fraction        | 0.2         |
|    clip_range           | 0.1         |
|    entropy_loss         | -0.32       |
|    explained_variance   | 0.682       |
|    learning_rate        | 0.00025     |
|    loss                 | 1.47e+03    |
|    n_updates            | 800         |
|    policy_gradient_loss | 0.00906     |
|    value_loss           | 3.18e+03    |
-----------------------------------------
-----------------------------------------
| rollout/                |             |
|    ep_len_mean          | 196         |
|    ep_rew_mean          | 995         |
| time/                   |             |
|    fps                  | 87          |
|    iterations           | 82          |
|    time_elapsed         | 1921        |
|    total_timesteps      | 167936      |
| train/                  |             |
|    approx_kl            | 0.040824518 |
|    clip_fraction        | 0.266       |
|    clip_range           | 0.1         |
|    entropy_loss         | -0.366      |
|    explained_variance   | 0.612       |
|    learning_rate        | 0.00025     |
|    loss                 | 996         |
|    n_updates            | 810         |
|    policy_gradient_loss | 0.000491    |
|    value_loss           | 2.94e+03    |
-----------------------------------------
-----------------------------------------
| rollout/                |             |
|    ep_len_mean          | 192         |
|    ep_rew_mean          | 973         |
| time/                   |             |
|    fps                  | 87          |
|    iterations           | 83          |
|    time_elapsed         | 1944        |
|    total_timesteps      | 169984      |
| train/                  |             |
|    approx_kl            | 0.030658593 |
|    clip_fraction        | 0.264       |
|    clip_range           | 0.1         |
|    entropy_loss         | -0.383      |
|    explained_variance   | 0.36        |
|    learning_rate        | 0.00025     |
|    loss                 | 2.75e+03    |
|    n_updates            | 820         |
|    policy_gradient_loss | 0.0148      |
|    value_loss           | 6.05e+03    |
-----------------------------------------
----------------------------------------
| rollout/                |            |
|    ep_len_mean          | 197        |
|    ep_rew_mean          | 1.01e+03   |
| time/                   |            |
|    fps                  | 87         |
|    iterations           | 84         |
|    time_elapsed         | 1967       |
|    total_timesteps      | 172032     |
| train/                  |            |
|    approx_kl            | 0.01695345 |
|    clip_fraction        | 0.216      |
|    clip_range           | 0.1        |
|    entropy_loss         | -0.403     |
|    explained_variance   | 0.307      |
|    learning_rate        | 0.00025    |
|    loss                 | 2.76e+03   |
|    n_updates            | 830        |
|    policy_gradient_loss | 0.00716    |
|    value_loss           | 6.14e+03   |
----------------------------------------
-----------------------------------------
| rollout/                |             |
|    ep_len_mean          | 200         |
|    ep_rew_mean          | 1.04e+03    |
| time/                   |             |
|    fps                  | 87          |
|    iterations           | 85          |
|    time_elapsed         | 1990        |
|    total_timesteps      | 174080      |
| train/                  |             |
|    approx_kl            | 0.034395237 |
|    clip_fraction        | 0.243       |
|    clip_range           | 0.1         |
|    entropy_loss         | -0.385      |
|    explained_variance   | 0.726       |
|    learning_rate        | 0.00025     |
|    loss                 | 1.76e+03    |
|    n_updates            | 840         |
|    policy_gradient_loss | 0.0115      |
|    value_loss           | 3.7e+03     |
-----------------------------------------
----------------------------------------
| rollout/                |            |
|    ep_len_mean          | 194        |
|    ep_rew_mean          | 1.04e+03   |
| time/                   |            |
|    fps                  | 87         |
|    iterations           | 86         |
|    time_elapsed         | 2014       |
|    total_timesteps      | 176128     |
| train/                  |            |
|    approx_kl            | 0.08953741 |
|    clip_fraction        | 0.3        |
|    clip_range           | 0.1        |
|    entropy_loss         | -0.398     |
|    explained_variance   | 0.543      |
|    learning_rate        | 0.00025    |
|    loss                 | 1.83e+03   |
|    n_updates            | 850        |
|    policy_gradient_loss | 0.0189     |
|    value_loss           | 3.01e+03   |
----------------------------------------
-----------------------------------------
| rollout/                |             |
|    ep_len_mean          | 189         |
|    ep_rew_mean          | 1.1e+03     |
| time/                   |             |
|    fps                  | 87          |
|    iterations           | 87          |
|    time_elapsed         | 2037        |
|    total_timesteps      | 178176      |
| train/                  |             |
|    approx_kl            | 0.035179168 |
|    clip_fraction        | 0.229       |
|    clip_range           | 0.1         |
|    entropy_loss         | -0.275      |
|    explained_variance   | 0.593       |
|    learning_rate        | 0.00025     |
|    loss                 | 2.04e+03    |
|    n_updates            | 860         |
|    policy_gradient_loss | 0.00236     |
|    value_loss           | 4.25e+03    |
-----------------------------------------
----------------------------------------
| rollout/                |            |
|    ep_len_mean          | 184        |
|    ep_rew_mean          | 1.11e+03   |
| time/                   |            |
|    fps                  | 87         |
|    iterations           | 88         |
|    time_elapsed         | 2060       |
|    total_timesteps      | 180224     |
| train/                  |            |
|    approx_kl            | 0.01980001 |
|    clip_fraction        | 0.211      |
|    clip_range           | 0.1        |
|    entropy_loss         | -0.277     |
|    explained_variance   | 0.599      |
|    learning_rate        | 0.00025    |
|    loss                 | 1.24e+03   |
|    n_updates            | 870        |
|    policy_gradient_loss | 0.00547    |
|    value_loss           | 3.86e+03   |
----------------------------------------
-----------------------------------------
| rollout/                |             |
|    ep_len_mean          | 189         |
|    ep_rew_mean          | 1.13e+03    |
| time/                   |             |
|    fps                  | 87          |
|    iterations           | 89          |
|    time_elapsed         | 2083        |
|    total_timesteps      | 182272      |
| train/                  |             |
|    approx_kl            | 0.017990883 |
|    clip_fraction        | 0.169       |
|    clip_range           | 0.1         |
|    entropy_loss         | -0.249      |
|    explained_variance   | 0.617       |
|    learning_rate        | 0.00025     |
|    loss                 | 1.44e+03    |
|    n_updates            | 880         |
|    policy_gradient_loss | -0.000117   |
|    value_loss           | 3.37e+03    |
-----------------------------------------
----------------------------------------
| rollout/                |            |
|    ep_len_mean          | 189        |
|    ep_rew_mean          | 1.13e+03   |
| time/                   |            |
|    fps                  | 87         |
|    iterations           | 90         |
|    time_elapsed         | 2106       |
|    total_timesteps      | 184320     |
| train/                  |            |
|    approx_kl            | 0.01917998 |
|    clip_fraction        | 0.187      |
|    clip_range           | 0.1        |
|    entropy_loss         | -0.265     |
|    explained_variance   | 0.72       |
|    learning_rate        | 0.00025    |
|    loss                 | 860        |
|    n_updates            | 890        |
|    policy_gradient_loss | 0.00851    |
|    value_loss           | 2.39e+03   |
----------------------------------------
-----------------------------------------
| rollout/                |             |
|    ep_len_mean          | 198         |
|    ep_rew_mean          | 1.13e+03    |
| time/                   |             |
|    fps                  | 87          |
|    iterations           | 91          |
|    time_elapsed         | 2130        |
|    total_timesteps      | 186368      |
| train/                  |             |
|    approx_kl            | 0.032112643 |
|    clip_fraction        | 0.264       |
|    clip_range           | 0.1         |
|    entropy_loss         | -0.27       |
|    explained_variance   | 0.885       |
|    learning_rate        | 0.00025     |
|    loss                 | 809         |
|    n_updates            | 900         |
|    policy_gradient_loss | 0.00709     |
|    value_loss           | 2.3e+03     |
-----------------------------------------
---------------------------------------
| rollout/                |           |
|    ep_len_mean          | 199       |
|    ep_rew_mean          | 1.14e+03  |
| time/                   |           |
|    fps                  | 87        |
|    iterations           | 92        |
|    time_elapsed         | 2153      |
|    total_timesteps      | 188416    |
| train/                  |           |
|    approx_kl            | 0.0570512 |
|    clip_fraction        | 0.287     |
|    clip_range           | 0.1       |
|    entropy_loss         | -0.355    |
|    explained_variance   | 0.634     |
|    learning_rate        | 0.00025   |
|    loss                 | 1.86e+03  |
|    n_updates            | 910       |
|    policy_gradient_loss | 0.0214    |
|    value_loss           | 4.49e+03  |
---------------------------------------
-----------------------------------------
| rollout/                |             |
|    ep_len_mean          | 195         |
|    ep_rew_mean          | 1.16e+03    |
| time/                   |             |
|    fps                  | 87          |
|    iterations           | 93          |
|    time_elapsed         | 2176        |
|    total_timesteps      | 190464      |
| train/                  |             |
|    approx_kl            | 0.025907164 |
|    clip_fraction        | 0.217       |
|    clip_range           | 0.1         |
|    entropy_loss         | -0.33       |
|    explained_variance   | 0.465       |
|    learning_rate        | 0.00025     |
|    loss                 | 3.77e+03    |
|    n_updates            | 920         |
|    policy_gradient_loss | 0.00687     |
|    value_loss           | 7.57e+03    |
-----------------------------------------
----------------------------------------
| rollout/                |            |
|    ep_len_mean          | 189        |
|    ep_rew_mean          | 1.09e+03   |
| time/                   |            |
|    fps                  | 87         |
|    iterations           | 94         |
|    time_elapsed         | 2199       |
|    total_timesteps      | 192512     |
| train/                  |            |
|    approx_kl            | 0.30324304 |
|    clip_fraction        | 0.363      |
|    clip_range           | 0.1        |
|    entropy_loss         | -0.364     |
|    explained_variance   | 0.593      |
|    learning_rate        | 0.00025    |
|    loss                 | 2.78e+03   |
|    n_updates            | 930        |
|    policy_gradient_loss | 0.0384     |
|    value_loss           | 6e+03      |
----------------------------------------
---------------------------------------
| rollout/                |           |
|    ep_len_mean          | 197       |
|    ep_rew_mean          | 1.08e+03  |
| time/                   |           |
|    fps                  | 87        |
|    iterations           | 95        |
|    time_elapsed         | 2222      |
|    total_timesteps      | 194560    |
| train/                  |           |
|    approx_kl            | 0.0526921 |
|    clip_fraction        | 0.22      |
|    clip_range           | 0.1       |
|    entropy_loss         | -0.27     |
|    explained_variance   | 0.273     |
|    learning_rate        | 0.00025   |
|    loss                 | 2.47e+03  |
|    n_updates            | 940       |
|    policy_gradient_loss | -0.00129  |
|    value_loss           | 5.7e+03   |
---------------------------------------
----------------------------------------
| rollout/                |            |
|    ep_len_mean          | 203        |
|    ep_rew_mean          | 1.05e+03   |
| time/                   |            |
|    fps                  | 87         |
|    iterations           | 96         |
|    time_elapsed         | 2245       |
|    total_timesteps      | 196608     |
| train/                  |            |
|    approx_kl            | 0.92732036 |
|    clip_fraction        | 0.142      |
|    clip_range           | 0.1        |
|    entropy_loss         | -0.144     |
|    explained_variance   | 0.562      |
|    learning_rate        | 0.00025    |
|    loss                 | 467        |
|    n_updates            | 950        |
|    policy_gradient_loss | 0.00865    |
|    value_loss           | 1.75e+03   |
----------------------------------------
-----------------------------------------
| rollout/                |             |
|    ep_len_mean          | 204         |
|    ep_rew_mean          | 1.05e+03    |
| time/                   |             |
|    fps                  | 87          |
|    iterations           | 97          |
|    time_elapsed         | 2269        |
|    total_timesteps      | 198656      |
| train/                  |             |
|    approx_kl            | 0.044488728 |
|    clip_fraction        | 0.148       |
|    clip_range           | 0.1         |
|    entropy_loss         | -0.18       |
|    explained_variance   | 0.764       |
|    learning_rate        | 0.00025     |
|    loss                 | 783         |
|    n_updates            | 960         |
|    policy_gradient_loss | 0.00995     |
|    value_loss           | 2.19e+03    |
-----------------------------------------
Eval num_timesteps=200000, episode_reward=140.00 +/- 0.00
Episode length: 2406.00 +/- 0.00
-----------------------------------------
| eval/                   |             |
|    mean_ep_length       | 2.41e+03    |
|    mean_reward          | 140         |
| time/                   |             |
|    total_timesteps      | 200000      |
| train/                  |             |
|    approx_kl            | 0.077985324 |
|    clip_fraction        | 0.0762      |
|    clip_range           | 0.1         |
|    entropy_loss         | -0.0936     |
|    explained_variance   | 0.742       |
|    learning_rate        | 0.00025     |
|    loss                 | 140         |
|    n_updates            | 970         |
|    policy_gradient_loss | 0.00781     |
|    value_loss           | 604         |
-----------------------------------------
---------------------------------
| rollout/           |          |
|    ep_len_mean     | 224      |
|    ep_rew_mean     | 1.02e+03 |
| time/              |          |
|    fps             | 84       |
|    iterations      | 98       |
|    time_elapsed    | 2362     |
|    total_timesteps | 200704   |
---------------------------------
-----------------------------------------
| rollout/                |             |
|    ep_len_mean          | 243         |
|    ep_rew_mean          | 989         |
| time/                   |             |
|    fps                  | 84          |
|    iterations           | 99          |
|    time_elapsed         | 2385        |
|    total_timesteps      | 202752      |
| train/                  |             |
|    approx_kl            | 0.025561433 |
|    clip_fraction        | 0.0662      |
|    clip_range           | 0.1         |
|    entropy_loss         | -0.0698     |
|    explained_variance   | 0.873       |
|    learning_rate        | 0.00025     |
|    loss                 | 514         |
|    n_updates            | 980         |
|    policy_gradient_loss | 0.0134      |
|    value_loss           | 1.03e+03    |
-----------------------------------------
-----------------------------------------
| rollout/                |             |
|    ep_len_mean          | 238         |
|    ep_rew_mean          | 977         |
| time/                   |             |
|    fps                  | 85          |
|    iterations           | 100         |
|    time_elapsed         | 2408        |
|    total_timesteps      | 204800      |
| train/                  |             |
|    approx_kl            | 0.015098881 |
|    clip_fraction        | 0.0414      |
|    clip_range           | 0.1         |
|    entropy_loss         | -0.0386     |
|    explained_variance   | 0.848       |
|    learning_rate        | 0.00025     |
|    loss                 | 291         |
|    n_updates            | 990         |
|    policy_gradient_loss | -0.00263    |
|    value_loss           | 1.05e+03    |
-----------------------------------------
-----------------------------------------
| rollout/                |             |
|    ep_len_mean          | 238         |
|    ep_rew_mean          | 977         |
| time/                   |             |
|    fps                  | 85          |
|    iterations           | 101         |
|    time_elapsed         | 2431        |
|    total_timesteps      | 206848      |
| train/                  |             |
|    approx_kl            | 0.020364048 |
|    clip_fraction        | 0.164       |
|    clip_range           | 0.1         |
|    entropy_loss         | -0.188      |
|    explained_variance   | 0.614       |
|    learning_rate        | 0.00025     |
|    loss                 | 1.46e+03    |
|    n_updates            | 1000        |
|    policy_gradient_loss | 0.015       |
|    value_loss           | 3.66e+03    |
-----------------------------------------
-------------------------------------------
| rollout/                |               |
|    ep_len_mean          | 255           |
|    ep_rew_mean          | 941           |
| time/                   |               |
|    fps                  | 85            |
|    iterations           | 102           |
|    time_elapsed         | 2455          |
|    total_timesteps      | 208896        |
| train/                  |               |
|    approx_kl            | 1.4930993e-08 |
|    clip_fraction        | 0             |
|    clip_range           | 0.1           |
|    entropy_loss         | -0.000366     |
|    explained_variance   | -0.626        |
|    learning_rate        | 0.00025       |
|    loss                 | 4.49          |
|    n_updates            | 1010          |
|    policy_gradient_loss | -5.67e-06     |
|    value_loss           | 123           |
-------------------------------------------
-----------------------------------------
| rollout/                |             |
|    ep_len_mean          | 260         |
|    ep_rew_mean          | 894         |
| time/                   |             |
|    fps                  | 85          |
|    iterations           | 103         |
|    time_elapsed         | 2478        |
|    total_timesteps      | 210944      |
| train/                  |             |
|    approx_kl            | 0.030162187 |
|    clip_fraction        | 0.0921      |
|    clip_range           | 0.1         |
|    entropy_loss         | -0.0757     |
|    explained_variance   | 0.807       |
|    learning_rate        | 0.00025     |
|    loss                 | 503         |
|    n_updates            | 1020        |
|    policy_gradient_loss | 0.0144      |
|    value_loss           | 957         |
-----------------------------------------
------------------------------------------
| rollout/                |              |
|    ep_len_mean          | 260          |
|    ep_rew_mean          | 894          |
| time/                   |              |
|    fps                  | 85           |
|    iterations           | 104          |
|    time_elapsed         | 2501         |
|    total_timesteps      | 212992       |
| train/                  |              |
|    approx_kl            | 0.0057932474 |
|    clip_fraction        | 0.0778       |
|    clip_range           | 0.1          |
|    entropy_loss         | -0.089       |
|    explained_variance   | 0.874        |
|    learning_rate        | 0.00025      |
|    loss                 | 614          |
|    n_updates            | 1030         |
|    policy_gradient_loss | 0.00199      |
|    value_loss           | 1.19e+03     |
------------------------------------------
------------------------------------------
| rollout/                |              |
|    ep_len_mean          | 274          |
|    ep_rew_mean          | 798          |
| time/                   |              |
|    fps                  | 85           |
|    iterations           | 105          |
|    time_elapsed         | 2524         |
|    total_timesteps      | 215040       |
| train/                  |              |
|    approx_kl            | 0.0022290153 |
|    clip_fraction        | 0.0131       |
|    clip_range           | 0.1          |
|    entropy_loss         | -0.0244      |
|    explained_variance   | -1.07        |
|    learning_rate        | 0.00025      |
|    loss                 | 10.9         |
|    n_updates            | 1040         |
|    policy_gradient_loss | -6.35e-05    |
|    value_loss           | 96.9         |
------------------------------------------
-----------------------------------------
| rollout/                |             |
|    ep_len_mean          | 273         |
|    ep_rew_mean          | 748         |
| time/                   |             |
|    fps                  | 85          |
|    iterations           | 106         |
|    time_elapsed         | 2547        |
|    total_timesteps      | 217088      |
| train/                  |             |
|    approx_kl            | 0.037910502 |
|    clip_fraction        | 0.261       |
|    clip_range           | 0.1         |
|    entropy_loss         | -0.294      |
|    explained_variance   | 0.526       |
|    learning_rate        | 0.00025     |
|    loss                 | 1.11e+03    |
|    n_updates            | 1050        |
|    policy_gradient_loss | 0.00893     |
|    value_loss           | 2.89e+03    |
-----------------------------------------
----------------------------------------
| rollout/                |            |
|    ep_len_mean          | 279        |
|    ep_rew_mean          | 760        |
| time/                   |            |
|    fps                  | 85         |
|    iterations           | 107        |
|    time_elapsed         | 2571       |
|    total_timesteps      | 219136     |
| train/                  |            |
|    approx_kl            | 0.02905999 |
|    clip_fraction        | 0.256      |
|    clip_range           | 0.1        |
|    entropy_loss         | -0.316     |
|    explained_variance   | 0.749      |
|    learning_rate        | 0.00025    |
|    loss                 | 446        |
|    n_updates            | 1060       |
|    policy_gradient_loss | 0.0106     |
|    value_loss           | 1.48e+03   |
----------------------------------------
----------------------------------------
| rollout/                |            |
|    ep_len_mean          | 291        |
|    ep_rew_mean          | 764        |
| time/                   |            |
|    fps                  | 85         |
|    iterations           | 108        |
|    time_elapsed         | 2594       |
|    total_timesteps      | 221184     |
| train/                  |            |
|    approx_kl            | 0.18059392 |
|    clip_fraction        | 0.408      |
|    clip_range           | 0.1        |
|    entropy_loss         | -0.431     |
|    explained_variance   | 0.745      |
|    learning_rate        | 0.00025    |
|    loss                 | 732        |
|    n_updates            | 1070       |
|    policy_gradient_loss | 0.0175     |
|    value_loss           | 1.94e+03   |
----------------------------------------
---------------------------------------
| rollout/                |           |
|    ep_len_mean          | 286       |
|    ep_rew_mean          | 762       |
| time/                   |           |
|    fps                  | 85        |
|    iterations           | 109       |
|    time_elapsed         | 2617      |
|    total_timesteps      | 223232    |
| train/                  |           |
|    approx_kl            | 1.1179055 |
|    clip_fraction        | 0.549     |
|    clip_range           | 0.1       |
|    entropy_loss         | -0.358    |
|    explained_variance   | 0.637     |
|    learning_rate        | 0.00025   |
|    loss                 | 722       |
|    n_updates            | 1080      |
|    policy_gradient_loss | 0.0346    |
|    value_loss           | 1.41e+03  |
---------------------------------------
-----------------------------------------
| rollout/                |             |
|    ep_len_mean          | 253         |
|    ep_rew_mean          | 746         |
| time/                   |             |
|    fps                  | 85          |
|    iterations           | 110         |
|    time_elapsed         | 2640        |
|    total_timesteps      | 225280      |
| train/                  |             |
|    approx_kl            | 0.041744426 |
|    clip_fraction        | 0.344       |
|    clip_range           | 0.1         |
|    entropy_loss         | -0.372      |
|    explained_variance   | 0.793       |
|    learning_rate        | 0.00025     |
|    loss                 | 773         |
|    n_updates            | 1090        |
|    policy_gradient_loss | 0.00394     |
|    value_loss           | 1.38e+03    |
-----------------------------------------
-----------------------------------------
| rollout/                |             |
|    ep_len_mean          | 231         |
|    ep_rew_mean          | 725         |
| time/                   |             |
|    fps                  | 85          |
|    iterations           | 111         |
|    time_elapsed         | 2663        |
|    total_timesteps      | 227328      |
| train/                  |             |
|    approx_kl            | 0.019199163 |
|    clip_fraction        | 0.242       |
|    clip_range           | 0.1         |
|    entropy_loss         | -0.323      |
|    explained_variance   | 0.704       |
|    learning_rate        | 0.00025     |
|    loss                 | 1.01e+03    |
|    n_updates            | 1100        |
|    policy_gradient_loss | 0.00956     |
|    value_loss           | 2.61e+03    |
-----------------------------------------
-----------------------------------------
| rollout/                |             |
|    ep_len_mean          | 189         |
|    ep_rew_mean          | 729         |
| time/                   |             |
|    fps                  | 85          |
|    iterations           | 112         |
|    time_elapsed         | 2686        |
|    total_timesteps      | 229376      |
| train/                  |             |
|    approx_kl            | 0.118598014 |
|    clip_fraction        | 0.4         |
|    clip_range           | 0.1         |
|    entropy_loss         | -0.364      |
|    explained_variance   | 0.862       |
|    learning_rate        | 0.00025     |
|    loss                 | 1.02e+03    |
|    n_updates            | 1110        |
|    policy_gradient_loss | 0.0386      |
|    value_loss           | 1.49e+03    |
-----------------------------------------
-----------------------------------------
| rollout/                |             |
|    ep_len_mean          | 174         |
|    ep_rew_mean          | 763         |
| time/                   |             |
|    fps                  | 85          |
|    iterations           | 113         |
|    time_elapsed         | 2710        |
|    total_timesteps      | 231424      |
| train/                  |             |
|    approx_kl            | 0.010268801 |
|    clip_fraction        | 0.187       |
|    clip_range           | 0.1         |
|    entropy_loss         | -0.299      |
|    explained_variance   | 0.74        |
|    learning_rate        | 0.00025     |
|    loss                 | 1.31e+03    |
|    n_updates            | 1120        |
|    policy_gradient_loss | 0.00558     |
|    value_loss           | 3.13e+03    |
-----------------------------------------
-----------------------------------------
| rollout/                |             |
|    ep_len_mean          | 179         |
|    ep_rew_mean          | 800         |
| time/                   |             |
|    fps                  | 85          |
|    iterations           | 114         |
|    time_elapsed         | 2733        |
|    total_timesteps      | 233472      |
| train/                  |             |
|    approx_kl            | 0.022491392 |
|    clip_fraction        | 0.231       |
|    clip_range           | 0.1         |
|    entropy_loss         | -0.337      |
|    explained_variance   | 0.787       |
|    learning_rate        | 0.00025     |
|    loss                 | 906         |
|    n_updates            | 1130        |
|    policy_gradient_loss | 0.0126      |
|    value_loss           | 2.63e+03    |
-----------------------------------------
-----------------------------------------
| rollout/                |             |
|    ep_len_mean          | 181         |
|    ep_rew_mean          | 846         |
| time/                   |             |
|    fps                  | 85          |
|    iterations           | 115         |
|    time_elapsed         | 2756        |
|    total_timesteps      | 235520      |
| train/                  |             |
|    approx_kl            | 0.019490276 |
|    clip_fraction        | 0.207       |
|    clip_range           | 0.1         |
|    entropy_loss         | -0.342      |
|    explained_variance   | 0.788       |
|    learning_rate        | 0.00025     |
|    loss                 | 944         |
|    n_updates            | 1140        |
|    policy_gradient_loss | 0.012       |
|    value_loss           | 2.54e+03    |
-----------------------------------------
-----------------------------------------
| rollout/                |             |
|    ep_len_mean          | 167         |
|    ep_rew_mean          | 855         |
| time/                   |             |
|    fps                  | 85          |
|    iterations           | 116         |
|    time_elapsed         | 2779        |
|    total_timesteps      | 237568      |
| train/                  |             |
|    approx_kl            | 0.045316357 |
|    clip_fraction        | 0.232       |
|    clip_range           | 0.1         |
|    entropy_loss         | -0.283      |
|    explained_variance   | 0.62        |
|    learning_rate        | 0.00025     |
|    loss                 | 1.9e+03     |
|    n_updates            | 1150        |
|    policy_gradient_loss | 0.0173      |
|    value_loss           | 4.28e+03    |
-----------------------------------------
-----------------------------------------
| rollout/                |             |
|    ep_len_mean          | 160         |
|    ep_rew_mean          | 858         |
| time/                   |             |
|    fps                  | 85          |
|    iterations           | 117         |
|    time_elapsed         | 2803        |
|    total_timesteps      | 239616      |
| train/                  |             |
|    approx_kl            | 0.017191404 |
|    clip_fraction        | 0.212       |
|    clip_range           | 0.1         |
|    entropy_loss         | -0.249      |
|    explained_variance   | 0.634       |
|    learning_rate        | 0.00025     |
|    loss                 | 1.27e+03    |
|    n_updates            | 1160        |
|    policy_gradient_loss | 0.0144      |
|    value_loss           | 3.09e+03    |
-----------------------------------------
---------------------------------------
| rollout/                |           |
|    ep_len_mean          | 164       |
|    ep_rew_mean          | 876       |
| time/                   |           |
|    fps                  | 85        |
|    iterations           | 118       |
|    time_elapsed         | 2826      |
|    total_timesteps      | 241664    |
| train/                  |           |
|    approx_kl            | 0.0964912 |
|    clip_fraction        | 0.28      |
|    clip_range           | 0.1       |
|    entropy_loss         | -0.302    |
|    explained_variance   | 0.686     |
|    learning_rate        | 0.00025   |
|    loss                 | 1.61e+03  |
|    n_updates            | 1170      |
|    policy_gradient_loss | 0.00967   |
|    value_loss           | 3.09e+03  |
---------------------------------------
-----------------------------------------
| rollout/                |             |
|    ep_len_mean          | 161         |
|    ep_rew_mean          | 881         |
| time/                   |             |
|    fps                  | 85          |
|    iterations           | 119         |
|    time_elapsed         | 2849        |
|    total_timesteps      | 243712      |
| train/                  |             |
|    approx_kl            | 0.026927825 |
|    clip_fraction        | 0.234       |
|    clip_range           | 0.1         |
|    entropy_loss         | -0.269      |
|    explained_variance   | 0.82        |
|    learning_rate        | 0.00025     |
|    loss                 | 1.14e+03    |
|    n_updates            | 1180        |
|    policy_gradient_loss | 0.0156      |
|    value_loss           | 2.12e+03    |
-----------------------------------------
----------------------------------------
| rollout/                |            |
|    ep_len_mean          | 163        |
|    ep_rew_mean          | 905        |
| time/                   |            |
|    fps                  | 85         |
|    iterations           | 120        |
|    time_elapsed         | 2872       |
|    total_timesteps      | 245760     |
| train/                  |            |
|    approx_kl            | 0.05633726 |
|    clip_fraction        | 0.17       |
|    clip_range           | 0.1        |
|    entropy_loss         | -0.225     |
|    explained_variance   | 0.817      |
|    learning_rate        | 0.00025    |
|    loss                 | 944        |
|    n_updates            | 1190       |
|    policy_gradient_loss | 0.00952    |
|    value_loss           | 2.29e+03   |
----------------------------------------
-----------------------------------------
| rollout/                |             |
|    ep_len_mean          | 161         |
|    ep_rew_mean          | 914         |
| time/                   |             |
|    fps                  | 85          |
|    iterations           | 121         |
|    time_elapsed         | 2895        |
|    total_timesteps      | 247808      |
| train/                  |             |
|    approx_kl            | 0.019364933 |
|    clip_fraction        | 0.199       |
|    clip_range           | 0.1         |
|    entropy_loss         | -0.208      |
|    explained_variance   | 0.86        |
|    learning_rate        | 0.00025     |
|    loss                 | 945         |
|    n_updates            | 1200        |
|    policy_gradient_loss | 0.0127      |
|    value_loss           | 1.74e+03    |
-----------------------------------------
-----------------------------------------
| rollout/                |             |
|    ep_len_mean          | 154         |
|    ep_rew_mean          | 879         |
| time/                   |             |
|    fps                  | 85          |
|    iterations           | 122         |
|    time_elapsed         | 2919        |
|    total_timesteps      | 249856      |
| train/                  |             |
|    approx_kl            | 0.015061615 |
|    clip_fraction        | 0.146       |
|    clip_range           | 0.1         |
|    entropy_loss         | -0.194      |
|    explained_variance   | 0.84        |
|    learning_rate        | 0.00025     |
|    loss                 | 751         |
|    n_updates            | 1210        |
|    policy_gradient_loss | 0.00697     |
|    value_loss           | 2.16e+03    |
-----------------------------------------
----------------------------------------
| rollout/                |            |
|    ep_len_mean          | 154        |
|    ep_rew_mean          | 880        |
| time/                   |            |
|    fps                  | 85         |
|    iterations           | 123        |
|    time_elapsed         | 2942       |
|    total_timesteps      | 251904     |
| train/                  |            |
|    approx_kl            | 0.06297955 |
|    clip_fraction        | 0.249      |
|    clip_range           | 0.1        |
|    entropy_loss         | -0.215     |
|    explained_variance   | 0.875      |
|    learning_rate        | 0.00025    |
|    loss                 | 702        |
|    n_updates            | 1220       |
|    policy_gradient_loss | 0.0295     |
|    value_loss           | 1.63e+03   |
----------------------------------------
-----------------------------------------
| rollout/                |             |
|    ep_len_mean          | 160         |
|    ep_rew_mean          | 907         |
| time/                   |             |
|    fps                  | 85          |
|    iterations           | 124         |
|    time_elapsed         | 2965        |
|    total_timesteps      | 253952      |
| train/                  |             |
|    approx_kl            | 0.012948746 |
|    clip_fraction        | 0.173       |
|    clip_range           | 0.1         |
|    entropy_loss         | -0.207      |
|    explained_variance   | 0.789       |
|    learning_rate        | 0.00025     |
|    loss                 | 1.47e+03    |
|    n_updates            | 1230        |
|    policy_gradient_loss | 0.00484     |
|    value_loss           | 2.85e+03    |
-----------------------------------------
-----------------------------------------
| rollout/                |             |
|    ep_len_mean          | 161         |
|    ep_rew_mean          | 941         |
| time/                   |             |
|    fps                  | 85          |
|    iterations           | 125         |
|    time_elapsed         | 2988        |
|    total_timesteps      | 256000      |
| train/                  |             |
|    approx_kl            | 0.035575215 |
|    clip_fraction        | 0.211       |
|    clip_range           | 0.1         |
|    entropy_loss         | -0.248      |
|    explained_variance   | 0.736       |
|    learning_rate        | 0.00025     |
|    loss                 | 1.58e+03    |
|    n_updates            | 1240        |
|    policy_gradient_loss | 0.0147      |
|    value_loss           | 3.31e+03    |
-----------------------------------------
-----------------------------------------
| rollout/                |             |
|    ep_len_mean          | 165         |
|    ep_rew_mean          | 946         |
| time/                   |             |
|    fps                  | 85          |
|    iterations           | 126         |
|    time_elapsed         | 3012        |
|    total_timesteps      | 258048      |
| train/                  |             |
|    approx_kl            | 0.021948092 |
|    clip_fraction        | 0.19        |
|    clip_range           | 0.1         |
|    entropy_loss         | -0.211      |
|    explained_variance   | 0.704       |
|    learning_rate        | 0.00025     |
|    loss                 | 1.73e+03    |
|    n_updates            | 1250        |
|    policy_gradient_loss | 0.0147      |
|    value_loss           | 3.45e+03    |
-----------------------------------------
-----------------------------------------
| rollout/                |             |
|    ep_len_mean          | 164         |
|    ep_rew_mean          | 946         |
| time/                   |             |
|    fps                  | 85          |
|    iterations           | 127         |
|    time_elapsed         | 3035        |
|    total_timesteps      | 260096      |
| train/                  |             |
|    approx_kl            | 0.014034538 |
|    clip_fraction        | 0.0956      |
|    clip_range           | 0.1         |
|    entropy_loss         | -0.127      |
|    explained_variance   | 0.752       |
|    learning_rate        | 0.00025     |
|    loss                 | 1.05e+03    |
|    n_updates            | 1260        |
|    policy_gradient_loss | 0.00545     |
|    value_loss           | 2.79e+03    |
-----------------------------------------
-----------------------------------------
| rollout/                |             |
|    ep_len_mean          | 172         |
|    ep_rew_mean          | 948         |
| time/                   |             |
|    fps                  | 85          |
|    iterations           | 128         |
|    time_elapsed         | 3058        |
|    total_timesteps      | 262144      |
| train/                  |             |
|    approx_kl            | 0.012174269 |
|    clip_fraction        | 0.0749      |
|    clip_range           | 0.1         |
|    entropy_loss         | -0.0957     |
|    explained_variance   | 0.868       |
|    learning_rate        | 0.00025     |
|    loss                 | 724         |
|    n_updates            | 1270        |
|    policy_gradient_loss | 0.00633     |
|    value_loss           | 1.36e+03    |
-----------------------------------------
---------------------------------------
| rollout/                |           |
|    ep_len_mean          | 181       |
|    ep_rew_mean          | 914       |
| time/                   |           |
|    fps                  | 85        |
|    iterations           | 129       |
|    time_elapsed         | 3081      |
|    total_timesteps      | 264192    |
| train/                  |           |
|    approx_kl            | 0.2530629 |
|    clip_fraction        | 0.48      |
|    clip_range           | 0.1       |
|    entropy_loss         | -0.302    |
|    explained_variance   | 0.882     |
|    learning_rate        | 0.00025   |
|    loss                 | 302       |
|    n_updates            | 1280      |
|    policy_gradient_loss | -0.000708 |
|    value_loss           | 1.03e+03  |
---------------------------------------
-----------------------------------------
| rollout/                |             |
|    ep_len_mean          | 184         |
|    ep_rew_mean          | 893         |
| time/                   |             |
|    fps                  | 85          |
|    iterations           | 130         |
|    time_elapsed         | 3104        |
|    total_timesteps      | 266240      |
| train/                  |             |
|    approx_kl            | 0.037892237 |
|    clip_fraction        | 0.157       |
|    clip_range           | 0.1         |
|    entropy_loss         | -0.159      |
|    explained_variance   | 0.835       |
|    learning_rate        | 0.00025     |
|    loss                 | 802         |
|    n_updates            | 1290        |
|    policy_gradient_loss | 0.0104      |
|    value_loss           | 2.33e+03    |
-----------------------------------------
----------------------------------------
| rollout/                |            |
|    ep_len_mean          | 183        |
|    ep_rew_mean          | 894        |
| time/                   |            |
|    fps                  | 85         |
|    iterations           | 131        |
|    time_elapsed         | 3127       |
|    total_timesteps      | 268288     |
| train/                  |            |
|    approx_kl            | 0.26381335 |
|    clip_fraction        | 0.171      |
|    clip_range           | 0.1        |
|    entropy_loss         | -0.137     |
|    explained_variance   | 0.741      |
|    learning_rate        | 0.00025    |
|    loss                 | 680        |
|    n_updates            | 1300       |
|    policy_gradient_loss | 0.0186     |
|    value_loss           | 2.38e+03   |
----------------------------------------
------------------------------------------
| rollout/                |              |
|    ep_len_mean          | 206          |
|    ep_rew_mean          | 872          |
| time/                   |              |
|    fps                  | 85           |
|    iterations           | 132          |
|    time_elapsed         | 3150         |
|    total_timesteps      | 270336       |
| train/                  |              |
|    approx_kl            | 0.0029279292 |
|    clip_fraction        | 0.0145       |
|    clip_range           | 0.1          |
|    entropy_loss         | -0.0104      |
|    explained_variance   | 0.672        |
|    learning_rate        | 0.00025      |
|    loss                 | 267          |
|    n_updates            | 1310         |
|    policy_gradient_loss | 0.00524      |
|    value_loss           | 412          |
------------------------------------------
----------------------------------------
| rollout/                |            |
|    ep_len_mean          | 212        |
|    ep_rew_mean          | 915        |
| time/                   |            |
|    fps                  | 85         |
|    iterations           | 133        |
|    time_elapsed         | 3174       |
|    total_timesteps      | 272384     |
| train/                  |            |
|    approx_kl            | 0.06345714 |
|    clip_fraction        | 0.209      |
|    clip_range           | 0.1        |
|    entropy_loss         | -0.177     |
|    explained_variance   | 0.594      |
|    learning_rate        | 0.00025    |
|    loss                 | 1e+03      |
|    n_updates            | 1320       |
|    policy_gradient_loss | -0.0085    |
|    value_loss           | 2.58e+03   |
----------------------------------------
-----------------------------------------
| rollout/                |             |
|    ep_len_mean          | 209         |
|    ep_rew_mean          | 914         |
| time/                   |             |
|    fps                  | 85          |
|    iterations           | 134         |
|    time_elapsed         | 3197        |
|    total_timesteps      | 274432      |
| train/                  |             |
|    approx_kl            | 0.020788632 |
|    clip_fraction        | 0.138       |
|    clip_range           | 0.1         |
|    entropy_loss         | -0.15       |
|    explained_variance   | 0.643       |
|    learning_rate        | 0.00025     |
|    loss                 | 863         |
|    n_updates            | 1330        |
|    policy_gradient_loss | 0.00881     |
|    value_loss           | 2.76e+03    |
-----------------------------------------
-----------------------------------------
| rollout/                |             |
|    ep_len_mean          | 209         |
|    ep_rew_mean          | 914         |
| time/                   |             |
|    fps                  | 85          |
|    iterations           | 135         |
|    time_elapsed         | 3220        |
|    total_timesteps      | 276480      |
| train/                  |             |
|    approx_kl            | 0.013571105 |
|    clip_fraction        | 0.106       |
|    clip_range           | 0.1         |
|    entropy_loss         | -0.151      |
|    explained_variance   | 0.689       |
|    learning_rate        | 0.00025     |
|    loss                 | 1.94e+03    |
|    n_updates            | 1340        |
|    policy_gradient_loss | 0.00564     |
|    value_loss           | 3.88e+03    |
-----------------------------------------
---------------------------------------
| rollout/                |           |
|    ep_len_mean          | 231       |
|    ep_rew_mean          | 849       |
| time/                   |           |
|    fps                  | 85        |
|    iterations           | 136       |
|    time_elapsed         | 3243      |
|    total_timesteps      | 278528    |
| train/                  |           |
|    approx_kl            | 0.0       |
|    clip_fraction        | 0         |
|    clip_range           | 0.1       |
|    entropy_loss         | -4.53e-08 |
|    explained_variance   | -0.261    |
|    learning_rate        | 0.00025   |
|    loss                 | 77.2      |
|    n_updates            | 1350      |
|    policy_gradient_loss | 8.9e-09   |
|    value_loss           | 535       |
---------------------------------------
----------------------------------------
| rollout/                |            |
|    ep_len_mean          | 236        |
|    ep_rew_mean          | 861        |
| time/                   |            |
|    fps                  | 85         |
|    iterations           | 137        |
|    time_elapsed         | 3266       |
|    total_timesteps      | 280576     |
| train/                  |            |
|    approx_kl            | 0.07184119 |
|    clip_fraction        | 0.276      |
|    clip_range           | 0.1        |
|    entropy_loss         | -0.226     |
|    explained_variance   | 0.517      |
|    learning_rate        | 0.00025    |
|    loss                 | 1.2e+03    |
|    n_updates            | 1360       |
|    policy_gradient_loss | 0.0137     |
|    value_loss           | 2.52e+03   |
----------------------------------------
----------------------------------------
| rollout/                |            |
|    ep_len_mean          | 237        |
|    ep_rew_mean          | 878        |
| time/                   |            |
|    fps                  | 85         |
|    iterations           | 138        |
|    time_elapsed         | 3289       |
|    total_timesteps      | 282624     |
| train/                  |            |
|    approx_kl            | 0.11531848 |
|    clip_fraction        | 0.301      |
|    clip_range           | 0.1        |
|    entropy_loss         | -0.294     |
|    explained_variance   | 0.544      |
|    learning_rate        | 0.00025    |
|    loss                 | 953        |
|    n_updates            | 1370       |
|    policy_gradient_loss | 0.02       |
|    value_loss           | 2.12e+03   |
----------------------------------------
----------------------------------------
| rollout/                |            |
|    ep_len_mean          | 237        |
|    ep_rew_mean          | 884        |
| time/                   |            |
|    fps                  | 85         |
|    iterations           | 139        |
|    time_elapsed         | 3313       |
|    total_timesteps      | 284672     |
| train/                  |            |
|    approx_kl            | 0.08508171 |
|    clip_fraction        | 0.234      |
|    clip_range           | 0.1        |
|    entropy_loss         | -0.232     |
|    explained_variance   | 0.57       |
|    learning_rate        | 0.00025    |
|    loss                 | 975        |
|    n_updates            | 1380       |
|    policy_gradient_loss | 0.0078     |
|    value_loss           | 2.65e+03   |
----------------------------------------
-----------------------------------------
| rollout/                |             |
|    ep_len_mean          | 253         |
|    ep_rew_mean          | 881         |
| time/                   |             |
|    fps                  | 85          |
|    iterations           | 140         |
|    time_elapsed         | 3336        |
|    total_timesteps      | 286720      |
| train/                  |             |
|    approx_kl            | 0.006335701 |
|    clip_fraction        | 0.0406      |
|    clip_range           | 0.1         |
|    entropy_loss         | -0.0383     |
|    explained_variance   | 0.809       |
|    learning_rate        | 0.00025     |
|    loss                 | 160         |
|    n_updates            | 1390        |
|    policy_gradient_loss | 0.00498     |
|    value_loss           | 598         |
-----------------------------------------
------------------------------------------
| rollout/                |              |
|    ep_len_mean          | 264          |
|    ep_rew_mean          | 890          |
| time/                   |              |
|    fps                  | 85           |
|    iterations           | 141          |
|    time_elapsed         | 3359         |
|    total_timesteps      | 288768       |
| train/                  |              |
|    approx_kl            | 0.0064908434 |
|    clip_fraction        | 0.0342       |
|    clip_range           | 0.1          |
|    entropy_loss         | -0.0344      |
|    explained_variance   | 0.865        |
|    learning_rate        | 0.00025      |
|    loss                 | 88.7         |
|    n_updates            | 1400         |
|    policy_gradient_loss | 0.0012       |
|    value_loss           | 377          |
------------------------------------------
----------------------------------------
| rollout/                |            |
|    ep_len_mean          | 267        |
|    ep_rew_mean          | 929        |
| time/                   |            |
|    fps                  | 85         |
|    iterations           | 142        |
|    time_elapsed         | 3383       |
|    total_timesteps      | 290816     |
| train/                  |            |
|    approx_kl            | 0.01403133 |
|    clip_fraction        | 0.0696     |
|    clip_range           | 0.1        |
|    entropy_loss         | -0.083     |
|    explained_variance   | 0.856      |
|    learning_rate        | 0.00025    |
|    loss                 | 1.02e+03   |
|    n_updates            | 1410       |
|    policy_gradient_loss | 0.000965   |
|    value_loss           | 2.22e+03   |
----------------------------------------
-----------------------------------------
| rollout/                |             |
|    ep_len_mean          | 290         |
|    ep_rew_mean          | 933         |
| time/                   |             |
|    fps                  | 85          |
|    iterations           | 143         |
|    time_elapsed         | 3406        |
|    total_timesteps      | 292864      |
| train/                  |             |
|    approx_kl            | 0.021913186 |
|    clip_fraction        | 0.121       |
|    clip_range           | 0.1         |
|    entropy_loss         | -0.112      |
|    explained_variance   | 0.869       |
|    learning_rate        | 0.00025     |
|    loss                 | 655         |
|    n_updates            | 1420        |
|    policy_gradient_loss | 0.0138      |
|    value_loss           | 1.8e+03     |
-----------------------------------------
----------------------------------------
| rollout/                |            |
|    ep_len_mean          | 292        |
|    ep_rew_mean          | 944        |
| time/                   |            |
|    fps                  | 86         |
|    iterations           | 144        |
|    time_elapsed         | 3428       |
|    total_timesteps      | 294912     |
| train/                  |            |
|    approx_kl            | 0.07755192 |
|    clip_fraction        | 0.035      |
|    clip_range           | 0.1        |
|    entropy_loss         | -0.0227    |
|    explained_variance   | 0.964      |
|    learning_rate        | 0.00025    |
|    loss                 | 289        |
|    n_updates            | 1430       |
|    policy_gradient_loss | 0.0156     |
|    value_loss           | 379        |
----------------------------------------
-----------------------------------------
| rollout/                |             |
|    ep_len_mean          | 315         |
|    ep_rew_mean          | 940         |
| time/                   |             |
|    fps                  | 86          |
|    iterations           | 145         |
|    time_elapsed         | 3449        |
|    total_timesteps      | 296960      |
| train/                  |             |
|    approx_kl            | 0.015637567 |
|    clip_fraction        | 0.0146      |
|    clip_range           | 0.1         |
|    entropy_loss         | -0.00811    |
|    explained_variance   | 0.921       |
|    learning_rate        | 0.00025     |
|    loss                 | 71.2        |
|    n_updates            | 1440        |
|    policy_gradient_loss | 0.00209     |
|    value_loss           | 193         |
-----------------------------------------
---------------------------------------
| rollout/                |           |
|    ep_len_mean          | 342       |
|    ep_rew_mean          | 976       |
| time/                   |           |
|    fps                  | 86        |
|    iterations           | 146       |
|    time_elapsed         | 3469      |
|    total_timesteps      | 299008    |
| train/                  |           |
|    approx_kl            | 0.3014786 |
|    clip_fraction        | 0.349     |
|    clip_range           | 0.1       |
|    entropy_loss         | -0.192    |
|    explained_variance   | 0.891     |
|    learning_rate        | 0.00025   |
|    loss                 | 60        |
|    n_updates            | 1450      |
|    policy_gradient_loss | -0.0139   |
|    value_loss           | 647       |
---------------------------------------
Eval num_timesteps=300000, episode_reward=1434.00 +/- 0.00
Episode length: 201.00 +/- 0.00
----------------------------------------
| eval/                   |            |
|    mean_ep_length       | 201        |
|    mean_reward          | 1.43e+03   |
| time/                   |            |
|    total_timesteps      | 300000     |
| train/                  |            |
|    approx_kl            | 0.08051459 |
|    clip_fraction        | 0.167      |
|    clip_range           | 0.1        |
|    entropy_loss         | -0.0759    |
|    explained_variance   | 0.93       |
|    learning_rate        | 0.00025    |
|    loss                 | 1.46e+03   |
|    n_updates            | 1460       |
|    policy_gradient_loss | 0.0182     |
|    value_loss           | 2.92e+03   |
----------------------------------------
New best mean reward!
---------------------------------
| rollout/           |          |
|    ep_len_mean     | 323      |
|    ep_rew_mean     | 1.06e+03 |
| time/              |          |
|    fps             | 86       |
|    iterations      | 147      |
|    time_elapsed    | 3495     |
|    total_timesteps | 301056   |
---------------------------------
-----------------------------------------
| rollout/                |             |
|    ep_len_mean          | 329         |
|    ep_rew_mean          | 1.14e+03    |
| time/                   |             |
|    fps                  | 86          |
|    iterations           | 148         |
|    time_elapsed         | 3516        |
|    total_timesteps      | 303104      |
| train/                  |             |
|    approx_kl            | 0.072530486 |
|    clip_fraction        | 0.0983      |
|    clip_range           | 0.1         |
|    entropy_loss         | -0.0877     |
|    explained_variance   | 0.823       |
|    learning_rate        | 0.00025     |
|    loss                 | 583         |
|    n_updates            | 1470        |
|    policy_gradient_loss | 0.00662     |
|    value_loss           | 1.07e+03    |
-----------------------------------------
-----------------------------------------
| rollout/                |             |
|    ep_len_mean          | 330         |
|    ep_rew_mean          | 1.15e+03    |
| time/                   |             |
|    fps                  | 86          |
|    iterations           | 149         |
|    time_elapsed         | 3536        |
|    total_timesteps      | 305152      |
| train/                  |             |
|    approx_kl            | 0.110199496 |
|    clip_fraction        | 0.112       |
|    clip_range           | 0.1         |
|    entropy_loss         | -0.0866     |
|    explained_variance   | 0.844       |
|    learning_rate        | 0.00025     |
|    loss                 | 476         |
|    n_updates            | 1480        |
|    policy_gradient_loss | 0.0124      |
|    value_loss           | 1.6e+03     |
-----------------------------------------
----------------------------------------
| rollout/                |            |
|    ep_len_mean          | 348        |
|    ep_rew_mean          | 1.12e+03   |
| time/                   |            |
|    fps                  | 86         |
|    iterations           | 150        |
|    time_elapsed         | 3557       |
|    total_timesteps      | 307200     |
| train/                  |            |
|    approx_kl            | 0.43037912 |
|    clip_fraction        | 0.492      |
|    clip_range           | 0.1        |
|    entropy_loss         | -0.293     |
|    explained_variance   | 0.9        |
|    learning_rate        | 0.00025    |
|    loss                 | 302        |
|    n_updates            | 1490       |
|    policy_gradient_loss | -0.0199    |
|    value_loss           | 805        |
----------------------------------------
-----------------------------------------
| rollout/                |             |
|    ep_len_mean          | 324         |
|    ep_rew_mean          | 1.12e+03    |
| time/                   |             |
|    fps                  | 86          |
|    iterations           | 151         |
|    time_elapsed         | 3578        |
|    total_timesteps      | 309248      |
| train/                  |             |
|    approx_kl            | 0.015716184 |
|    clip_fraction        | 0.0555      |
|    clip_range           | 0.1         |
|    entropy_loss         | -0.0544     |
|    explained_variance   | 0.868       |
|    learning_rate        | 0.00025     |
|    loss                 | 1.43e+03    |
|    n_updates            | 1500        |
|    policy_gradient_loss | 0.00628     |
|    value_loss           | 2.98e+03    |
-----------------------------------------
-----------------------------------------
| rollout/                |             |
|    ep_len_mean          | 324         |
|    ep_rew_mean          | 1.12e+03    |
| time/                   |             |
|    fps                  | 86          |
|    iterations           | 152         |
|    time_elapsed         | 3598        |
|    total_timesteps      | 311296      |
| train/                  |             |
|    approx_kl            | 0.010775412 |
|    clip_fraction        | 0.0794      |
|    clip_range           | 0.1         |
|    entropy_loss         | -0.0836     |
|    explained_variance   | 0.755       |
|    learning_rate        | 0.00025     |
|    loss                 | 2.43e+03    |
|    n_updates            | 1510        |
|    policy_gradient_loss | 0.00476     |
|    value_loss           | 4.73e+03    |
-----------------------------------------
-----------------------------------------
| rollout/                |             |
|    ep_len_mean          | 341         |
|    ep_rew_mean          | 1.12e+03    |
| time/                   |             |
|    fps                  | 86          |
|    iterations           | 153         |
|    time_elapsed         | 3619        |
|    total_timesteps      | 313344      |
| train/                  |             |
|    approx_kl            | 0.013050068 |
|    clip_fraction        | 0.0128      |
|    clip_range           | 0.1         |
|    entropy_loss         | -0.00703    |
|    explained_variance   | 0.864       |
|    learning_rate        | 0.00025     |
|    loss                 | 32.8        |
|    n_updates            | 1520        |
|    policy_gradient_loss | 0.000587    |
|    value_loss           | 371         |
-----------------------------------------
-----------------------------------------
| rollout/                |             |
|    ep_len_mean          | 337         |
|    ep_rew_mean          | 1.12e+03    |
| time/                   |             |
|    fps                  | 86          |
|    iterations           | 154         |
|    time_elapsed         | 3640        |
|    total_timesteps      | 315392      |
| train/                  |             |
|    approx_kl            | 0.035742186 |
|    clip_fraction        | 0.0996      |
|    clip_range           | 0.1         |
|    entropy_loss         | -0.0938     |
|    explained_variance   | 0.776       |
|    learning_rate        | 0.00025     |
|    loss                 | 1.94e+03    |
|    n_updates            | 1530        |
|    policy_gradient_loss | 0.00266     |
|    value_loss           | 3.72e+03    |
-----------------------------------------
-----------------------------------------
| rollout/                |             |
|    ep_len_mean          | 294         |
|    ep_rew_mean          | 1.14e+03    |
| time/                   |             |
|    fps                  | 86          |
|    iterations           | 155         |
|    time_elapsed         | 3660        |
|    total_timesteps      | 317440      |
| train/                  |             |
|    approx_kl            | 0.025789648 |
|    clip_fraction        | 0.11        |
|    clip_range           | 0.1         |
|    entropy_loss         | -0.114      |
|    explained_variance   | 0.774       |
|    learning_rate        | 0.00025     |
|    loss                 | 1.33e+03    |
|    n_updates            | 1540        |
|    policy_gradient_loss | 0.00346     |
|    value_loss           | 2.67e+03    |
-----------------------------------------
-----------------------------------------
| rollout/                |             |
|    ep_len_mean          | 294         |
|    ep_rew_mean          | 1.14e+03    |
| time/                   |             |
|    fps                  | 86          |
|    iterations           | 156         |
|    time_elapsed         | 3681        |
|    total_timesteps      | 319488      |
| train/                  |             |
|    approx_kl            | 0.018302036 |
|    clip_fraction        | 0.0984      |
|    clip_range           | 0.1         |
|    entropy_loss         | -0.0988     |
|    explained_variance   | 0.792       |
|    learning_rate        | 0.00025     |
|    loss                 | 1.21e+03    |
|    n_updates            | 1550        |
|    policy_gradient_loss | 0.00829     |
|    value_loss           | 2.75e+03    |
-----------------------------------------
----------------------------------------
| rollout/                |            |
|    ep_len_mean          | 318        |
|    ep_rew_mean          | 1.11e+03   |
| time/                   |            |
|    fps                  | 86         |
|    iterations           | 157        |
|    time_elapsed         | 3702       |
|    total_timesteps      | 321536     |
| train/                  |            |
|    approx_kl            | 0.02722824 |
|    clip_fraction        | 0.0384     |
|    clip_range           | 0.1        |
|    entropy_loss         | -0.033     |
|    explained_variance   | 0.917      |
|    learning_rate        | 0.00025    |
|    loss                 | 161        |
|    n_updates            | 1560       |
|    policy_gradient_loss | 0.0078     |
|    value_loss           | 566        |
----------------------------------------
-----------------------------------------
| rollout/                |             |
|    ep_len_mean          | 318         |
|    ep_rew_mean          | 1.11e+03    |
| time/                   |             |
|    fps                  | 86          |
|    iterations           | 158         |
|    time_elapsed         | 3722        |
|    total_timesteps      | 323584      |
| train/                  |             |
|    approx_kl            | 0.027349718 |
|    clip_fraction        | 0.0678      |
|    clip_range           | 0.1         |
|    entropy_loss         | -0.0579     |
|    explained_variance   | 0.887       |
|    learning_rate        | 0.00025     |
|    loss                 | 481         |
|    n_updates            | 1570        |
|    policy_gradient_loss | 0.00913     |
|    value_loss           | 1.48e+03    |
-----------------------------------------
------------------------------------------
| rollout/                |              |
|    ep_len_mean          | 341          |
|    ep_rew_mean          | 1.1e+03      |
| time/                   |              |
|    fps                  | 87           |
|    iterations           | 159          |
|    time_elapsed         | 3742         |
|    total_timesteps      | 325632       |
| train/                  |              |
|    approx_kl            | 5.546623e-07 |
|    clip_fraction        | 0.0711       |
|    clip_range           | 0.1          |
|    entropy_loss         | -0.0369      |
|    explained_variance   | -0.136       |
|    learning_rate        | 0.00025      |
|    loss                 | 150          |
|    n_updates            | 1580         |
|    policy_gradient_loss | 0.00944      |
|    value_loss           | 146          |
------------------------------------------
-------------------------------------------
| rollout/                |               |
|    ep_len_mean          | 363           |
|    ep_rew_mean          | 1.08e+03      |
| time/                   |               |
|    fps                  | 87            |
|    iterations           | 160           |
|    time_elapsed         | 3763          |
|    total_timesteps      | 327680        |
| train/                  |               |
|    approx_kl            | 1.1512354e-06 |
|    clip_fraction        | 4.84e-05      |
|    clip_range           | 0.1           |
|    entropy_loss         | -0.000574     |
|    explained_variance   | 0.67          |
|    learning_rate        | 0.00025       |
|    loss                 | 27            |
|    n_updates            | 1590          |
|    policy_gradient_loss | -2.21e-05     |
|    value_loss           | 283           |
-------------------------------------------
-------------------------------------------
| rollout/                |               |
|    ep_len_mean          | 363           |
|    ep_rew_mean          | 1.08e+03      |
| time/                   |               |
|    fps                  | 87            |
|    iterations           | 161           |
|    time_elapsed         | 3783          |
|    total_timesteps      | 329728        |
| train/                  |               |
|    approx_kl            | 1.3370937e-06 |
|    clip_fraction        | 0             |
|    clip_range           | 0.1           |
|    entropy_loss         | -0.000422     |
|    explained_variance   | 0.853         |
|    learning_rate        | 0.00025       |
|    loss                 | 58.7          |
|    n_updates            | 1600          |
|    policy_gradient_loss | 1.63e-05      |
|    value_loss           | 345           |
-------------------------------------------
------------------------------------------
| rollout/                |              |
|    ep_len_mean          | 385          |
|    ep_rew_mean          | 1.07e+03     |
| time/                   |              |
|    fps                  | 87           |
|    iterations           | 162          |
|    time_elapsed         | 3803         |
|    total_timesteps      | 331776       |
| train/                  |              |
|    approx_kl            | 6.521666e-06 |
|    clip_fraction        | 5.17e-05     |
|    clip_range           | 0.1          |
|    entropy_loss         | -0.000481    |
|    explained_variance   | 0.93         |
|    learning_rate        | 0.00025      |
|    loss                 | 21.8         |
|    n_updates            | 1610         |
|    policy_gradient_loss | -1.61e-05    |
|    value_loss           | 127          |
------------------------------------------
------------------------------------------
| rollout/                |              |
|    ep_len_mean          | 357          |
|    ep_rew_mean          | 1.03e+03     |
| time/                   |              |
|    fps                  | 87           |
|    iterations           | 163          |
|    time_elapsed         | 3824         |
|    total_timesteps      | 333824       |
| train/                  |              |
|    approx_kl            | 0.0018531508 |
|    clip_fraction        | 0.000782     |
|    clip_range           | 0.1          |
|    entropy_loss         | -0.000462    |
|    explained_variance   | 0.954        |
|    learning_rate        | 0.00025      |
|    loss                 | 22.1         |
|    n_updates            | 1620         |
|    policy_gradient_loss | -5.95e-05    |
|    value_loss           | 101          |
------------------------------------------
----------------------------------------
| rollout/                |            |
|    ep_len_mean          | 357        |
|    ep_rew_mean          | 1.03e+03   |
| time/                   |            |
|    fps                  | 87         |
|    iterations           | 164        |
|    time_elapsed         | 3844       |
|    total_timesteps      | 335872     |
| train/                  |            |
|    approx_kl            | 0.10833888 |
|    clip_fraction        | 0.0383     |
|    clip_range           | 0.1        |
|    entropy_loss         | -0.0197    |
|    explained_variance   | 0.822      |
|    learning_rate        | 0.00025    |
|    loss                 | 139        |
|    n_updates            | 1630       |
|    policy_gradient_loss | -0.0103    |
|    value_loss           | 230        |
----------------------------------------
-------------------------------------------
| rollout/                |               |
|    ep_len_mean          | 377           |
|    ep_rew_mean          | 1.01e+03      |
| time/                   |               |
|    fps                  | 87            |
|    iterations           | 165           |
|    time_elapsed         | 3864          |
|    total_timesteps      | 337920        |
| train/                  |               |
|    approx_kl            | 1.9311177e-08 |
|    clip_fraction        | 0             |
|    clip_range           | 0.1           |
|    entropy_loss         | -0.000253     |
|    explained_variance   | -0.109        |
|    learning_rate        | 0.00025       |
|    loss                 | 4.62          |
|    n_updates            | 1640          |
|    policy_gradient_loss | -2.93e-07     |
|    value_loss           | 29.6          |
-------------------------------------------
----------------------------------------
| rollout/                |            |
|    ep_len_mean          | 398        |
|    ep_rew_mean          | 1e+03      |
| time/                   |            |
|    fps                  | 87         |
|    iterations           | 166        |
|    time_elapsed         | 3884       |
|    total_timesteps      | 339968     |
| train/                  |            |
|    approx_kl            | 0.25068015 |
|    clip_fraction        | 0.0335     |
|    clip_range           | 0.1        |
|    entropy_loss         | -0.0182    |
|    explained_variance   | 0.856      |
|    learning_rate        | 0.00025    |
|    loss                 | 87.4       |
|    n_updates            | 1650       |
|    policy_gradient_loss | 0.00828    |
|    value_loss           | 124        |
----------------------------------------
-----------------------------------------
| rollout/                |             |
|    ep_len_mean          | 427         |
|    ep_rew_mean          | 957         |
| time/                   |             |
|    fps                  | 87          |
|    iterations           | 167         |
|    time_elapsed         | 3905        |
|    total_timesteps      | 342016      |
| train/                  |             |
|    approx_kl            | 0.008803062 |
|    clip_fraction        | 0.186       |
|    clip_range           | 0.1         |
|    entropy_loss         | -0.0907     |
|    explained_variance   | 0.896       |
|    learning_rate        | 0.00025     |
|    loss                 | 79          |
|    n_updates            | 1660        |
|    policy_gradient_loss | 0.0328      |
|    value_loss           | 232         |
-----------------------------------------
----------------------------------------
| rollout/                |            |
|    ep_len_mean          | 433        |
|    ep_rew_mean          | 918        |
| time/                   |            |
|    fps                  | 87         |
|    iterations           | 168        |
|    time_elapsed         | 3925       |
|    total_timesteps      | 344064     |
| train/                  |            |
|    approx_kl            | 0.15024288 |
|    clip_fraction        | 0.127      |
|    clip_range           | 0.1        |
|    entropy_loss         | -0.23      |
|    explained_variance   | 0.793      |
|    learning_rate        | 0.00025    |
|    loss                 | 28.1       |
|    n_updates            | 1670       |
|    policy_gradient_loss | 0.0134     |
|    value_loss           | 232        |
----------------------------------------
----------------------------------------
| rollout/                |            |
|    ep_len_mean          | 442        |
|    ep_rew_mean          | 861        |
| time/                   |            |
|    fps                  | 87         |
|    iterations           | 169        |
|    time_elapsed         | 3945       |
|    total_timesteps      | 346112     |
| train/                  |            |
|    approx_kl            | 0.03987582 |
|    clip_fraction        | 0.282      |
|    clip_range           | 0.1        |
|    entropy_loss         | -0.342     |
|    explained_variance   | 0.52       |
|    learning_rate        | 0.00025    |
|    loss                 | 359        |
|    n_updates            | 1680       |
|    policy_gradient_loss | 0.0237     |
|    value_loss           | 1.02e+03   |
----------------------------------------
-----------------------------------------
| rollout/                |             |
|    ep_len_mean          | 440         |
|    ep_rew_mean          | 796         |
| time/                   |             |
|    fps                  | 87          |
|    iterations           | 170         |
|    time_elapsed         | 3966        |
|    total_timesteps      | 348160      |
| train/                  |             |
|    approx_kl            | 0.108952016 |
|    clip_fraction        | 0.459       |
|    clip_range           | 0.1         |
|    entropy_loss         | -0.507      |
|    explained_variance   | -0.408      |
|    learning_rate        | 0.00025     |
|    loss                 | 111         |
|    n_updates            | 1690        |
|    policy_gradient_loss | -0.000462   |
|    value_loss           | 361         |
-----------------------------------------
-----------------------------------------
| rollout/                |             |
|    ep_len_mean          | 441         |
|    ep_rew_mean          | 785         |
| time/                   |             |
|    fps                  | 87          |
|    iterations           | 171         |
|    time_elapsed         | 3986        |
|    total_timesteps      | 350208      |
| train/                  |             |
|    approx_kl            | 0.016866138 |
|    clip_fraction        | 0.0932      |
|    clip_range           | 0.1         |
|    entropy_loss         | -0.109      |
|    explained_variance   | 0.769       |
|    learning_rate        | 0.00025     |
|    loss                 | 194         |
|    n_updates            | 1700        |
|    policy_gradient_loss | 0.0148      |
|    value_loss           | 492         |
-----------------------------------------
---------------------------------------
| rollout/                |           |
|    ep_len_mean          | 431       |
|    ep_rew_mean          | 656       |
| time/                   |           |
|    fps                  | 87        |
|    iterations           | 172       |
|    time_elapsed         | 4007      |
|    total_timesteps      | 352256    |
| train/                  |           |
|    approx_kl            | 0.1680333 |
|    clip_fraction        | 0.385     |
|    clip_range           | 0.1       |
|    entropy_loss         | -0.263    |
|    explained_variance   | 0.829     |
|    learning_rate        | 0.00025   |
|    loss                 | 165       |
|    n_updates            | 1710      |
|    policy_gradient_loss | -0.00746  |
|    value_loss           | 425       |
---------------------------------------
-----------------------------------------
| rollout/                |             |
|    ep_len_mean          | 407         |
|    ep_rew_mean          | 634         |
| time/                   |             |
|    fps                  | 87          |
|    iterations           | 173         |
|    time_elapsed         | 4027        |
|    total_timesteps      | 354304      |
| train/                  |             |
|    approx_kl            | 0.021991748 |
|    clip_fraction        | 0.261       |
|    clip_range           | 0.1         |
|    entropy_loss         | -0.359      |
|    explained_variance   | 0.512       |
|    learning_rate        | 0.00025     |
|    loss                 | 887         |
|    n_updates            | 1720        |
|    policy_gradient_loss | 0.00429     |
|    value_loss           | 1.55e+03    |
-----------------------------------------
-----------------------------------------
| rollout/                |             |
|    ep_len_mean          | 412         |
|    ep_rew_mean          | 627         |
| time/                   |             |
|    fps                  | 88          |
|    iterations           | 174         |
|    time_elapsed         | 4047        |
|    total_timesteps      | 356352      |
| train/                  |             |
|    approx_kl            | 0.022144392 |
|    clip_fraction        | 0.216       |
|    clip_range           | 0.1         |
|    entropy_loss         | -0.3        |
|    explained_variance   | 0.469       |
|    learning_rate        | 0.00025     |
|    loss                 | 698         |
|    n_updates            | 1730        |
|    policy_gradient_loss | 0.00819     |
|    value_loss           | 1.91e+03    |
-----------------------------------------
-----------------------------------------
| rollout/                |             |
|    ep_len_mean          | 409         |
|    ep_rew_mean          | 577         |
| time/                   |             |
|    fps                  | 88          |
|    iterations           | 175         |
|    time_elapsed         | 4068        |
|    total_timesteps      | 358400      |
| train/                  |             |
|    approx_kl            | 0.013604071 |
|    clip_fraction        | 0.173       |
|    clip_range           | 0.1         |
|    entropy_loss         | -0.288      |
|    explained_variance   | 0.624       |
|    learning_rate        | 0.00025     |
|    loss                 | 715         |
|    n_updates            | 1740        |
|    policy_gradient_loss | 0.00921     |
|    value_loss           | 1.46e+03    |
-----------------------------------------
----------------------------------------
| rollout/                |            |
|    ep_len_mean          | 293        |
|    ep_rew_mean          | 601        |
| time/                   |            |
|    fps                  | 88         |
|    iterations           | 176        |
|    time_elapsed         | 4088       |
|    total_timesteps      | 360448     |
| train/                  |            |
|    approx_kl            | 0.01871579 |
|    clip_fraction        | 0.192      |
|    clip_range           | 0.1        |
|    entropy_loss         | -0.306     |
|    explained_variance   | 0.556      |
|    learning_rate        | 0.00025    |
|    loss                 | 1.03e+03   |
|    n_updates            | 1750       |
|    policy_gradient_loss | 0.0111     |
|    value_loss           | 2.23e+03   |
----------------------------------------
-----------------------------------------
| rollout/                |             |
|    ep_len_mean          | 205         |
|    ep_rew_mean          | 675         |
| time/                   |             |
|    fps                  | 88          |
|    iterations           | 177         |
|    time_elapsed         | 4109        |
|    total_timesteps      | 362496      |
| train/                  |             |
|    approx_kl            | 0.016451955 |
|    clip_fraction        | 0.165       |
|    clip_range           | 0.1         |
|    entropy_loss         | -0.279      |
|    explained_variance   | 0.575       |
|    learning_rate        | 0.00025     |
|    loss                 | 1.11e+03    |
|    n_updates            | 1760        |
|    policy_gradient_loss | 0.00183     |
|    value_loss           | 2.41e+03    |
-----------------------------------------
----------------------------------------
| rollout/                |            |
|    ep_len_mean          | 201        |
|    ep_rew_mean          | 702        |
| time/                   |            |
|    fps                  | 88         |
|    iterations           | 178        |
|    time_elapsed         | 4129       |
|    total_timesteps      | 364544     |
| train/                  |            |
|    approx_kl            | 0.01019303 |
|    clip_fraction        | 0.173      |
|    clip_range           | 0.1        |
|    entropy_loss         | -0.293     |
|    explained_variance   | 0.53       |
|    learning_rate        | 0.00025    |
|    loss                 | 1.36e+03   |
|    n_updates            | 1770       |
|    policy_gradient_loss | 0.00345    |
|    value_loss           | 2.72e+03   |
----------------------------------------
----------------------------------------
| rollout/                |            |
|    ep_len_mean          | 194        |
|    ep_rew_mean          | 734        |
| time/                   |            |
|    fps                  | 88         |
|    iterations           | 179        |
|    time_elapsed         | 4150       |
|    total_timesteps      | 366592     |
| train/                  |            |
|    approx_kl            | 0.14484127 |
|    clip_fraction        | 0.253      |
|    clip_range           | 0.1        |
|    entropy_loss         | -0.278     |
|    explained_variance   | 0.699      |
|    learning_rate        | 0.00025    |
|    loss                 | 328        |
|    n_updates            | 1780       |
|    policy_gradient_loss | -0.00315   |
|    value_loss           | 873        |
----------------------------------------
----------------------------------------
| rollout/                |            |
|    ep_len_mean          | 178        |
|    ep_rew_mean          | 765        |
| time/                   |            |
|    fps                  | 88         |
|    iterations           | 180        |
|    time_elapsed         | 4171       |
|    total_timesteps      | 368640     |
| train/                  |            |
|    approx_kl            | 0.56735957 |
|    clip_fraction        | 0.327      |
|    clip_range           | 0.1        |
|    entropy_loss         | -0.281     |
|    explained_variance   | 0.456      |
|    learning_rate        | 0.00025    |
|    loss                 | 845        |
|    n_updates            | 1790       |
|    policy_gradient_loss | 0.0527     |
|    value_loss           | 2.09e+03   |
----------------------------------------
-----------------------------------------
| rollout/                |             |
|    ep_len_mean          | 188         |
|    ep_rew_mean          | 808         |
| time/                   |             |
|    fps                  | 88          |
|    iterations           | 181         |
|    time_elapsed         | 4191        |
|    total_timesteps      | 370688      |
| train/                  |             |
|    approx_kl            | 0.030307908 |
|    clip_fraction        | 0.171       |
|    clip_range           | 0.1         |
|    entropy_loss         | -0.224      |
|    explained_variance   | 0.793       |
|    learning_rate        | 0.00025     |
|    loss                 | 658         |
|    n_updates            | 1800        |
|    policy_gradient_loss | 0.00445     |
|    value_loss           | 1.45e+03    |
-----------------------------------------
-----------------------------------------
| rollout/                |             |
|    ep_len_mean          | 193         |
|    ep_rew_mean          | 811         |
| time/                   |             |
|    fps                  | 88          |
|    iterations           | 182         |
|    time_elapsed         | 4211        |
|    total_timesteps      | 372736      |
| train/                  |             |
|    approx_kl            | 0.010262804 |
|    clip_fraction        | 0.263       |
|    clip_range           | 0.1         |
|    entropy_loss         | -0.293      |
|    explained_variance   | 0.778       |
|    learning_rate        | 0.00025     |
|    loss                 | 1.75e+03    |
|    n_updates            | 1810        |
|    policy_gradient_loss | 0.00185     |
|    value_loss           | 2.6e+03     |
-----------------------------------------
----------------------------------------
| rollout/                |            |
|    ep_len_mean          | 209        |
|    ep_rew_mean          | 813        |
| time/                   |            |
|    fps                  | 88         |
|    iterations           | 183        |
|    time_elapsed         | 4232       |
|    total_timesteps      | 374784     |
| train/                  |            |
|    approx_kl            | 0.20397404 |
|    clip_fraction        | 0.584      |
|    clip_range           | 0.1        |
|    entropy_loss         | -0.412     |
|    explained_variance   | 0.936      |
|    learning_rate        | 0.00025    |
|    loss                 | 139        |
|    n_updates            | 1820       |
|    policy_gradient_loss | 0.0846     |
|    value_loss           | 505        |
----------------------------------------
----------------------------------------
| rollout/                |            |
|    ep_len_mean          | 230        |
|    ep_rew_mean          | 818        |
| time/                   |            |
|    fps                  | 88         |
|    iterations           | 184        |
|    time_elapsed         | 4252       |
|    total_timesteps      | 376832     |
| train/                  |            |
|    approx_kl            | 0.36304742 |
|    clip_fraction        | 0.589      |
|    clip_range           | 0.1        |
|    entropy_loss         | -0.475     |
|    explained_variance   | 0.956      |
|    learning_rate        | 0.00025    |
|    loss                 | 122        |
|    n_updates            | 1830       |
|    policy_gradient_loss | 0.0561     |
|    value_loss           | 267        |
----------------------------------------
----------------------------------------
| rollout/                |            |
|    ep_len_mean          | 237        |
|    ep_rew_mean          | 843        |
| time/                   |            |
|    fps                  | 88         |
|    iterations           | 185        |
|    time_elapsed         | 4273       |
|    total_timesteps      | 378880     |
| train/                  |            |
|    approx_kl            | 0.13539594 |
|    clip_fraction        | 0.302      |
|    clip_range           | 0.1        |
|    entropy_loss         | -0.282     |
|    explained_variance   | 0.953      |
|    learning_rate        | 0.00025    |
|    loss                 | 133        |
|    n_updates            | 1840       |
|    policy_gradient_loss | 0.00214    |
|    value_loss           | 307        |
----------------------------------------
-----------------------------------------
| rollout/                |             |
|    ep_len_mean          | 237         |
|    ep_rew_mean          | 863         |
| time/                   |             |
|    fps                  | 88          |
|    iterations           | 186         |
|    time_elapsed         | 4293        |
|    total_timesteps      | 380928      |
| train/                  |             |
|    approx_kl            | 0.022977104 |
|    clip_fraction        | 0.224       |
|    clip_range           | 0.1         |
|    entropy_loss         | -0.246      |
|    explained_variance   | 0.777       |
|    learning_rate        | 0.00025     |
|    loss                 | 1.1e+03     |
|    n_updates            | 1850        |
|    policy_gradient_loss | 0.017       |
|    value_loss           | 2.63e+03    |
-----------------------------------------
-----------------------------------------
| rollout/                |             |
|    ep_len_mean          | 238         |
|    ep_rew_mean          | 882         |
| time/                   |             |
|    fps                  | 88          |
|    iterations           | 187         |
|    time_elapsed         | 4314        |
|    total_timesteps      | 382976      |
| train/                  |             |
|    approx_kl            | 0.025723998 |
|    clip_fraction        | 0.172       |
|    clip_range           | 0.1         |
|    entropy_loss         | -0.204      |
|    explained_variance   | 0.816       |
|    learning_rate        | 0.00025     |
|    loss                 | 546         |
|    n_updates            | 1860        |
|    policy_gradient_loss | 0.0147      |
|    value_loss           | 1.16e+03    |
-----------------------------------------
-----------------------------------------
| rollout/                |             |
|    ep_len_mean          | 232         |
|    ep_rew_mean          | 856         |
| time/                   |             |
|    fps                  | 88          |
|    iterations           | 188         |
|    time_elapsed         | 4334        |
|    total_timesteps      | 385024      |
| train/                  |             |
|    approx_kl            | 0.020861093 |
|    clip_fraction        | 0.13        |
|    clip_range           | 0.1         |
|    entropy_loss         | -0.208      |
|    explained_variance   | 0.811       |
|    learning_rate        | 0.00025     |
|    loss                 | 734         |
|    n_updates            | 1870        |
|    policy_gradient_loss | 0.00462     |
|    value_loss           | 2.01e+03    |
-----------------------------------------
-----------------------------------------
| rollout/                |             |
|    ep_len_mean          | 227         |
|    ep_rew_mean          | 859         |
| time/                   |             |
|    fps                  | 88          |
|    iterations           | 189         |
|    time_elapsed         | 4355        |
|    total_timesteps      | 387072      |
| train/                  |             |
|    approx_kl            | 0.051929865 |
|    clip_fraction        | 0.146       |
|    clip_range           | 0.1         |
|    entropy_loss         | -0.204      |
|    explained_variance   | 0.768       |
|    learning_rate        | 0.00025     |
|    loss                 | 1.36e+03    |
|    n_updates            | 1880        |
|    policy_gradient_loss | 0.00186     |
|    value_loss           | 2.5e+03     |
-----------------------------------------
-----------------------------------------
| rollout/                |             |
|    ep_len_mean          | 227         |
|    ep_rew_mean          | 888         |
| time/                   |             |
|    fps                  | 88          |
|    iterations           | 190         |
|    time_elapsed         | 4375        |
|    total_timesteps      | 389120      |
| train/                  |             |
|    approx_kl            | 0.010976375 |
|    clip_fraction        | 0.154       |
|    clip_range           | 0.1         |
|    entropy_loss         | -0.196      |
|    explained_variance   | 0.761       |
|    learning_rate        | 0.00025     |
|    loss                 | 763         |
|    n_updates            | 1890        |
|    policy_gradient_loss | 0.00771     |
|    value_loss           | 1.87e+03    |
-----------------------------------------
----------------------------------------
| rollout/                |            |
|    ep_len_mean          | 226        |
|    ep_rew_mean          | 930        |
| time/                   |            |
|    fps                  | 88         |
|    iterations           | 191        |
|    time_elapsed         | 4396       |
|    total_timesteps      | 391168     |
| train/                  |            |
|    approx_kl            | 0.03709928 |
|    clip_fraction        | 0.186      |
|    clip_range           | 0.1        |
|    entropy_loss         | -0.206     |
|    explained_variance   | 0.775      |
|    learning_rate        | 0.00025    |
|    loss                 | 693        |
|    n_updates            | 1900       |
|    policy_gradient_loss | 0.00992    |
|    value_loss           | 1.73e+03   |
----------------------------------------
-----------------------------------------
| rollout/                |             |
|    ep_len_mean          | 218         |
|    ep_rew_mean          | 952         |
| time/                   |             |
|    fps                  | 89          |
|    iterations           | 192         |
|    time_elapsed         | 4417        |
|    total_timesteps      | 393216      |
| train/                  |             |
|    approx_kl            | 0.013248429 |
|    clip_fraction        | 0.151       |
|    clip_range           | 0.1         |
|    entropy_loss         | -0.193      |
|    explained_variance   | 0.735       |
|    learning_rate        | 0.00025     |
|    loss                 | 920         |
|    n_updates            | 1910        |
|    policy_gradient_loss | 0.0071      |
|    value_loss           | 2.03e+03    |
-----------------------------------------
-----------------------------------------
| rollout/                |             |
|    ep_len_mean          | 174         |
|    ep_rew_mean          | 966         |
| time/                   |             |
|    fps                  | 89          |
|    iterations           | 193         |
|    time_elapsed         | 4437        |
|    total_timesteps      | 395264      |
| train/                  |             |
|    approx_kl            | 0.014802267 |
|    clip_fraction        | 0.122       |
|    clip_range           | 0.1         |
|    entropy_loss         | -0.176      |
|    explained_variance   | 0.637       |
|    learning_rate        | 0.00025     |
|    loss                 | 1.58e+03    |
|    n_updates            | 1920        |
|    policy_gradient_loss | 0.00465     |
|    value_loss           | 3.3e+03     |
-----------------------------------------
-----------------------------------------
| rollout/                |             |
|    ep_len_mean          | 182         |
|    ep_rew_mean          | 1.04e+03    |
| time/                   |             |
|    fps                  | 89          |
|    iterations           | 194         |
|    time_elapsed         | 4458        |
|    total_timesteps      | 397312      |
| train/                  |             |
|    approx_kl            | 0.018696995 |
|    clip_fraction        | 0.161       |
|    clip_range           | 0.1         |
|    entropy_loss         | -0.192      |
|    explained_variance   | 0.707       |
|    learning_rate        | 0.00025     |
|    loss                 | 1.11e+03    |
|    n_updates            | 1930        |
|    policy_gradient_loss | 0.00187     |
|    value_loss           | 2.67e+03    |
-----------------------------------------
-----------------------------------------
| rollout/                |             |
|    ep_len_mean          | 179         |
|    ep_rew_mean          | 1.02e+03    |
| time/                   |             |
|    fps                  | 89          |
|    iterations           | 195         |
|    time_elapsed         | 4479        |
|    total_timesteps      | 399360      |
| train/                  |             |
|    approx_kl            | 0.039685108 |
|    clip_fraction        | 0.184       |
|    clip_range           | 0.1         |
|    entropy_loss         | -0.184      |
|    explained_variance   | 0.897       |
|    learning_rate        | 0.00025     |
|    loss                 | 266         |
|    n_updates            | 1940        |
|    policy_gradient_loss | 0.0153      |
|    value_loss           | 721         |
-----------------------------------------
Eval num_timesteps=400000, episode_reward=-21.00 +/- 0.00
Episode length: 2406.00 +/- 0.00
-----------------------------------------
| eval/                   |             |
|    mean_ep_length       | 2.41e+03    |
|    mean_reward          | -21         |
| time/                   |             |
|    total_timesteps      | 400000      |
| train/                  |             |
|    approx_kl            | 0.062976316 |
|    clip_fraction        | 0.148       |
|    clip_range           | 0.1         |
|    entropy_loss         | -0.161      |
|    explained_variance   | 0.673       |
|    learning_rate        | 0.00025     |
|    loss                 | 1.22e+03    |
|    n_updates            | 1950        |
|    policy_gradient_loss | 0.0102      |
|    value_loss           | 2.8e+03     |
-----------------------------------------
---------------------------------
| rollout/           |          |
|    ep_len_mean     | 180      |
|    ep_rew_mean     | 1.03e+03 |
| time/              |          |
|    fps             | 87       |
|    iterations      | 196      |
|    time_elapsed    | 4564     |
|    total_timesteps | 401408   |
---------------------------------
-----------------------------------------
| rollout/                |             |
|    ep_len_mean          | 181         |
|    ep_rew_mean          | 1.05e+03    |
| time/                   |             |
|    fps                  | 88          |
|    iterations           | 197         |
|    time_elapsed         | 4584        |
|    total_timesteps      | 403456      |
| train/                  |             |
|    approx_kl            | 0.011326687 |
|    clip_fraction        | 0.177       |
|    clip_range           | 0.1         |
|    entropy_loss         | -0.157      |
|    explained_variance   | 0.616       |
|    learning_rate        | 0.00025     |
|    loss                 | 1.44e+03    |
|    n_updates            | 1960        |
|    policy_gradient_loss | 0.0172      |
|    value_loss           | 4.1e+03     |
-----------------------------------------
-----------------------------------------
| rollout/                |             |
|    ep_len_mean          | 181         |
|    ep_rew_mean          | 1.05e+03    |
| time/                   |             |
|    fps                  | 88          |
|    iterations           | 198         |
|    time_elapsed         | 4605        |
|    total_timesteps      | 405504      |
| train/                  |             |
|    approx_kl            | 0.014747759 |
|    clip_fraction        | 0.106       |
|    clip_range           | 0.1         |
|    entropy_loss         | -0.132      |
|    explained_variance   | 0.68        |
|    learning_rate        | 0.00025     |
|    loss                 | 1.11e+03    |
|    n_updates            | 1970        |
|    policy_gradient_loss | 0.00507     |
|    value_loss           | 2.52e+03    |
-----------------------------------------
-----------------------------------------
| rollout/                |             |
|    ep_len_mean          | 181         |
|    ep_rew_mean          | 1.07e+03    |
| time/                   |             |
|    fps                  | 88          |
|    iterations           | 199         |
|    time_elapsed         | 4625        |
|    total_timesteps      | 407552      |
| train/                  |             |
|    approx_kl            | 0.016288763 |
|    clip_fraction        | 0.0974      |
|    clip_range           | 0.1         |
|    entropy_loss         | -0.138      |
|    explained_variance   | 0.754       |
|    learning_rate        | 0.00025     |
|    loss                 | 1.24e+03    |
|    n_updates            | 1980        |
|    policy_gradient_loss | 0.00444     |
|    value_loss           | 2.78e+03    |
-----------------------------------------
-----------------------------------------
| rollout/                |             |
|    ep_len_mean          | 178         |
|    ep_rew_mean          | 1.07e+03    |
| time/                   |             |
|    fps                  | 88          |
|    iterations           | 200         |
|    time_elapsed         | 4646        |
|    total_timesteps      | 409600      |
| train/                  |             |
|    approx_kl            | 0.013281979 |
|    clip_fraction        | 0.137       |
|    clip_range           | 0.1         |
|    entropy_loss         | -0.16       |
|    explained_variance   | 0.781       |
|    learning_rate        | 0.00025     |
|    loss                 | 1.12e+03    |
|    n_updates            | 1990        |
|    policy_gradient_loss | 0.00295     |
|    value_loss           | 2.36e+03    |
-----------------------------------------
-----------------------------------------
| rollout/                |             |
|    ep_len_mean          | 181         |
|    ep_rew_mean          | 1.1e+03     |
| time/                   |             |
|    fps                  | 88          |
|    iterations           | 201         |
|    time_elapsed         | 4667        |
|    total_timesteps      | 411648      |
| train/                  |             |
|    approx_kl            | 0.013454067 |
|    clip_fraction        | 0.121       |
|    clip_range           | 0.1         |
|    entropy_loss         | -0.153      |
|    explained_variance   | 0.673       |
|    learning_rate        | 0.00025     |
|    loss                 | 1.54e+03    |
|    n_updates            | 2000        |
|    policy_gradient_loss | 0.00227     |
|    value_loss           | 3.61e+03    |
-----------------------------------------
------------------------------------------
| rollout/                |              |
|    ep_len_mean          | 205          |
|    ep_rew_mean          | 1.1e+03      |
| time/                   |              |
|    fps                  | 88           |
|    iterations           | 202          |
|    time_elapsed         | 4687         |
|    total_timesteps      | 413696       |
| train/                  |              |
|    approx_kl            | 0.0074435053 |
|    clip_fraction        | 0.0919       |
|    clip_range           | 0.1          |
|    entropy_loss         | -0.111       |
|    explained_variance   | 0.808        |
|    learning_rate        | 0.00025      |
|    loss                 | 894          |
|    n_updates            | 2010         |
|    policy_gradient_loss | 0.00498      |
|    value_loss           | 1.87e+03     |
------------------------------------------
------------------------------------------
| rollout/                |              |
|    ep_len_mean          | 208          |
|    ep_rew_mean          | 1.13e+03     |
| time/                   |              |
|    fps                  | 88           |
|    iterations           | 203          |
|    time_elapsed         | 4708         |
|    total_timesteps      | 415744       |
| train/                  |              |
|    approx_kl            | 0.0013904229 |
|    clip_fraction        | 0.0154       |
|    clip_range           | 0.1          |
|    entropy_loss         | -0.0141      |
|    explained_variance   | 0.897        |
|    learning_rate        | 0.00025      |
|    loss                 | 136          |
|    n_updates            | 2020         |
|    policy_gradient_loss | 0.00395      |
|    value_loss           | 547          |
------------------------------------------
-----------------------------------------
| rollout/                |             |
|    ep_len_mean          | 205         |
|    ep_rew_mean          | 1.11e+03    |
| time/                   |             |
|    fps                  | 88          |
|    iterations           | 204         |
|    time_elapsed         | 4729        |
|    total_timesteps      | 417792      |
| train/                  |             |
|    approx_kl            | 0.020623889 |
|    clip_fraction        | 0.094       |
|    clip_range           | 0.1         |
|    entropy_loss         | -0.115      |
|    explained_variance   | 0.759       |
|    learning_rate        | 0.00025     |
|    loss                 | 1.3e+03     |
|    n_updates            | 2030        |
|    policy_gradient_loss | 0.00369     |
|    value_loss           | 2.24e+03    |
-----------------------------------------
---------------------------------------
| rollout/                |           |
|    ep_len_mean          | 208       |
|    ep_rew_mean          | 1.14e+03  |
| time/                   |           |
|    fps                  | 88        |
|    iterations           | 205       |
|    time_elapsed         | 4749      |
|    total_timesteps      | 419840    |
| train/                  |           |
|    approx_kl            | 0.5450234 |
|    clip_fraction        | 0.116     |
|    clip_range           | 0.1       |
|    entropy_loss         | -0.108    |
|    explained_variance   | 0.825     |
|    learning_rate        | 0.00025   |
|    loss                 | 804       |
|    n_updates            | 2040      |
|    policy_gradient_loss | 0.00573   |
|    value_loss           | 2.24e+03  |
---------------------------------------
-----------------------------------------
| rollout/                |             |
|    ep_len_mean          | 214         |
|    ep_rew_mean          | 1.2e+03     |
| time/                   |             |
|    fps                  | 88          |
|    iterations           | 206         |
|    time_elapsed         | 4770        |
|    total_timesteps      | 421888      |
| train/                  |             |
|    approx_kl            | 0.050420552 |
|    clip_fraction        | 0.171       |
|    clip_range           | 0.1         |
|    entropy_loss         | -0.135      |
|    explained_variance   | 0.844       |
|    learning_rate        | 0.00025     |
|    loss                 | 990         |
|    n_updates            | 2050        |
|    policy_gradient_loss | 0.00723     |
|    value_loss           | 2.31e+03    |
-----------------------------------------
-----------------------------------------
| rollout/                |             |
|    ep_len_mean          | 238         |
|    ep_rew_mean          | 1.21e+03    |
| time/                   |             |
|    fps                  | 88          |
|    iterations           | 207         |
|    time_elapsed         | 4790        |
|    total_timesteps      | 423936      |
| train/                  |             |
|    approx_kl            | 0.011003691 |
|    clip_fraction        | 0.0755      |
|    clip_range           | 0.1         |
|    entropy_loss         | -0.0905     |
|    explained_variance   | 0.873       |
|    learning_rate        | 0.00025     |
|    loss                 | 486         |
|    n_updates            | 2060        |
|    policy_gradient_loss | 0.00212     |
|    value_loss           | 1.63e+03    |
-----------------------------------------
------------------------------------------
| rollout/                |              |
|    ep_len_mean          | 236          |
|    ep_rew_mean          | 1.21e+03     |
| time/                   |              |
|    fps                  | 88           |
|    iterations           | 208          |
|    time_elapsed         | 4811         |
|    total_timesteps      | 425984       |
| train/                  |              |
|    approx_kl            | 0.0067959595 |
|    clip_fraction        | 0.0209       |
|    clip_range           | 0.1          |
|    entropy_loss         | -0.0144      |
|    explained_variance   | 0.954        |
|    learning_rate        | 0.00025      |
|    loss                 | 89.1         |
|    n_updates            | 2070         |
|    policy_gradient_loss | 0.00741      |
|    value_loss           | 354          |
------------------------------------------
------------------------------------------
| rollout/                |              |
|    ep_len_mean          | 260          |
|    ep_rew_mean          | 1.21e+03     |
| time/                   |              |
|    fps                  | 88           |
|    iterations           | 209          |
|    time_elapsed         | 4832         |
|    total_timesteps      | 428032       |
| train/                  |              |
|    approx_kl            | 0.0069797663 |
|    clip_fraction        | 0.0414       |
|    clip_range           | 0.1          |
|    entropy_loss         | -0.0368      |
|    explained_variance   | 0.946        |
|    learning_rate        | 0.00025      |
|    loss                 | 256          |
|    n_updates            | 2080         |
|    policy_gradient_loss | 0.00314      |
|    value_loss           | 790          |
------------------------------------------
-----------------------------------------
| rollout/                |             |
|    ep_len_mean          | 263         |
|    ep_rew_mean          | 1.26e+03    |
| time/                   |             |
|    fps                  | 88          |
|    iterations           | 210         |
|    time_elapsed         | 4853        |
|    total_timesteps      | 430080      |
| train/                  |             |
|    approx_kl            | 0.006602369 |
|    clip_fraction        | 0.0612      |
|    clip_range           | 0.1         |
|    entropy_loss         | -0.0616     |
|    explained_variance   | 0.917       |
|    learning_rate        | 0.00025     |
|    loss                 | 1e+03       |
|    n_updates            | 2090        |
|    policy_gradient_loss | 0.00274     |
|    value_loss           | 1.88e+03    |
-----------------------------------------
-----------------------------------------
| rollout/                |             |
|    ep_len_mean          | 265         |
|    ep_rew_mean          | 1.29e+03    |
| time/                   |             |
|    fps                  | 88          |
|    iterations           | 211         |
|    time_elapsed         | 4873        |
|    total_timesteps      | 432128      |
| train/                  |             |
|    approx_kl            | 0.051070012 |
|    clip_fraction        | 0.143       |
|    clip_range           | 0.1         |
|    entropy_loss         | -0.122      |
|    explained_variance   | 0.856       |
|    learning_rate        | 0.00025     |
|    loss                 | 767         |
|    n_updates            | 2100        |
|    policy_gradient_loss | 0.00155     |
|    value_loss           | 1.73e+03    |
-----------------------------------------
----------------------------------------
| rollout/                |            |
|    ep_len_mean          | 266        |
|    ep_rew_mean          | 1.31e+03   |
| time/                   |            |
|    fps                  | 88         |
|    iterations           | 212        |
|    time_elapsed         | 4894       |
|    total_timesteps      | 434176     |
| train/                  |            |
|    approx_kl            | 0.03717777 |
|    clip_fraction        | 0.125      |
|    clip_range           | 0.1        |
|    entropy_loss         | -0.116     |
|    explained_variance   | 0.906      |
|    learning_rate        | 0.00025    |
|    loss                 | 298        |
|    n_updates            | 2110       |
|    policy_gradient_loss | 0.00872    |
|    value_loss           | 1.42e+03   |
----------------------------------------
----------------------------------------
| rollout/                |            |
|    ep_len_mean          | 269        |
|    ep_rew_mean          | 1.34e+03   |
| time/                   |            |
|    fps                  | 88         |
|    iterations           | 213        |
|    time_elapsed         | 4915       |
|    total_timesteps      | 436224     |
| train/                  |            |
|    approx_kl            | 0.09581846 |
|    clip_fraction        | 0.149      |
|    clip_range           | 0.1        |
|    entropy_loss         | -0.11      |
|    explained_variance   | 0.941      |
|    learning_rate        | 0.00025    |
|    loss                 | 418        |
|    n_updates            | 2120       |
|    policy_gradient_loss | 0.0152     |
|    value_loss           | 961        |
----------------------------------------
----------------------------------------
| rollout/                |            |
|    ep_len_mean          | 242        |
|    ep_rew_mean          | 1.33e+03   |
| time/                   |            |
|    fps                  | 88         |
|    iterations           | 214        |
|    time_elapsed         | 4935       |
|    total_timesteps      | 438272     |
| train/                  |            |
|    approx_kl            | 0.22347179 |
|    clip_fraction        | 0.163      |
|    clip_range           | 0.1        |
|    entropy_loss         | -0.098     |
|    explained_variance   | 0.872      |
|    learning_rate        | 0.00025    |
|    loss                 | 944        |
|    n_updates            | 2130       |
|    policy_gradient_loss | 0.0265     |
|    value_loss           | 1.93e+03   |
----------------------------------------
-----------------------------------------
| rollout/                |             |
|    ep_len_mean          | 243         |
|    ep_rew_mean          | 1.35e+03    |
| time/                   |             |
|    fps                  | 88          |
|    iterations           | 215         |
|    time_elapsed         | 4956        |
|    total_timesteps      | 440320      |
| train/                  |             |
|    approx_kl            | 0.007366227 |
|    clip_fraction        | 0.096       |
|    clip_range           | 0.1         |
|    entropy_loss         | -0.0956     |
|    explained_variance   | 0.743       |
|    learning_rate        | 0.00025     |
|    loss                 | 2.53e+03    |
|    n_updates            | 2140        |
|    policy_gradient_loss | 0.00119     |
|    value_loss           | 4.94e+03    |
-----------------------------------------
-----------------------------------------
| rollout/                |             |
|    ep_len_mean          | 245         |
|    ep_rew_mean          | 1.38e+03    |
| time/                   |             |
|    fps                  | 88          |
|    iterations           | 216         |
|    time_elapsed         | 4977        |
|    total_timesteps      | 442368      |
| train/                  |             |
|    approx_kl            | 0.072278686 |
|    clip_fraction        | 0.114       |
|    clip_range           | 0.1         |
|    entropy_loss         | -0.0928     |
|    explained_variance   | 0.903       |
|    learning_rate        | 0.00025     |
|    loss                 | 1.04e+03    |
|    n_updates            | 2150        |
|    policy_gradient_loss | 0.0104      |
|    value_loss           | 1.64e+03    |
-----------------------------------------
----------------------------------------
| rollout/                |            |
|    ep_len_mean          | 249        |
|    ep_rew_mean          | 1.42e+03   |
| time/                   |            |
|    fps                  | 88         |
|    iterations           | 217        |
|    time_elapsed         | 4997       |
|    total_timesteps      | 444416     |
| train/                  |            |
|    approx_kl            | 0.02607141 |
|    clip_fraction        | 0.0927     |
|    clip_range           | 0.1        |
|    entropy_loss         | -0.091     |
|    explained_variance   | 0.92       |
|    learning_rate        | 0.00025    |
|    loss                 | 574        |
|    n_updates            | 2160       |
|    policy_gradient_loss | 0.00103    |
|    value_loss           | 1.46e+03   |
----------------------------------------
----------------------------------------
| rollout/                |            |
|    ep_len_mean          | 227        |
|    ep_rew_mean          | 1.44e+03   |
| time/                   |            |
|    fps                  | 88         |
|    iterations           | 218        |
|    time_elapsed         | 5018       |
|    total_timesteps      | 446464     |
| train/                  |            |
|    approx_kl            | 0.06093145 |
|    clip_fraction        | 0.108      |
|    clip_range           | 0.1        |
|    entropy_loss         | -0.0859    |
|    explained_variance   | 0.985      |
|    learning_rate        | 0.00025    |
|    loss                 | 73         |
|    n_updates            | 2170       |
|    policy_gradient_loss | 0.00708    |
|    value_loss           | 264        |
----------------------------------------
-----------------------------------------
| rollout/                |             |
|    ep_len_mean          | 204         |
|    ep_rew_mean          | 1.46e+03    |
| time/                   |             |
|    fps                  | 89          |
|    iterations           | 219         |
|    time_elapsed         | 5039        |
|    total_timesteps      | 448512      |
| train/                  |             |
|    approx_kl            | 0.015155679 |
|    clip_fraction        | 0.0862      |
|    clip_range           | 0.1         |
|    entropy_loss         | -0.0765     |
|    explained_variance   | 0.961       |
|    learning_rate        | 0.00025     |
|    loss                 | 247         |
|    n_updates            | 2180        |
|    policy_gradient_loss | 0.00194     |
|    value_loss           | 595         |
-----------------------------------------
----------------------------------------
| rollout/                |            |
|    ep_len_mean          | 202        |
|    ep_rew_mean          | 1.46e+03   |
| time/                   |            |
|    fps                  | 89         |
|    iterations           | 220        |
|    time_elapsed         | 5059       |
|    total_timesteps      | 450560     |
| train/                  |            |
|    approx_kl            | 0.04082537 |
|    clip_fraction        | 0.104      |
|    clip_range           | 0.1        |
|    entropy_loss         | -0.101     |
|    explained_variance   | 0.918      |
|    learning_rate        | 0.00025    |
|    loss                 | 748        |
|    n_updates            | 2190       |
|    policy_gradient_loss | 0.0176     |
|    value_loss           | 1.4e+03    |
----------------------------------------
-----------------------------------------
| rollout/                |             |
|    ep_len_mean          | 203         |
|    ep_rew_mean          | 1.48e+03    |
| time/                   |             |
|    fps                  | 89          |
|    iterations           | 221         |
|    time_elapsed         | 5080        |
|    total_timesteps      | 452608      |
| train/                  |             |
|    approx_kl            | 0.018468544 |
|    clip_fraction        | 0.0933      |
|    clip_range           | 0.1         |
|    entropy_loss         | -0.0864     |
|    explained_variance   | 0.916       |
|    learning_rate        | 0.00025     |
|    loss                 | 759         |
|    n_updates            | 2200        |
|    policy_gradient_loss | 0.00425     |
|    value_loss           | 1.9e+03     |
-----------------------------------------
----------------------------------------
| rollout/                |            |
|    ep_len_mean          | 200        |
|    ep_rew_mean          | 1.45e+03   |
| time/                   |            |
|    fps                  | 89         |
|    iterations           | 222        |
|    time_elapsed         | 5101       |
|    total_timesteps      | 454656     |
| train/                  |            |
|    approx_kl            | 0.06712602 |
|    clip_fraction        | 0.0958     |
|    clip_range           | 0.1        |
|    entropy_loss         | -0.0824    |
|    explained_variance   | 0.942      |
|    learning_rate        | 0.00025    |
|    loss                 | 330        |
|    n_updates            | 2210       |
|    policy_gradient_loss | 0.00135    |
|    value_loss           | 1.03e+03   |
----------------------------------------
---------------------------------------
| rollout/                |           |
|    ep_len_mean          | 201       |
|    ep_rew_mean          | 1.46e+03  |
| time/                   |           |
|    fps                  | 89        |
|    iterations           | 223       |
|    time_elapsed         | 5122      |
|    total_timesteps      | 456704    |
| train/                  |           |
|    approx_kl            | 0.8240727 |
|    clip_fraction        | 0.168     |
|    clip_range           | 0.1       |
|    entropy_loss         | -0.102    |
|    explained_variance   | 0.899     |
|    learning_rate        | 0.00025   |
|    loss                 | 761       |
|    n_updates            | 2220      |
|    policy_gradient_loss | 0.0201    |
|    value_loss           | 1.46e+03  |
---------------------------------------
-----------------------------------------
| rollout/                |             |
|    ep_len_mean          | 207         |
|    ep_rew_mean          | 1.52e+03    |
| time/                   |             |
|    fps                  | 89          |
|    iterations           | 224         |
|    time_elapsed         | 5142        |
|    total_timesteps      | 458752      |
| train/                  |             |
|    approx_kl            | 0.022334006 |
|    clip_fraction        | 0.0698      |
|    clip_range           | 0.1         |
|    entropy_loss         | -0.0764     |
|    explained_variance   | 0.866       |
|    learning_rate        | 0.00025     |
|    loss                 | 1.51e+03    |
|    n_updates            | 2230        |
|    policy_gradient_loss | -2.2e-05    |
|    value_loss           | 2.86e+03    |
-----------------------------------------
---------------------------------------
| rollout/                |           |
|    ep_len_mean          | 206       |
|    ep_rew_mean          | 1.52e+03  |
| time/                   |           |
|    fps                  | 89        |
|    iterations           | 225       |
|    time_elapsed         | 5163      |
|    total_timesteps      | 460800    |
| train/                  |           |
|    approx_kl            | 0.0783091 |
|    clip_fraction        | 0.112     |
|    clip_range           | 0.1       |
|    entropy_loss         | -0.0776   |
|    explained_variance   | 0.971     |
|    learning_rate        | 0.00025   |
|    loss                 | 163       |
|    n_updates            | 2240      |
|    policy_gradient_loss | 0.00541   |
|    value_loss           | 447       |
---------------------------------------
----------------------------------------
| rollout/                |            |
|    ep_len_mean          | 206        |
|    ep_rew_mean          | 1.53e+03   |
| time/                   |            |
|    fps                  | 89         |
|    iterations           | 226        |
|    time_elapsed         | 5183       |
|    total_timesteps      | 462848     |
| train/                  |            |
|    approx_kl            | 0.01741428 |
|    clip_fraction        | 0.0773     |
|    clip_range           | 0.1        |
|    entropy_loss         | -0.0717    |
|    explained_variance   | 0.915      |
|    learning_rate        | 0.00025    |
|    loss                 | 567        |
|    n_updates            | 2250       |
|    policy_gradient_loss | 0.00482    |
|    value_loss           | 2.3e+03    |
----------------------------------------
----------------------------------------
| rollout/                |            |
|    ep_len_mean          | 214        |
|    ep_rew_mean          | 1.43e+03   |
| time/                   |            |
|    fps                  | 89         |
|    iterations           | 227        |
|    time_elapsed         | 5204       |
|    total_timesteps      | 464896     |
| train/                  |            |
|    approx_kl            | 0.64310706 |
|    clip_fraction        | 0.304      |
|    clip_range           | 0.1        |
|    entropy_loss         | -0.168     |
|    explained_variance   | 0.766      |
|    learning_rate        | 0.00025    |
|    loss                 | 85.6       |
|    n_updates            | 2260       |
|    policy_gradient_loss | -0.000536  |
|    value_loss           | 525        |
----------------------------------------
----------------------------------------
| rollout/                |            |
|    ep_len_mean          | 213        |
|    ep_rew_mean          | 1.44e+03   |
| time/                   |            |
|    fps                  | 89         |
|    iterations           | 228        |
|    time_elapsed         | 5225       |
|    total_timesteps      | 466944     |
| train/                  |            |
|    approx_kl            | 0.15671068 |
|    clip_fraction        | 0.132      |
|    clip_range           | 0.1        |
|    entropy_loss         | -0.0851    |
|    explained_variance   | 0.682      |
|    learning_rate        | 0.00025    |
|    loss                 | 2.76e+03   |
|    n_updates            | 2270       |
|    policy_gradient_loss | 0.00798    |
|    value_loss           | 6.36e+03   |
----------------------------------------
---------------------------------------
| rollout/                |           |
|    ep_len_mean          | 211       |
|    ep_rew_mean          | 1.42e+03  |
| time/                   |           |
|    fps                  | 89        |
|    iterations           | 229       |
|    time_elapsed         | 5245      |
|    total_timesteps      | 468992    |
| train/                  |           |
|    approx_kl            | 0.1846185 |
|    clip_fraction        | 0.108     |
|    clip_range           | 0.1       |
|    entropy_loss         | -0.0771   |
|    explained_variance   | 0.917     |
|    learning_rate        | 0.00025   |
|    loss                 | 85.6      |
|    n_updates            | 2280      |
|    policy_gradient_loss | 0.00964   |
|    value_loss           | 495       |
---------------------------------------
-----------------------------------------
| rollout/                |             |
|    ep_len_mean          | 212         |
|    ep_rew_mean          | 1.43e+03    |
| time/                   |             |
|    fps                  | 89          |
|    iterations           | 230         |
|    time_elapsed         | 5266        |
|    total_timesteps      | 471040      |
| train/                  |             |
|    approx_kl            | 0.035397973 |
|    clip_fraction        | 0.109       |
|    clip_range           | 0.1         |
|    entropy_loss         | -0.0875     |
|    explained_variance   | 0.809       |
|    learning_rate        | 0.00025     |
|    loss                 | 537         |
|    n_updates            | 2290        |
|    policy_gradient_loss | 0.0166      |
|    value_loss           | 2.62e+03    |
-----------------------------------------
-----------------------------------------
| rollout/                |             |
|    ep_len_mean          | 206         |
|    ep_rew_mean          | 1.38e+03    |
| time/                   |             |
|    fps                  | 89          |
|    iterations           | 231         |
|    time_elapsed         | 5287        |
|    total_timesteps      | 473088      |
| train/                  |             |
|    approx_kl            | 0.014883738 |
|    clip_fraction        | 0.0972      |
|    clip_range           | 0.1         |
|    entropy_loss         | -0.0839     |
|    explained_variance   | 0.928       |
|    learning_rate        | 0.00025     |
|    loss                 | 297         |
|    n_updates            | 2300        |
|    policy_gradient_loss | 0.00517     |
|    value_loss           | 790         |
-----------------------------------------
-----------------------------------------
| rollout/                |             |
|    ep_len_mean          | 207         |
|    ep_rew_mean          | 1.41e+03    |
| time/                   |             |
|    fps                  | 89          |
|    iterations           | 232         |
|    time_elapsed         | 5308        |
|    total_timesteps      | 475136      |
| train/                  |             |
|    approx_kl            | 0.052239776 |
|    clip_fraction        | 0.103       |
|    clip_range           | 0.1         |
|    entropy_loss         | -0.0829     |
|    explained_variance   | 0.815       |
|    learning_rate        | 0.00025     |
|    loss                 | 2.12e+03    |
|    n_updates            | 2310        |
|    policy_gradient_loss | 0.00538     |
|    value_loss           | 4.01e+03    |
-----------------------------------------
----------------------------------------
| rollout/                |            |
|    ep_len_mean          | 228        |
|    ep_rew_mean          | 1.38e+03   |
| time/                   |            |
|    fps                  | 89         |
|    iterations           | 233        |
|    time_elapsed         | 5328       |
|    total_timesteps      | 477184     |
| train/                  |            |
|    approx_kl            | 0.01989729 |
|    clip_fraction        | 0.077      |
|    clip_range           | 0.1        |
|    entropy_loss         | -0.0693    |
|    explained_variance   | 0.915      |
|    learning_rate        | 0.00025    |
|    loss                 | 471        |
|    n_updates            | 2320       |
|    policy_gradient_loss | 0.0045     |
|    value_loss           | 1.53e+03   |
----------------------------------------
-----------------------------------------
| rollout/                |             |
|    ep_len_mean          | 229         |
|    ep_rew_mean          | 1.38e+03    |
| time/                   |             |
|    fps                  | 89          |
|    iterations           | 234         |
|    time_elapsed         | 5349        |
|    total_timesteps      | 479232      |
| train/                  |             |
|    approx_kl            | 0.006634008 |
|    clip_fraction        | 0.0158      |
|    clip_range           | 0.1         |
|    entropy_loss         | -0.0118     |
|    explained_variance   | 0.923       |
|    learning_rate        | 0.00025     |
|    loss                 | 303         |
|    n_updates            | 2330        |
|    policy_gradient_loss | 0.00152     |
|    value_loss           | 1.11e+03    |
-----------------------------------------
----------------------------------------
| rollout/                |            |
|    ep_len_mean          | 229        |
|    ep_rew_mean          | 1.38e+03   |
| time/                   |            |
|    fps                  | 89         |
|    iterations           | 235        |
|    time_elapsed         | 5370       |
|    total_timesteps      | 481280     |
| train/                  |            |
|    approx_kl            | 0.02375742 |
|    clip_fraction        | 0.0927     |
|    clip_range           | 0.1        |
|    entropy_loss         | -0.0827    |
|    explained_variance   | 0.849      |
|    learning_rate        | 0.00025    |
|    loss                 | 759        |
|    n_updates            | 2340       |
|    policy_gradient_loss | 0.00222    |
|    value_loss           | 1.6e+03    |
----------------------------------------
----------------------------------------
| rollout/                |            |
|    ep_len_mean          | 240        |
|    ep_rew_mean          | 1.35e+03   |
| time/                   |            |
|    fps                  | 89         |
|    iterations           | 236        |
|    time_elapsed         | 5390       |
|    total_timesteps      | 483328     |
| train/                  |            |
|    approx_kl            | 0.13158321 |
|    clip_fraction        | 0.105      |
|    clip_range           | 0.1        |
|    entropy_loss         | -0.0835    |
|    explained_variance   | 0.9        |
|    learning_rate        | 0.00025    |
|    loss                 | 513        |
|    n_updates            | 2350       |
|    policy_gradient_loss | 0.0138     |
|    value_loss           | 1.3e+03    |
----------------------------------------
----------------------------------------
| rollout/                |            |
|    ep_len_mean          | 220        |
|    ep_rew_mean          | 1.32e+03   |
| time/                   |            |
|    fps                  | 89         |
|    iterations           | 237        |
|    time_elapsed         | 5411       |
|    total_timesteps      | 485376     |
| train/                  |            |
|    approx_kl            | 0.29678005 |
|    clip_fraction        | 0.467      |
|    clip_range           | 0.1        |
|    entropy_loss         | -0.306     |
|    explained_variance   | 0.733      |
|    learning_rate        | 0.00025    |
|    loss                 | 363        |
|    n_updates            | 2360       |
|    policy_gradient_loss | -0.00679   |
|    value_loss           | 1.48e+03   |
----------------------------------------
-----------------------------------------
| rollout/                |             |
|    ep_len_mean          | 225         |
|    ep_rew_mean          | 1.36e+03    |
| time/                   |             |
|    fps                  | 89          |
|    iterations           | 238         |
|    time_elapsed         | 5431        |
|    total_timesteps      | 487424      |
| train/                  |             |
|    approx_kl            | 0.055258133 |
|    clip_fraction        | 0.13        |
|    clip_range           | 0.1         |
|    entropy_loss         | -0.0933     |
|    explained_variance   | 0.653       |
|    learning_rate        | 0.00025     |
|    loss                 | 2.33e+03    |
|    n_updates            | 2370        |
|    policy_gradient_loss | 0.00722     |
|    value_loss           | 4.16e+03    |
-----------------------------------------
-----------------------------------------
| rollout/                |             |
|    ep_len_mean          | 227         |
|    ep_rew_mean          | 1.32e+03    |
| time/                   |             |
|    fps                  | 89          |
|    iterations           | 239         |
|    time_elapsed         | 5452        |
|    total_timesteps      | 489472      |
| train/                  |             |
|    approx_kl            | 0.024646783 |
|    clip_fraction        | 0.092       |
|    clip_range           | 0.1         |
|    entropy_loss         | -0.081      |
|    explained_variance   | 0.857       |
|    learning_rate        | 0.00025     |
|    loss                 | 527         |
|    n_updates            | 2380        |
|    policy_gradient_loss | 0.00543     |
|    value_loss           | 2.31e+03    |
-----------------------------------------
---------------------------------------
| rollout/                |           |
|    ep_len_mean          | 228       |
|    ep_rew_mean          | 1.32e+03  |
| time/                   |           |
|    fps                  | 89        |
|    iterations           | 240       |
|    time_elapsed         | 5472      |
|    total_timesteps      | 491520    |
| train/                  |           |
|    approx_kl            | 0.3332496 |
|    clip_fraction        | 0.259     |
|    clip_range           | 0.1       |
|    entropy_loss         | -0.185    |
|    explained_variance   | 0.741     |
|    learning_rate        | 0.00025   |
|    loss                 | 1.04e+03  |
|    n_updates            | 2390      |
|    policy_gradient_loss | -0.00644  |
|    value_loss           | 2.85e+03  |
---------------------------------------
-----------------------------------------
| rollout/                |             |
|    ep_len_mean          | 229         |
|    ep_rew_mean          | 1.32e+03    |
| time/                   |             |
|    fps                  | 89          |
|    iterations           | 241         |
|    time_elapsed         | 5493        |
|    total_timesteps      | 493568      |
| train/                  |             |
|    approx_kl            | 0.059130155 |
|    clip_fraction        | 0.131       |
|    clip_range           | 0.1         |
|    entropy_loss         | -0.106      |
|    explained_variance   | 0.881       |
|    learning_rate        | 0.00025     |
|    loss                 | 767         |
|    n_updates            | 2400        |
|    policy_gradient_loss | 0.0132      |
|    value_loss           | 1.93e+03    |
-----------------------------------------
-----------------------------------------
| rollout/                |             |
|    ep_len_mean          | 233         |
|    ep_rew_mean          | 1.34e+03    |
| time/                   |             |
|    fps                  | 89          |
|    iterations           | 242         |
|    time_elapsed         | 5514        |
|    total_timesteps      | 495616      |
| train/                  |             |
|    approx_kl            | 0.051736966 |
|    clip_fraction        | 0.142       |
|    clip_range           | 0.1         |
|    entropy_loss         | -0.0936     |
|    explained_variance   | 0.941       |
|    learning_rate        | 0.00025     |
|    loss                 | 338         |
|    n_updates            | 2410        |
|    policy_gradient_loss | 0.0173      |
|    value_loss           | 783         |
-----------------------------------------
---------------------------------------
| rollout/                |           |
|    ep_len_mean          | 235       |
|    ep_rew_mean          | 1.36e+03  |
| time/                   |           |
|    fps                  | 89        |
|    iterations           | 243       |
|    time_elapsed         | 5535      |
|    total_timesteps      | 497664    |
| train/                  |           |
|    approx_kl            | 0.3252104 |
|    clip_fraction        | 0.127     |
|    clip_range           | 0.1       |
|    entropy_loss         | -0.116    |
|    explained_variance   | 0.832     |
|    learning_rate        | 0.00025   |
|    loss                 | 1.21e+03  |
|    n_updates            | 2420      |
|    policy_gradient_loss | -0.000171 |
|    value_loss           | 1.96e+03  |
---------------------------------------
-----------------------------------------
| rollout/                |             |
|    ep_len_mean          | 217         |
|    ep_rew_mean          | 1.41e+03    |
| time/                   |             |
|    fps                  | 89          |
|    iterations           | 244         |
|    time_elapsed         | 5555        |
|    total_timesteps      | 499712      |
| train/                  |             |
|    approx_kl            | 0.054659754 |
|    clip_fraction        | 0.117       |
|    clip_range           | 0.1         |
|    entropy_loss         | -0.0942     |
|    explained_variance   | 0.92        |
|    learning_rate        | 0.00025     |
|    loss                 | 328         |
|    n_updates            | 2430        |
|    policy_gradient_loss | 0.0107      |
|    value_loss           | 956         |
-----------------------------------------
Eval num_timesteps=500000, episode_reward=267.00 +/- 0.00
Episode length: 2406.00 +/- 0.00
----------------------------------------
| eval/                   |            |
|    mean_ep_length       | 2.41e+03   |
|    mean_reward          | 267        |
| time/                   |            |
|    total_timesteps      | 500000     |
| train/                  |            |
|    approx_kl            | 0.17020029 |
|    clip_fraction        | 0.176      |
|    clip_range           | 0.1        |
|    entropy_loss         | -0.117     |
|    explained_variance   | 0.952      |
|    learning_rate        | 0.00025    |
|    loss                 | 288        |
|    n_updates            | 2440       |
|    policy_gradient_loss | 0.0141     |
|    value_loss           | 820        |
----------------------------------------
---------------------------------
| rollout/           |          |
|    ep_len_mean     | 215      |
|    ep_rew_mean     | 1.37e+03 |
| time/              |          |
|    fps             | 88       |
|    iterations      | 245      |
|    time_elapsed    | 5642     |
|    total_timesteps | 501760   |
---------------------------------
---------------------------------------
| rollout/                |           |
|    ep_len_mean          | 203       |
|    ep_rew_mean          | 1.39e+03  |
| time/                   |           |
|    fps                  | 88        |
|    iterations           | 246       |
|    time_elapsed         | 5663      |
|    total_timesteps      | 503808    |
| train/                  |           |
|    approx_kl            | 0.2358404 |
|    clip_fraction        | 0.169     |
|    clip_range           | 0.1       |
|    entropy_loss         | -0.139    |
|    explained_variance   | 0.523     |
|    learning_rate        | 0.00025   |
|    loss                 | 2.57e+03  |
|    n_updates            | 2450      |
|    policy_gradient_loss | 0.00612   |
|    value_loss           | 5.45e+03  |
---------------------------------------
---------------------------------------
| rollout/                |           |
|    ep_len_mean          | 209       |
|    ep_rew_mean          | 1.45e+03  |
| time/                   |           |
|    fps                  | 88        |
|    iterations           | 247       |
|    time_elapsed         | 5684      |
|    total_timesteps      | 505856    |
| train/                  |           |
|    approx_kl            | 0.0487749 |
|    clip_fraction        | 0.109     |
|    clip_range           | 0.1       |
|    entropy_loss         | -0.0831   |
|    explained_variance   | 0.832     |
|    learning_rate        | 0.00025   |
|    loss                 | 711       |
|    n_updates            | 2460      |
|    policy_gradient_loss | 0.00482   |
|    value_loss           | 2.57e+03  |
---------------------------------------
-----------------------------------------
| rollout/                |             |
|    ep_len_mean          | 213         |
|    ep_rew_mean          | 1.5e+03     |
| time/                   |             |
|    fps                  | 89          |
|    iterations           | 248         |
|    time_elapsed         | 5704        |
|    total_timesteps      | 507904      |
| train/                  |             |
|    approx_kl            | 0.016621124 |
|    clip_fraction        | 0.0843      |
|    clip_range           | 0.1         |
|    entropy_loss         | -0.0795     |
|    explained_variance   | 0.94        |
|    learning_rate        | 0.00025     |
|    loss                 | 341         |
|    n_updates            | 2470        |
|    policy_gradient_loss | 0.00218     |
|    value_loss           | 948         |
-----------------------------------------
----------------------------------------
| rollout/                |            |
|    ep_len_mean          | 210        |
|    ep_rew_mean          | 1.53e+03   |
| time/                   |            |
|    fps                  | 89         |
|    iterations           | 249        |
|    time_elapsed         | 5725       |
|    total_timesteps      | 509952     |
| train/                  |            |
|    approx_kl            | 0.04951569 |
|    clip_fraction        | 0.15       |
|    clip_range           | 0.1        |
|    entropy_loss         | -0.0971    |
|    explained_variance   | 0.956      |
|    learning_rate        | 0.00025    |
|    loss                 | 463        |
|    n_updates            | 2480       |
|    policy_gradient_loss | 0.00225    |
|    value_loss           | 856        |
----------------------------------------
-----------------------------------------
| rollout/                |             |
|    ep_len_mean          | 211         |
|    ep_rew_mean          | 1.55e+03    |
| time/                   |             |
|    fps                  | 89          |
|    iterations           | 250         |
|    time_elapsed         | 5746        |
|    total_timesteps      | 512000      |
| train/                  |             |
|    approx_kl            | 0.092291966 |
|    clip_fraction        | 0.139       |
|    clip_range           | 0.1         |
|    entropy_loss         | -0.0829     |
|    explained_variance   | 0.854       |
|    learning_rate        | 0.00025     |
|    loss                 | 1.49e+03    |
|    n_updates            | 2490        |
|    policy_gradient_loss | 0.017       |
|    value_loss           | 2.91e+03    |
-----------------------------------------
----------------------------------------
| rollout/                |            |
|    ep_len_mean          | 214        |
|    ep_rew_mean          | 1.59e+03   |
| time/                   |            |
|    fps                  | 89         |
|    iterations           | 251        |
|    time_elapsed         | 5767       |
|    total_timesteps      | 514048     |
| train/                  |            |
|    approx_kl            | 0.04753498 |
|    clip_fraction        | 0.0896     |
|    clip_range           | 0.1        |
|    entropy_loss         | -0.0642    |
|    explained_variance   | 0.928      |
|    learning_rate        | 0.00025    |
|    loss                 | 579        |
|    n_updates            | 2500       |
|    policy_gradient_loss | 0.00717    |
|    value_loss           | 1.22e+03   |
----------------------------------------
---------------------------------------
| rollout/                |           |
|    ep_len_mean          | 215       |
|    ep_rew_mean          | 1.61e+03  |
| time/                   |           |
|    fps                  | 89        |
|    iterations           | 252       |
|    time_elapsed         | 5787      |
|    total_timesteps      | 516096    |
| train/                  |           |
|    approx_kl            | 0.3690902 |
|    clip_fraction        | 0.123     |
|    clip_range           | 0.1       |
|    entropy_loss         | -0.065    |
|    explained_variance   | 0.982     |
|    learning_rate        | 0.00025   |
|    loss                 | 74.3      |
|    n_updates            | 2510      |
|    policy_gradient_loss | 0.0139    |
|    value_loss           | 279       |
---------------------------------------
----------------------------------------
| rollout/                |            |
|    ep_len_mean          | 217        |
|    ep_rew_mean          | 1.63e+03   |
| time/                   |            |
|    fps                  | 89         |
|    iterations           | 253        |
|    time_elapsed         | 5808       |
|    total_timesteps      | 518144     |
| train/                  |            |
|    approx_kl            | 0.46449563 |
|    clip_fraction        | 0.117      |
|    clip_range           | 0.1        |
|    entropy_loss         | -0.0704    |
|    explained_variance   | 0.963      |
|    learning_rate        | 0.00025    |
|    loss                 | 314        |
|    n_updates            | 2520       |
|    policy_gradient_loss | 0.0157     |
|    value_loss           | 629        |
----------------------------------------
-----------------------------------------
| rollout/                |             |
|    ep_len_mean          | 216         |
|    ep_rew_mean          | 1.63e+03    |
| time/                   |             |
|    fps                  | 89          |
|    iterations           | 254         |
|    time_elapsed         | 5829        |
|    total_timesteps      | 520192      |
| train/                  |             |
|    approx_kl            | 0.050868675 |
|    clip_fraction        | 0.0793      |
|    clip_range           | 0.1         |
|    entropy_loss         | -0.0578     |
|    explained_variance   | 0.978       |
|    learning_rate        | 0.00025     |
|    loss                 | 75.1        |
|    n_updates            | 2530        |
|    policy_gradient_loss | 0.00387     |
|    value_loss           | 339         |
-----------------------------------------
-----------------------------------------
| rollout/                |             |
|    ep_len_mean          | 217         |
|    ep_rew_mean          | 1.64e+03    |
| time/                   |             |
|    fps                  | 89          |
|    iterations           | 255         |
|    time_elapsed         | 5850        |
|    total_timesteps      | 522240      |
| train/                  |             |
|    approx_kl            | 0.074584976 |
|    clip_fraction        | 0.0892      |
|    clip_range           | 0.1         |
|    entropy_loss         | -0.0603     |
|    explained_variance   | 0.981       |
|    learning_rate        | 0.00025     |
|    loss                 | 186         |
|    n_updates            | 2540        |
|    policy_gradient_loss | 0.00337     |
|    value_loss           | 396         |
-----------------------------------------
----------------------------------------
| rollout/                |            |
|    ep_len_mean          | 219        |
|    ep_rew_mean          | 1.67e+03   |
| time/                   |            |
|    fps                  | 89         |
|    iterations           | 256        |
|    time_elapsed         | 5870       |
|    total_timesteps      | 524288     |
| train/                  |            |
|    approx_kl            | 0.04735626 |
|    clip_fraction        | 0.0861     |
|    clip_range           | 0.1        |
|    entropy_loss         | -0.0583    |
|    explained_variance   | 0.991      |
|    learning_rate        | 0.00025    |
|    loss                 | 65.6       |
|    n_updates            | 2550       |
|    policy_gradient_loss | 0.00901    |
|    value_loss           | 202        |
----------------------------------------
-----------------------------------------
| rollout/                |             |
|    ep_len_mean          | 241         |
|    ep_rew_mean          | 1.66e+03    |
| time/                   |             |
|    fps                  | 89          |
|    iterations           | 257         |
|    time_elapsed         | 5891        |
|    total_timesteps      | 526336      |
| train/                  |             |
|    approx_kl            | 0.042247437 |
|    clip_fraction        | 0.0859      |
|    clip_range           | 0.1         |
|    entropy_loss         | -0.065      |
|    explained_variance   | 0.837       |
|    learning_rate        | 0.00025     |
|    loss                 | 1.92e+03    |
|    n_updates            | 2560        |
|    policy_gradient_loss | 0.00574     |
|    value_loss           | 3.38e+03    |
-----------------------------------------
------------------------------------------
| rollout/                |              |
|    ep_len_mean          | 241          |
|    ep_rew_mean          | 1.66e+03     |
| time/                   |              |
|    fps                  | 89           |
|    iterations           | 258          |
|    time_elapsed         | 5912         |
|    total_timesteps      | 528384       |
| train/                  |              |
|    approx_kl            | 0.0006754052 |
|    clip_fraction        | 0.00171      |
|    clip_range           | 0.1          |
|    entropy_loss         | -0.00141     |
|    explained_variance   | 0.888        |
|    learning_rate        | 0.00025      |
|    loss                 | 94.1         |
|    n_updates            | 2570         |
|    policy_gradient_loss | -0.000359    |
|    value_loss           | 925          |
------------------------------------------
-----------------------------------------
| rollout/                |             |
|    ep_len_mean          | 261         |
|    ep_rew_mean          | 1.64e+03    |
| time/                   |             |
|    fps                  | 89          |
|    iterations           | 259         |
|    time_elapsed         | 5933        |
|    total_timesteps      | 530432      |
| train/                  |             |
|    approx_kl            | 0.012123564 |
|    clip_fraction        | 0.0319      |
|    clip_range           | 0.1         |
|    entropy_loss         | -0.0266     |
|    explained_variance   | 0.932       |
|    learning_rate        | 0.00025     |
|    loss                 | 685         |
|    n_updates            | 2580        |
|    policy_gradient_loss | 0.00124     |
|    value_loss           | 739         |
-----------------------------------------
------------------------------------------
| rollout/                |              |
|    ep_len_mean          | 262          |
|    ep_rew_mean          | 1.64e+03     |
| time/                   |              |
|    fps                  | 89           |
|    iterations           | 260          |
|    time_elapsed         | 5954         |
|    total_timesteps      | 532480       |
| train/                  |              |
|    approx_kl            | 0.0065700263 |
|    clip_fraction        | 0.033        |
|    clip_range           | 0.1          |
|    entropy_loss         | -0.0341      |
|    explained_variance   | 0.949        |
|    learning_rate        | 0.00025      |
|    loss                 | 364          |
|    n_updates            | 2590         |
|    policy_gradient_loss | 0.000306     |
|    value_loss           | 903          |
------------------------------------------
----------------------------------------
| rollout/                |            |
|    ep_len_mean          | 263        |
|    ep_rew_mean          | 1.64e+03   |
| time/                   |            |
|    fps                  | 89         |
|    iterations           | 261        |
|    time_elapsed         | 5974       |
|    total_timesteps      | 534528     |
| train/                  |            |
|    approx_kl            | 0.21615037 |
|    clip_fraction        | 0.106      |
|    clip_range           | 0.1        |
|    entropy_loss         | -0.0649    |
|    explained_variance   | 0.982      |
|    learning_rate        | 0.00025    |
|    loss                 | 120        |
|    n_updates            | 2600       |
|    policy_gradient_loss | 0.0136     |
|    value_loss           | 257        |
----------------------------------------
---------------------------------------
| rollout/                |           |
|    ep_len_mean          | 262       |
|    ep_rew_mean          | 1.64e+03  |
| time/                   |           |
|    fps                  | 89        |
|    iterations           | 262       |
|    time_elapsed         | 5995      |
|    total_timesteps      | 536576    |
| train/                  |           |
|    approx_kl            | 0.8452798 |
|    clip_fraction        | 0.121     |
|    clip_range           | 0.1       |
|    entropy_loss         | -0.0595   |
|    explained_variance   | 0.985     |
|    learning_rate        | 0.00025   |
|    loss                 | 67.1      |
|    n_updates            | 2610      |
|    policy_gradient_loss | 0.00893   |
|    value_loss           | 123       |
---------------------------------------
-----------------------------------------
| rollout/                |             |
|    ep_len_mean          | 261         |
|    ep_rew_mean          | 1.63e+03    |
| time/                   |             |
|    fps                  | 89          |
|    iterations           | 263         |
|    time_elapsed         | 6016        |
|    total_timesteps      | 538624      |
| train/                  |             |
|    approx_kl            | 0.019705676 |
|    clip_fraction        | 0.108       |
|    clip_range           | 0.1         |
|    entropy_loss         | -0.068      |
|    explained_variance   | 0.942       |
|    learning_rate        | 0.00025     |
|    loss                 | 789         |
|    n_updates            | 2620        |
|    policy_gradient_loss | 0.00814     |
|    value_loss           | 1.62e+03    |
-----------------------------------------
-----------------------------------------
| rollout/                |             |
|    ep_len_mean          | 260         |
|    ep_rew_mean          | 1.63e+03    |
| time/                   |             |
|    fps                  | 89          |
|    iterations           | 264         |
|    time_elapsed         | 6036        |
|    total_timesteps      | 540672      |
| train/                  |             |
|    approx_kl            | 0.058122948 |
|    clip_fraction        | 0.0783      |
|    clip_range           | 0.1         |
|    entropy_loss         | -0.0642     |
|    explained_variance   | 0.96        |
|    learning_rate        | 0.00025     |
|    loss                 | 296         |
|    n_updates            | 2630        |
|    policy_gradient_loss | 0.000309    |
|    value_loss           | 609         |
-----------------------------------------
----------------------------------------
| rollout/                |            |
|    ep_len_mean          | 261        |
|    ep_rew_mean          | 1.64e+03   |
| time/                   |            |
|    fps                  | 89         |
|    iterations           | 265        |
|    time_elapsed         | 6057       |
|    total_timesteps      | 542720     |
| train/                  |            |
|    approx_kl            | 0.09903988 |
|    clip_fraction        | 0.089      |
|    clip_range           | 0.1        |
|    entropy_loss         | -0.0637    |
|    explained_variance   | 0.991      |
|    learning_rate        | 0.00025    |
|    loss                 | 57         |
|    n_updates            | 2640       |
|    policy_gradient_loss | 0.0057     |
|    value_loss           | 176        |
----------------------------------------
-----------------------------------------
| rollout/                |             |
|    ep_len_mean          | 260         |
|    ep_rew_mean          | 1.63e+03    |
| time/                   |             |
|    fps                  | 89          |
|    iterations           | 266         |
|    time_elapsed         | 6078        |
|    total_timesteps      | 544768      |
| train/                  |             |
|    approx_kl            | 0.025807781 |
|    clip_fraction        | 0.0742      |
|    clip_range           | 0.1         |
|    entropy_loss         | -0.0603     |
|    explained_variance   | 0.982       |
|    learning_rate        | 0.00025     |
|    loss                 | 122         |
|    n_updates            | 2650        |
|    policy_gradient_loss | 0.0048      |
|    value_loss           | 392         |
-----------------------------------------
---------------------------------------
| rollout/                |           |
|    ep_len_mean          | 260       |
|    ep_rew_mean          | 1.64e+03  |
| time/                   |           |
|    fps                  | 89        |
|    iterations           | 267       |
|    time_elapsed         | 6099      |
|    total_timesteps      | 546816    |
| train/                  |           |
|    approx_kl            | 0.0950257 |
|    clip_fraction        | 0.089     |
|    clip_range           | 0.1       |
|    entropy_loss         | -0.0604   |
|    explained_variance   | 0.989     |
|    learning_rate        | 0.00025   |
|    loss                 | 102       |
|    n_updates            | 2660      |
|    policy_gradient_loss | 0.00816   |
|    value_loss           | 250       |
---------------------------------------
-----------------------------------------
| rollout/                |             |
|    ep_len_mean          | 281         |
|    ep_rew_mean          | 1.61e+03    |
| time/                   |             |
|    fps                  | 89          |
|    iterations           | 268         |
|    time_elapsed         | 6119        |
|    total_timesteps      | 548864      |
| train/                  |             |
|    approx_kl            | 0.004296111 |
|    clip_fraction        | 0.0403      |
|    clip_range           | 0.1         |
|    entropy_loss         | -0.0488     |
|    explained_variance   | 0.965       |
|    learning_rate        | 0.00025     |
|    loss                 | 202         |
|    n_updates            | 2670        |
|    policy_gradient_loss | 8.35e-05    |
|    value_loss           | 748         |
-----------------------------------------
------------------------------------------
| rollout/                |              |
|    ep_len_mean          | 280          |
|    ep_rew_mean          | 1.61e+03     |
| time/                   |              |
|    fps                  | 89           |
|    iterations           | 269          |
|    time_elapsed         | 6140         |
|    total_timesteps      | 550912       |
| train/                  |              |
|    approx_kl            | 0.0046109054 |
|    clip_fraction        | 0.0127       |
|    clip_range           | 0.1          |
|    entropy_loss         | -0.0112      |
|    explained_variance   | 0.936        |
|    learning_rate        | 0.00025      |
|    loss                 | 400          |
|    n_updates            | 2680         |
|    policy_gradient_loss | 0.00188      |
|    value_loss           | 951          |
------------------------------------------
-----------------------------------------
| rollout/                |             |
|    ep_len_mean          | 303         |
|    ep_rew_mean          | 1.6e+03     |
| time/                   |             |
|    fps                  | 89          |
|    iterations           | 270         |
|    time_elapsed         | 6161        |
|    total_timesteps      | 552960      |
| train/                  |             |
|    approx_kl            | 0.014691923 |
|    clip_fraction        | 0.016       |
|    clip_range           | 0.1         |
|    entropy_loss         | -0.0149     |
|    explained_variance   | 0.955       |
|    learning_rate        | 0.00025     |
|    loss                 | 245         |
|    n_updates            | 2690        |
|    policy_gradient_loss | 0.00121     |
|    value_loss           | 528         |
-----------------------------------------
-----------------------------------------
| rollout/                |             |
|    ep_len_mean          | 282         |
|    ep_rew_mean          | 1.64e+03    |
| time/                   |             |
|    fps                  | 89          |
|    iterations           | 271         |
|    time_elapsed         | 6182        |
|    total_timesteps      | 555008      |
| train/                  |             |
|    approx_kl            | 0.008082841 |
|    clip_fraction        | 0.0331      |
|    clip_range           | 0.1         |
|    entropy_loss         | -0.03       |
|    explained_variance   | 0.978       |
|    learning_rate        | 0.00025     |
|    loss                 | 112         |
|    n_updates            | 2700        |
|    policy_gradient_loss | 0.0039      |
|    value_loss           | 279         |
-----------------------------------------
-----------------------------------------
| rollout/                |             |
|    ep_len_mean          | 261         |
|    ep_rew_mean          | 1.67e+03    |
| time/                   |             |
|    fps                  | 89          |
|    iterations           | 272         |
|    time_elapsed         | 6203        |
|    total_timesteps      | 557056      |
| train/                  |             |
|    approx_kl            | 0.110310055 |
|    clip_fraction        | 0.0811      |
|    clip_range           | 0.1         |
|    entropy_loss         | -0.0549     |
|    explained_variance   | 0.984       |
|    learning_rate        | 0.00025     |
|    loss                 | 164         |
|    n_updates            | 2710        |
|    policy_gradient_loss | 0.00492     |
|    value_loss           | 347         |
-----------------------------------------
----------------------------------------
| rollout/                |            |
|    ep_len_mean          | 254        |
|    ep_rew_mean          | 1.61e+03   |
| time/                   |            |
|    fps                  | 89         |
|    iterations           | 273        |
|    time_elapsed         | 6223       |
|    total_timesteps      | 559104     |
| train/                  |            |
|    approx_kl            | 0.14144324 |
|    clip_fraction        | 0.105      |
|    clip_range           | 0.1        |
|    entropy_loss         | -0.0705    |
|    explained_variance   | 0.979      |
|    learning_rate        | 0.00025    |
|    loss                 | 144        |
|    n_updates            | 2720       |
|    policy_gradient_loss | 0.00469    |
|    value_loss           | 401        |
----------------------------------------
-----------------------------------------
| rollout/                |             |
|    ep_len_mean          | 246         |
|    ep_rew_mean          | 1.55e+03    |
| time/                   |             |
|    fps                  | 89          |
|    iterations           | 274         |
|    time_elapsed         | 6244        |
|    total_timesteps      | 561152      |
| train/                  |             |
|    approx_kl            | 0.044192724 |
|    clip_fraction        | 0.0945      |
|    clip_range           | 0.1         |
|    entropy_loss         | -0.0756     |
|    explained_variance   | 0.817       |
|    learning_rate        | 0.00025     |
|    loss                 | 1.74e+03    |
|    n_updates            | 2730        |
|    policy_gradient_loss | 0.000911    |
|    value_loss           | 3.81e+03    |
-----------------------------------------
---------------------------------------
| rollout/                |           |
|    ep_len_mean          | 247       |
|    ep_rew_mean          | 1.56e+03  |
| time/                   |           |
|    fps                  | 89        |
|    iterations           | 275       |
|    time_elapsed         | 6265      |
|    total_timesteps      | 563200    |
| train/                  |           |
|    approx_kl            | 0.2708532 |
|    clip_fraction        | 0.148     |
|    clip_range           | 0.1       |
|    entropy_loss         | -0.0586   |
|    explained_variance   | 0.832     |
|    learning_rate        | 0.00025   |
|    loss                 | 1.72e+03  |
|    n_updates            | 2740      |
|    policy_gradient_loss | 0.0181    |
|    value_loss           | 3.95e+03  |
---------------------------------------
----------------------------------------
| rollout/                |            |
|    ep_len_mean          | 247        |
|    ep_rew_mean          | 1.56e+03   |
| time/                   |            |
|    fps                  | 89         |
|    iterations           | 276        |
|    time_elapsed         | 6285       |
|    total_timesteps      | 565248     |
| train/                  |            |
|    approx_kl            | 0.06959424 |
|    clip_fraction        | 0.0753     |
|    clip_range           | 0.1        |
|    entropy_loss         | -0.0552    |
|    explained_variance   | 0.948      |
|    learning_rate        | 0.00025    |
|    loss                 | 116        |
|    n_updates            | 2750       |
|    policy_gradient_loss | 0.00611    |
|    value_loss           | 487        |
----------------------------------------
-----------------------------------------
| rollout/                |             |
|    ep_len_mean          | 246         |
|    ep_rew_mean          | 1.55e+03    |
| time/                   |             |
|    fps                  | 89          |
|    iterations           | 277         |
|    time_elapsed         | 6306        |
|    total_timesteps      | 567296      |
| train/                  |             |
|    approx_kl            | 0.046868153 |
|    clip_fraction        | 0.0751      |
|    clip_range           | 0.1         |
|    entropy_loss         | -0.0545     |
|    explained_variance   | 0.99        |
|    learning_rate        | 0.00025     |
|    loss                 | 44.1        |
|    n_updates            | 2760        |
|    policy_gradient_loss | 0.00122     |
|    value_loss           | 135         |
-----------------------------------------
-----------------------------------------
| rollout/                |             |
|    ep_len_mean          | 246         |
|    ep_rew_mean          | 1.55e+03    |
| time/                   |             |
|    fps                  | 89          |
|    iterations           | 278         |
|    time_elapsed         | 6327        |
|    total_timesteps      | 569344      |
| train/                  |             |
|    approx_kl            | 0.032097317 |
|    clip_fraction        | 0.0638      |
|    clip_range           | 0.1         |
|    entropy_loss         | -0.0486     |
|    explained_variance   | 0.973       |
|    learning_rate        | 0.00025     |
|    loss                 | 222         |
|    n_updates            | 2770        |
|    policy_gradient_loss | 0.00119     |
|    value_loss           | 616         |
-----------------------------------------
----------------------------------------
| rollout/                |            |
|    ep_len_mean          | 224        |
|    ep_rew_mean          | 1.54e+03   |
| time/                   |            |
|    fps                  | 90         |
|    iterations           | 279        |
|    time_elapsed         | 6348       |
|    total_timesteps      | 571392     |
| train/                  |            |
|    approx_kl            | 0.23587129 |
|    clip_fraction        | 0.109      |
|    clip_range           | 0.1        |
|    entropy_loss         | -0.0501    |
|    explained_variance   | 0.989      |
|    learning_rate        | 0.00025    |
|    loss                 | 50.9       |
|    n_updates            | 2780       |
|    policy_gradient_loss | 0.00495    |
|    value_loss           | 256        |
----------------------------------------
-----------------------------------------
| rollout/                |             |
|    ep_len_mean          | 223         |
|    ep_rew_mean          | 1.53e+03    |
| time/                   |             |
|    fps                  | 90          |
|    iterations           | 280         |
|    time_elapsed         | 6368        |
|    total_timesteps      | 573440      |
| train/                  |             |
|    approx_kl            | 0.017158072 |
|    clip_fraction        | 0.0853      |
|    clip_range           | 0.1         |
|    entropy_loss         | -0.08       |
|    explained_variance   | 0.805       |
|    learning_rate        | 0.00025     |
|    loss                 | 2.31e+03    |
|    n_updates            | 2790        |
|    policy_gradient_loss | 0.0045      |
|    value_loss           | 4.27e+03    |
-----------------------------------------
----------------------------------------
| rollout/                |            |
|    ep_len_mean          | 223        |
|    ep_rew_mean          | 1.53e+03   |
| time/                   |            |
|    fps                  | 90         |
|    iterations           | 281        |
|    time_elapsed         | 6389       |
|    total_timesteps      | 575488     |
| train/                  |            |
|    approx_kl            | 0.04381127 |
|    clip_fraction        | 0.0233     |
|    clip_range           | 0.1        |
|    entropy_loss         | -0.0246    |
|    explained_variance   | 0.85       |
|    learning_rate        | 0.00025    |
|    loss                 | 80.4       |
|    n_updates            | 2800       |
|    policy_gradient_loss | 0.00245    |
|    value_loss           | 764        |
----------------------------------------
-------------------------------------------
| rollout/                |               |
|    ep_len_mean          | 245           |
|    ep_rew_mean          | 1.52e+03      |
| time/                   |               |
|    fps                  | 90            |
|    iterations           | 282           |
|    time_elapsed         | 6409          |
|    total_timesteps      | 577536        |
| train/                  |               |
|    approx_kl            | 0.00029805762 |
|    clip_fraction        | 0.0028        |
|    clip_range           | 0.1           |
|    entropy_loss         | -0.00389      |
|    explained_variance   | 0.942         |
|    learning_rate        | 0.00025       |
|    loss                 | 169           |
|    n_updates            | 2810          |
|    policy_gradient_loss | -2.54e-06     |
|    value_loss           | 452           |
-------------------------------------------
-----------------------------------------
| rollout/                |             |
|    ep_len_mean          | 267         |
|    ep_rew_mean          | 1.5e+03     |
| time/                   |             |
|    fps                  | 90          |
|    iterations           | 283         |
|    time_elapsed         | 6430        |
|    total_timesteps      | 579584      |
| train/                  |             |
|    approx_kl            | 0.022840284 |
|    clip_fraction        | 0.0647      |
|    clip_range           | 0.1         |
|    entropy_loss         | -0.0572     |
|    explained_variance   | 0.866       |
|    learning_rate        | 0.00025     |
|    loss                 | 128         |
|    n_updates            | 2820        |
|    policy_gradient_loss | 0.000792    |
|    value_loss           | 537         |
-----------------------------------------
----------------------------------------
| rollout/                |            |
|    ep_len_mean          | 288        |
|    ep_rew_mean          | 1.48e+03   |
| time/                   |            |
|    fps                  | 90         |
|    iterations           | 284        |
|    time_elapsed         | 6450       |
|    total_timesteps      | 581632     |
| train/                  |            |
|    approx_kl            | 0.76629543 |
|    clip_fraction        | 0.134      |
|    clip_range           | 0.1        |
|    entropy_loss         | -0.0629    |
|    explained_variance   | 0.96       |
|    learning_rate        | 0.00025    |
|    loss                 | 19         |
|    n_updates            | 2830       |
|    policy_gradient_loss | 0.00788    |
|    value_loss           | 196        |
----------------------------------------
-----------------------------------------
| rollout/                |             |
|    ep_len_mean          | 310         |
|    ep_rew_mean          | 1.47e+03    |
| time/                   |             |
|    fps                  | 90          |
|    iterations           | 285         |
|    time_elapsed         | 6471        |
|    total_timesteps      | 583680      |
| train/                  |             |
|    approx_kl            | 0.019786855 |
|    clip_fraction        | 0.127       |
|    clip_range           | 0.1         |
|    entropy_loss         | -0.0389     |
|    explained_variance   | 0.963       |
|    learning_rate        | 0.00025     |
|    loss                 | 78.8        |
|    n_updates            | 2840        |
|    policy_gradient_loss | 0.0186      |
|    value_loss           | 157         |
-----------------------------------------
-----------------------------------------
| rollout/                |             |
|    ep_len_mean          | 310         |
|    ep_rew_mean          | 1.47e+03    |
| time/                   |             |
|    fps                  | 90          |
|    iterations           | 286         |
|    time_elapsed         | 6491        |
|    total_timesteps      | 585728      |
| train/                  |             |
|    approx_kl            | 0.013046518 |
|    clip_fraction        | 0.0164      |
|    clip_range           | 0.1         |
|    entropy_loss         | -0.0234     |
|    explained_variance   | 0.976       |
|    learning_rate        | 0.00025     |
|    loss                 | 41.8        |
|    n_updates            | 2850        |
|    policy_gradient_loss | 0.0018      |
|    value_loss           | 106         |
-----------------------------------------
-----------------------------------------
| rollout/                |             |
|    ep_len_mean          | 332         |
|    ep_rew_mean          | 1.45e+03    |
| time/                   |             |
|    fps                  | 90          |
|    iterations           | 287         |
|    time_elapsed         | 6512        |
|    total_timesteps      | 587776      |
| train/                  |             |
|    approx_kl            | 0.019206844 |
|    clip_fraction        | 0.0195      |
|    clip_range           | 0.1         |
|    entropy_loss         | -0.0167     |
|    explained_variance   | 0.892       |
|    learning_rate        | 0.00025     |
|    loss                 | 5.38        |
|    n_updates            | 2860        |
|    policy_gradient_loss | 0.00745     |
|    value_loss           | 39.2        |
-----------------------------------------
-----------------------------------------
| rollout/                |             |
|    ep_len_mean          | 352         |
|    ep_rew_mean          | 1.41e+03    |
| time/                   |             |
|    fps                  | 90          |
|    iterations           | 288         |
|    time_elapsed         | 6532        |
|    total_timesteps      | 589824      |
| train/                  |             |
|    approx_kl            | 0.010922381 |
|    clip_fraction        | 0.0122      |
|    clip_range           | 0.1         |
|    entropy_loss         | -0.0333     |
|    explained_variance   | 0.991       |
|    learning_rate        | 0.00025     |
|    loss                 | 2           |
|    n_updates            | 2870        |
|    policy_gradient_loss | 0.00231     |
|    value_loss           | 49.2        |
-----------------------------------------
----------------------------------------
| rollout/                |            |
|    ep_len_mean          | 352        |
|    ep_rew_mean          | 1.41e+03   |
| time/                   |            |
|    fps                  | 90         |
|    iterations           | 289        |
|    time_elapsed         | 6553       |
|    total_timesteps      | 591872     |
| train/                  |            |
|    approx_kl            | 0.13355711 |
|    clip_fraction        | 0.162      |
|    clip_range           | 0.1        |
|    entropy_loss         | -0.101     |
|    explained_variance   | 0.716      |
|    learning_rate        | 0.00025    |
|    loss                 | 503        |
|    n_updates            | 2880       |
|    policy_gradient_loss | 0.0177     |
|    value_loss           | 1.75e+03   |
----------------------------------------
-----------------------------------------
| rollout/                |             |
|    ep_len_mean          | 374         |
|    ep_rew_mean          | 1.4e+03     |
| time/                   |             |
|    fps                  | 90          |
|    iterations           | 290         |
|    time_elapsed         | 6573        |
|    total_timesteps      | 593920      |
| train/                  |             |
|    approx_kl            | 0.007623798 |
|    clip_fraction        | 0.00474     |
|    clip_range           | 0.1         |
|    entropy_loss         | -0.00234    |
|    explained_variance   | 0.931       |
|    learning_rate        | 0.00025     |
|    loss                 | 2.97        |
|    n_updates            | 2890        |
|    policy_gradient_loss | 0.00793     |
|    value_loss           | 28.7        |
-----------------------------------------
----------------------------------------
| rollout/                |            |
|    ep_len_mean          | 396        |
|    ep_rew_mean          | 1.38e+03   |
| time/                   |            |
|    fps                  | 90         |
|    iterations           | 291        |
|    time_elapsed         | 6593       |
|    total_timesteps      | 595968     |
| train/                  |            |
|    approx_kl            | 0.06508312 |
|    clip_fraction        | 0.0159     |
|    clip_range           | 0.1        |
|    entropy_loss         | -0.00804   |
|    explained_variance   | 0.96       |
|    learning_rate        | 0.00025    |
|    loss                 | 10.8       |
|    n_updates            | 2900       |
|    policy_gradient_loss | 0.000317   |
|    value_loss           | 33.7       |
----------------------------------------
-----------------------------------------
| rollout/                |             |
|    ep_len_mean          | 418         |
|    ep_rew_mean          | 1.36e+03    |
| time/                   |             |
|    fps                  | 90          |
|    iterations           | 292         |
|    time_elapsed         | 6613        |
|    total_timesteps      | 598016      |
| train/                  |             |
|    approx_kl            | 0.015705297 |
|    clip_fraction        | 0.0308      |
|    clip_range           | 0.1         |
|    entropy_loss         | -0.0292     |
|    explained_variance   | 0.962       |
|    learning_rate        | 0.00025     |
|    loss                 | 22.8        |
|    n_updates            | 2910        |
|    policy_gradient_loss | 0.000102    |
|    value_loss           | 317         |
-----------------------------------------
Eval num_timesteps=600000, episode_reward=-415.00 +/- 0.00
Episode length: 2406.00 +/- 0.00
---------------------------------------
| eval/                   |           |
|    mean_ep_length       | 2.41e+03  |
|    mean_reward          | -415      |
| time/                   |           |
|    total_timesteps      | 600000    |
| train/                  |           |
|    approx_kl            | 0.0       |
|    clip_fraction        | 0         |
|    clip_range           | 0.1       |
|    entropy_loss         | -1.64e-06 |
|    explained_variance   | -0.0104   |
|    learning_rate        | 0.00025   |
|    loss                 | 59.2      |
|    n_updates            | 2920      |
|    policy_gradient_loss | 9.77e-09  |
|    value_loss           | 639       |
---------------------------------------
---------------------------------
| rollout/           |          |
|    ep_len_mean     | 440      |
|    ep_rew_mean     | 1.34e+03 |
| time/              |          |
|    fps             | 89       |
|    iterations      | 293      |
|    time_elapsed    | 6697     |
|    total_timesteps | 600064   |
---------------------------------
--------------------------------------------
| rollout/                |                |
|    ep_len_mean          | 462            |
|    ep_rew_mean          | 1.32e+03       |
| time/                   |                |
|    fps                  | 89             |
|    iterations           | 294            |
|    time_elapsed         | 6717           |
|    total_timesteps      | 602112         |
| train/                  |                |
|    approx_kl            | -2.9773444e-08 |
|    clip_fraction        | 0              |
|    clip_range           | 0.1            |
|    entropy_loss         | -1.8e-05       |
|    explained_variance   | -0.00145       |
|    learning_rate        | 0.00025        |
|    loss                 | 295            |
|    n_updates            | 2930           |
|    policy_gradient_loss | -1.04e-08      |
|    value_loss           | 444            |
--------------------------------------------
-------------------------------------------
| rollout/                |               |
|    ep_len_mean          | 462           |
|    ep_rew_mean          | 1.32e+03      |
| time/                   |               |
|    fps                  | 89            |
|    iterations           | 295           |
|    time_elapsed         | 6737          |
|    total_timesteps      | 604160        |
| train/                  |               |
|    approx_kl            | 5.9604645e-08 |
|    clip_fraction        | 0             |
|    clip_range           | 0.1           |
|    entropy_loss         | -7.99e-05     |
|    explained_variance   | -0.00172      |
|    learning_rate        | 0.00025       |
|    loss                 | 121           |
|    n_updates            | 2940          |
|    policy_gradient_loss | 5.52e-08      |
|    value_loss           | 222           |
-------------------------------------------
---------------------------------------
| rollout/                |           |
|    ep_len_mean          | 483       |
|    ep_rew_mean          | 1.3e+03   |
| time/                   |           |
|    fps                  | 89        |
|    iterations           | 296       |
|    time_elapsed         | 6757      |
|    total_timesteps      | 606208    |
| train/                  |           |
|    approx_kl            | 0.0       |
|    clip_fraction        | 0         |
|    clip_range           | 0.1       |
|    entropy_loss         | -0.000261 |
|    explained_variance   | 0.00177   |
|    learning_rate        | 0.00025   |
|    loss                 | 2.91      |
|    n_updates            | 2950      |
|    policy_gradient_loss | 7.33e-08  |
|    value_loss           | 50.2      |
---------------------------------------
-----------------------------------------
| rollout/                |             |
|    ep_len_mean          | 505         |
|    ep_rew_mean          | 1.28e+03    |
| time/                   |             |
|    fps                  | 89          |
|    iterations           | 297         |
|    time_elapsed         | 6777        |
|    total_timesteps      | 608256      |
| train/                  |             |
|    approx_kl            | 3.22226e-08 |
|    clip_fraction        | 0           |
|    clip_range           | 0.1         |
|    entropy_loss         | -0.00109    |
|    explained_variance   | -0.00142    |
|    learning_rate        | 0.00025     |
|    loss                 | 9.66        |
|    n_updates            | 2960        |
|    policy_gradient_loss | 4.95e-08    |
|    value_loss           | 124         |
-----------------------------------------
-------------------------------------------
| rollout/                |               |
|    ep_len_mean          | 527           |
|    ep_rew_mean          | 1.25e+03      |
| time/                   |               |
|    fps                  | 89            |
|    iterations           | 298           |
|    time_elapsed         | 6797          |
|    total_timesteps      | 610304        |
| train/                  |               |
|    approx_kl            | 0.00010813733 |
|    clip_fraction        | 0.0874        |
|    clip_range           | 0.1           |
|    entropy_loss         | -0.111        |
|    explained_variance   | -0.00108      |
|    learning_rate        | 0.00025       |
|    loss                 | 55.7          |
|    n_updates            | 2970          |
|    policy_gradient_loss | 0.00181       |
|    value_loss           | 101           |
-------------------------------------------
------------------------------------------
| rollout/                |              |
|    ep_len_mean          | 549          |
|    ep_rew_mean          | 1.23e+03     |
| time/                   |              |
|    fps                  | 89           |
|    iterations           | 299          |
|    time_elapsed         | 6817         |
|    total_timesteps      | 612352       |
| train/                  |              |
|    approx_kl            | 0.0024978733 |
|    clip_fraction        | 0.388        |
|    clip_range           | 0.1          |
|    entropy_loss         | -0.371       |
|    explained_variance   | 0.0081       |
|    learning_rate        | 0.00025      |
|    loss                 | 16.7         |
|    n_updates            | 2980         |
|    policy_gradient_loss | 0.00464      |
|    value_loss           | 47.4         |
------------------------------------------
----------------------------------------
| rollout/                |            |
|    ep_len_mean          | 570        |
|    ep_rew_mean          | 1.21e+03   |
| time/                   |            |
|    fps                  | 89         |
|    iterations           | 300        |
|    time_elapsed         | 6837       |
|    total_timesteps      | 614400     |
| train/                  |            |
|    approx_kl            | 0.08690345 |
|    clip_fraction        | 0.0743     |
|    clip_range           | 0.1        |
|    entropy_loss         | -0.12      |
|    explained_variance   | -0.0134    |
|    learning_rate        | 0.00025    |
|    loss                 | 16.5       |
|    n_updates            | 2990       |
|    policy_gradient_loss | 0.00229    |
|    value_loss           | 42.4       |
----------------------------------------
----------------------------------------
| rollout/                |            |
|    ep_len_mean          | 591        |
|    ep_rew_mean          | 1.2e+03    |
| time/                   |            |
|    fps                  | 89         |
|    iterations           | 301        |
|    time_elapsed         | 6857       |
|    total_timesteps      | 616448     |
| train/                  |            |
|    approx_kl            | 0.14241292 |
|    clip_fraction        | 0.117      |
|    clip_range           | 0.1        |
|    entropy_loss         | -0.149     |
|    explained_variance   | -0.0484    |
|    learning_rate        | 0.00025    |
|    loss                 | 2          |
|    n_updates            | 3000       |
|    policy_gradient_loss | 0.000875   |
|    value_loss           | 23.4       |
----------------------------------------
-----------------------------------------
| rollout/                |             |
|    ep_len_mean          | 591         |
|    ep_rew_mean          | 1.2e+03     |
| time/                   |             |
|    fps                  | 89          |
|    iterations           | 302         |
|    time_elapsed         | 6877        |
|    total_timesteps      | 618496      |
| train/                  |             |
|    approx_kl            | 0.021371977 |
|    clip_fraction        | 0.0772      |
|    clip_range           | 0.1         |
|    entropy_loss         | -0.14       |
|    explained_variance   | 0.242       |
|    learning_rate        | 0.00025     |
|    loss                 | 4.11        |
|    n_updates            | 3010        |
|    policy_gradient_loss | 0.00794     |
|    value_loss           | 48.9        |
-----------------------------------------
----------------------------------------
| rollout/                |            |
|    ep_len_mean          | 628        |
|    ep_rew_mean          | 1.16e+03   |
| time/                   |            |
|    fps                  | 89         |
|    iterations           | 303        |
|    time_elapsed         | 6897       |
|    total_timesteps      | 620544     |
| train/                  |            |
|    approx_kl            | 0.06424361 |
|    clip_fraction        | 0.0157     |
|    clip_range           | 0.1        |
|    entropy_loss         | -0.107     |
|    explained_variance   | 0.19       |
|    learning_rate        | 0.00025    |
|    loss                 | 0.297      |
|    n_updates            | 3020       |
|    policy_gradient_loss | -0.000401  |
|    value_loss           | 7.24       |
----------------------------------------
-----------------------------------------
| rollout/                |             |
|    ep_len_mean          | 641         |
|    ep_rew_mean          | 1.13e+03    |
| time/                   |             |
|    fps                  | 89          |
|    iterations           | 304         |
|    time_elapsed         | 6917        |
|    total_timesteps      | 622592      |
| train/                  |             |
|    approx_kl            | 0.089476906 |
|    clip_fraction        | 0.538       |
|    clip_range           | 0.1         |
|    entropy_loss         | -0.724      |
|    explained_variance   | 0.428       |
|    learning_rate        | 0.00025     |
|    loss                 | 68.7        |
|    n_updates            | 3030        |
|    policy_gradient_loss | 0.0344      |
|    value_loss           | 263         |
-----------------------------------------
----------------------------------------
| rollout/                |            |
|    ep_len_mean          | 649        |
|    ep_rew_mean          | 1.11e+03   |
| time/                   |            |
|    fps                  | 90         |
|    iterations           | 305        |
|    time_elapsed         | 6938       |
|    total_timesteps      | 624640     |
| train/                  |            |
|    approx_kl            | 0.07349308 |
|    clip_fraction        | 0.363      |
|    clip_range           | 0.1        |
|    entropy_loss         | -0.597     |
|    explained_variance   | 0.672      |
|    learning_rate        | 0.00025    |
|    loss                 | 326        |
|    n_updates            | 3040       |
|    policy_gradient_loss | 0.0159     |
|    value_loss           | 880        |
----------------------------------------
-----------------------------------------
| rollout/                |             |
|    ep_len_mean          | 661         |
|    ep_rew_mean          | 1.09e+03    |
| time/                   |             |
|    fps                  | 90          |
|    iterations           | 306         |
|    time_elapsed         | 6958        |
|    total_timesteps      | 626688      |
| train/                  |             |
|    approx_kl            | 0.023087481 |
|    clip_fraction        | 0.281       |
|    clip_range           | 0.1         |
|    entropy_loss         | -0.525      |
|    explained_variance   | 0.627       |
|    learning_rate        | 0.00025     |
|    loss                 | 781         |
|    n_updates            | 3050        |
|    policy_gradient_loss | 0.0132      |
|    value_loss           | 2.07e+03    |
-----------------------------------------
-----------------------------------------
| rollout/                |             |
|    ep_len_mean          | 666         |
|    ep_rew_mean          | 1.04e+03    |
| time/                   |             |
|    fps                  | 90          |
|    iterations           | 307         |
|    time_elapsed         | 6978        |
|    total_timesteps      | 628736      |
| train/                  |             |
|    approx_kl            | 0.022641884 |
|    clip_fraction        | 0.212       |
|    clip_range           | 0.1         |
|    entropy_loss         | -0.539      |
|    explained_variance   | 0.783       |
|    learning_rate        | 0.00025     |
|    loss                 | 699         |
|    n_updates            | 3060        |
|    policy_gradient_loss | 0.0076      |
|    value_loss           | 1.52e+03    |
-----------------------------------------
-----------------------------------------
| rollout/                |             |
|    ep_len_mean          | 666         |
|    ep_rew_mean          | 960         |
| time/                   |             |
|    fps                  | 90          |
|    iterations           | 308         |
|    time_elapsed         | 6999        |
|    total_timesteps      | 630784      |
| train/                  |             |
|    approx_kl            | 0.024446668 |
|    clip_fraction        | 0.265       |
|    clip_range           | 0.1         |
|    entropy_loss         | -0.621      |
|    explained_variance   | 0.695       |
|    learning_rate        | 0.00025     |
|    loss                 | 1.25e+03    |
|    n_updates            | 3070        |
|    policy_gradient_loss | 0.00583     |
|    value_loss           | 2.51e+03    |
-----------------------------------------
-----------------------------------------
| rollout/                |             |
|    ep_len_mean          | 668         |
|    ep_rew_mean          | 871         |
| time/                   |             |
|    fps                  | 90          |
|    iterations           | 309         |
|    time_elapsed         | 7019        |
|    total_timesteps      | 632832      |
| train/                  |             |
|    approx_kl            | 0.027179178 |
|    clip_fraction        | 0.295       |
|    clip_range           | 0.1         |
|    entropy_loss         | -0.598      |
|    explained_variance   | 0.674       |
|    learning_rate        | 0.00025     |
|    loss                 | 1.18e+03    |
|    n_updates            | 3080        |
|    policy_gradient_loss | 0.0121      |
|    value_loss           | 2.56e+03    |
-----------------------------------------
-----------------------------------------
| rollout/                |             |
|    ep_len_mean          | 666         |
|    ep_rew_mean          | 777         |
| time/                   |             |
|    fps                  | 90          |
|    iterations           | 310         |
|    time_elapsed         | 7040        |
|    total_timesteps      | 634880      |
| train/                  |             |
|    approx_kl            | 0.042609617 |
|    clip_fraction        | 0.286       |
|    clip_range           | 0.1         |
|    entropy_loss         | -0.55       |
|    explained_variance   | 0.698       |
|    learning_rate        | 0.00025     |
|    loss                 | 1.02e+03    |
|    n_updates            | 3090        |
|    policy_gradient_loss | 0.00407     |
|    value_loss           | 2.3e+03     |
-----------------------------------------
-----------------------------------------
| rollout/                |             |
|    ep_len_mean          | 664         |
|    ep_rew_mean          | 682         |
| time/                   |             |
|    fps                  | 90          |
|    iterations           | 311         |
|    time_elapsed         | 7060        |
|    total_timesteps      | 636928      |
| train/                  |             |
|    approx_kl            | 0.018228585 |
|    clip_fraction        | 0.299       |
|    clip_range           | 0.1         |
|    entropy_loss         | -0.658      |
|    explained_variance   | 0.746       |
|    learning_rate        | 0.00025     |
|    loss                 | 812         |
|    n_updates            | 3100        |
|    policy_gradient_loss | 0.00934     |
|    value_loss           | 2.08e+03    |
-----------------------------------------
----------------------------------------
| rollout/                |            |
|    ep_len_mean          | 600        |
|    ep_rew_mean          | 678        |
| time/                   |            |
|    fps                  | 90         |
|    iterations           | 312        |
|    time_elapsed         | 7080       |
|    total_timesteps      | 638976     |
| train/                  |            |
|    approx_kl            | 0.03354682 |
|    clip_fraction        | 0.329      |
|    clip_range           | 0.1        |
|    entropy_loss         | -0.634     |
|    explained_variance   | 0.634      |
|    learning_rate        | 0.00025    |
|    loss                 | 1.42e+03   |
|    n_updates            | 3110       |
|    policy_gradient_loss | 0.00963    |
|    value_loss           | 2.6e+03    |
----------------------------------------
-----------------------------------------
| rollout/                |             |
|    ep_len_mean          | 515         |
|    ep_rew_mean          | 679         |
| time/                   |             |
|    fps                  | 90          |
|    iterations           | 313         |
|    time_elapsed         | 7101        |
|    total_timesteps      | 641024      |
| train/                  |             |
|    approx_kl            | 0.047750644 |
|    clip_fraction        | 0.328       |
|    clip_range           | 0.1         |
|    entropy_loss         | -0.517      |
|    explained_variance   | 0.491       |
|    learning_rate        | 0.00025     |
|    loss                 | 1.19e+03    |
|    n_updates            | 3120        |
|    policy_gradient_loss | 0.0115      |
|    value_loss           | 2.4e+03     |
-----------------------------------------
-----------------------------------------
| rollout/                |             |
|    ep_len_mean          | 270         |
|    ep_rew_mean          | 783         |
| time/                   |             |
|    fps                  | 90          |
|    iterations           | 314         |
|    time_elapsed         | 7121        |
|    total_timesteps      | 643072      |
| train/                  |             |
|    approx_kl            | 0.028724847 |
|    clip_fraction        | 0.299       |
|    clip_range           | 0.1         |
|    entropy_loss         | -0.517      |
|    explained_variance   | 0.52        |
|    learning_rate        | 0.00025     |
|    loss                 | 1.31e+03    |
|    n_updates            | 3130        |
|    policy_gradient_loss | 0.00991     |
|    value_loss           | 2.76e+03    |
-----------------------------------------
-----------------------------------------
| rollout/                |             |
|    ep_len_mean          | 218         |
|    ep_rew_mean          | 798         |
| time/                   |             |
|    fps                  | 90          |
|    iterations           | 315         |
|    time_elapsed         | 7142        |
|    total_timesteps      | 645120      |
| train/                  |             |
|    approx_kl            | 0.028898764 |
|    clip_fraction        | 0.303       |
|    clip_range           | 0.1         |
|    entropy_loss         | -0.503      |
|    explained_variance   | 0.384       |
|    learning_rate        | 0.00025     |
|    loss                 | 1.59e+03    |
|    n_updates            | 3140        |
|    policy_gradient_loss | 0.00385     |
|    value_loss           | 4.32e+03    |
-----------------------------------------
-----------------------------------------
| rollout/                |             |
|    ep_len_mean          | 210         |
|    ep_rew_mean          | 804         |
| time/                   |             |
|    fps                  | 90          |
|    iterations           | 316         |
|    time_elapsed         | 7162        |
|    total_timesteps      | 647168      |
| train/                  |             |
|    approx_kl            | 0.032570634 |
|    clip_fraction        | 0.32        |
|    clip_range           | 0.1         |
|    entropy_loss         | -0.5        |
|    explained_variance   | 0.608       |
|    learning_rate        | 0.00025     |
|    loss                 | 1.09e+03    |
|    n_updates            | 3150        |
|    policy_gradient_loss | 0.00952     |
|    value_loss           | 2.6e+03     |
-----------------------------------------
-----------------------------------------
| rollout/                |             |
|    ep_len_mean          | 196         |
|    ep_rew_mean          | 781         |
| time/                   |             |
|    fps                  | 90          |
|    iterations           | 317         |
|    time_elapsed         | 7182        |
|    total_timesteps      | 649216      |
| train/                  |             |
|    approx_kl            | 0.039508708 |
|    clip_fraction        | 0.379       |
|    clip_range           | 0.1         |
|    entropy_loss         | -0.497      |
|    explained_variance   | 0.366       |
|    learning_rate        | 0.00025     |
|    loss                 | 1.69e+03    |
|    n_updates            | 3160        |
|    policy_gradient_loss | 0.0117      |
|    value_loss           | 3.34e+03    |
-----------------------------------------
----------------------------------------
| rollout/                |            |
|    ep_len_mean          | 189        |
|    ep_rew_mean          | 792        |
| time/                   |            |
|    fps                  | 90         |
|    iterations           | 318        |
|    time_elapsed         | 7203       |
|    total_timesteps      | 651264     |
| train/                  |            |
|    approx_kl            | 0.04208684 |
|    clip_fraction        | 0.316      |
|    clip_range           | 0.1        |
|    entropy_loss         | -0.489     |
|    explained_variance   | 0.35       |
|    learning_rate        | 0.00025    |
|    loss                 | 2.27e+03   |
|    n_updates            | 3170       |
|    policy_gradient_loss | 0.0113     |
|    value_loss           | 3.95e+03   |
----------------------------------------
-----------------------------------------
| rollout/                |             |
|    ep_len_mean          | 176         |
|    ep_rew_mean          | 764         |
| time/                   |             |
|    fps                  | 90          |
|    iterations           | 319         |
|    time_elapsed         | 7223        |
|    total_timesteps      | 653312      |
| train/                  |             |
|    approx_kl            | 0.030337801 |
|    clip_fraction        | 0.281       |
|    clip_range           | 0.1         |
|    entropy_loss         | -0.489      |
|    explained_variance   | 0.561       |
|    learning_rate        | 0.00025     |
|    loss                 | 1.89e+03    |
|    n_updates            | 3180        |
|    policy_gradient_loss | 0.0123      |
|    value_loss           | 3.77e+03    |
-----------------------------------------
---------------------------------------
| rollout/                |           |
|    ep_len_mean          | 175       |
|    ep_rew_mean          | 810       |
| time/                   |           |
|    fps                  | 90        |
|    iterations           | 320       |
|    time_elapsed         | 7244      |
|    total_timesteps      | 655360    |
| train/                  |           |
|    approx_kl            | 0.1449717 |
|    clip_fraction        | 0.364     |
|    clip_range           | 0.1       |
|    entropy_loss         | -0.479    |
|    explained_variance   | 0.356     |
|    learning_rate        | 0.00025   |
|    loss                 | 1.86e+03  |
|    n_updates            | 3190      |
|    policy_gradient_loss | 0.0416    |
|    value_loss           | 4.37e+03  |
---------------------------------------
-----------------------------------------
| rollout/                |             |
|    ep_len_mean          | 175         |
|    ep_rew_mean          | 813         |
| time/                   |             |
|    fps                  | 90          |
|    iterations           | 321         |
|    time_elapsed         | 7264        |
|    total_timesteps      | 657408      |
| train/                  |             |
|    approx_kl            | 0.045022592 |
|    clip_fraction        | 0.341       |
|    clip_range           | 0.1         |
|    entropy_loss         | -0.457      |
|    explained_variance   | 0.537       |
|    learning_rate        | 0.00025     |
|    loss                 | 2.07e+03    |
|    n_updates            | 3200        |
|    policy_gradient_loss | 0.0248      |
|    value_loss           | 3.75e+03    |
-----------------------------------------
-----------------------------------------
| rollout/                |             |
|    ep_len_mean          | 195         |
|    ep_rew_mean          | 818         |
| time/                   |             |
|    fps                  | 90          |
|    iterations           | 322         |
|    time_elapsed         | 7284        |
|    total_timesteps      | 659456      |
| train/                  |             |
|    approx_kl            | 0.042219833 |
|    clip_fraction        | 0.237       |
|    clip_range           | 0.1         |
|    entropy_loss         | -0.316      |
|    explained_variance   | 0.501       |
|    learning_rate        | 0.00025     |
|    loss                 | 549         |
|    n_updates            | 3210        |
|    policy_gradient_loss | 0.0371      |
|    value_loss           | 1.47e+03    |
-----------------------------------------
-----------------------------------------
| rollout/                |             |
|    ep_len_mean          | 219         |
|    ep_rew_mean          | 839         |
| time/                   |             |
|    fps                  | 90          |
|    iterations           | 323         |
|    time_elapsed         | 7305        |
|    total_timesteps      | 661504      |
| train/                  |             |
|    approx_kl            | 0.067995824 |
|    clip_fraction        | 0.253       |
|    clip_range           | 0.1         |
|    entropy_loss         | -0.243      |
|    explained_variance   | 0.839       |
|    learning_rate        | 0.00025     |
|    loss                 | 31.1        |
|    n_updates            | 3220        |
|    policy_gradient_loss | 0.00847     |
|    value_loss           | 340         |
-----------------------------------------
-----------------------------------------
| rollout/                |             |
|    ep_len_mean          | 241         |
|    ep_rew_mean          | 843         |
| time/                   |             |
|    fps                  | 90          |
|    iterations           | 324         |
|    time_elapsed         | 7325        |
|    total_timesteps      | 663552      |
| train/                  |             |
|    approx_kl            | 0.045580126 |
|    clip_fraction        | 0.195       |
|    clip_range           | 0.1         |
|    entropy_loss         | -0.274      |
|    explained_variance   | 0.888       |
|    learning_rate        | 0.00025     |
|    loss                 | 1.11e+03    |
|    n_updates            | 3230        |
|    policy_gradient_loss | 0.00784     |
|    value_loss           | 1.85e+03    |
-----------------------------------------
---------------------------------------
| rollout/                |           |
|    ep_len_mean          | 241       |
|    ep_rew_mean          | 843       |
| time/                   |           |
|    fps                  | 90        |
|    iterations           | 325       |
|    time_elapsed         | 7345      |
|    total_timesteps      | 665600    |
| train/                  |           |
|    approx_kl            | 1.0254737 |
|    clip_fraction        | 0.0542    |
|    clip_range           | 0.1       |
|    entropy_loss         | -0.0333   |
|    explained_variance   | 0.95      |
|    learning_rate        | 0.00025   |
|    loss                 | 42.6      |
|    n_updates            | 3240      |
|    policy_gradient_loss | 0.0568    |
|    value_loss           | 133       |
---------------------------------------
---------------------------------------
| rollout/                |           |
|    ep_len_mean          | 259       |
|    ep_rew_mean          | 830       |
| time/                   |           |
|    fps                  | 90        |
|    iterations           | 326       |
|    time_elapsed         | 7366      |
|    total_timesteps      | 667648    |
| train/                  |           |
|    approx_kl            | 1.4110523 |
|    clip_fraction        | 0.186     |
|    clip_range           | 0.1       |
|    entropy_loss         | -0.106    |
|    explained_variance   | -4.07     |
|    learning_rate        | 0.00025   |
|    loss                 | 143       |
|    n_updates            | 3250      |
|    policy_gradient_loss | 0.0369    |
|    value_loss           | 771       |
---------------------------------------
----------------------------------------
| rollout/                |            |
|    ep_len_mean          | 282        |
|    ep_rew_mean          | 825        |
| time/                   |            |
|    fps                  | 90         |
|    iterations           | 327        |
|    time_elapsed         | 7386       |
|    total_timesteps      | 669696     |
| train/                  |            |
|    approx_kl            | 0.11537476 |
|    clip_fraction        | 0.341      |
|    clip_range           | 0.1        |
|    entropy_loss         | -0.354     |
|    explained_variance   | 0.472      |
|    learning_rate        | 0.00025    |
|    loss                 | 226        |
|    n_updates            | 3260       |
|    policy_gradient_loss | 0.00717    |
|    value_loss           | 700        |
----------------------------------------
----------------------------------------
| rollout/                |            |
|    ep_len_mean          | 293        |
|    ep_rew_mean          | 769        |
| time/                   |            |
|    fps                  | 90         |
|    iterations           | 328        |
|    time_elapsed         | 7406       |
|    total_timesteps      | 671744     |
| train/                  |            |
|    approx_kl            | 0.04850092 |
|    clip_fraction        | 0.129      |
|    clip_range           | 0.1        |
|    entropy_loss         | -0.184     |
|    explained_variance   | 0.683      |
|    learning_rate        | 0.00025    |
|    loss                 | 63.2       |
|    n_updates            | 3270       |
|    policy_gradient_loss | 0.0256     |
|    value_loss           | 302        |
----------------------------------------
----------------------------------------
| rollout/                |            |
|    ep_len_mean          | 314        |
|    ep_rew_mean          | 759        |
| time/                   |            |
|    fps                  | 90         |
|    iterations           | 329        |
|    time_elapsed         | 7427       |
|    total_timesteps      | 673792     |
| train/                  |            |
|    approx_kl            | 0.14572608 |
|    clip_fraction        | 0.0741     |
|    clip_range           | 0.1        |
|    entropy_loss         | -0.105     |
|    explained_variance   | 0.733      |
|    learning_rate        | 0.00025    |
|    loss                 | 156        |
|    n_updates            | 3280       |
|    policy_gradient_loss | 0.000537   |
|    value_loss           | 592        |
----------------------------------------
---------------------------------------
| rollout/                |           |
|    ep_len_mean          | 314       |
|    ep_rew_mean          | 759       |
| time/                   |           |
|    fps                  | 90        |
|    iterations           | 330       |
|    time_elapsed         | 7447      |
|    total_timesteps      | 675840    |
| train/                  |           |
|    approx_kl            | 0.0653441 |
|    clip_fraction        | 0.155     |
|    clip_range           | 0.1       |
|    entropy_loss         | -0.202    |
|    explained_variance   | 0.775     |
|    learning_rate        | 0.00025   |
|    loss                 | 69        |
|    n_updates            | 3290      |
|    policy_gradient_loss | 0.00532   |
|    value_loss           | 430       |
---------------------------------------
-----------------------------------------
| rollout/                |             |
|    ep_len_mean          | 336         |
|    ep_rew_mean          | 754         |
| time/                   |             |
|    fps                  | 90          |
|    iterations           | 331         |
|    time_elapsed         | 7468        |
|    total_timesteps      | 677888      |
| train/                  |             |
|    approx_kl            | 0.079614535 |
|    clip_fraction        | 0.0363      |
|    clip_range           | 0.1         |
|    entropy_loss         | -0.0318     |
|    explained_variance   | -0.964      |
|    learning_rate        | 0.00025     |
|    loss                 | 9.63        |
|    n_updates            | 3300        |
|    policy_gradient_loss | 0.0122      |
|    value_loss           | 57.8        |
-----------------------------------------
-----------------------------------------
| rollout/                |             |
|    ep_len_mean          | 358         |
|    ep_rew_mean          | 744         |
| time/                   |             |
|    fps                  | 90          |
|    iterations           | 332         |
|    time_elapsed         | 7488        |
|    total_timesteps      | 679936      |
| train/                  |             |
|    approx_kl            | 0.016166385 |
|    clip_fraction        | 0.312       |
|    clip_range           | 0.1         |
|    entropy_loss         | -0.268      |
|    explained_variance   | 0.472       |
|    learning_rate        | 0.00025     |
|    loss                 | 7           |
|    n_updates            | 3310        |
|    policy_gradient_loss | -0.0015     |
|    value_loss           | 211         |
-----------------------------------------
----------------------------------------
| rollout/                |            |
|    ep_len_mean          | 379        |
|    ep_rew_mean          | 726        |
| time/                   |            |
|    fps                  | 90         |
|    iterations           | 333        |
|    time_elapsed         | 7509       |
|    total_timesteps      | 681984     |
| train/                  |            |
|    approx_kl            | 0.22137658 |
|    clip_fraction        | 0.13       |
|    clip_range           | 0.1        |
|    entropy_loss         | -0.268     |
|    explained_variance   | 0.917      |
|    learning_rate        | 0.00025    |
|    loss                 | 7.4        |
|    n_updates            | 3320       |
|    policy_gradient_loss | 0.0202     |
|    value_loss           | 70.9       |
----------------------------------------
----------------------------------------
| rollout/                |            |
|    ep_len_mean          | 401        |
|    ep_rew_mean          | 715        |
| time/                   |            |
|    fps                  | 90         |
|    iterations           | 334        |
|    time_elapsed         | 7529       |
|    total_timesteps      | 684032     |
| train/                  |            |
|    approx_kl            | 0.12616004 |
|    clip_fraction        | 0.0763     |
|    clip_range           | 0.1        |
|    entropy_loss         | -0.143     |
|    explained_variance   | 0.979      |
|    learning_rate        | 0.00025    |
|    loss                 | 15.3       |
|    n_updates            | 3330       |
|    policy_gradient_loss | -0.000106  |
|    value_loss           | 22.5       |
----------------------------------------
----------------------------------------
| rollout/                |            |
|    ep_len_mean          | 425        |
|    ep_rew_mean          | 714        |
| time/                   |            |
|    fps                  | 90         |
|    iterations           | 335        |
|    time_elapsed         | 7550       |
|    total_timesteps      | 686080     |
| train/                  |            |
|    approx_kl            | 0.29823387 |
|    clip_fraction        | 0.173      |
|    clip_range           | 0.1        |
|    entropy_loss         | -0.16      |
|    explained_variance   | 0.991      |
|    learning_rate        | 0.00025    |
|    loss                 | 8.91       |
|    n_updates            | 3340       |
|    policy_gradient_loss | 0.00544    |
|    value_loss           | 12.1       |
----------------------------------------
---------------------------------------
| rollout/                |           |
|    ep_len_mean          | 448       |
|    ep_rew_mean          | 711       |
| time/                   |           |
|    fps                  | 90        |
|    iterations           | 336       |
|    time_elapsed         | 7570      |
|    total_timesteps      | 688128    |
| train/                  |           |
|    approx_kl            | 2.0650592 |
|    clip_fraction        | 0.123     |
|    clip_range           | 0.1       |
|    entropy_loss         | -0.0344   |
|    explained_variance   | 0.973     |
|    learning_rate        | 0.00025   |
|    loss                 | 6.93      |
|    n_updates            | 3350      |
|    policy_gradient_loss | -0.0137   |
|    value_loss           | 20.8      |
---------------------------------------
------------------------------------------
| rollout/                |              |
|    ep_len_mean          | 448          |
|    ep_rew_mean          | 711          |
| time/                   |              |
|    fps                  | 90           |
|    iterations           | 337          |
|    time_elapsed         | 7591         |
|    total_timesteps      | 690176       |
| train/                  |              |
|    approx_kl            | 0.0028926367 |
|    clip_fraction        | 0.0141       |
|    clip_range           | 0.1          |
|    entropy_loss         | -0.0161      |
|    explained_variance   | 0.941        |
|    learning_rate        | 0.00025      |
|    loss                 | 35.6         |
|    n_updates            | 3360         |
|    policy_gradient_loss | 0.00265      |
|    value_loss           | 95.7         |
------------------------------------------
-------------------------------------------
| rollout/                |               |
|    ep_len_mean          | 471           |
|    ep_rew_mean          | 710           |
| time/                   |               |
|    fps                  | 90            |
|    iterations           | 338           |
|    time_elapsed         | 7611          |
|    total_timesteps      | 692224        |
| train/                  |               |
|    approx_kl            | 2.4165456e-06 |
|    clip_fraction        | 0             |
|    clip_range           | 0.1           |
|    entropy_loss         | -0.00583      |
|    explained_variance   | -1.03         |
|    learning_rate        | 0.00025       |
|    loss                 | 0.173         |
|    n_updates            | 3370          |
|    policy_gradient_loss | -0.0004       |
|    value_loss           | 3.1           |
-------------------------------------------
-----------------------------------------
| rollout/                |             |
|    ep_len_mean          | 492         |
|    ep_rew_mean          | 695         |
| time/                   |             |
|    fps                  | 90          |
|    iterations           | 339         |
|    time_elapsed         | 7632        |
|    total_timesteps      | 694272      |
| train/                  |             |
|    approx_kl            | 0.054125823 |
|    clip_fraction        | 0.131       |
|    clip_range           | 0.1         |
|    entropy_loss         | -0.164      |
|    explained_variance   | 0.995       |
|    learning_rate        | 0.00025     |
|    loss                 | 2.2         |
|    n_updates            | 3380        |
|    policy_gradient_loss | 0.00498     |
|    value_loss           | 6.08        |
-----------------------------------------
-----------------------------------------
| rollout/                |             |
|    ep_len_mean          | 512         |
|    ep_rew_mean          | 680         |
| time/                   |             |
|    fps                  | 90          |
|    iterations           | 340         |
|    time_elapsed         | 7652        |
|    total_timesteps      | 696320      |
| train/                  |             |
|    approx_kl            | 0.018445523 |
|    clip_fraction        | 0.143       |
|    clip_range           | 0.1         |
|    entropy_loss         | -0.285      |
|    explained_variance   | 0.995       |
|    learning_rate        | 0.00025     |
|    loss                 | 1.86        |
|    n_updates            | 3390        |
|    policy_gradient_loss | 0.0105      |
|    value_loss           | 6.65        |
-----------------------------------------
-------------------------------------------
| rollout/                |               |
|    ep_len_mean          | 535           |
|    ep_rew_mean          | 675           |
| time/                   |               |
|    fps                  | 91            |
|    iterations           | 341           |
|    time_elapsed         | 7672          |
|    total_timesteps      | 698368        |
| train/                  |               |
|    approx_kl            | 0.00094782125 |
|    clip_fraction        | 0.0122        |
|    clip_range           | 0.1           |
|    entropy_loss         | -0.0713       |
|    explained_variance   | 0.972         |
|    learning_rate        | 0.00025       |
|    loss                 | 2.72          |
|    n_updates            | 3400          |
|    policy_gradient_loss | 0.000573      |
|    value_loss           | 21.9          |
-------------------------------------------
Eval num_timesteps=700000, episode_reward=-21.00 +/- 0.00
Episode length: 2406.00 +/- 0.00
----------------------------------------
| eval/                   |            |
|    mean_ep_length       | 2.41e+03   |
|    mean_reward          | -21        |
| time/                   |            |
|    total_timesteps      | 700000     |
| train/                  |            |
|    approx_kl            | 0.06520166 |
|    clip_fraction        | 0.237      |
|    clip_range           | 0.1        |
|    entropy_loss         | -0.185     |
|    explained_variance   | 0.979      |
|    learning_rate        | 0.00025    |
|    loss                 | 5.97       |
|    n_updates            | 3410       |
|    policy_gradient_loss | -0.00273   |
|    value_loss           | 40.4       |
----------------------------------------
---------------------------------
| rollout/           |          |
|    ep_len_mean     | 555      |
|    ep_rew_mean     | 664      |
| time/              |          |
|    fps             | 90       |
|    iterations      | 342      |
|    time_elapsed    | 7757     |
|    total_timesteps | 700416   |
---------------------------------
----------------------------------------
| rollout/                |            |
|    ep_len_mean          | 578        |
|    ep_rew_mean          | 663        |
| time/                   |            |
|    fps                  | 90         |
|    iterations           | 343        |
|    time_elapsed         | 7778       |
|    total_timesteps      | 702464     |
| train/                  |            |
|    approx_kl            | 0.19768485 |
|    clip_fraction        | 0.181      |
|    clip_range           | 0.1        |
|    entropy_loss         | -0.258     |
|    explained_variance   | 0.99       |
|    learning_rate        | 0.00025    |
|    loss                 | 1.59       |
|    n_updates            | 3420       |
|    policy_gradient_loss | 0.00553    |
|    value_loss           | 4.99       |
----------------------------------------
-----------------------------------------
| rollout/                |             |
|    ep_len_mean          | 578         |
|    ep_rew_mean          | 663         |
| time/                   |             |
|    fps                  | 90          |
|    iterations           | 344         |
|    time_elapsed         | 7799        |
|    total_timesteps      | 704512      |
| train/                  |             |
|    approx_kl            | 0.017081413 |
|    clip_fraction        | 0.0874      |
|    clip_range           | 0.1         |
|    entropy_loss         | -0.285      |
|    explained_variance   | 0.996       |
|    learning_rate        | 0.00025     |
|    loss                 | 1           |
|    n_updates            | 3430        |
|    policy_gradient_loss | -0.0127     |
|    value_loss           | 2.72        |
-----------------------------------------
-----------------------------------------
| rollout/                |             |
|    ep_len_mean          | 604         |
|    ep_rew_mean          | 660         |
| time/                   |             |
|    fps                  | 90          |
|    iterations           | 345         |
|    time_elapsed         | 7819        |
|    total_timesteps      | 706560      |
| train/                  |             |
|    approx_kl            | 0.015176509 |
|    clip_fraction        | 0.0878      |
|    clip_range           | 0.1         |
|    entropy_loss         | -0.269      |
|    explained_variance   | 0.976       |
|    learning_rate        | 0.00025     |
|    loss                 | 0.289       |
|    n_updates            | 3440        |
|    policy_gradient_loss | 0.00637     |
|    value_loss           | 1.51        |
-----------------------------------------
----------------------------------------
| rollout/                |            |
|    ep_len_mean          | 626        |
|    ep_rew_mean          | 659        |
| time/                   |            |
|    fps                  | 90         |
|    iterations           | 346        |
|    time_elapsed         | 7840       |
|    total_timesteps      | 708608     |
| train/                  |            |
|    approx_kl            | 0.15160778 |
|    clip_fraction        | 0.333      |
|    clip_range           | 0.1        |
|    entropy_loss         | -0.284     |
|    explained_variance   | 0.949      |
|    learning_rate        | 0.00025    |
|    loss                 | 22.3       |
|    n_updates            | 3450       |
|    policy_gradient_loss | -0.0204    |
|    value_loss           | 86.7       |
----------------------------------------
----------------------------------------
| rollout/                |            |
|    ep_len_mean          | 650        |
|    ep_rew_mean          | 662        |
| time/                   |            |
|    fps                  | 90         |
|    iterations           | 347        |
|    time_elapsed         | 7860       |
|    total_timesteps      | 710656     |
| train/                  |            |
|    approx_kl            | 0.12122154 |
|    clip_fraction        | 0.258      |
|    clip_range           | 0.1        |
|    entropy_loss         | -0.416     |
|    explained_variance   | 0.986      |
|    learning_rate        | 0.00025    |
|    loss                 | 13.4       |
|    n_updates            | 3460       |
|    policy_gradient_loss | 0.00231    |
|    value_loss           | 29.6       |
----------------------------------------
-----------------------------------------
| rollout/                |             |
|    ep_len_mean          | 672         |
|    ep_rew_mean          | 656         |
| time/                   |             |
|    fps                  | 90          |
|    iterations           | 348         |
|    time_elapsed         | 7881        |
|    total_timesteps      | 712704      |
| train/                  |             |
|    approx_kl            | 0.026010748 |
|    clip_fraction        | 0.218       |
|    clip_range           | 0.1         |
|    entropy_loss         | -0.477      |
|    explained_variance   | 0.991       |
|    learning_rate        | 0.00025     |
|    loss                 | 9.24        |
|    n_updates            | 3470        |
|    policy_gradient_loss | 0.00547     |
|    value_loss           | 23.4        |
-----------------------------------------
----------------------------------------
| rollout/                |            |
|    ep_len_mean          | 672        |
|    ep_rew_mean          | 656        |
| time/                   |            |
|    fps                  | 90         |
|    iterations           | 349        |
|    time_elapsed         | 7901       |
|    total_timesteps      | 714752     |
| train/                  |            |
|    approx_kl            | 0.47954097 |
|    clip_fraction        | 0.177      |
|    clip_range           | 0.1        |
|    entropy_loss         | -0.168     |
|    explained_variance   | 0.999      |
|    learning_rate        | 0.00025    |
|    loss                 | 0.545      |
|    n_updates            | 3480       |
|    policy_gradient_loss | 0.0221     |
|    value_loss           | 2.11       |
----------------------------------------
----------------------------------------
| rollout/                |            |
|    ep_len_mean          | 694        |
|    ep_rew_mean          | 652        |
| time/                   |            |
|    fps                  | 90         |
|    iterations           | 350        |
|    time_elapsed         | 7922       |
|    total_timesteps      | 716800     |
| train/                  |            |
|    approx_kl            | 0.03799836 |
|    clip_fraction        | 0.109      |
|    clip_range           | 0.1        |
|    entropy_loss         | -0.0864    |
|    explained_variance   | 0.968      |
|    learning_rate        | 0.00025    |
|    loss                 | 8.41       |
|    n_updates            | 3490       |
|    policy_gradient_loss | -0.0196    |
|    value_loss           | 14.5       |
----------------------------------------
-----------------------------------------
| rollout/                |             |
|    ep_len_mean          | 715         |
|    ep_rew_mean          | 640         |
| time/                   |             |
|    fps                  | 90          |
|    iterations           | 351         |
|    time_elapsed         | 7942        |
|    total_timesteps      | 718848      |
| train/                  |             |
|    approx_kl            | 0.007940575 |
|    clip_fraction        | 0.00742     |
|    clip_range           | 0.1         |
|    entropy_loss         | -0.014      |
|    explained_variance   | 0.998       |
|    learning_rate        | 0.00025     |
|    loss                 | 0.939       |
|    n_updates            | 3500        |
|    policy_gradient_loss | 0.00459     |
|    value_loss           | 1.83        |
-----------------------------------------
-----------------------------------------
| rollout/                |             |
|    ep_len_mean          | 735         |
|    ep_rew_mean          | 619         |
| time/                   |             |
|    fps                  | 90          |
|    iterations           | 352         |
|    time_elapsed         | 7963        |
|    total_timesteps      | 720896      |
| train/                  |             |
|    approx_kl            | 0.026796106 |
|    clip_fraction        | 0.0085      |
|    clip_range           | 0.1         |
|    entropy_loss         | -0.0178     |
|    explained_variance   | 0.999       |
|    learning_rate        | 0.00025     |
|    loss                 | 0.27        |
|    n_updates            | 3510        |
|    policy_gradient_loss | 0.00174     |
|    value_loss           | 1.45        |
-----------------------------------------
-----------------------------------------
| rollout/                |             |
|    ep_len_mean          | 756         |
|    ep_rew_mean          | 609         |
| time/                   |             |
|    fps                  | 90          |
|    iterations           | 353         |
|    time_elapsed         | 7983        |
|    total_timesteps      | 722944      |
| train/                  |             |
|    approx_kl            | 0.034909718 |
|    clip_fraction        | 0.124       |
|    clip_range           | 0.1         |
|    entropy_loss         | -0.12       |
|    explained_variance   | 0.984       |
|    learning_rate        | 0.00025     |
|    loss                 | 13.3        |
|    n_updates            | 3520        |
|    policy_gradient_loss | -0.0208     |
|    value_loss           | 36.6        |
-----------------------------------------
------------------------------------------
| rollout/                |              |
|    ep_len_mean          | 778          |
|    ep_rew_mean          | 599          |
| time/                   |              |
|    fps                  | 90           |
|    iterations           | 354          |
|    time_elapsed         | 8004         |
|    total_timesteps      | 724992       |
| train/                  |              |
|    approx_kl            | 0.0076957494 |
|    clip_fraction        | 0.0171       |
|    clip_range           | 0.1          |
|    entropy_loss         | -0.0427      |
|    explained_variance   | 0.993        |
|    learning_rate        | 0.00025      |
|    loss                 | 16.1         |
|    n_updates            | 3530         |
|    policy_gradient_loss | 0.00221      |
|    value_loss           | 23.4         |
------------------------------------------
-----------------------------------------
| rollout/                |             |
|    ep_len_mean          | 778         |
|    ep_rew_mean          | 599         |
| time/                   |             |
|    fps                  | 90          |
|    iterations           | 355         |
|    time_elapsed         | 8024        |
|    total_timesteps      | 727040      |
| train/                  |             |
|    approx_kl            | 0.069094315 |
|    clip_fraction        | 0.111       |
|    clip_range           | 0.1         |
|    entropy_loss         | -0.149      |
|    explained_variance   | 0.997       |
|    learning_rate        | 0.00025     |
|    loss                 | 1.66        |
|    n_updates            | 3540        |
|    policy_gradient_loss | 0.00189     |
|    value_loss           | 2.39        |
-----------------------------------------
------------------------------------------
| rollout/                |              |
|    ep_len_mean          | 801          |
|    ep_rew_mean          | 594          |
| time/                   |              |
|    fps                  | 90           |
|    iterations           | 356          |
|    time_elapsed         | 8045         |
|    total_timesteps      | 729088       |
| train/                  |              |
|    approx_kl            | 0.0037166453 |
|    clip_fraction        | 0.11         |
|    clip_range           | 0.1          |
|    entropy_loss         | -0.296       |
|    explained_variance   | -3.47        |
|    learning_rate        | 0.00025      |
|    loss                 | 0.661        |
|    n_updates            | 3550         |
|    policy_gradient_loss | 0.00624      |
|    value_loss           | 4.55         |
------------------------------------------
----------------------------------------
| rollout/                |            |
|    ep_len_mean          | 823        |
|    ep_rew_mean          | 588        |
| time/                   |            |
|    fps                  | 90         |
|    iterations           | 357        |
|    time_elapsed         | 8065       |
|    total_timesteps      | 731136     |
| train/                  |            |
|    approx_kl            | 0.08830366 |
|    clip_fraction        | 0.128      |
|    clip_range           | 0.1        |
|    entropy_loss         | -0.225     |
|    explained_variance   | 0.973      |
|    learning_rate        | 0.00025    |
|    loss                 | 9.61       |
|    n_updates            | 3560       |
|    policy_gradient_loss | -0.0168    |
|    value_loss           | 16.9       |
----------------------------------------
----------------------------------------
| rollout/                |            |
|    ep_len_mean          | 840        |
|    ep_rew_mean          | 571        |
| time/                   |            |
|    fps                  | 90         |
|    iterations           | 358        |
|    time_elapsed         | 8086       |
|    total_timesteps      | 733184     |
| train/                  |            |
|    approx_kl            | 0.16975655 |
|    clip_fraction        | 0.332      |
|    clip_range           | 0.1        |
|    entropy_loss         | -0.364     |
|    explained_variance   | 0.994      |
|    learning_rate        | 0.00025    |
|    loss                 | 0.5        |
|    n_updates            | 3570       |
|    policy_gradient_loss | 0.0103     |
|    value_loss           | 3.14       |
----------------------------------------
------------------------------------------
| rollout/                |              |
|    ep_len_mean          | 835          |
|    ep_rew_mean          | 569          |
| time/                   |              |
|    fps                  | 90           |
|    iterations           | 359          |
|    time_elapsed         | 8107         |
|    total_timesteps      | 735232       |
| train/                  |              |
|    approx_kl            | 0.0119983135 |
|    clip_fraction        | 0.0819       |
|    clip_range           | 0.1          |
|    entropy_loss         | -0.128       |
|    explained_variance   | 0.902        |
|    learning_rate        | 0.00025      |
|    loss                 | 128          |
|    n_updates            | 3580         |
|    policy_gradient_loss | 0.00698      |
|    value_loss           | 316          |
------------------------------------------
------------------------------------------
| rollout/                |              |
|    ep_len_mean          | 852          |
|    ep_rew_mean          | 536          |
| time/                   |              |
|    fps                  | 90           |
|    iterations           | 360          |
|    time_elapsed         | 8127         |
|    total_timesteps      | 737280       |
| train/                  |              |
|    approx_kl            | 0.0023801585 |
|    clip_fraction        | 0.0296       |
|    clip_range           | 0.1          |
|    entropy_loss         | -0.0588      |
|    explained_variance   | 0.941        |
|    learning_rate        | 0.00025      |
|    loss                 | 35.2         |
|    n_updates            | 3590         |
|    policy_gradient_loss | 0.00197      |
|    value_loss           | 148          |
------------------------------------------
------------------------------------------
| rollout/                |              |
|    ep_len_mean          | 841          |
|    ep_rew_mean          | 486          |
| time/                   |              |
|    fps                  | 90           |
|    iterations           | 361          |
|    time_elapsed         | 8148         |
|    total_timesteps      | 739328       |
| train/                  |              |
|    approx_kl            | 0.0009919517 |
|    clip_fraction        | 0.0227       |
|    clip_range           | 0.1          |
|    entropy_loss         | -0.0298      |
|    explained_variance   | 0.969        |
|    learning_rate        | 0.00025      |
|    loss                 | 13.5         |
|    n_updates            | 3600         |
|    policy_gradient_loss | 0.00198      |
|    value_loss           | 71.3         |
------------------------------------------
------------------------------------------
| rollout/                |              |
|    ep_len_mean          | 679          |
|    ep_rew_mean          | 491          |
| time/                   |              |
|    fps                  | 90           |
|    iterations           | 362          |
|    time_elapsed         | 8168         |
|    total_timesteps      | 741376       |
| train/                  |              |
|    approx_kl            | 0.0054071513 |
|    clip_fraction        | 0.0776       |
|    clip_range           | 0.1          |
|    entropy_loss         | -0.142       |
|    explained_variance   | 0.968        |
|    learning_rate        | 0.00025      |
|    loss                 | 122          |
|    n_updates            | 3610         |
|    policy_gradient_loss | -0.00116     |
|    value_loss           | 402          |
------------------------------------------
------------------------------------------
| rollout/                |              |
|    ep_len_mean          | 330          |
|    ep_rew_mean          | 569          |
| time/                   |              |
|    fps                  | 90           |
|    iterations           | 363          |
|    time_elapsed         | 8189         |
|    total_timesteps      | 743424       |
| train/                  |              |
|    approx_kl            | 0.0027024182 |
|    clip_fraction        | 0.0528       |
|    clip_range           | 0.1          |
|    entropy_loss         | -0.0882      |
|    explained_variance   | 0.996        |
|    learning_rate        | 0.00025      |
|    loss                 | 10.9         |
|    n_updates            | 3620         |
|    policy_gradient_loss | -0.00123     |
|    value_loss           | 32           |
------------------------------------------
------------------------------------------
| rollout/                |              |
|    ep_len_mean          | 229          |
|    ep_rew_mean          | 591          |
| time/                   |              |
|    fps                  | 90           |
|    iterations           | 364          |
|    time_elapsed         | 8209         |
|    total_timesteps      | 745472       |
| train/                  |              |
|    approx_kl            | 0.0045089033 |
|    clip_fraction        | 0.0665       |
|    clip_range           | 0.1          |
|    entropy_loss         | -0.122       |
|    explained_variance   | 0.995        |
|    learning_rate        | 0.00025      |
|    loss                 | 14.8         |
|    n_updates            | 3630         |
|    policy_gradient_loss | 0.000989     |
|    value_loss           | 41.4         |
------------------------------------------
----------------------------------------
| rollout/                |            |
|    ep_len_mean          | 136        |
|    ep_rew_mean          | 609        |
| time/                   |            |
|    fps                  | 90         |
|    iterations           | 365        |
|    time_elapsed         | 8230       |
|    total_timesteps      | 747520     |
| train/                  |            |
|    approx_kl            | 0.20339334 |
|    clip_fraction        | 0.286      |
|    clip_range           | 0.1        |
|    entropy_loss         | -0.382     |
|    explained_variance   | 0.996      |
|    learning_rate        | 0.00025    |
|    loss                 | 4.31       |
|    n_updates            | 3640       |
|    policy_gradient_loss | -0.00334   |
|    value_loss           | 18.8       |
----------------------------------------
----------------------------------------
| rollout/                |            |
|    ep_len_mean          | 157        |
|    ep_rew_mean          | 605        |
| time/                   |            |
|    fps                  | 90         |
|    iterations           | 366        |
|    time_elapsed         | 8250       |
|    total_timesteps      | 749568     |
| train/                  |            |
|    approx_kl            | 0.01095146 |
|    clip_fraction        | 0.0555     |
|    clip_range           | 0.1        |
|    entropy_loss         | -0.22      |
|    explained_variance   | 0.997      |
|    learning_rate        | 0.00025    |
|    loss                 | 8.51       |
|    n_updates            | 3650       |
|    policy_gradient_loss | 0.000447   |
|    value_loss           | 16.5       |
----------------------------------------
-----------------------------------------
| rollout/                |             |
|    ep_len_mean          | 133         |
|    ep_rew_mean          | 608         |
| time/                   |             |
|    fps                  | 90          |
|    iterations           | 367         |
|    time_elapsed         | 8271        |
|    total_timesteps      | 751616      |
| train/                  |             |
|    approx_kl            | 0.012034515 |
|    clip_fraction        | 0.0364      |
|    clip_range           | 0.1         |
|    entropy_loss         | -0.116      |
|    explained_variance   | 0.998       |
|    learning_rate        | 0.00025     |
|    loss                 | 4.39        |
|    n_updates            | 3660        |
|    policy_gradient_loss | 0.00041     |
|    value_loss           | 12.6        |
-----------------------------------------
----------------------------------------
| rollout/                |            |
|    ep_len_mean          | 156        |
|    ep_rew_mean          | 608        |
| time/                   |            |
|    fps                  | 90         |
|    iterations           | 368        |
|    time_elapsed         | 8291       |
|    total_timesteps      | 753664     |
| train/                  |            |
|    approx_kl            | 0.08845499 |
|    clip_fraction        | 0.219      |
|    clip_range           | 0.1        |
|    entropy_loss         | -0.28      |
|    explained_variance   | 0.999      |
|    learning_rate        | 0.00025    |
|    loss                 | 7.3        |
|    n_updates            | 3670       |
|    policy_gradient_loss | 0.0116     |
|    value_loss           | 13.8       |
----------------------------------------
------------------------------------------
| rollout/                |              |
|    ep_len_mean          | 155          |
|    ep_rew_mean          | 609          |
| time/                   |              |
|    fps                  | 90           |
|    iterations           | 369          |
|    time_elapsed         | 8312         |
|    total_timesteps      | 755712       |
| train/                  |              |
|    approx_kl            | 0.0104775075 |
|    clip_fraction        | 0.148        |
|    clip_range           | 0.1          |
|    entropy_loss         | -0.237       |
|    explained_variance   | 0.999        |
|    learning_rate        | 0.00025      |
|    loss                 | 2.61         |
|    n_updates            | 3680         |
|    policy_gradient_loss | -0.00312     |
|    value_loss           | 11           |
------------------------------------------
----------------------------------------
| rollout/                |            |
|    ep_len_mean          | 178        |
|    ep_rew_mean          | 606        |
| time/                   |            |
|    fps                  | 90         |
|    iterations           | 370        |
|    time_elapsed         | 8332       |
|    total_timesteps      | 757760     |
| train/                  |            |
|    approx_kl            | 0.09303491 |
|    clip_fraction        | 0.124      |
|    clip_range           | 0.1        |
|    entropy_loss         | -0.112     |
|    explained_variance   | 0.996      |
|    learning_rate        | 0.00025    |
|    loss                 | 13         |
|    n_updates            | 3690       |
|    policy_gradient_loss | 0.00714    |
|    value_loss           | 46.4       |
----------------------------------------
------------------------------------------
| rollout/                |              |
|    ep_len_mean          | 178          |
|    ep_rew_mean          | 606          |
| time/                   |              |
|    fps                  | 90           |
|    iterations           | 371          |
|    time_elapsed         | 8353         |
|    total_timesteps      | 759808       |
| train/                  |              |
|    approx_kl            | 0.0074470206 |
|    clip_fraction        | 0.00616      |
|    clip_range           | 0.1          |
|    entropy_loss         | -0.0772      |
|    explained_variance   | 0.994        |
|    learning_rate        | 0.00025      |
|    loss                 | 6.38         |
|    n_updates            | 3700         |
|    policy_gradient_loss | 0.000451     |
|    value_loss           | 32.5         |
------------------------------------------
----------------------------------------
| rollout/                |            |
|    ep_len_mean          | 201        |
|    ep_rew_mean          | 602        |
| time/                   |            |
|    fps                  | 90         |
|    iterations           | 372        |
|    time_elapsed         | 8374       |
|    total_timesteps      | 761856     |
| train/                  |            |
|    approx_kl            | 0.13743271 |
|    clip_fraction        | 0.229      |
|    clip_range           | 0.1        |
|    entropy_loss         | -0.279     |
|    explained_variance   | 0.963      |
|    learning_rate        | 0.00025    |
|    loss                 | 0.965      |
|    n_updates            | 3710       |
|    policy_gradient_loss | 0.00801    |
|    value_loss           | 20         |
----------------------------------------
-----------------------------------------
| rollout/                |             |
|    ep_len_mean          | 224         |
|    ep_rew_mean          | 598         |
| time/                   |             |
|    fps                  | 90          |
|    iterations           | 373         |
|    time_elapsed         | 8395        |
|    total_timesteps      | 763904      |
| train/                  |             |
|    approx_kl            | 0.042470314 |
|    clip_fraction        | 0.295       |
|    clip_range           | 0.1         |
|    entropy_loss         | -0.245      |
|    explained_variance   | 0.994       |
|    learning_rate        | 0.00025     |
|    loss                 | 5.43        |
|    n_updates            | 3720        |
|    policy_gradient_loss | 0.00263     |
|    value_loss           | 25.3        |
-----------------------------------------
----------------------------------------
| rollout/                |            |
|    ep_len_mean          | 247        |
|    ep_rew_mean          | 595        |
| time/                   |            |
|    fps                  | 91         |
|    iterations           | 374        |
|    time_elapsed         | 8415       |
|    total_timesteps      | 765952     |
| train/                  |            |
|    approx_kl            | 0.01583616 |
|    clip_fraction        | 0.244      |
|    clip_range           | 0.1        |
|    entropy_loss         | -0.286     |
|    explained_variance   | 0.995      |
|    learning_rate        | 0.00025    |
|    loss                 | 13.1       |
|    n_updates            | 3730       |
|    policy_gradient_loss | 0.00491    |
|    value_loss           | 15.2       |
----------------------------------------
----------------------------------------
| rollout/                |            |
|    ep_len_mean          | 270        |
|    ep_rew_mean          | 591        |
| time/                   |            |
|    fps                  | 91         |
|    iterations           | 375        |
|    time_elapsed         | 8436       |
|    total_timesteps      | 768000     |
| train/                  |            |
|    approx_kl            | 0.33023822 |
|    clip_fraction        | 0.372      |
|    clip_range           | 0.1        |
|    entropy_loss         | -0.0719    |
|    explained_variance   | 0.998      |
|    learning_rate        | 0.00025    |
|    loss                 | 1.69       |
|    n_updates            | 3740       |
|    policy_gradient_loss | 0.0184     |
|    value_loss           | 4.96       |
----------------------------------------
----------------------------------------
| rollout/                |            |
|    ep_len_mean          | 294        |
|    ep_rew_mean          | 588        |
| time/                   |            |
|    fps                  | 91         |
|    iterations           | 376        |
|    time_elapsed         | 8457       |
|    total_timesteps      | 770048     |
| train/                  |            |
|    approx_kl            | 0.20485052 |
|    clip_fraction        | 0.0423     |
|    clip_range           | 0.1        |
|    entropy_loss         | -0.0328    |
|    explained_variance   | 0.999      |
|    learning_rate        | 0.00025    |
|    loss                 | 1.01       |
|    n_updates            | 3750       |
|    policy_gradient_loss | 0.0107     |
|    value_loss           | 4.56       |
----------------------------------------
-------------------------------------------
| rollout/                |               |
|    ep_len_mean          | 294           |
|    ep_rew_mean          | 588           |
| time/                   |               |
|    fps                  | 91            |
|    iterations           | 377           |
|    time_elapsed         | 8478          |
|    total_timesteps      | 772096        |
| train/                  |               |
|    approx_kl            | 0.00096480106 |
|    clip_fraction        | 0.00911       |
|    clip_range           | 0.1           |
|    entropy_loss         | -0.00871      |
|    explained_variance   | 0.994         |
|    learning_rate        | 0.00025       |
|    loss                 | 2.84          |
|    n_updates            | 3760          |
|    policy_gradient_loss | -0.00424      |
|    value_loss           | 8.51          |
-------------------------------------------
-----------------------------------------
| rollout/                |             |
|    ep_len_mean          | 317         |
|    ep_rew_mean          | 584         |
| time/                   |             |
|    fps                  | 91          |
|    iterations           | 378         |
|    time_elapsed         | 8498        |
|    total_timesteps      | 774144      |
| train/                  |             |
|    approx_kl            | 0.094607964 |
|    clip_fraction        | 0.174       |
|    clip_range           | 0.1         |
|    entropy_loss         | -0.2        |
|    explained_variance   | 0.952       |
|    learning_rate        | 0.00025     |
|    loss                 | 3.96        |
|    n_updates            | 3770        |
|    policy_gradient_loss | -0.0192     |
|    value_loss           | 14.3        |
-----------------------------------------
------------------------------------------
| rollout/                |              |
|    ep_len_mean          | 342          |
|    ep_rew_mean          | 581          |
| time/                   |              |
|    fps                  | 91           |
|    iterations           | 379          |
|    time_elapsed         | 8519         |
|    total_timesteps      | 776192       |
| train/                  |              |
|    approx_kl            | 0.0073748752 |
|    clip_fraction        | 0.012        |
|    clip_range           | 0.1          |
|    entropy_loss         | -0.0103      |
|    explained_variance   | 0.999        |
|    learning_rate        | 0.00025      |
|    loss                 | 2.26         |
|    n_updates            | 3780         |
|    policy_gradient_loss | -0.00232     |
|    value_loss           | 4.03         |
------------------------------------------
----------------------------------------
| rollout/                |            |
|    ep_len_mean          | 365        |
|    ep_rew_mean          | 577        |
| time/                   |            |
|    fps                  | 91         |
|    iterations           | 380        |
|    time_elapsed         | 8540       |
|    total_timesteps      | 778240     |
| train/                  |            |
|    approx_kl            | 0.10879609 |
|    clip_fraction        | 0.0458     |
|    clip_range           | 0.1        |
|    entropy_loss         | -0.0449    |
|    explained_variance   | 0.995      |
|    learning_rate        | 0.00025    |
|    loss                 | 3.12       |
|    n_updates            | 3790       |
|    policy_gradient_loss | 0.00291    |
|    value_loss           | 15.2       |
----------------------------------------
------------------------------------------
| rollout/                |              |
|    ep_len_mean          | 388          |
|    ep_rew_mean          | 571          |
| time/                   |              |
|    fps                  | 91           |
|    iterations           | 381          |
|    time_elapsed         | 8560         |
|    total_timesteps      | 780288       |
| train/                  |              |
|    approx_kl            | 0.0016272806 |
|    clip_fraction        | 0.0104       |
|    clip_range           | 0.1          |
|    entropy_loss         | -0.00916     |
|    explained_variance   | 0.97         |
|    learning_rate        | 0.00025      |
|    loss                 | 1.61         |
|    n_updates            | 3800         |
|    policy_gradient_loss | 0.00177      |
|    value_loss           | 28.2         |
------------------------------------------
------------------------------------------
| rollout/                |              |
|    ep_len_mean          | 411          |
|    ep_rew_mean          | 565          |
| time/                   |              |
|    fps                  | 91           |
|    iterations           | 382          |
|    time_elapsed         | 8580         |
|    total_timesteps      | 782336       |
| train/                  |              |
|    approx_kl            | 0.0019931085 |
|    clip_fraction        | 0.00499      |
|    clip_range           | 0.1          |
|    entropy_loss         | -0.00874     |
|    explained_variance   | 0.923        |
|    learning_rate        | 0.00025      |
|    loss                 | 75.2         |
|    n_updates            | 3810         |
|    policy_gradient_loss | -0.0005      |
|    value_loss           | 146          |
------------------------------------------
------------------------------------------
| rollout/                |              |
|    ep_len_mean          | 411          |
|    ep_rew_mean          | 565          |
| time/                   |              |
|    fps                  | 91           |
|    iterations           | 383          |
|    time_elapsed         | 8601         |
|    total_timesteps      | 784384       |
| train/                  |              |
|    approx_kl            | 0.0005480552 |
|    clip_fraction        | 0.00566      |
|    clip_range           | 0.1          |
|    entropy_loss         | -0.0077      |
|    explained_variance   | 0.916        |
|    learning_rate        | 0.00025      |
|    loss                 | 30           |
|    n_updates            | 3820         |
|    policy_gradient_loss | 0.00414      |
|    value_loss           | 105          |
------------------------------------------
--------------------------------------------
| rollout/                |                |
|    ep_len_mean          | 434            |
|    ep_rew_mean          | 561            |
| time/                   |                |
|    fps                  | 91             |
|    iterations           | 384            |
|    time_elapsed         | 8622           |
|    total_timesteps      | 786432         |
| train/                  |                |
|    approx_kl            | 0.000105888925 |
|    clip_fraction        | 0.00483        |
|    clip_range           | 0.1            |
|    entropy_loss         | -0.0104        |
|    explained_variance   | 0.987          |
|    learning_rate        | 0.00025        |
|    loss                 | 1.71           |
|    n_updates            | 3830           |
|    policy_gradient_loss | -0.000637      |
|    value_loss           | 4.65           |
--------------------------------------------
------------------------------------------
| rollout/                |              |
|    ep_len_mean          | 457          |
|    ep_rew_mean          | 555          |
| time/                   |              |
|    fps                  | 91           |
|    iterations           | 385          |
|    time_elapsed         | 8642         |
|    total_timesteps      | 788480       |
| train/                  |              |
|    approx_kl            | 0.0015282054 |
|    clip_fraction        | 0.00572      |
|    clip_range           | 0.1          |
|    entropy_loss         | -0.00998     |
|    explained_variance   | 0.967        |
|    learning_rate        | 0.00025      |
|    loss                 | 14.3         |
|    n_updates            | 3840         |
|    policy_gradient_loss | 0.000568     |
|    value_loss           | 63.3         |
------------------------------------------
------------------------------------------
| rollout/                |              |
|    ep_len_mean          | 482          |
|    ep_rew_mean          | 548          |
| time/                   |              |
|    fps                  | 91           |
|    iterations           | 386          |
|    time_elapsed         | 8662         |
|    total_timesteps      | 790528       |
| train/                  |              |
|    approx_kl            | 0.0004093679 |
|    clip_fraction        | 0.00215      |
|    clip_range           | 0.1          |
|    entropy_loss         | -0.00262     |
|    explained_variance   | 0.957        |
|    learning_rate        | 0.00025      |
|    loss                 | 4.52         |
|    n_updates            | 3850         |
|    policy_gradient_loss | -0.000401    |
|    value_loss           | 70.7         |
------------------------------------------
------------------------------------------
| rollout/                |              |
|    ep_len_mean          | 506          |
|    ep_rew_mean          | 542          |
| time/                   |              |
|    fps                  | 91           |
|    iterations           | 387          |
|    time_elapsed         | 8682         |
|    total_timesteps      | 792576       |
| train/                  |              |
|    approx_kl            | 0.0021073348 |
|    clip_fraction        | 0.00973      |
|    clip_range           | 0.1          |
|    entropy_loss         | -0.0211      |
|    explained_variance   | 0.97         |
|    learning_rate        | 0.00025      |
|    loss                 | 45.6         |
|    n_updates            | 3860         |
|    policy_gradient_loss | 2.18e-05     |
|    value_loss           | 121          |
------------------------------------------
------------------------------------------
| rollout/                |              |
|    ep_len_mean          | 506          |
|    ep_rew_mean          | 542          |
| time/                   |              |
|    fps                  | 91           |
|    iterations           | 388          |
|    time_elapsed         | 8703         |
|    total_timesteps      | 794624       |
| train/                  |              |
|    approx_kl            | 0.0010133061 |
|    clip_fraction        | 0.0101       |
|    clip_range           | 0.1          |
|    entropy_loss         | -0.0172      |
|    explained_variance   | 0.979        |
|    learning_rate        | 0.00025      |
|    loss                 | 10.3         |
|    n_updates            | 3870         |
|    policy_gradient_loss | 0.000486     |
|    value_loss           | 51.4         |
------------------------------------------
-----------------------------------------
| rollout/                |             |
|    ep_len_mean          | 530         |
|    ep_rew_mean          | 536         |
| time/                   |             |
|    fps                  | 91          |
|    iterations           | 389         |
|    time_elapsed         | 8723        |
|    total_timesteps      | 796672      |
| train/                  |             |
|    approx_kl            | 0.013235506 |
|    clip_fraction        | 0.004       |
|    clip_range           | 0.1         |
|    entropy_loss         | -0.00316    |
|    explained_variance   | 0.991       |
|    learning_rate        | 0.00025     |
|    loss                 | 0.835       |
|    n_updates            | 3880        |
|    policy_gradient_loss | -0.00215    |
|    value_loss           | 13.2        |
-----------------------------------------
-----------------------------------------
| rollout/                |             |
|    ep_len_mean          | 553         |
|    ep_rew_mean          | 526         |
| time/                   |             |
|    fps                  | 91          |
|    iterations           | 390         |
|    time_elapsed         | 8743        |
|    total_timesteps      | 798720      |
| train/                  |             |
|    approx_kl            | 0.007560989 |
|    clip_fraction        | 0.0528      |
|    clip_range           | 0.1         |
|    entropy_loss         | -0.055      |
|    explained_variance   | 0.962       |
|    learning_rate        | 0.00025     |
|    loss                 | 21.1        |
|    n_updates            | 3890        |
|    policy_gradient_loss | -0.00174    |
|    value_loss           | 255         |
-----------------------------------------
Eval num_timesteps=800000, episode_reward=-415.00 +/- 0.00
Episode length: 2406.00 +/- 0.00
-------------------------------------------
| eval/                   |               |
|    mean_ep_length       | 2.41e+03      |
|    mean_reward          | -415          |
| time/                   |               |
|    total_timesteps      | 800000        |
| train/                  |               |
|    approx_kl            | 2.5249825e-08 |
|    clip_fraction        | 0             |
|    clip_range           | 0.1           |
|    entropy_loss         | -0.000366     |
|    explained_variance   | 0.126         |
|    learning_rate        | 0.00025       |
|    loss                 | 27.3          |
|    n_updates            | 3900          |
|    policy_gradient_loss | 2.47e-06      |
|    value_loss           | 455           |
-------------------------------------------
---------------------------------
| rollout/           |          |
|    ep_len_mean     | 576      |
|    ep_rew_mean     | 515      |
| time/              |          |
|    fps             | 90       |
|    iterations      | 391      |
|    time_elapsed    | 8826     |
|    total_timesteps | 800768   |
---------------------------------
-------------------------------------------
| rollout/                |               |
|    ep_len_mean          | 599           |
|    ep_rew_mean          | 505           |
| time/                   |               |
|    fps                  | 90            |
|    iterations           | 392           |
|    time_elapsed         | 8847          |
|    total_timesteps      | 802816        |
| train/                  |               |
|    approx_kl            | 1.8279913e-08 |
|    clip_fraction        | 0             |
|    clip_range           | 0.1           |
|    entropy_loss         | -0.00162      |
|    explained_variance   | -0.000477     |
|    learning_rate        | 0.00025       |
|    loss                 | 139           |
|    n_updates            | 3910          |
|    policy_gradient_loss | 5.14e-09      |
|    value_loss           | 414           |
-------------------------------------------
-------------------------------------------
| rollout/                |               |
|    ep_len_mean          | 622           |
|    ep_rew_mean          | 495           |
| time/                   |               |
|    fps                  | 90            |
|    iterations           | 393           |
|    time_elapsed         | 8867          |
|    total_timesteps      | 804864        |
| train/                  |               |
|    approx_kl            | 1.1690813e-06 |
|    clip_fraction        | 0             |
|    clip_range           | 0.1           |
|    entropy_loss         | -0.0085       |
|    explained_variance   | -0.000881     |
|    learning_rate        | 0.00025       |
|    loss                 | 16.3          |
|    n_updates            | 3920          |
|    policy_gradient_loss | -5.92e-07     |
|    value_loss           | 211           |
-------------------------------------------
-----------------------------------------
| rollout/                |             |
|    ep_len_mean          | 640         |
|    ep_rew_mean          | 492         |
| time/                   |             |
|    fps                  | 90          |
|    iterations           | 394         |
|    time_elapsed         | 8887        |
|    total_timesteps      | 806912      |
| train/                  |             |
|    approx_kl            | 0.020940641 |
|    clip_fraction        | 0.00195     |
|    clip_range           | 0.1         |
|    entropy_loss         | -0.0614     |
|    explained_variance   | 0.309       |
|    learning_rate        | 0.00025     |
|    loss                 | 53.3        |
|    n_updates            | 3930        |
|    policy_gradient_loss | 0.000516    |
|    value_loss           | 134         |
-----------------------------------------
----------------------------------------
| rollout/                |            |
|    ep_len_mean          | 648        |
|    ep_rew_mean          | 471        |
| time/                   |            |
|    fps                  | 90         |
|    iterations           | 395        |
|    time_elapsed         | 8907       |
|    total_timesteps      | 808960     |
| train/                  |            |
|    approx_kl            | 0.01693455 |
|    clip_fraction        | 0.137      |
|    clip_range           | 0.1        |
|    entropy_loss         | -0.151     |
|    explained_variance   | -0.0764    |
|    learning_rate        | 0.00025    |
|    loss                 | 15         |
|    n_updates            | 3940       |
|    policy_gradient_loss | 0.000394   |
|    value_loss           | 87.7       |
----------------------------------------
-----------------------------------------
| rollout/                |             |
|    ep_len_mean          | 671         |
|    ep_rew_mean          | 465         |
| time/                   |             |
|    fps                  | 90          |
|    iterations           | 396         |
|    time_elapsed         | 8927        |
|    total_timesteps      | 811008      |
| train/                  |             |
|    approx_kl            | 0.013372779 |
|    clip_fraction        | 0.0546      |
|    clip_range           | 0.1         |
|    entropy_loss         | -0.145      |
|    explained_variance   | 0.742       |
|    learning_rate        | 0.00025     |
|    loss                 | 195         |
|    n_updates            | 3950        |
|    policy_gradient_loss | 0.00253     |
|    value_loss           | 513         |
-----------------------------------------
----------------------------------------
| rollout/                |            |
|    ep_len_mean          | 663        |
|    ep_rew_mean          | 466        |
| time/                   |            |
|    fps                  | 90         |
|    iterations           | 397        |
|    time_elapsed         | 8947       |
|    total_timesteps      | 813056     |
| train/                  |            |
|    approx_kl            | 0.18213217 |
|    clip_fraction        | 0.315      |
|    clip_range           | 0.1        |
|    entropy_loss         | -0.26      |
|    explained_variance   | 0.739      |
|    learning_rate        | 0.00025    |
|    loss                 | 26.6       |
|    n_updates            | 3960       |
|    policy_gradient_loss | 0.00356    |
|    value_loss           | 72.6       |
----------------------------------------
----------------------------------------
| rollout/                |            |
|    ep_len_mean          | 684        |
|    ep_rew_mean          | 463        |
| time/                   |            |
|    fps                  | 90         |
|    iterations           | 398        |
|    time_elapsed         | 8968       |
|    total_timesteps      | 815104     |
| train/                  |            |
|    approx_kl            | 0.14523311 |
|    clip_fraction        | 0.366      |
|    clip_range           | 0.1        |
|    entropy_loss         | -0.351     |
|    explained_variance   | 0.263      |
|    learning_rate        | 0.00025    |
|    loss                 | 34.2       |
|    n_updates            | 3970       |
|    policy_gradient_loss | 0.00414    |
|    value_loss           | 148        |
----------------------------------------
-----------------------------------------
| rollout/                |             |
|    ep_len_mean          | 708         |
|    ep_rew_mean          | 460         |
| time/                   |             |
|    fps                  | 90          |
|    iterations           | 399         |
|    time_elapsed         | 8989        |
|    total_timesteps      | 817152      |
| train/                  |             |
|    approx_kl            | 0.046365216 |
|    clip_fraction        | 0.196       |
|    clip_range           | 0.1         |
|    entropy_loss         | -0.227      |
|    explained_variance   | 0.89        |
|    learning_rate        | 0.00025     |
|    loss                 | 27.5        |
|    n_updates            | 3980        |
|    policy_gradient_loss | 0.00908     |
|    value_loss           | 116         |
-----------------------------------------
-----------------------------------------
| rollout/                |             |
|    ep_len_mean          | 731         |
|    ep_rew_mean          | 456         |
| time/                   |             |
|    fps                  | 90          |
|    iterations           | 400         |
|    time_elapsed         | 9009        |
|    total_timesteps      | 819200      |
| train/                  |             |
|    approx_kl            | 0.029716747 |
|    clip_fraction        | 0.44        |
|    clip_range           | 0.1         |
|    entropy_loss         | -0.523      |
|    explained_variance   | 0.96        |
|    learning_rate        | 0.00025     |
|    loss                 | 4.13        |
|    n_updates            | 3990        |
|    policy_gradient_loss | 0.00285     |
|    value_loss           | 26.8        |
-----------------------------------------
----------------------------------------
| rollout/                |            |
|    ep_len_mean          | 754        |
|    ep_rew_mean          | 454        |
| time/                   |            |
|    fps                  | 90         |
|    iterations           | 401        |
|    time_elapsed         | 9030       |
|    total_timesteps      | 821248     |
| train/                  |            |
|    approx_kl            | 0.11003461 |
|    clip_fraction        | 0.573      |
|    clip_range           | 0.1        |
|    entropy_loss         | -0.629     |
|    explained_variance   | 0.916      |
|    learning_rate        | 0.00025    |
|    loss                 | 49.2       |
|    n_updates            | 4000       |
|    policy_gradient_loss | 0.0334     |
|    value_loss           | 231        |
----------------------------------------
-----------------------------------------
| rollout/                |             |
|    ep_len_mean          | 777         |
|    ep_rew_mean          | 447         |
| time/                   |             |
|    fps                  | 90          |
|    iterations           | 402         |
|    time_elapsed         | 9050        |
|    total_timesteps      | 823296      |
| train/                  |             |
|    approx_kl            | 0.023612041 |
|    clip_fraction        | 0.273       |
|    clip_range           | 0.1         |
|    entropy_loss         | -0.352      |
|    explained_variance   | 0.905       |
|    learning_rate        | 0.00025     |
|    loss                 | 79.6        |
|    n_updates            | 4010        |
|    policy_gradient_loss | 0.00853     |
|    value_loss           | 301         |
-----------------------------------------
----------------------------------------
| rollout/                |            |
|    ep_len_mean          | 783        |
|    ep_rew_mean          | 448        |
| time/                   |            |
|    fps                  | 90         |
|    iterations           | 403        |
|    time_elapsed         | 9071       |
|    total_timesteps      | 825344     |
| train/                  |            |
|    approx_kl            | 0.06500616 |
|    clip_fraction        | 0.275      |
|    clip_range           | 0.1        |
|    entropy_loss         | -0.681     |
|    explained_variance   | 0.935      |
|    learning_rate        | 0.00025    |
|    loss                 | 75.3       |
|    n_updates            | 4020       |
|    policy_gradient_loss | 0.00287    |
|    value_loss           | 230        |
----------------------------------------
----------------------------------------
| rollout/                |            |
|    ep_len_mean          | 807        |
|    ep_rew_mean          | 444        |
| time/                   |            |
|    fps                  | 91         |
|    iterations           | 404        |
|    time_elapsed         | 9092       |
|    total_timesteps      | 827392     |
| train/                  |            |
|    approx_kl            | 0.03303497 |
|    clip_fraction        | 0.179      |
|    clip_range           | 0.1        |
|    entropy_loss         | -0.358     |
|    explained_variance   | 0.899      |
|    learning_rate        | 0.00025    |
|    loss                 | 99.5       |
|    n_updates            | 4030       |
|    policy_gradient_loss | 0.00812    |
|    value_loss           | 485        |
----------------------------------------
-----------------------------------------
| rollout/                |             |
|    ep_len_mean          | 830         |
|    ep_rew_mean          | 443         |
| time/                   |             |
|    fps                  | 91          |
|    iterations           | 405         |
|    time_elapsed         | 9112        |
|    total_timesteps      | 829440      |
| train/                  |             |
|    approx_kl            | 0.055655114 |
|    clip_fraction        | 0.467       |
|    clip_range           | 0.1         |
|    entropy_loss         | -0.615      |
|    explained_variance   | 0.91        |
|    learning_rate        | 0.00025     |
|    loss                 | 48.1        |
|    n_updates            | 4040        |
|    policy_gradient_loss | 0.0319      |
|    value_loss           | 256         |
-----------------------------------------
----------------------------------------
| rollout/                |            |
|    ep_len_mean          | 823        |
|    ep_rew_mean          | 496        |
| time/                   |            |
|    fps                  | 91         |
|    iterations           | 406        |
|    time_elapsed         | 9132       |
|    total_timesteps      | 831488     |
| train/                  |            |
|    approx_kl            | 0.36949438 |
|    clip_fraction        | 0.386      |
|    clip_range           | 0.1        |
|    entropy_loss         | -0.429     |
|    explained_variance   | 0.83       |
|    learning_rate        | 0.00025    |
|    loss                 | 33         |
|    n_updates            | 4050       |
|    policy_gradient_loss | 0.00549    |
|    value_loss           | 174        |
----------------------------------------
-----------------------------------------
| rollout/                |             |
|    ep_len_mean          | 834         |
|    ep_rew_mean          | 542         |
| time/                   |             |
|    fps                  | 91          |
|    iterations           | 407         |
|    time_elapsed         | 9153        |
|    total_timesteps      | 833536      |
| train/                  |             |
|    approx_kl            | 0.050805178 |
|    clip_fraction        | 0.328       |
|    clip_range           | 0.1         |
|    entropy_loss         | -0.353      |
|    explained_variance   | 0.644       |
|    learning_rate        | 0.00025     |
|    loss                 | 754         |
|    n_updates            | 4060        |
|    policy_gradient_loss | 0.0187      |
|    value_loss           | 2.5e+03     |
-----------------------------------------
-----------------------------------------
| rollout/                |             |
|    ep_len_mean          | 825         |
|    ep_rew_mean          | 576         |
| time/                   |             |
|    fps                  | 91          |
|    iterations           | 408         |
|    time_elapsed         | 9173        |
|    total_timesteps      | 835584      |
| train/                  |             |
|    approx_kl            | 0.051161826 |
|    clip_fraction        | 0.24        |
|    clip_range           | 0.1         |
|    entropy_loss         | -0.342      |
|    explained_variance   | 0.716       |
|    learning_rate        | 0.00025     |
|    loss                 | 983         |
|    n_updates            | 4070        |
|    policy_gradient_loss | 0.0151      |
|    value_loss           | 3.03e+03    |
-----------------------------------------
-----------------------------------------
| rollout/                |             |
|    ep_len_mean          | 837         |
|    ep_rew_mean          | 627         |
| time/                   |             |
|    fps                  | 91          |
|    iterations           | 409         |
|    time_elapsed         | 9194        |
|    total_timesteps      | 837632      |
| train/                  |             |
|    approx_kl            | 0.022348572 |
|    clip_fraction        | 0.264       |
|    clip_range           | 0.1         |
|    entropy_loss         | -0.358      |
|    explained_variance   | 0.857       |
|    learning_rate        | 0.00025     |
|    loss                 | 624         |
|    n_updates            | 4080        |
|    policy_gradient_loss | 0.0151      |
|    value_loss           | 1.36e+03    |
-----------------------------------------
-----------------------------------------
| rollout/                |             |
|    ep_len_mean          | 843         |
|    ep_rew_mean          | 682         |
| time/                   |             |
|    fps                  | 91          |
|    iterations           | 410         |
|    time_elapsed         | 9214        |
|    total_timesteps      | 839680      |
| train/                  |             |
|    approx_kl            | 0.047448438 |
|    clip_fraction        | 0.269       |
|    clip_range           | 0.1         |
|    entropy_loss         | -0.272      |
|    explained_variance   | 0.714       |
|    learning_rate        | 0.00025     |
|    loss                 | 1.16e+03    |
|    n_updates            | 4090        |
|    policy_gradient_loss | 0.0323      |
|    value_loss           | 2.61e+03    |
-----------------------------------------
----------------------------------------
| rollout/                |            |
|    ep_len_mean          | 869        |
|    ep_rew_mean          | 705        |
| time/                   |            |
|    fps                  | 91         |
|    iterations           | 411        |
|    time_elapsed         | 9235       |
|    total_timesteps      | 841728     |
| train/                  |            |
|    approx_kl            | 0.03466041 |
|    clip_fraction        | 0.328      |
|    clip_range           | 0.1        |
|    entropy_loss         | -0.344     |
|    explained_variance   | 0.846      |
|    learning_rate        | 0.00025    |
|    loss                 | 453        |
|    n_updates            | 4100       |
|    policy_gradient_loss | 0.0232     |
|    value_loss           | 1.65e+03   |
----------------------------------------
---------------------------------------
| rollout/                |           |
|    ep_len_mean          | 855       |
|    ep_rew_mean          | 772       |
| time/                   |           |
|    fps                  | 91        |
|    iterations           | 412       |
|    time_elapsed         | 9256      |
|    total_timesteps      | 843776    |
| train/                  |           |
|    approx_kl            | 0.7937777 |
|    clip_fraction        | 0.536     |
|    clip_range           | 0.1       |
|    entropy_loss         | -0.521    |
|    explained_variance   | 0.946     |
|    learning_rate        | 0.00025   |
|    loss                 | 187       |
|    n_updates            | 4110      |
|    policy_gradient_loss | 0.0403    |
|    value_loss           | 515       |
---------------------------------------
-----------------------------------------
| rollout/                |             |
|    ep_len_mean          | 777         |
|    ep_rew_mean          | 839         |
| time/                   |             |
|    fps                  | 91          |
|    iterations           | 413         |
|    time_elapsed         | 9276        |
|    total_timesteps      | 845824      |
| train/                  |             |
|    approx_kl            | 0.062626176 |
|    clip_fraction        | 0.146       |
|    clip_range           | 0.1         |
|    entropy_loss         | -0.101      |
|    explained_variance   | 0.869       |
|    learning_rate        | 0.00025     |
|    loss                 | 903         |
|    n_updates            | 4120        |
|    policy_gradient_loss | 0.0257      |
|    value_loss           | 1.88e+03    |
-----------------------------------------
-----------------------------------------
| rollout/                |             |
|    ep_len_mean          | 726         |
|    ep_rew_mean          | 895         |
| time/                   |             |
|    fps                  | 91          |
|    iterations           | 414         |
|    time_elapsed         | 9297        |
|    total_timesteps      | 847872      |
| train/                  |             |
|    approx_kl            | 0.020619463 |
|    clip_fraction        | 0.134       |
|    clip_range           | 0.1         |
|    entropy_loss         | -0.139      |
|    explained_variance   | 0.924       |
|    learning_rate        | 0.00025     |
|    loss                 | 204         |
|    n_updates            | 4130        |
|    policy_gradient_loss | 0.0144      |
|    value_loss           | 814         |
-----------------------------------------
-----------------------------------------
| rollout/                |             |
|    ep_len_mean          | 575         |
|    ep_rew_mean          | 1.04e+03    |
| time/                   |             |
|    fps                  | 91          |
|    iterations           | 415         |
|    time_elapsed         | 9317        |
|    total_timesteps      | 849920      |
| train/                  |             |
|    approx_kl            | 0.044363856 |
|    clip_fraction        | 0.101       |
|    clip_range           | 0.1         |
|    entropy_loss         | -0.101      |
|    explained_variance   | 0.933       |
|    learning_rate        | 0.00025     |
|    loss                 | 326         |
|    n_updates            | 4140        |
|    policy_gradient_loss | 0.00791     |
|    value_loss           | 1.13e+03    |
-----------------------------------------
---------------------------------------
| rollout/                |           |
|    ep_len_mean          | 497       |
|    ep_rew_mean          | 1.13e+03  |
| time/                   |           |
|    fps                  | 91        |
|    iterations           | 416       |
|    time_elapsed         | 9338      |
|    total_timesteps      | 851968    |
| train/                  |           |
|    approx_kl            | 0.0368791 |
|    clip_fraction        | 0.109     |
|    clip_range           | 0.1       |
|    entropy_loss         | -0.103    |
|    explained_variance   | 0.91      |
|    learning_rate        | 0.00025   |
|    loss                 | 500       |
|    n_updates            | 4150      |
|    policy_gradient_loss | 0.000126  |
|    value_loss           | 1.13e+03  |
---------------------------------------
-----------------------------------------
| rollout/                |             |
|    ep_len_mean          | 436         |
|    ep_rew_mean          | 1.26e+03    |
| time/                   |             |
|    fps                  | 91          |
|    iterations           | 417         |
|    time_elapsed         | 9359        |
|    total_timesteps      | 854016      |
| train/                  |             |
|    approx_kl            | 0.032322355 |
|    clip_fraction        | 0.141       |
|    clip_range           | 0.1         |
|    entropy_loss         | -0.182      |
|    explained_variance   | 0.913       |
|    learning_rate        | 0.00025     |
|    loss                 | 327         |
|    n_updates            | 4160        |
|    policy_gradient_loss | 0.0103      |
|    value_loss           | 1.2e+03     |
-----------------------------------------
----------------------------------------
| rollout/                |            |
|    ep_len_mean          | 429        |
|    ep_rew_mean          | 1.26e+03   |
| time/                   |            |
|    fps                  | 91         |
|    iterations           | 418        |
|    time_elapsed         | 9379       |
|    total_timesteps      | 856064     |
| train/                  |            |
|    approx_kl            | 0.08998809 |
|    clip_fraction        | 0.151      |
|    clip_range           | 0.1        |
|    entropy_loss         | -0.0972    |
|    explained_variance   | 0.889      |
|    learning_rate        | 0.00025    |
|    loss                 | 627        |
|    n_updates            | 4170       |
|    policy_gradient_loss | 0.0211     |
|    value_loss           | 1.81e+03   |
----------------------------------------
-----------------------------------------
| rollout/                |             |
|    ep_len_mean          | 348         |
|    ep_rew_mean          | 1.35e+03    |
| time/                   |             |
|    fps                  | 91          |
|    iterations           | 419         |
|    time_elapsed         | 9400        |
|    total_timesteps      | 858112      |
| train/                  |             |
|    approx_kl            | 0.002322875 |
|    clip_fraction        | 0.0078      |
|    clip_range           | 0.1         |
|    entropy_loss         | -0.0104     |
|    explained_variance   | 0.8         |
|    learning_rate        | 0.00025     |
|    loss                 | 47.8        |
|    n_updates            | 4180        |
|    policy_gradient_loss | 0.00202     |
|    value_loss           | 440         |
-----------------------------------------
----------------------------------------
| rollout/                |            |
|    ep_len_mean          | 348        |
|    ep_rew_mean          | 1.36e+03   |
| time/                   |            |
|    fps                  | 91         |
|    iterations           | 420        |
|    time_elapsed         | 9420       |
|    total_timesteps      | 860160     |
| train/                  |            |
|    approx_kl            | 0.02781267 |
|    clip_fraction        | 0.0887     |
|    clip_range           | 0.1        |
|    entropy_loss         | -0.0901    |
|    explained_variance   | 0.85       |
|    learning_rate        | 0.00025    |
|    loss                 | 384        |
|    n_updates            | 4190       |
|    policy_gradient_loss | 0.00754    |
|    value_loss           | 1.12e+03   |
----------------------------------------
------------------------------------------
| rollout/                |              |
|    ep_len_mean          | 317          |
|    ep_rew_mean          | 1.4e+03      |
| time/                   |              |
|    fps                  | 91           |
|    iterations           | 421          |
|    time_elapsed         | 9440         |
|    total_timesteps      | 862208       |
| train/                  |              |
|    approx_kl            | 0.0074536325 |
|    clip_fraction        | 0.0941       |
|    clip_range           | 0.1          |
|    entropy_loss         | -0.169       |
|    explained_variance   | 0.915        |
|    learning_rate        | 0.00025      |
|    loss                 | 60.7         |
|    n_updates            | 4200         |
|    policy_gradient_loss | 0.0069       |
|    value_loss           | 255          |
------------------------------------------
----------------------------------------
| rollout/                |            |
|    ep_len_mean          | 316        |
|    ep_rew_mean          | 1.4e+03    |
| time/                   |            |
|    fps                  | 91         |
|    iterations           | 422        |
|    time_elapsed         | 9461       |
|    total_timesteps      | 864256     |
| train/                  |            |
|    approx_kl            | 0.12804314 |
|    clip_fraction        | 0.144      |
|    clip_range           | 0.1        |
|    entropy_loss         | -0.0963    |
|    explained_variance   | 0.894      |
|    learning_rate        | 0.00025    |
|    loss                 | 383        |
|    n_updates            | 4210       |
|    policy_gradient_loss | 0.0218     |
|    value_loss           | 1.29e+03   |
----------------------------------------
-----------------------------------------
| rollout/                |             |
|    ep_len_mean          | 339         |
|    ep_rew_mean          | 1.42e+03    |
| time/                   |             |
|    fps                  | 91          |
|    iterations           | 423         |
|    time_elapsed         | 9481        |
|    total_timesteps      | 866304      |
| train/                  |             |
|    approx_kl            | 0.009083207 |
|    clip_fraction        | 0.00763     |
|    clip_range           | 0.1         |
|    entropy_loss         | -0.00724    |
|    explained_variance   | 0.87        |
|    learning_rate        | 0.00025     |
|    loss                 | 28.7        |
|    n_updates            | 4220        |
|    policy_gradient_loss | 0.00212     |
|    value_loss           | 146         |
-----------------------------------------
-----------------------------------------
| rollout/                |             |
|    ep_len_mean          | 339         |
|    ep_rew_mean          | 1.42e+03    |
| time/                   |             |
|    fps                  | 91          |
|    iterations           | 424         |
|    time_elapsed         | 9502        |
|    total_timesteps      | 868352      |
| train/                  |             |
|    approx_kl            | 0.057823505 |
|    clip_fraction        | 0.157       |
|    clip_range           | 0.1         |
|    entropy_loss         | -0.113      |
|    explained_variance   | 0.775       |
|    learning_rate        | 0.00025     |
|    loss                 | 462         |
|    n_updates            | 4230        |
|    policy_gradient_loss | 0.0257      |
|    value_loss           | 1.52e+03    |
-----------------------------------------
---------------------------------------
| rollout/                |           |
|    ep_len_mean          | 361       |
|    ep_rew_mean          | 1.4e+03   |
| time/                   |           |
|    fps                  | 91        |
|    iterations           | 425       |
|    time_elapsed         | 9522      |
|    total_timesteps      | 870400    |
| train/                  |           |
|    approx_kl            | 1.2762045 |
|    clip_fraction        | 0.543     |
|    clip_range           | 0.1       |
|    entropy_loss         | -0.178    |
|    explained_variance   | 0.765     |
|    learning_rate        | 0.00025   |
|    loss                 | 50.8      |
|    n_updates            | 4240      |
|    policy_gradient_loss | 0.132     |
|    value_loss           | 274       |
---------------------------------------
----------------------------------------
| rollout/                |            |
|    ep_len_mean          | 384        |
|    ep_rew_mean          | 1.4e+03    |
| time/                   |            |
|    fps                  | 91         |
|    iterations           | 426        |
|    time_elapsed         | 9542       |
|    total_timesteps      | 872448     |
| train/                  |            |
|    approx_kl            | 0.00404016 |
|    clip_fraction        | 0.00899    |
|    clip_range           | 0.1        |
|    entropy_loss         | -0.00785   |
|    explained_variance   | 0.955      |
|    learning_rate        | 0.00025    |
|    loss                 | 98.5       |
|    n_updates            | 4250       |
|    policy_gradient_loss | 0.00164    |
|    value_loss           | 572        |
----------------------------------------
-----------------------------------------
| rollout/                |             |
|    ep_len_mean          | 396         |
|    ep_rew_mean          | 1.41e+03    |
| time/                   |             |
|    fps                  | 91          |
|    iterations           | 427         |
|    time_elapsed         | 9563        |
|    total_timesteps      | 874496      |
| train/                  |             |
|    approx_kl            | 0.026208835 |
|    clip_fraction        | 0.0791      |
|    clip_range           | 0.1         |
|    entropy_loss         | -0.09       |
|    explained_variance   | 0.106       |
|    learning_rate        | 0.00025     |
|    loss                 | 727         |
|    n_updates            | 4260        |
|    policy_gradient_loss | 0.01        |
|    value_loss           | 1.6e+03     |
-----------------------------------------
-----------------------------------------
| rollout/                |             |
|    ep_len_mean          | 411         |
|    ep_rew_mean          | 1.42e+03    |
| time/                   |             |
|    fps                  | 91          |
|    iterations           | 428         |
|    time_elapsed         | 9584        |
|    total_timesteps      | 876544      |
| train/                  |             |
|    approx_kl            | 0.007451155 |
|    clip_fraction        | 0.0498      |
|    clip_range           | 0.1         |
|    entropy_loss         | -0.0469     |
|    explained_variance   | 0.849       |
|    learning_rate        | 0.00025     |
|    loss                 | 346         |
|    n_updates            | 4270        |
|    policy_gradient_loss | 0.00985     |
|    value_loss           | 905         |
-----------------------------------------
-----------------------------------------
| rollout/                |             |
|    ep_len_mean          | 411         |
|    ep_rew_mean          | 1.42e+03    |
| time/                   |             |
|    fps                  | 91          |
|    iterations           | 429         |
|    time_elapsed         | 9604        |
|    total_timesteps      | 878592      |
| train/                  |             |
|    approx_kl            | 0.027698793 |
|    clip_fraction        | 0.101       |
|    clip_range           | 0.1         |
|    entropy_loss         | -0.101      |
|    explained_variance   | 0.86        |
|    learning_rate        | 0.00025     |
|    loss                 | 1.45e+03    |
|    n_updates            | 4280        |
|    policy_gradient_loss | 0.0148      |
|    value_loss           | 2.35e+03    |
-----------------------------------------
---------------------------------------
| rollout/                |           |
|    ep_len_mean          | 432       |
|    ep_rew_mean          | 1.4e+03   |
| time/                   |           |
|    fps                  | 91        |
|    iterations           | 430       |
|    time_elapsed         | 9625      |
|    total_timesteps      | 880640    |
| train/                  |           |
|    approx_kl            | 0.0       |
|    clip_fraction        | 0         |
|    clip_range           | 0.1       |
|    entropy_loss         | -1.87e-06 |
|    explained_variance   | -0.83     |
|    learning_rate        | 0.00025   |
|    loss                 | 50.4      |
|    n_updates            | 4290      |
|    policy_gradient_loss | 3.41e-08  |
|    value_loss           | 91.7      |
---------------------------------------
-----------------------------------------
| rollout/                |             |
|    ep_len_mean          | 454         |
|    ep_rew_mean          | 1.38e+03    |
| time/                   |             |
|    fps                  | 91          |
|    iterations           | 431         |
|    time_elapsed         | 9645        |
|    total_timesteps      | 882688      |
| train/                  |             |
|    approx_kl            | 0.022879884 |
|    clip_fraction        | 0.021       |
|    clip_range           | 0.1         |
|    entropy_loss         | -0.0157     |
|    explained_variance   | 0.953       |
|    learning_rate        | 0.00025     |
|    loss                 | 63.8        |
|    n_updates            | 4300        |
|    policy_gradient_loss | 0.00313     |
|    value_loss           | 303         |
-----------------------------------------
-------------------------------------------
| rollout/                |               |
|    ep_len_mean          | 476           |
|    ep_rew_mean          | 1.36e+03      |
| time/                   |               |
|    fps                  | 91            |
|    iterations           | 432           |
|    time_elapsed         | 9665          |
|    total_timesteps      | 884736        |
| train/                  |               |
|    approx_kl            | 1.1380882e-08 |
|    clip_fraction        | 0             |
|    clip_range           | 0.1           |
|    entropy_loss         | -0.000417     |
|    explained_variance   | 0.766         |
|    learning_rate        | 0.00025       |
|    loss                 | 148           |
|    n_updates            | 4310          |
|    policy_gradient_loss | -3.24e-06     |
|    value_loss           | 463           |
-------------------------------------------
-------------------------------------------
| rollout/                |               |
|    ep_len_mean          | 498           |
|    ep_rew_mean          | 1.34e+03      |
| time/                   |               |
|    fps                  | 91            |
|    iterations           | 433           |
|    time_elapsed         | 9685          |
|    total_timesteps      | 886784        |
| train/                  |               |
|    approx_kl            | 2.4726916e-08 |
|    clip_fraction        | 0             |
|    clip_range           | 0.1           |
|    entropy_loss         | -0.000942     |
|    explained_variance   | -0.0019       |
|    learning_rate        | 0.00025       |
|    loss                 | 86.7          |
|    n_updates            | 4320          |
|    policy_gradient_loss | 1.2e-07       |
|    value_loss           | 505           |
-------------------------------------------
-------------------------------------------
| rollout/                |               |
|    ep_len_mean          | 515           |
|    ep_rew_mean          | 1.32e+03      |
| time/                   |               |
|    fps                  | 91            |
|    iterations           | 434           |
|    time_elapsed         | 9705          |
|    total_timesteps      | 888832        |
| train/                  |               |
|    approx_kl            | 8.1713836e-07 |
|    clip_fraction        | 0             |
|    clip_range           | 0.1           |
|    entropy_loss         | -0.00391      |
|    explained_variance   | -0.00207      |
|    learning_rate        | 0.00025       |
|    loss                 | 96.6          |
|    n_updates            | 4330          |
|    policy_gradient_loss | 1.14e-08      |
|    value_loss           | 260           |
-------------------------------------------
-----------------------------------------
| rollout/                |             |
|    ep_len_mean          | 538         |
|    ep_rew_mean          | 1.31e+03    |
| time/                   |             |
|    fps                  | 91          |
|    iterations           | 435         |
|    time_elapsed         | 9725        |
|    total_timesteps      | 890880      |
| train/                  |             |
|    approx_kl            | 0.030619534 |
|    clip_fraction        | 0.163       |
|    clip_range           | 0.1         |
|    entropy_loss         | -0.167      |
|    explained_variance   | -0.0318     |
|    learning_rate        | 0.00025     |
|    loss                 | 156         |
|    n_updates            | 4340        |
|    policy_gradient_loss | 0.000922    |
|    value_loss           | 208         |
-----------------------------------------
-----------------------------------------
| rollout/                |             |
|    ep_len_mean          | 538         |
|    ep_rew_mean          | 1.31e+03    |
| time/                   |             |
|    fps                  | 91          |
|    iterations           | 436         |
|    time_elapsed         | 9745        |
|    total_timesteps      | 892928      |
| train/                  |             |
|    approx_kl            | 0.030919164 |
|    clip_fraction        | 0.00285     |
|    clip_range           | 0.1         |
|    entropy_loss         | -0.000269   |
|    explained_variance   | 0.411       |
|    learning_rate        | 0.00025     |
|    loss                 | 43.2        |
|    n_updates            | 4350        |
|    policy_gradient_loss | 0.00382     |
|    value_loss           | 131         |
-----------------------------------------
--------------------------------------
| rollout/                |          |
|    ep_len_mean          | 560      |
|    ep_rew_mean          | 1.3e+03  |
| time/                   |          |
|    fps                  | 91       |
|    iterations           | 437      |
|    time_elapsed         | 9765     |
|    total_timesteps      | 894976   |
| train/                  |          |
|    approx_kl            | 0.0      |
|    clip_fraction        | 0        |
|    clip_range           | 0.1      |
|    entropy_loss         | -0.00015 |
|    explained_variance   | -0.0296  |
|    learning_rate        | 0.00025  |
|    loss                 | 0.51     |
|    n_updates            | 4360     |
|    policy_gradient_loss | 1.29e-07 |
|    value_loss           | 70.4     |
--------------------------------------
-------------------------------------------
| rollout/                |               |
|    ep_len_mean          | 582           |
|    ep_rew_mean          | 1.28e+03      |
| time/                   |               |
|    fps                  | 91            |
|    iterations           | 438           |
|    time_elapsed         | 9785          |
|    total_timesteps      | 897024        |
| train/                  |               |
|    approx_kl            | 2.1258188e-08 |
|    clip_fraction        | 0             |
|    clip_range           | 0.1           |
|    entropy_loss         | -0.000709     |
|    explained_variance   | -0.0729       |
|    learning_rate        | 0.00025       |
|    loss                 | 11.7          |
|    n_updates            | 4370          |
|    policy_gradient_loss | 3.09e-07      |
|    value_loss           | 95.7          |
-------------------------------------------
-------------------------------------------
| rollout/                |               |
|    ep_len_mean          | 604           |
|    ep_rew_mean          | 1.26e+03      |
| time/                   |               |
|    fps                  | 91            |
|    iterations           | 439           |
|    time_elapsed         | 9805          |
|    total_timesteps      | 899072        |
| train/                  |               |
|    approx_kl            | 2.0162582e-07 |
|    clip_fraction        | 0             |
|    clip_range           | 0.1           |
|    entropy_loss         | -0.00289      |
|    explained_variance   | -0.00184      |
|    learning_rate        | 0.00025       |
|    loss                 | 27.5          |
|    n_updates            | 4380          |
|    policy_gradient_loss | -3.4e-08      |
|    value_loss           | 51.2          |
-------------------------------------------
Eval num_timesteps=900000, episode_reward=-415.00 +/- 0.00
Episode length: 2406.00 +/- 0.00
-----------------------------------------
| eval/                   |             |
|    mean_ep_length       | 2.41e+03    |
|    mean_reward          | -415        |
| time/                   |             |
|    total_timesteps      | 900000      |
| train/                  |             |
|    approx_kl            | 0.004823423 |
|    clip_fraction        | 0.118       |
|    clip_range           | 0.1         |
|    entropy_loss         | -0.159      |
|    explained_variance   | -0.00112    |
|    learning_rate        | 0.00025     |
|    loss                 | 1.3         |
|    n_updates            | 4390        |
|    policy_gradient_loss | 0.000387    |
|    value_loss           | 29.6        |
-----------------------------------------
---------------------------------
| rollout/           |          |
|    ep_len_mean     | 620      |
|    ep_rew_mean     | 1.22e+03 |
| time/              |          |
|    fps             | 91       |
|    iterations      | 440      |
|    time_elapsed    | 9888     |
|    total_timesteps | 901120   |
---------------------------------
-----------------------------------------
| rollout/                |             |
|    ep_len_mean          | 612         |
|    ep_rew_mean          | 1.21e+03    |
| time/                   |             |
|    fps                  | 91          |
|    iterations           | 441         |
|    time_elapsed         | 9909        |
|    total_timesteps      | 903168      |
| train/                  |             |
|    approx_kl            | 0.086959615 |
|    clip_fraction        | 0.148       |
|    clip_range           | 0.1         |
|    entropy_loss         | -0.249      |
|    explained_variance   | 0.749       |
|    learning_rate        | 0.00025     |
|    loss                 | 318         |
|    n_updates            | 4400        |
|    policy_gradient_loss | 0.00717     |
|    value_loss           | 750         |
-----------------------------------------
--------------------------------------
| rollout/                |          |
|    ep_len_mean          | 612      |
|    ep_rew_mean          | 1.2e+03  |
| time/                   |          |
|    fps                  | 91       |
|    iterations           | 442      |
|    time_elapsed         | 9930     |
|    total_timesteps      | 905216   |
| train/                  |          |
|    approx_kl            | 0.080569 |
|    clip_fraction        | 0.21     |
|    clip_range           | 0.1      |
|    entropy_loss         | -0.176   |
|    explained_variance   | 0.761    |
|    learning_rate        | 0.00025  |
|    loss                 | 863      |
|    n_updates            | 4410     |
|    policy_gradient_loss | 0.0327   |
|    value_loss           | 2.27e+03 |
--------------------------------------
-----------------------------------------
| rollout/                |             |
|    ep_len_mean          | 635         |
|    ep_rew_mean          | 1.16e+03    |
| time/                   |             |
|    fps                  | 91          |
|    iterations           | 443         |
|    time_elapsed         | 9950        |
|    total_timesteps      | 907264      |
| train/                  |             |
|    approx_kl            | 0.014161449 |
|    clip_fraction        | 0.0366      |
|    clip_range           | 0.1         |
|    entropy_loss         | -0.0318     |
|    explained_variance   | 0.851       |
|    learning_rate        | 0.00025     |
|    loss                 | 230         |
|    n_updates            | 4420        |
|    policy_gradient_loss | 0.0128      |
|    value_loss           | 487         |
-----------------------------------------
-----------------------------------------
| rollout/                |             |
|    ep_len_mean          | 650         |
|    ep_rew_mean          | 1.15e+03    |
| time/                   |             |
|    fps                  | 91          |
|    iterations           | 444         |
|    time_elapsed         | 9971        |
|    total_timesteps      | 909312      |
| train/                  |             |
|    approx_kl            | 0.022881327 |
|    clip_fraction        | 0.15        |
|    clip_range           | 0.1         |
|    entropy_loss         | -0.197      |
|    explained_variance   | 0.94        |
|    learning_rate        | 0.00025     |
|    loss                 | 214         |
|    n_updates            | 4430        |
|    policy_gradient_loss | 0.00186     |
|    value_loss           | 447         |
-----------------------------------------
---------------------------------------
| rollout/                |           |
|    ep_len_mean          | 650       |
|    ep_rew_mean          | 1.14e+03  |
| time/                   |           |
|    fps                  | 91        |
|    iterations           | 445       |
|    time_elapsed         | 9992      |
|    total_timesteps      | 911360    |
| train/                  |           |
|    approx_kl            | 0.0221394 |
|    clip_fraction        | 0.0629    |
|    clip_range           | 0.1       |
|    entropy_loss         | -0.0653   |
|    explained_variance   | 0.912     |
|    learning_rate        | 0.00025   |
|    loss                 | 128       |
|    n_updates            | 4440      |
|    policy_gradient_loss | 0.0181    |
|    value_loss           | 458       |
---------------------------------------
-----------------------------------------
| rollout/                |             |
|    ep_len_mean          | 657         |
|    ep_rew_mean          | 1.13e+03    |
| time/                   |             |
|    fps                  | 91          |
|    iterations           | 446         |
|    time_elapsed         | 10012       |
|    total_timesteps      | 913408      |
| train/                  |             |
|    approx_kl            | 0.027382746 |
|    clip_fraction        | 0.139       |
|    clip_range           | 0.1         |
|    entropy_loss         | -0.154      |
|    explained_variance   | 0.882       |
|    learning_rate        | 0.00025     |
|    loss                 | 663         |
|    n_updates            | 4450        |
|    policy_gradient_loss | 0.0158      |
|    value_loss           | 1.64e+03    |
-----------------------------------------
-----------------------------------------
| rollout/                |             |
|    ep_len_mean          | 680         |
|    ep_rew_mean          | 1.12e+03    |
| time/                   |             |
|    fps                  | 91          |
|    iterations           | 447         |
|    time_elapsed         | 10033       |
|    total_timesteps      | 915456      |
| train/                  |             |
|    approx_kl            | 0.010932509 |
|    clip_fraction        | 0.0873      |
|    clip_range           | 0.1         |
|    entropy_loss         | -0.147      |
|    explained_variance   | 0.943       |
|    learning_rate        | 0.00025     |
|    loss                 | 429         |
|    n_updates            | 4460        |
|    policy_gradient_loss | 0.00521     |
|    value_loss           | 964         |
-----------------------------------------
----------------------------------------
| rollout/                |            |
|    ep_len_mean          | 416        |
|    ep_rew_mean          | 400        |
| time/                   |            |
|    fps                  | 91         |
|    iterations           | 448        |
|    time_elapsed         | 10053      |
|    total_timesteps      | 917504     |
| train/                  |            |
|    approx_kl            | 0.41798544 |
|    clip_fraction        | 0.0325     |
|    clip_range           | 0.1        |
|    entropy_loss         | -0.0167    |
|    explained_variance   | 0.961      |
|    learning_rate        | 0.00025    |
|    loss                 | 143        |
|    n_updates            | 4470       |
|    policy_gradient_loss | 0.0407     |
|    value_loss           | 86         |
----------------------------------------
----------------------------------------
| rollout/                |            |
|    ep_len_mean          | 414        |
|    ep_rew_mean          | 388        |
| time/                   |            |
|    fps                  | 91         |
|    iterations           | 449        |
|    time_elapsed         | 10074      |
|    total_timesteps      | 919552     |
| train/                  |            |
|    approx_kl            | 0.42431825 |
|    clip_fraction        | 0.131      |
|    clip_range           | 0.1        |
|    entropy_loss         | -0.101     |
|    explained_variance   | -0.0648    |
|    learning_rate        | 0.00025    |
|    loss                 | 16.2       |
|    n_updates            | 4480       |
|    policy_gradient_loss | -0.0236    |
|    value_loss           | 3.46e+03   |
----------------------------------------
-----------------------------------------
| rollout/                |             |
|    ep_len_mean          | 441         |
|    ep_rew_mean          | 386         |
| time/                   |             |
|    fps                  | 91          |
|    iterations           | 450         |
|    time_elapsed         | 10095       |
|    total_timesteps      | 921600      |
| train/                  |             |
|    approx_kl            | 0.019001335 |
|    clip_fraction        | 0.0257      |
|    clip_range           | 0.1         |
|    entropy_loss         | -0.0282     |
|    explained_variance   | 0.805       |
|    learning_rate        | 0.00025     |
|    loss                 | 40.3        |
|    n_updates            | 4490        |
|    policy_gradient_loss | 0.00659     |
|    value_loss           | 297         |
-----------------------------------------
-----------------------------------------
| rollout/                |             |
|    ep_len_mean          | 384         |
|    ep_rew_mean          | 405         |
| time/                   |             |
|    fps                  | 91          |
|    iterations           | 451         |
|    time_elapsed         | 10116       |
|    total_timesteps      | 923648      |
| train/                  |             |
|    approx_kl            | 0.019056138 |
|    clip_fraction        | 0.13        |
|    clip_range           | 0.1         |
|    entropy_loss         | -0.123      |
|    explained_variance   | 0.881       |
|    learning_rate        | 0.00025     |
|    loss                 | 207         |
|    n_updates            | 4500        |
|    policy_gradient_loss | -0.00224    |
|    value_loss           | 569         |
-----------------------------------------
----------------------------------------
| rollout/                |            |
|    ep_len_mean          | 363        |
|    ep_rew_mean          | 424        |
| time/                   |            |
|    fps                  | 91         |
|    iterations           | 452        |
|    time_elapsed         | 10136      |
|    total_timesteps      | 925696     |
| train/                  |            |
|    approx_kl            | 0.01462342 |
|    clip_fraction        | 0.0364     |
|    clip_range           | 0.1        |
|    entropy_loss         | -0.0527    |
|    explained_variance   | 0.887      |
|    learning_rate        | 0.00025    |
|    loss                 | 261        |
|    n_updates            | 4510       |
|    policy_gradient_loss | 0.00472    |
|    value_loss           | 546        |
----------------------------------------
-----------------------------------------
| rollout/                |             |
|    ep_len_mean          | 363         |
|    ep_rew_mean          | 430         |
| time/                   |             |
|    fps                  | 91          |
|    iterations           | 453         |
|    time_elapsed         | 10157       |
|    total_timesteps      | 927744      |
| train/                  |             |
|    approx_kl            | 0.005144222 |
|    clip_fraction        | 0.0627      |
|    clip_range           | 0.1         |
|    entropy_loss         | -0.0993     |
|    explained_variance   | 0.923       |
|    learning_rate        | 0.00025     |
|    loss                 | 53.9        |
|    n_updates            | 4520        |
|    policy_gradient_loss | 0.00724     |
|    value_loss           | 210         |
-----------------------------------------
----------------------------------------
| rollout/                |            |
|    ep_len_mean          | 341        |
|    ep_rew_mean          | 449        |
| time/                   |            |
|    fps                  | 91         |
|    iterations           | 454        |
|    time_elapsed         | 10178      |
|    total_timesteps      | 929792     |
| train/                  |            |
|    approx_kl            | 0.03238406 |
|    clip_fraction        | 0.0386     |
|    clip_range           | 0.1        |
|    entropy_loss         | -0.041     |
|    explained_variance   | 0.991      |
|    learning_rate        | 0.00025    |
|    loss                 | 4.67       |
|    n_updates            | 4530       |
|    policy_gradient_loss | 0.036      |
|    value_loss           | 30.3       |
----------------------------------------
-----------------------------------------
| rollout/                |             |
|    ep_len_mean          | 341         |
|    ep_rew_mean          | 449         |
| time/                   |             |
|    fps                  | 91          |
|    iterations           | 455         |
|    time_elapsed         | 10198       |
|    total_timesteps      | 931840      |
| train/                  |             |
|    approx_kl            | 0.030276423 |
|    clip_fraction        | 0.104       |
|    clip_range           | 0.1         |
|    entropy_loss         | -0.0889     |
|    explained_variance   | 0.943       |
|    learning_rate        | 0.00025     |
|    loss                 | 13.5        |
|    n_updates            | 4540        |
|    policy_gradient_loss | 0.0156      |
|    value_loss           | 85          |
-----------------------------------------
---------------------------------------
| rollout/                |           |
|    ep_len_mean          | 341       |
|    ep_rew_mean          | 458       |
| time/                   |           |
|    fps                  | 91        |
|    iterations           | 456       |
|    time_elapsed         | 10219     |
|    total_timesteps      | 933888    |
| train/                  |           |
|    approx_kl            | 2.9999564 |
|    clip_fraction        | 0.462     |
|    clip_range           | 0.1       |
|    entropy_loss         | -0.0553   |
|    explained_variance   | -0.0686   |
|    learning_rate        | 0.00025   |
|    loss                 | 7.88      |
|    n_updates            | 4550      |
|    policy_gradient_loss | 0.0774    |
|    value_loss           | 46.3      |
---------------------------------------
-----------------------------------------
| rollout/                |             |
|    ep_len_mean          | 293         |
|    ep_rew_mean          | 420         |
| time/                   |             |
|    fps                  | 91          |
|    iterations           | 457         |
|    time_elapsed         | 10239       |
|    total_timesteps      | 935936      |
| train/                  |             |
|    approx_kl            | 0.013744235 |
|    clip_fraction        | 0.436       |
|    clip_range           | 0.1         |
|    entropy_loss         | -0.287      |
|    explained_variance   | 0.954       |
|    learning_rate        | 0.00025     |
|    loss                 | 4.54        |
|    n_updates            | 4560        |
|    policy_gradient_loss | -0.0135     |
|    value_loss           | 62.5        |
-----------------------------------------
-----------------------------------------
| rollout/                |             |
|    ep_len_mean          | 285         |
|    ep_rew_mean          | 396         |
| time/                   |             |
|    fps                  | 91          |
|    iterations           | 458         |
|    time_elapsed         | 10260       |
|    total_timesteps      | 937984      |
| train/                  |             |
|    approx_kl            | 0.009833277 |
|    clip_fraction        | 0.103       |
|    clip_range           | 0.1         |
|    entropy_loss         | -0.15       |
|    explained_variance   | 0.901       |
|    learning_rate        | 0.00025     |
|    loss                 | 359         |
|    n_updates            | 4570        |
|    policy_gradient_loss | 0.00837     |
|    value_loss           | 870         |
-----------------------------------------
-----------------------------------------
| rollout/                |             |
|    ep_len_mean          | 299         |
|    ep_rew_mean          | 376         |
| time/                   |             |
|    fps                  | 91          |
|    iterations           | 459         |
|    time_elapsed         | 10280       |
|    total_timesteps      | 940032      |
| train/                  |             |
|    approx_kl            | 0.029210348 |
|    clip_fraction        | 0.12        |
|    clip_range           | 0.1         |
|    entropy_loss         | -0.215      |
|    explained_variance   | 0.986       |
|    learning_rate        | 0.00025     |
|    loss                 | 13.7        |
|    n_updates            | 4580        |
|    policy_gradient_loss | 0.0154      |
|    value_loss           | 48.2        |
-----------------------------------------
----------------------------------------
| rollout/                |            |
|    ep_len_mean          | 299        |
|    ep_rew_mean          | 376        |
| time/                   |            |
|    fps                  | 91         |
|    iterations           | 460        |
|    time_elapsed         | 10301      |
|    total_timesteps      | 942080     |
| train/                  |            |
|    approx_kl            | 0.11621642 |
|    clip_fraction        | 0.237      |
|    clip_range           | 0.1        |
|    entropy_loss         | -0.211     |
|    explained_variance   | 0.819      |
|    learning_rate        | 0.00025    |
|    loss                 | 71.5       |
|    n_updates            | 4590       |
|    policy_gradient_loss | -0.00312   |
|    value_loss           | 331        |
----------------------------------------
-----------------------------------------
| rollout/                |             |
|    ep_len_mean          | 275         |
|    ep_rew_mean          | 343         |
| time/                   |             |
|    fps                  | 91          |
|    iterations           | 461         |
|    time_elapsed         | 10322       |
|    total_timesteps      | 944128      |
| train/                  |             |
|    approx_kl            | 0.116003275 |
|    clip_fraction        | 0.164       |
|    clip_range           | 0.1         |
|    entropy_loss         | -0.291      |
|    explained_variance   | 0.974       |
|    learning_rate        | 0.00025     |
|    loss                 | 1.72        |
|    n_updates            | 4600        |
|    policy_gradient_loss | 0.0107      |
|    value_loss           | 16.6        |
-----------------------------------------
-----------------------------------------
| rollout/                |             |
|    ep_len_mean          | 301         |
|    ep_rew_mean          | 362         |
| time/                   |             |
|    fps                  | 91          |
|    iterations           | 462         |
|    time_elapsed         | 10342       |
|    total_timesteps      | 946176      |
| train/                  |             |
|    approx_kl            | 0.032822073 |
|    clip_fraction        | 0.0909      |
|    clip_range           | 0.1         |
|    entropy_loss         | -0.154      |
|    explained_variance   | 0.848       |
|    learning_rate        | 0.00025     |
|    loss                 | 431         |
|    n_updates            | 4610        |
|    policy_gradient_loss | 0.000936    |
|    value_loss           | 1.01e+03    |
-----------------------------------------
-----------------------------------------
| rollout/                |             |
|    ep_len_mean          | 316         |
|    ep_rew_mean          | 433         |
| time/                   |             |
|    fps                  | 91          |
|    iterations           | 463         |
|    time_elapsed         | 10363       |
|    total_timesteps      | 948224      |
| train/                  |             |
|    approx_kl            | 0.011910877 |
|    clip_fraction        | 0.12        |
|    clip_range           | 0.1         |
|    entropy_loss         | -0.236      |
|    explained_variance   | 0.944       |
|    learning_rate        | 0.00025     |
|    loss                 | 22          |
|    n_updates            | 4620        |
|    policy_gradient_loss | 0.000739    |
|    value_loss           | 146         |
-----------------------------------------
------------------------------------------
| rollout/                |              |
|    ep_len_mean          | 318          |
|    ep_rew_mean          | 444          |
| time/                   |              |
|    fps                  | 91           |
|    iterations           | 464          |
|    time_elapsed         | 10383        |
|    total_timesteps      | 950272       |
| train/                  |              |
|    approx_kl            | 0.0032703658 |
|    clip_fraction        | 0.0611       |
|    clip_range           | 0.1          |
|    entropy_loss         | -0.119       |
|    explained_variance   | 0.969        |
|    learning_rate        | 0.00025      |
|    loss                 | 34.9         |
|    n_updates            | 4630         |
|    policy_gradient_loss | 0.00106      |
|    value_loss           | 107          |
------------------------------------------
---------------------------------------
| rollout/                |           |
|    ep_len_mean          | 348       |
|    ep_rew_mean          | 478       |
| time/                   |           |
|    fps                  | 91        |
|    iterations           | 465       |
|    time_elapsed         | 10404     |
|    total_timesteps      | 952320    |
| train/                  |           |
|    approx_kl            | 0.5767641 |
|    clip_fraction        | 0.24      |
|    clip_range           | 0.1       |
|    entropy_loss         | -0.341    |
|    explained_variance   | 0.997     |
|    learning_rate        | 0.00025   |
|    loss                 | 6.51      |
|    n_updates            | 4640      |
|    policy_gradient_loss | -0.0041   |
|    value_loss           | 13.8      |
---------------------------------------
-----------------------------------------
| rollout/                |             |
|    ep_len_mean          | 372         |
|    ep_rew_mean          | 481         |
| time/                   |             |
|    fps                  | 91          |
|    iterations           | 466         |
|    time_elapsed         | 10425       |
|    total_timesteps      | 954368      |
| train/                  |             |
|    approx_kl            | 0.009579397 |
|    clip_fraction        | 0.157       |
|    clip_range           | 0.1         |
|    entropy_loss         | -0.271      |
|    explained_variance   | 0.978       |
|    learning_rate        | 0.00025     |
|    loss                 | 175         |
|    n_updates            | 4650        |
|    policy_gradient_loss | 0.0023      |
|    value_loss           | 347         |
-----------------------------------------
----------------------------------------
| rollout/                |            |
|    ep_len_mean          | 293        |
|    ep_rew_mean          | 542        |
| time/                   |            |
|    fps                  | 91         |
|    iterations           | 467        |
|    time_elapsed         | 10445      |
|    total_timesteps      | 956416     |
| train/                  |            |
|    approx_kl            | 0.38909292 |
|    clip_fraction        | 0.265      |
|    clip_range           | 0.1        |
|    entropy_loss         | -0.362     |
|    explained_variance   | 0.986      |
|    learning_rate        | 0.00025    |
|    loss                 | 5.32       |
|    n_updates            | 4660       |
|    policy_gradient_loss | 0.0309     |
|    value_loss           | 31.3       |
----------------------------------------
-----------------------------------------
| rollout/                |             |
|    ep_len_mean          | 270         |
|    ep_rew_mean          | 545         |
| time/                   |             |
|    fps                  | 91          |
|    iterations           | 468         |
|    time_elapsed         | 10466       |
|    total_timesteps      | 958464      |
| train/                  |             |
|    approx_kl            | 0.075001866 |
|    clip_fraction        | 0.106       |
|    clip_range           | 0.1         |
|    entropy_loss         | -0.141      |
|    explained_variance   | 0.998       |
|    learning_rate        | 0.00025     |
|    loss                 | 6.15        |
|    n_updates            | 4670        |
|    policy_gradient_loss | -0.00551    |
|    value_loss           | 20.4        |
-----------------------------------------
-----------------------------------------
| rollout/                |             |
|    ep_len_mean          | 228         |
|    ep_rew_mean          | 556         |
| time/                   |             |
|    fps                  | 91          |
|    iterations           | 469         |
|    time_elapsed         | 10487       |
|    total_timesteps      | 960512      |
| train/                  |             |
|    approx_kl            | 0.009246763 |
|    clip_fraction        | 0.181       |
|    clip_range           | 0.1         |
|    entropy_loss         | -0.306      |
|    explained_variance   | 0.997       |
|    learning_rate        | 0.00025     |
|    loss                 | 1.48        |
|    n_updates            | 4680        |
|    policy_gradient_loss | 0.0165      |
|    value_loss           | 6.16        |
-----------------------------------------
-----------------------------------------
| rollout/                |             |
|    ep_len_mean          | 167         |
|    ep_rew_mean          | 607         |
| time/                   |             |
|    fps                  | 91          |
|    iterations           | 470         |
|    time_elapsed         | 10507       |
|    total_timesteps      | 962560      |
| train/                  |             |
|    approx_kl            | 0.011757442 |
|    clip_fraction        | 0.089       |
|    clip_range           | 0.1         |
|    entropy_loss         | -0.152      |
|    explained_variance   | 0.999       |
|    learning_rate        | 0.00025     |
|    loss                 | 6.06        |
|    n_updates            | 4690        |
|    policy_gradient_loss | 0.00543     |
|    value_loss           | 11.1        |
-----------------------------------------
-----------------------------------------
| rollout/                |             |
|    ep_len_mean          | 162         |
|    ep_rew_mean          | 608         |
| time/                   |             |
|    fps                  | 91          |
|    iterations           | 471         |
|    time_elapsed         | 10528       |
|    total_timesteps      | 964608      |
| train/                  |             |
|    approx_kl            | 0.037698224 |
|    clip_fraction        | 0.083       |
|    clip_range           | 0.1         |
|    entropy_loss         | -0.0941     |
|    explained_variance   | 0.999       |
|    learning_rate        | 0.00025     |
|    loss                 | 4.97        |
|    n_updates            | 4700        |
|    policy_gradient_loss | 0.00611     |
|    value_loss           | 10.7        |
-----------------------------------------
------------------------------------------
| rollout/                |              |
|    ep_len_mean          | 162          |
|    ep_rew_mean          | 608          |
| time/                   |              |
|    fps                  | 91           |
|    iterations           | 472          |
|    time_elapsed         | 10549        |
|    total_timesteps      | 966656       |
| train/                  |              |
|    approx_kl            | 0.0023850133 |
|    clip_fraction        | 0.0789       |
|    clip_range           | 0.1          |
|    entropy_loss         | -0.0721      |
|    explained_variance   | 0.999        |
|    learning_rate        | 0.00025      |
|    loss                 | 2.05         |
|    n_updates            | 4710         |
|    policy_gradient_loss | 0.00432      |
|    value_loss           | 6.96         |
------------------------------------------
-----------------------------------------
| rollout/                |             |
|    ep_len_mean          | 139         |
|    ep_rew_mean          | 616         |
| time/                   |             |
|    fps                  | 91          |
|    iterations           | 473         |
|    time_elapsed         | 10569       |
|    total_timesteps      | 968704      |
| train/                  |             |
|    approx_kl            | 0.010914819 |
|    clip_fraction        | 0.302       |
|    clip_range           | 0.1         |
|    entropy_loss         | -0.634      |
|    explained_variance   | 0.994       |
|    learning_rate        | 0.00025     |
|    loss                 | 2.84        |
|    n_updates            | 4720        |
|    policy_gradient_loss | 0.0104      |
|    value_loss           | 8.54        |
-----------------------------------------
------------------------------------------
| rollout/                |              |
|    ep_len_mean          | 114          |
|    ep_rew_mean          | 620          |
| time/                   |              |
|    fps                  | 91           |
|    iterations           | 474          |
|    time_elapsed         | 10590        |
|    total_timesteps      | 970752       |
| train/                  |              |
|    approx_kl            | 0.0042070774 |
|    clip_fraction        | 0.0956       |
|    clip_range           | 0.1          |
|    entropy_loss         | -0.218       |
|    explained_variance   | 0.999        |
|    learning_rate        | 0.00025      |
|    loss                 | 4.35         |
|    n_updates            | 4730         |
|    policy_gradient_loss | -0.00484     |
|    value_loss           | 8.63         |
------------------------------------------
------------------------------------------
| rollout/                |              |
|    ep_len_mean          | 113          |
|    ep_rew_mean          | 621          |
| time/                   |              |
|    fps                  | 91           |
|    iterations           | 475          |
|    time_elapsed         | 10610        |
|    total_timesteps      | 972800       |
| train/                  |              |
|    approx_kl            | 0.0019677922 |
|    clip_fraction        | 0.0436       |
|    clip_range           | 0.1          |
|    entropy_loss         | -0.0782      |
|    explained_variance   | 1            |
|    learning_rate        | 0.00025      |
|    loss                 | 3.46         |
|    n_updates            | 4740         |
|    policy_gradient_loss | 0.00127      |
|    value_loss           | 4.13         |
------------------------------------------
-------------------------------------------
| rollout/                |               |
|    ep_len_mean          | 113           |
|    ep_rew_mean          | 621           |
| time/                   |               |
|    fps                  | 91            |
|    iterations           | 476           |
|    time_elapsed         | 10631         |
|    total_timesteps      | 974848        |
| train/                  |               |
|    approx_kl            | 0.00064661546 |
|    clip_fraction        | 0.0312        |
|    clip_range           | 0.1           |
|    entropy_loss         | -0.0723       |
|    explained_variance   | 1             |
|    learning_rate        | 0.00025       |
|    loss                 | 2.55          |
|    n_updates            | 4750          |
|    policy_gradient_loss | -0.000221     |
|    value_loss           | 5.39          |
-------------------------------------------
----------------------------------------
| rollout/                |            |
|    ep_len_mean          | 113        |
|    ep_rew_mean          | 621        |
| time/                   |            |
|    fps                  | 91         |
|    iterations           | 477        |
|    time_elapsed         | 10651      |
|    total_timesteps      | 976896     |
| train/                  |            |
|    approx_kl            | 0.00191119 |
|    clip_fraction        | 0.036      |
|    clip_range           | 0.1        |
|    entropy_loss         | -0.0737    |
|    explained_variance   | 1          |
|    learning_rate        | 0.00025    |
|    loss                 | 2.12       |
|    n_updates            | 4760       |
|    policy_gradient_loss | -0.00207   |
|    value_loss           | 4.09       |
----------------------------------------
----------------------------------------
| rollout/                |            |
|    ep_len_mean          | 136        |
|    ep_rew_mean          | 618        |
| time/                   |            |
|    fps                  | 91         |
|    iterations           | 478        |
|    time_elapsed         | 10672      |
|    total_timesteps      | 978944     |
| train/                  |            |
|    approx_kl            | 0.01137364 |
|    clip_fraction        | 0.271      |
|    clip_range           | 0.1        |
|    entropy_loss         | -0.535     |
|    explained_variance   | 0.978      |
|    learning_rate        | 0.00025    |
|    loss                 | 4.91       |
|    n_updates            | 4770       |
|    policy_gradient_loss | 0.0124     |
|    value_loss           | 27.1       |
----------------------------------------
----------------------------------------
| rollout/                |            |
|    ep_len_mean          | 136        |
|    ep_rew_mean          | 618        |
| time/                   |            |
|    fps                  | 91         |
|    iterations           | 479        |
|    time_elapsed         | 10693      |
|    total_timesteps      | 980992     |
| train/                  |            |
|    approx_kl            | 0.05473293 |
|    clip_fraction        | 0.359      |
|    clip_range           | 0.1        |
|    entropy_loss         | -0.645     |
|    explained_variance   | 0.992      |
|    learning_rate        | 0.00025    |
|    loss                 | 8.04       |
|    n_updates            | 4780       |
|    policy_gradient_loss | -0.00165   |
|    value_loss           | 33.5       |
----------------------------------------
-----------------------------------------
| rollout/                |             |
|    ep_len_mean          | 136         |
|    ep_rew_mean          | 618         |
| time/                   |             |
|    fps                  | 91          |
|    iterations           | 480         |
|    time_elapsed         | 10713       |
|    total_timesteps      | 983040      |
| train/                  |             |
|    approx_kl            | 0.080701515 |
|    clip_fraction        | 0.24        |
|    clip_range           | 0.1         |
|    entropy_loss         | -0.48       |
|    explained_variance   | 0.997       |
|    learning_rate        | 0.00025     |
|    loss                 | 7.07        |
|    n_updates            | 4790        |
|    policy_gradient_loss | 0.0195      |
|    value_loss           | 21          |
-----------------------------------------
------------------------------------------
| rollout/                |              |
|    ep_len_mean          | 159          |
|    ep_rew_mean          | 614          |
| time/                   |              |
|    fps                  | 91           |
|    iterations           | 481          |
|    time_elapsed         | 10734        |
|    total_timesteps      | 985088       |
| train/                  |              |
|    approx_kl            | 0.0021438783 |
|    clip_fraction        | 0.126        |
|    clip_range           | 0.1          |
|    entropy_loss         | -0.56        |
|    explained_variance   | 0.999        |
|    learning_rate        | 0.00025      |
|    loss                 | 7.75         |
|    n_updates            | 4800         |
|    policy_gradient_loss | 0.000174     |
|    value_loss           | 11.3         |
------------------------------------------
-----------------------------------------
| rollout/                |             |
|    ep_len_mean          | 182         |
|    ep_rew_mean          | 612         |
| time/                   |             |
|    fps                  | 91          |
|    iterations           | 482         |
|    time_elapsed         | 10755       |
|    total_timesteps      | 987136      |
| train/                  |             |
|    approx_kl            | 0.015398178 |
|    clip_fraction        | 0.159       |
|    clip_range           | 0.1         |
|    entropy_loss         | -0.499      |
|    explained_variance   | 1           |
|    learning_rate        | 0.00025     |
|    loss                 | 2.64        |
|    n_updates            | 4810        |
|    policy_gradient_loss | -0.000149   |
|    value_loss           | 7.43        |
-----------------------------------------
-----------------------------------------
| rollout/                |             |
|    ep_len_mean          | 182         |
|    ep_rew_mean          | 612         |
| time/                   |             |
|    fps                  | 91          |
|    iterations           | 483         |
|    time_elapsed         | 10776       |
|    total_timesteps      | 989184      |
| train/                  |             |
|    approx_kl            | 0.016779624 |
|    clip_fraction        | 0.56        |
|    clip_range           | 0.1         |
|    entropy_loss         | -0.697      |
|    explained_variance   | 0.939       |
|    learning_rate        | 0.00025     |
|    loss                 | 36          |
|    n_updates            | 4820        |
|    policy_gradient_loss | 0.00914     |
|    value_loss           | 131         |
-----------------------------------------
----------------------------------------
| rollout/                |            |
|    ep_len_mean          | 205        |
|    ep_rew_mean          | 609        |
| time/                   |            |
|    fps                  | 91         |
|    iterations           | 484        |
|    time_elapsed         | 10797      |
|    total_timesteps      | 991232     |
| train/                  |            |
|    approx_kl            | 0.29004565 |
|    clip_fraction        | 0.846      |
|    clip_range           | 0.1        |
|    entropy_loss         | -0.735     |
|    explained_variance   | 0.504      |
|    learning_rate        | 0.00025    |
|    loss                 | 1.41       |
|    n_updates            | 4830       |
|    policy_gradient_loss | 0.14       |
|    value_loss           | 5.05       |
----------------------------------------
----------------------------------------
| rollout/                |            |
|    ep_len_mean          | 228        |
|    ep_rew_mean          | 605        |
| time/                   |            |
|    fps                  | 91         |
|    iterations           | 485        |
|    time_elapsed         | 10818      |
|    total_timesteps      | 993280     |
| train/                  |            |
|    approx_kl            | 0.46313816 |
|    clip_fraction        | 0.463      |
|    clip_range           | 0.1        |
|    entropy_loss         | -0.646     |
|    explained_variance   | 0.998      |
|    learning_rate        | 0.00025    |
|    loss                 | 2.22       |
|    n_updates            | 4840       |
|    policy_gradient_loss | 0.023      |
|    value_loss           | 2.75       |
----------------------------------------
-----------------------------------------
| rollout/                |             |
|    ep_len_mean          | 250         |
|    ep_rew_mean          | 604         |
| time/                   |             |
|    fps                  | 91          |
|    iterations           | 486         |
|    time_elapsed         | 10838       |
|    total_timesteps      | 995328      |
| train/                  |             |
|    approx_kl            | 0.013450648 |
|    clip_fraction        | 0.206       |
|    clip_range           | 0.1         |
|    entropy_loss         | -0.676      |
|    explained_variance   | 0.999       |
|    learning_rate        | 0.00025     |
|    loss                 | 0.354       |
|    n_updates            | 4850        |
|    policy_gradient_loss | 0.00458     |
|    value_loss           | 2.82        |
-----------------------------------------
---------------------------------------
| rollout/                |           |
|    ep_len_mean          | 263       |
|    ep_rew_mean          | 604       |
| time/                   |           |
|    fps                  | 91        |
|    iterations           | 487       |
|    time_elapsed         | 10859     |
|    total_timesteps      | 997376    |
| train/                  |           |
|    approx_kl            | 1.7759565 |
|    clip_fraction        | 0.239     |
|    clip_range           | 0.1       |
|    entropy_loss         | -0.253    |
|    explained_variance   | 0.932     |
|    learning_rate        | 0.00025   |
|    loss                 | 58.7      |
|    n_updates            | 4860      |
|    policy_gradient_loss | -0.00589  |
|    value_loss           | 206       |
---------------------------------------
------------------------------------------
| rollout/                |              |
|    ep_len_mean          | 297          |
|    ep_rew_mean          | 604          |
| time/                   |              |
|    fps                  | 91           |
|    iterations           | 488          |
|    time_elapsed         | 10880        |
|    total_timesteps      | 999424       |
| train/                  |              |
|    approx_kl            | 0.0063463273 |
|    clip_fraction        | 0.112        |
|    clip_range           | 0.1          |
|    entropy_loss         | -0.527       |
|    explained_variance   | 0.968        |
|    learning_rate        | 0.00025      |
|    loss                 | 61.1         |
|    n_updates            | 4870         |
|    policy_gradient_loss | 0.00191      |
|    value_loss           | 155          |
------------------------------------------
Eval num_timesteps=1000000, episode_reward=815.00 +/- 0.00
Episode length: 173.00 +/- 0.00
------------------------------------------
| eval/                   |              |
|    mean_ep_length       | 173          |
|    mean_reward          | 815          |
| time/                   |              |
|    total_timesteps      | 1000000      |
| train/                  |              |
|    approx_kl            | 0.0063107824 |
|    clip_fraction        | 0.145        |
|    clip_range           | 0.1          |
|    entropy_loss         | -0.492       |
|    explained_variance   | 0.97         |
|    learning_rate        | 0.00025      |
|    loss                 | 82.3         |
|    n_updates            | 4880         |
|    policy_gradient_loss | 0.00182      |
|    value_loss           | 267          |
------------------------------------------
---------------------------------
| rollout/           |          |
|    ep_len_mean     | 298      |
|    ep_rew_mean     | 606      |
| time/              |          |
|    fps             | 91       |
|    iterations      | 489      |
|    time_elapsed    | 10905    |
|    total_timesteps | 1001472  |
---------------------------------
-----------------------------------------
| rollout/                |             |
|    ep_len_mean          | 328         |
|    ep_rew_mean          | 617         |
| time/                   |             |
|    fps                  | 91          |
|    iterations           | 490         |
|    time_elapsed         | 10926       |
|    total_timesteps      | 1003520     |
| train/                  |             |
|    approx_kl            | 0.012399899 |
|    clip_fraction        | 0.198       |
|    clip_range           | 0.1         |
|    entropy_loss         | -0.605      |
|    explained_variance   | 0.977       |
|    learning_rate        | 0.00025     |
|    loss                 | 25.3        |
|    n_updates            | 4890        |
|    policy_gradient_loss | -0.00011    |
|    value_loss           | 61.7        |
-----------------------------------------
----------------------------------------
| rollout/                |            |
|    ep_len_mean          | 328        |
|    ep_rew_mean          | 617        |
| time/                   |            |
|    fps                  | 91         |
|    iterations           | 491        |
|    time_elapsed         | 10947      |
|    total_timesteps      | 1005568    |
| train/                  |            |
|    approx_kl            | 0.00638666 |
|    clip_fraction        | 0.106      |
|    clip_range           | 0.1        |
|    entropy_loss         | -0.242     |
|    explained_variance   | 0.977      |
|    learning_rate        | 0.00025    |
|    loss                 | 56.6       |
|    n_updates            | 4900       |
|    policy_gradient_loss | 0.00451    |
|    value_loss           | 212        |
----------------------------------------
----------------------------------------
| rollout/                |            |
|    ep_len_mean          | 359        |
|    ep_rew_mean          | 637        |
| time/                   |            |
|    fps                  | 91         |
|    iterations           | 492        |
|    time_elapsed         | 10967      |
|    total_timesteps      | 1007616    |
| train/                  |            |
|    approx_kl            | 0.01573739 |
|    clip_fraction        | 0.452      |
|    clip_range           | 0.1        |
|    entropy_loss         | -0.621     |
|    explained_variance   | 0.781      |
|    learning_rate        | 0.00025    |
|    loss                 | 1.51       |
|    n_updates            | 4910       |
|    policy_gradient_loss | 0.0318     |
|    value_loss           | 11         |
----------------------------------------
-----------------------------------------
| rollout/                |             |
|    ep_len_mean          | 359         |
|    ep_rew_mean          | 637         |
| time/                   |             |
|    fps                  | 91          |
|    iterations           | 493         |
|    time_elapsed         | 10988       |
|    total_timesteps      | 1009664     |
| train/                  |             |
|    approx_kl            | 0.010840351 |
|    clip_fraction        | 0.0924      |
|    clip_range           | 0.1         |
|    entropy_loss         | -0.151      |
|    explained_variance   | 0.956       |
|    learning_rate        | 0.00025     |
|    loss                 | 436         |
|    n_updates            | 4920        |
|    policy_gradient_loss | 0.000994    |
|    value_loss           | 846         |
-----------------------------------------
--------------------------------------
| rollout/                |          |
|    ep_len_mean          | 382      |
|    ep_rew_mean          | 634      |
| time/                   |          |
|    fps                  | 91       |
|    iterations           | 494      |
|    time_elapsed         | 11009    |
|    total_timesteps      | 1011712  |
| train/                  |          |
|    approx_kl            | 1.787687 |
|    clip_fraction        | 0.825    |
|    clip_range           | 0.1      |
|    entropy_loss         | -0.238   |
|    explained_variance   | 0.774    |
|    learning_rate        | 0.00025  |
|    loss                 | 1.28     |
|    n_updates            | 4930     |
|    policy_gradient_loss | 0.11     |
|    value_loss           | 6.97     |
--------------------------------------
-----------------------------------------
| rollout/                |             |
|    ep_len_mean          | 406         |
|    ep_rew_mean          | 632         |
| time/                   |             |
|    fps                  | 91          |
|    iterations           | 495         |
|    time_elapsed         | 11030       |
|    total_timesteps      | 1013760     |
| train/                  |             |
|    approx_kl            | 0.022103604 |
|    clip_fraction        | 0.254       |
|    clip_range           | 0.1         |
|    entropy_loss         | -0.498      |
|    explained_variance   | 0.978       |
|    learning_rate        | 0.00025     |
|    loss                 | 5.79        |
|    n_updates            | 4940        |
|    policy_gradient_loss | 0.000976    |
|    value_loss           | 31.8        |
-----------------------------------------
-----------------------------------------
| rollout/                |             |
|    ep_len_mean          | 430         |
|    ep_rew_mean          | 631         |
| time/                   |             |
|    fps                  | 91          |
|    iterations           | 496         |
|    time_elapsed         | 11051       |
|    total_timesteps      | 1015808     |
| train/                  |             |
|    approx_kl            | 0.013303077 |
|    clip_fraction        | 0.274       |
|    clip_range           | 0.1         |
|    entropy_loss         | -0.482      |
|    explained_variance   | 0.984       |
|    learning_rate        | 0.00025     |
|    loss                 | 37.5        |
|    n_updates            | 4950        |
|    policy_gradient_loss | 0.00811     |
|    value_loss           | 75.4        |
-----------------------------------------
-----------------------------------------
| rollout/                |             |
|    ep_len_mean          | 455         |
|    ep_rew_mean          | 631         |
| time/                   |             |
|    fps                  | 91          |
|    iterations           | 497         |
|    time_elapsed         | 11072       |
|    total_timesteps      | 1017856     |
| train/                  |             |
|    approx_kl            | 0.011532644 |
|    clip_fraction        | 0.203       |
|    clip_range           | 0.1         |
|    entropy_loss         | -0.491      |
|    explained_variance   | 0.989       |
|    learning_rate        | 0.00025     |
|    loss                 | 25.9        |
|    n_updates            | 4960        |
|    policy_gradient_loss | 0.00133     |
|    value_loss           | 65.8        |
-----------------------------------------
------------------------------------------
| rollout/                |              |
|    ep_len_mean          | 459          |
|    ep_rew_mean          | 640          |
| time/                   |              |
|    fps                  | 91           |
|    iterations           | 498          |
|    time_elapsed         | 11092        |
|    total_timesteps      | 1019904      |
| train/                  |              |
|    approx_kl            | 0.0064358637 |
|    clip_fraction        | 0.158        |
|    clip_range           | 0.1          |
|    entropy_loss         | -0.52        |
|    explained_variance   | 0.99         |
|    learning_rate        | 0.00025      |
|    loss                 | 4.81         |
|    n_updates            | 4970         |
|    policy_gradient_loss | 0.000548     |
|    value_loss           | 20.1         |
------------------------------------------
-----------------------------------------
| rollout/                |             |
|    ep_len_mean          | 481         |
|    ep_rew_mean          | 643         |
| time/                   |             |
|    fps                  | 91          |
|    iterations           | 499         |
|    time_elapsed         | 11113       |
|    total_timesteps      | 1021952     |
| train/                  |             |
|    approx_kl            | 0.005392256 |
|    clip_fraction        | 0.0949      |
|    clip_range           | 0.1         |
|    entropy_loss         | -0.362      |
|    explained_variance   | 0.994       |
|    learning_rate        | 0.00025     |
|    loss                 | 32.6        |
|    n_updates            | 4980        |
|    policy_gradient_loss | 0.000771    |
|    value_loss           | 85.6        |
-----------------------------------------
------------------------------------------
| rollout/                |              |
|    ep_len_mean          | 505          |
|    ep_rew_mean          | 641          |
| time/                   |              |
|    fps                  | 91           |
|    iterations           | 500          |
|    time_elapsed         | 11134        |
|    total_timesteps      | 1024000      |
| train/                  |              |
|    approx_kl            | 0.0108831115 |
|    clip_fraction        | 0.25         |
|    clip_range           | 0.1          |
|    entropy_loss         | -0.5         |
|    explained_variance   | 0.987        |
|    learning_rate        | 0.00025      |
|    loss                 | 18.5         |
|    n_updates            | 4990         |
|    policy_gradient_loss | 0.00908      |
|    value_loss           | 113          |
------------------------------------------
-----------------------------------------
| rollout/                |             |
|    ep_len_mean          | 524         |
|    ep_rew_mean          | 644         |
| time/                   |             |
|    fps                  | 91          |
|    iterations           | 501         |
|    time_elapsed         | 11154       |
|    total_timesteps      | 1026048     |
| train/                  |             |
|    approx_kl            | 0.004096683 |
|    clip_fraction        | 0.164       |
|    clip_range           | 0.1         |
|    entropy_loss         | -0.507      |
|    explained_variance   | 0.991       |
|    learning_rate        | 0.00025     |
|    loss                 | 38.2        |
|    n_updates            | 5000        |
|    policy_gradient_loss | 0.00129     |
|    value_loss           | 101         |
-----------------------------------------
-----------------------------------------
| rollout/                |             |
|    ep_len_mean          | 524         |
|    ep_rew_mean          | 644         |
| time/                   |             |
|    fps                  | 91          |
|    iterations           | 502         |
|    time_elapsed         | 11175       |
|    total_timesteps      | 1028096     |
| train/                  |             |
|    approx_kl            | 0.005144337 |
|    clip_fraction        | 0.257       |
|    clip_range           | 0.1         |
|    entropy_loss         | -0.548      |
|    explained_variance   | 0.989       |
|    learning_rate        | 0.00025     |
|    loss                 | 81.8        |
|    n_updates            | 5010        |
|    policy_gradient_loss | 0.0038      |
|    value_loss           | 109         |
-----------------------------------------
----------------------------------------
| rollout/                |            |
|    ep_len_mean          | 553        |
|    ep_rew_mean          | 659        |
| time/                   |            |
|    fps                  | 92         |
|    iterations           | 503        |
|    time_elapsed         | 11196      |
|    total_timesteps      | 1030144    |
| train/                  |            |
|    approx_kl            | 0.09092539 |
|    clip_fraction        | 0.281      |
|    clip_range           | 0.1        |
|    entropy_loss         | -0.521     |
|    explained_variance   | 0.986      |
|    learning_rate        | 0.00025    |
|    loss                 | 8.85       |
|    n_updates            | 5020       |
|    policy_gradient_loss | 0.00937    |
|    value_loss           | 14.7       |
----------------------------------------
-----------------------------------------
| rollout/                |             |
|    ep_len_mean          | 516         |
|    ep_rew_mean          | 687         |
| time/                   |             |
|    fps                  | 92          |
|    iterations           | 504         |
|    time_elapsed         | 11216       |
|    total_timesteps      | 1032192     |
| train/                  |             |
|    approx_kl            | 0.010703042 |
|    clip_fraction        | 0.136       |
|    clip_range           | 0.1         |
|    entropy_loss         | -0.14       |
|    explained_variance   | 0.951       |
|    learning_rate        | 0.00025     |
|    loss                 | 525         |
|    n_updates            | 5030        |
|    policy_gradient_loss | 0.0106      |
|    value_loss           | 1.04e+03    |
-----------------------------------------
------------------------------------------
| rollout/                |              |
|    ep_len_mean          | 521          |
|    ep_rew_mean          | 711          |
| time/                   |              |
|    fps                  | 92           |
|    iterations           | 505          |
|    time_elapsed         | 11237        |
|    total_timesteps      | 1034240      |
| train/                  |              |
|    approx_kl            | 0.0030561509 |
|    clip_fraction        | 0.0659       |
|    clip_range           | 0.1          |
|    entropy_loss         | -0.0949      |
|    explained_variance   | 0.979        |
|    learning_rate        | 0.00025      |
|    loss                 | 144          |
|    n_updates            | 5040         |
|    policy_gradient_loss | -0.00177     |
|    value_loss           | 326          |
------------------------------------------
-----------------------------------------
| rollout/                |             |
|    ep_len_mean          | 522         |
|    ep_rew_mean          | 713         |
| time/                   |             |
|    fps                  | 92          |
|    iterations           | 506         |
|    time_elapsed         | 11258       |
|    total_timesteps      | 1036288     |
| train/                  |             |
|    approx_kl            | 0.016113732 |
|    clip_fraction        | 0.139       |
|    clip_range           | 0.1         |
|    entropy_loss         | -0.256      |
|    explained_variance   | 0.929       |
|    learning_rate        | 0.00025     |
|    loss                 | 782         |
|    n_updates            | 5050        |
|    policy_gradient_loss | 0.00231     |
|    value_loss           | 1.55e+03    |
-----------------------------------------
------------------------------------------
| rollout/                |              |
|    ep_len_mean          | 522          |
|    ep_rew_mean          | 713          |
| time/                   |              |
|    fps                  | 92           |
|    iterations           | 507          |
|    time_elapsed         | 11278        |
|    total_timesteps      | 1038336      |
| train/                  |              |
|    approx_kl            | 0.0071224906 |
|    clip_fraction        | 0.113        |
|    clip_range           | 0.1          |
|    entropy_loss         | -0.274       |
|    explained_variance   | 0.98         |
|    learning_rate        | 0.00025      |
|    loss                 | 85.7         |
|    n_updates            | 5060         |
|    policy_gradient_loss | -6.78e-06    |
|    value_loss           | 200          |
------------------------------------------
---------------------------------------
| rollout/                |           |
|    ep_len_mean          | 546       |
|    ep_rew_mean          | 711       |
| time/                   |           |
|    fps                  | 92        |
|    iterations           | 508       |
|    time_elapsed         | 11299     |
|    total_timesteps      | 1040384   |
| train/                  |           |
|    approx_kl            | 1.1359166 |
|    clip_fraction        | 0.327     |
|    clip_range           | 0.1       |
|    entropy_loss         | -0.438    |
|    explained_variance   | 0.84      |
|    learning_rate        | 0.00025   |
|    loss                 | 0.349     |
|    n_updates            | 5070      |
|    policy_gradient_loss | 0.0199    |
|    value_loss           | 4.41      |
---------------------------------------
-----------------------------------------
| rollout/                |             |
|    ep_len_mean          | 572         |
|    ep_rew_mean          | 715         |
| time/                   |             |
|    fps                  | 92          |
|    iterations           | 509         |
|    time_elapsed         | 11320       |
|    total_timesteps      | 1042432     |
| train/                  |             |
|    approx_kl            | 0.008427339 |
|    clip_fraction        | 0.164       |
|    clip_range           | 0.1         |
|    entropy_loss         | -0.365      |
|    explained_variance   | 0.989       |
|    learning_rate        | 0.00025     |
|    loss                 | 19.8        |
|    n_updates            | 5080        |
|    policy_gradient_loss | -0.000246   |
|    value_loss           | 70.9        |
-----------------------------------------
-----------------------------------------
| rollout/                |             |
|    ep_len_mean          | 550         |
|    ep_rew_mean          | 719         |
| time/                   |             |
|    fps                  | 92          |
|    iterations           | 510         |
|    time_elapsed         | 11341       |
|    total_timesteps      | 1044480     |
| train/                  |             |
|    approx_kl            | 0.005375365 |
|    clip_fraction        | 0.145       |
|    clip_range           | 0.1         |
|    entropy_loss         | -0.339      |
|    explained_variance   | 0.992       |
|    learning_rate        | 0.00025     |
|    loss                 | 19.3        |
|    n_updates            | 5090        |
|    policy_gradient_loss | -0.00129    |
|    value_loss           | 96.4        |
-----------------------------------------
-----------------------------------------
| rollout/                |             |
|    ep_len_mean          | 550         |
|    ep_rew_mean          | 719         |
| time/                   |             |
|    fps                  | 92          |
|    iterations           | 511         |
|    time_elapsed         | 11361       |
|    total_timesteps      | 1046528     |
| train/                  |             |
|    approx_kl            | 0.053631958 |
|    clip_fraction        | 0.145       |
|    clip_range           | 0.1         |
|    entropy_loss         | -0.429      |
|    explained_variance   | 0.999       |
|    learning_rate        | 0.00025     |
|    loss                 | 1.81        |
|    n_updates            | 5100        |
|    policy_gradient_loss | 0.00293     |
|    value_loss           | 6.28        |
-----------------------------------------
----------------------------------------
| rollout/                |            |
|    ep_len_mean          | 529        |
|    ep_rew_mean          | 721        |
| time/                   |            |
|    fps                  | 92         |
|    iterations           | 512        |
|    time_elapsed         | 11382      |
|    total_timesteps      | 1048576    |
| train/                  |            |
|    approx_kl            | 0.01387488 |
|    clip_fraction        | 0.194      |
|    clip_range           | 0.1        |
|    entropy_loss         | -0.467     |
|    explained_variance   | 0.613      |
|    learning_rate        | 0.00025    |
|    loss                 | 1.13       |
|    n_updates            | 5110       |
|    policy_gradient_loss | 0.00198    |
|    value_loss           | 12.3       |
----------------------------------------
-----------------------------------------
| rollout/                |             |
|    ep_len_mean          | 539         |
|    ep_rew_mean          | 717         |
| time/                   |             |
|    fps                  | 92          |
|    iterations           | 513         |
|    time_elapsed         | 11403       |
|    total_timesteps      | 1050624     |
| train/                  |             |
|    approx_kl            | 0.064694025 |
|    clip_fraction        | 0.224       |
|    clip_range           | 0.1         |
|    entropy_loss         | -0.453      |
|    explained_variance   | 0.985       |
|    learning_rate        | 0.00025     |
|    loss                 | 6.83        |
|    n_updates            | 5120        |
|    policy_gradient_loss | -0.019      |
|    value_loss           | 40.9        |
-----------------------------------------
-----------------------------------------
| rollout/                |             |
|    ep_len_mean          | 563         |
|    ep_rew_mean          | 713         |
| time/                   |             |
|    fps                  | 92          |
|    iterations           | 514         |
|    time_elapsed         | 11424       |
|    total_timesteps      | 1052672     |
| train/                  |             |
|    approx_kl            | 0.014060061 |
|    clip_fraction        | 0.145       |
|    clip_range           | 0.1         |
|    entropy_loss         | -0.53       |
|    explained_variance   | 0.998       |
|    learning_rate        | 0.00025     |
|    loss                 | 0.561       |
|    n_updates            | 5130        |
|    policy_gradient_loss | 0.0036      |
|    value_loss           | 3.2         |
-----------------------------------------
-------------------------------------------
| rollout/                |               |
|    ep_len_mean          | 563           |
|    ep_rew_mean          | 711           |
| time/                   |               |
|    fps                  | 92            |
|    iterations           | 515           |
|    time_elapsed         | 11444         |
|    total_timesteps      | 1054720       |
| train/                  |               |
|    approx_kl            | 0.00038821792 |
|    clip_fraction        | 0.0512        |
|    clip_range           | 0.1           |
|    entropy_loss         | -0.287        |
|    explained_variance   | 0.966         |
|    learning_rate        | 0.00025       |
|    loss                 | 4.43          |
|    n_updates            | 5140          |
|    policy_gradient_loss | 0.000358      |
|    value_loss           | 50.5          |
-------------------------------------------
------------------------------------------
| rollout/                |              |
|    ep_len_mean          | 561          |
|    ep_rew_mean          | 707          |
| time/                   |              |
|    fps                  | 92           |
|    iterations           | 516          |
|    time_elapsed         | 11464        |
|    total_timesteps      | 1056768      |
| train/                  |              |
|    approx_kl            | 8.269998e-06 |
|    clip_fraction        | 0            |
|    clip_range           | 0.1          |
|    entropy_loss         | -0.0156      |
|    explained_variance   | 0.876        |
|    learning_rate        | 0.00025      |
|    loss                 | 71.8         |
|    n_updates            | 5150         |
|    policy_gradient_loss | -8.57e-05    |
|    value_loss           | 199          |
------------------------------------------
----------------------------------------
| rollout/                |            |
|    ep_len_mean          | 583        |
|    ep_rew_mean          | 703        |
| time/                   |            |
|    fps                  | 92         |
|    iterations           | 517        |
|    time_elapsed         | 11485      |
|    total_timesteps      | 1058816    |
| train/                  |            |
|    approx_kl            | 0.06335641 |
|    clip_fraction        | 0.203      |
|    clip_range           | 0.1        |
|    entropy_loss         | -0.196     |
|    explained_variance   | 0.947      |
|    learning_rate        | 0.00025    |
|    loss                 | 162        |
|    n_updates            | 5160       |
|    policy_gradient_loss | 0.0031     |
|    value_loss           | 253        |
----------------------------------------
-----------------------------------------
| rollout/                |             |
|    ep_len_mean          | 583         |
|    ep_rew_mean          | 703         |
| time/                   |             |
|    fps                  | 92          |
|    iterations           | 518         |
|    time_elapsed         | 11506       |
|    total_timesteps      | 1060864     |
| train/                  |             |
|    approx_kl            | 0.004036168 |
|    clip_fraction        | 0.0814      |
|    clip_range           | 0.1         |
|    entropy_loss         | -0.327      |
|    explained_variance   | 0.981       |
|    learning_rate        | 0.00025     |
|    loss                 | 2.39        |
|    n_updates            | 5170        |
|    policy_gradient_loss | 0.00162     |
|    value_loss           | 17.6        |
-----------------------------------------
-----------------------------------------
| rollout/                |             |
|    ep_len_mean          | 606         |
|    ep_rew_mean          | 698         |
| time/                   |             |
|    fps                  | 92          |
|    iterations           | 519         |
|    time_elapsed         | 11527       |
|    total_timesteps      | 1062912     |
| train/                  |             |
|    approx_kl            | 0.016913746 |
|    clip_fraction        | 0.157       |
|    clip_range           | 0.1         |
|    entropy_loss         | -0.492      |
|    explained_variance   | 0.995       |
|    learning_rate        | 0.00025     |
|    loss                 | 0.584       |
|    n_updates            | 5180        |
|    policy_gradient_loss | 0.00264     |
|    value_loss           | 7.91        |
-----------------------------------------
------------------------------------------
| rollout/                |              |
|    ep_len_mean          | 606          |
|    ep_rew_mean          | 698          |
| time/                   |              |
|    fps                  | 92           |
|    iterations           | 520          |
|    time_elapsed         | 11547        |
|    total_timesteps      | 1064960      |
| train/                  |              |
|    approx_kl            | 0.0138465185 |
|    clip_fraction        | 0.107        |
|    clip_range           | 0.1          |
|    entropy_loss         | -0.311       |
|    explained_variance   | 0.98         |
|    learning_rate        | 0.00025      |
|    loss                 | 3.39         |
|    n_updates            | 5190         |
|    policy_gradient_loss | 0.000488     |
|    value_loss           | 15.8         |
------------------------------------------
-------------------------------------------
| rollout/                |               |
|    ep_len_mean          | 628           |
|    ep_rew_mean          | 690           |
| time/                   |               |
|    fps                  | 92            |
|    iterations           | 521           |
|    time_elapsed         | 11567         |
|    total_timesteps      | 1067008       |
| train/                  |               |
|    approx_kl            | 5.7425176e-08 |
|    clip_fraction        | 0             |
|    clip_range           | 0.1           |
|    entropy_loss         | -0.00307      |
|    explained_variance   | -0.146        |
|    learning_rate        | 0.00025       |
|    loss                 | 11.1          |
|    n_updates            | 5200          |
|    policy_gradient_loss | 3.03e-05      |
|    value_loss           | 65.7          |
-------------------------------------------
------------------------------------------
| rollout/                |              |
|    ep_len_mean          | 646          |
|    ep_rew_mean          | 682          |
| time/                   |              |
|    fps                  | 92           |
|    iterations           | 522          |
|    time_elapsed         | 11588        |
|    total_timesteps      | 1069056      |
| train/                  |              |
|    approx_kl            | 0.0060705515 |
|    clip_fraction        | 0.173        |
|    clip_range           | 0.1          |
|    entropy_loss         | -0.164       |
|    explained_variance   | 0.916        |
|    learning_rate        | 0.00025      |
|    loss                 | 29.1         |
|    n_updates            | 5210         |
|    policy_gradient_loss | 2.06e-06     |
|    value_loss           | 121          |
------------------------------------------
-----------------------------------------
| rollout/                |             |
|    ep_len_mean          | 668         |
|    ep_rew_mean          | 677         |
| time/                   |             |
|    fps                  | 92          |
|    iterations           | 523         |
|    time_elapsed         | 11609       |
|    total_timesteps      | 1071104     |
| train/                  |             |
|    approx_kl            | 0.011569304 |
|    clip_fraction        | 0.122       |
|    clip_range           | 0.1         |
|    entropy_loss         | -0.526      |
|    explained_variance   | 0.98        |
|    learning_rate        | 0.00025     |
|    loss                 | 17.2        |
|    n_updates            | 5220        |
|    policy_gradient_loss | 0.00306     |
|    value_loss           | 39.7        |
-----------------------------------------
---------------------------------------
| rollout/                |           |
|    ep_len_mean          | 691       |
|    ep_rew_mean          | 672       |
| time/                   |           |
|    fps                  | 92        |
|    iterations           | 524       |
|    time_elapsed         | 11630     |
|    total_timesteps      | 1073152   |
| train/                  |           |
|    approx_kl            | 0.0064267 |
|    clip_fraction        | 0.179     |
|    clip_range           | 0.1       |
|    entropy_loss         | -0.503    |
|    explained_variance   | 0.977     |
|    learning_rate        | 0.00025   |
|    loss                 | 6.35      |
|    n_updates            | 5230      |
|    policy_gradient_loss | -0.0169   |
|    value_loss           | 49.5      |
---------------------------------------
-----------------------------------------
| rollout/                |             |
|    ep_len_mean          | 691         |
|    ep_rew_mean          | 669         |
| time/                   |             |
|    fps                  | 92          |
|    iterations           | 525         |
|    time_elapsed         | 11651       |
|    total_timesteps      | 1075200     |
| train/                  |             |
|    approx_kl            | 0.033085816 |
|    clip_fraction        | 0.266       |
|    clip_range           | 0.1         |
|    entropy_loss         | -0.664      |
|    explained_variance   | 0.99        |
|    learning_rate        | 0.00025     |
|    loss                 | 0.418       |
|    n_updates            | 5240        |
|    policy_gradient_loss | 0.000339    |
|    value_loss           | 6.31        |
-----------------------------------------
-----------------------------------------
| rollout/                |             |
|    ep_len_mean          | 713         |
|    ep_rew_mean          | 666         |
| time/                   |             |
|    fps                  | 92          |
|    iterations           | 526         |
|    time_elapsed         | 11671       |
|    total_timesteps      | 1077248     |
| train/                  |             |
|    approx_kl            | 0.055126123 |
|    clip_fraction        | 0.337       |
|    clip_range           | 0.1         |
|    entropy_loss         | -0.664      |
|    explained_variance   | 0.961       |
|    learning_rate        | 0.00025     |
|    loss                 | 96.8        |
|    n_updates            | 5250        |
|    policy_gradient_loss | 0.00525     |
|    value_loss           | 194         |
-----------------------------------------
----------------------------------------
| rollout/                |            |
|    ep_len_mean          | 713        |
|    ep_rew_mean          | 666        |
| time/                   |            |
|    fps                  | 92         |
|    iterations           | 527        |
|    time_elapsed         | 11692      |
|    total_timesteps      | 1079296    |
| train/                  |            |
|    approx_kl            | 0.08659686 |
|    clip_fraction        | 0.212      |
|    clip_range           | 0.1        |
|    entropy_loss         | -0.191     |
|    explained_variance   | 0.985      |
|    learning_rate        | 0.00025    |
|    loss                 | 4.21       |
|    n_updates            | 5260       |
|    policy_gradient_loss | 0.00441    |
|    value_loss           | 22.7       |
----------------------------------------
-----------------------------------------
| rollout/                |             |
|    ep_len_mean          | 735         |
|    ep_rew_mean          | 661         |
| time/                   |             |
|    fps                  | 92          |
|    iterations           | 528         |
|    time_elapsed         | 11713       |
|    total_timesteps      | 1081344     |
| train/                  |             |
|    approx_kl            | 0.016082874 |
|    clip_fraction        | 0.173       |
|    clip_range           | 0.1         |
|    entropy_loss         | -0.837      |
|    explained_variance   | 0.977       |
|    learning_rate        | 0.00025     |
|    loss                 | 37          |
|    n_updates            | 5270        |
|    policy_gradient_loss | 0.000761    |
|    value_loss           | 66.1        |
-----------------------------------------
-----------------------------------------
| rollout/                |             |
|    ep_len_mean          | 753         |
|    ep_rew_mean          | 658         |
| time/                   |             |
|    fps                  | 92          |
|    iterations           | 529         |
|    time_elapsed         | 11733       |
|    total_timesteps      | 1083392     |
| train/                  |             |
|    approx_kl            | 0.037914097 |
|    clip_fraction        | 0.319       |
|    clip_range           | 0.1         |
|    entropy_loss         | -0.787      |
|    explained_variance   | 0.973       |
|    learning_rate        | 0.00025     |
|    loss                 | 176         |
|    n_updates            | 5280        |
|    policy_gradient_loss | -0.00128    |
|    value_loss           | 281         |
-----------------------------------------
-----------------------------------------
| rollout/                |             |
|    ep_len_mean          | 752         |
|    ep_rew_mean          | 651         |
| time/                   |             |
|    fps                  | 92          |
|    iterations           | 530         |
|    time_elapsed         | 11753       |
|    total_timesteps      | 1085440     |
| train/                  |             |
|    approx_kl            | 0.014045947 |
|    clip_fraction        | 0.195       |
|    clip_range           | 0.1         |
|    entropy_loss         | -0.452      |
|    explained_variance   | 0.973       |
|    learning_rate        | 0.00025     |
|    loss                 | 12.9        |
|    n_updates            | 5290        |
|    policy_gradient_loss | -0.00122    |
|    value_loss           | 52.9        |
-----------------------------------------
------------------------------------------
| rollout/                |              |
|    ep_len_mean          | 775          |
|    ep_rew_mean          | 649          |
| time/                   |              |
|    fps                  | 92           |
|    iterations           | 531          |
|    time_elapsed         | 11774        |
|    total_timesteps      | 1087488      |
| train/                  |              |
|    approx_kl            | 0.0022828681 |
|    clip_fraction        | 0.122        |
|    clip_range           | 0.1          |
|    entropy_loss         | -0.202       |
|    explained_variance   | 0.983        |
|    learning_rate        | 0.00025      |
|    loss                 | 139          |
|    n_updates            | 5300         |
|    policy_gradient_loss | -0.000484    |
|    value_loss           | 223          |
------------------------------------------
----------------------------------------
| rollout/                |            |
|    ep_len_mean          | 708        |
|    ep_rew_mean          | 682        |
| time/                   |            |
|    fps                  | 92         |
|    iterations           | 532        |
|    time_elapsed         | 11794      |
|    total_timesteps      | 1089536    |
| train/                  |            |
|    approx_kl            | 0.29326034 |
|    clip_fraction        | 0.266      |
|    clip_range           | 0.1        |
|    entropy_loss         | -0.0234    |
|    explained_variance   | 0.998      |
|    learning_rate        | 0.00025    |
|    loss                 | 12.4       |
|    n_updates            | 5310       |
|    policy_gradient_loss | 0.016      |
|    value_loss           | 21.4       |
----------------------------------------
----------------------------------------
| rollout/                |            |
|    ep_len_mean          | 730        |
|    ep_rew_mean          | 678        |
| time/                   |            |
|    fps                  | 92         |
|    iterations           | 533        |
|    time_elapsed         | 11815      |
|    total_timesteps      | 1091584    |
| train/                  |            |
|    approx_kl            | 0.04349409 |
|    clip_fraction        | 0.12       |
|    clip_range           | 0.1        |
|    entropy_loss         | -0.128     |
|    explained_variance   | 0.931      |
|    learning_rate        | 0.00025    |
|    loss                 | 520        |
|    n_updates            | 5320       |
|    policy_gradient_loss | 0.0101     |
|    value_loss           | 1.17e+03   |
----------------------------------------
-----------------------------------------
| rollout/                |             |
|    ep_len_mean          | 690         |
|    ep_rew_mean          | 711         |
| time/                   |             |
|    fps                  | 92          |
|    iterations           | 534         |
|    time_elapsed         | 11835       |
|    total_timesteps      | 1093632     |
| train/                  |             |
|    approx_kl            | 0.012334468 |
|    clip_fraction        | 0.138       |
|    clip_range           | 0.1         |
|    entropy_loss         | -0.178      |
|    explained_variance   | 0.994       |
|    learning_rate        | 0.00025     |
|    loss                 | 3.25        |
|    n_updates            | 5330        |
|    policy_gradient_loss | -0.000211   |
|    value_loss           | 22.4        |
-----------------------------------------
----------------------------------------
| rollout/                |            |
|    ep_len_mean          | 697        |
|    ep_rew_mean          | 717        |
| time/                   |            |
|    fps                  | 92         |
|    iterations           | 535        |
|    time_elapsed         | 11855      |
|    total_timesteps      | 1095680    |
| train/                  |            |
|    approx_kl            | 0.07472816 |
|    clip_fraction        | 0.157      |
|    clip_range           | 0.1        |
|    entropy_loss         | -0.146     |
|    explained_variance   | 0.885      |
|    learning_rate        | 0.00025    |
|    loss                 | 809        |
|    n_updates            | 5340       |
|    policy_gradient_loss | 0.021      |
|    value_loss           | 1.81e+03   |
----------------------------------------
-----------------------------------------
| rollout/                |             |
|    ep_len_mean          | 676         |
|    ep_rew_mean          | 751         |
| time/                   |             |
|    fps                  | 92          |
|    iterations           | 536         |
|    time_elapsed         | 11876       |
|    total_timesteps      | 1097728     |
| train/                  |             |
|    approx_kl            | 0.010461205 |
|    clip_fraction        | 0.129       |
|    clip_range           | 0.1         |
|    entropy_loss         | -0.17       |
|    explained_variance   | 0.956       |
|    learning_rate        | 0.00025     |
|    loss                 | 248         |
|    n_updates            | 5350        |
|    policy_gradient_loss | 0.00247     |
|    value_loss           | 806         |
-----------------------------------------
----------------------------------------
| rollout/                |            |
|    ep_len_mean          | 700        |
|    ep_rew_mean          | 776        |
| time/                   |            |
|    fps                  | 92         |
|    iterations           | 537        |
|    time_elapsed         | 11896      |
|    total_timesteps      | 1099776    |
| train/                  |            |
|    approx_kl            | 0.01927293 |
|    clip_fraction        | 0.165      |
|    clip_range           | 0.1        |
|    entropy_loss         | -0.18      |
|    explained_variance   | 0.958      |
|    learning_rate        | 0.00025    |
|    loss                 | 803        |
|    n_updates            | 5360       |
|    policy_gradient_loss | 0.00897    |
|    value_loss           | 906        |
----------------------------------------
Eval num_timesteps=1100000, episode_reward=1330.00 +/- 0.00
Episode length: 179.00 +/- 0.00
----------------------------------------
| eval/                   |            |
|    mean_ep_length       | 179        |
|    mean_reward          | 1.33e+03   |
| time/                   |            |
|    total_timesteps      | 1100000    |
| train/                  |            |
|    approx_kl            | 0.02583006 |
|    clip_fraction        | 0.118      |
|    clip_range           | 0.1        |
|    entropy_loss         | -0.156     |
|    explained_variance   | 0.948      |
|    learning_rate        | 0.00025    |
|    loss                 | 562        |
|    n_updates            | 5370       |
|    policy_gradient_loss | 0.00772    |
|    value_loss           | 1.35e+03   |
----------------------------------------
---------------------------------
| rollout/           |          |
|    ep_len_mean     | 703      |
|    ep_rew_mean     | 815      |
| time/              |          |
|    fps             | 92       |
|    iterations      | 538      |
|    time_elapsed    | 11922    |
|    total_timesteps | 1101824  |
---------------------------------
----------------------------------------
| rollout/                |            |
|    ep_len_mean          | 727        |
|    ep_rew_mean          | 827        |
| time/                   |            |
|    fps                  | 92         |
|    iterations           | 539        |
|    time_elapsed         | 11942      |
|    total_timesteps      | 1103872    |
| train/                  |            |
|    approx_kl            | 0.03398568 |
|    clip_fraction        | 0.233      |
|    clip_range           | 0.1        |
|    entropy_loss         | -0.191     |
|    explained_variance   | 0.928      |
|    learning_rate        | 0.00025    |
|    loss                 | 1.23e+03   |
|    n_updates            | 5380       |
|    policy_gradient_loss | 0.00578    |
|    value_loss           | 2.69e+03   |
----------------------------------------
-----------------------------------------
| rollout/                |             |
|    ep_len_mean          | 730         |
|    ep_rew_mean          | 898         |
| time/                   |             |
|    fps                  | 92          |
|    iterations           | 540         |
|    time_elapsed         | 11963       |
|    total_timesteps      | 1105920     |
| train/                  |             |
|    approx_kl            | 0.039558075 |
|    clip_fraction        | 0.226       |
|    clip_range           | 0.1         |
|    entropy_loss         | -0.277      |
|    explained_variance   | 0.975       |
|    learning_rate        | 0.00025     |
|    loss                 | 115         |
|    n_updates            | 5390        |
|    policy_gradient_loss | 0.00317     |
|    value_loss           | 447         |
-----------------------------------------
-----------------------------------------
| rollout/                |             |
|    ep_len_mean          | 665         |
|    ep_rew_mean          | 969         |
| time/                   |             |
|    fps                  | 92          |
|    iterations           | 541         |
|    time_elapsed         | 11983       |
|    total_timesteps      | 1107968     |
| train/                  |             |
|    approx_kl            | 0.013244497 |
|    clip_fraction        | 0.0777      |
|    clip_range           | 0.1         |
|    entropy_loss         | -0.0893     |
|    explained_variance   | 0.834       |
|    learning_rate        | 0.00025     |
|    loss                 | 855         |
|    n_updates            | 5400        |
|    policy_gradient_loss | 0.00464     |
|    value_loss           | 2.36e+03    |
-----------------------------------------
-----------------------------------------
| rollout/                |             |
|    ep_len_mean          | 556         |
|    ep_rew_mean          | 1.07e+03    |
| time/                   |             |
|    fps                  | 92          |
|    iterations           | 542         |
|    time_elapsed         | 12004       |
|    total_timesteps      | 1110016     |
| train/                  |             |
|    approx_kl            | 0.016308999 |
|    clip_fraction        | 0.0907      |
|    clip_range           | 0.1         |
|    entropy_loss         | -0.0975     |
|    explained_variance   | 0.762       |
|    learning_rate        | 0.00025     |
|    loss                 | 2.1e+03     |
|    n_updates            | 5410        |
|    policy_gradient_loss | 0.00533     |
|    value_loss           | 4.38e+03    |
-----------------------------------------
-----------------------------------------
| rollout/                |             |
|    ep_len_mean          | 480         |
|    ep_rew_mean          | 1.11e+03    |
| time/                   |             |
|    fps                  | 92          |
|    iterations           | 543         |
|    time_elapsed         | 12025       |
|    total_timesteps      | 1112064     |
| train/                  |             |
|    approx_kl            | 0.039766774 |
|    clip_fraction        | 0.0986      |
|    clip_range           | 0.1         |
|    entropy_loss         | -0.1        |
|    explained_variance   | 0.869       |
|    learning_rate        | 0.00025     |
|    loss                 | 1.75e+03    |
|    n_updates            | 5420        |
|    policy_gradient_loss | 0.00647     |
|    value_loss           | 2.33e+03    |
-----------------------------------------
-----------------------------------------
| rollout/                |             |
|    ep_len_mean          | 480         |
|    ep_rew_mean          | 1.11e+03    |
| time/                   |             |
|    fps                  | 92          |
|    iterations           | 544         |
|    time_elapsed         | 12046       |
|    total_timesteps      | 1114112     |
| train/                  |             |
|    approx_kl            | 0.018450055 |
|    clip_fraction        | 0.123       |
|    clip_range           | 0.1         |
|    entropy_loss         | -0.14       |
|    explained_variance   | 0.839       |
|    learning_rate        | 0.00025     |
|    loss                 | 1.11e+03    |
|    n_updates            | 5430        |
|    policy_gradient_loss | 0.00436     |
|    value_loss           | 2.25e+03    |
-----------------------------------------
-----------------------------------------
| rollout/                |             |
|    ep_len_mean          | 416         |
|    ep_rew_mean          | 1.13e+03    |
| time/                   |             |
|    fps                  | 92          |
|    iterations           | 545         |
|    time_elapsed         | 12067       |
|    total_timesteps      | 1116160     |
| train/                  |             |
|    approx_kl            | 0.060878128 |
|    clip_fraction        | 0.128       |
|    clip_range           | 0.1         |
|    entropy_loss         | -0.11       |
|    explained_variance   | 0.926       |
|    learning_rate        | 0.00025     |
|    loss                 | 206         |
|    n_updates            | 5440        |
|    policy_gradient_loss | 0.00416     |
|    value_loss           | 389         |
-----------------------------------------
----------------------------------------
| rollout/                |            |
|    ep_len_mean          | 333        |
|    ep_rew_mean          | 1.22e+03   |
| time/                   |            |
|    fps                  | 92         |
|    iterations           | 546        |
|    time_elapsed         | 12087      |
|    total_timesteps      | 1118208    |
| train/                  |            |
|    approx_kl            | 0.03151709 |
|    clip_fraction        | 0.118      |
|    clip_range           | 0.1        |
|    entropy_loss         | -0.169     |
|    explained_variance   | 0.901      |
|    learning_rate        | 0.00025    |
|    loss                 | 839        |
|    n_updates            | 5450       |
|    policy_gradient_loss | 0.00107    |
|    value_loss           | 1.65e+03   |
----------------------------------------
------------------------------------------
| rollout/                |              |
|    ep_len_mean          | 310          |
|    ep_rew_mean          | 1.25e+03     |
| time/                   |              |
|    fps                  | 92           |
|    iterations           | 547          |
|    time_elapsed         | 12108        |
|    total_timesteps      | 1120256      |
| train/                  |              |
|    approx_kl            | 0.0063996054 |
|    clip_fraction        | 0.0563       |
|    clip_range           | 0.1          |
|    entropy_loss         | -0.0643      |
|    explained_variance   | 0.801        |
|    learning_rate        | 0.00025      |
|    loss                 | 1.19e+03     |
|    n_updates            | 5460         |
|    policy_gradient_loss | 0.00191      |
|    value_loss           | 2.65e+03     |
------------------------------------------
------------------------------------------
| rollout/                |              |
|    ep_len_mean          | 333          |
|    ep_rew_mean          | 1.26e+03     |
| time/                   |              |
|    fps                  | 92           |
|    iterations           | 548          |
|    time_elapsed         | 12129        |
|    total_timesteps      | 1122304      |
| train/                  |              |
|    approx_kl            | 0.0053041955 |
|    clip_fraction        | 0.0765       |
|    clip_range           | 0.1          |
|    entropy_loss         | -0.126       |
|    explained_variance   | 0.888        |
|    learning_rate        | 0.00025      |
|    loss                 | 1.99e+03     |
|    n_updates            | 5470         |
|    policy_gradient_loss | 0.00211      |
|    value_loss           | 3.22e+03     |
------------------------------------------
-----------------------------------------
| rollout/                |             |
|    ep_len_mean          | 280         |
|    ep_rew_mean          | 1.24e+03    |
| time/                   |             |
|    fps                  | 92          |
|    iterations           | 549         |
|    time_elapsed         | 12149       |
|    total_timesteps      | 1124352     |
| train/                  |             |
|    approx_kl            | 0.008210678 |
|    clip_fraction        | 0.102       |
|    clip_range           | 0.1         |
|    entropy_loss         | -0.206      |
|    explained_variance   | 0.946       |
|    learning_rate        | 0.00025     |
|    loss                 | 46.7        |
|    n_updates            | 5480        |
|    policy_gradient_loss | 0.0032      |
|    value_loss           | 372         |
-----------------------------------------
----------------------------------------
| rollout/                |            |
|    ep_len_mean          | 258        |
|    ep_rew_mean          | 1.25e+03   |
| time/                   |            |
|    fps                  | 92         |
|    iterations           | 550        |
|    time_elapsed         | 12170      |
|    total_timesteps      | 1126400    |
| train/                  |            |
|    approx_kl            | 0.02370907 |
|    clip_fraction        | 0.0625     |
|    clip_range           | 0.1        |
|    entropy_loss         | -0.057     |
|    explained_variance   | 0.524      |
|    learning_rate        | 0.00025    |
|    loss                 | 2.62e+03   |
|    n_updates            | 5490       |
|    policy_gradient_loss | 0.0099     |
|    value_loss           | 5.98e+03   |
----------------------------------------
-----------------------------------------
| rollout/                |             |
|    ep_len_mean          | 280         |
|    ep_rew_mean          | 1.24e+03    |
| time/                   |             |
|    fps                  | 92          |
|    iterations           | 551         |
|    time_elapsed         | 12191       |
|    total_timesteps      | 1128448     |
| train/                  |             |
|    approx_kl            | 0.037838507 |
|    clip_fraction        | 0.128       |
|    clip_range           | 0.1         |
|    entropy_loss         | -0.178      |
|    explained_variance   | 0.901       |
|    learning_rate        | 0.00025     |
|    loss                 | 845         |
|    n_updates            | 5500        |
|    policy_gradient_loss | 0.00379     |
|    value_loss           | 2.17e+03    |
-----------------------------------------
-----------------------------------------
| rollout/                |             |
|    ep_len_mean          | 304         |
|    ep_rew_mean          | 1.24e+03    |
| time/                   |             |
|    fps                  | 92          |
|    iterations           | 552         |
|    time_elapsed         | 12212       |
|    total_timesteps      | 1130496     |
| train/                  |             |
|    approx_kl            | 0.008217318 |
|    clip_fraction        | 0.125       |
|    clip_range           | 0.1         |
|    entropy_loss         | -0.222      |
|    explained_variance   | 0.957       |
|    learning_rate        | 0.00025     |
|    loss                 | 266         |
|    n_updates            | 5510        |
|    policy_gradient_loss | 0.00204     |
|    value_loss           | 496         |
-----------------------------------------
----------------------------------------
| rollout/                |            |
|    ep_len_mean          | 280        |
|    ep_rew_mean          | 1.24e+03   |
| time/                   |            |
|    fps                  | 92         |
|    iterations           | 553        |
|    time_elapsed         | 12233      |
|    total_timesteps      | 1132544    |
| train/                  |            |
|    approx_kl            | 0.01337196 |
|    clip_fraction        | 0.102      |
|    clip_range           | 0.1        |
|    entropy_loss         | -0.292     |
|    explained_variance   | 0.946      |
|    learning_rate        | 0.00025    |
|    loss                 | 78.3       |
|    n_updates            | 5520       |
|    policy_gradient_loss | 0.00022    |
|    value_loss           | 776        |
----------------------------------------
-----------------------------------------
| rollout/                |             |
|    ep_len_mean          | 283         |
|    ep_rew_mean          | 1.26e+03    |
| time/                   |             |
|    fps                  | 92          |
|    iterations           | 554         |
|    time_elapsed         | 12253       |
|    total_timesteps      | 1134592     |
| train/                  |             |
|    approx_kl            | 0.014034037 |
|    clip_fraction        | 0.0802      |
|    clip_range           | 0.1         |
|    entropy_loss         | -0.0816     |
|    explained_variance   | 0.776       |
|    learning_rate        | 0.00025     |
|    loss                 | 1.85e+03    |
|    n_updates            | 5530        |
|    policy_gradient_loss | 0.00277     |
|    value_loss           | 4.32e+03    |
-----------------------------------------
-----------------------------------------
| rollout/                |             |
|    ep_len_mean          | 287         |
|    ep_rew_mean          | 1.31e+03    |
| time/                   |             |
|    fps                  | 92          |
|    iterations           | 555         |
|    time_elapsed         | 12274       |
|    total_timesteps      | 1136640     |
| train/                  |             |
|    approx_kl            | 0.039675184 |
|    clip_fraction        | 0.0873      |
|    clip_range           | 0.1         |
|    entropy_loss         | -0.0739     |
|    explained_variance   | 0.854       |
|    learning_rate        | 0.00025     |
|    loss                 | 964         |
|    n_updates            | 5540        |
|    policy_gradient_loss | 0.00591     |
|    value_loss           | 2.79e+03    |
-----------------------------------------
-----------------------------------------
| rollout/                |             |
|    ep_len_mean          | 287         |
|    ep_rew_mean          | 1.31e+03    |
| time/                   |             |
|    fps                  | 92          |
|    iterations           | 556         |
|    time_elapsed         | 12295       |
|    total_timesteps      | 1138688     |
| train/                  |             |
|    approx_kl            | 0.061087787 |
|    clip_fraction        | 0.0941      |
|    clip_range           | 0.1         |
|    entropy_loss         | -0.0772     |
|    explained_variance   | 0.929       |
|    learning_rate        | 0.00025     |
|    loss                 | 126         |
|    n_updates            | 5550        |
|    policy_gradient_loss | 0.00333     |
|    value_loss           | 550         |
-----------------------------------------
---------------------------------------
| rollout/                |           |
|    ep_len_mean          | 309       |
|    ep_rew_mean          | 1.29e+03  |
| time/                   |           |
|    fps                  | 92        |
|    iterations           | 557       |
|    time_elapsed         | 12315     |
|    total_timesteps      | 1140736   |
| train/                  |           |
|    approx_kl            | 2.1156554 |
|    clip_fraction        | 0.228     |
|    clip_range           | 0.1       |
|    entropy_loss         | -0.166    |
|    explained_variance   | 0.904     |
|    learning_rate        | 0.00025   |
|    loss                 | 81.9      |
|    n_updates            | 5560      |
|    policy_gradient_loss | 0.0557    |
|    value_loss           | 479       |
---------------------------------------
-----------------------------------------
| rollout/                |             |
|    ep_len_mean          | 330         |
|    ep_rew_mean          | 1.26e+03    |
| time/                   |             |
|    fps                  | 92          |
|    iterations           | 558         |
|    time_elapsed         | 12335       |
|    total_timesteps      | 1142784     |
| train/                  |             |
|    approx_kl            | 0.010388682 |
|    clip_fraction        | 0.103       |
|    clip_range           | 0.1         |
|    entropy_loss         | -0.133      |
|    explained_variance   | 0.968       |
|    learning_rate        | 0.00025     |
|    loss                 | 50.8        |
|    n_updates            | 5570        |
|    policy_gradient_loss | -0.000324   |
|    value_loss           | 169         |
-----------------------------------------
-----------------------------------------
| rollout/                |             |
|    ep_len_mean          | 291         |
|    ep_rew_mean          | 1.31e+03    |
| time/                   |             |
|    fps                  | 92          |
|    iterations           | 559         |
|    time_elapsed         | 12356       |
|    total_timesteps      | 1144832     |
| train/                  |             |
|    approx_kl            | 0.080211625 |
|    clip_fraction        | 0.152       |
|    clip_range           | 0.1         |
|    entropy_loss         | -0.132      |
|    explained_variance   | 0.907       |
|    learning_rate        | 0.00025     |
|    loss                 | 847         |
|    n_updates            | 5580        |
|    policy_gradient_loss | 0.0172      |
|    value_loss           | 2.01e+03    |
-----------------------------------------
----------------------------------------
| rollout/                |            |
|    ep_len_mean          | 291        |
|    ep_rew_mean          | 1.31e+03   |
| time/                   |            |
|    fps                  | 92         |
|    iterations           | 560        |
|    time_elapsed         | 12376      |
|    total_timesteps      | 1146880    |
| train/                  |            |
|    approx_kl            | 0.03953492 |
|    clip_fraction        | 0.126      |
|    clip_range           | 0.1        |
|    entropy_loss         | -0.11      |
|    explained_variance   | 0.82       |
|    learning_rate        | 0.00025    |
|    loss                 | 1.36e+03   |
|    n_updates            | 5590       |
|    policy_gradient_loss | 0.00926    |
|    value_loss           | 2.44e+03   |
----------------------------------------
-------------------------------------------
| rollout/                |               |
|    ep_len_mean          | 313           |
|    ep_rew_mean          | 1.32e+03      |
| time/                   |               |
|    fps                  | 92            |
|    iterations           | 561           |
|    time_elapsed         | 12397         |
|    total_timesteps      | 1148928       |
| train/                  |               |
|    approx_kl            | 0.00082102057 |
|    clip_fraction        | 0.00634       |
|    clip_range           | 0.1           |
|    entropy_loss         | -0.00494      |
|    explained_variance   | -2.57         |
|    learning_rate        | 0.00025       |
|    loss                 | 10.4          |
|    n_updates            | 5600          |
|    policy_gradient_loss | 0.00261       |
|    value_loss           | 340           |
-------------------------------------------
------------------------------------------
| rollout/                |              |
|    ep_len_mean          | 336          |
|    ep_rew_mean          | 1.31e+03     |
| time/                   |              |
|    fps                  | 92           |
|    iterations           | 562          |
|    time_elapsed         | 12417        |
|    total_timesteps      | 1150976      |
| train/                  |              |
|    approx_kl            | 0.0019882442 |
|    clip_fraction        | 0.0149       |
|    clip_range           | 0.1          |
|    entropy_loss         | -0.0103      |
|    explained_variance   | 0.942        |
|    learning_rate        | 0.00025      |
|    loss                 | 87           |
|    n_updates            | 5610         |
|    policy_gradient_loss | 0.00244      |
|    value_loss           | 627          |
------------------------------------------
------------------------------------------
| rollout/                |              |
|    ep_len_mean          | 359          |
|    ep_rew_mean          | 1.3e+03      |
| time/                   |              |
|    fps                  | 92           |
|    iterations           | 563          |
|    time_elapsed         | 12437        |
|    total_timesteps      | 1153024      |
| train/                  |              |
|    approx_kl            | 0.0012466076 |
|    clip_fraction        | 0.00692      |
|    clip_range           | 0.1          |
|    entropy_loss         | -0.00958     |
|    explained_variance   | 0.716        |
|    learning_rate        | 0.00025      |
|    loss                 | 557          |
|    n_updates            | 5620         |
|    policy_gradient_loss | 0.00154      |
|    value_loss           | 872          |
------------------------------------------
---------------------------------------
| rollout/                |           |
|    ep_len_mean          | 381       |
|    ep_rew_mean          | 1.29e+03  |
| time/                   |           |
|    fps                  | 92        |
|    iterations           | 564       |
|    time_elapsed         | 12457     |
|    total_timesteps      | 1155072   |
| train/                  |           |
|    approx_kl            | 0.2907973 |
|    clip_fraction        | 0.0202    |
|    clip_range           | 0.1       |
|    entropy_loss         | -0.014    |
|    explained_variance   | 0.902     |
|    learning_rate        | 0.00025   |
|    loss                 | 184       |
|    n_updates            | 5630      |
|    policy_gradient_loss | 0.0132    |
|    value_loss           | 529       |
---------------------------------------
------------------------------------------
| rollout/                |              |
|    ep_len_mean          | 403          |
|    ep_rew_mean          | 1.27e+03     |
| time/                   |              |
|    fps                  | 92           |
|    iterations           | 565          |
|    time_elapsed         | 12477        |
|    total_timesteps      | 1157120      |
| train/                  |              |
|    approx_kl            | 1.443911e-10 |
|    clip_fraction        | 0            |
|    clip_range           | 0.1          |
|    entropy_loss         | -6.31e-06    |
|    explained_variance   | 0.921        |
|    learning_rate        | 0.00025      |
|    loss                 | 237          |
|    n_updates            | 5640         |
|    policy_gradient_loss | 2.77e-08     |
|    value_loss           | 412          |
------------------------------------------
-------------------------------------------
| rollout/                |               |
|    ep_len_mean          | 426           |
|    ep_rew_mean          | 1.26e+03      |
| time/                   |               |
|    fps                  | 92            |
|    iterations           | 566           |
|    time_elapsed         | 12498         |
|    total_timesteps      | 1159168       |
| train/                  |               |
|    approx_kl            | 7.3890054e-09 |
|    clip_fraction        | 0             |
|    clip_range           | 0.1           |
|    entropy_loss         | -8.32e-05     |
|    explained_variance   | -0.000979     |
|    learning_rate        | 0.00025       |
|    loss                 | 335           |
|    n_updates            | 5650          |
|    policy_gradient_loss | 3.8e-08       |
|    value_loss           | 713           |
-------------------------------------------
-------------------------------------------
| rollout/                |               |
|    ep_len_mean          | 426           |
|    ep_rew_mean          | 1.26e+03      |
| time/                   |               |
|    fps                  | 92            |
|    iterations           | 567           |
|    time_elapsed         | 12518         |
|    total_timesteps      | 1161216       |
| train/                  |               |
|    approx_kl            | 1.4845314e-08 |
|    clip_fraction        | 0             |
|    clip_range           | 0.1           |
|    entropy_loss         | -0.000312     |
|    explained_variance   | -0.0024       |
|    learning_rate        | 0.00025       |
|    loss                 | 72.9          |
|    n_updates            | 5660          |
|    policy_gradient_loss | 7.23e-08      |
|    value_loss           | 530           |
-------------------------------------------
------------------------------------------
| rollout/                |              |
|    ep_len_mean          | 449          |
|    ep_rew_mean          | 1.24e+03     |
| time/                   |              |
|    fps                  | 92           |
|    iterations           | 568          |
|    time_elapsed         | 12538        |
|    total_timesteps      | 1163264      |
| train/                  |              |
|    approx_kl            | 6.280583e-07 |
|    clip_fraction        | 0            |
|    clip_range           | 0.1          |
|    entropy_loss         | -0.00259     |
|    explained_variance   | -0.0233      |
|    learning_rate        | 0.00025      |
|    loss                 | 9.24         |
|    n_updates            | 5670         |
|    policy_gradient_loss | 4.05e-08     |
|    value_loss           | 210          |
------------------------------------------
------------------------------------------
| rollout/                |              |
|    ep_len_mean          | 471          |
|    ep_rew_mean          | 1.22e+03     |
| time/                   |              |
|    fps                  | 92           |
|    iterations           | 569          |
|    time_elapsed         | 12558        |
|    total_timesteps      | 1165312      |
| train/                  |              |
|    approx_kl            | 0.0025778916 |
|    clip_fraction        | 0.0266       |
|    clip_range           | 0.1          |
|    entropy_loss         | -0.0466      |
|    explained_variance   | 0.0406       |
|    learning_rate        | 0.00025      |
|    loss                 | 186          |
|    n_updates            | 5680         |
|    policy_gradient_loss | 0.000347     |
|    value_loss           | 223          |
------------------------------------------
-------------------------------------------
| rollout/                |               |
|    ep_len_mean          | 493           |
|    ep_rew_mean          | 1.2e+03       |
| time/                   |               |
|    fps                  | 92            |
|    iterations           | 570           |
|    time_elapsed         | 12578         |
|    total_timesteps      | 1167360       |
| train/                  |               |
|    approx_kl            | 0.00010531016 |
|    clip_fraction        | 0             |
|    clip_range           | 0.1           |
|    entropy_loss         | -0.0227       |
|    explained_variance   | -0.0537       |
|    learning_rate        | 0.00025       |
|    loss                 | 6.42          |
|    n_updates            | 5690          |
|    policy_gradient_loss | 1.96e-05      |
|    value_loss           | 150           |
-------------------------------------------
-----------------------------------------
| rollout/                |             |
|    ep_len_mean          | 515         |
|    ep_rew_mean          | 1.18e+03    |
| time/                   |             |
|    fps                  | 92          |
|    iterations           | 571         |
|    time_elapsed         | 12598       |
|    total_timesteps      | 1169408     |
| train/                  |             |
|    approx_kl            | 0.032872178 |
|    clip_fraction        | 0.00913     |
|    clip_range           | 0.1         |
|    entropy_loss         | -0.037      |
|    explained_variance   | 0.582       |
|    learning_rate        | 0.00025     |
|    loss                 | 16.4        |
|    n_updates            | 5700        |
|    policy_gradient_loss | 0.00359     |
|    value_loss           | 199         |
-----------------------------------------
-------------------------------------------
| rollout/                |               |
|    ep_len_mean          | 537           |
|    ep_rew_mean          | 1.16e+03      |
| time/                   |               |
|    fps                  | 92            |
|    iterations           | 572           |
|    time_elapsed         | 12618         |
|    total_timesteps      | 1171456       |
| train/                  |               |
|    approx_kl            | 3.7541685e-09 |
|    clip_fraction        | 0             |
|    clip_range           | 0.1           |
|    entropy_loss         | -0.000303     |
|    explained_variance   | 0.719         |
|    learning_rate        | 0.00025       |
|    loss                 | 64            |
|    n_updates            | 5710          |
|    policy_gradient_loss | 2.41e-06      |
|    value_loss           | 165           |
-------------------------------------------
------------------------------------------
| rollout/                |              |
|    ep_len_mean          | 537          |
|    ep_rew_mean          | 1.16e+03     |
| time/                   |              |
|    fps                  | 92           |
|    iterations           | 573          |
|    time_elapsed         | 12638        |
|    total_timesteps      | 1173504      |
| train/                  |              |
|    approx_kl            | 2.497966e-08 |
|    clip_fraction        | 0            |
|    clip_range           | 0.1          |
|    entropy_loss         | -0.00134     |
|    explained_variance   | -0.00191     |
|    learning_rate        | 0.00025      |
|    loss                 | 11.8         |
|    n_updates            | 5720         |
|    policy_gradient_loss | 6.82e-08     |
|    value_loss           | 63.6         |
------------------------------------------
-------------------------------------------
| rollout/                |               |
|    ep_len_mean          | 559           |
|    ep_rew_mean          | 1.14e+03      |
| time/                   |               |
|    fps                  | 92            |
|    iterations           | 574           |
|    time_elapsed         | 12658         |
|    total_timesteps      | 1175552       |
| train/                  |               |
|    approx_kl            | 2.1320147e-06 |
|    clip_fraction        | 0             |
|    clip_range           | 0.1           |
|    entropy_loss         | -0.00451      |
|    explained_variance   | -0.0129       |
|    learning_rate        | 0.00025       |
|    loss                 | 1.5           |
|    n_updates            | 5730          |
|    policy_gradient_loss | 6.31e-07      |
|    value_loss           | 13.2          |
-------------------------------------------
-----------------------------------------
| rollout/                |             |
|    ep_len_mean          | 583         |
|    ep_rew_mean          | 1.11e+03    |
| time/                   |             |
|    fps                  | 92          |
|    iterations           | 575         |
|    time_elapsed         | 12678       |
|    total_timesteps      | 1177600     |
| train/                  |             |
|    approx_kl            | 0.016889328 |
|    clip_fraction        | 0.0777      |
|    clip_range           | 0.1         |
|    entropy_loss         | -0.0718     |
|    explained_variance   | 0.858       |
|    learning_rate        | 0.00025     |
|    loss                 | 14.3        |
|    n_updates            | 5740        |
|    policy_gradient_loss | -0.00126    |
|    value_loss           | 49.2        |
-----------------------------------------
-----------------------------------------
| rollout/                |             |
|    ep_len_mean          | 610         |
|    ep_rew_mean          | 1.08e+03    |
| time/                   |             |
|    fps                  | 92          |
|    iterations           | 576         |
|    time_elapsed         | 12698       |
|    total_timesteps      | 1179648     |
| train/                  |             |
|    approx_kl            | 0.042272914 |
|    clip_fraction        | 0.11        |
|    clip_range           | 0.1         |
|    entropy_loss         | -0.118      |
|    explained_variance   | 0.78        |
|    learning_rate        | 0.00025     |
|    loss                 | 41.3        |
|    n_updates            | 5750        |
|    policy_gradient_loss | 0.00128     |
|    value_loss           | 264         |
-----------------------------------------
------------------------------------------
| rollout/                |              |
|    ep_len_mean          | 610          |
|    ep_rew_mean          | 1.08e+03     |
| time/                   |              |
|    fps                  | 92           |
|    iterations           | 577          |
|    time_elapsed         | 12718        |
|    total_timesteps      | 1181696      |
| train/                  |              |
|    approx_kl            | 0.0094794845 |
|    clip_fraction        | 0.0419       |
|    clip_range           | 0.1          |
|    entropy_loss         | -0.0562      |
|    explained_variance   | 0.858        |
|    learning_rate        | 0.00025      |
|    loss                 | 17           |
|    n_updates            | 5760         |
|    policy_gradient_loss | 0.0039       |
|    value_loss           | 68.3         |
------------------------------------------
-----------------------------------------
| rollout/                |             |
|    ep_len_mean          | 632         |
|    ep_rew_mean          | 1.07e+03    |
| time/                   |             |
|    fps                  | 92          |
|    iterations           | 578         |
|    time_elapsed         | 12739       |
|    total_timesteps      | 1183744     |
| train/                  |             |
|    approx_kl            | 0.014383208 |
|    clip_fraction        | 0.192       |
|    clip_range           | 0.1         |
|    entropy_loss         | -0.331      |
|    explained_variance   | 0.736       |
|    learning_rate        | 0.00025     |
|    loss                 | 27          |
|    n_updates            | 5770        |
|    policy_gradient_loss | 0.0156      |
|    value_loss           | 117         |
-----------------------------------------
----------------------------------------
| rollout/                |            |
|    ep_len_mean          | 655        |
|    ep_rew_mean          | 1.07e+03   |
| time/                   |            |
|    fps                  | 92         |
|    iterations           | 579        |
|    time_elapsed         | 12759      |
|    total_timesteps      | 1185792    |
| train/                  |            |
|    approx_kl            | 0.02098818 |
|    clip_fraction        | 0.215      |
|    clip_range           | 0.1        |
|    entropy_loss         | -0.422     |
|    explained_variance   | 0.832      |
|    learning_rate        | 0.00025    |
|    loss                 | 103        |
|    n_updates            | 5780       |
|    policy_gradient_loss | 0.00155    |
|    value_loss           | 175        |
----------------------------------------
-----------------------------------------
| rollout/                |             |
|    ep_len_mean          | 677         |
|    ep_rew_mean          | 1.05e+03    |
| time/                   |             |
|    fps                  | 92          |
|    iterations           | 580         |
|    time_elapsed         | 12779       |
|    total_timesteps      | 1187840     |
| train/                  |             |
|    approx_kl            | 0.008041686 |
|    clip_fraction        | 0.06        |
|    clip_range           | 0.1         |
|    entropy_loss         | -0.113      |
|    explained_variance   | 0.892       |
|    learning_rate        | 0.00025     |
|    loss                 | 51.7        |
|    n_updates            | 5790        |
|    policy_gradient_loss | 0.01        |
|    value_loss           | 190         |
-----------------------------------------
-----------------------------------------
| rollout/                |             |
|    ep_len_mean          | 701         |
|    ep_rew_mean          | 1.05e+03    |
| time/                   |             |
|    fps                  | 92          |
|    iterations           | 581         |
|    time_elapsed         | 12799       |
|    total_timesteps      | 1189888     |
| train/                  |             |
|    approx_kl            | 0.006736714 |
|    clip_fraction        | 0.0117      |
|    clip_range           | 0.1         |
|    entropy_loss         | -0.0242     |
|    explained_variance   | 0.789       |
|    learning_rate        | 0.00025     |
|    loss                 | 57.9        |
|    n_updates            | 5800        |
|    policy_gradient_loss | 0.00264     |
|    value_loss           | 227         |
-----------------------------------------
-------------------------------------------
| rollout/                |               |
|    ep_len_mean          | 724           |
|    ep_rew_mean          | 1.04e+03      |
| time/                   |               |
|    fps                  | 92            |
|    iterations           | 582           |
|    time_elapsed         | 12820         |
|    total_timesteps      | 1191936       |
| train/                  |               |
|    approx_kl            | 6.0632625e-05 |
|    clip_fraction        | 0.00146       |
|    clip_range           | 0.1           |
|    entropy_loss         | -0.0167       |
|    explained_variance   | 0.9           |
|    learning_rate        | 0.00025       |
|    loss                 | 21.4          |
|    n_updates            | 5810          |
|    policy_gradient_loss | 0.0002        |
|    value_loss           | 87.9          |
-------------------------------------------
------------------------------------------
| rollout/                |              |
|    ep_len_mean          | 747          |
|    ep_rew_mean          | 1.03e+03     |
| time/                   |              |
|    fps                  | 92           |
|    iterations           | 583          |
|    time_elapsed         | 12840        |
|    total_timesteps      | 1193984      |
| train/                  |              |
|    approx_kl            | 0.0010914984 |
|    clip_fraction        | 0.00883      |
|    clip_range           | 0.1          |
|    entropy_loss         | -0.0257      |
|    explained_variance   | 0.928        |
|    learning_rate        | 0.00025      |
|    loss                 | 99.9         |
|    n_updates            | 5820         |
|    policy_gradient_loss | -0.000114    |
|    value_loss           | 118          |
------------------------------------------
-------------------------------------------
| rollout/                |               |
|    ep_len_mean          | 747           |
|    ep_rew_mean          | 1.03e+03      |
| time/                   |               |
|    fps                  | 93            |
|    iterations           | 584           |
|    time_elapsed         | 12860         |
|    total_timesteps      | 1196032       |
| train/                  |               |
|    approx_kl            | 0.00013214999 |
|    clip_fraction        | 0.00259       |
|    clip_range           | 0.1           |
|    entropy_loss         | -0.0393       |
|    explained_variance   | 0.802         |
|    learning_rate        | 0.00025       |
|    loss                 | 18.4          |
|    n_updates            | 5830          |
|    policy_gradient_loss | 0.00286       |
|    value_loss           | 64.4          |
-------------------------------------------
-------------------------------------------
| rollout/                |               |
|    ep_len_mean          | 769           |
|    ep_rew_mean          | 1.01e+03      |
| time/                   |               |
|    fps                  | 93            |
|    iterations           | 585           |
|    time_elapsed         | 12880         |
|    total_timesteps      | 1198080       |
| train/                  |               |
|    approx_kl            | 0.00060765207 |
|    clip_fraction        | 0.0712        |
|    clip_range           | 0.1           |
|    entropy_loss         | -0.0988       |
|    explained_variance   | 0.856         |
|    learning_rate        | 0.00025       |
|    loss                 | 0.874         |
|    n_updates            | 5840          |
|    policy_gradient_loss | 0.00098       |
|    value_loss           | 8.46          |
-------------------------------------------
Eval num_timesteps=1200000, episode_reward=-415.00 +/- 0.00
Episode length: 2406.00 +/- 0.00
---------------------------------------
| eval/                   |           |
|    mean_ep_length       | 2.41e+03  |
|    mean_reward          | -415      |
| time/                   |           |
|    total_timesteps      | 1200000   |
| train/                  |           |
|    approx_kl            | 0.0       |
|    clip_fraction        | 0         |
|    clip_range           | 0.1       |
|    entropy_loss         | -0.000459 |
|    explained_variance   | 0.0778    |
|    learning_rate        | 0.00025   |
|    loss                 | 2.57      |
|    n_updates            | 5850      |
|    policy_gradient_loss | -2.96e-06 |
|    value_loss           | 15.2      |
---------------------------------------
---------------------------------
| rollout/           |          |
|    ep_len_mean     | 769      |
|    ep_rew_mean     | 1e+03    |
| time/              |          |
|    fps             | 92       |
|    iterations      | 586      |
|    time_elapsed    | 12963    |
|    total_timesteps | 1200128  |
---------------------------------
--------------------------------------------
| rollout/                |                |
|    ep_len_mean          | 790            |
|    ep_rew_mean          | 981            |
| time/                   |                |
|    fps                  | 92             |
|    iterations           | 587            |
|    time_elapsed         | 12983          |
|    total_timesteps      | 1202176        |
| train/                  |                |
|    approx_kl            | -1.5559632e-08 |
|    clip_fraction        | 0              |
|    clip_range           | 0.1            |
|    entropy_loss         | -0.000264      |
|    explained_variance   | -0.204         |
|    learning_rate        | 0.00025        |
|    loss                 | 14.1           |
|    n_updates            | 5860           |
|    policy_gradient_loss | 1.61e-07       |
|    value_loss           | 8.63           |
--------------------------------------------
------------------------------------------
| rollout/                |              |
|    ep_len_mean          | 812          |
|    ep_rew_mean          | 961          |
| time/                   |              |
|    fps                  | 92           |
|    iterations           | 588          |
|    time_elapsed         | 13003        |
|    total_timesteps      | 1204224      |
| train/                  |              |
|    approx_kl            | 3.378465e-08 |
|    clip_fraction        | 0            |
|    clip_range           | 0.1          |
|    entropy_loss         | -0.000307    |
|    explained_variance   | -0.462       |
|    learning_rate        | 0.00025      |
|    loss                 | 7.38         |
|    n_updates            | 5870         |
|    policy_gradient_loss | 2.04e-08     |
|    value_loss           | 6.19         |
------------------------------------------
-------------------------------------------
| rollout/                |               |
|    ep_len_mean          | 834           |
|    ep_rew_mean          | 938           |
| time/                   |               |
|    fps                  | 92            |
|    iterations           | 589           |
|    time_elapsed         | 13023         |
|    total_timesteps      | 1206272       |
| train/                  |               |
|    approx_kl            | 2.5698514e-08 |
|    clip_fraction        | 0             |
|    clip_range           | 0.1           |
|    entropy_loss         | -0.000396     |
|    explained_variance   | -0.528        |
|    learning_rate        | 0.00025       |
|    loss                 | 6.79          |
|    n_updates            | 5880          |
|    policy_gradient_loss | -3.38e-08     |
|    value_loss           | 2.63          |
-------------------------------------------
-------------------------------------------
| rollout/                |               |
|    ep_len_mean          | 857           |
|    ep_rew_mean          | 928           |
| time/                   |               |
|    fps                  | 92            |
|    iterations           | 590           |
|    time_elapsed         | 13043         |
|    total_timesteps      | 1208320       |
| train/                  |               |
|    approx_kl            | 0.00014646888 |
|    clip_fraction        | 0.000436      |
|    clip_range           | 0.1           |
|    entropy_loss         | -0.000574     |
|    explained_variance   | -0.45         |
|    learning_rate        | 0.00025       |
|    loss                 | 6.09          |
|    n_updates            | 5890          |
|    policy_gradient_loss | -4.59e-06     |
|    value_loss           | 6.4           |
-------------------------------------------
-------------------------------------------
| rollout/                |               |
|    ep_len_mean          | 857           |
|    ep_rew_mean          | 928           |
| time/                   |               |
|    fps                  | 92            |
|    iterations           | 591           |
|    time_elapsed         | 13063         |
|    total_timesteps      | 1210368       |
| train/                  |               |
|    approx_kl            | 1.9004727e-09 |
|    clip_fraction        | 0             |
|    clip_range           | 0.1           |
|    entropy_loss         | -0.000858     |
|    explained_variance   | -0.625        |
|    learning_rate        | 0.00025       |
|    loss                 | 1.41          |
|    n_updates            | 5900          |
|    policy_gradient_loss | -2.12e-07     |
|    value_loss           | 3.15          |
-------------------------------------------
-------------------------------------------
| rollout/                |               |
|    ep_len_mean          | 881           |
|    ep_rew_mean          | 917           |
| time/                   |               |
|    fps                  | 92            |
|    iterations           | 592           |
|    time_elapsed         | 13083         |
|    total_timesteps      | 1212416       |
| train/                  |               |
|    approx_kl            | 3.5910183e-08 |
|    clip_fraction        | 0             |
|    clip_range           | 0.1           |
|    entropy_loss         | -0.0019       |
|    explained_variance   | -0.0312       |
|    learning_rate        | 0.00025       |
|    loss                 | 0.397         |
|    n_updates            | 5910          |
|    policy_gradient_loss | 2.92e-07      |
|    value_loss           | 3.06          |
-------------------------------------------
-----------------------------------------
| rollout/                |             |
|    ep_len_mean          | 904         |
|    ep_rew_mean          | 907         |
| time/                   |             |
|    fps                  | 92          |
|    iterations           | 593         |
|    time_elapsed         | 13103       |
|    total_timesteps      | 1214464     |
| train/                  |             |
|    approx_kl            | 0.006719924 |
|    clip_fraction        | 0.0628      |
|    clip_range           | 0.1         |
|    entropy_loss         | -0.063      |
|    explained_variance   | 0.331       |
|    learning_rate        | 0.00025     |
|    loss                 | 2.61        |
|    n_updates            | 5920        |
|    policy_gradient_loss | 0.00104     |
|    value_loss           | 2.46        |
-----------------------------------------
-----------------------------------------
| rollout/                |             |
|    ep_len_mean          | 926         |
|    ep_rew_mean          | 887         |
| time/                   |             |
|    fps                  | 92          |
|    iterations           | 594         |
|    time_elapsed         | 13123       |
|    total_timesteps      | 1216512     |
| train/                  |             |
|    approx_kl            | 0.012920996 |
|    clip_fraction        | 0.0388      |
|    clip_range           | 0.1         |
|    entropy_loss         | -0.0312     |
|    explained_variance   | 0.395       |
|    learning_rate        | 0.00025     |
|    loss                 | 1.38        |
|    n_updates            | 5930        |
|    policy_gradient_loss | 0.00557     |
|    value_loss           | 2.34        |
-----------------------------------------
--------------------------------------------
| rollout/                |                |
|    ep_len_mean          | 947            |
|    ep_rew_mean          | 864            |
| time/                   |                |
|    fps                  | 92             |
|    iterations           | 595            |
|    time_elapsed         | 13143          |
|    total_timesteps      | 1218560        |
| train/                  |                |
|    approx_kl            | -4.6376513e-08 |
|    clip_fraction        | 0              |
|    clip_range           | 0.1            |
|    entropy_loss         | -0.000149      |
|    explained_variance   | 0.788          |
|    learning_rate        | 0.00025        |
|    loss                 | 0.0455         |
|    n_updates            | 5940           |
|    policy_gradient_loss | -1e-08         |
|    value_loss           | 1.61           |
--------------------------------------------
--------------------------------------------
| rollout/                |                |
|    ep_len_mean          | 970            |
|    ep_rew_mean          | 845            |
| time/                   |                |
|    fps                  | 92             |
|    iterations           | 596            |
|    time_elapsed         | 13164          |
|    total_timesteps      | 1220608        |
| train/                  |                |
|    approx_kl            | -3.3034773e-08 |
|    clip_fraction        | 0              |
|    clip_range           | 0.1            |
|    entropy_loss         | -0.000176      |
|    explained_variance   | -0.141         |
|    learning_rate        | 0.00025        |
|    loss                 | 2.85           |
|    n_updates            | 5950           |
|    policy_gradient_loss | -5.8e-08       |
|    value_loss           | 5.2            |
--------------------------------------------
--------------------------------------------
| rollout/                |                |
|    ep_len_mean          | 993            |
|    ep_rew_mean          | 834            |
| time/                   |                |
|    fps                  | 92             |
|    iterations           | 597            |
|    time_elapsed         | 13184          |
|    total_timesteps      | 1222656        |
| train/                  |                |
|    approx_kl            | -4.5720654e-09 |
|    clip_fraction        | 0              |
|    clip_range           | 0.1            |
|    entropy_loss         | -0.000209      |
|    explained_variance   | -0.0427        |
|    learning_rate        | 0.00025        |
|    loss                 | 0.229          |
|    n_updates            | 5960           |
|    policy_gradient_loss | -7.97e-09      |
|    value_loss           | 5.19           |
--------------------------------------------
--------------------------------------------
| rollout/                |                |
|    ep_len_mean          | 993            |
|    ep_rew_mean          | 834            |
| time/                   |                |
|    fps                  | 92             |
|    iterations           | 598            |
|    time_elapsed         | 13204          |
|    total_timesteps      | 1224704        |
| train/                  |                |
|    approx_kl            | -2.0213083e-08 |
|    clip_fraction        | 0              |
|    clip_range           | 0.1            |
|    entropy_loss         | -0.000234      |
|    explained_variance   | 0.0567         |
|    learning_rate        | 0.00025        |
|    loss                 | 0.415          |
|    n_updates            | 5970           |
|    policy_gradient_loss | -1.54e-07      |
|    value_loss           | 0.533          |
--------------------------------------------
---------------------------------------
| rollout/                |           |
|    ep_len_mean          | 1.03e+03  |
|    ep_rew_mean          | 826       |
| time/                   |           |
|    fps                  | 92        |
|    iterations           | 599       |
|    time_elapsed         | 13224     |
|    total_timesteps      | 1226752   |
| train/                  |           |
|    approx_kl            | 0.9264796 |
|    clip_fraction        | 0.000442  |
|    clip_range           | 0.1       |
|    entropy_loss         | -0.031    |
|    explained_variance   | -0.283    |
|    learning_rate        | 0.00025   |
|    loss                 | 4.82      |
|    n_updates            | 5980      |
|    policy_gradient_loss | -0.000395 |
|    value_loss           | 6.26      |
---------------------------------------
----------------------------------------
| rollout/                |            |
|    ep_len_mean          | 1.03e+03   |
|    ep_rew_mean          | 826        |
| time/                   |            |
|    fps                  | 92         |
|    iterations           | 600        |
|    time_elapsed         | 13244      |
|    total_timesteps      | 1228800    |
| train/                  |            |
|    approx_kl            | 0.20712112 |
|    clip_fraction        | 0.279      |
|    clip_range           | 0.1        |
|    entropy_loss         | -0.356     |
|    explained_variance   | 0.738      |
|    learning_rate        | 0.00025    |
|    loss                 | 273        |
|    n_updates            | 5990       |
|    policy_gradient_loss | -0.00639   |
|    value_loss           | 553        |
----------------------------------------
----------------------------------------
| rollout/                |            |
|    ep_len_mean          | 1.05e+03   |
|    ep_rew_mean          | 824        |
| time/                   |            |
|    fps                  | 92         |
|    iterations           | 601        |
|    time_elapsed         | 13264      |
|    total_timesteps      | 1230848    |
| train/                  |            |
|    approx_kl            | 0.22012758 |
|    clip_fraction        | 0.527      |
|    clip_range           | 0.1        |
|    entropy_loss         | -0.553     |
|    explained_variance   | 0.893      |
|    learning_rate        | 0.00025    |
|    loss                 | 5.6        |
|    n_updates            | 6000       |
|    policy_gradient_loss | 0.0219     |
|    value_loss           | 69         |
----------------------------------------
----------------------------------------
| rollout/                |            |
|    ep_len_mean          | 1.08e+03   |
|    ep_rew_mean          | 815        |
| time/                   |            |
|    fps                  | 92         |
|    iterations           | 602        |
|    time_elapsed         | 13285      |
|    total_timesteps      | 1232896    |
| train/                  |            |
|    approx_kl            | 0.14977764 |
|    clip_fraction        | 0.307      |
|    clip_range           | 0.1        |
|    entropy_loss         | -0.282     |
|    explained_variance   | 0.712      |
|    learning_rate        | 0.00025    |
|    loss                 | 109        |
|    n_updates            | 6010       |
|    policy_gradient_loss | 0.00302    |
|    value_loss           | 450        |
----------------------------------------
-----------------------------------------
| rollout/                |             |
|    ep_len_mean          | 1.1e+03     |
|    ep_rew_mean          | 794         |
| time/                   |             |
|    fps                  | 92          |
|    iterations           | 603         |
|    time_elapsed         | 13305       |
|    total_timesteps      | 1234944     |
| train/                  |             |
|    approx_kl            | 0.042551324 |
|    clip_fraction        | 0.196       |
|    clip_range           | 0.1         |
|    entropy_loss         | -0.356      |
|    explained_variance   | 0.832       |
|    learning_rate        | 0.00025     |
|    loss                 | 190         |
|    n_updates            | 6020        |
|    policy_gradient_loss | 0.00313     |
|    value_loss           | 703         |
-----------------------------------------
----------------------------------------
| rollout/                |            |
|    ep_len_mean          | 1.11e+03   |
|    ep_rew_mean          | 781        |
| time/                   |            |
|    fps                  | 92         |
|    iterations           | 604        |
|    time_elapsed         | 13326      |
|    total_timesteps      | 1236992    |
| train/                  |            |
|    approx_kl            | 0.02569628 |
|    clip_fraction        | 0.116      |
|    clip_range           | 0.1        |
|    entropy_loss         | -0.241     |
|    explained_variance   | 0.924      |
|    learning_rate        | 0.00025    |
|    loss                 | 111        |
|    n_updates            | 6030       |
|    policy_gradient_loss | 0.00183    |
|    value_loss           | 369        |
----------------------------------------
-----------------------------------------
| rollout/                |             |
|    ep_len_mean          | 1.11e+03    |
|    ep_rew_mean          | 758         |
| time/                   |             |
|    fps                  | 92          |
|    iterations           | 605         |
|    time_elapsed         | 13347       |
|    total_timesteps      | 1239040     |
| train/                  |             |
|    approx_kl            | 0.014780821 |
|    clip_fraction        | 0.239       |
|    clip_range           | 0.1         |
|    entropy_loss         | -0.452      |
|    explained_variance   | 0.847       |
|    learning_rate        | 0.00025     |
|    loss                 | 28.4        |
|    n_updates            | 6040        |
|    policy_gradient_loss | 0.00867     |
|    value_loss           | 234         |
-----------------------------------------
----------------------------------------
| rollout/                |            |
|    ep_len_mean          | 1.13e+03   |
|    ep_rew_mean          | 744        |
| time/                   |            |
|    fps                  | 92         |
|    iterations           | 606        |
|    time_elapsed         | 13367      |
|    total_timesteps      | 1241088    |
| train/                  |            |
|    approx_kl            | 0.02937315 |
|    clip_fraction        | 0.144      |
|    clip_range           | 0.1        |
|    entropy_loss         | -0.367     |
|    explained_variance   | 0.898      |
|    learning_rate        | 0.00025    |
|    loss                 | 339        |
|    n_updates            | 6050       |
|    policy_gradient_loss | 0.000805   |
|    value_loss           | 736        |
----------------------------------------
---------------------------------------
| rollout/                |           |
|    ep_len_mean          | 1.13e+03  |
|    ep_rew_mean          | 744       |
| time/                   |           |
|    fps                  | 92        |
|    iterations           | 607       |
|    time_elapsed         | 13387     |
|    total_timesteps      | 1243136   |
| train/                  |           |
|    approx_kl            | 1.2985687 |
|    clip_fraction        | 0.285     |
|    clip_range           | 0.1       |
|    entropy_loss         | -0.243    |
|    explained_variance   | 0.344     |
|    learning_rate        | 0.00025   |
|    loss                 | 12.4      |
|    n_updates            | 6060      |
|    policy_gradient_loss | 0.0213    |
|    value_loss           | 55.8      |
---------------------------------------
----------------------------------------
| rollout/                |            |
|    ep_len_mean          | 1.14e+03   |
|    ep_rew_mean          | 724        |
| time/                   |            |
|    fps                  | 92         |
|    iterations           | 608        |
|    time_elapsed         | 13407      |
|    total_timesteps      | 1245184    |
| train/                  |            |
|    approx_kl            | 0.16089782 |
|    clip_fraction        | 0.353      |
|    clip_range           | 0.1        |
|    entropy_loss         | -0.249     |
|    explained_variance   | 0.903      |
|    learning_rate        | 0.00025    |
|    loss                 | 20         |
|    n_updates            | 6070       |
|    policy_gradient_loss | -0.0112    |
|    value_loss           | 90.1       |
----------------------------------------
-----------------------------------------
| rollout/                |             |
|    ep_len_mean          | 1.15e+03    |
|    ep_rew_mean          | 712         |
| time/                   |             |
|    fps                  | 92          |
|    iterations           | 609         |
|    time_elapsed         | 13428       |
|    total_timesteps      | 1247232     |
| train/                  |             |
|    approx_kl            | 0.024546253 |
|    clip_fraction        | 0.0401      |
|    clip_range           | 0.1         |
|    entropy_loss         | -0.0861     |
|    explained_variance   | 0.87        |
|    learning_rate        | 0.00025     |
|    loss                 | 136         |
|    n_updates            | 6080        |
|    policy_gradient_loss | 0.00111     |
|    value_loss           | 315         |
-----------------------------------------
-----------------------------------------
| rollout/                |             |
|    ep_len_mean          | 1.17e+03    |
|    ep_rew_mean          | 692         |
| time/                   |             |
|    fps                  | 92          |
|    iterations           | 610         |
|    time_elapsed         | 13448       |
|    total_timesteps      | 1249280     |
| train/                  |             |
|    approx_kl            | 0.030851647 |
|    clip_fraction        | 0.3         |
|    clip_range           | 0.1         |
|    entropy_loss         | -0.436      |
|    explained_variance   | 0.926       |
|    learning_rate        | 0.00025     |
|    loss                 | 43.2        |
|    n_updates            | 6090        |
|    policy_gradient_loss | -0.00326    |
|    value_loss           | 178         |
-----------------------------------------
-----------------------------------------
| rollout/                |             |
|    ep_len_mean          | 1.19e+03    |
|    ep_rew_mean          | 678         |
| time/                   |             |
|    fps                  | 92          |
|    iterations           | 611         |
|    time_elapsed         | 13469       |
|    total_timesteps      | 1251328     |
| train/                  |             |
|    approx_kl            | 0.013433429 |
|    clip_fraction        | 0.13        |
|    clip_range           | 0.1         |
|    entropy_loss         | -0.395      |
|    explained_variance   | 0.931       |
|    learning_rate        | 0.00025     |
|    loss                 | 61          |
|    n_updates            | 6100        |
|    policy_gradient_loss | 0.00253     |
|    value_loss           | 198         |
-----------------------------------------
-----------------------------------------
| rollout/                |             |
|    ep_len_mean          | 1.2e+03     |
|    ep_rew_mean          | 678         |
| time/                   |             |
|    fps                  | 92          |
|    iterations           | 612         |
|    time_elapsed         | 13489       |
|    total_timesteps      | 1253376     |
| train/                  |             |
|    approx_kl            | 0.019171843 |
|    clip_fraction        | 0.119       |
|    clip_range           | 0.1         |
|    entropy_loss         | -0.198      |
|    explained_variance   | 0.875       |
|    learning_rate        | 0.00025     |
|    loss                 | 74.3        |
|    n_updates            | 6110        |
|    policy_gradient_loss | 0.0115      |
|    value_loss           | 478         |
-----------------------------------------
-----------------------------------------
| rollout/                |             |
|    ep_len_mean          | 1.21e+03    |
|    ep_rew_mean          | 665         |
| time/                   |             |
|    fps                  | 92          |
|    iterations           | 613         |
|    time_elapsed         | 13509       |
|    total_timesteps      | 1255424     |
| train/                  |             |
|    approx_kl            | 0.051811375 |
|    clip_fraction        | 0.174       |
|    clip_range           | 0.1         |
|    entropy_loss         | -0.205      |
|    explained_variance   | 0.81        |
|    learning_rate        | 0.00025     |
|    loss                 | 123         |
|    n_updates            | 6120        |
|    policy_gradient_loss | 0.0234      |
|    value_loss           | 420         |
-----------------------------------------
-----------------------------------------
| rollout/                |             |
|    ep_len_mean          | 1.24e+03    |
|    ep_rew_mean          | 658         |
| time/                   |             |
|    fps                  | 92          |
|    iterations           | 614         |
|    time_elapsed         | 13530       |
|    total_timesteps      | 1257472     |
| train/                  |             |
|    approx_kl            | 0.012845832 |
|    clip_fraction        | 0.0453      |
|    clip_range           | 0.1         |
|    entropy_loss         | -0.0808     |
|    explained_variance   | 0.636       |
|    learning_rate        | 0.00025     |
|    loss                 | 23.5        |
|    n_updates            | 6130        |
|    policy_gradient_loss | 0.00391     |
|    value_loss           | 250         |
-----------------------------------------
-----------------------------------------
| rollout/                |             |
|    ep_len_mean          | 1.26e+03    |
|    ep_rew_mean          | 645         |
| time/                   |             |
|    fps                  | 92          |
|    iterations           | 615         |
|    time_elapsed         | 13550       |
|    total_timesteps      | 1259520     |
| train/                  |             |
|    approx_kl            | 0.005994331 |
|    clip_fraction        | 0.049       |
|    clip_range           | 0.1         |
|    entropy_loss         | -0.112      |
|    explained_variance   | 0.826       |
|    learning_rate        | 0.00025     |
|    loss                 | 92.6        |
|    n_updates            | 6140        |
|    policy_gradient_loss | 0.00386     |
|    value_loss           | 323         |
-----------------------------------------
-----------------------------------------
| rollout/                |             |
|    ep_len_mean          | 1.29e+03    |
|    ep_rew_mean          | 628         |
| time/                   |             |
|    fps                  | 92          |
|    iterations           | 616         |
|    time_elapsed         | 13571       |
|    total_timesteps      | 1261568     |
| train/                  |             |
|    approx_kl            | 0.022754047 |
|    clip_fraction        | 0.0192      |
|    clip_range           | 0.1         |
|    entropy_loss         | -0.0327     |
|    explained_variance   | 0.939       |
|    learning_rate        | 0.00025     |
|    loss                 | 46.8        |
|    n_updates            | 6150        |
|    policy_gradient_loss | 0.005       |
|    value_loss           | 123         |
-----------------------------------------
----------------------------------------
| rollout/                |            |
|    ep_len_mean          | 1.29e+03   |
|    ep_rew_mean          | 628        |
| time/                   |            |
|    fps                  | 92         |
|    iterations           | 617        |
|    time_elapsed         | 13591      |
|    total_timesteps      | 1263616    |
| train/                  |            |
|    approx_kl            | 0.28212017 |
|    clip_fraction        | 0.299      |
|    clip_range           | 0.1        |
|    entropy_loss         | -0.345     |
|    explained_variance   | 0.478      |
|    learning_rate        | 0.00025    |
|    loss                 | 31.3       |
|    n_updates            | 6160       |
|    policy_gradient_loss | 0.00331    |
|    value_loss           | 110        |
----------------------------------------
-----------------------------------------
| rollout/                |             |
|    ep_len_mean          | 1.31e+03    |
|    ep_rew_mean          | 612         |
| time/                   |             |
|    fps                  | 92          |
|    iterations           | 618         |
|    time_elapsed         | 13611       |
|    total_timesteps      | 1265664     |
| train/                  |             |
|    approx_kl            | 0.013321553 |
|    clip_fraction        | 0.0491      |
|    clip_range           | 0.1         |
|    entropy_loss         | -0.125      |
|    explained_variance   | 0.923       |
|    learning_rate        | 0.00025     |
|    loss                 | 20.4        |
|    n_updates            | 6170        |
|    policy_gradient_loss | 0.00839     |
|    value_loss           | 123         |
-----------------------------------------
------------------------------------------
| rollout/                |              |
|    ep_len_mean          | 1.33e+03     |
|    ep_rew_mean          | 590          |
| time/                   |              |
|    fps                  | 92           |
|    iterations           | 619          |
|    time_elapsed         | 13631        |
|    total_timesteps      | 1267712      |
| train/                  |              |
|    approx_kl            | 0.0021867228 |
|    clip_fraction        | 0.0207       |
|    clip_range           | 0.1          |
|    entropy_loss         | -0.0342      |
|    explained_variance   | 0.255        |
|    learning_rate        | 0.00025      |
|    loss                 | 13.6         |
|    n_updates            | 6180         |
|    policy_gradient_loss | -0.00703     |
|    value_loss           | 38.9         |
------------------------------------------
------------------------------------------
| rollout/                |              |
|    ep_len_mean          | 1.35e+03     |
|    ep_rew_mean          | 567          |
| time/                   |              |
|    fps                  | 93           |
|    iterations           | 620          |
|    time_elapsed         | 13651        |
|    total_timesteps      | 1269760      |
| train/                  |              |
|    approx_kl            | 7.304162e-06 |
|    clip_fraction        | 0            |
|    clip_range           | 0.1          |
|    entropy_loss         | -0.0175      |
|    explained_variance   | -0.0215      |
|    learning_rate        | 0.00025      |
|    loss                 | 24.5         |
|    n_updates            | 6190         |
|    policy_gradient_loss | 1.28e-06     |
|    value_loss           | 68.4         |
------------------------------------------
-----------------------------------------
| rollout/                |             |
|    ep_len_mean          | 1.37e+03    |
|    ep_rew_mean          | 544         |
| time/                   |             |
|    fps                  | 93          |
|    iterations           | 621         |
|    time_elapsed         | 13671       |
|    total_timesteps      | 1271808     |
| train/                  |             |
|    approx_kl            | 0.020900011 |
|    clip_fraction        | 0.00617     |
|    clip_range           | 0.1         |
|    entropy_loss         | -0.0578     |
|    explained_variance   | 0.0107      |
|    learning_rate        | 0.00025     |
|    loss                 | 8.13        |
|    n_updates            | 6200        |
|    policy_gradient_loss | 0.00568     |
|    value_loss           | 28.7        |
-----------------------------------------
-------------------------------------------
| rollout/                |               |
|    ep_len_mean          | 1.39e+03      |
|    ep_rew_mean          | 521           |
| time/                   |               |
|    fps                  | 93            |
|    iterations           | 622           |
|    time_elapsed         | 13691         |
|    total_timesteps      | 1273856       |
| train/                  |               |
|    approx_kl            | 1.9357953e-08 |
|    clip_fraction        | 0             |
|    clip_range           | 0.1           |
|    entropy_loss         | -0.00191      |
|    explained_variance   | -0.029        |
|    learning_rate        | 0.00025       |
|    loss                 | 9.72          |
|    n_updates            | 6210          |
|    policy_gradient_loss | 2.7e-07       |
|    value_loss           | 24.7          |
-------------------------------------------
--------------------------------------------
| rollout/                |                |
|    ep_len_mean          | 1.42e+03       |
|    ep_rew_mean          | 501            |
| time/                   |                |
|    fps                  | 93             |
|    iterations           | 623            |
|    time_elapsed         | 13711          |
|    total_timesteps      | 1275904        |
| train/                  |                |
|    approx_kl            | 1.19209635e-05 |
|    clip_fraction        | 0.000294       |
|    clip_range           | 0.1            |
|    entropy_loss         | -0.00256       |
|    explained_variance   | -0.0124        |
|    learning_rate        | 0.00025        |
|    loss                 | 40             |
|    n_updates            | 6220           |
|    policy_gradient_loss | 1.84e-05       |
|    value_loss           | 63.2           |
--------------------------------------------
-------------------------------------------
| rollout/                |               |
|    ep_len_mean          | 1.42e+03      |
|    ep_rew_mean          | 501           |
| time/                   |               |
|    fps                  | 93            |
|    iterations           | 624           |
|    time_elapsed         | 13731         |
|    total_timesteps      | 1277952       |
| train/                  |               |
|    approx_kl            | 0.00027224649 |
|    clip_fraction        | 0.00063       |
|    clip_range           | 0.1           |
|    entropy_loss         | -0.00285      |
|    explained_variance   | -0.0162       |
|    learning_rate        | 0.00025       |
|    loss                 | 6.09          |
|    n_updates            | 6230          |
|    policy_gradient_loss | -2.9e-05      |
|    value_loss           | 23.1          |
-------------------------------------------
------------------------------------------
| rollout/                |              |
|    ep_len_mean          | 1.44e+03     |
|    ep_rew_mean          | 491          |
| time/                   |              |
|    fps                  | 93           |
|    iterations           | 625          |
|    time_elapsed         | 13751        |
|    total_timesteps      | 1280000      |
| train/                  |              |
|    approx_kl            | 0.0037634354 |
|    clip_fraction        | 0.00136      |
|    clip_range           | 0.1          |
|    entropy_loss         | -0.00694     |
|    explained_variance   | -0.0372      |
|    learning_rate        | 0.00025      |
|    loss                 | 5.23         |
|    n_updates            | 6240         |
|    policy_gradient_loss | -0.000179    |
|    value_loss           | 15.2         |
------------------------------------------
------------------------------------------
| rollout/                |              |
|    ep_len_mean          | 1.46e+03     |
|    ep_rew_mean          | 472          |
| time/                   |              |
|    fps                  | 93           |
|    iterations           | 626          |
|    time_elapsed         | 13771        |
|    total_timesteps      | 1282048      |
| train/                  |              |
|    approx_kl            | 0.0027924692 |
|    clip_fraction        | 0.000488     |
|    clip_range           | 0.1          |
|    entropy_loss         | -0.0335      |
|    explained_variance   | -0.0321      |
|    learning_rate        | 0.00025      |
|    loss                 | 2.19         |
|    n_updates            | 6250         |
|    policy_gradient_loss | 0.000422     |
|    value_loss           | 20.5         |
------------------------------------------
----------------------------------------
| rollout/                |            |
|    ep_len_mean          | 1.48e+03   |
|    ep_rew_mean          | 410        |
| time/                   |            |
|    fps                  | 93         |
|    iterations           | 627        |
|    time_elapsed         | 13791      |
|    total_timesteps      | 1284096    |
| train/                  |            |
|    approx_kl            | 0.06691221 |
|    clip_fraction        | 0.0645     |
|    clip_range           | 0.1        |
|    entropy_loss         | -0.216     |
|    explained_variance   | 0.65       |
|    learning_rate        | 0.00025    |
|    loss                 | 5.09       |
|    n_updates            | 6260       |
|    policy_gradient_loss | 0.00226    |
|    value_loss           | 13.8       |
----------------------------------------
-----------------------------------------
| rollout/                |             |
|    ep_len_mean          | 1.49e+03    |
|    ep_rew_mean          | 398         |
| time/                   |             |
|    fps                  | 93          |
|    iterations           | 628         |
|    time_elapsed         | 13812       |
|    total_timesteps      | 1286144     |
| train/                  |             |
|    approx_kl            | 0.019125793 |
|    clip_fraction        | 0.13        |
|    clip_range           | 0.1         |
|    entropy_loss         | -0.305      |
|    explained_variance   | 0.743       |
|    learning_rate        | 0.00025     |
|    loss                 | 194         |
|    n_updates            | 6270        |
|    policy_gradient_loss | 0.00607     |
|    value_loss           | 625         |
-----------------------------------------
-----------------------------------------
| rollout/                |             |
|    ep_len_mean          | 1.52e+03    |
|    ep_rew_mean          | 387         |
| time/                   |             |
|    fps                  | 93          |
|    iterations           | 629         |
|    time_elapsed         | 13832       |
|    total_timesteps      | 1288192     |
| train/                  |             |
|    approx_kl            | 0.069735155 |
|    clip_fraction        | 0.375       |
|    clip_range           | 0.1         |
|    entropy_loss         | -0.541      |
|    explained_variance   | 0.85        |
|    learning_rate        | 0.00025     |
|    loss                 | 38.9        |
|    n_updates            | 6280        |
|    policy_gradient_loss | 0.0267      |
|    value_loss           | 123         |
-----------------------------------------
-----------------------------------------
| rollout/                |             |
|    ep_len_mean          | 1.54e+03    |
|    ep_rew_mean          | 352         |
| time/                   |             |
|    fps                  | 93          |
|    iterations           | 630         |
|    time_elapsed         | 13852       |
|    total_timesteps      | 1290240     |
| train/                  |             |
|    approx_kl            | 0.012729891 |
|    clip_fraction        | 0.117       |
|    clip_range           | 0.1         |
|    entropy_loss         | -0.192      |
|    explained_variance   | 0.952       |
|    learning_rate        | 0.00025     |
|    loss                 | 32.1        |
|    n_updates            | 6290        |
|    policy_gradient_loss | 0.00623     |
|    value_loss           | 82.7        |
-----------------------------------------
-----------------------------------------
| rollout/                |             |
|    ep_len_mean          | 1.5e+03     |
|    ep_rew_mean          | 348         |
| time/                   |             |
|    fps                  | 93          |
|    iterations           | 631         |
|    time_elapsed         | 13872       |
|    total_timesteps      | 1292288     |
| train/                  |             |
|    approx_kl            | 0.009088533 |
|    clip_fraction        | 0.0898      |
|    clip_range           | 0.1         |
|    entropy_loss         | -0.249      |
|    explained_variance   | 0.89        |
|    learning_rate        | 0.00025     |
|    loss                 | 69.4        |
|    n_updates            | 6300        |
|    policy_gradient_loss | 0.00898     |
|    value_loss           | 253         |
-----------------------------------------
-----------------------------------------
| rollout/                |             |
|    ep_len_mean          | 1.51e+03    |
|    ep_rew_mean          | 336         |
| time/                   |             |
|    fps                  | 93          |
|    iterations           | 632         |
|    time_elapsed         | 13893       |
|    total_timesteps      | 1294336     |
| train/                  |             |
|    approx_kl            | 0.030855088 |
|    clip_fraction        | 0.265       |
|    clip_range           | 0.1         |
|    entropy_loss         | -0.417      |
|    explained_variance   | 0.881       |
|    learning_rate        | 0.00025     |
|    loss                 | 451         |
|    n_updates            | 6310        |
|    policy_gradient_loss | -0.00813    |
|    value_loss           | 778         |
-----------------------------------------
-----------------------------------------
| rollout/                |             |
|    ep_len_mean          | 1.54e+03    |
|    ep_rew_mean          | 325         |
| time/                   |             |
|    fps                  | 93          |
|    iterations           | 633         |
|    time_elapsed         | 13913       |
|    total_timesteps      | 1296384     |
| train/                  |             |
|    approx_kl            | 0.041737217 |
|    clip_fraction        | 0.324       |
|    clip_range           | 0.1         |
|    entropy_loss         | -0.405      |
|    explained_variance   | 0.925       |
|    learning_rate        | 0.00025     |
|    loss                 | 51.7        |
|    n_updates            | 6320        |
|    policy_gradient_loss | 0.00882     |
|    value_loss           | 213         |
-----------------------------------------
-----------------------------------------
| rollout/                |             |
|    ep_len_mean          | 1.54e+03    |
|    ep_rew_mean          | 313         |
| time/                   |             |
|    fps                  | 93          |
|    iterations           | 634         |
|    time_elapsed         | 13934       |
|    total_timesteps      | 1298432     |
| train/                  |             |
|    approx_kl            | 0.014394495 |
|    clip_fraction        | 0.183       |
|    clip_range           | 0.1         |
|    entropy_loss         | -0.429      |
|    explained_variance   | 0.972       |
|    learning_rate        | 0.00025     |
|    loss                 | 87.1        |
|    n_updates            | 6330        |
|    policy_gradient_loss | -6.48e-05   |
|    value_loss           | 233         |
-----------------------------------------
Eval num_timesteps=1300000, episode_reward=-415.00 +/- 0.00
Episode length: 2406.00 +/- 0.00
-----------------------------------------
| eval/                   |             |
|    mean_ep_length       | 2.41e+03    |
|    mean_reward          | -415        |
| time/                   |             |
|    total_timesteps      | 1300000     |
| train/                  |             |
|    approx_kl            | 0.022390656 |
|    clip_fraction        | 0.196       |
|    clip_range           | 0.1         |
|    entropy_loss         | -0.332      |
|    explained_variance   | 0.988       |
|    learning_rate        | 0.00025     |
|    loss                 | 38          |
|    n_updates            | 6340        |
|    policy_gradient_loss | 0.00622     |
|    value_loss           | 78.4        |
-----------------------------------------
---------------------------------
| rollout/           |          |
|    ep_len_mean     | 1.57e+03 |
|    ep_rew_mean     | 282      |
| time/              |          |
|    fps             | 92       |
|    iterations      | 635      |
|    time_elapsed    | 14017    |
|    total_timesteps | 1300480  |
---------------------------------
-----------------------------------------
| rollout/                |             |
|    ep_len_mean          | 1.57e+03    |
|    ep_rew_mean          | 239         |
| time/                   |             |
|    fps                  | 92          |
|    iterations           | 636         |
|    time_elapsed         | 14037       |
|    total_timesteps      | 1302528     |
| train/                  |             |
|    approx_kl            | 0.120138064 |
|    clip_fraction        | 0.281       |
|    clip_range           | 0.1         |
|    entropy_loss         | -0.256      |
|    explained_variance   | 0.966       |
|    learning_rate        | 0.00025     |
|    loss                 | 86.7        |
|    n_updates            | 6350        |
|    policy_gradient_loss | -0.0223     |
|    value_loss           | 298         |
-----------------------------------------
-----------------------------------------
| rollout/                |             |
|    ep_len_mean          | 1.57e+03    |
|    ep_rew_mean          | 225         |
| time/                   |             |
|    fps                  | 92          |
|    iterations           | 637         |
|    time_elapsed         | 14058       |
|    total_timesteps      | 1304576     |
| train/                  |             |
|    approx_kl            | 0.022402193 |
|    clip_fraction        | 0.183       |
|    clip_range           | 0.1         |
|    entropy_loss         | -0.277      |
|    explained_variance   | 0.898       |
|    learning_rate        | 0.00025     |
|    loss                 | 444         |
|    n_updates            | 6360        |
|    policy_gradient_loss | 0.00452     |
|    value_loss           | 1.17e+03    |
-----------------------------------------
-----------------------------------------
| rollout/                |             |
|    ep_len_mean          | 1.42e+03    |
|    ep_rew_mean          | 284         |
| time/                   |             |
|    fps                  | 92          |
|    iterations           | 638         |
|    time_elapsed         | 14078       |
|    total_timesteps      | 1306624     |
| train/                  |             |
|    approx_kl            | 0.017807737 |
|    clip_fraction        | 0.205       |
|    clip_range           | 0.1         |
|    entropy_loss         | -0.21       |
|    explained_variance   | 0.936       |
|    learning_rate        | 0.00025     |
|    loss                 | 30.1        |
|    n_updates            | 6370        |
|    policy_gradient_loss | 0.00613     |
|    value_loss           | 195         |
-----------------------------------------
-----------------------------------------
| rollout/                |             |
|    ep_len_mean          | 1.42e+03    |
|    ep_rew_mean          | 287         |
| time/                   |             |
|    fps                  | 92          |
|    iterations           | 639         |
|    time_elapsed         | 14098       |
|    total_timesteps      | 1308672     |
| train/                  |             |
|    approx_kl            | 0.017582767 |
|    clip_fraction        | 0.109       |
|    clip_range           | 0.1         |
|    entropy_loss         | -0.183      |
|    explained_variance   | 0.764       |
|    learning_rate        | 0.00025     |
|    loss                 | 355         |
|    n_updates            | 6380        |
|    policy_gradient_loss | -0.00282    |
|    value_loss           | 908         |
-----------------------------------------
------------------------------------------
| rollout/                |              |
|    ep_len_mean          | 1.42e+03     |
|    ep_rew_mean          | 287          |
| time/                   |              |
|    fps                  | 92           |
|    iterations           | 640          |
|    time_elapsed         | 14119        |
|    total_timesteps      | 1310720      |
| train/                  |              |
|    approx_kl            | 0.0008452518 |
|    clip_fraction        | 0.00802      |
|    clip_range           | 0.1          |
|    entropy_loss         | -0.027       |
|    explained_variance   | 0.883        |
|    learning_rate        | 0.00025      |
|    loss                 | 25.7         |
|    n_updates            | 6390         |
|    policy_gradient_loss | 0.00109      |
|    value_loss           | 265          |
------------------------------------------
----------------------------------------
| rollout/                |            |
|    ep_len_mean          | 1.42e+03   |
|    ep_rew_mean          | 294        |
| time/                   |            |
|    fps                  | 92         |
|    iterations           | 641        |
|    time_elapsed         | 14139      |
|    total_timesteps      | 1312768    |
| train/                  |            |
|    approx_kl            | 0.17021221 |
|    clip_fraction        | 0.455      |
|    clip_range           | 0.1        |
|    entropy_loss         | -0.486     |
|    explained_variance   | 0.457      |
|    learning_rate        | 0.00025    |
|    loss                 | 41         |
|    n_updates            | 6400       |
|    policy_gradient_loss | 0.0421     |
|    value_loss           | 153        |
----------------------------------------
-----------------------------------------
| rollout/                |             |
|    ep_len_mean          | 1.35e+03    |
|    ep_rew_mean          | 348         |
| time/                   |             |
|    fps                  | 92          |
|    iterations           | 642         |
|    time_elapsed         | 14160       |
|    total_timesteps      | 1314816     |
| train/                  |             |
|    approx_kl            | 0.004104877 |
|    clip_fraction        | 0.0234      |
|    clip_range           | 0.1         |
|    entropy_loss         | -0.0249     |
|    explained_variance   | 0.813       |
|    learning_rate        | 0.00025     |
|    loss                 | 10.4        |
|    n_updates            | 6410        |
|    policy_gradient_loss | 0.00344     |
|    value_loss           | 82.2        |
-----------------------------------------
-----------------------------------------
| rollout/                |             |
|    ep_len_mean          | 1.35e+03    |
|    ep_rew_mean          | 348         |
| time/                   |             |
|    fps                  | 92          |
|    iterations           | 643         |
|    time_elapsed         | 14180       |
|    total_timesteps      | 1316864     |
| train/                  |             |
|    approx_kl            | 0.013719955 |
|    clip_fraction        | 0.13        |
|    clip_range           | 0.1         |
|    entropy_loss         | -0.195      |
|    explained_variance   | 0.808       |
|    learning_rate        | 0.00025     |
|    loss                 | 427         |
|    n_updates            | 6420        |
|    policy_gradient_loss | 0.0114      |
|    value_loss           | 1.23e+03    |
-----------------------------------------
----------------------------------------
| rollout/                |            |
|    ep_len_mean          | 1.35e+03   |
|    ep_rew_mean          | 348        |
| time/                   |            |
|    fps                  | 92         |
|    iterations           | 644        |
|    time_elapsed         | 14201      |
|    total_timesteps      | 1318912    |
| train/                  |            |
|    approx_kl            | 0.12778428 |
|    clip_fraction        | 0.181      |
|    clip_range           | 0.1        |
|    entropy_loss         | -0.224     |
|    explained_variance   | 0.878      |
|    learning_rate        | 0.00025    |
|    loss                 | 16         |
|    n_updates            | 6430       |
|    policy_gradient_loss | 0.00272    |
|    value_loss           | 64.5       |
----------------------------------------
----------------------------------------
| rollout/                |            |
|    ep_len_mean          | 1.35e+03   |
|    ep_rew_mean          | 349        |
| time/                   |            |
|    fps                  | 92         |
|    iterations           | 645        |
|    time_elapsed         | 14221      |
|    total_timesteps      | 1320960    |
| train/                  |            |
|    approx_kl            | 0.03845852 |
|    clip_fraction        | 0.133      |
|    clip_range           | 0.1        |
|    entropy_loss         | -0.293     |
|    explained_variance   | 0.877      |
|    learning_rate        | 0.00025    |
|    loss                 | 28.9       |
|    n_updates            | 6440       |
|    policy_gradient_loss | 0.00234    |
|    value_loss           | 191        |
----------------------------------------
---------------------------------------
| rollout/                |           |
|    ep_len_mean          | 1.33e+03  |
|    ep_rew_mean          | 369       |
| time/                   |           |
|    fps                  | 92        |
|    iterations           | 646       |
|    time_elapsed         | 14241     |
|    total_timesteps      | 1323008   |
| train/                  |           |
|    approx_kl            | 0.1026957 |
|    clip_fraction        | 0.566     |
|    clip_range           | 0.1       |
|    entropy_loss         | -0.526    |
|    explained_variance   | 0.98      |
|    learning_rate        | 0.00025   |
|    loss                 | 26.3      |
|    n_updates            | 6450      |
|    policy_gradient_loss | 0.0036    |
|    value_loss           | 56.6      |
---------------------------------------
-----------------------------------------
| rollout/                |             |
|    ep_len_mean          | 1.22e+03    |
|    ep_rew_mean          | 425         |
| time/                   |             |
|    fps                  | 92          |
|    iterations           | 647         |
|    time_elapsed         | 14262       |
|    total_timesteps      | 1325056     |
| train/                  |             |
|    approx_kl            | 0.016334541 |
|    clip_fraction        | 0.288       |
|    clip_range           | 0.1         |
|    entropy_loss         | -0.537      |
|    explained_variance   | 0.949       |
|    learning_rate        | 0.00025     |
|    loss                 | 235         |
|    n_updates            | 6460        |
|    policy_gradient_loss | 0.00879     |
|    value_loss           | 514         |
-----------------------------------------
-----------------------------------------
| rollout/                |             |
|    ep_len_mean          | 1.16e+03    |
|    ep_rew_mean          | 463         |
| time/                   |             |
|    fps                  | 92          |
|    iterations           | 648         |
|    time_elapsed         | 14282       |
|    total_timesteps      | 1327104     |
| train/                  |             |
|    approx_kl            | 0.019538471 |
|    clip_fraction        | 0.276       |
|    clip_range           | 0.1         |
|    entropy_loss         | -0.516      |
|    explained_variance   | 0.943       |
|    learning_rate        | 0.00025     |
|    loss                 | 523         |
|    n_updates            | 6470        |
|    policy_gradient_loss | 0.00553     |
|    value_loss           | 1.09e+03    |
-----------------------------------------
-----------------------------------------
| rollout/                |             |
|    ep_len_mean          | 1.12e+03    |
|    ep_rew_mean          | 493         |
| time/                   |             |
|    fps                  | 92          |
|    iterations           | 649         |
|    time_elapsed         | 14302       |
|    total_timesteps      | 1329152     |
| train/                  |             |
|    approx_kl            | 0.020838954 |
|    clip_fraction        | 0.276       |
|    clip_range           | 0.1         |
|    entropy_loss         | -0.456      |
|    explained_variance   | 0.903       |
|    learning_rate        | 0.00025     |
|    loss                 | 216         |
|    n_updates            | 6480        |
|    policy_gradient_loss | 0.00485     |
|    value_loss           | 794         |
-----------------------------------------
-----------------------------------------
| rollout/                |             |
|    ep_len_mean          | 1.1e+03     |
|    ep_rew_mean          | 512         |
| time/                   |             |
|    fps                  | 92          |
|    iterations           | 650         |
|    time_elapsed         | 14323       |
|    total_timesteps      | 1331200     |
| train/                  |             |
|    approx_kl            | 0.006647451 |
|    clip_fraction        | 0.0612      |
|    clip_range           | 0.1         |
|    entropy_loss         | -0.0841     |
|    explained_variance   | 0.838       |
|    learning_rate        | 0.00025     |
|    loss                 | 256         |
|    n_updates            | 6490        |
|    policy_gradient_loss | 0.00688     |
|    value_loss           | 775         |
-----------------------------------------
---------------------------------------
| rollout/                |           |
|    ep_len_mean          | 1.09e+03  |
|    ep_rew_mean          | 529       |
| time/                   |           |
|    fps                  | 92        |
|    iterations           | 651       |
|    time_elapsed         | 14343     |
|    total_timesteps      | 1333248   |
| train/                  |           |
|    approx_kl            | 0.6574594 |
|    clip_fraction        | 0.289     |
|    clip_range           | 0.1       |
|    entropy_loss         | -0.225    |
|    explained_variance   | 0.857     |
|    learning_rate        | 0.00025   |
|    loss                 | 130       |
|    n_updates            | 6500      |
|    policy_gradient_loss | 0.00199   |
|    value_loss           | 585       |
---------------------------------------
----------------------------------------
| rollout/                |            |
|    ep_len_mean          | 1.06e+03   |
|    ep_rew_mean          | 551        |
| time/                   |            |
|    fps                  | 92         |
|    iterations           | 652        |
|    time_elapsed         | 14364      |
|    total_timesteps      | 1335296    |
| train/                  |            |
|    approx_kl            | 0.07635967 |
|    clip_fraction        | 0.336      |
|    clip_range           | 0.1        |
|    entropy_loss         | -0.37      |
|    explained_variance   | 0.695      |
|    learning_rate        | 0.00025    |
|    loss                 | 138        |
|    n_updates            | 6510       |
|    policy_gradient_loss | 0.0122     |
|    value_loss           | 403        |
----------------------------------------
-----------------------------------------
| rollout/                |             |
|    ep_len_mean          | 996         |
|    ep_rew_mean          | 600         |
| time/                   |             |
|    fps                  | 92          |
|    iterations           | 653         |
|    time_elapsed         | 14384       |
|    total_timesteps      | 1337344     |
| train/                  |             |
|    approx_kl            | 0.027972233 |
|    clip_fraction        | 0.143       |
|    clip_range           | 0.1         |
|    entropy_loss         | -0.203      |
|    explained_variance   | 0.863       |
|    learning_rate        | 0.00025     |
|    loss                 | 395         |
|    n_updates            | 6520        |
|    policy_gradient_loss | -0.000431   |
|    value_loss           | 930         |
-----------------------------------------
-----------------------------------------
| rollout/                |             |
|    ep_len_mean          | 996         |
|    ep_rew_mean          | 600         |
| time/                   |             |
|    fps                  | 92          |
|    iterations           | 654         |
|    time_elapsed         | 14404       |
|    total_timesteps      | 1339392     |
| train/                  |             |
|    approx_kl            | 0.016523236 |
|    clip_fraction        | 0.144       |
|    clip_range           | 0.1         |
|    entropy_loss         | -0.221      |
|    explained_variance   | 0.842       |
|    learning_rate        | 0.00025     |
|    loss                 | 1.25e+03    |
|    n_updates            | 6530        |
|    policy_gradient_loss | 0.00306     |
|    value_loss           | 3.07e+03    |
-----------------------------------------
---------------------------------------
| rollout/                |           |
|    ep_len_mean          | 994       |
|    ep_rew_mean          | 594       |
| time/                   |           |
|    fps                  | 92        |
|    iterations           | 655       |
|    time_elapsed         | 14424     |
|    total_timesteps      | 1341440   |
| train/                  |           |
|    approx_kl            | 0.7160858 |
|    clip_fraction        | 0.306     |
|    clip_range           | 0.1       |
|    entropy_loss         | -0.117    |
|    explained_variance   | 0.287     |
|    learning_rate        | 0.00025   |
|    loss                 | 20.8      |
|    n_updates            | 6540      |
|    policy_gradient_loss | 0.0266    |
|    value_loss           | 93.3      |
---------------------------------------
----------------------------------------
| rollout/                |            |
|    ep_len_mean          | 984        |
|    ep_rew_mean          | 600        |
| time/                   |            |
|    fps                  | 93         |
|    iterations           | 656        |
|    time_elapsed         | 14445      |
|    total_timesteps      | 1343488    |
| train/                  |            |
|    approx_kl            | 0.11565454 |
|    clip_fraction        | 0.203      |
|    clip_range           | 0.1        |
|    entropy_loss         | -0.303     |
|    explained_variance   | 0.73       |
|    learning_rate        | 0.00025    |
|    loss                 | 238        |
|    n_updates            | 6550       |
|    policy_gradient_loss | 0.00764    |
|    value_loss           | 889        |
----------------------------------------
-----------------------------------------
| rollout/                |             |
|    ep_len_mean          | 999         |
|    ep_rew_mean          | 604         |
| time/                   |             |
|    fps                  | 93          |
|    iterations           | 657         |
|    time_elapsed         | 14465       |
|    total_timesteps      | 1345536     |
| train/                  |             |
|    approx_kl            | 0.053944454 |
|    clip_fraction        | 0.219       |
|    clip_range           | 0.1         |
|    entropy_loss         | -0.348      |
|    explained_variance   | 0.81        |
|    learning_rate        | 0.00025     |
|    loss                 | 58.8        |
|    n_updates            | 6560        |
|    policy_gradient_loss | 0.0115      |
|    value_loss           | 370         |
-----------------------------------------
-----------------------------------------
| rollout/                |             |
|    ep_len_mean          | 969         |
|    ep_rew_mean          | 607         |
| time/                   |             |
|    fps                  | 93          |
|    iterations           | 658         |
|    time_elapsed         | 14486       |
|    total_timesteps      | 1347584     |
| train/                  |             |
|    approx_kl            | 0.044011075 |
|    clip_fraction        | 0.184       |
|    clip_range           | 0.1         |
|    entropy_loss         | -0.199      |
|    explained_variance   | 0.956       |
|    learning_rate        | 0.00025     |
|    loss                 | 114         |
|    n_updates            | 6570        |
|    policy_gradient_loss | -0.00167    |
|    value_loss           | 393         |
-----------------------------------------
-----------------------------------------
| rollout/                |             |
|    ep_len_mean          | 786         |
|    ep_rew_mean          | 658         |
| time/                   |             |
|    fps                  | 93          |
|    iterations           | 659         |
|    time_elapsed         | 14506       |
|    total_timesteps      | 1349632     |
| train/                  |             |
|    approx_kl            | 0.017069163 |
|    clip_fraction        | 0.0969      |
|    clip_range           | 0.1         |
|    entropy_loss         | -0.134      |
|    explained_variance   | 0.952       |
|    learning_rate        | 0.00025     |
|    loss                 | 194         |
|    n_updates            | 6580        |
|    policy_gradient_loss | 0.0104      |
|    value_loss           | 511         |
-----------------------------------------
-----------------------------------------
| rollout/                |             |
|    ep_len_mean          | 786         |
|    ep_rew_mean          | 658         |
| time/                   |             |
|    fps                  | 93          |
|    iterations           | 660         |
|    time_elapsed         | 14527       |
|    total_timesteps      | 1351680     |
| train/                  |             |
|    approx_kl            | 0.018111534 |
|    clip_fraction        | 0.153       |
|    clip_range           | 0.1         |
|    entropy_loss         | -0.237      |
|    explained_variance   | 0.892       |
|    learning_rate        | 0.00025     |
|    loss                 | 694         |
|    n_updates            | 6590        |
|    policy_gradient_loss | 0.00796     |
|    value_loss           | 1.6e+03     |
-----------------------------------------
---------------------------------------
| rollout/                |           |
|    ep_len_mean          | 786       |
|    ep_rew_mean          | 664       |
| time/                   |           |
|    fps                  | 93        |
|    iterations           | 661       |
|    time_elapsed         | 14547     |
|    total_timesteps      | 1353728   |
| train/                  |           |
|    approx_kl            | 1.4136668 |
|    clip_fraction        | 0.552     |
|    clip_range           | 0.1       |
|    entropy_loss         | -0.193    |
|    explained_variance   | -4.33     |
|    learning_rate        | 0.00025   |
|    loss                 | 3.23      |
|    n_updates            | 6600      |
|    policy_gradient_loss | 0.0786    |
|    value_loss           | 50.6      |
---------------------------------------
------------------------------------------
| rollout/                |              |
|    ep_len_mean          | 713          |
|    ep_rew_mean          | 683          |
| time/                   |              |
|    fps                  | 93           |
|    iterations           | 662          |
|    time_elapsed         | 14567        |
|    total_timesteps      | 1355776      |
| train/                  |              |
|    approx_kl            | 0.0047425376 |
|    clip_fraction        | 0.00292      |
|    clip_range           | 0.1          |
|    entropy_loss         | -0.00811     |
|    explained_variance   | 0.9          |
|    learning_rate        | 0.00025      |
|    loss                 | 33.7         |
|    n_updates            | 6610         |
|    policy_gradient_loss | 0.00163      |
|    value_loss           | 79.7         |
------------------------------------------
------------------------------------------
| rollout/                |              |
|    ep_len_mean          | 617          |
|    ep_rew_mean          | 642          |
| time/                   |              |
|    fps                  | 93           |
|    iterations           | 663          |
|    time_elapsed         | 14588        |
|    total_timesteps      | 1357824      |
| train/                  |              |
|    approx_kl            | 0.0067240023 |
|    clip_fraction        | 0.00563      |
|    clip_range           | 0.1          |
|    entropy_loss         | -0.0176      |
|    explained_variance   | 0.714        |
|    learning_rate        | 0.00025      |
|    loss                 | 428          |
|    n_updates            | 6620         |
|    policy_gradient_loss | 0.000611     |
|    value_loss           | 653          |
------------------------------------------
-----------------------------------------
| rollout/                |             |
|    ep_len_mean          | 637         |
|    ep_rew_mean          | 636         |
| time/                   |             |
|    fps                  | 93          |
|    iterations           | 664         |
|    time_elapsed         | 14608       |
|    total_timesteps      | 1359872     |
| train/                  |             |
|    approx_kl            | 0.023437325 |
|    clip_fraction        | 0.0737      |
|    clip_range           | 0.1         |
|    entropy_loss         | -0.106      |
|    explained_variance   | 0.839       |
|    learning_rate        | 0.00025     |
|    loss                 | 430         |
|    n_updates            | 6630        |
|    policy_gradient_loss | -0.00982    |
|    value_loss           | 515         |
-----------------------------------------
---------------------------------------
| rollout/                |           |
|    ep_len_mean          | 637       |
|    ep_rew_mean          | 636       |
| time/                   |           |
|    fps                  | 93        |
|    iterations           | 665       |
|    time_elapsed         | 14629     |
|    total_timesteps      | 1361920   |
| train/                  |           |
|    approx_kl            | 0.1063132 |
|    clip_fraction        | 0.0607    |
|    clip_range           | 0.1       |
|    entropy_loss         | -0.121    |
|    explained_variance   | 0.787     |
|    learning_rate        | 0.00025   |
|    loss                 | 14.2      |
|    n_updates            | 6640      |
|    policy_gradient_loss | -6.59e-05 |
|    value_loss           | 89.4      |
---------------------------------------
----------------------------------------
| rollout/                |            |
|    ep_len_mean          | 657        |
|    ep_rew_mean          | 632        |
| time/                   |            |
|    fps                  | 93         |
|    iterations           | 666        |
|    time_elapsed         | 14649      |
|    total_timesteps      | 1363968    |
| train/                  |            |
|    approx_kl            | 0.07613027 |
|    clip_fraction        | 0.52       |
|    clip_range           | 0.1        |
|    entropy_loss         | -0.445     |
|    explained_variance   | -2.39      |
|    learning_rate        | 0.00025    |
|    loss                 | 0.45       |
|    n_updates            | 6650       |
|    policy_gradient_loss | 0.0406     |
|    value_loss           | 12.9       |
----------------------------------------
-----------------------------------------
| rollout/                |             |
|    ep_len_mean          | 679         |
|    ep_rew_mean          | 627         |
| time/                   |             |
|    fps                  | 93          |
|    iterations           | 667         |
|    time_elapsed         | 14669       |
|    total_timesteps      | 1366016     |
| train/                  |             |
|    approx_kl            | 0.051384963 |
|    clip_fraction        | 0.188       |
|    clip_range           | 0.1         |
|    entropy_loss         | -0.305      |
|    explained_variance   | 0.944       |
|    learning_rate        | 0.00025     |
|    loss                 | 5.97        |
|    n_updates            | 6660        |
|    policy_gradient_loss | 0.00871     |
|    value_loss           | 26          |
-----------------------------------------
----------------------------------------
| rollout/                |            |
|    ep_len_mean          | 679        |
|    ep_rew_mean          | 624        |
| time/                   |            |
|    fps                  | 93         |
|    iterations           | 668        |
|    time_elapsed         | 14690      |
|    total_timesteps      | 1368064    |
| train/                  |            |
|    approx_kl            | 0.03508188 |
|    clip_fraction        | 0.209      |
|    clip_range           | 0.1        |
|    entropy_loss         | -0.315     |
|    explained_variance   | 0.967      |
|    learning_rate        | 0.00025    |
|    loss                 | 3.63       |
|    n_updates            | 6670       |
|    policy_gradient_loss | 0.00894    |
|    value_loss           | 18.1       |
----------------------------------------
----------------------------------------
| rollout/                |            |
|    ep_len_mean          | 696        |
|    ep_rew_mean          | 620        |
| time/                   |            |
|    fps                  | 93         |
|    iterations           | 669        |
|    time_elapsed         | 14710      |
|    total_timesteps      | 1370112    |
| train/                  |            |
|    approx_kl            | 0.00367809 |
|    clip_fraction        | 0.0735     |
|    clip_range           | 0.1        |
|    entropy_loss         | -0.294     |
|    explained_variance   | 0.988      |
|    learning_rate        | 0.00025    |
|    loss                 | 3.62       |
|    n_updates            | 6680       |
|    policy_gradient_loss | 0.00399    |
|    value_loss           | 15.5       |
----------------------------------------
-----------------------------------------
| rollout/                |             |
|    ep_len_mean          | 718         |
|    ep_rew_mean          | 616         |
| time/                   |             |
|    fps                  | 93          |
|    iterations           | 670         |
|    time_elapsed         | 14731       |
|    total_timesteps      | 1372160     |
| train/                  |             |
|    approx_kl            | 0.021760901 |
|    clip_fraction        | 0.103       |
|    clip_range           | 0.1         |
|    entropy_loss         | -0.317      |
|    explained_variance   | 0.996       |
|    learning_rate        | 0.00025     |
|    loss                 | 3.72        |
|    n_updates            | 6690        |
|    policy_gradient_loss | 0.00308     |
|    value_loss           | 8.52        |
-----------------------------------------
-----------------------------------------
| rollout/                |             |
|    ep_len_mean          | 731         |
|    ep_rew_mean          | 604         |
| time/                   |             |
|    fps                  | 93          |
|    iterations           | 671         |
|    time_elapsed         | 14751       |
|    total_timesteps      | 1374208     |
| train/                  |             |
|    approx_kl            | 0.017069526 |
|    clip_fraction        | 0.0371      |
|    clip_range           | 0.1         |
|    entropy_loss         | -0.224      |
|    explained_variance   | 0.998       |
|    learning_rate        | 0.00025     |
|    loss                 | 0.97        |
|    n_updates            | 6700        |
|    policy_gradient_loss | 0.00261     |
|    value_loss           | 5.16        |
-----------------------------------------
-----------------------------------------
| rollout/                |             |
|    ep_len_mean          | 730         |
|    ep_rew_mean          | 600         |
| time/                   |             |
|    fps                  | 93          |
|    iterations           | 672         |
|    time_elapsed         | 14771       |
|    total_timesteps      | 1376256     |
| train/                  |             |
|    approx_kl            | 0.020626992 |
|    clip_fraction        | 0.273       |
|    clip_range           | 0.1         |
|    entropy_loss         | -0.299      |
|    explained_variance   | 0.801       |
|    learning_rate        | 0.00025     |
|    loss                 | 4.22        |
|    n_updates            | 6710        |
|    policy_gradient_loss | 0.00918     |
|    value_loss           | 91.6        |
-----------------------------------------
-----------------------------------------
| rollout/                |             |
|    ep_len_mean          | 729         |
|    ep_rew_mean          | 582         |
| time/                   |             |
|    fps                  | 93          |
|    iterations           | 673         |
|    time_elapsed         | 14791       |
|    total_timesteps      | 1378304     |
| train/                  |             |
|    approx_kl            | 0.040870056 |
|    clip_fraction        | 0.05        |
|    clip_range           | 0.1         |
|    entropy_loss         | -0.21       |
|    explained_variance   | 0.901       |
|    learning_rate        | 0.00025     |
|    loss                 | 23.9        |
|    n_updates            | 6720        |
|    policy_gradient_loss | 0.002       |
|    value_loss           | 113         |
-----------------------------------------
------------------------------------------
| rollout/                |              |
|    ep_len_mean          | 754          |
|    ep_rew_mean          | 568          |
| time/                   |              |
|    fps                  | 93           |
|    iterations           | 674          |
|    time_elapsed         | 14812        |
|    total_timesteps      | 1380352      |
| train/                  |              |
|    approx_kl            | 0.0036254497 |
|    clip_fraction        | 0.0497       |
|    clip_range           | 0.1          |
|    entropy_loss         | -0.173       |
|    explained_variance   | 0.953        |
|    learning_rate        | 0.00025      |
|    loss                 | 119          |
|    n_updates            | 6730         |
|    policy_gradient_loss | 0.00418      |
|    value_loss           | 216          |
------------------------------------------
-----------------------------------------
| rollout/                |             |
|    ep_len_mean          | 723         |
|    ep_rew_mean          | 549         |
| time/                   |             |
|    fps                  | 93          |
|    iterations           | 675         |
|    time_elapsed         | 14832       |
|    total_timesteps      | 1382400     |
| train/                  |             |
|    approx_kl            | 0.054807793 |
|    clip_fraction        | 0.119       |
|    clip_range           | 0.1         |
|    entropy_loss         | -0.225      |
|    explained_variance   | 0.96        |
|    learning_rate        | 0.00025     |
|    loss                 | 8.86        |
|    n_updates            | 6740        |
|    policy_gradient_loss | 0.00713     |
|    value_loss           | 80.9        |
-----------------------------------------
------------------------------------------
| rollout/                |              |
|    ep_len_mean          | 700          |
|    ep_rew_mean          | 550          |
| time/                   |              |
|    fps                  | 93           |
|    iterations           | 676          |
|    time_elapsed         | 14853        |
|    total_timesteps      | 1384448      |
| train/                  |              |
|    approx_kl            | 0.0016662055 |
|    clip_fraction        | 0.0526       |
|    clip_range           | 0.1          |
|    entropy_loss         | -0.224       |
|    explained_variance   | 0.951        |
|    learning_rate        | 0.00025      |
|    loss                 | 153          |
|    n_updates            | 6750         |
|    policy_gradient_loss | 0.00154      |
|    value_loss           | 217          |
------------------------------------------
----------------------------------------
| rollout/                |            |
|    ep_len_mean          | 718        |
|    ep_rew_mean          | 542        |
| time/                   |            |
|    fps                  | 93         |
|    iterations           | 677        |
|    time_elapsed         | 14873      |
|    total_timesteps      | 1386496    |
| train/                  |            |
|    approx_kl            | 0.03122593 |
|    clip_fraction        | 0.215      |
|    clip_range           | 0.1        |
|    entropy_loss         | -0.341     |
|    explained_variance   | 0.916      |
|    learning_rate        | 0.00025    |
|    loss                 | 63.7       |
|    n_updates            | 6760       |
|    policy_gradient_loss | 0.000845   |
|    value_loss           | 135        |
----------------------------------------
----------------------------------------
| rollout/                |            |
|    ep_len_mean          | 739        |
|    ep_rew_mean          | 535        |
| time/                   |            |
|    fps                  | 93         |
|    iterations           | 678        |
|    time_elapsed         | 14893      |
|    total_timesteps      | 1388544    |
| train/                  |            |
|    approx_kl            | 0.04287999 |
|    clip_fraction        | 0.277      |
|    clip_range           | 0.1        |
|    entropy_loss         | -0.384     |
|    explained_variance   | 0.928      |
|    learning_rate        | 0.00025    |
|    loss                 | 3.21       |
|    n_updates            | 6770       |
|    policy_gradient_loss | 0.0156     |
|    value_loss           | 20.7       |
----------------------------------------
-----------------------------------------
| rollout/                |             |
|    ep_len_mean          | 743         |
|    ep_rew_mean          | 531         |
| time/                   |             |
|    fps                  | 93          |
|    iterations           | 679         |
|    time_elapsed         | 14914       |
|    total_timesteps      | 1390592     |
| train/                  |             |
|    approx_kl            | 0.011837894 |
|    clip_fraction        | 0.237       |
|    clip_range           | 0.1         |
|    entropy_loss         | -0.381      |
|    explained_variance   | 0.964       |
|    learning_rate        | 0.00025     |
|    loss                 | 4.82        |
|    n_updates            | 6780        |
|    policy_gradient_loss | -0.0152     |
|    value_loss           | 47.4        |
-----------------------------------------
-----------------------------------------
| rollout/                |             |
|    ep_len_mean          | 765         |
|    ep_rew_mean          | 518         |
| time/                   |             |
|    fps                  | 93          |
|    iterations           | 680         |
|    time_elapsed         | 14934       |
|    total_timesteps      | 1392640     |
| train/                  |             |
|    approx_kl            | 0.013250912 |
|    clip_fraction        | 0.207       |
|    clip_range           | 0.1         |
|    entropy_loss         | -0.421      |
|    explained_variance   | 0.935       |
|    learning_rate        | 0.00025     |
|    loss                 | 14.5        |
|    n_updates            | 6790        |
|    policy_gradient_loss | 0.00145     |
|    value_loss           | 129         |
-----------------------------------------
----------------------------------------
| rollout/                |            |
|    ep_len_mean          | 787        |
|    ep_rew_mean          | 511        |
| time/                   |            |
|    fps                  | 93         |
|    iterations           | 681        |
|    time_elapsed         | 14955      |
|    total_timesteps      | 1394688    |
| train/                  |            |
|    approx_kl            | 0.01024434 |
|    clip_fraction        | 0.288      |
|    clip_range           | 0.1        |
|    entropy_loss         | -0.425     |
|    explained_variance   | 0.965      |
|    learning_rate        | 0.00025    |
|    loss                 | 1.82       |
|    n_updates            | 6800       |
|    policy_gradient_loss | 0.00875    |
|    value_loss           | 13         |
----------------------------------------
-----------------------------------------
| rollout/                |             |
|    ep_len_mean          | 787         |
|    ep_rew_mean          | 508         |
| time/                   |             |
|    fps                  | 93          |
|    iterations           | 682         |
|    time_elapsed         | 14975       |
|    total_timesteps      | 1396736     |
| train/                  |             |
|    approx_kl            | 0.023707893 |
|    clip_fraction        | 0.115       |
|    clip_range           | 0.1         |
|    entropy_loss         | -0.382      |
|    explained_variance   | 0.99        |
|    learning_rate        | 0.00025     |
|    loss                 | 2.86        |
|    n_updates            | 6810        |
|    policy_gradient_loss | 0.00455     |
|    value_loss           | 9.94        |
-----------------------------------------
------------------------------------------
| rollout/                |              |
|    ep_len_mean          | 791          |
|    ep_rew_mean          | 504          |
| time/                   |              |
|    fps                  | 93           |
|    iterations           | 683          |
|    time_elapsed         | 14995        |
|    total_timesteps      | 1398784      |
| train/                  |              |
|    approx_kl            | 0.0102662705 |
|    clip_fraction        | 0.286        |
|    clip_range           | 0.1          |
|    entropy_loss         | -0.48        |
|    explained_variance   | 0.988        |
|    learning_rate        | 0.00025      |
|    loss                 | 2.25         |
|    n_updates            | 6820         |
|    policy_gradient_loss | 0.0135       |
|    value_loss           | 9.56         |
------------------------------------------
Eval num_timesteps=1400000, episode_reward=139.00 +/- 0.00
Episode length: 2406.00 +/- 0.00
-----------------------------------------
| eval/                   |             |
|    mean_ep_length       | 2.41e+03    |
|    mean_reward          | 139         |
| time/                   |             |
|    total_timesteps      | 1400000     |
| train/                  |             |
|    approx_kl            | 0.024479948 |
|    clip_fraction        | 0.17        |
|    clip_range           | 0.1         |
|    entropy_loss         | -0.48       |
|    explained_variance   | 0.986       |
|    learning_rate        | 0.00025     |
|    loss                 | 3.79        |
|    n_updates            | 6830        |
|    policy_gradient_loss | 0.0113      |
|    value_loss           | 8.57        |
-----------------------------------------
---------------------------------
| rollout/           |          |
|    ep_len_mean     | 791      |
|    ep_rew_mean     | 501      |
| time/              |          |
|    fps             | 92       |
|    iterations      | 684      |
|    time_elapsed    | 15081    |
|    total_timesteps | 1400832  |
---------------------------------
-----------------------------------------
| rollout/                |             |
|    ep_len_mean          | 791         |
|    ep_rew_mean          | 501         |
| time/                   |             |
|    fps                  | 92          |
|    iterations           | 685         |
|    time_elapsed         | 15102       |
|    total_timesteps      | 1402880     |
| train/                  |             |
|    approx_kl            | 0.005845988 |
|    clip_fraction        | 0.155       |
|    clip_range           | 0.1         |
|    entropy_loss         | -0.495      |
|    explained_variance   | 0.994       |
|    learning_rate        | 0.00025     |
|    loss                 | 1.4         |
|    n_updates            | 6840        |
|    policy_gradient_loss | 0.00109     |
|    value_loss           | 2.73        |
-----------------------------------------
-----------------------------------------
| rollout/                |             |
|    ep_len_mean          | 785         |
|    ep_rew_mean          | 476         |
| time/                   |             |
|    fps                  | 92          |
|    iterations           | 686         |
|    time_elapsed         | 15122       |
|    total_timesteps      | 1404928     |
| train/                  |             |
|    approx_kl            | 0.012090824 |
|    clip_fraction        | 0.489       |
|    clip_range           | 0.1         |
|    entropy_loss         | -0.487      |
|    explained_variance   | 0.676       |
|    learning_rate        | 0.00025     |
|    loss                 | 1.58        |
|    n_updates            | 6850        |
|    policy_gradient_loss | 0.0204      |
|    value_loss           | 6.2         |
-----------------------------------------
-----------------------------------------
| rollout/                |             |
|    ep_len_mean          | 574         |
|    ep_rew_mean          | 221         |
| time/                   |             |
|    fps                  | 92          |
|    iterations           | 687         |
|    time_elapsed         | 15143       |
|    total_timesteps      | 1406976     |
| train/                  |             |
|    approx_kl            | 0.018381475 |
|    clip_fraction        | 0.403       |
|    clip_range           | 0.1         |
|    entropy_loss         | -0.519      |
|    explained_variance   | 0.866       |
|    learning_rate        | 0.00025     |
|    loss                 | 166         |
|    n_updates            | 6860        |
|    policy_gradient_loss | 0.0106      |
|    value_loss           | 280         |
-----------------------------------------
----------------------------------------
| rollout/                |            |
|    ep_len_mean          | 551        |
|    ep_rew_mean          | 223        |
| time/                   |            |
|    fps                  | 92         |
|    iterations           | 688        |
|    time_elapsed         | 15163      |
|    total_timesteps      | 1409024    |
| train/                  |            |
|    approx_kl            | 0.01311793 |
|    clip_fraction        | 0.0767     |
|    clip_range           | 0.1        |
|    entropy_loss         | -0.241     |
|    explained_variance   | 0.937      |
|    learning_rate        | 0.00025    |
|    loss                 | 11.4       |
|    n_updates            | 6870       |
|    policy_gradient_loss | 0.000281   |
|    value_loss           | 287        |
----------------------------------------
-----------------------------------------
| rollout/                |             |
|    ep_len_mean          | 551         |
|    ep_rew_mean          | 223         |
| time/                   |             |
|    fps                  | 92          |
|    iterations           | 689         |
|    time_elapsed         | 15183       |
|    total_timesteps      | 1411072     |
| train/                  |             |
|    approx_kl            | 0.008809419 |
|    clip_fraction        | 0.309       |
|    clip_range           | 0.1         |
|    entropy_loss         | -0.578      |
|    explained_variance   | 0.894       |
|    learning_rate        | 0.00025     |
|    loss                 | 17.7        |
|    n_updates            | 6880        |
|    policy_gradient_loss | 0.000926    |
|    value_loss           | 107         |
-----------------------------------------
-----------------------------------------
| rollout/                |             |
|    ep_len_mean          | 574         |
|    ep_rew_mean          | 222         |
| time/                   |             |
|    fps                  | 92          |
|    iterations           | 690         |
|    time_elapsed         | 15204       |
|    total_timesteps      | 1413120     |
| train/                  |             |
|    approx_kl            | 0.009112287 |
|    clip_fraction        | 0.374       |
|    clip_range           | 0.1         |
|    entropy_loss         | -0.579      |
|    explained_variance   | 0.922       |
|    learning_rate        | 0.00025     |
|    loss                 | 0.278       |
|    n_updates            | 6890        |
|    policy_gradient_loss | 0.00693     |
|    value_loss           | 16.3        |
-----------------------------------------
-------------------------------------------
| rollout/                |               |
|    ep_len_mean          | 598           |
|    ep_rew_mean          | 219           |
| time/                   |               |
|    fps                  | 92            |
|    iterations           | 691           |
|    time_elapsed         | 15224         |
|    total_timesteps      | 1415168       |
| train/                  |               |
|    approx_kl            | 0.00077814696 |
|    clip_fraction        | 0.0946        |
|    clip_range           | 0.1           |
|    entropy_loss         | -0.229        |
|    explained_variance   | 0.955         |
|    learning_rate        | 0.00025       |
|    loss                 | 1.51          |
|    n_updates            | 6900          |
|    policy_gradient_loss | 0.0021        |
|    value_loss           | 32.1          |
-------------------------------------------
-----------------------------------------
| rollout/                |             |
|    ep_len_mean          | 622         |
|    ep_rew_mean          | 218         |
| time/                   |             |
|    fps                  | 92          |
|    iterations           | 692         |
|    time_elapsed         | 15244       |
|    total_timesteps      | 1417216     |
| train/                  |             |
|    approx_kl            | 0.032999583 |
|    clip_fraction        | 0.316       |
|    clip_range           | 0.1         |
|    entropy_loss         | -0.373      |
|    explained_variance   | 0.954       |
|    learning_rate        | 0.00025     |
|    loss                 | 37.5        |
|    n_updates            | 6910        |
|    policy_gradient_loss | -0.000759   |
|    value_loss           | 63          |
-----------------------------------------
----------------------------------------
| rollout/                |            |
|    ep_len_mean          | 622        |
|    ep_rew_mean          | 218        |
| time/                   |            |
|    fps                  | 92         |
|    iterations           | 693        |
|    time_elapsed         | 15265      |
|    total_timesteps      | 1419264    |
| train/                  |            |
|    approx_kl            | 0.45848227 |
|    clip_fraction        | 0.206      |
|    clip_range           | 0.1        |
|    entropy_loss         | -0.574     |
|    explained_variance   | 0.984      |
|    learning_rate        | 0.00025    |
|    loss                 | 1.37       |
|    n_updates            | 6920       |
|    policy_gradient_loss | -0.0206    |
|    value_loss           | 5.97       |
----------------------------------------
-----------------------------------------
| rollout/                |             |
|    ep_len_mean          | 622         |
|    ep_rew_mean          | 218         |
| time/                   |             |
|    fps                  | 92          |
|    iterations           | 694         |
|    time_elapsed         | 15285       |
|    total_timesteps      | 1421312     |
| train/                  |             |
|    approx_kl            | 0.012518901 |
|    clip_fraction        | 0.477       |
|    clip_range           | 0.1         |
|    entropy_loss         | -0.533      |
|    explained_variance   | 0.864       |
|    learning_rate        | 0.00025     |
|    loss                 | 25.2        |
|    n_updates            | 6930        |
|    policy_gradient_loss | 0.0128      |
|    value_loss           | 228         |
-----------------------------------------
-----------------------------------------
| rollout/                |             |
|    ep_len_mean          | 622         |
|    ep_rew_mean          | 218         |
| time/                   |             |
|    fps                  | 92          |
|    iterations           | 695         |
|    time_elapsed         | 15306       |
|    total_timesteps      | 1423360     |
| train/                  |             |
|    approx_kl            | 0.006329424 |
|    clip_fraction        | 0.271       |
|    clip_range           | 0.1         |
|    entropy_loss         | -0.542      |
|    explained_variance   | 0.92        |
|    learning_rate        | 0.00025     |
|    loss                 | 36.7        |
|    n_updates            | 6940        |
|    policy_gradient_loss | -0.00101    |
|    value_loss           | 150         |
-----------------------------------------
-----------------------------------------
| rollout/                |             |
|    ep_len_mean          | 622         |
|    ep_rew_mean          | 218         |
| time/                   |             |
|    fps                  | 93          |
|    iterations           | 696         |
|    time_elapsed         | 15326       |
|    total_timesteps      | 1425408     |
| train/                  |             |
|    approx_kl            | 0.012023107 |
|    clip_fraction        | 0.271       |
|    clip_range           | 0.1         |
|    entropy_loss         | -0.589      |
|    explained_variance   | 0.932       |
|    learning_rate        | 0.00025     |
|    loss                 | 56.1        |
|    n_updates            | 6950        |
|    policy_gradient_loss | 0.00116     |
|    value_loss           | 134         |
-----------------------------------------
-----------------------------------------
| rollout/                |             |
|    ep_len_mean          | 622         |
|    ep_rew_mean          | 218         |
| time/                   |             |
|    fps                  | 93          |
|    iterations           | 697         |
|    time_elapsed         | 15347       |
|    total_timesteps      | 1427456     |
| train/                  |             |
|    approx_kl            | 0.005590279 |
|    clip_fraction        | 0.294       |
|    clip_range           | 0.1         |
|    entropy_loss         | -0.593      |
|    explained_variance   | 0.932       |
|    learning_rate        | 0.00025     |
|    loss                 | 0.159       |
|    n_updates            | 6960        |
|    policy_gradient_loss | 0.00702     |
|    value_loss           | 22.6        |
-----------------------------------------
-----------------------------------------
| rollout/                |             |
|    ep_len_mean          | 598         |
|    ep_rew_mean          | 219         |
| time/                   |             |
|    fps                  | 93          |
|    iterations           | 698         |
|    time_elapsed         | 15367       |
|    total_timesteps      | 1429504     |
| train/                  |             |
|    approx_kl            | 0.006976394 |
|    clip_fraction        | 0.363       |
|    clip_range           | 0.1         |
|    entropy_loss         | -0.597      |
|    explained_variance   | 0.957       |
|    learning_rate        | 0.00025     |
|    loss                 | 0.387       |
|    n_updates            | 6970        |
|    policy_gradient_loss | 0.00375     |
|    value_loss           | 11.8        |
-----------------------------------------
-----------------------------------------
| rollout/                |             |
|    ep_len_mean          | 598         |
|    ep_rew_mean          | 219         |
| time/                   |             |
|    fps                  | 93          |
|    iterations           | 699         |
|    time_elapsed         | 15387       |
|    total_timesteps      | 1431552     |
| train/                  |             |
|    approx_kl            | 0.014725874 |
|    clip_fraction        | 0.327       |
|    clip_range           | 0.1         |
|    entropy_loss         | -0.641      |
|    explained_variance   | 0.942       |
|    learning_rate        | 0.00025     |
|    loss                 | 66.9        |
|    n_updates            | 6980        |
|    policy_gradient_loss | 0.000177    |
|    value_loss           | 133         |
-----------------------------------------
-----------------------------------------
| rollout/                |             |
|    ep_len_mean          | 598         |
|    ep_rew_mean          | 219         |
| time/                   |             |
|    fps                  | 93          |
|    iterations           | 700         |
|    time_elapsed         | 15408       |
|    total_timesteps      | 1433600     |
| train/                  |             |
|    approx_kl            | 0.004760227 |
|    clip_fraction        | 0.289       |
|    clip_range           | 0.1         |
|    entropy_loss         | -0.656      |
|    explained_variance   | 0.999       |
|    learning_rate        | 0.00025     |
|    loss                 | 0.388       |
|    n_updates            | 6990        |
|    policy_gradient_loss | 0.00242     |
|    value_loss           | 1.82        |
-----------------------------------------
-----------------------------------------
| rollout/                |             |
|    ep_len_mean          | 598         |
|    ep_rew_mean          | 219         |
| time/                   |             |
|    fps                  | 93          |
|    iterations           | 701         |
|    time_elapsed         | 15428       |
|    total_timesteps      | 1435648     |
| train/                  |             |
|    approx_kl            | 0.009254043 |
|    clip_fraction        | 0.36        |
|    clip_range           | 0.1         |
|    entropy_loss         | -0.654      |
|    explained_variance   | 0.97        |
|    learning_rate        | 0.00025     |
|    loss                 | 0.183       |
|    n_updates            | 7000        |
|    policy_gradient_loss | 0.00233     |
|    value_loss           | 5.2         |
-----------------------------------------
------------------------------------------
| rollout/                |              |
|    ep_len_mean          | 623          |
|    ep_rew_mean          | 222          |
| time/                   |              |
|    fps                  | 93           |
|    iterations           | 702          |
|    time_elapsed         | 15449        |
|    total_timesteps      | 1437696      |
| train/                  |              |
|    approx_kl            | 0.0038142134 |
|    clip_fraction        | 0.174        |
|    clip_range           | 0.1          |
|    entropy_loss         | -0.684       |
|    explained_variance   | 0.994        |
|    learning_rate        | 0.00025      |
|    loss                 | 0.618        |
|    n_updates            | 7010         |
|    policy_gradient_loss | -0.000162    |
|    value_loss           | 2.13         |
------------------------------------------
-----------------------------------------
| rollout/                |             |
|    ep_len_mean          | 624         |
|    ep_rew_mean          | 226         |
| time/                   |             |
|    fps                  | 93          |
|    iterations           | 703         |
|    time_elapsed         | 15469       |
|    total_timesteps      | 1439744     |
| train/                  |             |
|    approx_kl            | 0.021616051 |
|    clip_fraction        | 0.307       |
|    clip_range           | 0.1         |
|    entropy_loss         | -0.645      |
|    explained_variance   | 0.976       |
|    learning_rate        | 0.00025     |
|    loss                 | 9.07        |
|    n_updates            | 7020        |
|    policy_gradient_loss | 0.00161     |
|    value_loss           | 48.1        |
-----------------------------------------
-----------------------------------------
| rollout/                |             |
|    ep_len_mean          | 644         |
|    ep_rew_mean          | 225         |
| time/                   |             |
|    fps                  | 93          |
|    iterations           | 704         |
|    time_elapsed         | 15489       |
|    total_timesteps      | 1441792     |
| train/                  |             |
|    approx_kl            | 0.008806424 |
|    clip_fraction        | 0.179       |
|    clip_range           | 0.1         |
|    entropy_loss         | -0.718      |
|    explained_variance   | 0.991       |
|    learning_rate        | 0.00025     |
|    loss                 | 8.35        |
|    n_updates            | 7030        |
|    policy_gradient_loss | -0.00133    |
|    value_loss           | 22          |
-----------------------------------------
------------------------------------------
| rollout/                |              |
|    ep_len_mean          | 644          |
|    ep_rew_mean          | 225          |
| time/                   |              |
|    fps                  | 93           |
|    iterations           | 705          |
|    time_elapsed         | 15510        |
|    total_timesteps      | 1443840      |
| train/                  |              |
|    approx_kl            | 0.0022212155 |
|    clip_fraction        | 0.156        |
|    clip_range           | 0.1          |
|    entropy_loss         | -0.709       |
|    explained_variance   | 0.995        |
|    learning_rate        | 0.00025      |
|    loss                 | 0.321        |
|    n_updates            | 7040         |
|    policy_gradient_loss | -0.000666    |
|    value_loss           | 3.37         |
------------------------------------------
----------------------------------------
| rollout/                |            |
|    ep_len_mean          | 666        |
|    ep_rew_mean          | 224        |
| time/                   |            |
|    fps                  | 93         |
|    iterations           | 706        |
|    time_elapsed         | 15530      |
|    total_timesteps      | 1445888    |
| train/                  |            |
|    approx_kl            | 0.23486744 |
|    clip_fraction        | 0.802      |
|    clip_range           | 0.1        |
|    entropy_loss         | -0.497     |
|    explained_variance   | -1.38      |
|    learning_rate        | 0.00025    |
|    loss                 | 0.449      |
|    n_updates            | 7050       |
|    policy_gradient_loss | 0.109      |
|    value_loss           | 1.67       |
----------------------------------------
---------------------------------------
| rollout/                |           |
|    ep_len_mean          | 666       |
|    ep_rew_mean          | 224       |
| time/                   |           |
|    fps                  | 93        |
|    iterations           | 707       |
|    time_elapsed         | 15550     |
|    total_timesteps      | 1447936   |
| train/                  |           |
|    approx_kl            | 0.0483866 |
|    clip_fraction        | 0.195     |
|    clip_range           | 0.1       |
|    entropy_loss         | -0.643    |
|    explained_variance   | 0.999     |
|    learning_rate        | 0.00025   |
|    loss                 | 0.152     |
|    n_updates            | 7060      |
|    policy_gradient_loss | 0.000219  |
|    value_loss           | 1.27      |
---------------------------------------
-----------------------------------------
| rollout/                |             |
|    ep_len_mean          | 685         |
|    ep_rew_mean          | 224         |
| time/                   |             |
|    fps                  | 93          |
|    iterations           | 708         |
|    time_elapsed         | 15571       |
|    total_timesteps      | 1449984     |
| train/                  |             |
|    approx_kl            | 0.026394904 |
|    clip_fraction        | 0.136       |
|    clip_range           | 0.1         |
|    entropy_loss         | -0.637      |
|    explained_variance   | 0.999       |
|    learning_rate        | 0.00025     |
|    loss                 | 0.348       |
|    n_updates            | 7070        |
|    policy_gradient_loss | 0.00326     |
|    value_loss           | 0.989       |
-----------------------------------------
-----------------------------------------
| rollout/                |             |
|    ep_len_mean          | 707         |
|    ep_rew_mean          | 223         |
| time/                   |             |
|    fps                  | 93          |
|    iterations           | 709         |
|    time_elapsed         | 15591       |
|    total_timesteps      | 1452032     |
| train/                  |             |
|    approx_kl            | 0.033188187 |
|    clip_fraction        | 0.231       |
|    clip_range           | 0.1         |
|    entropy_loss         | -0.625      |
|    explained_variance   | 1           |
|    learning_rate        | 0.00025     |
|    loss                 | 0.333       |
|    n_updates            | 7080        |
|    policy_gradient_loss | 0.00089     |
|    value_loss           | 1.17        |
-----------------------------------------
------------------------------------------
| rollout/                |              |
|    ep_len_mean          | 730          |
|    ep_rew_mean          | 222          |
| time/                   |              |
|    fps                  | 93           |
|    iterations           | 710          |
|    time_elapsed         | 15612        |
|    total_timesteps      | 1454080      |
| train/                  |              |
|    approx_kl            | 0.0053901915 |
|    clip_fraction        | 0.144        |
|    clip_range           | 0.1          |
|    entropy_loss         | -0.633       |
|    explained_variance   | 1            |
|    learning_rate        | 0.00025      |
|    loss                 | 0.245        |
|    n_updates            | 7090         |
|    policy_gradient_loss | 0.000103     |
|    value_loss           | 1.17         |
------------------------------------------
------------------------------------------
| rollout/                |              |
|    ep_len_mean          | 754          |
|    ep_rew_mean          | 221          |
| time/                   |              |
|    fps                  | 93           |
|    iterations           | 711          |
|    time_elapsed         | 15632        |
|    total_timesteps      | 1456128      |
| train/                  |              |
|    approx_kl            | 0.0026615185 |
|    clip_fraction        | 0.0549       |
|    clip_range           | 0.1          |
|    entropy_loss         | -0.646       |
|    explained_variance   | 1            |
|    learning_rate        | 0.00025      |
|    loss                 | 0.346        |
|    n_updates            | 7100         |
|    policy_gradient_loss | -0.000958    |
|    value_loss           | 1.01         |
------------------------------------------
-----------------------------------------
| rollout/                |             |
|    ep_len_mean          | 754         |
|    ep_rew_mean          | 221         |
| time/                   |             |
|    fps                  | 93          |
|    iterations           | 712         |
|    time_elapsed         | 15652       |
|    total_timesteps      | 1458176     |
| train/                  |             |
|    approx_kl            | 0.012156021 |
|    clip_fraction        | 0.117       |
|    clip_range           | 0.1         |
|    entropy_loss         | -0.64       |
|    explained_variance   | 1           |
|    learning_rate        | 0.00025     |
|    loss                 | 0.115       |
|    n_updates            | 7110        |
|    policy_gradient_loss | 0.00231     |
|    value_loss           | 1.34        |
-----------------------------------------
-------------------------------------------
| rollout/                |               |
|    ep_len_mean          | 777           |
|    ep_rew_mean          | 220           |
| time/                   |               |
|    fps                  | 93            |
|    iterations           | 713           |
|    time_elapsed         | 15673         |
|    total_timesteps      | 1460224       |
| train/                  |               |
|    approx_kl            | 0.00085610047 |
|    clip_fraction        | 0.287         |
|    clip_range           | 0.1           |
|    entropy_loss         | -0.617        |
|    explained_variance   | -0.0646       |
|    learning_rate        | 0.00025       |
|    loss                 | 0.271         |
|    n_updates            | 7120          |
|    policy_gradient_loss | 0.00761       |
|    value_loss           | 0.437         |
-------------------------------------------
----------------------------------------
| rollout/                |            |
|    ep_len_mean          | 801        |
|    ep_rew_mean          | 219        |
| time/                   |            |
|    fps                  | 93         |
|    iterations           | 714        |
|    time_elapsed         | 15693      |
|    total_timesteps      | 1462272    |
| train/                  |            |
|    approx_kl            | 0.05754777 |
|    clip_fraction        | 0.136      |
|    clip_range           | 0.1        |
|    entropy_loss         | -0.685     |
|    explained_variance   | 1          |
|    learning_rate        | 0.00025    |
|    loss                 | 0.35       |
|    n_updates            | 7130       |
|    policy_gradient_loss | -0.00197   |
|    value_loss           | 0.698      |
----------------------------------------
------------------------------------------
| rollout/                |              |
|    ep_len_mean          | 825          |
|    ep_rew_mean          | 218          |
| time/                   |              |
|    fps                  | 93           |
|    iterations           | 715          |
|    time_elapsed         | 15714        |
|    total_timesteps      | 1464320      |
| train/                  |              |
|    approx_kl            | 0.0058453945 |
|    clip_fraction        | 0.197        |
|    clip_range           | 0.1          |
|    entropy_loss         | -0.739       |
|    explained_variance   | 1            |
|    learning_rate        | 0.00025      |
|    loss                 | 0.13         |
|    n_updates            | 7140         |
|    policy_gradient_loss | 0.00161      |
|    value_loss           | 1.05         |
------------------------------------------
-----------------------------------------
| rollout/                |             |
|    ep_len_mean          | 803         |
|    ep_rew_mean          | 231         |
| time/                   |             |
|    fps                  | 93          |
|    iterations           | 716         |
|    time_elapsed         | 15734       |
|    total_timesteps      | 1466368     |
| train/                  |             |
|    approx_kl            | 0.007252039 |
|    clip_fraction        | 0.173       |
|    clip_range           | 0.1         |
|    entropy_loss         | -0.781      |
|    explained_variance   | 0.999       |
|    learning_rate        | 0.00025     |
|    loss                 | 0.599       |
|    n_updates            | 7150        |
|    policy_gradient_loss | -0.000668   |
|    value_loss           | 1.04        |
-----------------------------------------
----------------------------------------
| rollout/                |            |
|    ep_len_mean          | 738        |
|    ep_rew_mean          | 250        |
| time/                   |            |
|    fps                  | 93         |
|    iterations           | 717        |
|    time_elapsed         | 15755      |
|    total_timesteps      | 1468416    |
| train/                  |            |
|    approx_kl            | 0.03260368 |
|    clip_fraction        | 0.271      |
|    clip_range           | 0.1        |
|    entropy_loss         | -0.607     |
|    explained_variance   | 0.982      |
|    learning_rate        | 0.00025    |
|    loss                 | 27.5       |
|    n_updates            | 7160       |
|    policy_gradient_loss | 0.00542    |
|    value_loss           | 71.7       |
----------------------------------------
-----------------------------------------
| rollout/                |             |
|    ep_len_mean          | 670         |
|    ep_rew_mean          | 266         |
| time/                   |             |
|    fps                  | 93          |
|    iterations           | 718         |
|    time_elapsed         | 15776       |
|    total_timesteps      | 1470464     |
| train/                  |             |
|    approx_kl            | 0.055615842 |
|    clip_fraction        | 0.381       |
|    clip_range           | 0.1         |
|    entropy_loss         | -0.522      |
|    explained_variance   | 0.97        |
|    learning_rate        | 0.00025     |
|    loss                 | 33.5        |
|    n_updates            | 7170        |
|    policy_gradient_loss | -0.000631   |
|    value_loss           | 92.8        |
-----------------------------------------
-----------------------------------------
| rollout/                |             |
|    ep_len_mean          | 694         |
|    ep_rew_mean          | 269         |
| time/                   |             |
|    fps                  | 93          |
|    iterations           | 719         |
|    time_elapsed         | 15797       |
|    total_timesteps      | 1472512     |
| train/                  |             |
|    approx_kl            | 0.035423946 |
|    clip_fraction        | 0.32        |
|    clip_range           | 0.1         |
|    entropy_loss         | -0.626      |
|    explained_variance   | 0.989       |
|    learning_rate        | 0.00025     |
|    loss                 | 4.43        |
|    n_updates            | 7180        |
|    policy_gradient_loss | 0.0016      |
|    value_loss           | 27.1        |
-----------------------------------------
-----------------------------------------
| rollout/                |             |
|    ep_len_mean          | 696         |
|    ep_rew_mean          | 277         |
| time/                   |             |
|    fps                  | 93          |
|    iterations           | 720         |
|    time_elapsed         | 15818       |
|    total_timesteps      | 1474560     |
| train/                  |             |
|    approx_kl            | 0.020017281 |
|    clip_fraction        | 0.212       |
|    clip_range           | 0.1         |
|    entropy_loss         | -0.57       |
|    explained_variance   | 0.996       |
|    learning_rate        | 0.00025     |
|    loss                 | 0.802       |
|    n_updates            | 7190        |
|    policy_gradient_loss | 0.00236     |
|    value_loss           | 5.59        |
-----------------------------------------
-----------------------------------------
| rollout/                |             |
|    ep_len_mean          | 697         |
|    ep_rew_mean          | 282         |
| time/                   |             |
|    fps                  | 93          |
|    iterations           | 721         |
|    time_elapsed         | 15838       |
|    total_timesteps      | 1476608     |
| train/                  |             |
|    approx_kl            | 0.019959874 |
|    clip_fraction        | 0.283       |
|    clip_range           | 0.1         |
|    entropy_loss         | -0.701      |
|    explained_variance   | 0.997       |
|    learning_rate        | 0.00025     |
|    loss                 | 3.2         |
|    n_updates            | 7200        |
|    policy_gradient_loss | -0.00212    |
|    value_loss           | 8.16        |
-----------------------------------------
-----------------------------------------
| rollout/                |             |
|    ep_len_mean          | 725         |
|    ep_rew_mean          | 294         |
| time/                   |             |
|    fps                  | 93          |
|    iterations           | 722         |
|    time_elapsed         | 15859       |
|    total_timesteps      | 1478656     |
| train/                  |             |
|    approx_kl            | 0.006786963 |
|    clip_fraction        | 0.23        |
|    clip_range           | 0.1         |
|    entropy_loss         | -0.741      |
|    explained_variance   | 0.998       |
|    learning_rate        | 0.00025     |
|    loss                 | 4.38        |
|    n_updates            | 7210        |
|    policy_gradient_loss | 0.00135     |
|    value_loss           | 7.22        |
-----------------------------------------
----------------------------------------
| rollout/                |            |
|    ep_len_mean          | 749        |
|    ep_rew_mean          | 295        |
| time/                   |            |
|    fps                  | 93         |
|    iterations           | 723        |
|    time_elapsed         | 15880      |
|    total_timesteps      | 1480704    |
| train/                  |            |
|    approx_kl            | 0.01412805 |
|    clip_fraction        | 0.392      |
|    clip_range           | 0.1        |
|    entropy_loss         | -0.782     |
|    explained_variance   | 0.991      |
|    learning_rate        | 0.00025    |
|    loss                 | 18.2       |
|    n_updates            | 7220       |
|    policy_gradient_loss | 0.00101    |
|    value_loss           | 40.9       |
----------------------------------------
-----------------------------------------
| rollout/                |             |
|    ep_len_mean          | 749         |
|    ep_rew_mean          | 295         |
| time/                   |             |
|    fps                  | 93          |
|    iterations           | 724         |
|    time_elapsed         | 15901       |
|    total_timesteps      | 1482752     |
| train/                  |             |
|    approx_kl            | 0.012580416 |
|    clip_fraction        | 0.227       |
|    clip_range           | 0.1         |
|    entropy_loss         | -0.791      |
|    explained_variance   | 0.998       |
|    learning_rate        | 0.00025     |
|    loss                 | 0.94        |
|    n_updates            | 7230        |
|    policy_gradient_loss | 0.00529     |
|    value_loss           | 4.8         |
-----------------------------------------
---------------------------------------
| rollout/                |           |
|    ep_len_mean          | 772       |
|    ep_rew_mean          | 295       |
| time/                   |           |
|    fps                  | 93        |
|    iterations           | 725       |
|    time_elapsed         | 15922     |
|    total_timesteps      | 1484800   |
| train/                  |           |
|    approx_kl            | 0.5251028 |
|    clip_fraction        | 0.58      |
|    clip_range           | 0.1       |
|    entropy_loss         | -0.58     |
|    explained_variance   | 0.568     |
|    learning_rate        | 0.00025   |
|    loss                 | 1.57      |
|    n_updates            | 7240      |
|    policy_gradient_loss | 0.0604    |
|    value_loss           | 2.43      |
---------------------------------------
-----------------------------------------
| rollout/                |             |
|    ep_len_mean          | 796         |
|    ep_rew_mean          | 295         |
| time/                   |             |
|    fps                  | 93          |
|    iterations           | 726         |
|    time_elapsed         | 15942       |
|    total_timesteps      | 1486848     |
| train/                  |             |
|    approx_kl            | 0.015998624 |
|    clip_fraction        | 0.116       |
|    clip_range           | 0.1         |
|    entropy_loss         | -0.395      |
|    explained_variance   | 0.995       |
|    learning_rate        | 0.00025     |
|    loss                 | 0.596       |
|    n_updates            | 7250        |
|    policy_gradient_loss | 0.00392     |
|    value_loss           | 3.11        |
-----------------------------------------
-----------------------------------------
| rollout/                |             |
|    ep_len_mean          | 820         |
|    ep_rew_mean          | 299         |
| time/                   |             |
|    fps                  | 93          |
|    iterations           | 727         |
|    time_elapsed         | 15963       |
|    total_timesteps      | 1488896     |
| train/                  |             |
|    approx_kl            | 0.004092026 |
|    clip_fraction        | 0.0626      |
|    clip_range           | 0.1         |
|    entropy_loss         | -0.325      |
|    explained_variance   | 1           |
|    learning_rate        | 0.00025     |
|    loss                 | 0.836       |
|    n_updates            | 7260        |
|    policy_gradient_loss | 0.00436     |
|    value_loss           | 1.27        |
-----------------------------------------
-----------------------------------------
| rollout/                |             |
|    ep_len_mean          | 844         |
|    ep_rew_mean          | 299         |
| time/                   |             |
|    fps                  | 93          |
|    iterations           | 728         |
|    time_elapsed         | 15984       |
|    total_timesteps      | 1490944     |
| train/                  |             |
|    approx_kl            | 0.031200364 |
|    clip_fraction        | 0.142       |
|    clip_range           | 0.1         |
|    entropy_loss         | -0.452      |
|    explained_variance   | 0.999       |
|    learning_rate        | 0.00025     |
|    loss                 | 1.09        |
|    n_updates            | 7270        |
|    policy_gradient_loss | 0.000793    |
|    value_loss           | 3.63        |
-----------------------------------------
-----------------------------------------
| rollout/                |             |
|    ep_len_mean          | 868         |
|    ep_rew_mean          | 299         |
| time/                   |             |
|    fps                  | 93          |
|    iterations           | 729         |
|    time_elapsed         | 16005       |
|    total_timesteps      | 1492992     |
| train/                  |             |
|    approx_kl            | 0.006897741 |
|    clip_fraction        | 0.0827      |
|    clip_range           | 0.1         |
|    entropy_loss         | -0.486      |
|    explained_variance   | 0.999       |
|    learning_rate        | 0.00025     |
|    loss                 | 0.314       |
|    n_updates            | 7280        |
|    policy_gradient_loss | 1.97e-05    |
|    value_loss           | 1.52        |
-----------------------------------------
-----------------------------------------
| rollout/                |             |
|    ep_len_mean          | 890         |
|    ep_rew_mean          | 301         |
| time/                   |             |
|    fps                  | 93          |
|    iterations           | 730         |
|    time_elapsed         | 16026       |
|    total_timesteps      | 1495040     |
| train/                  |             |
|    approx_kl            | 0.006643703 |
|    clip_fraction        | 0.122       |
|    clip_range           | 0.1         |
|    entropy_loss         | -0.613      |
|    explained_variance   | 1           |
|    learning_rate        | 0.00025     |
|    loss                 | 0.257       |
|    n_updates            | 7290        |
|    policy_gradient_loss | -6.06e-05   |
|    value_loss           | 1.13        |
-----------------------------------------
----------------------------------------
| rollout/                |            |
|    ep_len_mean          | 906        |
|    ep_rew_mean          | 304        |
| time/                   |            |
|    fps                  | 93         |
|    iterations           | 731        |
|    time_elapsed         | 16046      |
|    total_timesteps      | 1497088    |
| train/                  |            |
|    approx_kl            | 0.09519678 |
|    clip_fraction        | 0.711      |
|    clip_range           | 0.1        |
|    entropy_loss         | -0.874     |
|    explained_variance   | 0.934      |
|    learning_rate        | 0.00025    |
|    loss                 | 5.88       |
|    n_updates            | 7300       |
|    policy_gradient_loss | 0.0257     |
|    value_loss           | 53.5       |
----------------------------------------
-----------------------------------------
| rollout/                |             |
|    ep_len_mean          | 930         |
|    ep_rew_mean          | 301         |
| time/                   |             |
|    fps                  | 93          |
|    iterations           | 732         |
|    time_elapsed         | 16067       |
|    total_timesteps      | 1499136     |
| train/                  |             |
|    approx_kl            | 0.024689855 |
|    clip_fraction        | 0.249       |
|    clip_range           | 0.1         |
|    entropy_loss         | -0.763      |
|    explained_variance   | 0.966       |
|    learning_rate        | 0.00025     |
|    loss                 | 2.8         |
|    n_updates            | 7310        |
|    policy_gradient_loss | 0.00888     |
|    value_loss           | 25.7        |
-----------------------------------------
Eval num_timesteps=1500000, episode_reward=618.00 +/- 0.00
Episode length: 84.00 +/- 0.00
-----------------------------------------
| eval/                   |             |
|    mean_ep_length       | 84          |
|    mean_reward          | 618         |
| time/                   |             |
|    total_timesteps      | 1500000     |
| train/                  |             |
|    approx_kl            | 0.053255044 |
|    clip_fraction        | 0.0398      |
|    clip_range           | 0.1         |
|    entropy_loss         | -0.0358     |
|    explained_variance   | 0.935       |
|    learning_rate        | 0.00025     |
|    loss                 | 44.6        |
|    n_updates            | 7320        |
|    policy_gradient_loss | 0.00566     |
|    value_loss           | 113         |
-----------------------------------------
---------------------------------
| rollout/           |          |
|    ep_len_mean     | 930      |
|    ep_rew_mean     | 301      |
| time/              |          |
|    fps             | 93       |
|    iterations      | 733      |
|    time_elapsed    | 16089    |
|    total_timesteps | 1501184  |
---------------------------------
-------------------------------------------
| rollout/                |               |
|    ep_len_mean          | 955           |
|    ep_rew_mean          | 306           |
| time/                   |               |
|    fps                  | 93            |
|    iterations           | 734           |
|    time_elapsed         | 16110         |
|    total_timesteps      | 1503232       |
| train/                  |               |
|    approx_kl            | 0.00017021433 |
|    clip_fraction        | 0.00308       |
|    clip_range           | 0.1           |
|    entropy_loss         | -0.0548       |
|    explained_variance   | -0.415        |
|    learning_rate        | 0.00025       |
|    loss                 | 9.87          |
|    n_updates            | 7330          |
|    policy_gradient_loss | 0.00121       |
|    value_loss           | 58.5          |
-------------------------------------------
------------------------------------------
| rollout/                |              |
|    ep_len_mean          | 978          |
|    ep_rew_mean          | 303          |
| time/                   |              |
|    fps                  | 93           |
|    iterations           | 735          |
|    time_elapsed         | 16130        |
|    total_timesteps      | 1505280      |
| train/                  |              |
|    approx_kl            | 0.0062806224 |
|    clip_fraction        | 0.0135       |
|    clip_range           | 0.1          |
|    entropy_loss         | -0.0641      |
|    explained_variance   | 0.937        |
|    learning_rate        | 0.00025      |
|    loss                 | 12           |
|    n_updates            | 7340         |
|    policy_gradient_loss | 2.05e-05     |
|    value_loss           | 108          |
------------------------------------------
------------------------------------------
| rollout/                |              |
|    ep_len_mean          | 1e+03        |
|    ep_rew_mean          | 316          |
| time/                   |              |
|    fps                  | 93           |
|    iterations           | 736          |
|    time_elapsed         | 16150        |
|    total_timesteps      | 1507328      |
| train/                  |              |
|    approx_kl            | 0.0051430683 |
|    clip_fraction        | 0.011        |
|    clip_range           | 0.1          |
|    entropy_loss         | -0.123       |
|    explained_variance   | 0.957        |
|    learning_rate        | 0.00025      |
|    loss                 | 20.4         |
|    n_updates            | 7350         |
|    policy_gradient_loss | 0.00146      |
|    value_loss           | 55.3         |
------------------------------------------
----------------------------------------
| rollout/                |            |
|    ep_len_mean          | 1.03e+03   |
|    ep_rew_mean          | 324        |
| time/                   |            |
|    fps                  | 93         |
|    iterations           | 737        |
|    time_elapsed         | 16171      |
|    total_timesteps      | 1509376    |
| train/                  |            |
|    approx_kl            | 0.03226874 |
|    clip_fraction        | 0.0644     |
|    clip_range           | 0.1        |
|    entropy_loss         | -0.325     |
|    explained_variance   | 0.929      |
|    learning_rate        | 0.00025    |
|    loss                 | 38.5       |
|    n_updates            | 7360       |
|    policy_gradient_loss | 0.00268    |
|    value_loss           | 289        |
----------------------------------------
------------------------------------------
| rollout/                |              |
|    ep_len_mean          | 1.05e+03     |
|    ep_rew_mean          | 329          |
| time/                   |              |
|    fps                  | 93           |
|    iterations           | 738          |
|    time_elapsed         | 16191        |
|    total_timesteps      | 1511424      |
| train/                  |              |
|    approx_kl            | 0.0072083226 |
|    clip_fraction        | 0.187        |
|    clip_range           | 0.1          |
|    entropy_loss         | -0.421       |
|    explained_variance   | 0.959        |
|    learning_rate        | 0.00025      |
|    loss                 | 21.2         |
|    n_updates            | 7370         |
|    policy_gradient_loss | 0.00324      |
|    value_loss           | 76.7         |
------------------------------------------
------------------------------------------
| rollout/                |              |
|    ep_len_mean          | 1.05e+03     |
|    ep_rew_mean          | 346          |
| time/                   |              |
|    fps                  | 93           |
|    iterations           | 739          |
|    time_elapsed         | 16212        |
|    total_timesteps      | 1513472      |
| train/                  |              |
|    approx_kl            | 0.0096764155 |
|    clip_fraction        | 0.326        |
|    clip_range           | 0.1          |
|    entropy_loss         | -0.863       |
|    explained_variance   | 0.975        |
|    learning_rate        | 0.00025      |
|    loss                 | 6.8          |
|    n_updates            | 7380         |
|    policy_gradient_loss | 0.00232      |
|    value_loss           | 65           |
------------------------------------------
----------------------------------------
| rollout/                |            |
|    ep_len_mean          | 1.08e+03   |
|    ep_rew_mean          | 353        |
| time/                   |            |
|    fps                  | 93         |
|    iterations           | 740        |
|    time_elapsed         | 16233      |
|    total_timesteps      | 1515520    |
| train/                  |            |
|    approx_kl            | 0.03320726 |
|    clip_fraction        | 0.481      |
|    clip_range           | 0.1        |
|    entropy_loss         | -0.809     |
|    explained_variance   | 0.98       |
|    learning_rate        | 0.00025    |
|    loss                 | 19.5       |
|    n_updates            | 7390       |
|    policy_gradient_loss | 0.00675    |
|    value_loss           | 80.9       |
----------------------------------------
-----------------------------------------
| rollout/                |             |
|    ep_len_mean          | 1.09e+03    |
|    ep_rew_mean          | 370         |
| time/                   |             |
|    fps                  | 93          |
|    iterations           | 741         |
|    time_elapsed         | 16253       |
|    total_timesteps      | 1517568     |
| train/                  |             |
|    approx_kl            | 0.008444214 |
|    clip_fraction        | 0.218       |
|    clip_range           | 0.1         |
|    entropy_loss         | -0.619      |
|    explained_variance   | 0.984       |
|    learning_rate        | 0.00025     |
|    loss                 | 10.4        |
|    n_updates            | 7400        |
|    policy_gradient_loss | 0.00195     |
|    value_loss           | 58.3        |
-----------------------------------------
------------------------------------------
| rollout/                |              |
|    ep_len_mean          | 1.12e+03     |
|    ep_rew_mean          | 387          |
| time/                   |              |
|    fps                  | 93           |
|    iterations           | 742          |
|    time_elapsed         | 16274        |
|    total_timesteps      | 1519616      |
| train/                  |              |
|    approx_kl            | 0.0131654935 |
|    clip_fraction        | 0.141        |
|    clip_range           | 0.1          |
|    entropy_loss         | -0.353       |
|    explained_variance   | 0.958        |
|    learning_rate        | 0.00025      |
|    loss                 | 147          |
|    n_updates            | 7410         |
|    policy_gradient_loss | 0.00441      |
|    value_loss           | 254          |
------------------------------------------
------------------------------------------
| rollout/                |              |
|    ep_len_mean          | 1.07e+03     |
|    ep_rew_mean          | 417          |
| time/                   |              |
|    fps                  | 93           |
|    iterations           | 743          |
|    time_elapsed         | 16294        |
|    total_timesteps      | 1521664      |
| train/                  |              |
|    approx_kl            | 0.0143985525 |
|    clip_fraction        | 0.199        |
|    clip_range           | 0.1          |
|    entropy_loss         | -0.494       |
|    explained_variance   | 0.902        |
|    learning_rate        | 0.00025      |
|    loss                 | 227          |
|    n_updates            | 7420         |
|    policy_gradient_loss | 0.00943      |
|    value_loss           | 538          |
------------------------------------------
----------------------------------------
| rollout/                |            |
|    ep_len_mean          | 1.07e+03   |
|    ep_rew_mean          | 417        |
| time/                   |            |
|    fps                  | 93         |
|    iterations           | 744        |
|    time_elapsed         | 16314      |
|    total_timesteps      | 1523712    |
| train/                  |            |
|    approx_kl            | 0.04501044 |
|    clip_fraction        | 0.219      |
|    clip_range           | 0.1        |
|    entropy_loss         | -0.314     |
|    explained_variance   | 0.938      |
|    learning_rate        | 0.00025    |
|    loss                 | 166        |
|    n_updates            | 7430       |
|    policy_gradient_loss | 0.0139     |
|    value_loss           | 495        |
----------------------------------------
-----------------------------------------
| rollout/                |             |
|    ep_len_mean          | 1.05e+03    |
|    ep_rew_mean          | 427         |
| time/                   |             |
|    fps                  | 93          |
|    iterations           | 745         |
|    time_elapsed         | 16335       |
|    total_timesteps      | 1525760     |
| train/                  |             |
|    approx_kl            | 0.035462648 |
|    clip_fraction        | 0.28        |
|    clip_range           | 0.1         |
|    entropy_loss         | -0.496      |
|    explained_variance   | 0.938       |
|    learning_rate        | 0.00025     |
|    loss                 | 7.69        |
|    n_updates            | 7440        |
|    policy_gradient_loss | 0.0146      |
|    value_loss           | 44.7        |
-----------------------------------------
-----------------------------------------
| rollout/                |             |
|    ep_len_mean          | 1.08e+03    |
|    ep_rew_mean          | 455         |
| time/                   |             |
|    fps                  | 93          |
|    iterations           | 746         |
|    time_elapsed         | 16355       |
|    total_timesteps      | 1527808     |
| train/                  |             |
|    approx_kl            | 0.029254679 |
|    clip_fraction        | 0.226       |
|    clip_range           | 0.1         |
|    entropy_loss         | -0.382      |
|    explained_variance   | 0.967       |
|    learning_rate        | 0.00025     |
|    loss                 | 9.23        |
|    n_updates            | 7450        |
|    policy_gradient_loss | 0.00361     |
|    value_loss           | 99.2        |
-----------------------------------------
-----------------------------------------
| rollout/                |             |
|    ep_len_mean          | 1.1e+03     |
|    ep_rew_mean          | 457         |
| time/                   |             |
|    fps                  | 93          |
|    iterations           | 747         |
|    time_elapsed         | 16375       |
|    total_timesteps      | 1529856     |
| train/                  |             |
|    approx_kl            | 0.021195486 |
|    clip_fraction        | 0.194       |
|    clip_range           | 0.1         |
|    entropy_loss         | -0.368      |
|    explained_variance   | 0.987       |
|    learning_rate        | 0.00025     |
|    loss                 | 75.9        |
|    n_updates            | 7460        |
|    policy_gradient_loss | 0.00188     |
|    value_loss           | 192         |
-----------------------------------------
----------------------------------------
| rollout/                |            |
|    ep_len_mean          | 1.11e+03   |
|    ep_rew_mean          | 462        |
| time/                   |            |
|    fps                  | 93         |
|    iterations           | 748        |
|    time_elapsed         | 16395      |
|    total_timesteps      | 1531904    |
| train/                  |            |
|    approx_kl            | 0.06498556 |
|    clip_fraction        | 0.46       |
|    clip_range           | 0.1        |
|    entropy_loss         | -0.519     |
|    explained_variance   | 0.998      |
|    learning_rate        | 0.00025    |
|    loss                 | 0.635      |
|    n_updates            | 7470       |
|    policy_gradient_loss | -0.00255   |
|    value_loss           | 12.1       |
----------------------------------------
-----------------------------------------
| rollout/                |             |
|    ep_len_mean          | 1.13e+03    |
|    ep_rew_mean          | 468         |
| time/                   |             |
|    fps                  | 93          |
|    iterations           | 749         |
|    time_elapsed         | 16416       |
|    total_timesteps      | 1533952     |
| train/                  |             |
|    approx_kl            | 0.023694262 |
|    clip_fraction        | 0.592       |
|    clip_range           | 0.1         |
|    entropy_loss         | -0.617      |
|    explained_variance   | 0.998       |
|    learning_rate        | 0.00025     |
|    loss                 | 3.99        |
|    n_updates            | 7480        |
|    policy_gradient_loss | 0.0497      |
|    value_loss           | 12          |
-----------------------------------------
-----------------------------------------
| rollout/                |             |
|    ep_len_mean          | 1.07e+03    |
|    ep_rew_mean          | 506         |
| time/                   |             |
|    fps                  | 93          |
|    iterations           | 750         |
|    time_elapsed         | 16436       |
|    total_timesteps      | 1536000     |
| train/                  |             |
|    approx_kl            | 0.013071641 |
|    clip_fraction        | 0.48        |
|    clip_range           | 0.1         |
|    entropy_loss         | -0.593      |
|    explained_variance   | 0.984       |
|    learning_rate        | 0.00025     |
|    loss                 | 45.4        |
|    n_updates            | 7490        |
|    policy_gradient_loss | 0.00653     |
|    value_loss           | 111         |
-----------------------------------------
------------------------------------------
| rollout/                |              |
|    ep_len_mean          | 1.07e+03     |
|    ep_rew_mean          | 506          |
| time/                   |              |
|    fps                  | 93           |
|    iterations           | 751          |
|    time_elapsed         | 16456        |
|    total_timesteps      | 1538048      |
| train/                  |              |
|    approx_kl            | 0.0041628703 |
|    clip_fraction        | 0.185        |
|    clip_range           | 0.1          |
|    entropy_loss         | -0.47        |
|    explained_variance   | 0.987        |
|    learning_rate        | 0.00025      |
|    loss                 | 98           |
|    n_updates            | 7500         |
|    policy_gradient_loss | 0.00151      |
|    value_loss           | 268          |
------------------------------------------
------------------------------------------
| rollout/                |              |
|    ep_len_mean          | 1.09e+03     |
|    ep_rew_mean          | 503          |
| time/                   |              |
|    fps                  | 93           |
|    iterations           | 752          |
|    time_elapsed         | 16477        |
|    total_timesteps      | 1540096      |
| train/                  |              |
|    approx_kl            | 0.0021402473 |
|    clip_fraction        | 0.0128       |
|    clip_range           | 0.1          |
|    entropy_loss         | -0.0761      |
|    explained_variance   | -1.97        |
|    learning_rate        | 0.00025      |
|    loss                 | 4.77         |
|    n_updates            | 7510         |
|    policy_gradient_loss | 0.00169      |
|    value_loss           | 22.8         |
------------------------------------------
------------------------------------------
| rollout/                |              |
|    ep_len_mean          | 887          |
|    ep_rew_mean          | 557          |
| time/                   |              |
|    fps                  | 93           |
|    iterations           | 753          |
|    time_elapsed         | 16497        |
|    total_timesteps      | 1542144      |
| train/                  |              |
|    approx_kl            | 0.0026433375 |
|    clip_fraction        | 0.0143       |
|    clip_range           | 0.1          |
|    entropy_loss         | -0.185       |
|    explained_variance   | 0.936        |
|    learning_rate        | 0.00025      |
|    loss                 | 16.2         |
|    n_updates            | 7520         |
|    policy_gradient_loss | 0.00392      |
|    value_loss           | 71.5         |
------------------------------------------
-----------------------------------------
| rollout/                |             |
|    ep_len_mean          | 771         |
|    ep_rew_mean          | 603         |
| time/                   |             |
|    fps                  | 93          |
|    iterations           | 754         |
|    time_elapsed         | 16518       |
|    total_timesteps      | 1544192     |
| train/                  |             |
|    approx_kl            | 0.022249509 |
|    clip_fraction        | 0.154       |
|    clip_range           | 0.1         |
|    entropy_loss         | -0.351      |
|    explained_variance   | 0.955       |
|    learning_rate        | 0.00025     |
|    loss                 | 113         |
|    n_updates            | 7530        |
|    policy_gradient_loss | 0.0133      |
|    value_loss           | 357         |
-----------------------------------------
----------------------------------------
| rollout/                |            |
|    ep_len_mean          | 790        |
|    ep_rew_mean          | 601        |
| time/                   |            |
|    fps                  | 93         |
|    iterations           | 755        |
|    time_elapsed         | 16538      |
|    total_timesteps      | 1546240    |
| train/                  |            |
|    approx_kl            | 0.08023642 |
|    clip_fraction        | 0.255      |
|    clip_range           | 0.1        |
|    entropy_loss         | -0.39      |
|    explained_variance   | 0.937      |
|    learning_rate        | 0.00025    |
|    loss                 | 429        |
|    n_updates            | 7540       |
|    policy_gradient_loss | 0.0112     |
|    value_loss           | 999        |
----------------------------------------
----------------------------------------
| rollout/                |            |
|    ep_len_mean          | 628        |
|    ep_rew_mean          | 638        |
| time/                   |            |
|    fps                  | 93         |
|    iterations           | 756        |
|    time_elapsed         | 16558      |
|    total_timesteps      | 1548288    |
| train/                  |            |
|    approx_kl            | 0.01171996 |
|    clip_fraction        | 0.229      |
|    clip_range           | 0.1        |
|    entropy_loss         | -0.611     |
|    explained_variance   | 0.988      |
|    learning_rate        | 0.00025    |
|    loss                 | 8.04       |
|    n_updates            | 7550       |
|    policy_gradient_loss | -0.00542   |
|    value_loss           | 44.5       |
----------------------------------------
------------------------------------------
| rollout/                |              |
|    ep_len_mean          | 606          |
|    ep_rew_mean          | 643          |
| time/                   |              |
|    fps                  | 93           |
|    iterations           | 757          |
|    time_elapsed         | 16579        |
|    total_timesteps      | 1550336      |
| train/                  |              |
|    approx_kl            | 0.0083189495 |
|    clip_fraction        | 0.238        |
|    clip_range           | 0.1          |
|    entropy_loss         | -0.344       |
|    explained_variance   | 0.976        |
|    learning_rate        | 0.00025      |
|    loss                 | 156          |
|    n_updates            | 7560         |
|    policy_gradient_loss | 0.0125       |
|    value_loss           | 518          |
------------------------------------------
-----------------------------------------
| rollout/                |             |
|    ep_len_mean          | 629         |
|    ep_rew_mean          | 642         |
| time/                   |             |
|    fps                  | 93          |
|    iterations           | 758         |
|    time_elapsed         | 16599       |
|    total_timesteps      | 1552384     |
| train/                  |             |
|    approx_kl            | 0.045107946 |
|    clip_fraction        | 0.508       |
|    clip_range           | 0.1         |
|    entropy_loss         | -0.789      |
|    explained_variance   | 0.983       |
|    learning_rate        | 0.00025     |
|    loss                 | 2.39        |
|    n_updates            | 7570        |
|    policy_gradient_loss | 0.0058      |
|    value_loss           | 22.5        |
-----------------------------------------
-----------------------------------------
| rollout/                |             |
|    ep_len_mean          | 568         |
|    ep_rew_mean          | 671         |
| time/                   |             |
|    fps                  | 93          |
|    iterations           | 759         |
|    time_elapsed         | 16619       |
|    total_timesteps      | 1554432     |
| train/                  |             |
|    approx_kl            | 0.058911636 |
|    clip_fraction        | 0.517       |
|    clip_range           | 0.1         |
|    entropy_loss         | -0.839      |
|    explained_variance   | 0.996       |
|    learning_rate        | 0.00025     |
|    loss                 | 2.77        |
|    n_updates            | 7580        |
|    policy_gradient_loss | 0.00707     |
|    value_loss           | 6.63        |
-----------------------------------------
----------------------------------------
| rollout/                |            |
|    ep_len_mean          | 496        |
|    ep_rew_mean          | 749        |
| time/                   |            |
|    fps                  | 93         |
|    iterations           | 760        |
|    time_elapsed         | 16640      |
|    total_timesteps      | 1556480    |
| train/                  |            |
|    approx_kl            | 0.14190613 |
|    clip_fraction        | 0.55       |
|    clip_range           | 0.1        |
|    entropy_loss         | -0.607     |
|    explained_variance   | 0.878      |
|    learning_rate        | 0.00025    |
|    loss                 | 867        |
|    n_updates            | 7590       |
|    policy_gradient_loss | 0.0594     |
|    value_loss           | 2.17e+03   |
----------------------------------------
-----------------------------------------
| rollout/                |             |
|    ep_len_mean          | 492         |
|    ep_rew_mean          | 772         |
| time/                   |             |
|    fps                  | 93          |
|    iterations           | 761         |
|    time_elapsed         | 16660       |
|    total_timesteps      | 1558528     |
| train/                  |             |
|    approx_kl            | 0.054639723 |
|    clip_fraction        | 0.28        |
|    clip_range           | 0.1         |
|    entropy_loss         | -0.385      |
|    explained_variance   | 0.806       |
|    learning_rate        | 0.00025     |
|    loss                 | 1.88e+03    |
|    n_updates            | 7600        |
|    policy_gradient_loss | 0.0132      |
|    value_loss           | 3.45e+03    |
-----------------------------------------
-----------------------------------------
| rollout/                |             |
|    ep_len_mean          | 487         |
|    ep_rew_mean          | 805         |
| time/                   |             |
|    fps                  | 93          |
|    iterations           | 762         |
|    time_elapsed         | 16681       |
|    total_timesteps      | 1560576     |
| train/                  |             |
|    approx_kl            | 0.014676911 |
|    clip_fraction        | 0.358       |
|    clip_range           | 0.1         |
|    entropy_loss         | -0.589      |
|    explained_variance   | 0.877       |
|    learning_rate        | 0.00025     |
|    loss                 | 453         |
|    n_updates            | 7610        |
|    policy_gradient_loss | 0.00794     |
|    value_loss           | 1.79e+03    |
-----------------------------------------
-----------------------------------------
| rollout/                |             |
|    ep_len_mean          | 465         |
|    ep_rew_mean          | 850         |
| time/                   |             |
|    fps                  | 93          |
|    iterations           | 763         |
|    time_elapsed         | 16701       |
|    total_timesteps      | 1562624     |
| train/                  |             |
|    approx_kl            | 0.006548668 |
|    clip_fraction        | 0.208       |
|    clip_range           | 0.1         |
|    entropy_loss         | -0.495      |
|    explained_variance   | 0.889       |
|    learning_rate        | 0.00025     |
|    loss                 | 1.23e+03    |
|    n_updates            | 7620        |
|    policy_gradient_loss | 0.00577     |
|    value_loss           | 2.36e+03    |
-----------------------------------------
-----------------------------------------
| rollout/                |             |
|    ep_len_mean          | 380         |
|    ep_rew_mean          | 905         |
| time/                   |             |
|    fps                  | 93          |
|    iterations           | 764         |
|    time_elapsed         | 16722       |
|    total_timesteps      | 1564672     |
| train/                  |             |
|    approx_kl            | 0.013516815 |
|    clip_fraction        | 0.198       |
|    clip_range           | 0.1         |
|    entropy_loss         | -0.373      |
|    explained_variance   | 0.884       |
|    learning_rate        | 0.00025     |
|    loss                 | 1.43e+03    |
|    n_updates            | 7630        |
|    policy_gradient_loss | 0.00386     |
|    value_loss           | 2.88e+03    |
-----------------------------------------
------------------------------------------
| rollout/                |              |
|    ep_len_mean          | 340          |
|    ep_rew_mean          | 972          |
| time/                   |              |
|    fps                  | 93           |
|    iterations           | 765          |
|    time_elapsed         | 16743        |
|    total_timesteps      | 1566720      |
| train/                  |              |
|    approx_kl            | 0.0100200195 |
|    clip_fraction        | 0.167        |
|    clip_range           | 0.1          |
|    entropy_loss         | -0.255       |
|    explained_variance   | 0.845        |
|    learning_rate        | 0.00025      |
|    loss                 | 1.73e+03     |
|    n_updates            | 7640         |
|    policy_gradient_loss | 0.0107       |
|    value_loss           | 2.84e+03     |
------------------------------------------
-----------------------------------------
| rollout/                |             |
|    ep_len_mean          | 279         |
|    ep_rew_mean          | 1.04e+03    |
| time/                   |             |
|    fps                  | 93          |
|    iterations           | 766         |
|    time_elapsed         | 16763       |
|    total_timesteps      | 1568768     |
| train/                  |             |
|    approx_kl            | 0.013180924 |
|    clip_fraction        | 0.161       |
|    clip_range           | 0.1         |
|    entropy_loss         | -0.249      |
|    explained_variance   | 0.861       |
|    learning_rate        | 0.00025     |
|    loss                 | 825         |
|    n_updates            | 7650        |
|    policy_gradient_loss | 0.00917     |
|    value_loss           | 2.15e+03    |
-----------------------------------------
-----------------------------------------
| rollout/                |             |
|    ep_len_mean          | 282         |
|    ep_rew_mean          | 1.08e+03    |
| time/                   |             |
|    fps                  | 93          |
|    iterations           | 767         |
|    time_elapsed         | 16784       |
|    total_timesteps      | 1570816     |
| train/                  |             |
|    approx_kl            | 0.023071758 |
|    clip_fraction        | 0.2         |
|    clip_range           | 0.1         |
|    entropy_loss         | -0.289      |
|    explained_variance   | 0.863       |
|    learning_rate        | 0.00025     |
|    loss                 | 1.12e+03    |
|    n_updates            | 7660        |
|    policy_gradient_loss | 0.0159      |
|    value_loss           | 2.28e+03    |
-----------------------------------------
-----------------------------------------
| rollout/                |             |
|    ep_len_mean          | 307         |
|    ep_rew_mean          | 1.09e+03    |
| time/                   |             |
|    fps                  | 93          |
|    iterations           | 768         |
|    time_elapsed         | 16804       |
|    total_timesteps      | 1572864     |
| train/                  |             |
|    approx_kl            | 0.021578655 |
|    clip_fraction        | 0.128       |
|    clip_range           | 0.1         |
|    entropy_loss         | -0.159      |
|    explained_variance   | 0.883       |
|    learning_rate        | 0.00025     |
|    loss                 | 545         |
|    n_updates            | 7670        |
|    policy_gradient_loss | 0.0141      |
|    value_loss           | 1.38e+03    |
-----------------------------------------
------------------------------------------
| rollout/                |              |
|    ep_len_mean          | 307          |
|    ep_rew_mean          | 1.09e+03     |
| time/                   |              |
|    fps                  | 93           |
|    iterations           | 769          |
|    time_elapsed         | 16824        |
|    total_timesteps      | 1574912      |
| train/                  |              |
|    approx_kl            | 0.0064144423 |
|    clip_fraction        | 0.046        |
|    clip_range           | 0.1          |
|    entropy_loss         | -0.0597      |
|    explained_variance   | 0.952        |
|    learning_rate        | 0.00025      |
|    loss                 | 43           |
|    n_updates            | 7680         |
|    policy_gradient_loss | 0.00413      |
|    value_loss           | 240          |
------------------------------------------
-----------------------------------------
| rollout/                |             |
|    ep_len_mean          | 332         |
|    ep_rew_mean          | 1.11e+03    |
| time/                   |             |
|    fps                  | 93          |
|    iterations           | 770         |
|    time_elapsed         | 16845       |
|    total_timesteps      | 1576960     |
| train/                  |             |
|    approx_kl            | 0.025427043 |
|    clip_fraction        | 0.45        |
|    clip_range           | 0.1         |
|    entropy_loss         | -0.5        |
|    explained_variance   | 0.718       |
|    learning_rate        | 0.00025     |
|    loss                 | 262         |
|    n_updates            | 7690        |
|    policy_gradient_loss | 0.0199      |
|    value_loss           | 789         |
-----------------------------------------
-----------------------------------------
| rollout/                |             |
|    ep_len_mean          | 314         |
|    ep_rew_mean          | 1.14e+03    |
| time/                   |             |
|    fps                  | 93          |
|    iterations           | 771         |
|    time_elapsed         | 16866       |
|    total_timesteps      | 1579008     |
| train/                  |             |
|    approx_kl            | 0.037762344 |
|    clip_fraction        | 0.27        |
|    clip_range           | 0.1         |
|    entropy_loss         | -0.315      |
|    explained_variance   | 0.848       |
|    learning_rate        | 0.00025     |
|    loss                 | 648         |
|    n_updates            | 7700        |
|    policy_gradient_loss | 0.0333      |
|    value_loss           | 2.08e+03    |
-----------------------------------------
-----------------------------------------
| rollout/                |             |
|    ep_len_mean          | 340         |
|    ep_rew_mean          | 1.17e+03    |
| time/                   |             |
|    fps                  | 93          |
|    iterations           | 772         |
|    time_elapsed         | 16886       |
|    total_timesteps      | 1581056     |
| train/                  |             |
|    approx_kl            | 0.020405078 |
|    clip_fraction        | 0.12        |
|    clip_range           | 0.1         |
|    entropy_loss         | -0.195      |
|    explained_variance   | 0.902       |
|    learning_rate        | 0.00025     |
|    loss                 | 838         |
|    n_updates            | 7710        |
|    policy_gradient_loss | 0.011       |
|    value_loss           | 1.87e+03    |
-----------------------------------------
-----------------------------------------
| rollout/                |             |
|    ep_len_mean          | 322         |
|    ep_rew_mean          | 1.22e+03    |
| time/                   |             |
|    fps                  | 93          |
|    iterations           | 773         |
|    time_elapsed         | 16907       |
|    total_timesteps      | 1583104     |
| train/                  |             |
|    approx_kl            | 0.005678184 |
|    clip_fraction        | 0.0401      |
|    clip_range           | 0.1         |
|    entropy_loss         | -0.0628     |
|    explained_variance   | 0.98        |
|    learning_rate        | 0.00025     |
|    loss                 | 165         |
|    n_updates            | 7720        |
|    policy_gradient_loss | 2.59e-05    |
|    value_loss           | 403         |
-----------------------------------------
-----------------------------------------
| rollout/                |             |
|    ep_len_mean          | 292         |
|    ep_rew_mean          | 1.22e+03    |
| time/                   |             |
|    fps                  | 93          |
|    iterations           | 774         |
|    time_elapsed         | 16927       |
|    total_timesteps      | 1585152     |
| train/                  |             |
|    approx_kl            | 0.061157905 |
|    clip_fraction        | 0.17        |
|    clip_range           | 0.1         |
|    entropy_loss         | -0.188      |
|    explained_variance   | 0.806       |
|    learning_rate        | 0.00025     |
|    loss                 | 1.73e+03    |
|    n_updates            | 7730        |
|    policy_gradient_loss | 0.0145      |
|    value_loss           | 3.07e+03    |
-----------------------------------------
----------------------------------------
| rollout/                |            |
|    ep_len_mean          | 314        |
|    ep_rew_mean          | 1.19e+03   |
| time/                   |            |
|    fps                  | 93         |
|    iterations           | 775        |
|    time_elapsed         | 16948      |
|    total_timesteps      | 1587200    |
| train/                  |            |
|    approx_kl            | 0.02396385 |
|    clip_fraction        | 0.151      |
|    clip_range           | 0.1        |
|    entropy_loss         | -0.258     |
|    explained_variance   | 0.912      |
|    learning_rate        | 0.00025    |
|    loss                 | 865        |
|    n_updates            | 7740       |
|    policy_gradient_loss | 0.0102     |
|    value_loss           | 2.28e+03   |
----------------------------------------
-----------------------------------------
| rollout/                |             |
|    ep_len_mean          | 301         |
|    ep_rew_mean          | 1.22e+03    |
| time/                   |             |
|    fps                  | 93          |
|    iterations           | 776         |
|    time_elapsed         | 16968       |
|    total_timesteps      | 1589248     |
| train/                  |             |
|    approx_kl            | 0.023026599 |
|    clip_fraction        | 0.171       |
|    clip_range           | 0.1         |
|    entropy_loss         | -0.234      |
|    explained_variance   | 0.942       |
|    learning_rate        | 0.00025     |
|    loss                 | 256         |
|    n_updates            | 7750        |
|    policy_gradient_loss | 0.00626     |
|    value_loss           | 883         |
-----------------------------------------
-----------------------------------------
| rollout/                |             |
|    ep_len_mean          | 288         |
|    ep_rew_mean          | 1.22e+03    |
| time/                   |             |
|    fps                  | 93          |
|    iterations           | 777         |
|    time_elapsed         | 16989       |
|    total_timesteps      | 1591296     |
| train/                  |             |
|    approx_kl            | 0.048096277 |
|    clip_fraction        | 0.166       |
|    clip_range           | 0.1         |
|    entropy_loss         | -0.179      |
|    explained_variance   | 0.857       |
|    learning_rate        | 0.00025     |
|    loss                 | 361         |
|    n_updates            | 7760        |
|    policy_gradient_loss | 0.0198      |
|    value_loss           | 1.38e+03    |
-----------------------------------------
-----------------------------------------
| rollout/                |             |
|    ep_len_mean          | 303         |
|    ep_rew_mean          | 1.22e+03    |
| time/                   |             |
|    fps                  | 93          |
|    iterations           | 778         |
|    time_elapsed         | 17009       |
|    total_timesteps      | 1593344     |
| train/                  |             |
|    approx_kl            | 0.025277048 |
|    clip_fraction        | 0.21        |
|    clip_range           | 0.1         |
|    entropy_loss         | -0.344      |
|    explained_variance   | 0.918       |
|    learning_rate        | 0.00025     |
|    loss                 | 301         |
|    n_updates            | 7770        |
|    policy_gradient_loss | 0.00974     |
|    value_loss           | 606         |
-----------------------------------------
-----------------------------------------
| rollout/                |             |
|    ep_len_mean          | 297         |
|    ep_rew_mean          | 1.19e+03    |
| time/                   |             |
|    fps                  | 93          |
|    iterations           | 779         |
|    time_elapsed         | 17030       |
|    total_timesteps      | 1595392     |
| train/                  |             |
|    approx_kl            | 0.022483785 |
|    clip_fraction        | 0.189       |
|    clip_range           | 0.1         |
|    entropy_loss         | -0.262      |
|    explained_variance   | 0.885       |
|    learning_rate        | 0.00025     |
|    loss                 | 985         |
|    n_updates            | 7780        |
|    policy_gradient_loss | 0.0116      |
|    value_loss           | 2.32e+03    |
-----------------------------------------
-----------------------------------------
| rollout/                |             |
|    ep_len_mean          | 297         |
|    ep_rew_mean          | 1.19e+03    |
| time/                   |             |
|    fps                  | 93          |
|    iterations           | 780         |
|    time_elapsed         | 17050       |
|    total_timesteps      | 1597440     |
| train/                  |             |
|    approx_kl            | 0.035142984 |
|    clip_fraction        | 0.139       |
|    clip_range           | 0.1         |
|    entropy_loss         | -0.184      |
|    explained_variance   | 0.856       |
|    learning_rate        | 0.00025     |
|    loss                 | 873         |
|    n_updates            | 7790        |
|    policy_gradient_loss | 0.0132      |
|    value_loss           | 2.51e+03    |
-----------------------------------------
-----------------------------------------
| rollout/                |             |
|    ep_len_mean          | 318         |
|    ep_rew_mean          | 1.18e+03    |
| time/                   |             |
|    fps                  | 93          |
|    iterations           | 781         |
|    time_elapsed         | 17071       |
|    total_timesteps      | 1599488     |
| train/                  |             |
|    approx_kl            | 0.026531871 |
|    clip_fraction        | 0.0609      |
|    clip_range           | 0.1         |
|    entropy_loss         | -0.205      |
|    explained_variance   | 0.956       |
|    learning_rate        | 0.00025     |
|    loss                 | 139         |
|    n_updates            | 7800        |
|    policy_gradient_loss | 0.00251     |
|    value_loss           | 356         |
-----------------------------------------
Eval num_timesteps=1600000, episode_reward=267.00 +/- 0.00
Episode length: 2406.00 +/- 0.00
----------------------------------------
| eval/                   |            |
|    mean_ep_length       | 2.41e+03   |
|    mean_reward          | 267        |
| time/                   |            |
|    total_timesteps      | 1600000    |
| train/                  |            |
|    approx_kl            | 0.07419579 |
|    clip_fraction        | 0.326      |
|    clip_range           | 0.1        |
|    entropy_loss         | -0.465     |
|    explained_variance   | 0.934      |
|    learning_rate        | 0.00025    |
|    loss                 | 41.3       |
|    n_updates            | 7810       |
|    policy_gradient_loss | 0.0217     |
|    value_loss           | 202        |
----------------------------------------
---------------------------------
| rollout/           |          |
|    ep_len_mean     | 334      |
|    ep_rew_mean     | 1.13e+03 |
| time/              |          |
|    fps             | 93       |
|    iterations      | 782      |
|    time_elapsed    | 17157    |
|    total_timesteps | 1601536  |
---------------------------------
-----------------------------------------
| rollout/                |             |
|    ep_len_mean          | 336         |
|    ep_rew_mean          | 1.1e+03     |
| time/                   |             |
|    fps                  | 93          |
|    iterations           | 783         |
|    time_elapsed         | 17178       |
|    total_timesteps      | 1603584     |
| train/                  |             |
|    approx_kl            | 0.028987635 |
|    clip_fraction        | 0.158       |
|    clip_range           | 0.1         |
|    entropy_loss         | -0.238      |
|    explained_variance   | 0.93        |
|    learning_rate        | 0.00025     |
|    loss                 | 628         |
|    n_updates            | 7820        |
|    policy_gradient_loss | 0.0154      |
|    value_loss           | 1.34e+03    |
-----------------------------------------
-----------------------------------------
| rollout/                |             |
|    ep_len_mean          | 316         |
|    ep_rew_mean          | 1.08e+03    |
| time/                   |             |
|    fps                  | 93          |
|    iterations           | 784         |
|    time_elapsed         | 17198       |
|    total_timesteps      | 1605632     |
| train/                  |             |
|    approx_kl            | 0.011873255 |
|    clip_fraction        | 0.121       |
|    clip_range           | 0.1         |
|    entropy_loss         | -0.2        |
|    explained_variance   | 0.877       |
|    learning_rate        | 0.00025     |
|    loss                 | 540         |
|    n_updates            | 7830        |
|    policy_gradient_loss | 0.00384     |
|    value_loss           | 1.33e+03    |
-----------------------------------------
-----------------------------------------
| rollout/                |             |
|    ep_len_mean          | 315         |
|    ep_rew_mean          | 1.07e+03    |
| time/                   |             |
|    fps                  | 93          |
|    iterations           | 785         |
|    time_elapsed         | 17218       |
|    total_timesteps      | 1607680     |
| train/                  |             |
|    approx_kl            | 0.009054864 |
|    clip_fraction        | 0.12        |
|    clip_range           | 0.1         |
|    entropy_loss         | -0.286      |
|    explained_variance   | 0.96        |
|    learning_rate        | 0.00025     |
|    loss                 | 418         |
|    n_updates            | 7840        |
|    policy_gradient_loss | 0.00577     |
|    value_loss           | 875         |
-----------------------------------------
----------------------------------------
| rollout/                |            |
|    ep_len_mean          | 315        |
|    ep_rew_mean          | 1.07e+03   |
| time/                   |            |
|    fps                  | 93         |
|    iterations           | 786        |
|    time_elapsed         | 17239      |
|    total_timesteps      | 1609728    |
| train/                  |            |
|    approx_kl            | 0.03464625 |
|    clip_fraction        | 0.159      |
|    clip_range           | 0.1        |
|    entropy_loss         | -0.228     |
|    explained_variance   | 0.957      |
|    learning_rate        | 0.00025    |
|    loss                 | 324        |
|    n_updates            | 7850       |
|    policy_gradient_loss | 0.00263    |
|    value_loss           | 917        |
----------------------------------------
-----------------------------------------
| rollout/                |             |
|    ep_len_mean          | 290         |
|    ep_rew_mean          | 1.06e+03    |
| time/                   |             |
|    fps                  | 93          |
|    iterations           | 787         |
|    time_elapsed         | 17259       |
|    total_timesteps      | 1611776     |
| train/                  |             |
|    approx_kl            | 0.027712546 |
|    clip_fraction        | 0.162       |
|    clip_range           | 0.1         |
|    entropy_loss         | -0.186      |
|    explained_variance   | 0.882       |
|    learning_rate        | 0.00025     |
|    loss                 | 941         |
|    n_updates            | 7860        |
|    policy_gradient_loss | 0.002       |
|    value_loss           | 1.78e+03    |
-----------------------------------------
----------------------------------------
| rollout/                |            |
|    ep_len_mean          | 306        |
|    ep_rew_mean          | 1.01e+03   |
| time/                   |            |
|    fps                  | 93         |
|    iterations           | 788        |
|    time_elapsed         | 17280      |
|    total_timesteps      | 1613824    |
| train/                  |            |
|    approx_kl            | 0.05595267 |
|    clip_fraction        | 0.352      |
|    clip_range           | 0.1        |
|    entropy_loss         | -0.357     |
|    explained_variance   | 0.971      |
|    learning_rate        | 0.00025    |
|    loss                 | 144        |
|    n_updates            | 7870       |
|    policy_gradient_loss | 0.011      |
|    value_loss           | 593        |
----------------------------------------
-----------------------------------------
| rollout/                |             |
|    ep_len_mean          | 293         |
|    ep_rew_mean          | 1.01e+03    |
| time/                   |             |
|    fps                  | 93          |
|    iterations           | 789         |
|    time_elapsed         | 17300       |
|    total_timesteps      | 1615872     |
| train/                  |             |
|    approx_kl            | 0.032457933 |
|    clip_fraction        | 0.212       |
|    clip_range           | 0.1         |
|    entropy_loss         | -0.299      |
|    explained_variance   | 0.953       |
|    learning_rate        | 0.00025     |
|    loss                 | 520         |
|    n_updates            | 7880        |
|    policy_gradient_loss | 0.00999     |
|    value_loss           | 1.32e+03    |
-----------------------------------------
---------------------------------------
| rollout/                |           |
|    ep_len_mean          | 295       |
|    ep_rew_mean          | 1.01e+03  |
| time/                   |           |
|    fps                  | 93        |
|    iterations           | 790       |
|    time_elapsed         | 17321     |
|    total_timesteps      | 1617920   |
| train/                  |           |
|    approx_kl            | 0.0646496 |
|    clip_fraction        | 0.1       |
|    clip_range           | 0.1       |
|    entropy_loss         | -0.121    |
|    explained_variance   | 0.841     |
|    learning_rate        | 0.00025   |
|    loss                 | 457       |
|    n_updates            | 7890      |
|    policy_gradient_loss | 0.0138    |
|    value_loss           | 1.41e+03  |
---------------------------------------
----------------------------------------
| rollout/                |            |
|    ep_len_mean          | 315        |
|    ep_rew_mean          | 1e+03      |
| time/                   |            |
|    fps                  | 93         |
|    iterations           | 791        |
|    time_elapsed         | 17341      |
|    total_timesteps      | 1619968    |
| train/                  |            |
|    approx_kl            | 0.03796217 |
|    clip_fraction        | 0.226      |
|    clip_range           | 0.1        |
|    entropy_loss         | -0.342     |
|    explained_variance   | 0.869      |
|    learning_rate        | 0.00025    |
|    loss                 | 69.1       |
|    n_updates            | 7900       |
|    policy_gradient_loss | 0.0162     |
|    value_loss           | 626        |
----------------------------------------
-----------------------------------------
| rollout/                |             |
|    ep_len_mean          | 337         |
|    ep_rew_mean          | 989         |
| time/                   |             |
|    fps                  | 93          |
|    iterations           | 792         |
|    time_elapsed         | 17361       |
|    total_timesteps      | 1622016     |
| train/                  |             |
|    approx_kl            | 0.020616107 |
|    clip_fraction        | 0.123       |
|    clip_range           | 0.1         |
|    entropy_loss         | -0.192      |
|    explained_variance   | 0.91        |
|    learning_rate        | 0.00025     |
|    loss                 | 571         |
|    n_updates            | 7910        |
|    policy_gradient_loss | 0.00638     |
|    value_loss           | 1.18e+03    |
-----------------------------------------
------------------------------------------
| rollout/                |              |
|    ep_len_mean          | 339          |
|    ep_rew_mean          | 997          |
| time/                   |              |
|    fps                  | 93           |
|    iterations           | 793          |
|    time_elapsed         | 17382        |
|    total_timesteps      | 1624064      |
| train/                  |              |
|    approx_kl            | 0.0152876135 |
|    clip_fraction        | 0.0497       |
|    clip_range           | 0.1          |
|    entropy_loss         | -0.048       |
|    explained_variance   | 0.927        |
|    learning_rate        | 0.00025      |
|    loss                 | 55.6         |
|    n_updates            | 7920         |
|    policy_gradient_loss | 0.00897      |
|    value_loss           | 275          |
------------------------------------------
----------------------------------------
| rollout/                |            |
|    ep_len_mean          | 327        |
|    ep_rew_mean          | 1.01e+03   |
| time/                   |            |
|    fps                  | 93         |
|    iterations           | 794        |
|    time_elapsed         | 17402      |
|    total_timesteps      | 1626112    |
| train/                  |            |
|    approx_kl            | 0.04231542 |
|    clip_fraction        | 0.182      |
|    clip_range           | 0.1        |
|    entropy_loss         | -0.213     |
|    explained_variance   | 0.709      |
|    learning_rate        | 0.00025    |
|    loss                 | 844        |
|    n_updates            | 7930       |
|    policy_gradient_loss | 0.0211     |
|    value_loss           | 2.01e+03   |
----------------------------------------
-----------------------------------------
| rollout/                |             |
|    ep_len_mean          | 349         |
|    ep_rew_mean          | 991         |
| time/                   |             |
|    fps                  | 93          |
|    iterations           | 795         |
|    time_elapsed         | 17422       |
|    total_timesteps      | 1628160     |
| train/                  |             |
|    approx_kl            | 0.021973083 |
|    clip_fraction        | 0.101       |
|    clip_range           | 0.1         |
|    entropy_loss         | -0.103      |
|    explained_variance   | 0.941       |
|    learning_rate        | 0.00025     |
|    loss                 | 158         |
|    n_updates            | 7940        |
|    policy_gradient_loss | 0.00067     |
|    value_loss           | 545         |
-----------------------------------------
------------------------------------------
| rollout/                |              |
|    ep_len_mean          | 368          |
|    ep_rew_mean          | 981          |
| time/                   |              |
|    fps                  | 93           |
|    iterations           | 796          |
|    time_elapsed         | 17443        |
|    total_timesteps      | 1630208      |
| train/                  |              |
|    approx_kl            | 0.0063365707 |
|    clip_fraction        | 0.0666       |
|    clip_range           | 0.1          |
|    entropy_loss         | -0.162       |
|    explained_variance   | 0.91         |
|    learning_rate        | 0.00025      |
|    loss                 | 29.4         |
|    n_updates            | 7950         |
|    policy_gradient_loss | 0.000257     |
|    value_loss           | 114          |
------------------------------------------
-----------------------------------------
| rollout/                |             |
|    ep_len_mean          | 370         |
|    ep_rew_mean          | 993         |
| time/                   |             |
|    fps                  | 93          |
|    iterations           | 797         |
|    time_elapsed         | 17463       |
|    total_timesteps      | 1632256     |
| train/                  |             |
|    approx_kl            | 0.021700159 |
|    clip_fraction        | 0.115       |
|    clip_range           | 0.1         |
|    entropy_loss         | -0.209      |
|    explained_variance   | 0.915       |
|    learning_rate        | 0.00025     |
|    loss                 | 166         |
|    n_updates            | 7960        |
|    policy_gradient_loss | 0.00702     |
|    value_loss           | 513         |
-----------------------------------------
-----------------------------------------
| rollout/                |             |
|    ep_len_mean          | 330         |
|    ep_rew_mean          | 1.05e+03    |
| time/                   |             |
|    fps                  | 93          |
|    iterations           | 798         |
|    time_elapsed         | 17484       |
|    total_timesteps      | 1634304     |
| train/                  |             |
|    approx_kl            | 0.020333512 |
|    clip_fraction        | 0.156       |
|    clip_range           | 0.1         |
|    entropy_loss         | -0.163      |
|    explained_variance   | 0.804       |
|    learning_rate        | 0.00025     |
|    loss                 | 712         |
|    n_updates            | 7970        |
|    policy_gradient_loss | 0.0201      |
|    value_loss           | 2.02e+03    |
-----------------------------------------
----------------------------------------
| rollout/                |            |
|    ep_len_mean          | 327        |
|    ep_rew_mean          | 1.1e+03    |
| time/                   |            |
|    fps                  | 93         |
|    iterations           | 799        |
|    time_elapsed         | 17504      |
|    total_timesteps      | 1636352    |
| train/                  |            |
|    approx_kl            | 0.01664133 |
|    clip_fraction        | 0.115      |
|    clip_range           | 0.1        |
|    entropy_loss         | -0.141     |
|    explained_variance   | 0.922      |
|    learning_rate        | 0.00025    |
|    loss                 | 702        |
|    n_updates            | 7980       |
|    policy_gradient_loss | 0.00205    |
|    value_loss           | 877        |
----------------------------------------
-----------------------------------------
| rollout/                |             |
|    ep_len_mean          | 328         |
|    ep_rew_mean          | 1.11e+03    |
| time/                   |             |
|    fps                  | 93          |
|    iterations           | 800         |
|    time_elapsed         | 17525       |
|    total_timesteps      | 1638400     |
| train/                  |             |
|    approx_kl            | 0.011418523 |
|    clip_fraction        | 0.108       |
|    clip_range           | 0.1         |
|    entropy_loss         | -0.144      |
|    explained_variance   | 0.912       |
|    learning_rate        | 0.00025     |
|    loss                 | 632         |
|    n_updates            | 7990        |
|    policy_gradient_loss | 0.00467     |
|    value_loss           | 1.36e+03    |
-----------------------------------------
----------------------------------------
| rollout/                |            |
|    ep_len_mean          | 331        |
|    ep_rew_mean          | 1.14e+03   |
| time/                   |            |
|    fps                  | 93         |
|    iterations           | 801        |
|    time_elapsed         | 17545      |
|    total_timesteps      | 1640448    |
| train/                  |            |
|    approx_kl            | 0.04979529 |
|    clip_fraction        | 0.31       |
|    clip_range           | 0.1        |
|    entropy_loss         | -0.311     |
|    explained_variance   | 0.94       |
|    learning_rate        | 0.00025    |
|    loss                 | 48.9       |
|    n_updates            | 8000       |
|    policy_gradient_loss | -0.000524  |
|    value_loss           | 333        |
----------------------------------------
-----------------------------------------
| rollout/                |             |
|    ep_len_mean          | 336         |
|    ep_rew_mean          | 1.18e+03    |
| time/                   |             |
|    fps                  | 93          |
|    iterations           | 802         |
|    time_elapsed         | 17566       |
|    total_timesteps      | 1642496     |
| train/                  |             |
|    approx_kl            | 0.016312942 |
|    clip_fraction        | 0.142       |
|    clip_range           | 0.1         |
|    entropy_loss         | -0.198      |
|    explained_variance   | 0.942       |
|    learning_rate        | 0.00025     |
|    loss                 | 479         |
|    n_updates            | 8010        |
|    policy_gradient_loss | 0.00868     |
|    value_loss           | 1.12e+03    |
-----------------------------------------
-----------------------------------------
| rollout/                |             |
|    ep_len_mean          | 344         |
|    ep_rew_mean          | 1.19e+03    |
| time/                   |             |
|    fps                  | 93          |
|    iterations           | 803         |
|    time_elapsed         | 17587       |
|    total_timesteps      | 1644544     |
| train/                  |             |
|    approx_kl            | 0.025405644 |
|    clip_fraction        | 0.167       |
|    clip_range           | 0.1         |
|    entropy_loss         | -0.188      |
|    explained_variance   | 0.954       |
|    learning_rate        | 0.00025     |
|    loss                 | 181         |
|    n_updates            | 8020        |
|    policy_gradient_loss | 0.0142      |
|    value_loss           | 504         |
-----------------------------------------
----------------------------------------
| rollout/                |            |
|    ep_len_mean          | 330        |
|    ep_rew_mean          | 1.25e+03   |
| time/                   |            |
|    fps                  | 93         |
|    iterations           | 804        |
|    time_elapsed         | 17607      |
|    total_timesteps      | 1646592    |
| train/                  |            |
|    approx_kl            | 0.10110688 |
|    clip_fraction        | 0.344      |
|    clip_range           | 0.1        |
|    entropy_loss         | -0.346     |
|    explained_variance   | 0.903      |
|    learning_rate        | 0.00025    |
|    loss                 | 719        |
|    n_updates            | 8030       |
|    policy_gradient_loss | 0.0368     |
|    value_loss           | 1.27e+03   |
----------------------------------------
------------------------------------------
| rollout/                |              |
|    ep_len_mean          | 328          |
|    ep_rew_mean          | 1.31e+03     |
| time/                   |              |
|    fps                  | 93           |
|    iterations           | 805          |
|    time_elapsed         | 17628        |
|    total_timesteps      | 1648640      |
| train/                  |              |
|    approx_kl            | 0.0109195635 |
|    clip_fraction        | 0.136        |
|    clip_range           | 0.1          |
|    entropy_loss         | -0.179       |
|    explained_variance   | 0.944        |
|    learning_rate        | 0.00025      |
|    loss                 | 614          |
|    n_updates            | 8040         |
|    policy_gradient_loss | 0.00512      |
|    value_loss           | 1.09e+03     |
------------------------------------------
----------------------------------------
| rollout/                |            |
|    ep_len_mean          | 284        |
|    ep_rew_mean          | 1.34e+03   |
| time/                   |            |
|    fps                  | 93         |
|    iterations           | 806        |
|    time_elapsed         | 17649      |
|    total_timesteps      | 1650688    |
| train/                  |            |
|    approx_kl            | 0.03096693 |
|    clip_fraction        | 0.161      |
|    clip_range           | 0.1        |
|    entropy_loss         | -0.181     |
|    explained_variance   | 0.93       |
|    learning_rate        | 0.00025    |
|    loss                 | 345        |
|    n_updates            | 8050       |
|    policy_gradient_loss | 0.0138     |
|    value_loss           | 896        |
----------------------------------------
-----------------------------------------
| rollout/                |             |
|    ep_len_mean          | 284         |
|    ep_rew_mean          | 1.34e+03    |
| time/                   |             |
|    fps                  | 93          |
|    iterations           | 807         |
|    time_elapsed         | 17669       |
|    total_timesteps      | 1652736     |
| train/                  |             |
|    approx_kl            | 0.038703155 |
|    clip_fraction        | 0.13        |
|    clip_range           | 0.1         |
|    entropy_loss         | -0.138      |
|    explained_variance   | 0.957       |
|    learning_rate        | 0.00025     |
|    loss                 | 180         |
|    n_updates            | 8060        |
|    policy_gradient_loss | 0.0179      |
|    value_loss           | 570         |
-----------------------------------------
----------------------------------------
| rollout/                |            |
|    ep_len_mean          | 241        |
|    ep_rew_mean          | 1.39e+03   |
| time/                   |            |
|    fps                  | 93         |
|    iterations           | 808        |
|    time_elapsed         | 17690      |
|    total_timesteps      | 1654784    |
| train/                  |            |
|    approx_kl            | 0.01649315 |
|    clip_fraction        | 0.139      |
|    clip_range           | 0.1        |
|    entropy_loss         | -0.156     |
|    explained_variance   | 0.968      |
|    learning_rate        | 0.00025    |
|    loss                 | 197        |
|    n_updates            | 8070       |
|    policy_gradient_loss | -0.000542  |
|    value_loss           | 491        |
----------------------------------------
-----------------------------------------
| rollout/                |             |
|    ep_len_mean          | 245         |
|    ep_rew_mean          | 1.42e+03    |
| time/                   |             |
|    fps                  | 93          |
|    iterations           | 809         |
|    time_elapsed         | 17711       |
|    total_timesteps      | 1656832     |
| train/                  |             |
|    approx_kl            | 0.010623448 |
|    clip_fraction        | 0.108       |
|    clip_range           | 0.1         |
|    entropy_loss         | -0.14       |
|    explained_variance   | 0.986       |
|    learning_rate        | 0.00025     |
|    loss                 | 100         |
|    n_updates            | 8080        |
|    policy_gradient_loss | 0.00359     |
|    value_loss           | 240         |
-----------------------------------------
-----------------------------------------
| rollout/                |             |
|    ep_len_mean          | 245         |
|    ep_rew_mean          | 1.42e+03    |
| time/                   |             |
|    fps                  | 93          |
|    iterations           | 810         |
|    time_elapsed         | 17731       |
|    total_timesteps      | 1658880     |
| train/                  |             |
|    approx_kl            | 0.026423004 |
|    clip_fraction        | 0.157       |
|    clip_range           | 0.1         |
|    entropy_loss         | -0.167      |
|    explained_variance   | 0.982       |
|    learning_rate        | 0.00025     |
|    loss                 | 132         |
|    n_updates            | 8090        |
|    policy_gradient_loss | 0.00176     |
|    value_loss           | 328         |
-----------------------------------------
----------------------------------------
| rollout/                |            |
|    ep_len_mean          | 265        |
|    ep_rew_mean          | 1.39e+03   |
| time/                   |            |
|    fps                  | 93         |
|    iterations           | 811        |
|    time_elapsed         | 17752      |
|    total_timesteps      | 1660928    |
| train/                  |            |
|    approx_kl            | 0.82826805 |
|    clip_fraction        | 0.601      |
|    clip_range           | 0.1        |
|    entropy_loss         | -0.435     |
|    explained_variance   | -8.69      |
|    learning_rate        | 0.00025    |
|    loss                 | 42.5       |
|    n_updates            | 8100       |
|    policy_gradient_loss | 0.108      |
|    value_loss           | 359        |
----------------------------------------
----------------------------------------
| rollout/                |            |
|    ep_len_mean          | 270        |
|    ep_rew_mean          | 1.39e+03   |
| time/                   |            |
|    fps                  | 93         |
|    iterations           | 812        |
|    time_elapsed         | 17773      |
|    total_timesteps      | 1662976    |
| train/                  |            |
|    approx_kl            | 0.03959419 |
|    clip_fraction        | 0.192      |
|    clip_range           | 0.1        |
|    entropy_loss         | -0.198     |
|    explained_variance   | 0.841      |
|    learning_rate        | 0.00025    |
|    loss                 | 1.29e+03   |
|    n_updates            | 8110       |
|    policy_gradient_loss | 0.0104     |
|    value_loss           | 2.94e+03   |
----------------------------------------
----------------------------------------
| rollout/                |            |
|    ep_len_mean          | 248        |
|    ep_rew_mean          | 1.4e+03    |
| time/                   |            |
|    fps                  | 93         |
|    iterations           | 813        |
|    time_elapsed         | 17793      |
|    total_timesteps      | 1665024    |
| train/                  |            |
|    approx_kl            | 0.06741502 |
|    clip_fraction        | 0.201      |
|    clip_range           | 0.1        |
|    entropy_loss         | -0.212     |
|    explained_variance   | 0.8        |
|    learning_rate        | 0.00025    |
|    loss                 | 1.16e+03   |
|    n_updates            | 8120       |
|    policy_gradient_loss | 0.0044     |
|    value_loss           | 2.37e+03   |
----------------------------------------
----------------------------------------
| rollout/                |            |
|    ep_len_mean          | 244        |
|    ep_rew_mean          | 1.39e+03   |
| time/                   |            |
|    fps                  | 93         |
|    iterations           | 814        |
|    time_elapsed         | 17814      |
|    total_timesteps      | 1667072    |
| train/                  |            |
|    approx_kl            | 0.04480587 |
|    clip_fraction        | 0.167      |
|    clip_range           | 0.1        |
|    entropy_loss         | -0.16      |
|    explained_variance   | 0.926      |
|    learning_rate        | 0.00025    |
|    loss                 | 358        |
|    n_updates            | 8130       |
|    policy_gradient_loss | 0.0181     |
|    value_loss           | 968        |
----------------------------------------
-----------------------------------------
| rollout/                |             |
|    ep_len_mean          | 266         |
|    ep_rew_mean          | 1.37e+03    |
| time/                   |             |
|    fps                  | 93          |
|    iterations           | 815         |
|    time_elapsed         | 17834       |
|    total_timesteps      | 1669120     |
| train/                  |             |
|    approx_kl            | 0.011896291 |
|    clip_fraction        | 0.128       |
|    clip_range           | 0.1         |
|    entropy_loss         | -0.19       |
|    explained_variance   | 0.857       |
|    learning_rate        | 0.00025     |
|    loss                 | 951         |
|    n_updates            | 8140        |
|    policy_gradient_loss | 0.00614     |
|    value_loss           | 2.06e+03    |
-----------------------------------------
----------------------------------------
| rollout/                |            |
|    ep_len_mean          | 266        |
|    ep_rew_mean          | 1.37e+03   |
| time/                   |            |
|    fps                  | 93         |
|    iterations           | 816        |
|    time_elapsed         | 17854      |
|    total_timesteps      | 1671168    |
| train/                  |            |
|    approx_kl            | 0.35181385 |
|    clip_fraction        | 0.324      |
|    clip_range           | 0.1        |
|    entropy_loss         | -0.243     |
|    explained_variance   | 0.84       |
|    learning_rate        | 0.00025    |
|    loss                 | 89.3       |
|    n_updates            | 8150       |
|    policy_gradient_loss | 0.0248     |
|    value_loss           | 366        |
----------------------------------------
---------------------------------------
| rollout/                |           |
|    ep_len_mean          | 285       |
|    ep_rew_mean          | 1.34e+03  |
| time/                   |           |
|    fps                  | 93        |
|    iterations           | 817       |
|    time_elapsed         | 17875     |
|    total_timesteps      | 1673216   |
| train/                  |           |
|    approx_kl            | 5.6148715 |
|    clip_fraction        | 0.376     |
|    clip_range           | 0.1       |
|    entropy_loss         | -0.213    |
|    explained_variance   | -2.67     |
|    learning_rate        | 0.00025   |
|    loss                 | 8.43      |
|    n_updates            | 8160      |
|    policy_gradient_loss | 0.117     |
|    value_loss           | 109       |
---------------------------------------
-----------------------------------------
| rollout/                |             |
|    ep_len_mean          | 304         |
|    ep_rew_mean          | 1.31e+03    |
| time/                   |             |
|    fps                  | 93          |
|    iterations           | 818         |
|    time_elapsed         | 17895       |
|    total_timesteps      | 1675264     |
| train/                  |             |
|    approx_kl            | 0.014595436 |
|    clip_fraction        | 0.0474      |
|    clip_range           | 0.1         |
|    entropy_loss         | -0.0517     |
|    explained_variance   | 0.716       |
|    learning_rate        | 0.00025     |
|    loss                 | 386         |
|    n_updates            | 8170        |
|    policy_gradient_loss | 0.00486     |
|    value_loss           | 1.14e+03    |
-----------------------------------------
-----------------------------------------
| rollout/                |             |
|    ep_len_mean          | 296         |
|    ep_rew_mean          | 1.25e+03    |
| time/                   |             |
|    fps                  | 93          |
|    iterations           | 819         |
|    time_elapsed         | 17916       |
|    total_timesteps      | 1677312     |
| train/                  |             |
|    approx_kl            | 0.040983956 |
|    clip_fraction        | 0.281       |
|    clip_range           | 0.1         |
|    entropy_loss         | -0.193      |
|    explained_variance   | 0.795       |
|    learning_rate        | 0.00025     |
|    loss                 | 235         |
|    n_updates            | 8180        |
|    policy_gradient_loss | 0.000987    |
|    value_loss           | 534         |
-----------------------------------------
-----------------------------------------
| rollout/                |             |
|    ep_len_mean          | 294         |
|    ep_rew_mean          | 1.24e+03    |
| time/                   |             |
|    fps                  | 93          |
|    iterations           | 820         |
|    time_elapsed         | 17937       |
|    total_timesteps      | 1679360     |
| train/                  |             |
|    approx_kl            | 0.014880171 |
|    clip_fraction        | 0.139       |
|    clip_range           | 0.1         |
|    entropy_loss         | -0.15       |
|    explained_variance   | 0.779       |
|    learning_rate        | 0.00025     |
|    loss                 | 703         |
|    n_updates            | 8190        |
|    policy_gradient_loss | 0.00902     |
|    value_loss           | 1.82e+03    |
-----------------------------------------
-----------------------------------------
| rollout/                |             |
|    ep_len_mean          | 313         |
|    ep_rew_mean          | 1.2e+03     |
| time/                   |             |
|    fps                  | 93          |
|    iterations           | 821         |
|    time_elapsed         | 17957       |
|    total_timesteps      | 1681408     |
| train/                  |             |
|    approx_kl            | 0.010984033 |
|    clip_fraction        | 0.0542      |
|    clip_range           | 0.1         |
|    entropy_loss         | -0.0527     |
|    explained_variance   | 0.934       |
|    learning_rate        | 0.00025     |
|    loss                 | 369         |
|    n_updates            | 8200        |
|    policy_gradient_loss | 0.0063      |
|    value_loss           | 791         |
-----------------------------------------
-----------------------------------------
| rollout/                |             |
|    ep_len_mean          | 315         |
|    ep_rew_mean          | 1.2e+03     |
| time/                   |             |
|    fps                  | 93          |
|    iterations           | 822         |
|    time_elapsed         | 17978       |
|    total_timesteps      | 1683456     |
| train/                  |             |
|    approx_kl            | 0.017748883 |
|    clip_fraction        | 0.0854      |
|    clip_range           | 0.1         |
|    entropy_loss         | -0.0866     |
|    explained_variance   | 0.954       |
|    learning_rate        | 0.00025     |
|    loss                 | 343         |
|    n_updates            | 8210        |
|    policy_gradient_loss | 0.00615     |
|    value_loss           | 833         |
-----------------------------------------
-----------------------------------------
| rollout/                |             |
|    ep_len_mean          | 314         |
|    ep_rew_mean          | 1.17e+03    |
| time/                   |             |
|    fps                  | 93          |
|    iterations           | 823         |
|    time_elapsed         | 17998       |
|    total_timesteps      | 1685504     |
| train/                  |             |
|    approx_kl            | 0.023867544 |
|    clip_fraction        | 0.158       |
|    clip_range           | 0.1         |
|    entropy_loss         | -0.139      |
|    explained_variance   | 0.851       |
|    learning_rate        | 0.00025     |
|    loss                 | 350         |
|    n_updates            | 8220        |
|    policy_gradient_loss | 0.0178      |
|    value_loss           | 1.03e+03    |
-----------------------------------------
----------------------------------------
| rollout/                |            |
|    ep_len_mean          | 311        |
|    ep_rew_mean          | 1.15e+03   |
| time/                   |            |
|    fps                  | 93         |
|    iterations           | 824        |
|    time_elapsed         | 18019      |
|    total_timesteps      | 1687552    |
| train/                  |            |
|    approx_kl            | 0.06624241 |
|    clip_fraction        | 0.184      |
|    clip_range           | 0.1        |
|    entropy_loss         | -0.186     |
|    explained_variance   | 0.878      |
|    learning_rate        | 0.00025    |
|    loss                 | 924        |
|    n_updates            | 8230       |
|    policy_gradient_loss | 0.000694   |
|    value_loss           | 1.92e+03   |
----------------------------------------
-----------------------------------------
| rollout/                |             |
|    ep_len_mean          | 289         |
|    ep_rew_mean          | 1.16e+03    |
| time/                   |             |
|    fps                  | 93          |
|    iterations           | 825         |
|    time_elapsed         | 18040       |
|    total_timesteps      | 1689600     |
| train/                  |             |
|    approx_kl            | 0.008523266 |
|    clip_fraction        | 0.13        |
|    clip_range           | 0.1         |
|    entropy_loss         | -0.159      |
|    explained_variance   | 0.852       |
|    learning_rate        | 0.00025     |
|    loss                 | 1.07e+03    |
|    n_updates            | 8240        |
|    policy_gradient_loss | 0.00961     |
|    value_loss           | 1.97e+03    |
-----------------------------------------
-----------------------------------------
| rollout/                |             |
|    ep_len_mean          | 287         |
|    ep_rew_mean          | 1.18e+03    |
| time/                   |             |
|    fps                  | 93          |
|    iterations           | 826         |
|    time_elapsed         | 18061       |
|    total_timesteps      | 1691648     |
| train/                  |             |
|    approx_kl            | 0.015319996 |
|    clip_fraction        | 0.145       |
|    clip_range           | 0.1         |
|    entropy_loss         | -0.16       |
|    explained_variance   | 0.922       |
|    learning_rate        | 0.00025     |
|    loss                 | 188         |
|    n_updates            | 8250        |
|    policy_gradient_loss | 0.00849     |
|    value_loss           | 522         |
-----------------------------------------
-----------------------------------------
| rollout/                |             |
|    ep_len_mean          | 310         |
|    ep_rew_mean          | 1.18e+03    |
| time/                   |             |
|    fps                  | 93          |
|    iterations           | 827         |
|    time_elapsed         | 18081       |
|    total_timesteps      | 1693696     |
| train/                  |             |
|    approx_kl            | 0.018339634 |
|    clip_fraction        | 0.133       |
|    clip_range           | 0.1         |
|    entropy_loss         | -0.178      |
|    explained_variance   | 0.836       |
|    learning_rate        | 0.00025     |
|    loss                 | 669         |
|    n_updates            | 8260        |
|    policy_gradient_loss | 0.00667     |
|    value_loss           | 1.9e+03     |
-----------------------------------------
-----------------------------------------
| rollout/                |             |
|    ep_len_mean          | 308         |
|    ep_rew_mean          | 1.16e+03    |
| time/                   |             |
|    fps                  | 93          |
|    iterations           | 828         |
|    time_elapsed         | 18102       |
|    total_timesteps      | 1695744     |
| train/                  |             |
|    approx_kl            | 0.025512662 |
|    clip_fraction        | 0.199       |
|    clip_range           | 0.1         |
|    entropy_loss         | -0.32       |
|    explained_variance   | 0.811       |
|    learning_rate        | 0.00025     |
|    loss                 | 83.9        |
|    n_updates            | 8270        |
|    policy_gradient_loss | 0.00668     |
|    value_loss           | 591         |
-----------------------------------------
------------------------------------------
| rollout/                |              |
|    ep_len_mean          | 313          |
|    ep_rew_mean          | 1.16e+03     |
| time/                   |              |
|    fps                  | 93           |
|    iterations           | 829          |
|    time_elapsed         | 18122        |
|    total_timesteps      | 1697792      |
| train/                  |              |
|    approx_kl            | 0.0131172165 |
|    clip_fraction        | 0.1          |
|    clip_range           | 0.1          |
|    entropy_loss         | -0.124       |
|    explained_variance   | 0.879        |
|    learning_rate        | 0.00025      |
|    loss                 | 798          |
|    n_updates            | 8280         |
|    policy_gradient_loss | 0.00316      |
|    value_loss           | 1.82e+03     |
------------------------------------------
----------------------------------------
| rollout/                |            |
|    ep_len_mean          | 248        |
|    ep_rew_mean          | 1.24e+03   |
| time/                   |            |
|    fps                  | 93         |
|    iterations           | 830        |
|    time_elapsed         | 18143      |
|    total_timesteps      | 1699840    |
| train/                  |            |
|    approx_kl            | 0.06720417 |
|    clip_fraction        | 0.198      |
|    clip_range           | 0.1        |
|    entropy_loss         | -0.169     |
|    explained_variance   | 0.912      |
|    learning_rate        | 0.00025    |
|    loss                 | 165        |
|    n_updates            | 8290       |
|    policy_gradient_loss | -0.0153    |
|    value_loss           | 534        |
----------------------------------------
Eval num_timesteps=1700000, episode_reward=139.00 +/- 0.00
Episode length: 2406.00 +/- 0.00
-----------------------------------------
| eval/                   |             |
|    mean_ep_length       | 2.41e+03    |
|    mean_reward          | 139         |
| time/                   |             |
|    total_timesteps      | 1700000     |
| train/                  |             |
|    approx_kl            | 0.009396762 |
|    clip_fraction        | 0.083       |
|    clip_range           | 0.1         |
|    entropy_loss         | -0.113      |
|    explained_variance   | 0.953       |
|    learning_rate        | 0.00025     |
|    loss                 | 371         |
|    n_updates            | 8300        |
|    policy_gradient_loss | 0.00194     |
|    value_loss           | 754         |
-----------------------------------------
---------------------------------
| rollout/           |          |
|    ep_len_mean     | 253      |
|    ep_rew_mean     | 1.3e+03  |
| time/              |          |
|    fps             | 93       |
|    iterations      | 831      |
|    time_elapsed    | 18229    |
|    total_timesteps | 1701888  |
---------------------------------
-----------------------------------------
| rollout/                |             |
|    ep_len_mean          | 236         |
|    ep_rew_mean          | 1.36e+03    |
| time/                   |             |
|    fps                  | 93          |
|    iterations           | 832         |
|    time_elapsed         | 18250       |
|    total_timesteps      | 1703936     |
| train/                  |             |
|    approx_kl            | 0.010303515 |
|    clip_fraction        | 0.0853      |
|    clip_range           | 0.1         |
|    entropy_loss         | -0.107      |
|    explained_variance   | 0.963       |
|    learning_rate        | 0.00025     |
|    loss                 | 221         |
|    n_updates            | 8310        |
|    policy_gradient_loss | 0.00218     |
|    value_loss           | 543         |
-----------------------------------------
-----------------------------------------
| rollout/                |             |
|    ep_len_mean          | 233         |
|    ep_rew_mean          | 1.36e+03    |
| time/                   |             |
|    fps                  | 93          |
|    iterations           | 833         |
|    time_elapsed         | 18271       |
|    total_timesteps      | 1705984     |
| train/                  |             |
|    approx_kl            | 0.033395145 |
|    clip_fraction        | 0.11        |
|    clip_range           | 0.1         |
|    entropy_loss         | -0.124      |
|    explained_variance   | 0.966       |
|    learning_rate        | 0.00025     |
|    loss                 | 176         |
|    n_updates            | 8320        |
|    policy_gradient_loss | 0.00867     |
|    value_loss           | 555         |
-----------------------------------------
-----------------------------------------
| rollout/                |             |
|    ep_len_mean          | 233         |
|    ep_rew_mean          | 1.36e+03    |
| time/                   |             |
|    fps                  | 93          |
|    iterations           | 834         |
|    time_elapsed         | 18292       |
|    total_timesteps      | 1708032     |
| train/                  |             |
|    approx_kl            | 0.029050162 |
|    clip_fraction        | 0.0889      |
|    clip_range           | 0.1         |
|    entropy_loss         | -0.113      |
|    explained_variance   | 0.889       |
|    learning_rate        | 0.00025     |
|    loss                 | 908         |
|    n_updates            | 8330        |
|    policy_gradient_loss | 0.000979    |
|    value_loss           | 2.08e+03    |
-----------------------------------------
-----------------------------------------
| rollout/                |             |
|    ep_len_mean          | 234         |
|    ep_rew_mean          | 1.4e+03     |
| time/                   |             |
|    fps                  | 93          |
|    iterations           | 835         |
|    time_elapsed         | 18313       |
|    total_timesteps      | 1710080     |
| train/                  |             |
|    approx_kl            | 0.018290339 |
|    clip_fraction        | 0.113       |
|    clip_range           | 0.1         |
|    entropy_loss         | -0.125      |
|    explained_variance   | 0.89        |
|    learning_rate        | 0.00025     |
|    loss                 | 436         |
|    n_updates            | 8340        |
|    policy_gradient_loss | 0.00358     |
|    value_loss           | 1.57e+03    |
-----------------------------------------
-----------------------------------------
| rollout/                |             |
|    ep_len_mean          | 234         |
|    ep_rew_mean          | 1.4e+03     |
| time/                   |             |
|    fps                  | 93          |
|    iterations           | 836         |
|    time_elapsed         | 18333       |
|    total_timesteps      | 1712128     |
| train/                  |             |
|    approx_kl            | 0.014813371 |
|    clip_fraction        | 0.106       |
|    clip_range           | 0.1         |
|    entropy_loss         | -0.119      |
|    explained_variance   | 0.956       |
|    learning_rate        | 0.00025     |
|    loss                 | 290         |
|    n_updates            | 8350        |
|    policy_gradient_loss | 0.0037      |
|    value_loss           | 844         |
-----------------------------------------
-----------------------------------------
| rollout/                |             |
|    ep_len_mean          | 236         |
|    ep_rew_mean          | 1.43e+03    |
| time/                   |             |
|    fps                  | 93          |
|    iterations           | 837         |
|    time_elapsed         | 18354       |
|    total_timesteps      | 1714176     |
| train/                  |             |
|    approx_kl            | 0.095534295 |
|    clip_fraction        | 0.121       |
|    clip_range           | 0.1         |
|    entropy_loss         | -0.121      |
|    explained_variance   | 0.949       |
|    learning_rate        | 0.00025     |
|    loss                 | 363         |
|    n_updates            | 8360        |
|    policy_gradient_loss | 0.00612     |
|    value_loss           | 835         |
-----------------------------------------
-----------------------------------------
| rollout/                |             |
|    ep_len_mean          | 214         |
|    ep_rew_mean          | 1.45e+03    |
| time/                   |             |
|    fps                  | 93          |
|    iterations           | 838         |
|    time_elapsed         | 18375       |
|    total_timesteps      | 1716224     |
| train/                  |             |
|    approx_kl            | 0.049425524 |
|    clip_fraction        | 0.112       |
|    clip_range           | 0.1         |
|    entropy_loss         | -0.0992     |
|    explained_variance   | 0.976       |
|    learning_rate        | 0.00025     |
|    loss                 | 161         |
|    n_updates            | 8370        |
|    policy_gradient_loss | 0.0108      |
|    value_loss           | 471         |
-----------------------------------------
----------------------------------------
| rollout/                |            |
|    ep_len_mean          | 215        |
|    ep_rew_mean          | 1.45e+03   |
| time/                   |            |
|    fps                  | 93         |
|    iterations           | 839        |
|    time_elapsed         | 18395      |
|    total_timesteps      | 1718272    |
| train/                  |            |
|    approx_kl            | 0.10514666 |
|    clip_fraction        | 0.13       |
|    clip_range           | 0.1        |
|    entropy_loss         | -0.0948    |
|    explained_variance   | 0.899      |
|    learning_rate        | 0.00025    |
|    loss                 | 1.44e+03   |
|    n_updates            | 8380       |
|    policy_gradient_loss | 0.0303     |
|    value_loss           | 2.49e+03   |
----------------------------------------
------------------------------------------
| rollout/                |              |
|    ep_len_mean          | 237          |
|    ep_rew_mean          | 1.43e+03     |
| time/                   |              |
|    fps                  | 93           |
|    iterations           | 840          |
|    time_elapsed         | 18416        |
|    total_timesteps      | 1720320      |
| train/                  |              |
|    approx_kl            | 0.0024155928 |
|    clip_fraction        | 0.019        |
|    clip_range           | 0.1          |
|    entropy_loss         | -0.0186      |
|    explained_variance   | 0.922        |
|    learning_rate        | 0.00025      |
|    loss                 | 111          |
|    n_updates            | 8390         |
|    policy_gradient_loss | -0.000126    |
|    value_loss           | 398          |
------------------------------------------
-----------------------------------------
| rollout/                |             |
|    ep_len_mean          | 259         |
|    ep_rew_mean          | 1.42e+03    |
| time/                   |             |
|    fps                  | 93          |
|    iterations           | 841         |
|    time_elapsed         | 18436       |
|    total_timesteps      | 1722368     |
| train/                  |             |
|    approx_kl            | 0.017665666 |
|    clip_fraction        | 0.062       |
|    clip_range           | 0.1         |
|    entropy_loss         | -0.0536     |
|    explained_variance   | 0.887       |
|    learning_rate        | 0.00025     |
|    loss                 | 413         |
|    n_updates            | 8400        |
|    policy_gradient_loss | 0.00496     |
|    value_loss           | 1.29e+03    |
-----------------------------------------
------------------------------------------
| rollout/                |              |
|    ep_len_mean          | 259          |
|    ep_rew_mean          | 1.42e+03     |
| time/                   |              |
|    fps                  | 93           |
|    iterations           | 842          |
|    time_elapsed         | 18456        |
|    total_timesteps      | 1724416      |
| train/                  |              |
|    approx_kl            | 0.0038008103 |
|    clip_fraction        | 0.0131       |
|    clip_range           | 0.1          |
|    entropy_loss         | -0.0101      |
|    explained_variance   | 0.961        |
|    learning_rate        | 0.00025      |
|    loss                 | 199          |
|    n_updates            | 8410         |
|    policy_gradient_loss | 0.00135      |
|    value_loss           | 388          |
------------------------------------------
---------------------------------------
| rollout/                |           |
|    ep_len_mean          | 276       |
|    ep_rew_mean          | 1.4e+03   |
| time/                   |           |
|    fps                  | 93        |
|    iterations           | 843       |
|    time_elapsed         | 18477     |
|    total_timesteps      | 1726464   |
| train/                  |           |
|    approx_kl            | 0.0       |
|    clip_fraction        | 0         |
|    clip_range           | 0.1       |
|    entropy_loss         | -6.87e-08 |
|    explained_variance   | -9.49     |
|    learning_rate        | 0.00025   |
|    loss                 | 14.6      |
|    n_updates            | 8420      |
|    policy_gradient_loss | -1.94e-09 |
|    value_loss           | 155       |
---------------------------------------
-------------------------------------------
| rollout/                |               |
|    ep_len_mean          | 293           |
|    ep_rew_mean          | 1.35e+03      |
| time/                   |               |
|    fps                  | 93            |
|    iterations           | 844           |
|    time_elapsed         | 18497         |
|    total_timesteps      | 1728512       |
| train/                  |               |
|    approx_kl            | 0.00051234924 |
|    clip_fraction        | 0.000533      |
|    clip_range           | 0.1           |
|    entropy_loss         | -0.000532     |
|    explained_variance   | 0.92          |
|    learning_rate        | 0.00025       |
|    loss                 | 21.8          |
|    n_updates            | 8430          |
|    policy_gradient_loss | -0.000376     |
|    value_loss           | 113           |
-------------------------------------------
----------------------------------------
| rollout/                |            |
|    ep_len_mean          | 293        |
|    ep_rew_mean          | 1.34e+03   |
| time/                   |            |
|    fps                  | 93         |
|    iterations           | 845        |
|    time_elapsed         | 18518      |
|    total_timesteps      | 1730560    |
| train/                  |            |
|    approx_kl            | 0.02948274 |
|    clip_fraction        | 0.0995     |
|    clip_range           | 0.1        |
|    entropy_loss         | -0.0827    |
|    explained_variance   | 0.827      |
|    learning_rate        | 0.00025    |
|    loss                 | 781        |
|    n_updates            | 8440       |
|    policy_gradient_loss | 0.0174     |
|    value_loss           | 2.03e+03   |
----------------------------------------
-----------------------------------------
| rollout/                |             |
|    ep_len_mean          | 313         |
|    ep_rew_mean          | 1.31e+03    |
| time/                   |             |
|    fps                  | 93          |
|    iterations           | 846         |
|    time_elapsed         | 18538       |
|    total_timesteps      | 1732608     |
| train/                  |             |
|    approx_kl            | 0.017653536 |
|    clip_fraction        | 0.0222      |
|    clip_range           | 0.1         |
|    entropy_loss         | -0.0188     |
|    explained_variance   | 0.932       |
|    learning_rate        | 0.00025     |
|    loss                 | 97          |
|    n_updates            | 8450        |
|    policy_gradient_loss | -0.00378    |
|    value_loss           | 405         |
-----------------------------------------
-----------------------------------------
| rollout/                |             |
|    ep_len_mean          | 333         |
|    ep_rew_mean          | 1.29e+03    |
| time/                   |             |
|    fps                  | 93          |
|    iterations           | 847         |
|    time_elapsed         | 18558       |
|    total_timesteps      | 1734656     |
| train/                  |             |
|    approx_kl            | 0.016347505 |
|    clip_fraction        | 0.0237      |
|    clip_range           | 0.1         |
|    entropy_loss         | -0.0181     |
|    explained_variance   | 0.911       |
|    learning_rate        | 0.00025     |
|    loss                 | 193         |
|    n_updates            | 8460        |
|    policy_gradient_loss | 0.0065      |
|    value_loss           | 414         |
-----------------------------------------
-----------------------------------------
| rollout/                |             |
|    ep_len_mean          | 337         |
|    ep_rew_mean          | 1.28e+03    |
| time/                   |             |
|    fps                  | 93          |
|    iterations           | 848         |
|    time_elapsed         | 18579       |
|    total_timesteps      | 1736704     |
| train/                  |             |
|    approx_kl            | 0.014434643 |
|    clip_fraction        | 0.0999      |
|    clip_range           | 0.1         |
|    entropy_loss         | -0.0908     |
|    explained_variance   | 0.94        |
|    learning_rate        | 0.00025     |
|    loss                 | 125         |
|    n_updates            | 8470        |
|    policy_gradient_loss | 0.006       |
|    value_loss           | 433         |
-----------------------------------------
-----------------------------------------
| rollout/                |             |
|    ep_len_mean          | 336         |
|    ep_rew_mean          | 1.27e+03    |
| time/                   |             |
|    fps                  | 93          |
|    iterations           | 849         |
|    time_elapsed         | 18599       |
|    total_timesteps      | 1738752     |
| train/                  |             |
|    approx_kl            | 0.042889513 |
|    clip_fraction        | 0.171       |
|    clip_range           | 0.1         |
|    entropy_loss         | -0.166      |
|    explained_variance   | 0.794       |
|    learning_rate        | 0.00025     |
|    loss                 | 545         |
|    n_updates            | 8480        |
|    policy_gradient_loss | 0.0131      |
|    value_loss           | 1.41e+03    |
-----------------------------------------
-----------------------------------------
| rollout/                |             |
|    ep_len_mean          | 358         |
|    ep_rew_mean          | 1.26e+03    |
| time/                   |             |
|    fps                  | 93          |
|    iterations           | 850         |
|    time_elapsed         | 18620       |
|    total_timesteps      | 1740800     |
| train/                  |             |
|    approx_kl            | 0.011280075 |
|    clip_fraction        | 0.00513     |
|    clip_range           | 0.1         |
|    entropy_loss         | -0.00399    |
|    explained_variance   | 0.851       |
|    learning_rate        | 0.00025     |
|    loss                 | 9.75        |
|    n_updates            | 8490        |
|    policy_gradient_loss | -0.00186    |
|    value_loss           | 82.7        |
-----------------------------------------
-----------------------------------------
| rollout/                |             |
|    ep_len_mean          | 380         |
|    ep_rew_mean          | 1.24e+03    |
| time/                   |             |
|    fps                  | 93          |
|    iterations           | 851         |
|    time_elapsed         | 18640       |
|    total_timesteps      | 1742848     |
| train/                  |             |
|    approx_kl            | 0.009681702 |
|    clip_fraction        | 0.00318     |
|    clip_range           | 0.1         |
|    entropy_loss         | -0.002      |
|    explained_variance   | 0.933       |
|    learning_rate        | 0.00025     |
|    loss                 | 5.51        |
|    n_updates            | 8500        |
|    policy_gradient_loss | -0.00208    |
|    value_loss           | 29.7        |
-----------------------------------------
------------------------------------------
| rollout/                |              |
|    ep_len_mean          | 402          |
|    ep_rew_mean          | 1.21e+03     |
| time/                   |              |
|    fps                  | 93           |
|    iterations           | 852          |
|    time_elapsed         | 18660        |
|    total_timesteps      | 1744896      |
| train/                  |              |
|    approx_kl            | 0.0026588852 |
|    clip_fraction        | 0.00107      |
|    clip_range           | 0.1          |
|    entropy_loss         | -0.00226     |
|    explained_variance   | 0.965        |
|    learning_rate        | 0.00025      |
|    loss                 | 5.82         |
|    n_updates            | 8510         |
|    policy_gradient_loss | -0.000829    |
|    value_loss           | 13.2         |
------------------------------------------
-----------------------------------------
| rollout/                |             |
|    ep_len_mean          | 424         |
|    ep_rew_mean          | 1.2e+03     |
| time/                   |             |
|    fps                  | 93          |
|    iterations           | 853         |
|    time_elapsed         | 18681       |
|    total_timesteps      | 1746944     |
| train/                  |             |
|    approx_kl            | 0.025356065 |
|    clip_fraction        | 0.0099      |
|    clip_range           | 0.1         |
|    entropy_loss         | -0.0077     |
|    explained_variance   | 0.957       |
|    learning_rate        | 0.00025     |
|    loss                 | 31          |
|    n_updates            | 8520        |
|    policy_gradient_loss | 0.00424     |
|    value_loss           | 132         |
-----------------------------------------
-------------------------------------------
| rollout/                |               |
|    ep_len_mean          | 446           |
|    ep_rew_mean          | 1.18e+03      |
| time/                   |               |
|    fps                  | 93            |
|    iterations           | 854           |
|    time_elapsed         | 18701         |
|    total_timesteps      | 1748992       |
| train/                  |               |
|    approx_kl            | 7.3801343e-06 |
|    clip_fraction        | 0.000339      |
|    clip_range           | 0.1           |
|    entropy_loss         | -0.00581      |
|    explained_variance   | 0.962         |
|    learning_rate        | 0.00025       |
|    loss                 | 3.22          |
|    n_updates            | 8530          |
|    policy_gradient_loss | -6.52e-05     |
|    value_loss           | 57.3          |
-------------------------------------------
-------------------------------------------
| rollout/                |               |
|    ep_len_mean          | 446           |
|    ep_rew_mean          | 1.18e+03      |
| time/                   |               |
|    fps                  | 93            |
|    iterations           | 855           |
|    time_elapsed         | 18721         |
|    total_timesteps      | 1751040       |
| train/                  |               |
|    approx_kl            | 0.00053837895 |
|    clip_fraction        | 0.206         |
|    clip_range           | 0.1           |
|    entropy_loss         | -0.202        |
|    explained_variance   | -0.0176       |
|    learning_rate        | 0.00025       |
|    loss                 | 26.5          |
|    n_updates            | 8540          |
|    policy_gradient_loss | 0.000661      |
|    value_loss           | 481           |
-------------------------------------------
---------------------------------------
| rollout/                |           |
|    ep_len_mean          | 468       |
|    ep_rew_mean          | 1.16e+03  |
| time/                   |           |
|    fps                  | 93        |
|    iterations           | 856       |
|    time_elapsed         | 18741     |
|    total_timesteps      | 1753088   |
| train/                  |           |
|    approx_kl            | 0.1233628 |
|    clip_fraction        | 0.0831    |
|    clip_range           | 0.1       |
|    entropy_loss         | -0.0937   |
|    explained_variance   | 0.955     |
|    learning_rate        | 0.00025   |
|    loss                 | 7.51      |
|    n_updates            | 8550      |
|    policy_gradient_loss | 0.00699   |
|    value_loss           | 98        |
---------------------------------------
-------------------------------------------
| rollout/                |               |
|    ep_len_mean          | 490           |
|    ep_rew_mean          | 1.14e+03      |
| time/                   |               |
|    fps                  | 93            |
|    iterations           | 857           |
|    time_elapsed         | 18761         |
|    total_timesteps      | 1755136       |
| train/                  |               |
|    approx_kl            | 0.00016963317 |
|    clip_fraction        | 0.000736      |
|    clip_range           | 0.1           |
|    entropy_loss         | -0.00423      |
|    explained_variance   | 0.96          |
|    learning_rate        | 0.00025       |
|    loss                 | 2.47          |
|    n_updates            | 8560          |
|    policy_gradient_loss | 0.00025       |
|    value_loss           | 76.8          |
-------------------------------------------
--------------------------------------------
| rollout/                |                |
|    ep_len_mean          | 512            |
|    ep_rew_mean          | 1.13e+03       |
| time/                   |                |
|    fps                  | 93             |
|    iterations           | 858            |
|    time_elapsed         | 18781          |
|    total_timesteps      | 1757184        |
| train/                  |                |
|    approx_kl            | 1.07498545e-05 |
|    clip_fraction        | 0              |
|    clip_range           | 0.1            |
|    entropy_loss         | -0.0122        |
|    explained_variance   | -0.000451      |
|    learning_rate        | 0.00025        |
|    loss                 | 40.3           |
|    n_updates            | 8570           |
|    policy_gradient_loss | -2.08e-07      |
|    value_loss           | 144            |
--------------------------------------------
-------------------------------------------
| rollout/                |               |
|    ep_len_mean          | 534           |
|    ep_rew_mean          | 1.11e+03      |
| time/                   |               |
|    fps                  | 93            |
|    iterations           | 859           |
|    time_elapsed         | 18801         |
|    total_timesteps      | 1759232       |
| train/                  |               |
|    approx_kl            | 0.00015597662 |
|    clip_fraction        | 0.00982       |
|    clip_range           | 0.1           |
|    entropy_loss         | -0.0726       |
|    explained_variance   | -0.0388       |
|    learning_rate        | 0.00025       |
|    loss                 | 30.8          |
|    n_updates            | 8580          |
|    policy_gradient_loss | 0.00394       |
|    value_loss           | 127           |
-------------------------------------------
-----------------------------------------
| rollout/                |             |
|    ep_len_mean          | 558         |
|    ep_rew_mean          | 1.1e+03     |
| time/                   |             |
|    fps                  | 93          |
|    iterations           | 860         |
|    time_elapsed         | 18821       |
|    total_timesteps      | 1761280     |
| train/                  |             |
|    approx_kl            | 0.036091737 |
|    clip_fraction        | 0.0313      |
|    clip_range           | 0.1         |
|    entropy_loss         | -0.0701     |
|    explained_variance   | -0.0511     |
|    learning_rate        | 0.00025     |
|    loss                 | 3.01        |
|    n_updates            | 8590        |
|    policy_gradient_loss | 0.00113     |
|    value_loss           | 84.1        |
-----------------------------------------
-------------------------------------------
| rollout/                |               |
|    ep_len_mean          | 558           |
|    ep_rew_mean          | 1.1e+03       |
| time/                   |               |
|    fps                  | 93            |
|    iterations           | 861           |
|    time_elapsed         | 18841         |
|    total_timesteps      | 1763328       |
| train/                  |               |
|    approx_kl            | 1.4901161e-08 |
|    clip_fraction        | 0             |
|    clip_range           | 0.1           |
|    entropy_loss         | -0.000504     |
|    explained_variance   | -0.00339      |
|    learning_rate        | 0.00025       |
|    loss                 | 5.08          |
|    n_updates            | 8600          |
|    policy_gradient_loss | 1.29e-07      |
|    value_loss           | 56.5          |
-------------------------------------------
-------------------------------------------
| rollout/                |               |
|    ep_len_mean          | 580           |
|    ep_rew_mean          | 1.08e+03      |
| time/                   |               |
|    fps                  | 93            |
|    iterations           | 862           |
|    time_elapsed         | 18862         |
|    total_timesteps      | 1765376       |
| train/                  |               |
|    approx_kl            | 2.2351742e-08 |
|    clip_fraction        | 0             |
|    clip_range           | 0.1           |
|    entropy_loss         | -0.00192      |
|    explained_variance   | 0             |
|    learning_rate        | 0.00025       |
|    loss                 | 0.545         |
|    n_updates            | 8610          |
|    policy_gradient_loss | 4.59e-07      |
|    value_loss           | 11.2          |
-------------------------------------------
-----------------------------------------
| rollout/                |             |
|    ep_len_mean          | 603         |
|    ep_rew_mean          | 1.08e+03    |
| time/                   |             |
|    fps                  | 93          |
|    iterations           | 863         |
|    time_elapsed         | 18882       |
|    total_timesteps      | 1767424     |
| train/                  |             |
|    approx_kl            | 0.006061735 |
|    clip_fraction        | 0.025       |
|    clip_range           | 0.1         |
|    entropy_loss         | -0.0647     |
|    explained_variance   | -0.00114    |
|    learning_rate        | 0.00025     |
|    loss                 | 8.68        |
|    n_updates            | 8620        |
|    policy_gradient_loss | 0.000269    |
|    value_loss           | 32.8        |
-----------------------------------------
----------------------------------------
| rollout/                |            |
|    ep_len_mean          | 625        |
|    ep_rew_mean          | 1.06e+03   |
| time/                   |            |
|    fps                  | 93         |
|    iterations           | 864        |
|    time_elapsed         | 18902      |
|    total_timesteps      | 1769472    |
| train/                  |            |
|    approx_kl            | 0.01100269 |
|    clip_fraction        | 0.0034     |
|    clip_range           | 0.1        |
|    entropy_loss         | -0.00393   |
|    explained_variance   | 0.0217     |
|    learning_rate        | 0.00025    |
|    loss                 | 23.7       |
|    n_updates            | 8630       |
|    policy_gradient_loss | 0.00108    |
|    value_loss           | 20.2       |
----------------------------------------
----------------------------------------
| rollout/                |            |
|    ep_len_mean          | 641        |
|    ep_rew_mean          | 1.04e+03   |
| time/                   |            |
|    fps                  | 93         |
|    iterations           | 865        |
|    time_elapsed         | 18922      |
|    total_timesteps      | 1771520    |
| train/                  |            |
|    approx_kl            | 0.38099283 |
|    clip_fraction        | 0.138      |
|    clip_range           | 0.1        |
|    entropy_loss         | -0.151     |
|    explained_variance   | -0.0459    |
|    learning_rate        | 0.00025    |
|    loss                 | 4.35       |
|    n_updates            | 8640       |
|    policy_gradient_loss | 0.000922   |
|    value_loss           | 11.4       |
----------------------------------------
-----------------------------------------
| rollout/                |             |
|    ep_len_mean          | 667         |
|    ep_rew_mean          | 1.01e+03    |
| time/                   |             |
|    fps                  | 93          |
|    iterations           | 866         |
|    time_elapsed         | 18942       |
|    total_timesteps      | 1773568     |
| train/                  |             |
|    approx_kl            | 0.023587942 |
|    clip_fraction        | 0.274       |
|    clip_range           | 0.1         |
|    entropy_loss         | -0.221      |
|    explained_variance   | 0.738       |
|    learning_rate        | 0.00025     |
|    loss                 | 48.9        |
|    n_updates            | 8650        |
|    policy_gradient_loss | 0.0342      |
|    value_loss           | 203         |
-----------------------------------------
------------------------------------------
| rollout/                |              |
|    ep_len_mean          | 690          |
|    ep_rew_mean          | 1.01e+03     |
| time/                   |              |
|    fps                  | 93           |
|    iterations           | 867          |
|    time_elapsed         | 18962        |
|    total_timesteps      | 1775616      |
| train/                  |              |
|    approx_kl            | 0.0028188739 |
|    clip_fraction        | 0.0504       |
|    clip_range           | 0.1          |
|    entropy_loss         | -0.195       |
|    explained_variance   | 0.915        |
|    learning_rate        | 0.00025      |
|    loss                 | 14.5         |
|    n_updates            | 8660         |
|    policy_gradient_loss | -0.00131     |
|    value_loss           | 96.8         |
------------------------------------------
----------------------------------------
| rollout/                |            |
|    ep_len_mean          | 700        |
|    ep_rew_mean          | 982        |
| time/                   |            |
|    fps                  | 93         |
|    iterations           | 868        |
|    time_elapsed         | 18983      |
|    total_timesteps      | 1777664    |
| train/                  |            |
|    approx_kl            | 0.08255847 |
|    clip_fraction        | 0.104      |
|    clip_range           | 0.1        |
|    entropy_loss         | -0.162     |
|    explained_variance   | 0.904      |
|    learning_rate        | 0.00025    |
|    loss                 | 80.6       |
|    n_updates            | 8670       |
|    policy_gradient_loss | -0.000594  |
|    value_loss           | 100        |
----------------------------------------
-----------------------------------------
| rollout/                |             |
|    ep_len_mean          | 721         |
|    ep_rew_mean          | 951         |
| time/                   |             |
|    fps                  | 93          |
|    iterations           | 869         |
|    time_elapsed         | 19003       |
|    total_timesteps      | 1779712     |
| train/                  |             |
|    approx_kl            | 0.027563017 |
|    clip_fraction        | 0.127       |
|    clip_range           | 0.1         |
|    entropy_loss         | -0.404      |
|    explained_variance   | 0.832       |
|    learning_rate        | 0.00025     |
|    loss                 | 93.2        |
|    n_updates            | 8680        |
|    policy_gradient_loss | -0.00119    |
|    value_loss           | 367         |
-----------------------------------------
-----------------------------------------
| rollout/                |             |
|    ep_len_mean          | 725         |
|    ep_rew_mean          | 875         |
| time/                   |             |
|    fps                  | 93          |
|    iterations           | 870         |
|    time_elapsed         | 19023       |
|    total_timesteps      | 1781760     |
| train/                  |             |
|    approx_kl            | 0.038722117 |
|    clip_fraction        | 0.399       |
|    clip_range           | 0.1         |
|    entropy_loss         | -0.565      |
|    explained_variance   | 0.784       |
|    learning_rate        | 0.00025     |
|    loss                 | 305         |
|    n_updates            | 8690        |
|    policy_gradient_loss | 0.0094      |
|    value_loss           | 492         |
-----------------------------------------
-----------------------------------------
| rollout/                |             |
|    ep_len_mean          | 727         |
|    ep_rew_mean          | 790         |
| time/                   |             |
|    fps                  | 93          |
|    iterations           | 871         |
|    time_elapsed         | 19044       |
|    total_timesteps      | 1783808     |
| train/                  |             |
|    approx_kl            | 0.020400733 |
|    clip_fraction        | 0.246       |
|    clip_range           | 0.1         |
|    entropy_loss         | -0.549      |
|    explained_variance   | 0.471       |
|    learning_rate        | 0.00025     |
|    loss                 | 359         |
|    n_updates            | 8700        |
|    policy_gradient_loss | 0.0161      |
|    value_loss           | 1.05e+03    |
-----------------------------------------
-----------------------------------------
| rollout/                |             |
|    ep_len_mean          | 724         |
|    ep_rew_mean          | 703         |
| time/                   |             |
|    fps                  | 93          |
|    iterations           | 872         |
|    time_elapsed         | 19064       |
|    total_timesteps      | 1785856     |
| train/                  |             |
|    approx_kl            | 0.022838153 |
|    clip_fraction        | 0.325       |
|    clip_range           | 0.1         |
|    entropy_loss         | -0.601      |
|    explained_variance   | 0.496       |
|    learning_rate        | 0.00025     |
|    loss                 | 470         |
|    n_updates            | 8710        |
|    policy_gradient_loss | 0.0113      |
|    value_loss           | 1.31e+03    |
-----------------------------------------
-----------------------------------------
| rollout/                |             |
|    ep_len_mean          | 729         |
|    ep_rew_mean          | 622         |
| time/                   |             |
|    fps                  | 93          |
|    iterations           | 873         |
|    time_elapsed         | 19085       |
|    total_timesteps      | 1787904     |
| train/                  |             |
|    approx_kl            | 0.007688218 |
|    clip_fraction        | 0.163       |
|    clip_range           | 0.1         |
|    entropy_loss         | -0.486      |
|    explained_variance   | 0.606       |
|    learning_rate        | 0.00025     |
|    loss                 | 581         |
|    n_updates            | 8720        |
|    policy_gradient_loss | 0.00381     |
|    value_loss           | 1.29e+03    |
-----------------------------------------
----------------------------------------
| rollout/                |            |
|    ep_len_mean          | 734        |
|    ep_rew_mean          | 554        |
| time/                   |            |
|    fps                  | 93         |
|    iterations           | 874        |
|    time_elapsed         | 19105      |
|    total_timesteps      | 1789952    |
| train/                  |            |
|    approx_kl            | 0.03390281 |
|    clip_fraction        | 0.314      |
|    clip_range           | 0.1        |
|    entropy_loss         | -0.531     |
|    explained_variance   | 0.666      |
|    learning_rate        | 0.00025    |
|    loss                 | 445        |
|    n_updates            | 8730       |
|    policy_gradient_loss | 0.018      |
|    value_loss           | 1.11e+03   |
----------------------------------------
-----------------------------------------
| rollout/                |             |
|    ep_len_mean          | 639         |
|    ep_rew_mean          | 530         |
| time/                   |             |
|    fps                  | 93          |
|    iterations           | 875         |
|    time_elapsed         | 19126       |
|    total_timesteps      | 1792000     |
| train/                  |             |
|    approx_kl            | 0.023275133 |
|    clip_fraction        | 0.33        |
|    clip_range           | 0.1         |
|    entropy_loss         | -0.63       |
|    explained_variance   | 0.803       |
|    learning_rate        | 0.00025     |
|    loss                 | 331         |
|    n_updates            | 8740        |
|    policy_gradient_loss | 0.00825     |
|    value_loss           | 778         |
-----------------------------------------
-----------------------------------------
| rollout/                |             |
|    ep_len_mean          | 661         |
|    ep_rew_mean          | 524         |
| time/                   |             |
|    fps                  | 93          |
|    iterations           | 876         |
|    time_elapsed         | 19146       |
|    total_timesteps      | 1794048     |
| train/                  |             |
|    approx_kl            | 0.022414517 |
|    clip_fraction        | 0.257       |
|    clip_range           | 0.1         |
|    entropy_loss         | -0.589      |
|    explained_variance   | 0.717       |
|    learning_rate        | 0.00025     |
|    loss                 | 637         |
|    n_updates            | 8750        |
|    policy_gradient_loss | 0.00456     |
|    value_loss           | 1.66e+03    |
-----------------------------------------
-----------------------------------------
| rollout/                |             |
|    ep_len_mean          | 647         |
|    ep_rew_mean          | 507         |
| time/                   |             |
|    fps                  | 93          |
|    iterations           | 877         |
|    time_elapsed         | 19167       |
|    total_timesteps      | 1796096     |
| train/                  |             |
|    approx_kl            | 0.011466859 |
|    clip_fraction        | 0.073       |
|    clip_range           | 0.1         |
|    entropy_loss         | -0.15       |
|    explained_variance   | 0.805       |
|    learning_rate        | 0.00025     |
|    loss                 | 112         |
|    n_updates            | 8760        |
|    policy_gradient_loss | 0.0071      |
|    value_loss           | 248         |
-----------------------------------------
-----------------------------------------
| rollout/                |             |
|    ep_len_mean          | 625         |
|    ep_rew_mean          | 482         |
| time/                   |             |
|    fps                  | 93          |
|    iterations           | 878         |
|    time_elapsed         | 19187       |
|    total_timesteps      | 1798144     |
| train/                  |             |
|    approx_kl            | 0.019984588 |
|    clip_fraction        | 0.326       |
|    clip_range           | 0.1         |
|    entropy_loss         | -0.538      |
|    explained_variance   | 0.716       |
|    learning_rate        | 0.00025     |
|    loss                 | 441         |
|    n_updates            | 8770        |
|    policy_gradient_loss | 0.00481     |
|    value_loss           | 1.16e+03    |
-----------------------------------------
Eval num_timesteps=1800000, episode_reward=-415.00 +/- 0.00
Episode length: 2406.00 +/- 0.00
-----------------------------------------
| eval/                   |             |
|    mean_ep_length       | 2.41e+03    |
|    mean_reward          | -415        |
| time/                   |             |
|    total_timesteps      | 1800000     |
| train/                  |             |
|    approx_kl            | 0.025526168 |
|    clip_fraction        | 0.323       |
|    clip_range           | 0.1         |
|    entropy_loss         | -0.553      |
|    explained_variance   | 0.797       |
|    learning_rate        | 0.00025     |
|    loss                 | 398         |
|    n_updates            | 8780        |
|    policy_gradient_loss | 0.00507     |
|    value_loss           | 1e+03       |
-----------------------------------------
---------------------------------
| rollout/           |          |
|    ep_len_mean     | 511      |
|    ep_rew_mean     | 476      |
| time/              |          |
|    fps             | 93       |
|    iterations      | 879      |
|    time_elapsed    | 19271    |
|    total_timesteps | 1800192  |
---------------------------------
-----------------------------------------
| rollout/                |             |
|    ep_len_mean          | 320         |
|    ep_rew_mean          | 579         |
| time/                   |             |
|    fps                  | 93          |
|    iterations           | 880         |
|    time_elapsed         | 19292       |
|    total_timesteps      | 1802240     |
| train/                  |             |
|    approx_kl            | 0.023140844 |
|    clip_fraction        | 0.274       |
|    clip_range           | 0.1         |
|    entropy_loss         | -0.565      |
|    explained_variance   | 0.821       |
|    learning_rate        | 0.00025     |
|    loss                 | 745         |
|    n_updates            | 8790        |
|    policy_gradient_loss | -0.000454   |
|    value_loss           | 1.82e+03    |
-----------------------------------------
-----------------------------------------
| rollout/                |             |
|    ep_len_mean          | 236         |
|    ep_rew_mean          | 634         |
| time/                   |             |
|    fps                  | 93          |
|    iterations           | 881         |
|    time_elapsed         | 19312       |
|    total_timesteps      | 1804288     |
| train/                  |             |
|    approx_kl            | 0.022618234 |
|    clip_fraction        | 0.367       |
|    clip_range           | 0.1         |
|    entropy_loss         | -0.555      |
|    explained_variance   | 0.786       |
|    learning_rate        | 0.00025     |
|    loss                 | 594         |
|    n_updates            | 8800        |
|    policy_gradient_loss | 0.00962     |
|    value_loss           | 1.28e+03    |
-----------------------------------------
-----------------------------------------
| rollout/                |             |
|    ep_len_mean          | 227         |
|    ep_rew_mean          | 676         |
| time/                   |             |
|    fps                  | 93          |
|    iterations           | 882         |
|    time_elapsed         | 19333       |
|    total_timesteps      | 1806336     |
| train/                  |             |
|    approx_kl            | 0.028033417 |
|    clip_fraction        | 0.319       |
|    clip_range           | 0.1         |
|    entropy_loss         | -0.534      |
|    explained_variance   | 0.767       |
|    learning_rate        | 0.00025     |
|    loss                 | 499         |
|    n_updates            | 8810        |
|    policy_gradient_loss | 0.0107      |
|    value_loss           | 1.47e+03    |
-----------------------------------------
----------------------------------------
| rollout/                |            |
|    ep_len_mean          | 219        |
|    ep_rew_mean          | 714        |
| time/                   |            |
|    fps                  | 93         |
|    iterations           | 883        |
|    time_elapsed         | 19353      |
|    total_timesteps      | 1808384    |
| train/                  |            |
|    approx_kl            | 0.01862874 |
|    clip_fraction        | 0.314      |
|    clip_range           | 0.1        |
|    entropy_loss         | -0.514     |
|    explained_variance   | 0.747      |
|    learning_rate        | 0.00025    |
|    loss                 | 941        |
|    n_updates            | 8820       |
|    policy_gradient_loss | 0.0114     |
|    value_loss           | 1.86e+03   |
----------------------------------------
-----------------------------------------
| rollout/                |             |
|    ep_len_mean          | 209         |
|    ep_rew_mean          | 734         |
| time/                   |             |
|    fps                  | 93          |
|    iterations           | 884         |
|    time_elapsed         | 19374       |
|    total_timesteps      | 1810432     |
| train/                  |             |
|    approx_kl            | 0.016296953 |
|    clip_fraction        | 0.355       |
|    clip_range           | 0.1         |
|    entropy_loss         | -0.539      |
|    explained_variance   | 0.794       |
|    learning_rate        | 0.00025     |
|    loss                 | 499         |
|    n_updates            | 8830        |
|    policy_gradient_loss | 0.0124      |
|    value_loss           | 1.52e+03    |
-----------------------------------------
-----------------------------------------
| rollout/                |             |
|    ep_len_mean          | 186         |
|    ep_rew_mean          | 754         |
| time/                   |             |
|    fps                  | 93          |
|    iterations           | 885         |
|    time_elapsed         | 19394       |
|    total_timesteps      | 1812480     |
| train/                  |             |
|    approx_kl            | 0.086825244 |
|    clip_fraction        | 0.401       |
|    clip_range           | 0.1         |
|    entropy_loss         | -0.515      |
|    explained_variance   | 0.677       |
|    learning_rate        | 0.00025     |
|    loss                 | 707         |
|    n_updates            | 8840        |
|    policy_gradient_loss | 0.0066      |
|    value_loss           | 2.05e+03    |
-----------------------------------------
---------------------------------------
| rollout/                |           |
|    ep_len_mean          | 173       |
|    ep_rew_mean          | 762       |
| time/                   |           |
|    fps                  | 93        |
|    iterations           | 886       |
|    time_elapsed         | 19415     |
|    total_timesteps      | 1814528   |
| train/                  |           |
|    approx_kl            | 0.0294767 |
|    clip_fraction        | 0.34      |
|    clip_range           | 0.1       |
|    entropy_loss         | -0.524    |
|    explained_variance   | 0.78      |
|    learning_rate        | 0.00025   |
|    loss                 | 935       |
|    n_updates            | 8850      |
|    policy_gradient_loss | 0.00277   |
|    value_loss           | 2.18e+03  |
---------------------------------------
-----------------------------------------
| rollout/                |             |
|    ep_len_mean          | 167         |
|    ep_rew_mean          | 794         |
| time/                   |             |
|    fps                  | 93          |
|    iterations           | 887         |
|    time_elapsed         | 19436       |
|    total_timesteps      | 1816576     |
| train/                  |             |
|    approx_kl            | 0.028725315 |
|    clip_fraction        | 0.31        |
|    clip_range           | 0.1         |
|    entropy_loss         | -0.496      |
|    explained_variance   | 0.625       |
|    learning_rate        | 0.00025     |
|    loss                 | 1.6e+03     |
|    n_updates            | 8860        |
|    policy_gradient_loss | 0.0126      |
|    value_loss           | 3.2e+03     |
-----------------------------------------
-----------------------------------------
| rollout/                |             |
|    ep_len_mean          | 161         |
|    ep_rew_mean          | 807         |
| time/                   |             |
|    fps                  | 93          |
|    iterations           | 888         |
|    time_elapsed         | 19456       |
|    total_timesteps      | 1818624     |
| train/                  |             |
|    approx_kl            | 0.027844317 |
|    clip_fraction        | 0.324       |
|    clip_range           | 0.1         |
|    entropy_loss         | -0.47       |
|    explained_variance   | 0.685       |
|    learning_rate        | 0.00025     |
|    loss                 | 1.08e+03    |
|    n_updates            | 8870        |
|    policy_gradient_loss | 0.0128      |
|    value_loss           | 2.82e+03    |
-----------------------------------------
-----------------------------------------
| rollout/                |             |
|    ep_len_mean          | 155         |
|    ep_rew_mean          | 776         |
| time/                   |             |
|    fps                  | 93          |
|    iterations           | 889         |
|    time_elapsed         | 19477       |
|    total_timesteps      | 1820672     |
| train/                  |             |
|    approx_kl            | 0.029725358 |
|    clip_fraction        | 0.319       |
|    clip_range           | 0.1         |
|    entropy_loss         | -0.469      |
|    explained_variance   | 0.664       |
|    learning_rate        | 0.00025     |
|    loss                 | 1.24e+03    |
|    n_updates            | 8880        |
|    policy_gradient_loss | 0.0109      |
|    value_loss           | 3.13e+03    |
-----------------------------------------
-----------------------------------------
| rollout/                |             |
|    ep_len_mean          | 160         |
|    ep_rew_mean          | 811         |
| time/                   |             |
|    fps                  | 93          |
|    iterations           | 890         |
|    time_elapsed         | 19498       |
|    total_timesteps      | 1822720     |
| train/                  |             |
|    approx_kl            | 0.027561333 |
|    clip_fraction        | 0.268       |
|    clip_range           | 0.1         |
|    entropy_loss         | -0.434      |
|    explained_variance   | 0.694       |
|    learning_rate        | 0.00025     |
|    loss                 | 1.52e+03    |
|    n_updates            | 8890        |
|    policy_gradient_loss | 0.01        |
|    value_loss           | 3.89e+03    |
-----------------------------------------
-----------------------------------------
| rollout/                |             |
|    ep_len_mean          | 155         |
|    ep_rew_mean          | 788         |
| time/                   |             |
|    fps                  | 93          |
|    iterations           | 891         |
|    time_elapsed         | 19518       |
|    total_timesteps      | 1824768     |
| train/                  |             |
|    approx_kl            | 0.020131152 |
|    clip_fraction        | 0.263       |
|    clip_range           | 0.1         |
|    entropy_loss         | -0.419      |
|    explained_variance   | 0.878       |
|    learning_rate        | 0.00025     |
|    loss                 | 848         |
|    n_updates            | 8900        |
|    policy_gradient_loss | 0.0124      |
|    value_loss           | 2e+03       |
-----------------------------------------
-----------------------------------------
| rollout/                |             |
|    ep_len_mean          | 153         |
|    ep_rew_mean          | 784         |
| time/                   |             |
|    fps                  | 93          |
|    iterations           | 892         |
|    time_elapsed         | 19539       |
|    total_timesteps      | 1826816     |
| train/                  |             |
|    approx_kl            | 0.023863824 |
|    clip_fraction        | 0.299       |
|    clip_range           | 0.1         |
|    entropy_loss         | -0.44       |
|    explained_variance   | 0.739       |
|    learning_rate        | 0.00025     |
|    loss                 | 2.01e+03    |
|    n_updates            | 8910        |
|    policy_gradient_loss | 0.0115      |
|    value_loss           | 3.84e+03    |
-----------------------------------------
-----------------------------------------
| rollout/                |             |
|    ep_len_mean          | 177         |
|    ep_rew_mean          | 780         |
| time/                   |             |
|    fps                  | 93          |
|    iterations           | 893         |
|    time_elapsed         | 19559       |
|    total_timesteps      | 1828864     |
| train/                  |             |
|    approx_kl            | 0.016864693 |
|    clip_fraction        | 0.129       |
|    clip_range           | 0.1         |
|    entropy_loss         | -0.219      |
|    explained_variance   | 0.956       |
|    learning_rate        | 0.00025     |
|    loss                 | 542         |
|    n_updates            | 8920        |
|    policy_gradient_loss | 0.00645     |
|    value_loss           | 1.13e+03    |
-----------------------------------------
-----------------------------------------
| rollout/                |             |
|    ep_len_mean          | 185         |
|    ep_rew_mean          | 804         |
| time/                   |             |
|    fps                  | 93          |
|    iterations           | 894         |
|    time_elapsed         | 19580       |
|    total_timesteps      | 1830912     |
| train/                  |             |
|    approx_kl            | 0.042586766 |
|    clip_fraction        | 0.192       |
|    clip_range           | 0.1         |
|    entropy_loss         | -0.282      |
|    explained_variance   | 0.943       |
|    learning_rate        | 0.00025     |
|    loss                 | 554         |
|    n_updates            | 8930        |
|    policy_gradient_loss | 0.0208      |
|    value_loss           | 1.17e+03    |
-----------------------------------------
----------------------------------------
| rollout/                |            |
|    ep_len_mean          | 196        |
|    ep_rew_mean          | 814        |
| time/                   |            |
|    fps                  | 93         |
|    iterations           | 895        |
|    time_elapsed         | 19600      |
|    total_timesteps      | 1832960    |
| train/                  |            |
|    approx_kl            | 0.04343961 |
|    clip_fraction        | 0.402      |
|    clip_range           | 0.1        |
|    entropy_loss         | -0.464     |
|    explained_variance   | 0.736      |
|    learning_rate        | 0.00025    |
|    loss                 | 1.01e+03   |
|    n_updates            | 8940       |
|    policy_gradient_loss | 0.0118     |
|    value_loss           | 3.29e+03   |
----------------------------------------
-----------------------------------------
| rollout/                |             |
|    ep_len_mean          | 196         |
|    ep_rew_mean          | 814         |
| time/                   |             |
|    fps                  | 93          |
|    iterations           | 896         |
|    time_elapsed         | 19621       |
|    total_timesteps      | 1835008     |
| train/                  |             |
|    approx_kl            | 0.088905096 |
|    clip_fraction        | 0.444       |
|    clip_range           | 0.1         |
|    entropy_loss         | -0.395      |
|    explained_variance   | 0.782       |
|    learning_rate        | 0.00025     |
|    loss                 | 730         |
|    n_updates            | 8950        |
|    policy_gradient_loss | 0.039       |
|    value_loss           | 1.99e+03    |
-----------------------------------------
-----------------------------------------
| rollout/                |             |
|    ep_len_mean          | 221         |
|    ep_rew_mean          | 802         |
| time/                   |             |
|    fps                  | 93          |
|    iterations           | 897         |
|    time_elapsed         | 19642       |
|    total_timesteps      | 1837056     |
| train/                  |             |
|    approx_kl            | 0.012565668 |
|    clip_fraction        | 0.0719      |
|    clip_range           | 0.1         |
|    entropy_loss         | -0.122      |
|    explained_variance   | -0.0754     |
|    learning_rate        | 0.00025     |
|    loss                 | 440         |
|    n_updates            | 8960        |
|    policy_gradient_loss | 0.01        |
|    value_loss           | 1.12e+03    |
-----------------------------------------
-----------------------------------------
| rollout/                |             |
|    ep_len_mean          | 243         |
|    ep_rew_mean          | 800         |
| time/                   |             |
|    fps                  | 93          |
|    iterations           | 898         |
|    time_elapsed         | 19662       |
|    total_timesteps      | 1839104     |
| train/                  |             |
|    approx_kl            | 0.023858408 |
|    clip_fraction        | 0.228       |
|    clip_range           | 0.1         |
|    entropy_loss         | -0.32       |
|    explained_variance   | 0.869       |
|    learning_rate        | 0.00025     |
|    loss                 | 475         |
|    n_updates            | 8970        |
|    policy_gradient_loss | 0.0121      |
|    value_loss           | 1.49e+03    |
-----------------------------------------
-----------------------------------------
| rollout/                |             |
|    ep_len_mean          | 244         |
|    ep_rew_mean          | 768         |
| time/                   |             |
|    fps                  | 93          |
|    iterations           | 899         |
|    time_elapsed         | 19683       |
|    total_timesteps      | 1841152     |
| train/                  |             |
|    approx_kl            | 0.012468695 |
|    clip_fraction        | 0.12        |
|    clip_range           | 0.1         |
|    entropy_loss         | -0.124      |
|    explained_variance   | 0.955       |
|    learning_rate        | 0.00025     |
|    loss                 | 36.7        |
|    n_updates            | 8980        |
|    policy_gradient_loss | 0.0046      |
|    value_loss           | 95.4        |
-----------------------------------------
-----------------------------------------
| rollout/                |             |
|    ep_len_mean          | 243         |
|    ep_rew_mean          | 758         |
| time/                   |             |
|    fps                  | 93          |
|    iterations           | 900         |
|    time_elapsed         | 19703       |
|    total_timesteps      | 1843200     |
| train/                  |             |
|    approx_kl            | 0.029407028 |
|    clip_fraction        | 0.267       |
|    clip_range           | 0.1         |
|    entropy_loss         | -0.345      |
|    explained_variance   | 0.846       |
|    learning_rate        | 0.00025     |
|    loss                 | 743         |
|    n_updates            | 8990        |
|    policy_gradient_loss | 0.0108      |
|    value_loss           | 1.91e+03    |
-----------------------------------------
----------------------------------------
| rollout/                |            |
|    ep_len_mean          | 243        |
|    ep_rew_mean          | 758        |
| time/                   |            |
|    fps                  | 93         |
|    iterations           | 901        |
|    time_elapsed         | 19724      |
|    total_timesteps      | 1845248    |
| train/                  |            |
|    approx_kl            | 0.03762354 |
|    clip_fraction        | 0.222      |
|    clip_range           | 0.1        |
|    entropy_loss         | -0.34      |
|    explained_variance   | 0.8        |
|    learning_rate        | 0.00025    |
|    loss                 | 1.21e+03   |
|    n_updates            | 9000       |
|    policy_gradient_loss | 0.00858    |
|    value_loss           | 2.44e+03   |
----------------------------------------
-----------------------------------------
| rollout/                |             |
|    ep_len_mean          | 262         |
|    ep_rew_mean          | 762         |
| time/                   |             |
|    fps                  | 93          |
|    iterations           | 902         |
|    time_elapsed         | 19745       |
|    total_timesteps      | 1847296     |
| train/                  |             |
|    approx_kl            | 0.044749506 |
|    clip_fraction        | 0.0569      |
|    clip_range           | 0.1         |
|    entropy_loss         | -0.0873     |
|    explained_variance   | 0.866       |
|    learning_rate        | 0.00025     |
|    loss                 | 47.6        |
|    n_updates            | 9010        |
|    policy_gradient_loss | 0.0129      |
|    value_loss           | 219         |
-----------------------------------------
-----------------------------------------
| rollout/                |             |
|    ep_len_mean          | 269         |
|    ep_rew_mean          | 764         |
| time/                   |             |
|    fps                  | 93          |
|    iterations           | 903         |
|    time_elapsed         | 19766       |
|    total_timesteps      | 1849344     |
| train/                  |             |
|    approx_kl            | 0.031747736 |
|    clip_fraction        | 0.173       |
|    clip_range           | 0.1         |
|    entropy_loss         | -0.213      |
|    explained_variance   | 0.812       |
|    learning_rate        | 0.00025     |
|    loss                 | 1.25e+03    |
|    n_updates            | 9020        |
|    policy_gradient_loss | 0.0212      |
|    value_loss           | 2.63e+03    |
-----------------------------------------
-----------------------------------------
| rollout/                |             |
|    ep_len_mean          | 276         |
|    ep_rew_mean          | 837         |
| time/                   |             |
|    fps                  | 93          |
|    iterations           | 904         |
|    time_elapsed         | 19786       |
|    total_timesteps      | 1851392     |
| train/                  |             |
|    approx_kl            | 0.017287146 |
|    clip_fraction        | 0.144       |
|    clip_range           | 0.1         |
|    entropy_loss         | -0.236      |
|    explained_variance   | 0.784       |
|    learning_rate        | 0.00025     |
|    loss                 | 942         |
|    n_updates            | 9030        |
|    policy_gradient_loss | 0.00574     |
|    value_loss           | 1.97e+03    |
-----------------------------------------
-----------------------------------------
| rollout/                |             |
|    ep_len_mean          | 255         |
|    ep_rew_mean          | 881         |
| time/                   |             |
|    fps                  | 93          |
|    iterations           | 905         |
|    time_elapsed         | 19807       |
|    total_timesteps      | 1853440     |
| train/                  |             |
|    approx_kl            | 0.022373855 |
|    clip_fraction        | 0.15        |
|    clip_range           | 0.1         |
|    entropy_loss         | -0.244      |
|    explained_variance   | 0.789       |
|    learning_rate        | 0.00025     |
|    loss                 | 1.07e+03    |
|    n_updates            | 9040        |
|    policy_gradient_loss | 0.0054      |
|    value_loss           | 2.7e+03     |
-----------------------------------------
-----------------------------------------
| rollout/                |             |
|    ep_len_mean          | 260         |
|    ep_rew_mean          | 894         |
| time/                   |             |
|    fps                  | 93          |
|    iterations           | 906         |
|    time_elapsed         | 19827       |
|    total_timesteps      | 1855488     |
| train/                  |             |
|    approx_kl            | 0.011028303 |
|    clip_fraction        | 0.132       |
|    clip_range           | 0.1         |
|    entropy_loss         | -0.25       |
|    explained_variance   | 0.811       |
|    learning_rate        | 0.00025     |
|    loss                 | 1.4e+03     |
|    n_updates            | 9050        |
|    policy_gradient_loss | 0.00294     |
|    value_loss           | 3.27e+03    |
-----------------------------------------
-----------------------------------------
| rollout/                |             |
|    ep_len_mean          | 282         |
|    ep_rew_mean          | 889         |
| time/                   |             |
|    fps                  | 93          |
|    iterations           | 907         |
|    time_elapsed         | 19848       |
|    total_timesteps      | 1857536     |
| train/                  |             |
|    approx_kl            | 0.043290313 |
|    clip_fraction        | 0.245       |
|    clip_range           | 0.1         |
|    entropy_loss         | -0.303      |
|    explained_variance   | 0.904       |
|    learning_rate        | 0.00025     |
|    loss                 | 591         |
|    n_updates            | 9060        |
|    policy_gradient_loss | 0.0121      |
|    value_loss           | 1.19e+03    |
-----------------------------------------
-----------------------------------------
| rollout/                |             |
|    ep_len_mean          | 285         |
|    ep_rew_mean          | 922         |
| time/                   |             |
|    fps                  | 93          |
|    iterations           | 908         |
|    time_elapsed         | 19868       |
|    total_timesteps      | 1859584     |
| train/                  |             |
|    approx_kl            | 0.014300801 |
|    clip_fraction        | 0.374       |
|    clip_range           | 0.1         |
|    entropy_loss         | -0.281      |
|    explained_variance   | 0.953       |
|    learning_rate        | 0.00025     |
|    loss                 | 50.5        |
|    n_updates            | 9070        |
|    policy_gradient_loss | 0.00748     |
|    value_loss           | 455         |
-----------------------------------------
----------------------------------------
| rollout/                |            |
|    ep_len_mean          | 257        |
|    ep_rew_mean          | 987        |
| time/                   |            |
|    fps                  | 93         |
|    iterations           | 909        |
|    time_elapsed         | 19889      |
|    total_timesteps      | 1861632    |
| train/                  |            |
|    approx_kl            | 0.07430275 |
|    clip_fraction        | 0.305      |
|    clip_range           | 0.1        |
|    entropy_loss         | -0.291     |
|    explained_variance   | 0.945      |
|    learning_rate        | 0.00025    |
|    loss                 | 496        |
|    n_updates            | 9080       |
|    policy_gradient_loss | 0.00542    |
|    value_loss           | 1.17e+03   |
----------------------------------------
-----------------------------------------
| rollout/                |             |
|    ep_len_mean          | 239         |
|    ep_rew_mean          | 1.04e+03    |
| time/                   |             |
|    fps                  | 93          |
|    iterations           | 910         |
|    time_elapsed         | 19910       |
|    total_timesteps      | 1863680     |
| train/                  |             |
|    approx_kl            | 0.017385352 |
|    clip_fraction        | 0.134       |
|    clip_range           | 0.1         |
|    entropy_loss         | -0.218      |
|    explained_variance   | 0.915       |
|    learning_rate        | 0.00025     |
|    loss                 | 403         |
|    n_updates            | 9090        |
|    policy_gradient_loss | 0.00898     |
|    value_loss           | 984         |
-----------------------------------------
-----------------------------------------
| rollout/                |             |
|    ep_len_mean          | 241         |
|    ep_rew_mean          | 1.11e+03    |
| time/                   |             |
|    fps                  | 93          |
|    iterations           | 911         |
|    time_elapsed         | 19930       |
|    total_timesteps      | 1865728     |
| train/                  |             |
|    approx_kl            | 0.027044259 |
|    clip_fraction        | 0.185       |
|    clip_range           | 0.1         |
|    entropy_loss         | -0.238      |
|    explained_variance   | 0.966       |
|    learning_rate        | 0.00025     |
|    loss                 | 203         |
|    n_updates            | 9100        |
|    policy_gradient_loss | 0.0146      |
|    value_loss           | 576         |
-----------------------------------------
-----------------------------------------
| rollout/                |             |
|    ep_len_mean          | 244         |
|    ep_rew_mean          | 1.15e+03    |
| time/                   |             |
|    fps                  | 93          |
|    iterations           | 912         |
|    time_elapsed         | 19951       |
|    total_timesteps      | 1867776     |
| train/                  |             |
|    approx_kl            | 0.021716453 |
|    clip_fraction        | 0.174       |
|    clip_range           | 0.1         |
|    entropy_loss         | -0.205      |
|    explained_variance   | 0.816       |
|    learning_rate        | 0.00025     |
|    loss                 | 1.61e+03    |
|    n_updates            | 9110        |
|    policy_gradient_loss | 0.00961     |
|    value_loss           | 2.88e+03    |
-----------------------------------------
------------------------------------------
| rollout/                |              |
|    ep_len_mean          | 230          |
|    ep_rew_mean          | 1.23e+03     |
| time/                   |              |
|    fps                  | 93           |
|    iterations           | 913          |
|    time_elapsed         | 19972        |
|    total_timesteps      | 1869824      |
| train/                  |              |
|    approx_kl            | 0.0149665885 |
|    clip_fraction        | 0.144        |
|    clip_range           | 0.1          |
|    entropy_loss         | -0.189       |
|    explained_variance   | 0.848        |
|    learning_rate        | 0.00025      |
|    loss                 | 1.49e+03     |
|    n_updates            | 9120         |
|    policy_gradient_loss | 0.00583      |
|    value_loss           | 2.8e+03      |
------------------------------------------
-----------------------------------------
| rollout/                |             |
|    ep_len_mean          | 224         |
|    ep_rew_mean          | 1.27e+03    |
| time/                   |             |
|    fps                  | 93          |
|    iterations           | 914         |
|    time_elapsed         | 19992       |
|    total_timesteps      | 1871872     |
| train/                  |             |
|    approx_kl            | 0.018976498 |
|    clip_fraction        | 0.155       |
|    clip_range           | 0.1         |
|    entropy_loss         | -0.195      |
|    explained_variance   | 0.914       |
|    learning_rate        | 0.00025     |
|    loss                 | 466         |
|    n_updates            | 9130        |
|    policy_gradient_loss | 0.00985     |
|    value_loss           | 1.42e+03    |
-----------------------------------------
----------------------------------------
| rollout/                |            |
|    ep_len_mean          | 228        |
|    ep_rew_mean          | 1.29e+03   |
| time/                   |            |
|    fps                  | 93         |
|    iterations           | 915        |
|    time_elapsed         | 20013      |
|    total_timesteps      | 1873920    |
| train/                  |            |
|    approx_kl            | 0.07356452 |
|    clip_fraction        | 0.168      |
|    clip_range           | 0.1        |
|    entropy_loss         | -0.203     |
|    explained_variance   | 0.937      |
|    learning_rate        | 0.00025    |
|    loss                 | 405        |
|    n_updates            | 9140       |
|    policy_gradient_loss | 0.0192     |
|    value_loss           | 971        |
----------------------------------------
-----------------------------------------
| rollout/                |             |
|    ep_len_mean          | 230         |
|    ep_rew_mean          | 1.3e+03     |
| time/                   |             |
|    fps                  | 93          |
|    iterations           | 916         |
|    time_elapsed         | 20034       |
|    total_timesteps      | 1875968     |
| train/                  |             |
|    approx_kl            | 0.024253888 |
|    clip_fraction        | 0.142       |
|    clip_range           | 0.1         |
|    entropy_loss         | -0.181      |
|    explained_variance   | 0.885       |
|    learning_rate        | 0.00025     |
|    loss                 | 1.08e+03    |
|    n_updates            | 9150        |
|    policy_gradient_loss | 0.00593     |
|    value_loss           | 2.01e+03    |
-----------------------------------------
----------------------------------------
| rollout/                |            |
|    ep_len_mean          | 204        |
|    ep_rew_mean          | 1.33e+03   |
| time/                   |            |
|    fps                  | 93         |
|    iterations           | 917        |
|    time_elapsed         | 20054      |
|    total_timesteps      | 1878016    |
| train/                  |            |
|    approx_kl            | 0.02058648 |
|    clip_fraction        | 0.131      |
|    clip_range           | 0.1        |
|    entropy_loss         | -0.179     |
|    explained_variance   | 0.893      |
|    learning_rate        | 0.00025    |
|    loss                 | 792        |
|    n_updates            | 9160       |
|    policy_gradient_loss | 0.00447    |
|    value_loss           | 2.11e+03   |
----------------------------------------
-----------------------------------------
| rollout/                |             |
|    ep_len_mean          | 204         |
|    ep_rew_mean          | 1.33e+03    |
| time/                   |             |
|    fps                  | 93          |
|    iterations           | 918         |
|    time_elapsed         | 20075       |
|    total_timesteps      | 1880064     |
| train/                  |             |
|    approx_kl            | 0.013291506 |
|    clip_fraction        | 0.141       |
|    clip_range           | 0.1         |
|    entropy_loss         | -0.185      |
|    explained_variance   | 0.888       |
|    learning_rate        | 0.00025     |
|    loss                 | 1.15e+03    |
|    n_updates            | 9170        |
|    policy_gradient_loss | 0.00518     |
|    value_loss           | 2.12e+03    |
-----------------------------------------
---------------------------------------
| rollout/                |           |
|    ep_len_mean          | 219       |
|    ep_rew_mean          | 1.33e+03  |
| time/                   |           |
|    fps                  | 93        |
|    iterations           | 919       |
|    time_elapsed         | 20095     |
|    total_timesteps      | 1882112   |
| train/                  |           |
|    approx_kl            | 1.4470559 |
|    clip_fraction        | 0.705     |
|    clip_range           | 0.1       |
|    entropy_loss         | -0.194    |
|    explained_variance   | 0.919     |
|    learning_rate        | 0.00025   |
|    loss                 | 49.5      |
|    n_updates            | 9180      |
|    policy_gradient_loss | 0.228     |
|    value_loss           | 235       |
---------------------------------------
----------------------------------------
| rollout/                |            |
|    ep_len_mean          | 242        |
|    ep_rew_mean          | 1.32e+03   |
| time/                   |            |
|    fps                  | 93         |
|    iterations           | 920        |
|    time_elapsed         | 20116      |
|    total_timesteps      | 1884160    |
| train/                  |            |
|    approx_kl            | 0.02275689 |
|    clip_fraction        | 0.157      |
|    clip_range           | 0.1        |
|    entropy_loss         | -0.17      |
|    explained_variance   | 0.932      |
|    learning_rate        | 0.00025    |
|    loss                 | 810        |
|    n_updates            | 9190       |
|    policy_gradient_loss | 0.0116     |
|    value_loss           | 1.35e+03   |
----------------------------------------
------------------------------------------
| rollout/                |              |
|    ep_len_mean          | 258          |
|    ep_rew_mean          | 1.32e+03     |
| time/                   |              |
|    fps                  | 93           |
|    iterations           | 921          |
|    time_elapsed         | 20137        |
|    total_timesteps      | 1886208      |
| train/                  |              |
|    approx_kl            | 0.0072036074 |
|    clip_fraction        | 0.0744       |
|    clip_range           | 0.1          |
|    entropy_loss         | -0.0967      |
|    explained_variance   | 0.952        |
|    learning_rate        | 0.00025      |
|    loss                 | 88           |
|    n_updates            | 9200         |
|    policy_gradient_loss | 0.00911      |
|    value_loss           | 511          |
------------------------------------------
----------------------------------------
| rollout/                |            |
|    ep_len_mean          | 264        |
|    ep_rew_mean          | 1.31e+03   |
| time/                   |            |
|    fps                  | 93         |
|    iterations           | 922        |
|    time_elapsed         | 20157      |
|    total_timesteps      | 1888256    |
| train/                  |            |
|    approx_kl            | 0.21815968 |
|    clip_fraction        | 0.375      |
|    clip_range           | 0.1        |
|    entropy_loss         | -0.297     |
|    explained_variance   | 0.821      |
|    learning_rate        | 0.00025    |
|    loss                 | 495        |
|    n_updates            | 9210       |
|    policy_gradient_loss | 0.0224     |
|    value_loss           | 997        |
----------------------------------------
----------------------------------------
| rollout/                |            |
|    ep_len_mean          | 261        |
|    ep_rew_mean          | 1.32e+03   |
| time/                   |            |
|    fps                  | 93         |
|    iterations           | 923        |
|    time_elapsed         | 20178      |
|    total_timesteps      | 1890304    |
| train/                  |            |
|    approx_kl            | 0.11531058 |
|    clip_fraction        | 0.298      |
|    clip_range           | 0.1        |
|    entropy_loss         | -0.228     |
|    explained_variance   | 0.928      |
|    learning_rate        | 0.00025    |
|    loss                 | 307        |
|    n_updates            | 9220       |
|    policy_gradient_loss | 0.0207     |
|    value_loss           | 1.1e+03    |
----------------------------------------
-----------------------------------------
| rollout/                |             |
|    ep_len_mean          | 264         |
|    ep_rew_mean          | 1.34e+03    |
| time/                   |             |
|    fps                  | 93          |
|    iterations           | 924         |
|    time_elapsed         | 20199       |
|    total_timesteps      | 1892352     |
| train/                  |             |
|    approx_kl            | 0.008883675 |
|    clip_fraction        | 0.116       |
|    clip_range           | 0.1         |
|    entropy_loss         | -0.185      |
|    explained_variance   | 0.913       |
|    learning_rate        | 0.00025     |
|    loss                 | 1.08e+03    |
|    n_updates            | 9230        |
|    policy_gradient_loss | 0.0064      |
|    value_loss           | 2.09e+03    |
-----------------------------------------
----------------------------------------
| rollout/                |            |
|    ep_len_mean          | 263        |
|    ep_rew_mean          | 1.34e+03   |
| time/                   |            |
|    fps                  | 93         |
|    iterations           | 925        |
|    time_elapsed         | 20219      |
|    total_timesteps      | 1894400    |
| train/                  |            |
|    approx_kl            | 0.27938324 |
|    clip_fraction        | 0.198      |
|    clip_range           | 0.1        |
|    entropy_loss         | -0.184     |
|    explained_variance   | 0.955      |
|    learning_rate        | 0.00025    |
|    loss                 | 388        |
|    n_updates            | 9240       |
|    policy_gradient_loss | 0.0261     |
|    value_loss           | 1.5e+03    |
----------------------------------------
-----------------------------------------
| rollout/                |             |
|    ep_len_mean          | 285         |
|    ep_rew_mean          | 1.33e+03    |
| time/                   |             |
|    fps                  | 93          |
|    iterations           | 926         |
|    time_elapsed         | 20240       |
|    total_timesteps      | 1896448     |
| train/                  |             |
|    approx_kl            | 0.013909091 |
|    clip_fraction        | 0.0182      |
|    clip_range           | 0.1         |
|    entropy_loss         | -0.0159     |
|    explained_variance   | 0.928       |
|    learning_rate        | 0.00025     |
|    loss                 | 145         |
|    n_updates            | 9250        |
|    policy_gradient_loss | -0.0018     |
|    value_loss           | 511         |
-----------------------------------------
----------------------------------------
| rollout/                |            |
|    ep_len_mean          | 308        |
|    ep_rew_mean          | 1.33e+03   |
| time/                   |            |
|    fps                  | 93         |
|    iterations           | 927        |
|    time_elapsed         | 20260      |
|    total_timesteps      | 1898496    |
| train/                  |            |
|    approx_kl            | 0.03949693 |
|    clip_fraction        | 0.0382     |
|    clip_range           | 0.1        |
|    entropy_loss         | -0.0344    |
|    explained_variance   | 0.965      |
|    learning_rate        | 0.00025    |
|    loss                 | 74.3       |
|    n_updates            | 9260       |
|    policy_gradient_loss | -0.00861   |
|    value_loss           | 349        |
----------------------------------------
Eval num_timesteps=1900000, episode_reward=858.00 +/- 0.00
Episode length: 2406.00 +/- 0.00
-----------------------------------------
| eval/                   |             |
|    mean_ep_length       | 2.41e+03    |
|    mean_reward          | 858         |
| time/                   |             |
|    total_timesteps      | 1900000     |
| train/                  |             |
|    approx_kl            | 0.028786715 |
|    clip_fraction        | 0.0455      |
|    clip_range           | 0.1         |
|    entropy_loss         | -0.0634     |
|    explained_variance   | 0.995       |
|    learning_rate        | 0.00025     |
|    loss                 | 76.8        |
|    n_updates            | 9270        |
|    policy_gradient_loss | -0.000102   |
|    value_loss           | 117         |
-----------------------------------------
---------------------------------
| rollout/           |          |
|    ep_len_mean     | 320      |
|    ep_rew_mean     | 1.32e+03 |
| time/              |          |
|    fps             | 93       |
|    iterations      | 928      |
|    time_elapsed    | 20346    |
|    total_timesteps | 1900544  |
---------------------------------
-----------------------------------------
| rollout/                |             |
|    ep_len_mean          | 339         |
|    ep_rew_mean          | 1.32e+03    |
| time/                   |             |
|    fps                  | 93          |
|    iterations           | 929         |
|    time_elapsed         | 20366       |
|    total_timesteps      | 1902592     |
| train/                  |             |
|    approx_kl            | 0.010398396 |
|    clip_fraction        | 0.0398      |
|    clip_range           | 0.1         |
|    entropy_loss         | -0.0942     |
|    explained_variance   | 0.945       |
|    learning_rate        | 0.00025     |
|    loss                 | 469         |
|    n_updates            | 9280        |
|    policy_gradient_loss | -5.08e-05   |
|    value_loss           | 997         |
-----------------------------------------
-----------------------------------------
| rollout/                |             |
|    ep_len_mean          | 360         |
|    ep_rew_mean          | 1.3e+03     |
| time/                   |             |
|    fps                  | 93          |
|    iterations           | 930         |
|    time_elapsed         | 20387       |
|    total_timesteps      | 1904640     |
| train/                  |             |
|    approx_kl            | 0.015913725 |
|    clip_fraction        | 0.124       |
|    clip_range           | 0.1         |
|    entropy_loss         | -0.181      |
|    explained_variance   | 0.983       |
|    learning_rate        | 0.00025     |
|    loss                 | 69.7        |
|    n_updates            | 9290        |
|    policy_gradient_loss | 0.0112      |
|    value_loss           | 254         |
-----------------------------------------
-----------------------------------------
| rollout/                |             |
|    ep_len_mean          | 361         |
|    ep_rew_mean          | 1.32e+03    |
| time/                   |             |
|    fps                  | 93          |
|    iterations           | 931         |
|    time_elapsed         | 20407       |
|    total_timesteps      | 1906688     |
| train/                  |             |
|    approx_kl            | 0.019560825 |
|    clip_fraction        | 0.186       |
|    clip_range           | 0.1         |
|    entropy_loss         | -0.237      |
|    explained_variance   | 0.988       |
|    learning_rate        | 0.00025     |
|    loss                 | 76.2        |
|    n_updates            | 9300        |
|    policy_gradient_loss | 0.00471     |
|    value_loss           | 226         |
-----------------------------------------
------------------------------------------
| rollout/                |              |
|    ep_len_mean          | 362          |
|    ep_rew_mean          | 1.31e+03     |
| time/                   |              |
|    fps                  | 93           |
|    iterations           | 932          |
|    time_elapsed         | 20428        |
|    total_timesteps      | 1908736      |
| train/                  |              |
|    approx_kl            | 0.0050965105 |
|    clip_fraction        | 0.114        |
|    clip_range           | 0.1          |
|    entropy_loss         | -0.156       |
|    explained_variance   | 0.984        |
|    learning_rate        | 0.00025      |
|    loss                 | 146          |
|    n_updates            | 9310         |
|    policy_gradient_loss | 0.00801      |
|    value_loss           | 388          |
------------------------------------------
-----------------------------------------
| rollout/                |             |
|    ep_len_mean          | 363         |
|    ep_rew_mean          | 1.33e+03    |
| time/                   |             |
|    fps                  | 93          |
|    iterations           | 933         |
|    time_elapsed         | 20449       |
|    total_timesteps      | 1910784     |
| train/                  |             |
|    approx_kl            | 0.009740889 |
|    clip_fraction        | 0.126       |
|    clip_range           | 0.1         |
|    entropy_loss         | -0.146      |
|    explained_variance   | 0.973       |
|    learning_rate        | 0.00025     |
|    loss                 | 440         |
|    n_updates            | 9320        |
|    policy_gradient_loss | 0.00768     |
|    value_loss           | 898         |
-----------------------------------------
-----------------------------------------
| rollout/                |             |
|    ep_len_mean          | 361         |
|    ep_rew_mean          | 1.32e+03    |
| time/                   |             |
|    fps                  | 93          |
|    iterations           | 934         |
|    time_elapsed         | 20469       |
|    total_timesteps      | 1912832     |
| train/                  |             |
|    approx_kl            | 0.012890538 |
|    clip_fraction        | 0.12        |
|    clip_range           | 0.1         |
|    entropy_loss         | -0.161      |
|    explained_variance   | 0.988       |
|    learning_rate        | 0.00025     |
|    loss                 | 139         |
|    n_updates            | 9330        |
|    policy_gradient_loss | 0.00841     |
|    value_loss           | 266         |
-----------------------------------------
-----------------------------------------
| rollout/                |             |
|    ep_len_mean          | 342         |
|    ep_rew_mean          | 1.32e+03    |
| time/                   |             |
|    fps                  | 93          |
|    iterations           | 935         |
|    time_elapsed         | 20490       |
|    total_timesteps      | 1914880     |
| train/                  |             |
|    approx_kl            | 0.011461018 |
|    clip_fraction        | 0.121       |
|    clip_range           | 0.1         |
|    entropy_loss         | -0.167      |
|    explained_variance   | 0.96        |
|    learning_rate        | 0.00025     |
|    loss                 | 472         |
|    n_updates            | 9340        |
|    policy_gradient_loss | 0.000681    |
|    value_loss           | 973         |
-----------------------------------------
-----------------------------------------
| rollout/                |             |
|    ep_len_mean          | 296         |
|    ep_rew_mean          | 1.35e+03    |
| time/                   |             |
|    fps                  | 93          |
|    iterations           | 936         |
|    time_elapsed         | 20511       |
|    total_timesteps      | 1916928     |
| train/                  |             |
|    approx_kl            | 0.027700048 |
|    clip_fraction        | 0.159       |
|    clip_range           | 0.1         |
|    entropy_loss         | -0.189      |
|    explained_variance   | 0.992       |
|    learning_rate        | 0.00025     |
|    loss                 | 54.3        |
|    n_updates            | 9350        |
|    policy_gradient_loss | 0.00651     |
|    value_loss           | 167         |
-----------------------------------------
-----------------------------------------
| rollout/                |             |
|    ep_len_mean          | 295         |
|    ep_rew_mean          | 1.35e+03    |
| time/                   |             |
|    fps                  | 93          |
|    iterations           | 937         |
|    time_elapsed         | 20531       |
|    total_timesteps      | 1918976     |
| train/                  |             |
|    approx_kl            | 0.020253818 |
|    clip_fraction        | 0.131       |
|    clip_range           | 0.1         |
|    entropy_loss         | -0.171      |
|    explained_variance   | 0.989       |
|    learning_rate        | 0.00025     |
|    loss                 | 86.4        |
|    n_updates            | 9360        |
|    policy_gradient_loss | 0.00628     |
|    value_loss           | 257         |
-----------------------------------------
-----------------------------------------
| rollout/                |             |
|    ep_len_mean          | 296         |
|    ep_rew_mean          | 1.36e+03    |
| time/                   |             |
|    fps                  | 93          |
|    iterations           | 938         |
|    time_elapsed         | 20552       |
|    total_timesteps      | 1921024     |
| train/                  |             |
|    approx_kl            | 0.016541978 |
|    clip_fraction        | 0.166       |
|    clip_range           | 0.1         |
|    entropy_loss         | -0.174      |
|    explained_variance   | 0.951       |
|    learning_rate        | 0.00025     |
|    loss                 | 773         |
|    n_updates            | 9370        |
|    policy_gradient_loss | 0.00465     |
|    value_loss           | 1.22e+03    |
-----------------------------------------
----------------------------------------
| rollout/                |            |
|    ep_len_mean          | 276        |
|    ep_rew_mean          | 1.39e+03   |
| time/                   |            |
|    fps                  | 93         |
|    iterations           | 939        |
|    time_elapsed         | 20573      |
|    total_timesteps      | 1923072    |
| train/                  |            |
|    approx_kl            | 0.01952912 |
|    clip_fraction        | 0.133      |
|    clip_range           | 0.1        |
|    entropy_loss         | -0.169     |
|    explained_variance   | 0.982      |
|    learning_rate        | 0.00025    |
|    loss                 | 129        |
|    n_updates            | 9380       |
|    policy_gradient_loss | 0.00489    |
|    value_loss           | 360        |
----------------------------------------
-----------------------------------------
| rollout/                |             |
|    ep_len_mean          | 220         |
|    ep_rew_mean          | 1.43e+03    |
| time/                   |             |
|    fps                  | 93          |
|    iterations           | 940         |
|    time_elapsed         | 20593       |
|    total_timesteps      | 1925120     |
| train/                  |             |
|    approx_kl            | 0.014759984 |
|    clip_fraction        | 0.119       |
|    clip_range           | 0.1         |
|    entropy_loss         | -0.153      |
|    explained_variance   | 0.991       |
|    learning_rate        | 0.00025     |
|    loss                 | 89.5        |
|    n_updates            | 9390        |
|    policy_gradient_loss | 0.00687     |
|    value_loss           | 224         |
-----------------------------------------
-----------------------------------------
| rollout/                |             |
|    ep_len_mean          | 212         |
|    ep_rew_mean          | 1.44e+03    |
| time/                   |             |
|    fps                  | 93          |
|    iterations           | 941         |
|    time_elapsed         | 20614       |
|    total_timesteps      | 1927168     |
| train/                  |             |
|    approx_kl            | 0.055277295 |
|    clip_fraction        | 0.151       |
|    clip_range           | 0.1         |
|    entropy_loss         | -0.158      |
|    explained_variance   | 0.962       |
|    learning_rate        | 0.00025     |
|    loss                 | 702         |
|    n_updates            | 9400        |
|    policy_gradient_loss | 0.0015      |
|    value_loss           | 1.09e+03    |
-----------------------------------------
-----------------------------------------
| rollout/                |             |
|    ep_len_mean          | 213         |
|    ep_rew_mean          | 1.45e+03    |
| time/                   |             |
|    fps                  | 93          |
|    iterations           | 942         |
|    time_elapsed         | 20635       |
|    total_timesteps      | 1929216     |
| train/                  |             |
|    approx_kl            | 0.027908515 |
|    clip_fraction        | 0.146       |
|    clip_range           | 0.1         |
|    entropy_loss         | -0.162      |
|    explained_variance   | 0.98        |
|    learning_rate        | 0.00025     |
|    loss                 | 172         |
|    n_updates            | 9410        |
|    policy_gradient_loss | 0.00946     |
|    value_loss           | 395         |
-----------------------------------------
-----------------------------------------
| rollout/                |             |
|    ep_len_mean          | 213         |
|    ep_rew_mean          | 1.45e+03    |
| time/                   |             |
|    fps                  | 93          |
|    iterations           | 943         |
|    time_elapsed         | 20655       |
|    total_timesteps      | 1931264     |
| train/                  |             |
|    approx_kl            | 0.016176632 |
|    clip_fraction        | 0.117       |
|    clip_range           | 0.1         |
|    entropy_loss         | -0.152      |
|    explained_variance   | 0.994       |
|    learning_rate        | 0.00025     |
|    loss                 | 62.9        |
|    n_updates            | 9420        |
|    policy_gradient_loss | 0.00256     |
|    value_loss           | 162         |
-----------------------------------------
-----------------------------------------
| rollout/                |             |
|    ep_len_mean          | 235         |
|    ep_rew_mean          | 1.46e+03    |
| time/                   |             |
|    fps                  | 93          |
|    iterations           | 944         |
|    time_elapsed         | 20676       |
|    total_timesteps      | 1933312     |
| train/                  |             |
|    approx_kl            | 0.023482915 |
|    clip_fraction        | 0.029       |
|    clip_range           | 0.1         |
|    entropy_loss         | -0.0452     |
|    explained_variance   | 0.996       |
|    learning_rate        | 0.00025     |
|    loss                 | 13.9        |
|    n_updates            | 9430        |
|    policy_gradient_loss | 0.00283     |
|    value_loss           | 45.8        |
-----------------------------------------
-----------------------------------------
| rollout/                |             |
|    ep_len_mean          | 236         |
|    ep_rew_mean          | 1.45e+03    |
| time/                   |             |
|    fps                  | 93          |
|    iterations           | 945         |
|    time_elapsed         | 20696       |
|    total_timesteps      | 1935360     |
| train/                  |             |
|    approx_kl            | 0.024986364 |
|    clip_fraction        | 0.135       |
|    clip_range           | 0.1         |
|    entropy_loss         | -0.145      |
|    explained_variance   | 0.988       |
|    learning_rate        | 0.00025     |
|    loss                 | 84.2        |
|    n_updates            | 9440        |
|    policy_gradient_loss | 0.00823     |
|    value_loss           | 358         |
-----------------------------------------
-----------------------------------------
| rollout/                |             |
|    ep_len_mean          | 236         |
|    ep_rew_mean          | 1.45e+03    |
| time/                   |             |
|    fps                  | 93          |
|    iterations           | 946         |
|    time_elapsed         | 20717       |
|    total_timesteps      | 1937408     |
| train/                  |             |
|    approx_kl            | 0.018707674 |
|    clip_fraction        | 0.0991      |
|    clip_range           | 0.1         |
|    entropy_loss         | -0.144      |
|    explained_variance   | 0.96        |
|    learning_rate        | 0.00025     |
|    loss                 | 741         |
|    n_updates            | 9450        |
|    policy_gradient_loss | 0.00108     |
|    value_loss           | 1.74e+03    |
-----------------------------------------
---------------------------------------
| rollout/                |           |
|    ep_len_mean          | 256       |
|    ep_rew_mean          | 1.42e+03  |
| time/                   |           |
|    fps                  | 93        |
|    iterations           | 947       |
|    time_elapsed         | 20737     |
|    total_timesteps      | 1939456   |
| train/                  |           |
|    approx_kl            | 0.7520344 |
|    clip_fraction        | 0.0801    |
|    clip_range           | 0.1       |
|    entropy_loss         | -0.0319   |
|    explained_variance   | 0.969     |
|    learning_rate        | 0.00025   |
|    loss                 | 64.4      |
|    n_updates            | 9460      |
|    policy_gradient_loss | 0.0359    |
|    value_loss           | 178       |
---------------------------------------
-----------------------------------------
| rollout/                |             |
|    ep_len_mean          | 276         |
|    ep_rew_mean          | 1.4e+03     |
| time/                   |             |
|    fps                  | 93          |
|    iterations           | 948         |
|    time_elapsed         | 20758       |
|    total_timesteps      | 1941504     |
| train/                  |             |
|    approx_kl            | 0.017506093 |
|    clip_fraction        | 0.0606      |
|    clip_range           | 0.1         |
|    entropy_loss         | -0.0931     |
|    explained_variance   | 0.948       |
|    learning_rate        | 0.00025     |
|    loss                 | 264         |
|    n_updates            | 9470        |
|    policy_gradient_loss | 0.00133     |
|    value_loss           | 1.03e+03    |
-----------------------------------------
------------------------------------------
| rollout/                |              |
|    ep_len_mean          | 273          |
|    ep_rew_mean          | 1.38e+03     |
| time/                   |              |
|    fps                  | 93           |
|    iterations           | 949          |
|    time_elapsed         | 20779        |
|    total_timesteps      | 1943552      |
| train/                  |              |
|    approx_kl            | 0.0106514525 |
|    clip_fraction        | 0.0569       |
|    clip_range           | 0.1          |
|    entropy_loss         | -0.0704      |
|    explained_variance   | 0.949        |
|    learning_rate        | 0.00025      |
|    loss                 | 140          |
|    n_updates            | 9480         |
|    policy_gradient_loss | 0.00436      |
|    value_loss           | 551          |
------------------------------------------
------------------------------------------
| rollout/                |              |
|    ep_len_mean          | 296          |
|    ep_rew_mean          | 1.36e+03     |
| time/                   |              |
|    fps                  | 93           |
|    iterations           | 950          |
|    time_elapsed         | 20800        |
|    total_timesteps      | 1945600      |
| train/                  |              |
|    approx_kl            | 0.0056700283 |
|    clip_fraction        | 0.0404       |
|    clip_range           | 0.1          |
|    entropy_loss         | -0.0761      |
|    explained_variance   | 0.935        |
|    learning_rate        | 0.00025      |
|    loss                 | 230          |
|    n_updates            | 9490         |
|    policy_gradient_loss | 0.0044       |
|    value_loss           | 899          |
------------------------------------------
------------------------------------------
| rollout/                |              |
|    ep_len_mean          | 318          |
|    ep_rew_mean          | 1.35e+03     |
| time/                   |              |
|    fps                  | 93           |
|    iterations           | 951          |
|    time_elapsed         | 20820        |
|    total_timesteps      | 1947648      |
| train/                  |              |
|    approx_kl            | 0.0043405485 |
|    clip_fraction        | 0.048        |
|    clip_range           | 0.1          |
|    entropy_loss         | -0.0744      |
|    explained_variance   | 0.96         |
|    learning_rate        | 0.00025      |
|    loss                 | 292          |
|    n_updates            | 9500         |
|    policy_gradient_loss | 0.00217      |
|    value_loss           | 827          |
------------------------------------------
------------------------------------------
| rollout/                |              |
|    ep_len_mean          | 317          |
|    ep_rew_mean          | 1.32e+03     |
| time/                   |              |
|    fps                  | 93           |
|    iterations           | 952          |
|    time_elapsed         | 20841        |
|    total_timesteps      | 1949696      |
| train/                  |              |
|    approx_kl            | 0.0049091266 |
|    clip_fraction        | 0.0287       |
|    clip_range           | 0.1          |
|    entropy_loss         | -0.0264      |
|    explained_variance   | 0.993        |
|    learning_rate        | 0.00025      |
|    loss                 | 19.5         |
|    n_updates            | 9510         |
|    policy_gradient_loss | 0.00427      |
|    value_loss           | 79.3         |
------------------------------------------
-----------------------------------------
| rollout/                |             |
|    ep_len_mean          | 316         |
|    ep_rew_mean          | 1.27e+03    |
| time/                   |             |
|    fps                  | 93          |
|    iterations           | 953         |
|    time_elapsed         | 20862       |
|    total_timesteps      | 1951744     |
| train/                  |             |
|    approx_kl            | 0.020898547 |
|    clip_fraction        | 0.0957      |
|    clip_range           | 0.1         |
|    entropy_loss         | -0.137      |
|    explained_variance   | 0.929       |
|    learning_rate        | 0.00025     |
|    loss                 | 308         |
|    n_updates            | 9520        |
|    policy_gradient_loss | 0.00752     |
|    value_loss           | 1.02e+03    |
-----------------------------------------
-----------------------------------------
| rollout/                |             |
|    ep_len_mean          | 312         |
|    ep_rew_mean          | 1.22e+03    |
| time/                   |             |
|    fps                  | 93          |
|    iterations           | 954         |
|    time_elapsed         | 20883       |
|    total_timesteps      | 1953792     |
| train/                  |             |
|    approx_kl            | 0.025916638 |
|    clip_fraction        | 0.083       |
|    clip_range           | 0.1         |
|    entropy_loss         | -0.114      |
|    explained_variance   | 0.925       |
|    learning_rate        | 0.00025     |
|    loss                 | 613         |
|    n_updates            | 9530        |
|    policy_gradient_loss | 0.00375     |
|    value_loss           | 1.55e+03    |
-----------------------------------------
------------------------------------------
| rollout/                |              |
|    ep_len_mean          | 312          |
|    ep_rew_mean          | 1.22e+03     |
| time/                   |              |
|    fps                  | 93           |
|    iterations           | 955          |
|    time_elapsed         | 20903        |
|    total_timesteps      | 1955840      |
| train/                  |              |
|    approx_kl            | 0.0062972195 |
|    clip_fraction        | 0.0844       |
|    clip_range           | 0.1          |
|    entropy_loss         | -0.134       |
|    explained_variance   | 0.937        |
|    learning_rate        | 0.00025      |
|    loss                 | 790          |
|    n_updates            | 9540         |
|    policy_gradient_loss | 0.0015       |
|    value_loss           | 1.57e+03     |
------------------------------------------
----------------------------------------
| rollout/                |            |
|    ep_len_mean          | 338        |
|    ep_rew_mean          | 1.2e+03    |
| time/                   |            |
|    fps                  | 93         |
|    iterations           | 956        |
|    time_elapsed         | 20923      |
|    total_timesteps      | 1957888    |
| train/                  |            |
|    approx_kl            | 0.02217836 |
|    clip_fraction        | 0.00973    |
|    clip_range           | 0.1        |
|    entropy_loss         | -0.0103    |
|    explained_variance   | 0.964      |
|    learning_rate        | 0.00025    |
|    loss                 | 7.77       |
|    n_updates            | 9550       |
|    policy_gradient_loss | -0.00112   |
|    value_loss           | 38.9       |
----------------------------------------
-----------------------------------------
| rollout/                |             |
|    ep_len_mean          | 334         |
|    ep_rew_mean          | 1.16e+03    |
| time/                   |             |
|    fps                  | 93          |
|    iterations           | 957         |
|    time_elapsed         | 20944       |
|    total_timesteps      | 1959936     |
| train/                  |             |
|    approx_kl            | 0.055717327 |
|    clip_fraction        | 0.16        |
|    clip_range           | 0.1         |
|    entropy_loss         | -0.138      |
|    explained_variance   | 0.899       |
|    learning_rate        | 0.00025     |
|    loss                 | 401         |
|    n_updates            | 9560        |
|    policy_gradient_loss | -0.000401   |
|    value_loss           | 1.12e+03    |
-----------------------------------------
-----------------------------------------
| rollout/                |             |
|    ep_len_mean          | 354         |
|    ep_rew_mean          | 1.13e+03    |
| time/                   |             |
|    fps                  | 93          |
|    iterations           | 958         |
|    time_elapsed         | 20965       |
|    total_timesteps      | 1961984     |
| train/                  |             |
|    approx_kl            | 0.028552879 |
|    clip_fraction        | 0.316       |
|    clip_range           | 0.1         |
|    entropy_loss         | -0.298      |
|    explained_variance   | 0.939       |
|    learning_rate        | 0.00025     |
|    loss                 | 338         |
|    n_updates            | 9570        |
|    policy_gradient_loss | 0.0333      |
|    value_loss           | 838         |
-----------------------------------------
-----------------------------------------
| rollout/                |             |
|    ep_len_mean          | 374         |
|    ep_rew_mean          | 1.11e+03    |
| time/                   |             |
|    fps                  | 93          |
|    iterations           | 959         |
|    time_elapsed         | 20986       |
|    total_timesteps      | 1964032     |
| train/                  |             |
|    approx_kl            | 0.017965766 |
|    clip_fraction        | 0.317       |
|    clip_range           | 0.1         |
|    entropy_loss         | -0.305      |
|    explained_variance   | 0.959       |
|    learning_rate        | 0.00025     |
|    loss                 | 341         |
|    n_updates            | 9580        |
|    policy_gradient_loss | 0.016       |
|    value_loss           | 1.03e+03    |
-----------------------------------------
---------------------------------------
| rollout/                |           |
|    ep_len_mean          | 386       |
|    ep_rew_mean          | 1.07e+03  |
| time/                   |           |
|    fps                  | 93        |
|    iterations           | 960       |
|    time_elapsed         | 21007     |
|    total_timesteps      | 1966080   |
| train/                  |           |
|    approx_kl            | 2.2150178 |
|    clip_fraction        | 0.828     |
|    clip_range           | 0.1       |
|    entropy_loss         | -0.112    |
|    explained_variance   | 0.982     |
|    learning_rate        | 0.00025   |
|    loss                 | 11.9      |
|    n_updates            | 9590      |
|    policy_gradient_loss | 0.216     |
|    value_loss           | 90.3      |
---------------------------------------
----------------------------------------
| rollout/                |            |
|    ep_len_mean          | 386        |
|    ep_rew_mean          | 1.07e+03   |
| time/                   |            |
|    fps                  | 93         |
|    iterations           | 961        |
|    time_elapsed         | 21028      |
|    total_timesteps      | 1968128    |
| train/                  |            |
|    approx_kl            | 0.14331967 |
|    clip_fraction        | 0.0714     |
|    clip_range           | 0.1        |
|    entropy_loss         | -0.0578    |
|    explained_variance   | 0.955      |
|    learning_rate        | 0.00025    |
|    loss                 | 52.5       |
|    n_updates            | 9600       |
|    policy_gradient_loss | 0.0163     |
|    value_loss           | 218        |
----------------------------------------
------------------------------------------
| rollout/                |              |
|    ep_len_mean          | 408          |
|    ep_rew_mean          | 1e+03        |
| time/                   |              |
|    fps                  | 93           |
|    iterations           | 962          |
|    time_elapsed         | 21048        |
|    total_timesteps      | 1970176      |
| train/                  |              |
|    approx_kl            | 0.0063888896 |
|    clip_fraction        | 0.0224       |
|    clip_range           | 0.1          |
|    entropy_loss         | -0.0175      |
|    explained_variance   | -1.66        |
|    learning_rate        | 0.00025      |
|    loss                 | 9.57         |
|    n_updates            | 9610         |
|    policy_gradient_loss | 0.0164       |
|    value_loss           | 94.7         |
------------------------------------------
----------------------------------------
| rollout/                |            |
|    ep_len_mean          | 389        |
|    ep_rew_mean          | 940        |
| time/                   |            |
|    fps                  | 93         |
|    iterations           | 963        |
|    time_elapsed         | 21069      |
|    total_timesteps      | 1972224    |
| train/                  |            |
|    approx_kl            | 0.03786427 |
|    clip_fraction        | 0.122      |
|    clip_range           | 0.1        |
|    entropy_loss         | -0.0954    |
|    explained_variance   | 0.635      |
|    learning_rate        | 0.00025    |
|    loss                 | 159        |
|    n_updates            | 9620       |
|    policy_gradient_loss | 0.0205     |
|    value_loss           | 1.4e+03    |
----------------------------------------
------------------------------------------
| rollout/                |              |
|    ep_len_mean          | 389          |
|    ep_rew_mean          | 882          |
| time/                   |              |
|    fps                  | 93           |
|    iterations           | 964          |
|    time_elapsed         | 21089        |
|    total_timesteps      | 1974272      |
| train/                  |              |
|    approx_kl            | 0.0051950933 |
|    clip_fraction        | 0.0824       |
|    clip_range           | 0.1          |
|    entropy_loss         | -0.117       |
|    explained_variance   | 0.776        |
|    learning_rate        | 0.00025      |
|    loss                 | 357          |
|    n_updates            | 9630         |
|    policy_gradient_loss | 0.00113      |
|    value_loss           | 1.22e+03     |
------------------------------------------
------------------------------------------
| rollout/                |              |
|    ep_len_mean          | 346          |
|    ep_rew_mean          | 868          |
| time/                   |              |
|    fps                  | 93           |
|    iterations           | 965          |
|    time_elapsed         | 21110        |
|    total_timesteps      | 1976320      |
| train/                  |              |
|    approx_kl            | 0.0057119895 |
|    clip_fraction        | 0.0562       |
|    clip_range           | 0.1          |
|    entropy_loss         | -0.101       |
|    explained_variance   | 0.883        |
|    learning_rate        | 0.00025      |
|    loss                 | 420          |
|    n_updates            | 9640         |
|    policy_gradient_loss | 0.00423      |
|    value_loss           | 921          |
------------------------------------------
-----------------------------------------
| rollout/                |             |
|    ep_len_mean          | 346         |
|    ep_rew_mean          | 868         |
| time/                   |             |
|    fps                  | 93          |
|    iterations           | 966         |
|    time_elapsed         | 21131       |
|    total_timesteps      | 1978368     |
| train/                  |             |
|    approx_kl            | 0.030481407 |
|    clip_fraction        | 0.0734      |
|    clip_range           | 0.1         |
|    entropy_loss         | -0.0932     |
|    explained_variance   | 0.934       |
|    learning_rate        | 0.00025     |
|    loss                 | 334         |
|    n_updates            | 9650        |
|    policy_gradient_loss | 0.00493     |
|    value_loss           | 942         |
-----------------------------------------
-------------------------------------------
| rollout/                |               |
|    ep_len_mean          | 348           |
|    ep_rew_mean          | 864           |
| time/                   |               |
|    fps                  | 93            |
|    iterations           | 967           |
|    time_elapsed         | 21151         |
|    total_timesteps      | 1980416       |
| train/                  |               |
|    approx_kl            | 4.0947405e-09 |
|    clip_fraction        | 0             |
|    clip_range           | 0.1           |
|    entropy_loss         | -0.00349      |
|    explained_variance   | -1.14         |
|    learning_rate        | 0.00025       |
|    loss                 | 50.1          |
|    n_updates            | 9660          |
|    policy_gradient_loss | 5.92e-05      |
|    value_loss           | 39            |
-------------------------------------------
----------------------------------------
| rollout/                |            |
|    ep_len_mean          | 348        |
|    ep_rew_mean          | 853        |
| time/                   |            |
|    fps                  | 93         |
|    iterations           | 968        |
|    time_elapsed         | 21172      |
|    total_timesteps      | 1982464    |
| train/                  |            |
|    approx_kl            | 0.19759107 |
|    clip_fraction        | 0.109      |
|    clip_range           | 0.1        |
|    entropy_loss         | -0.0872    |
|    explained_variance   | 0.964      |
|    learning_rate        | 0.00025    |
|    loss                 | 156        |
|    n_updates            | 9670       |
|    policy_gradient_loss | 0.00697    |
|    value_loss           | 378        |
----------------------------------------
------------------------------------------
| rollout/                |              |
|    ep_len_mean          | 346          |
|    ep_rew_mean          | 806          |
| time/                   |              |
|    fps                  | 93           |
|    iterations           | 969          |
|    time_elapsed         | 21193        |
|    total_timesteps      | 1984512      |
| train/                  |              |
|    approx_kl            | 0.0004270592 |
|    clip_fraction        | 0.0112       |
|    clip_range           | 0.1          |
|    entropy_loss         | -0.0202      |
|    explained_variance   | 0.936        |
|    learning_rate        | 0.00025      |
|    loss                 | 122          |
|    n_updates            | 9680         |
|    policy_gradient_loss | 0.000644     |
|    value_loss           | 311          |
------------------------------------------
-----------------------------------------
| rollout/                |             |
|    ep_len_mean          | 346         |
|    ep_rew_mean          | 791         |
| time/                   |             |
|    fps                  | 93          |
|    iterations           | 970         |
|    time_elapsed         | 21213       |
|    total_timesteps      | 1986560     |
| train/                  |             |
|    approx_kl            | 0.033455607 |
|    clip_fraction        | 0.0953      |
|    clip_range           | 0.1         |
|    entropy_loss         | -0.103      |
|    explained_variance   | 0.975       |
|    learning_rate        | 0.00025     |
|    loss                 | 289         |
|    n_updates            | 9690        |
|    policy_gradient_loss | -0.002      |
|    value_loss           | 492         |
-----------------------------------------
------------------------------------------
| rollout/                |              |
|    ep_len_mean          | 326          |
|    ep_rew_mean          | 763          |
| time/                   |              |
|    fps                  | 93           |
|    iterations           | 971          |
|    time_elapsed         | 21234        |
|    total_timesteps      | 1988608      |
| train/                  |              |
|    approx_kl            | 0.0118304845 |
|    clip_fraction        | 0.0859       |
|    clip_range           | 0.1          |
|    entropy_loss         | -0.103       |
|    explained_variance   | 0.991        |
|    learning_rate        | 0.00025      |
|    loss                 | 59.9         |
|    n_updates            | 9700         |
|    policy_gradient_loss | 0.0029       |
|    value_loss           | 170          |
------------------------------------------
-----------------------------------------
| rollout/                |             |
|    ep_len_mean          | 315         |
|    ep_rew_mean          | 758         |
| time/                   |             |
|    fps                  | 93          |
|    iterations           | 972         |
|    time_elapsed         | 21255       |
|    total_timesteps      | 1990656     |
| train/                  |             |
|    approx_kl            | 0.012628961 |
|    clip_fraction        | 0.118       |
|    clip_range           | 0.1         |
|    entropy_loss         | -0.115      |
|    explained_variance   | 0.996       |
|    learning_rate        | 0.00025     |
|    loss                 | 40.6        |
|    n_updates            | 9710        |
|    policy_gradient_loss | 0.000359    |
|    value_loss           | 88.6        |
-----------------------------------------
----------------------------------------
| rollout/                |            |
|    ep_len_mean          | 318        |
|    ep_rew_mean          | 764        |
| time/                   |            |
|    fps                  | 93         |
|    iterations           | 973        |
|    time_elapsed         | 21275      |
|    total_timesteps      | 1992704    |
| train/                  |            |
|    approx_kl            | 0.01890678 |
|    clip_fraction        | 0.0782     |
|    clip_range           | 0.1        |
|    entropy_loss         | -0.0783    |
|    explained_variance   | 0.993      |
|    learning_rate        | 0.00025    |
|    loss                 | 33.8       |
|    n_updates            | 9720       |
|    policy_gradient_loss | 0.000874   |
|    value_loss           | 138        |
----------------------------------------
-----------------------------------------
| rollout/                |             |
|    ep_len_mean          | 256         |
|    ep_rew_mean          | 763         |
| time/                   |             |
|    fps                  | 93          |
|    iterations           | 974         |
|    time_elapsed         | 21296       |
|    total_timesteps      | 1994752     |
| train/                  |             |
|    approx_kl            | 0.017086558 |
|    clip_fraction        | 0.0343      |
|    clip_range           | 0.1         |
|    entropy_loss         | -0.0326     |
|    explained_variance   | 0.998       |
|    learning_rate        | 0.00025     |
|    loss                 | 11.5        |
|    n_updates            | 9730        |
|    policy_gradient_loss | 0.00125     |
|    value_loss           | 34.6        |
-----------------------------------------
-----------------------------------------
| rollout/                |             |
|    ep_len_mean          | 250         |
|    ep_rew_mean          | 768         |
| time/                   |             |
|    fps                  | 93          |
|    iterations           | 975         |
|    time_elapsed         | 21317       |
|    total_timesteps      | 1996800     |
| train/                  |             |
|    approx_kl            | 0.053491738 |
|    clip_fraction        | 0.121       |
|    clip_range           | 0.1         |
|    entropy_loss         | -0.152      |
|    explained_variance   | 0.973       |
|    learning_rate        | 0.00025     |
|    loss                 | 192         |
|    n_updates            | 9740        |
|    policy_gradient_loss | 0.000126    |
|    value_loss           | 542         |
-----------------------------------------
-----------------------------------------
| rollout/                |             |
|    ep_len_mean          | 271         |
|    ep_rew_mean          | 763         |
| time/                   |             |
|    fps                  | 93          |
|    iterations           | 976         |
|    time_elapsed         | 21337       |
|    total_timesteps      | 1998848     |
| train/                  |             |
|    approx_kl            | 0.006413241 |
|    clip_fraction        | 0.0874      |
|    clip_range           | 0.1         |
|    entropy_loss         | -0.113      |
|    explained_variance   | 0.985       |
|    learning_rate        | 0.00025     |
|    loss                 | 178         |
|    n_updates            | 9750        |
|    policy_gradient_loss | 0.00464     |
|    value_loss           | 344         |
-----------------------------------------
Eval num_timesteps=2000000, episode_reward=812.00 +/- 0.00
Episode length: 188.00 +/- 0.00
-------------------------------------------
| eval/                   |               |
|    mean_ep_length       | 188           |
|    mean_reward          | 812           |
| time/                   |               |
|    total_timesteps      | 2000000       |
| train/                  |               |
|    approx_kl            | 8.2591704e-08 |
|    clip_fraction        | 0             |
|    clip_range           | 0.1           |
|    entropy_loss         | -5.89e-05     |
|    explained_variance   | 0.999         |
|    learning_rate        | 0.00025       |
|    loss                 | 37.4          |
|    n_updates            | 9760          |
|    policy_gradient_loss | -1.88e-05     |
|    value_loss           | 15.7          |
-------------------------------------------
---------------------------------
| rollout/           |          |
|    ep_len_mean     | 262      |
|    ep_rew_mean     | 749      |
| time/              |          |
|    fps             | 93       |
|    iterations      | 977      |
|    time_elapsed    | 21363    |
|    total_timesteps | 2000896  |
---------------------------------
 100% ━━━━━━━━━━━━━━━━━━━━━ 2,000,896/2,000,000  [ 5:55:55 < 0:00:00 , 82 it/s ]

[PPO/CnnPolicy] Final Eval on SuperMarioBros-1-1-v3: mean=814.00 ± 0.00
Saved last model to: /homes/sohawan2/reinforcement-learning-thesis/code_practice/runs/SuperMarioBros_1_1_v3/PPO/20250928-153310/models/last_ppo.zip
===== Training End =====

