learning_rate,n_steps,batch_size,n_epochs,gamma,clip_range,gae_lambda,ent_coef,vf_coef,max_grad_norm,target_kl,policy_kwargs
3e-4,128,32,10,0.99,0.2,0.90,0.0,0.5,0.5,0.02,"dict(net_arch=[64,64])"
3e-4,128,32,10,0.99,0.2,0.90,0.0,0.5,0.5,0.02,"dict(net_arch=[128,128])"
3e-4,128,32,10,0.99,0.2,0.90,0.01,0.5,0.5,0.02,"dict(net_arch=[64,64])"
3e-4,128,32,10,0.99,0.2,0.90,0.01,0.5,0.5,0.02,"dict(net_arch=[128,128])"
3e-4,128,32,10,0.99,0.2,0.90,0.02,0.5,0.5,0.02,"dict(net_arch=[64,64])"
3e-4,128,32,10,0.99,0.2,0.90,0.02,0.5,0.5,0.02,"dict(net_arch=[128,128])"
3e-4,128,32,10,0.99,0.2,0.95,0.0,0.5,0.5,0.02,"dict(net_arch=[64,64])"
3e-4,128,32,10,0.99,0.2,0.95,0.0,0.5,0.5,0.02,"dict(net_arch=[128,128])"
3e-4,128,32,10,0.99,0.2,0.95,0.01,0.5,0.5,0.02,"dict(net_arch=[64,64])"
3e-4,128,32,10,0.99,0.2,0.95,0.01,0.5,0.5,0.02,"dict(net_arch=[128,128])"
3e-4,128,32,10,0.99,0.2,0.95,0.02,0.5,0.5,0.02,"dict(net_arch=[64,64])"
3e-4,128,32,10,0.99,0.2,0.95,0.02,0.5,0.5,0.02,"dict(net_arch=[128,128])"
3e-4,128,32,10,0.99,0.3,0.90,0.0,0.5,0.5,0.02,"dict(net_arch=[64,64])"
3e-4,128,32,10,0.99,0.3,0.90,0.0,0.5,0.5,0.02,"dict(net_arch=[128,128])"
3e-4,128,32,10,0.99,0.3,0.90,0.01,0.5,0.5,0.02,"dict(net_arch=[64,64])"
3e-4,128,32,10,0.99,0.3,0.90,0.01,0.5,0.5,0.02,"dict(net_arch=[128,128])"
3e-4,128,32,10,0.99,0.3,0.90,0.02,0.5,0.5,0.02,"dict(net_arch=[64,64])"
3e-4,128,32,10,0.99,0.3,0.90,0.02,0.5,0.5,0.02,"dict(net_arch=[128,128])"
3e-4,128,32,10,0.99,0.3,0.95,0.0,0.5,0.5,0.02,"dict(net_arch=[64,64])"
3e-4,128,32,10,0.99,0.3,0.95,0.0,0.5,0.5,0.02,"dict(net_arch=[128,128])"
3e-4,128,32,10,0.99,0.3,0.95,0.01,0.5,0.5,0.02,"dict(net_arch=[64,64])"
3e-4,128,32,10,0.99,0.3,0.95,0.01,0.5,0.5,0.02,"dict(net_arch=[128,128])"
3e-4,128,32,10,0.99,0.3,0.95,0.02,0.5,0.5,0.02,"dict(net_arch=[64,64])"
3e-4,128,32,10,0.99,0.3,0.95,0.02,0.5,0.5,0.02,"dict(net_arch=[128,128])"
3e-4,128,32,10,0.995,0.2,0.90,0.0,0.5,0.5,0.02,"dict(net_arch=[64,64])"
3e-4,128,32,10,0.995,0.2,0.90,0.0,0.5,0.5,0.02,"dict(net_arch=[128,128])"
3e-4,128,32,10,0.995,0.2,0.90,0.01,0.5,0.5,0.02,"dict(net_arch=[64,64])"
3e-4,128,32,10,0.995,0.2,0.90,0.01,0.5,0.5,0.02,"dict(net_arch=[128,128])"
3e-4,128,32,10,0.995,0.2,0.90,0.02,0.5,0.5,0.02,"dict(net_arch=[64,64])"
3e-4,128,32,10,0.995,0.2,0.90,0.02,0.5,0.5,0.02,"dict(net_arch=[128,128])"
3e-4,128,32,10,0.995,0.2,0.95,0.0,0.5,0.5,0.02,"dict(net_arch=[64,64])"
3e-4,128,32,10,0.995,0.2,0.95,0.0,0.5,0.5,0.02,"dict(net_arch=[128,128])"
3e-4,128,32,10,0.995,0.2,0.95,0.01,0.5,0.5,0.02,"dict(net_arch=[64,64])"
3e-4,128,32,10,0.995,0.2,0.95,0.01,0.5,0.5,0.02,"dict(net_arch=[128,128])"
3e-4,128,32,10,0.995,0.2,0.95,0.02,0.5,0.5,0.02,"dict(net_arch=[64,64])"
3e-4,128,32,10,0.995,0.2,0.95,0.02,0.5,0.5,0.02,"dict(net_arch=[128,128])"
3e-4,128,32,10,0.995,0.3,0.90,0.0,0.5,0.5,0.02,"dict(net_arch=[64,64])"
3e-4,128,32,10,0.995,0.3,0.90,0.0,0.5,0.5,0.02,"dict(net_arch=[128,128])"
3e-4,128,32,10,0.995,0.3,0.90,0.01,0.5,0.5,0.02,"dict(net_arch=[64,64])"
3e-4,128,32,10,0.995,0.3,0.90,0.01,0.5,0.5,0.02,"dict(net_arch=[128,128])"
3e-4,128,32,10,0.995,0.3,0.90,0.02,0.5,0.5,0.02,"dict(net_arch=[64,64])"
3e-4,128,32,10,0.995,0.3,0.90,0.02,0.5,0.5,0.02,"dict(net_arch=[128,128])"
3e-4,128,32,10,0.995,0.3,0.95,0.0,0.5,0.5,0.02,"dict(net_arch=[64,64])"
3e-4,128,32,10,0.995,0.3,0.95,0.0,0.5,0.5,0.02,"dict(net_arch=[128,128])"
3e-4,128,32,10,0.995,0.3,0.95,0.01,0.5,0.5,0.02,"dict(net_arch=[64,64])"
3e-4,128,32,10,0.995,0.3,0.95,0.01,0.5,0.5,0.02,"dict(net_arch=[128,128])"
3e-4,128,32,10,0.995,0.3,0.95,0.02,0.5,0.5,0.02,"dict(net_arch=[64,64])"
3e-4,128,32,10,0.995,0.3,0.95,0.02,0.5,0.5,0.02,"dict(net_arch=[128,128])"
3e-4,128,32,20,0.99,0.2,0.90,0.0,0.5,0.5,0.02,"dict(net_arch=[64,64])"
3e-4,128,32,20,0.99,0.2,0.90,0.0,0.5,0.5,0.02,"dict(net_arch=[128,128])"
3e-4,128,32,20,0.99,0.2,0.90,0.01,0.5,0.5,0.02,"dict(net_arch=[64,64])"
3e-4,128,32,20,0.99,0.2,0.90,0.01,0.5,0.5,0.02,"dict(net_arch=[128,128])"
3e-4,128,32,20,0.99,0.2,0.90,0.02,0.5,0.5,0.02,"dict(net_arch=[64,64])"
3e-4,128,32,20,0.99,0.2,0.90,0.02,0.5,0.5,0.02,"dict(net_arch=[128,128])"
3e-4,128,32,20,0.99,0.2,0.95,0.0,0.5,0.5,0.02,"dict(net_arch=[64,64])"
3e-4,128,32,20,0.99,0.2,0.95,0.0,0.5,0.5,0.02,"dict(net_arch=[128,128])"
3e-4,128,32,20,0.99,0.2,0.95,0.01,0.5,0.5,0.02,"dict(net_arch=[64,64])"
3e-4,128,32,20,0.99,0.2,0.95,0.01,0.5,0.5,0.02,"dict(net_arch=[128,128])"
3e-4,128,32,20,0.99,0.2,0.95,0.02,0.5,0.5,0.02,"dict(net_arch=[64,64])"
3e-4,128,32,20,0.99,0.2,0.95,0.02,0.5,0.5,0.02,"dict(net_arch=[128,128])"
3e-4,128,32,20,0.99,0.3,0.90,0.0,0.5,0.5,0.02,"dict(net_arch=[64,64])"
3e-4,128,32,20,0.99,0.3,0.90,0.0,0.5,0.5,0.02,"dict(net_arch=[128,128])"
3e-4,128,32,20,0.99,0.3,0.90,0.01,0.5,0.5,0.02,"dict(net_arch=[64,64])"
3e-4,128,32,20,0.99,0.3,0.90,0.01,0.5,0.5,0.02,"dict(net_arch=[128,128])"
3e-4,128,32,20,0.99,0.3,0.90,0.02,0.5,0.5,0.02,"dict(net_arch=[64,64])"
3e-4,128,32,20,0.99,0.3,0.90,0.02,0.5,0.5,0.02,"dict(net_arch=[128,128])"
3e-4,128,32,20,0.99,0.3,0.95,0.0,0.5,0.5,0.02,"dict(net_arch=[64,64])"
3e-4,128,32,20,0.99,0.3,0.95,0.0,0.5,0.5,0.02,"dict(net_arch=[128,128])"
3e-4,128,32,20,0.99,0.3,0.95,0.01,0.5,0.5,0.02,"dict(net_arch=[64,64])"
3e-4,128,32,20,0.99,0.3,0.95,0.01,0.5,0.5,0.02,"dict(net_arch=[128,128])"
3e-4,128,32,20,0.99,0.3,0.95,0.02,0.5,0.5,0.02,"dict(net_arch=[64,64])"
3e-4,128,32,20,0.99,0.3,0.95,0.02,0.5,0.5,0.02,"dict(net_arch=[128,128])"
3e-4,128,32,20,0.995,0.2,0.90,0.0,0.5,0.5,0.02,"dict(net_arch=[64,64])"
3e-4,128,32,20,0.995,0.2,0.90,0.0,0.5,0.5,0.02,"dict(net_arch=[128,128])"
3e-4,128,32,20,0.995,0.2,0.90,0.01,0.5,0.5,0.02,"dict(net_arch=[64,64])"
3e-4,128,32,20,0.995,0.2,0.90,0.01,0.5,0.5,0.02,"dict(net_arch=[128,128])"
3e-4,128,32,20,0.995,0.2,0.90,0.02,0.5,0.5,0.02,"dict(net_arch=[64,64])"
3e-4,128,32,20,0.995,0.2,0.90,0.02,0.5,0.5,0.02,"dict(net_arch=[128,128])"
3e-4,128,32,20,0.995,0.2,0.95,0.0,0.5,0.5,0.02,"dict(net_arch=[64,64])"
3e-4,128,32,20,0.995,0.2,0.95,0.0,0.5,0.5,0.02,"dict(net_arch=[128,128])"
3e-4,128,32,20,0.995,0.2,0.95,0.01,0.5,0.5,0.02,"dict(net_arch=[64,64])"
3e-4,128,32,20,0.995,0.2,0.95,0.01,0.5,0.5,0.02,"dict(net_arch=[128,128])"
3e-4,128,32,20,0.995,0.2,0.95,0.02,0.5,0.5,0.02,"dict(net_arch=[64,64])"
3e-4,128,32,20,0.995,0.2,0.95,0.02,0.5,0.5,0.02,"dict(net_arch=[128,128])"
3e-4,128,32,20,0.995,0.3,0.90,0.0,0.5,0.5,0.02,"dict(net_arch=[64,64])"
3e-4,128,32,20,0.995,0.3,0.90,0.0,0.5,0.5,0.02,"dict(net_arch=[128,128])"
3e-4,128,32,20,0.995,0.3,0.90,0.01,0.5,0.5,0.02,"dict(net_arch=[64,64])"
3e-4,128,32,20,0.995,0.3,0.90,0.01,0.5,0.5,0.02,"dict(net_arch=[128,128])"
3e-4,128,32,20,0.995,0.3,0.90,0.02,0.5,0.5,0.02,"dict(net_arch=[64,64])"
3e-4,128,32,20,0.995,0.3,0.90,0.02,0.5,0.5,0.02,"dict(net_arch=[128,128])"
3e-4,128,32,20,0.995,0.3,0.95,0.0,0.5,0.5,0.02,"dict(net_arch=[64,64])"
3e-4,128,32,20,0.995,0.3,0.95,0.0,0.5,0.5,0.02,"dict(net_arch=[128,128])"
3e-4,128,32,20,0.995,0.3,0.95,0.01,0.5,0.5,0.02,"dict(net_arch=[64,64])"
3e-4,128,32,20,0.995,0.3,0.95,0.01,0.5,0.5,0.02,"dict(net_arch=[128,128])"
3e-4,128,32,20,0.995,0.3,0.95,0.02,0.5,0.5,0.02,"dict(net_arch=[64,64])"
3e-4,128,32,20,0.995,0.3,0.95,0.02,0.5,0.5,0.02,"dict(net_arch=[128,128])"
3e-4,128,64,10,0.99,0.2,0.90,0.0,0.5,0.5,0.02,"dict(net_arch=[64,64])"
3e-4,128,64,10,0.99,0.2,0.90,0.0,0.5,0.5,0.02,"dict(net_arch=[128,128])"
3e-4,128,64,10,0.99,0.2,0.90,0.01,0.5,0.5,0.02,"dict(net_arch=[64,64])"
3e-4,128,64,10,0.99,0.2,0.90,0.01,0.5,0.5,0.02,"dict(net_arch=[128,128])"
3e-4,128,64,10,0.99,0.2,0.90,0.02,0.5,0.5,0.02,"dict(net_arch=[64,64])"
3e-4,128,64,10,0.99,0.2,0.90,0.02,0.5,0.5,0.02,"dict(net_arch=[128,128])"
3e-4,128,64,10,0.99,0.2,0.95,0.0,0.5,0.5,0.02,"dict(net_arch=[64,64])"
3e-4,128,64,10,0.99,0.2,0.95,0.0,0.5,0.5,0.02,"dict(net_arch=[128,128])"
3e-4,128,64,10,0.99,0.2,0.95,0.01,0.5,0.5,0.02,"dict(net_arch=[64,64])"
3e-4,128,64,10,0.99,0.2,0.95,0.01,0.5,0.5,0.02,"dict(net_arch=[128,128])"
3e-4,128,64,10,0.99,0.2,0.95,0.02,0.5,0.5,0.02,"dict(net_arch=[64,64])"
3e-4,128,64,10,0.99,0.2,0.95,0.02,0.5,0.5,0.02,"dict(net_arch=[128,128])"
3e-4,128,64,10,0.99,0.3,0.90,0.0,0.5,0.5,0.02,"dict(net_arch=[64,64])"
3e-4,128,64,10,0.99,0.3,0.90,0.0,0.5,0.5,0.02,"dict(net_arch=[128,128])"
3e-4,128,64,10,0.99,0.3,0.90,0.01,0.5,0.5,0.02,"dict(net_arch=[64,64])"
3e-4,128,64,10,0.99,0.3,0.90,0.01,0.5,0.5,0.02,"dict(net_arch=[128,128])"
3e-4,128,64,10,0.99,0.3,0.90,0.02,0.5,0.5,0.02,"dict(net_arch=[64,64])"
3e-4,128,64,10,0.99,0.3,0.90,0.02,0.5,0.5,0.02,"dict(net_arch=[128,128])"
3e-4,128,64,10,0.99,0.3,0.95,0.0,0.5,0.5,0.02,"dict(net_arch=[64,64])"
3e-4,128,64,10,0.99,0.3,0.95,0.0,0.5,0.5,0.02,"dict(net_arch=[128,128])"
3e-4,128,64,10,0.99,0.3,0.95,0.01,0.5,0.5,0.02,"dict(net_arch=[64,64])"
3e-4,128,64,10,0.99,0.3,0.95,0.01,0.5,0.5,0.02,"dict(net_arch=[128,128])"
3e-4,128,64,10,0.99,0.3,0.95,0.02,0.5,0.5,0.02,"dict(net_arch=[64,64])"
3e-4,128,64,10,0.99,0.3,0.95,0.02,0.5,0.5,0.02,"dict(net_arch=[128,128])"
3e-4,128,64,10,0.995,0.2,0.90,0.0,0.5,0.5,0.02,"dict(net_arch=[64,64])"
3e-4,128,64,10,0.995,0.2,0.90,0.0,0.5,0.5,0.02,"dict(net_arch=[128,128])"
3e-4,128,64,10,0.995,0.2,0.90,0.01,0.5,0.5,0.02,"dict(net_arch=[64,64])"
3e-4,128,64,10,0.995,0.2,0.90,0.01,0.5,0.5,0.02,"dict(net_arch=[128,128])"
3e-4,128,64,10,0.995,0.2,0.90,0.02,0.5,0.5,0.02,"dict(net_arch=[64,64])"
3e-4,128,64,10,0.995,0.2,0.90,0.02,0.5,0.5,0.02,"dict(net_arch=[128,128])"
3e-4,128,64,10,0.995,0.2,0.95,0.0,0.5,0.5,0.02,"dict(net_arch=[64,64])"
3e-4,128,64,10,0.995,0.2,0.95,0.0,0.5,0.5,0.02,"dict(net_arch=[128,128])"
3e-4,128,64,10,0.995,0.2,0.95,0.01,0.5,0.5,0.02,"dict(net_arch=[64,64])"
3e-4,128,64,10,0.995,0.2,0.95,0.01,0.5,0.5,0.02,"dict(net_arch=[128,128])"
3e-4,128,64,10,0.995,0.2,0.95,0.02,0.5,0.5,0.02,"dict(net_arch=[64,64])"
3e-4,128,64,10,0.995,0.2,0.95,0.02,0.5,0.5,0.02,"dict(net_arch=[128,128])"
3e-4,128,64,10,0.995,0.3,0.90,0.0,0.5,0.5,0.02,"dict(net_arch=[64,64])"
3e-4,128,64,10,0.995,0.3,0.90,0.0,0.5,0.5,0.02,"dict(net_arch=[128,128])"
3e-4,128,64,10,0.995,0.3,0.90,0.01,0.5,0.5,0.02,"dict(net_arch=[64,64])"
3e-4,128,64,10,0.995,0.3,0.90,0.01,0.5,0.5,0.02,"dict(net_arch=[128,128])"
3e-4,128,64,10,0.995,0.3,0.90,0.02,0.5,0.5,0.02,"dict(net_arch=[64,64])"
3e-4,128,64,10,0.995,0.3,0.90,0.02,0.5,0.5,0.02,"dict(net_arch=[128,128])"
3e-4,128,64,10,0.995,0.3,0.95,0.0,0.5,0.5,0.02,"dict(net_arch=[64,64])"
3e-4,128,64,10,0.995,0.3,0.95,0.0,0.5,0.5,0.02,"dict(net_arch=[128,128])"
3e-4,128,64,10,0.995,0.3,0.95,0.01,0.5,0.5,0.02,"dict(net_arch=[64,64])"
3e-4,128,64,10,0.995,0.3,0.95,0.01,0.5,0.5,0.02,"dict(net_arch=[128,128])"
3e-4,128,64,10,0.995,0.3,0.95,0.02,0.5,0.5,0.02,"dict(net_arch=[64,64])"
3e-4,128,64,10,0.995,0.3,0.95,0.02,0.5,0.5,0.02,"dict(net_arch=[128,128])"
3e-4,128,64,20,0.99,0.2,0.90,0.0,0.5,0.5,0.02,"dict(net_arch=[64,64])"
3e-4,128,64,20,0.99,0.2,0.90,0.0,0.5,0.5,0.02,"dict(net_arch=[128,128])"
3e-4,128,64,20,0.99,0.2,0.90,0.01,0.5,0.5,0.02,"dict(net_arch=[64,64])"
3e-4,128,64,20,0.99,0.2,0.90,0.01,0.5,0.5,0.02,"dict(net_arch=[128,128])"
3e-4,128,64,20,0.99,0.2,0.90,0.02,0.5,0.5,0.02,"dict(net_arch=[64,64])"
3e-4,128,64,20,0.99,0.2,0.90,0.02,0.5,0.5,0.02,"dict(net_arch=[128,128])"
3e-4,128,64,20,0.99,0.2,0.95,0.0,0.5,0.5,0.02,"dict(net_arch=[64,64])"
3e-4,128,64,20,0.99,0.2,0.95,0.0,0.5,0.5,0.02,"dict(net_arch=[128,128])"
3e-4,128,64,20,0.99,0.2,0.95,0.01,0.5,0.5,0.02,"dict(net_arch=[64,64])"
3e-4,128,64,20,0.99,0.2,0.95,0.01,0.5,0.5,0.02,"dict(net_arch=[128,128])"
3e-4,128,64,20,0.99,0.2,0.95,0.02,0.5,0.5,0.02,"dict(net_arch=[64,64])"
3e-4,128,64,20,0.99,0.2,0.95,0.02,0.5,0.5,0.02,"dict(net_arch=[128,128])"
3e-4,128,64,20,0.99,0.3,0.90,0.0,0.5,0.5,0.02,"dict(net_arch=[64,64])"
3e-4,128,64,20,0.99,0.3,0.90,0.0,0.5,0.5,0.02,"dict(net_arch=[128,128])"
3e-4,128,64,20,0.99,0.3,0.90,0.01,0.5,0.5,0.02,"dict(net_arch=[64,64])"
3e-4,128,64,20,0.99,0.3,0.90,0.01,0.5,0.5,0.02,"dict(net_arch=[128,128])"
3e-4,128,64,20,0.99,0.3,0.90,0.02,0.5,0.5,0.02,"dict(net_arch=[64,64])"
3e-4,128,64,20,0.99,0.3,0.90,0.02,0.5,0.5,0.02,"dict(net_arch=[128,128])"
3e-4,128,64,20,0.99,0.3,0.95,0.0,0.5,0.5,0.02,"dict(net_arch=[64,64])"
3e-4,128,64,20,0.99,0.3,0.95,0.0,0.5,0.5,0.02,"dict(net_arch=[128,128])"
3e-4,128,64,20,0.99,0.3,0.95,0.01,0.5,0.5,0.02,"dict(net_arch=[64,64])"
3e-4,128,64,20,0.99,0.3,0.95,0.01,0.5,0.5,0.02,"dict(net_arch=[128,128])"
3e-4,128,64,20,0.99,0.3,0.95,0.02,0.5,0.5,0.02,"dict(net_arch=[64,64])"
3e-4,128,64,20,0.99,0.3,0.95,0.02,0.5,0.5,0.02,"dict(net_arch=[128,128])"
3e-4,128,64,20,0.995,0.2,0.90,0.0,0.5,0.5,0.02,"dict(net_arch=[64,64])"
3e-4,128,64,20,0.995,0.2,0.90,0.0,0.5,0.5,0.02,"dict(net_arch=[128,128])"
3e-4,128,64,20,0.995,0.2,0.90,0.01,0.5,0.5,0.02,"dict(net_arch=[64,64])"
3e-4,128,64,20,0.995,0.2,0.90,0.01,0.5,0.5,0.02,"dict(net_arch=[128,128])"
3e-4,128,64,20,0.995,0.2,0.90,0.02,0.5,0.5,0.02,"dict(net_arch=[64,64])"
3e-4,128,64,20,0.995,0.2,0.90,0.02,0.5,0.5,0.02,"dict(net_arch=[128,128])"
3e-4,128,64,20,0.995,0.2,0.95,0.0,0.5,0.5,0.02,"dict(net_arch=[64,64])"
3e-4,128,64,20,0.995,0.2,0.95,0.0,0.5,0.5,0.02,"dict(net_arch=[128,128])"
3e-4,128,64,20,0.995,0.2,0.95,0.01,0.5,0.5,0.02,"dict(net_arch=[64,64])"
3e-4,128,64,20,0.995,0.2,0.95,0.01,0.5,0.5,0.02,"dict(net_arch=[128,128])"
3e-4,128,64,20,0.995,0.2,0.95,0.02,0.5,0.5,0.02,"dict(net_arch=[64,64])"
3e-4,128,64,20,0.995,0.2,0.95,0.02,0.5,0.5,0.02,"dict(net_arch=[128,128])"
3e-4,128,64,20,0.995,0.3,0.90,0.0,0.5,0.5,0.02,"dict(net_arch=[64,64])"
3e-4,128,64,20,0.995,0.3,0.90,0.0,0.5,0.5,0.02,"dict(net_arch=[128,128])"
3e-4,128,64,20,0.995,0.3,0.90,0.01,0.5,0.5,0.02,"dict(net_arch=[64,64])"
3e-4,128,64,20,0.995,0.3,0.90,0.01,0.5,0.5,0.02,"dict(net_arch=[128,128])"
3e-4,128,64,20,0.995,0.3,0.90,0.02,0.5,0.5,0.02,"dict(net_arch=[64,64])"
3e-4,128,64,20,0.995,0.3,0.90,0.02,0.5,0.5,0.02,"dict(net_arch=[128,128])"
3e-4,128,64,20,0.995,0.3,0.95,0.0,0.5,0.5,0.02,"dict(net_arch=[64,64])"
3e-4,128,64,20,0.995,0.3,0.95,0.0,0.5,0.5,0.02,"dict(net_arch=[128,128])"
3e-4,128,64,20,0.995,0.3,0.95,0.01,0.5,0.5,0.02,"dict(net_arch=[64,64])"
3e-4,128,64,20,0.995,0.3,0.95,0.01,0.5,0.5,0.02,"dict(net_arch=[128,128])"
3e-4,128,64,20,0.995,0.3,0.95,0.02,0.5,0.5,0.02,"dict(net_arch=[64,64])"
3e-4,128,64,20,0.995,0.3,0.95,0.02,0.5,0.5,0.02,"dict(net_arch=[128,128])"
3e-4,256,32,10,0.99,0.2,0.90,0.0,0.5,0.5,0.02,"dict(net_arch=[64,64])"
3e-4,256,32,10,0.99,0.2,0.90,0.0,0.5,0.5,0.02,"dict(net_arch=[128,128])"
3e-4,256,32,10,0.99,0.2,0.90,0.01,0.5,0.5,0.02,"dict(net_arch=[64,64])"
3e-4,256,32,10,0.99,0.2,0.90,0.01,0.5,0.5,0.02,"dict(net_arch=[128,128])"
3e-4,256,32,10,0.99,0.2,0.90,0.02,0.5,0.5,0.02,"dict(net_arch=[64,64])"
3e-4,256,32,10,0.99,0.2,0.90,0.02,0.5,0.5,0.02,"dict(net_arch=[128,128])"
3e-4,256,32,10,0.99,0.2,0.95,0.0,0.5,0.5,0.02,"dict(net_arch=[64,64])"
3e-4,256,32,10,0.99,0.2,0.95,0.0,0.5,0.5,0.02,"dict(net_arch=[128,128])"
3e-4,256,32,10,0.99,0.2,0.95,0.01,0.5,0.5,0.02,"dict(net_arch=[64,64])"
3e-4,256,32,10,0.99,0.2,0.95,0.01,0.5,0.5,0.02,"dict(net_arch=[128,128])"
3e-4,256,32,10,0.99,0.2,0.95,0.02,0.5,0.5,0.02,"dict(net_arch=[64,64])"
3e-4,256,32,10,0.99,0.2,0.95,0.02,0.5,0.5,0.02,"dict(net_arch=[128,128])"
3e-4,256,32,10,0.99,0.3,0.90,0.0,0.5,0.5,0.02,"dict(net_arch=[64,64])"
3e-4,256,32,10,0.99,0.3,0.90,0.0,0.5,0.5,0.02,"dict(net_arch=[128,128])"
3e-4,256,32,10,0.99,0.3,0.90,0.01,0.5,0.5,0.02,"dict(net_arch=[64,64])"
3e-4,256,32,10,0.99,0.3,0.90,0.01,0.5,0.5,0.02,"dict(net_arch=[128,128])"
3e-4,256,32,10,0.99,0.3,0.90,0.02,0.5,0.5,0.02,"dict(net_arch=[64,64])"
3e-4,256,32,10,0.99,0.3,0.90,0.02,0.5,0.5,0.02,"dict(net_arch=[128,128])"
3e-4,256,32,10,0.99,0.3,0.95,0.0,0.5,0.5,0.02,"dict(net_arch=[64,64])"
3e-4,256,32,10,0.99,0.3,0.95,0.0,0.5,0.5,0.02,"dict(net_arch=[128,128])"
3e-4,256,32,10,0.99,0.3,0.95,0.01,0.5,0.5,0.02,"dict(net_arch=[64,64])"
3e-4,256,32,10,0.99,0.3,0.95,0.01,0.5,0.5,0.02,"dict(net_arch=[128,128])"
3e-4,256,32,10,0.99,0.3,0.95,0.02,0.5,0.5,0.02,"dict(net_arch=[64,64])"
3e-4,256,32,10,0.99,0.3,0.95,0.02,0.5,0.5,0.02,"dict(net_arch=[128,128])"
3e-4,256,32,10,0.995,0.2,0.90,0.0,0.5,0.5,0.02,"dict(net_arch=[64,64])"
3e-4,256,32,10,0.995,0.2,0.90,0.0,0.5,0.5,0.02,"dict(net_arch=[128,128])"
3e-4,256,32,10,0.995,0.2,0.90,0.01,0.5,0.5,0.02,"dict(net_arch=[64,64])"
3e-4,256,32,10,0.995,0.2,0.90,0.01,0.5,0.5,0.02,"dict(net_arch=[128,128])"
3e-4,256,32,10,0.995,0.2,0.90,0.02,0.5,0.5,0.02,"dict(net_arch=[64,64])"
3e-4,256,32,10,0.995,0.2,0.90,0.02,0.5,0.5,0.02,"dict(net_arch=[128,128])"
3e-4,256,32,10,0.995,0.2,0.95,0.0,0.5,0.5,0.02,"dict(net_arch=[64,64])"
3e-4,256,32,10,0.995,0.2,0.95,0.0,0.5,0.5,0.02,"dict(net_arch=[128,128])"
3e-4,256,32,10,0.995,0.2,0.95,0.01,0.5,0.5,0.02,"dict(net_arch=[64,64])"
3e-4,256,32,10,0.995,0.2,0.95,0.01,0.5,0.5,0.02,"dict(net_arch=[128,128])"
3e-4,256,32,10,0.995,0.2,0.95,0.02,0.5,0.5,0.02,"dict(net_arch=[64,64])"
3e-4,256,32,10,0.995,0.2,0.95,0.02,0.5,0.5,0.02,"dict(net_arch=[128,128])"
3e-4,256,32,10,0.995,0.3,0.90,0.0,0.5,0.5,0.02,"dict(net_arch=[64,64])"
3e-4,256,32,10,0.995,0.3,0.90,0.0,0.5,0.5,0.02,"dict(net_arch=[128,128])"
3e-4,256,32,10,0.995,0.3,0.90,0.01,0.5,0.5,0.02,"dict(net_arch=[64,64])"
3e-4,256,32,10,0.995,0.3,0.90,0.01,0.5,0.5,0.02,"dict(net_arch=[128,128])"
3e-4,256,32,10,0.995,0.3,0.90,0.02,0.5,0.5,0.02,"dict(net_arch=[64,64])"
3e-4,256,32,10,0.995,0.3,0.90,0.02,0.5,0.5,0.02,"dict(net_arch=[128,128])"
3e-4,256,32,10,0.995,0.3,0.95,0.0,0.5,0.5,0.02,"dict(net_arch=[64,64])"
3e-4,256,32,10,0.995,0.3,0.95,0.0,0.5,0.5,0.02,"dict(net_arch=[128,128])"
3e-4,256,32,10,0.995,0.3,0.95,0.01,0.5,0.5,0.02,"dict(net_arch=[64,64])"
3e-4,256,32,10,0.995,0.3,0.95,0.01,0.5,0.5,0.02,"dict(net_arch=[128,128])"
3e-4,256,32,10,0.995,0.3,0.95,0.02,0.5,0.5,0.02,"dict(net_arch=[64,64])"
3e-4,256,32,10,0.995,0.3,0.95,0.02,0.5,0.5,0.02,"dict(net_arch=[128,128])"
3e-4,256,32,20,0.99,0.2,0.90,0.0,0.5,0.5,0.02,"dict(net_arch=[64,64])"
3e-4,256,32,20,0.99,0.2,0.90,0.0,0.5,0.5,0.02,"dict(net_arch=[128,128])"
3e-4,256,32,20,0.99,0.2,0.90,0.01,0.5,0.5,0.02,"dict(net_arch=[64,64])"
3e-4,256,32,20,0.99,0.2,0.90,0.01,0.5,0.5,0.02,"dict(net_arch=[128,128])"
3e-4,256,32,20,0.99,0.2,0.90,0.02,0.5,0.5,0.02,"dict(net_arch=[64,64])"
3e-4,256,32,20,0.99,0.2,0.90,0.02,0.5,0.5,0.02,"dict(net_arch=[128,128])"
3e-4,256,32,20,0.99,0.2,0.95,0.0,0.5,0.5,0.02,"dict(net_arch=[64,64])"
3e-4,256,32,20,0.99,0.2,0.95,0.0,0.5,0.5,0.02,"dict(net_arch=[128,128])"
3e-4,256,32,20,0.99,0.2,0.95,0.01,0.5,0.5,0.02,"dict(net_arch=[64,64])"
3e-4,256,32,20,0.99,0.2,0.95,0.01,0.5,0.5,0.02,"dict(net_arch=[128,128])"
3e-4,256,32,20,0.99,0.2,0.95,0.02,0.5,0.5,0.02,"dict(net_arch=[64,64])"
3e-4,256,32,20,0.99,0.2,0.95,0.02,0.5,0.5,0.02,"dict(net_arch=[128,128])"
3e-4,256,32,20,0.99,0.3,0.90,0.0,0.5,0.5,0.02,"dict(net_arch=[64,64])"
3e-4,256,32,20,0.99,0.3,0.90,0.0,0.5,0.5,0.02,"dict(net_arch=[128,128])"
3e-4,256,32,20,0.99,0.3,0.90,0.01,0.5,0.5,0.02,"dict(net_arch=[64,64])"
3e-4,256,32,20,0.99,0.3,0.90,0.01,0.5,0.5,0.02,"dict(net_arch=[128,128])"
3e-4,256,32,20,0.99,0.3,0.90,0.02,0.5,0.5,0.02,"dict(net_arch=[64,64])"
3e-4,256,32,20,0.99,0.3,0.90,0.02,0.5,0.5,0.02,"dict(net_arch=[128,128])"
3e-4,256,32,20,0.99,0.3,0.95,0.0,0.5,0.5,0.02,"dict(net_arch=[64,64])"
3e-4,256,32,20,0.99,0.3,0.95,0.0,0.5,0.5,0.02,"dict(net_arch=[128,128])"
3e-4,256,32,20,0.99,0.3,0.95,0.01,0.5,0.5,0.02,"dict(net_arch=[64,64])"
3e-4,256,32,20,0.99,0.3,0.95,0.01,0.5,0.5,0.02,"dict(net_arch=[128,128])"
3e-4,256,32,20,0.99,0.3,0.95,0.02,0.5,0.5,0.02,"dict(net_arch=[64,64])"
3e-4,256,32,20,0.99,0.3,0.95,0.02,0.5,0.5,0.02,"dict(net_arch=[128,128])"
3e-4,256,32,20,0.995,0.2,0.90,0.0,0.5,0.5,0.02,"dict(net_arch=[64,64])"
3e-4,256,32,20,0.995,0.2,0.90,0.0,0.5,0.5,0.02,"dict(net_arch=[128,128])"
3e-4,256,32,20,0.995,0.2,0.90,0.01,0.5,0.5,0.02,"dict(net_arch=[64,64])"
3e-4,256,32,20,0.995,0.2,0.90,0.01,0.5,0.5,0.02,"dict(net_arch=[128,128])"
3e-4,256,32,20,0.995,0.2,0.90,0.02,0.5,0.5,0.02,"dict(net_arch=[64,64])"
3e-4,256,32,20,0.995,0.2,0.90,0.02,0.5,0.5,0.02,"dict(net_arch=[128,128])"
3e-4,256,32,20,0.995,0.2,0.95,0.0,0.5,0.5,0.02,"dict(net_arch=[64,64])"
3e-4,256,32,20,0.995,0.2,0.95,0.0,0.5,0.5,0.02,"dict(net_arch=[128,128])"
3e-4,256,32,20,0.995,0.2,0.95,0.01,0.5,0.5,0.02,"dict(net_arch=[64,64])"
3e-4,256,32,20,0.995,0.2,0.95,0.01,0.5,0.5,0.02,"dict(net_arch=[128,128])"
3e-4,256,32,20,0.995,0.2,0.95,0.02,0.5,0.5,0.02,"dict(net_arch=[64,64])"
3e-4,256,32,20,0.995,0.2,0.95,0.02,0.5,0.5,0.02,"dict(net_arch=[128,128])"
3e-4,256,32,20,0.995,0.3,0.90,0.0,0.5,0.5,0.02,"dict(net_arch=[64,64])"
3e-4,256,32,20,0.995,0.3,0.90,0.0,0.5,0.5,0.02,"dict(net_arch=[128,128])"
3e-4,256,32,20,0.995,0.3,0.90,0.01,0.5,0.5,0.02,"dict(net_arch=[64,64])"
3e-4,256,32,20,0.995,0.3,0.90,0.01,0.5,0.5,0.02,"dict(net_arch=[128,128])"
3e-4,256,32,20,0.995,0.3,0.90,0.02,0.5,0.5,0.02,"dict(net_arch=[64,64])"
3e-4,256,32,20,0.995,0.3,0.90,0.02,0.5,0.5,0.02,"dict(net_arch=[128,128])"
3e-4,256,32,20,0.995,0.3,0.95,0.0,0.5,0.5,0.02,"dict(net_arch=[64,64])"
3e-4,256,32,20,0.995,0.3,0.95,0.0,0.5,0.5,0.02,"dict(net_arch=[128,128])"
3e-4,256,32,20,0.995,0.3,0.95,0.01,0.5,0.5,0.02,"dict(net_arch=[64,64])"
3e-4,256,32,20,0.995,0.3,0.95,0.01,0.5,0.5,0.02,"dict(net_arch=[128,128])"
3e-4,256,32,20,0.995,0.3,0.95,0.02,0.5,0.5,0.02,"dict(net_arch=[64,64])"
3e-4,256,32,20,0.995,0.3,0.95,0.02,0.5,0.5,0.02,"dict(net_arch=[128,128])"
3e-4,256,64,10,0.99,0.2,0.90,0.0,0.5,0.5,0.02,"dict(net_arch=[64,64])"
3e-4,256,64,10,0.99,0.2,0.90,0.0,0.5,0.5,0.02,"dict(net_arch=[128,128])"
3e-4,256,64,10,0.99,0.2,0.90,0.01,0.5,0.5,0.02,"dict(net_arch=[64,64])"
3e-4,256,64,10,0.99,0.2,0.90,0.01,0.5,0.5,0.02,"dict(net_arch=[128,128])"
3e-4,256,64,10,0.99,0.2,0.90,0.02,0.5,0.5,0.02,"dict(net_arch=[64,64])"
3e-4,256,64,10,0.99,0.2,0.90,0.02,0.5,0.5,0.02,"dict(net_arch=[128,128])"
3e-4,256,64,10,0.99,0.2,0.95,0.0,0.5,0.5,0.02,"dict(net_arch=[64,64])"
3e-4,256,64,10,0.99,0.2,0.95,0.0,0.5,0.5,0.02,"dict(net_arch=[128,128])"
3e-4,256,64,10,0.99,0.2,0.95,0.01,0.5,0.5,0.02,"dict(net_arch=[64,64])"
3e-4,256,64,10,0.99,0.2,0.95,0.01,0.5,0.5,0.02,"dict(net_arch=[128,128])"
3e-4,256,64,10,0.99,0.2,0.95,0.02,0.5,0.5,0.02,"dict(net_arch=[64,64])"
3e-4,256,64,10,0.99,0.2,0.95,0.02,0.5,0.5,0.02,"dict(net_arch=[128,128])"
3e-4,256,64,10,0.99,0.3,0.90,0.0,0.5,0.5,0.02,"dict(net_arch=[64,64])"
3e-4,256,64,10,0.99,0.3,0.90,0.0,0.5,0.5,0.02,"dict(net_arch=[128,128])"
3e-4,256,64,10,0.99,0.3,0.90,0.01,0.5,0.5,0.02,"dict(net_arch=[64,64])"
3e-4,256,64,10,0.99,0.3,0.90,0.01,0.5,0.5,0.02,"dict(net_arch=[128,128])"
3e-4,256,64,10,0.99,0.3,0.90,0.02,0.5,0.5,0.02,"dict(net_arch=[64,64])"
3e-4,256,64,10,0.99,0.3,0.90,0.02,0.5,0.5,0.02,"dict(net_arch=[128,128])"
3e-4,256,64,10,0.99,0.3,0.95,0.0,0.5,0.5,0.02,"dict(net_arch=[64,64])"
3e-4,256,64,10,0.99,0.3,0.95,0.0,0.5,0.5,0.02,"dict(net_arch=[128,128])"
3e-4,256,64,10,0.99,0.3,0.95,0.01,0.5,0.5,0.02,"dict(net_arch=[64,64])"
3e-4,256,64,10,0.99,0.3,0.95,0.01,0.5,0.5,0.02,"dict(net_arch=[128,128])"
3e-4,256,64,10,0.99,0.3,0.95,0.02,0.5,0.5,0.02,"dict(net_arch=[64,64])"
3e-4,256,64,10,0.99,0.3,0.95,0.02,0.5,0.5,0.02,"dict(net_arch=[128,128])"
3e-4,256,64,10,0.995,0.2,0.90,0.0,0.5,0.5,0.02,"dict(net_arch=[64,64])"
3e-4,256,64,10,0.995,0.2,0.90,0.0,0.5,0.5,0.02,"dict(net_arch=[128,128])"
3e-4,256,64,10,0.995,0.2,0.90,0.01,0.5,0.5,0.02,"dict(net_arch=[64,64])"
3e-4,256,64,10,0.995,0.2,0.90,0.01,0.5,0.5,0.02,"dict(net_arch=[128,128])"
3e-4,256,64,10,0.995,0.2,0.90,0.02,0.5,0.5,0.02,"dict(net_arch=[64,64])"
3e-4,256,64,10,0.995,0.2,0.90,0.02,0.5,0.5,0.02,"dict(net_arch=[128,128])"
3e-4,256,64,10,0.995,0.2,0.95,0.0,0.5,0.5,0.02,"dict(net_arch=[64,64])"
3e-4,256,64,10,0.995,0.2,0.95,0.0,0.5,0.5,0.02,"dict(net_arch=[128,128])"
3e-4,256,64,10,0.995,0.2,0.95,0.01,0.5,0.5,0.02,"dict(net_arch=[64,64])"
3e-4,256,64,10,0.995,0.2,0.95,0.01,0.5,0.5,0.02,"dict(net_arch=[128,128])"
3e-4,256,64,10,0.995,0.2,0.95,0.02,0.5,0.5,0.02,"dict(net_arch=[64,64])"
3e-4,256,64,10,0.995,0.2,0.95,0.02,0.5,0.5,0.02,"dict(net_arch=[128,128])"
3e-4,256,64,10,0.995,0.3,0.90,0.0,0.5,0.5,0.02,"dict(net_arch=[64,64])"
3e-4,256,64,10,0.995,0.3,0.90,0.0,0.5,0.5,0.02,"dict(net_arch=[128,128])"
3e-4,256,64,10,0.995,0.3,0.90,0.01,0.5,0.5,0.02,"dict(net_arch=[64,64])"
3e-4,256,64,10,0.995,0.3,0.90,0.01,0.5,0.5,0.02,"dict(net_arch=[128,128])"
3e-4,256,64,10,0.995,0.3,0.90,0.02,0.5,0.5,0.02,"dict(net_arch=[64,64])"
3e-4,256,64,10,0.995,0.3,0.90,0.02,0.5,0.5,0.02,"dict(net_arch=[128,128])"
3e-4,256,64,10,0.995,0.3,0.95,0.0,0.5,0.5,0.02,"dict(net_arch=[64,64])"
3e-4,256,64,10,0.995,0.3,0.95,0.0,0.5,0.5,0.02,"dict(net_arch=[128,128])"
3e-4,256,64,10,0.995,0.3,0.95,0.01,0.5,0.5,0.02,"dict(net_arch=[64,64])"
3e-4,256,64,10,0.995,0.3,0.95,0.01,0.5,0.5,0.02,"dict(net_arch=[128,128])"
3e-4,256,64,10,0.995,0.3,0.95,0.02,0.5,0.5,0.02,"dict(net_arch=[64,64])"
3e-4,256,64,10,0.995,0.3,0.95,0.02,0.5,0.5,0.02,"dict(net_arch=[128,128])"
3e-4,256,64,20,0.99,0.2,0.90,0.0,0.5,0.5,0.02,"dict(net_arch=[64,64])"
3e-4,256,64,20,0.99,0.2,0.90,0.0,0.5,0.5,0.02,"dict(net_arch=[128,128])"
3e-4,256,64,20,0.99,0.2,0.90,0.01,0.5,0.5,0.02,"dict(net_arch=[64,64])"
3e-4,256,64,20,0.99,0.2,0.90,0.01,0.5,0.5,0.02,"dict(net_arch=[128,128])"
3e-4,256,64,20,0.99,0.2,0.90,0.02,0.5,0.5,0.02,"dict(net_arch=[64,64])"
3e-4,256,64,20,0.99,0.2,0.90,0.02,0.5,0.5,0.02,"dict(net_arch=[128,128])"
3e-4,256,64,20,0.99,0.2,0.95,0.0,0.5,0.5,0.02,"dict(net_arch=[64,64])"
3e-4,256,64,20,0.99,0.2,0.95,0.0,0.5,0.5,0.02,"dict(net_arch=[128,128])"
3e-4,256,64,20,0.99,0.2,0.95,0.01,0.5,0.5,0.02,"dict(net_arch=[64,64])"
3e-4,256,64,20,0.99,0.2,0.95,0.01,0.5,0.5,0.02,"dict(net_arch=[128,128])"
3e-4,256,64,20,0.99,0.2,0.95,0.02,0.5,0.5,0.02,"dict(net_arch=[64,64])"
3e-4,256,64,20,0.99,0.2,0.95,0.02,0.5,0.5,0.02,"dict(net_arch=[128,128])"
3e-4,256,64,20,0.99,0.3,0.90,0.0,0.5,0.5,0.02,"dict(net_arch=[64,64])"
3e-4,256,64,20,0.99,0.3,0.90,0.0,0.5,0.5,0.02,"dict(net_arch=[128,128])"
3e-4,256,64,20,0.99,0.3,0.90,0.01,0.5,0.5,0.02,"dict(net_arch=[64,64])"
3e-4,256,64,20,0.99,0.3,0.90,0.01,0.5,0.5,0.02,"dict(net_arch=[128,128])"
3e-4,256,64,20,0.99,0.3,0.90,0.02,0.5,0.5,0.02,"dict(net_arch=[64,64])"
3e-4,256,64,20,0.99,0.3,0.90,0.02,0.5,0.5,0.02,"dict(net_arch=[128,128])"
3e-4,256,64,20,0.99,0.3,0.95,0.0,0.5,0.5,0.02,"dict(net_arch=[64,64])"
3e-4,256,64,20,0.99,0.3,0.95,0.0,0.5,0.5,0.02,"dict(net_arch=[128,128])"
3e-4,256,64,20,0.99,0.3,0.95,0.01,0.5,0.5,0.02,"dict(net_arch=[64,64])"
3e-4,256,64,20,0.99,0.3,0.95,0.01,0.5,0.5,0.02,"dict(net_arch=[128,128])"
3e-4,256,64,20,0.99,0.3,0.95,0.02,0.5,0.5,0.02,"dict(net_arch=[64,64])"
3e-4,256,64,20,0.99,0.3,0.95,0.02,0.5,0.5,0.02,"dict(net_arch=[128,128])"
3e-4,256,64,20,0.995,0.2,0.90,0.0,0.5,0.5,0.02,"dict(net_arch=[64,64])"
3e-4,256,64,20,0.995,0.2,0.90,0.0,0.5,0.5,0.02,"dict(net_arch=[128,128])"
3e-4,256,64,20,0.995,0.2,0.90,0.01,0.5,0.5,0.02,"dict(net_arch=[64,64])"
3e-4,256,64,20,0.995,0.2,0.90,0.01,0.5,0.5,0.02,"dict(net_arch=[128,128])"
3e-4,256,64,20,0.995,0.2,0.90,0.02,0.5,0.5,0.02,"dict(net_arch=[64,64])"
3e-4,256,64,20,0.995,0.2,0.90,0.02,0.5,0.5,0.02,"dict(net_arch=[128,128])"
3e-4,256,64,20,0.995,0.2,0.95,0.0,0.5,0.5,0.02,"dict(net_arch=[64,64])"
3e-4,256,64,20,0.995,0.2,0.95,0.0,0.5,0.5,0.02,"dict(net_arch=[128,128])"
3e-4,256,64,20,0.995,0.2,0.95,0.01,0.5,0.5,0.02,"dict(net_arch=[64,64])"
3e-4,256,64,20,0.995,0.2,0.95,0.01,0.5,0.5,0.02,"dict(net_arch=[128,128])"
3e-4,256,64,20,0.995,0.2,0.95,0.02,0.5,0.5,0.02,"dict(net_arch=[64,64])"
3e-4,256,64,20,0.995,0.2,0.95,0.02,0.5,0.5,0.02,"dict(net_arch=[128,128])"
3e-4,256,64,20,0.995,0.3,0.90,0.0,0.5,0.5,0.02,"dict(net_arch=[64,64])"
3e-4,256,64,20,0.995,0.3,0.90,0.0,0.5,0.5,0.02,"dict(net_arch=[128,128])"
3e-4,256,64,20,0.995,0.3,0.90,0.01,0.5,0.5,0.02,"dict(net_arch=[64,64])"
3e-4,256,64,20,0.995,0.3,0.90,0.01,0.5,0.5,0.02,"dict(net_arch=[128,128])"
3e-4,256,64,20,0.995,0.3,0.90,0.02,0.5,0.5,0.02,"dict(net_arch=[64,64])"
3e-4,256,64,20,0.995,0.3,0.90,0.02,0.5,0.5,0.02,"dict(net_arch=[128,128])"
3e-4,256,64,20,0.995,0.3,0.95,0.0,0.5,0.5,0.02,"dict(net_arch=[64,64])"
3e-4,256,64,20,0.995,0.3,0.95,0.0,0.5,0.5,0.02,"dict(net_arch=[128,128])"
3e-4,256,64,20,0.995,0.3,0.95,0.01,0.5,0.5,0.02,"dict(net_arch=[64,64])"
3e-4,256,64,20,0.995,0.3,0.95,0.01,0.5,0.5,0.02,"dict(net_arch=[128,128])"
3e-4,256,64,20,0.995,0.3,0.95,0.02,0.5,0.5,0.02,"dict(net_arch=[64,64])"
3e-4,256,64,20,0.995,0.3,0.95,0.02,0.5,0.5,0.02,"dict(net_arch=[128,128])"
3e-4,512,32,10,0.99,0.2,0.90,0.0,0.5,0.5,0.02,"dict(net_arch=[64,64])"
3e-4,512,32,10,0.99,0.2,0.90,0.0,0.5,0.5,0.02,"dict(net_arch=[128,128])"
3e-4,512,32,10,0.99,0.2,0.90,0.01,0.5,0.5,0.02,"dict(net_arch=[64,64])"
3e-4,512,32,10,0.99,0.2,0.90,0.01,0.5,0.5,0.02,"dict(net_arch=[128,128])"
3e-4,512,32,10,0.99,0.2,0.90,0.02,0.5,0.5,0.02,"dict(net_arch=[64,64])"
3e-4,512,32,10,0.99,0.2,0.90,0.02,0.5,0.5,0.02,"dict(net_arch=[128,128])"
3e-4,512,32,10,0.99,0.2,0.95,0.0,0.5,0.5,0.02,"dict(net_arch=[64,64])"
3e-4,512,32,10,0.99,0.2,0.95,0.0,0.5,0.5,0.02,"dict(net_arch=[128,128])"
3e-4,512,32,10,0.99,0.2,0.95,0.01,0.5,0.5,0.02,"dict(net_arch=[64,64])"
3e-4,512,32,10,0.99,0.2,0.95,0.01,0.5,0.5,0.02,"dict(net_arch=[128,128])"
3e-4,512,32,10,0.99,0.2,0.95,0.02,0.5,0.5,0.02,"dict(net_arch=[64,64])"
3e-4,512,32,10,0.99,0.2,0.95,0.02,0.5,0.5,0.02,"dict(net_arch=[128,128])"
3e-4,512,32,10,0.99,0.3,0.90,0.0,0.5,0.5,0.02,"dict(net_arch=[64,64])"
3e-4,512,32,10,0.99,0.3,0.90,0.0,0.5,0.5,0.02,"dict(net_arch=[128,128])"
3e-4,512,32,10,0.99,0.3,0.90,0.01,0.5,0.5,0.02,"dict(net_arch=[64,64])"
3e-4,512,32,10,0.99,0.3,0.90,0.01,0.5,0.5,0.02,"dict(net_arch=[128,128])"
3e-4,512,32,10,0.99,0.3,0.90,0.02,0.5,0.5,0.02,"dict(net_arch=[64,64])"
3e-4,512,32,10,0.99,0.3,0.90,0.02,0.5,0.5,0.02,"dict(net_arch=[128,128])"
3e-4,512,32,10,0.99,0.3,0.95,0.0,0.5,0.5,0.02,"dict(net_arch=[64,64])"
3e-4,512,32,10,0.99,0.3,0.95,0.0,0.5,0.5,0.02,"dict(net_arch=[128,128])"
3e-4,512,32,10,0.99,0.3,0.95,0.01,0.5,0.5,0.02,"dict(net_arch=[64,64])"
3e-4,512,32,10,0.99,0.3,0.95,0.01,0.5,0.5,0.02,"dict(net_arch=[128,128])"
3e-4,512,32,10,0.99,0.3,0.95,0.02,0.5,0.5,0.02,"dict(net_arch=[64,64])"
3e-4,512,32,10,0.99,0.3,0.95,0.02,0.5,0.5,0.02,"dict(net_arch=[128,128])"
3e-4,512,32,10,0.995,0.2,0.90,0.0,0.5,0.5,0.02,"dict(net_arch=[64,64])"
3e-4,512,32,10,0.995,0.2,0.90,0.0,0.5,0.5,0.02,"dict(net_arch=[128,128])"
3e-4,512,32,10,0.995,0.2,0.90,0.01,0.5,0.5,0.02,"dict(net_arch=[64,64])"
3e-4,512,32,10,0.995,0.2,0.90,0.01,0.5,0.5,0.02,"dict(net_arch=[128,128])"
3e-4,512,32,10,0.995,0.2,0.90,0.02,0.5,0.5,0.02,"dict(net_arch=[64,64])"
3e-4,512,32,10,0.995,0.2,0.90,0.02,0.5,0.5,0.02,"dict(net_arch=[128,128])"
3e-4,512,32,10,0.995,0.2,0.95,0.0,0.5,0.5,0.02,"dict(net_arch=[64,64])"
3e-4,512,32,10,0.995,0.2,0.95,0.0,0.5,0.5,0.02,"dict(net_arch=[128,128])"
3e-4,512,32,10,0.995,0.2,0.95,0.01,0.5,0.5,0.02,"dict(net_arch=[64,64])"
3e-4,512,32,10,0.995,0.2,0.95,0.01,0.5,0.5,0.02,"dict(net_arch=[128,128])"
3e-4,512,32,10,0.995,0.2,0.95,0.02,0.5,0.5,0.02,"dict(net_arch=[64,64])"
3e-4,512,32,10,0.995,0.2,0.95,0.02,0.5,0.5,0.02,"dict(net_arch=[128,128])"
3e-4,512,32,10,0.995,0.3,0.90,0.0,0.5,0.5,0.02,"dict(net_arch=[64,64])"
3e-4,512,32,10,0.995,0.3,0.90,0.0,0.5,0.5,0.02,"dict(net_arch=[128,128])"
3e-4,512,32,10,0.995,0.3,0.90,0.01,0.5,0.5,0.02,"dict(net_arch=[64,64])"
3e-4,512,32,10,0.995,0.3,0.90,0.01,0.5,0.5,0.02,"dict(net_arch=[128,128])"
3e-4,512,32,10,0.995,0.3,0.90,0.02,0.5,0.5,0.02,"dict(net_arch=[64,64])"
3e-4,512,32,10,0.995,0.3,0.90,0.02,0.5,0.5,0.02,"dict(net_arch=[128,128])"
3e-4,512,32,10,0.995,0.3,0.95,0.0,0.5,0.5,0.02,"dict(net_arch=[64,64])"
3e-4,512,32,10,0.995,0.3,0.95,0.0,0.5,0.5,0.02,"dict(net_arch=[128,128])"
3e-4,512,32,10,0.995,0.3,0.95,0.01,0.5,0.5,0.02,"dict(net_arch=[64,64])"
3e-4,512,32,10,0.995,0.3,0.95,0.01,0.5,0.5,0.02,"dict(net_arch=[128,128])"
3e-4,512,32,10,0.995,0.3,0.95,0.02,0.5,0.5,0.02,"dict(net_arch=[64,64])"
3e-4,512,32,10,0.995,0.3,0.95,0.02,0.5,0.5,0.02,"dict(net_arch=[128,128])"
3e-4,512,64,10,0.99,0.2,0.90,0.0,0.5,0.5,0.02,"dict(net_arch=[64,64])"
3e-4,512,64,10,0.99,0.2,0.90,0.0,0.5,0.5,0.02,"dict(net_arch=[128,128])"
3e-4,512,64,10,0.99,0.2,0.90,0.01,0.5,0.5,0.02,"dict(net_arch=[64,64])"
3e-4,512,64,10,0.99,0.2,0.90,0.01,0.5,0.5,0.02,"dict(net_arch=[128,128])"
3e-4,512,64,10,0.99,0.2,0.90,0.02,0.5,0.5,0.02,"dict(net_arch=[64,64])"
3e-4,512,64,10,0.99,0.2,0.90,0.02,0.5,0.5,0.02,"dict(net_arch=[128,128])"
3e-4,512,64,10,0.99,0.2,0.95,0.0,0.5,0.5,0.02,"dict(net_arch=[64,64])"
3e-4,512,64,10,0.99,0.2,0.95,0.0,0.5,0.5,0.02,"dict(net_arch=[128,128])"
3e-4,512,64,10,0.99,0.2,0.95,0.01,0.5,0.5,0.02,"dict(net_arch=[64,64])"
3e-4,512,64,10,0.99,0.2,0.95,0.01,0.5,0.5,0.02,"dict(net_arch=[128,128])"
3e-4,512,64,10,0.99,0.2,0.95,0.02,0.5,0.5,0.02,"dict(net_arch=[64,64])"
3e-4,512,64,10,0.99,0.2,0.95,0.02,0.5,0.5,0.02,"dict(net_arch=[128,128])"
3e-4,512,64,10,0.99,0.3,0.90,0.0,0.5,0.5,0.02,"dict(net_arch=[64,64])"
3e-4,512,64,10,0.99,0.3,0.90,0.0,0.5,0.5,0.02,"dict(net_arch=[128,128])"
3e-4,512,64,10,0.99,0.3,0.90,0.01,0.5,0.5,0.02,"dict(net_arch=[64,64])"
3e-4,512,64,10,0.99,0.3,0.90,0.01,0.5,0.5,0.02,"dict(net_arch=[128,128])"
3e-4,512,64,10,0.99,0.3,0.90,0.02,0.5,0.5,0.02,"dict(net_arch=[64,64])"
3e-4,512,64,10,0.99,0.3,0.90,0.02,0.5,0.5,0.02,"dict(net_arch=[128,128])"
3e-4,512,64,10,0.99,0.3,0.95,0.0,0.5,0.5,0.02,"dict(net_arch=[64,64])"
3e-4,512,64,10,0.99,0.3,0.95,0.0,0.5,0.5,0.02,"dict(net_arch=[128,128])"
3e-4,512,64,10,0.99,0.3,0.95,0.01,0.5,0.5,0.02,"dict(net_arch=[64,64])"
3e-4,512,64,10,0.99,0.3,0.95,0.01,0.5,0.5,0.02,"dict(net_arch=[128,128])"
3e-4,512,64,10,0.99,0.3,0.95,0.02,0.5,0.5,0.02,"dict(net_arch=[64,64])"
3e-4,512,64,10,0.99,0.3,0.95,0.02,0.5,0.5,0.02,"dict(net_arch=[128,128])"
3e-4,512,64,10,0.995,0.2,0.90,0.0,0.5,0.5,0.02,"dict(net_arch=[64,64])"
3e-4,512,64,10,0.995,0.2,0.90,0.0,0.5,0.5,0.02,"dict(net_arch=[128,128])"
3e-4,512,64,10,0.995,0.2,0.90,0.01,0.5,0.5,0.02,"dict(net_arch=[64,64])"
3e-4,512,64,10,0.995,0.2,0.90,0.01,0.5,0.5,0.02,"dict(net_arch=[128,128])"
3e-4,512,64,10,0.995,0.2,0.90,0.02,0.5,0.5,0.02,"dict(net_arch=[64,64])"
3e-4,512,64,10,0.995,0.2,0.90,0.02,0.5,0.5,0.02,"dict(net_arch=[128,128])"
3e-4,512,64,10,0.995,0.2,0.95,0.0,0.5,0.5,0.02,"dict(net_arch=[64,64])"
3e-4,512,64,10,0.995,0.2,0.95,0.0,0.5,0.5,0.02,"dict(net_arch=[128,128])"
3e-4,512,64,10,0.995,0.2,0.95,0.01,0.5,0.5,0.02,"dict(net_arch=[64,64])"
3e-4,512,64,10,0.995,0.2,0.95,0.01,0.5,0.5,0.02,"dict(net_arch=[128,128])"
3e-4,512,64,10,0.995,0.2,0.95,0.02,0.5,0.5,0.02,"dict(net_arch=[64,64])"
3e-4,512,64,10,0.995,0.2,0.95,0.02,0.5,0.5,0.02,"dict(net_arch=[128,128])"
3e-4,512,64,10,0.995,0.3,0.90,0.0,0.5,0.5,0.02,"dict(net_arch=[64,64])"
3e-4,512,64,10,0.995,0.3,0.90,0.0,0.5,0.5,0.02,"dict(net_arch=[128,128])"
3e-4,512,64,10,0.995,0.3,0.90,0.01,0.5,0.5,0.02,"dict(net_arch=[64,64])"
3e-4,512,64,10,0.995,0.3,0.90,0.01,0.5,0.5,0.02,"dict(net_arch=[128,128])"
3e-4,512,64,10,0.995,0.3,0.90,0.02,0.5,0.5,0.02,"dict(net_arch=[64,64])"
3e-4,512,64,10,0.995,0.3,0.90,0.02,0.5,0.5,0.02,"dict(net_arch=[128,128])"
3e-4,512,64,10,0.995,0.3,0.95,0.0,0.5,0.5,0.02,"dict(net_arch=[64,64])"
3e-4,512,64,10,0.995,0.3,0.95,0.0,0.5,0.5,0.02,"dict(net_arch=[128,128])"
3e-4,512,64,10,0.995,0.3,0.95,0.01,0.5,0.5,0.02,"dict(net_arch=[64,64])"
3e-4,512,64,10,0.995,0.3,0.95,0.01,0.5,0.5,0.02,"dict(net_arch=[128,128])"
3e-4,512,64,10,0.995,0.3,0.95,0.02,0.5,0.5,0.02,"dict(net_arch=[64,64])"
3e-4,512,64,10,0.995,0.3,0.95,0.02,0.5,0.5,0.02,"dict(net_arch=[128,128])"
3e-4,512,64,20,0.99,0.2,0.90,0.0,0.5,0.5,0.02,"dict(net_arch=[64,64])"
3e-4,512,64,20,0.99,0.2,0.90,0.0,0.5,0.5,0.02,"dict(net_arch=[128,128])"
3e-4,512,64,20,0.99,0.2,0.90,0.01,0.5,0.5,0.02,"dict(net_arch=[64,64])"
3e-4,512,64,20,0.99,0.2,0.90,0.01,0.5,0.5,0.02,"dict(net_arch=[128,128])"
3e-4,512,64,20,0.99,0.2,0.90,0.02,0.5,0.5,0.02,"dict(net_arch=[64,64])"
3e-4,512,64,20,0.99,0.2,0.90,0.02,0.5,0.5,0.02,"dict(net_arch=[128,128])"
3e-4,512,64,20,0.99,0.2,0.95,0.0,0.5,0.5,0.02,"dict(net_arch=[64,64])"
3e-4,512,64,20,0.99,0.2,0.95,0.0,0.5,0.5,0.02,"dict(net_arch=[128,128])"
3e-4,512,64,20,0.99,0.2,0.95,0.01,0.5,0.5,0.02,"dict(net_arch=[64,64])"
3e-4,512,64,20,0.99,0.2,0.95,0.01,0.5,0.5,0.02,"dict(net_arch=[128,128])"
3e-4,512,64,20,0.99,0.2,0.95,0.02,0.5,0.5,0.02,"dict(net_arch=[64,64])"
3e-4,512,64,20,0.99,0.2,0.95,0.02,0.5,0.5,0.02,"dict(net_arch=[128,128])"
3e-4,512,64,20,0.99,0.3,0.90,0.0,0.5,0.5,0.02,"dict(net_arch=[64,64])"
3e-4,512,64,20,0.99,0.3,0.90,0.0,0.5,0.5,0.02,"dict(net_arch=[128,128])"
3e-4,512,64,20,0.99,0.3,0.90,0.01,0.5,0.5,0.02,"dict(net_arch=[64,64])"
3e-4,512,64,20,0.99,0.3,0.90,0.01,0.5,0.5,0.02,"dict(net_arch=[128,128])"
3e-4,512,64,20,0.99,0.3,0.90,0.02,0.5,0.5,0.02,"dict(net_arch=[64,64])"
3e-4,512,64,20,0.99,0.3,0.90,0.02,0.5,0.5,0.02,"dict(net_arch=[128,128])"
3e-4,512,64,20,0.99,0.3,0.95,0.0,0.5,0.5,0.02,"dict(net_arch=[64,64])"
3e-4,512,64,20,0.99,0.3,0.95,0.0,0.5,0.5,0.02,"dict(net_arch=[128,128])"
3e-4,512,64,20,0.99,0.3,0.95,0.01,0.5,0.5,0.02,"dict(net_arch=[64,64])"
3e-4,512,64,20,0.99,0.3,0.95,0.01,0.5,0.5,0.02,"dict(net_arch=[128,128])"
3e-4,512,64,20,0.99,0.3,0.95,0.02,0.5,0.5,0.02,"dict(net_arch=[64,64])"
3e-4,512,64,20,0.99,0.3,0.95,0.02,0.5,0.5,0.02,"dict(net_arch=[128,128])"
3e-4,512,64,20,0.995,0.2,0.90,0.0,0.5,0.5,0.02,"dict(net_arch=[64,64])"
3e-4,512,64,20,0.995,0.2,0.90,0.0,0.5,0.5,0.02,"dict(net_arch=[128,128])"
3e-4,512,64,20,0.995,0.2,0.90,0.01,0.5,0.5,0.02,"dict(net_arch=[64,64])"
3e-4,512,64,20,0.995,0.2,0.90,0.01,0.5,0.5,0.02,"dict(net_arch=[128,128])"
3e-4,512,64,20,0.995,0.2,0.90,0.02,0.5,0.5,0.02,"dict(net_arch=[64,64])"
3e-4,512,64,20,0.995,0.2,0.90,0.02,0.5,0.5,0.02,"dict(net_arch=[128,128])"
3e-4,512,64,20,0.995,0.2,0.95,0.0,0.5,0.5,0.02,"dict(net_arch=[64,64])"
3e-4,512,64,20,0.995,0.2,0.95,0.0,0.5,0.5,0.02,"dict(net_arch=[128,128])"
3e-4,512,64,20,0.995,0.2,0.95,0.01,0.5,0.5,0.02,"dict(net_arch=[64,64])"
3e-4,512,64,20,0.995,0.2,0.95,0.01,0.5,0.5,0.02,"dict(net_arch=[128,128])"
3e-4,512,64,20,0.995,0.2,0.95,0.02,0.5,0.5,0.02,"dict(net_arch=[64,64])"
3e-4,512,64,20,0.995,0.2,0.95,0.02,0.5,0.5,0.02,"dict(net_arch=[128,128])"
3e-4,512,64,20,0.995,0.3,0.90,0.0,0.5,0.5,0.02,"dict(net_arch=[64,64])"
3e-4,512,64,20,0.995,0.3,0.90,0.0,0.5,0.5,0.02,"dict(net_arch=[128,128])"
3e-4,512,64,20,0.995,0.3,0.90,0.01,0.5,0.5,0.02,"dict(net_arch=[64,64])"
3e-4,512,64,20,0.995,0.3,0.90,0.01,0.5,0.5,0.02,"dict(net_arch=[128,128])"
3e-4,512,64,20,0.995,0.3,0.90,0.02,0.5,0.5,0.02,"dict(net_arch=[64,64])"
3e-4,512,64,20,0.995,0.3,0.90,0.02,0.5,0.5,0.02,"dict(net_arch=[128,128])"
3e-4,512,64,20,0.995,0.3,0.95,0.0,0.5,0.5,0.02,"dict(net_arch=[64,64])"
3e-4,512,64,20,0.995,0.3,0.95,0.0,0.5,0.5,0.02,"dict(net_arch=[128,128])"
3e-4,512,64,20,0.995,0.3,0.95,0.01,0.5,0.5,0.02,"dict(net_arch=[64,64])"
3e-4,512,64,20,0.995,0.3,0.95,0.01,0.5,0.5,0.02,"dict(net_arch=[128,128])"
3e-4,512,64,20,0.995,0.3,0.95,0.02,0.5,0.5,0.02,"dict(net_arch=[64,64])"
3e-4,512,64,20,0.995,0.3,0.95,0.02,0.5,0.5,0.02,"dict(net_arch=[128,128])"
1e-3,128,32,10,0.99,0.2,0.90,0.0,0.5,0.5,0.02,"dict(net_arch=[64,64])"
1e-3,128,32,10,0.99,0.2,0.90,0.0,0.5,0.5,0.02,"dict(net_arch=[128,128])"
1e-3,128,32,10,0.99,0.2,0.90,0.01,0.5,0.5,0.02,"dict(net_arch=[64,64])"
1e-3,128,32,10,0.99,0.2,0.90,0.01,0.5,0.5,0.02,"dict(net_arch=[128,128])"
1e-3,128,32,10,0.99,0.2,0.90,0.02,0.5,0.5,0.02,"dict(net_arch=[64,64])"
1e-3,128,32,10,0.99,0.2,0.90,0.02,0.5,0.5,0.02,"dict(net_arch=[128,128])"
1e-3,128,32,10,0.99,0.2,0.95,0.0,0.5,0.5,0.02,"dict(net_arch=[64,64])"
1e-3,128,32,10,0.99,0.2,0.95,0.0,0.5,0.5,0.02,"dict(net_arch=[128,128])"
1e-3,128,32,10,0.99,0.2,0.95,0.01,0.5,0.5,0.02,"dict(net_arch=[64,64])"
1e-3,128,32,10,0.99,0.2,0.95,0.01,0.5,0.5,0.02,"dict(net_arch=[128,128])"
1e-3,128,32,10,0.99,0.2,0.95,0.02,0.5,0.5,0.02,"dict(net_arch=[64,64])"
1e-3,128,32,10,0.99,0.2,0.95,0.02,0.5,0.5,0.02,"dict(net_arch=[128,128])"
1e-3,128,32,10,0.99,0.3,0.90,0.0,0.5,0.5,0.02,"dict(net_arch=[64,64])"
1e-3,128,32,10,0.99,0.3,0.90,0.0,0.5,0.5,0.02,"dict(net_arch=[128,128])"
1e-3,128,32,10,0.99,0.3,0.90,0.01,0.5,0.5,0.02,"dict(net_arch=[64,64])"
1e-3,128,32,10,0.99,0.3,0.90,0.01,0.5,0.5,0.02,"dict(net_arch=[128,128])"
1e-3,128,32,10,0.99,0.3,0.90,0.02,0.5,0.5,0.02,"dict(net_arch=[64,64])"
1e-3,128,32,10,0.99,0.3,0.90,0.02,0.5,0.5,0.02,"dict(net_arch=[128,128])"
1e-3,128,32,10,0.99,0.3,0.95,0.0,0.5,0.5,0.02,"dict(net_arch=[64,64])"
1e-3,128,32,10,0.99,0.3,0.95,0.0,0.5,0.5,0.02,"dict(net_arch=[128,128])"
1e-3,128,32,10,0.99,0.3,0.95,0.01,0.5,0.5,0.02,"dict(net_arch=[64,64])"
1e-3,128,32,10,0.99,0.3,0.95,0.01,0.5,0.5,0.02,"dict(net_arch=[128,128])"
1e-3,128,32,10,0.99,0.3,0.95,0.02,0.5,0.5,0.02,"dict(net_arch=[64,64])"
1e-3,128,32,10,0.99,0.3,0.95,0.02,0.5,0.5,0.02,"dict(net_arch=[128,128])"
1e-3,128,32,10,0.995,0.2,0.90,0.0,0.5,0.5,0.02,"dict(net_arch=[64,64])"
1e-3,128,32,10,0.995,0.2,0.90,0.0,0.5,0.5,0.02,"dict(net_arch=[128,128])"
1e-3,128,32,10,0.995,0.2,0.90,0.01,0.5,0.5,0.02,"dict(net_arch=[64,64])"
1e-3,128,32,10,0.995,0.2,0.90,0.01,0.5,0.5,0.02,"dict(net_arch=[128,128])"
1e-3,128,32,10,0.995,0.2,0.90,0.02,0.5,0.5,0.02,"dict(net_arch=[64,64])"
1e-3,128,32,10,0.995,0.2,0.90,0.02,0.5,0.5,0.02,"dict(net_arch=[128,128])"
1e-3,128,32,10,0.995,0.2,0.95,0.0,0.5,0.5,0.02,"dict(net_arch=[64,64])"
1e-3,128,32,10,0.995,0.2,0.95,0.0,0.5,0.5,0.02,"dict(net_arch=[128,128])"
1e-3,128,32,10,0.995,0.2,0.95,0.01,0.5,0.5,0.02,"dict(net_arch=[64,64])"
1e-3,128,32,10,0.995,0.2,0.95,0.01,0.5,0.5,0.02,"dict(net_arch=[128,128])"
1e-3,128,32,10,0.995,0.2,0.95,0.02,0.5,0.5,0.02,"dict(net_arch=[64,64])"
1e-3,128,32,10,0.995,0.2,0.95,0.02,0.5,0.5,0.02,"dict(net_arch=[128,128])"
1e-3,128,32,10,0.995,0.3,0.90,0.0,0.5,0.5,0.02,"dict(net_arch=[64,64])"
1e-3,128,32,10,0.995,0.3,0.90,0.0,0.5,0.5,0.02,"dict(net_arch=[128,128])"
1e-3,128,32,10,0.995,0.3,0.90,0.01,0.5,0.5,0.02,"dict(net_arch=[64,64])"
1e-3,128,32,10,0.995,0.3,0.90,0.01,0.5,0.5,0.02,"dict(net_arch=[128,128])"
1e-3,128,32,10,0.995,0.3,0.90,0.02,0.5,0.5,0.02,"dict(net_arch=[64,64])"
1e-3,128,32,10,0.995,0.3,0.90,0.02,0.5,0.5,0.02,"dict(net_arch=[128,128])"
1e-3,128,32,10,0.995,0.3,0.95,0.0,0.5,0.5,0.02,"dict(net_arch=[64,64])"
1e-3,128,32,10,0.995,0.3,0.95,0.0,0.5,0.5,0.02,"dict(net_arch=[128,128])"
1e-3,128,32,10,0.995,0.3,0.95,0.01,0.5,0.5,0.02,"dict(net_arch=[64,64])"
1e-3,128,32,10,0.995,0.3,0.95,0.01,0.5,0.5,0.02,"dict(net_arch=[128,128])"
1e-3,128,32,10,0.995,0.3,0.95,0.02,0.5,0.5,0.02,"dict(net_arch=[64,64])"
1e-3,128,32,10,0.995,0.3,0.95,0.02,0.5,0.5,0.02,"dict(net_arch=[128,128])"
1e-3,128,32,20,0.99,0.2,0.90,0.0,0.5,0.5,0.02,"dict(net_arch=[64,64])"
1e-3,128,32,20,0.99,0.2,0.90,0.0,0.5,0.5,0.02,"dict(net_arch=[128,128])"
1e-3,128,32,20,0.99,0.2,0.90,0.01,0.5,0.5,0.02,"dict(net_arch=[64,64])"
1e-3,128,32,20,0.99,0.2,0.90,0.01,0.5,0.5,0.02,"dict(net_arch=[128,128])"
1e-3,128,32,20,0.99,0.2,0.90,0.02,0.5,0.5,0.02,"dict(net_arch=[64,64])"
1e-3,128,32,20,0.99,0.2,0.90,0.02,0.5,0.5,0.02,"dict(net_arch=[128,128])"
1e-3,128,32,20,0.99,0.2,0.95,0.0,0.5,0.5,0.02,"dict(net_arch=[64,64])"
1e-3,128,32,20,0.99,0.2,0.95,0.0,0.5,0.5,0.02,"dict(net_arch=[128,128])"
1e-3,128,32,20,0.99,0.2,0.95,0.01,0.5,0.5,0.02,"dict(net_arch=[64,64])"
1e-3,128,32,20,0.99,0.2,0.95,0.01,0.5,0.5,0.02,"dict(net_arch=[128,128])"
1e-3,128,32,20,0.99,0.2,0.95,0.02,0.5,0.5,0.02,"dict(net_arch=[64,64])"
1e-3,128,32,20,0.99,0.2,0.95,0.02,0.5,0.5,0.02,"dict(net_arch=[128,128])"
1e-3,128,32,20,0.99,0.3,0.90,0.0,0.5,0.5,0.02,"dict(net_arch=[64,64])"
1e-3,128,32,20,0.99,0.3,0.90,0.0,0.5,0.5,0.02,"dict(net_arch=[128,128])"
1e-3,128,32,20,0.99,0.3,0.90,0.01,0.5,0.5,0.02,"dict(net_arch=[64,64])"
1e-3,128,32,20,0.99,0.3,0.90,0.01,0.5,0.5,0.02,"dict(net_arch=[128,128])"
1e-3,128,32,20,0.99,0.3,0.90,0.02,0.5,0.5,0.02,"dict(net_arch=[64,64])"
1e-3,128,32,20,0.99,0.3,0.90,0.02,0.5,0.5,0.02,"dict(net_arch=[128,128])"
1e-3,128,32,20,0.99,0.3,0.95,0.0,0.5,0.5,0.02,"dict(net_arch=[64,64])"
1e-3,128,32,20,0.99,0.3,0.95,0.0,0.5,0.5,0.02,"dict(net_arch=[128,128])"
1e-3,128,32,20,0.99,0.3,0.95,0.01,0.5,0.5,0.02,"dict(net_arch=[64,64])"
1e-3,128,32,20,0.99,0.3,0.95,0.01,0.5,0.5,0.02,"dict(net_arch=[128,128])"
1e-3,128,32,20,0.99,0.3,0.95,0.02,0.5,0.5,0.02,"dict(net_arch=[64,64])"
1e-3,128,32,20,0.99,0.3,0.95,0.02,0.5,0.5,0.02,"dict(net_arch=[128,128])"
1e-3,128,32,20,0.995,0.2,0.90,0.0,0.5,0.5,0.02,"dict(net_arch=[64,64])"
1e-3,128,32,20,0.995,0.2,0.90,0.0,0.5,0.5,0.02,"dict(net_arch=[128,128])"
1e-3,128,32,20,0.995,0.2,0.90,0.01,0.5,0.5,0.02,"dict(net_arch=[64,64])"
1e-3,128,32,20,0.995,0.2,0.90,0.01,0.5,0.5,0.02,"dict(net_arch=[128,128])"
1e-3,128,32,20,0.995,0.2,0.90,0.02,0.5,0.5,0.02,"dict(net_arch=[64,64])"
1e-3,128,32,20,0.995,0.2,0.90,0.02,0.5,0.5,0.02,"dict(net_arch=[128,128])"
1e-3,128,32,20,0.995,0.2,0.95,0.0,0.5,0.5,0.02,"dict(net_arch=[64,64])"
1e-3,128,32,20,0.995,0.2,0.95,0.0,0.5,0.5,0.02,"dict(net_arch=[128,128])"
1e-3,128,32,20,0.995,0.2,0.95,0.01,0.5,0.5,0.02,"dict(net_arch=[64,64])"
1e-3,128,32,20,0.995,0.2,0.95,0.01,0.5,0.5,0.02,"dict(net_arch=[128,128])"
1e-3,128,32,20,0.995,0.2,0.95,0.02,0.5,0.5,0.02,"dict(net_arch=[64,64])"
1e-3,128,32,20,0.995,0.2,0.95,0.02,0.5,0.5,0.02,"dict(net_arch=[128,128])"
1e-3,128,32,20,0.995,0.3,0.90,0.0,0.5,0.5,0.02,"dict(net_arch=[64,64])"
1e-3,128,32,20,0.995,0.3,0.90,0.0,0.5,0.5,0.02,"dict(net_arch=[128,128])"
1e-3,128,32,20,0.995,0.3,0.90,0.01,0.5,0.5,0.02,"dict(net_arch=[64,64])"
1e-3,128,32,20,0.995,0.3,0.90,0.01,0.5,0.5,0.02,"dict(net_arch=[128,128])"
1e-3,128,32,20,0.995,0.3,0.90,0.02,0.5,0.5,0.02,"dict(net_arch=[64,64])"
1e-3,128,32,20,0.995,0.3,0.90,0.02,0.5,0.5,0.02,"dict(net_arch=[128,128])"
1e-3,128,32,20,0.995,0.3,0.95,0.0,0.5,0.5,0.02,"dict(net_arch=[64,64])"
1e-3,128,32,20,0.995,0.3,0.95,0.0,0.5,0.5,0.02,"dict(net_arch=[128,128])"
1e-3,128,32,20,0.995,0.3,0.95,0.01,0.5,0.5,0.02,"dict(net_arch=[64,64])"
1e-3,128,32,20,0.995,0.3,0.95,0.01,0.5,0.5,0.02,"dict(net_arch=[128,128])"
1e-3,128,32,20,0.995,0.3,0.95,0.02,0.5,0.5,0.02,"dict(net_arch=[64,64])"
1e-3,128,32,20,0.995,0.3,0.95,0.02,0.5,0.5,0.02,"dict(net_arch=[128,128])"
1e-3,128,64,10,0.99,0.2,0.90,0.0,0.5,0.5,0.02,"dict(net_arch=[64,64])"
1e-3,128,64,10,0.99,0.2,0.90,0.0,0.5,0.5,0.02,"dict(net_arch=[128,128])"
1e-3,128,64,10,0.99,0.2,0.90,0.01,0.5,0.5,0.02,"dict(net_arch=[64,64])"
1e-3,128,64,10,0.99,0.2,0.90,0.01,0.5,0.5,0.02,"dict(net_arch=[128,128])"
1e-3,128,64,10,0.99,0.2,0.90,0.02,0.5,0.5,0.02,"dict(net_arch=[64,64])"
1e-3,128,64,10,0.99,0.2,0.90,0.02,0.5,0.5,0.02,"dict(net_arch=[128,128])"
1e-3,128,64,10,0.99,0.2,0.95,0.0,0.5,0.5,0.02,"dict(net_arch=[64,64])"
1e-3,128,64,10,0.99,0.2,0.95,0.0,0.5,0.5,0.02,"dict(net_arch=[128,128])"
1e-3,128,64,10,0.99,0.2,0.95,0.01,0.5,0.5,0.02,"dict(net_arch=[64,64])"
1e-3,128,64,10,0.99,0.2,0.95,0.01,0.5,0.5,0.02,"dict(net_arch=[128,128])"
1e-3,128,64,10,0.99,0.2,0.95,0.02,0.5,0.5,0.02,"dict(net_arch=[64,64])"
1e-3,128,64,10,0.99,0.2,0.95,0.02,0.5,0.5,0.02,"dict(net_arch=[128,128])"
1e-3,128,64,10,0.99,0.3,0.90,0.0,0.5,0.5,0.02,"dict(net_arch=[64,64])"
1e-3,128,64,10,0.99,0.3,0.90,0.0,0.5,0.5,0.02,"dict(net_arch=[128,128])"
1e-3,128,64,10,0.99,0.3,0.90,0.01,0.5,0.5,0.02,"dict(net_arch=[64,64])"
1e-3,128,64,10,0.99,0.3,0.90,0.01,0.5,0.5,0.02,"dict(net_arch=[128,128])"
1e-3,128,64,10,0.99,0.3,0.90,0.02,0.5,0.5,0.02,"dict(net_arch=[64,64])"
1e-3,128,64,10,0.99,0.3,0.90,0.02,0.5,0.5,0.02,"dict(net_arch=[128,128])"
1e-3,128,64,10,0.99,0.3,0.95,0.0,0.5,0.5,0.02,"dict(net_arch=[64,64])"
1e-3,128,64,10,0.99,0.3,0.95,0.0,0.5,0.5,0.02,"dict(net_arch=[128,128])"
1e-3,128,64,10,0.99,0.3,0.95,0.01,0.5,0.5,0.02,"dict(net_arch=[64,64])"
1e-3,128,64,10,0.99,0.3,0.95,0.01,0.5,0.5,0.02,"dict(net_arch=[128,128])"
1e-3,128,64,10,0.99,0.3,0.95,0.02,0.5,0.5,0.02,"dict(net_arch=[64,64])"
1e-3,128,64,10,0.99,0.3,0.95,0.02,0.5,0.5,0.02,"dict(net_arch=[128,128])"
1e-3,128,64,10,0.995,0.2,0.90,0.0,0.5,0.5,0.02,"dict(net_arch=[64,64])"
1e-3,128,64,10,0.995,0.2,0.90,0.0,0.5,0.5,0.02,"dict(net_arch=[128,128])"
1e-3,128,64,10,0.995,0.2,0.90,0.01,0.5,0.5,0.02,"dict(net_arch=[64,64])"
1e-3,128,64,10,0.995,0.2,0.90,0.01,0.5,0.5,0.02,"dict(net_arch=[128,128])"
1e-3,128,64,10,0.995,0.2,0.90,0.02,0.5,0.5,0.02,"dict(net_arch=[64,64])"
1e-3,128,64,10,0.995,0.2,0.90,0.02,0.5,0.5,0.02,"dict(net_arch=[128,128])"
1e-3,128,64,10,0.995,0.2,0.95,0.0,0.5,0.5,0.02,"dict(net_arch=[64,64])"
1e-3,128,64,10,0.995,0.2,0.95,0.0,0.5,0.5,0.02,"dict(net_arch=[128,128])"
1e-3,128,64,10,0.995,0.2,0.95,0.01,0.5,0.5,0.02,"dict(net_arch=[64,64])"
1e-3,128,64,10,0.995,0.2,0.95,0.01,0.5,0.5,0.02,"dict(net_arch=[128,128])"
1e-3,128,64,10,0.995,0.2,0.95,0.02,0.5,0.5,0.02,"dict(net_arch=[64,64])"
1e-3,128,64,10,0.995,0.2,0.95,0.02,0.5,0.5,0.02,"dict(net_arch=[128,128])"
1e-3,128,64,10,0.995,0.3,0.90,0.0,0.5,0.5,0.02,"dict(net_arch=[64,64])"
1e-3,128,64,10,0.995,0.3,0.90,0.0,0.5,0.5,0.02,"dict(net_arch=[128,128])"
1e-3,128,64,10,0.995,0.3,0.90,0.01,0.5,0.5,0.02,"dict(net_arch=[64,64])"
1e-3,128,64,10,0.995,0.3,0.90,0.01,0.5,0.5,0.02,"dict(net_arch=[128,128])"
1e-3,128,64,10,0.995,0.3,0.90,0.02,0.5,0.5,0.02,"dict(net_arch=[64,64])"
1e-3,128,64,10,0.995,0.3,0.90,0.02,0.5,0.5,0.02,"dict(net_arch=[128,128])"
1e-3,128,64,10,0.995,0.3,0.95,0.0,0.5,0.5,0.02,"dict(net_arch=[64,64])"
1e-3,128,64,10,0.995,0.3,0.95,0.0,0.5,0.5,0.02,"dict(net_arch=[128,128])"
1e-3,128,64,10,0.995,0.3,0.95,0.01,0.5,0.5,0.02,"dict(net_arch=[64,64])"
1e-3,128,64,10,0.995,0.3,0.95,0.01,0.5,0.5,0.02,"dict(net_arch=[128,128])"
1e-3,128,64,10,0.995,0.3,0.95,0.02,0.5,0.5,0.02,"dict(net_arch=[64,64])"
1e-3,128,64,10,0.995,0.3,0.95,0.02,0.5,0.5,0.02,"dict(net_arch=[128,128])"
1e-3,128,64,20,0.99,0.2,0.90,0.0,0.5,0.5,0.02,"dict(net_arch=[64,64])"
1e-3,128,64,20,0.99,0.2,0.90,0.0,0.5,0.5,0.02,"dict(net_arch=[128,128])"
1e-3,128,64,20,0.99,0.2,0.90,0.01,0.5,0.5,0.02,"dict(net_arch=[64,64])"
1e-3,128,64,20,0.99,0.2,0.90,0.01,0.5,0.5,0.02,"dict(net_arch=[128,128])"
1e-3,128,64,20,0.99,0.2,0.90,0.02,0.5,0.5,0.02,"dict(net_arch=[64,64])"
1e-3,128,64,20,0.99,0.2,0.90,0.02,0.5,0.5,0.02,"dict(net_arch=[128,128])"
1e-3,128,64,20,0.99,0.2,0.95,0.0,0.5,0.5,0.02,"dict(net_arch=[64,64])"
1e-3,128,64,20,0.99,0.2,0.95,0.0,0.5,0.5,0.02,"dict(net_arch=[128,128])"
1e-3,128,64,20,0.99,0.2,0.95,0.01,0.5,0.5,0.02,"dict(net_arch=[64,64])"
1e-3,128,64,20,0.99,0.2,0.95,0.01,0.5,0.5,0.02,"dict(net_arch=[128,128])"
1e-3,128,64,20,0.99,0.2,0.95,0.02,0.5,0.5,0.02,"dict(net_arch=[64,64])"
1e-3,128,64,20,0.99,0.2,0.95,0.02,0.5,0.5,0.02,"dict(net_arch=[128,128])"
1e-3,128,64,20,0.99,0.3,0.90,0.0,0.5,0.5,0.02,"dict(net_arch=[64,64])"
1e-3,128,64,20,0.99,0.3,0.90,0.0,0.5,0.5,0.02,"dict(net_arch=[128,128])"
1e-3,128,64,20,0.99,0.3,0.90,0.01,0.5,0.5,0.02,"dict(net_arch=[64,64])"
1e-3,128,64,20,0.99,0.3,0.90,0.01,0.5,0.5,0.02,"dict(net_arch=[128,128])"
1e-3,128,64,20,0.99,0.3,0.90,0.02,0.5,0.5,0.02,"dict(net_arch=[64,64])"
1e-3,128,64,20,0.99,0.3,0.90,0.02,0.5,0.5,0.02,"dict(net_arch=[128,128])"
1e-3,128,64,20,0.99,0.3,0.95,0.0,0.5,0.5,0.02,"dict(net_arch=[64,64])"
1e-3,128,64,20,0.99,0.3,0.95,0.0,0.5,0.5,0.02,"dict(net_arch=[128,128])"
1e-3,128,64,20,0.99,0.3,0.95,0.01,0.5,0.5,0.02,"dict(net_arch=[64,64])"
1e-3,128,64,20,0.99,0.3,0.95,0.01,0.5,0.5,0.02,"dict(net_arch=[128,128])"
1e-3,128,64,20,0.99,0.3,0.95,0.02,0.5,0.5,0.02,"dict(net_arch=[64,64])"
1e-3,128,64,20,0.99,0.3,0.95,0.02,0.5,0.5,0.02,"dict(net_arch=[128,128])"
1e-3,128,64,20,0.995,0.2,0.90,0.0,0.5,0.5,0.02,"dict(net_arch=[64,64])"
1e-3,128,64,20,0.995,0.2,0.90,0.0,0.5,0.5,0.02,"dict(net_arch=[128,128])"
1e-3,128,64,20,0.995,0.2,0.90,0.01,0.5,0.5,0.02,"dict(net_arch=[64,64])"
1e-3,128,64,20,0.995,0.2,0.90,0.01,0.5,0.5,0.02,"dict(net_arch=[128,128])"
1e-3,128,64,20,0.995,0.2,0.90,0.02,0.5,0.5,0.02,"dict(net_arch=[64,64])"
1e-3,128,64,20,0.995,0.2,0.90,0.02,0.5,0.5,0.02,"dict(net_arch=[128,128])"
1e-3,128,64,20,0.995,0.2,0.95,0.0,0.5,0.5,0.02,"dict(net_arch=[64,64])"
1e-3,128,64,20,0.995,0.2,0.95,0.0,0.5,0.5,0.02,"dict(net_arch=[128,128])"
1e-3,128,64,20,0.995,0.2,0.95,0.01,0.5,0.5,0.02,"dict(net_arch=[64,64])"
1e-3,128,64,20,0.995,0.2,0.95,0.01,0.5,0.5,0.02,"dict(net_arch=[128,128])"
1e-3,128,64,20,0.995,0.2,0.95,0.02,0.5,0.5,0.02,"dict(net_arch=[64,64])"
1e-3,128,64,20,0.995,0.2,0.95,0.02,0.5,0.5,0.02,"dict(net_arch=[128,128])"
1e-3,128,64,20,0.995,0.3,0.90,0.0,0.5,0.5,0.02,"dict(net_arch=[64,64])"
1e-3,128,64,20,0.995,0.3,0.90,0.0,0.5,0.5,0.02,"dict(net_arch=[128,128])"
1e-3,128,64,20,0.995,0.3,0.90,0.01,0.5,0.5,0.02,"dict(net_arch=[64,64])"
1e-3,128,64,20,0.995,0.3,0.90,0.01,0.5,0.5,0.02,"dict(net_arch=[128,128])"
1e-3,128,64,20,0.995,0.3,0.90,0.02,0.5,0.5,0.02,"dict(net_arch=[64,64])"
1e-3,128,64,20,0.995,0.3,0.90,0.02,0.5,0.5,0.02,"dict(net_arch=[128,128])"
1e-3,128,64,20,0.995,0.3,0.95,0.0,0.5,0.5,0.02,"dict(net_arch=[64,64])"
1e-3,128,64,20,0.995,0.3,0.95,0.0,0.5,0.5,0.02,"dict(net_arch=[128,128])"
1e-3,128,64,20,0.995,0.3,0.95,0.01,0.5,0.5,0.02,"dict(net_arch=[64,64])"
1e-3,128,64,20,0.995,0.3,0.95,0.01,0.5,0.5,0.02,"dict(net_arch=[128,128])"
1e-3,128,64,20,0.995,0.3,0.95,0.02,0.5,0.5,0.02,"dict(net_arch=[64,64])"
1e-3,128,64,20,0.995,0.3,0.95,0.02,0.5,0.5,0.02,"dict(net_arch=[128,128])"
1e-3,256,32,10,0.99,0.2,0.90,0.0,0.5,0.5,0.02,"dict(net_arch=[64,64])"
1e-3,256,32,10,0.99,0.2,0.90,0.0,0.5,0.5,0.02,"dict(net_arch=[128,128])"
1e-3,256,32,10,0.99,0.2,0.90,0.01,0.5,0.5,0.02,"dict(net_arch=[64,64])"
1e-3,256,32,10,0.99,0.2,0.90,0.01,0.5,0.5,0.02,"dict(net_arch=[128,128])"
1e-3,256,32,10,0.99,0.2,0.90,0.02,0.5,0.5,0.02,"dict(net_arch=[64,64])"
1e-3,256,32,10,0.99,0.2,0.90,0.02,0.5,0.5,0.02,"dict(net_arch=[128,128])"
1e-3,256,32,10,0.99,0.2,0.95,0.0,0.5,0.5,0.02,"dict(net_arch=[64,64])"
1e-3,256,32,10,0.99,0.2,0.95,0.0,0.5,0.5,0.02,"dict(net_arch=[128,128])"
1e-3,256,32,10,0.99,0.2,0.95,0.01,0.5,0.5,0.02,"dict(net_arch=[64,64])"
1e-3,256,32,10,0.99,0.2,0.95,0.01,0.5,0.5,0.02,"dict(net_arch=[128,128])"
1e-3,256,32,10,0.99,0.2,0.95,0.02,0.5,0.5,0.02,"dict(net_arch=[64,64])"
1e-3,256,32,10,0.99,0.2,0.95,0.02,0.5,0.5,0.02,"dict(net_arch=[128,128])"
1e-3,256,32,10,0.99,0.3,0.90,0.0,0.5,0.5,0.02,"dict(net_arch=[64,64])"
1e-3,256,32,10,0.99,0.3,0.90,0.0,0.5,0.5,0.02,"dict(net_arch=[128,128])"
1e-3,256,32,10,0.99,0.3,0.90,0.01,0.5,0.5,0.02,"dict(net_arch=[64,64])"
1e-3,256,32,10,0.99,0.3,0.90,0.01,0.5,0.5,0.02,"dict(net_arch=[128,128])"
1e-3,256,32,10,0.99,0.3,0.90,0.02,0.5,0.5,0.02,"dict(net_arch=[64,64])"
1e-3,256,32,10,0.99,0.3,0.90,0.02,0.5,0.5,0.02,"dict(net_arch=[128,128])"
1e-3,256,32,10,0.99,0.3,0.95,0.0,0.5,0.5,0.02,"dict(net_arch=[64,64])"
1e-3,256,32,10,0.99,0.3,0.95,0.0,0.5,0.5,0.02,"dict(net_arch=[128,128])"
1e-3,256,32,10,0.99,0.3,0.95,0.01,0.5,0.5,0.02,"dict(net_arch=[64,64])"
1e-3,256,32,10,0.99,0.3,0.95,0.01,0.5,0.5,0.02,"dict(net_arch=[128,128])"
1e-3,256,32,10,0.99,0.3,0.95,0.02,0.5,0.5,0.02,"dict(net_arch=[64,64])"
1e-3,256,32,10,0.99,0.3,0.95,0.02,0.5,0.5,0.02,"dict(net_arch=[128,128])"
1e-3,256,32,10,0.995,0.2,0.90,0.0,0.5,0.5,0.02,"dict(net_arch=[64,64])"
1e-3,256,32,10,0.995,0.2,0.90,0.0,0.5,0.5,0.02,"dict(net_arch=[128,128])"
1e-3,256,32,10,0.995,0.2,0.90,0.01,0.5,0.5,0.02,"dict(net_arch=[64,64])"
1e-3,256,32,10,0.995,0.2,0.90,0.01,0.5,0.5,0.02,"dict(net_arch=[128,128])"
1e-3,256,32,10,0.995,0.2,0.90,0.02,0.5,0.5,0.02,"dict(net_arch=[64,64])"
1e-3,256,32,10,0.995,0.2,0.90,0.02,0.5,0.5,0.02,"dict(net_arch=[128,128])"
1e-3,256,32,10,0.995,0.2,0.95,0.0,0.5,0.5,0.02,"dict(net_arch=[64,64])"
1e-3,256,32,10,0.995,0.2,0.95,0.0,0.5,0.5,0.02,"dict(net_arch=[128,128])"
1e-3,256,32,10,0.995,0.2,0.95,0.01,0.5,0.5,0.02,"dict(net_arch=[64,64])"
1e-3,256,32,10,0.995,0.2,0.95,0.01,0.5,0.5,0.02,"dict(net_arch=[128,128])"
1e-3,256,32,10,0.995,0.2,0.95,0.02,0.5,0.5,0.02,"dict(net_arch=[64,64])"
1e-3,256,32,10,0.995,0.2,0.95,0.02,0.5,0.5,0.02,"dict(net_arch=[128,128])"
1e-3,256,32,10,0.995,0.3,0.90,0.0,0.5,0.5,0.02,"dict(net_arch=[64,64])"
1e-3,256,32,10,0.995,0.3,0.90,0.0,0.5,0.5,0.02,"dict(net_arch=[128,128])"
1e-3,256,32,10,0.995,0.3,0.90,0.01,0.5,0.5,0.02,"dict(net_arch=[64,64])"
1e-3,256,32,10,0.995,0.3,0.90,0.01,0.5,0.5,0.02,"dict(net_arch=[128,128])"
1e-3,256,32,10,0.995,0.3,0.90,0.02,0.5,0.5,0.02,"dict(net_arch=[64,64])"
1e-3,256,32,10,0.995,0.3,0.90,0.02,0.5,0.5,0.02,"dict(net_arch=[128,128])"
1e-3,256,32,10,0.995,0.3,0.95,0.0,0.5,0.5,0.02,"dict(net_arch=[64,64])"
1e-3,256,32,10,0.995,0.3,0.95,0.0,0.5,0.5,0.02,"dict(net_arch=[128,128])"
1e-3,256,32,10,0.995,0.3,0.95,0.01,0.5,0.5,0.02,"dict(net_arch=[64,64])"
1e-3,256,32,10,0.995,0.3,0.95,0.01,0.5,0.5,0.02,"dict(net_arch=[128,128])"
1e-3,256,32,10,0.995,0.3,0.95,0.02,0.5,0.5,0.02,"dict(net_arch=[64,64])"
1e-3,256,32,10,0.995,0.3,0.95,0.02,0.5,0.5,0.02,"dict(net_arch=[128,128])"
1e-3,256,32,20,0.99,0.2,0.90,0.0,0.5,0.5,0.02,"dict(net_arch=[64,64])"
1e-3,256,32,20,0.99,0.2,0.90,0.0,0.5,0.5,0.02,"dict(net_arch=[128,128])"
1e-3,256,32,20,0.99,0.2,0.90,0.01,0.5,0.5,0.02,"dict(net_arch=[64,64])"
1e-3,256,32,20,0.99,0.2,0.90,0.01,0.5,0.5,0.02,"dict(net_arch=[128,128])"
1e-3,256,32,20,0.99,0.2,0.90,0.02,0.5,0.5,0.02,"dict(net_arch=[64,64])"
1e-3,256,32,20,0.99,0.2,0.90,0.02,0.5,0.5,0.02,"dict(net_arch=[128,128])"
1e-3,256,32,20,0.99,0.2,0.95,0.0,0.5,0.5,0.02,"dict(net_arch=[64,64])"
1e-3,256,32,20,0.99,0.2,0.95,0.0,0.5,0.5,0.02,"dict(net_arch=[128,128])"
1e-3,256,32,20,0.99,0.2,0.95,0.01,0.5,0.5,0.02,"dict(net_arch=[64,64])"
1e-3,256,32,20,0.99,0.2,0.95,0.01,0.5,0.5,0.02,"dict(net_arch=[128,128])"
1e-3,256,32,20,0.99,0.2,0.95,0.02,0.5,0.5,0.02,"dict(net_arch=[64,64])"
1e-3,256,32,20,0.99,0.2,0.95,0.02,0.5,0.5,0.02,"dict(net_arch=[128,128])"
1e-3,256,32,20,0.99,0.3,0.90,0.0,0.5,0.5,0.02,"dict(net_arch=[64,64])"
1e-3,256,32,20,0.99,0.3,0.90,0.0,0.5,0.5,0.02,"dict(net_arch=[128,128])"
1e-3,256,32,20,0.99,0.3,0.90,0.01,0.5,0.5,0.02,"dict(net_arch=[64,64])"
1e-3,256,32,20,0.99,0.3,0.90,0.01,0.5,0.5,0.02,"dict(net_arch=[128,128])"
1e-3,256,32,20,0.99,0.3,0.90,0.02,0.5,0.5,0.02,"dict(net_arch=[64,64])"
1e-3,256,32,20,0.99,0.3,0.90,0.02,0.5,0.5,0.02,"dict(net_arch=[128,128])"
1e-3,256,32,20,0.99,0.3,0.95,0.0,0.5,0.5,0.02,"dict(net_arch=[64,64])"
1e-3,256,32,20,0.99,0.3,0.95,0.0,0.5,0.5,0.02,"dict(net_arch=[128,128])"
1e-3,256,32,20,0.99,0.3,0.95,0.01,0.5,0.5,0.02,"dict(net_arch=[64,64])"
1e-3,256,32,20,0.99,0.3,0.95,0.01,0.5,0.5,0.02,"dict(net_arch=[128,128])"
1e-3,256,32,20,0.99,0.3,0.95,0.02,0.5,0.5,0.02,"dict(net_arch=[64,64])"
1e-3,256,32,20,0.99,0.3,0.95,0.02,0.5,0.5,0.02,"dict(net_arch=[128,128])"
1e-3,256,32,20,0.995,0.2,0.90,0.0,0.5,0.5,0.02,"dict(net_arch=[64,64])"
1e-3,256,32,20,0.995,0.2,0.90,0.0,0.5,0.5,0.02,"dict(net_arch=[128,128])"
1e-3,256,32,20,0.995,0.2,0.90,0.01,0.5,0.5,0.02,"dict(net_arch=[64,64])"
1e-3,256,32,20,0.995,0.2,0.90,0.01,0.5,0.5,0.02,"dict(net_arch=[128,128])"
1e-3,256,32,20,0.995,0.2,0.90,0.02,0.5,0.5,0.02,"dict(net_arch=[64,64])"
1e-3,256,32,20,0.995,0.2,0.90,0.02,0.5,0.5,0.02,"dict(net_arch=[128,128])"
1e-3,256,32,20,0.995,0.2,0.95,0.0,0.5,0.5,0.02,"dict(net_arch=[64,64])"
1e-3,256,32,20,0.995,0.2,0.95,0.0,0.5,0.5,0.02,"dict(net_arch=[128,128])"
1e-3,256,32,20,0.995,0.2,0.95,0.01,0.5,0.5,0.02,"dict(net_arch=[64,64])"
1e-3,256,32,20,0.995,0.2,0.95,0.01,0.5,0.5,0.02,"dict(net_arch=[128,128])"
1e-3,256,32,20,0.995,0.2,0.95,0.02,0.5,0.5,0.02,"dict(net_arch=[64,64])"
1e-3,256,32,20,0.995,0.2,0.95,0.02,0.5,0.5,0.02,"dict(net_arch=[128,128])"
1e-3,256,32,20,0.995,0.3,0.90,0.0,0.5,0.5,0.02,"dict(net_arch=[64,64])"
1e-3,256,32,20,0.995,0.3,0.90,0.0,0.5,0.5,0.02,"dict(net_arch=[128,128])"
1e-3,256,32,20,0.995,0.3,0.90,0.01,0.5,0.5,0.02,"dict(net_arch=[64,64])"
1e-3,256,32,20,0.995,0.3,0.90,0.01,0.5,0.5,0.02,"dict(net_arch=[128,128])"
1e-3,256,32,20,0.995,0.3,0.90,0.02,0.5,0.5,0.02,"dict(net_arch=[64,64])"
1e-3,256,32,20,0.995,0.3,0.90,0.02,0.5,0.5,0.02,"dict(net_arch=[128,128])"
1e-3,256,32,20,0.995,0.3,0.95,0.0,0.5,0.5,0.02,"dict(net_arch=[64,64])"
1e-3,256,32,20,0.995,0.3,0.95,0.0,0.5,0.5,0.02,"dict(net_arch=[128,128])"
1e-3,256,32,20,0.995,0.3,0.95,0.01,0.5,0.5,0.02,"dict(net_arch=[64,64])"
1e-3,256,32,20,0.995,0.3,0.95,0.01,0.5,0.5,0.02,"dict(net_arch=[128,128])"
1e-3,256,32,20,0.995,0.3,0.95,0.02,0.5,0.5,0.02,"dict(net_arch=[64,64])"
1e-3,256,32,20,0.995,0.3,0.95,0.02,0.5,0.5,0.02,"dict(net_arch=[128,128])"
1e-3,256,64,10,0.99,0.2,0.90,0.0,0.5,0.5,0.02,"dict(net_arch=[64,64])"
1e-3,256,64,10,0.99,0.2,0.90,0.0,0.5,0.5,0.02,"dict(net_arch=[128,128])"
1e-3,256,64,10,0.99,0.2,0.90,0.01,0.5,0.5,0.02,"dict(net_arch=[64,64])"
1e-3,256,64,10,0.99,0.2,0.90,0.01,0.5,0.5,0.02,"dict(net_arch=[128,128])"
1e-3,256,64,10,0.99,0.2,0.90,0.02,0.5,0.5,0.02,"dict(net_arch=[64,64])"
1e-3,256,64,10,0.99,0.2,0.90,0.02,0.5,0.5,0.02,"dict(net_arch=[128,128])"
1e-3,256,64,10,0.99,0.2,0.95,0.0,0.5,0.5,0.02,"dict(net_arch=[64,64])"
1e-3,256,64,10,0.99,0.2,0.95,0.0,0.5,0.5,0.02,"dict(net_arch=[128,128])"
1e-3,256,64,10,0.99,0.2,0.95,0.01,0.5,0.5,0.02,"dict(net_arch=[64,64])"
1e-3,256,64,10,0.99,0.2,0.95,0.01,0.5,0.5,0.02,"dict(net_arch=[128,128])"
1e-3,256,64,10,0.99,0.2,0.95,0.02,0.5,0.5,0.02,"dict(net_arch=[64,64])"
1e-3,256,64,10,0.99,0.2,0.95,0.02,0.5,0.5,0.02,"dict(net_arch=[128,128])"
1e-3,256,64,10,0.99,0.3,0.90,0.0,0.5,0.5,0.02,"dict(net_arch=[64,64])"
1e-3,256,64,10,0.99,0.3,0.90,0.0,0.5,0.5,0.02,"dict(net_arch=[128,128])"
1e-3,256,64,10,0.99,0.3,0.90,0.01,0.5,0.5,0.02,"dict(net_arch=[64,64])"
1e-3,256,64,10,0.99,0.3,0.90,0.01,0.5,0.5,0.02,"dict(net_arch=[128,128])"
1e-3,256,64,10,0.99,0.3,0.90,0.02,0.5,0.5,0.02,"dict(net_arch=[64,64])"
1e-3,256,64,10,0.99,0.3,0.90,0.02,0.5,0.5,0.02,"dict(net_arch=[128,128])"
1e-3,256,64,10,0.99,0.3,0.95,0.0,0.5,0.5,0.02,"dict(net_arch=[64,64])"
1e-3,256,64,10,0.99,0.3,0.95,0.0,0.5,0.5,0.02,"dict(net_arch=[128,128])"
1e-3,256,64,10,0.99,0.3,0.95,0.01,0.5,0.5,0.02,"dict(net_arch=[64,64])"
1e-3,256,64,10,0.99,0.3,0.95,0.01,0.5,0.5,0.02,"dict(net_arch=[128,128])"
1e-3,256,64,10,0.99,0.3,0.95,0.02,0.5,0.5,0.02,"dict(net_arch=[64,64])"
1e-3,256,64,10,0.99,0.3,0.95,0.02,0.5,0.5,0.02,"dict(net_arch=[128,128])"
1e-3,256,64,10,0.995,0.2,0.90,0.0,0.5,0.5,0.02,"dict(net_arch=[64,64])"
1e-3,256,64,10,0.995,0.2,0.90,0.0,0.5,0.5,0.02,"dict(net_arch=[128,128])"
1e-3,256,64,10,0.995,0.2,0.90,0.01,0.5,0.5,0.02,"dict(net_arch=[64,64])"
1e-3,256,64,10,0.995,0.2,0.90,0.01,0.5,0.5,0.02,"dict(net_arch=[128,128])"
1e-3,256,64,10,0.995,0.2,0.90,0.02,0.5,0.5,0.02,"dict(net_arch=[64,64])"
1e-3,256,64,10,0.995,0.2,0.90,0.02,0.5,0.5,0.02,"dict(net_arch=[128,128])"
1e-3,256,64,10,0.995,0.2,0.95,0.0,0.5,0.5,0.02,"dict(net_arch=[64,64])"
1e-3,256,64,10,0.995,0.2,0.95,0.0,0.5,0.5,0.02,"dict(net_arch=[128,128])"
1e-3,256,64,10,0.995,0.2,0.95,0.01,0.5,0.5,0.02,"dict(net_arch=[64,64])"
1e-3,256,64,10,0.995,0.2,0.95,0.01,0.5,0.5,0.02,"dict(net_arch=[128,128])"
1e-3,256,64,10,0.995,0.2,0.95,0.02,0.5,0.5,0.02,"dict(net_arch=[64,64])"
1e-3,256,64,10,0.995,0.2,0.95,0.02,0.5,0.5,0.02,"dict(net_arch=[128,128])"
1e-3,256,64,10,0.995,0.3,0.90,0.0,0.5,0.5,0.02,"dict(net_arch=[64,64])"
1e-3,256,64,10,0.995,0.3,0.90,0.0,0.5,0.5,0.02,"dict(net_arch=[128,128])"
1e-3,256,64,10,0.995,0.3,0.90,0.01,0.5,0.5,0.02,"dict(net_arch=[64,64])"
1e-3,256,64,10,0.995,0.3,0.90,0.01,0.5,0.5,0.02,"dict(net_arch=[128,128])"
1e-3,256,64,10,0.995,0.3,0.90,0.02,0.5,0.5,0.02,"dict(net_arch=[64,64])"
1e-3,256,64,10,0.995,0.3,0.90,0.02,0.5,0.5,0.02,"dict(net_arch=[128,128])"
1e-3,256,64,10,0.995,0.3,0.95,0.0,0.5,0.5,0.02,"dict(net_arch=[64,64])"
1e-3,256,64,10,0.995,0.3,0.95,0.0,0.5,0.5,0.02,"dict(net_arch=[128,128])"
1e-3,256,64,10,0.995,0.3,0.95,0.01,0.5,0.5,0.02,"dict(net_arch=[64,64])"
1e-3,256,64,10,0.995,0.3,0.95,0.01,0.5,0.5,0.02,"dict(net_arch=[128,128])"
1e-3,256,64,10,0.995,0.3,0.95,0.02,0.5,0.5,0.02,"dict(net_arch=[64,64])"
1e-3,256,64,10,0.995,0.3,0.95,0.02,0.5,0.5,0.02,"dict(net_arch=[128,128])"
1e-3,256,64,20,0.99,0.2,0.90,0.0,0.5,0.5,0.02,"dict(net_arch=[64,64])"
1e-3,256,64,20,0.99,0.2,0.90,0.0,0.5,0.5,0.02,"dict(net_arch=[128,128])"
1e-3,256,64,20,0.99,0.2,0.90,0.01,0.5,0.5,0.02,"dict(net_arch=[64,64])"
1e-3,256,64,20,0.99,0.2,0.90,0.01,0.5,0.5,0.02,"dict(net_arch=[128,128])"
1e-3,256,64,20,0.99,0.2,0.90,0.02,0.5,0.5,0.02,"dict(net_arch=[64,64])"
1e-3,256,64,20,0.99,0.2,0.90,0.02,0.5,0.5,0.02,"dict(net_arch=[128,128])"
1e-3,256,64,20,0.99,0.2,0.95,0.0,0.5,0.5,0.02,"dict(net_arch=[64,64])"
1e-3,256,64,20,0.99,0.2,0.95,0.0,0.5,0.5,0.02,"dict(net_arch=[128,128])"
1e-3,256,64,20,0.99,0.2,0.95,0.01,0.5,0.5,0.02,"dict(net_arch=[64,64])"
1e-3,256,64,20,0.99,0.2,0.95,0.01,0.5,0.5,0.02,"dict(net_arch=[128,128])"
1e-3,256,64,20,0.99,0.2,0.95,0.02,0.5,0.5,0.02,"dict(net_arch=[64,64])"
1e-3,256,64,20,0.99,0.2,0.95,0.02,0.5,0.5,0.02,"dict(net_arch=[128,128])"
1e-3,256,64,20,0.99,0.3,0.90,0.0,0.5,0.5,0.02,"dict(net_arch=[64,64])"
1e-3,256,64,20,0.99,0.3,0.90,0.0,0.5,0.5,0.02,"dict(net_arch=[128,128])"
1e-3,256,64,20,0.99,0.3,0.90,0.01,0.5,0.5,0.02,"dict(net_arch=[64,64])"
1e-3,256,64,20,0.99,0.3,0.90,0.01,0.5,0.5,0.02,"dict(net_arch=[128,128])"
1e-3,256,64,20,0.99,0.3,0.90,0.02,0.5,0.5,0.02,"dict(net_arch=[64,64])"
1e-3,256,64,20,0.99,0.3,0.90,0.02,0.5,0.5,0.02,"dict(net_arch=[128,128])"
1e-3,256,64,20,0.99,0.3,0.95,0.0,0.5,0.5,0.02,"dict(net_arch=[64,64])"
1e-3,256,64,20,0.99,0.3,0.95,0.0,0.5,0.5,0.02,"dict(net_arch=[128,128])"
1e-3,256,64,20,0.99,0.3,0.95,0.01,0.5,0.5,0.02,"dict(net_arch=[64,64])"
1e-3,256,64,20,0.99,0.3,0.95,0.01,0.5,0.5,0.02,"dict(net_arch=[128,128])"
1e-3,256,64,20,0.99,0.3,0.95,0.02,0.5,0.5,0.02,"dict(net_arch=[64,64])"
1e-3,256,64,20,0.99,0.3,0.95,0.02,0.5,0.5,0.02,"dict(net_arch=[128,128])"
1e-3,256,64,20,0.995,0.2,0.90,0.0,0.5,0.5,0.02,"dict(net_arch=[64,64])"
1e-3,256,64,20,0.995,0.2,0.90,0.0,0.5,0.5,0.02,"dict(net_arch=[128,128])"
1e-3,256,64,20,0.995,0.2,0.90,0.01,0.5,0.5,0.02,"dict(net_arch=[64,64])"
1e-3,256,64,20,0.995,0.2,0.90,0.01,0.5,0.5,0.02,"dict(net_arch=[128,128])"
1e-3,256,64,20,0.995,0.2,0.90,0.02,0.5,0.5,0.02,"dict(net_arch=[64,64])"
1e-3,256,64,20,0.995,0.2,0.90,0.02,0.5,0.5,0.02,"dict(net_arch=[128,128])"
1e-3,256,64,20,0.995,0.2,0.95,0.0,0.5,0.5,0.02,"dict(net_arch=[64,64])"
1e-3,256,64,20,0.995,0.2,0.95,0.0,0.5,0.5,0.02,"dict(net_arch=[128,128])"
1e-3,256,64,20,0.995,0.2,0.95,0.01,0.5,0.5,0.02,"dict(net_arch=[64,64])"
1e-3,256,64,20,0.995,0.2,0.95,0.01,0.5,0.5,0.02,"dict(net_arch=[128,128])"
1e-3,256,64,20,0.995,0.2,0.95,0.02,0.5,0.5,0.02,"dict(net_arch=[64,64])"
1e-3,256,64,20,0.995,0.2,0.95,0.02,0.5,0.5,0.02,"dict(net_arch=[128,128])"
1e-3,256,64,20,0.995,0.3,0.90,0.0,0.5,0.5,0.02,"dict(net_arch=[64,64])"
1e-3,256,64,20,0.995,0.3,0.90,0.0,0.5,0.5,0.02,"dict(net_arch=[128,128])"
1e-3,256,64,20,0.995,0.3,0.90,0.01,0.5,0.5,0.02,"dict(net_arch=[64,64])"
1e-3,256,64,20,0.995,0.3,0.90,0.01,0.5,0.5,0.02,"dict(net_arch=[128,128])"
1e-3,256,64,20,0.995,0.3,0.90,0.02,0.5,0.5,0.02,"dict(net_arch=[64,64])"
1e-3,256,64,20,0.995,0.3,0.90,0.02,0.5,0.5,0.02,"dict(net_arch=[128,128])"
1e-3,256,64,20,0.995,0.3,0.95,0.0,0.5,0.5,0.02,"dict(net_arch=[64,64])"
1e-3,256,64,20,0.995,0.3,0.95,0.0,0.5,0.5,0.02,"dict(net_arch=[128,128])"
1e-3,256,64,20,0.995,0.3,0.95,0.01,0.5,0.5,0.02,"dict(net_arch=[64,64])"
1e-3,256,64,20,0.995,0.3,0.95,0.01,0.5,0.5,0.02,"dict(net_arch=[128,128])"
1e-3,256,64,20,0.995,0.3,0.95,0.02,0.5,0.5,0.02,"dict(net_arch=[64,64])"
1e-3,256,64,20,0.995,0.3,0.95,0.02,0.5,0.5,0.02,"dict(net_arch=[128,128])"
1e-3,512,32,10,0.99,0.2,0.90,0.0,0.5,0.5,0.02,"dict(net_arch=[64,64])"
1e-3,512,32,10,0.99,0.2,0.90,0.0,0.5,0.5,0.02,"dict(net_arch=[128,128])"
1e-3,512,32,10,0.99,0.2,0.90,0.01,0.5,0.5,0.02,"dict(net_arch=[64,64])"
1e-3,512,32,10,0.99,0.2,0.90,0.01,0.5,0.5,0.02,"dict(net_arch=[128,128])"
1e-3,512,32,10,0.99,0.2,0.90,0.02,0.5,0.5,0.02,"dict(net_arch=[64,64])"
1e-3,512,32,10,0.99,0.2,0.90,0.02,0.5,0.5,0.02,"dict(net_arch=[128,128])"
1e-3,512,32,10,0.99,0.2,0.95,0.0,0.5,0.5,0.02,"dict(net_arch=[64,64])"
1e-3,512,32,10,0.99,0.2,0.95,0.0,0.5,0.5,0.02,"dict(net_arch=[128,128])"
1e-3,512,32,10,0.99,0.2,0.95,0.01,0.5,0.5,0.02,"dict(net_arch=[64,64])"
1e-3,512,32,10,0.99,0.2,0.95,0.01,0.5,0.5,0.02,"dict(net_arch=[128,128])"
1e-3,512,32,10,0.99,0.2,0.95,0.02,0.5,0.5,0.02,"dict(net_arch=[64,64])"
1e-3,512,32,10,0.99,0.2,0.95,0.02,0.5,0.5,0.02,"dict(net_arch=[128,128])"
1e-3,512,32,10,0.99,0.3,0.90,0.0,0.5,0.5,0.02,"dict(net_arch=[64,64])"
1e-3,512,32,10,0.99,0.3,0.90,0.0,0.5,0.5,0.02,"dict(net_arch=[128,128])"
1e-3,512,32,10,0.99,0.3,0.90,0.01,0.5,0.5,0.02,"dict(net_arch=[64,64])"
1e-3,512,32,10,0.99,0.3,0.90,0.01,0.5,0.5,0.02,"dict(net_arch=[128,128])"
1e-3,512,32,10,0.99,0.3,0.90,0.02,0.5,0.5,0.02,"dict(net_arch=[64,64])"
1e-3,512,32,10,0.99,0.3,0.90,0.02,0.5,0.5,0.02,"dict(net_arch=[128,128])"
1e-3,512,32,10,0.99,0.3,0.95,0.0,0.5,0.5,0.02,"dict(net_arch=[64,64])"
1e-3,512,32,10,0.99,0.3,0.95,0.0,0.5,0.5,0.02,"dict(net_arch=[128,128])"
1e-3,512,32,10,0.99,0.3,0.95,0.01,0.5,0.5,0.02,"dict(net_arch=[64,64])"
1e-3,512,32,10,0.99,0.3,0.95,0.01,0.5,0.5,0.02,"dict(net_arch=[128,128])"
1e-3,512,32,10,0.99,0.3,0.95,0.02,0.5,0.5,0.02,"dict(net_arch=[64,64])"
1e-3,512,32,10,0.99,0.3,0.95,0.02,0.5,0.5,0.02,"dict(net_arch=[128,128])"
1e-3,512,32,10,0.995,0.2,0.90,0.0,0.5,0.5,0.02,"dict(net_arch=[64,64])"
1e-3,512,32,10,0.995,0.2,0.90,0.0,0.5,0.5,0.02,"dict(net_arch=[128,128])"
1e-3,512,32,10,0.995,0.2,0.90,0.01,0.5,0.5,0.02,"dict(net_arch=[64,64])"
1e-3,512,32,10,0.995,0.2,0.90,0.01,0.5,0.5,0.02,"dict(net_arch=[128,128])"
1e-3,512,32,10,0.995,0.2,0.90,0.02,0.5,0.5,0.02,"dict(net_arch=[64,64])"
1e-3,512,32,10,0.995,0.2,0.90,0.02,0.5,0.5,0.02,"dict(net_arch=[128,128])"
1e-3,512,32,10,0.995,0.2,0.95,0.0,0.5,0.5,0.02,"dict(net_arch=[64,64])"
1e-3,512,32,10,0.995,0.2,0.95,0.0,0.5,0.5,0.02,"dict(net_arch=[128,128])"
1e-3,512,32,10,0.995,0.2,0.95,0.01,0.5,0.5,0.02,"dict(net_arch=[64,64])"
1e-3,512,32,10,0.995,0.2,0.95,0.01,0.5,0.5,0.02,"dict(net_arch=[128,128])"
1e-3,512,32,10,0.995,0.2,0.95,0.02,0.5,0.5,0.02,"dict(net_arch=[64,64])"
1e-3,512,32,10,0.995,0.2,0.95,0.02,0.5,0.5,0.02,"dict(net_arch=[128,128])"
1e-3,512,32,10,0.995,0.3,0.90,0.0,0.5,0.5,0.02,"dict(net_arch=[64,64])"
1e-3,512,32,10,0.995,0.3,0.90,0.0,0.5,0.5,0.02,"dict(net_arch=[128,128])"
1e-3,512,32,10,0.995,0.3,0.90,0.01,0.5,0.5,0.02,"dict(net_arch=[64,64])"
1e-3,512,32,10,0.995,0.3,0.90,0.01,0.5,0.5,0.02,"dict(net_arch=[128,128])"
1e-3,512,32,10,0.995,0.3,0.90,0.02,0.5,0.5,0.02,"dict(net_arch=[64,64])"
1e-3,512,32,10,0.995,0.3,0.90,0.02,0.5,0.5,0.02,"dict(net_arch=[128,128])"
1e-3,512,32,10,0.995,0.3,0.95,0.0,0.5,0.5,0.02,"dict(net_arch=[64,64])"
1e-3,512,32,10,0.995,0.3,0.95,0.0,0.5,0.5,0.02,"dict(net_arch=[128,128])"
1e-3,512,32,10,0.995,0.3,0.95,0.01,0.5,0.5,0.02,"dict(net_arch=[64,64])"
1e-3,512,32,10,0.995,0.3,0.95,0.01,0.5,0.5,0.02,"dict(net_arch=[128,128])"
1e-3,512,32,10,0.995,0.3,0.95,0.02,0.5,0.5,0.02,"dict(net_arch=[64,64])"
1e-3,512,32,10,0.995,0.3,0.95,0.02,0.5,0.5,0.02,"dict(net_arch=[128,128])"
1e-3,512,64,10,0.99,0.2,0.90,0.0,0.5,0.5,0.02,"dict(net_arch=[64,64])"
1e-3,512,64,10,0.99,0.2,0.90,0.0,0.5,0.5,0.02,"dict(net_arch=[128,128])"
1e-3,512,64,10,0.99,0.2,0.90,0.01,0.5,0.5,0.02,"dict(net_arch=[64,64])"
1e-3,512,64,10,0.99,0.2,0.90,0.01,0.5,0.5,0.02,"dict(net_arch=[128,128])"
1e-3,512,64,10,0.99,0.2,0.90,0.02,0.5,0.5,0.02,"dict(net_arch=[64,64])"
1e-3,512,64,10,0.99,0.2,0.90,0.02,0.5,0.5,0.02,"dict(net_arch=[128,128])"
1e-3,512,64,10,0.99,0.2,0.95,0.0,0.5,0.5,0.02,"dict(net_arch=[64,64])"
1e-3,512,64,10,0.99,0.2,0.95,0.0,0.5,0.5,0.02,"dict(net_arch=[128,128])"
1e-3,512,64,10,0.99,0.2,0.95,0.01,0.5,0.5,0.02,"dict(net_arch=[64,64])"
1e-3,512,64,10,0.99,0.2,0.95,0.01,0.5,0.5,0.02,"dict(net_arch=[128,128])"
1e-3,512,64,10,0.99,0.2,0.95,0.02,0.5,0.5,0.02,"dict(net_arch=[64,64])"
1e-3,512,64,10,0.99,0.2,0.95,0.02,0.5,0.5,0.02,"dict(net_arch=[128,128])"
1e-3,512,64,10,0.99,0.3,0.90,0.0,0.5,0.5,0.02,"dict(net_arch=[64,64])"
1e-3,512,64,10,0.99,0.3,0.90,0.0,0.5,0.5,0.02,"dict(net_arch=[128,128])"
1e-3,512,64,10,0.99,0.3,0.90,0.01,0.5,0.5,0.02,"dict(net_arch=[64,64])"
1e-3,512,64,10,0.99,0.3,0.90,0.01,0.5,0.5,0.02,"dict(net_arch=[128,128])"
1e-3,512,64,10,0.99,0.3,0.90,0.02,0.5,0.5,0.02,"dict(net_arch=[64,64])"
1e-3,512,64,10,0.99,0.3,0.90,0.02,0.5,0.5,0.02,"dict(net_arch=[128,128])"
1e-3,512,64,10,0.99,0.3,0.95,0.0,0.5,0.5,0.02,"dict(net_arch=[64,64])"
1e-3,512,64,10,0.99,0.3,0.95,0.0,0.5,0.5,0.02,"dict(net_arch=[128,128])"
1e-3,512,64,10,0.99,0.3,0.95,0.01,0.5,0.5,0.02,"dict(net_arch=[64,64])"
1e-3,512,64,10,0.99,0.3,0.95,0.01,0.5,0.5,0.02,"dict(net_arch=[128,128])"
1e-3,512,64,10,0.99,0.3,0.95,0.02,0.5,0.5,0.02,"dict(net_arch=[64,64])"
1e-3,512,64,10,0.99,0.3,0.95,0.02,0.5,0.5,0.02,"dict(net_arch=[128,128])"
1e-3,512,64,10,0.995,0.2,0.90,0.0,0.5,0.5,0.02,"dict(net_arch=[64,64])"
1e-3,512,64,10,0.995,0.2,0.90,0.0,0.5,0.5,0.02,"dict(net_arch=[128,128])"
1e-3,512,64,10,0.995,0.2,0.90,0.01,0.5,0.5,0.02,"dict(net_arch=[64,64])"
1e-3,512,64,10,0.995,0.2,0.90,0.01,0.5,0.5,0.02,"dict(net_arch=[128,128])"
1e-3,512,64,10,0.995,0.2,0.90,0.02,0.5,0.5,0.02,"dict(net_arch=[64,64])"
1e-3,512,64,10,0.995,0.2,0.90,0.02,0.5,0.5,0.02,"dict(net_arch=[128,128])"
1e-3,512,64,10,0.995,0.2,0.95,0.0,0.5,0.5,0.02,"dict(net_arch=[64,64])"
1e-3,512,64,10,0.995,0.2,0.95,0.0,0.5,0.5,0.02,"dict(net_arch=[128,128])"
1e-3,512,64,10,0.995,0.2,0.95,0.01,0.5,0.5,0.02,"dict(net_arch=[64,64])"
1e-3,512,64,10,0.995,0.2,0.95,0.01,0.5,0.5,0.02,"dict(net_arch=[128,128])"
1e-3,512,64,10,0.995,0.2,0.95,0.02,0.5,0.5,0.02,"dict(net_arch=[64,64])"
1e-3,512,64,10,0.995,0.2,0.95,0.02,0.5,0.5,0.02,"dict(net_arch=[128,128])"
1e-3,512,64,10,0.995,0.3,0.90,0.0,0.5,0.5,0.02,"dict(net_arch=[64,64])"
1e-3,512,64,10,0.995,0.3,0.90,0.0,0.5,0.5,0.02,"dict(net_arch=[128,128])"
1e-3,512,64,10,0.995,0.3,0.90,0.01,0.5,0.5,0.02,"dict(net_arch=[64,64])"
1e-3,512,64,10,0.995,0.3,0.90,0.01,0.5,0.5,0.02,"dict(net_arch=[128,128])"
1e-3,512,64,10,0.995,0.3,0.90,0.02,0.5,0.5,0.02,"dict(net_arch=[64,64])"
1e-3,512,64,10,0.995,0.3,0.90,0.02,0.5,0.5,0.02,"dict(net_arch=[128,128])"
1e-3,512,64,10,0.995,0.3,0.95,0.0,0.5,0.5,0.02,"dict(net_arch=[64,64])"
1e-3,512,64,10,0.995,0.3,0.95,0.0,0.5,0.5,0.02,"dict(net_arch=[128,128])"
1e-3,512,64,10,0.995,0.3,0.95,0.01,0.5,0.5,0.02,"dict(net_arch=[64,64])"
1e-3,512,64,10,0.995,0.3,0.95,0.01,0.5,0.5,0.02,"dict(net_arch=[128,128])"
1e-3,512,64,10,0.995,0.3,0.95,0.02,0.5,0.5,0.02,"dict(net_arch=[64,64])"
1e-3,512,64,10,0.995,0.3,0.95,0.02,0.5,0.5,0.02,"dict(net_arch=[128,128])"
1e-3,512,64,20,0.99,0.2,0.90,0.0,0.5,0.5,0.02,"dict(net_arch=[64,64])"
1e-3,512,64,20,0.99,0.2,0.90,0.0,0.5,0.5,0.02,"dict(net_arch=[128,128])"
1e-3,512,64,20,0.99,0.2,0.90,0.01,0.5,0.5,0.02,"dict(net_arch=[64,64])"
1e-3,512,64,20,0.99,0.2,0.90,0.01,0.5,0.5,0.02,"dict(net_arch=[128,128])"
1e-3,512,64,20,0.99,0.2,0.90,0.02,0.5,0.5,0.02,"dict(net_arch=[64,64])"
1e-3,512,64,20,0.99,0.2,0.90,0.02,0.5,0.5,0.02,"dict(net_arch=[128,128])"
1e-3,512,64,20,0.99,0.2,0.95,0.0,0.5,0.5,0.02,"dict(net_arch=[64,64])"
1e-3,512,64,20,0.99,0.2,0.95,0.0,0.5,0.5,0.02,"dict(net_arch=[128,128])"
1e-3,512,64,20,0.99,0.2,0.95,0.01,0.5,0.5,0.02,"dict(net_arch=[64,64])"
1e-3,512,64,20,0.99,0.2,0.95,0.01,0.5,0.5,0.02,"dict(net_arch=[128,128])"
1e-3,512,64,20,0.99,0.2,0.95,0.02,0.5,0.5,0.02,"dict(net_arch=[64,64])"
1e-3,512,64,20,0.99,0.2,0.95,0.02,0.5,0.5,0.02,"dict(net_arch=[128,128])"
1e-3,512,64,20,0.99,0.3,0.90,0.0,0.5,0.5,0.02,"dict(net_arch=[64,64])"
1e-3,512,64,20,0.99,0.3,0.90,0.0,0.5,0.5,0.02,"dict(net_arch=[128,128])"
1e-3,512,64,20,0.99,0.3,0.90,0.01,0.5,0.5,0.02,"dict(net_arch=[64,64])"
1e-3,512,64,20,0.99,0.3,0.90,0.01,0.5,0.5,0.02,"dict(net_arch=[128,128])"
1e-3,512,64,20,0.99,0.3,0.90,0.02,0.5,0.5,0.02,"dict(net_arch=[64,64])"
1e-3,512,64,20,0.99,0.3,0.90,0.02,0.5,0.5,0.02,"dict(net_arch=[128,128])"
1e-3,512,64,20,0.99,0.3,0.95,0.0,0.5,0.5,0.02,"dict(net_arch=[64,64])"
1e-3,512,64,20,0.99,0.3,0.95,0.0,0.5,0.5,0.02,"dict(net_arch=[128,128])"
1e-3,512,64,20,0.99,0.3,0.95,0.01,0.5,0.5,0.02,"dict(net_arch=[64,64])"
1e-3,512,64,20,0.99,0.3,0.95,0.01,0.5,0.5,0.02,"dict(net_arch=[128,128])"
1e-3,512,64,20,0.99,0.3,0.95,0.02,0.5,0.5,0.02,"dict(net_arch=[64,64])"
1e-3,512,64,20,0.99,0.3,0.95,0.02,0.5,0.5,0.02,"dict(net_arch=[128,128])"
1e-3,512,64,20,0.995,0.2,0.90,0.0,0.5,0.5,0.02,"dict(net_arch=[64,64])"
1e-3,512,64,20,0.995,0.2,0.90,0.0,0.5,0.5,0.02,"dict(net_arch=[128,128])"
1e-3,512,64,20,0.995,0.2,0.90,0.01,0.5,0.5,0.02,"dict(net_arch=[64,64])"
1e-3,512,64,20,0.995,0.2,0.90,0.01,0.5,0.5,0.02,"dict(net_arch=[128,128])"
1e-3,512,64,20,0.995,0.2,0.90,0.02,0.5,0.5,0.02,"dict(net_arch=[64,64])"
1e-3,512,64,20,0.995,0.2,0.90,0.02,0.5,0.5,0.02,"dict(net_arch=[128,128])"
1e-3,512,64,20,0.995,0.2,0.95,0.0,0.5,0.5,0.02,"dict(net_arch=[64,64])"
1e-3,512,64,20,0.995,0.2,0.95,0.0,0.5,0.5,0.02,"dict(net_arch=[128,128])"
1e-3,512,64,20,0.995,0.2,0.95,0.01,0.5,0.5,0.02,"dict(net_arch=[64,64])"
1e-3,512,64,20,0.995,0.2,0.95,0.01,0.5,0.5,0.02,"dict(net_arch=[128,128])"
1e-3,512,64,20,0.995,0.2,0.95,0.02,0.5,0.5,0.02,"dict(net_arch=[64,64])"
1e-3,512,64,20,0.995,0.2,0.95,0.02,0.5,0.5,0.02,"dict(net_arch=[128,128])"
1e-3,512,64,20,0.995,0.3,0.90,0.0,0.5,0.5,0.02,"dict(net_arch=[64,64])"
1e-3,512,64,20,0.995,0.3,0.90,0.0,0.5,0.5,0.02,"dict(net_arch=[128,128])"
1e-3,512,64,20,0.995,0.3,0.90,0.01,0.5,0.5,0.02,"dict(net_arch=[64,64])"
1e-3,512,64,20,0.995,0.3,0.90,0.01,0.5,0.5,0.02,"dict(net_arch=[128,128])"
1e-3,512,64,20,0.995,0.3,0.90,0.02,0.5,0.5,0.02,"dict(net_arch=[64,64])"
1e-3,512,64,20,0.995,0.3,0.90,0.02,0.5,0.5,0.02,"dict(net_arch=[128,128])"
1e-3,512,64,20,0.995,0.3,0.95,0.0,0.5,0.5,0.02,"dict(net_arch=[64,64])"
1e-3,512,64,20,0.995,0.3,0.95,0.0,0.5,0.5,0.02,"dict(net_arch=[128,128])"
1e-3,512,64,20,0.995,0.3,0.95,0.01,0.5,0.5,0.02,"dict(net_arch=[64,64])"
1e-3,512,64,20,0.995,0.3,0.95,0.01,0.5,0.5,0.02,"dict(net_arch=[128,128])"
1e-3,512,64,20,0.995,0.3,0.95,0.02,0.5,0.5,0.02,"dict(net_arch=[64,64])"
1e-3,512,64,20,0.995,0.3,0.95,0.02,0.5,0.5,0.02,"dict(net_arch=[128,128])"
1e-4,128,32,10,0.99,0.2,0.90,0.0,0.5,0.5,0.02,"dict(net_arch=[64,64])"
1e-4,128,32,10,0.99,0.2,0.90,0.0,0.5,0.5,0.02,"dict(net_arch=[128,128])"
1e-4,128,32,10,0.99,0.2,0.90,0.01,0.5,0.5,0.02,"dict(net_arch=[64,64])"
1e-4,128,32,10,0.99,0.2,0.90,0.01,0.5,0.5,0.02,"dict(net_arch=[128,128])"
1e-4,128,32,10,0.99,0.2,0.90,0.02,0.5,0.5,0.02,"dict(net_arch=[64,64])"
1e-4,128,32,10,0.99,0.2,0.90,0.02,0.5,0.5,0.02,"dict(net_arch=[128,128])"
1e-4,128,32,10,0.99,0.2,0.95,0.0,0.5,0.5,0.02,"dict(net_arch=[64,64])"
1e-4,128,32,10,0.99,0.2,0.95,0.0,0.5,0.5,0.02,"dict(net_arch=[128,128])"
1e-4,128,32,10,0.99,0.2,0.95,0.01,0.5,0.5,0.02,"dict(net_arch=[64,64])"
1e-4,128,32,10,0.99,0.2,0.95,0.01,0.5,0.5,0.02,"dict(net_arch=[128,128])"
1e-4,128,32,10,0.99,0.2,0.95,0.02,0.5,0.5,0.02,"dict(net_arch=[64,64])"
1e-4,128,32,10,0.99,0.2,0.95,0.02,0.5,0.5,0.02,"dict(net_arch=[128,128])"
1e-4,128,32,10,0.99,0.3,0.90,0.0,0.5,0.5,0.02,"dict(net_arch=[64,64])"
1e-4,128,32,10,0.99,0.3,0.90,0.0,0.5,0.5,0.02,"dict(net_arch=[128,128])"
1e-4,128,32,10,0.99,0.3,0.90,0.01,0.5,0.5,0.02,"dict(net_arch=[64,64])"
1e-4,128,32,10,0.99,0.3,0.90,0.01,0.5,0.5,0.02,"dict(net_arch=[128,128])"
1e-4,128,32,10,0.99,0.3,0.90,0.02,0.5,0.5,0.02,"dict(net_arch=[64,64])"
1e-4,128,32,10,0.99,0.3,0.90,0.02,0.5,0.5,0.02,"dict(net_arch=[128,128])"
1e-4,128,32,10,0.99,0.3,0.95,0.0,0.5,0.5,0.02,"dict(net_arch=[64,64])"
1e-4,128,32,10,0.99,0.3,0.95,0.0,0.5,0.5,0.02,"dict(net_arch=[128,128])"
1e-4,128,32,10,0.99,0.3,0.95,0.01,0.5,0.5,0.02,"dict(net_arch=[64,64])"
1e-4,128,32,10,0.99,0.3,0.95,0.01,0.5,0.5,0.02,"dict(net_arch=[128,128])"
1e-4,128,32,10,0.99,0.3,0.95,0.02,0.5,0.5,0.02,"dict(net_arch=[64,64])"
1e-4,128,32,10,0.99,0.3,0.95,0.02,0.5,0.5,0.02,"dict(net_arch=[128,128])"
1e-4,128,32,10,0.995,0.2,0.90,0.0,0.5,0.5,0.02,"dict(net_arch=[64,64])"
1e-4,128,32,10,0.995,0.2,0.90,0.0,0.5,0.5,0.02,"dict(net_arch=[128,128])"
1e-4,128,32,10,0.995,0.2,0.90,0.01,0.5,0.5,0.02,"dict(net_arch=[64,64])"
1e-4,128,32,10,0.995,0.2,0.90,0.01,0.5,0.5,0.02,"dict(net_arch=[128,128])"
1e-4,128,32,10,0.995,0.2,0.90,0.02,0.5,0.5,0.02,"dict(net_arch=[64,64])"
1e-4,128,32,10,0.995,0.2,0.90,0.02,0.5,0.5,0.02,"dict(net_arch=[128,128])"
1e-4,128,32,10,0.995,0.2,0.95,0.0,0.5,0.5,0.02,"dict(net_arch=[64,64])"
1e-4,128,32,10,0.995,0.2,0.95,0.0,0.5,0.5,0.02,"dict(net_arch=[128,128])"
1e-4,128,32,10,0.995,0.2,0.95,0.01,0.5,0.5,0.02,"dict(net_arch=[64,64])"
1e-4,128,32,10,0.995,0.2,0.95,0.01,0.5,0.5,0.02,"dict(net_arch=[128,128])"
1e-4,128,32,10,0.995,0.2,0.95,0.02,0.5,0.5,0.02,"dict(net_arch=[64,64])"
1e-4,128,32,10,0.995,0.2,0.95,0.02,0.5,0.5,0.02,"dict(net_arch=[128,128])"
1e-4,128,32,10,0.995,0.3,0.90,0.0,0.5,0.5,0.02,"dict(net_arch=[64,64])"
1e-4,128,32,10,0.995,0.3,0.90,0.0,0.5,0.5,0.02,"dict(net_arch=[128,128])"
1e-4,128,32,10,0.995,0.3,0.90,0.01,0.5,0.5,0.02,"dict(net_arch=[64,64])"
1e-4,128,32,10,0.995,0.3,0.90,0.01,0.5,0.5,0.02,"dict(net_arch=[128,128])"
1e-4,128,32,10,0.995,0.3,0.90,0.02,0.5,0.5,0.02,"dict(net_arch=[64,64])"
1e-4,128,32,10,0.995,0.3,0.90,0.02,0.5,0.5,0.02,"dict(net_arch=[128,128])"
1e-4,128,32,10,0.995,0.3,0.95,0.0,0.5,0.5,0.02,"dict(net_arch=[64,64])"
1e-4,128,32,10,0.995,0.3,0.95,0.0,0.5,0.5,0.02,"dict(net_arch=[128,128])"
1e-4,128,32,10,0.995,0.3,0.95,0.01,0.5,0.5,0.02,"dict(net_arch=[64,64])"
1e-4,128,32,10,0.995,0.3,0.95,0.01,0.5,0.5,0.02,"dict(net_arch=[128,128])"
1e-4,128,32,10,0.995,0.3,0.95,0.02,0.5,0.5,0.02,"dict(net_arch=[64,64])"
1e-4,128,32,10,0.995,0.3,0.95,0.02,0.5,0.5,0.02,"dict(net_arch=[128,128])"
1e-4,128,32,20,0.99,0.2,0.90,0.0,0.5,0.5,0.02,"dict(net_arch=[64,64])"
1e-4,128,32,20,0.99,0.2,0.90,0.0,0.5,0.5,0.02,"dict(net_arch=[128,128])"
1e-4,128,32,20,0.99,0.2,0.90,0.01,0.5,0.5,0.02,"dict(net_arch=[64,64])"
1e-4,128,32,20,0.99,0.2,0.90,0.01,0.5,0.5,0.02,"dict(net_arch=[128,128])"
1e-4,128,32,20,0.99,0.2,0.90,0.02,0.5,0.5,0.02,"dict(net_arch=[64,64])"
1e-4,128,32,20,0.99,0.2,0.90,0.02,0.5,0.5,0.02,"dict(net_arch=[128,128])"
1e-4,128,32,20,0.99,0.2,0.95,0.0,0.5,0.5,0.02,"dict(net_arch=[64,64])"
1e-4,128,32,20,0.99,0.2,0.95,0.0,0.5,0.5,0.02,"dict(net_arch=[128,128])"
1e-4,128,32,20,0.99,0.2,0.95,0.01,0.5,0.5,0.02,"dict(net_arch=[64,64])"
1e-4,128,32,20,0.99,0.2,0.95,0.01,0.5,0.5,0.02,"dict(net_arch=[128,128])"
1e-4,128,32,20,0.99,0.2,0.95,0.02,0.5,0.5,0.02,"dict(net_arch=[64,64])"
1e-4,128,32,20,0.99,0.2,0.95,0.02,0.5,0.5,0.02,"dict(net_arch=[128,128])"
1e-4,128,32,20,0.99,0.3,0.90,0.0,0.5,0.5,0.02,"dict(net_arch=[64,64])"
1e-4,128,32,20,0.99,0.3,0.90,0.0,0.5,0.5,0.02,"dict(net_arch=[128,128])"
1e-4,128,32,20,0.99,0.3,0.90,0.01,0.5,0.5,0.02,"dict(net_arch=[64,64])"
1e-4,128,32,20,0.99,0.3,0.90,0.01,0.5,0.5,0.02,"dict(net_arch=[128,128])"
1e-4,128,32,20,0.99,0.3,0.90,0.02,0.5,0.5,0.02,"dict(net_arch=[64,64])"
1e-4,128,32,20,0.99,0.3,0.90,0.02,0.5,0.5,0.02,"dict(net_arch=[128,128])"
1e-4,128,32,20,0.99,0.3,0.95,0.0,0.5,0.5,0.02,"dict(net_arch=[64,64])"
1e-4,128,32,20,0.99,0.3,0.95,0.0,0.5,0.5,0.02,"dict(net_arch=[128,128])"
1e-4,128,32,20,0.99,0.3,0.95,0.01,0.5,0.5,0.02,"dict(net_arch=[64,64])"
1e-4,128,32,20,0.99,0.3,0.95,0.01,0.5,0.5,0.02,"dict(net_arch=[128,128])"
1e-4,128,32,20,0.99,0.3,0.95,0.02,0.5,0.5,0.02,"dict(net_arch=[64,64])"
1e-4,128,32,20,0.99,0.3,0.95,0.02,0.5,0.5,0.02,"dict(net_arch=[128,128])"
1e-4,128,32,20,0.995,0.2,0.90,0.0,0.5,0.5,0.02,"dict(net_arch=[64,64])"
1e-4,128,32,20,0.995,0.2,0.90,0.0,0.5,0.5,0.02,"dict(net_arch=[128,128])"
1e-4,128,32,20,0.995,0.2,0.90,0.01,0.5,0.5,0.02,"dict(net_arch=[64,64])"
1e-4,128,32,20,0.995,0.2,0.90,0.01,0.5,0.5,0.02,"dict(net_arch=[128,128])"
1e-4,128,32,20,0.995,0.2,0.90,0.02,0.5,0.5,0.02,"dict(net_arch=[64,64])"
1e-4,128,32,20,0.995,0.2,0.90,0.02,0.5,0.5,0.02,"dict(net_arch=[128,128])"
1e-4,128,32,20,0.995,0.2,0.95,0.0,0.5,0.5,0.02,"dict(net_arch=[64,64])"
1e-4,128,32,20,0.995,0.2,0.95,0.0,0.5,0.5,0.02,"dict(net_arch=[128,128])"
1e-4,128,32,20,0.995,0.2,0.95,0.01,0.5,0.5,0.02,"dict(net_arch=[64,64])"
1e-4,128,32,20,0.995,0.2,0.95,0.01,0.5,0.5,0.02,"dict(net_arch=[128,128])"
1e-4,128,32,20,0.995,0.2,0.95,0.02,0.5,0.5,0.02,"dict(net_arch=[64,64])"
1e-4,128,32,20,0.995,0.2,0.95,0.02,0.5,0.5,0.02,"dict(net_arch=[128,128])"
1e-4,128,32,20,0.995,0.3,0.90,0.0,0.5,0.5,0.02,"dict(net_arch=[64,64])"
1e-4,128,32,20,0.995,0.3,0.90,0.0,0.5,0.5,0.02,"dict(net_arch=[128,128])"
1e-4,128,32,20,0.995,0.3,0.90,0.01,0.5,0.5,0.02,"dict(net_arch=[64,64])"
1e-4,128,32,20,0.995,0.3,0.90,0.01,0.5,0.5,0.02,"dict(net_arch=[128,128])"
1e-4,128,32,20,0.995,0.3,0.90,0.02,0.5,0.5,0.02,"dict(net_arch=[64,64])"
1e-4,128,32,20,0.995,0.3,0.90,0.02,0.5,0.5,0.02,"dict(net_arch=[128,128])"
1e-4,128,32,20,0.995,0.3,0.95,0.0,0.5,0.5,0.02,"dict(net_arch=[64,64])"
1e-4,128,32,20,0.995,0.3,0.95,0.0,0.5,0.5,0.02,"dict(net_arch=[128,128])"
1e-4,128,32,20,0.995,0.3,0.95,0.01,0.5,0.5,0.02,"dict(net_arch=[64,64])"
1e-4,128,32,20,0.995,0.3,0.95,0.01,0.5,0.5,0.02,"dict(net_arch=[128,128])"
1e-4,128,32,20,0.995,0.3,0.95,0.02,0.5,0.5,0.02,"dict(net_arch=[64,64])"
1e-4,128,32,20,0.995,0.3,0.95,0.02,0.5,0.5,0.02,"dict(net_arch=[128,128])"
1e-4,128,64,10,0.99,0.2,0.90,0.0,0.5,0.5,0.02,"dict(net_arch=[64,64])"
1e-4,128,64,10,0.99,0.2,0.90,0.0,0.5,0.5,0.02,"dict(net_arch=[128,128])"
1e-4,128,64,10,0.99,0.2,0.90,0.01,0.5,0.5,0.02,"dict(net_arch=[64,64])"
1e-4,128,64,10,0.99,0.2,0.90,0.01,0.5,0.5,0.02,"dict(net_arch=[128,128])"
1e-4,128,64,10,0.99,0.2,0.90,0.02,0.5,0.5,0.02,"dict(net_arch=[64,64])"
1e-4,128,64,10,0.99,0.2,0.90,0.02,0.5,0.5,0.02,"dict(net_arch=[128,128])"
1e-4,128,64,10,0.99,0.2,0.95,0.0,0.5,0.5,0.02,"dict(net_arch=[64,64])"
1e-4,128,64,10,0.99,0.2,0.95,0.0,0.5,0.5,0.02,"dict(net_arch=[128,128])"
1e-4,128,64,10,0.99,0.2,0.95,0.01,0.5,0.5,0.02,"dict(net_arch=[64,64])"
1e-4,128,64,10,0.99,0.2,0.95,0.01,0.5,0.5,0.02,"dict(net_arch=[128,128])"
1e-4,128,64,10,0.99,0.2,0.95,0.02,0.5,0.5,0.02,"dict(net_arch=[64,64])"
1e-4,128,64,10,0.99,0.2,0.95,0.02,0.5,0.5,0.02,"dict(net_arch=[128,128])"
1e-4,128,64,10,0.99,0.3,0.90,0.0,0.5,0.5,0.02,"dict(net_arch=[64,64])"
1e-4,128,64,10,0.99,0.3,0.90,0.0,0.5,0.5,0.02,"dict(net_arch=[128,128])"
1e-4,128,64,10,0.99,0.3,0.90,0.01,0.5,0.5,0.02,"dict(net_arch=[64,64])"
1e-4,128,64,10,0.99,0.3,0.90,0.01,0.5,0.5,0.02,"dict(net_arch=[128,128])"
1e-4,128,64,10,0.99,0.3,0.90,0.02,0.5,0.5,0.02,"dict(net_arch=[64,64])"
1e-4,128,64,10,0.99,0.3,0.90,0.02,0.5,0.5,0.02,"dict(net_arch=[128,128])"
1e-4,128,64,10,0.99,0.3,0.95,0.0,0.5,0.5,0.02,"dict(net_arch=[64,64])"
1e-4,128,64,10,0.99,0.3,0.95,0.0,0.5,0.5,0.02,"dict(net_arch=[128,128])"
1e-4,128,64,10,0.99,0.3,0.95,0.01,0.5,0.5,0.02,"dict(net_arch=[64,64])"
1e-4,128,64,10,0.99,0.3,0.95,0.01,0.5,0.5,0.02,"dict(net_arch=[128,128])"
1e-4,128,64,10,0.99,0.3,0.95,0.02,0.5,0.5,0.02,"dict(net_arch=[64,64])"
1e-4,128,64,10,0.99,0.3,0.95,0.02,0.5,0.5,0.02,"dict(net_arch=[128,128])"
1e-4,128,64,10,0.995,0.2,0.90,0.0,0.5,0.5,0.02,"dict(net_arch=[64,64])"
1e-4,128,64,10,0.995,0.2,0.90,0.0,0.5,0.5,0.02,"dict(net_arch=[128,128])"
1e-4,128,64,10,0.995,0.2,0.90,0.01,0.5,0.5,0.02,"dict(net_arch=[64,64])"
1e-4,128,64,10,0.995,0.2,0.90,0.01,0.5,0.5,0.02,"dict(net_arch=[128,128])"
1e-4,128,64,10,0.995,0.2,0.90,0.02,0.5,0.5,0.02,"dict(net_arch=[64,64])"
1e-4,128,64,10,0.995,0.2,0.90,0.02,0.5,0.5,0.02,"dict(net_arch=[128,128])"
1e-4,128,64,10,0.995,0.2,0.95,0.0,0.5,0.5,0.02,"dict(net_arch=[64,64])"
1e-4,128,64,10,0.995,0.2,0.95,0.0,0.5,0.5,0.02,"dict(net_arch=[128,128])"
1e-4,128,64,10,0.995,0.2,0.95,0.01,0.5,0.5,0.02,"dict(net_arch=[64,64])"
1e-4,128,64,10,0.995,0.2,0.95,0.01,0.5,0.5,0.02,"dict(net_arch=[128,128])"
1e-4,128,64,10,0.995,0.2,0.95,0.02,0.5,0.5,0.02,"dict(net_arch=[64,64])"
1e-4,128,64,10,0.995,0.2,0.95,0.02,0.5,0.5,0.02,"dict(net_arch=[128,128])"
1e-4,128,64,10,0.995,0.3,0.90,0.0,0.5,0.5,0.02,"dict(net_arch=[64,64])"
1e-4,128,64,10,0.995,0.3,0.90,0.0,0.5,0.5,0.02,"dict(net_arch=[128,128])"
1e-4,128,64,10,0.995,0.3,0.90,0.01,0.5,0.5,0.02,"dict(net_arch=[64,64])"
1e-4,128,64,10,0.995,0.3,0.90,0.01,0.5,0.5,0.02,"dict(net_arch=[128,128])"
1e-4,128,64,10,0.995,0.3,0.90,0.02,0.5,0.5,0.02,"dict(net_arch=[64,64])"
1e-4,128,64,10,0.995,0.3,0.90,0.02,0.5,0.5,0.02,"dict(net_arch=[128,128])"
1e-4,128,64,10,0.995,0.3,0.95,0.0,0.5,0.5,0.02,"dict(net_arch=[64,64])"
1e-4,128,64,10,0.995,0.3,0.95,0.0,0.5,0.5,0.02,"dict(net_arch=[128,128])"
1e-4,128,64,10,0.995,0.3,0.95,0.01,0.5,0.5,0.02,"dict(net_arch=[64,64])"
1e-4,128,64,10,0.995,0.3,0.95,0.01,0.5,0.5,0.02,"dict(net_arch=[128,128])"
1e-4,128,64,10,0.995,0.3,0.95,0.02,0.5,0.5,0.02,"dict(net_arch=[64,64])"
1e-4,128,64,10,0.995,0.3,0.95,0.02,0.5,0.5,0.02,"dict(net_arch=[128,128])"
1e-4,128,64,20,0.99,0.2,0.90,0.0,0.5,0.5,0.02,"dict(net_arch=[64,64])"
1e-4,128,64,20,0.99,0.2,0.90,0.0,0.5,0.5,0.02,"dict(net_arch=[128,128])"
1e-4,128,64,20,0.99,0.2,0.90,0.01,0.5,0.5,0.02,"dict(net_arch=[64,64])"
1e-4,128,64,20,0.99,0.2,0.90,0.01,0.5,0.5,0.02,"dict(net_arch=[128,128])"
1e-4,128,64,20,0.99,0.2,0.90,0.02,0.5,0.5,0.02,"dict(net_arch=[64,64])"
1e-4,128,64,20,0.99,0.2,0.90,0.02,0.5,0.5,0.02,"dict(net_arch=[128,128])"
1e-4,128,64,20,0.99,0.2,0.95,0.0,0.5,0.5,0.02,"dict(net_arch=[64,64])"
1e-4,128,64,20,0.99,0.2,0.95,0.0,0.5,0.5,0.02,"dict(net_arch=[128,128])"
1e-4,128,64,20,0.99,0.2,0.95,0.01,0.5,0.5,0.02,"dict(net_arch=[64,64])"
1e-4,128,64,20,0.99,0.2,0.95,0.01,0.5,0.5,0.02,"dict(net_arch=[128,128])"
1e-4,128,64,20,0.99,0.2,0.95,0.02,0.5,0.5,0.02,"dict(net_arch=[64,64])"
1e-4,128,64,20,0.99,0.2,0.95,0.02,0.5,0.5,0.02,"dict(net_arch=[128,128])"
1e-4,128,64,20,0.99,0.3,0.90,0.0,0.5,0.5,0.02,"dict(net_arch=[64,64])"
1e-4,128,64,20,0.99,0.3,0.90,0.0,0.5,0.5,0.02,"dict(net_arch=[128,128])"
1e-4,128,64,20,0.99,0.3,0.90,0.01,0.5,0.5,0.02,"dict(net_arch=[64,64])"
1e-4,128,64,20,0.99,0.3,0.90,0.01,0.5,0.5,0.02,"dict(net_arch=[128,128])"
1e-4,128,64,20,0.99,0.3,0.90,0.02,0.5,0.5,0.02,"dict(net_arch=[64,64])"
1e-4,128,64,20,0.99,0.3,0.90,0.02,0.5,0.5,0.02,"dict(net_arch=[128,128])"
1e-4,128,64,20,0.99,0.3,0.95,0.0,0.5,0.5,0.02,"dict(net_arch=[64,64])"
1e-4,128,64,20,0.99,0.3,0.95,0.0,0.5,0.5,0.02,"dict(net_arch=[128,128])"
1e-4,128,64,20,0.99,0.3,0.95,0.01,0.5,0.5,0.02,"dict(net_arch=[64,64])"
1e-4,128,64,20,0.99,0.3,0.95,0.01,0.5,0.5,0.02,"dict(net_arch=[128,128])"
1e-4,128,64,20,0.99,0.3,0.95,0.02,0.5,0.5,0.02,"dict(net_arch=[64,64])"
1e-4,128,64,20,0.99,0.3,0.95,0.02,0.5,0.5,0.02,"dict(net_arch=[128,128])"
1e-4,128,64,20,0.995,0.2,0.90,0.0,0.5,0.5,0.02,"dict(net_arch=[64,64])"
1e-4,128,64,20,0.995,0.2,0.90,0.0,0.5,0.5,0.02,"dict(net_arch=[128,128])"
1e-4,128,64,20,0.995,0.2,0.90,0.01,0.5,0.5,0.02,"dict(net_arch=[64,64])"
1e-4,128,64,20,0.995,0.2,0.90,0.01,0.5,0.5,0.02,"dict(net_arch=[128,128])"
1e-4,128,64,20,0.995,0.2,0.90,0.02,0.5,0.5,0.02,"dict(net_arch=[64,64])"
1e-4,128,64,20,0.995,0.2,0.90,0.02,0.5,0.5,0.02,"dict(net_arch=[128,128])"
1e-4,128,64,20,0.995,0.2,0.95,0.0,0.5,0.5,0.02,"dict(net_arch=[64,64])"
1e-4,128,64,20,0.995,0.2,0.95,0.0,0.5,0.5,0.02,"dict(net_arch=[128,128])"
1e-4,128,64,20,0.995,0.2,0.95,0.01,0.5,0.5,0.02,"dict(net_arch=[64,64])"
1e-4,128,64,20,0.995,0.2,0.95,0.01,0.5,0.5,0.02,"dict(net_arch=[128,128])"
1e-4,128,64,20,0.995,0.2,0.95,0.02,0.5,0.5,0.02,"dict(net_arch=[64,64])"
1e-4,128,64,20,0.995,0.2,0.95,0.02,0.5,0.5,0.02,"dict(net_arch=[128,128])"
1e-4,128,64,20,0.995,0.3,0.90,0.0,0.5,0.5,0.02,"dict(net_arch=[64,64])"
1e-4,128,64,20,0.995,0.3,0.90,0.0,0.5,0.5,0.02,"dict(net_arch=[128,128])"
1e-4,128,64,20,0.995,0.3,0.90,0.01,0.5,0.5,0.02,"dict(net_arch=[64,64])"
1e-4,128,64,20,0.995,0.3,0.90,0.01,0.5,0.5,0.02,"dict(net_arch=[128,128])"
1e-4,128,64,20,0.995,0.3,0.90,0.02,0.5,0.5,0.02,"dict(net_arch=[64,64])"
1e-4,128,64,20,0.995,0.3,0.90,0.02,0.5,0.5,0.02,"dict(net_arch=[128,128])"
1e-4,128,64,20,0.995,0.3,0.95,0.0,0.5,0.5,0.02,"dict(net_arch=[64,64])"
1e-4,128,64,20,0.995,0.3,0.95,0.0,0.5,0.5,0.02,"dict(net_arch=[128,128])"
1e-4,128,64,20,0.995,0.3,0.95,0.01,0.5,0.5,0.02,"dict(net_arch=[64,64])"
1e-4,128,64,20,0.995,0.3,0.95,0.01,0.5,0.5,0.02,"dict(net_arch=[128,128])"
1e-4,128,64,20,0.995,0.3,0.95,0.02,0.5,0.5,0.02,"dict(net_arch=[64,64])"
1e-4,128,64,20,0.995,0.3,0.95,0.02,0.5,0.5,0.02,"dict(net_arch=[128,128])"
1e-4,256,32,10,0.99,0.2,0.90,0.0,0.5,0.5,0.02,"dict(net_arch=[64,64])"
1e-4,256,32,10,0.99,0.2,0.90,0.0,0.5,0.5,0.02,"dict(net_arch=[128,128])"
1e-4,256,32,10,0.99,0.2,0.90,0.01,0.5,0.5,0.02,"dict(net_arch=[64,64])"
1e-4,256,32,10,0.99,0.2,0.90,0.01,0.5,0.5,0.02,"dict(net_arch=[128,128])"
1e-4,256,32,10,0.99,0.2,0.90,0.02,0.5,0.5,0.02,"dict(net_arch=[64,64])"
1e-4,256,32,10,0.99,0.2,0.90,0.02,0.5,0.5,0.02,"dict(net_arch=[128,128])"
1e-4,256,32,10,0.99,0.2,0.95,0.0,0.5,0.5,0.02,"dict(net_arch=[64,64])"
1e-4,256,32,10,0.99,0.2,0.95,0.0,0.5,0.5,0.02,"dict(net_arch=[128,128])"
1e-4,256,32,10,0.99,0.2,0.95,0.01,0.5,0.5,0.02,"dict(net_arch=[64,64])"
1e-4,256,32,10,0.99,0.2,0.95,0.01,0.5,0.5,0.02,"dict(net_arch=[128,128])"
1e-4,256,32,10,0.99,0.2,0.95,0.02,0.5,0.5,0.02,"dict(net_arch=[64,64])"
1e-4,256,32,10,0.99,0.2,0.95,0.02,0.5,0.5,0.02,"dict(net_arch=[128,128])"
1e-4,256,32,10,0.99,0.3,0.90,0.0,0.5,0.5,0.02,"dict(net_arch=[64,64])"
1e-4,256,32,10,0.99,0.3,0.90,0.0,0.5,0.5,0.02,"dict(net_arch=[128,128])"
1e-4,256,32,10,0.99,0.3,0.90,0.01,0.5,0.5,0.02,"dict(net_arch=[64,64])"
1e-4,256,32,10,0.99,0.3,0.90,0.01,0.5,0.5,0.02,"dict(net_arch=[128,128])"
1e-4,256,32,10,0.99,0.3,0.90,0.02,0.5,0.5,0.02,"dict(net_arch=[64,64])"
1e-4,256,32,10,0.99,0.3,0.90,0.02,0.5,0.5,0.02,"dict(net_arch=[128,128])"
1e-4,256,32,10,0.99,0.3,0.95,0.0,0.5,0.5,0.02,"dict(net_arch=[64,64])"
1e-4,256,32,10,0.99,0.3,0.95,0.0,0.5,0.5,0.02,"dict(net_arch=[128,128])"
1e-4,256,32,10,0.99,0.3,0.95,0.01,0.5,0.5,0.02,"dict(net_arch=[64,64])"
1e-4,256,32,10,0.99,0.3,0.95,0.01,0.5,0.5,0.02,"dict(net_arch=[128,128])"
1e-4,256,32,10,0.99,0.3,0.95,0.02,0.5,0.5,0.02,"dict(net_arch=[64,64])"
1e-4,256,32,10,0.99,0.3,0.95,0.02,0.5,0.5,0.02,"dict(net_arch=[128,128])"
1e-4,256,32,10,0.995,0.2,0.90,0.0,0.5,0.5,0.02,"dict(net_arch=[64,64])"
1e-4,256,32,10,0.995,0.2,0.90,0.0,0.5,0.5,0.02,"dict(net_arch=[128,128])"
1e-4,256,32,10,0.995,0.2,0.90,0.01,0.5,0.5,0.02,"dict(net_arch=[64,64])"
1e-4,256,32,10,0.995,0.2,0.90,0.01,0.5,0.5,0.02,"dict(net_arch=[128,128])"
1e-4,256,32,10,0.995,0.2,0.90,0.02,0.5,0.5,0.02,"dict(net_arch=[64,64])"
1e-4,256,32,10,0.995,0.2,0.90,0.02,0.5,0.5,0.02,"dict(net_arch=[128,128])"
1e-4,256,32,10,0.995,0.2,0.95,0.0,0.5,0.5,0.02,"dict(net_arch=[64,64])"
1e-4,256,32,10,0.995,0.2,0.95,0.0,0.5,0.5,0.02,"dict(net_arch=[128,128])"
1e-4,256,32,10,0.995,0.2,0.95,0.01,0.5,0.5,0.02,"dict(net_arch=[64,64])"
1e-4,256,32,10,0.995,0.2,0.95,0.01,0.5,0.5,0.02,"dict(net_arch=[128,128])"
1e-4,256,32,10,0.995,0.2,0.95,0.02,0.5,0.5,0.02,"dict(net_arch=[64,64])"
1e-4,256,32,10,0.995,0.2,0.95,0.02,0.5,0.5,0.02,"dict(net_arch=[128,128])"
1e-4,256,32,10,0.995,0.3,0.90,0.0,0.5,0.5,0.02,"dict(net_arch=[64,64])"
1e-4,256,32,10,0.995,0.3,0.90,0.0,0.5,0.5,0.02,"dict(net_arch=[128,128])"
1e-4,256,32,10,0.995,0.3,0.90,0.01,0.5,0.5,0.02,"dict(net_arch=[64,64])"
1e-4,256,32,10,0.995,0.3,0.90,0.01,0.5,0.5,0.02,"dict(net_arch=[128,128])"
1e-4,256,32,10,0.995,0.3,0.90,0.02,0.5,0.5,0.02,"dict(net_arch=[64,64])"
1e-4,256,32,10,0.995,0.3,0.90,0.02,0.5,0.5,0.02,"dict(net_arch=[128,128])"
1e-4,256,32,10,0.995,0.3,0.95,0.0,0.5,0.5,0.02,"dict(net_arch=[64,64])"
1e-4,256,32,10,0.995,0.3,0.95,0.0,0.5,0.5,0.02,"dict(net_arch=[128,128])"
1e-4,256,32,10,0.995,0.3,0.95,0.01,0.5,0.5,0.02,"dict(net_arch=[64,64])"
1e-4,256,32,10,0.995,0.3,0.95,0.01,0.5,0.5,0.02,"dict(net_arch=[128,128])"
1e-4,256,32,10,0.995,0.3,0.95,0.02,0.5,0.5,0.02,"dict(net_arch=[64,64])"
1e-4,256,32,10,0.995,0.3,0.95,0.02,0.5,0.5,0.02,"dict(net_arch=[128,128])"
1e-4,256,32,20,0.99,0.2,0.90,0.0,0.5,0.5,0.02,"dict(net_arch=[64,64])"
1e-4,256,32,20,0.99,0.2,0.90,0.0,0.5,0.5,0.02,"dict(net_arch=[128,128])"
1e-4,256,32,20,0.99,0.2,0.90,0.01,0.5,0.5,0.02,"dict(net_arch=[64,64])"
1e-4,256,32,20,0.99,0.2,0.90,0.01,0.5,0.5,0.02,"dict(net_arch=[128,128])"
1e-4,256,32,20,0.99,0.2,0.90,0.02,0.5,0.5,0.02,"dict(net_arch=[64,64])"
1e-4,256,32,20,0.99,0.2,0.90,0.02,0.5,0.5,0.02,"dict(net_arch=[128,128])"
1e-4,256,32,20,0.99,0.2,0.95,0.0,0.5,0.5,0.02,"dict(net_arch=[64,64])"
1e-4,256,32,20,0.99,0.2,0.95,0.0,0.5,0.5,0.02,"dict(net_arch=[128,128])"
1e-4,256,32,20,0.99,0.2,0.95,0.01,0.5,0.5,0.02,"dict(net_arch=[64,64])"
1e-4,256,32,20,0.99,0.2,0.95,0.01,0.5,0.5,0.02,"dict(net_arch=[128,128])"
1e-4,256,32,20,0.99,0.2,0.95,0.02,0.5,0.5,0.02,"dict(net_arch=[64,64])"
1e-4,256,32,20,0.99,0.2,0.95,0.02,0.5,0.5,0.02,"dict(net_arch=[128,128])"
1e-4,256,32,20,0.99,0.3,0.90,0.0,0.5,0.5,0.02,"dict(net_arch=[64,64])"
1e-4,256,32,20,0.99,0.3,0.90,0.0,0.5,0.5,0.02,"dict(net_arch=[128,128])"
1e-4,256,32,20,0.99,0.3,0.90,0.01,0.5,0.5,0.02,"dict(net_arch=[64,64])"
1e-4,256,32,20,0.99,0.3,0.90,0.01,0.5,0.5,0.02,"dict(net_arch=[128,128])"
1e-4,256,32,20,0.99,0.3,0.90,0.02,0.5,0.5,0.02,"dict(net_arch=[64,64])"
1e-4,256,32,20,0.99,0.3,0.90,0.02,0.5,0.5,0.02,"dict(net_arch=[128,128])"
1e-4,256,32,20,0.99,0.3,0.95,0.0,0.5,0.5,0.02,"dict(net_arch=[64,64])"
1e-4,256,32,20,0.99,0.3,0.95,0.0,0.5,0.5,0.02,"dict(net_arch=[128,128])"
1e-4,256,32,20,0.99,0.3,0.95,0.01,0.5,0.5,0.02,"dict(net_arch=[64,64])"
1e-4,256,32,20,0.99,0.3,0.95,0.01,0.5,0.5,0.02,"dict(net_arch=[128,128])"
1e-4,256,32,20,0.99,0.3,0.95,0.02,0.5,0.5,0.02,"dict(net_arch=[64,64])"
1e-4,256,32,20,0.99,0.3,0.95,0.02,0.5,0.5,0.02,"dict(net_arch=[128,128])"
1e-4,256,32,20,0.995,0.2,0.90,0.0,0.5,0.5,0.02,"dict(net_arch=[64,64])"
1e-4,256,32,20,0.995,0.2,0.90,0.0,0.5,0.5,0.02,"dict(net_arch=[128,128])"
1e-4,256,32,20,0.995,0.2,0.90,0.01,0.5,0.5,0.02,"dict(net_arch=[64,64])"
1e-4,256,32,20,0.995,0.2,0.90,0.01,0.5,0.5,0.02,"dict(net_arch=[128,128])"
1e-4,256,32,20,0.995,0.2,0.90,0.02,0.5,0.5,0.02,"dict(net_arch=[64,64])"
1e-4,256,32,20,0.995,0.2,0.90,0.02,0.5,0.5,0.02,"dict(net_arch=[128,128])"
1e-4,256,32,20,0.995,0.2,0.95,0.0,0.5,0.5,0.02,"dict(net_arch=[64,64])"
1e-4,256,32,20,0.995,0.2,0.95,0.0,0.5,0.5,0.02,"dict(net_arch=[128,128])"
1e-4,256,32,20,0.995,0.2,0.95,0.01,0.5,0.5,0.02,"dict(net_arch=[64,64])"
1e-4,256,32,20,0.995,0.2,0.95,0.01,0.5,0.5,0.02,"dict(net_arch=[128,128])"
1e-4,256,32,20,0.995,0.2,0.95,0.02,0.5,0.5,0.02,"dict(net_arch=[64,64])"
1e-4,256,32,20,0.995,0.2,0.95,0.02,0.5,0.5,0.02,"dict(net_arch=[128,128])"
1e-4,256,32,20,0.995,0.3,0.90,0.0,0.5,0.5,0.02,"dict(net_arch=[64,64])"
1e-4,256,32,20,0.995,0.3,0.90,0.0,0.5,0.5,0.02,"dict(net_arch=[128,128])"
1e-4,256,32,20,0.995,0.3,0.90,0.01,0.5,0.5,0.02,"dict(net_arch=[64,64])"
1e-4,256,32,20,0.995,0.3,0.90,0.01,0.5,0.5,0.02,"dict(net_arch=[128,128])"
1e-4,256,32,20,0.995,0.3,0.90,0.02,0.5,0.5,0.02,"dict(net_arch=[64,64])"
1e-4,256,32,20,0.995,0.3,0.90,0.02,0.5,0.5,0.02,"dict(net_arch=[128,128])"
1e-4,256,32,20,0.995,0.3,0.95,0.0,0.5,0.5,0.02,"dict(net_arch=[64,64])"
1e-4,256,32,20,0.995,0.3,0.95,0.0,0.5,0.5,0.02,"dict(net_arch=[128,128])"
1e-4,256,32,20,0.995,0.3,0.95,0.01,0.5,0.5,0.02,"dict(net_arch=[64,64])"
1e-4,256,32,20,0.995,0.3,0.95,0.01,0.5,0.5,0.02,"dict(net_arch=[128,128])"
1e-4,256,32,20,0.995,0.3,0.95,0.02,0.5,0.5,0.02,"dict(net_arch=[64,64])"
1e-4,256,32,20,0.995,0.3,0.95,0.02,0.5,0.5,0.02,"dict(net_arch=[128,128])"
1e-4,256,64,10,0.99,0.2,0.90,0.0,0.5,0.5,0.02,"dict(net_arch=[64,64])"
1e-4,256,64,10,0.99,0.2,0.90,0.0,0.5,0.5,0.02,"dict(net_arch=[128,128])"
1e-4,256,64,10,0.99,0.2,0.90,0.01,0.5,0.5,0.02,"dict(net_arch=[64,64])"
1e-4,256,64,10,0.99,0.2,0.90,0.01,0.5,0.5,0.02,"dict(net_arch=[128,128])"
1e-4,256,64,10,0.99,0.2,0.90,0.02,0.5,0.5,0.02,"dict(net_arch=[64,64])"
1e-4,256,64,10,0.99,0.2,0.90,0.02,0.5,0.5,0.02,"dict(net_arch=[128,128])"
1e-4,256,64,10,0.99,0.2,0.95,0.0,0.5,0.5,0.02,"dict(net_arch=[64,64])"
1e-4,256,64,10,0.99,0.2,0.95,0.0,0.5,0.5,0.02,"dict(net_arch=[128,128])"
1e-4,256,64,10,0.99,0.2,0.95,0.01,0.5,0.5,0.02,"dict(net_arch=[64,64])"
1e-4,256,64,10,0.99,0.2,0.95,0.01,0.5,0.5,0.02,"dict(net_arch=[128,128])"
1e-4,256,64,10,0.99,0.2,0.95,0.02,0.5,0.5,0.02,"dict(net_arch=[64,64])"
1e-4,256,64,10,0.99,0.2,0.95,0.02,0.5,0.5,0.02,"dict(net_arch=[128,128])"
1e-4,256,64,10,0.99,0.3,0.90,0.0,0.5,0.5,0.02,"dict(net_arch=[64,64])"
1e-4,256,64,10,0.99,0.3,0.90,0.0,0.5,0.5,0.02,"dict(net_arch=[128,128])"
1e-4,256,64,10,0.99,0.3,0.90,0.01,0.5,0.5,0.02,"dict(net_arch=[64,64])"
1e-4,256,64,10,0.99,0.3,0.90,0.01,0.5,0.5,0.02,"dict(net_arch=[128,128])"
1e-4,256,64,10,0.99,0.3,0.90,0.02,0.5,0.5,0.02,"dict(net_arch=[64,64])"
1e-4,256,64,10,0.99,0.3,0.90,0.02,0.5,0.5,0.02,"dict(net_arch=[128,128])"
1e-4,256,64,10,0.99,0.3,0.95,0.0,0.5,0.5,0.02,"dict(net_arch=[64,64])"
1e-4,256,64,10,0.99,0.3,0.95,0.0,0.5,0.5,0.02,"dict(net_arch=[128,128])"
1e-4,256,64,10,0.99,0.3,0.95,0.01,0.5,0.5,0.02,"dict(net_arch=[64,64])"
1e-4,256,64,10,0.99,0.3,0.95,0.01,0.5,0.5,0.02,"dict(net_arch=[128,128])"
1e-4,256,64,10,0.99,0.3,0.95,0.02,0.5,0.5,0.02,"dict(net_arch=[64,64])"
1e-4,256,64,10,0.99,0.3,0.95,0.02,0.5,0.5,0.02,"dict(net_arch=[128,128])"
1e-4,256,64,10,0.995,0.2,0.90,0.0,0.5,0.5,0.02,"dict(net_arch=[64,64])"
1e-4,256,64,10,0.995,0.2,0.90,0.0,0.5,0.5,0.02,"dict(net_arch=[128,128])"
1e-4,256,64,10,0.995,0.2,0.90,0.01,0.5,0.5,0.02,"dict(net_arch=[64,64])"
1e-4,256,64,10,0.995,0.2,0.90,0.01,0.5,0.5,0.02,"dict(net_arch=[128,128])"
1e-4,256,64,10,0.995,0.2,0.90,0.02,0.5,0.5,0.02,"dict(net_arch=[64,64])"
1e-4,256,64,10,0.995,0.2,0.90,0.02,0.5,0.5,0.02,"dict(net_arch=[128,128])"
1e-4,256,64,10,0.995,0.2,0.95,0.0,0.5,0.5,0.02,"dict(net_arch=[64,64])"
1e-4,256,64,10,0.995,0.2,0.95,0.0,0.5,0.5,0.02,"dict(net_arch=[128,128])"
1e-4,256,64,10,0.995,0.2,0.95,0.01,0.5,0.5,0.02,"dict(net_arch=[64,64])"
1e-4,256,64,10,0.995,0.2,0.95,0.01,0.5,0.5,0.02,"dict(net_arch=[128,128])"
1e-4,256,64,10,0.995,0.2,0.95,0.02,0.5,0.5,0.02,"dict(net_arch=[64,64])"
1e-4,256,64,10,0.995,0.2,0.95,0.02,0.5,0.5,0.02,"dict(net_arch=[128,128])"
1e-4,256,64,10,0.995,0.3,0.90,0.0,0.5,0.5,0.02,"dict(net_arch=[64,64])"
1e-4,256,64,10,0.995,0.3,0.90,0.0,0.5,0.5,0.02,"dict(net_arch=[128,128])"
1e-4,256,64,10,0.995,0.3,0.90,0.01,0.5,0.5,0.02,"dict(net_arch=[64,64])"
1e-4,256,64,10,0.995,0.3,0.90,0.01,0.5,0.5,0.02,"dict(net_arch=[128,128])"
1e-4,256,64,10,0.995,0.3,0.90,0.02,0.5,0.5,0.02,"dict(net_arch=[64,64])"
1e-4,256,64,10,0.995,0.3,0.90,0.02,0.5,0.5,0.02,"dict(net_arch=[128,128])"
1e-4,256,64,10,0.995,0.3,0.95,0.0,0.5,0.5,0.02,"dict(net_arch=[64,64])"
1e-4,256,64,10,0.995,0.3,0.95,0.0,0.5,0.5,0.02,"dict(net_arch=[128,128])"
1e-4,256,64,10,0.995,0.3,0.95,0.01,0.5,0.5,0.02,"dict(net_arch=[64,64])"
1e-4,256,64,10,0.995,0.3,0.95,0.01,0.5,0.5,0.02,"dict(net_arch=[128,128])"
1e-4,256,64,10,0.995,0.3,0.95,0.02,0.5,0.5,0.02,"dict(net_arch=[64,64])"
1e-4,256,64,10,0.995,0.3,0.95,0.02,0.5,0.5,0.02,"dict(net_arch=[128,128])"
1e-4,256,64,20,0.99,0.2,0.90,0.0,0.5,0.5,0.02,"dict(net_arch=[64,64])"
1e-4,256,64,20,0.99,0.2,0.90,0.0,0.5,0.5,0.02,"dict(net_arch=[128,128])"
1e-4,256,64,20,0.99,0.2,0.90,0.01,0.5,0.5,0.02,"dict(net_arch=[64,64])"
1e-4,256,64,20,0.99,0.2,0.90,0.01,0.5,0.5,0.02,"dict(net_arch=[128,128])"
1e-4,256,64,20,0.99,0.2,0.90,0.02,0.5,0.5,0.02,"dict(net_arch=[64,64])"
1e-4,256,64,20,0.99,0.2,0.90,0.02,0.5,0.5,0.02,"dict(net_arch=[128,128])"
1e-4,256,64,20,0.99,0.2,0.95,0.0,0.5,0.5,0.02,"dict(net_arch=[64,64])"
1e-4,256,64,20,0.99,0.2,0.95,0.0,0.5,0.5,0.02,"dict(net_arch=[128,128])"
1e-4,256,64,20,0.99,0.2,0.95,0.01,0.5,0.5,0.02,"dict(net_arch=[64,64])"
1e-4,256,64,20,0.99,0.2,0.95,0.01,0.5,0.5,0.02,"dict(net_arch=[128,128])"
1e-4,256,64,20,0.99,0.2,0.95,0.02,0.5,0.5,0.02,"dict(net_arch=[64,64])"
1e-4,256,64,20,0.99,0.2,0.95,0.02,0.5,0.5,0.02,"dict(net_arch=[128,128])"
1e-4,256,64,20,0.99,0.3,0.90,0.0,0.5,0.5,0.02,"dict(net_arch=[64,64])"
1e-4,256,64,20,0.99,0.3,0.90,0.0,0.5,0.5,0.02,"dict(net_arch=[128,128])"
1e-4,256,64,20,0.99,0.3,0.90,0.01,0.5,0.5,0.02,"dict(net_arch=[64,64])"
1e-4,256,64,20,0.99,0.3,0.90,0.01,0.5,0.5,0.02,"dict(net_arch=[128,128])"
1e-4,256,64,20,0.99,0.3,0.90,0.02,0.5,0.5,0.02,"dict(net_arch=[64,64])"
1e-4,256,64,20,0.99,0.3,0.90,0.02,0.5,0.5,0.02,"dict(net_arch=[128,128])"
1e-4,256,64,20,0.99,0.3,0.95,0.0,0.5,0.5,0.02,"dict(net_arch=[64,64])"
1e-4,256,64,20,0.99,0.3,0.95,0.0,0.5,0.5,0.02,"dict(net_arch=[128,128])"
1e-4,256,64,20,0.99,0.3,0.95,0.01,0.5,0.5,0.02,"dict(net_arch=[64,64])"
1e-4,256,64,20,0.99,0.3,0.95,0.01,0.5,0.5,0.02,"dict(net_arch=[128,128])"
1e-4,256,64,20,0.99,0.3,0.95,0.02,0.5,0.5,0.02,"dict(net_arch=[64,64])"
1e-4,256,64,20,0.99,0.3,0.95,0.02,0.5,0.5,0.02,"dict(net_arch=[128,128])"
1e-4,256,64,20,0.995,0.2,0.90,0.0,0.5,0.5,0.02,"dict(net_arch=[64,64])"
1e-4,256,64,20,0.995,0.2,0.90,0.0,0.5,0.5,0.02,"dict(net_arch=[128,128])"
1e-4,256,64,20,0.995,0.2,0.90,0.01,0.5,0.5,0.02,"dict(net_arch=[64,64])"
1e-4,256,64,20,0.995,0.2,0.90,0.01,0.5,0.5,0.02,"dict(net_arch=[128,128])"
1e-4,256,64,20,0.995,0.2,0.90,0.02,0.5,0.5,0.02,"dict(net_arch=[64,64])"
1e-4,256,64,20,0.995,0.2,0.90,0.02,0.5,0.5,0.02,"dict(net_arch=[128,128])"
1e-4,256,64,20,0.995,0.2,0.95,0.0,0.5,0.5,0.02,"dict(net_arch=[64,64])"
1e-4,256,64,20,0.995,0.2,0.95,0.0,0.5,0.5,0.02,"dict(net_arch=[128,128])"
1e-4,256,64,20,0.995,0.2,0.95,0.01,0.5,0.5,0.02,"dict(net_arch=[64,64])"
1e-4,256,64,20,0.995,0.2,0.95,0.01,0.5,0.5,0.02,"dict(net_arch=[128,128])"
1e-4,256,64,20,0.995,0.2,0.95,0.02,0.5,0.5,0.02,"dict(net_arch=[64,64])"
1e-4,256,64,20,0.995,0.2,0.95,0.02,0.5,0.5,0.02,"dict(net_arch=[128,128])"
1e-4,256,64,20,0.995,0.3,0.90,0.0,0.5,0.5,0.02,"dict(net_arch=[64,64])"
1e-4,256,64,20,0.995,0.3,0.90,0.0,0.5,0.5,0.02,"dict(net_arch=[128,128])"
1e-4,256,64,20,0.995,0.3,0.90,0.01,0.5,0.5,0.02,"dict(net_arch=[64,64])"
1e-4,256,64,20,0.995,0.3,0.90,0.01,0.5,0.5,0.02,"dict(net_arch=[128,128])"
1e-4,256,64,20,0.995,0.3,0.90,0.02,0.5,0.5,0.02,"dict(net_arch=[64,64])"
1e-4,256,64,20,0.995,0.3,0.90,0.02,0.5,0.5,0.02,"dict(net_arch=[128,128])"
1e-4,256,64,20,0.995,0.3,0.95,0.0,0.5,0.5,0.02,"dict(net_arch=[64,64])"
1e-4,256,64,20,0.995,0.3,0.95,0.0,0.5,0.5,0.02,"dict(net_arch=[128,128])"
1e-4,256,64,20,0.995,0.3,0.95,0.01,0.5,0.5,0.02,"dict(net_arch=[64,64])"
1e-4,256,64,20,0.995,0.3,0.95,0.01,0.5,0.5,0.02,"dict(net_arch=[128,128])"
1e-4,256,64,20,0.995,0.3,0.95,0.02,0.5,0.5,0.02,"dict(net_arch=[64,64])"
1e-4,256,64,20,0.995,0.3,0.95,0.02,0.5,0.5,0.02,"dict(net_arch=[128,128])"
1e-4,512,32,10,0.99,0.2,0.90,0.0,0.5,0.5,0.02,"dict(net_arch=[64,64])"
1e-4,512,32,10,0.99,0.2,0.90,0.0,0.5,0.5,0.02,"dict(net_arch=[128,128])"
1e-4,512,32,10,0.99,0.2,0.90,0.01,0.5,0.5,0.02,"dict(net_arch=[64,64])"
1e-4,512,32,10,0.99,0.2,0.90,0.01,0.5,0.5,0.02,"dict(net_arch=[128,128])"
1e-4,512,32,10,0.99,0.2,0.90,0.02,0.5,0.5,0.02,"dict(net_arch=[64,64])"
1e-4,512,32,10,0.99,0.2,0.90,0.02,0.5,0.5,0.02,"dict(net_arch=[128,128])"
1e-4,512,32,10,0.99,0.2,0.95,0.0,0.5,0.5,0.02,"dict(net_arch=[64,64])"
1e-4,512,32,10,0.99,0.2,0.95,0.0,0.5,0.5,0.02,"dict(net_arch=[128,128])"
1e-4,512,32,10,0.99,0.2,0.95,0.01,0.5,0.5,0.02,"dict(net_arch=[64,64])"
1e-4,512,32,10,0.99,0.2,0.95,0.01,0.5,0.5,0.02,"dict(net_arch=[128,128])"
1e-4,512,32,10,0.99,0.2,0.95,0.02,0.5,0.5,0.02,"dict(net_arch=[64,64])"
1e-4,512,32,10,0.99,0.2,0.95,0.02,0.5,0.5,0.02,"dict(net_arch=[128,128])"
1e-4,512,32,10,0.99,0.3,0.90,0.0,0.5,0.5,0.02,"dict(net_arch=[64,64])"
1e-4,512,32,10,0.99,0.3,0.90,0.0,0.5,0.5,0.02,"dict(net_arch=[128,128])"
1e-4,512,32,10,0.99,0.3,0.90,0.01,0.5,0.5,0.02,"dict(net_arch=[64,64])"
1e-4,512,32,10,0.99,0.3,0.90,0.01,0.5,0.5,0.02,"dict(net_arch=[128,128])"
1e-4,512,32,10,0.99,0.3,0.90,0.02,0.5,0.5,0.02,"dict(net_arch=[64,64])"
1e-4,512,32,10,0.99,0.3,0.90,0.02,0.5,0.5,0.02,"dict(net_arch=[128,128])"
1e-4,512,32,10,0.99,0.3,0.95,0.0,0.5,0.5,0.02,"dict(net_arch=[64,64])"
1e-4,512,32,10,0.99,0.3,0.95,0.0,0.5,0.5,0.02,"dict(net_arch=[128,128])"
1e-4,512,32,10,0.99,0.3,0.95,0.01,0.5,0.5,0.02,"dict(net_arch=[64,64])"
1e-4,512,32,10,0.99,0.3,0.95,0.01,0.5,0.5,0.02,"dict(net_arch=[128,128])"
1e-4,512,32,10,0.99,0.3,0.95,0.02,0.5,0.5,0.02,"dict(net_arch=[64,64])"
1e-4,512,32,10,0.99,0.3,0.95,0.02,0.5,0.5,0.02,"dict(net_arch=[128,128])"
1e-4,512,32,10,0.995,0.2,0.90,0.0,0.5,0.5,0.02,"dict(net_arch=[64,64])"
1e-4,512,32,10,0.995,0.2,0.90,0.0,0.5,0.5,0.02,"dict(net_arch=[128,128])"
1e-4,512,32,10,0.995,0.2,0.90,0.01,0.5,0.5,0.02,"dict(net_arch=[64,64])"
1e-4,512,32,10,0.995,0.2,0.90,0.01,0.5,0.5,0.02,"dict(net_arch=[128,128])"
1e-4,512,32,10,0.995,0.2,0.90,0.02,0.5,0.5,0.02,"dict(net_arch=[64,64])"
1e-4,512,32,10,0.995,0.2,0.90,0.02,0.5,0.5,0.02,"dict(net_arch=[128,128])"
1e-4,512,32,10,0.995,0.2,0.95,0.0,0.5,0.5,0.02,"dict(net_arch=[64,64])"
1e-4,512,32,10,0.995,0.2,0.95,0.0,0.5,0.5,0.02,"dict(net_arch=[128,128])"
1e-4,512,32,10,0.995,0.2,0.95,0.01,0.5,0.5,0.02,"dict(net_arch=[64,64])"
1e-4,512,32,10,0.995,0.2,0.95,0.01,0.5,0.5,0.02,"dict(net_arch=[128,128])"
1e-4,512,32,10,0.995,0.2,0.95,0.02,0.5,0.5,0.02,"dict(net_arch=[64,64])"
1e-4,512,32,10,0.995,0.2,0.95,0.02,0.5,0.5,0.02,"dict(net_arch=[128,128])"
1e-4,512,32,10,0.995,0.3,0.90,0.0,0.5,0.5,0.02,"dict(net_arch=[64,64])"
1e-4,512,32,10,0.995,0.3,0.90,0.0,0.5,0.5,0.02,"dict(net_arch=[128,128])"
1e-4,512,32,10,0.995,0.3,0.90,0.01,0.5,0.5,0.02,"dict(net_arch=[64,64])"
1e-4,512,32,10,0.995,0.3,0.90,0.01,0.5,0.5,0.02,"dict(net_arch=[128,128])"
1e-4,512,32,10,0.995,0.3,0.90,0.02,0.5,0.5,0.02,"dict(net_arch=[64,64])"
1e-4,512,32,10,0.995,0.3,0.90,0.02,0.5,0.5,0.02,"dict(net_arch=[128,128])"
1e-4,512,32,10,0.995,0.3,0.95,0.0,0.5,0.5,0.02,"dict(net_arch=[64,64])"
1e-4,512,32,10,0.995,0.3,0.95,0.0,0.5,0.5,0.02,"dict(net_arch=[128,128])"
1e-4,512,32,10,0.995,0.3,0.95,0.01,0.5,0.5,0.02,"dict(net_arch=[64,64])"
1e-4,512,32,10,0.995,0.3,0.95,0.01,0.5,0.5,0.02,"dict(net_arch=[128,128])"
1e-4,512,32,10,0.995,0.3,0.95,0.02,0.5,0.5,0.02,"dict(net_arch=[64,64])"
1e-4,512,32,10,0.995,0.3,0.95,0.02,0.5,0.5,0.02,"dict(net_arch=[128,128])"
1e-4,512,64,10,0.99,0.2,0.90,0.0,0.5,0.5,0.02,"dict(net_arch=[64,64])"
1e-4,512,64,10,0.99,0.2,0.90,0.0,0.5,0.5,0.02,"dict(net_arch=[128,128])"
1e-4,512,64,10,0.99,0.2,0.90,0.01,0.5,0.5,0.02,"dict(net_arch=[64,64])"
1e-4,512,64,10,0.99,0.2,0.90,0.01,0.5,0.5,0.02,"dict(net_arch=[128,128])"
1e-4,512,64,10,0.99,0.2,0.90,0.02,0.5,0.5,0.02,"dict(net_arch=[64,64])"
1e-4,512,64,10,0.99,0.2,0.90,0.02,0.5,0.5,0.02,"dict(net_arch=[128,128])"
1e-4,512,64,10,0.99,0.2,0.95,0.0,0.5,0.5,0.02,"dict(net_arch=[64,64])"
1e-4,512,64,10,0.99,0.2,0.95,0.0,0.5,0.5,0.02,"dict(net_arch=[128,128])"
1e-4,512,64,10,0.99,0.2,0.95,0.01,0.5,0.5,0.02,"dict(net_arch=[64,64])"
1e-4,512,64,10,0.99,0.2,0.95,0.01,0.5,0.5,0.02,"dict(net_arch=[128,128])"
1e-4,512,64,10,0.99,0.2,0.95,0.02,0.5,0.5,0.02,"dict(net_arch=[64,64])"
1e-4,512,64,10,0.99,0.2,0.95,0.02,0.5,0.5,0.02,"dict(net_arch=[128,128])"
1e-4,512,64,10,0.99,0.3,0.90,0.0,0.5,0.5,0.02,"dict(net_arch=[64,64])"
1e-4,512,64,10,0.99,0.3,0.90,0.0,0.5,0.5,0.02,"dict(net_arch=[128,128])"
1e-4,512,64,10,0.99,0.3,0.90,0.01,0.5,0.5,0.02,"dict(net_arch=[64,64])"
1e-4,512,64,10,0.99,0.3,0.90,0.01,0.5,0.5,0.02,"dict(net_arch=[128,128])"
1e-4,512,64,10,0.99,0.3,0.90,0.02,0.5,0.5,0.02,"dict(net_arch=[64,64])"
1e-4,512,64,10,0.99,0.3,0.90,0.02,0.5,0.5,0.02,"dict(net_arch=[128,128])"
1e-4,512,64,10,0.99,0.3,0.95,0.0,0.5,0.5,0.02,"dict(net_arch=[64,64])"
1e-4,512,64,10,0.99,0.3,0.95,0.0,0.5,0.5,0.02,"dict(net_arch=[128,128])"
1e-4,512,64,10,0.99,0.3,0.95,0.01,0.5,0.5,0.02,"dict(net_arch=[64,64])"
1e-4,512,64,10,0.99,0.3,0.95,0.01,0.5,0.5,0.02,"dict(net_arch=[128,128])"
1e-4,512,64,10,0.99,0.3,0.95,0.02,0.5,0.5,0.02,"dict(net_arch=[64,64])"
1e-4,512,64,10,0.99,0.3,0.95,0.02,0.5,0.5,0.02,"dict(net_arch=[128,128])"
1e-4,512,64,10,0.995,0.2,0.90,0.0,0.5,0.5,0.02,"dict(net_arch=[64,64])"
1e-4,512,64,10,0.995,0.2,0.90,0.0,0.5,0.5,0.02,"dict(net_arch=[128,128])"
1e-4,512,64,10,0.995,0.2,0.90,0.01,0.5,0.5,0.02,"dict(net_arch=[64,64])"
1e-4,512,64,10,0.995,0.2,0.90,0.01,0.5,0.5,0.02,"dict(net_arch=[128,128])"
1e-4,512,64,10,0.995,0.2,0.90,0.02,0.5,0.5,0.02,"dict(net_arch=[64,64])"
1e-4,512,64,10,0.995,0.2,0.90,0.02,0.5,0.5,0.02,"dict(net_arch=[128,128])"
1e-4,512,64,10,0.995,0.2,0.95,0.0,0.5,0.5,0.02,"dict(net_arch=[64,64])"
1e-4,512,64,10,0.995,0.2,0.95,0.0,0.5,0.5,0.02,"dict(net_arch=[128,128])"
1e-4,512,64,10,0.995,0.2,0.95,0.01,0.5,0.5,0.02,"dict(net_arch=[64,64])"
1e-4,512,64,10,0.995,0.2,0.95,0.01,0.5,0.5,0.02,"dict(net_arch=[128,128])"
1e-4,512,64,10,0.995,0.2,0.95,0.02,0.5,0.5,0.02,"dict(net_arch=[64,64])"
1e-4,512,64,10,0.995,0.2,0.95,0.02,0.5,0.5,0.02,"dict(net_arch=[128,128])"
1e-4,512,64,10,0.995,0.3,0.90,0.0,0.5,0.5,0.02,"dict(net_arch=[64,64])"
1e-4,512,64,10,0.995,0.3,0.90,0.0,0.5,0.5,0.02,"dict(net_arch=[128,128])"
1e-4,512,64,10,0.995,0.3,0.90,0.01,0.5,0.5,0.02,"dict(net_arch=[64,64])"
1e-4,512,64,10,0.995,0.3,0.90,0.01,0.5,0.5,0.02,"dict(net_arch=[128,128])"
1e-4,512,64,10,0.995,0.3,0.90,0.02,0.5,0.5,0.02,"dict(net_arch=[64,64])"
1e-4,512,64,10,0.995,0.3,0.90,0.02,0.5,0.5,0.02,"dict(net_arch=[128,128])"
1e-4,512,64,10,0.995,0.3,0.95,0.0,0.5,0.5,0.02,"dict(net_arch=[64,64])"
1e-4,512,64,10,0.995,0.3,0.95,0.0,0.5,0.5,0.02,"dict(net_arch=[128,128])"
1e-4,512,64,10,0.995,0.3,0.95,0.01,0.5,0.5,0.02,"dict(net_arch=[64,64])"
1e-4,512,64,10,0.995,0.3,0.95,0.01,0.5,0.5,0.02,"dict(net_arch=[128,128])"
1e-4,512,64,10,0.995,0.3,0.95,0.02,0.5,0.5,0.02,"dict(net_arch=[64,64])"
1e-4,512,64,10,0.995,0.3,0.95,0.02,0.5,0.5,0.02,"dict(net_arch=[128,128])"
1e-4,512,64,20,0.99,0.2,0.90,0.0,0.5,0.5,0.02,"dict(net_arch=[64,64])"
1e-4,512,64,20,0.99,0.2,0.90,0.0,0.5,0.5,0.02,"dict(net_arch=[128,128])"
1e-4,512,64,20,0.99,0.2,0.90,0.01,0.5,0.5,0.02,"dict(net_arch=[64,64])"
1e-4,512,64,20,0.99,0.2,0.90,0.01,0.5,0.5,0.02,"dict(net_arch=[128,128])"
1e-4,512,64,20,0.99,0.2,0.90,0.02,0.5,0.5,0.02,"dict(net_arch=[64,64])"
1e-4,512,64,20,0.99,0.2,0.90,0.02,0.5,0.5,0.02,"dict(net_arch=[128,128])"
1e-4,512,64,20,0.99,0.2,0.95,0.0,0.5,0.5,0.02,"dict(net_arch=[64,64])"
1e-4,512,64,20,0.99,0.2,0.95,0.0,0.5,0.5,0.02,"dict(net_arch=[128,128])"
1e-4,512,64,20,0.99,0.2,0.95,0.01,0.5,0.5,0.02,"dict(net_arch=[64,64])"
1e-4,512,64,20,0.99,0.2,0.95,0.01,0.5,0.5,0.02,"dict(net_arch=[128,128])"
1e-4,512,64,20,0.99,0.2,0.95,0.02,0.5,0.5,0.02,"dict(net_arch=[64,64])"
1e-4,512,64,20,0.99,0.2,0.95,0.02,0.5,0.5,0.02,"dict(net_arch=[128,128])"
1e-4,512,64,20,0.99,0.3,0.90,0.0,0.5,0.5,0.02,"dict(net_arch=[64,64])"
1e-4,512,64,20,0.99,0.3,0.90,0.0,0.5,0.5,0.02,"dict(net_arch=[128,128])"
1e-4,512,64,20,0.99,0.3,0.90,0.01,0.5,0.5,0.02,"dict(net_arch=[64,64])"
1e-4,512,64,20,0.99,0.3,0.90,0.01,0.5,0.5,0.02,"dict(net_arch=[128,128])"
1e-4,512,64,20,0.99,0.3,0.90,0.02,0.5,0.5,0.02,"dict(net_arch=[64,64])"
1e-4,512,64,20,0.99,0.3,0.90,0.02,0.5,0.5,0.02,"dict(net_arch=[128,128])"
1e-4,512,64,20,0.99,0.3,0.95,0.0,0.5,0.5,0.02,"dict(net_arch=[64,64])"
1e-4,512,64,20,0.99,0.3,0.95,0.0,0.5,0.5,0.02,"dict(net_arch=[128,128])"
1e-4,512,64,20,0.99,0.3,0.95,0.01,0.5,0.5,0.02,"dict(net_arch=[64,64])"
1e-4,512,64,20,0.99,0.3,0.95,0.01,0.5,0.5,0.02,"dict(net_arch=[128,128])"
1e-4,512,64,20,0.99,0.3,0.95,0.02,0.5,0.5,0.02,"dict(net_arch=[64,64])"
1e-4,512,64,20,0.99,0.3,0.95,0.02,0.5,0.5,0.02,"dict(net_arch=[128,128])"
1e-4,512,64,20,0.995,0.2,0.90,0.0,0.5,0.5,0.02,"dict(net_arch=[64,64])"
1e-4,512,64,20,0.995,0.2,0.90,0.0,0.5,0.5,0.02,"dict(net_arch=[128,128])"
1e-4,512,64,20,0.995,0.2,0.90,0.01,0.5,0.5,0.02,"dict(net_arch=[64,64])"
1e-4,512,64,20,0.995,0.2,0.90,0.01,0.5,0.5,0.02,"dict(net_arch=[128,128])"
1e-4,512,64,20,0.995,0.2,0.90,0.02,0.5,0.5,0.02,"dict(net_arch=[64,64])"
1e-4,512,64,20,0.995,0.2,0.90,0.02,0.5,0.5,0.02,"dict(net_arch=[128,128])"
1e-4,512,64,20,0.995,0.2,0.95,0.0,0.5,0.5,0.02,"dict(net_arch=[64,64])"
1e-4,512,64,20,0.995,0.2,0.95,0.0,0.5,0.5,0.02,"dict(net_arch=[128,128])"
1e-4,512,64,20,0.995,0.2,0.95,0.01,0.5,0.5,0.02,"dict(net_arch=[64,64])"
1e-4,512,64,20,0.995,0.2,0.95,0.01,0.5,0.5,0.02,"dict(net_arch=[128,128])"
1e-4,512,64,20,0.995,0.2,0.95,0.02,0.5,0.5,0.02,"dict(net_arch=[64,64])"
1e-4,512,64,20,0.995,0.2,0.95,0.02,0.5,0.5,0.02,"dict(net_arch=[128,128])"
1e-4,512,64,20,0.995,0.3,0.90,0.0,0.5,0.5,0.02,"dict(net_arch=[64,64])"
1e-4,512,64,20,0.995,0.3,0.90,0.0,0.5,0.5,0.02,"dict(net_arch=[128,128])"
1e-4,512,64,20,0.995,0.3,0.90,0.01,0.5,0.5,0.02,"dict(net_arch=[64,64])"
1e-4,512,64,20,0.995,0.3,0.90,0.01,0.5,0.5,0.02,"dict(net_arch=[128,128])"
1e-4,512,64,20,0.995,0.3,0.90,0.02,0.5,0.5,0.02,"dict(net_arch=[64,64])"
1e-4,512,64,20,0.995,0.3,0.90,0.02,0.5,0.5,0.02,"dict(net_arch=[128,128])"
1e-4,512,64,20,0.995,0.3,0.95,0.0,0.5,0.5,0.02,"dict(net_arch=[64,64])"
1e-4,512,64,20,0.995,0.3,0.95,0.0,0.5,0.5,0.02,"dict(net_arch=[128,128])"
1e-4,512,64,20,0.995,0.3,0.95,0.01,0.5,0.5,0.02,"dict(net_arch=[64,64])"
1e-4,512,64,20,0.995,0.3,0.95,0.01,0.5,0.5,0.02,"dict(net_arch=[128,128])"
1e-4,512,64,20,0.995,0.3,0.95,0.02,0.5,0.5,0.02,"dict(net_arch=[64,64])"
1e-4,512,64,20,0.995,0.3,0.95,0.02,0.5,0.5,0.02,"dict(net_arch=[128,128])"
