#{"t_start": 1756065759.1301582, "env_id": "None"}
r,l,t
551.0,377,8.172782
985.0,2214,37.520932
2244.0,1012,50.779621
1146.0,1290,67.532581
931.0,821,78.371973
615.0,888,90.356738
631.0,115,91.889867
888.0,1161,107.38898
1301.0,307,111.52997
1367.0,524,118.686862
1138.0,1411,137.766149
226.0,68,138.653467
633.0,207,141.508673
709.0,328,146.023924
246.0,51,146.725602
684.0,487,153.392374
596.0,127,155.240081
1040.0,202,157.954126
252.0,37,158.455279
252.0,36,158.99776
497.0,796,169.855395
251.0,37,170.368273
252.0,37,170.845248
252.0,37,171.422666
253.0,35,171.847376
252.0,37,172.348713
252.0,37,172.914516
252.0,37,173.388903
252.0,37,173.878451
252.0,37,174.356354
252.0,37,174.932063
252.0,37,175.441451
252.0,37,175.929545
252.0,37,176.489754
252.0,37,176.972815
252.0,37,177.52109
252.0,37,178.009634
252.0,37,178.554928
252.0,37,179.051675
252.0,37,179.533746
252.0,37,180.096582
252.0,37,180.573115
252.0,37,181.012638
252.0,37,181.471985
252.0,37,182.009575
252.0,37,182.440802
252.0,37,182.889298
252.0,37,183.401818
252.0,37,183.84494
252.0,37,184.290447
252.0,37,184.751926
252.0,37,185.264271
252.0,37,185.730883
252.0,37,186.211596
252.0,37,186.794516
252.0,37,187.259134
252.0,37,187.731497
252.0,37,188.249664
252.0,37,188.700311
252.0,37,189.157142
252.0,37,189.653019
252.0,37,190.217583
252.0,37,190.684893
252.0,37,191.161217
252.0,37,191.705502
252.0,37,192.179936
252.0,37,192.657647
252.0,37,193.138203
252.0,37,193.705671
252.0,37,194.210437
252.0,37,194.678052
252.0,37,195.199417
252.0,37,195.676755
252.0,37,196.146581
252.0,37,196.613209
252.0,37,197.168732
252.0,37,197.655066
252.0,37,198.136854
252.0,37,198.692724
252.0,37,199.166539
252.0,37,199.641867
252.0,37,200.120905
252.0,37,200.677699
252.0,37,201.16824
252.0,37,201.635735
252.0,37,202.158182
252.0,37,202.611286
252.0,37,203.066483
252.0,37,203.518435
252.0,37,204.047245
252.0,37,204.494148
252.0,37,204.956875
252.0,37,205.50448
252.0,37,205.977186
252.0,37,206.444921
252.0,37,206.917356
252.0,37,207.461621
1229.0,882,219.27914
252.0,37,219.744426
251.0,35,220.172851
252.0,37,220.719174
252.0,37,221.192088
252.0,37,221.660351
512.0,656,230.399637
617.0,122,232.024095
597.0,156,234.07493
252.0,37,234.611401
616.0,130,236.367982
253.0,36,236.841432
606.0,92,238.087064
252.0,35,238.525958
236.0,43,239.070805
624.0,103,240.509372
253.0,35,240.944167
268.0,2406,273.745755
649.0,110,275.262778
1153.0,1323,293.220744
623.0,112,294.763192
635.0,195,297.492459
1010.0,379,302.665361
711.0,798,313.741762
544.0,741,323.773306
577.0,1601,345.679171
833.0,1506,366.224861
605.0,93,367.44017
1093.0,1657,389.861279
622.0,128,391.547001
623.0,270,395.203907
622.0,127,396.933375
242.0,46,397.518169
934.0,872,409.369732
730.0,472,415.787482
567.0,291,419.695851
597.0,218,422.674455
240.0,45,423.227561
749.0,1949,449.25899
240.0,45,449.916048
238.0,44,450.484629
683.0,964,463.628457
611.0,117,465.218813
1606.0,737,475.27545
607.0,203,478.134812
249.0,40,478.666583
739.0,625,487.32839
621.0,1336,505.748934
610.0,220,508.825848
1204.0,1071,523.351596
246.0,48,524.046289
1032.0,1944,550.368882
636.0,189,552.8944
868.0,1209,569.522714
756.0,1896,595.222217
637.0,180,597.584888
608.0,356,602.541908
534.0,657,611.590032
613.0,326,616.21842
443.0,2406,648.749449
594.0,118,650.37473
1771.0,2406,683.016786
248.0,34,683.445716
917.0,1013,697.029612
1450.0,955,710.04009
253.0,34,710.499773
619.0,859,722.081151
252.0,34,722.512036
267.0,2406,755.560067
267.0,2406,788.126292
1222.0,943,800.924029
246.0,37,801.395863
595.0,433,807.297133
435.0,1178,823.105641
623.0,152,825.158905
690.0,363,830.023794
249.0,33,830.444882
249.0,33,830.873341
249.0,33,831.379975
249.0,33,831.806007
249.0,33,832.251615
472.0,892,844.286358
443.0,2406,876.585102
249.0,33,877.014332
190.0,2406,909.289931
249.0,33,909.723423
252.0,34,910.160485
249.0,33,910.653244
249.0,33,911.078515
249.0,33,911.497432
249.0,33,911.995691
254.0,34,912.420898
249.0,33,912.825629
389.0,1672,935.548304
249.0,33,935.972401
249.0,33,936.479301
249.0,33,936.905586
249.0,33,937.340742
249.0,33,937.761651
249.0,33,938.26391
249.0,33,938.692368
249.0,33,939.115089
249.0,33,939.54399
249.0,33,940.038016
249.0,33,940.463738
249.0,33,940.897068
249.0,33,941.323014
249.0,33,941.82575
249.0,33,942.255563
249.0,33,942.685376
249.0,33,943.112789
249.0,33,943.603809
249.0,33,944.026979
249.0,33,944.449292
249.0,33,944.947397
249.0,33,945.361888
249.0,33,945.778513
249.0,33,946.204492
249.0,33,946.711241
249.0,33,947.127491
249.0,33,947.548386
249.0,33,947.968546
249.0,33,948.472079
249.0,33,948.891614
249.0,33,949.303182
249.0,33,949.724592
249.0,33,950.228345
249.0,33,950.6501
249.0,33,951.074615
249.0,33,951.498276
249.0,33,952.003366
249.0,33,952.426613
249.0,33,952.855378
249.0,33,953.280328
249.0,33,953.781383
249.0,33,954.210601
249.0,33,954.639148
249.0,33,955.072294
249.0,33,955.57146
249.0,33,956.006327
249.0,33,956.437331
249.0,33,956.865527
249.0,33,957.361354
249.0,33,957.784697
249.0,33,958.209705
249.0,33,958.699717
249.0,33,959.12404
249.0,33,959.541807
249.0,33,959.966295
249.0,33,960.465547
249.0,33,960.882874
249.0,33,961.303837
249.0,33,961.722512
249.0,33,962.216815
249.0,33,962.637991
249.0,33,963.058805
249.0,33,963.479188
249.0,33,963.972851
249.0,33,964.400353
249.0,33,964.817053
249.0,33,965.241379
249.0,33,965.735435
249.0,33,966.16057
249.0,33,966.589028
249.0,33,967.025584
249.0,33,967.533299
249.0,33,967.96203
249.0,33,968.382045
249.0,33,968.796631
249.0,33,969.282979
249.0,33,969.703259
249.0,33,970.114835
249.0,33,970.531482
249.0,33,971.022123
249.0,33,971.438257
249.0,33,971.851655
249.0,33,972.336881
249.0,33,972.768529
249.0,33,973.192352
249.0,33,973.618306
249.0,33,974.124859
249.0,33,974.542389
249.0,33,974.968699
249.0,33,975.388904
249.0,33,975.890077
249.0,33,976.317931
249.0,33,976.742354
249.0,33,977.157311
249.0,33,977.651716
249.0,33,978.080096
249.0,33,978.507892
249.0,33,978.943381
249.0,33,979.446109
249.0,33,979.876777
249.0,33,980.298431
249.0,33,980.715357
249.0,33,981.209175
249.0,33,981.634197
249.0,33,982.065211
249.0,33,982.488209
249.0,33,982.989644
249.0,33,983.408249
249.0,33,983.824472
249.0,33,984.248382
249.0,33,984.754184
249.0,33,985.18075
249.0,33,985.606137
249.0,33,986.024167
249.0,33,986.524046
249.0,33,986.947646
249.0,33,987.373889
249.0,33,987.882135
249.0,33,988.299015
249.0,33,988.718308
249.0,33,989.132596
249.0,33,989.630162
249.0,33,990.054261
249.0,33,990.492656
249.0,33,990.944731
249.0,33,991.434914
249.0,33,991.851606
249.0,33,992.274837
249.0,33,992.688294
249.0,33,993.213793
249.0,33,993.633627
249.0,33,994.060863
249.0,33,994.481175
249.0,33,994.997921
249.0,33,995.414094
249.0,33,995.838314
249.0,33,996.272111
249.0,33,996.765503
249.0,33,997.191691
249.0,33,997.626575
249.0,33,998.05128
249.0,33,998.534401
249.0,33,998.954084
249.0,33,999.380534
249.0,33,999.804829
249.0,33,1000.330581
249.0,33,1000.754206
249.0,33,1001.198137
249.0,33,1001.695074
249.0,33,1002.113371
249.0,33,1002.543063
249.0,33,1002.965348
249.0,33,1003.473291
249.0,33,1003.904527
249.0,33,1004.334034
249.0,33,1004.77087
249.0,33,1005.272643
249.0,33,1005.697059
249.0,33,1006.109828
249.0,33,1006.54072
249.0,33,1007.035802
249.0,33,1007.475155
249.0,33,1007.925525
249.0,33,1008.335496
249.0,33,1008.843158
249.0,33,1009.256327
249.0,33,1009.680974
249.0,33,1010.122018
249.0,33,1010.60478
249.0,33,1011.026913
249.0,33,1011.460349
249.0,33,1011.894888
249.0,33,1012.402999
249.0,33,1012.824338
249.0,33,1013.238772
249.0,33,1013.648029
249.0,33,1014.134883
249.0,33,1014.575334
249.0,33,1014.997211
249.0,33,1015.498895
249.0,33,1015.923555
249.0,33,1016.34007
249.0,33,1016.766815
249.0,33,1017.249994
249.0,33,1017.663287
249.0,33,1018.0896
249.0,33,1018.508922
249.0,33,1019.014292
249.0,33,1019.449925
249.0,33,1019.875808
249.0,33,1020.309003
249.0,33,1020.815823
249.0,33,1021.218915
249.0,33,1021.630913
249.0,33,1022.042645
249.0,33,1022.526715
249.0,33,1022.966994
249.0,33,1023.387207
249.0,33,1023.811166
249.0,33,1024.305281
249.0,33,1024.711421
249.0,33,1025.117391
249.0,33,1025.527045
249.0,33,1026.027847
249.0,33,1026.440081
249.0,33,1026.853203
249.0,33,1027.268789
249.0,33,1027.763338
249.0,33,1028.205049
249.0,33,1028.639606
249.0,33,1029.14714
249.0,33,1029.587478
249.0,33,1030.029313
249.0,33,1030.463553
249.0,33,1030.937165
249.0,33,1031.346221
249.0,33,1031.752435
249.0,33,1032.153809
249.0,33,1032.643583
249.0,33,1033.07197
249.0,33,1033.498411
249.0,33,1033.91646
249.0,33,1034.421169
249.0,33,1034.843056
249.0,33,1035.275322
249.0,33,1035.719409
249.0,33,1036.218128
249.0,33,1036.641412
249.0,33,1037.04787
249.0,33,1037.480437
249.0,33,1037.966136
249.0,33,1038.440569
249.0,33,1038.891491
249.0,33,1039.307178
249.0,33,1039.843354
249.0,33,1040.278467
249.0,33,1040.713704
249.0,33,1041.140926
249.0,33,1041.627989
249.0,33,1042.055345
249.0,33,1042.480632
249.0,33,1042.91071
249.0,33,1043.42064
249.0,33,1043.851188
249.0,33,1044.25562
249.0,33,1044.740796
249.0,33,1045.156569
249.0,33,1045.58715
249.0,33,1046.016571
249.0,33,1046.518667
249.0,33,1046.960009
249.0,33,1047.376173
249.0,33,1047.788213
249.0,33,1048.300013
249.0,33,1048.702001
249.0,33,1049.112049
249.0,33,1049.513151
249.0,33,1050.00913
249.0,33,1050.434431
249.0,33,1050.867325
249.0,33,1051.295124
249.0,33,1051.812175
249.0,33,1052.233906
249.0,33,1052.66162
249.0,33,1053.072726
249.0,33,1053.578232
249.0,33,1054.022655
249.0,33,1054.448952
249.0,33,1054.947264
249.0,33,1055.479233
249.0,33,1055.906915
249.0,33,1056.357282
249.0,33,1056.794783
249.0,33,1057.309501
249.0,33,1057.743785
249.0,33,1058.173731
249.0,33,1058.687367
249.0,33,1059.121216
249.0,33,1059.568992
249.0,33,1059.979775
249.0,33,1060.520655
249.0,33,1060.950852
249.0,33,1061.398956
249.0,33,1061.841031
249.0,33,1062.358969
249.0,33,1062.79344
249.0,33,1063.238908
249.0,33,1063.666799
249.0,33,1064.17689
249.0,33,1064.609267
249.0,33,1065.029097
249.0,33,1065.45141
249.0,33,1065.977374
249.0,33,1066.412468
249.0,33,1066.837688
249.0,33,1067.252743
249.0,33,1067.739413
249.0,33,1068.137383
249.0,33,1068.535158
249.0,33,1068.937517
249.0,33,1069.442288
249.0,33,1069.848558
249.0,33,1070.278527
249.0,33,1070.707689
249.0,33,1071.196013
249.0,33,1071.608509
249.0,33,1072.015534
249.0,33,1072.517838
249.0,33,1072.942662
249.0,33,1073.366709
249.0,33,1073.784954
249.0,33,1074.280952
249.0,33,1074.70892
249.0,33,1075.132793
249.0,33,1075.561487
249.0,33,1076.07568
249.0,33,1076.494817
249.0,33,1076.909952
249.0,33,1077.330781
249.0,33,1077.836279
249.0,33,1078.266483
249.0,33,1078.696013
249.0,33,1079.121641
249.0,33,1079.625333
249.0,33,1080.047515
249.0,33,1080.467973
249.0,33,1080.890557
249.0,33,1081.396647
249.0,33,1081.823908
249.0,33,1082.253368
249.0,33,1082.679628
249.0,33,1083.192973
249.0,33,1083.62822
249.0,33,1084.065058
249.0,33,1084.482234
249.0,33,1084.98349
249.0,33,1085.412708
249.0,33,1085.839477
249.0,33,1086.337908
249.0,33,1086.760588
249.0,33,1087.18632
249.0,33,1087.611963
249.0,33,1088.112095
249.0,33,1088.540465
249.0,33,1088.968692
249.0,33,1089.382953
249.0,33,1089.888248
249.0,33,1090.31777
249.0,33,1090.747655
249.0,33,1091.168476
249.0,33,1091.681466
249.0,33,1092.105543
249.0,33,1092.536221
249.0,33,1092.95622
249.0,33,1093.463265
249.0,33,1093.886248
249.0,33,1094.31109
249.0,33,1094.743168
249.0,33,1095.245983
249.0,33,1095.662618
249.0,33,1096.083577
249.0,33,1096.515516
249.0,33,1097.036221
249.0,33,1097.468841
249.0,33,1097.897628
249.0,33,1098.328311
249.0,33,1098.847625
249.0,33,1099.270562
249.0,33,1099.703299
249.0,33,1100.127723
249.0,33,1100.638277
249.0,33,1101.066447
249.0,33,1101.483527
249.0,33,1101.9847
249.0,33,1102.414364
249.0,33,1102.845113
249.0,33,1103.267863
249.0,33,1103.770667
249.0,33,1104.203932
249.0,33,1104.631155
249.0,33,1105.062375
249.0,33,1105.565212
249.0,33,1105.9894
249.0,33,1106.404785
249.0,33,1106.818109
249.0,33,1107.313314
249.0,33,1107.733266
249.0,33,1108.154399
249.0,33,1108.575833
249.0,33,1109.086859
249.0,33,1109.517437
249.0,33,1109.948079
249.0,33,1110.368433
249.0,33,1110.874464
249.0,33,1111.299394
249.0,33,1111.714703
249.0,33,1112.13141
249.0,33,1112.638771
249.0,33,1113.058314
249.0,33,1113.489663
249.0,33,1113.915364
249.0,33,1114.421013
249.0,33,1114.853776
249.0,33,1115.280221
249.0,33,1115.780969
249.0,33,1116.206524
249.0,33,1116.630922
249.0,33,1117.04863
249.0,33,1117.54666
249.0,33,1117.9719
249.0,33,1118.396705
249.0,33,1118.820806
249.0,33,1119.331207
249.0,33,1119.758341
249.0,33,1120.184705
249.0,33,1120.6105
249.0,33,1121.112435
249.0,33,1121.54129
249.0,33,1121.956825
249.0,33,1122.372206
249.0,33,1122.861615
249.0,33,1123.281944
249.0,33,1123.705902
249.0,33,1124.127461
249.0,33,1124.631352
249.0,33,1125.056471
249.0,33,1125.48116
249.0,33,1125.909238
249.0,33,1126.411835
249.0,33,1126.833793
249.0,33,1127.253082
249.0,33,1127.679817
249.0,33,1128.170658
249.0,33,1128.585802
249.0,33,1129.007459
249.0,33,1129.512137
249.0,33,1129.939641
249.0,33,1130.355604
249.0,33,1130.777647
249.0,33,1131.281538
249.0,33,1131.705
249.0,33,1132.129992
249.0,33,1132.559074
249.0,33,1133.063181
249.0,33,1133.495574
249.0,33,1133.925354
249.0,33,1134.357104
249.0,33,1134.86417
249.0,33,1135.299303
249.0,33,1135.724689
249.0,33,1136.157849
249.0,33,1136.656971
249.0,33,1137.096216
249.0,33,1137.527866
249.0,33,1137.963294
249.0,33,1138.467953
249.0,33,1138.895981
249.0,33,1139.317517
249.0,33,1139.734353
249.0,33,1140.225318
249.0,33,1140.646418
249.0,33,1141.064069
249.0,33,1141.489218
249.0,33,1141.984788
249.0,33,1142.398559
249.0,33,1142.813304
249.0,33,1143.312464
249.0,33,1143.739708
249.0,33,1144.163026
249.0,33,1144.593667
249.0,33,1145.094382
249.0,33,1145.523409
249.0,33,1145.943501
249.0,33,1146.35882
249.0,33,1146.864424
249.0,33,1147.288173
249.0,33,1147.715628
249.0,33,1148.146151
249.0,33,1148.650396
249.0,33,1149.068104
249.0,33,1149.492762
249.0,33,1149.910954
249.0,33,1150.400578
249.0,33,1150.827027
249.0,33,1151.255929
249.0,33,1151.684994
249.0,33,1152.195122
249.0,33,1152.618223
249.0,33,1153.032165
249.0,33,1153.458376
249.0,33,1153.956793
249.0,33,1154.374811
249.0,33,1154.795506
249.0,33,1155.218373
249.0,33,1155.726681
249.0,33,1156.159868
249.0,33,1156.584961
249.0,33,1157.00146
249.0,33,1157.497346
249.0,33,1157.915837
249.0,33,1158.335572
249.0,33,1158.826062
249.0,33,1159.239421
249.0,33,1159.665875
249.0,33,1160.0949
249.0,33,1160.603272
249.0,33,1161.027391
249.0,33,1161.443976
249.0,33,1161.874084
249.0,33,1162.369016
249.0,33,1162.786783
249.0,33,1163.211463
249.0,33,1163.637161
249.0,33,1164.136086
249.0,33,1164.560095
249.0,33,1164.989165
249.0,33,1165.438776
249.0,33,1165.924021
249.0,33,1166.34383
249.0,33,1166.795011
249.0,33,1167.199079
249.0,33,1167.701046
249.0,33,1168.116772
249.0,33,1168.561879
249.0,33,1168.974702
249.0,33,1169.480152
249.0,33,1169.906962
249.0,33,1170.321109
249.0,33,1170.724364
249.0,33,1171.225087
249.0,33,1171.64699
249.0,33,1172.081415
249.0,33,1172.597046
249.0,33,1173.02366
249.0,33,1173.465739
249.0,33,1173.926483
249.0,33,1174.409198
249.0,33,1174.82972
249.0,33,1175.26757
249.0,33,1175.689209
249.0,33,1176.188317
249.0,33,1176.59268
249.0,33,1177.030209
249.0,33,1177.441103
249.0,33,1177.944039
249.0,33,1178.361217
249.0,33,1178.804489
249.0,33,1179.239776
249.0,33,1179.731755
249.0,33,1180.161885
249.0,33,1180.582315
249.0,33,1181.007213
249.0,33,1181.53118
249.0,33,1181.973099
249.0,33,1182.39355
249.0,33,1182.841671
249.0,33,1183.352698
249.0,33,1183.764799
249.0,33,1184.199426
249.0,33,1184.611534
249.0,33,1185.103132
249.0,33,1185.533753
249.0,33,1185.958518
249.0,33,1186.462281
249.0,33,1186.887358
249.0,33,1187.313947
249.0,33,1187.746716
249.0,33,1188.282217
249.0,33,1188.736854
249.0,33,1189.156998
249.0,33,1189.564752
249.0,33,1190.031673
249.0,33,1190.472449
249.0,33,1190.899954
249.0,33,1191.340527
249.0,33,1191.844918
249.0,33,1192.26036
249.0,33,1192.676544
249.0,33,1193.091504
249.0,33,1193.618545
249.0,33,1194.042501
249.0,33,1194.476949
249.0,33,1194.918139
249.0,33,1195.429562
249.0,33,1195.868694
249.0,33,1196.309032
249.0,33,1196.744366
249.0,33,1197.23409
249.0,33,1197.676016
249.0,33,1198.102995
249.0,33,1198.526267
249.0,33,1199.044625
249.0,33,1199.468557
249.0,33,1199.914649
249.0,33,1200.421418
249.0,33,1200.842978
249.0,33,1201.289571
249.0,33,1201.695121
249.0,33,1202.193073
249.0,33,1202.620897
249.0,33,1203.041257
249.0,33,1203.468434
249.0,33,1203.974163
249.0,33,1204.386461
249.0,33,1204.801932
249.0,33,1205.223736
249.0,33,1205.767871
249.0,33,1206.203665
249.0,33,1206.613545
249.0,33,1207.049961
249.0,33,1207.550736
249.0,33,1207.953912
249.0,33,1208.358976
249.0,33,1208.770396
249.0,33,1209.266005
249.0,33,1209.677528
249.0,33,1210.10554
249.0,33,1210.533067
249.0,33,1211.043954
249.0,33,1211.464453
249.0,33,1211.880406
249.0,33,1212.288239
249.0,33,1212.797008
249.0,33,1213.208348
249.0,33,1213.631491
249.0,33,1214.078344
249.0,33,1214.595056
249.0,33,1215.033464
249.0,33,1215.458309
249.0,33,1215.953303
249.0,33,1216.385519
249.0,33,1216.798464
249.0,33,1217.237292
249.0,33,1217.753033
249.0,33,1218.206968
249.0,33,1218.644074
249.0,33,1219.062393
249.0,33,1219.563173
249.0,33,1219.97877
249.0,33,1220.399927
249.0,33,1220.81208
249.0,33,1221.321677
249.0,33,1221.73448
249.0,33,1222.170945
249.0,33,1222.579926
249.0,33,1223.076788
249.0,33,1223.517909
249.0,33,1223.933756
249.0,33,1224.351898
249.0,33,1224.832716
249.0,33,1225.256153
249.0,33,1225.688364
249.0,33,1226.119667
249.0,33,1226.626424
249.0,33,1227.060512
249.0,33,1227.521868
249.0,33,1227.9773
249.0,33,1228.516176
249.0,33,1228.968136
249.0,33,1229.410185
249.0,33,1229.910444
249.0,33,1230.331779
249.0,33,1230.748647
249.0,33,1231.161183
249.0,33,1231.684818
249.0,33,1232.100126
249.0,33,1232.514441
249.0,33,1232.924444
249.0,33,1233.40578
249.0,33,1233.820103
249.0,33,1234.235093
249.0,33,1234.647744
249.0,33,1235.143953
249.0,33,1235.582186
249.0,33,1236.011333
249.0,33,1236.442699
249.0,33,1236.947161
249.0,33,1237.371263
249.0,33,1237.778553
249.0,33,1238.196554
249.0,33,1238.69424
249.0,33,1239.102283
249.0,33,1239.510996
249.0,33,1239.925838
249.0,33,1240.403616
249.0,33,1240.834736
249.0,33,1241.252059
249.0,33,1241.691777
249.0,33,1242.207351
249.0,33,1242.634198
249.0,33,1243.065586
249.0,33,1243.555274
249.0,33,1243.966825
249.0,33,1244.381834
249.0,33,1244.791686
249.0,33,1245.268555
249.0,33,1245.675161
249.0,33,1246.07884
249.0,33,1246.490355
249.0,33,1246.971505
249.0,33,1247.385385
249.0,33,1247.805054
249.0,33,1248.217895
249.0,33,1248.708242
249.0,33,1249.111117
249.0,33,1249.511629
249.0,33,1249.914268
249.0,33,1250.380789
249.0,33,1250.790696
249.0,33,1251.194179
249.0,33,1251.602974
249.0,33,1252.090967
249.0,33,1252.509767
249.0,33,1252.929547
249.0,33,1253.351355
249.0,33,1253.835775
249.0,33,1254.266095
249.0,33,1254.701126
249.0,33,1255.122766
249.0,33,1255.635919
249.0,33,1256.061844
249.0,33,1256.489133
249.0,33,1256.995523
249.0,33,1257.431514
249.0,33,1257.859937
249.0,33,1258.27658
249.0,33,1258.775214
249.0,33,1259.19949
249.0,33,1259.62363
249.0,33,1260.041391
249.0,33,1260.56149
249.0,33,1260.988805
249.0,33,1261.40786
249.0,33,1261.820593
249.0,33,1262.319093
249.0,33,1262.733577
249.0,33,1263.159099
249.0,33,1263.587466
249.0,33,1264.090043
249.0,33,1264.530918
249.0,33,1264.962119
249.0,33,1265.394395
249.0,33,1265.898343
249.0,33,1266.320477
249.0,33,1266.749096
249.0,33,1267.190173
249.0,33,1267.700994
249.0,33,1268.131876
249.0,33,1268.563022
249.0,33,1268.994765
249.0,33,1269.497176
249.0,33,1269.920114
249.0,33,1270.349318
249.0,33,1270.775785
249.0,33,1271.283829
249.0,33,1271.710313
249.0,33,1272.137903
249.0,33,1272.649484
249.0,33,1273.079959
249.0,33,1273.501443
249.0,33,1273.934151
249.0,33,1274.443005
249.0,33,1274.873942
249.0,33,1275.305396
249.0,33,1275.732488
249.0,33,1276.23508
249.0,33,1276.658307
249.0,33,1277.080952
249.0,33,1277.541999
249.0,33,1278.047465
249.0,33,1278.468631
249.0,33,1278.899264
249.0,33,1279.331012
249.0,33,1279.842216
249.0,33,1280.282154
249.0,33,1280.698211
249.0,33,1281.118104
249.0,33,1281.619909
249.0,33,1282.06329
249.0,33,1282.490653
249.0,33,1282.917228
249.0,33,1283.419735
249.0,33,1283.856455
249.0,33,1284.278068
249.0,33,1284.703927
249.0,33,1285.205703
249.0,33,1285.628252
249.0,33,1286.047703
249.0,33,1286.541364
249.0,33,1286.963313
249.0,33,1287.39245
249.0,33,1287.812727
249.0,33,1288.316507
249.0,33,1288.737433
249.0,33,1289.154633
249.0,33,1289.575351
249.0,33,1290.080012
249.0,33,1290.499866
249.0,33,1290.92489
249.0,33,1291.343083
249.0,33,1291.844681
249.0,33,1292.269312
249.0,33,1292.699094
249.0,33,1293.126812
249.0,33,1293.63725
249.0,33,1294.063961
249.0,33,1294.491678
249.0,33,1294.919934
249.0,33,1295.427859
249.0,33,1295.853736
249.0,33,1296.272182
249.0,33,1296.686681
249.0,33,1297.192949
249.0,33,1297.624092
249.0,33,1298.052695
249.0,33,1298.477399
249.0,33,1298.979708
249.0,33,1299.422213
249.0,33,1299.848191
249.0,33,1300.354445
249.0,33,1300.772655
249.0,33,1301.189101
249.0,33,1301.611661
249.0,33,1302.111991
249.0,33,1302.524945
249.0,33,1302.946157
249.0,33,1303.369494
249.0,33,1303.879105
249.0,33,1304.297882
249.0,33,1304.711219
249.0,33,1305.133817
249.0,33,1305.641869
249.0,33,1306.068506
249.0,33,1306.481493
249.0,33,1306.904552
249.0,33,1307.414316
249.0,33,1307.834292
249.0,33,1308.268252
249.0,33,1308.685439
249.0,33,1309.18554
249.0,33,1309.610008
249.0,33,1310.029837
249.0,33,1310.445128
249.0,33,1310.939652
249.0,33,1311.357447
249.0,33,1311.785126
249.0,33,1312.202118
249.0,33,1312.699537
249.0,33,1313.125633
249.0,33,1313.553323
249.0,33,1314.066854
249.0,33,1314.491291
249.0,33,1314.920477
249.0,33,1315.342876
249.0,33,1315.847394
249.0,33,1316.272885
249.0,33,1316.694836
249.0,33,1317.127971
249.0,33,1317.63975
249.0,33,1318.067234
249.0,33,1318.491129
249.0,33,1318.920094
249.0,33,1319.415612
249.0,33,1319.83996
249.0,33,1320.260183
249.0,33,1320.691632
249.0,33,1321.194246
249.0,33,1321.61495
249.0,33,1322.042716
249.0,33,1322.467736
249.0,33,1322.968864
249.0,33,1323.395584
249.0,33,1323.815942
249.0,33,1324.238963
249.0,33,1324.736252
249.0,33,1325.173384
249.0,33,1325.612742
249.0,33,1326.028934
249.0,33,1326.538089
249.0,33,1326.966404
249.0,33,1327.409728
249.0,33,1327.832332
249.0,33,1328.335533
249.0,33,1328.751459
249.0,33,1329.183528
249.0,33,1329.694021
249.0,33,1330.11868
249.0,33,1330.548677
249.0,33,1330.977524
249.0,33,1331.48126
249.0,33,1331.900863
249.0,33,1332.322809
249.0,33,1332.747906
249.0,33,1333.2487
249.0,33,1333.673738
249.0,33,1334.094097
249.0,33,1334.520264
249.0,33,1335.026126
249.0,33,1335.455181
249.0,33,1335.883802
249.0,33,1336.308406
249.0,33,1336.822515
249.0,33,1337.242448
249.0,33,1337.67
249.0,33,1338.091939
249.0,33,1338.607141
249.0,33,1339.037202
249.0,33,1339.465075
249.0,33,1339.886562
249.0,33,1340.388776
249.0,33,1340.809496
249.0,33,1341.228778
249.0,33,1341.651452
249.0,33,1342.159394
249.0,33,1342.579977
249.0,33,1343.001614
249.0,33,1343.503365
249.0,33,1343.935443
249.0,33,1344.356485
249.0,33,1344.7816
249.0,33,1345.275548
249.0,33,1345.689163
249.0,33,1346.107357
249.0,33,1346.529263
249.0,33,1347.025533
249.0,33,1347.491894
249.0,33,1347.897918
249.0,33,1348.334786
249.0,33,1348.834235
249.0,33,1349.253668
249.0,33,1349.682641
249.0,33,1350.079739
249.0,33,1350.588364
249.0,33,1351.022215
249.0,33,1351.468871
249.0,33,1351.903047
249.0,33,1352.401902
249.0,33,1352.839886
249.0,33,1353.257969
249.0,33,1353.683164
249.0,33,1354.1988
249.0,33,1354.632613
249.0,33,1355.068382
249.0,33,1355.492375
249.0,33,1355.972868
249.0,33,1356.439662
249.0,33,1356.857445
249.0,33,1357.357945
249.0,33,1357.791859
249.0,33,1358.207529
249.0,33,1358.649165
249.0,33,1359.146869
249.0,33,1359.585498
249.0,33,1360.005231
249.0,33,1360.417411
249.0,33,1360.921793
249.0,33,1361.345656
249.0,33,1361.774744
249.0,33,1362.190647
249.0,33,1362.696425
249.0,33,1363.124019
249.0,33,1363.572786
249.0,33,1363.989898
249.0,33,1364.498491
249.0,33,1364.919173
249.0,33,1365.338811
249.0,33,1365.767413
249.0,33,1366.251369
249.0,33,1366.690864
249.0,33,1367.112264
249.0,33,1367.5487
249.0,33,1368.05708
249.0,33,1368.45983
249.0,33,1368.864992
249.0,33,1369.265233
249.0,33,1369.756326
249.0,33,1370.175851
249.0,33,1370.593784
249.0,33,1371.096175
249.0,33,1371.511934
249.0,33,1371.921822
249.0,33,1372.353147
249.0,33,1372.858586
249.0,33,1373.265749
249.0,33,1373.687865
249.0,33,1374.1007
249.0,33,1374.60011
249.0,33,1375.024665
249.0,33,1375.441213
249.0,33,1375.876583
249.0,33,1376.377617
249.0,33,1376.804677
249.0,33,1377.239662
249.0,33,1377.677106
249.0,33,1378.193577
249.0,33,1378.635471
249.0,33,1379.073057
249.0,33,1379.494405
249.0,33,1380.019269
249.0,33,1380.443253
249.0,33,1380.883282
249.0,33,1381.316185
249.0,33,1381.81149
249.0,33,1382.254929
249.0,33,1382.685644
249.0,33,1383.111234
249.0,33,1383.622453
249.0,33,1384.049883
249.0,33,1384.482703
249.0,33,1384.904278
249.0,33,1385.414198
249.0,33,1385.832184
249.0,33,1386.261552
249.0,33,1386.76988
249.0,33,1387.204153
249.0,33,1387.612795
249.0,33,1388.036398
249.0,33,1388.543312
249.0,33,1388.954829
249.0,33,1389.393077
249.0,33,1389.815793
249.0,33,1390.316157
249.0,33,1390.737958
249.0,33,1391.138388
249.0,33,1391.551975
249.0,33,1392.030646
249.0,33,1392.455853
249.0,33,1392.879492
249.0,33,1393.308379
249.0,33,1393.817003
249.0,33,1394.261922
249.0,33,1394.685811
249.0,33,1395.111017
249.0,33,1395.595287
249.0,33,1395.989299
249.0,33,1396.406206
249.0,33,1396.818771
249.0,33,1397.322132
249.0,33,1397.737155
249.0,33,1398.144662
249.0,33,1398.55741
249.0,33,1399.049242
249.0,33,1399.51839
249.0,33,1399.934068
249.0,33,1400.442328
249.0,33,1400.886211
249.0,33,1401.31733
249.0,33,1401.749459
249.0,33,1402.26939
249.0,33,1402.718565
249.0,33,1403.134091
249.0,33,1403.561739
249.0,33,1404.084502
249.0,33,1404.502079
249.0,33,1404.94072
249.0,33,1405.3533
249.0,33,1405.88323
249.0,33,1406.316494
249.0,33,1406.73141
249.0,33,1407.181337
249.0,33,1407.686535
249.0,33,1408.10618
249.0,33,1408.5407
249.0,33,1408.974633
249.0,33,1409.48883
249.0,33,1409.905908
249.0,33,1410.325471
249.0,33,1410.748043
249.0,33,1411.238934
249.0,33,1411.647699
249.0,33,1412.076101
249.0,33,1412.481411
249.0,33,1412.983378
249.0,33,1413.395258
249.0,33,1413.799042
249.0,33,1414.284803
249.0,33,1414.698572
249.0,33,1415.133265
249.0,33,1415.542972
249.0,33,1416.040466
249.0,33,1416.46272
249.0,33,1416.887655
249.0,33,1417.313092
249.0,33,1417.833478
249.0,33,1418.273762
249.0,33,1418.714204
249.0,33,1419.151073
249.0,33,1419.652995
249.0,33,1420.093575
249.0,33,1420.515445
249.0,33,1420.942528
249.0,33,1421.463979
249.0,33,1421.886895
249.0,33,1422.31015
249.0,33,1422.745321
249.0,33,1423.24144
249.0,33,1423.672067
249.0,33,1424.096772
249.0,33,1424.525393
249.0,33,1425.032476
249.0,33,1425.457534
249.0,33,1425.888721
249.0,33,1426.298913
249.0,33,1426.772005
249.0,33,1427.169643
249.0,33,1427.575765
249.0,33,1428.065754
249.0,33,1428.481107
249.0,33,1428.905524
249.0,33,1429.328687
249.0,33,1429.846303
249.0,33,1430.267032
249.0,33,1430.68591
249.0,33,1431.108152
249.0,33,1431.618205
249.0,33,1432.069853
249.0,33,1432.484788
249.0,33,1432.918753
249.0,33,1433.431019
249.0,33,1433.850365
249.0,33,1434.27506
249.0,33,1434.700766
249.0,33,1435.204724
249.0,33,1435.633036
249.0,33,1436.049424
249.0,33,1436.47583
249.0,33,1436.985456
249.0,33,1437.410011
249.0,33,1437.823309
249.0,33,1438.239463
249.0,33,1438.738662
249.0,33,1439.151044
249.0,33,1439.567846
249.0,33,1439.985434
249.0,33,1440.489816
249.0,33,1440.91427
249.0,33,1441.343059
249.0,33,1441.767508
249.0,33,1442.266313
249.0,33,1442.694044
249.0,33,1443.121549
249.0,33,1443.620314
249.0,33,1444.050637
249.0,33,1444.473968
249.0,33,1444.89977
249.0,33,1445.392167
249.0,33,1445.820005
249.0,33,1446.231782
249.0,33,1446.660831
249.0,33,1447.160462
249.0,33,1447.583799
249.0,33,1448.012172
249.0,33,1448.436552
249.0,33,1448.935481
249.0,33,1449.366812
249.0,33,1449.787644
249.0,33,1450.211615
249.0,33,1450.708251
249.0,33,1451.13284
249.0,33,1451.557642
249.0,33,1451.980683
249.0,33,1452.481919
249.0,33,1452.90642
249.0,33,1453.32937
249.0,33,1453.742973
249.0,33,1454.238285
249.0,33,1454.654168
249.0,33,1455.070869
249.0,33,1455.497558
249.0,33,1456.003379
249.0,33,1456.435941
249.0,33,1456.874188
249.0,33,1457.376531
249.0,33,1457.797387
249.0,33,1458.215212
249.0,33,1458.630727
249.0,33,1459.12616
249.0,33,1459.550717
249.0,33,1459.988394
249.0,33,1460.419624
249.0,33,1460.933208
249.0,33,1461.375234
249.0,33,1461.801831
249.0,33,1462.227947
249.0,33,1462.724243
249.0,33,1463.150791
249.0,33,1463.577436
249.0,33,1464.000684
249.0,33,1464.503273
249.0,33,1464.929702
249.0,33,1465.354598
249.0,33,1465.777941
249.0,33,1466.286009
249.0,33,1466.692602
249.0,33,1467.11606
249.0,33,1467.545282
249.0,33,1468.046473
249.0,33,1468.469435
249.0,33,1468.899551
249.0,33,1469.335776
249.0,33,1469.841618
249.0,33,1470.271422
249.0,33,1470.698311
249.0,33,1471.194247
249.0,33,1471.618025
249.0,33,1472.032172
249.0,33,1472.465095
249.0,33,1472.962534
249.0,33,1473.393433
249.0,33,1473.825827
249.0,33,1474.248041
249.0,33,1474.740783
249.0,33,1475.161867
249.0,33,1475.578464
249.0,33,1475.993072
249.0,33,1476.492711
249.0,33,1476.916866
249.0,33,1477.342615
249.0,33,1477.778547
249.0,33,1478.289277
249.0,33,1478.717499
249.0,33,1479.149316
249.0,33,1479.578999
249.0,33,1480.073431
249.0,33,1480.504911
249.0,33,1480.93222
249.0,33,1481.361816
249.0,33,1481.848217
249.0,33,1482.264745
249.0,33,1482.676069
249.0,33,1483.100129
249.0,33,1483.609805
249.0,33,1484.031779
249.0,33,1484.449914
249.0,33,1484.956213
249.0,33,1485.377164
249.0,33,1485.800178
249.0,33,1486.214328
249.0,33,1486.71256
249.0,33,1487.138114
249.0,33,1487.559443
249.0,33,1487.976858
249.0,33,1488.475646
249.0,33,1488.896929
249.0,33,1489.316737
249.0,33,1489.736125
249.0,33,1490.228153
249.0,33,1490.642278
249.0,33,1491.055445
249.0,33,1491.478028
249.0,33,1491.974206
249.0,33,1492.391188
249.0,33,1492.801333
249.0,33,1493.217082
249.0,33,1493.710849
249.0,33,1494.129369
249.0,33,1494.551237
249.0,33,1494.972381
249.0,33,1495.469413
249.0,33,1495.897599
249.0,33,1496.320888
249.0,33,1496.742446
249.0,33,1497.226219
249.0,33,1497.637892
249.0,33,1498.055668
249.0,33,1498.475673
249.0,33,1498.976898
249.0,33,1499.401982
249.0,33,1499.824724
249.0,33,1500.315547
249.0,33,1500.729546
249.0,33,1501.155578
249.0,33,1501.571613
249.0,33,1502.066291
249.0,33,1502.487197
249.0,33,1502.903359
249.0,33,1503.322968
249.0,33,1503.81714
249.0,33,1504.239245
249.0,33,1504.663019
249.0,33,1505.07815
249.0,33,1505.580109
249.0,33,1505.999997
249.0,33,1506.425331
249.0,33,1506.85227
249.0,33,1507.353207
249.0,33,1507.768917
249.0,33,1508.182131
249.0,33,1508.597073
249.0,33,1509.098922
249.0,33,1509.510679
249.0,33,1509.931964
249.0,33,1510.349881
249.0,33,1510.845178
249.0,33,1511.264845
249.0,33,1511.683658
249.0,33,1512.109102
249.0,33,1512.611722
249.0,33,1513.034928
249.0,33,1513.46302
249.0,33,1513.965668
249.0,33,1514.3863
249.0,33,1514.805336
249.0,33,1515.225759
249.0,33,1515.709799
249.0,33,1516.117507
249.0,33,1516.545016
249.0,33,1516.96141
249.0,33,1517.463691
249.0,33,1517.88892
249.0,33,1518.309887
249.0,33,1518.73067
249.0,33,1519.231101
249.0,33,1519.651398
249.0,33,1520.069839
249.0,33,1520.488128
249.0,33,1520.99632
249.0,33,1521.415374
249.0,33,1521.831754
249.0,33,1522.263143
249.0,33,1522.760541
249.0,33,1523.184424
249.0,33,1523.609732
249.0,33,1524.056088
249.0,33,1524.54745
249.0,33,1524.98017
249.0,33,1525.41645
249.0,33,1525.842503
249.0,33,1526.343971
249.0,33,1526.76911
249.0,33,1527.198488
249.0,33,1527.683885
249.0,33,1528.084054
249.0,33,1528.511322
249.0,33,1528.946441
249.0,33,1529.446674
249.0,33,1529.879324
249.0,33,1530.312808
249.0,33,1530.739988
249.0,33,1531.241048
249.0,33,1531.684313
249.0,33,1532.096964
249.0,33,1532.52733
249.0,33,1533.035971
249.0,33,1533.456182
249.0,33,1533.879637
249.0,33,1534.309498
249.0,33,1534.814816
249.0,33,1535.265859
249.0,33,1535.693292
249.0,33,1536.122653
249.0,33,1536.623607
249.0,33,1537.047462
249.0,33,1537.472787
249.0,33,1537.902377
249.0,33,1538.406613
249.0,33,1538.841527
249.0,33,1539.279962
249.0,33,1539.707679
249.0,33,1540.226647
249.0,33,1540.658696
249.0,33,1541.081064
249.0,33,1541.58089
249.0,33,1541.998384
249.0,33,1542.43701
249.0,33,1542.867097
249.0,33,1543.36781
249.0,33,1543.800912
249.0,33,1544.203081
249.0,33,1544.614146
249.0,33,1545.128099
249.0,33,1545.568284
249.0,33,1546.013234
249.0,33,1546.450887
249.0,33,1546.966414
249.0,33,1547.427711
249.0,33,1547.889883
249.0,33,1548.309329
249.0,33,1548.809718
249.0,33,1549.232582
249.0,33,1549.669643
249.0,33,1550.119274
249.0,33,1550.605148
249.0,33,1551.034413
249.0,33,1551.450937
249.0,33,1551.859439
249.0,33,1552.341812
249.0,33,1552.750387
249.0,33,1553.171808
249.0,33,1553.594333
249.0,33,1554.097269
249.0,33,1554.532607
249.0,33,1554.955534
249.0,33,1555.3769
249.0,33,1555.886042
249.0,33,1556.326201
249.0,33,1556.758601
249.0,33,1557.28709
249.0,33,1557.72508
249.0,33,1558.154678
249.0,33,1558.571432
249.0,33,1559.065177
249.0,33,1559.46461
249.0,33,1559.890683
249.0,33,1560.309522
249.0,33,1560.818861
249.0,33,1561.237685
249.0,33,1561.669516
249.0,33,1562.090126
249.0,33,1562.599124
249.0,33,1563.028738
249.0,33,1563.46006
249.0,33,1563.888316
249.0,33,1564.377575
249.0,33,1564.810127
249.0,33,1565.233529
249.0,33,1565.669824
249.0,33,1566.178602
249.0,33,1566.609505
249.0,33,1567.056532
249.0,33,1567.48112
249.0,33,1567.969838
249.0,33,1568.421465
249.0,33,1568.857074
249.0,33,1569.292616
249.0,33,1569.802536
249.0,33,1570.226859
249.0,33,1570.631343
249.0,33,1571.124433
249.0,33,1571.554787
249.0,33,1571.983256
249.0,33,1572.412573
249.0,33,1572.8962
249.0,33,1573.348362
249.0,33,1573.769576
249.0,33,1574.191633
249.0,33,1574.687777
249.0,33,1575.090862
249.0,33,1575.526471
249.0,33,1575.946098
249.0,33,1576.458982
249.0,33,1576.885818
249.0,33,1577.302768
249.0,33,1577.726239
249.0,33,1578.229494
249.0,33,1578.640017
249.0,33,1579.048049
249.0,33,1579.469388
249.0,33,1579.958884
249.0,33,1580.394543
249.0,33,1580.814454
249.0,33,1581.252961
249.0,33,1581.763594
249.0,33,1582.203809
249.0,33,1582.648647
249.0,33,1583.067972
249.0,33,1583.579259
249.0,33,1584.016582
249.0,33,1584.461888
249.0,33,1584.989683
249.0,33,1585.419782
249.0,33,1585.86639
249.0,33,1586.278647
249.0,33,1586.777413
249.0,33,1587.203614
249.0,33,1587.65238
249.0,33,1588.079391
249.0,33,1588.586698
249.0,33,1589.026553
249.0,33,1589.460237
249.0,33,1589.890452
249.0,33,1590.382388
249.0,33,1590.79493
249.0,33,1591.217395
249.0,33,1591.639797
249.0,33,1592.16057
249.0,33,1592.587829
249.0,33,1593.017353
249.0,33,1593.465865
249.0,33,1593.999572
249.0,33,1594.440217
249.0,33,1594.858715
249.0,33,1595.297068
249.0,33,1595.813229
249.0,33,1596.25177
249.0,33,1596.685173
249.0,33,1597.112421
249.0,33,1597.630295
249.0,33,1598.047465
249.0,33,1598.470046
249.0,33,1598.960477
249.0,33,1599.375907
249.0,33,1599.812388
249.0,33,1600.23424
249.0,33,1600.738405
249.0,33,1601.155883
249.0,33,1601.564116
249.0,33,1601.972964
249.0,33,1602.452644
249.0,33,1602.861374
249.0,33,1603.263669
249.0,33,1603.66895
249.0,33,1604.151829
249.0,33,1604.562023
249.0,33,1604.968369
249.0,33,1605.362504
249.0,33,1605.844486
249.0,33,1606.25431
249.0,33,1606.65523
249.0,33,1607.059683
249.0,33,1607.554543
249.0,33,1607.959594
249.0,33,1608.355917
249.0,33,1608.760978
249.0,33,1609.23668
249.0,33,1609.644382
249.0,33,1610.064562
249.0,33,1610.498427
249.0,33,1611.003408
249.0,33,1611.430425
249.0,33,1611.86192
249.0,33,1612.291613
249.0,33,1612.789597
249.0,33,1613.209353
249.0,33,1613.633641
249.0,33,1614.133962
249.0,33,1614.56015
249.0,33,1614.973383
249.0,33,1615.400087
249.0,33,1615.893946
249.0,33,1616.314693
249.0,33,1616.738758
249.0,33,1617.159637
249.0,33,1617.647598
249.0,33,1618.079061
249.0,33,1618.494292
249.0,33,1618.914498
249.0,33,1619.423761
249.0,33,1619.848053
249.0,33,1620.277734
249.0,33,1620.695817
249.0,33,1621.200927
249.0,33,1621.625767
249.0,33,1622.052533
249.0,33,1622.485009
249.0,33,1622.99139
249.0,33,1623.421849
249.0,33,1623.849605
249.0,33,1624.276956
249.0,33,1624.777703
249.0,33,1625.197958
249.0,33,1625.618397
249.0,33,1626.034491
249.0,33,1626.534559
249.0,33,1626.947472
249.0,33,1627.368659
249.0,33,1627.869631
249.0,33,1628.287474
249.0,33,1628.710242
249.0,33,1629.131323
249.0,33,1629.621767
249.0,33,1630.044979
249.0,33,1630.467157
249.0,33,1630.891064
249.0,33,1631.391768
249.0,33,1631.813838
249.0,33,1632.240747
249.0,33,1632.666618
249.0,33,1633.163076
249.0,33,1633.587801
249.0,33,1634.010185
249.0,33,1634.435982
249.0,33,1634.932047
249.0,33,1635.34663
249.0,33,1635.761873
249.0,33,1636.177457
249.0,33,1636.681104
249.0,33,1637.101429
249.0,33,1637.519378
249.0,33,1637.937554
249.0,33,1638.430781
249.0,33,1638.849526
249.0,33,1639.273309
249.0,33,1639.694341
249.0,33,1640.192593
249.0,33,1640.619985
249.0,33,1641.045402
249.0,33,1641.559411
249.0,33,1641.988904
249.0,33,1642.419381
249.0,33,1642.844395
249.0,33,1643.354139
249.0,33,1643.782682
249.0,33,1644.201897
249.0,33,1644.621322
249.0,33,1645.114885
249.0,33,1645.539027
249.0,33,1645.972051
249.0,33,1646.40019
249.0,33,1646.915618
249.0,33,1647.345447
249.0,33,1647.771656
249.0,33,1648.1843
249.0,33,1648.687565
249.0,33,1649.101798
249.0,33,1649.506564
249.0,33,1649.929144
249.0,33,1650.43098
249.0,33,1650.86148
249.0,33,1651.276683
249.0,33,1651.699039
249.0,33,1652.188989
249.0,33,1652.60679
249.0,33,1653.022787
249.0,33,1653.441432
249.0,33,1653.941339
249.0,33,1654.364052
249.0,33,1654.773802
249.0,33,1655.285784
249.0,33,1655.709189
249.0,33,1656.140429
249.0,33,1656.561008
249.0,33,1657.058466
249.0,33,1657.477791
249.0,33,1657.905705
249.0,33,1658.333152
249.0,33,1658.829595
249.0,33,1659.250294
249.0,33,1659.680621
249.0,33,1660.096995
249.0,33,1660.602947
249.0,33,1661.036148
249.0,33,1661.449813
249.0,33,1661.872235
249.0,33,1662.369999
249.0,33,1662.792238
249.0,33,1663.209573
249.0,33,1663.625891
249.0,33,1664.128983
249.0,33,1664.559163
249.0,33,1664.985142
249.0,33,1665.41133
249.0,33,1665.909615
249.0,33,1666.324958
249.0,33,1666.740601
249.0,33,1667.165915
249.0,33,1667.673947
249.0,33,1668.103106
249.0,33,1668.532692
249.0,33,1668.963711
249.0,33,1669.468113
249.0,33,1669.896066
249.0,33,1670.327806
249.0,33,1670.839634
249.0,33,1671.264737
249.0,33,1671.687707
249.0,33,1672.117217
249.0,33,1672.625281
249.0,33,1673.045061
249.0,33,1673.473525
249.0,33,1673.896357
249.0,33,1674.39783
249.0,33,1674.814154
249.0,33,1675.234901
249.0,33,1675.659611
249.0,33,1676.163807
249.0,33,1676.575502
249.0,33,1676.99511
249.0,33,1677.417926
249.0,33,1677.918302
249.0,33,1678.349709
249.0,33,1678.777077
249.0,33,1679.205212
249.0,33,1679.714957
249.0,33,1680.136795
249.0,33,1680.555448
249.0,33,1680.969605
249.0,33,1681.464797
249.0,33,1681.885567
249.0,33,1682.320362
249.0,33,1682.752461
249.0,33,1683.251113
249.0,33,1683.673512
249.0,33,1684.096571
249.0,33,1684.592998
249.0,33,1685.014611
249.0,33,1685.450475
249.0,33,1685.871125
249.0,33,1686.363951
249.0,33,1686.778314
249.0,33,1687.200294
249.0,33,1687.619346
249.0,33,1688.121013
249.0,33,1688.543267
249.0,33,1688.973589
249.0,33,1689.401505
249.0,33,1689.906473
249.0,33,1690.335947
249.0,33,1690.762398
249.0,33,1691.181524
249.0,33,1691.671892
249.0,33,1692.087038
249.0,33,1692.503451
249.0,33,1692.924714
249.0,33,1693.427622
249.0,33,1693.855919
249.0,33,1694.27526
249.0,33,1694.695762
249.0,33,1695.193902
249.0,33,1695.615596
249.0,33,1696.037489
249.0,33,1696.463531
249.0,33,1696.966252
249.0,33,1697.397354
249.0,33,1697.817785
249.0,33,1698.305746
249.0,33,1698.725561
249.0,33,1699.15038
249.0,33,1699.57642
249.0,33,1700.071764
249.0,33,1700.488352
249.0,33,1700.910563
249.0,33,1701.332558
249.0,33,1701.817927
249.0,33,1702.239594
249.0,33,1702.662544
249.0,33,1703.079847
249.0,33,1703.578939
249.0,33,1703.999105
249.0,33,1704.406621
249.0,33,1704.83153
249.0,33,1705.352523
249.0,33,1705.754752
249.0,33,1706.174219
249.0,33,1706.585478
249.0,33,1707.06572
249.0,33,1707.490893
249.0,33,1707.89796
249.0,33,1708.311295
249.0,33,1708.798292
249.0,33,1709.203143
249.0,33,1709.624866
249.0,33,1710.035465
249.0,33,1710.522678
249.0,33,1710.938837
249.0,33,1711.373713
249.0,33,1711.870186
249.0,33,1712.306538
249.0,33,1712.74529
249.0,33,1713.183772
249.0,33,1713.67563
249.0,33,1714.079828
249.0,33,1714.496495
249.0,33,1714.899895
249.0,33,1715.390262
249.0,33,1715.806716
249.0,33,1716.22693
249.0,33,1716.648102
249.0,33,1717.120538
249.0,33,1717.539165
249.0,33,1717.968961
249.0,33,1718.390121
249.0,33,1718.884171
249.0,33,1719.313756
249.0,33,1719.747463
249.0,33,1720.176591
249.0,33,1720.673454
249.0,33,1721.096453
249.0,33,1721.528497
249.0,33,1721.935553
249.0,33,1722.417054
249.0,33,1722.823281
249.0,33,1723.226607
249.0,33,1723.596618
249.0,33,1724.049181
249.0,33,1724.465727
249.0,33,1724.877442
249.0,33,1725.315203
249.0,33,1725.803895
249.0,33,1726.220138
249.0,33,1726.64317
249.0,33,1727.151436
249.0,33,1727.560911
249.0,33,1727.979901
249.0,33,1728.410311
249.0,33,1728.90203
249.0,33,1729.319032
249.0,33,1729.722102
249.0,33,1730.153052
249.0,33,1730.671051
249.0,33,1731.11444
249.0,33,1731.499323
249.0,33,1731.944255
249.0,33,1732.426974
249.0,33,1732.837514
249.0,33,1733.244605
249.0,33,1733.71383
249.0,33,1734.221982
249.0,33,1734.646162
249.0,33,1735.07339
249.0,33,1735.487888
249.0,33,1736.048037
249.0,33,1736.471267
249.0,33,1736.91493
249.0,33,1737.38219
249.0,33,1737.898058
249.0,33,1738.33506
249.0,33,1738.776525
249.0,33,1739.218644
249.0,33,1739.731561
249.0,33,1740.168788
249.0,33,1740.732981
249.0,33,1741.210904
249.0,33,1741.705949
249.0,33,1742.152822
249.0,33,1742.559853
249.0,33,1743.07985
249.0,33,1743.486824
249.0,33,1743.931945
249.0,33,1744.335366
249.0,33,1744.857619
249.0,33,1745.277001
249.0,33,1745.697632
249.0,33,1746.128947
249.0,33,1746.625198
249.0,33,1747.058909
249.0,33,1747.503891
249.0,33,1747.938205
249.0,33,1748.521554
249.0,33,1748.928844
249.0,33,1749.390254
249.0,33,1749.7981
249.0,33,1750.281858
249.0,33,1750.693558
249.0,33,1751.103372
249.0,33,1751.531472
249.0,33,1751.997319
249.0,33,1752.466318
249.0,33,1752.90257
249.0,33,1753.313021
249.0,33,1753.81636
249.0,33,1754.240518
249.0,33,1754.668985
249.0,33,1755.182158
249.0,33,1755.628012
249.0,33,1756.057672
249.0,33,1756.549596
249.0,33,1757.060877
249.0,33,1757.500343
249.0,33,1757.919242
249.0,33,1758.322104
249.0,33,1758.855119
249.0,33,1759.251308
249.0,33,1759.731672
249.0,33,1760.153185
249.0,33,1760.679676
249.0,33,1761.101838
249.0,33,1761.530107
249.0,33,1761.955376
249.0,33,1762.498249
249.0,33,1762.92982
249.0,33,1763.331965
249.0,33,1763.764548
249.0,33,1764.260621
249.0,33,1764.691541
249.0,33,1765.132645
249.0,33,1765.586709
249.0,33,1766.104878
249.0,33,1766.5381
249.0,33,1767.020849
249.0,33,1767.429702
249.0,33,1767.922057
249.0,33,1768.342036
249.0,33,1768.747416
249.0,33,1769.255714
249.0,33,1769.676545
249.0,33,1770.093715
249.0,33,1770.521945
249.0,33,1771.023022
249.0,33,1771.434869
249.0,33,1771.864807
249.0,33,1772.299634
249.0,33,1772.800243
249.0,33,1773.23627
249.0,33,1773.71376
249.0,33,1774.136003
249.0,33,1774.644044
249.0,33,1775.051843
249.0,33,1775.490251
249.0,33,1775.912645
249.0,33,1776.459839
249.0,33,1776.866958
249.0,33,1777.314349
249.0,33,1777.718655
249.0,33,1778.237063
249.0,33,1778.638477
249.0,33,1779.061717
249.0,33,1779.448809
249.0,33,1779.967008
249.0,33,1780.366099
249.0,33,1780.807889
249.0,33,1781.231107
249.0,33,1781.750178
249.0,33,1782.19837
249.0,33,1782.644235
249.0,33,1783.043291
249.0,33,1783.512074
249.0,33,1783.913851
249.0,33,1784.339844
249.0,33,1784.809716
249.0,33,1785.239711
249.0,33,1785.662685
249.0,33,1786.076903
249.0,33,1786.559776
249.0,33,1786.986742
249.0,33,1787.402922
249.0,33,1787.840658
249.0,33,1788.30543
249.0,33,1788.747049
249.0,33,1789.164036
249.0,33,1789.595591
249.0,33,1790.108505
249.0,33,1790.56783
249.0,33,1790.998516
249.0,33,1791.41507
249.0,33,1791.855099
249.0,33,1792.235367
249.0,33,1792.628579
249.0,33,1793.022378
249.0,33,1793.496857
249.0,33,1793.905057
249.0,33,1794.336807
249.0,33,1794.769256
249.0,33,1795.237731
249.0,33,1795.654188
249.0,33,1796.070166
249.0,33,1796.486693
249.0,33,1796.995448
249.0,33,1797.42806
249.0,33,1797.877269
249.0,33,1798.361053
249.0,33,1798.795864
249.0,33,1799.205323
249.0,33,1799.617667
249.0,33,1800.118545
249.0,33,1800.539305
249.0,33,1800.986097
249.0,33,1801.416039
249.0,33,1801.918663
249.0,33,1802.362978
249.0,33,1802.7931
249.0,33,1803.234398
249.0,33,1803.742855
249.0,33,1804.171838
249.0,33,1804.593672
249.0,33,1805.01936
249.0,33,1805.523004
249.0,33,1805.950441
249.0,33,1806.37727
249.0,33,1806.790786
249.0,33,1807.284435
249.0,33,1807.705862
249.0,33,1808.130751
249.0,33,1808.549763
249.0,33,1809.032877
249.0,33,1809.436227
249.0,33,1809.880103
249.0,33,1810.304744
249.0,33,1810.814224
249.0,33,1811.251437
249.0,33,1811.69959
249.0,33,1812.199408
249.0,33,1812.618159
249.0,33,1813.04204
249.0,33,1813.458245
249.0,33,1813.935489
249.0,33,1814.348045
249.0,33,1814.748132
249.0,33,1815.157086
249.0,33,1815.654829
249.0,33,1816.06322
249.0,33,1816.470515
249.0,33,1816.883209
249.0,33,1817.37163
249.0,33,1817.788104
249.0,33,1818.192667
249.0,33,1818.596977
249.0,33,1819.093363
249.0,33,1819.494563
249.0,33,1819.891028
249.0,33,1820.295231
249.0,33,1820.77013
249.0,33,1821.181878
249.0,33,1821.59222
249.0,33,1822.006775
249.0,33,1822.508627
249.0,33,1822.919482
249.0,33,1823.344472
249.0,33,1823.768773
249.0,33,1824.273612
249.0,33,1824.694985
249.0,33,1825.128248
249.0,33,1825.626149
249.0,33,1826.041849
249.0,33,1826.456528
249.0,33,1826.870452
249.0,33,1827.355133
249.0,33,1827.774276
249.0,33,1828.198654
249.0,33,1828.624232
249.0,33,1829.128069
249.0,33,1829.55068
249.0,33,1829.974176
249.0,33,1830.394913
249.0,33,1830.901357
249.0,33,1831.317223
249.0,33,1831.736744
249.0,33,1832.159419
249.0,33,1832.656734
249.0,33,1833.080368
249.0,33,1833.498421
249.0,33,1833.921564
249.0,33,1834.419724
249.0,33,1834.844222
249.0,33,1835.268301
249.0,33,1835.684967
249.0,33,1836.17847
249.0,33,1836.601601
249.0,33,1837.026875
249.0,33,1837.449785
249.0,33,1837.94733
249.0,33,1838.368297
249.0,33,1838.789018
249.0,33,1839.216995
249.0,33,1839.717868
249.0,33,1840.142355
249.0,33,1840.554111
249.0,33,1841.039046
249.0,33,1841.437802
249.0,33,1841.841797
249.0,33,1842.245251
249.0,33,1842.750623
249.0,33,1843.170502
249.0,33,1843.597727
249.0,33,1844.024964
249.0,33,1844.515989
249.0,33,1844.931221
249.0,33,1845.348524
249.0,33,1845.765402
249.0,33,1846.26651
249.0,33,1846.683087
249.0,33,1847.101206
249.0,33,1847.520675
249.0,33,1848.017771
249.0,33,1848.443928
249.0,33,1848.871757
249.0,33,1849.291987
249.0,33,1849.783463
249.0,33,1850.202132
249.0,33,1850.621639
249.0,33,1851.063087
249.0,33,1851.586464
249.0,33,1852.015117
249.0,33,1852.43696
249.0,33,1852.857884
249.0,33,1853.362274
249.0,33,1853.789217
249.0,33,1854.211752
249.0,33,1854.715227
249.0,33,1855.132823
249.0,33,1855.550562
249.0,33,1855.971071
249.0,33,1856.468732
249.0,33,1856.889768
249.0,33,1857.315688
249.0,33,1857.737508
249.0,33,1858.238308
249.0,33,1858.6573
249.0,33,1859.077158
249.0,33,1859.505398
249.0,33,1860.009566
249.0,33,1860.439665
249.0,33,1860.867777
249.0,33,1861.28929
249.0,33,1861.795593
249.0,33,1862.218047
249.0,33,1862.638735
249.0,33,1863.060025
249.0,33,1863.558706
249.0,33,1863.989431
249.0,33,1864.416391
249.0,33,1864.836773
249.0,33,1865.332619
249.0,33,1865.755374
249.0,33,1866.182797
249.0,33,1866.608112
249.0,33,1867.120885
249.0,33,1867.541968
249.0,33,1867.965693
249.0,33,1868.46259
249.0,33,1868.887921
249.0,33,1869.307867
249.0,33,1869.736856
249.0,33,1870.224531
249.0,33,1870.645242
249.0,33,1871.06912
249.0,33,1871.493274
249.0,33,1871.98872
249.0,33,1872.413574
249.0,33,1872.837543
249.0,33,1873.251589
249.0,33,1873.745281
249.0,33,1874.175341
249.0,33,1874.602675
249.0,33,1875.0334
249.0,33,1875.519099
249.0,33,1875.934921
249.0,33,1876.361152
249.0,33,1876.771495
249.0,33,1877.280632
249.0,33,1877.695976
249.0,33,1878.122918
249.0,33,1878.544781
249.0,33,1879.049758
249.0,33,1879.468275
249.0,33,1879.898445
249.0,33,1880.331211
249.0,33,1880.841048
249.0,33,1881.277655
249.0,33,1881.700656
249.0,33,1882.201748
249.0,33,1882.627838
249.0,33,1883.067347
249.0,33,1883.49488
249.0,33,1883.988085
249.0,33,1884.402577
249.0,33,1884.807861
249.0,33,1885.227059
249.0,33,1885.721015
249.0,33,1886.144155
249.0,33,1886.562469
249.0,33,1887.000695
249.0,33,1887.497012
249.0,33,1887.913027
249.0,33,1888.346248
249.0,33,1888.760206
249.0,33,1889.25225
249.0,33,1889.684899
249.0,33,1890.116325
249.0,33,1890.553988
249.0,33,1891.05231
249.0,33,1891.467849
249.0,33,1891.881729
249.0,33,1892.299304
249.0,33,1892.773323
249.0,33,1893.213003
249.0,33,1893.638335
249.0,33,1894.051616
249.0,33,1894.550279
249.0,33,1894.961654
249.0,33,1895.401062
249.0,33,1895.814547
249.0,33,1896.309215
249.0,33,1896.719486
249.0,33,1897.138944
249.0,33,1897.643
249.0,33,1898.07554
249.0,33,1898.508802
249.0,33,1898.93998
249.0,33,1899.439199
249.0,33,1899.843008
249.0,33,1900.279319
249.0,33,1900.700058
249.0,33,1901.179393
249.0,33,1901.609301
249.0,33,1902.026487
249.0,33,1902.452895
249.0,33,1902.953839
249.0,33,1903.373317
249.0,33,1903.786002
249.0,33,1904.18901
249.0,33,1904.697382
249.0,33,1905.136442
249.0,33,1905.565488
249.0,33,1905.993806
249.0,33,1906.520285
249.0,33,1906.935581
249.0,33,1907.377792
249.0,33,1907.79256
249.0,33,1908.29782
249.0,33,1908.736463
249.0,33,1909.159639
249.0,33,1909.600269
249.0,33,1910.104823
249.0,33,1910.514668
249.0,33,1910.926263
249.0,33,1911.392075
249.0,33,1911.803586
249.0,33,1912.217725
249.0,33,1912.635828
249.0,33,1913.137793
249.0,33,1913.57215
249.0,33,1913.997755
249.0,33,1914.415067
249.0,33,1914.891446
249.0,33,1915.301297
249.0,33,1915.723936
249.0,33,1916.132697
249.0,33,1916.63894
249.0,33,1917.065175
249.0,33,1917.484577
249.0,33,1917.893694
249.0,33,1918.376358
249.0,33,1918.797234
249.0,33,1919.209485
249.0,33,1919.632449
249.0,33,1920.135144
249.0,33,1920.571443
249.0,33,1921.00105
249.0,33,1921.434551
249.0,33,1921.95103
249.0,33,1922.371223
249.0,33,1922.782156
249.0,33,1923.196332
249.0,33,1923.700598
249.0,33,1924.133367
249.0,33,1924.567257
249.0,33,1925.078943
249.0,33,1925.505042
249.0,33,1925.94926
249.0,33,1926.3698
249.0,33,1926.87618
249.0,33,1927.306554
249.0,33,1927.72248
249.0,33,1928.153435
249.0,33,1928.663337
249.0,33,1929.094808
249.0,33,1929.517802
249.0,33,1929.95837
249.0,33,1930.446324
249.0,33,1930.862096
249.0,33,1931.274023
249.0,33,1931.680399
249.0,33,1932.167538
249.0,33,1932.573273
249.0,33,1933.000176
249.0,33,1933.44933
249.0,33,1933.97221
249.0,33,1934.428475
249.0,33,1934.857404
249.0,33,1935.309446
249.0,33,1935.812565
249.0,33,1936.25893
249.0,33,1936.687299
249.0,33,1937.107351
249.0,33,1937.615412
249.0,33,1938.041948
249.0,33,1938.492472
249.0,33,1938.970378
249.0,33,1939.395624
249.0,33,1939.802413
249.0,33,1940.216103
249.0,33,1940.705848
249.0,33,1941.127367
249.0,33,1941.566169
249.0,33,1941.968185
249.0,33,1942.449559
249.0,33,1942.865828
249.0,33,1943.269811
249.0,33,1943.690503
249.0,33,1944.19285
249.0,33,1944.620121
249.0,33,1945.037765
249.0,33,1945.463072
249.0,33,1945.919682
249.0,33,1946.319254
249.0,33,1946.74266
249.0,33,1947.163779
249.0,33,1947.683726
249.0,33,1948.11197
249.0,33,1948.575129
249.0,33,1949.038333
249.0,33,1949.547623
249.0,33,1950.001648
249.0,33,1950.435646
249.0,33,1950.860257
249.0,33,1951.373886
249.0,33,1951.81739
249.0,33,1952.255533
249.0,33,1952.686212
249.0,33,1953.181527
249.0,33,1953.585706
249.0,33,1953.998015
249.0,33,1954.480011
249.0,33,1954.890475
249.0,33,1955.307881
249.0,33,1955.7245
249.0,33,1956.24279
249.0,33,1956.67833
249.0,33,1957.089567
249.0,33,1957.506524
249.0,33,1958.012776
249.0,33,1958.430693
249.0,33,1958.836484
249.0,33,1959.260098
249.0,33,1959.769323
249.0,33,1960.194135
249.0,33,1960.637304
249.0,33,1961.042921
249.0,33,1961.519664
249.0,33,1961.931675
249.0,33,1962.341841
249.0,33,1962.754473
249.0,33,1963.240067
249.0,33,1963.646235
249.0,33,1964.057273
249.0,33,1964.469846
249.0,33,1964.945858
249.0,33,1965.356697
249.0,33,1965.771616
249.0,33,1966.194359
249.0,33,1966.67362
249.0,33,1967.093728
249.0,33,1967.504258
249.0,33,1967.975436
249.0,33,1968.377477
249.0,33,1968.780725
249.0,33,1969.213812
249.0,33,1969.718566
249.0,33,1970.128501
249.0,33,1970.550713
249.0,33,1970.977325
249.0,33,1971.485804
249.0,33,1971.90973
249.0,33,1972.320689
249.0,33,1972.727644
249.0,33,1973.22408
249.0,33,1973.651657
249.0,33,1974.107668
249.0,33,1974.571164
249.0,33,1975.080328
249.0,33,1975.507684
249.0,33,1975.922122
249.0,33,1976.344056
249.0,33,1976.846167
249.0,33,1977.276036
249.0,33,1977.705881
249.0,33,1978.130994
249.0,33,1978.642446
249.0,33,1979.080782
249.0,33,1979.532576
249.0,33,1979.972657
249.0,33,1980.507036
249.0,33,1980.956247
249.0,33,1981.412729
249.0,33,1981.937108
249.0,33,1982.396273
249.0,33,1982.841614
249.0,33,1983.284945
249.0,33,1983.780873
249.0,33,1984.208588
249.0,33,1984.633097
249.0,33,1985.053936
249.0,33,1985.523491
249.0,33,1985.933797
249.0,33,1986.361079
249.0,33,1986.788316
249.0,33,1987.290397
249.0,33,1987.701683
249.0,33,1988.136675
249.0,33,1988.55851
249.0,33,1989.055483
249.0,33,1989.47202
249.0,33,1989.893706
249.0,33,1990.318925
249.0,33,1990.822517
249.0,33,1991.249428
249.0,33,1991.683179
249.0,33,1992.109322
249.0,33,1992.618202
249.0,33,1993.045004
249.0,33,1993.479798
249.0,33,1993.917076
249.0,33,1994.421094
249.0,33,1994.863128
249.0,33,1995.291057
249.0,33,1995.794479
249.0,33,1996.231097
249.0,33,1996.65936
249.0,33,1997.084763
249.0,33,1997.602865
249.0,33,1998.041229
249.0,33,1998.468392
249.0,33,1998.892934
249.0,33,1999.389108
249.0,33,1999.802733
249.0,33,2000.216436
249.0,33,2000.635578
249.0,33,2001.138937
249.0,33,2001.566033
249.0,33,2001.995664
249.0,33,2002.425527
249.0,33,2002.923018
249.0,33,2003.342957
249.0,33,2003.770453
249.0,33,2004.219776
249.0,33,2004.747271
249.0,33,2005.191517
249.0,33,2005.629897
249.0,33,2006.080401
249.0,33,2006.610402
249.0,33,2007.046507
249.0,33,2007.472765
249.0,33,2007.898459
249.0,33,2008.399684
249.0,33,2008.816281
249.0,33,2009.236852
249.0,33,2009.659365
249.0,33,2010.15581
249.0,33,2010.585797
249.0,33,2011.01724
249.0,33,2011.515671
249.0,33,2011.950909
249.0,33,2012.370476
249.0,33,2012.784904
249.0,33,2013.29283
249.0,33,2013.718224
249.0,33,2014.142342
249.0,33,2014.57358
249.0,33,2015.080496
249.0,33,2015.508362
249.0,33,2015.931065
249.0,33,2016.351851
249.0,33,2016.851668
249.0,33,2017.273713
249.0,33,2017.693048
249.0,33,2018.122409
249.0,33,2018.633347
249.0,33,2019.068798
249.0,33,2019.490449
249.0,33,2019.918288
249.0,33,2020.415694
249.0,33,2020.837827
249.0,33,2021.267153
249.0,33,2021.692165
249.0,33,2022.190418
249.0,33,2022.619176
249.0,33,2023.041542
249.0,33,2023.469338
249.0,33,2023.960666
249.0,33,2024.377158
249.0,33,2024.789433
249.0,33,2025.292714
249.0,33,2025.720752
249.0,33,2026.142177
249.0,33,2026.564454
249.0,33,2027.079608
249.0,33,2027.505038
249.0,33,2027.93076
249.0,33,2028.353417
249.0,33,2028.866986
249.0,33,2029.286582
249.0,33,2029.703672
249.0,33,2030.140191
249.0,33,2030.641617
249.0,33,2031.069763
249.0,33,2031.505059
249.0,33,2031.928489
249.0,33,2032.435043
249.0,33,2032.853307
249.0,33,2033.273864
249.0,33,2033.691785
249.0,33,2034.196081
249.0,33,2034.621067
249.0,33,2035.050817
249.0,33,2035.475039
249.0,33,2035.986606
249.0,33,2036.43168
249.0,33,2036.869312
249.0,33,2037.286097
249.0,33,2037.782853
249.0,33,2038.197475
249.0,33,2038.609592
249.0,33,2039.099443
249.0,33,2039.512995
249.0,33,2039.920499
249.0,33,2040.332352
249.0,33,2040.844333
249.0,33,2041.283638
249.0,33,2041.716565
249.0,33,2042.140764
249.0,33,2042.653931
249.0,33,2043.093923
249.0,33,2043.534428
249.0,33,2043.961121
249.0,33,2044.460908
249.0,33,2044.888669
249.0,33,2045.31159
249.0,33,2045.729137
249.0,33,2046.218675
249.0,33,2046.637466
249.0,33,2047.050722
249.0,33,2047.467899
249.0,33,2047.95854
249.0,33,2048.394689
249.0,33,2048.817357
249.0,33,2049.240606
249.0,33,2049.729081
249.0,33,2050.156158
249.0,33,2050.583027
249.0,33,2051.002112
249.0,33,2051.501788
249.0,33,2051.930739
249.0,33,2052.361899
249.0,33,2052.859738
249.0,33,2053.280181
249.0,33,2053.693653
249.0,33,2054.118476
249.0,33,2054.620498
249.0,33,2055.042256
249.0,33,2055.470887
249.0,33,2055.888348
249.0,33,2056.393539
249.0,33,2056.828227
249.0,33,2057.259223
249.0,33,2057.691449
249.0,33,2058.190837
249.0,33,2058.612951
249.0,33,2059.036905
249.0,33,2059.458096
249.0,33,2059.955985
249.0,33,2060.397308
249.0,33,2060.822254
249.0,33,2061.247421
249.0,33,2061.753734
249.0,33,2062.187792
249.0,33,2062.618699
249.0,33,2063.041662
249.0,33,2063.548184
249.0,33,2063.980439
249.0,33,2064.422975
249.0,33,2064.850804
249.0,33,2065.328364
249.0,33,2065.763117
249.0,33,2066.182486
249.0,33,2066.601518
249.0,33,2067.116106
249.0,33,2067.531983
249.0,33,2067.963949
249.0,33,2068.443563
249.0,33,2068.852815
249.0,33,2069.288896
249.0,33,2069.699972
249.0,33,2070.209993
249.0,33,2070.635594
249.0,33,2071.066753
249.0,33,2071.494101
249.0,33,2072.015979
249.0,33,2072.440815
249.0,33,2072.864398
249.0,33,2073.279965
249.0,33,2073.758175
249.0,33,2074.17596
249.0,33,2074.588344
249.0,33,2075.045894
249.0,33,2075.547833
249.0,33,2075.962273
249.0,33,2076.383253
249.0,33,2076.804313
249.0,33,2077.311485
249.0,33,2077.741348
249.0,33,2078.160964
249.0,33,2078.580527
249.0,33,2079.097007
249.0,33,2079.526627
249.0,33,2079.940932
249.0,33,2080.345644
249.0,33,2080.855423
249.0,33,2081.284661
249.0,33,2081.711805
249.0,33,2082.205771
249.0,33,2082.638384
249.0,33,2083.053078
249.0,33,2083.491138
249.0,33,2083.986715
249.0,33,2084.397846
249.0,33,2084.816102
249.0,33,2085.229982
249.0,33,2085.729993
249.0,33,2086.15293
249.0,33,2086.605098
249.0,33,2087.042954
249.0,33,2087.563274
249.0,33,2087.977849
249.0,33,2088.399645
249.0,33,2088.818462
249.0,33,2089.304205
249.0,33,2089.7285
249.0,33,2090.153059
249.0,33,2090.600129
249.0,33,2091.089414
249.0,33,2091.516842
249.0,33,2091.957122
249.0,33,2092.382744
249.0,33,2092.873774
249.0,33,2093.288283
249.0,33,2093.718095
249.0,33,2094.152717
249.0,33,2094.666063
249.0,33,2095.101538
249.0,33,2095.541431
249.0,33,2096.036953
249.0,33,2096.466577
249.0,33,2096.908775
249.0,33,2097.330255
249.0,33,2097.833016
249.0,33,2098.255888
249.0,33,2098.709187
249.0,33,2099.140419
249.0,33,2099.649489
249.0,33,2100.076862
249.0,33,2100.49798
249.0,33,2100.937556
249.0,33,2101.437298
249.0,33,2101.873009
249.0,33,2102.307947
249.0,33,2102.740402
249.0,33,2103.257171
249.0,33,2103.69353
249.0,33,2104.109369
249.0,33,2104.53451
249.0,33,2105.051401
249.0,33,2105.482483
249.0,33,2105.903068
249.0,33,2106.3169
249.0,33,2106.811232
249.0,33,2107.228923
249.0,33,2107.640878
249.0,33,2108.066833
249.0,33,2108.567563
249.0,33,2109.006194
249.0,33,2109.41487
249.0,33,2109.915564
249.0,33,2110.344709
249.0,33,2110.779101
249.0,33,2111.212042
249.0,33,2111.704779
249.0,33,2112.169045
249.0,33,2112.591098
249.0,33,2113.016709
249.0,33,2113.518691
249.0,33,2113.935256
249.0,33,2114.367696
249.0,33,2114.770844
249.0,33,2115.263865
249.0,33,2115.688674
249.0,33,2116.130955
249.0,33,2116.551726
249.0,33,2117.052931
249.0,33,2117.466783
249.0,33,2117.87057
249.0,33,2118.290674
249.0,33,2118.786615
249.0,33,2119.204437
249.0,33,2119.61345
249.0,33,2120.020496
249.0,33,2120.493479
249.0,33,2120.902445
249.0,33,2121.316083
249.0,33,2121.734389
249.0,33,2122.230864
249.0,33,2122.646557
249.0,33,2123.089353
249.0,33,2123.503701
249.0,33,2124.025472
249.0,33,2124.439842
249.0,33,2124.844013
249.0,33,2125.342461
249.0,33,2125.771454
249.0,33,2126.192541
249.0,33,2126.615363
249.0,33,2127.124207
249.0,33,2127.556796
249.0,33,2127.974229
249.0,33,2128.384298
249.0,33,2128.902337
249.0,33,2129.328074
249.0,33,2129.752253
249.0,33,2130.190371
249.0,33,2130.684328
249.0,33,2131.110613
249.0,33,2131.574492
249.0,33,2132.013842
249.0,33,2132.524659
249.0,33,2132.945194
249.0,33,2133.384408
249.0,33,2133.808972
249.0,33,2134.317613
249.0,33,2134.75146
249.0,33,2135.218565
249.0,33,2135.643611
249.0,33,2136.146147
249.0,33,2136.57466
249.0,33,2136.997439
249.0,33,2137.437792
249.0,33,2137.933556
249.0,33,2138.359439
249.0,33,2138.782462
249.0,33,2139.269763
249.0,33,2139.684005
249.0,33,2140.089174
249.0,33,2140.494223
249.0,33,2140.988698
249.0,33,2141.406572
249.0,33,2141.826045
249.0,33,2142.251749
249.0,33,2142.757086
249.0,33,2143.162616
249.0,33,2143.572048
249.0,33,2143.981683
249.0,33,2144.468026
249.0,33,2144.87196
249.0,33,2145.268218
249.0,33,2145.64898
249.0,33,2146.145386
249.0,33,2146.570186
249.0,33,2146.990577
249.0,33,2147.416499
249.0,33,2147.904329
249.0,33,2148.32327
249.0,33,2148.747442
249.0,33,2149.177062
249.0,33,2149.686026
249.0,33,2150.11742
249.0,33,2150.548038
249.0,33,2150.976115
249.0,33,2151.481661
249.0,33,2151.910844
249.0,33,2152.333512
249.0,33,2152.8413
249.0,33,2153.266217
249.0,33,2153.699994
249.0,33,2154.134751
249.0,33,2154.646339
249.0,33,2155.065272
249.0,33,2155.494248
249.0,33,2155.924059
249.0,33,2156.435224
249.0,33,2156.86189
249.0,33,2157.295803
249.0,33,2157.728407
249.0,33,2158.235961
249.0,33,2158.657656
249.0,33,2159.07918
249.0,33,2159.493934
249.0,33,2159.997525
249.0,33,2160.42772
249.0,33,2160.866296
249.0,33,2161.294344
249.0,33,2161.795568
249.0,33,2162.201333
249.0,33,2162.610373
249.0,33,2163.025118
249.0,33,2163.539184
249.0,33,2163.967811
249.0,33,2164.394787
249.0,33,2164.815565
249.0,33,2165.324143
249.0,33,2165.757632
249.0,33,2166.188366
249.0,33,2166.715
249.0,33,2167.143972
249.0,33,2167.578084
249.0,33,2167.997533
249.0,33,2168.504387
249.0,33,2168.932362
249.0,33,2169.363304
249.0,33,2169.790995
249.0,33,2170.298815
249.0,33,2170.726492
249.0,33,2171.149115
249.0,33,2171.574205
249.0,33,2172.078578
249.0,33,2172.500842
249.0,33,2172.923833
249.0,33,2173.349686
249.0,33,2173.851078
249.0,33,2174.267758
249.0,33,2174.692476
249.0,33,2175.120374
249.0,33,2175.619182
249.0,33,2176.041901
249.0,33,2176.470857
249.0,33,2176.907366
249.0,33,2177.412772
249.0,33,2177.846175
249.0,33,2178.273311
249.0,33,2178.703495
249.0,33,2179.209126
249.0,33,2179.624297
249.0,33,2180.0498
249.0,33,2180.467609
249.0,33,2180.967683
249.0,33,2181.401701
249.0,33,2181.831099
249.0,33,2182.331988
249.0,33,2182.753342
249.0,33,2183.184045
249.0,33,2183.613216
249.0,33,2184.122358
249.0,33,2184.545202
249.0,33,2184.980232
249.0,33,2185.41611
249.0,33,2185.93147
249.0,33,2186.353297
249.0,33,2186.779274
249.0,33,2187.212935
249.0,33,2187.712994
249.0,33,2188.139839
249.0,33,2188.561295
249.0,33,2188.992328
249.0,33,2189.492514
249.0,33,2189.910719
249.0,33,2190.32658
249.0,33,2190.747017
249.0,33,2191.24606
249.0,33,2191.677202
249.0,33,2192.10587
249.0,33,2192.525729
249.0,33,2193.029548
249.0,33,2193.449887
249.0,33,2193.874701
249.0,33,2194.303787
249.0,33,2194.805013
249.0,33,2195.228739
249.0,33,2195.643823
249.0,33,2196.136341
249.0,33,2196.549798
249.0,33,2196.985405
249.0,33,2197.412749
249.0,33,2197.916961
249.0,33,2198.337912
249.0,33,2198.743531
249.0,33,2199.152266
249.0,33,2199.634079
249.0,33,2200.060425
249.0,33,2200.487135
249.0,33,2200.910452
249.0,33,2201.413174
249.0,33,2201.829731
249.0,33,2202.257636
249.0,33,2202.683641
249.0,33,2203.188551
249.0,33,2203.620923
249.0,33,2204.052549
249.0,33,2204.481808
249.0,33,2204.983681
249.0,33,2205.405179
249.0,33,2205.826014
249.0,33,2206.240688
249.0,33,2206.722878
249.0,33,2207.143107
249.0,33,2207.566459
249.0,33,2207.988618
249.0,33,2208.493011
249.0,33,2208.921995
249.0,33,2209.344255
249.0,33,2209.846716
249.0,33,2210.267867
249.0,33,2210.696648
249.0,33,2211.121462
249.0,33,2211.625275
249.0,33,2212.050743
249.0,33,2212.478755
249.0,33,2212.902394
249.0,33,2213.392444
249.0,33,2213.822466
249.0,33,2214.251851
249.0,33,2214.675905
249.0,33,2215.180563
249.0,33,2215.612639
249.0,33,2216.046712
249.0,33,2216.480409
249.0,33,2216.980472
249.0,33,2217.403993
249.0,33,2217.824656
249.0,33,2218.244117
249.0,33,2218.746145
249.0,33,2219.168375
249.0,33,2219.595652
249.0,33,2220.023444
249.0,33,2220.516904
249.0,33,2220.934034
249.0,33,2221.353195
249.0,33,2221.77548
249.0,33,2222.285062
249.0,33,2222.714154
249.0,33,2223.141248
249.0,33,2223.650903
249.0,33,2224.07386
249.0,33,2224.494353
249.0,33,2224.918403
249.0,33,2225.407359
249.0,33,2225.827113
249.0,33,2226.24804
249.0,33,2226.671782
249.0,33,2227.160529
249.0,33,2227.579485
249.0,33,2228.003616
249.0,33,2228.4315
249.0,33,2228.930961
249.0,33,2229.347749
249.0,33,2229.77087
249.0,33,2230.206182
249.0,33,2230.715259
249.0,33,2231.141442
249.0,33,2231.569351
249.0,33,2231.99967
249.0,33,2232.50361
249.0,33,2232.932862
249.0,33,2233.357237
249.0,33,2233.78027
249.0,33,2234.291185
249.0,33,2234.721609
249.0,33,2235.150349
249.0,33,2235.580179
249.0,33,2236.088332
249.0,33,2236.519014
249.0,33,2236.94522
249.0,33,2237.377285
249.0,33,2237.880916
249.0,33,2238.304682
249.0,33,2238.719605
249.0,33,2239.212761
249.0,33,2239.633282
249.0,33,2240.059081
249.0,33,2240.486843
249.0,33,2240.988129
249.0,33,2241.421573
249.0,33,2241.851337
249.0,33,2242.278672
249.0,33,2242.77812
249.0,33,2243.223582
249.0,33,2243.646587
249.0,33,2244.090518
249.0,33,2244.598883
249.0,33,2245.010975
249.0,33,2245.450175
249.0,33,2245.875782
249.0,33,2246.386202
249.0,33,2246.823524
249.0,33,2247.238584
249.0,33,2247.671188
249.0,33,2248.186445
249.0,33,2248.624527
249.0,33,2249.046092
249.0,33,2249.488225
249.0,33,2249.979872
249.0,33,2250.41679
249.0,33,2250.845957
249.0,33,2251.277715
249.0,33,2251.794023
249.0,33,2252.209817
249.0,33,2252.651427
249.0,33,2253.138039
249.0,33,2253.555387
249.0,33,2253.98307
249.0,33,2254.407586
249.0,33,2254.913889
249.0,33,2255.342236
249.0,33,2255.780468
249.0,33,2256.208984
249.0,33,2256.709496
249.0,33,2257.126668
249.0,33,2257.57522
249.0,33,2257.996366
249.0,33,2258.516258
249.0,33,2258.955052
249.0,33,2259.396139
249.0,33,2259.834068
249.0,33,2260.31943
249.0,33,2260.733383
249.0,33,2261.151137
249.0,33,2261.559671
249.0,33,2262.068152
249.0,33,2262.483563
249.0,33,2262.906563
249.0,33,2263.320435
249.0,33,2263.827479
249.0,33,2264.268288
249.0,33,2264.6888
249.0,33,2265.116857
249.0,33,2265.631922
249.0,33,2266.058796
249.0,33,2266.516864
249.0,33,2267.025904
249.0,33,2267.448642
249.0,33,2267.888357
249.0,33,2268.307801
249.0,33,2268.789635
249.0,33,2269.198764
249.0,33,2269.595806
249.0,33,2270.001299
249.0,33,2270.511145
249.0,33,2270.9432
249.0,33,2271.381649
249.0,33,2271.811412
249.0,33,2272.322323
249.0,33,2272.759837
249.0,33,2273.208514
249.0,33,2273.635232
249.0,33,2274.145733
249.0,33,2274.573363
249.0,33,2275.008049
249.0,33,2275.419041
249.0,33,2275.921593
249.0,33,2276.356653
249.0,33,2276.769259
249.0,33,2277.208877
249.0,33,2277.715155
249.0,33,2278.13271
249.0,33,2278.542741
249.0,33,2278.94395
249.0,33,2279.459339
249.0,33,2279.892201
249.0,33,2280.321404
249.0,33,2280.831998
249.0,33,2281.268571
249.0,33,2281.680346
249.0,33,2282.093285
249.0,33,2282.609748
249.0,33,2283.035635
249.0,33,2283.43308
249.0,33,2283.845815
249.0,33,2284.344996
249.0,33,2284.756032
249.0,33,2285.170652
249.0,33,2285.578172
249.0,33,2286.063957
249.0,33,2286.49718
249.0,33,2286.925239
249.0,33,2287.365831
249.0,33,2287.892974
249.0,33,2288.327189
249.0,33,2288.756878
249.0,33,2289.197886
249.0,33,2289.684079
249.0,33,2290.11066
249.0,33,2290.517068
249.0,33,2290.942722
249.0,33,2291.44269
249.0,33,2291.87087
249.0,33,2292.312422
249.0,33,2292.736508
249.0,33,2293.258884
249.0,33,2293.70863
249.0,33,2294.121038
249.0,33,2294.55007
249.0,33,2295.044756
249.0,33,2295.483606
249.0,33,2295.918125
249.0,33,2296.438401
249.0,33,2296.867069
249.0,33,2297.322025
249.0,33,2297.744468
249.0,33,2298.261143
249.0,33,2298.663335
249.0,33,2299.083939
249.0,33,2299.503398
249.0,33,2299.999015
249.0,33,2300.433438
249.0,33,2300.844136
249.0,33,2301.262442
249.0,33,2301.781521
249.0,33,2302.212716
249.0,33,2302.648694
249.0,33,2303.066123
249.0,33,2303.583149
249.0,33,2304.019164
249.0,33,2304.455585
249.0,33,2304.894048
249.0,33,2305.413285
249.0,33,2305.839947
249.0,33,2306.279326
249.0,33,2306.717172
249.0,33,2307.216101
249.0,33,2307.650447
249.0,33,2308.059886
249.0,33,2308.504883
249.0,33,2309.005804
249.0,33,2309.436442
249.0,33,2309.85141
249.0,33,2310.329947
249.0,33,2310.730834
249.0,33,2311.124269
249.0,33,2311.554987
249.0,33,2312.0646
249.0,33,2312.496858
249.0,33,2312.934464
249.0,33,2313.373111
249.0,33,2313.875944
249.0,33,2314.298045
249.0,33,2314.72631
249.0,33,2315.131269
249.0,33,2315.642977
249.0,33,2316.075751
249.0,33,2316.498554
249.0,33,2316.918118
249.0,33,2317.405667
249.0,33,2317.825163
249.0,33,2318.245001
249.0,33,2318.690705
249.0,33,2319.186605
249.0,33,2319.609144
249.0,33,2320.036183
249.0,33,2320.476196
249.0,33,2320.971336
249.0,33,2321.378267
249.0,33,2321.787272
249.0,33,2322.199432
249.0,33,2322.658339
249.0,33,2323.045238
249.0,33,2323.430466
249.0,33,2323.907876
249.0,33,2324.309847
249.0,33,2324.723607
249.0,33,2325.137415
249.0,33,2325.621033
249.0,33,2326.020256
249.0,33,2326.446481
249.0,33,2326.842988
249.0,33,2327.28181
249.0,33,2327.653601
249.0,33,2328.031176
249.0,33,2328.405944
249.0,33,2328.841344
249.0,33,2329.231678
249.0,33,2329.634782
249.0,33,2330.043115
249.0,33,2330.526376
249.0,33,2330.941311
249.0,33,2331.363188
249.0,33,2331.787232
249.0,33,2332.293524
249.0,33,2332.712964
249.0,33,2333.137363
249.0,33,2333.573974
249.0,33,2334.068589
249.0,33,2334.49161
249.0,33,2334.911027
249.0,33,2335.332305
249.0,33,2335.830144
249.0,33,2336.253448
249.0,33,2336.686302
249.0,33,2337.189203
249.0,33,2337.615213
249.0,33,2338.039303
249.0,33,2338.459499
249.0,33,2338.947458
249.0,33,2339.369616
249.0,33,2339.800361
249.0,33,2340.226066
249.0,33,2340.772797
249.0,33,2341.187262
249.0,33,2341.611297
249.0,33,2342.030308
249.0,33,2342.521719
249.0,33,2342.945084
249.0,33,2343.374476
249.0,33,2343.802489
249.0,33,2344.308572
249.0,33,2344.73045
249.0,33,2345.153931
249.0,33,2345.578062
249.0,33,2346.087544
249.0,33,2346.518682
249.0,33,2346.937502
249.0,33,2347.35947
249.0,33,2347.85559
249.0,33,2348.28573
249.0,33,2348.718606
249.0,33,2349.152293
249.0,33,2349.656221
249.0,33,2350.083141
249.0,33,2350.505978
249.0,33,2350.93177
249.0,33,2351.445307
249.0,33,2351.876039
249.0,33,2352.302803
249.0,33,2352.811006
249.0,33,2353.227108
249.0,33,2353.651052
249.0,33,2354.080107
249.0,33,2354.590087
249.0,33,2355.020067
249.0,33,2355.445937
249.0,33,2355.868008
249.0,33,2356.370384
249.0,33,2356.797666
249.0,33,2357.221002
249.0,33,2357.651991
249.0,33,2358.155604
249.0,33,2358.585618
249.0,33,2359.007082
249.0,33,2359.434186
249.0,33,2359.952386
249.0,33,2360.389591
249.0,33,2360.820957
249.0,33,2361.251041
249.0,33,2361.765778
249.0,33,2362.193364
249.0,33,2362.626944
249.0,33,2363.058342
249.0,33,2363.566752
249.0,33,2363.988607
249.0,33,2364.410938
249.0,33,2364.83131
249.0,33,2365.328528
249.0,33,2365.73608
249.0,33,2366.158309
249.0,33,2366.667938
249.0,33,2367.08731
249.0,33,2367.522547
249.0,33,2367.949656
249.0,33,2368.452638
249.0,33,2368.887417
249.0,33,2369.316922
249.0,33,2369.75023
249.0,33,2370.259165
249.0,33,2370.697803
249.0,33,2371.141629
249.0,33,2371.573564
249.0,33,2372.081857
249.0,33,2372.506803
249.0,33,2372.93975
249.0,33,2373.367074
249.0,33,2373.873771
249.0,33,2374.30424
249.0,33,2374.728392
249.0,33,2375.151198
249.0,33,2375.656664
249.0,33,2376.082577
249.0,33,2376.509392
249.0,33,2376.928255
249.0,33,2377.433316
249.0,33,2377.853809
249.0,33,2378.279567
249.0,33,2378.701075
249.0,33,2379.205596
249.0,33,2379.623769
249.0,33,2380.045419
249.0,33,2380.552582
249.0,33,2380.97986
249.0,33,2381.397726
249.0,33,2381.829734
249.0,33,2382.331877
249.0,33,2382.753175
249.0,33,2383.166056
249.0,33,2383.575457
249.0,33,2384.066858
249.0,33,2384.483826
249.0,33,2384.904121
249.0,33,2385.329338
249.0,33,2385.832963
249.0,33,2386.25579
249.0,33,2386.677074
249.0,33,2387.091392
249.0,33,2387.583035
249.0,33,2388.009092
249.0,33,2388.426305
249.0,33,2388.844475
249.0,33,2389.330319
249.0,33,2389.750925
249.0,33,2390.162901
249.0,33,2390.584077
249.0,33,2391.08203
249.0,33,2391.504151
249.0,33,2391.923466
249.0,33,2392.347887
249.0,33,2392.848453
249.0,33,2393.266292
249.0,33,2393.681071
249.0,33,2394.182629
249.0,33,2394.60476
249.0,33,2395.025636
249.0,33,2395.457904
249.0,33,2395.961806
249.0,33,2396.391357
249.0,33,2396.817074
249.0,33,2397.24262
249.0,33,2397.741267
249.0,33,2398.166111
249.0,33,2398.592704
249.0,33,2399.013861
249.0,33,2399.511865
249.0,33,2399.92943
249.0,33,2400.349817
249.0,33,2400.764098
249.0,33,2401.262764
249.0,33,2401.684032
249.0,33,2402.108245
249.0,33,2402.538283
249.0,33,2403.035638
249.0,33,2403.450181
249.0,33,2403.871042
249.0,33,2404.289697
249.0,33,2404.788532
249.0,33,2405.208928
249.0,33,2405.631469
249.0,33,2406.053554
249.0,33,2406.548543
249.0,33,2406.972671
249.0,33,2407.392113
249.0,33,2407.82403
249.0,33,2408.324923
249.0,33,2408.785861
249.0,33,2409.204553
249.0,33,2409.715273
249.0,33,2410.141046
249.0,33,2410.563497
249.0,33,2410.991179
249.0,33,2411.500644
249.0,33,2411.922992
249.0,33,2412.352068
249.0,33,2412.780304
249.0,33,2413.284286
249.0,33,2413.705756
249.0,33,2414.133328
249.0,33,2414.560294
249.0,33,2415.069993
249.0,33,2415.496567
249.0,33,2415.920276
249.0,33,2416.349795
249.0,33,2416.850085
249.0,33,2417.266441
249.0,33,2417.693256
249.0,33,2418.111994
249.0,33,2418.614707
249.0,33,2419.04316
249.0,33,2419.471228
249.0,33,2419.902082
249.0,33,2420.40845
249.0,33,2420.834278
249.0,33,2421.267061
249.0,33,2421.695205
249.0,33,2422.200971
249.0,33,2422.631848
249.0,33,2423.059032
249.0,33,2423.558563
249.0,33,2423.982202
249.0,33,2424.412555
249.0,33,2424.846043
249.0,33,2425.331852
249.0,33,2425.746521
249.0,33,2426.14886
249.0,33,2426.557117
249.0,33,2427.006826
249.0,33,2427.387091
249.0,33,2427.794464
249.0,33,2428.213593
249.0,33,2428.746289
249.0,33,2429.177354
249.0,33,2429.592057
249.0,33,2430.016007
249.0,33,2430.502171
249.0,33,2430.940021
249.0,33,2431.384699
249.0,33,2431.811984
249.0,33,2432.331886
249.0,33,2432.757937
249.0,33,2433.183641
249.0,33,2433.676317
249.0,33,2434.183189
249.0,33,2434.628763
249.0,33,2435.043188
249.0,33,2435.476858
249.0,33,2435.997585
249.0,33,2436.460267
249.0,33,2436.895367
249.0,33,2437.385176
249.0,33,2437.818627
249.0,33,2438.232295
249.0,33,2438.676817
249.0,33,2439.144102
249.0,33,2439.56643
249.0,33,2439.992909
249.0,33,2440.41474
249.0,33,2440.92822
249.0,33,2441.393314
249.0,33,2441.81131
249.0,33,2442.25053
249.0,33,2442.745585
249.0,33,2443.174631
249.0,33,2443.592132
249.0,33,2444.011166
249.0,33,2444.48401
249.0,33,2444.927564
249.0,33,2445.338074
249.0,33,2445.760864
249.0,33,2446.25328
249.0,33,2446.722132
249.0,33,2447.165388
249.0,33,2447.567643
249.0,33,2448.076877
249.0,33,2448.550278
249.0,33,2448.975106
249.0,33,2449.404115
249.0,33,2449.927603
249.0,33,2450.426386
249.0,33,2450.855832
249.0,33,2451.374823
249.0,33,2451.776476
249.0,33,2452.183773
249.0,33,2452.583245
249.0,33,2453.049934
249.0,33,2453.479809
249.0,33,2453.91601
249.0,33,2454.324425
249.0,33,2454.836713
249.0,33,2455.240515
249.0,33,2455.673507
249.0,33,2456.094255
249.0,33,2456.623044
249.0,33,2457.14978
249.0,33,2457.569151
249.0,33,2457.989914
249.0,33,2458.505
249.0,33,2458.948521
249.0,33,2459.383374
249.0,33,2459.829526
249.0,33,2460.332258
249.0,33,2460.741547
249.0,33,2461.163988
249.0,33,2461.602721
249.0,33,2462.087533
249.0,33,2462.518768
249.0,33,2462.9595
249.0,33,2463.419779
249.0,33,2463.915923
249.0,33,2464.323881
249.0,33,2464.738694
249.0,33,2465.184631
249.0,33,2465.72445
249.0,33,2466.149383
249.0,33,2466.589417
249.0,33,2467.12127
249.0,33,2467.563306
249.0,33,2468.048619
249.0,33,2468.487885
249.0,33,2468.995046
249.0,33,2469.414705
249.0,33,2469.839248
249.0,33,2470.274013
249.0,33,2470.80788
249.0,33,2471.239784
249.0,33,2471.68097
249.0,33,2472.10298
249.0,33,2472.668423
249.0,33,2473.088201
249.0,33,2473.548903
249.0,33,2473.955527
249.0,33,2474.520463
249.0,33,2474.925627
249.0,33,2475.357362
249.0,33,2475.778414
249.0,33,2476.285325
249.0,33,2476.734984
249.0,33,2477.17118
249.0,33,2477.602895
249.0,33,2478.129759
249.0,33,2478.546614
249.0,33,2478.994238
249.0,33,2479.422393
249.0,33,2479.930429
249.0,33,2480.350959
249.0,33,2480.774542
249.0,33,2481.249309
249.0,33,2481.693262
249.0,33,2482.129626
249.0,33,2482.559786
249.0,33,2483.083406
249.0,33,2483.56374
249.0,33,2484.016909
249.0,33,2484.426294
249.0,33,2484.921278
249.0,33,2485.355176
249.0,33,2485.788444
249.0,33,2486.243007
249.0,33,2486.74871
249.0,33,2487.18179
249.0,33,2487.611817
249.0,33,2488.02535
249.0,33,2488.553478
249.0,33,2488.982954
249.0,33,2489.392856
249.0,33,2489.795317
249.0,33,2490.278817
249.0,33,2490.710127
249.0,33,2491.125218
249.0,33,2491.555178
249.0,33,2492.042914
249.0,33,2492.444874
249.0,33,2492.870866
249.0,33,2493.312352
249.0,33,2493.816097
249.0,33,2494.254259
249.0,33,2494.678775
249.0,33,2495.162412
249.0,33,2495.626357
249.0,33,2496.069743
249.0,33,2496.511632
249.0,33,2497.052799
249.0,33,2497.507562
249.0,33,2497.920963
249.0,33,2498.352179
249.0,33,2498.879594
249.0,33,2499.32073
249.0,33,2499.755311
249.0,33,2500.181067
249.0,33,2500.687337
249.0,33,2501.100089
249.0,33,2501.539523
249.0,33,2501.961171
249.0,33,2502.498273
249.0,33,2502.929072
249.0,33,2503.359375
249.0,33,2503.762421
249.0,33,2504.285973
249.0,33,2504.690315
249.0,33,2505.14698
249.0,33,2505.607807
249.0,33,2506.218547
249.0,33,2506.627659
249.0,33,2507.095461
249.0,33,2507.512782
249.0,33,2508.073325
249.0,33,2508.4743
249.0,33,2508.941831
249.0,33,2509.430196
249.0,33,2509.867846
249.0,33,2510.305408
249.0,33,2510.766019
249.0,33,2511.253741
249.0,33,2511.669652
249.0,33,2512.078494
249.0,33,2512.49464
249.0,33,2512.947937
249.0,33,2513.327893
249.0,33,2513.722724
249.0,33,2514.103094
249.0,33,2514.574963
249.0,33,2514.962125
249.0,33,2515.366057
249.0,33,2515.783328
249.0,33,2516.277584
249.0,33,2516.689817
249.0,33,2517.111795
249.0,33,2517.531654
249.0,33,2518.033497
249.0,33,2518.459683
249.0,33,2518.886051
249.0,33,2519.312632
249.0,33,2519.813618
249.0,33,2520.244082
249.0,33,2520.670277
249.0,33,2521.101115
249.0,33,2521.602201
249.0,33,2522.028926
249.0,33,2522.455491
249.0,33,2522.874667
249.0,33,2523.386153
249.0,33,2523.81671
249.0,33,2524.24741
249.0,33,2524.749976
249.0,33,2525.179197
249.0,33,2525.610109
249.0,33,2526.034291
249.0,33,2526.531232
249.0,33,2526.965747
249.0,33,2527.392148
249.0,33,2527.822318
249.0,33,2528.329728
249.0,33,2528.750188
249.0,33,2529.170362
249.0,33,2529.588525
249.0,33,2530.094334
249.0,33,2530.523935
249.0,33,2530.957469
249.0,33,2531.399925
249.0,33,2531.91588
249.0,33,2532.338121
249.0,33,2532.754585
249.0,33,2533.185186
249.0,33,2533.68841
249.0,33,2534.121965
249.0,33,2534.548945
249.0,33,2534.979733
249.0,33,2535.494148
249.0,33,2535.920947
249.0,33,2536.353655
249.0,33,2536.773959
249.0,33,2537.277732
249.0,33,2537.705148
249.0,33,2538.135642
249.0,33,2538.641318
249.0,33,2539.069537
249.0,33,2539.485044
249.0,33,2539.906468
249.0,33,2540.411747
249.0,33,2540.841753
249.0,33,2541.270963
249.0,33,2541.701759
249.0,33,2542.201081
249.0,33,2542.624006
249.0,33,2543.051979
249.0,33,2543.478011
249.0,33,2543.97576
249.0,33,2544.398123
249.0,33,2544.822117
249.0,33,2545.247648
249.0,33,2545.764485
249.0,33,2546.194884
249.0,33,2546.622449
249.0,33,2547.043972
249.0,33,2547.546822
249.0,33,2547.956967
249.0,33,2548.37891
249.0,33,2548.79481
249.0,33,2549.303379
249.0,33,2549.731569
249.0,33,2550.16048
249.0,33,2550.584998
249.0,33,2551.088565
249.0,33,2551.515539
249.0,33,2551.948586
249.0,33,2552.457166
249.0,33,2552.888003
249.0,33,2553.313152
249.0,33,2553.728168
249.0,33,2554.225217
249.0,33,2554.640205
249.0,33,2555.067325
249.0,33,2555.497828
249.0,33,2556.004403
249.0,33,2556.431201
249.0,33,2556.845413
249.0,33,2557.2739
249.0,33,2557.761856
249.0,33,2558.173342
249.0,33,2558.590063
249.0,33,2559.007521
249.0,33,2559.500633
249.0,33,2559.921761
249.0,33,2560.354256
249.0,33,2560.784861
249.0,33,2561.283764
249.0,33,2561.705335
249.0,33,2562.124351
249.0,33,2562.551775
249.0,33,2563.060181
249.0,33,2563.485255
249.0,33,2563.918416
249.0,33,2564.351845
249.0,33,2564.864571
249.0,33,2565.296567
249.0,33,2565.724328
249.0,33,2566.231079
249.0,33,2566.658361
249.0,33,2567.082501
249.0,33,2567.511864
249.0,33,2568.009754
249.0,33,2568.413587
249.0,33,2568.838299
249.0,33,2569.263595
249.0,33,2569.763552
249.0,33,2570.18282
249.0,33,2570.608083
249.0,33,2571.026143
249.0,33,2571.518813
249.0,33,2571.940059
249.0,33,2572.358965
249.0,33,2572.787281
249.0,33,2573.289379
249.0,33,2573.720437
249.0,33,2574.145203
249.0,33,2574.571321
249.0,33,2575.071249
249.0,33,2575.51656
249.0,33,2575.941307
249.0,33,2576.364559
249.0,33,2576.858796
249.0,33,2577.278754
249.0,33,2577.699646
249.0,33,2578.125346
249.0,33,2578.623141
249.0,33,2579.038772
249.0,33,2579.471015
249.0,33,2579.897973
249.0,33,2580.41127
249.0,33,2580.827301
249.0,33,2581.263288
249.0,33,2581.778437
249.0,33,2582.206169
249.0,33,2582.627425
249.0,33,2583.045332
249.0,33,2583.538164
249.0,33,2583.957316
249.0,33,2584.375881
249.0,33,2584.797843
249.0,33,2585.302899
249.0,33,2585.723552
249.0,33,2586.151565
249.0,33,2586.571885
249.0,33,2587.061621
249.0,33,2587.491353
249.0,33,2587.915995
249.0,33,2588.339633
249.0,33,2588.848888
249.0,33,2589.273316
249.0,33,2589.696979
249.0,33,2590.123371
249.0,33,2590.624305
249.0,33,2591.057121
249.0,33,2591.486573
249.0,33,2591.915668
249.0,33,2592.416215
249.0,33,2592.846287
249.0,33,2593.273328
249.0,33,2593.694626
249.0,33,2594.199899
249.0,33,2594.617158
249.0,33,2595.031965
249.0,33,2595.533208
249.0,33,2595.954379
249.0,33,2596.383307
249.0,33,2596.803272
249.0,33,2597.312091
249.0,33,2597.735645
249.0,33,2598.169627
249.0,33,2598.595902
249.0,33,2599.102908
249.0,33,2599.525302
249.0,33,2599.949914
249.0,33,2600.373825
249.0,33,2600.873973
249.0,33,2601.306557
249.0,33,2601.73837
249.0,33,2602.16497
249.0,33,2602.665643
249.0,33,2603.099761
249.0,33,2603.536773
249.0,33,2603.972532
249.0,33,2604.462897
249.0,33,2604.895293
249.0,33,2605.323197
249.0,33,2605.755213
249.0,33,2606.266875
249.0,33,2606.691469
249.0,33,2607.124028
249.0,33,2607.548589
249.0,33,2608.049118
249.0,33,2608.482619
249.0,33,2608.90983
249.0,33,2609.414823
249.0,33,2609.843492
249.0,33,2610.276106
249.0,33,2610.699674
249.0,33,2611.217635
249.0,33,2611.646504
249.0,33,2612.084825
249.0,33,2612.518605
249.0,33,2613.028521
249.0,33,2613.450859
249.0,33,2613.866529
249.0,33,2614.280568
249.0,33,2614.779094
249.0,33,2615.192004
249.0,33,2615.626433
249.0,33,2616.065834
249.0,33,2616.551336
249.0,33,2616.979853
249.0,33,2617.408864
249.0,33,2617.840595
249.0,33,2618.345342
249.0,33,2618.783233
249.0,33,2619.205274
249.0,33,2619.63905
249.0,33,2620.118443
249.0,33,2620.546955
249.0,33,2620.972145
249.0,33,2621.39816
249.0,33,2621.909691
249.0,33,2622.322593
249.0,33,2622.75886
249.0,33,2623.23419
249.0,33,2623.658429
249.0,33,2624.071414
249.0,33,2624.483975
249.0,33,2624.993002
249.0,33,2625.432003
249.0,33,2625.871528
249.0,33,2626.300264
249.0,33,2626.804475
249.0,33,2627.222711
249.0,33,2627.657995
249.0,33,2628.100683
249.0,33,2628.616636
249.0,33,2629.05712
249.0,33,2629.489341
249.0,33,2629.912574
249.0,33,2630.39383
249.0,33,2630.809475
249.0,33,2631.223214
249.0,33,2631.658778
249.0,33,2632.162837
249.0,33,2632.575739
249.0,33,2633.010344
249.0,33,2633.447576
249.0,33,2633.963691
249.0,33,2634.398113
249.0,33,2634.844594
249.0,33,2635.270609
249.0,33,2635.782546
249.0,33,2636.230508
249.0,33,2636.644042
249.0,33,2637.064481
249.0,33,2637.566395
249.0,33,2638.00036
249.0,33,2638.425423
249.0,33,2638.942718
249.0,33,2639.408842
249.0,33,2639.826778
249.0,33,2640.264544
249.0,33,2640.764123
249.0,33,2641.191156
249.0,33,2641.616894
249.0,33,2642.047152
249.0,33,2642.547068
249.0,33,2642.956204
249.0,33,2643.384034
249.0,33,2643.809665
249.0,33,2644.313054
249.0,33,2644.735312
249.0,33,2645.167008
249.0,33,2645.596344
249.0,33,2646.089195
249.0,33,2646.525878
249.0,33,2646.945892
249.0,33,2647.392268
249.0,33,2647.896853
249.0,33,2648.317689
249.0,33,2648.750091
249.0,33,2649.184178
249.0,33,2649.695902
249.0,33,2650.128664
249.0,33,2650.575737
249.0,33,2650.991255
249.0,33,2651.527848
249.0,33,2651.953546
249.0,33,2652.370893
249.0,33,2652.848832
249.0,33,2653.254806
249.0,33,2653.693932
249.0,33,2654.124225
249.0,33,2654.605493
249.0,33,2655.046202
249.0,33,2655.47511
249.0,33,2655.894691
249.0,33,2656.389042
249.0,33,2656.822196
249.0,33,2657.247049
249.0,33,2657.697191
249.0,33,2658.200223
249.0,33,2658.612753
249.0,33,2659.050943
249.0,33,2659.468933
249.0,33,2659.997298
249.0,33,2660.428253
249.0,33,2660.855466
249.0,33,2661.300084
249.0,33,2661.814692
249.0,33,2662.248233
249.0,33,2662.686375
249.0,33,2663.103793
249.0,33,2663.60926
249.0,33,2664.036469
249.0,33,2664.47024
249.0,33,2664.91099
249.0,33,2665.425394
249.0,33,2665.851518
249.0,33,2666.263929
249.0,33,2666.744212
249.0,33,2667.151301
249.0,33,2667.57446
249.0,33,2667.983709
249.0,33,2668.475047
249.0,33,2668.891952
249.0,33,2669.307547
249.0,33,2669.727389
249.0,33,2670.222575
249.0,33,2670.632509
249.0,33,2671.070307
249.0,33,2671.496802
249.0,33,2671.981844
249.0,33,2672.403305
249.0,33,2672.841509
249.0,33,2673.30269
249.0,33,2673.805098
249.0,33,2674.249656
249.0,33,2674.677488
249.0,33,2675.122562
249.0,33,2675.637391
249.0,33,2676.037874
249.0,33,2676.472565
249.0,33,2676.880998
249.0,33,2677.399061
249.0,33,2677.816642
249.0,33,2678.234745
249.0,33,2678.650739
249.0,33,2679.139045
249.0,33,2679.564311
249.0,33,2679.995575
249.0,33,2680.509276
249.0,33,2680.941806
249.0,33,2681.391774
249.0,33,2681.834407
249.0,33,2682.337933
249.0,33,2682.765504
249.0,33,2683.183285
249.0,33,2683.61879
249.0,33,2684.094423
249.0,33,2684.502088
249.0,33,2684.917549
249.0,33,2685.324112
249.0,33,2685.830054
249.0,33,2686.262499
249.0,33,2686.68499
249.0,33,2687.114727
249.0,33,2687.626039
249.0,33,2688.068278
249.0,33,2688.499022
249.0,33,2688.918717
249.0,33,2689.407279
249.0,33,2689.818353
249.0,33,2690.23274
249.0,33,2690.644894
249.0,33,2691.126295
249.0,33,2691.540134
249.0,33,2691.952
249.0,33,2692.365286
249.0,33,2692.856063
249.0,33,2693.265719
249.0,33,2693.672653
249.0,33,2694.108078
249.0,33,2694.599226
249.0,33,2695.004681
249.0,33,2695.407564
249.0,33,2695.882828
249.0,33,2696.287274
249.0,33,2696.694872
249.0,33,2697.113799
249.0,33,2697.603853
249.0,33,2698.031595
249.0,33,2698.473335
249.0,33,2698.89313
249.0,33,2699.401173
249.0,33,2699.825335
249.0,33,2700.246636
249.0,33,2700.666216
249.0,33,2701.172247
249.0,33,2701.603795
249.0,33,2703.208119
249.0,33,2703.621395
249.0,33,2704.10653
249.0,33,2704.524486
249.0,33,2704.947604
249.0,33,2705.374237
249.0,33,2705.892982
249.0,33,2706.318592
249.0,33,2706.742665
249.0,33,2707.157357
249.0,33,2707.660606
249.0,33,2708.093586
249.0,33,2708.511924
249.0,33,2708.935368
249.0,33,2709.43457
249.0,33,2709.866081
249.0,33,2710.296148
249.0,33,2710.805878
249.0,33,2711.239061
249.0,33,2711.664223
249.0,33,2712.090735
249.0,33,2712.605752
249.0,33,2713.040774
249.0,33,2713.468527
249.0,33,2713.895478
249.0,33,2714.411101
249.0,33,2714.835506
249.0,33,2715.270181
249.0,33,2715.700976
249.0,33,2716.209321
249.0,33,2716.638549
249.0,33,2717.064422
249.0,33,2717.483575
249.0,33,2717.988125
249.0,33,2718.403917
249.0,33,2718.829957
249.0,33,2719.262584
249.0,33,2719.779555
249.0,33,2720.200138
249.0,33,2720.623298
249.0,33,2721.039393
249.0,33,2721.549066
249.0,33,2721.973058
249.0,33,2722.406018
249.0,33,2722.83611
249.0,33,2723.358647
249.0,33,2723.80878
249.0,33,2724.233947
249.0,33,2724.718802
249.0,33,2725.144526
249.0,33,2725.584388
249.0,33,2726.013743
249.0,33,2726.522385
249.0,33,2726.953332
249.0,33,2727.38106
249.0,33,2727.805206
249.0,33,2728.306706
249.0,33,2728.725655
249.0,33,2729.146302
249.0,33,2729.562292
249.0,33,2730.062442
249.0,33,2730.49342
249.0,33,2730.908073
249.0,33,2731.32588
249.0,33,2731.831437
249.0,33,2732.249986
249.0,33,2732.678735
249.0,33,2733.104481
249.0,33,2733.615937
249.0,33,2734.039712
249.0,33,2734.464805
249.0,33,2734.896961
249.0,33,2735.404496
249.0,33,2735.827156
249.0,33,2736.239913
249.0,33,2736.664707
249.0,33,2737.172147
249.0,33,2737.592211
249.0,33,2738.01858
249.0,33,2738.522684
249.0,33,2738.948264
249.0,33,2739.37554
249.0,33,2739.802056
249.0,33,2740.308382
249.0,33,2740.727592
249.0,33,2741.149178
249.0,33,2741.574503
249.0,33,2742.079404
249.0,33,2742.510587
249.0,33,2742.935151
249.0,33,2743.3484
249.0,33,2743.855331
249.0,33,2744.286227
249.0,33,2744.705812
249.0,33,2745.141812
249.0,33,2745.65352
249.0,33,2746.081122
249.0,33,2746.50951
249.0,33,2746.941648
249.0,33,2747.443533
249.0,33,2747.86631
249.0,33,2748.295435
249.0,33,2748.721377
249.0,33,2749.230591
249.0,33,2749.658357
249.0,33,2750.080795
249.0,33,2750.514524
249.0,33,2750.999787
249.0,33,2751.419153
249.0,33,2751.845085
249.0,33,2752.272048
249.0,33,2752.77752
249.0,33,2753.197102
249.0,33,2753.622396
249.0,33,2754.119534
249.0,33,2754.551803
249.0,33,2754.975236
249.0,33,2755.400366
249.0,33,2755.889714
249.0,33,2756.319866
249.0,33,2756.740049
249.0,33,2757.161134
249.0,33,2757.655456
249.0,33,2758.079831
249.0,33,2758.508769
249.0,33,2758.928108
249.0,33,2759.42898
249.0,33,2759.848766
249.0,33,2760.269777
249.0,33,2760.687734
249.0,33,2761.195176
249.0,33,2761.625884
249.0,33,2762.054572
249.0,33,2762.475019
249.0,33,2762.978002
249.0,33,2763.402423
249.0,33,2763.840761
249.0,33,2764.270322
249.0,33,2764.786114
249.0,33,2765.213437
249.0,33,2765.641377
249.0,33,2766.068663
249.0,33,2766.568985
249.0,33,2766.99668
249.0,33,2767.421093
249.0,33,2767.910623
249.0,33,2768.330325
249.0,33,2768.75456
249.0,33,2769.172726
249.0,33,2769.671251
249.0,33,2770.089433
249.0,33,2770.513224
249.0,33,2770.938058
249.0,33,2771.434041
249.0,33,2771.862921
249.0,33,2772.287639
249.0,33,2772.7176
249.0,33,2773.229845
249.0,33,2773.660344
249.0,33,2774.090572
249.0,33,2774.513458
249.0,33,2775.013248
249.0,33,2775.436054
249.0,33,2775.860745
249.0,33,2776.297294
249.0,33,2776.80584
249.0,33,2777.235203
249.0,33,2777.663333
249.0,33,2778.086297
249.0,33,2778.578565
249.0,33,2778.996055
249.0,33,2779.422203
249.0,33,2779.843136
249.0,33,2780.348399
249.0,33,2780.766736
249.0,33,2781.186789
249.0,33,2781.686379
249.0,33,2782.098785
249.0,33,2782.52483
249.0,33,2782.947345
249.0,33,2783.444693
249.0,33,2783.874722
249.0,33,2784.295651
249.0,33,2784.709398
249.0,33,2785.207653
249.0,33,2785.628691
249.0,33,2786.054085
249.0,33,2786.489687
249.0,33,2786.988941
249.0,33,2787.407945
249.0,33,2787.836774
249.0,33,2788.264632
249.0,33,2788.768831
249.0,33,2789.199363
249.0,33,2789.627347
249.0,33,2790.058359
249.0,33,2790.572519
249.0,33,2791.001099
249.0,33,2791.436543
249.0,33,2791.866577
249.0,33,2792.376688
249.0,33,2792.799718
249.0,33,2793.228296
249.0,33,2793.676465
249.0,33,2794.179162
249.0,33,2794.606106
249.0,33,2795.019425
249.0,33,2795.505448
249.0,33,2795.945408
249.0,33,2796.359902
249.0,33,2796.800894
249.0,33,2797.300129
249.0,33,2797.731082
249.0,33,2798.147348
249.0,33,2798.565468
249.0,33,2799.07166
249.0,33,2799.48229
249.0,33,2799.923952
249.0,33,2800.358
249.0,33,2800.854635
249.0,33,2801.279766
249.0,33,2801.71812
249.0,33,2802.131284
249.0,33,2802.645176
249.0,33,2803.073107
249.0,33,2803.510582
249.0,33,2803.950055
249.0,33,2804.435772
249.0,33,2804.863934
249.0,33,2805.282725
249.0,33,2805.71171
249.0,33,2806.216777
249.0,33,2806.625724
249.0,33,2807.05831
249.0,33,2807.471373
249.0,33,2807.978499
249.0,33,2808.400191
249.0,33,2808.830019
249.0,33,2809.258655
249.0,33,2809.772631
249.0,33,2810.198323
249.0,33,2810.627092
249.0,33,2811.133639
249.0,33,2811.551872
249.0,33,2811.98922
249.0,33,2812.406201
249.0,33,2812.916145
249.0,33,2813.322596
249.0,33,2813.780954
249.0,33,2814.219972
249.0,33,2814.715842
249.0,33,2815.157237
249.0,33,2815.574709
249.0,33,2816.01015
249.0,33,2816.526552
249.0,33,2816.952377
249.0,33,2817.37711
249.0,33,2817.805717
249.0,33,2818.283142
249.0,33,2818.695493
249.0,33,2819.100605
249.0,33,2819.521852
249.0,33,2820.016185
249.0,33,2820.431255
249.0,33,2820.854465
249.0,33,2821.271399
249.0,33,2821.793273
249.0,33,2822.220329
249.0,33,2822.649317
249.0,33,2823.090432
249.0,33,2823.596237
249.0,33,2824.033526
249.0,33,2824.470544
249.0,33,2824.991444
249.0,33,2825.426948
249.0,33,2825.888471
249.0,33,2826.298663
249.0,33,2826.793872
249.0,33,2827.210515
249.0,33,2827.636951
249.0,33,2828.060627
249.0,33,2828.562324
249.0,33,2828.971792
249.0,33,2829.391451
249.0,33,2829.798816
249.0,33,2830.285599
249.0,33,2830.703696
249.0,33,2831.121783
249.0,33,2831.542528
249.0,33,2832.045944
249.0,33,2832.469976
249.0,33,2832.907177
249.0,33,2833.33638
249.0,33,2833.827977
249.0,33,2834.262414
249.0,33,2834.680544
249.0,33,2835.118237
249.0,33,2835.622749
249.0,33,2836.052732
249.0,33,2836.487386
249.0,33,2836.923334
249.0,33,2837.428848
249.0,33,2837.840085
249.0,33,2838.248266
249.0,33,2838.723359
249.0,33,2839.139073
249.0,33,2839.562012
249.0,33,2839.991158
249.0,33,2840.49791
249.0,33,2840.925719
249.0,33,2841.367516
249.0,33,2841.783848
249.0,33,2842.276351
249.0,33,2842.7079
249.0,33,2843.14392
249.0,33,2843.56496
249.0,33,2844.055091
249.0,33,2844.48252
249.0,33,2844.887937
249.0,33,2845.315417
249.0,33,2845.813626
249.0,33,2846.240199
249.0,33,2846.672122
249.0,33,2847.093931
249.0,33,2847.588488
249.0,33,2848.015902
249.0,33,2848.430396
249.0,33,2848.84409
249.0,33,2849.327489
249.0,33,2849.759164
249.0,33,2850.173697
249.0,33,2850.600111
249.0,33,2851.090214
249.0,33,2851.519614
249.0,33,2851.935242
249.0,33,2852.421425
249.0,33,2852.856745
249.0,33,2853.276981
249.0,33,2853.718562
249.0,33,2854.218652
249.0,33,2854.635387
249.0,33,2855.058495
249.0,33,2855.492117
249.0,33,2856.016402
249.0,33,2856.44847
249.0,33,2856.909495
249.0,33,2857.327593
249.0,33,2857.823024
249.0,33,2858.235042
249.0,33,2858.65372
249.0,33,2859.072057
249.0,33,2859.580582
249.0,33,2860.043914
249.0,33,2860.45647
249.0,33,2860.891032
249.0,33,2861.39397
249.0,33,2861.82755
249.0,33,2862.27203
249.0,33,2862.688284
249.0,33,2863.211713
249.0,33,2863.641572
249.0,33,2864.073426
249.0,33,2864.529769
249.0,33,2865.061529
249.0,33,2865.492931
249.0,33,2865.92554
249.0,33,2866.339038
249.0,33,2866.836334
249.0,33,2867.256702
249.0,33,2867.677092
249.0,33,2868.196107
249.0,33,2868.64013
249.0,33,2869.067594
249.0,33,2869.499931
249.0,33,2869.999841
249.0,33,2870.430983
249.0,33,2870.856197
249.0,33,2871.276536
249.0,33,2871.793152
249.0,33,2872.234132
249.0,33,2872.665243
249.0,33,2873.086099
249.0,33,2873.589648
249.0,33,2874.006406
249.0,33,2874.424016
249.0,33,2874.830549
249.0,33,2875.328011
249.0,33,2875.732667
249.0,33,2876.156547
249.0,33,2876.572141
249.0,33,2877.072272
249.0,33,2877.493216
249.0,33,2877.916929
249.0,33,2878.3447
249.0,33,2878.855283
249.0,33,2879.280891
249.0,33,2879.711114
249.0,33,2880.141648
249.0,33,2880.650933
249.0,33,2881.070277
249.0,33,2881.494008
249.0,33,2882.001609
249.0,33,2882.428006
249.0,33,2882.85515
249.0,33,2883.275222
249.0,33,2883.778458
249.0,33,2884.203954
249.0,33,2884.62795
249.0,33,2885.046608
249.0,33,2885.560352
249.0,33,2885.994986
249.0,33,2886.427924
249.0,33,2886.850918
249.0,33,2887.365781
249.0,33,2887.801911
249.0,33,2888.237195
249.0,33,2888.681095
249.0,33,2889.214684
249.0,33,2889.636052
249.0,33,2890.064695
249.0,33,2890.501709
249.0,33,2891.021408
249.0,33,2891.463921
249.0,33,2891.889594
249.0,33,2892.31781
249.0,33,2892.828584
249.0,33,2893.264299
249.0,33,2893.690574
249.0,33,2894.117033
249.0,33,2894.640084
249.0,33,2895.074386
249.0,33,2895.498729
249.0,33,2896.019841
249.0,33,2896.453085
249.0,33,2896.889359
249.0,33,2897.324018
249.0,33,2897.816239
249.0,33,2898.247958
249.0,33,2898.66975
249.0,33,2899.09529
249.0,33,2899.587552
249.0,33,2900.017468
249.0,33,2900.445818
249.0,33,2900.875523
249.0,33,2901.367649
249.0,33,2901.786147
249.0,33,2902.210312
249.0,33,2902.631543
249.0,33,2903.144232
249.0,33,2903.561039
249.0,33,2903.982832
249.0,33,2904.400866
249.0,33,2904.887432
249.0,33,2905.308312
249.0,33,2905.734132
249.0,33,2906.156843
249.0,33,2906.652117
249.0,33,2907.07873
249.0,33,2907.502939
249.0,33,2907.937948
249.0,33,2908.459429
249.0,33,2908.896902
249.0,33,2909.339354
249.0,33,2909.855246
249.0,33,2910.28203
249.0,33,2910.715567
249.0,33,2911.149125
249.0,33,2911.663939
249.0,33,2912.095972
249.0,33,2912.525389
249.0,33,2912.959527
249.0,33,2913.473948
249.0,33,2913.894751
249.0,33,2914.326658
249.0,33,2914.752367
249.0,33,2915.253294
249.0,33,2915.683961
249.0,33,2916.110555
249.0,33,2916.537644
249.0,33,2917.045878
249.0,33,2917.468643
249.0,33,2917.892882
249.0,33,2918.305475
249.0,33,2918.811712
249.0,33,2919.232666
249.0,33,2919.647871
249.0,33,2920.069583
249.0,33,2920.579313
249.0,33,2921.00617
249.0,33,2921.437705
249.0,33,2921.864573
249.0,33,2922.36869
249.0,33,2922.789162
249.0,33,2923.226014
249.0,33,2923.660474
249.0,33,2924.162572
249.0,33,2924.591445
249.0,33,2925.028003
249.0,33,2925.539607
249.0,33,2925.96364
249.0,33,2926.391309
249.0,33,2926.816303
249.0,33,2927.316728
249.0,33,2927.73612
249.0,33,2928.157824
249.0,33,2928.577445
249.0,33,2929.056056
249.0,33,2929.476349
249.0,33,2929.895335
249.0,33,2930.319831
249.0,33,2930.818073
249.0,33,2931.245124
249.0,33,2931.673465
249.0,33,2932.098135
249.0,33,2932.589772
249.0,33,2933.016173
249.0,33,2933.448778
249.0,33,2933.879122
249.0,33,2934.381542
249.0,33,2934.806086
249.0,33,2935.23216
249.0,33,2935.65303
249.0,33,2936.158889
249.0,33,2936.57595
249.0,33,2936.997503
249.0,33,2937.414339
249.0,33,2937.912902
249.0,33,2938.321387
249.0,33,2938.736301
249.0,33,2939.24244
249.0,33,2939.668112
249.0,33,2940.090071
249.0,33,2940.51893
249.0,33,2941.013944
249.0,33,2941.440883
249.0,33,2941.85509
249.0,33,2942.270969
249.0,33,2942.767034
249.0,33,2943.18731
249.0,33,2943.616399
249.0,33,2944.038353
249.0,33,2944.526799
249.0,33,2944.943941
249.0,33,2945.36579
249.0,33,2945.78686
249.0,33,2946.282906
249.0,33,2946.705206
249.0,33,2947.12913
249.0,33,2947.552913
249.0,33,2948.054249
249.0,33,2948.476422
249.0,33,2948.901745
249.0,33,2949.33451
249.0,33,2949.837115
249.0,33,2950.268651
249.0,33,2950.685898
249.0,33,2951.111993
249.0,33,2951.603254
249.0,33,2952.031651
249.0,33,2952.465146
249.0,33,2952.967481
249.0,33,2953.389363
249.0,33,2953.812052
249.0,33,2954.228853
249.0,33,2954.717251
249.0,33,2955.141482
249.0,33,2955.569735
249.0,33,2955.999921
249.0,33,2956.498686
249.0,33,2956.928395
249.0,33,2957.348771
249.0,33,2957.773994
249.0,33,2958.269234
249.0,33,2958.690924
249.0,33,2959.120849
249.0,33,2959.54494
249.0,33,2960.058498
249.0,33,2960.487798
249.0,33,2960.922849
249.0,33,2961.348681
249.0,33,2961.85138
249.0,33,2962.271201
249.0,33,2962.689632
249.0,33,2963.125536
249.0,33,2963.633926
249.0,33,2964.051075
249.0,33,2964.481727
249.0,33,2964.906547
249.0,33,2965.41453
249.0,33,2965.836181
249.0,33,2966.261202
249.0,33,2966.75245
249.0,33,2967.163505
249.0,33,2967.5827
249.0,33,2967.991953
249.0,33,2968.4788
249.0,33,2968.899243
249.0,33,2969.320144
249.0,33,2969.739447
249.0,33,2970.234039
249.0,33,2970.65676
249.0,33,2971.086748
249.0,33,2971.506106
249.0,33,2972.010107
249.0,33,2972.434762
249.0,33,2972.872545
249.0,33,2973.311332
249.0,33,2973.816229
249.0,33,2974.252124
249.0,33,2974.700341
249.0,33,2975.136534
249.0,33,2975.644499
249.0,33,2976.064756
249.0,33,2976.505324
249.0,33,2976.923142
249.0,33,2977.433805
249.0,33,2977.840528
249.0,33,2978.264191
249.0,33,2978.683349
249.0,33,2979.185672
249.0,33,2979.611002
249.0,33,2980.048402
249.0,33,2980.473195
249.0,33,2980.968599
249.0,33,2981.404851
249.0,33,2981.814676
249.0,33,2982.332445
249.0,33,2982.751085
249.0,33,2983.175615
249.0,33,2983.613559
249.0,33,2984.105955
249.0,33,2984.549777
249.0,33,2984.971473
249.0,33,2985.399246
249.0,33,2985.922201
249.0,33,2986.353747
249.0,33,2986.789684
249.0,33,2987.209438
249.0,33,2987.729455
249.0,33,2988.144734
249.0,33,2988.580497
249.0,33,2989.006589
249.0,33,2989.509471
249.0,33,2989.94016
249.0,33,2990.364951
249.0,33,2990.776169
249.0,33,2991.278404
249.0,33,2991.687806
249.0,33,2992.137231
249.0,33,2992.556784
249.0,33,2993.051627
249.0,33,2993.472376
249.0,33,2993.896074
249.0,33,2994.313651
249.0,33,2994.82493
249.0,33,2995.265453
249.0,33,2995.695995
249.0,33,2996.201807
249.0,33,2996.615525
249.0,33,2997.039716
249.0,33,2997.443486
249.0,33,2997.953698
249.0,33,2998.380337
249.0,33,2998.791447
249.0,33,2999.22927
249.0,33,2999.74455
249.0,33,3000.176222
249.0,33,3000.613259
249.0,33,3001.046116
249.0,33,3001.550434
249.0,33,3001.984324
249.0,33,3002.41016
249.0,33,3002.83391
249.0,33,3003.365425
249.0,33,3003.789049
249.0,33,3004.218217
249.0,33,3004.658325
249.0,33,3005.16189
249.0,33,3005.595345
249.0,33,3006.020266
249.0,33,3006.440335
249.0,33,3006.949276
249.0,33,3007.374417
249.0,33,3007.80215
249.0,33,3008.227274
249.0,33,3008.714777
249.0,33,3009.146454
249.0,33,3009.562317
249.0,33,3010.071356
249.0,33,3010.506357
249.0,33,3010.922025
249.0,33,3011.328942
249.0,33,3011.810896
249.0,33,3012.220346
249.0,33,3012.638103
249.0,33,3013.052936
249.0,33,3013.548548
249.0,33,3013.984642
249.0,33,3014.395341
249.0,33,3014.79444
249.0,33,3015.26919
249.0,33,3015.688771
249.0,33,3016.124057
249.0,33,3016.544673
249.0,33,3017.047875
249.0,33,3017.47947
249.0,33,3017.906079
249.0,33,3018.340716
249.0,33,3018.858749
249.0,33,3019.283135
249.0,33,3019.722456
249.0,33,3020.135476
249.0,33,3020.621088
249.0,33,3021.049604
249.0,33,3021.460718
249.0,33,3021.882104
249.0,33,3022.360861
249.0,33,3022.778197
249.0,33,3023.19697
249.0,33,3023.681046
249.0,33,3024.118502
249.0,33,3024.536477
249.0,33,3024.965852
249.0,33,3025.457045
249.0,33,3025.88867
249.0,33,3026.324448
249.0,33,3026.762357
249.0,33,3027.260201
249.0,33,3027.689546
249.0,33,3028.136726
249.0,33,3028.553503
249.0,33,3029.072098
249.0,33,3029.505274
249.0,33,3029.929092
249.0,33,3030.343973
249.0,33,3030.821052
249.0,33,3031.244603
249.0,33,3031.668858
249.0,33,3032.101176
249.0,33,3032.600662
249.0,33,3033.027121
249.0,33,3033.455064
249.0,33,3033.880055
249.0,33,3034.391429
249.0,33,3034.808094
249.0,33,3035.243607
249.0,33,3035.66988
249.0,33,3036.161874
249.0,33,3036.575203
249.0,33,3037.011296
249.0,33,3037.448831
249.0,33,3037.934295
249.0,33,3038.376154
249.0,33,3038.797529
249.0,33,3039.311023
249.0,33,3039.742198
249.0,33,3040.169204
249.0,33,3040.596082
249.0,33,3041.1121
249.0,33,3041.539092
249.0,33,3041.951222
249.0,33,3042.365934
249.0,33,3042.854296
249.0,33,3043.292606
249.0,33,3043.707584
249.0,33,3044.136604
249.0,33,3044.62321
249.0,33,3045.05367
249.0,33,3045.484553
249.0,33,3045.909315
249.0,33,3046.419392
249.0,33,3046.837289
249.0,33,3047.262255
249.0,33,3047.693475
249.0,33,3048.179121
249.0,33,3048.614665
249.0,33,3049.047902
249.0,33,3049.482435
249.0,33,3049.994183
249.0,33,3050.418057
249.0,33,3050.835293
249.0,33,3051.255999
249.0,33,3051.731661
249.0,33,3052.141424
249.0,33,3052.547355
249.0,33,3053.034393
249.0,33,3053.425934
249.0,33,3053.825954
249.0,33,3054.23524
249.0,33,3054.708708
249.0,33,3055.108753
249.0,33,3055.518308
249.0,33,3055.937693
249.0,33,3056.427054
249.0,33,3056.83243
249.0,33,3057.234633
249.0,33,3057.6385
249.0,33,3058.120167
249.0,33,3058.521256
249.0,33,3058.942497
249.0,33,3059.368309
249.0,33,3059.858648
249.0,33,3060.278778
249.0,33,3060.704193
249.0,33,3061.132632
249.0,33,3061.643902
249.0,33,3062.057849
249.0,33,3062.482263
249.0,33,3062.908343
249.0,33,3063.410702
249.0,33,3063.834207
249.0,33,3064.256672
249.0,33,3064.683686
249.0,33,3065.188554
249.0,33,3065.609845
249.0,33,3066.029514
249.0,33,3066.541373
249.0,33,3066.959415
249.0,33,3067.382667
249.0,33,3067.810969
249.0,33,3068.309665
249.0,33,3068.726177
249.0,33,3069.154236
249.0,33,3069.580789
249.0,33,3070.085183
249.0,33,3070.514312
249.0,33,3070.946868
249.0,33,3071.374795
249.0,33,3071.883109
249.0,33,3072.313661
249.0,33,3072.742456
249.0,33,3073.163054
249.0,33,3073.657373
249.0,33,3074.080774
249.0,33,3074.511868
249.0,33,3074.944688
249.0,33,3075.447758
249.0,33,3075.869973
249.0,33,3076.298
249.0,33,3076.753805
249.0,33,3077.259903
249.0,33,3077.684741
249.0,33,3078.116777
249.0,33,3078.53448
249.0,33,3079.029245
249.0,33,3079.447297
249.0,33,3079.866326
249.0,33,3080.352308
249.0,33,3080.787116
249.0,33,3081.214892
249.0,33,3081.643959
249.0,33,3082.147167
249.0,33,3082.573364
249.0,33,3082.99074
249.0,33,3083.417023
249.0,33,3083.917092
249.0,33,3084.337507
249.0,33,3084.764959
249.0,33,3085.19912
249.0,33,3085.706053
249.0,33,3086.136184
249.0,33,3086.566142
249.0,33,3086.990227
249.0,33,3087.497383
249.0,33,3087.933593
249.0,33,3088.369489
249.0,33,3088.799283
249.0,33,3089.313047
249.0,33,3089.746159
249.0,33,3090.177242
249.0,33,3090.607679
249.0,33,3091.11685
249.0,33,3091.544634
249.0,33,3091.970526
249.0,33,3092.402959
249.0,33,3092.912659
249.0,33,3093.342924
249.0,33,3093.766485
249.0,33,3094.190729
249.0,33,3094.701886
249.0,33,3095.133305
249.0,33,3095.562181
249.0,33,3096.078693
249.0,33,3096.501108
249.0,33,3096.924882
249.0,33,3097.350918
249.0,33,3097.860053
249.0,33,3098.28781
249.0,33,3098.710094
249.0,33,3099.132375
249.0,33,3099.626359
249.0,33,3100.059486
249.0,33,3100.490729
249.0,33,3100.915756
249.0,33,3101.418821
249.0,33,3101.84652
249.0,33,3102.277192
249.0,33,3102.703759
249.0,33,3103.215791
249.0,33,3103.638984
249.0,33,3104.07042
249.0,33,3104.499853
249.0,33,3105.007743
249.0,33,3105.427258
249.0,33,3105.850797
249.0,33,3106.282786
249.0,33,3106.788833
249.0,33,3107.221369
249.0,33,3107.642569
249.0,33,3108.067382
249.0,33,3108.561541
249.0,33,3108.984886
249.0,33,3109.407021
249.0,33,3109.901408
249.0,33,3110.325997
249.0,33,3110.757409
249.0,33,3111.186326
249.0,33,3111.700022
249.0,33,3112.131551
249.0,33,3112.545962
249.0,33,3112.970279
249.0,33,3113.469933
249.0,33,3113.911248
249.0,33,3114.336317
249.0,33,3114.772167
249.0,33,3115.276408
249.0,33,3115.710408
249.0,33,3116.137776
249.0,33,3116.570488
249.0,33,3117.064551
249.0,33,3117.481364
249.0,33,3117.897787
249.0,33,3118.321722
249.0,33,3118.822438
249.0,33,3119.248731
249.0,33,3119.670744
249.0,33,3120.092349
249.0,33,3120.582817
249.0,33,3121.008476
249.0,33,3121.440775
249.0,33,3121.866718
249.0,33,3122.355518
249.0,33,3122.769909
249.0,33,3123.185766
249.0,33,3123.686615
249.0,33,3124.117101
249.0,33,3124.541086
249.0,33,3124.962034
249.0,33,3125.47474
249.0,33,3125.922628
249.0,33,3126.354704
249.0,33,3126.781886
249.0,33,3127.290653
249.0,33,3127.723605
249.0,33,3128.144464
249.0,33,3128.568809
249.0,33,3129.068629
249.0,33,3129.494408
249.0,33,3129.91603
249.0,33,3130.330011
249.0,33,3130.82988
249.0,33,3131.257685
249.0,33,3131.684718
249.0,33,3132.112586
249.0,33,3132.617428
249.0,33,3133.045621
249.0,33,3133.471046
249.0,33,3133.89032
249.0,33,3134.39264
249.0,33,3134.818348
249.0,33,3135.251513
249.0,33,3135.677128
249.0,33,3136.180624
249.0,33,3136.611904
249.0,33,3137.059748
249.0,33,3137.569084
249.0,33,3137.992847
249.0,33,3138.423615
249.0,33,3138.848922
249.0,33,3139.3585
249.0,33,3139.78905
249.0,33,3140.218876
249.0,33,3140.648939
249.0,33,3141.142452
249.0,33,3141.561972
249.0,33,3141.983835
249.0,33,3142.407017
249.0,33,3142.907352
249.0,33,3143.329156
249.0,33,3143.751951
249.0,33,3144.18272
249.0,33,3144.691793
249.0,33,3145.111127
249.0,33,3145.542179
249.0,33,3145.965035
249.0,33,3146.465154
249.0,33,3146.88437
249.0,33,3147.307338
249.0,33,3147.734637
249.0,33,3148.245179
249.0,33,3148.677304
249.0,33,3149.111708
249.0,33,3149.549987
249.0,33,3150.066535
249.0,33,3150.490143
249.0,33,3150.92449
249.0,33,3151.349886
249.0,33,3151.860601
249.0,33,3152.286415
249.0,33,3152.714185
249.0,33,3153.2321
249.0,33,3153.652409
249.0,33,3154.07367
249.0,33,3154.500502
249.0,33,3155.001698
249.0,33,3155.451047
249.0,33,3155.874113
249.0,33,3156.33017
249.0,33,3156.821871
249.0,33,3157.223276
249.0,33,3157.640427
249.0,33,3158.062604
249.0,33,3158.571156
249.0,33,3158.994848
249.0,33,3159.416057
249.0,33,3159.831907
249.0,33,3160.320728
249.0,33,3160.758257
249.0,33,3161.178743
249.0,33,3161.607157
249.0,33,3162.110279
249.0,33,3162.547887
249.0,33,3162.96449
249.0,33,3163.377813
249.0,33,3163.848026
249.0,33,3164.249902
249.0,33,3164.651073
249.0,33,3165.107526
249.0,33,3165.59084
249.0,33,3166.001844
249.0,33,3166.434189
249.0,33,3166.900379
249.0,33,3167.315061
249.0,33,3167.718355
249.0,33,3168.141007
249.0,33,3168.62191
249.0,33,3169.039536
249.0,33,3169.458358
249.0,33,3169.885517
249.0,33,3170.388301
249.0,33,3170.806591
249.0,33,3171.244569
249.0,33,3171.656677
249.0,33,3172.147824
249.0,33,3172.567635
249.0,33,3172.989093
249.0,33,3173.418133
249.0,33,3173.897419
249.0,33,3174.326144
249.0,33,3174.741757
249.0,33,3175.17173
249.0,33,3175.667745
249.0,33,3176.07502
249.0,33,3176.512877
249.0,33,3176.932836
249.0,33,3177.435538
249.0,33,3177.850233
249.0,33,3178.257958
249.0,33,3178.67031
249.0,33,3179.126934
249.0,33,3179.551113
249.0,33,3179.960238
249.0,33,3180.436708
249.0,33,3180.86451
249.0,33,3181.283818
249.0,33,3181.714841
249.0,33,3182.236371
249.0,33,3182.640768
249.0,33,3183.075424
249.0,33,3183.486688
249.0,33,3183.957554
249.0,33,3184.355312
249.0,33,3184.780977
249.0,33,3185.19918
249.0,33,3185.687192
249.0,33,3186.109801
249.0,33,3186.525813
249.0,33,3186.959301
249.0,33,3187.433586
249.0,33,3187.832573
249.0,33,3188.249338
249.0,33,3188.65502
249.0,33,3189.155604
249.0,33,3189.570566
249.0,33,3189.974518
249.0,33,3190.389481
249.0,33,3190.871803
249.0,33,3191.295065
249.0,33,3191.68817
249.0,33,3192.120163
249.0,33,3192.620476
249.0,33,3193.043601
249.0,33,3193.474878
249.0,33,3193.948687
249.0,33,3194.347574
249.0,33,3194.752145
249.0,33,3195.160201
249.0,33,3195.636898
249.0,33,3196.07035
249.0,33,3196.476168
249.0,33,3196.882118
249.0,33,3197.414817
249.0,33,3197.854567
249.0,33,3198.292099
249.0,33,3198.716826
249.0,33,3199.218225
249.0,33,3199.616841
249.0,33,3200.024528
249.0,33,3200.439561
249.0,33,3200.932552
249.0,33,3201.370391
249.0,33,3201.77424
249.0,33,3202.200865
249.0,33,3202.682122
249.0,33,3203.109875
249.0,33,3203.528292
249.0,33,3203.946575
249.0,33,3204.443024
249.0,33,3204.85424
249.0,33,3205.291582
249.0,33,3205.68687
249.0,33,3206.169442
249.0,33,3206.59364
249.0,33,3206.9893
249.0,33,3207.405638
249.0,33,3207.88738
249.0,33,3208.31129
249.0,33,3208.722082
249.0,33,3209.210709
249.0,33,3209.618928
249.0,33,3210.035413
249.0,33,3210.457295
249.0,33,3210.941924
249.0,33,3211.369831
249.0,33,3211.778103
249.0,33,3212.188971
249.0,33,3212.65824
249.0,33,3213.079442
249.0,33,3213.504616
249.0,33,3213.908058
249.0,33,3214.404774
249.0,33,3214.827173
249.0,33,3215.249787
249.0,33,3215.6707
249.0,33,3216.159912
249.0,33,3216.577938
249.0,33,3216.995674
249.0,33,3217.41548
249.0,33,3217.901878
249.0,33,3218.33367
249.0,33,3218.753857
249.0,33,3219.15615
249.0,33,3219.629998
249.0,33,3220.025914
249.0,33,3220.44022
249.0,33,3220.853289
249.0,33,3221.332407
249.0,33,3221.748162
249.0,33,3222.163903
249.0,33,3222.65767
249.0,33,3223.079338
249.0,33,3223.49825
249.0,33,3223.914895
249.0,33,3224.414282
249.0,33,3224.8155
249.0,33,3225.246641
249.0,33,3225.655689
249.0,33,3226.146273
249.0,33,3226.573964
249.0,33,3226.977933
249.0,33,3227.408828
249.0,33,3227.893995
249.0,33,3228.309305
249.0,33,3228.725029
249.0,33,3229.130285
249.0,33,3229.650386
249.0,33,3230.063411
249.0,33,3230.460022
249.0,33,3230.862791
249.0,33,3231.344395
249.0,33,3231.768499
249.0,33,3232.1658
249.0,33,3232.56638
249.0,33,3233.039705
249.0,33,3233.437652
249.0,33,3233.84217
249.0,33,3234.246357
249.0,33,3234.715417
249.0,33,3235.110471
249.0,33,3235.523377
249.0,33,3236.01493
249.0,33,3236.425742
249.0,33,3236.822945
249.0,33,3237.235119
249.0,33,3237.71722
249.0,33,3238.127629
249.0,33,3238.539847
249.0,33,3238.954039
249.0,33,3239.44321
249.0,33,3239.850501
249.0,33,3240.258299
249.0,33,3240.665262
249.0,33,3241.152371
249.0,33,3241.558517
249.0,33,3241.955808
249.0,33,3242.363159
249.0,33,3242.847162
249.0,33,3243.253491
249.0,33,3243.671082
249.0,33,3244.081403
249.0,33,3244.573301
249.0,33,3244.985795
249.0,33,3245.396196
249.0,33,3245.807123
249.0,33,3246.294416
249.0,33,3246.705128
249.0,33,3247.116168
249.0,33,3247.532289
249.0,33,3248.02409
249.0,33,3248.4408
249.0,33,3248.850035
249.0,33,3249.328153
249.0,33,3249.744377
249.0,33,3250.148379
249.0,33,3250.551373
249.0,33,3251.02928
249.0,33,3251.43715
249.0,33,3251.853291
249.0,33,3252.264275
249.0,33,3252.751441
249.0,33,3253.166498
249.0,33,3253.580896
249.0,33,3253.997366
249.0,33,3254.478935
249.0,33,3254.893444
249.0,33,3255.305706
249.0,33,3255.718102
249.0,33,3256.213795
249.0,33,3256.629301
249.0,33,3257.045089
249.0,33,3257.461375
249.0,33,3257.94596
249.0,33,3258.353324
249.0,33,3258.768143
249.0,33,3259.188714
249.0,33,3259.674826
249.0,33,3260.085715
249.0,33,3260.493021
249.0,33,3260.896311
249.0,33,3261.371611
249.0,33,3261.778807
249.0,33,3262.180876
249.0,33,3262.592447
249.0,33,3263.076566
249.0,33,3263.47609
249.0,33,3263.904815
249.0,33,3264.426571
249.0,33,3264.856595
249.0,33,3265.282052
249.0,33,3265.695189
249.0,33,3266.187832
249.0,33,3266.605316
249.0,33,3267.028986
249.0,33,3267.445405
249.0,33,3267.940442
249.0,33,3268.357274
249.0,33,3268.782146
249.0,33,3269.20981
249.0,33,3269.70489
249.0,33,3270.126626
249.0,33,3270.554554
249.0,33,3270.97361
249.0,33,3271.471727
249.0,33,3271.887112
249.0,33,3272.301858
249.0,33,3272.722836
249.0,33,3273.219624
249.0,33,3273.652021
249.0,33,3274.09612
249.0,33,3274.533406
249.0,33,3275.049777
249.0,33,3275.48439
249.0,33,3275.90907
249.0,33,3276.332958
249.0,33,3276.831698
249.0,33,3277.245882
249.0,33,3277.659377
249.0,33,3278.143626
249.0,33,3278.555397
249.0,33,3278.962329
249.0,33,3279.36645
249.0,33,3279.865788
249.0,33,3280.284903
249.0,33,3280.704552
249.0,33,3281.120065
249.0,33,3281.606576
249.0,33,3282.021192
249.0,33,3282.433414
249.0,33,3282.842548
249.0,33,3283.329856
249.0,33,3283.73842
249.0,33,3284.145952
249.0,33,3284.546901
249.0,33,3285.018166
249.0,33,3285.42565
249.0,33,3285.829911
249.0,33,3286.236617
249.0,33,3286.71243
249.0,33,3287.118233
249.0,33,3287.529701
249.0,33,3287.941507
249.0,33,3288.446203
249.0,33,3288.870233
249.0,33,3289.299918
249.0,33,3289.732386
249.0,33,3290.237397
249.0,33,3290.677514
249.0,33,3291.121639
249.0,33,3291.645911
249.0,33,3292.074683
249.0,33,3292.51384
249.0,33,3292.942533
249.0,33,3293.458175
249.0,33,3293.893578
249.0,33,3294.32537
249.0,33,3294.771026
249.0,33,3295.302026
249.0,33,3295.750268
249.0,33,3296.198608
249.0,33,3296.655837
249.0,33,3297.210396
249.0,33,3297.681215
249.0,33,3298.146426
249.0,33,3298.60801
249.0,33,3299.164466
249.0,33,3299.635536
249.0,33,3300.096711
249.0,33,3300.550244
249.0,33,3301.084949
249.0,33,3301.529623
249.0,33,3301.965496
249.0,33,3302.404495
249.0,33,3302.934713
249.0,33,3303.379309
249.0,33,3303.816342
249.0,33,3304.257954
249.0,33,3304.784877
249.0,33,3305.228024
249.0,33,3305.658664
249.0,33,3306.173308
249.0,33,3306.611209
249.0,33,3307.048384
249.0,33,3307.488541
249.0,33,3308.008801
249.0,33,3308.442532
249.0,33,3308.870125
249.0,33,3309.31021
249.0,33,3309.83207
249.0,33,3310.266455
249.0,33,3310.705691
249.0,33,3311.149945
249.0,33,3311.673285
249.0,33,3312.1286
249.0,33,3312.578998
249.0,33,3313.022124
249.0,33,3313.543973
249.0,33,3313.988828
249.0,33,3314.423504
249.0,33,3314.862931
249.0,33,3315.38419
249.0,33,3315.841431
249.0,33,3316.295415
249.0,33,3316.741746
249.0,33,3317.289303
249.0,33,3317.754437
249.0,33,3318.212787
249.0,33,3318.680534
249.0,33,3319.198738
249.0,33,3319.637908
249.0,33,3320.074469
249.0,33,3320.537499
249.0,33,3321.080663
249.0,33,3321.516851
249.0,33,3321.957228
249.0,33,3322.478037
249.0,33,3322.929474
249.0,33,3323.370068
249.0,33,3323.799132
249.0,33,3324.31198
249.0,33,3324.778349
249.0,33,3325.224359
249.0,33,3325.66278
249.0,33,3326.181724
249.0,33,3326.630356
249.0,33,3327.070734
249.0,33,3327.519641
249.0,33,3328.045417
249.0,33,3328.477048
249.0,33,3328.911878
249.0,33,3329.359161
249.0,33,3329.881436
249.0,33,3330.335465
249.0,33,3330.796946
249.0,33,3331.264802
249.0,33,3331.818192
249.0,33,3332.260445
249.0,33,3332.698282
249.0,33,3333.140869
249.0,33,3333.663825
249.0,33,3334.09309
249.0,33,3334.513023
249.0,33,3334.94378
249.0,33,3335.452319
249.0,33,3335.911584
249.0,33,3336.365351
249.0,33,3336.893703
249.0,33,3337.342668
249.0,33,3337.779073
249.0,33,3338.237272
249.0,33,3338.763029
249.0,33,3339.206362
249.0,33,3339.65742
249.0,33,3340.087163
249.0,33,3340.597741
249.0,33,3341.025313
249.0,33,3341.482449
249.0,33,3341.930481
249.0,33,3342.471362
249.0,33,3342.90927
249.0,33,3343.393216
249.0,33,3343.848183
249.0,33,3344.370787
249.0,33,3344.843061
249.0,33,3345.275042
249.0,33,3345.731862
249.0,33,3346.255885
249.0,33,3346.677093
249.0,33,3347.12931
249.0,33,3347.570861
249.0,33,3348.094954
249.0,33,3348.530812
249.0,33,3348.98507
249.0,33,3349.431587
249.0,33,3349.973366
249.0,33,3350.44487
249.0,33,3350.908033
249.0,33,3351.438031
249.0,33,3351.882619
249.0,33,3352.316189
249.0,33,3352.751809
249.0,33,3353.257244
249.0,33,3353.693114
249.0,33,3354.148395
249.0,33,3354.586642
249.0,33,3355.122294
249.0,33,3355.563441
249.0,33,3356.007312
249.0,33,3356.463641
249.0,33,3356.980251
249.0,33,3357.431469
249.0,33,3357.879623
249.0,33,3358.33287
249.0,33,3358.861614
249.0,33,3359.314729
249.0,33,3359.767252
249.0,33,3360.199502
249.0,33,3360.723927
249.0,33,3361.171194
249.0,33,3361.604578
249.0,33,3362.065285
249.0,33,3362.561784
249.0,33,3363.014344
249.0,33,3363.463361
249.0,33,3363.894231
249.0,33,3364.40343
249.0,33,3364.872047
249.0,33,3365.337351
249.0,33,3365.875517
249.0,33,3366.344478
249.0,33,3366.78847
249.0,33,3367.258726
249.0,33,3367.810078
249.0,33,3368.283576
249.0,33,3368.709334
249.0,33,3369.160532
249.0,33,3369.672622
249.0,33,3370.123401
249.0,33,3370.554223
249.0,33,3370.985916
249.0,33,3371.514033
249.0,33,3371.938439
249.0,33,3372.399509
249.0,33,3372.845776
249.0,33,3373.37027
249.0,33,3373.81879
249.0,33,3374.256621
249.0,33,3374.69884
249.0,33,3375.23149
249.0,33,3375.685001
249.0,33,3376.136579
249.0,33,3376.582288
249.0,33,3377.102185
249.0,33,3377.539484
249.0,33,3377.994749
249.0,33,3378.439415
249.0,33,3378.955483
249.0,33,3379.406808
249.0,33,3379.834317
249.0,33,3380.286745
249.0,33,3380.804579
249.0,33,3381.236439
249.0,33,3381.685445
249.0,33,3382.216829
249.0,33,3382.658544
249.0,33,3383.096093
249.0,33,3383.552718
249.0,33,3384.093912
249.0,33,3384.543345
249.0,33,3384.989021
249.0,33,3385.441433
249.0,33,3385.966983
249.0,33,3386.393421
249.0,33,3386.847193
249.0,33,3387.279193
249.0,33,3387.798133
249.0,33,3388.224947
249.0,33,3388.665399
249.0,33,3389.122982
249.0,33,3389.633029
249.0,33,3390.074319
249.0,33,3390.506007
249.0,33,3390.935614
249.0,33,3391.444691
249.0,33,3391.903607
249.0,33,3392.353835
249.0,33,3392.782236
249.0,33,3393.302752
249.0,33,3393.753081
249.0,33,3394.182548
249.0,33,3394.646242
249.0,33,3395.196236
249.0,33,3395.621589
249.0,33,3396.071036
249.0,33,3396.582329
249.0,33,3397.027931
249.0,33,3397.465691
249.0,33,3397.890975
249.0,33,3398.412325
249.0,33,3398.850035
249.0,33,3399.308949
249.0,33,3399.739795
249.0,33,3400.273799
249.0,33,3400.718065
249.0,33,3401.165022
249.0,33,3401.617017
249.0,33,3402.144175
249.0,33,3402.579284
249.0,33,3403.008555
249.0,33,3403.433381
249.0,33,3403.966257
249.0,33,3404.415642
249.0,33,3404.855241
249.0,33,3405.312519
249.0,33,3405.845934
249.0,33,3406.307351
249.0,33,3406.772691
249.0,33,3407.221702
249.0,33,3407.748983
249.0,33,3408.196583
249.0,33,3408.660085
249.0,33,3409.122231
249.0,33,3409.662316
249.0,33,3410.118924
249.0,33,3410.584428
249.0,33,3411.109354
249.0,33,3411.575245
249.0,33,3412.020474
249.0,33,3412.481078
249.0,33,3413.010557
249.0,33,3413.45117
249.0,33,3413.902884
249.0,33,3414.338941
249.0,33,3414.892946
249.0,33,3415.352401
249.0,33,3415.817499
249.0,33,3416.278755
249.0,33,3416.799763
249.0,33,3417.254385
249.0,33,3417.698023
249.0,33,3418.149576
249.0,33,3418.707133
249.0,33,3419.145839
249.0,33,3419.569196
249.0,33,3419.995416
249.0,33,3420.507976
249.0,33,3420.930842
249.0,33,3421.376936
249.0,33,3421.825837
249.0,33,3422.336224
249.0,33,3422.784837
249.0,33,3423.236611
249.0,33,3423.681249
249.0,33,3424.195424
249.0,33,3424.641068
249.0,33,3425.061185
249.0,33,3425.56727
249.0,33,3425.996171
249.0,33,3426.416776
249.0,33,3426.840501
249.0,33,3427.342409
249.0,33,3427.789427
249.0,33,3428.238155
249.0,33,3428.684624
249.0,33,3429.21085
249.0,33,3429.652493
249.0,33,3430.096092
249.0,33,3430.537928
249.0,33,3431.060303
249.0,33,3431.503445
249.0,33,3431.95215
249.0,33,3432.397763
249.0,33,3432.926139
249.0,33,3433.363881
249.0,33,3433.802488
249.0,33,3434.250177
249.0,33,3434.783001
249.0,33,3435.224283
249.0,33,3435.661742
249.0,33,3436.097859
249.0,33,3436.630909
249.0,33,3437.087559
249.0,33,3437.537781
249.0,33,3438.010029
249.0,33,3438.561832
249.0,33,3439.022065
249.0,33,3439.484905
249.0,33,3439.953642
249.0,33,3440.494274
249.0,33,3440.952118
249.0,33,3441.426861
249.0,33,3441.977504
249.0,33,3442.434051
249.0,33,3442.88238
249.0,33,3443.349257
249.0,33,3443.890971
249.0,33,3444.358656
249.0,33,3444.819459
249.0,33,3445.281195
249.0,33,3445.825453
249.0,33,3446.291162
249.0,33,3446.74648
249.0,33,3447.193054
249.0,33,3447.736739
249.0,33,3448.193215
249.0,33,3448.666171
249.0,33,3449.131788
249.0,33,3449.666555
249.0,33,3450.118222
249.0,33,3450.578586
249.0,33,3451.028897
249.0,33,3451.573032
249.0,33,3452.026366
249.0,33,3452.483344
249.0,33,3452.929293
249.0,33,3453.482543
249.0,33,3453.946938
249.0,33,3454.414562
249.0,33,3454.869484
249.0,33,3455.40946
249.0,33,3455.891076
249.0,33,3456.344923
249.0,33,3456.887814
249.0,33,3457.354089
249.0,33,3457.82429
249.0,33,3458.288594
249.0,33,3458.831497
249.0,33,3459.308256
249.0,33,3459.772942
249.0,33,3460.245656
249.0,33,3460.800936
249.0,33,3461.279726
249.0,33,3461.743065
249.0,33,3462.195554
249.0,33,3462.735396
249.0,33,3463.198656
249.0,33,3463.654376
249.0,33,3464.095115
249.0,33,3464.635711
249.0,33,3465.079659
249.0,33,3465.531811
249.0,33,3465.995092
249.0,33,3466.539467
249.0,33,3466.987309
249.0,33,3467.451948
249.0,33,3467.909812
249.0,33,3468.444977
249.0,33,3468.907889
249.0,33,3469.378301
249.0,33,3469.829301
249.0,33,3470.369295
249.0,33,3470.81594
249.0,33,3471.258036
249.0,33,3471.782327
249.0,33,3472.23372
249.0,33,3472.704215
249.0,33,3473.161415
249.0,33,3473.701857
249.0,33,3474.164923
249.0,33,3474.625809
249.0,33,3475.078897
249.0,33,3475.605094
249.0,33,3476.066369
249.0,33,3476.524428
249.0,33,3476.986115
249.0,33,3477.536884
249.0,33,3478.002326
249.0,33,3478.45486
249.0,33,3478.903066
249.0,33,3479.439569
249.0,33,3479.882927
249.0,33,3480.340812
249.0,33,3480.797072
249.0,33,3481.327038
249.0,33,3481.78875
249.0,33,3482.252112
249.0,33,3482.723632
249.0,33,3483.266322
249.0,33,3483.724351
249.0,33,3484.175118
249.0,33,3484.635662
249.0,33,3485.182727
249.0,33,3485.639694
249.0,33,3486.104044
249.0,33,3486.651369
249.0,33,3487.116302
249.0,33,3487.565194
249.0,33,3488.014365
249.0,33,3488.558565
249.0,33,3489.018884
249.0,33,3489.469772
249.0,33,3489.925962
249.0,33,3490.47237
249.0,33,3490.92397
249.0,33,3491.375003
249.0,33,3491.848105
249.0,33,3492.379241
249.0,33,3492.825769
249.0,33,3493.273967
249.0,33,3493.725091
249.0,33,3494.242174
249.0,33,3494.674719
249.0,33,3495.112457
249.0,33,3495.546231
249.0,33,3496.079512
249.0,33,3496.5277
249.0,33,3496.980111
249.0,33,3497.426935
249.0,33,3497.957551
249.0,33,3498.396565
249.0,33,3498.847168
249.0,33,3499.293366
249.0,33,3499.826626
249.0,33,3500.301018
249.0,33,3500.757883
249.0,33,3501.214304
249.0,33,3501.751525
249.0,33,3502.227622
249.0,33,3502.676992
249.0,33,3503.229396
249.0,33,3503.674058
249.0,33,3504.135109
249.0,33,3504.594244
249.0,33,3505.128204
249.0,33,3505.592485
249.0,33,3506.05695
249.0,33,3506.515615
249.0,33,3507.062603
249.0,33,3507.50421
249.0,33,3507.966933
249.0,33,3508.412115
249.0,33,3508.961336
249.0,33,3509.419381
249.0,33,3509.877616
249.0,33,3510.323367
249.0,33,3510.865681
249.0,33,3511.313585
249.0,33,3511.774955
249.0,33,3512.221636
249.0,33,3512.761033
249.0,33,3513.220813
249.0,33,3513.668457
249.0,33,3514.129937
249.0,33,3514.655695
249.0,33,3515.091529
249.0,33,3515.549405
249.0,33,3515.999877
249.0,33,3516.523691
249.0,33,3516.964216
249.0,33,3517.415264
249.0,33,3517.958743
249.0,33,3518.421226
249.0,33,3518.868485
249.0,33,3519.339435
249.0,33,3519.884887
249.0,33,3520.352819
249.0,33,3520.802065
249.0,33,3521.247292
249.0,33,3521.783353
249.0,33,3522.223202
249.0,33,3522.666553
249.0,33,3523.126454
249.0,33,3523.655119
249.0,33,3524.119886
249.0,33,3524.585248
249.0,33,3525.054066
249.0,33,3525.595108
249.0,33,3526.05743
249.0,33,3526.522805
249.0,33,3526.992908
249.0,33,3527.55961
249.0,33,3528.021645
249.0,33,3528.478762
249.0,33,3528.92154
249.0,33,3529.462349
249.0,33,3529.895546
249.0,33,3530.33793
249.0,33,3530.77027
249.0,33,3531.331504
249.0,33,3531.814753
249.0,33,3532.264799
249.0,33,3532.815347
249.0,33,3533.271865
249.0,33,3533.726904
249.0,33,3534.185799
249.0,33,3534.722267
249.0,33,3535.179929
249.0,33,3535.628042
249.0,33,3536.089204
249.0,33,3536.645385
249.0,33,3537.085362
249.0,33,3537.555529
249.0,33,3538.013944
249.0,33,3538.562046
249.0,33,3539.028207
249.0,33,3539.471179
249.0,33,3539.930173
249.0,33,3540.471465
249.0,33,3540.922475
249.0,33,3541.377504
249.0,33,3541.807631
249.0,33,3542.327923
249.0,33,3542.777649
249.0,33,3543.242974
249.0,33,3543.732728
249.0,33,3544.276833
249.0,33,3544.761428
249.0,33,3545.245751
249.0,33,3545.67133
249.0,33,3546.199
249.0,33,3546.62415
249.0,33,3547.129487
249.0,33,3547.662706
249.0,33,3548.148178
249.0,33,3548.645849
249.0,33,3549.099111
249.0,33,3549.653181
249.0,33,3550.094778
249.0,33,3550.548929
249.0,33,3550.975908
249.0,33,3551.48846
249.0,33,3551.922022
249.0,33,3552.329887
249.0,33,3552.763796
249.0,33,3553.29777
249.0,33,3553.751307
249.0,33,3554.183629
249.0,33,3554.63617
249.0,33,3555.194536
249.0,33,3555.65171
249.0,33,3556.102262
249.0,33,3556.553971
249.0,33,3557.096186
249.0,33,3557.566565
249.0,33,3558.010707
249.0,33,3558.471206
249.0,33,3559.00426
249.0,33,3559.448586
249.0,33,3559.915768
249.0,33,3560.370972
249.0,33,3560.979162
249.0,33,3561.410447
249.0,33,3561.881554
249.0,33,3562.329972
249.0,33,3562.888552
249.0,33,3563.345035
249.0,33,3563.804472
249.0,33,3564.316039
249.0,33,3564.778417
249.0,33,3565.229481
249.0,33,3565.67086
249.0,33,3566.218107
249.0,33,3566.647115
249.0,33,3567.104132
249.0,33,3567.535947
249.0,33,3568.078387
249.0,33,3568.515432
249.0,33,3568.970138
249.0,33,3569.40669
249.0,33,3569.987186
249.0,33,3570.449534
249.0,33,3570.914203
249.0,33,3571.368652
249.0,33,3571.918399
249.0,33,3572.363965
249.0,33,3572.825167
249.0,33,3573.293712
249.0,33,3573.830795
249.0,33,3574.311693
249.0,33,3574.777915
249.0,33,3575.233005
249.0,33,3575.802954
249.0,33,3576.242502
249.0,33,3576.700996
249.0,33,3577.154249
249.0,33,3577.704062
249.0,33,3578.154525
249.0,33,3578.607855
249.0,33,3579.134241
249.0,33,3579.596681
249.0,33,3580.062497
249.0,33,3580.499665
249.0,33,3581.052053
249.0,33,3581.507248
249.0,33,3581.963752
249.0,33,3582.419014
249.0,33,3582.929486
249.0,33,3583.371758
249.0,33,3583.796241
249.0,33,3584.255353
249.0,33,3584.760371
249.0,33,3585.1732
249.0,33,3585.613078
249.0,33,3586.084198
249.0,33,3586.63799
249.0,33,3587.087752
249.0,33,3587.542881
249.0,33,3588.001647
249.0,33,3588.539432
249.0,33,3588.978163
249.0,33,3589.422291
249.0,33,3589.874297
249.0,33,3590.411191
249.0,33,3590.867508
249.0,33,3591.33662
249.0,33,3591.777248
249.0,33,3592.311746
249.0,33,3592.768851
249.0,33,3593.208103
249.0,33,3593.730237
249.0,33,3594.172226
249.0,33,3594.631679
249.0,33,3595.094085
249.0,33,3595.646526
249.0,33,3596.113108
249.0,33,3596.57584
249.0,33,3597.045797
249.0,33,3597.608557
249.0,33,3598.048078
249.0,33,3598.513349
249.0,33,3598.96409
249.0,33,3599.515383
249.0,33,3599.996439
249.0,33,3600.461297
249.0,33,3600.909471
249.0,33,3601.454886
249.0,33,3601.927877
249.0,33,3602.365591
249.0,33,3602.81572
249.0,33,3603.33573
249.0,33,3603.792718
249.0,33,3604.239338
249.0,33,3604.688061
249.0,33,3605.211332
249.0,33,3605.646763
249.0,33,3606.122948
249.0,33,3606.579095
249.0,33,3607.13468
249.0,33,3607.59919
249.0,33,3608.046925
249.0,33,3608.610272
249.0,33,3609.0883
249.0,33,3609.571574
249.0,33,3610.052456
249.0,33,3610.620831
249.0,33,3611.109878
249.0,33,3611.587725
249.0,33,3612.074159
249.0,33,3612.65064
249.0,33,3613.145573
249.0,33,3613.624125
249.0,33,3614.1169
249.0,33,3614.705516
249.0,33,3615.196337
249.0,33,3615.679053
249.0,33,3616.168143
249.0,33,3616.757218
249.0,33,3617.220155
249.0,33,3617.707357
249.0,33,3618.180921
249.0,33,3618.773569
249.0,33,3619.26638
249.0,33,3619.769759
249.0,33,3620.261967
249.0,33,3620.817851
249.0,33,3621.325261
249.0,33,3621.805671
249.0,33,3622.28763
249.0,33,3622.874576
249.0,33,3623.346767
249.0,33,3623.846545
249.0,33,3624.347597
249.0,33,3624.945183
249.0,33,3625.440113
249.0,33,3625.939773
249.0,33,3626.543104
249.0,33,3627.031168
249.0,33,3627.522534
249.0,33,3627.997328
249.0,33,3628.568926
249.0,33,3629.037213
249.0,33,3629.53907
249.0,33,3630.03965
249.0,33,3630.617998
249.0,33,3631.12026
249.0,33,3631.588782
249.0,33,3632.089883
249.0,33,3632.67466
249.0,33,3633.154766
249.0,33,3633.646093
249.0,33,3634.132673
249.0,33,3634.711732
249.0,33,3635.204494
249.0,33,3635.701278
249.0,33,3636.176618
249.0,33,3636.742588
249.0,33,3637.207546
249.0,33,3637.677771
249.0,33,3638.143172
249.0,33,3638.68908
249.0,33,3639.146919
249.0,33,3639.637294
249.0,33,3640.121459
249.0,33,3640.718943
249.0,33,3641.201547
249.0,33,3641.686021
249.0,33,3642.26489
249.0,33,3642.759285
249.0,33,3643.255874
249.0,33,3643.772511
249.0,33,3644.362957
249.0,33,3644.868106
249.0,33,3645.351726
249.0,33,3645.839874
249.0,33,3646.406924
249.0,33,3646.889384
249.0,33,3647.372387
249.0,33,3647.849603
249.0,33,3648.421977
249.0,33,3648.90625
249.0,33,3649.397341
249.0,33,3649.875603
249.0,33,3650.453095
249.0,33,3650.924629
249.0,33,3651.400631
249.0,33,3651.893168
249.0,33,3652.474143
249.0,33,3652.978127
249.0,33,3653.487618
249.0,33,3653.979742
249.0,33,3654.586507
249.0,33,3655.084936
249.0,33,3655.591585
249.0,33,3656.087966
249.0,33,3656.677472
249.0,33,3657.161692
249.0,33,3657.669632
249.0,33,3658.276898
249.0,33,3658.799514
249.0,33,3659.305601
249.0,33,3659.819496
249.0,33,3660.419271
249.0,33,3660.924978
249.0,33,3661.431344
249.0,33,3661.937805
249.0,33,3662.518892
249.0,33,3663.024982
249.0,33,3663.53273
249.0,33,3664.022648
249.0,33,3664.614481
249.0,33,3665.094497
249.0,33,3665.585331
249.0,33,3666.107198
249.0,33,3666.684733
249.0,33,3667.232846
249.0,33,3667.737825
249.0,33,3668.231753
249.0,33,3668.822852
249.0,33,3669.314999
249.0,33,3669.804987
249.0,33,3670.294381
249.0,33,3670.909434
249.0,33,3671.399968
249.0,33,3671.906042
249.0,33,3672.386445
249.0,33,3672.949857
249.0,33,3673.426344
249.0,33,3673.902597
249.0,33,3674.480488
249.0,33,3674.975536
249.0,33,3675.463291
249.0,33,3675.978786
249.0,33,3676.556318
249.0,33,3677.042157
249.0,33,3677.543855
249.0,33,3678.033514
249.0,33,3678.626706
249.0,33,3679.135125
249.0,33,3679.623863
249.0,33,3680.123528
249.0,33,3680.731331
249.0,33,3681.22387
249.0,33,3681.699691
249.0,33,3682.204228
249.0,33,3682.798006
249.0,33,3683.302177
249.0,33,3683.818849
249.0,33,3684.287979
249.0,33,3684.90701
249.0,33,3685.400007
249.0,33,3685.872487
249.0,33,3686.357876
249.0,33,3686.929164
249.0,33,3687.429047
249.0,33,3687.925644
249.0,33,3688.424019
249.0,33,3689.018249
249.0,33,3689.503784
249.0,33,3689.991898
249.0,33,3690.470353
249.0,33,3691.080046
249.0,33,3691.559488
249.0,33,3692.057932
249.0,33,3692.634732
249.0,33,3693.116367
249.0,33,3693.622043
249.0,33,3694.118406
249.0,33,3694.710498
249.0,33,3695.223275
249.0,33,3695.714315
249.0,33,3696.225851
249.0,33,3696.789808
249.0,33,3697.25588
249.0,33,3697.748718
249.0,33,3698.225683
249.0,33,3698.799736
249.0,33,3699.270293
249.0,33,3699.775943
249.0,33,3700.256968
249.0,33,3700.843712
249.0,33,3701.339588
249.0,33,3701.829429
249.0,33,3702.32801
249.0,33,3702.901698
249.0,33,3703.392803
249.0,33,3703.89824
249.0,33,3704.37318
249.0,33,3704.949859
249.0,33,3705.431136
249.0,33,3705.908149
249.0,33,3706.389783
249.0,33,3706.993422
249.0,33,3707.480335
249.0,33,3707.966439
249.0,33,3708.55268
249.0,33,3709.068809
249.0,33,3709.588507
249.0,33,3710.103908
249.0,33,3710.699915
249.0,33,3711.206152
249.0,33,3711.700927
249.0,33,3712.190208
249.0,33,3712.77261
249.0,33,3713.257321
249.0,33,3713.771107
249.0,33,3714.279207
249.0,33,3714.864995
249.0,33,3715.397896
249.0,33,3715.873174
249.0,33,3716.369848
249.0,33,3716.955222
249.0,33,3717.451519
249.0,33,3717.941264
249.0,33,3718.425877
249.0,33,3719.011628
249.0,33,3719.489303
249.0,33,3719.979673
249.0,33,3720.445514
249.0,33,3721.00065
249.0,33,3721.494728
249.0,33,3721.971576
249.0,33,3722.446782
249.0,33,3723.030936
249.0,33,3723.510155
249.0,33,3724.013638
249.0,33,3724.580167
249.0,33,3725.091329
249.0,33,3725.590043
249.0,33,3726.091394
249.0,33,3726.668703
249.0,33,3727.15347
249.0,33,3727.643518
249.0,33,3728.131626
249.0,33,3728.716708
249.0,33,3729.190082
249.0,33,3729.677926
249.0,33,3730.150088
249.0,33,3730.725015
249.0,33,3731.212114
249.0,33,3731.693618
249.0,33,3732.19789
249.0,33,3732.753103
249.0,33,3733.247975
249.0,33,3733.730199
249.0,33,3734.220547
249.0,33,3734.811318
249.0,33,3735.289166
249.0,33,3735.781581
249.0,33,3736.282803
249.0,33,3736.865761
249.0,33,3737.353099
249.0,33,3737.839652
249.0,33,3738.328808
249.0,33,3738.908945
249.0,33,3739.404848
249.0,33,3739.889023
249.0,33,3740.47692
249.0,33,3740.96027
249.0,33,3741.437787
249.0,33,3741.943158
249.0,33,3742.521217
249.0,33,3743.022976
249.0,33,3743.504115
249.0,33,3743.979374
249.0,33,3744.567725
249.0,33,3745.046357
249.0,33,3745.552049
249.0,33,3746.050873
249.0,33,3746.628178
249.0,33,3747.119024
249.0,33,3747.606322
249.0,33,3748.097015
249.0,33,3748.704445
249.0,33,3749.203254
249.0,33,3749.714215
249.0,33,3750.222526
249.0,33,3750.810118
249.0,33,3751.300362
249.0,33,3751.796703
249.0,33,3752.253349
249.0,33,3752.833955
249.0,33,3753.306258
249.0,33,3753.796182
249.0,33,3754.292493
249.0,33,3754.852969
249.0,33,3755.355902
249.0,33,3755.846694
249.0,33,3756.336544
249.0,33,3756.908977
249.0,33,3757.388954
249.0,33,3757.87344
249.0,33,3758.440157
249.0,33,3758.897424
249.0,33,3759.372167
249.0,33,3759.835376
249.0,33,3760.382163
249.0,33,3760.868787
249.0,33,3761.330723
249.0,33,3761.813355
249.0,33,3762.391966
249.0,33,3762.883401
249.0,33,3763.37021
249.0,33,3763.841363
249.0,33,3764.371936
249.0,33,3764.831553
249.0,33,3765.315409
249.0,33,3765.797122
249.0,33,3766.376274
249.0,33,3766.863764
249.0,33,3767.342163
249.0,33,3767.822772
249.0,33,3768.393921
249.0,33,3768.866321
249.0,33,3769.346471
249.0,33,3769.831304
249.0,33,3770.412088
249.0,33,3770.898391
249.0,33,3771.38492
249.0,33,3771.860306
249.0,33,3772.427523
249.0,33,3772.902189
249.0,33,3773.40132
249.0,33,3773.9807
249.0,33,3774.461858
249.0,33,3774.948574
249.0,33,3775.438355
249.0,33,3776.036488
249.0,33,3776.518415
249.0,33,3776.995689
249.0,33,3777.476614
249.0,33,3778.045702
249.0,33,3778.52417
249.0,33,3779.002683
249.0,33,3779.494277
249.0,33,3780.082239
249.0,33,3780.564944
249.0,33,3781.058793
249.0,33,3781.544924
249.0,33,3782.124941
249.0,33,3782.609425
249.0,33,3783.088995
249.0,33,3783.581921
249.0,33,3784.178273
249.0,33,3784.659025
249.0,33,3785.166667
249.0,33,3785.630309
249.0,33,3786.21998
249.0,33,3786.683667
249.0,33,3787.180003
249.0,33,3787.692669
249.0,33,3788.297523
249.0,33,3788.791214
249.0,33,3789.293325
249.0,33,3789.871639
249.0,33,3790.370353
249.0,33,3790.858273
249.0,33,3791.365551
249.0,33,3791.957958
249.0,33,3792.471399
249.0,33,3792.965657
249.0,33,3793.443842
249.0,33,3794.030871
249.0,33,3794.525934
249.0,33,3795.010175
249.0,33,3795.498008
249.0,33,3796.081679
249.0,33,3796.553264
249.0,33,3797.050854
249.0,33,3797.524999
249.0,33,3798.094953
249.0,33,3798.557469
249.0,33,3799.073588
249.0,33,3799.543972
249.0,33,3800.133651
249.0,33,3800.61542
249.0,33,3801.100632
249.0,33,3801.594557
249.0,33,3802.177286
249.0,33,3802.667974
249.0,33,3803.167621
249.0,33,3803.666697
249.0,33,3804.27327
249.0,33,3804.774984
249.0,33,3805.247454
249.0,33,3805.832213
249.0,33,3806.328516
249.0,33,3806.794241
249.0,33,3807.290748
249.0,33,3807.855677
249.0,33,3808.347516
249.0,33,3808.850362
249.0,33,3809.339628
249.0,33,3809.90955
249.0,33,3810.377369
249.0,33,3810.876363
249.0,33,3811.351922
249.0,33,3811.948941
249.0,33,3812.463006
249.0,33,3812.966414
249.0,33,3813.464924
249.0,33,3814.07787
249.0,33,3814.583585
249.0,33,3815.073992
249.0,33,3815.581274
249.0,33,3816.128273
249.0,33,3816.67149
249.0,33,3817.16084
249.0,33,3817.660421
249.0,33,3818.273679
249.0,33,3818.771963
249.0,33,3819.278688
249.0,33,3819.766163
249.0,33,3820.35941
249.0,33,3820.856677
249.0,33,3821.349082
249.0,33,3821.852813
249.0,33,3822.452583
249.0,33,3822.935657
249.0,33,3823.424904
249.0,33,3824.037963
249.0,33,3824.531229
249.0,33,3825.012194
249.0,33,3825.483721
249.0,33,3826.08371
249.0,33,3826.573555
249.0,33,3827.082409
249.0,33,3827.556975
249.0,33,3828.133943
249.0,33,3828.667909
249.0,33,3829.183094
249.0,33,3829.708754
249.0,33,3830.289706
249.0,33,3830.775027
249.0,33,3831.276777
249.0,33,3831.760281
249.0,33,3832.349478
249.0,33,3832.843109
249.0,33,3833.335794
249.0,33,3833.823106
249.0,33,3834.411699
249.0,33,3834.910925
249.0,33,3835.40942
249.0,33,3835.931701
249.0,33,3836.510348
249.0,33,3837.018803
249.0,33,3837.535003
249.0,33,3838.021691
249.0,33,3838.58801
249.0,33,3839.048695
249.0,33,3839.557606
249.0,33,3840.155632
249.0,33,3840.651119
249.0,33,3841.153051
249.0,33,3841.630266
249.0,33,3842.225573
249.0,33,3842.721969
249.0,33,3843.209628
249.0,33,3843.689615
249.0,33,3844.270746
249.0,33,3844.770876
249.0,33,3845.280556
249.0,33,3845.763639
249.0,33,3846.337547
249.0,33,3846.80825
249.0,33,3847.314892
249.0,33,3847.819761
249.0,33,3848.461012
249.0,33,3848.958733
249.0,33,3849.439974
249.0,33,3849.924172
249.0,33,3850.533523
249.0,33,3851.015295
249.0,33,3851.508044
249.0,33,3852.001804
249.0,33,3852.576319
249.0,33,3853.074416
249.0,33,3853.581352
249.0,33,3854.081171
249.0,33,3854.660816
249.0,33,3855.149147
249.0,33,3855.641511
249.0,33,3856.235128
249.0,33,3856.710463
249.0,33,3857.203028
249.0,33,3857.667636
249.0,33,3858.264713
249.0,33,3858.753669
249.0,33,3859.257632
249.0,33,3859.748681
249.0,33,3860.331895
249.0,33,3860.825702
249.0,33,3861.297021
249.0,33,3861.799592
249.0,33,3862.378942
249.0,33,3862.86656
249.0,33,3863.362343
249.0,33,3863.862586
249.0,33,3864.458896
249.0,33,3864.999032
249.0,33,3865.512891
249.0,33,3865.986535
249.0,33,3866.61482
249.0,33,3867.093553
249.0,33,3867.603701
249.0,33,3868.083437
249.0,33,3868.669233
249.0,33,3869.151771
249.0,33,3869.667792
249.0,33,3870.187889
249.0,33,3870.774026
249.0,33,3871.263549
249.0,33,3871.742204
249.0,33,3872.311326
249.0,33,3872.786686
249.0,33,3873.259664
249.0,33,3873.761924
249.0,33,3874.340656
249.0,33,3874.832023
249.0,33,3875.31423
249.0,33,3875.803806
249.0,33,3876.365633
249.0,33,3876.851099
249.0,33,3877.335461
249.0,33,3877.831662
249.0,33,3878.418679
249.0,33,3878.918906
249.0,33,3879.384042
249.0,33,3879.870786
249.0,33,3880.466154
249.0,33,3880.934049
249.0,33,3881.434057
249.0,33,3881.929671
249.0,33,3882.53759
249.0,33,3883.063415
249.0,33,3883.555266
249.0,33,3884.044307
249.0,33,3884.642658
249.0,33,3885.127289
249.0,33,3885.614503
249.0,33,3886.110787
249.0,33,3886.708089
249.0,33,3887.18857
249.0,33,3887.667375
249.0,33,3888.143387
249.0,33,3888.714417
249.0,33,3889.189916
249.0,33,3889.654796
249.0,33,3890.21887
249.0,33,3890.682114
249.0,33,3891.143239
249.0,33,3891.61359
249.0,33,3892.205345
249.0,33,3892.670768
249.0,33,3893.125925
249.0,33,3893.585436
249.0,33,3894.132139
249.0,33,3894.59799
249.0,33,3895.082457
249.0,33,3895.569401
249.0,33,3896.136438
249.0,33,3896.628641
249.0,33,3897.120474
249.0,33,3897.614557
249.0,33,3898.202851
249.0,33,3898.709429
249.0,33,3899.196229
249.0,33,3899.674603
249.0,33,3900.263554
249.0,33,3900.75262
249.0,33,3901.233082
249.0,33,3901.727953
249.0,33,3902.306368
249.0,33,3902.798173
249.0,33,3903.300496
249.0,33,3903.798182
249.0,33,3904.386305
249.0,33,3904.87483
249.0,33,3905.356122
249.0,33,3905.936743
249.0,33,3906.423743
249.0,33,3906.908932
249.0,33,3907.394212
249.0,33,3907.97519
249.0,33,3908.473136
249.0,33,3908.969763
249.0,33,3909.456555
249.0,33,3910.034875
249.0,33,3910.519096
249.0,33,3911.005444
249.0,33,3911.495381
249.0,33,3912.084631
249.0,33,3912.58051
249.0,33,3913.063751
249.0,33,3913.546632
249.0,33,3914.1374
249.0,33,3914.621138
249.0,33,3915.102565
249.0,33,3915.57892
249.0,33,3916.174903
249.0,33,3916.666997
249.0,33,3917.153579
249.0,33,3917.642424
249.0,33,3918.216974
249.0,33,3918.708208
249.0,33,3919.213548
249.0,33,3919.723876
249.0,33,3920.308037
249.0,33,3920.802959
249.0,33,3921.289989
249.0,33,3921.870747
249.0,33,3922.366518
249.0,33,3922.855172
249.0,33,3923.354652
249.0,33,3923.943374
249.0,33,3924.4385
249.0,33,3924.937703
249.0,33,3925.42907
249.0,33,3926.022242
249.0,33,3926.516436
249.0,33,3927.009307
249.0,33,3927.507786
249.0,33,3928.104002
249.0,33,3928.599298
249.0,33,3929.079306
249.0,33,3929.572388
249.0,33,3930.145839
249.0,33,3930.632401
249.0,33,3931.121341
249.0,33,3931.606494
249.0,33,3932.198058
249.0,33,3932.689085
249.0,33,3933.170063
249.0,33,3933.661863
249.0,33,3934.231424
249.0,33,3934.706232
249.0,33,3935.196904
249.0,33,3935.700135
249.0,33,3936.290586
249.0,33,3936.761813
249.0,33,3937.257146
249.0,33,3937.841355
249.0,33,3938.342876
249.0,33,3938.826386
249.0,33,3939.318503
249.0,33,3939.903885
249.0,33,3940.390827
249.0,33,3940.877505
249.0,33,3941.359812
249.0,33,3941.942578
249.0,33,3942.433827
249.0,33,3942.919231
249.0,33,3943.409659
249.0,33,3943.989486
249.0,33,3944.483315
249.0,33,3944.976064
249.0,33,3945.465421
249.0,33,3946.046044
249.0,33,3946.528542
249.0,33,3947.021061
249.0,33,3947.509617
249.0,33,3948.099717
249.0,33,3948.577238
249.0,33,3949.074164
249.0,33,3949.558238
249.0,33,3950.138545
249.0,33,3950.62569
249.0,33,3951.107215
249.0,33,3951.601183
249.0,33,3952.181699
249.0,33,3952.673379
249.0,33,3953.154032
249.0,33,3953.635272
249.0,33,3954.220837
249.0,33,3954.707365
249.0,33,3955.187602
249.0,33,3955.776088
249.0,33,3956.262277
249.0,33,3956.74354
249.0,33,3957.230327
249.0,33,3957.810816
249.0,33,3958.302534
249.0,33,3958.788781
249.0,33,3959.284546
249.0,33,3959.857054
249.0,33,3960.348509
249.0,33,3960.841697
249.0,33,3961.338364
249.0,33,3961.922943
249.0,33,3962.399151
249.0,33,3962.885883
249.0,33,3963.362226
249.0,33,3963.934804
249.0,33,3964.421593
249.0,33,3964.900493
249.0,33,3965.379046
249.0,33,3965.965374
249.0,33,3966.448186
249.0,33,3966.939149
249.0,33,3967.438262
249.0,33,3968.013192
249.0,33,3968.500252
249.0,33,3968.989394
249.0,33,3969.471495
249.0,33,3970.044539
249.0,33,3970.521258
249.0,33,3971.017822
249.0,33,3971.594687
249.0,33,3972.075002
249.0,33,3972.561851
249.0,33,3973.055554
249.0,33,3973.6373
249.0,33,3974.139056
249.0,33,3974.633497
249.0,33,3975.131639
249.0,33,3975.711265
249.0,33,3976.198243
249.0,33,3976.684503
249.0,33,3977.169865
249.0,33,3977.75715
249.0,33,3978.240142
249.0,33,3978.719437
249.0,33,3979.21033
249.0,33,3979.765399
249.0,33,3980.256258
249.0,33,3980.735127
249.0,33,3981.197938
249.0,33,3981.773033
249.0,33,3982.266444
249.0,33,3982.762217
249.0,33,3983.261109
249.0,33,3983.833486
249.0,33,3984.332381
249.0,33,3984.826829
249.0,33,3985.330263
249.0,33,3985.901602
249.0,33,3986.383229
249.0,33,3986.86846
249.0,33,3987.444525
249.0,33,3987.945613
249.0,33,3988.419856
249.0,33,3988.902831
249.0,33,3989.49125
249.0,33,3989.979244
249.0,33,3990.466745
249.0,33,3990.965664
249.0,33,3991.551437
249.0,33,3992.041924
249.0,33,3992.539224
249.0,33,3993.042676
249.0,33,3993.615551
249.0,33,3994.107079
249.0,33,3994.60571
249.0,33,3995.104456
249.0,33,3995.680148
249.0,33,3996.165938
249.0,33,3996.677922
249.0,33,3997.172598
249.0,33,3997.750397
249.0,33,3998.243326
249.0,33,3998.736346
249.0,33,3999.234811
249.0,33,3999.813394
249.0,33,4000.306916
249.0,33,4000.799303
249.0,33,4001.28644
249.0,33,4001.864462
249.0,33,4002.35334
249.0,33,4002.833856
249.0,33,4003.412066
249.0,33,4003.898773
249.0,33,4004.396027
249.0,33,4004.89131
249.0,33,4005.484381
249.0,33,4005.979555
249.0,33,4006.46479
249.0,33,4006.96507
249.0,33,4007.558117
249.0,33,4008.050413
249.0,33,4008.539729
249.0,33,4009.025483
249.0,33,4009.59623
249.0,33,4010.083004
249.0,33,4010.576057
249.0,33,4011.078009
249.0,33,4011.658744
249.0,33,4012.147169
249.0,33,4012.640541
249.0,33,4013.130754
249.0,33,4013.696081
249.0,33,4014.188376
249.0,33,4014.677722
249.0,33,4015.157575
249.0,33,4015.730702
249.0,33,4016.224094
249.0,33,4016.713278
249.0,33,4017.2063
249.0,33,4017.789974
249.0,33,4018.280602
249.0,33,4018.772118
249.0,33,4019.263705
249.0,33,4019.840595
249.0,33,4020.322962
249.0,33,4020.81008
249.0,33,4021.395855
249.0,33,4021.873783
249.0,33,4022.357321
249.0,33,4022.835505
249.0,33,4023.408551
249.0,33,4023.881525
249.0,33,4024.375487
249.0,33,4024.855306
249.0,33,4025.439265
249.0,33,4025.919185
249.0,33,4026.40969
249.0,33,4026.897419
249.0,33,4027.466511
249.0,33,4027.946431
249.0,33,4028.428389
249.0,33,4028.908408
249.0,33,4029.485087
249.0,33,4029.968959
249.0,33,4030.46188
249.0,33,4030.943742
249.0,33,4031.513941
249.0,33,4032.006661
249.0,33,4032.498007
249.0,33,4032.97488
249.0,33,4033.530747
249.0,33,4033.998712
249.0,33,4034.456338
249.0,33,4034.954951
249.0,33,4035.53069
249.0,33,4036.020315
249.0,33,4036.508942
249.0,33,4037.082114
249.0,33,4037.551068
249.0,33,4038.017194
249.0,33,4038.497684
249.0,33,4039.074739
249.0,33,4039.562771
249.0,33,4040.049757
249.0,33,4040.54103
249.0,33,4041.115037
249.0,33,4041.605651
249.0,33,4042.101862
249.0,33,4042.586419
249.0,33,4043.160286
249.0,33,4043.646994
249.0,33,4044.134309
249.0,33,4044.623214
249.0,33,4045.206287
249.0,33,4045.684907
249.0,33,4046.168637
249.0,33,4046.656825
249.0,33,4047.255925
249.0,33,4047.748979
249.0,33,4048.249724
249.0,33,4048.748135
249.0,33,4049.33586
249.0,33,4049.858702
249.0,33,4050.338358
249.0,33,4050.8315
249.0,33,4051.393063
249.0,33,4051.878168
249.0,33,4052.367862
249.0,33,4052.940166
249.0,33,4053.434726
249.0,33,4053.932792
249.0,33,4054.401527
249.0,33,4054.963053
249.0,33,4055.464039
249.0,33,4055.956394
249.0,33,4056.467916
249.0,33,4057.059656
249.0,33,4057.551268
249.0,33,4058.050059
249.0,33,4058.545422
249.0,33,4059.13329
249.0,33,4059.639621
249.0,33,4060.125937
249.0,33,4060.637966
249.0,33,4061.222943
249.0,33,4061.731212
249.0,33,4062.226487
249.0,33,4062.719597
249.0,33,4063.345866
249.0,33,4063.83163
249.0,33,4064.32688
249.0,33,4064.827954
249.0,33,4065.397101
249.0,33,4065.899802
249.0,33,4066.414458
249.0,33,4066.915684
249.0,33,4067.526611
249.0,33,4068.034238
249.0,33,4068.54637
249.0,33,4069.149681
249.0,33,4069.638233
249.0,33,4070.120131
249.0,33,4070.607301
249.0,33,4071.164046
249.0,33,4071.661272
249.0,33,4072.169446
249.0,33,4072.677883
249.0,33,4073.276703
249.0,33,4073.741334
249.0,33,4074.277143
249.0,33,4074.772715
249.0,33,4075.338665
249.0,33,4075.840433
249.0,33,4076.353813
249.0,33,4076.864614
249.0,33,4077.449935
249.0,33,4077.949598
249.0,33,4078.434905
249.0,33,4078.926922
249.0,33,4079.505563
249.0,33,4079.984568
249.0,33,4080.51267
249.0,33,4080.99191
249.0,33,4081.608506
249.0,33,4082.108866
249.0,33,4082.594515
249.0,33,4083.11288
249.0,33,4083.714262
249.0,33,4084.220095
249.0,33,4084.715272
249.0,33,4085.190543
249.0,33,4085.768734
249.0,33,4086.272633
249.0,33,4086.747836
249.0,33,4087.33928
249.0,33,4087.89
249.0,33,4088.384746
249.0,33,4088.858683
249.0,33,4089.429549
249.0,33,4089.903575
249.0,33,4090.380732
249.0,33,4090.859707
249.0,33,4091.425582
249.0,33,4091.918755
249.0,33,4092.396049
249.0,33,4092.91089
249.0,33,4093.476066
249.0,33,4093.985518
249.0,33,4094.477845
249.0,33,4094.970599
249.0,33,4095.548337
249.0,33,4096.047867
249.0,33,4096.546839
249.0,33,4097.048644
249.0,33,4097.651028
249.0,33,4098.151952
249.0,33,4098.690969
249.0,33,4099.190502
249.0,33,4099.787035
249.0,33,4100.287851
249.0,33,4100.776349
249.0,33,4101.277682
249.0,33,4101.871425
249.0,33,4102.366395
249.0,33,4102.864103
249.0,33,4103.443441
249.0,33,4103.948853
249.0,33,4104.429894
249.0,33,4104.919881
249.0,33,4105.49317
249.0,33,4105.979916
249.0,33,4106.477816
249.0,33,4106.967449
249.0,33,4107.553995
249.0,33,4108.038892
249.0,33,4108.549971
249.0,33,4109.046888
249.0,33,4109.606766
249.0,33,4110.091202
249.0,33,4110.561157
249.0,33,4111.069843
249.0,33,4111.679822
249.0,33,4112.177015
249.0,33,4112.680522
249.0,33,4113.180457
249.0,33,4113.775694
249.0,33,4114.259109
249.0,33,4114.751685
249.0,33,4115.241093
249.0,33,4115.805774
249.0,33,4116.280862
249.0,33,4116.785536
249.0,33,4117.322205
249.0,33,4117.934319
249.0,33,4118.445454
249.0,33,4118.926632
249.0,33,4119.513123
249.0,33,4120.022505
249.0,33,4120.52922
249.0,33,4121.032294
249.0,33,4121.635506
249.0,33,4122.112279
249.0,33,4122.603166
249.0,33,4123.073583
249.0,33,4123.640358
249.0,33,4124.135171
249.0,33,4124.61237
249.0,33,4125.110148
249.0,33,4125.706572
249.0,33,4126.225608
249.0,33,4126.736176
249.0,33,4127.229633
249.0,33,4127.821066
249.0,33,4128.323143
249.0,33,4128.816991
249.0,33,4129.311279
249.0,33,4129.918601
249.0,33,4130.401061
249.0,33,4130.917155
249.0,33,4131.408276
249.0,33,4131.989055
249.0,33,4132.490514
249.0,33,4132.978426
249.0,33,4133.483013
249.0,33,4134.067769
249.0,33,4134.5628
249.0,33,4135.050013
249.0,33,4135.634944
249.0,33,4136.127528
249.0,33,4136.639647
249.0,33,4137.164335
249.0,33,4137.765566
249.0,33,4138.251505
249.0,33,4138.74504
249.0,33,4139.239983
249.0,33,4139.821222
249.0,33,4140.29683
249.0,33,4140.803384
249.0,33,4141.285761
249.0,33,4141.869289
249.0,33,4142.362495
249.0,33,4142.829475
249.0,33,4143.331479
249.0,33,4143.899976
249.0,33,4144.397476
249.0,33,4144.86633
249.0,33,4145.357749
249.0,33,4145.938586
249.0,33,4146.429271
249.0,33,4146.907557
249.0,33,4147.401572
249.0,33,4147.982143
249.0,33,4148.452949
249.0,33,4148.941565
249.0,33,4149.41489
249.0,33,4149.975852
249.0,33,4150.444739
249.0,33,4150.912486
249.0,33,4151.410675
249.0,33,4152.012625
249.0,33,4152.510342
249.0,33,4153.021668
249.0,33,4153.621631
249.0,33,4154.105061
249.0,33,4154.600255
249.0,33,4155.088293
249.0,33,4155.677391
249.0,33,4156.174289
249.0,33,4156.680901
249.0,33,4157.184532
249.0,33,4157.751438
249.0,33,4158.235396
249.0,33,4158.736572
249.0,33,4159.247461
249.0,33,4159.852013
249.0,33,4160.363894
249.0,33,4160.878747
249.0,33,4161.390073
249.0,33,4162.001583
249.0,33,4162.518685
249.0,33,4163.023382
249.0,33,4163.549517
249.0,33,4164.167165
249.0,33,4164.688284
249.0,33,4165.201735
249.0,33,4165.707725
249.0,33,4166.323598
249.0,33,4166.821071
249.0,33,4167.355505
249.0,33,4167.862061
249.0,33,4168.478359
249.0,33,4168.996711
249.0,33,4169.515898
249.0,33,4170.127857
249.0,33,4170.636312
249.0,33,4171.146571
249.0,33,4171.659054
249.0,33,4172.255268
249.0,33,4172.776494
249.0,33,4173.273551
249.0,33,4173.787968
249.0,33,4174.379473
249.0,33,4174.864382
249.0,33,4175.364595
249.0,33,4175.864213
249.0,33,4176.471125
249.0,33,4176.984082
249.0,33,4177.504595
249.0,33,4178.017663
249.0,33,4178.63687
249.0,33,4179.150908
249.0,33,4179.663309
249.0,33,4180.185309
249.0,33,4180.799597
249.0,33,4181.310368
249.0,33,4181.812234
249.0,33,4182.30777
249.0,33,4182.906942
249.0,33,4183.411274
249.0,33,4183.926869
249.0,33,4184.442169
249.0,33,4185.037836
249.0,33,4185.534059
249.0,33,4186.035519
249.0,33,4186.637917
249.0,33,4187.134753
249.0,33,4187.634776
249.0,33,4188.145902
249.0,33,4188.747204
249.0,33,4189.239134
249.0,33,4189.743251
249.0,33,4190.247828
249.0,33,4190.847208
249.0,33,4191.343425
249.0,33,4191.857269
249.0,33,4192.37252
249.0,33,4192.989729
249.0,33,4193.514827
249.0,33,4194.027476
249.0,33,4194.542295
249.0,33,4195.163263
249.0,33,4195.681157
249.0,33,4196.209799
249.0,33,4196.720484
249.0,33,4197.349505
249.0,33,4197.880338
249.0,33,4198.408998
249.0,33,4198.953329
249.0,33,4199.604334
249.0,33,4200.126523
249.0,33,4200.653279
249.0,33,4201.211286
249.0,33,4201.867791
249.0,33,4202.390397
249.0,33,4202.919389
249.0,33,4203.535417
249.0,33,4204.053002
249.0,33,4204.580302
249.0,33,4205.082103
249.0,33,4205.695056
249.0,33,4206.270765
249.0,33,4206.81176
249.0,33,4207.332343
249.0,33,4207.955986
249.0,33,4208.478912
249.0,33,4208.989161
249.0,33,4209.507402
249.0,33,4210.119258
249.0,33,4210.620815
249.0,33,4211.132491
249.0,33,4211.640356
249.0,33,4212.250719
249.0,33,4212.770847
249.0,33,4213.285767
249.0,33,4213.804975
249.0,33,4214.426998
249.0,33,4214.962755
249.0,33,4215.488219
249.0,33,4216.026349
249.0,33,4216.646779
249.0,33,4217.170105
249.0,33,4217.693882
249.0,33,4218.205759
249.0,33,4218.811356
249.0,33,4219.336673
249.0,33,4219.858567
249.0,33,4220.432055
249.0,33,4221.12371
249.0,33,4221.698373
249.0,33,4222.302032
249.0,33,4223.006723
249.0,33,4223.604503
249.0,33,4224.194364
249.0,33,4224.879726
249.0,33,4225.602585
249.0,33,4226.296187
249.0,33,4226.94089
249.0,33,4227.610456
249.0,33,4228.34219
249.0,33,4228.935333
249.0,33,4229.505522
249.0,33,4230.097604
249.0,33,4230.810666
249.0,33,4231.41372
249.0,33,4232.001184
249.0,33,4232.561213
249.0,33,4233.286548
249.0,33,4233.873931
249.0,33,4234.445071
249.0,33,4235.039858
249.0,33,4235.69903
249.0,33,4236.243576
249.0,33,4236.900715
249.0,33,4237.557369
249.0,33,4238.26931
249.0,33,4238.826857
249.0,33,4239.451524
249.0,33,4240.118514
249.0,33,4240.848932
249.0,33,4241.494041
249.0,33,4242.087871
249.0,33,4242.758484
249.0,33,4243.330665
249.0,33,4243.938463
249.0,33,4244.501654
249.0,33,4245.177518
249.0,33,4245.760791
249.0,33,4246.327694
249.0,33,4246.967641
249.0,33,4247.652684
249.0,33,4248.225924
249.0,33,4248.801287
249.0,33,4249.495551
249.0,33,4250.157562
249.0,33,4250.671503
249.0,33,4251.189104
249.0,33,4251.754776
249.0,33,4252.437764
249.0,33,4253.011842
249.0,33,4253.523557
249.0,33,4254.083225
249.0,33,4254.768323
249.0,33,4255.304091
249.0,33,4255.8295
249.0,33,4256.419096
249.0,33,4257.211696
249.0,33,4257.901909
249.0,33,4258.598934
249.0,33,4259.271278
249.0,33,4259.94371
249.0,33,4260.545952
249.0,33,4261.13882
249.0,33,4261.926159
249.0,33,4262.607986
249.0,33,4263.222658
249.0,33,4263.862264
249.0,33,4264.648317
249.0,33,4265.293516
249.0,33,4265.837872
249.0,33,4266.473895
249.0,33,4267.142249
249.0,33,4267.763679
249.0,33,4268.428308
249.0,33,4269.00819
249.0,33,4269.769363
249.0,33,4270.393886
249.0,33,4270.963671
249.0,33,4271.600091
249.0,33,4272.304567
249.0,33,4272.975892
249.0,33,4273.518592
249.0,33,4274.080188
249.0,33,4274.825158
249.0,33,4275.513407
249.0,33,4276.205466
249.0,33,4276.863951
249.0,33,4277.652427
249.0,33,4278.273598
249.0,33,4278.967601
249.0,33,4279.663459
249.0,33,4280.425219
249.0,33,4280.99994
249.0,33,4281.543766
249.0,33,4282.196905
249.0,33,4282.807048
249.0,33,4283.435085
249.0,33,4284.071486
249.0,33,4284.821617
249.0,33,4285.394235
249.0,33,4285.997322
249.0,33,4286.596765
249.0,33,4287.309276
249.0,33,4287.871376
249.0,33,4288.435976
249.0,33,4289.081605
249.0,33,4289.764954
249.0,33,4290.354157
249.0,33,4290.881163
249.0,33,4291.484449
249.0,33,4292.144054
249.0,33,4292.724259
249.0,33,4293.32405
249.0,33,4293.927389
249.0,33,4294.615137
249.0,33,4295.2122
249.0,33,4295.785449
249.0,33,4296.352027
249.0,33,4297.024261
249.0,33,4297.649265
249.0,33,4298.26495
249.0,33,4298.861479
249.0,33,4299.555119
249.0,33,4300.125718
249.0,33,4300.693772
249.0,33,4301.216177
249.0,33,4301.918211
249.0,33,4302.618249
249.0,33,4303.170226
249.0,33,4303.8519
249.0,33,4304.431227
249.0,33,4305.008673
249.0,33,4305.624705
249.0,33,4306.392215
249.0,33,4306.913411
249.0,33,4307.540882
249.0,33,4308.253756
249.0,33,4309.037803
249.0,33,4309.613601
249.0,33,4310.199019
249.0,33,4310.772132
249.0,33,4311.461152
249.0,33,4312.155385
249.0,33,4312.83274
249.0,33,4313.503299
249.0,33,4314.178047
249.0,33,4314.702836
249.0,33,4315.23717
249.0,33,4315.757911
249.0,33,4316.414678
249.0,33,4316.986861
249.0,33,4317.582697
249.0,33,4318.203263
249.0,33,4318.869316
249.0,33,4319.48636
249.0,33,4320.060047
249.0,33,4320.642137
249.0,33,4321.343033
249.0,33,4321.905033
249.0,33,4322.509367
249.0,33,4323.178419
249.0,33,4323.768404
249.0,33,4324.385917
249.0,33,4325.02421
249.0,33,4325.731521
249.0,33,4326.354308
249.0,33,4326.948177
249.0,33,4327.50708
249.0,33,4328.176681
249.0,33,4328.748559
249.0,33,4329.35767
249.0,33,4330.068737
249.0,33,4330.751681
249.0,33,4331.306158
249.0,33,4331.935388
249.0,33,4332.60161
249.0,33,4333.275674
249.0,33,4333.837533
249.0,33,4334.359424
249.0,33,4334.929835
249.0,33,4335.611605
249.0,33,4336.270106
249.0,33,4336.887199
249.0,33,4337.518149
249.0,33,4338.282813
249.0,33,4338.923048
249.0,33,4339.532194
249.0,33,4340.124102
249.0,33,4340.849367
249.0,33,4341.539733
249.0,33,4342.173054
249.0,33,4342.941072
249.0,33,4343.574587
249.0,33,4344.248484
249.0,33,4344.787006
249.0,33,4345.483963
249.0,33,4346.048035
249.0,33,4346.696165
249.0,33,4347.356093
249.0,33,4348.055227
249.0,33,4348.610021
249.0,33,4349.193817
249.0,33,4349.829946
249.0,33,4350.552915
249.0,33,4351.220398
249.0,33,4351.81076
249.0,33,4352.40531
249.0,33,4353.087748
249.0,33,4353.642864
249.0,33,4354.30134
249.0,33,4354.923357
249.0,33,4355.637292
249.0,33,4356.2898
249.0,33,4356.846219
249.0,33,4357.458826
249.0,33,4358.210906
249.0,33,4358.822242
249.0,33,4359.397745
249.0,33,4359.982719
249.0,33,4360.810827
249.0,33,4361.462034
249.0,33,4362.151047
249.0,33,4362.852857
249.0,33,4363.440235
249.0,33,4364.082509
249.0,33,4364.741091
249.0,33,4365.43256
249.0,33,4366.030149
249.0,33,4366.603663
249.0,33,4367.127872
249.0,33,4367.802238
249.0,33,4368.402694
249.0,33,4369.032663
249.0,33,4369.612302
249.0,33,4370.399813
249.0,33,4370.988771
249.0,33,4371.599393
249.0,33,4372.268699
249.0,33,4372.899477
249.0,33,4373.518666
249.0,33,4374.111431
249.0,33,4374.760448
249.0,33,4375.517092
249.0,33,4376.145261
249.0,33,4376.760828
249.0,33,4377.402555
249.0,33,4378.073321
249.0,33,4378.617298
249.0,33,4379.182579
249.0,33,4379.722973
249.0,33,4380.439956
249.0,33,4381.062888
249.0,33,4381.732296
249.0,33,4382.429788
249.0,33,4383.145548
249.0,33,4383.733434
249.0,33,4384.307795
249.0,33,4385.037345
249.0,33,4385.704407
249.0,33,4386.374849
249.0,33,4386.984651
249.0,33,4387.752732
249.0,33,4388.366611
249.0,33,4388.949511
249.0,33,4389.491173
249.0,33,4390.115673
249.0,33,4390.736785
249.0,33,4391.269862
249.0,33,4391.834188
249.0,33,4392.550309
249.0,33,4393.119378
249.0,33,4393.736646
249.0,33,4394.326079
249.0,33,4394.989094
249.0,33,4395.57998
249.0,33,4396.186354
249.0,33,4396.754497
249.0,33,4397.390628
249.0,33,4397.938731
249.0,33,4398.484699
249.0,33,4399.019282
249.0,33,4399.688358
249.0,33,4400.242131
249.0,33,4400.911537
249.0,33,4401.473137
249.0,33,4402.301815
249.0,33,4402.923146
249.0,33,4403.507218
249.0,33,4404.288091
249.0,33,4404.911334
249.0,33,4405.588155
249.0,33,4406.201432
249.0,33,4406.896127
249.0,33,4407.518491
249.0,33,4408.147221
249.0,33,4408.706878
249.0,33,4409.47263
249.0,33,4410.035048
249.0,33,4410.632844
249.0,33,4411.173579
249.0,33,4411.863799
249.0,33,4412.492037
249.0,33,4413.128165
249.0,33,4413.806537
249.0,33,4414.511257
249.0,33,4415.133139
249.0,33,4415.691153
249.0,33,4416.24743
249.0,33,4416.944847
249.0,33,4417.603312
249.0,33,4418.224607
249.0,33,4418.862181
249.0,33,4419.717723
249.0,33,4420.417997
249.0,33,4421.022069
249.0,33,4421.580668
249.0,33,4422.27779
249.0,33,4422.912873
249.0,33,4423.546191
249.0,33,4424.240984
249.0,33,4424.83274
249.0,33,4425.405418
249.0,33,4426.012341
249.0,33,4426.772029
249.0,33,4427.337505
249.0,33,4427.937152
249.0,33,4428.572803
249.0,33,4429.296988
249.0,33,4429.892128
249.0,33,4430.532527
249.0,33,4431.141867
249.0,33,4431.936309
249.0,33,4432.583613
249.0,33,4433.130291
249.0,33,4433.726928
249.0,33,4434.473416
249.0,33,4435.038608
249.0,33,4435.601856
249.0,33,4436.198627
249.0,33,4437.012221
249.0,33,4437.630529
249.0,33,4438.309727
249.0,33,4438.944751
249.0,33,4439.647308
249.0,33,4440.284245
249.0,33,4440.923889
249.0,33,4441.490059
249.0,33,4442.326975
249.0,33,4442.911926
249.0,33,4443.569152
249.0,33,4444.241604
249.0,33,4444.933234
249.0,33,4445.634804
249.0,33,4446.24515
249.0,33,4447.007669
249.0,33,4447.544087
249.0,33,4448.105745
249.0,33,4448.680294
249.0,33,4449.442705
249.0,33,4450.056149
249.0,33,4450.59898
249.0,33,4451.159971
249.0,33,4451.841809
249.0,33,4452.395936
249.0,33,4453.004524
249.0,33,4453.591145
249.0,33,4454.373062
249.0,33,4455.013338
249.0,33,4455.62191
249.0,33,4456.262959
249.0,33,4456.993056
249.0,33,4457.530021
249.0,33,4458.138418
249.0,33,4458.689468
249.0,33,4459.396621
249.0,33,4459.97632
249.0,33,4460.583262
249.0,33,4461.263892
249.0,33,4461.946967
249.0,33,4462.601619
249.0,33,4463.268732
249.0,33,4463.862804
249.0,33,4464.566695
249.0,33,4465.197526
249.0,33,4465.791773
249.0,33,4466.535193
249.0,33,4467.157858
249.0,33,4467.817173
249.0,33,4468.429176
249.0,33,4469.177316
249.0,33,4469.863121
249.0,33,4470.523491
249.0,33,4471.206719
249.0,33,4471.954504
249.0,33,4472.60191
249.0,33,4473.2615
249.0,33,4473.822475
249.0,33,4474.453169
249.0,33,4475.000492
249.0,33,4475.582854
249.0,33,4476.218296
249.0,33,4476.992655
249.0,33,4477.66798
249.0,33,4478.263267
249.0,33,4478.897836
249.0,33,4479.630497
249.0,33,4480.202133
249.0,33,4480.787145
249.0,33,4481.39982
249.0,33,4482.182799
249.0,33,4482.812922
249.0,33,4483.433934
249.0,33,4484.04658
249.0,33,4484.788114
249.0,33,4485.392509
249.0,33,4486.014988
249.0,33,4486.695062
249.0,33,4487.271816
249.0,33,4487.889309
249.0,33,4488.477267
249.0,33,4489.192549
249.0,33,4489.878791
249.0,33,4490.501606
249.0,33,4491.068493
249.0,33,4491.861788
249.0,33,4492.503147
249.0,33,4493.188188
249.0,33,4493.726285
249.0,33,4494.424587
249.0,33,4495.07396
249.0,33,4495.751833
249.0,33,4496.337965
249.0,33,4497.106977
249.0,33,4497.747578
249.0,33,4498.433878
249.0,33,4499.046488
249.0,33,4499.746482
249.0,33,4500.28545
249.0,33,4500.82851
249.0,33,4501.369925
249.0,33,4502.090821
249.0,33,4502.684829
249.0,33,4503.329274
249.0,33,4503.973791
249.0,33,4504.72744
249.0,33,4505.330029
249.0,33,4505.979417
249.0,33,4506.648704
249.0,33,4507.193296
249.0,33,4507.751503
249.0,33,4508.283871
249.0,33,4508.950334
249.0,33,4509.480836
249.0,33,4510.021792
249.0,33,4510.593037
249.0,33,4511.356966
249.0,33,4512.086154
249.0,33,4512.603034
249.0,33,4513.142582
249.0,33,4513.820549
249.0,33,4514.397109
249.0,33,4515.007788
249.0,33,4515.649664
249.0,33,4516.412577
249.0,33,4516.962402
249.0,33,4517.612206
249.0,33,4518.343881
249.0,33,4519.030948
249.0,33,4519.672607
249.0,33,4520.362984
249.0,33,4521.082254
249.0,33,4521.795172
249.0,33,4522.349624
249.0,33,4522.939192
249.0,33,4523.563455
249.0,33,4524.326653
249.0,33,4524.902394
249.0,33,4525.448863
249.0,33,4526.13019
249.0,33,4526.690994
249.0,33,4527.317651
249.0,33,4527.890622
249.0,33,4528.622566
249.0,33,4529.164504
249.0,33,4529.796044
249.0,33,4530.368447
249.0,33,4531.088148
249.0,33,4531.681514
249.0,33,4532.312006
249.0,33,4532.97115
249.0,33,4533.781273
249.0,33,4534.36871
249.0,33,4534.990936
249.0,33,4535.625453
249.0,33,4536.27754
249.0,33,4536.854826
249.0,33,4537.469892
249.0,33,4538.106295
249.0,33,4538.789242
249.0,33,4539.418813
249.0,33,4540.070725
249.0,33,4540.675664
249.0,33,4541.496729
249.0,33,4542.200868
249.0,33,4542.817657
249.0,33,4543.453531
249.0,33,4544.136771
249.0,33,4544.833324
249.0,33,4545.432011
249.0,33,4546.04633
249.0,33,4546.752929
249.0,33,4547.290756
249.0,33,4547.919305
249.0,33,4548.582699
249.0,33,4549.145464
249.0,33,4549.789212
249.0,33,4550.409053
249.0,33,4551.139959
249.0,33,4551.759885
249.0,33,4552.412857
249.0,33,4553.057094
249.0,33,4553.795901
249.0,33,4554.414202
249.0,33,4555.044942
249.0,33,4555.616167
249.0,33,4556.279908
249.0,33,4556.832258
249.0,33,4557.490307
249.0,33,4558.062535
249.0,33,4558.841368
249.0,33,4559.50145
249.0,33,4560.107785
249.0,33,4560.692274
249.0,33,4561.340325
249.0,33,4561.921252
249.0,33,4562.552162
249.0,33,4563.137864
249.0,33,4563.894629
249.0,33,4564.513054
249.0,33,4565.047244
249.0,33,4565.611748
249.0,33,4566.356476
249.0,33,4566.939686
249.0,33,4567.510032
249.0,33,4568.258464
249.0,33,4568.858987
249.0,33,4569.434695
249.0,33,4570.079122
249.0,33,4570.795364
249.0,33,4571.397252
249.0,33,4572.024388
249.0,33,4572.600869
249.0,33,4573.275843
249.0,33,4573.868727
249.0,33,4574.399319
249.0,33,4575.014155
249.0,33,4575.836491
249.0,33,4576.559153
249.0,33,4577.172646
249.0,33,4577.762735
249.0,33,4578.508883
249.0,33,4579.116638
249.0,33,4579.695792
249.0,33,4580.331082
249.0,33,4581.000055
249.0,33,4581.675013
249.0,33,4582.306279
249.0,33,4582.945102
249.0,33,4583.721398
249.0,33,4584.29345
249.0,33,4584.856627
249.0,33,4585.453851
249.0,33,4586.154006
249.0,33,4586.769828
249.0,33,4587.429761
249.0,33,4588.183815
249.0,33,4588.748298
249.0,33,4589.368766
249.0,33,4590.02581
249.0,33,4590.726619
249.0,33,4591.378474
249.0,33,4591.954386
249.0,33,4592.483272
249.0,33,4593.158614
249.0,33,4593.69723
249.0,33,4594.22897
249.0,33,4594.762678
249.0,33,4595.497941
249.0,33,4596.091783
249.0,33,4596.643111
249.0,33,4597.21824
249.0,33,4597.866245
249.0,33,4598.461968
249.0,33,4599.057597
249.0,33,4599.665566
249.0,33,4600.33089
249.0,33,4600.878703
249.0,33,4601.517679
249.0,33,4602.166225
249.0,33,4602.947394
249.0,33,4603.547884
249.0,33,4604.306892
249.0,33,4604.921229
249.0,33,4605.71986
249.0,33,4606.336447
249.0,33,4606.97103
249.0,33,4607.745484
249.0,33,4608.339966
249.0,33,4608.93269
249.0,33,4609.477986
249.0,33,4610.147049
249.0,33,4610.767511
249.0,33,4611.360146
249.0,33,4611.948291
249.0,33,4612.635941
249.0,33,4613.296883
249.0,33,4613.9096
249.0,33,4614.543741
249.0,33,4615.225952
249.0,33,4615.812029
249.0,33,4616.426189
249.0,33,4617.017836
249.0,33,4617.718746
249.0,33,4618.314424
249.0,33,4618.913468
249.0,33,4619.408233
249.0,33,4620.058792
249.0,33,4620.561706
249.0,33,4621.131354
249.0,33,4621.725556
249.0,33,4622.466691
249.0,33,4623.086769
249.0,33,4623.71047
249.0,33,4624.278039
249.0,33,4625.007002
249.0,33,4625.715423
249.0,33,4626.28282
249.0,33,4626.917302
249.0,33,4627.611886
249.0,33,4628.249364
249.0,33,4628.841545
249.0,33,4629.553563
249.0,33,4630.093226
249.0,33,4630.640127
249.0,33,4631.196047
249.0,33,4631.850574
249.0,33,4632.424739
249.0,33,4633.018663
249.0,33,4633.579926
249.0,33,4634.304859
249.0,33,4634.958547
249.0,33,4635.609941
249.0,33,4636.177625
249.0,33,4636.884868
249.0,33,4637.586938
249.0,33,4638.258409
249.0,33,4638.855257
249.0,33,4639.597783
249.0,33,4640.224759
249.0,33,4640.869653
249.0,33,4641.507492
249.0,33,4642.209387
249.0,33,4642.871883
249.0,33,4643.483722
249.0,33,4644.063011
249.0,33,4644.947494
249.0,33,4645.601903
249.0,33,4646.178605
249.0,33,4646.768837
249.0,33,4647.575105
249.0,33,4648.217179
249.0,33,4648.907219
249.0,33,4649.747764
249.0,33,4650.414378
249.0,33,4651.020499
249.0,33,4651.588298
249.0,33,4652.319895
249.0,33,4652.93133
249.0,33,4653.567497
249.0,33,4654.177186
249.0,33,4655.008059
249.0,33,4655.653955
249.0,33,4656.320209
249.0,33,4656.977678
249.0,33,4657.722516
249.0,33,4658.299105
249.0,33,4658.949859
249.0,33,4659.636143
249.0,33,4660.325591
249.0,33,4660.941382
249.0,33,4661.533544
249.0,33,4662.150337
249.0,33,4662.858266
249.0,33,4663.394891
249.0,33,4664.002687
249.0,33,4664.619107
249.0,33,4665.355726
249.0,33,4666.030787
249.0,33,4666.668682
249.0,33,4667.321421
249.0,33,4668.027524
249.0,33,4668.625308
249.0,33,4669.166769
249.0,33,4669.883785
249.0,33,4670.479665
249.0,33,4671.16335
249.0,33,4671.804167
249.0,33,4672.469705
249.0,33,4673.149742
249.0,33,4673.700946
249.0,33,4674.278927
249.0,33,4675.02903
249.0,33,4675.745165
249.0,33,4676.352478
249.0,33,4676.893692
249.0,33,4677.586324
249.0,33,4678.217766
249.0,33,4678.78628
249.0,33,4679.419405
249.0,33,4680.170437
249.0,33,4680.725946
249.0,33,4681.298582
249.0,33,4681.882109
249.0,33,4682.643668
249.0,33,4683.287899
249.0,33,4683.896152
249.0,33,4684.584365
249.0,33,4685.3622
249.0,33,4685.993017
249.0,33,4686.578199
249.0,33,4687.175091
249.0,33,4687.873379
249.0,33,4688.504776
249.0,33,4689.058479
249.0,33,4689.805919
249.0,33,4690.466945
249.0,33,4691.099166
249.0,33,4691.690144
249.0,33,4692.386867
249.0,33,4692.960828
249.0,33,4693.608596
249.0,33,4694.248471
249.0,33,4694.975769
249.0,33,4695.604973
249.0,33,4696.228218
249.0,33,4696.90895
249.0,33,4697.57952
249.0,33,4698.156078
249.0,33,4698.713484
249.0,33,4699.226807
249.0,33,4699.856243
249.0,33,4700.482996
249.0,33,4701.11267
249.0,33,4701.767967
249.0,33,4702.466062
249.0,33,4703.062421
249.0,33,4703.594625
249.0,33,4704.106566
249.0,33,4704.729486
249.0,33,4705.291068
249.0,33,4705.866044
249.0,33,4706.452103
249.0,33,4707.155174
249.0,33,4707.701942
249.0,33,4708.291115
249.0,33,4708.946127
249.0,33,4709.711888
249.0,33,4710.286644
249.0,33,4710.859531
249.0,33,4711.563601
249.0,33,4712.150015
249.0,33,4712.721139
249.0,33,4713.401719
249.0,33,4714.102024
249.0,33,4714.712724
249.0,33,4715.347926
249.0,33,4715.979994
249.0,33,4716.706202
249.0,33,4717.298738
249.0,33,4717.917397
249.0,33,4718.613445
249.0,33,4719.355508
249.0,33,4720.009262
249.0,33,4720.586343
249.0,33,4721.244088
249.0,33,4722.032444
249.0,33,4722.781966
249.0,33,4723.476633
249.0,33,4724.163731
249.0,33,4724.96517
249.0,33,4725.625951
249.0,33,4726.223747
249.0,33,4726.827912
249.0,33,4727.488989
249.0,33,4728.042907
249.0,33,4728.583118
249.0,33,4729.229596
249.0,33,4729.994808
249.0,33,4730.654489
249.0,33,4731.318452
249.0,33,4732.066104
249.0,33,4732.707956
249.0,33,4733.354167
249.0,33,4733.991647
249.0,33,4734.761964
249.0,33,4735.410244
249.0,33,4735.931875
249.0,33,4736.453292
249.0,33,4737.190712
249.0,33,4737.816532
249.0,33,4738.461403
249.0,33,4739.189336
249.0,33,4739.948406
249.0,33,4740.659042
249.0,33,4741.266011
249.0,33,4741.852871
249.0,33,4742.589168
249.0,33,4743.264346
249.0,33,4743.81189
249.0,33,4744.498673
249.0,33,4745.244444
249.0,33,4745.831807
249.0,33,4746.425303
249.0,33,4747.003725
249.0,33,4747.805545
249.0,33,4748.448906
249.0,33,4749.099117
249.0,33,4749.675841
249.0,33,4750.403428
249.0,33,4751.046283
249.0,33,4751.722675
249.0,33,4752.427972
249.0,33,4753.017408
249.0,33,4753.63135
249.0,33,4754.334846
249.0,33,4755.163746
249.0,33,4755.738096
249.0,33,4756.352728
249.0,33,4757.04814
249.0,33,4757.753054
249.0,33,4758.343871
249.0,33,4758.880096
249.0,33,4759.455249
249.0,33,4760.127604
249.0,33,4760.747365
249.0,33,4761.366534
249.0,33,4762.028667
249.0,33,4762.738502
249.0,33,4763.3736
249.0,33,4764.034008
249.0,33,4764.67693
249.0,33,4765.465771
249.0,33,4766.082896
249.0,33,4766.701872
249.0,33,4767.288064
249.0,33,4767.936683
249.0,33,4768.471856
249.0,33,4769.003717
249.0,33,4769.593704
249.0,33,4770.344218
249.0,33,4770.89176
249.0,33,4771.423842
249.0,33,4772.117051
249.0,33,4772.686775
249.0,33,4773.28095
249.0,33,4773.962589
249.0,33,4774.724866
249.0,33,4775.289617
249.0,33,4775.852247
249.0,33,4776.509297
249.0,33,4777.255164
249.0,33,4777.896023
249.0,33,4778.553205
249.0,33,4779.245821
249.0,33,4780.047775
249.0,33,4780.674329
249.0,33,4781.281797
249.0,33,4781.974177
249.0,33,4782.699909
249.0,33,4783.382455
249.0,33,4784.049134
249.0,33,4784.725022
249.0,33,4785.510534
249.0,33,4786.215773
249.0,33,4786.906395
249.0,33,4787.538385
249.0,33,4788.219776
249.0,33,4788.807333
249.0,33,4789.384557
249.0,33,4789.991568
249.0,33,4790.788713
249.0,33,4791.462485
249.0,33,4792.042676
249.0,33,4792.658798
249.0,33,4793.341081
249.0,33,4793.974204
249.0,33,4794.596338
249.0,33,4795.384753
249.0,33,4795.979223
249.0,33,4796.53719
249.0,33,4797.161344
249.0,33,4797.853329
249.0,33,4798.465608
249.0,33,4798.97016
249.0,33,4799.485291
249.0,33,4800.128644
249.0,33,4800.719178
249.0,33,4801.370017
249.0,33,4801.991525
249.0,33,4802.68325
249.0,33,4803.358861
249.0,33,4804.010153
249.0,33,4804.586418
249.0,33,4805.327095
249.0,33,4805.876187
249.0,33,4806.484372
249.0,33,4807.085261
249.0,33,4807.763798
249.0,33,4808.351968
249.0,33,4808.983385
249.0,33,4809.650118
249.0,33,4810.363818
249.0,33,4810.922565
249.0,33,4811.516739
249.0,33,4812.138258
249.0,33,4812.881185
249.0,33,4813.455515
249.0,33,4814.075412
249.0,33,4814.853343
249.0,33,4815.428933
249.0,33,4816.010868
249.0,33,4816.643559
249.0,33,4817.377549
249.0,33,4818.06281
249.0,33,4818.752698
249.0,33,4819.38295
249.0,33,4820.156643
249.0,33,4820.821259
249.0,33,4821.394476
249.0,33,4821.965165
249.0,33,4822.708661
249.0,33,4823.293072
249.0,33,4823.88434
249.0,33,4824.482338
249.0,33,4825.216073
249.0,33,4825.875642
249.0,33,4826.483201
249.0,33,4827.124287
249.0,33,4827.876585
249.0,33,4828.52738
249.0,33,4829.178391
249.0,33,4829.804008
249.0,33,4830.495458
249.0,33,4831.048148
249.0,33,4831.580586
249.0,33,4832.090207
249.0,33,4832.721699
249.0,33,4833.2746
249.0,33,4833.867415
249.0,33,4834.459689
249.0,33,4834.99815
249.0,33,4835.585387
249.0,33,4836.160555
249.0,33,4836.879052
249.0,33,4837.495943
249.0,33,4838.161592
249.0,33,4838.800236
249.0,33,4839.525593
249.0,33,4840.185748
249.0,33,4840.782729
249.0,33,4841.371114
249.0,33,4842.051754
249.0,33,4842.657435
249.0,33,4843.307388
249.0,33,4843.924464
249.0,33,4844.598776
249.0,33,4845.178354
249.0,33,4845.759806
249.0,33,4846.331727
249.0,33,4847.002344
249.0,33,4847.609107
249.0,33,4848.207887
249.0,33,4848.788393
249.0,33,4849.466019
249.0,33,4850.072549
249.0,33,4850.660424
249.0,33,4851.254681
249.0,33,4851.926179
249.0,33,4852.466333
249.0,33,4853.022095
249.0,33,4853.74783
249.0,33,4854.42545
249.0,33,4855.006348
249.0,33,4855.638133
249.0,33,4856.366515
249.0,33,4856.928121
249.0,33,4857.437674
249.0,33,4857.962108
249.0,33,4858.68383
249.0,33,4859.299482
249.0,33,4859.916517
249.0,33,4860.487333
249.0,33,4861.13566
249.0,33,4861.684575
249.0,33,4862.230861
249.0,33,4862.808443
249.0,33,4863.483774
249.0,33,4864.063014
249.0,33,4864.651541
249.0,33,4865.168537
249.0,33,4865.789003
249.0,33,4866.305225
249.0,33,4866.901418
249.0,33,4867.547022
249.0,33,4868.256638
249.0,33,4868.795719
249.0,33,4869.35004
249.0,33,4869.894355
249.0,33,4870.550333
249.0,33,4871.098846
249.0,33,4871.706549
249.0,33,4872.27425
249.0,33,4872.954577
249.0,33,4873.626303
249.0,33,4874.253419
249.0,33,4874.994011
249.0,33,4875.626956
249.0,33,4876.219217
249.0,33,4876.775544
249.0,33,4877.420015
249.0,33,4878.002084
249.0,33,4878.613147
249.0,33,4879.216733
249.0,33,4879.943613
249.0,33,4880.523806
249.0,33,4881.219319
249.0,33,4881.82482
249.0,33,4882.528849
249.0,33,4883.087031
249.0,33,4883.676338
249.0,33,4884.24527
249.0,33,4884.931056
249.0,33,4885.588885
249.0,33,4886.211972
249.0,33,4886.840755
249.0,33,4887.548644
249.0,33,4888.09384
249.0,33,4888.70329
249.0,33,4889.281424
249.0,33,4889.988873
249.0,33,4890.577456
249.0,33,4891.162175
249.0,33,4891.828139
249.0,33,4892.490355
249.0,33,4893.035203
249.0,33,4893.573807
249.0,33,4894.242845
249.0,33,4894.826431
249.0,33,4895.434919
249.0,33,4895.996951
249.0,33,4896.832435
249.0,33,4897.433552
249.0,33,4897.992107
249.0,33,4898.626477
249.0,33,4899.31517
249.0,33,4899.895927
249.0,33,4900.457451
249.0,33,4901.05316
249.0,33,4901.772451
249.0,33,4902.386017
249.0,33,4902.958394
249.0,33,4903.502285
249.0,33,4904.112421
249.0,33,4904.643507
249.0,33,4905.171032
249.0,33,4905.713305
249.0,33,4906.3421
249.0,33,4906.880247
249.0,33,4907.498426
249.0,33,4908.052005
249.0,33,4908.703792
249.0,33,4909.257063
249.0,33,4909.821833
249.0,33,4910.376196
249.0,33,4911.03268
249.0,33,4911.624906
249.0,33,4912.176423
249.0,33,4912.791342
249.0,33,4913.368828
249.0,33,4913.980401
249.0,33,4914.568621
249.0,33,4915.235795
249.0,33,4915.784039
249.0,33,4916.394181
249.0,33,4916.980536
249.0,33,4917.668197
249.0,33,4918.349427
249.0,33,4918.918
249.0,33,4919.510223
249.0,33,4920.215369
249.0,33,4920.773376
249.0,33,4921.368328
249.0,33,4921.99027
249.0,33,4922.759338
249.0,33,4923.319479
249.0,33,4923.832063
249.0,33,4924.37604
249.0,33,4925.032059
249.0,33,4925.610003
249.0,33,4926.149641
249.0,33,4926.675887
249.0,33,4927.360868
249.0,33,4927.934988
249.0,33,4928.477774
249.0,33,4929.128103
249.0,33,4929.755703
249.0,33,4930.301543
249.0,33,4930.924506
249.0,33,4931.634847
249.0,33,4932.274839
249.0,33,4932.872459
249.0,33,4933.400076
249.0,33,4934.066899
249.0,33,4934.762412
249.0,33,4935.277636
249.0,33,4935.810694
249.0,33,4936.415346
249.0,33,4936.969738
249.0,33,4937.542123
249.0,33,4938.125754
249.0,33,4938.824656
249.0,33,4939.417946
249.0,33,4939.970358
249.0,33,4940.485937
249.0,33,4941.114709
249.0,33,4941.642028
249.0,33,4942.158941
249.0,33,4942.685904
249.0,33,4943.306821
249.0,33,4943.913686
249.0,33,4944.467392
249.0,33,4945.031202
249.0,33,4945.679812
249.0,33,4946.193886
249.0,33,4946.747424
249.0,33,4947.314371
249.0,33,4947.95084
249.0,33,4948.487343
249.0,33,4949.02282
249.0,33,4949.549627
249.0,33,4950.260939
249.0,33,4950.808234
249.0,33,4951.340351
249.0,33,4952.01206
249.0,33,4952.555763
249.0,33,4953.095167
249.0,33,4953.634304
249.0,33,4954.295178
249.0,33,4954.819676
249.0,33,4955.349433
249.0,33,4955.917759
249.0,33,4956.613629
249.0,33,4957.209156
249.0,33,4957.76995
249.0,33,4958.344976
249.0,33,4960.952746
249.0,33,4961.513374
249.0,33,4962.1358
249.0,33,4962.788945
249.0,33,4963.421375
249.0,33,4963.998898
249.0,33,4964.571766
249.0,33,4965.162115
249.0,33,4965.873795
249.0,33,4966.450945
249.0,33,4967.031433
249.0,33,4967.591692
249.0,33,4968.251974
249.0,33,4968.817629
249.0,33,4969.350833
249.0,33,4969.978162
249.0,33,4970.698113
249.0,33,4971.263007
249.0,33,4971.806312
249.0,33,4972.4579
249.0,33,4972.972742
249.0,33,4973.559861
249.0,33,4974.122273
249.0,33,4974.804435
249.0,33,4975.370381
249.0,33,4975.921724
249.0,33,4976.51237
249.0,33,4977.14487
249.0,33,4977.706302
249.0,33,4978.280641
249.0,33,4978.817237
249.0,33,4979.500838
249.0,33,4980.063644
249.0,33,4980.683986
249.0,33,4981.25764
249.0,33,4981.945656
249.0,33,4982.483224
249.0,33,4983.0481
249.0,33,4983.625845
249.0,33,4984.288902
249.0,33,4984.822455
249.0,33,4985.376714
249.0,33,4986.004126
249.0,33,4986.73096
249.0,33,4987.368523
249.0,33,4987.916924
249.0,33,4988.484776
249.0,33,4989.150842
249.0,33,4989.699291
249.0,33,4990.235688
249.0,33,4990.959464
249.0,33,4991.524497
249.0,33,4992.121583
249.0,33,4992.702017
249.0,33,4993.431616
249.0,33,4993.974397
249.0,33,4994.534189
249.0,33,4995.126091
249.0,33,4995.804833
249.0,33,4996.412594
249.0,33,4996.990093
249.0,33,4997.596265
249.0,33,4998.258512
249.0,33,4998.788349
249.0,33,4999.331567
249.0,33,4999.913648
249.0,33,5000.584133
249.0,33,5001.121617
249.0,33,5001.726357
249.0,33,5002.241452
249.0,33,5002.872568
249.0,33,5003.448885
249.0,33,5004.090419
249.0,33,5004.722215
249.0,33,5005.382432
249.0,33,5005.945536
249.0,33,5006.477613
249.0,33,5007.052064
249.0,33,5007.713745
249.0,33,5008.241096
249.0,33,5008.77836
249.0,33,5009.403868
249.0,33,5009.960759
249.0,33,5010.562154
249.0,33,5011.112355
249.0,33,5011.733362
249.0,33,5012.287425
249.0,33,5012.844548
249.0,33,5013.451868
249.0,33,5014.123725
249.0,33,5014.674093
249.0,33,5015.302152
249.0,33,5015.916508
249.0,33,5016.543255
249.0,33,5017.126405
249.0,33,5017.637375
249.0,33,5018.272779
249.0,33,5018.954583
249.0,33,5019.510376
249.0,33,5020.04828
249.0,33,5020.592744
249.0,33,5021.247988
249.0,33,5021.807443
249.0,33,5022.344539
249.0,33,5022.915154
249.0,33,5023.562292
249.0,33,5024.135087
249.0,33,5024.7064
249.0,33,5025.358939
249.0,33,5026.004518
249.0,33,5026.551567
249.0,33,5027.123415
249.0,33,5027.74456
249.0,33,5028.418805
249.0,33,5029.000703
249.0,33,5029.547837
249.0,33,5030.201304
249.0,33,5030.790492
249.0,33,5031.340671
249.0,33,5031.911436
249.0,33,5032.579027
249.0,33,5033.155798
249.0,33,5033.742501
249.0,33,5034.302906
249.0,33,5034.961557
249.0,33,5035.493709
249.0,33,5036.061821
249.0,33,5036.601127
249.0,33,5037.250569
249.0,33,5037.798482
249.0,33,5038.356207
249.0,33,5038.949027
249.0,33,5039.606488
249.0,33,5040.133729
249.0,33,5040.6496
249.0,33,5041.192459
249.0,33,5041.837257
249.0,33,5042.436576
249.0,33,5043.104863
249.0,33,5043.690352
249.0,33,5044.325715
249.0,33,5044.864974
249.0,33,5045.490406
249.0,33,5046.040681
249.0,33,5046.722381
249.0,33,5047.284657
249.0,33,5047.83107
249.0,33,5048.45682
249.0,33,5049.000344
249.0,33,5049.547714
249.0,33,5050.094538
249.0,33,5050.787565
249.0,33,5051.337338
249.0,33,5051.948615
249.0,33,5052.501034
249.0,33,5053.249797
249.0,33,5053.814185
249.0,33,5054.379785
249.0,33,5054.944031
249.0,33,5055.716278
249.0,33,5056.25765
249.0,33,5056.863236
249.0,33,5057.427838
249.0,33,5058.072276
249.0,33,5058.608145
249.0,33,5059.166832
249.0,33,5059.69942
249.0,33,5060.383325
249.0,33,5060.927956
249.0,33,5061.456348
249.0,33,5061.988736
249.0,33,5062.603736
249.0,33,5063.127451
249.0,33,5063.64699
249.0,33,5064.19036
249.0,33,5064.864994
249.0,33,5065.415751
249.0,33,5065.945566
249.0,33,5066.602809
249.0,33,5067.144697
249.0,33,5067.711399
249.0,33,5068.237013
249.0,33,5068.885021
249.0,33,5069.454646
249.0,33,5069.998776
249.0,33,5070.545935
249.0,33,5071.184818
249.0,33,5071.713587
249.0,33,5072.265237
249.0,33,5072.843988
249.0,33,5073.659991
249.0,33,5074.278022
249.0,33,5074.839116
249.0,33,5075.395343
249.0,33,5076.080605
249.0,33,5076.650201
249.0,33,5077.19933
249.0,33,5077.718587
249.0,33,5078.333688
249.0,33,5078.88978
249.0,33,5079.481781
249.0,33,5080.05209
249.0,33,5080.699483
249.0,33,5081.217499
249.0,33,5081.738364
249.0,33,5082.311732
249.0,33,5082.975238
249.0,33,5083.502828
249.0,33,5084.040088
249.0,33,5084.673397
249.0,33,5085.228839
249.0,33,5085.801018
249.0,33,5086.345592
249.0,33,5087.002555
249.0,33,5087.602419
249.0,33,5088.201939
249.0,33,5088.754272
249.0,33,5089.492666
249.0,33,5090.035593
249.0,33,5090.568922
249.0,33,5091.112627
249.0,33,5091.831532
249.0,33,5092.378619
249.0,33,5092.918808
249.0,33,5093.495755
249.0,33,5094.189519
249.0,33,5094.735668
249.0,33,5095.310292
249.0,33,5095.856098
249.0,33,5096.522773
249.0,33,5097.043506
249.0,33,5097.566213
249.0,33,5098.082182
249.0,33,5098.784007
249.0,33,5099.331013
249.0,33,5099.872248
249.0,33,5100.409765
249.0,33,5101.037935
249.0,33,5101.581608
249.0,33,5102.19781
249.0,33,5102.763079
249.0,33,5103.443832
249.0,33,5103.981969
249.0,33,5104.516593
249.0,33,5105.141302
249.0,33,5105.696455
249.0,33,5106.276387
249.0,33,5106.831859
249.0,33,5107.472121
249.0,33,5108.039837
249.0,33,5108.584891
249.0,33,5109.114235
249.0,33,5109.783442
249.0,33,5110.34554
249.0,33,5110.98513
249.0,33,5111.637428
249.0,33,5112.306997
249.0,33,5112.849958
249.0,33,5113.394593
249.0,33,5113.926064
249.0,33,5114.603011
249.0,33,5115.146579
249.0,33,5115.710202
249.0,33,5116.255184
249.0,33,5117.007046
249.0,33,5117.56622
249.0,33,5118.127022
249.0,33,5118.724407
249.0,33,5119.388822
249.0,33,5119.951156
249.0,33,5120.766917
249.0,33,5121.38081
249.0,33,5122.105039
249.0,33,5122.687278
249.0,33,5123.262913
249.0,33,5123.94603
249.0,33,5124.521498
249.0,33,5125.089311
249.0,33,5125.682303
249.0,33,5126.402052
249.0,33,5127.025787
249.0,33,5127.583802
249.0,33,5128.137692
249.0,33,5128.811616
249.0,33,5129.423477
249.0,33,5129.996217
249.0,33,5130.601605
249.0,33,5131.255692
249.0,33,5131.819613
249.0,33,5132.355018
249.0,33,5132.952274
249.0,33,5133.596363
249.0,33,5134.174736
249.0,33,5134.816352
249.0,33,5135.43433
249.0,33,5136.206116
249.0,33,5136.822432
249.0,33,5137.454244
249.0,33,5138.023864
249.0,33,5138.704937
249.0,33,5139.336063
249.0,33,5139.880763
249.0,33,5140.437086
249.0,33,5141.103237
249.0,33,5141.66993
249.0,33,5142.220931
249.0,33,5142.894624
249.0,33,5143.434274
249.0,33,5143.973596
249.0,33,5144.529126
249.0,33,5145.185156
249.0,33,5145.731796
249.0,33,5146.35502
249.0,33,5146.899827
249.0,33,5147.572334
249.0,33,5148.233959
249.0,33,5148.813394
249.0,33,5149.361507
249.0,33,5150.037681
249.0,33,5150.686965
249.0,33,5151.267816
249.0,33,5151.815515
249.0,33,5152.464235
249.0,33,5153.003583
249.0,33,5153.573261
249.0,33,5154.133719
249.0,33,5154.818237
249.0,33,5155.367747
249.0,33,5155.933029
249.0,33,5156.482054
249.0,33,5157.141828
249.0,33,5157.695271
249.0,33,5158.218391
249.0,33,5158.843561
249.0,33,5159.497589
249.0,33,5160.03003
249.0,33,5160.608691
249.0,33,5161.284065
249.0,33,5161.857124
249.0,33,5162.407615
249.0,33,5162.95653
249.0,33,5163.578685
249.0,33,5164.167436
249.0,33,5164.683029
249.0,33,5165.226768
249.0,33,5165.87524
249.0,33,5166.412211
249.0,33,5166.932897
249.0,33,5167.484639
249.0,33,5168.076434
249.0,33,5168.608661
249.0,33,5169.136573
249.0,33,5169.715613
249.0,33,5170.402552
249.0,33,5170.957779
249.0,33,5171.496392
249.0,33,5172.028341
249.0,33,5172.655454
249.0,33,5173.168928
249.0,33,5173.691624
249.0,33,5174.205216
249.0,33,5174.841477
249.0,33,5175.354682
249.0,33,5175.945909
249.0,33,5176.457185
249.0,33,5177.091293
249.0,33,5177.625701
249.0,33,5178.11926
249.0,33,5178.639049
249.0,33,5179.322225
249.0,33,5179.872141
249.0,33,5180.421702
249.0,33,5181.0823
249.0,33,5181.680154
249.0,33,5182.219508
249.0,33,5182.80196
249.0,33,5183.423579
249.0,33,5184.02529
249.0,33,5184.555266
249.0,33,5185.071556
249.0,33,5185.693472
249.0,33,5186.203593
249.0,33,5186.713096
249.0,33,5187.270087
249.0,33,5187.934127
249.0,33,5188.478664
249.0,33,5189.030039
249.0,33,5189.550429
249.0,33,5190.205616
249.0,33,5190.743037
249.0,33,5191.268719
249.0,33,5191.794204
249.0,33,5192.402736
249.0,33,5192.925585
249.0,33,5193.471086
249.0,33,5193.986239
249.0,33,5194.648139
249.0,33,5195.210225
249.0,33,5195.754293
249.0,33,5196.274955
249.0,33,5196.934761
249.0,33,5197.485789
249.0,33,5198.006361
249.0,33,5198.614547
249.0,33,5199.19516
249.0,33,5199.707833
249.0,33,5200.226281
249.0,33,5200.866929
249.0,33,5201.413904
249.0,33,5201.976462
249.0,33,5202.470156
249.0,33,5203.12268
249.0,33,5203.685992
249.0,33,5204.215919
249.0,33,5204.746404
249.0,33,5205.405504
249.0,33,5205.98359
249.0,33,5206.590976
249.0,33,5207.202038
249.0,33,5207.867921
249.0,33,5208.507378
249.0,33,5209.061276
249.0,33,5209.71801
249.0,33,5210.362114
249.0,33,5210.901294
249.0,33,5211.500958
249.0,33,5212.031703
249.0,33,5212.682628
249.0,33,5213.196089
249.0,33,5213.726508
249.0,33,5214.268853
249.0,33,5214.880405
249.0,33,5215.433368
249.0,33,5215.989735
249.0,33,5216.682884
249.0,33,5217.191442
249.0,33,5217.710138
249.0,33,5218.230558
249.0,33,5218.912629
249.0,33,5219.542417
249.0,33,5220.082276
249.0,33,5220.606223
249.0,33,5221.295528
249.0,33,5221.904854
249.0,33,5222.502595
249.0,33,5223.083889
249.0,33,5223.753483
249.0,33,5224.297985
249.0,33,5224.882854
249.0,33,5225.430475
249.0,33,5226.067283
249.0,33,5226.599462
249.0,33,5227.117206
249.0,33,5227.704735
249.0,33,5228.370681
249.0,33,5228.913522
249.0,33,5229.446407
249.0,33,5229.964229
249.0,33,5230.635963
249.0,33,5231.183339
249.0,33,5231.678929
249.0,33,5232.239627
249.0,33,5232.923041
249.0,33,5233.520604
249.0,33,5234.131326
249.0,33,5234.828799
249.0,33,5235.401405
249.0,33,5235.91987
249.0,33,5236.527332
249.0,33,5237.232173
249.0,33,5237.874549
249.0,33,5238.484096
249.0,33,5239.075115
249.0,33,5239.818146
249.0,33,5240.362247
249.0,33,5240.960942
249.0,33,5241.52455
249.0,33,5242.189106
249.0,33,5242.738336
249.0,33,5243.276964
249.0,33,5243.873761
249.0,33,5244.612152
249.0,33,5245.182031
249.0,33,5245.680738
249.0,33,5246.260754
249.0,33,5246.966708
249.0,33,5247.501086
249.0,33,5248.046736
249.0,33,5248.598444
249.0,33,5249.36649
249.0,33,5249.964328
249.0,33,5250.545625
249.0,33,5251.254568
249.0,33,5251.939795
249.0,33,5252.536681
249.0,33,5253.142492
249.0,33,5253.796479
249.0,33,5254.584693
249.0,33,5255.184971
249.0,33,5255.719665
249.0,33,5256.35631
249.0,33,5256.893941
249.0,33,5257.463827
249.0,33,5258.061777
249.0,33,5258.726801
249.0,33,5259.290614
249.0,33,5259.835299
249.0,33,5260.372465
249.0,33,5261.020937
249.0,33,5261.692051
249.0,33,5262.34567
249.0,33,5262.919593
249.0,33,5263.623297
249.0,33,5264.181266
249.0,33,5264.77933
249.0,33,5265.453803
249.0,33,5266.158773
249.0,33,5266.708102
249.0,33,5267.308949
249.0,33,5267.879258
249.0,33,5268.544213
249.0,33,5269.13381
249.0,33,5269.690929
249.0,33,5270.242275
249.0,33,5270.913824
249.0,33,5271.482349
249.0,33,5272.025939
249.0,33,5272.626257
249.0,33,5273.322001
249.0,33,5273.987034
249.0,33,5274.649396
249.0,33,5275.297289
249.0,33,5275.891041
249.0,33,5276.457207
249.0,33,5277.030044
249.0,33,5277.634427
249.0,33,5278.163108
249.0,33,5278.681466
249.0,33,5279.178349
249.0,33,5279.81121
249.0,33,5280.532998
249.0,33,5281.135374
249.0,33,5281.728034
249.0,33,5282.358881
249.0,33,5283.038111
249.0,33,5283.653794
249.0,33,5284.248115
249.0,33,5284.916657
249.0,33,5285.534353
249.0,33,5286.177941
249.0,33,5286.744823
249.0,33,5287.466499
249.0,33,5288.015013
249.0,33,5288.568856
249.0,33,5289.156068
249.0,33,5289.893275
249.0,33,5290.407887
249.0,33,5290.909011
249.0,33,5291.444827
249.0,33,5292.122846
249.0,33,5292.634937
249.0,33,5293.259773
249.0,33,5293.874348
249.0,33,5294.459196
249.0,33,5295.0306
249.0,33,5295.577288
249.0,33,5296.199913
249.0,33,5296.84702
249.0,33,5297.435143
249.0,33,5298.051923
249.0,33,5298.799138
249.0,33,5299.365824
249.0,33,5299.88589
249.0,33,5300.378158
249.0,33,5301.05004
249.0,33,5301.58053
249.0,33,5302.109587
249.0,33,5302.648999
249.0,33,5303.242865
249.0,33,5303.754984
249.0,33,5304.315662
249.0,33,5304.864044
249.0,33,5305.534284
249.0,33,5306.096528
249.0,33,5306.603498
249.0,33,5307.161188
249.0,33,5307.79784
249.0,33,5308.299739
249.0,33,5308.921425
249.0,33,5309.624255
249.0,33,5310.444557
249.0,33,5311.06665
249.0,33,5311.619097
249.0,33,5312.264699
249.0,33,5312.866823
249.0,33,5313.415603
249.0,33,5313.997054
249.0,33,5314.710175
249.0,33,5315.359281
249.0,33,5316.00408
249.0,33,5316.571441
249.0,33,5317.247102
249.0,33,5317.838906
249.0,33,5318.469594
249.0,33,5319.108598
249.0,33,5319.820737
249.0,33,5320.348102
249.0,33,5320.846279
249.0,33,5321.354018
249.0,33,5322.036573
249.0,33,5322.637413
249.0,33,5323.209415
249.0,33,5323.74596
249.0,33,5324.423675
249.0,33,5325.053083
249.0,33,5325.633133
249.0,33,5326.218045
249.0,33,5326.949039
249.0,33,5327.481049
249.0,33,5327.990157
249.0,33,5328.498758
249.0,33,5329.176803
249.0,33,5329.734116
249.0,33,5330.256515
249.0,33,5330.768068
249.0,33,5331.37709
249.0,33,5331.947972
249.0,33,5332.448849
249.0,33,5333.038515
249.0,33,5333.577767
249.0,33,5334.170316
249.0,33,5334.773473
249.0,33,5335.473612
249.0,33,5335.994684
249.0,33,5336.530422
249.0,33,5337.121768
249.0,33,5337.759704
249.0,33,5338.405395
249.0,33,5339.003875
249.0,33,5339.512074
249.0,33,5340.133044
249.0,33,5340.74098
249.0,33,5341.415458
249.0,33,5342.034341
249.0,33,5342.69609
249.0,33,5343.324838
249.0,33,5343.921827
249.0,33,5344.506023
249.0,33,5345.157486
249.0,33,5345.682199
249.0,33,5346.261494
249.0,33,5346.872952
249.0,33,5347.584444
249.0,33,5348.256455
249.0,33,5348.832537
249.0,33,5349.339011
249.0,33,5350.074828
249.0,33,5350.713348
249.0,33,5351.299613
249.0,33,5351.944187
249.0,33,5352.587708
249.0,33,5353.23681
249.0,33,5353.884172
249.0,33,5354.550019
249.0,33,5355.116229
249.0,33,5355.609079
249.0,33,5356.13112
249.0,33,5356.753346
249.0,33,5357.276117
249.0,33,5357.964563
249.0,33,5358.63293
249.0,33,5359.338013
249.0,33,5359.895936
249.0,33,5360.538414
249.0,33,5361.09726
249.0,33,5361.726513
249.0,33,5362.214531
249.0,33,5362.708506
249.0,33,5363.195522
249.0,33,5363.783074
249.0,33,5364.311193
249.0,33,5364.829151
249.0,33,5365.410983
249.0,33,5366.14674
249.0,33,5366.751907
249.0,33,5367.331199
249.0,33,5367.879277
249.0,33,5368.56726
249.0,33,5369.220751
249.0,33,5369.815389
249.0,33,5370.564803
249.0,33,5371.171807
249.0,33,5371.713798
249.0,33,5372.27546
249.0,33,5372.995533
249.0,33,5373.637556
249.0,33,5374.282422
249.0,33,5374.829479
249.0,33,5375.497444
249.0,33,5376.190598
249.0,33,5376.771078
249.0,33,5377.330251
249.0,33,5377.961669
249.0,33,5378.538029
249.0,33,5379.144881
249.0,33,5379.723171
249.0,33,5380.410624
249.0,33,5381.105912
249.0,33,5381.644003
249.0,33,5382.257757
249.0,33,5382.980232
249.0,33,5383.575849
249.0,33,5384.14571
249.0,33,5384.759289
249.0,33,5385.525355
249.0,33,5386.08778
249.0,33,5386.65723
249.0,33,5387.204426
249.0,33,5387.922456
249.0,33,5388.516767
249.0,33,5389.06812
249.0,33,5389.720982
249.0,33,5390.360464
249.0,33,5390.951525
249.0,33,5391.553273
249.0,33,5392.254022
249.0,33,5392.817134
249.0,33,5393.473979
249.0,33,5394.11794
249.0,33,5394.925463
249.0,33,5395.534994
249.0,33,5396.158842
249.0,33,5396.719272
249.0,33,5397.360779
249.0,33,5397.918078
249.0,33,5398.482397
249.0,33,5399.041607
249.0,33,5399.801377
249.0,33,5400.407547
249.0,33,5401.069137
249.0,33,5401.651526
249.0,33,5402.297392
249.0,33,5402.964607
249.0,33,5403.617976
249.0,33,5404.165039
249.0,33,5404.873588
249.0,33,5405.44642
249.0,33,5406.001568
249.0,33,5406.570082
249.0,33,5407.261671
249.0,33,5407.813172
249.0,33,5408.390546
249.0,33,5408.981564
249.0,33,5409.617792
249.0,33,5410.150248
249.0,33,5410.647131
249.0,33,5411.303394
249.0,33,5411.817532
249.0,33,5412.339798
249.0,33,5412.868977
249.0,33,5413.520439
249.0,33,5414.168655
249.0,33,5414.7469
249.0,33,5415.373665
249.0,33,5415.983914
249.0,33,5416.608877
249.0,33,5417.189741
249.0,33,5417.747908
249.0,33,5418.435082
249.0,33,5419.011599
249.0,33,5419.594336
249.0,33,5420.163468
249.0,33,5420.801802
249.0,33,5421.386714
249.0,33,5422.008653
249.0,33,5422.580044
249.0,33,5423.195115
249.0,33,5423.704525
249.0,33,5424.336488
249.0,33,5424.966399
249.0,33,5425.638278
249.0,33,5426.190631
249.0,33,5426.812409
249.0,33,5427.441128
249.0,33,5428.126794
249.0,33,5428.686878
249.0,33,5429.225821
249.0,33,5429.910129
249.0,33,5430.545609
249.0,33,5431.154546
249.0,33,5431.806311
249.0,33,5432.482868
249.0,33,5433.042194
249.0,33,5433.691077
249.0,33,5434.301651
249.0,33,5434.926471
249.0,33,5435.485326
249.0,33,5436.078291
249.0,33,5436.61061
249.0,33,5437.214775
249.0,33,5437.818679
249.0,33,5438.412304
249.0,33,5439.082965
249.0,33,5439.687895
249.0,33,5440.252862
249.0,33,5440.902224
249.0,33,5441.499773
249.0,33,5442.249991
249.0,33,5442.738051
249.0,33,5443.25759
249.0,33,5443.879389
249.0,33,5444.567649
249.0,33,5445.15573
249.0,33,5445.794177
249.0,33,5446.336243
249.0,33,5447.051044
249.0,33,5447.637595
249.0,33,5448.312885
249.0,33,5449.064126
249.0,33,5449.700779
249.0,33,5450.255293
249.0,33,5450.776174
249.0,33,5451.415204
249.0,33,5452.078503
249.0,33,5452.626265
249.0,33,5453.1863
249.0,33,5453.857948
249.0,33,5454.447779
249.0,33,5455.056445
249.0,33,5455.66176
249.0,33,5456.373094
249.0,33,5456.916113
249.0,33,5457.484468
249.0,33,5458.054603
249.0,33,5458.742353
249.0,33,5459.324888
249.0,33,5459.897963
249.0,33,5460.497271
249.0,33,5461.261153
249.0,33,5461.947126
249.0,33,5462.548136
249.0,33,5463.088334
249.0,33,5463.794384
249.0,33,5464.349506
249.0,33,5464.926759
249.0,33,5465.455163
249.0,33,5466.109519
249.0,33,5466.674454
249.0,33,5467.293133
249.0,33,5467.960353
249.0,33,5468.508078
249.0,33,5469.065947
249.0,33,5469.647106
249.0,33,5470.345879
249.0,33,5470.951319
249.0,33,5471.576393
249.0,33,5472.156598
249.0,33,5472.841867
249.0,33,5473.469567
249.0,33,5474.103833
249.0,33,5474.757723
249.0,33,5475.384813
249.0,33,5475.931895
249.0,33,5476.492352
249.0,33,5477.097725
249.0,33,5477.825499
249.0,33,5478.447198
249.0,33,5479.023855
249.0,33,5479.618159
249.0,33,5480.274224
249.0,33,5480.90505
249.0,33,5481.431468
249.0,33,5482.027144
249.0,33,5482.670652
249.0,33,5483.209307
249.0,33,5483.769798
249.0,33,5484.34738
249.0,33,5484.981388
249.0,33,5485.580587
249.0,33,5486.193096
249.0,33,5486.754125
249.0,33,5487.413918
249.0,33,5487.948305
249.0,33,5488.53796
249.0,33,5489.186099
249.0,33,5489.717848
249.0,33,5490.242171
249.0,33,5490.777063
249.0,33,5491.450396
249.0,33,5492.069349
249.0,33,5492.611929
249.0,33,5493.14188
249.0,33,5493.793239
249.0,33,5494.335674
249.0,33,5494.877653
249.0,33,5495.415332
249.0,33,5496.029797
249.0,33,5496.558351
249.0,33,5497.080034
249.0,33,5497.629645
249.0,33,5498.354544
249.0,33,5498.967275
249.0,33,5499.5681
249.0,33,5500.168904
249.0,33,5500.831721
249.0,33,5501.397045
249.0,33,5501.962515
249.0,33,5502.482814
249.0,33,5503.137577
249.0,33,5503.690096
249.0,33,5504.290949
249.0,33,5504.942987
249.0,33,5505.627673
249.0,33,5506.182075
249.0,33,5506.701981
249.0,33,5507.362178
249.0,33,5507.934539
249.0,33,5508.462709
249.0,33,5509.035157
249.0,33,5509.673142
249.0,33,5510.248224
249.0,33,5510.81207
249.0,33,5511.416716
249.0,33,5512.132039
249.0,33,5512.673965
249.0,33,5513.213439
249.0,33,5513.732889
249.0,33,5514.411011
249.0,33,5514.983439
249.0,33,5515.636271
249.0,33,5516.194848
249.0,33,5516.919415
249.0,33,5517.496929
249.0,33,5518.045571
249.0,33,5518.568674
249.0,33,5519.249928
249.0,33,5519.883784
249.0,33,5520.457122
249.0,33,5521.029591
249.0,33,5521.642845
249.0,33,5522.158056
249.0,33,5522.674872
249.0,33,5523.26242
249.0,33,5523.944869
249.0,33,5524.520881
249.0,33,5525.063622
249.0,33,5525.743497
249.0,33,5526.310568
249.0,33,5526.874414
249.0,33,5527.4351
249.0,33,5528.121638
249.0,33,5528.692352
249.0,33,5529.243467
249.0,33,5529.898816
249.0,33,5530.568474
249.0,33,5531.126232
249.0,33,5531.768257
249.0,33,5532.3233
249.0,33,5533.008691
249.0,33,5533.639616
249.0,33,5534.242422
249.0,33,5534.775052
249.0,33,5535.602484
249.0,33,5536.277112
249.0,33,5536.843236
249.0,33,5537.377441
249.0,33,5538.072294
249.0,33,5538.749312
249.0,33,5539.328183
249.0,33,5539.890218
249.0,33,5540.57151
249.0,33,5541.111377
249.0,33,5541.666862
249.0,33,5542.248584
249.0,33,5542.883859
249.0,33,5543.506504
249.0,33,5544.007047
249.0,33,5544.639195
249.0,33,5545.169803
249.0,33,5545.705683
249.0,33,5546.272571
249.0,33,5546.900933
249.0,33,5547.439795
249.0,33,5547.957811
249.0,33,5548.509056
249.0,33,5549.217159
249.0,33,5549.752962
249.0,33,5550.31189
249.0,33,5550.875507
249.0,33,5551.557785
249.0,33,5552.160941
249.0,33,5552.728386
249.0,33,5553.299199
249.0,33,5553.955723
249.0,33,5554.526999
249.0,33,5555.121549
249.0,33,5555.690207
249.0,33,5556.364993
249.0,33,5556.916656
249.0,33,5557.457437
249.0,33,5558.016747
249.0,33,5558.702477
249.0,33,5559.266068
249.0,33,5559.765541
249.0,33,5560.248196
249.0,33,5560.920909
249.0,33,5561.457828
249.0,33,5561.984775
249.0,33,5562.574413
249.0,33,5563.26486
249.0,33,5563.820469
249.0,33,5564.388109
249.0,33,5565.120382
249.0,33,5565.652217
249.0,33,5566.214299
249.0,33,5566.780352
249.0,33,5567.473945
249.0,33,5568.031312
249.0,33,5568.62695
249.0,33,5569.2278
249.0,33,5569.964669
249.0,33,5570.518819
249.0,33,5571.164424
249.0,33,5571.729903
249.0,33,5572.483334
249.0,33,5573.082215
249.0,33,5573.651581
249.0,33,5574.248297
249.0,33,5574.971732
249.0,33,5575.560838
249.0,33,5576.129265
249.0,33,5576.654032
249.0,33,5577.315997
249.0,33,5577.915642
249.0,33,5578.451027
249.0,33,5579.131205
249.0,33,5579.844217
249.0,33,5580.407587
249.0,33,5580.940232
249.0,33,5581.551536
249.0,33,5582.255708
249.0,33,5582.882097
249.0,33,5583.540552
249.0,33,5584.213838
249.0,33,5584.800332
249.0,33,5585.345935
249.0,33,5585.911162
249.0,33,5586.605569
249.0,33,5587.207845
249.0,33,5587.791333
249.0,33,5588.394845
249.0,33,5589.01845
249.0,33,5589.556505
249.0,33,5590.175708
249.0,33,5590.726015
249.0,33,5591.398901
249.0,33,5591.958155
249.0,33,5592.555223
249.0,33,5593.110549
249.0,33,5593.805069
249.0,33,5594.380284
249.0,33,5594.925284
249.0,33,5595.475436
249.0,33,5596.170854
249.0,33,5596.701033
249.0,33,5597.253859
249.0,33,5597.845456
249.0,33,5598.514385
249.0,33,5599.087493
249.0,33,5599.628617
249.0,33,5600.244294
249.0,33,5600.875948
249.0,33,5601.390115
249.0,33,5601.911665
249.0,33,5602.53443
249.0,33,5603.057607
249.0,33,5603.615598
249.0,33,5604.175344
249.0,33,5604.874923
249.0,33,5605.458692
249.0,33,5606.05958
249.0,33,5606.602166
249.0,33,5607.265743
249.0,33,5607.828491
249.0,33,5608.458633
249.0,33,5609.04016
249.0,33,5609.689516
249.0,33,5610.239877
249.0,33,5610.768817
249.0,33,5611.294931
249.0,33,5611.896724
249.0,33,5612.378084
249.0,33,5612.856112
249.0,33,5613.389544
249.0,33,5614.079187
249.0,33,5614.689932
249.0,33,5615.338431
249.0,33,5615.897937
249.0,33,5616.504179
249.0,33,5617.016972
249.0,33,5617.534534
249.0,33,5618.068552
249.0,33,5618.679561
249.0,33,5619.273287
249.0,33,5619.806891
249.0,33,5620.435032
249.0,33,5620.970551
249.0,33,5621.530092
249.0,33,5622.098166
249.0,33,5622.729725
249.0,33,5623.297065
249.0,33,5623.824664
249.0,33,5624.376713
249.0,33,5625.027732
249.0,33,5625.552374
249.0,33,5626.086396
249.0,33,5626.668764
249.0,33,5627.34767
249.0,33,5627.917593
249.0,33,5628.469268
249.0,33,5629.00343
249.0,33,5629.684323
249.0,33,5630.27286
249.0,33,5630.834057
249.0,33,5631.332474
249.0,33,5631.986305
249.0,33,5632.565444
249.0,33,5633.188432
249.0,33,5633.726787
249.0,33,5634.417465
249.0,33,5634.981058
249.0,33,5635.601998
249.0,33,5636.243785
249.0,33,5636.976235
249.0,33,5637.666301
249.0,33,5638.260687
249.0,33,5638.853298
249.0,33,5639.506083
249.0,33,5640.048467
249.0,33,5640.546947
249.0,33,5641.222759
249.0,33,5641.80189
249.0,33,5642.39454
249.0,33,5642.91935
249.0,33,5643.553224
249.0,33,5644.162839
249.0,33,5644.765378
249.0,33,5645.283989
249.0,33,5645.903389
249.0,33,5646.54701
249.0,33,5647.17665
249.0,33,5647.803485
249.0,33,5648.452352
249.0,33,5649.064738
249.0,33,5649.618564
249.0,33,5650.177761
249.0,33,5650.810196
249.0,33,5651.385211
249.0,33,5651.921363
249.0,33,5652.515758
249.0,33,5653.216391
249.0,33,5653.815993
249.0,33,5654.388423
249.0,33,5654.915794
249.0,33,5655.687288
249.0,33,5656.244451
249.0,33,5656.798261
249.0,33,5657.322225
249.0,33,5657.948883
249.0,33,5658.54116
249.0,33,5659.187939
249.0,33,5659.965655
249.0,33,5660.608509
249.0,33,5661.21152
249.0,33,5661.798903
249.0,33,5662.396686
249.0,33,5662.964227
249.0,33,5663.610689
249.0,33,5664.245331
249.0,33,5664.959279
249.0,33,5665.523696
249.0,33,5666.093325
249.0,33,5666.654171
249.0,33,5667.339876
249.0,33,5667.857692
249.0,33,5668.387165
249.0,33,5668.928585
249.0,33,5669.540062
249.0,33,5670.179828
249.0,33,5670.742301
249.0,33,5671.307825
249.0,33,5671.96585
249.0,33,5672.548696
249.0,33,5673.115034
249.0,33,5673.723577
249.0,33,5674.433611
249.0,33,5675.033952
249.0,33,5675.598776
249.0,33,5676.195984
249.0,33,5676.903125
249.0,33,5677.433014
249.0,33,5677.957091
249.0,33,5678.615526
249.0,33,5679.096866
249.0,33,5679.590547
249.0,33,5680.181941
249.0,33,5680.890492
249.0,33,5681.45462
249.0,33,5682.043557
249.0,33,5682.585027
249.0,33,5683.215951
249.0,33,5683.832176
249.0,33,5684.316586
249.0,33,5684.80901
249.0,33,5685.474475
249.0,33,5686.041548
249.0,33,5686.539767
249.0,33,5687.058235
249.0,33,5687.646822
249.0,33,5688.138991
249.0,33,5688.62529
249.0,33,5689.105766
249.0,33,5689.759595
249.0,33,5690.3287
249.0,33,5690.852691
249.0,33,5691.408581
249.0,33,5692.125825
249.0,33,5692.711513
249.0,33,5693.319852
249.0,33,5693.908769
249.0,33,5694.516134
249.0,33,5695.095631
249.0,33,5695.691639
249.0,33,5696.345779
249.0,33,5696.900624
249.0,33,5697.527681
249.0,33,5698.116597
249.0,33,5698.89138
249.0,33,5699.503386
249.0,33,5700.110352
249.0,33,5700.782119
249.0,33,5701.454122
249.0,33,5702.0429
249.0,33,5702.672529
249.0,33,5703.252811
249.0,33,5703.973334
249.0,33,5704.617531
249.0,33,5705.270986
249.0,33,5705.805894
249.0,33,5706.468009
249.0,33,5707.022817
249.0,33,5707.567385
249.0,33,5708.170118
249.0,33,5708.881864
249.0,33,5709.42469
249.0,33,5710.009852
249.0,33,5710.572744
249.0,33,5711.300437
249.0,33,5711.899787
249.0,33,5712.47619
249.0,33,5713.12435
249.0,33,5713.855502
249.0,33,5714.496193
249.0,33,5715.149183
249.0,33,5715.814072
249.0,33,5716.493321
249.0,33,5717.074581
249.0,33,5717.638351
249.0,33,5718.229904
249.0,33,5718.717652
249.0,33,5719.238667
249.0,33,5719.768264
249.0,33,5720.51137
249.0,33,5721.162184
249.0,33,5721.725337
249.0,33,5722.311436
249.0,33,5723.000157
249.0,33,5723.563534
249.0,33,5724.180766
249.0,33,5724.734414
249.0,33,5725.489398
249.0,33,5726.108372
249.0,33,5726.658844
249.0,33,5727.247441
249.0,33,5727.841057
249.0,33,5728.379286
249.0,33,5728.958785
249.0,33,5729.576481
249.0,33,5730.193045
249.0,33,5730.716846
249.0,33,5731.253075
249.0,33,5731.869637
249.0,33,5732.580006
249.0,33,5733.236093
249.0,33,5733.780069
249.0,33,5734.404369
249.0,33,5735.167772
249.0,33,5735.754483
249.0,33,5736.34
249.0,33,5736.977882
249.0,33,5737.507033
249.0,33,5738.031463
249.0,33,5738.660511
249.0,33,5739.444966
249.0,33,5740.059118
249.0,33,5740.77186
249.0,33,5741.332751
249.0,33,5741.996318
249.0,33,5742.615736
249.0,33,5743.196728
249.0,33,5743.773495
249.0,33,5744.436672
249.0,33,5745.031551
249.0,33,5745.613322
249.0,33,5746.211085
249.0,33,5746.954435
249.0,33,5747.536318
249.0,33,5748.097492
249.0,33,5748.602201
249.0,33,5749.246143
249.0,33,5749.80927
249.0,33,5750.401255
249.0,33,5751.050443
249.0,33,5751.803973
249.0,33,5752.491112
249.0,33,5753.157315
249.0,33,5753.801062
249.0,33,5754.446714
249.0,33,5754.971337
249.0,33,5755.491972
249.0,33,5756.202055
249.0,33,5756.759005
249.0,33,5757.317195
249.0,33,5757.866707
249.0,33,5758.566238
249.0,33,5759.140162
249.0,33,5759.793095
249.0,33,5760.37905
249.0,33,5761.135873
249.0,33,5761.71081
249.0,33,5762.286924
249.0,33,5762.944764
249.0,33,5763.66009
249.0,33,5764.268902
249.0,33,5764.978086
249.0,33,5765.672678
249.0,33,5766.404242
249.0,33,5766.970296
249.0,33,5767.599848
249.0,33,5768.245186
249.0,33,5769.027998
249.0,33,5769.658588
249.0,33,5770.250862
249.0,33,5770.868647
249.0,33,5771.602188
249.0,33,5772.233422
249.0,33,5772.802569
249.0,33,5773.460891
249.0,33,5774.149566
249.0,33,5774.78496
249.0,33,5775.432627
249.0,33,5776.110634
249.0,33,5776.773797
249.0,33,5777.437681
249.0,33,5778.103683
249.0,33,5778.835178
249.0,33,5779.369378
249.0,33,5779.860555
249.0,33,5780.427061
249.0,33,5781.168297
249.0,33,5781.651706
249.0,33,5782.17921
249.0,33,5782.788861
249.0,33,5783.514152
249.0,33,5784.13021
249.0,33,5784.802205
249.0,33,5785.386602
249.0,33,5786.034909
249.0,33,5786.550598
249.0,33,5787.066689
249.0,33,5787.595923
249.0,33,5788.220654
249.0,33,5788.772527
249.0,33,5789.419081
249.0,33,5790.059671
249.0,33,5790.74228
249.0,33,5791.397246
249.0,33,5791.912002
249.0,33,5792.518956
249.0,33,5793.184205
249.0,33,5793.747362
249.0,33,5794.285119
249.0,33,5794.836594
249.0,33,5795.581993
249.0,33,5796.233799
249.0,33,5796.848624
249.0,33,5797.595608
249.0,33,5798.274008
249.0,33,5798.785963
249.0,33,5799.338233
249.0,33,5799.998841
249.0,33,5800.556057
249.0,33,5801.079997
249.0,33,5801.654567
249.0,33,5802.366649
249.0,33,5802.981755
249.0,33,5803.610663
249.0,33,5804.181028
249.0,33,5804.814843
249.0,33,5805.489961
249.0,33,5806.157693
249.0,33,5806.81906
249.0,33,5807.561356
249.0,33,5808.097851
249.0,33,5808.638054
249.0,33,5809.12733
249.0,33,5809.722019
249.0,33,5810.23016
249.0,33,5810.71727
249.0,33,5811.194708
249.0,33,5811.832261
249.0,33,5812.505778
249.0,33,5813.175704
249.0,33,5813.804745
249.0,33,5814.524971
249.0,33,5815.02171
249.0,33,5815.551428
249.0,33,5816.248951
249.0,33,5816.867576
249.0,33,5817.352706
249.0,33,5817.85635
249.0,33,5818.591287
249.0,33,5819.214384
249.0,33,5819.766725
249.0,33,5820.276985
249.0,33,5820.927048
249.0,33,5821.579855
249.0,33,5822.167004
249.0,33,5822.66695
249.0,33,5823.365537
249.0,33,5823.921
249.0,33,5824.507297
249.0,33,5825.014035
249.0,33,5825.615677
249.0,33,5826.173208
249.0,33,5826.724349
249.0,33,5827.314475
249.0,33,5828.071312
249.0,33,5828.695311
249.0,33,5829.328949
249.0,33,5829.953444
249.0,33,5830.725667
249.0,33,5831.295379
249.0,33,5831.921705
249.0,33,5832.454322
249.0,33,5833.295053
249.0,33,5833.895213
249.0,33,5834.462017
249.0,33,5835.180948
249.0,33,5835.875317
249.0,33,5836.451095
249.0,33,5837.044673
249.0,33,5837.728236
249.0,33,5838.386918
249.0,33,5838.964693
249.0,33,5839.464854
249.0,33,5840.206245
249.0,33,5840.839948
249.0,33,5841.414913
249.0,33,5842.030897
249.0,33,5842.713238
249.0,33,5843.320524
249.0,33,5843.885961
249.0,33,5844.535252
249.0,33,5845.273079
249.0,33,5845.912139
249.0,33,5846.491171
249.0,33,5847.073066
249.0,33,5847.82674
249.0,33,5848.402229
249.0,33,5849.045621
249.0,33,5849.696224
249.0,33,5850.389554
249.0,33,5851.028073
249.0,33,5851.631339
249.0,33,5852.329661
249.0,33,5853.003447
249.0,33,5853.666792
249.0,33,5854.352861
249.0,33,5855.140321
249.0,33,5855.786915
249.0,33,5856.335669
249.0,33,5856.938237
249.0,33,5857.569643
249.0,33,5858.066023
249.0,33,5858.555192
249.0,33,5859.110893
249.0,33,5859.754412
249.0,33,5860.39433
249.0,33,5861.042992
249.0,33,5861.730522
249.0,33,5862.383402
249.0,33,5862.891923
249.0,33,5863.426907
249.0,33,5864.039861
249.0,33,5864.721298
249.0,33,5865.406764
249.0,33,5866.023003
249.0,33,5866.546341
249.0,33,5867.203844
249.0,33,5867.828427
249.0,33,5868.433377
249.0,33,5869.005919
249.0,33,5869.700291
249.0,33,5870.294646
249.0,33,5870.954799
249.0,33,5871.586389
249.0,33,5872.291054
249.0,33,5872.826383
249.0,33,5873.489592
249.0,33,5874.146212
249.0,33,5874.810841
249.0,33,5875.41466
249.0,33,5876.005961
249.0,33,5876.727428
249.0,33,5877.363335
249.0,33,5878.00205
249.0,33,5878.590411
249.0,33,5879.314859
249.0,33,5879.918408
249.0,33,5880.603187
249.0,33,5881.18503
249.0,33,5881.914497
249.0,33,5882.5494
249.0,33,5883.084118
249.0,33,5883.71893
249.0,33,5884.523786
249.0,33,5885.141819
249.0,33,5885.675815
249.0,33,5886.298225
249.0,33,5887.07881
249.0,33,5887.801848
249.0,33,5888.418414
249.0,33,5889.019722
249.0,33,5889.827524
249.0,33,5890.44197
249.0,33,5891.001055
249.0,33,5891.587106
249.0,33,5892.292039
249.0,33,5892.935867
249.0,33,5893.556303
249.0,33,5894.195628
249.0,33,5894.883247
249.0,33,5895.569161
249.0,33,5896.129051
249.0,33,5896.830928
249.0,33,5897.546416
249.0,33,5898.160789
249.0,33,5898.866085
249.0,33,5899.645071
249.0,33,5900.345998
249.0,33,5901.039158
249.0,33,5901.612267
249.0,33,5902.382643
249.0,33,5903.002902
249.0,33,5903.599214
249.0,33,5904.131061
249.0,33,5904.792528
249.0,33,5905.355414
249.0,33,5906.102265
249.0,33,5906.658401
249.0,33,5907.292956
249.0,33,5907.966451
249.0,33,5908.672395
249.0,33,5909.334963
249.0,33,5910.10892
249.0,33,5910.728467
249.0,33,5911.354619
249.0,33,5911.947098
249.0,33,5912.67386
249.0,33,5913.256809
249.0,33,5913.887678
249.0,33,5914.47707
249.0,33,5915.191211
249.0,33,5915.7854
249.0,33,5916.375615
249.0,33,5917.094576
249.0,33,5917.797072
249.0,33,5918.466872
249.0,33,5919.108047
249.0,33,5919.918891
249.0,33,5920.526695
249.0,33,5921.200811
249.0,33,5921.773552
249.0,33,5922.456594
249.0,33,5923.064709
249.0,33,5923.655387
249.0,33,5924.246146
249.0,33,5924.903885
249.0,33,5925.457747
249.0,33,5926.067927
249.0,33,5926.654399
249.0,33,5927.289322
249.0,33,5927.800589
249.0,33,5928.403595
249.0,33,5928.972773
249.0,33,5929.656983
249.0,33,5930.251345
249.0,33,5930.806364
249.0,33,5931.404222
249.0,33,5932.03903
249.0,33,5932.629567
249.0,33,5933.261176
249.0,33,5933.82901
249.0,33,5934.431691
249.0,33,5935.006261
249.0,33,5935.539388
249.0,33,5936.270105
249.0,33,5936.825424
249.0,33,5937.359154
249.0,33,5937.950954
249.0,33,5938.583378
249.0,33,5939.142742
249.0,33,5939.678348
249.0,33,5940.28223
249.0,33,5940.952688
249.0,33,5941.585301
249.0,33,5942.134409
249.0,33,5942.672404
249.0,33,5943.343279
249.0,33,5943.908069
249.0,33,5944.424339
249.0,33,5944.959644
249.0,33,5945.642378
249.0,33,5946.153531
249.0,33,5946.796239
249.0,33,5947.393302
249.0,33,5948.032724
249.0,33,5948.545832
249.0,33,5949.091616
249.0,33,5949.694637
249.0,33,5950.330559
249.0,33,5950.825339
249.0,33,5951.340969
249.0,33,5951.858651
249.0,33,5952.494398
249.0,33,5953.085599
249.0,33,5953.673979
249.0,33,5954.177242
249.0,33,5954.73899
249.0,33,5955.203121
249.0,33,5955.69507
249.0,33,5956.346336
249.0,33,5956.8711
249.0,33,5957.417302
249.0,33,5958.052065
249.0,33,5958.673563
249.0,33,5959.303107
249.0,33,5959.779141
249.0,33,5960.251843
249.0,33,5960.855807
249.0,33,5961.437027
249.0,33,5962.023542
249.0,33,5962.661368
249.0,33,5963.331298
249.0,33,5963.966793
249.0,33,5964.588552
249.0,33,5965.189198
249.0,33,5965.856833
249.0,33,5966.38296
249.0,33,5966.948087
249.0,33,5967.540351
249.0,33,5968.291697
249.0,33,5968.890468
249.0,33,5969.536977
249.0,33,5970.138473
249.0,33,5970.976398
249.0,33,5971.588529
249.0,33,5972.199221
249.0,33,5972.733409
249.0,33,5973.289916
249.0,33,5973.834579
249.0,33,5974.392088
249.0,33,5975.027883
249.0,33,5975.667068
249.0,33,5976.262869
249.0,33,5976.827502
249.0,33,5977.462729
249.0,33,5978.13075
249.0,33,5978.731467
249.0,33,5979.389317
249.0,33,5980.043193
249.0,33,5980.577312
249.0,33,5981.066807
249.0,33,5981.578112
249.0,33,5982.190865
249.0,33,5982.712193
249.0,33,5983.268757
249.0,33,5983.827274
249.0,33,5984.443903
249.0,33,5985.032915
249.0,33,5985.569045
249.0,33,5986.111588
249.0,33,5986.813704
249.0,33,5987.345132
249.0,33,5987.88499
249.0,33,5988.404891
249.0,33,5989.121391
249.0,33,5989.734072
249.0,33,5990.266723
249.0,33,5990.831282
249.0,33,5993.134595
249.0,33,5993.673211
249.0,33,5994.221797
249.0,33,5994.834688
249.0,33,5995.384507
249.0,33,5995.900447
249.0,33,5996.446224
249.0,33,5997.107773
249.0,33,5997.65953
249.0,33,5998.154856
249.0,33,5998.681503
249.0,33,5999.3946
249.0,33,5999.995152
249.0,33,6000.495193
249.0,33,6001.098408
249.0,33,6001.717407
249.0,33,6002.268765
249.0,33,6002.938103
249.0,33,6003.564906
249.0,33,6004.29595
249.0,33,6004.98881
249.0,33,6005.555319
249.0,33,6006.175107
249.0,33,6006.810409
249.0,33,6007.336265
249.0,33,6007.922799
249.0,33,6008.44682
249.0,33,6009.07484
249.0,33,6009.574853
249.0,33,6010.083874
249.0,33,6010.583289
249.0,33,6011.20961
249.0,33,6011.680794
249.0,33,6012.191725
249.0,33,6012.815377
249.0,33,6013.324598
249.0,33,6013.826751
249.0,33,6014.325471
249.0,33,6014.934906
249.0,33,6015.512357
249.0,33,6016.058472
249.0,33,6016.609751
249.0,33,6017.236201
249.0,33,6017.858296
249.0,33,6018.448833
249.0,33,6019.052734
249.0,33,6019.71791
249.0,33,6020.319346
249.0,33,6020.871333
249.0,33,6021.453706
249.0,33,6022.104926
249.0,33,6022.712684
249.0,33,6023.301056
249.0,33,6023.777317
249.0,33,6024.414441
249.0,33,6024.930625
249.0,33,6025.459707
249.0,33,6025.951294
249.0,33,6026.662311
249.0,33,6027.200509
249.0,33,6027.760916
249.0,33,6028.284062
249.0,33,6028.899071
249.0,33,6029.593854
249.0,33,6030.206636
249.0,33,6030.768969
249.0,33,6031.433038
249.0,33,6032.116735
249.0,33,6032.719069
249.0,33,6033.458094
249.0,33,6034.081346
249.0,33,6034.629338
249.0,33,6035.116489
249.0,33,6035.850866
249.0,33,6036.387661
249.0,33,6036.882442
249.0,33,6037.366053
249.0,33,6038.03368
249.0,33,6038.626129
249.0,33,6039.084407
249.0,33,6039.593428
249.0,33,6040.317781
249.0,33,6040.827974
249.0,33,6041.360039
249.0,33,6041.934531
249.0,33,6042.633864
249.0,33,6043.196854
249.0,33,6043.77683
249.0,33,6044.406939
249.0,33,6045.033228
249.0,33,6045.547384
249.0,33,6046.105409
249.0,33,6046.6546
249.0,33,6047.292431
249.0,33,6047.835651
249.0,33,6048.412976
249.0,33,6048.929297
249.0,33,6049.589278
249.0,33,6050.122373
249.0,33,6050.668629
249.0,33,6051.26894
249.0,33,6051.820153
249.0,33,6052.370639
249.0,33,6052.842412
249.0,33,6053.525188
249.0,33,6054.100559
249.0,33,6054.60414
249.0,33,6055.240638
249.0,33,6055.956619
249.0,33,6056.4914
249.0,33,6057.050886
249.0,33,6057.597775
249.0,33,6058.275494
249.0,33,6058.82316
249.0,33,6059.389422
249.0,33,6059.925354
249.0,33,6060.568943
249.0,33,6061.071463
249.0,33,6061.587517
249.0,33,6062.141471
249.0,33,6062.739053
249.0,33,6063.257501
249.0,33,6063.74706
249.0,33,6064.262862
249.0,33,6064.848264
249.0,33,6065.378545
249.0,33,6065.874469
249.0,33,6066.433651
249.0,33,6067.026034
249.0,33,6067.544299
249.0,33,6068.082225
249.0,33,6068.720696
249.0,33,6069.219302
249.0,33,6069.843483
249.0,33,6070.384437
249.0,33,6071.050851
249.0,33,6071.584457
249.0,33,6072.111573
249.0,33,6072.627741
249.0,33,6073.278244
249.0,33,6073.794676
249.0,33,6074.411715
249.0,33,6075.054041
249.0,33,6075.763534
249.0,33,6076.32732
249.0,33,6076.927142
249.0,33,6077.483249
249.0,33,6078.097514
249.0,33,6078.695796
249.0,33,6079.340601
249.0,33,6079.936957
249.0,33,6080.638256
249.0,33,6081.271713
249.0,33,6081.879091
249.0,33,6082.413864
249.0,33,6083.014255
249.0,33,6083.596778
249.0,33,6084.18085
249.0,33,6084.787273
249.0,33,6085.439628
249.0,33,6086.064464
249.0,33,6086.606096
249.0,33,6087.205964
249.0,33,6087.85383
249.0,33,6088.340498
249.0,33,6088.860873
249.0,33,6089.448998
249.0,33,6089.973842
249.0,33,6090.542431
249.0,33,6091.098469
249.0,33,6091.817089
249.0,33,6092.392313
249.0,33,6092.94196
249.0,33,6093.408612
249.0,33,6094.019801
249.0,33,6094.570941
249.0,33,6095.200801
249.0,33,6095.827587
249.0,33,6096.474931
249.0,33,6097.014074
249.0,33,6097.6104
249.0,33,6098.09833
249.0,33,6098.782295
249.0,33,6099.2675
249.0,33,6099.776061
249.0,33,6100.285718
249.0,33,6100.894002
249.0,33,6101.44639
249.0,33,6101.950824
249.0,33,6102.527742
249.0,33,6103.24997
249.0,33,6103.873283
249.0,33,6104.395574
249.0,33,6104.963951
249.0,33,6105.582771
249.0,33,6106.115824
249.0,33,6106.648173
249.0,33,6107.248062
249.0,33,6107.799506
249.0,33,6108.361282
249.0,33,6108.895514
249.0,33,6109.499597
249.0,33,6110.039528
249.0,33,6110.553943
249.0,33,6111.051935
249.0,33,6111.637702
249.0,33,6112.132951
249.0,33,6112.613152
249.0,33,6113.059535
249.0,33,6113.612751
249.0,33,6114.140523
249.0,33,6114.686525
249.0,33,6115.335851
249.0,33,6116.152347
249.0,33,6116.769965
249.0,33,6117.344977
249.0,33,6117.971304
249.0,33,6118.654258
249.0,33,6119.290085
249.0,33,6119.958917
249.0,33,6120.484288
249.0,33,6121.22075
249.0,33,6121.829623
249.0,33,6122.497231
249.0,33,6123.0676
249.0,33,6123.662549
249.0,33,6124.272526
249.0,33,6124.844704
249.0,33,6125.552372
249.0,33,6126.04154
249.0,33,6126.628964
249.0,33,6127.183294
249.0,33,6127.842735
249.0,33,6128.49461
249.0,33,6129.137062
249.0,33,6129.731114
249.0,33,6130.437309
249.0,33,6131.015179
249.0,33,6131.632635
249.0,33,6132.313523
249.0,33,6132.953761
249.0,33,6133.565971
249.0,33,6134.144756
249.0,33,6134.689582
249.0,33,6135.370944
249.0,33,6135.92926
249.0,33,6136.456393
249.0,33,6136.973275
249.0,33,6137.599896
249.0,33,6138.108784
249.0,33,6138.67526
249.0,33,6139.175216
249.0,33,6139.904443
249.0,33,6140.531786
249.0,33,6141.20638
249.0,33,6141.873375
249.0,33,6142.530594
249.0,33,6143.075598
249.0,33,6143.618463
249.0,33,6144.390112
249.0,33,6144.998354
249.0,33,6145.632673
249.0,33,6146.323084
249.0,33,6147.042841
249.0,33,6147.592699
249.0,33,6148.239614
249.0,33,6148.88736
249.0,33,6149.605835
249.0,33,6150.096879
249.0,33,6150.627149
249.0,33,6151.093111
249.0,33,6151.77234
249.0,33,6152.287041
249.0,33,6152.780778
249.0,33,6153.276123
249.0,33,6153.907016
249.0,33,6154.422787
249.0,33,6155.013817
249.0,33,6155.596689
249.0,33,6156.263539
249.0,33,6156.797284
249.0,33,6157.366453
249.0,33,6157.891325
249.0,33,6158.837872
249.0,33,6159.431421
249.0,33,6160.079771
249.0,33,6160.655465
249.0,33,6161.265347
249.0,33,6161.879648
249.0,33,6162.417564
249.0,33,6163.028364
249.0,33,6163.581593
249.0,33,6164.048835
249.0,33,6164.675228
249.0,33,6165.289573
249.0,33,6165.791549
249.0,33,6166.353141
249.0,33,6166.891367
249.0,33,6167.525656
249.0,33,6168.08221
249.0,33,6168.596095
249.0,33,6169.196846
249.0,33,6169.922047
249.0,33,6170.570349
249.0,33,6171.162943
249.0,33,6171.74534
249.0,33,6172.400578
249.0,33,6172.93621
249.0,33,6173.436297
249.0,33,6173.967602
249.0,33,6174.696403
249.0,33,6175.221687
249.0,33,6175.759367
249.0,33,6176.305373
249.0,33,6177.056733
249.0,33,6177.642913
249.0,33,6178.181705
249.0,33,6178.679882
249.0,33,6179.371323
249.0,33,6179.94964
249.0,33,6180.559997
249.0,33,6181.163345
249.0,33,6181.817126
249.0,33,6182.335619
249.0,33,6182.844709
249.0,33,6183.447962
249.0,33,6184.05703
249.0,33,6184.61308
249.0,33,6185.183859
249.0,33,6185.815367
249.0,33,6186.374901
249.0,33,6186.901369
249.0,33,6187.40928
249.0,33,6188.075454
249.0,33,6188.704767
249.0,33,6189.331662
249.0,33,6189.937178
249.0,33,6190.539782
249.0,33,6191.100838
249.0,33,6191.658441
249.0,33,6192.200072
249.0,33,6192.843041
249.0,33,6193.390394
249.0,33,6193.904746
249.0,33,6194.535761
249.0,33,6195.219952
249.0,33,6195.735031
249.0,33,6196.350997
249.0,33,6196.882723
249.0,33,6197.522788
249.0,33,6198.066807
249.0,33,6198.664083
249.0,33,6199.223656
249.0,33,6199.888453
249.0,33,6200.378249
249.0,33,6200.909895
249.0,33,6201.563691
249.0,33,6202.147525
249.0,33,6202.67442
249.0,33,6203.229179
249.0,33,6203.88457
249.0,33,6204.402176
249.0,33,6204.929928
249.0,33,6205.480216
249.0,33,6206.146805
249.0,33,6206.682972
249.0,33,6207.221875
249.0,33,6207.800084
249.0,33,6208.474363
249.0,33,6208.977396
249.0,33,6209.530723
249.0,33,6210.048219
249.0,33,6210.809964
249.0,33,6211.318484
249.0,33,6211.846283
249.0,33,6212.364349
249.0,33,6213.057346
249.0,33,6213.585638
249.0,33,6214.173212
249.0,33,6214.789135
249.0,33,6215.60185
249.0,33,6216.127117
249.0,33,6216.613051
249.0,33,6217.201318
249.0,33,6217.832191
249.0,33,6218.379067
249.0,33,6219.014806
249.0,33,6219.61639
249.0,33,6220.180694
249.0,33,6220.693923
249.0,33,6221.231947
249.0,33,6221.905252
249.0,33,6222.425344
249.0,33,6222.92877
249.0,33,6223.410362
249.0,33,6224.000109
249.0,33,6224.545346
249.0,33,6225.08183
249.0,33,6225.634379
249.0,33,6226.229584
249.0,33,6226.801846
249.0,33,6227.314784
249.0,33,6227.874677
249.0,33,6228.559554
249.0,33,6229.190676
249.0,33,6229.691852
249.0,33,6230.240171
249.0,33,6230.853562
249.0,33,6231.527293
249.0,33,6232.049891
249.0,33,6232.580661
249.0,33,6233.196962
249.0,33,6233.730049
249.0,33,6234.28698
249.0,33,6234.854646
249.0,33,6235.478247
249.0,33,6235.981889
249.0,33,6236.488563
249.0,33,6237.130912
249.0,33,6237.64848
249.0,33,6238.205003
249.0,33,6238.724875
249.0,33,6239.438099
249.0,33,6239.986151
249.0,33,6240.528075
249.0,33,6241.033932
249.0,33,6241.649405
249.0,33,6242.272614
249.0,33,6242.8393
249.0,33,6243.391059
249.0,33,6244.033225
249.0,33,6244.601985
249.0,33,6245.211571
249.0,33,6245.768717
249.0,33,6246.486168
249.0,33,6247.073158
249.0,33,6247.72415
249.0,33,6248.332224
249.0,33,6249.06361
249.0,33,6249.643784
249.0,33,6250.154543
249.0,33,6250.74489
249.0,33,6251.476284
249.0,33,6252.114802
249.0,33,6252.774339
249.0,33,6253.590165
249.0,33,6254.199091
249.0,33,6254.770406
249.0,33,6255.30875
249.0,33,6255.98271
249.0,33,6256.658921
249.0,33,6257.152626
249.0,33,6257.636157
249.0,33,6258.187645
249.0,33,6258.703379
249.0,33,6259.246006
249.0,33,6259.927505
249.0,33,6260.500018
249.0,33,6261.081322
249.0,33,6261.678842
249.0,33,6262.264541
249.0,33,6262.847678
249.0,33,6263.352707
249.0,33,6263.944982
249.0,33,6264.647547
249.0,33,6265.243222
249.0,33,6265.821636
249.0,33,6266.334075
249.0,33,6266.868069
249.0,33,6267.591158
249.0,33,6268.251688
249.0,33,6268.84957
249.0,33,6269.406002
249.0,33,6270.114856
249.0,33,6270.64875
249.0,33,6271.208226
249.0,33,6271.704967
249.0,33,6272.416239
249.0,33,6273.02099
249.0,33,6273.620012
249.0,33,6274.240157
249.0,33,6274.845571
249.0,33,6275.395671
249.0,33,6275.913693
249.0,33,6276.59622
249.0,33,6277.104521
249.0,33,6277.787132
249.0,33,6278.377682
249.0,33,6279.061772
249.0,33,6279.979927
249.0,33,6280.67768
249.0,33,6281.261791
249.0,33,6282.066742
249.0,33,6282.667978
249.0,33,6283.419259
249.0,33,6284.023761
249.0,33,6284.797709
249.0,33,6285.301731
249.0,33,6285.767863
249.0,33,6286.276836
249.0,33,6286.88655
249.0,33,6287.3742
249.0,33,6287.850051
249.0,33,6288.500569
249.0,33,6289.134454
249.0,33,6289.667848
249.0,33,6290.268439
249.0,33,6290.938727
249.0,33,6291.584739
249.0,33,6292.134609
249.0,33,6292.63233
249.0,33,6293.121166
249.0,33,6293.688629
249.0,33,6294.296607
249.0,33,6294.855668
249.0,33,6295.564874
249.0,33,6296.146923
249.0,33,6296.688396
249.0,33,6297.250603
249.0,33,6297.911061
249.0,33,6298.515506
249.0,33,6299.214686
249.0,33,6299.847251
249.0,33,6300.624206
249.0,33,6301.186378
249.0,33,6301.864007
249.0,33,6302.496136
249.0,33,6303.108756
249.0,33,6303.804672
249.0,33,6304.43272
249.0,33,6305.002378
249.0,33,6305.746991
249.0,33,6306.327164
249.0,33,6306.979023
249.0,33,6307.516788
249.0,33,6308.105203
249.0,33,6308.6462
249.0,33,6309.240375
249.0,33,6309.706725
249.0,33,6310.46654
249.0,33,6311.105449
249.0,33,6311.655213
249.0,33,6312.199358
249.0,33,6312.815463
249.0,33,6313.387588
249.0,33,6313.981494
249.0,33,6314.68172
249.0,33,6315.26748
249.0,33,6315.882617
249.0,33,6316.394614
249.0,33,6317.047293
249.0,33,6317.702497
249.0,33,6318.343172
249.0,33,6319.040137
249.0,33,6319.707809
249.0,33,6320.299284
249.0,33,6320.841465
249.0,33,6321.507627
249.0,33,6322.153378
249.0,33,6322.749411
249.0,33,6323.238129
249.0,33,6323.786746
249.0,33,6324.388203
249.0,33,6324.92878
249.0,33,6325.48095
249.0,33,6326.024778
249.0,33,6326.672338
249.0,33,6327.188361
249.0,33,6327.730788
249.0,33,6328.373435
249.0,33,6329.06881
249.0,33,6329.611249
249.0,33,6330.220286
249.0,33,6330.75202
249.0,33,6331.504249
249.0,33,6332.182032
249.0,33,6332.789091
249.0,33,6333.296798
249.0,33,6334.036155
249.0,33,6334.645887
249.0,33,6335.164896
249.0,33,6335.937155
249.0,33,6336.545051
249.0,33,6337.106711
249.0,33,6337.62877
249.0,33,6338.482946
249.0,33,6339.077281
249.0,33,6339.760917
249.0,33,6340.309714
249.0,33,6340.981337
249.0,33,6341.622714
249.0,33,6342.209948
249.0,33,6342.867934
249.0,33,6343.622683
249.0,33,6344.102105
249.0,33,6344.604074
249.0,33,6345.134533
249.0,33,6345.845322
249.0,33,6346.423769
249.0,33,6347.06939
249.0,33,6347.603328
249.0,33,6348.375484
249.0,33,6349.136938
249.0,33,6349.756394
249.0,33,6350.298375
249.0,33,6350.879339
249.0,33,6351.568793
249.0,33,6352.196718
249.0,33,6352.787229
249.0,33,6353.442769
249.0,33,6354.112953
249.0,33,6354.714873
249.0,33,6355.408424
249.0,33,6356.012902
249.0,33,6356.562905
249.0,33,6357.124027
249.0,33,6357.827599
249.0,33,6358.412336
249.0,33,6359.041919
249.0,33,6359.580914
249.0,33,6360.239574
249.0,33,6360.782255
249.0,33,6361.353252
249.0,33,6362.021229
249.0,33,6362.713051
249.0,33,6363.310426
249.0,33,6363.914367
249.0,33,6364.527291
249.0,33,6365.301863
249.0,33,6365.960269
249.0,33,6366.543778
249.0,33,6367.147893
249.0,33,6367.824621
249.0,33,6368.397071
249.0,33,6368.912451
249.0,33,6369.513063
249.0,33,6370.255421
249.0,33,6370.854817
249.0,33,6371.629269
249.0,33,6372.361301
249.0,33,6373.114378
249.0,33,6373.764322
249.0,33,6374.287794
249.0,33,6374.999399
249.0,33,6375.650865
249.0,33,6376.524773
249.0,33,6377.047722
249.0,33,6377.7114
249.0,33,6378.330398
249.0,33,6378.969254
249.0,33,6379.688924
249.0,33,6380.504486
249.0,33,6381.059921
249.0,33,6381.603288
249.0,33,6382.165283
249.0,33,6382.785007
249.0,33,6383.440614
249.0,33,6383.988443
249.0,33,6384.623201
249.0,33,6385.250512
249.0,33,6385.850405
249.0,33,6386.430852
249.0,33,6387.021624
249.0,33,6387.656459
249.0,33,6388.31638
249.0,33,6388.945573
249.0,33,6389.613711
249.0,33,6390.369712
249.0,33,6390.983257
249.0,33,6391.505408
249.0,33,6392.058677
249.0,33,6392.691032
249.0,33,6393.252467
249.0,33,6393.785649
249.0,33,6394.499366
249.0,33,6395.183957
249.0,33,6395.694655
249.0,33,6396.232136
249.0,33,6396.94378
249.0,33,6397.608269
249.0,33,6398.21433
249.0,33,6398.729535
249.0,33,6399.361959
249.0,33,6399.996762
249.0,33,6400.62652
249.0,33,6401.174018
249.0,33,6401.934036
249.0,33,6402.584452
249.0,33,6403.183918
249.0,33,6403.797611
249.0,33,6404.480364
249.0,33,6405.064254
249.0,33,6405.658009
249.0,33,6406.20213
249.0,33,6406.852952
249.0,33,6407.382277
249.0,33,6408.000302
249.0,33,6408.537296
249.0,33,6409.230635
249.0,33,6409.768306
249.0,33,6410.410329
249.0,33,6411.117597
249.0,33,6411.886508
249.0,33,6412.526247
249.0,33,6413.140477
249.0,33,6413.769598
249.0,33,6414.702358
249.0,33,6415.307628
249.0,33,6416.041627
249.0,33,6416.878428
249.0,33,6417.460866
249.0,33,6418.064504
249.0,33,6418.628724
249.0,33,6419.425972
249.0,33,6420.037058
249.0,33,6420.562618
249.0,33,6421.213827
249.0,33,6421.958555
249.0,33,6422.514607
249.0,33,6423.140599
249.0,33,6423.750432
249.0,33,6424.478546
249.0,33,6425.061484
249.0,33,6425.736444
249.0,33,6426.366404
249.0,33,6427.019059
249.0,33,6427.572704
249.0,33,6428.159327
249.0,33,6428.779467
249.0,33,6429.43172
249.0,33,6430.051857
249.0,33,6430.550839
249.0,33,6431.048695
249.0,33,6431.673701
249.0,33,6432.315911
249.0,33,6433.04215
249.0,33,6433.734023
249.0,33,6434.351174
249.0,33,6434.861721
249.0,33,6435.431256
249.0,33,6436.076921
249.0,33,6436.661398
249.0,33,6437.29217
249.0,33,6437.905971
249.0,33,6438.653663
249.0,33,6439.256634
249.0,33,6439.874029
249.0,33,6440.423148
249.0,33,6441.08946
249.0,33,6441.653128
249.0,33,6442.233928
249.0,33,6442.843363
249.0,33,6443.489335
249.0,33,6444.092873
249.0,33,6444.638268
249.0,33,6445.173784
249.0,33,6445.73591
249.0,33,6446.307387
249.0,33,6446.944634
249.0,33,6447.607353
249.0,33,6448.338822
249.0,33,6448.966781
249.0,33,6449.543269
249.0,33,6450.147103
249.0,33,6450.848171
249.0,33,6451.388199
249.0,33,6451.993549
249.0,33,6452.644621
249.0,33,6453.450991
249.0,33,6454.109093
249.0,33,6454.689156
249.0,33,6455.439387
249.0,33,6455.966154
249.0,33,6456.52065
249.0,33,6457.12358
249.0,33,6457.892609
249.0,33,6458.581587
249.0,33,6459.224077
249.0,33,6459.953659
249.0,33,6460.66269
249.0,33,6461.242938
249.0,33,6461.750956
249.0,33,6462.33245
249.0,33,6463.042838
249.0,33,6463.672608
249.0,33,6464.20607
249.0,33,6464.76014
249.0,33,6465.390692
249.0,33,6465.982123
249.0,33,6466.567595
249.0,33,6467.123884
249.0,33,6467.708146
249.0,33,6468.232806
249.0,33,6468.842989
249.0,33,6469.390484
249.0,33,6470.059293
249.0,33,6470.731566
249.0,33,6471.344968
249.0,33,6471.928975
249.0,33,6472.657632
249.0,33,6473.226026
249.0,33,6473.865986
249.0,33,6474.77127
249.0,33,6475.369267
249.0,33,6476.018226
249.0,33,6476.688293
249.0,33,6477.4275
249.0,33,6477.927896
249.0,33,6478.447068
249.0,33,6479.054963
249.0,33,6479.786341
249.0,33,6480.38799
249.0,33,6481.006493
249.0,33,6481.581565
249.0,33,6482.260668
249.0,33,6482.823849
249.0,33,6483.415899
249.0,33,6484.147506
249.0,33,6485.131856
249.0,33,6485.822707
249.0,33,6486.509604
249.0,33,6487.151232
249.0,33,6487.887761
249.0,33,6488.817601
249.0,33,6489.375247
249.0,33,6490.009678
249.0,33,6490.673291
249.0,33,6491.402377
249.0,33,6492.182674
249.0,33,6492.778593
249.0,33,6493.81367
249.0,33,6494.603119
249.0,33,6495.38989
249.0,33,6496.294468
249.0,33,6497.126171
249.0,33,6497.955385
249.0,33,6498.640881
249.0,33,6499.379734
249.0,33,6500.058749
249.0,33,6500.645716
249.0,33,6501.357529
249.0,33,6502.071937
249.0,33,6502.912612
249.0,33,6503.520581
249.0,33,6504.119718
249.0,33,6505.106843
249.0,33,6506.028407
249.0,33,6506.753413
249.0,33,6507.770512
249.0,33,6508.753555
249.0,33,6509.786523
249.0,33,6510.444058
249.0,33,6511.247555
249.0,33,6512.215214
249.0,33,6512.89891
249.0,33,6513.788319
249.0,33,6514.346638
249.0,33,6515.235684
249.0,33,6516.022806
249.0,33,6516.96478
249.0,33,6517.663377
249.0,33,6518.37439
249.0,33,6518.993522
249.0,33,6519.612254
249.0,33,6520.247405
249.0,33,6521.082076
249.0,33,6522.017678
249.0,33,6523.020718
249.0,33,6524.093858
249.0,33,6524.992348
249.0,33,6525.638436
249.0,33,6526.306681
249.0,33,6527.283105
249.0,33,6528.150882
249.0,33,6528.889603
249.0,33,6529.768063
249.0,33,6530.674742
249.0,33,6531.343866
249.0,33,6532.131279
249.0,33,6533.143318
249.0,33,6534.146359
249.0,33,6534.984464
249.0,33,6535.841961
249.0,33,6536.726042
249.0,33,6537.634013
249.0,33,6538.421063
249.0,33,6538.951571
249.0,33,6539.736271
249.0,33,6540.510959
249.0,33,6541.572746
249.0,33,6542.170258
249.0,33,6543.03243
249.0,33,6543.895702
249.0,33,6544.756041
249.0,33,6545.475218
249.0,33,6546.463286
249.0,33,6547.213899
249.0,33,6547.836493
249.0,33,6548.786613
249.0,33,6549.567271
249.0,33,6550.38777
249.0,33,6551.218087
249.0,33,6551.805135
249.0,33,6552.591947
249.0,33,6553.504534
249.0,33,6554.364482
249.0,33,6555.232613
249.0,33,6556.116467
249.0,33,6557.329111
249.0,33,6558.114074
249.0,33,6558.93479
249.0,33,6559.800229
249.0,33,6560.677171
249.0,33,6561.669539
249.0,33,6562.443711
249.0,33,6563.292211
249.0,33,6564.05487
249.0,33,6565.007319
249.0,33,6565.76786
249.0,33,6566.517791
249.0,33,6567.228432
249.0,33,6568.135465
249.0,33,6568.970879
249.0,33,6569.946503
249.0,33,6570.933152
249.0,33,6571.785768
249.0,33,6572.560231
249.0,33,6573.378356
249.0,33,6574.172949
249.0,33,6574.95368
249.0,33,6575.747265
249.0,33,6576.495582
249.0,33,6577.368661
249.0,33,6578.181171
249.0,33,6579.001215
249.0,33,6579.619157
249.0,33,6580.361398
249.0,33,6581.124232
249.0,33,6582.041062
249.0,33,6582.75955
249.0,33,6583.496368
249.0,33,6584.498342
249.0,33,6585.428078
249.0,33,6586.150908
249.0,33,6586.965991
249.0,33,6587.698159
249.0,33,6588.464424
249.0,33,6589.362814
249.0,33,6590.224238
249.0,33,6591.107936
249.0,33,6592.228399
249.0,33,6593.056561
249.0,33,6593.918669
249.0,33,6594.709871
249.0,33,6595.72747
249.0,33,6596.419172
249.0,33,6597.389541
249.0,33,6598.247326
249.0,33,6599.016932
249.0,33,6599.636837
249.0,33,6600.480799
249.0,33,6601.272352
249.0,33,6602.369715
249.0,33,6603.059082
249.0,33,6603.790762
249.0,33,6604.627387
249.0,33,6605.291102
249.0,33,6606.156186
249.0,33,6606.898722
249.0,33,6607.873469
249.0,33,6608.653713
249.0,33,6609.302016
249.0,33,6610.204558
249.0,33,6611.328542
249.0,33,6612.139063
249.0,33,6612.758058
249.0,33,6613.773123
249.0,33,6614.812216
249.0,33,6615.750065
249.0,33,6616.391968
249.0,33,6617.150889
249.0,33,6617.964168
249.0,33,6618.79237
249.0,33,6619.580925
249.0,33,6620.57678
249.0,33,6621.431417
249.0,33,6622.111984
249.0,33,6623.032611
249.0,33,6623.687179
249.0,33,6624.517469
249.0,33,6625.181658
249.0,33,6626.010754
249.0,33,6626.930246
249.0,33,6627.803399
249.0,33,6628.64243
249.0,33,6629.298326
249.0,33,6630.276387
249.0,33,6630.954968
249.0,33,6631.737035
249.0,33,6632.450461
249.0,33,6633.752696
249.0,33,6634.512077
249.0,33,6635.26007
249.0,33,6635.861966
249.0,33,6636.693645
249.0,33,6637.514032
249.0,33,6638.064078
249.0,33,6638.892742
249.0,33,6639.628285
249.0,33,6640.371796
249.0,33,6641.270339
249.0,33,6642.030482
249.0,33,6642.84708
249.0,33,6643.783422
249.0,33,6644.590465
249.0,33,6645.317127
249.0,33,6646.084398
249.0,33,6646.834927
249.0,33,6647.64461
249.0,33,6648.747513
249.0,33,6649.553518
249.0,33,6650.472932
249.0,33,6651.269082
249.0,33,6652.221076
249.0,33,6653.110484
249.0,33,6654.257787
249.0,33,6655.04593
249.0,33,6655.853674
249.0,33,6656.694909
249.0,33,6657.618504
249.0,33,6658.446397
249.0,33,6659.234966
249.0,33,6659.956468
249.0,33,6660.762635
249.0,33,6661.524915
249.0,33,6662.498539
249.0,33,6663.291764
249.0,33,6664.165901
249.0,33,6664.930035
249.0,33,6665.757295
249.0,33,6666.803514
249.0,33,6667.77565
249.0,33,6668.473827
249.0,33,6669.483271
249.0,33,6670.059502
249.0,33,6670.716404
249.0,33,6671.62583
249.0,33,6672.706971
249.0,33,6673.530379
249.0,33,6674.340453
249.0,33,6675.275515
249.0,33,6676.283528
249.0,33,6677.134977
249.0,33,6678.006345
249.0,33,6679.036327
249.0,33,6680.159962
249.0,33,6681.230287
249.0,33,6682.115285
249.0,33,6683.087697
249.0,33,6683.776367
249.0,33,6684.587369
249.0,33,6685.330429
249.0,33,6685.957462
249.0,33,6686.582136
249.0,33,6687.318604
249.0,33,6688.048369
249.0,33,6688.793031
249.0,33,6689.491202
249.0,33,6690.242294
249.0,33,6691.150238
249.0,33,6692.168083
249.0,33,6692.777996
249.0,33,6693.483855
249.0,33,6694.176767
249.0,33,6695.025752
249.0,33,6695.577963
249.0,33,6696.199484
249.0,33,6697.135254
249.0,33,6697.971652
249.0,33,6698.949787
249.0,33,6699.712529
249.0,33,6700.330048
249.0,33,6701.044156
249.0,33,6701.612741
249.0,33,6702.237603
249.0,33,6702.970391
249.0,33,6703.666815
249.0,33,6704.399098
249.0,33,6705.130966
249.0,33,6705.800569
249.0,33,6706.637535
249.0,33,6707.358677
249.0,33,6708.180181
249.0,33,6709.011252
249.0,33,6709.777665
249.0,33,6710.394692
249.0,33,6710.98122
249.0,33,6711.729565
249.0,33,6712.380939
249.0,33,6713.222783
249.0,33,6713.909914
249.0,33,6714.871657
249.0,33,6715.848473
249.0,33,6716.437156
249.0,33,6717.225543
249.0,33,6717.914041
249.0,33,6718.513573
249.0,33,6719.264996
249.0,33,6720.096369
249.0,33,6720.862832
249.0,33,6721.457689
249.0,33,6722.17263
249.0,33,6722.775597
249.0,33,6723.573918
249.0,33,6724.402344
249.0,33,6725.159938
249.0,33,6725.782747
249.0,33,6726.476682
249.0,33,6727.109534
249.0,33,6727.768379
249.0,33,6728.43314
249.0,33,6729.095367
249.0,33,6729.698608
249.0,33,6730.643469
249.0,33,6731.58884
249.0,33,6732.31088
249.0,33,6732.961873
249.0,33,6733.781255
249.0,33,6734.618312
249.0,33,6735.364458
249.0,33,6736.176478
249.0,33,6737.036863
249.0,33,6737.871843
249.0,33,6738.551861
249.0,33,6739.149889
249.0,33,6739.822244
249.0,33,6740.623267
249.0,33,6741.348405
249.0,33,6741.939189
249.0,33,6742.757187
249.0,33,6743.48545
249.0,33,6744.143294
249.0,33,6745.073006
249.0,33,6745.96398
249.0,33,6746.714201
249.0,33,6747.394907
249.0,33,6747.991386
249.0,33,6748.667716
249.0,33,6749.436359
249.0,33,6749.962812
249.0,33,6750.492382
249.0,33,6751.251257
249.0,33,6752.224594
249.0,33,6752.982346
249.0,33,6753.744999
249.0,33,6754.674627
249.0,33,6755.464913
249.0,33,6756.2581
249.0,33,6756.96071
249.0,33,6757.700911
249.0,33,6758.510285
249.0,33,6759.173216
249.0,33,6759.809154
249.0,33,6760.556299
249.0,33,6761.127783
249.0,33,6761.871619
249.0,33,6762.618603
249.0,33,6763.373597
249.0,33,6763.992877
249.0,33,6764.678891
249.0,33,6765.292854
249.0,33,6765.964831
249.0,33,6766.810538
249.0,33,6767.714925
249.0,33,6768.500749
249.0,33,6769.443999
249.0,33,6770.261739
249.0,33,6770.918555
249.0,33,6771.715639
249.0,33,6772.497729
249.0,33,6773.29235
249.0,33,6774.249398
249.0,33,6774.901421
249.0,33,6775.724165
249.0,33,6776.398732
249.0,33,6777.0903
249.0,33,6777.975181
249.0,33,6778.793318
249.0,33,6779.615866
249.0,33,6780.626198
249.0,33,6781.624155
249.0,33,6782.300793
249.0,33,6783.219917
249.0,33,6784.282416
249.0,33,6785.231952
249.0,33,6786.15939
249.0,33,6787.010764
249.0,33,6787.680298
249.0,33,6788.562257
249.0,33,6789.395817
249.0,33,6789.971158
249.0,33,6790.933069
249.0,33,6792.128822
249.0,33,6792.834202
249.0,33,6793.591118
249.0,33,6794.40532
249.0,33,6795.383568
249.0,33,6796.01785
249.0,33,6796.676566
249.0,33,6797.300014
249.0,33,6798.23904
249.0,33,6798.895264
249.0,33,6799.730091
249.0,33,6800.432598
249.0,33,6801.382254
249.0,33,6802.100392
249.0,33,6803.275666
249.0,33,6804.22189
249.0,33,6805.13137
249.0,33,6805.896764
249.0,33,6806.728576
249.0,33,6807.738244
249.0,33,6808.725699
249.0,33,6809.609574
249.0,33,6810.321133
249.0,33,6811.402621
249.0,33,6812.055499
249.0,33,6812.967059
249.0,33,6814.073492
249.0,33,6814.930017
249.0,33,6815.849434
249.0,33,6816.666426
249.0,33,6817.579261
249.0,33,6818.378699
249.0,33,6818.917075
249.0,33,6819.572232
249.0,33,6820.114991
249.0,33,6820.885941
249.0,33,6821.821089
249.0,33,6822.457551
249.0,33,6823.180268
249.0,33,6824.001421
249.0,33,6824.625983
249.0,33,6825.312147
249.0,33,6826.003117
249.0,33,6826.695438
249.0,33,6827.259722
249.0,33,6827.807692
249.0,33,6828.381752
249.0,33,6829.409379
249.0,33,6830.164554
249.0,33,6831.027175
249.0,33,6831.904301
249.0,33,6832.865117
249.0,33,6833.521966
249.0,33,6834.233181
249.0,33,6835.278549
249.0,33,6835.824971
249.0,33,6836.336285
249.0,33,6836.859741
249.0,33,6837.492851
249.0,33,6838.00248
249.0,33,6838.715819
249.0,33,6839.453938
249.0,33,6840.171435
249.0,33,6840.702714
249.0,33,6841.20826
249.0,33,6841.832432
249.0,33,6842.843759
249.0,33,6843.694891
249.0,33,6844.635038
249.0,33,6845.672847
249.0,33,6846.470151
249.0,33,6847.04277
249.0,33,6847.696159
249.0,33,6848.360318
249.0,33,6849.270655
249.0,33,6850.311834
249.0,33,6851.086143
249.0,33,6851.683542
249.0,33,6852.362591
249.0,33,6853.037767
249.0,33,6853.596533
249.0,33,6854.262488
249.0,33,6854.833889
249.0,33,6855.421561
249.0,33,6855.940904
249.0,33,6856.7588
249.0,33,6857.576331
249.0,33,6858.228871
249.0,33,6858.948651
249.0,33,6859.735487
249.0,33,6860.384811
249.0,33,6860.989564
249.0,33,6861.831134
249.0,33,6862.772835
249.0,33,6863.461284
249.0,33,6864.096538
249.0,33,6864.700457
249.0,33,6865.59258
249.0,33,6866.142071
249.0,33,6866.660652
249.0,33,6867.569543
249.0,33,6868.451269
249.0,33,6869.401412
249.0,33,6870.160312
249.0,33,6870.779634
249.0,33,6871.539306
249.0,33,6872.194577
249.0,33,6872.917598
249.0,33,6873.548664
249.0,33,6874.295593
249.0,33,6874.971964
249.0,33,6875.70455
249.0,33,6876.360701
249.0,33,6877.060942
249.0,33,6877.729786
249.0,33,6878.632685
249.0,33,6879.515585
249.0,33,6880.157046
249.0,33,6880.853678
249.0,33,6881.651762
249.0,33,6882.494733
249.0,33,6883.15812
249.0,33,6884.066323
249.0,33,6884.72857
249.0,33,6885.56261
249.0,33,6886.232572
249.0,33,6887.078937
249.0,33,6887.692544
249.0,33,6888.480173
249.0,33,6889.133714
249.0,33,6889.773426
249.0,33,6890.403201
249.0,33,6891.164959
249.0,33,6891.840711
249.0,33,6892.621243
249.0,33,6893.506919
249.0,33,6894.537152
249.0,33,6895.295911
249.0,33,6895.935743
249.0,33,6896.636479
249.0,33,6897.457835
249.0,33,6898.141835
249.0,33,6898.933898
249.0,33,6899.709012
249.0,33,6900.756291
249.0,33,6901.665523
249.0,33,6902.505642
249.0,33,6903.226845
249.0,33,6903.958803
249.0,33,6904.812282
249.0,33,6905.490289
249.0,33,6906.192087
249.0,33,6906.727523
249.0,33,6907.297127
249.0,33,6907.894128
249.0,33,6908.73158
249.0,33,6909.40954
249.0,33,6910.232239
249.0,33,6910.833947
249.0,33,6911.579859
249.0,33,6912.321215
249.0,33,6913.067363
249.0,33,6913.630828
249.0,33,6914.388671
249.0,33,6915.200765
249.0,33,6915.805538
249.0,33,6916.441127
249.0,33,6917.316621
249.0,33,6918.055097
249.0,33,6918.720135
249.0,33,6919.435098
249.0,33,6920.366802
249.0,33,6921.236837
249.0,33,6921.884248
249.0,33,6922.556207
249.0,33,6923.251623
249.0,33,6923.844617
249.0,33,6924.539011
249.0,33,6925.372759
249.0,33,6925.932195
249.0,33,6926.557906
249.0,33,6927.305913
249.0,33,6928.111892
249.0,33,6928.751841
249.0,33,6929.505861
249.0,33,6930.156893
249.0,33,6930.964036
249.0,33,6931.637796
249.0,33,6932.300282
249.0,33,6933.017251
249.0,33,6933.778036
249.0,33,6934.34633
249.0,33,6935.093612
249.0,33,6935.746125
249.0,33,6936.477622
249.0,33,6937.184964
249.0,33,6937.993827
249.0,33,6938.608562
249.0,33,6939.280566
249.0,33,6939.933078
249.0,33,6940.51506
249.0,33,6941.110001
249.0,33,6941.7918
249.0,33,6942.473576
249.0,33,6943.075672
249.0,33,6943.693633
249.0,33,6944.390632
249.0,33,6944.996803
249.0,33,6945.625656
249.0,33,6946.39477
249.0,33,6947.136729
249.0,33,6947.828794
249.0,33,6948.488175
249.0,33,6949.294182
249.0,33,6950.066087
249.0,33,6950.865106
249.0,33,6951.517653
249.0,33,6952.278248
249.0,33,6952.886807
249.0,33,6953.480219
249.0,33,6954.112905
249.0,33,6954.783962
249.0,33,6955.393995
249.0,33,6955.963906
249.0,33,6956.721736
249.0,33,6957.479564
249.0,33,6958.093885
249.0,33,6958.767596
249.0,33,6959.373306
249.0,33,6960.204139
249.0,33,6960.944908
249.0,33,6961.661271
249.0,33,6962.27603
249.0,33,6963.010838
249.0,33,6963.671147
249.0,33,6964.297453
249.0,33,6964.97226
249.0,33,6965.683196
249.0,33,6966.324915
249.0,33,6966.930417
249.0,33,6967.778731
249.0,33,6968.400674
249.0,33,6969.033183
249.0,33,6969.647801
249.0,33,6970.345428
249.0,33,6970.970927
249.0,33,6971.643794
249.0,33,6972.401834
249.0,33,6973.185433
249.0,33,6973.830751
249.0,33,6974.517838
249.0,33,6975.233293
249.0,33,6976.04653
249.0,33,6976.76917
249.0,33,6977.413239
249.0,33,6978.087627
249.0,33,6978.811533
249.0,33,6979.499438
249.0,33,6980.081483
249.0,33,6980.680137
249.0,33,6981.489408
249.0,33,6982.072927
249.0,33,6982.752531
249.0,33,6983.471415
249.0,33,6984.269209
249.0,33,6984.978136
249.0,33,6985.6138
249.0,33,6986.221183
249.0,33,6986.969298
249.0,33,6987.583976
249.0,33,6988.298086
249.0,33,6988.8868
249.0,33,6989.649291
249.0,33,6990.250471
249.0,33,6990.849742
249.0,33,6991.586418
249.0,33,6992.225456
249.0,33,6992.833188
249.0,33,6993.439654
249.0,33,6994.257287
249.0,33,6994.866585
249.0,33,6995.477797
249.0,33,6996.05354
249.0,33,6996.893649
249.0,33,6997.802525
249.0,33,6998.389602
249.0,33,6999.084081
249.0,33,6999.958581
249.0,33,7000.629792
249.0,33,7001.332243
249.0,33,7002.065279
249.0,33,7002.845971
249.0,33,7003.426647
249.0,33,7004.106713
249.0,33,7004.706003
249.0,33,7005.428363
249.0,33,7006.105351
249.0,33,7006.725878
249.0,33,7007.293827
249.0,33,7007.984172
249.0,33,7008.635651
249.0,33,7009.310652
249.0,33,7009.949752
249.0,33,7010.702908
249.0,33,7011.303025
249.0,33,7011.945183
249.0,33,7012.631661
249.0,33,7013.342701
249.0,33,7013.969166
249.0,33,7014.636329
249.0,33,7015.38207
249.0,33,7015.964971
249.0,33,7016.601243
249.0,33,7017.258682
249.0,33,7017.952612
249.0,33,7018.565193
249.0,33,7019.213315
249.0,33,7019.868807
249.0,33,7020.554514
249.0,33,7021.12342
249.0,33,7021.710792
249.0,33,7022.280863
249.0,33,7023.021348
249.0,33,7023.582302
249.0,33,7024.222401
249.0,33,7024.964957
-21.0,2406,7073.661184
249.0,33,7074.253215
249.0,33,7074.95303
249.0,33,7075.631413
249.0,33,7076.350487
249.0,33,7077.188997
249.0,33,7077.89344
249.0,33,7078.559143
249.0,33,7079.265188
249.0,33,7079.997242
249.0,33,7080.596109
249.0,33,7081.161815
249.0,33,7081.85242
249.0,33,7082.590224
249.0,33,7083.221925
249.0,33,7083.807276
249.0,33,7084.451983
249.0,33,7085.266323
249.0,33,7085.936576
249.0,33,7086.639968
249.0,33,7087.351591
249.0,33,7088.130634
249.0,33,7088.86962
249.0,33,7089.584485
249.0,33,7090.434454
249.0,33,7091.351573
249.0,33,7092.071499
249.0,33,7092.797303
249.0,33,7093.542853
249.0,33,7094.449096
249.0,33,7095.160151
249.0,33,7095.840349
249.0,33,7096.408171
249.0,33,7097.180458
249.0,33,7097.874702
249.0,33,7098.726122
249.0,33,7099.470397
249.0,33,7100.404524
249.0,33,7101.038341
249.0,33,7101.732965
249.0,33,7102.724475
249.0,33,7103.463464
249.0,33,7104.249529
249.0,33,7105.345606
249.0,33,7106.072028
249.0,33,7106.765894
249.0,33,7107.617046
249.0,33,7108.620089
249.0,33,7109.498282
249.0,33,7110.144572
249.0,33,7110.780968
249.0,33,7111.492646
249.0,33,7112.203505
249.0,33,7112.801791
249.0,33,7113.516372
249.0,33,7114.20612
249.0,33,7114.877241
249.0,33,7115.682244
249.0,33,7116.457211
249.0,33,7117.127598
249.0,33,7117.952076
249.0,33,7118.619037
249.0,33,7119.388766
249.0,33,7120.40192
249.0,33,7121.242512
249.0,33,7122.108515
543.0,644,7137.06771
607.0,255,7143.191305
249.0,33,7143.797485
249.0,33,7144.68011
249.0,33,7145.671508
249.0,33,7146.522939
249.0,33,7147.28985
249.0,33,7148.187199
249.0,33,7148.916611
249.0,33,7149.736956
249.0,33,7150.44661
249.0,33,7151.195461
249.0,33,7151.859025
249.0,33,7152.707703
249.0,33,7153.59789
621.0,151,7157.240773
601.0,314,7164.518771
619.0,206,7169.041175
603.0,294,7175.059763
609.0,271,7181.656101
249.0,33,7182.333318
249.0,33,7183.001443
249.0,33,7183.564852
249.0,33,7184.223277
249.0,33,7184.926952
249.0,33,7185.580329
249.0,33,7186.249406
249.0,33,7187.118552
249.0,33,7187.664857
249.0,33,7188.322958
249.0,33,7189.192019
249.0,33,7189.973735
249.0,33,7190.615566
633.0,109,7192.741878
249.0,33,7193.430362
267.0,2406,7246.816947
267.0,2406,7300.212729
267.0,2406,7353.606916
140.0,2406,7404.610253
249.0,33,7405.541331
249.0,33,7406.296124
249.0,33,7406.987808
249.0,33,7407.871542
249.0,33,7408.609402
249.0,33,7409.419468
249.0,33,7410.102754
249.0,33,7410.838591
249.0,33,7411.71081
249.0,33,7412.263236
249.0,33,7412.822885
249.0,33,7413.623678
249.0,33,7414.326864
249.0,33,7415.00335
249.0,33,7415.879246
249.0,33,7416.638339
249.0,33,7417.275513
249.0,33,7418.017233
249.0,33,7418.780015
249.0,33,7419.484351
249.0,33,7420.141701
249.0,33,7420.805674
249.0,33,7421.620097
249.0,33,7422.502393
249.0,33,7423.274987
249.0,33,7423.928872
249.0,33,7424.781783
249.0,33,7425.638603
249.0,33,7426.534906
249.0,33,7427.143776
249.0,33,7427.971524
249.0,33,7428.636208
249.0,33,7429.300023
249.0,33,7430.066714
249.0,33,7431.037034
249.0,33,7431.764145
249.0,33,7432.388544
249.0,33,7433.156714
249.0,33,7433.857372
249.0,33,7434.559862
249.0,33,7435.262256
249.0,33,7435.981946
249.0,33,7436.706895
249.0,33,7437.255421
249.0,33,7437.916291
249.0,33,7438.864913
249.0,33,7439.715396
249.0,33,7440.436692
249.0,33,7441.099759
249.0,33,7441.903572
249.0,33,7442.588485
249.0,33,7443.203834
249.0,33,7444.00726
249.0,33,7444.810872
249.0,33,7445.615918
249.0,33,7446.251353
249.0,33,7446.847543
249.0,33,7447.548774
249.0,33,7448.304255
249.0,33,7448.94569
249.0,33,7449.664336
249.0,33,7450.638422
249.0,33,7451.312166
249.0,33,7452.058986
249.0,33,7452.764574
249.0,33,7453.563296
249.0,33,7454.193042
249.0,33,7455.015503
249.0,33,7455.770142
249.0,33,7456.653203
249.0,33,7457.403769
249.0,33,7458.025132
249.0,33,7458.591061
249.0,33,7459.536869
249.0,33,7460.323253
249.0,33,7460.962893
249.0,33,7461.834887
249.0,33,7462.784215
249.0,33,7463.4705
249.0,33,7464.614789
249.0,33,7465.495421
249.0,33,7466.248752
249.0,33,7466.920632
249.0,33,7467.867266
249.0,33,7468.926122
249.0,33,7469.5699
249.0,33,7470.174654
249.0,33,7470.841495
249.0,33,7471.761654
249.0,33,7472.50069
249.0,33,7473.201854
249.0,33,7473.856282
249.0,33,7474.676961
249.0,33,7475.41676
249.0,33,7476.07312
249.0,33,7476.702706
249.0,33,7477.438738
249.0,33,7478.148344
249.0,33,7478.99455
249.0,33,7479.881713
249.0,33,7480.794616
249.0,33,7481.794251
249.0,33,7482.659412
249.0,33,7483.436233
249.0,33,7484.18675
249.0,33,7484.946092
249.0,33,7485.759153
249.0,33,7486.493117
249.0,33,7487.237828
249.0,33,7487.926968
249.0,33,7488.626171
249.0,33,7489.456968
249.0,33,7490.148261
249.0,33,7490.877653
249.0,33,7491.739933
249.0,33,7492.566569
249.0,33,7493.264946
249.0,33,7494.177096
249.0,33,7494.837718
249.0,33,7495.681811
249.0,33,7496.416959
249.0,33,7497.164857
249.0,33,7497.833439
249.0,33,7498.766533
249.0,33,7499.359055
249.0,33,7499.973384
249.0,33,7500.61597
249.0,33,7501.433063
249.0,33,7502.132329
249.0,33,7502.758627
249.0,33,7503.570264
249.0,33,7504.473192
249.0,33,7505.216945
249.0,33,7505.830567
249.0,33,7506.550211
249.0,33,7507.394456
249.0,33,7508.317616
249.0,33,7509.079949
249.0,33,7509.664052
249.0,33,7510.323184
249.0,33,7510.92795
249.0,33,7511.69335
249.0,33,7512.433914
249.0,33,7513.146055
249.0,33,7513.826181
249.0,33,7514.436794
249.0,33,7515.196687
249.0,33,7515.887354
249.0,33,7516.461081
249.0,33,7517.111392
249.0,33,7517.851323
249.0,33,7518.396244
249.0,33,7519.105632
249.0,33,7519.900425
249.0,33,7520.906484
249.0,33,7521.525529
249.0,33,7522.391421
249.0,33,7523.109992
249.0,33,7523.923064
249.0,33,7524.56291
249.0,33,7525.315551
249.0,33,7525.98096
249.0,33,7526.793283
249.0,33,7527.487089
249.0,33,7528.238311
249.0,33,7528.845566
249.0,33,7529.578115
249.0,33,7530.214146
249.0,33,7530.880759
249.0,33,7531.601015
249.0,33,7532.459687
249.0,33,7533.175687
249.0,33,7533.871276
249.0,33,7534.792197
249.0,33,7535.459891
249.0,33,7536.127848
249.0,33,7536.874726
249.0,33,7537.734851
249.0,33,7538.356852
249.0,33,7538.952816
249.0,33,7539.587312
249.0,33,7540.32367
249.0,33,7540.952055
249.0,33,7541.568401
249.0,33,7542.221468
249.0,33,7542.994553
249.0,33,7543.614154
249.0,33,7544.41783
249.0,33,7545.162641
249.0,33,7545.932272
249.0,33,7546.732858
249.0,33,7547.446952
249.0,33,7548.102684
249.0,33,7548.899675
249.0,33,7549.558573
249.0,33,7550.208817
249.0,33,7550.960639
249.0,33,7551.862159
249.0,33,7552.453509
249.0,33,7553.009068
249.0,33,7553.627563
249.0,33,7554.538693
249.0,33,7555.251258
249.0,33,7555.917617
249.0,33,7556.70827
249.0,33,7557.426554
249.0,33,7558.192554
249.0,33,7558.858649
249.0,33,7559.673163
249.0,33,7560.551759
249.0,33,7561.301396
249.0,33,7561.828754
249.0,33,7562.577754
249.0,33,7563.271185
249.0,33,7563.968847
249.0,33,7564.678378
249.0,33,7565.349752
249.0,33,7566.226641
249.0,33,7566.826391
249.0,33,7567.564226
249.0,33,7568.3082
249.0,33,7569.006673
249.0,33,7569.657954
249.0,33,7570.306861
249.0,33,7571.166059
249.0,33,7571.770652
249.0,33,7572.452709
249.0,33,7573.200788
249.0,33,7574.107123
249.0,33,7574.759939
249.0,33,7575.583478
249.0,33,7576.327369
249.0,33,7577.198162
249.0,33,7577.926291
249.0,33,7578.647465
249.0,33,7579.471845
249.0,33,7580.213243
249.0,33,7580.787724
249.0,33,7581.384349
249.0,33,7582.214807
249.0,33,7582.86281
249.0,33,7583.500619
249.0,33,7584.298509
249.0,33,7584.986396
249.0,33,7585.628254
249.0,33,7586.364969
249.0,33,7587.085835
249.0,33,7587.93222
249.0,33,7588.607105
249.0,33,7589.202222
249.0,33,7589.873549
249.0,33,7590.641998
249.0,33,7591.442777
249.0,33,7592.091898
249.0,33,7592.805497
249.0,33,7593.47689
249.0,33,7594.173708
249.0,33,7595.08109
249.0,33,7595.637876
249.0,33,7596.390437
249.0,33,7596.941297
249.0,33,7597.520115
249.0,33,7598.082698
249.0,33,7599.037115
249.0,33,7599.773983
249.0,33,7600.441386
249.0,33,7601.020185
249.0,33,7601.691776
249.0,33,7602.390925
249.0,33,7603.156193
249.0,33,7603.88886
249.0,33,7604.528459
249.0,33,7605.210045
249.0,33,7605.835276
249.0,33,7606.611719
249.0,33,7607.252993
249.0,33,7607.864514
249.0,33,7608.444465
249.0,33,7609.264606
249.0,33,7610.077159
249.0,33,7610.700904
249.0,33,7611.481115
249.0,33,7612.271953
249.0,33,7612.874205
249.0,33,7613.527986
249.0,33,7614.18748
249.0,33,7614.929014
249.0,33,7615.522715
249.0,33,7616.320105
249.0,33,7617.032233
249.0,33,7617.784039
249.0,33,7618.654339
249.0,33,7619.496028
249.0,33,7620.137432
249.0,33,7621.038891
249.0,33,7621.666891
249.0,33,7622.298248
249.0,33,7623.135363
249.0,33,7623.957652
249.0,33,7624.687449
249.0,33,7625.387379
249.0,33,7626.191763
249.0,33,7627.022994
249.0,33,7627.595774
249.0,33,7628.311713
249.0,33,7629.27554
249.0,33,7630.105676
249.0,33,7630.744092
249.0,33,7631.449957
249.0,33,7632.395414
249.0,33,7633.177104
249.0,33,7633.779217
249.0,33,7634.40504
249.0,33,7635.312598
249.0,33,7636.091471
249.0,33,7636.767109
249.0,33,7637.503421
249.0,33,7638.394464
249.0,33,7639.094684
249.0,33,7639.828019
249.0,33,7640.579367
249.0,33,7641.362417
249.0,33,7641.989142
249.0,33,7642.705302
249.0,33,7643.535416
249.0,33,7644.311469
249.0,33,7644.997122
249.0,33,7645.911755
249.0,33,7646.740095
249.0,33,7647.496235
249.0,33,7648.270467
249.0,33,7648.903099
249.0,33,7649.687861
249.0,33,7650.39854
249.0,33,7651.130653
249.0,33,7651.840362
249.0,33,7652.680108
249.0,33,7653.379717
249.0,33,7654.007268
249.0,33,7654.700682
249.0,33,7655.596569
249.0,33,7656.163648
249.0,33,7656.847002
249.0,33,7657.546489
249.0,33,7658.388011
249.0,33,7658.957512
249.0,33,7659.585722
249.0,33,7660.179822
249.0,33,7660.943396
249.0,33,7661.648553
249.0,33,7662.419571
249.0,33,7663.088914
249.0,33,7663.843907
249.0,33,7664.426197
249.0,33,7665.027875
249.0,33,7665.615288
249.0,33,7666.301688
249.0,33,7666.836842
249.0,33,7667.409591
249.0,33,7667.928103
249.0,33,7668.702668
249.0,33,7669.219117
249.0,33,7669.794597
249.0,33,7670.403097
249.0,33,7671.114167
249.0,33,7671.696722
249.0,33,7672.335419
249.0,33,7673.066049
249.0,33,7673.640794
249.0,33,7674.229922
249.0,33,7674.897351
249.0,33,7675.731925
249.0,33,7676.357492
249.0,33,7677.010762
249.0,33,7677.611029
249.0,33,7678.321529
249.0,33,7679.066839
249.0,33,7679.72907
249.0,33,7680.471655
249.0,33,7681.3811
249.0,33,7682.066767
249.0,33,7682.902932
249.0,33,7683.664757
249.0,33,7684.566254
249.0,33,7685.278508
249.0,33,7685.961316
249.0,33,7686.647769
249.0,33,7687.397149
249.0,33,7688.017009
249.0,33,7688.855499
249.0,33,7689.598829
249.0,33,7690.548164
249.0,33,7691.215685
249.0,33,7691.799661
249.0,33,7692.418024
249.0,33,7693.129403
249.0,33,7693.753641
249.0,33,7694.667021
249.0,33,7695.522946
249.0,33,7696.108
249.0,33,7696.738177
249.0,33,7697.36723
249.0,33,7698.222866
249.0,33,7698.974561
249.0,33,7699.816968
249.0,33,7700.676013
249.0,33,7701.62065
249.0,33,7702.306431
249.0,33,7702.994416
249.0,33,7703.705798
249.0,33,7704.498943
249.0,33,7705.125716
249.0,33,7705.922547
249.0,33,7706.608679
249.0,33,7707.454956
249.0,33,7708.139803
249.0,33,7708.764517
249.0,33,7709.446709
249.0,33,7710.273417
249.0,33,7710.952606
249.0,33,7711.623351
249.0,33,7712.257295
249.0,33,7713.069339
249.0,33,7713.90685
249.0,33,7714.629844
249.0,33,7715.340712
249.0,33,7716.198717
249.0,33,7717.119854
249.0,33,7717.95467
249.0,33,7718.732908
249.0,33,7719.558047
249.0,33,7720.232935
249.0,33,7721.003634
249.0,33,7721.911356
249.0,33,7722.648453
249.0,33,7723.429452
249.0,33,7724.149616
249.0,33,7725.08791
249.0,33,7725.741998
249.0,33,7726.541306
249.0,33,7727.319224
249.0,33,7728.402357
249.0,33,7729.114142
249.0,33,7729.699398
249.0,33,7730.306497
249.0,33,7731.189566
249.0,33,7732.055028
249.0,33,7732.742231
249.0,33,7733.573865
249.0,33,7734.600503
249.0,33,7735.345346
249.0,33,7736.008658
249.0,33,7736.587935
249.0,33,7737.462798
249.0,33,7738.198205
249.0,33,7738.998104
249.0,33,7739.673866
249.0,33,7740.582308
249.0,33,7741.32998
249.0,33,7742.300117
249.0,33,7743.217482
249.0,33,7743.962402
249.0,33,7744.717063
249.0,33,7745.594754
249.0,33,7746.271
249.0,33,7747.133335
249.0,33,7748.008583
249.0,33,7748.804912
249.0,33,7749.7197
249.0,33,7750.427272
249.0,33,7751.332926
249.0,33,7752.161499
249.0,33,7753.148637
249.0,33,7753.849088
249.0,33,7754.478076
249.0,33,7755.305727
249.0,33,7756.058688
249.0,33,7756.726235
249.0,33,7757.435554
249.0,33,7758.113948
249.0,33,7759.12663
249.0,33,7759.950244
249.0,33,7760.676131
249.0,33,7761.389805
249.0,33,7762.400596
249.0,33,7763.246095
249.0,33,7763.964824
249.0,33,7764.720386
249.0,33,7765.688446
249.0,33,7766.377517
249.0,33,7766.936568
249.0,33,7767.686731
249.0,33,7768.444147
249.0,33,7769.111507
249.0,33,7769.814916
249.0,33,7770.628951
249.0,33,7771.305654
249.0,33,7771.916877
249.0,33,7772.522735
249.0,33,7773.288548
249.0,33,7773.957084
249.0,33,7774.757963
249.0,33,7775.703358
249.0,33,7776.408164
249.0,33,7777.110166
249.0,33,7777.899796
249.0,33,7778.581164
249.0,33,7779.397574
249.0,33,7780.198599
249.0,33,7780.883254
249.0,33,7781.430676
249.0,33,7782.144607
249.0,33,7782.73066
249.0,33,7783.358434
249.0,33,7784.021914
249.0,33,7784.717052
249.0,33,7785.42804
249.0,33,7786.108959
249.0,33,7786.890725
249.0,33,7787.625676
249.0,33,7788.361887
249.0,33,7789.283348
249.0,33,7790.323395
249.0,33,7791.172986
249.0,33,7791.921416
249.0,33,7792.522466
249.0,33,7793.308173
249.0,33,7794.001032
249.0,33,7794.62195
249.0,33,7795.379064
249.0,33,7796.075585
249.0,33,7796.630977
249.0,33,7797.29805
249.0,33,7797.94348
249.0,33,7798.693749
249.0,33,7799.385016
249.0,33,7799.99374
249.0,33,7800.792165
249.0,33,7801.654194
249.0,33,7802.322764
249.0,33,7803.187173
249.0,33,7803.806665
249.0,33,7804.540237
249.0,33,7805.351254
249.0,33,7806.04569
249.0,33,7806.690764
249.0,33,7807.46288
249.0,33,7808.057773
249.0,33,7808.672975
249.0,33,7809.370401
249.0,33,7810.522811
249.0,33,7811.211103
249.0,33,7811.916225
249.0,33,7812.584762
249.0,33,7813.459668
249.0,33,7814.157617
249.0,33,7814.804947
249.0,33,7815.63182
249.0,33,7816.294675
249.0,33,7817.107475
249.0,33,7817.889871
249.0,33,7818.893028
249.0,33,7819.722067
249.0,33,7820.462907
249.0,33,7821.228505
249.0,33,7822.0401
249.0,33,7822.800399
249.0,33,7823.425927
249.0,33,7824.117087
249.0,33,7824.934969
249.0,33,7825.68292
249.0,33,7826.444803
249.0,33,7827.246878
249.0,33,7827.987527
249.0,33,7828.642621
249.0,33,7829.615871
249.0,33,7830.270967
249.0,33,7831.019668
249.0,33,7831.672573
249.0,33,7832.318267
249.0,33,7833.043463
249.0,33,7833.947972
249.0,33,7834.532558
249.0,33,7835.250462
249.0,33,7835.944905
249.0,33,7836.770151
249.0,33,7837.571843
249.0,33,7838.17905
249.0,33,7838.966673
249.0,33,7839.674337
249.0,33,7840.397147
249.0,33,7841.111426
249.0,33,7841.982246
249.0,33,7842.591986
249.0,33,7843.291434
249.0,33,7843.931443
249.0,33,7844.700296
249.0,33,7845.42601
249.0,33,7846.189156
249.0,33,7846.920474
249.0,33,7847.72191
249.0,33,7848.73289
249.0,33,7849.465153
249.0,33,7850.229032
249.0,33,7851.205642
249.0,33,7852.166291
249.0,33,7852.847243
249.0,33,7853.595285
249.0,33,7854.353985
249.0,33,7854.998126
249.0,33,7855.760076
249.0,33,7856.43896
249.0,33,7857.260387
249.0,33,7857.992985
249.0,33,7858.890011
249.0,33,7859.594366
249.0,33,7860.386705
249.0,33,7861.035581
249.0,33,7861.949033
249.0,33,7862.595333
249.0,33,7863.357147
249.0,33,7864.033913
249.0,33,7864.645667
249.0,33,7865.416996
249.0,33,7866.268039
249.0,33,7866.922593
249.0,33,7867.541317
249.0,33,7868.435102
249.0,33,7869.064438
249.0,33,7869.70017
249.0,33,7870.802678
249.0,33,7871.547689
249.0,33,7872.273607
249.0,33,7873.106541
249.0,33,7873.78768
249.0,33,7874.567351
249.0,33,7875.149736
249.0,33,7875.827458
249.0,33,7876.49511
249.0,33,7877.230841
249.0,33,7877.863166
249.0,33,7878.526094
249.0,33,7879.215811
249.0,33,7879.948966
249.0,33,7880.600216
249.0,33,7881.301119
249.0,33,7881.984854
249.0,33,7882.775604
249.0,33,7883.461683
249.0,33,7884.216193
249.0,33,7884.925687
249.0,33,7885.690646
249.0,33,7886.293064
249.0,33,7886.947842
249.0,33,7887.839281
249.0,33,7888.600937
249.0,33,7889.284655
249.0,33,7889.978481
249.0,33,7890.786439
249.0,33,7891.434756
249.0,33,7891.979691
249.0,33,7892.700787
249.0,33,7893.509414
249.0,33,7894.451226
249.0,33,7895.06858
249.0,33,7895.808358
249.0,33,7896.451385
249.0,33,7897.245503
249.0,33,7897.894985
249.0,33,7898.691788
249.0,33,7899.686971
249.0,33,7900.29447
249.0,33,7900.925078
249.0,33,7901.597997
249.0,33,7902.420688
249.0,33,7903.070469
249.0,33,7903.65135
249.0,33,7904.213628
249.0,33,7904.895876
249.0,33,7905.556805
249.0,33,7906.207416
249.0,33,7907.038227
249.0,33,7907.819571
249.0,33,7908.591254
249.0,33,7909.308905
249.0,33,7910.292525
249.0,33,7910.954184
249.0,33,7911.618755
249.0,33,7912.418897
249.0,33,7913.222695
249.0,33,7913.87484
249.0,33,7914.477288
249.0,33,7915.115239
249.0,33,7916.061534
249.0,33,7916.766746
249.0,33,7917.497629
249.0,33,7918.342287
249.0,33,7919.415837
249.0,33,7920.035926
249.0,33,7920.653005
249.0,33,7921.366478
249.0,33,7922.093874
249.0,33,7922.675961
249.0,33,7923.590194
249.0,33,7924.258949
249.0,33,7925.11185
249.0,33,7925.820657
249.0,33,7926.718813
249.0,33,7927.390248
249.0,33,7928.286856
249.0,33,7928.965123
249.0,33,7929.594054
249.0,33,7930.290878
249.0,33,7931.095565
249.0,33,7931.855162
249.0,33,7932.686145
249.0,33,7933.653868
249.0,33,7934.231227
249.0,33,7934.905933
249.0,33,7935.682417
249.0,33,7936.566996
249.0,33,7937.137105
249.0,33,7937.755153
249.0,33,7938.437878
249.0,33,7939.250391
249.0,33,7939.991175
249.0,33,7940.729651
249.0,33,7941.355179
249.0,33,7942.125314
249.0,33,7942.848946
249.0,33,7943.471003
249.0,33,7944.028312
249.0,33,7944.76529
249.0,33,7945.318481
249.0,33,7945.92907
249.0,33,7946.580857
249.0,33,7947.263772
249.0,33,7947.955515
249.0,33,7948.651482
249.0,33,7949.511663
249.0,33,7950.44868
249.0,33,7951.168556
249.0,33,7951.808573
249.0,33,7952.559905
249.0,33,7953.346202
249.0,33,7954.02957
249.0,33,7954.91167
249.0,33,7955.640988
249.0,33,7956.401587
249.0,33,7957.323045
249.0,33,7958.16205
249.0,33,7959.116779
249.0,33,7959.930896
249.0,33,7960.558932
249.0,33,7961.203239
249.0,33,7961.96722
249.0,33,7962.702264
249.0,33,7963.551156
249.0,33,7964.179618
249.0,33,7964.991015
249.0,33,7965.754774
249.0,33,7966.493637
249.0,33,7967.147013
249.0,33,7967.995499
249.0,33,7968.68782
249.0,33,7969.453677
249.0,33,7970.209795
249.0,33,7971.019828
249.0,33,7971.726406
249.0,33,7972.380202
249.0,33,7973.036328
249.0,33,7973.727893
249.0,33,7974.286005
249.0,33,7975.035057
249.0,33,7975.635511
249.0,33,7976.268891
249.0,33,7976.82167
249.0,33,7977.396125
249.0,33,7978.048448
249.0,33,7978.954137
249.0,33,7979.639581
249.0,33,7980.313376
249.0,33,7981.086598
249.0,33,7981.803008
249.0,33,7982.490999
249.0,33,7983.220893
249.0,33,7984.024891
249.0,33,7984.712787
249.0,33,7985.4266
249.0,33,7986.113915
249.0,33,7986.910954
249.0,33,7987.612332
249.0,33,7988.288832
249.0,33,7988.999501
249.0,33,7989.836663
249.0,33,7990.553216
249.0,33,7991.25436
249.0,33,7992.315348
249.0,33,7993.056552
249.0,33,7993.725914
249.0,33,7994.411368
249.0,33,7995.059484
249.0,33,7995.806284
249.0,33,7996.50151
249.0,33,7997.247099
249.0,33,7998.032812
249.0,33,7998.922996
249.0,33,7999.562108
249.0,33,8000.208035
249.0,33,8000.922225
249.0,33,8001.707278
249.0,33,8002.404676
249.0,33,8002.981202
249.0,33,8003.686141
249.0,33,8004.275352
249.0,33,8004.888118
249.0,33,8005.569354
249.0,33,8006.330151
249.0,33,8006.966733
249.0,33,8007.652264
249.0,33,8008.411745
249.0,33,8009.263315
249.0,33,8010.140978
249.0,33,8010.865132
249.0,33,8011.639414
249.0,33,8012.543128
249.0,33,8013.338525
249.0,33,8014.024451
249.0,33,8014.636669
249.0,33,8015.370282
249.0,33,8016.002326
249.0,33,8016.703297
249.0,33,8017.318647
249.0,33,8018.052346
249.0,33,8018.701392
249.0,33,8019.287231
249.0,33,8019.954746
249.0,33,8020.697074
249.0,33,8021.348892
249.0,33,8021.958402
249.0,33,8022.594624
249.0,33,8023.294708
249.0,33,8023.991026
249.0,33,8024.647952
249.0,33,8025.366292
249.0,33,8025.920312
249.0,33,8026.457526
249.0,33,8027.058281
249.0,33,8027.795105
249.0,33,8028.43688
249.0,33,8029.124583
249.0,33,8029.773394
249.0,33,8030.456467
249.0,33,8031.073573
249.0,33,8031.757349
249.0,33,8032.432041
249.0,33,8033.211791
249.0,33,8034.017162
249.0,33,8034.755247
249.0,33,8035.504342
249.0,33,8036.472145
249.0,33,8037.167742
249.0,33,8037.906063
249.0,33,8038.656737
249.0,33,8039.483971
249.0,33,8040.159896
249.0,33,8040.812075
249.0,33,8041.453139
249.0,33,8042.348916
249.0,33,8043.137213
249.0,33,8043.792398
249.0,33,8044.443097
249.0,33,8045.150803
249.0,33,8045.779027
249.0,33,8046.744432
249.0,33,8047.442346
249.0,33,8048.412623
249.0,33,8048.997536
249.0,33,8049.813283
249.0,33,8050.63607
249.0,33,8051.292737
249.0,33,8051.887619
249.0,33,8052.437441
249.0,33,8053.275387
249.0,33,8053.998239
249.0,33,8054.691366
249.0,33,8055.343961
249.0,33,8056.095894
249.0,33,8056.787177
249.0,33,8057.340489
249.0,33,8057.937608
249.0,33,8058.737248
249.0,33,8059.35284
249.0,33,8059.976733
249.0,33,8060.656537
249.0,33,8061.427224
249.0,33,8062.093426
249.0,33,8062.79899
249.0,33,8063.557338
249.0,33,8064.368434
249.0,33,8064.957872
249.0,33,8065.535111
249.0,33,8066.140954
249.0,33,8066.836042
249.0,33,8067.583947
249.0,33,8068.174427
249.0,33,8068.731509
249.0,33,8069.520588
249.0,33,8070.112335
249.0,33,8070.808251
249.0,33,8071.648845
249.0,33,8072.367838
249.0,33,8073.070822
249.0,33,8073.754189
249.0,33,8074.501688
249.0,33,8075.149707
249.0,33,8075.855497
249.0,33,8076.54558
249.0,33,8077.254831
249.0,33,8077.880542
249.0,33,8078.572024
249.0,33,8079.236197
249.0,33,8080.064869
249.0,33,8080.775229
249.0,33,8081.469924
249.0,33,8082.185959
249.0,33,8082.955643
249.0,33,8083.55596
249.0,33,8084.172804
249.0,33,8084.863938
249.0,33,8085.668509
249.0,33,8086.290699
249.0,33,8086.862817
249.0,33,8087.683182
249.0,33,8088.488679
249.0,33,8089.140556
249.0,33,8089.824018
249.0,33,8090.440482
249.0,33,8091.312089
249.0,33,8091.988333
249.0,33,8092.730885
249.0,33,8093.46362
249.0,33,8094.15134
249.0,33,8094.858708
249.0,33,8095.515293
249.0,33,8096.265125
249.0,33,8096.862323
249.0,33,8097.497228
249.0,33,8098.221715
249.0,33,8099.077188
249.0,33,8099.791333
249.0,33,8100.449667
249.0,33,8101.362565
249.0,33,8102.204969
249.0,33,8103.064601
249.0,33,8103.643317
249.0,33,8104.278192
249.0,33,8105.023029
249.0,33,8105.577179
249.0,33,8106.191315
249.0,33,8106.885102
249.0,33,8107.747962
249.0,33,8108.342285
249.0,33,8108.991214
249.0,33,8109.652946
249.0,33,8110.468185
249.0,33,8111.198116
249.0,33,8111.842344
249.0,33,8112.563083
249.0,33,8113.296678
249.0,33,8113.984161
249.0,33,8114.633963
249.0,33,8115.354017
249.0,33,8116.044235
249.0,33,8116.741334
249.0,33,8117.342595
249.0,33,8118.040768
249.0,33,8118.798185
249.0,33,8119.434204
249.0,33,8120.064791
249.0,33,8120.730035
249.0,33,8121.434379
249.0,33,8122.23551
249.0,33,8122.888474
249.0,33,8123.658864
249.0,33,8124.296778
249.0,33,8125.017901
249.0,33,8125.650104
249.0,33,8126.37927
249.0,33,8127.033651
249.0,33,8127.649701
249.0,33,8128.300071
249.0,33,8129.083037
249.0,33,8129.639516
249.0,33,8130.18058
249.0,33,8130.77005
249.0,33,8131.651661
249.0,33,8132.377075
249.0,33,8133.057743
249.0,33,8133.814835
249.0,33,8134.709326
249.0,33,8135.325666
249.0,33,8135.988467
249.0,33,8136.680383
249.0,33,8137.595342
249.0,33,8138.372812
249.0,33,8139.0141
249.0,33,8139.816019
249.0,33,8140.454506
249.0,33,8141.080759
249.0,33,8141.82988
249.0,33,8142.769209
249.0,33,8143.484338
249.0,33,8144.200113
249.0,33,8144.901406
249.0,33,8145.672337
249.0,33,8146.388366
249.0,33,8147.053434
249.0,33,8147.709267
249.0,33,8148.478802
249.0,33,8149.166065
249.0,33,8149.816436
249.0,33,8150.557994
249.0,33,8151.318106
249.0,33,8151.96442
249.0,33,8152.875948
249.0,33,8153.555087
249.0,33,8154.62
249.0,33,8155.399153
249.0,33,8156.195145
249.0,33,8156.872725
249.0,33,8157.73193
249.0,33,8158.372566
249.0,33,8159.141165
249.0,33,8159.891237
249.0,33,8160.701801
249.0,33,8161.415513
249.0,33,8162.154757
249.0,33,8162.924245
249.0,33,8163.88883
249.0,33,8164.775107
249.0,33,8165.703353
249.0,33,8166.491417
249.0,33,8167.323591
249.0,33,8168.010506
249.0,33,8168.834525
249.0,33,8169.83662
249.0,33,8170.509542
249.0,33,8171.145293
249.0,33,8171.698904
249.0,33,8172.464219
249.0,33,8173.029035
249.0,33,8173.764098
249.0,33,8174.403558
249.0,33,8175.148691
249.0,33,8175.763945
249.0,33,8176.361413
249.0,33,8176.990842
249.0,33,8177.731239
249.0,33,8178.384434
249.0,33,8179.032679
249.0,33,8179.878458
249.0,33,8180.992
249.0,33,8181.717173
249.0,33,8182.550531
249.0,33,8183.229592
249.0,33,8183.918558
249.0,33,8184.436668
249.0,33,8185.081149
249.0,33,8186.11955
249.0,33,8186.834901
249.0,33,8187.584807
249.0,33,8188.195646
249.0,33,8188.876801
249.0,33,8189.597613
249.0,33,8190.284512
249.0,33,8190.987988
249.0,33,8191.795555
249.0,33,8192.552236
249.0,33,8193.254384
249.0,33,8193.992286
249.0,33,8194.979034
249.0,33,8195.793892
249.0,33,8196.502151
249.0,33,8197.124707
249.0,33,8197.922031
249.0,33,8198.604296
249.0,33,8199.283452
249.0,33,8199.815064
249.0,33,8200.46117
249.0,33,8201.067839
249.0,33,8201.74604
249.0,33,8202.373091
249.0,33,8203.328308
249.0,33,8204.112669
249.0,33,8204.794574
249.0,33,8205.457019
249.0,33,8206.304015
249.0,33,8206.976178
249.0,33,8207.790559
249.0,33,8208.626866
249.0,33,8209.270556
249.0,33,8210.362653
249.0,33,8210.973894
249.0,33,8211.907355
249.0,33,8212.588103
249.0,33,8213.242539
249.0,33,8214.021606
249.0,33,8214.832798
249.0,33,8215.461519
249.0,33,8216.134471
249.0,33,8216.738007
249.0,33,8217.517712
249.0,33,8218.201081
249.0,33,8219.012474
249.0,33,8219.609074
249.0,33,8220.395061
249.0,33,8220.990263
249.0,33,8221.607745
249.0,33,8222.407336
249.0,33,8223.18838
249.0,33,8223.767493
249.0,33,8224.405605
249.0,33,8225.061202
249.0,33,8225.910661
249.0,33,8226.695741
249.0,33,8227.410429
249.0,33,8228.093609
249.0,33,8228.870946
249.0,33,8229.628198
249.0,33,8230.303047
249.0,33,8231.096864
249.0,33,8232.067639
249.0,33,8232.830946
249.0,33,8233.65171
249.0,33,8234.510186
249.0,33,8235.273232
249.0,33,8236.02875
249.0,33,8236.81058
249.0,33,8237.583045
249.0,33,8238.220309
249.0,33,8238.925488
249.0,33,8239.57528
249.0,33,8240.276031
249.0,33,8240.878458
249.0,33,8241.487693
249.0,33,8242.059818
249.0,33,8242.740935
249.0,33,8243.593225
249.0,33,8244.333483
249.0,33,8245.000809
249.0,33,8245.706033
249.0,33,8246.399263
249.0,33,8247.219668
249.0,33,8247.865402
249.0,33,8248.550923
249.0,33,8249.138385
249.0,33,8249.96769
249.0,33,8250.68229
249.0,33,8251.455628
249.0,33,8252.182604
249.0,33,8252.888963
249.0,33,8253.6126
249.0,33,8254.530974
249.0,33,8255.128984
249.0,33,8255.75192
249.0,33,8256.78826
249.0,33,8257.445027
249.0,33,8258.047187
249.0,33,8258.814188
249.0,33,8259.520182
249.0,33,8260.127083
249.0,33,8260.740539
249.0,33,8261.366517
249.0,33,8262.116421
249.0,33,8262.714417
249.0,33,8263.534161
249.0,33,8264.391799
249.0,33,8265.330233
249.0,33,8265.944985
249.0,33,8266.580921
249.0,33,8267.260564
249.0,33,8268.186106
249.0,33,8268.823499
249.0,33,8269.664449
249.0,33,8270.50139
249.0,33,8271.295532
249.0,33,8272.141556
249.0,33,8272.836092
249.0,33,8273.480708
249.0,33,8274.309611
249.0,33,8275.061524
249.0,33,8275.842634
249.0,33,8276.63485
249.0,33,8277.40128
249.0,33,8277.998194
249.0,33,8278.907532
249.0,33,8279.776074
249.0,33,8280.624535
249.0,33,8281.40741
249.0,33,8282.135455
249.0,33,8282.858794
249.0,33,8283.564597
249.0,33,8284.200509
249.0,33,8284.79066
249.0,33,8285.741515
249.0,33,8286.436924
249.0,33,8287.076105
249.0,33,8287.777942
249.0,33,8288.611908
249.0,33,8289.35272
249.0,33,8290.122514
249.0,33,8290.835971
249.0,33,8291.671615
249.0,33,8292.434619
249.0,33,8293.107064
249.0,33,8293.638704
249.0,33,8294.474271
249.0,33,8295.067391
249.0,33,8295.739644
249.0,33,8296.43444
249.0,33,8297.279286
249.0,33,8297.915066
249.0,33,8298.538223
249.0,33,8299.119882
249.0,33,8299.853153
249.0,33,8300.522425
249.0,33,8301.211764
249.0,33,8301.989132
249.0,33,8302.696512
249.0,33,8303.383523
249.0,33,8304.102122
249.0,33,8304.878848
249.0,33,8305.644353
249.0,33,8306.336344
249.0,33,8306.87826
249.0,33,8307.583139
249.0,33,8308.219604
249.0,33,8308.811907
249.0,33,8309.426858
249.0,33,8310.138797
249.0,33,8310.776032
249.0,33,8311.44132
249.0,33,8312.409199
249.0,33,8313.145121
249.0,33,8313.914073
249.0,33,8314.706454
249.0,33,8315.377578
249.0,33,8316.273527
249.0,33,8317.062017
249.0,33,8317.921533
249.0,33,8318.578987
249.0,33,8319.278368
249.0,33,8319.946146
249.0,33,8320.659952
249.0,33,8321.375952
249.0,33,8322.300197
249.0,33,8323.18896
249.0,33,8324.200193
249.0,33,8324.80363
249.0,33,8325.486265
249.0,33,8326.13748
249.0,33,8326.7033
249.0,33,8327.360059
249.0,33,8328.024847
249.0,33,8328.686521
249.0,33,8329.555958
249.0,33,8330.431241
249.0,33,8331.066338
249.0,33,8331.701686
249.0,33,8332.385238
249.0,33,8333.425706
249.0,33,8334.109301
249.0,33,8334.75403
249.0,33,8335.397204
249.0,33,8336.218582
249.0,33,8336.852369
249.0,33,8337.481788
249.0,33,8338.120059
249.0,33,8338.937758
249.0,33,8339.565142
249.0,33,8340.26877
249.0,33,8340.847982
249.0,33,8341.79535
249.0,33,8342.720728
249.0,33,8343.485318
249.0,33,8344.217627
249.0,33,8344.986987
249.0,33,8345.748408
249.0,33,8346.379767
249.0,33,8347.037658
249.0,33,8347.995271
249.0,33,8348.672213
249.0,33,8349.349436
249.0,33,8350.083687
249.0,33,8350.707188
249.0,33,8351.483482
249.0,33,8352.195553
249.0,33,8353.011641
249.0,33,8353.827047
249.0,33,8354.455864
249.0,33,8355.0973
249.0,33,8355.891249
249.0,33,8356.627249
249.0,33,8357.272855
249.0,33,8357.937709
249.0,33,8358.709277
249.0,33,8359.334886
249.0,33,8360.087668
249.0,33,8360.902364
249.0,33,8361.688156
249.0,33,8362.631319
249.0,33,8363.21177
249.0,33,8363.887559
249.0,33,8364.567673
249.0,33,8365.122052
249.0,33,8365.677737
249.0,33,8366.294036
249.0,33,8367.160427
249.0,33,8367.824016
249.0,33,8368.449273
249.0,33,8369.177961
249.0,33,8369.801086
249.0,33,8370.321983
249.0,33,8371.030937
249.0,33,8371.633463
249.0,33,8372.200688
249.0,33,8372.996333
249.0,33,8373.923401
249.0,33,8374.751477
249.0,33,8375.51401
249.0,33,8376.128647
249.0,33,8376.705289
249.0,33,8377.693786
249.0,33,8378.404989
249.0,33,8379.171214
249.0,33,8379.855859
249.0,33,8380.632786
249.0,33,8381.303333
249.0,33,8381.99848
249.0,33,8382.740765
249.0,33,8383.510529
249.0,33,8384.266557
249.0,33,8384.929053
249.0,33,8385.734586
249.0,33,8386.622962
249.0,33,8387.306033
249.0,33,8387.958186
249.0,33,8388.771801
249.0,33,8389.808748
249.0,33,8390.531771
249.0,33,8391.383342
249.0,33,8392.267314
249.0,33,8393.138675
249.0,33,8393.819649
249.0,33,8394.595823
249.0,33,8395.455425
249.0,33,8396.054563
249.0,33,8396.82737
249.0,33,8397.550963
249.0,33,8398.545226
249.0,33,8399.407325
249.0,33,8400.0463
249.0,33,8400.673671
249.0,33,8401.407188
249.0,33,8402.114568
249.0,33,8402.865224
249.0,33,8403.589377
249.0,33,8404.38072
249.0,33,8404.917467
249.0,33,8405.521685
249.0,33,8406.174935
249.0,33,8407.100873
249.0,33,8407.99959
249.0,33,8408.63867
249.0,33,8409.33162
249.0,33,8410.196569
249.0,33,8410.967935
249.0,33,8411.573582
249.0,33,8412.397294
249.0,33,8413.155949
249.0,33,8414.008817
249.0,33,8414.734874
249.0,33,8415.34578
249.0,33,8416.182412
249.0,33,8417.040949
249.0,33,8417.830281
249.0,33,8418.559103
249.0,33,8419.64327
249.0,33,8420.422989
249.0,33,8421.050418
249.0,33,8421.766143
249.0,33,8422.533594
249.0,33,8423.244573
249.0,33,8423.92141
249.0,33,8424.581072
249.0,33,8425.274916
249.0,33,8425.825184
249.0,33,8426.610071
249.0,33,8427.420584
249.0,33,8428.078608
249.0,33,8428.809128
249.0,33,8429.498134
249.0,33,8430.232247
249.0,33,8430.950201
249.0,33,8431.583675
249.0,33,8432.358778
249.0,33,8433.189438
249.0,33,8433.737664
249.0,33,8434.394549
249.0,33,8435.161898
249.0,33,8436.204073
249.0,33,8437.190067
249.0,33,8437.984763
249.0,33,8438.658507
249.0,33,8439.402543
249.0,33,8440.013466
249.0,33,8440.556759
249.0,33,8441.239789
249.0,33,8442.097935
249.0,33,8442.685107
249.0,33,8443.234557
249.0,33,8443.9604
249.0,33,8444.66935
249.0,33,8445.308208
249.0,33,8445.963141
249.0,33,8446.755887
249.0,33,8447.744934
249.0,33,8448.354143
249.0,33,8448.910388
249.0,33,8449.609303
249.0,33,8450.288949
249.0,33,8450.900033
249.0,33,8451.496801
249.0,33,8452.390575
249.0,33,8452.98285
249.0,33,8453.605564
249.0,33,8454.183352
249.0,33,8455.023278
249.0,33,8455.601531
249.0,33,8456.19704
249.0,33,8456.760429
249.0,33,8457.575386
249.0,33,8458.297116
249.0,33,8459.039954
249.0,33,8459.780488
249.0,33,8460.583647
249.0,33,8461.187562
249.0,33,8461.785099
249.0,33,8462.453725
249.0,33,8463.279416
249.0,33,8463.870453
249.0,33,8464.534828
249.0,33,8465.163008
249.0,33,8465.731129
249.0,33,8466.404583
249.0,33,8467.095517
249.0,33,8467.867772
249.0,33,8468.660529
249.0,33,8469.42319
249.0,33,8470.120978
249.0,33,8470.910147
249.0,33,8471.585495
249.0,33,8472.209785
249.0,33,8472.930489
249.0,33,8473.659904
249.0,33,8474.213964
249.0,33,8474.807387
249.0,33,8475.533339
249.0,33,8476.381026
249.0,33,8477.343359
249.0,33,8478.011801
249.0,33,8478.789907
249.0,33,8479.591893
249.0,33,8480.273073
249.0,33,8480.858142
249.0,33,8481.662095
249.0,33,8482.510119
249.0,33,8483.16498
249.0,33,8483.765651
249.0,33,8484.808933
249.0,33,8485.617524
249.0,33,8486.206834
249.0,33,8486.805617
249.0,33,8487.541007
249.0,33,8488.33191
249.0,33,8488.975543
249.0,33,8489.627332
249.0,33,8490.304779
249.0,33,8491.135227
249.0,33,8491.778777
249.0,33,8492.53842
249.0,33,8493.410102
249.0,33,8493.976015
249.0,33,8494.611109
249.0,33,8495.264711
249.0,33,8495.971873
249.0,33,8496.671405
249.0,33,8497.3635
249.0,33,8497.953314
249.0,33,8498.606141
249.0,33,8499.428509
249.0,33,8500.134245
249.0,33,8500.754683
249.0,33,8501.655987
249.0,33,8502.399867
249.0,33,8503.216101
249.0,33,8503.947309
249.0,33,8504.712337
249.0,33,8505.280538
249.0,33,8505.816721
249.0,33,8506.497441
249.0,33,8507.210581
249.0,33,8507.995037
249.0,33,8508.593586
249.0,33,8509.207568
249.0,33,8510.166154
249.0,33,8510.899997
249.0,33,8511.795791
249.0,33,8512.67296
249.0,33,8513.414515
249.0,33,8514.038296
249.0,33,8514.835847
249.0,33,8515.608868
249.0,33,8516.363127
249.0,33,8517.010611
249.0,33,8517.719316
249.0,33,8518.545582
249.0,33,8519.274662
249.0,33,8520.025318
249.0,33,8520.67625
249.0,33,8521.343761
249.0,33,8521.991435
249.0,33,8522.609288
249.0,33,8523.245493
249.0,33,8524.101739
249.0,33,8524.714788
249.0,33,8525.496564
249.0,33,8526.103427
249.0,33,8526.81282
249.0,33,8527.449798
249.0,33,8528.218298
249.0,33,8529.193477
249.0,33,8529.970583
249.0,33,8530.667597
249.0,33,8531.322408
249.0,33,8532.054355
249.0,33,8532.961359
249.0,33,8533.660265
249.0,33,8534.234914
249.0,33,8534.990088
249.0,33,8535.745756
249.0,33,8536.695771
249.0,33,8537.373823
249.0,33,8538.163711
249.0,33,8538.815678
249.0,33,8539.439811
249.0,33,8540.119236
249.0,33,8540.915945
249.0,33,8541.71442
249.0,33,8542.328789
249.0,33,8543.060339
249.0,33,8543.871047
249.0,33,8544.438107
249.0,33,8545.120928
249.0,33,8545.798867
249.0,33,8546.666206
249.0,33,8547.366188
249.0,33,8547.997958
249.0,33,8548.736129
249.0,33,8549.767691
249.0,33,8550.416394
249.0,33,8551.239413
249.0,33,8552.001304
249.0,33,8552.69269
249.0,33,8553.473221
249.0,33,8554.158879
249.0,33,8555.001927
249.0,33,8555.873238
249.0,33,8556.485444
249.0,33,8557.258703
249.0,33,8558.226639
249.0,33,8558.94327
249.0,33,8559.700164
249.0,33,8560.432853
249.0,33,8561.284271
249.0,33,8562.042101
249.0,33,8562.671373
249.0,33,8563.334672
249.0,33,8563.998064
249.0,33,8564.516399
249.0,33,8565.194283
249.0,33,8565.782185
249.0,33,8566.650383
249.0,33,8567.345573
249.0,33,8568.031975
249.0,33,8568.875534
249.0,33,8569.628941
249.0,33,8570.319685
249.0,33,8571.350663
249.0,33,8571.996291
249.0,33,8572.727019
249.0,33,8573.335355
249.0,33,8574.29382
249.0,33,8575.148366
249.0,33,8576.006784
249.0,33,8576.659205
249.0,33,8577.385483
249.0,33,8578.017734
249.0,33,8578.796228
249.0,33,8579.470397
249.0,33,8580.207053
249.0,33,8581.062307
249.0,33,8581.955947
249.0,33,8582.546486
249.0,33,8583.297817
249.0,33,8584.143304
249.0,33,8585.168809
249.0,33,8585.966517
249.0,33,8586.55799
249.0,33,8587.263852
249.0,33,8587.832049
249.0,33,8588.380115
249.0,33,8588.994735
249.0,33,8589.690895
249.0,33,8590.262307
249.0,33,8590.804286
249.0,33,8591.459279
249.0,33,8592.109595
249.0,33,8592.656155
249.0,33,8593.383406
249.0,33,8594.287511
249.0,33,8595.369837
249.0,33,8596.175946
249.0,33,8596.74383
249.0,33,8597.36068
249.0,33,8598.26614
249.0,33,8599.122783
249.0,33,8599.725925
249.0,33,8600.397018
249.0,33,8601.195039
249.0,33,8601.879814
249.0,33,8602.634952
249.0,33,8603.215911
249.0,33,8604.02299
249.0,33,8604.78071
249.0,33,8605.434965
249.0,33,8606.33624
249.0,33,8607.07691
249.0,33,8607.98987
249.0,33,8608.636222
249.0,33,8609.481911
249.0,33,8610.290857
249.0,33,8611.012236
249.0,33,8611.846541
249.0,33,8612.675662
249.0,33,8613.327453
249.0,33,8614.022101
249.0,33,8614.702697
249.0,33,8615.773614
249.0,33,8616.364106
249.0,33,8617.025487
249.0,33,8617.835439
249.0,33,8618.635098
249.0,33,8619.2895
249.0,33,8619.88327
249.0,33,8620.572127
249.0,33,8621.337569
249.0,33,8622.155947
249.0,33,8623.096955
249.0,33,8623.855865
249.0,33,8624.703689
249.0,33,8625.485444
249.0,33,8626.173195
249.0,33,8626.892477
249.0,33,8627.609927
249.0,33,8628.174357
249.0,33,8628.758141
249.0,33,8629.472651
249.0,33,8630.084899
249.0,33,8630.865242
249.0,33,8631.516026
249.0,33,8632.411614
249.0,33,8633.122653
249.0,33,8633.989039
249.0,33,8635.076993
249.0,33,8635.908729
249.0,33,8636.550481
249.0,33,8637.156767
249.0,33,8637.741703
249.0,33,8638.42493
249.0,33,8638.991125
249.0,33,8639.780601
249.0,33,8640.57189
249.0,33,8641.38667
249.0,33,8642.03029
249.0,33,8642.731815
249.0,33,8643.375429
249.0,33,8644.295889
249.0,33,8644.909791
249.0,33,8645.427714
249.0,33,8646.007186
249.0,33,8646.681239
249.0,33,8647.37643
249.0,33,8647.990191
249.0,33,8648.623224
249.0,33,8649.35789
249.0,33,8649.87475
249.0,33,8650.631667
249.0,33,8651.623198
249.0,33,8652.512686
249.0,33,8653.188474
249.0,33,8653.994758
249.0,33,8654.72228
249.0,33,8655.566749
249.0,33,8656.443447
249.0,33,8657.198636
249.0,33,8657.902818
249.0,33,8658.576071
249.0,33,8659.45605
249.0,33,8660.285954
249.0,33,8661.29975
249.0,33,8661.960699
249.0,33,8662.650696
249.0,33,8663.358408
249.0,33,8664.168124
249.0,33,8665.037862
249.0,33,8665.823901
249.0,33,8666.489704
249.0,33,8667.312617
249.0,33,8667.937716
249.0,33,8668.697907
249.0,33,8669.396011
249.0,33,8670.264613
249.0,33,8670.975645
249.0,33,8671.800837
249.0,33,8672.467137
249.0,33,8673.240726
249.0,33,8673.876344
249.0,33,8674.494534
249.0,33,8675.351977
249.0,33,8676.093004
249.0,33,8677.034852
249.0,33,8677.786114
249.0,33,8678.690734
249.0,33,8679.405355
249.0,33,8680.029988
249.0,33,8680.707356
249.0,33,8681.512761
249.0,33,8682.612365
249.0,33,8683.546412
249.0,33,8684.298635
249.0,33,8685.191248
249.0,33,8685.911319
249.0,33,8686.569087
249.0,33,8687.391868
249.0,33,8688.223668
249.0,33,8689.179008
249.0,33,8689.885843
249.0,33,8690.72254
249.0,33,8691.648064
249.0,33,8692.643026
249.0,33,8693.474387
249.0,33,8694.071776
249.0,33,8694.885291
249.0,33,8695.721335
249.0,33,8696.392073
249.0,33,8697.081932
249.0,33,8698.028272
249.0,33,8698.691897
249.0,33,8699.289642
249.0,33,8699.898789
249.0,33,8700.758476
249.0,33,8701.391699
249.0,33,8702.138765
249.0,33,8702.98596
249.0,33,8703.736202
249.0,33,8704.590469
249.0,33,8705.213643
249.0,33,8705.969037
249.0,33,8706.601777
249.0,33,8707.196924
249.0,33,8707.872106
249.0,33,8708.682254
249.0,33,8709.475214
249.0,33,8710.124495
249.0,33,8710.83917
249.0,33,8711.677605
249.0,33,8712.345383
249.0,33,8713.121208
249.0,33,8713.746062
249.0,33,8714.639668
249.0,33,8715.281856
249.0,33,8716.136559
249.0,33,8717.003557
249.0,33,8717.913728
249.0,33,8718.484081
249.0,33,8719.080231
249.0,33,8719.766621
249.0,33,8720.497209
249.0,33,8721.098209
249.0,33,8721.72084
249.0,33,8722.423061
249.0,33,8723.334451
249.0,33,8723.97545
249.0,33,8724.794509
249.0,33,8725.617961
249.0,33,8726.25433
249.0,33,8726.936276
249.0,33,8727.720821
249.0,33,8728.562102
249.0,33,8729.28688
249.0,33,8730.050619
249.0,33,8730.727713
249.0,33,8731.613404
249.0,33,8732.263368
249.0,33,8732.944928
249.0,33,8733.593808
249.0,33,8734.261564
249.0,33,8734.786908
249.0,33,8735.455544
249.0,33,8736.265961
249.0,33,8737.089669
249.0,33,8737.782107
249.0,33,8738.362496
249.0,33,8739.051903
249.0,33,8739.865574
249.0,33,8740.589758
249.0,33,8741.203885
249.0,33,8741.837949
249.0,33,8742.756815
249.0,33,8743.396537
249.0,33,8743.998215
249.0,33,8744.704606
249.0,33,8745.480391
249.0,33,8746.206048
249.0,33,8746.91461
249.0,33,8747.675632
249.0,33,8748.334776
249.0,33,8749.049356
249.0,33,8749.758157
249.0,33,8750.602504
249.0,33,8751.29799
249.0,33,8751.837327
249.0,33,8752.538663
249.0,33,8753.386674
249.0,33,8754.036357
249.0,33,8754.740108
249.0,33,8755.387883
249.0,33,8756.09013
249.0,33,8756.779947
249.0,33,8757.537923
249.0,33,8758.238907
249.0,33,8759.18329
249.0,33,8759.816847
249.0,33,8760.493137
249.0,33,8761.195128
249.0,33,8762.114749
249.0,33,8763.098418
249.0,33,8763.965691
249.0,33,8764.59847
249.0,33,8765.278405
249.0,33,8765.996862
249.0,33,8766.601903
249.0,33,8767.329324
249.0,33,8768.205309
249.0,33,8768.805938
249.0,33,8769.485275
249.0,33,8770.22683
249.0,33,8770.856743
249.0,33,8771.449952
249.0,33,8772.170023
249.0,33,8772.979371
249.0,33,8774.017548
249.0,33,8774.903306
249.0,33,8775.786451
249.0,33,8776.669744
249.0,33,8777.330634
249.0,33,8778.014144
249.0,33,8778.713977
249.0,33,8779.556936
249.0,33,8780.273997
249.0,33,8781.06876
249.0,33,8781.711288
249.0,33,8782.59935
249.0,33,8783.37302
249.0,33,8784.151789
249.0,33,8784.816731
249.0,33,8785.870375
249.0,33,8786.757905
249.0,33,8787.531341
249.0,33,8788.382554
249.0,33,8789.290699
249.0,33,8790.031097
249.0,33,8790.941517
249.0,33,8791.623752
249.0,33,8792.546027
249.0,33,8793.201325
249.0,33,8794.175128
249.0,33,8794.895882
249.0,33,8795.734486
249.0,33,8796.405926
249.0,33,8797.099373
249.0,33,8797.927114
249.0,33,8798.571529
249.0,33,8799.29525
249.0,33,8800.039328
249.0,33,8800.9102
249.0,33,8801.64823
249.0,33,8802.336218
249.0,33,8803.137325
249.0,33,8803.96063
249.0,33,8804.625137
249.0,33,8805.308813
249.0,33,8805.961255
249.0,33,8806.907386
249.0,33,8807.495303
249.0,33,8808.135388
249.0,33,8808.740292
249.0,33,8809.843428
249.0,33,8810.71479
249.0,33,8811.5069
249.0,33,8812.174941
249.0,33,8812.976659
249.0,33,8813.58556
249.0,33,8814.260864
249.0,33,8815.024223
249.0,33,8815.771347
249.0,33,8816.591878
249.0,33,8817.300952
249.0,33,8817.947493
249.0,33,8818.764117
249.0,33,8819.525281
249.0,33,8820.175545
249.0,33,8820.968065
249.0,33,8821.625582
249.0,33,8822.282251
249.0,33,8823.025065
249.0,33,8823.996086
249.0,33,8824.71436
249.0,33,8825.611143
249.0,33,8826.37384
249.0,33,8827.22066
249.0,33,8827.986776
249.0,33,8828.978956
249.0,33,8829.656202
249.0,33,8830.609446
249.0,33,8831.332665
249.0,33,8831.892226
249.0,33,8832.592304
249.0,33,8833.349972
249.0,33,8834.041395
249.0,33,8834.907823
249.0,33,8835.678092
249.0,33,8836.633381
249.0,33,8837.424163
249.0,33,8838.306023
249.0,33,8839.13966
249.0,33,8840.029151
249.0,33,8840.966806
249.0,33,8841.793061
249.0,33,8842.514471
249.0,33,8843.440337
249.0,33,8844.18734
249.0,33,8844.772374
249.0,33,8845.547839
249.0,33,8846.394979
249.0,33,8847.163681
249.0,33,8848.233562
249.0,33,8849.21398
249.0,33,8850.023888
249.0,33,8850.85207
249.0,33,8851.796199
249.0,33,8853.009581
249.0,33,8853.865477
249.0,33,8854.623274
249.0,33,8855.288356
249.0,33,8856.257972
249.0,33,8857.184489
249.0,33,8857.89959
249.0,33,8858.634039
249.0,33,8859.642935
249.0,33,8860.467079
249.0,33,8861.27668
249.0,33,8861.94557
249.0,33,8862.755173
249.0,33,8863.463116
249.0,33,8864.350444
249.0,33,8865.0557
249.0,33,8865.855227
249.0,33,8866.719455
249.0,33,8867.458202
249.0,33,8868.041265
249.0,33,8868.716737
249.0,33,8869.355371
249.0,33,8870.120815
249.0,33,8871.249065
249.0,33,8871.97556
249.0,33,8872.848817
249.0,33,8873.458627
249.0,33,8874.62269
249.0,33,8875.39622
249.0,33,8876.247908
249.0,33,8877.207457
249.0,33,8878.245869
249.0,33,8878.92645
249.0,33,8879.751536
249.0,33,8880.669291
249.0,33,8881.662941
249.0,33,8882.303811
249.0,33,8883.013488
249.0,33,8883.725281
249.0,33,8884.68699
249.0,33,8885.344218
249.0,33,8885.974773
249.0,33,8886.60392
249.0,33,8887.624349
249.0,33,8888.157098
249.0,33,8889.069288
249.0,33,8889.821809
249.0,33,8890.859462
249.0,33,8891.604108
249.0,33,8892.372922
249.0,33,8893.059663
249.0,33,8894.090796
249.0,33,8895.078427
249.0,33,8895.702205
249.0,33,8896.474183
249.0,33,8897.43919
249.0,33,8898.407876
249.0,33,8899.427638
249.0,33,8900.596263
249.0,33,8901.266272
249.0,33,8902.010358
249.0,33,8902.823936
249.0,33,8903.767374
249.0,33,8904.607259
249.0,33,8905.359719
249.0,33,8906.052676
249.0,33,8907.032646
249.0,33,8907.929343
249.0,33,8908.607494
249.0,33,8909.283149
249.0,33,8910.378943
249.0,33,8911.127717
249.0,33,8911.800967
249.0,33,8912.612514
249.0,33,8913.579541
249.0,33,8914.579255
249.0,33,8915.582649
249.0,33,8916.561097
249.0,33,8917.292826
249.0,33,8917.982513
249.0,33,8919.003817
249.0,33,8919.865171
249.0,33,8920.634898
249.0,33,8921.663348
249.0,33,8922.414824
249.0,33,8923.249167
249.0,33,8924.267899
249.0,33,8925.393861
249.0,33,8926.407635
249.0,33,8927.545399
249.0,33,8928.221855
249.0,33,8928.915942
249.0,33,8929.656168
249.0,33,8930.662637
249.0,33,8931.3857
249.0,33,8932.209656
249.0,33,8933.185208
249.0,33,8934.355906
249.0,33,8935.167839
249.0,33,8935.963535
249.0,33,8936.665062
249.0,33,8937.517777
249.0,33,8938.350607
249.0,33,8939.184767
249.0,33,8939.888637
249.0,33,8940.979477
249.0,33,8941.960039
249.0,33,8942.883271
249.0,33,8943.731974
249.0,33,8944.608857
249.0,33,8945.414998
249.0,33,8946.1102
249.0,33,8946.846681
249.0,33,8947.87246
249.0,33,8948.640913
249.0,33,8949.586232
249.0,33,8950.393124
249.0,33,8951.544347
249.0,33,8952.318823
249.0,33,8953.306937
249.0,33,8954.218718
249.0,33,8954.959076
249.0,33,8955.990731
249.0,33,8956.875717
249.0,33,8957.736141
249.0,33,8958.450482
249.0,33,8959.201545
249.0,33,8960.001638
249.0,33,8960.730228
249.0,33,8961.388175
249.0,33,8962.179977
249.0,33,8963.29733
249.0,33,8964.034692
249.0,33,8964.721532
249.0,33,8965.441458
249.0,33,8966.038033
249.0,33,8966.816375
249.0,33,8967.550802
249.0,33,8968.346228
249.0,33,8969.1274
249.0,33,8969.971532
249.0,33,8970.564386
249.0,33,8971.153021
249.0,33,8972.004237
249.0,33,8973.054755
249.0,33,8973.763717
249.0,33,8974.523156
249.0,33,8975.387769
249.0,33,8976.423815
249.0,33,8977.529682
249.0,33,8978.269427
249.0,33,8979.318265
249.0,33,8980.153278
249.0,33,8980.939898
249.0,33,8981.885488
249.0,33,8982.983377
249.0,33,8983.748792
249.0,33,8984.622912
249.0,33,8985.456831
249.0,33,8986.219164
249.0,33,8987.117037
249.0,33,8987.939037
249.0,33,8988.864138
249.0,33,8989.985815
249.0,33,8990.625568
249.0,33,8991.426256
249.0,33,8992.43541
249.0,33,8993.210411
249.0,33,8994.073569
249.0,33,8994.971237
249.0,33,8995.827828
249.0,33,8996.850471
249.0,33,8997.772061
249.0,33,8998.8652
249.0,33,8999.618352
249.0,33,9000.677964
249.0,33,9001.396162
249.0,33,9002.281787
249.0,33,9003.514751
249.0,33,9004.83196
249.0,33,9005.699657
249.0,33,9006.710889
249.0,33,9007.461914
249.0,33,9008.412587
249.0,33,9009.287238
249.0,33,9009.997869
249.0,33,9010.766005
249.0,33,9011.382305
249.0,33,9012.174182
249.0,33,9013.227455
249.0,33,9014.467617
249.0,33,9015.461745
249.0,33,9016.200296
249.0,33,9017.03764
249.0,33,9017.889812
249.0,33,9018.491331
249.0,33,9019.307184
249.0,33,9020.053747
249.0,33,9020.895482
249.0,33,9021.91401
249.0,33,9022.873799
249.0,33,9023.580265
249.0,33,9024.238796
249.0,33,9025.090003
249.0,33,9025.705206
249.0,33,9026.339106
249.0,33,9027.356299
249.0,33,9028.036745
249.0,33,9028.687709
249.0,33,9029.438528
249.0,33,9030.278984
249.0,33,9030.936242
249.0,33,9031.672316
249.0,33,9032.436496
249.0,33,9033.299753
249.0,33,9033.894574
249.0,33,9034.772321
249.0,33,9035.449974
249.0,33,9036.004344
249.0,33,9036.64175
249.0,33,9037.429515
249.0,33,9038.316528
249.0,33,9038.934943
249.0,33,9039.544626
249.0,33,9040.281795
249.0,33,9041.270128
249.0,33,9041.922779
249.0,33,9042.585896
249.0,33,9043.390277
249.0,33,9044.196337
249.0,33,9044.757211
249.0,33,9045.323895
249.0,33,9045.866164
249.0,33,9046.635278
249.0,33,9047.392302
249.0,33,9048.045403
249.0,33,9048.649696
249.0,33,9049.423555
249.0,33,9050.025514
249.0,33,9050.649807
249.0,33,9051.391546
249.0,33,9052.216628
249.0,33,9052.860175
249.0,33,9053.472843
249.0,33,9054.07822
249.0,33,9054.929242
249.0,33,9055.756104
249.0,33,9056.43816
249.0,33,9057.077212
249.0,33,9057.621115
249.0,33,9058.253777
249.0,33,9058.908057
249.0,33,9059.605073
249.0,33,9060.211064
249.0,33,9060.859634
249.0,33,9061.610072
249.0,33,9062.510149
249.0,33,9063.075824
249.0,33,9063.84216
249.0,33,9064.487639
249.0,33,9065.269542
249.0,33,9065.863189
249.0,33,9066.60859
249.0,33,9067.218286
249.0,33,9068.101256
249.0,33,9068.974153
249.0,33,9069.660614
249.0,33,9070.306167
249.0,33,9071.10459
249.0,33,9071.759242
249.0,33,9072.397128
249.0,33,9072.9178
249.0,33,9073.627631
249.0,33,9074.26847
249.0,33,9074.889903
249.0,33,9075.435221
249.0,33,9076.207213
249.0,33,9076.870834
249.0,33,9077.530064
249.0,33,9078.313067
249.0,33,9079.015701
249.0,33,9079.903307
249.0,33,9080.460043
249.0,33,9081.180688
249.0,33,9081.728641
249.0,33,9082.361024
249.0,33,9083.077032
249.0,33,9084.126977
249.0,33,9084.976276
249.0,33,9085.646558
249.0,33,9086.385895
249.0,33,9087.133374
249.0,33,9087.798296
249.0,33,9088.662529
249.0,33,9089.644349
249.0,33,9090.430479
249.0,33,9091.165761
249.0,33,9091.90398
249.0,33,9092.686602
249.0,33,9093.55456
249.0,33,9094.230463
249.0,33,9094.956713
249.0,33,9095.648294
249.0,33,9096.363425
249.0,33,9097.037071
249.0,33,9097.595342
249.0,33,9098.131311
249.0,33,9098.747969
249.0,33,9099.397014
249.0,33,9099.998869
249.0,33,9100.525184
249.0,33,9101.169511
249.0,33,9101.752621
249.0,33,9102.307737
249.0,33,9103.12982
249.0,33,9103.82471
249.0,33,9104.582032
249.0,33,9105.256885
249.0,33,9106.021291
249.0,33,9106.664213
249.0,33,9107.41309
249.0,33,9108.039007
249.0,33,9108.732297
249.0,33,9109.346294
249.0,33,9110.12213
249.0,33,9110.634548
249.0,33,9124.7504
249.0,33,9125.413159
249.0,33,9126.28375
249.0,33,9127.153652
249.0,33,9128.213782
249.0,33,9128.977316
249.0,33,9129.616269
249.0,33,9130.311148
249.0,33,9131.190483
249.0,33,9131.975441
249.0,33,9132.506448
249.0,33,9133.070408
249.0,33,9133.783274
249.0,33,9134.415885
249.0,33,9135.409294
249.0,33,9136.062909
249.0,33,9136.994217
249.0,33,9137.665335
249.0,33,9138.35115
249.0,33,9139.27307
249.0,33,9139.931803
249.0,33,9140.71102
249.0,33,9141.415426
249.0,33,9142.096072
249.0,33,9142.751469
249.0,33,9143.432495
249.0,33,9144.267412
249.0,33,9145.226707
249.0,33,9145.840115
249.0,33,9146.732312
249.0,33,9147.488502
249.0,33,9148.36873
249.0,33,9149.055216
249.0,33,9149.772215
249.0,33,9150.536373
249.0,33,9151.595191
249.0,33,9152.376248
249.0,33,9153.149683
249.0,33,9153.929382
249.0,33,9154.751139
249.0,33,9155.430691
249.0,33,9156.42489
249.0,33,9157.074656
249.0,33,9157.928431
249.0,33,9158.663218
249.0,33,9159.215785
249.0,33,9159.838981
249.0,33,9160.511677
249.0,33,9161.162447
249.0,33,9161.786366
249.0,33,9162.440534
249.0,33,9163.094883
249.0,33,9163.631165
249.0,33,9164.201241
249.0,33,9184.508667
249.0,33,9185.381713
249.0,33,9185.943651
249.0,33,9186.6955
249.0,33,9187.663996
249.0,33,9188.405722
249.0,33,9189.215819
249.0,33,9190.071234
249.0,33,9191.153047
249.0,33,9191.715273
249.0,33,9192.416556
249.0,33,9193.328832
249.0,33,9194.281569
249.0,33,9194.953506
249.0,33,9195.65139
249.0,33,9196.389273
249.0,33,9197.12379
249.0,33,9198.008028
249.0,33,9198.851814
249.0,33,9199.610223
249.0,33,9200.378376
249.0,33,9200.944972
249.0,33,9201.50813
249.0,33,9202.203654
249.0,33,9203.116237
249.0,33,9203.760492
249.0,33,9204.407015
249.0,33,9205.187373
249.0,33,9205.859692
249.0,33,9206.649868
249.0,33,9207.299732
249.0,33,9208.174988
249.0,33,9208.811402
249.0,33,9209.806874
249.0,33,9210.326647
249.0,33,9211.031799
249.0,33,9211.821427
249.0,33,9212.503406
249.0,33,9213.270375
249.0,33,9214.10034
249.0,33,9214.791101
249.0,33,9215.640167
249.0,33,9216.490554
249.0,33,9217.435775
249.0,33,9218.375873
249.0,33,9219.301792
249.0,33,9220.246669
249.0,33,9221.126974
249.0,33,9221.872065
249.0,33,9222.6685
249.0,33,9223.226176
249.0,33,9224.314419
249.0,33,9225.017314
249.0,33,9225.770533
249.0,33,9226.508272
249.0,33,9245.268354
249.0,33,9246.114407
249.0,33,9247.015142
249.0,33,9247.552308
249.0,33,9248.488374
249.0,33,9249.362502
249.0,33,9250.033824
249.0,33,9251.098162
249.0,33,9252.001393
249.0,33,9252.751628
249.0,33,9253.407779
249.0,33,9254.389305
249.0,33,9255.061692
249.0,33,9255.888904
249.0,33,9256.644468
249.0,33,9257.485613
249.0,33,9258.213839
249.0,33,9259.087353
249.0,33,9259.723186
249.0,33,9260.460853
249.0,33,9261.232885
249.0,33,9261.85576
249.0,33,9262.558761
249.0,33,9263.301961
249.0,33,9264.11689
249.0,33,9265.061777
249.0,33,9266.023284
249.0,33,9266.780943
249.0,33,9267.336334
249.0,33,9268.138371
249.0,33,9269.010956
249.0,33,9270.227782
249.0,33,9271.134163
249.0,33,9272.041469
249.0,33,9272.754097
249.0,33,9273.783635
249.0,33,9274.400459
249.0,33,9275.198616
249.0,33,9276.014395
249.0,33,9276.70561
249.0,33,9277.534747
249.0,33,9278.400646
249.0,33,9279.337051
249.0,33,9280.424356
249.0,33,9281.478582
249.0,33,9282.256925
249.0,33,9283.267754
249.0,33,9283.825377
249.0,33,9284.624434
249.0,33,9285.546616
249.0,33,9304.776938
249.0,33,9305.458981
249.0,33,9306.427268
249.0,33,9307.486778
249.0,33,9308.57084
249.0,33,9309.39367
249.0,33,9310.086102
249.0,33,9311.033448
249.0,33,9311.834598
249.0,33,9312.52202
249.0,33,9313.354234
249.0,33,9314.246786
249.0,33,9315.125931
249.0,33,9315.877986
249.0,33,9316.389987
249.0,33,9317.072595
249.0,33,9318.025827
249.0,33,9318.891982
249.0,33,9319.696105
249.0,33,9320.540863
249.0,33,9321.261436
249.0,33,9321.998017
249.0,33,9322.6606
249.0,33,9323.514953
249.0,33,9324.287905
249.0,33,9325.105618
249.0,33,9325.648144
249.0,33,9326.513329
249.0,33,9327.332205
249.0,33,9328.134347
249.0,33,9328.997013
249.0,33,9330.08357
249.0,33,9330.874583
249.0,33,9331.515509
249.0,33,9332.369726
249.0,33,9333.252249
249.0,33,9333.812543
249.0,33,9334.57816
249.0,33,9335.322261
249.0,33,9336.283601
249.0,33,9336.881657
249.0,33,9337.607534
249.0,33,9338.25901
249.0,33,9338.968314
249.0,33,9339.660562
249.0,33,9340.457881
249.0,33,9341.325668
249.0,33,9342.292572
249.0,33,9343.34827
249.0,33,9344.339498
249.0,33,9345.021276
249.0,33,9345.666564
249.0,33,9346.294859
249.0,33,9346.891192
249.0,33,9364.548475
249.0,33,9365.283845
249.0,33,9366.299172
249.0,33,9366.852369
249.0,33,9367.595879
249.0,33,9368.426146
249.0,33,9369.102151
249.0,33,9369.810012
249.0,33,9370.722594
249.0,33,9371.257709
249.0,33,9371.93118
249.0,33,9372.668221
249.0,33,9373.579289
249.0,33,9374.31813
249.0,33,9374.939125
249.0,33,9375.839719
249.0,33,9376.580867
249.0,33,9377.301018
249.0,33,9378.167497
249.0,33,9378.815593
249.0,33,9379.76711
249.0,33,9380.552959
249.0,33,9381.374017
249.0,33,9381.962288
249.0,33,9382.933461
249.0,33,9383.614219
249.0,33,9384.266086
249.0,33,9385.047542
249.0,33,9385.987808
249.0,33,9386.754805
249.0,33,9387.503402
249.0,33,9388.484693
249.0,33,9389.493458
249.0,33,9390.241973
249.0,33,9391.238604
249.0,33,9392.392325
249.0,33,9393.011512
249.0,33,9393.818234
249.0,33,9394.481245
249.0,33,9395.227056
249.0,33,9395.94664
249.0,33,9396.571308
249.0,33,9397.187898
249.0,33,9397.970698
249.0,33,9398.770445
249.0,33,9399.743093
249.0,33,9400.445189
249.0,33,9401.466567
249.0,33,9402.173279
249.0,33,9402.935601
249.0,33,9403.729309
249.0,33,9404.52707
249.0,33,9405.20974
249.0,33,9405.857386
249.0,33,9406.500905
249.0,33,9424.809248
249.0,33,9425.369211
249.0,33,9425.910792
249.0,33,9426.54968
249.0,33,9427.43518
249.0,33,9428.172801
249.0,33,9429.033555
249.0,33,9429.895436
249.0,33,9430.496861
249.0,33,9431.14234
249.0,33,9431.731004
249.0,33,9432.354685
249.0,33,9433.078572
249.0,33,9433.853187
249.0,33,9434.514424
249.0,33,9435.196014
249.0,33,9435.914798
249.0,33,9436.805489
249.0,33,9437.5592
249.0,33,9438.371988
249.0,33,9439.046943
249.0,33,9439.679782
249.0,33,9440.320159
249.0,33,9441.165492
249.0,33,9441.767961
249.0,33,9442.335896
249.0,33,9442.994178
249.0,33,9443.730634
249.0,33,9444.54682
249.0,33,9445.282912
249.0,33,9446.012694
249.0,33,9446.889428
249.0,33,9447.631607
249.0,33,9448.222665
249.0,33,9448.968744
249.0,33,9449.753025
249.0,33,9450.523152
249.0,33,9451.335969
249.0,33,9452.111944
249.0,33,9452.954203
249.0,33,9453.749796
249.0,33,9454.564827
249.0,33,9455.170463
249.0,33,9455.970877
249.0,33,9456.560287
249.0,33,9457.374597
249.0,33,9458.280529
249.0,33,9458.912349
249.0,33,9459.573379
249.0,33,9460.185261
249.0,33,9460.985084
249.0,33,9461.654984
249.0,33,9462.282369
249.0,33,9462.946334
249.0,33,9463.846347
249.0,33,9464.493686
249.0,33,9465.30806
249.0,33,9465.976487
249.0,33,9466.697524
249.0,33,9467.279944
249.0,33,9467.935339
249.0,33,9468.606424
249.0,33,9469.373212
249.0,33,9470.031629
249.0,33,9470.72721
249.0,33,9471.261524
249.0,33,9471.918493
249.0,33,9472.53139
249.0,33,9473.260457
249.0,33,9474.031414
249.0,33,9474.790519
249.0,33,9475.332921
249.0,33,9475.986701
249.0,33,9476.724441
249.0,33,9477.424747
249.0,33,9478.117725
249.0,33,9478.749926
249.0,33,9479.642669
249.0,33,9480.287296
249.0,33,9480.996666
249.0,33,9481.604723
249.0,33,9482.301718
249.0,33,9482.987523
249.0,33,9483.729357
249.0,33,9484.679302
249.0,33,9485.629488
249.0,33,9486.379476
249.0,33,9487.166591
249.0,33,9487.729591
249.0,33,9488.402781
249.0,33,9489.140708
249.0,33,9489.717274
249.0,33,9490.330167
249.0,33,9490.991505
249.0,33,9491.605132
249.0,33,9492.215191
249.0,33,9492.878062
249.0,33,9493.764963
249.0,33,9494.303343
249.0,33,9494.91081
249.0,33,9495.473298
249.0,33,9496.381075
249.0,33,9497.141763
249.0,33,9497.773539
249.0,33,9498.493991
249.0,33,9499.129262
249.0,33,9499.874308
249.0,33,9500.472379
249.0,33,9501.497362
249.0,33,9502.192639
249.0,33,9502.788901
249.0,33,9503.555092
249.0,33,9504.3598
249.0,33,9504.981638
249.0,33,9505.671421
249.0,33,9506.33175
249.0,33,9507.423032
249.0,33,9508.202484
249.0,33,9508.842446
249.0,33,9509.481358
249.0,33,9510.230404
249.0,33,9510.977381
249.0,33,9511.794274
249.0,33,9512.487743
249.0,33,9513.350754
249.0,33,9513.995116
249.0,33,9514.566392
249.0,33,9515.311468
249.0,33,9516.120524
249.0,33,9516.845099
249.0,33,9517.559516
249.0,33,9518.199975
249.0,33,9518.915545
249.0,33,9519.756116
249.0,33,9520.599821
249.0,33,9521.341138
249.0,33,9521.959448
249.0,33,9522.513515
249.0,33,9523.053672
249.0,33,9523.979575
249.0,33,9524.578373
249.0,33,9525.265773
249.0,33,9525.987391
249.0,33,9526.64859
249.0,33,9527.398427
249.0,33,9527.996062
249.0,33,9528.605851
249.0,33,9529.305406
249.0,33,9529.909707
249.0,33,9530.593174
249.0,33,9531.334529
249.0,33,9532.223959
249.0,33,9532.792747
249.0,33,9533.495533
249.0,33,9534.229476
249.0,33,9535.040936
249.0,33,9535.927283
249.0,33,9536.540567
249.0,33,9537.250884
249.0,33,9538.143472
249.0,33,9538.879245
249.0,33,9539.637542
249.0,33,9540.444741
249.0,33,9541.278229
249.0,33,9542.064828
249.0,33,9542.900921
249.0,33,9543.81532
249.0,33,9544.643906
249.0,33,9545.269753
249.0,33,9546.147959
249.0,33,9546.908668
249.0,33,9547.655796
249.0,33,9548.317554
249.0,33,9548.898816
249.0,33,9549.482714
249.0,33,9550.190061
249.0,33,9550.862073
249.0,33,9551.433537
249.0,33,9552.130839
249.0,33,9552.687984
249.0,33,9553.202393
249.0,33,9553.806118
249.0,33,9554.514138
249.0,33,9555.166655
249.0,33,9555.886652
249.0,33,9556.540459
249.0,33,9557.528986
249.0,33,9558.238118
249.0,33,9558.940784
249.0,33,9559.751022
249.0,33,9560.579903
249.0,33,9561.254483
249.0,33,9562.007311
249.0,33,9562.842314
249.0,33,9563.501214
249.0,33,9564.162623
249.0,33,9564.814567
249.0,33,9565.481918
249.0,33,9566.121249
249.0,33,9566.774604
249.0,33,9567.53408
249.0,33,9568.510859
249.0,33,9569.209135
249.0,33,9569.990025
249.0,33,9570.722401
249.0,33,9571.522657
249.0,33,9572.21862
249.0,33,9573.243703
249.0,33,9574.10943
249.0,33,9575.117037
249.0,33,9575.980193
249.0,33,9577.004435
249.0,33,9577.767745
249.0,33,9578.624427
249.0,33,9579.266696
249.0,33,9579.980392
249.0,33,9580.744253
249.0,33,9581.619813
249.0,33,9582.323774
249.0,33,9583.050043
249.0,33,9583.639576
249.0,33,9584.57244
249.0,33,9585.298074
249.0,33,9585.946641
249.0,33,9586.485765
249.0,33,9587.44151
249.0,33,9588.16571
249.0,33,9588.97722
249.0,33,9589.745536
249.0,33,9590.518975
249.0,33,9591.33311
249.0,33,9592.140593
249.0,33,9593.28181
249.0,33,9594.049369
249.0,33,9594.722035
249.0,33,9595.480388
249.0,33,9596.4229
249.0,33,9597.165802
249.0,33,9598.032291
249.0,33,9598.706122
249.0,33,9599.514471
249.0,33,9600.199055
249.0,33,9600.997302
249.0,33,9601.845385
249.0,33,9602.854961
249.0,33,9603.915156
249.0,33,9604.607852
249.0,33,9605.422452
249.0,33,9606.316795
249.0,33,9607.050995
249.0,33,9607.635836
249.0,33,9608.339838
249.0,33,9609.481736
249.0,33,9610.361717
249.0,33,9611.202746
249.0,33,9611.812873
249.0,33,9612.517295
249.0,33,9613.377223
249.0,33,9614.021126
249.0,33,9614.627129
249.0,33,9615.385057
249.0,33,9616.11489
249.0,33,9616.874354
249.0,33,9617.645405
249.0,33,9618.391469
249.0,33,9619.048563
249.0,33,9619.851016
249.0,33,9620.646746
249.0,33,9621.34628
249.0,33,9622.06883
249.0,33,9622.802277
249.0,33,9623.835322
249.0,33,9624.624627
249.0,33,9625.269085
249.0,33,9626.002246
249.0,33,9626.809675
249.0,33,9627.76923
249.0,33,9628.393691
249.0,33,9629.360014
249.0,33,9630.277386
249.0,33,9631.056714
249.0,33,9631.95616
249.0,33,9632.662435
249.0,33,9633.418477
249.0,33,9634.10597
249.0,33,9634.837702
249.0,33,9635.57504
249.0,33,9636.344083
249.0,33,9637.045902
249.0,33,9637.967361
249.0,33,9638.748996
249.0,33,9639.535551
249.0,33,9640.345735
249.0,33,9640.913939
249.0,33,9641.804656
249.0,33,9642.396863
249.0,33,9643.309972
-21.0,2406,9698.318174
249.0,33,9699.032941
249.0,33,9699.669606
249.0,33,9700.383946
249.0,33,9701.291775
249.0,33,9702.138256
249.0,33,9702.925953
249.0,33,9703.789415
249.0,33,9704.390864
249.0,33,9705.056079
249.0,33,9705.703613
249.0,33,9706.565257
249.0,33,9707.355609
249.0,33,9708.060265
249.0,33,9708.863728
249.0,33,9709.775061
249.0,33,9710.577444
249.0,33,9711.328974
249.0,33,9712.131593
249.0,33,9712.904179
249.0,33,9713.530314
249.0,33,9714.374949
249.0,33,9715.094114
249.0,33,9715.890638
249.0,33,9716.520573
249.0,33,9717.119765
249.0,33,9718.104637
249.0,33,9718.740441
249.0,33,9719.633998
249.0,33,9720.346434
249.0,33,9721.084918
249.0,33,9721.625374
249.0,33,9722.234836
249.0,33,9722.904771
249.0,33,9723.547153
249.0,33,9724.213972
249.0,33,9724.840896
249.0,33,9725.616253
249.0,33,9726.460908
249.0,33,9727.319185
249.0,33,9727.959193
249.0,33,9728.660687
249.0,33,9729.528278
249.0,33,9730.498957
249.0,33,9731.305959
249.0,33,9732.107644
249.0,33,9732.815303
249.0,33,9733.62729
249.0,33,9734.469031
249.0,33,9735.23781
249.0,33,9736.091631
249.0,33,9736.909454
249.0,33,9737.633542
249.0,33,9738.319006
249.0,33,9739.443684
249.0,33,9740.102937
249.0,33,9740.796483
249.0,33,9741.641886
249.0,33,9742.291828
249.0,33,9743.001176
249.0,33,9743.885979
249.0,33,9744.643022
249.0,33,9745.405401
249.0,33,9746.171013
249.0,33,9746.900339
249.0,33,9747.631404
249.0,33,9748.548348
249.0,33,9749.292691
249.0,33,9749.946711
249.0,33,9750.687793
249.0,33,9751.22012
249.0,33,9751.883344
249.0,33,9752.700027
249.0,33,9753.594619
249.0,33,9754.371093
249.0,33,9755.274866
249.0,33,9756.036915
249.0,33,9757.005049
249.0,33,9757.794829
249.0,33,9758.475471
249.0,33,9759.292736
249.0,33,9760.117978
249.0,33,9760.839644
249.0,33,9761.640976
249.0,33,9762.367521
249.0,33,9763.180795
249.0,33,9763.785847
249.0,33,9764.56066
249.0,33,9765.381354
249.0,33,9766.04415
249.0,33,9766.957425
249.0,33,9767.659258
249.0,33,9768.717786
249.0,33,9769.535
249.0,33,9770.195015
249.0,33,9771.139623
249.0,33,9772.187105
249.0,33,9773.142794
249.0,33,9773.751358
249.0,33,9774.355192
249.0,33,9775.284875
249.0,33,9776.140808
249.0,33,9777.034961
249.0,33,9777.8433
249.0,33,9778.881966
249.0,33,9779.618522
249.0,33,9780.338732
249.0,33,9780.912248
249.0,33,9781.693832
249.0,33,9782.444313
249.0,33,9783.153134
249.0,33,9783.785812
249.0,33,9784.679362
249.0,33,9785.60229
249.0,33,9786.241173
249.0,33,9786.899394
249.0,33,9787.903743
249.0,33,9788.630721
249.0,33,9789.535964
249.0,33,9790.424189
249.0,33,9791.175518
249.0,33,9792.160125
249.0,33,9792.990809
249.0,33,9793.797622
249.0,33,9794.671704
249.0,33,9795.256167
249.0,33,9795.843542
249.0,33,9796.877261
249.0,33,9797.599298
249.0,33,9798.383321
249.0,33,9799.015513
249.0,33,9799.844409
249.0,33,9800.612919
249.0,33,9801.247651
249.0,33,9802.026157
249.0,33,9802.857563
249.0,33,9803.558416
249.0,33,9804.494041
249.0,33,9805.271777
249.0,33,9806.272762
249.0,33,9807.0078
249.0,33,9807.830426
249.0,33,9808.517394
249.0,33,9809.422066
249.0,33,9810.084738
249.0,33,9810.877956
249.0,33,9811.726425
249.0,33,9812.373861
249.0,33,9812.950309
249.0,33,9813.527519
249.0,33,9814.150835
249.0,33,9814.971323
249.0,33,9815.670682
249.0,33,9816.434143
249.0,33,9817.356554
249.0,33,9818.110358
249.0,33,9818.767688
249.0,33,9819.500535
249.0,33,9820.304582
249.0,33,9820.957318
249.0,33,9821.549346
249.0,33,9822.193765
249.0,33,9822.902774
249.0,33,9823.596725
249.0,33,9824.271924
249.0,33,9824.983032
249.0,33,9825.777905
249.0,33,9826.521176
249.0,33,9827.146187
249.0,33,9827.750579
249.0,33,9828.505721
249.0,33,9829.056325
249.0,33,9829.629495
249.0,33,9830.19919
249.0,33,9831.038198
249.0,33,9831.663279
249.0,33,9832.209976
249.0,33,9832.889969
249.0,33,9833.586105
249.0,33,9834.162422
249.0,33,9834.835918
249.0,33,9835.446509
249.0,33,9836.087884
249.0,33,9836.678248
249.0,33,9837.264147
249.0,33,9837.984603
249.0,33,9838.677037
249.0,33,9839.263703
249.0,33,9839.838704
249.0,33,9840.579775
249.0,33,9841.138522
249.0,33,9841.761375
249.0,33,9842.32889
249.0,33,9843.060944
249.0,33,9843.826435
249.0,33,9844.43828
249.0,33,9845.074986
249.0,33,9845.778037
249.0,33,9846.461327
249.0,33,9847.125865
249.0,33,9847.798637
249.0,33,9848.667383
249.0,33,9849.382789
249.0,33,9850.08792
249.0,33,9850.871628
249.0,33,9851.68808
249.0,33,9852.434149
249.0,33,9853.138814
249.0,33,9853.834732
249.0,33,9854.653256
249.0,33,9855.3766
249.0,33,9856.113515
249.0,33,9856.890682
249.0,33,9857.80546
249.0,33,9858.438945
249.0,33,9859.107904
249.0,33,9859.929776
249.0,33,9860.713264
249.0,33,9861.325873
249.0,33,9861.913403
249.0,33,9862.619203
249.0,33,9863.304536
249.0,33,9864.034015
249.0,33,9864.702601
249.0,33,9865.483954
249.0,33,9866.133928
249.0,33,9866.73978
249.0,33,9867.307498
249.0,33,9868.062472
249.0,33,9868.653467
249.0,33,9869.252052
249.0,33,9869.850581
249.0,33,9870.551724
249.0,33,9871.218087
249.0,33,9871.8389
249.0,33,9872.569599
249.0,33,9873.298873
249.0,33,9873.944973
249.0,33,9874.565144
249.0,33,9875.182786
249.0,33,9875.971916
249.0,33,9876.60968
249.0,33,9877.310424
249.0,33,9877.987248
249.0,33,9878.784238
249.0,33,9879.497366
249.0,33,9880.27636
249.0,33,9881.047057
249.0,33,9881.61638
249.0,33,9882.216437
249.0,33,9882.902725
249.0,33,9883.76479
249.0,33,9884.484493
249.0,33,9885.161899
249.0,33,9885.872361
249.0,33,9886.658038
249.0,33,9887.38325
249.0,33,9888.140811
249.0,33,9888.854744
249.0,33,9889.639156
249.0,33,9890.250974
249.0,33,9890.859017
249.0,33,9891.46254
249.0,33,9892.176474
249.0,33,9892.860695
249.0,33,9893.534192
249.0,33,9894.169606
249.0,33,9895.040652
249.0,33,9895.678725
249.0,33,9896.339658
249.0,33,9896.931597
249.0,33,9897.62417
249.0,33,9898.184243
249.0,33,9898.885919
249.0,33,9899.583843
249.0,33,9900.314509
249.0,33,9900.871488
249.0,33,9901.419105
249.0,33,9901.975026
249.0,33,9902.668056
249.0,33,9903.220281
249.0,33,9903.78081
249.0,33,9904.464997
249.0,33,9905.018456
249.0,33,9905.609263
249.0,33,9906.23752
249.0,33,9906.9422
249.0,33,9907.499906
249.0,33,9908.212689
249.0,33,9908.91046
249.0,33,9909.672935
249.0,33,9910.315901
249.0,33,9911.063665
249.0,33,9911.765486
249.0,33,9912.514039
249.0,33,9913.087376
249.0,33,9913.790533
249.0,33,9914.46081
249.0,33,9915.256296
249.0,33,9916.032676
249.0,33,9916.762651
249.0,33,9917.535057
249.0,33,9918.288296
249.0,33,9918.862113
249.0,33,9919.489737
249.0,33,9920.134231
249.0,33,9920.82766
249.0,33,9921.417434
249.0,33,9922.042615
249.0,33,9922.597287
249.0,33,9923.26474
249.0,33,9923.846227
249.0,33,9924.432613
249.0,33,9925.068057
249.0,33,9925.641612
249.0,33,9926.187026
249.0,33,9926.775893
249.0,33,9927.49262
249.0,33,9928.191312
249.0,33,9928.848369
249.0,33,9929.497087
249.0,33,9930.220018
249.0,33,9930.81075
249.0,33,9931.435297
249.0,33,9932.1536
249.0,33,9932.96666
249.0,33,9933.654217
249.0,33,9934.238778
249.0,33,9934.899206
249.0,33,9935.676835
249.0,33,9936.245578
249.0,33,9936.949668
249.0,33,9937.621814
249.0,33,9938.392778
249.0,33,9939.08106
249.0,33,9939.725285
249.0,33,9940.432124
249.0,33,9941.264462
249.0,33,9941.948288
249.0,33,9942.521668
249.0,33,9943.069514
249.0,33,9943.698215
249.0,33,9944.24104
249.0,33,9944.824656
249.0,33,9945.569731
249.0,33,9946.209461
249.0,33,9946.806309
249.0,33,9947.393309
249.0,33,9948.199326
249.0,33,9948.891978
249.0,33,9949.576473
249.0,33,9950.280078
249.0,33,9951.09644
249.0,33,9951.740363
249.0,33,9952.313042
249.0,33,9952.950871
249.0,33,9953.611969
249.0,33,9954.250693
249.0,33,9954.868354
249.0,33,9955.553468
249.0,33,9956.309234
249.0,33,9956.987593
249.0,33,9957.853642
249.0,33,9958.736769
249.0,33,9959.538879
249.0,33,9960.236228
249.0,33,9960.875178
249.0,33,9961.57118
249.0,33,9962.333482
249.0,33,9962.966113
249.0,33,9963.514678
249.0,33,9964.163153
249.0,33,9964.8783
249.0,33,9965.611197
249.0,33,9966.203801
249.0,33,9966.988075
249.0,33,9967.576156
249.0,33,9968.255673
249.0,33,9968.910547
249.0,33,9969.65205
249.0,33,9970.256968
249.0,33,9970.878494
249.0,33,9971.462423
249.0,33,9972.297528
249.0,33,9972.969918
249.0,33,9973.579078
249.0,33,9974.182744
249.0,33,9974.898639
249.0,33,9975.496776
249.0,33,9976.091224
249.0,33,9976.769703
249.0,33,9977.527586
249.0,33,9978.122445
249.0,33,9978.75324
249.0,33,9979.544785
249.0,33,9980.352228
249.0,33,9981.018797
249.0,33,9981.659194
249.0,33,9982.36692
249.0,33,9983.348468
249.0,33,9984.087772
249.0,33,9984.932813
249.0,33,9985.697378
249.0,33,9986.728334
249.0,33,9987.481705
249.0,33,9988.190358
249.0,33,9988.949243
249.0,33,9990.037696
249.0,33,9990.793813
249.0,33,9991.335038
249.0,33,9992.164661
249.0,33,9992.70462
249.0,33,9993.349701
249.0,33,9993.96902
249.0,33,9994.75779
249.0,33,9995.343211
249.0,33,9996.033647
249.0,33,9996.998138
249.0,33,9997.889775
249.0,33,9998.641696
249.0,33,9999.247776
249.0,33,9999.865331
249.0,33,10000.613622
249.0,33,10001.350317
249.0,33,10002.296617
249.0,33,10003.0352
249.0,33,10004.175975
249.0,33,10005.085462
249.0,33,10006.001881
249.0,33,10006.770016
249.0,33,10007.572557
249.0,33,10008.311881
249.0,33,10009.104491
249.0,33,10009.664698
249.0,33,10010.384713
249.0,33,10011.233573
249.0,33,10012.024096
249.0,33,10013.089185
249.0,33,10013.939506
249.0,33,10014.532359
249.0,33,10015.269314
249.0,33,10016.311851
249.0,33,10017.193294
249.0,33,10018.131259
249.0,33,10018.901555
249.0,33,10019.673837
249.0,33,10020.430916
249.0,33,10021.064974
249.0,33,10021.779289
249.0,33,10022.740424
249.0,33,10023.421167
249.0,33,10024.258683
249.0,33,10024.944616
249.0,33,10025.833094
249.0,33,10026.629552
249.0,33,10027.257806
249.0,33,10028.091203
249.0,33,10028.92404
249.0,33,10029.571403
249.0,33,10030.269733
249.0,33,10030.921791
249.0,33,10031.544188
249.0,33,10032.11307
249.0,33,10032.666521
249.0,33,10033.269061
249.0,33,10034.067277
249.0,33,10034.687367
249.0,33,10035.720782
249.0,33,10036.454721
249.0,33,10037.450372
249.0,33,10038.098293
249.0,33,10038.761159
249.0,33,10039.547455
249.0,33,10040.24773
249.0,33,10040.903941
249.0,33,10041.678121
249.0,33,10042.3802
249.0,33,10043.156124
249.0,33,10043.951439
249.0,33,10045.004951
249.0,33,10046.163274
249.0,33,10046.90709
249.0,33,10047.657967
249.0,33,10048.229544
249.0,33,10048.909388
249.0,33,10049.672606
249.0,33,10050.277525
249.0,33,10050.971781
249.0,33,10051.796873
249.0,33,10052.433031
249.0,33,10053.188102
249.0,33,10053.913227
249.0,33,10054.69552
249.0,33,10055.513592
249.0,33,10056.508797
249.0,33,10057.399132
249.0,33,10058.344527
249.0,33,10058.903326
249.0,33,10059.433603
249.0,33,10060.135108
249.0,33,10061.024105
249.0,33,10061.705853
249.0,33,10062.464334
249.0,33,10063.452351
249.0,33,10064.279537
249.0,33,10065.04344
249.0,33,10065.716929
249.0,33,10066.507299
249.0,33,10067.220788
249.0,33,10067.80574
249.0,33,10068.50969
249.0,33,10069.483357
249.0,33,10070.120579
249.0,33,10070.782491
249.0,33,10071.356271
249.0,33,10071.978644
249.0,33,10072.59802
249.0,33,10073.137751
249.0,33,10073.927545
249.0,33,10074.690163
249.0,33,10075.383207
249.0,33,10076.268829
249.0,33,10076.838935
249.0,33,10077.444426
249.0,33,10078.007048
249.0,33,10078.725949
249.0,33,10079.333666
249.0,33,10080.109922
249.0,33,10080.73614
249.0,33,10081.501779
249.0,33,10082.231798
249.0,33,10083.084965
249.0,33,10083.912407
249.0,33,10084.523715
249.0,33,10085.13523
249.0,33,10086.147546
249.0,33,10086.686044
249.0,33,10087.296571
249.0,33,14684.564203
249.0,33,14685.240136
249.0,33,14685.845599
249.0,33,14686.455644
249.0,33,14687.184639
249.0,33,14687.784835
249.0,33,14688.45021
249.0,33,14689.083926
249.0,33,14689.942739
249.0,33,14690.656999
249.0,33,14691.280545
249.0,33,14691.926132
249.0,33,14692.67754
249.0,33,14693.335724
249.0,33,14694.012852
249.0,33,14694.654126
249.0,33,14695.53082
249.0,33,14696.16515
249.0,33,14696.763154
249.0,33,14697.505813
249.0,33,14698.336551
249.0,33,14699.048087
249.0,33,14699.699343
249.0,33,14700.414362
249.0,33,14701.136106
249.0,33,14701.923162
249.0,33,14702.720611
249.0,33,14703.36021
249.0,33,14704.232181
249.0,33,14704.898482
249.0,33,14705.720327
249.0,33,14706.65389
249.0,33,14707.460465
249.0,33,14708.164308
249.0,33,14708.969867
249.0,33,14709.696349
249.0,33,14710.297252
249.0,33,14710.946026
249.0,33,14711.59699
249.0,33,14712.417077
249.0,33,14713.071726
249.0,33,14713.799535
249.0,33,14714.505347
249.0,33,14715.348993
249.0,33,14715.967111
249.0,33,14716.595284
249.0,33,14717.236757
249.0,33,14717.985309
249.0,33,14718.72521
249.0,33,14719.277999
249.0,33,14719.846837
249.0,33,14720.640606
249.0,33,14721.241724
249.0,33,14722.112643
249.0,33,14722.763004
249.0,33,14723.455333
249.0,33,14724.067197
249.0,33,14724.653519
249.0,33,14725.426084
249.0,33,14726.407916
249.0,33,14727.474881
249.0,33,14728.135243
249.0,33,14729.009583
249.0,33,14729.621139
249.0,33,14730.223
249.0,33,14730.857774
249.0,33,14731.540047
249.0,33,14732.214842
249.0,33,14732.877214
249.0,33,14733.530373
249.0,33,14734.481164
249.0,33,14735.170712
249.0,33,14735.771661
249.0,33,14736.456969
249.0,33,14737.385777
249.0,33,14738.084301
249.0,33,14738.836809
249.0,33,14739.573618
249.0,33,14740.339325
249.0,33,14741.162939
249.0,33,14741.799373
249.0,33,14742.473412
249.0,33,14743.255224
249.0,33,14743.887392
249.0,33,14744.658133
249.0,33,14745.253573
249.0,33,14745.963476
249.0,33,14746.608201
249.0,33,14747.203373
249.0,33,14747.871787
249.0,33,14748.532569
249.0,33,14749.189552
249.0,33,14749.84243
249.0,33,14750.735752
249.0,33,14751.350945
249.0,33,14752.094962
249.0,33,14752.781541
249.0,33,14753.58496
249.0,33,14754.195228
249.0,33,14754.791145
249.0,33,14755.394927
249.0,33,14756.30891
249.0,33,14757.127263
249.0,33,14757.837439
249.0,33,14758.507621
249.0,33,14759.275793
249.0,33,14759.920959
249.0,33,14760.528801
249.0,33,14761.123729
249.0,33,14761.905588
249.0,33,14762.737492
249.0,33,14763.330107
249.0,33,14763.994619
249.0,33,14764.898124
249.0,33,14765.627926
249.0,33,14766.197121
249.0,33,14766.810595
249.0,33,14767.509634
249.0,33,14768.110268
249.0,33,14768.778153
249.0,33,14769.308791
249.0,33,14769.922452
249.0,33,14770.475965
249.0,33,14771.10837
249.0,33,14771.807538
249.0,33,14772.561386
249.0,33,14773.228212
249.0,33,14773.830059
249.0,33,14774.566822
249.0,33,14775.194961
249.0,33,14775.769952
249.0,33,14776.504446
249.0,33,14777.288
249.0,33,14778.150177
249.0,33,14778.742054
249.0,33,14779.489111
249.0,33,14780.267707
249.0,33,14780.892427
249.0,33,14781.514471
249.0,33,14782.179864
249.0,33,14783.027711
249.0,33,14783.614069
249.0,33,14784.241574
249.0,33,14784.833283
249.0,33,14785.646871
249.0,33,14786.334602
249.0,33,14787.214344
249.0,33,14787.906691
249.0,33,14788.685057
249.0,33,14789.316261
249.0,33,14790.000926
249.0,33,14790.684218
249.0,33,14791.368206
249.0,33,14791.917581
249.0,33,14792.470459
249.0,33,14792.973483
249.0,33,14793.693133
249.0,33,14794.417169
249.0,33,14795.021597
249.0,33,14795.687862
249.0,33,14796.31551
249.0,33,14796.97424
249.0,33,14797.624519
249.0,33,14798.345519
249.0,33,14798.934074
249.0,33,14799.537386
249.0,33,14800.167059
249.0,33,14800.913485
249.0,33,14801.587832
249.0,33,14802.244047
249.0,33,14802.87392
249.0,33,14803.651917
249.0,33,14804.231088
249.0,33,14804.983278
249.0,33,14805.82131
249.0,33,14806.485785
249.0,33,14807.426144
249.0,33,14808.180711
249.0,33,14808.883525
249.0,33,14809.859623
249.0,33,14810.868195
249.0,33,14811.627464
249.0,33,14812.493399
249.0,33,14813.22618
249.0,33,14813.847263
249.0,33,14814.499557
249.0,33,14815.132598
249.0,33,14815.978995
249.0,33,14816.61424
249.0,33,14817.257756
249.0,33,14818.118729
249.0,33,14818.965351
249.0,33,14819.637871
249.0,33,14820.287194
249.0,33,14821.035882
249.0,33,14821.624854
249.0,33,14822.296091
249.0,33,14822.873413
249.0,33,14823.595354
249.0,33,14824.190564
249.0,33,14824.87612
249.0,33,14825.470887
249.0,33,14826.156759
249.0,33,14826.843201
249.0,33,14827.514597
249.0,33,14828.180286
249.0,33,14828.927182
249.0,33,14829.5253
249.0,33,14830.144437
249.0,33,14830.849214
249.0,33,14831.656042
249.0,33,14832.25197
249.0,33,14833.07278
249.0,33,14833.802291
249.0,33,14834.582472
249.0,33,14835.247784
249.0,33,14836.005028
249.0,33,14836.624204
249.0,33,14837.285301
249.0,33,14837.9557
249.0,33,14838.538377
249.0,33,14839.324806
249.0,33,14839.891881
249.0,33,14840.454491
249.0,33,14841.011108
249.0,33,14841.640755
249.0,33,14842.260609
249.0,33,14842.8713
249.0,33,14843.483721
249.0,33,14844.188498
249.0,33,14844.778664
249.0,33,14845.353077
249.0,33,14846.078118
249.0,33,14846.922158
249.0,33,14847.541755
249.0,33,14848.145565
249.0,33,14848.811404
249.0,33,14849.427268
249.0,33,14849.971756
249.0,33,14850.635442
249.0,33,14851.20146
249.0,33,14851.869533
249.0,33,14852.428466
249.0,33,14853.027265
249.0,33,14853.57273
249.0,33,14854.303038
249.0,33,14855.231102
249.0,33,14855.953477
249.0,33,14856.779426
249.0,33,14857.544588
249.0,33,14858.243106
249.0,33,14858.842319
249.0,33,14859.463712
249.0,33,14860.225886
249.0,33,14860.782667
249.0,33,14861.510312
249.0,33,14862.174387
249.0,33,14862.852511
249.0,33,14863.469157
249.0,33,14864.220049
249.0,33,14864.979431
249.0,33,14865.626013
249.0,33,14866.420448
249.0,33,14867.025713
249.0,33,14867.708626
249.0,33,14868.326515
249.0,33,14868.949031
249.0,33,14869.847499
249.0,33,14870.7779
249.0,33,14871.467726
249.0,33,14872.075134
249.0,33,14872.69142
249.0,33,14873.352976
249.0,33,14873.900315
249.0,33,14874.520615
249.0,33,14875.123837
249.0,33,14876.002209
249.0,33,14876.859955
249.0,33,14877.475884
249.0,33,14878.104538
249.0,33,14878.881653
249.0,33,14879.580479
249.0,33,14880.217424
249.0,33,14880.904544
249.0,33,14881.796786
249.0,33,14882.435152
249.0,33,14882.993886
249.0,33,14883.7558
249.0,33,14884.410222
249.0,33,14885.053856
249.0,33,14885.815267
249.0,33,14886.587016
249.0,33,14887.297352
249.0,33,14887.973652
249.0,33,14888.587745
249.0,33,14889.423832
249.0,33,14890.035573
249.0,33,14890.660862
249.0,33,14891.261275
249.0,33,14891.999175
249.0,33,14892.59112
249.0,33,14893.128777
249.0,33,14893.718874
249.0,33,14894.471941
249.0,33,14895.061958
249.0,33,14895.730736
249.0,33,14896.31772
249.0,33,14896.976266
249.0,33,14897.74049
249.0,33,14898.381981
249.0,33,14899.135145
249.0,33,14900.00926
249.0,33,14900.756614
249.0,33,14901.559597
249.0,33,14902.362212
249.0,33,14903.178221
249.0,33,14903.747928
249.0,33,14904.399671
249.0,33,14905.242356
249.0,33,14905.938419
249.0,33,14906.708349
249.0,33,14907.542669
249.0,33,14908.314512
249.0,33,14908.982855
249.0,33,14909.682945
249.0,33,14910.553623
249.0,33,14911.342488
249.0,33,14912.054237
249.0,33,14912.713495
249.0,33,14913.409099
249.0,33,14914.162618
249.0,33,14914.805386
249.0,33,14915.491157
249.0,33,14916.206666
249.0,33,14917.067342
249.0,33,14917.793943
249.0,33,14918.505199
249.0,33,14919.174167
249.0,33,14919.951755
249.0,33,14920.539373
249.0,33,14921.120148
249.0,33,14921.668644
249.0,33,14922.45442
249.0,33,14923.140203
249.0,33,14923.793291
249.0,33,14924.528854
249.0,33,14925.405818
249.0,33,14926.072004
249.0,33,14926.66267
249.0,33,14927.450768
249.0,33,14928.202144
249.0,33,14928.838989
249.0,33,14929.680155
249.0,33,14930.416507
249.0,33,14930.959018
249.0,33,14931.670946
249.0,33,14932.26666
249.0,33,14933.166837
249.0,33,14934.093633
249.0,33,14934.812316
249.0,33,14935.366927
249.0,33,14936.011774
249.0,33,14936.668186
249.0,33,14937.358205
249.0,33,14937.919488
249.0,33,14938.593811
249.0,33,14939.30975
249.0,33,14939.96211
249.0,33,14940.592881
249.0,33,14941.465227
249.0,33,14942.048348
249.0,33,14942.721864
249.0,33,14943.36253
249.0,33,14944.120121
249.0,33,14944.733726
249.0,33,14945.508508
249.0,33,14946.100834
249.0,33,14946.815669
249.0,33,14947.460772
249.0,33,14948.074077
249.0,33,14948.615494
249.0,33,14949.275083
249.0,33,14949.909939
249.0,33,14950.466587
249.0,33,14951.12314
249.0,33,14951.729059
249.0,33,14952.290218
249.0,33,14952.890802
249.0,33,14953.704729
249.0,33,14954.558256
249.0,33,14955.268756
249.0,33,14955.900583
249.0,33,14956.665263
249.0,33,14957.358919
249.0,33,14958.006611
249.0,33,14958.654453
249.0,33,14959.296216
249.0,33,14959.881846
249.0,33,14960.468911
249.0,33,14961.078998
249.0,33,14961.770528
249.0,33,14962.433899
249.0,33,14962.971938
249.0,33,14963.542089
249.0,33,14964.250527
249.0,33,14964.9372
249.0,33,14965.611894
249.0,33,14966.289554
249.0,33,14967.061283
249.0,33,14967.742099
249.0,33,14968.337625
249.0,33,14968.997634
249.0,33,14969.80531
249.0,33,14970.619857
249.0,33,14971.212525
249.0,33,14971.877966
249.0,33,14972.535633
249.0,33,14973.153097
249.0,33,14973.833461
249.0,33,14974.574745
249.0,33,14975.15914
249.0,33,14975.777765
249.0,33,14976.422899
249.0,33,14977.166347
249.0,33,14977.756103
249.0,33,14978.519936
249.0,33,14979.172206
249.0,33,14979.927779
249.0,33,14980.489619
249.0,33,14981.088816
249.0,33,14981.655517
249.0,33,14982.395764
249.0,33,14982.961916
249.0,33,14983.759351
249.0,33,14984.542915
249.0,33,14985.265768
249.0,33,14986.094181
249.0,33,14986.70337
249.0,33,14987.463051
249.0,33,14988.170019
249.0,33,14988.766177
249.0,33,14989.508394
249.0,33,14990.192001
249.0,33,14990.880728
249.0,33,14991.440434
249.0,33,14992.051198
249.0,33,14992.791491
249.0,33,14993.385724
249.0,33,14994.074538
249.0,33,14994.647871
249.0,33,14995.333539
249.0,33,14996.030405
249.0,33,14996.658425
249.0,33,14997.311098
249.0,33,14998.12057
249.0,33,14998.873032
249.0,33,14999.50575
249.0,33,15000.18863
249.0,33,15000.871843
249.0,33,15001.473681
249.0,33,15002.12024
249.0,33,15002.824995
249.0,33,15003.689511
249.0,33,15004.325908
249.0,33,15004.917763
249.0,33,15005.591996
249.0,33,15006.24938
249.0,33,15006.882982
249.0,33,15007.556261
249.0,33,15008.299673
249.0,33,15009.170022
249.0,33,15009.965258
249.0,33,15010.751976
249.0,33,15011.305907
249.0,33,15012.426723
249.0,33,15013.082054
249.0,33,15013.797804
249.0,33,15014.561057
249.0,33,15015.465333
249.0,33,15016.109039
249.0,33,15016.732018
249.0,33,15017.451999
249.0,33,15018.095848
249.0,33,15018.958193
249.0,33,15019.554297
249.0,33,15020.343056
249.0,33,15021.020154
249.0,33,15021.671326
249.0,33,15022.271807
249.0,33,15023.126548
249.0,33,15023.741445
249.0,33,15024.353557
249.0,33,15025.027445
249.0,33,15025.83468
249.0,33,15026.451465
249.0,33,15027.138147
249.0,33,15027.831256
249.0,33,15028.624856
249.0,33,15029.30573
249.0,33,15029.938645
249.0,33,15030.744157
249.0,33,15031.422516
249.0,33,15032.022051
249.0,33,15032.762977
249.0,33,15033.557847
249.0,33,15034.4506
249.0,33,15035.06406
249.0,33,15035.664824
249.0,33,15036.364284
249.0,33,15037.19108
249.0,33,15037.800116
249.0,33,15038.553092
249.0,33,15039.349103
249.0,33,15040.029125
249.0,33,15040.706599
249.0,33,15041.377121
249.0,33,15042.106084
249.0,33,15042.75273
249.0,33,15043.427276
249.0,33,15044.099307
249.0,33,15044.959163
249.0,33,15045.664354
249.0,33,15046.350771
249.0,33,15047.006707
249.0,33,15047.795587
249.0,33,15048.343201
249.0,33,15048.962632
249.0,33,15049.688994
249.0,33,15050.38511
249.0,33,15051.000325
249.0,33,15051.594946
249.0,33,15052.387849
249.0,33,15053.105334
249.0,33,15053.718031
249.0,33,15056.08984
249.0,33,15056.729307
249.0,33,15057.451137
249.0,33,15058.05547
249.0,33,15058.835933
249.0,33,15059.518428
249.0,33,15060.327694
249.0,33,15060.934097
249.0,33,15061.547113
249.0,33,15062.182867
249.0,33,15062.864089
249.0,33,15063.525775
249.0,33,15064.152408
249.0,33,15064.881892
249.0,33,15065.597568
249.0,33,15066.194306
249.0,33,15066.851117
249.0,33,15067.578528
249.0,33,15068.148823
249.0,33,15068.751619
249.0,33,15069.703207
249.0,33,15070.397653
249.0,33,15071.132839
249.0,33,15071.824909
249.0,33,15072.504564
249.0,33,15073.24585
249.0,33,15073.872309
249.0,33,15074.480513
249.0,33,15075.103295
249.0,33,15075.923047
249.0,33,15076.544383
249.0,33,15077.232773
249.0,33,15078.064865
249.0,33,15078.876166
249.0,33,15079.514675
249.0,33,15080.221947
249.0,33,15080.949322
249.0,33,15081.709963
249.0,33,15082.376759
249.0,33,15082.945589
249.0,33,15083.648327
249.0,33,15084.249146
249.0,33,15084.826341
249.0,33,15085.438921
249.0,33,15086.31487
249.0,33,15086.9382
249.0,33,15087.596879
249.0,33,15088.182522
249.0,33,15089.094811
249.0,33,15089.693348
249.0,33,15090.244064
249.0,33,15090.817978
249.0,33,15091.604462
249.0,33,15092.227059
249.0,33,15092.958963
249.0,33,15093.594229
249.0,33,15094.433576
249.0,33,15095.088215
249.0,33,15095.716028
249.0,33,15096.415103
249.0,33,15097.179984
249.0,33,15097.862408
249.0,33,15098.676739
249.0,33,15099.525913
249.0,33,15100.311058
249.0,33,15101.09824
249.0,33,15101.718408
249.0,33,15102.337399
249.0,33,15103.263815
249.0,33,15103.83729
249.0,33,15104.421706
249.0,33,15105.144715
249.0,33,15105.877386
249.0,33,15106.432319
249.0,33,15107.041604
249.0,33,15107.727552
249.0,33,15108.330757
249.0,33,15108.912739
249.0,33,15109.53342
249.0,33,15110.296235
249.0,33,15111.1401
249.0,33,15111.797734
249.0,33,15112.486464
249.0,33,15113.264852
249.0,33,15114.177502
249.0,33,15114.777785
249.0,33,15115.375698
249.0,33,15116.033929
249.0,33,15116.679172
249.0,33,15117.358338
249.0,33,15118.087435
249.0,33,15119.033893
249.0,33,15119.8124
249.0,33,15120.461902
249.0,33,15121.129901
249.0,33,15121.907953
249.0,33,15122.594338
249.0,33,15123.452513
249.0,33,15124.140835
249.0,33,15125.047197
249.0,33,15125.645933
249.0,33,15126.333177
249.0,33,15126.954497
249.0,33,15127.810026
249.0,33,15128.416833
249.0,33,15129.075382
249.0,33,15129.854127
249.0,33,15130.479642
249.0,33,15131.137118
249.0,33,15131.920487
249.0,33,15132.668571
249.0,33,15133.488048
249.0,33,15134.206538
249.0,33,15134.909707
249.0,33,15135.783895
249.0,33,15136.33648
249.0,33,15136.932524
249.0,33,15137.483631
249.0,33,15138.252013
249.0,33,15138.939995
249.0,33,15139.503974
249.0,33,15140.050857
249.0,33,15140.985503
249.0,33,15141.689445
249.0,33,15142.284657
249.0,33,15142.897138
249.0,33,15143.539536
249.0,33,15144.064219
249.0,33,15144.765025
249.0,33,15145.498811
249.0,33,15146.651835
249.0,33,15147.419932
249.0,33,15147.967722
249.0,33,15148.611356
249.0,33,15149.38983
249.0,33,15150.026189
249.0,33,15150.847691
249.0,33,15151.635844
249.0,33,15152.278313
249.0,33,15152.830206
249.0,33,15153.420048
249.0,33,15154.186169
249.0,33,15154.726245
249.0,33,15155.387742
249.0,33,15156.028033
249.0,33,15156.909249
249.0,33,15157.701836
249.0,33,15158.396098
249.0,33,15159.147018
249.0,33,15159.891184
249.0,33,15160.836003
249.0,33,15161.68913
249.0,33,15162.406192
249.0,33,15163.202311
249.0,33,15164.006429
249.0,33,15164.868448
249.0,33,15165.485023
249.0,33,15166.315928
249.0,33,15167.039351
249.0,33,15167.883996
249.0,33,15168.633547
249.0,33,15169.277058
249.0,33,15169.869334
249.0,33,15170.558115
249.0,33,15171.216568
249.0,33,15172.001166
249.0,33,15172.723617
249.0,33,15173.326788
249.0,33,15174.022233
249.0,33,15174.798226
249.0,33,15175.42641
249.0,33,15176.074527
249.0,33,15176.799631
249.0,33,15177.588782
249.0,33,15178.379066
249.0,33,15179.138398
249.0,33,15180.04209
249.0,33,15180.708477
249.0,33,15181.29072
249.0,33,15182.088364
249.0,33,15182.931393
249.0,33,15183.565017
249.0,33,15184.143876
249.0,33,15184.676735
249.0,33,15185.519864
249.0,33,15186.087667
249.0,33,15186.669665
249.0,33,15187.535671
249.0,33,15188.71694
249.0,33,15189.313155
249.0,33,15189.979873
249.0,33,15190.803388
249.0,33,15191.718672
249.0,33,15192.407519
249.0,33,15193.069251
249.0,33,15193.790863
249.0,33,15194.719581
249.0,33,15195.402061
249.0,33,15196.103603
249.0,33,15196.995005
249.0,33,15197.878914
249.0,33,15198.596858
249.0,33,15199.241284
249.0,33,15200.061604
249.0,33,15200.775458
249.0,33,15201.420366
249.0,33,15202.096025
249.0,33,15202.805579
249.0,33,15203.558509
249.0,33,15204.175475
249.0,33,15204.773954
249.0,33,15205.896463
249.0,33,15206.548128
249.0,33,15207.148661
249.0,33,15207.894934
249.0,33,15208.750882
249.0,33,15209.493957
249.0,33,15210.32392
249.0,33,15210.907543
249.0,33,15211.664436
249.0,33,15212.380011
249.0,33,15213.362817
249.0,33,15214.142218
249.0,33,15214.941364
249.0,33,15215.769395
249.0,33,15216.525104
249.0,33,15217.275473
249.0,33,15218.175813
249.0,33,15218.882706
249.0,33,15219.648685
249.0,33,15220.321204
249.0,33,15221.198198
249.0,33,15221.920909
249.0,33,15222.569191
249.0,33,15223.350067
249.0,33,15224.415496
249.0,33,15225.360044
249.0,33,15226.176159
249.0,33,15226.972438
249.0,33,15227.535892
249.0,33,15228.138111
249.0,33,15228.866763
249.0,33,15229.624847
249.0,33,15230.428334
249.0,33,15231.100904
249.0,33,15231.676708
249.0,33,15232.484111
249.0,33,15233.226685
249.0,33,15234.007506
249.0,33,15234.664026
249.0,33,15235.340567
249.0,33,15235.948434
249.0,33,15236.576094
249.0,33,15237.128139
249.0,33,15237.803364
249.0,33,15238.369552
249.0,33,15238.997237
249.0,33,15239.61919
249.0,33,15240.649782
249.0,33,15241.350453
249.0,33,15242.151379
249.0,33,15242.718408
249.0,33,15243.601203
249.0,33,15244.262232
249.0,33,15244.893292
249.0,33,15245.637137
249.0,33,15246.292559
249.0,33,15246.886296
249.0,33,15247.66196
249.0,33,15248.46776
249.0,33,15249.126752
249.0,33,15249.890088
249.0,33,15250.673139
249.0,33,15251.609535
249.0,33,15252.244908
249.0,33,15252.853581
249.0,33,15253.496523
249.0,33,15254.194339
249.0,33,15254.822999
249.0,33,15255.584472
249.0,33,15256.193938
249.0,33,15257.128223
249.0,33,15257.933102
249.0,33,15258.562317
249.0,33,15259.288055
249.0,33,15260.092312
249.0,33,15260.828926
249.0,33,15261.458958
249.0,33,15262.223064
249.0,33,15262.931375
249.0,33,15263.557447
249.0,33,15264.196725
249.0,33,15264.899636
249.0,33,15265.85376
249.0,33,15266.535036
249.0,33,15267.084941
249.0,33,15267.938299
249.0,33,15268.67695
249.0,33,15269.388781
249.0,33,15270.003126
249.0,33,15270.71836
249.0,33,15271.316655
249.0,33,15271.918672
249.0,33,15272.631608
249.0,33,15273.362254
249.0,33,15273.990916
249.0,33,15274.774142
249.0,33,15275.650584
249.0,33,15276.58825
249.0,33,15277.285882
249.0,33,15278.119422
249.0,33,15278.872634
249.0,33,15279.890821
249.0,33,15280.680389
249.0,33,15281.401649
249.0,33,15282.135667
249.0,33,15283.122349
249.0,33,15283.874193
249.0,33,15284.497565
249.0,33,15285.151733
249.0,33,15285.842752
249.0,33,15286.682134
249.0,33,15287.432582
249.0,33,15288.143045
249.0,33,15288.854662
249.0,33,15289.678385
249.0,33,15290.384596
249.0,33,15291.136294
249.0,33,15291.752315
249.0,33,15292.399495
249.0,33,15293.018702
249.0,33,15293.793231
249.0,33,15294.551317
249.0,33,15295.203101
249.0,33,15295.968168
249.0,33,15296.760219
249.0,33,15297.514574
249.0,33,15298.241365
249.0,33,15299.126995
249.0,33,15300.083663
249.0,33,15300.876501
249.0,33,15301.75705
249.0,33,15302.617185
249.0,33,15303.552254
249.0,33,15304.480001
249.0,33,15305.149871
249.0,33,15305.841256
249.0,33,15306.507857
249.0,33,15307.105882
249.0,33,15307.820115
249.0,33,15308.468461
249.0,33,15309.277791
249.0,33,15309.918263
249.0,33,15310.586291
249.0,33,15311.222023
249.0,33,15311.995416
249.0,33,15312.654451
249.0,33,15313.342026
249.0,33,15314.045667
249.0,33,15314.859228
249.0,33,15315.542937
249.0,33,15316.243745
249.0,33,15316.985738
249.0,33,15317.777212
249.0,33,15318.623318
249.0,33,15319.372871
249.0,33,15320.334727
249.0,33,15321.525863
249.0,33,15322.145166
249.0,33,15323.015944
249.0,33,15323.773943
249.0,33,15324.4497
249.0,33,15325.184447
249.0,33,15325.909863
249.0,33,15326.738961
249.0,33,15327.434589
249.0,33,15328.07567
249.0,33,15328.67798
249.0,33,15329.411067
249.0,33,15330.142263
249.0,33,15330.923268
249.0,33,15331.56838
249.0,33,15332.499831
249.0,33,15333.141515
249.0,33,15333.800916
249.0,33,15334.48824
249.0,33,15335.321229
249.0,33,15336.090027
249.0,33,15336.83873
249.0,33,15337.664852
249.0,33,15338.526992
249.0,33,15339.390885
249.0,33,15340.07866
249.0,33,15340.926994
249.0,33,15341.566704
249.0,33,15342.510445
249.0,33,15343.425543
249.0,33,15344.231125
249.0,33,15344.857754
249.0,33,15345.410508
249.0,33,15346.119826
249.0,33,15346.977087
249.0,33,15347.689005
249.0,33,15348.32616
249.0,33,15348.904158
249.0,33,15349.797148
249.0,33,15350.432405
249.0,33,15351.189257
249.0,33,15351.878322
249.0,33,15352.791825
249.0,33,15353.507758
249.0,33,15354.262435
249.0,33,15355.066481
249.0,33,15356.033884
249.0,33,15356.648931
249.0,33,15357.268116
249.0,33,15357.949815
249.0,33,15358.859653
249.0,33,15359.767537
249.0,33,15360.471645
249.0,33,15361.212852
249.0,33,15361.897625
249.0,33,15362.466341
249.0,33,15363.090169
249.0,33,15363.839213
249.0,33,15364.431412
249.0,33,15365.170962
249.0,33,15365.818097
249.0,33,15366.541939
249.0,33,15367.229682
249.0,33,15368.005342
249.0,33,15368.623044
249.0,33,15369.429913
249.0,33,15370.138203
249.0,33,15370.67689
249.0,33,15371.253565
249.0,33,15372.155365
249.0,33,15372.895248
249.0,33,15373.658461
249.0,33,15374.468338
249.0,33,15375.236284
249.0,33,15375.858104
249.0,33,15376.445067
249.0,33,15377.237781
249.0,33,15378.397694
249.0,33,15379.228845
249.0,33,15380.034402
249.0,33,15380.633842
249.0,33,15381.410553
249.0,33,15382.045669
249.0,33,15382.689848
249.0,33,15383.388703
249.0,33,15384.121271
249.0,33,15384.794789
249.0,33,15385.439452
249.0,33,15386.145856
249.0,33,15386.708993
249.0,33,15387.462952
249.0,33,15388.322145
249.0,33,15389.023215
249.0,33,15389.70157
249.0,33,15390.243488
249.0,33,15390.862604
249.0,33,15391.615372
249.0,33,15392.292379
249.0,33,15392.978216
249.0,33,15393.777724
249.0,33,15394.540865
249.0,33,15395.233891
249.0,33,15396.016487
249.0,33,15397.00274
249.0,33,15397.959973
249.0,33,15398.870206
249.0,33,15399.846262
249.0,33,15400.536855
249.0,33,15401.447405
249.0,33,15402.208138
249.0,33,15402.915905
249.0,33,15403.700159
249.0,33,15404.406335
249.0,33,15405.084049
249.0,33,15405.842558
249.0,33,15406.481782
249.0,33,15407.776115
249.0,33,15408.430253
249.0,33,15409.03481
249.0,33,15409.732287
249.0,33,15410.650403
249.0,33,15411.26648
249.0,33,15411.883057
249.0,33,15412.627248
249.0,33,15413.232919
249.0,33,15413.773853
249.0,33,15414.460258
249.0,33,15415.304715
249.0,33,15415.9937
249.0,33,15416.876217
249.0,33,15417.646532
249.0,33,15418.433002
249.0,33,15419.078675
249.0,33,15419.706419
249.0,33,15420.660023
249.0,33,15421.871759
249.0,33,15422.704655
249.0,33,15423.454252
249.0,33,15424.221602
249.0,33,15425.102726
249.0,33,15425.851315
249.0,33,15426.637148
249.0,33,15427.32319
249.0,33,15428.233949
249.0,33,15429.227972
249.0,33,15430.136736
249.0,33,15430.868188
249.0,33,15431.722276
249.0,33,15432.332538
249.0,33,15432.909472
249.0,33,15433.674323
249.0,33,15434.716535
249.0,33,15435.490084
249.0,33,15436.275188
249.0,33,15437.192005
249.0,33,15437.913211
249.0,33,15438.626707
249.0,33,15439.31374
249.0,33,15440.148872
249.0,33,15440.846652
249.0,33,15441.702527
249.0,33,15442.646044
249.0,33,15443.530341
249.0,33,15444.20846
249.0,33,15445.040602
249.0,33,15445.86172
249.0,33,15446.704145
249.0,33,15447.32791
249.0,33,15447.9454
249.0,33,15448.745798
249.0,33,15449.497569
249.0,33,15450.116751
249.0,33,15451.002202
249.0,33,15451.957424
249.0,33,15452.856659
249.0,33,15453.559531
249.0,33,15454.328863
249.0,33,15455.108884
249.0,33,15455.825667
249.0,33,15456.397899
249.0,33,15457.157067
249.0,33,15457.88499
249.0,33,15458.650875
249.0,33,15459.273614
249.0,33,15459.97941
249.0,33,15460.827976
249.0,33,15461.638941
249.0,33,15462.28813
249.0,33,15463.015707
249.0,33,15463.933032
249.0,33,15464.540663
249.0,33,15465.200752
249.0,33,15465.93704
249.0,33,15466.915433
249.0,33,15467.582972
249.0,33,15468.254702
249.0,33,15468.940359
249.0,33,15469.753842
249.0,33,15470.448631
249.0,33,15471.297125
249.0,33,15472.119581
249.0,33,15472.962738
249.0,33,15473.683864
249.0,33,15474.43536
249.0,33,15475.147777
249.0,33,15475.905566
249.0,33,15476.535455
249.0,33,15477.121445
249.0,33,15477.690935
249.0,33,15478.468074
249.0,33,15479.134815
249.0,33,15479.828479
249.0,33,15480.409719
249.0,33,15481.383343
249.0,33,15482.067453
249.0,33,15482.694164
249.0,33,15483.431645
249.0,33,15484.126099
249.0,33,15484.78361
249.0,33,15485.569331
249.0,33,15486.414079
249.0,33,15487.105663
249.0,33,15487.694288
249.0,33,15488.264634
249.0,33,15489.027034
249.0,33,15489.78332
249.0,33,15490.585649
249.0,33,15491.237398
249.0,33,15492.141854
249.0,33,15492.74936
249.0,33,15493.420979
249.0,33,15494.125648
249.0,33,15495.067072
249.0,33,15495.662628
249.0,33,15496.296352
249.0,33,15496.917085
249.0,33,15497.764609
249.0,33,15498.308175
249.0,33,15498.913891
249.0,33,15499.615034
249.0,33,15500.347125
249.0,33,15501.019692
249.0,33,15501.570604
249.0,33,15502.163303
249.0,33,15502.873785
249.0,33,15503.522783
249.0,33,15504.235878
249.0,33,15504.935066
249.0,33,15505.831612
249.0,33,15506.525722
249.0,33,15507.163096
249.0,33,15507.946075
249.0,33,15508.612819
249.0,33,15509.474028
249.0,33,15510.2689
249.0,33,15511.008891
249.0,33,15511.704478
249.0,33,15512.331115
249.0,33,15513.065323
249.0,33,15513.973011
249.0,33,15514.694258
249.0,33,15515.270903
249.0,33,15515.911914
249.0,33,15516.76873
249.0,33,15517.484049
249.0,33,15518.272531
249.0,33,15518.960026
249.0,33,15519.760741
249.0,33,15520.403821
249.0,33,15521.070283
249.0,33,15521.908722
249.0,33,15522.72924
249.0,33,15523.554708
249.0,33,15524.300615
249.0,33,15524.888087
249.0,33,15525.569279
249.0,33,15526.132915
249.0,33,15526.759747
249.0,33,15527.466913
249.0,33,15528.273385
249.0,33,15528.953102
249.0,33,15529.575703
249.0,33,15530.314358
249.0,33,15531.081694
249.0,33,15531.782383
249.0,33,15532.464568
249.0,33,15533.218283
249.0,33,15534.171233
249.0,33,15534.878415
249.0,33,15535.477072
249.0,33,15536.261982
249.0,33,15536.987346
249.0,33,15537.821086
249.0,33,15538.499993
249.0,33,15539.19339
249.0,33,15539.787314
249.0,33,15540.440998
249.0,33,15541.214148
249.0,33,15542.046685
249.0,33,15542.711312
249.0,33,15543.446679
249.0,33,15544.184792
249.0,33,15544.943087
249.0,33,15545.601651
249.0,33,15546.41793
249.0,33,15547.15827
249.0,33,15547.980664
249.0,33,15548.662736
249.0,33,15549.264814
249.0,33,15549.952487
249.0,33,15550.821033
249.0,33,15551.479688
249.0,33,15552.079085
249.0,33,15552.810696
249.0,33,15553.54117
249.0,33,15554.134945
249.0,33,15554.90411
249.0,33,15555.663248
249.0,33,15556.329517
249.0,33,15556.932996
249.0,33,15557.526571
249.0,33,15558.327558
249.0,33,15558.984282
249.0,33,15559.711994
249.0,33,15560.358956
249.0,33,15561.065331
249.0,33,15561.64248
249.0,33,15562.196101
249.0,33,15562.86328
249.0,33,15563.626654
249.0,33,15564.248217
249.0,33,15565.213848
249.0,33,15565.969682
249.0,33,15566.770696
249.0,33,15567.371632
249.0,33,15568.151283
249.0,33,15569.072605
249.0,33,15570.061776
249.0,33,15570.799598
249.0,33,15571.36734
249.0,33,15571.91792
249.0,33,15572.762578
249.0,33,15573.567736
249.0,33,15574.242081
249.0,33,15575.154088
249.0,33,15575.801263
249.0,33,15576.585548
249.0,33,15577.323275
249.0,33,15578.141652
249.0,33,15578.989218
249.0,33,15579.86917
249.0,33,15580.632792
249.0,33,15581.527255
249.0,33,15582.234701
249.0,33,15582.839491
249.0,33,15583.546977
249.0,33,15584.368155
249.0,33,15585.050576
249.0,33,15585.812405
249.0,33,15586.548103
249.0,33,15587.441075
249.0,33,15588.114561
249.0,33,15588.851442
249.0,33,15589.760635
249.0,33,15590.833718
249.0,33,15591.534612
249.0,33,15592.219304
249.0,33,15592.966002
249.0,33,15593.701446
249.0,33,15594.34977
249.0,33,15595.098356
249.0,33,15595.753167
249.0,33,15596.58027
249.0,33,15597.116768
249.0,33,15597.666395
249.0,33,15598.361556
249.0,33,15599.124819
249.0,33,15599.716119
249.0,33,15600.414993
249.0,33,15601.191736
249.0,33,15601.966204
249.0,33,15602.644395
249.0,33,15603.420743
249.0,33,15604.237302
249.0,33,15604.953612
249.0,33,15605.636656
249.0,33,15606.289644
249.0,33,15607.042093
249.0,33,15607.883174
249.0,33,15608.554169
249.0,33,15609.254956
249.0,33,15609.98664
249.0,33,15610.66429
249.0,33,15611.390508
249.0,33,15612.037948
249.0,33,15612.827349
249.0,33,15613.549016
249.0,33,15614.234824
249.0,33,15614.907291
249.0,33,15615.783559
249.0,33,15616.392511
249.0,33,15617.06131
249.0,33,15617.701982
249.0,33,15618.477717
249.0,33,15619.106659
249.0,33,15619.706666
249.0,33,15620.404182
249.0,33,15621.222192
249.0,33,15621.803844
249.0,33,15622.448882
249.0,33,15623.213147
249.0,33,15623.918067
249.0,33,15624.564962
249.0,33,15625.305807
249.0,33,15626.060483
249.0,33,15626.842205
249.0,33,15627.502898
249.0,33,15628.147659
249.0,33,15628.968354
249.0,33,15629.622794
249.0,33,15630.205964
249.0,33,15630.993041
249.0,33,15631.699396
249.0,33,15632.363445
249.0,33,15633.071129
249.0,33,15633.769917
249.0,33,15634.548558
249.0,33,15635.264821
249.0,33,15635.853493
249.0,33,15636.509051
249.0,33,15637.225336
249.0,33,15637.869515
249.0,33,15638.477613
249.0,33,15639.10874
249.0,33,15639.793586
249.0,33,15640.43716
249.0,33,15641.119601
249.0,33,15641.844032
249.0,33,15642.685584
249.0,33,15643.455984
249.0,33,15644.027045
249.0,33,15644.696356
249.0,33,15645.271534
249.0,33,15645.95643
249.0,33,15646.772468
249.0,33,15647.520261
249.0,33,15648.249398
249.0,33,15649.023093
249.0,33,15649.84054
249.0,33,15650.709856
249.0,33,15651.308554
249.0,33,15651.895868
249.0,33,15652.482669
249.0,33,15653.204119
249.0,33,15654.007684
249.0,33,15654.741453
249.0,33,15655.347987
249.0,33,15656.194695
249.0,33,15656.952351
249.0,33,15657.706066
249.0,33,15658.362225
249.0,33,15659.182321
249.0,33,15659.811821
249.0,33,15660.540037
249.0,33,15661.265384
249.0,33,15662.008739
249.0,33,15662.685633
249.0,33,15663.336796
249.0,33,15663.95378
249.0,33,15664.700217
249.0,33,15665.296191
249.0,33,15665.947916
249.0,33,15666.750621
249.0,33,15667.37498
249.0,33,15667.953729
249.0,33,15668.548666
249.0,33,15669.263843
249.0,33,15669.85284
249.0,33,15670.476742
249.0,33,15671.210071
249.0,33,15671.943613
249.0,33,15672.684812
249.0,33,15673.339196
249.0,33,15674.079905
249.0,33,15674.823593
249.0,33,15675.671237
249.0,33,15676.397267
249.0,33,15677.077652
249.0,33,15677.84814
249.0,33,15678.410173
249.0,33,15678.975869
249.0,33,15679.600949
249.0,33,15680.424798
249.0,33,15681.095935
249.0,33,15681.673197
249.0,33,15682.341215
249.0,33,15683.169551
249.0,33,15683.835303
249.0,33,15684.420225
249.0,33,15685.219058
249.0,33,15686.036325
249.0,33,15686.646117
249.0,33,15687.412957
249.0,33,15688.045758
249.0,33,15688.757935
249.0,33,15689.445233
249.0,33,15690.078838
249.0,33,15690.932038
249.0,33,15691.651298
249.0,33,15692.309766
249.0,33,15693.024777
249.0,33,15693.804401
249.0,33,15694.519128
249.0,33,15695.248256
249.0,33,15695.870476
249.0,33,15696.548133
249.0,33,15697.145662
249.0,33,15697.759229
249.0,33,15698.439403
249.0,33,15699.153082
249.0,33,15699.826092
249.0,33,15700.513876
249.0,33,15701.14066
249.0,33,15701.853365
249.0,33,15702.55798
249.0,33,15703.181559
249.0,33,15703.793931
249.0,33,15704.545093
249.0,33,15705.245932
249.0,33,15705.937262
249.0,33,15706.700302
249.0,33,15707.457692
249.0,33,15708.06945
249.0,33,15708.684194
249.0,33,15709.407549
249.0,33,15710.168441
249.0,33,15710.879539
249.0,33,15711.458254
249.0,33,15712.134365
249.0,33,15712.768385
249.0,33,15713.432041
249.0,33,15714.134376
249.0,33,15715.015894
249.0,33,15715.691033
249.0,33,15716.364002
249.0,33,15717.059323
249.0,33,15717.989592
249.0,33,15718.687695
249.0,33,15719.281598
249.0,33,15719.895905
249.0,33,15720.815269
249.0,33,15721.39542
249.0,33,15722.013028
249.0,33,15722.582212
249.0,33,15723.339446
249.0,33,15723.89889
249.0,33,15724.474517
249.0,33,15725.065584
249.0,33,15725.838059
249.0,33,15726.466282
249.0,33,15727.11883
249.0,33,15727.72488
249.0,33,15728.377234
249.0,33,15729.06899
249.0,33,15729.875485
249.0,33,15730.509366
249.0,33,15731.234526
249.0,33,15732.02608
249.0,33,15732.781469
249.0,33,15733.546606
249.0,33,15734.140308
249.0,33,15734.772502
249.0,33,15735.468966
249.0,33,15736.257699
249.0,33,15736.88903
249.0,33,15737.526253
249.0,33,15738.129269
249.0,33,15738.853761
249.0,33,15739.476868
249.0,33,15740.155879
249.0,33,15740.936946
249.0,33,15741.70809
249.0,33,15742.299393
249.0,33,15742.878367
249.0,33,15743.4768
249.0,33,15744.215054
249.0,33,15744.811443
249.0,33,15745.373564
249.0,33,15746.02061
249.0,33,15746.7155
249.0,33,15747.36367
249.0,33,15747.934791
249.0,33,15748.536699
249.0,33,15749.299104
249.0,33,15749.944084
249.0,33,15750.658274
249.0,33,15751.309655
249.0,33,15752.244735
249.0,33,15752.850168
249.0,33,15753.454438
249.0,33,15754.202446
249.0,33,15754.806515
249.0,33,15755.510831
249.0,33,15756.172861
249.0,33,15756.888324
249.0,33,15757.46764
249.0,33,15758.114633
249.0,33,15758.998966
249.0,33,15760.021713
249.0,33,15760.769675
249.0,33,15761.463134
249.0,33,15762.123011
249.0,33,15762.954261
249.0,33,15763.546698
249.0,33,15764.110945
249.0,33,15765.061577
249.0,33,15765.836082
249.0,33,15766.491184
249.0,33,15767.105868
249.0,33,15767.675755
249.0,33,15768.412649
249.0,33,15769.037671
249.0,33,15769.632327
249.0,33,15770.257668
249.0,33,15771.037594
249.0,33,15771.72498
249.0,33,15772.428787
249.0,33,15773.023285
249.0,33,15773.739961
249.0,33,15774.438515
249.0,33,15775.166068
249.0,33,15775.955263
249.0,33,15776.707675
249.0,33,15777.436162
249.0,33,15778.068048
249.0,33,15778.856709
249.0,33,15779.489448
249.0,33,15780.331234
249.0,33,15781.143146
249.0,33,15781.990568
249.0,33,15782.735727
249.0,33,15783.363675
249.0,33,15784.306166
249.0,33,15785.16312
249.0,33,15785.785289
249.0,33,15786.453597
249.0,33,15787.038831
249.0,33,15787.911225
249.0,33,15788.597035
249.0,33,15789.489986
249.0,33,15790.200006
249.0,33,15791.079805
249.0,33,15791.719188
249.0,33,15792.365803
249.0,33,15792.893077
249.0,33,15793.652916
249.0,33,15794.365083
249.0,33,15795.235689
249.0,33,15795.971133
249.0,33,15796.804004
249.0,33,15797.431022
249.0,33,15798.009037
249.0,33,15798.761724
249.0,33,15799.6577
249.0,33,15800.348231
249.0,33,15801.198003
249.0,33,15802.066818
249.0,33,15802.768009
249.0,33,15803.416768
249.0,33,15803.968577
249.0,33,15804.746715
249.0,33,15805.354295
249.0,33,15805.988889
249.0,33,15806.670578
249.0,33,15807.317834
249.0,33,15808.15368
249.0,33,15808.882271
249.0,33,15809.561296
249.0,33,15810.382005
249.0,33,15811.01405
249.0,33,15811.579616
249.0,33,15812.141726
249.0,33,15812.953072
249.0,33,15813.727633
249.0,33,15814.355989
249.0,33,15815.120906
249.0,33,15816.003526
249.0,33,15816.768815
249.0,33,15817.596228
249.0,33,15818.23922
249.0,33,15819.180724
249.0,33,15819.970001
249.0,33,15820.728018
249.0,33,15821.380771
249.0,33,15822.24279
249.0,33,15822.955715
249.0,33,15823.584114
249.0,33,15824.368353
249.0,33,15825.038588
249.0,33,15825.855834
249.0,33,15826.437646
249.0,33,15827.237351
249.0,33,15827.92271
249.0,33,15828.502147
249.0,33,15829.176782
249.0,33,15829.930025
249.0,33,15830.789166
249.0,33,15831.670449
249.0,33,15832.352275
249.0,33,15833.276164
249.0,33,15834.040986
249.0,33,15834.681813
249.0,33,15835.418869
249.0,33,15836.153029
249.0,33,15836.76817
249.0,33,15837.709169
249.0,33,15838.383729
249.0,33,15839.249877
249.0,33,15840.422092
249.0,33,15841.348118
249.0,33,15842.254592
249.0,33,15843.231919
249.0,33,15843.783715
249.0,33,15844.327286
249.0,33,15844.988744
249.0,33,15845.993723
249.0,33,15846.628524
249.0,33,15847.272165
249.0,33,15848.193863
-21.0,2406,15899.87483
249.0,33,15900.606124
249.0,33,15901.2755
249.0,33,15901.924384
249.0,33,15902.520441
249.0,33,15903.252995
249.0,33,15903.900085
249.0,33,15904.497628
249.0,33,15905.151946
249.0,33,15906.045573
249.0,33,15906.77119
249.0,33,15907.343971
249.0,33,15908.103787
249.0,33,15908.793482
249.0,33,15909.556277
249.0,33,15910.169313
249.0,33,15910.869245
249.0,33,15911.621746
249.0,33,15912.176315
249.0,33,15912.848612
249.0,33,15913.468781
249.0,33,15914.337712
249.0,33,15915.045404
249.0,33,15915.811224
249.0,33,15916.482258
249.0,33,15917.391636
249.0,33,15918.12886
249.0,33,15918.955619
249.0,33,15919.683257
249.0,33,15920.471164
249.0,33,15921.203253
249.0,33,15921.83883
249.0,33,15922.654529
249.0,33,15923.225835
249.0,33,15923.783512
249.0,33,15924.592645
249.0,33,15925.665429
249.0,33,15926.463009
249.0,33,15927.125628
249.0,33,15927.816535
249.0,33,15928.7472
249.0,33,15929.707969
249.0,33,15930.512166
249.0,33,15931.285774
249.0,33,15931.989716
249.0,33,15932.598887
249.0,33,15933.242918
249.0,33,15933.891141
249.0,33,15934.723049
249.0,33,15935.354098
249.0,33,15936.063876
249.0,33,15936.806561
249.0,33,15937.589164
249.0,33,15938.266996
249.0,33,15939.102421
249.0,33,15939.905037
249.0,33,15940.822463
249.0,33,15941.42057
249.0,33,15942.099141
249.0,33,15942.759012
249.0,33,15943.35269
249.0,33,15943.891896
249.0,33,15944.494401
249.0,33,15945.207822
249.0,33,15945.954308
249.0,33,15946.520513
249.0,33,15947.132566
249.0,33,15947.774956
249.0,33,15948.375667
249.0,33,15949.017118
249.0,33,15949.683739
249.0,33,15950.332929
249.0,33,15951.215148
249.0,33,15952.148388
249.0,33,15952.977042
249.0,33,15953.712165
249.0,33,15954.53435
249.0,33,15955.225454
249.0,33,15956.033386
249.0,33,15956.778414
249.0,33,15957.755381
249.0,33,15958.538607
249.0,33,15959.279165
249.0,33,15960.148743
249.0,33,15960.748503
249.0,33,15961.628519
249.0,33,15962.342354
249.0,33,15963.318221
249.0,33,15964.046311
249.0,33,15964.658514
249.0,33,15965.382625
249.0,33,15966.153011
249.0,33,15966.773074
249.0,33,15967.566502
249.0,33,15968.579578
249.0,33,15969.51478
249.0,33,15970.438958
249.0,33,15971.107182
249.0,33,15971.782212
249.0,33,15972.404043
249.0,33,15973.263757
249.0,33,15974.102976
249.0,33,15975.011138
249.0,33,15975.745246
249.0,33,15976.460562
249.0,33,15977.177161
249.0,33,15978.084213
249.0,33,15978.828081
249.0,33,15979.735328
249.0,33,15980.592808
249.0,33,15981.529409
249.0,33,15982.370275
249.0,33,15983.294515
249.0,33,15984.251293
249.0,33,15985.26253
249.0,33,15986.159531
249.0,33,15986.843053
249.0,33,15987.665728
249.0,33,15988.465851
249.0,33,15989.254227
249.0,33,15990.292438
249.0,33,15991.079844
249.0,33,15991.978732
249.0,33,15992.531297
249.0,33,15993.27216
249.0,33,15994.164444
249.0,33,15995.088738
249.0,33,15995.712384
249.0,33,15996.300931
249.0,33,15996.936867
249.0,33,15997.61117
249.0,33,15998.271753
249.0,33,15998.943984
249.0,33,15999.840155
249.0,33,16000.459435
249.0,33,16001.423176
249.0,33,16002.281261
249.0,33,16003.561789
249.0,33,16004.485703
249.0,33,16005.261539
249.0,33,16006.050742
249.0,33,16007.250495
249.0,33,16007.961878
249.0,33,16008.829655
249.0,33,16009.503607
249.0,33,16010.595097
249.0,33,16011.667038
249.0,33,16012.582567
249.0,33,16013.236789
249.0,33,16014.106457
249.0,33,16014.834923
249.0,33,16015.848989
249.0,33,16016.794797
249.0,33,16017.438415
249.0,33,16018.220642
249.0,33,16019.03759
249.0,33,16019.858029
249.0,33,16020.766259
249.0,33,16021.602698
249.0,33,16022.354403
249.0,33,16023.250428
249.0,33,16023.897551
249.0,33,16024.737632
249.0,33,16025.756634
249.0,33,16026.389917
249.0,33,16027.019808
249.0,33,16027.520197
249.0,33,16028.107927
249.0,33,16028.908278
249.0,33,16030.021762
249.0,33,16030.753261
249.0,33,16031.47478
249.0,33,16032.347523
249.0,33,16033.0213
249.0,33,16033.653511
249.0,33,16034.341381
249.0,33,16035.032897
249.0,33,16035.617427
249.0,33,16036.362679
249.0,33,16036.90132
249.0,33,16037.558841
249.0,33,16038.102509
249.0,33,16038.639052
249.0,33,16039.237746
249.0,33,16040.06411
249.0,33,16040.655617
249.0,33,16041.279435
249.0,33,16041.998871
249.0,33,16042.766097
249.0,33,16043.44174
249.0,33,16044.159127
249.0,33,16044.852042
249.0,33,16045.52125
249.0,33,16046.2784
249.0,33,16047.001987
249.0,33,16047.740452
249.0,33,16048.463044
249.0,33,16049.14061
249.0,33,16050.067431
249.0,33,16051.045537
249.0,33,16051.978221
249.0,33,16052.697316
249.0,33,16053.426686
249.0,33,16054.298433
249.0,33,16054.907011
249.0,33,16055.633962
249.0,33,16056.278208
249.0,33,16057.060466
249.0,33,16057.690883
249.0,33,16058.29582
249.0,33,16059.061915
-21.0,2406,16120.257488
249.0,33,16121.061944
249.0,33,16122.016057
249.0,33,16122.732787
249.0,33,16123.689226
249.0,33,16124.598364
249.0,33,16125.29656
249.0,33,16126.202692
249.0,33,16127.004203
249.0,33,16127.795156
249.0,33,16128.566036
249.0,33,16129.387386
249.0,33,16130.206009
249.0,33,16131.169531
249.0,33,16131.971158
249.0,33,16132.780618
249.0,33,16133.537705
249.0,33,16134.367508
249.0,33,16135.037881
249.0,33,16135.776652
249.0,33,16136.566995
249.0,33,16137.527971
249.0,33,16138.678569
249.0,33,16139.705553
249.0,33,16140.292105
249.0,33,16141.123648
249.0,33,16142.186045
249.0,33,16143.078615
249.0,33,16143.975213
249.0,33,16144.712267
249.0,33,16145.549935
546.0,1785,16189.524924
249.0,33,16190.319171
249.0,33,16191.309781
249.0,33,16192.133583
249.0,33,16192.830916
249.0,33,16193.502356
249.0,33,16194.130089
249.0,33,16195.070385
249.0,33,16195.765278
249.0,33,16196.458989
249.0,33,16197.175297
249.0,33,16198.064265
249.0,33,16198.99647
249.0,33,16199.764667
249.0,33,16200.750702
249.0,33,16201.683086
249.0,33,16202.518049
249.0,33,16203.27046
267.0,2406,16262.829631
249.0,33,16263.569262
249.0,33,16264.360682
249.0,33,16265.341654
249.0,33,16266.069537
249.0,33,16266.855637
249.0,33,16267.752696
249.0,33,16268.404318
249.0,33,16269.169535
249.0,33,16269.817609
249.0,33,16270.835682
249.0,33,16271.653582
249.0,33,16272.419166
249.0,33,16273.117727
249.0,33,16273.938569
249.0,33,16274.876733
249.0,33,16275.677819
249.0,33,16276.241428
249.0,33,16277.004634
249.0,33,16277.653465
249.0,33,16278.240302
249.0,33,16279.198042
249.0,33,16279.976221
249.0,33,16280.620729
249.0,33,16281.633685
249.0,33,16282.659698
249.0,33,16283.424512
249.0,33,16284.290208
249.0,33,16285.040454
249.0,33,16286.021468
-21.0,2406,16341.930811
249.0,33,16343.029175
249.0,33,16344.026873
249.0,33,16344.694182
249.0,33,16345.572171
249.0,33,16346.403522
139.0,2406,16403.41951
18.0,2406,16459.954016
249.0,33,16461.140847
249.0,33,16461.908001
249.0,33,16462.62673
249.0,33,16463.369936
249.0,33,16464.290655
249.0,33,16465.089046
249.0,33,16465.855137
249.0,33,16466.519778
249.0,33,16467.363018
249.0,33,16467.896126
249.0,33,16468.55812
249.0,33,16469.252819
249.0,33,16470.277455
249.0,33,16471.07737
249.0,33,16471.771231
249.0,33,16472.649921
249.0,33,16473.428575
614.0,320,16481.335481
249.0,33,16482.458712
249.0,33,16483.554207
249.0,33,16484.296954
249.0,33,16484.949632
249.0,33,16485.782755
249.0,33,16486.682299
249.0,33,16487.538548
249.0,33,16488.249181
249.0,33,16488.940675
249.0,33,16489.832407
249.0,33,16490.693313
249.0,33,16491.448471
249.0,33,16492.155122
249.0,33,16493.030372
249.0,33,16493.759178
249.0,33,16494.352582
249.0,33,16495.202755
249.0,33,16495.832031
543.0,1524,16531.867174
249.0,33,16532.429923
249.0,33,16532.981296
443.0,2406,16588.536779
249.0,33,16589.183439
249.0,33,16590.212826
249.0,33,16591.040337
249.0,33,16592.03047
139.0,2406,16656.838781
249.0,33,16658.195513
249.0,33,16659.291728
249.0,33,16660.29325
249.0,33,16661.70824
-21.0,2406,16745.643496
249.0,33,16746.866137
249.0,33,16747.737611
249.0,33,16748.471692
249.0,33,16749.652578
249.0,33,16750.974464
249.0,33,16752.07733
249.0,33,16753.097386
249.0,33,16754.129485
249.0,33,16755.070735
249.0,33,16755.858517
249.0,33,16756.695697
249.0,33,16757.967504
249.0,33,16758.920342
249.0,33,16760.041665
249.0,33,16761.410241
249.0,33,16762.801834
249.0,33,16764.234031
249.0,33,16765.630115
249.0,33,16767.284896
249.0,33,16768.529247
249.0,33,16769.399705
249.0,33,16770.236633
249.0,33,16771.582532
249.0,33,16772.721008
249.0,33,16773.585548
249.0,33,16774.747587
249.0,33,16776.123631
249.0,33,16777.136597
249.0,33,16778.366935
249.0,33,16779.739692
249.0,33,16781.00266
249.0,33,16782.412339
249.0,33,16783.422158
249.0,33,16784.33632
249.0,33,16785.498586
-21.0,2406,16861.493361
249.0,33,16862.551191
249.0,33,16863.491508
249.0,33,16864.502852
249.0,33,16865.708607
249.0,33,16866.774433
249.0,33,16867.827298
249.0,33,16869.032468
249.0,33,16870.31899
249.0,33,16871.301939
249.0,33,16872.06214
249.0,33,16873.212963
249.0,33,16874.223674
249.0,33,16875.133719
249.0,33,16876.27057
249.0,33,16876.974917
249.0,33,16878.258311
249.0,33,16879.277926
249.0,33,16880.387077
249.0,33,16881.380529
249.0,33,16882.521809
249.0,33,16883.3137
249.0,33,16884.440325
249.0,33,16885.582716
249.0,33,16886.630623
249.0,33,16887.666672
249.0,33,16888.740276
249.0,33,16889.692757
249.0,33,16891.030644
249.0,33,16892.366078
249.0,33,16893.348372
249.0,33,16894.64831
249.0,33,16895.686098
249.0,33,16897.068379
249.0,33,16897.822263
249.0,33,16898.805468
249.0,33,16899.855944
249.0,33,16900.792145
249.0,33,16901.626305
249.0,33,16902.690255
249.0,33,16903.607645
249.0,33,16904.424603
249.0,33,16905.231011
249.0,33,16906.478474
249.0,33,16907.315061
249.0,33,16908.412647
249.0,33,16909.273481
249.0,33,16910.066184
249.0,33,16910.900956
249.0,33,16911.753859
249.0,33,16912.655668
249.0,33,16913.595424
249.0,33,16914.341534
249.0,33,16915.60036
249.0,33,16916.476314
249.0,33,16917.520048
249.0,33,16918.330913
249.0,33,16919.359561
249.0,33,16920.382686
249.0,33,16921.406735
249.0,33,16922.018455
249.0,33,16922.82216
249.0,33,16923.612377
249.0,33,16924.795355
249.0,33,16925.823562
249.0,33,16926.723758
249.0,33,16927.470822
249.0,33,16928.34696
249.0,33,16929.380916
249.0,33,16930.53765
249.0,33,16931.528037
249.0,33,16932.28172
-21.0,2406,17006.75801
249.0,33,17007.79102
249.0,33,17008.632167
249.0,33,17009.2126
249.0,33,17010.079126
249.0,33,17011.006284
249.0,33,17011.903339
249.0,33,17012.79885
249.0,33,17013.87207
249.0,33,17015.081577
249.0,33,17015.998522
249.0,33,17016.80516
249.0,33,17017.9516
249.0,33,17018.965125
249.0,33,17020.245165
-21.0,2406,17089.115317
249.0,33,17090.274831
249.0,33,17091.154976
