#{"t_start": 1757927969.392361, "env_id": "None"}
r,l,t
637.0,861,9.445448
912.0,964,17.595232
251.0,42,17.942604
790.0,316,20.646852
228.0,60,21.143687
227.0,52,21.577701
597.0,140,22.751958
589.0,133,23.883452
443.0,2406,44.322755
863.0,1236,54.801308
583.0,157,56.126641
801.0,229,58.09067
923.0,886,65.771038
733.0,449,69.655718
527.0,1372,81.548901
267.0,2406,102.466961
222.0,71,103.05998
1021.0,2019,120.508602
748.0,569,125.402783
227.0,57,125.87797
577.0,200,127.577987
515.0,1575,141.203313
617.0,302,143.770371
188.0,101,144.614562
1057.0,1793,159.939895
246.0,57,160.413092
787.0,1704,175.866392
681.0,506,180.884498
720.0,741,188.183344
587.0,228,190.332636
990.0,615,196.243467
547.0,1596,211.900208
897.0,1047,222.000682
724.0,2220,243.003956
579.0,275,245.671881
242.0,53,246.171378
231.0,50,246.656243
618.0,112,247.74872
707.0,396,251.662254
429.0,2406,275.221287
812.0,1631,291.187267
963.0,2371,314.027565
671.0,1036,324.11719
232.0,60,324.69795
236.0,51,325.194446
247.0,42,325.593938
207.0,64,326.214409
239.0,70,326.88105
598.0,167,328.499553
562.0,1334,341.726083
599.0,152,343.219379
196.0,70,343.897974
1009.0,2120,364.696077
1172.0,1053,374.945656
840.0,1492,389.710568
240.0,48,390.174042
731.0,222,392.374674
598.0,418,396.5354
221.0,59,397.097011
234.0,50,397.571205
472.0,1608,413.348732
1768.0,2406,437.184149
249.0,44,437.619236
674.0,638,443.949695
606.0,112,445.053463
223.0,67,445.702896
217.0,57,446.260182
215.0,74,446.977817
203.0,63,447.596946
684.0,350,451.074437
630.0,116,452.220286
761.0,1867,470.574521
774.0,409,474.642517
443.0,2406,498.178729
218.0,64,498.811259
608.0,357,502.320982
232.0,61,502.921195
737.0,350,506.399921
252.0,40,506.791398
796.0,287,509.60241
646.0,132,510.908136
239.0,48,511.375436
231.0,57,511.914419
690.0,658,518.326403
243.0,52,518.829841
602.0,174,520.540749
813.0,182,522.365608
584.0,160,523.925613
626.0,129,525.196524
589.0,1529,540.492971
581.0,324,543.709408
596.0,147,545.154063
235.0,50,545.635844
232.0,62,546.237625
627.0,235,548.609561
643.0,150,550.091157
797.0,282,552.895295
1117.0,1542,568.139757
248.0,43,568.55543
802.0,251,571.059558
1223.0,1444,584.985677
239.0,45,585.422909
638.0,175,587.1513
640.0,1202,599.068914
609.0,353,602.541088
623.0,133,603.804261
248.0,62,604.397405
944.0,764,611.671877
636.0,102,612.651575
578.0,220,614.763423
1217.0,893,623.503474
494.0,1690,640.170798
444.0,2406,664.247792
1232.0,742,671.568281
267.0,2406,695.759642
227.0,67,696.41936
623.0,850,704.963651
577.0,225,707.199953
1268.0,558,712.785117
440.0,2406,737.011481
237.0,48,737.494418
542.0,520,742.67725
240.0,45,743.113007
250.0,43,743.534751
815.0,172,745.259822
232.0,51,745.760392
707.0,2168,767.226922
757.0,492,772.127339
548.0,387,775.927436
224.0,65,776.573795
226.0,57,777.145132
216.0,61,777.747013
251.0,42,778.17105
1276.0,1651,794.446955
667.0,472,799.138474
639.0,1229,811.338883
1333.0,1661,827.852783
620.0,157,829.400956
200.0,64,830.007138
553.0,338,833.312569
594.0,999,843.301641
562.0,325,846.519405
873.0,1161,858.187557
630.0,227,860.456757
603.0,906,869.587175
779.0,1754,886.910085
552.0,516,892.076187
1494.0,695,899.044269
250.0,41,899.457589
640.0,647,905.98357
632.0,125,907.226512
762.0,490,912.167879
200.0,66,912.822453
752.0,232,915.165424
232.0,54,915.694342
247.0,50,916.196863
1044.0,236,918.56464
636.0,190,920.451693
236.0,55,920.976897
811.0,195,922.918696
594.0,263,925.524177
951.0,707,932.540953
769.0,1801,950.786433
898.0,1072,961.598201
768.0,1829,980.001671
1071.0,1767,997.661816
619.0,291,1000.540769
972.0,607,1006.649547
675.0,380,1010.457479
766.0,464,1015.08025
618.0,124,1016.318729
1336.0,242,1018.731496
529.0,540,1024.094205
733.0,166,1025.781245
238.0,45,1026.225262
555.0,1210,1038.457456
608.0,357,1042.029205
230.0,51,1042.534213
634.0,200,1044.501507
229.0,51,1044.996823
791.0,315,1048.081574
625.0,255,1050.583125
1252.0,704,1057.568785
246.0,48,1058.033864
652.0,489,1062.898365
1136.0,280,1065.723645
703.0,2227,1087.774978
631.0,220,1089.992488
214.0,83,1090.820285
1030.0,392,1094.752745
244.0,58,1095.311784
1002.0,491,1100.222718
609.0,179,1101.991709
1031.0,226,1104.214741
750.0,562,1109.834835
1193.0,1035,1120.148397
237.0,49,1120.641227
616.0,123,1121.863878
543.0,431,1126.176928
249.0,45,1126.612161
244.0,49,1127.100047
244.0,42,1127.511467
1031.0,315,1130.639835
243.0,47,1131.095014
919.0,913,1140.232257
246.0,45,1140.6589
776.0,405,1144.615629
229.0,52,1145.116458
229.0,55,1145.65099
221.0,53,1146.16184
239.0,48,1146.614852
248.0,39,1146.99843
774.0,418,1151.183889
612.0,205,1153.24716
1013.0,303,1156.303992
579.0,351,1159.803061
581.0,201,1161.793883
238.0,46,1162.236167
648.0,114,1163.343642
246.0,42,1163.737019
749.0,190,1165.637898
1185.0,1043,1175.931343
581.0,150,1177.443799
1171.0,1121,1188.725191
243.0,46,1189.177692
882.0,1138,1200.451165
231.0,57,1201.005828
250.0,40,1201.402709
1206.0,887,1210.428383
616.0,102,1211.454434
949.0,760,1219.107949
549.0,536,1224.439008
236.0,43,1224.860586
216.0,59,1225.451108
770.0,1811,1243.348541
217.0,56,1243.894371
634.0,199,1245.883886
613.0,274,1248.566967
563.0,252,1251.047028
248.0,40,1251.442949
802.0,250,1253.985321
236.0,49,1254.469135
1267.0,535,1259.875839
725.0,195,1261.883045
253.0,38,1262.272064
580.0,526,1267.555986
237.0,43,1267.987446
246.0,42,1268.416686
1018.0,310,1271.49012
1128.0,1437,1285.992882
238.0,43,1286.424946
230.0,51,1286.938432
767.0,228,1289.243348
640.0,1222,1301.423067
233.0,48,1301.907495
248.0,39,1302.296014
229.0,52,1302.8188
608.0,358,1306.464839
243.0,46,1306.911406
246.0,37,1307.278041
249.0,45,1307.721645
245.0,42,1308.136824
596.0,174,1309.877349
234.0,49,1310.364687
1031.0,237,1312.789898
1234.0,843,1321.332399
634.0,202,1323.351676
247.0,43,1323.773782
247.0,41,1324.178238
249.0,43,1324.604855
594.0,136,1325.950479
764.0,297,1328.942465
618.0,141,1330.35909
238.0,74,1331.092679
613.0,91,1332.014948
249.0,37,1332.381071
583.0,151,1333.90531
220.0,56,1334.456756
634.0,123,1335.693551
674.0,1017,1346.072424
874.0,1171,1357.858903
232.0,53,1358.386268
628.0,238,1360.792788
1537.0,310,1363.966026
248.0,42,1364.385056
250.0,43,1364.820107
649.0,645,1371.422709
607.0,94,1372.376315
635.0,196,1374.367162
1249.0,652,1380.831801
1670.0,419,1385.022487
1557.0,348,1388.562667
558.0,377,1392.375672
694.0,896,1401.459201
2261.0,911,1410.66191
229.0,54,1411.187067
1334.0,255,1413.747728
230.0,52,1414.251511
743.0,166,1415.888143
244.0,46,1416.335771
230.0,79,1417.108293
235.0,126,1418.354972
740.0,325,1421.629787
613.0,210,1423.729931
1670.0,329,1427.096517
237.0,42,1427.515801
615.0,86,1428.387718
734.0,237,1430.818619
247.0,42,1431.248311
637.0,184,1433.121348
597.0,211,1435.228403
248.0,44,1435.657378
1774.0,747,1443.228633
1018.0,320,1446.444111
247.0,41,1446.851863
1322.0,331,1450.186403
970.0,660,1456.841161
235.0,49,1457.334205
807.0,210,1459.480407
934.0,812,1467.782678
598.0,133,1469.083829
1405.0,308,1472.15887
638.0,106,1473.210383
638.0,177,1474.978632
608.0,95,1475.935526
250.0,41,1476.339255
637.0,183,1478.20654
241.0,47,1478.672453
247.0,41,1479.081768
532.0,1363,1493.076344
235.0,53,1493.604767
1017.0,318,1496.872864
239.0,45,1497.337018
229.0,51,1497.836612
242.0,46,1498.284936
251.0,39,1498.672056
950.0,802,1506.844412
786.0,346,1510.362803
962.0,671,1517.217957
619.0,290,1520.171244
761.0,494,1525.249191
1266.0,667,1532.07974
983.0,499,1537.116536
798.0,275,1539.914943
249.0,49,1540.401233
943.0,766,1548.128635
815.0,171,1549.859581
750.0,246,1552.352419
1323.0,330,1555.73739
251.0,41,1556.143693
804.0,236,1558.524707
811.0,194,1560.461445
1298.0,333,1563.806252
625.0,110,1564.897988
235.0,46,1565.354345
826.0,1459,1580.061075
724.0,188,1581.935657
222.0,77,1582.69765
981.0,550,1588.238701
635.0,192,1590.193852
794.0,298,1593.229934
1210.0,948,1602.764849
653.0,88,1603.659809
987.0,545,1609.151172
726.0,259,1611.730454
252.0,39,1612.112349
1426.0,233,1614.491759
247.0,43,1614.93861
1030.0,231,1617.305453
1302.0,448,1621.880018
1326.0,300,1624.981906
240.0,47,1625.451268
809.0,209,1627.600616
764.0,189,1629.542303
694.0,898,1638.676995
1324.0,318,1641.921102
1020.0,447,1646.507772
972.0,610,1652.658148
241.0,44,1653.083818
250.0,41,1653.489292
617.0,209,1655.623557
656.0,689,1662.553742
1766.0,779,1670.458059
232.0,46,1670.911038
248.0,42,1671.327853
649.0,108,1672.425128
632.0,214,1674.625473
624.0,140,1676.053072
1382.0,619,1682.37689
779.0,198,1684.43101
602.0,136,1685.82203
606.0,86,1686.695296
237.0,43,1687.126796
651.0,794,1695.271335
239.0,45,1695.719205
611.0,127,1697.009727
1323.0,274,1699.784141
1418.0,255,1702.387424
612.0,85,1703.255343
595.0,135,1704.633401
1029.0,247,1707.167479
240.0,46,1707.640175
1160.0,155,1709.216569
250.0,39,1709.61204
249.0,38,1709.997969
1038.0,210,1712.159695
583.0,151,1713.699024
245.0,43,1714.138828
252.0,37,1714.515459
248.0,38,1714.887707
238.0,48,1715.376282
628.0,117,1716.577327
229.0,52,1717.10802
635.0,194,1719.125733
1062.0,213,1721.300009
237.0,89,1722.195272
251.0,49,1722.700671
603.0,188,1724.635403
1025.0,259,1727.246018
991.0,482,1732.086397
249.0,38,1732.463816
246.0,46,1732.918223
242.0,45,1733.367596
577.0,147,1734.848822
235.0,46,1735.31356
240.0,45,1735.76121
813.0,183,1737.594338
243.0,45,1738.037015
240.0,46,1738.493702
610.0,82,1739.319482
252.0,38,1739.697837
230.0,49,1740.200492
623.0,120,1741.434546
812.0,190,1743.369743
249.0,39,1743.754257
215.0,59,1744.351012
1041.0,318,1747.559742
605.0,97,1748.542855
237.0,45,1748.999578
212.0,61,1749.587793
746.0,267,1752.247673
739.0,289,1755.125211
740.0,176,1756.869045
922.0,895,1765.787669
232.0,50,1766.273236
244.0,44,1766.697526
249.0,37,1767.065935
634.0,114,1768.197023
236.0,48,1768.668691
611.0,202,1770.654487
1031.0,214,1772.86305
796.0,288,1775.82758
731.0,185,1777.717051
200.0,62,1778.339606
247.0,41,1778.742402
247.0,42,1779.156043
247.0,39,1779.548752
1312.0,248,1782.070439
723.0,357,1785.677717
1214.0,978,1795.674867
638.0,175,1797.475035
728.0,204,1799.553088
603.0,128,1800.83919
790.0,183,1802.693268
1034.0,282,1805.544511
252.0,38,1805.923309
1029.0,249,1808.493188
990.0,501,1813.535361
1045.0,154,1815.124049
249.0,38,1815.514914
248.0,45,1815.964361
650.0,104,1817.020786
239.0,46,1817.493845
608.0,273,1820.245533
612.0,104,1821.275986
616.0,128,1822.563808
251.0,37,1822.93615
981.0,553,1828.566635
1299.0,361,1832.267934
250.0,38,1832.641908
252.0,38,1833.023777
1271.0,1182,1845.15987
249.0,37,1845.532373
622.0,125,1846.799277
724.0,365,1850.585244
711.0,156,1852.19497
1410.0,331,1855.593423
611.0,115,1856.759573
251.0,39,1857.160659
1489.0,776,1865.165469
608.0,137,1866.553455
201.0,64,1867.198303
980.0,567,1872.936688
608.0,86,1873.817091
736.0,232,1876.20864
591.0,129,1877.521632
235.0,47,1878.009878
1414.0,313,1881.231326
250.0,40,1881.639472
601.0,127,1882.958054
1040.0,340,1886.424132
613.0,136,1887.807271
1058.0,216,1890.00051
606.0,110,1891.128729
252.0,38,1891.520406
613.0,112,1892.675644
705.0,485,1897.694415
609.0,91,1898.594038
801.0,254,1901.191257
633.0,105,1902.24726
247.0,37,1902.615677
1512.0,628,1908.962457
252.0,38,1909.34796
250.0,42,1909.768541
1341.0,251,1912.34194
966.0,618,1918.634294
636.0,184,1920.506338
651.0,101,1921.522419
651.0,101,1922.530996
241.0,45,1922.976639
235.0,49,1923.467463
733.0,423,1927.817354
241.0,44,1928.263613
608.0,137,1929.665087
625.0,91,1930.59916
1500.0,626,1937.062266
244.0,44,1937.508497
239.0,46,1937.971914
247.0,43,1938.41107
551.0,366,1942.157838
604.0,85,1943.012942
620.0,688,1950.095343
201.0,62,1950.725138
1341.0,212,1952.917343
659.0,318,1956.19314
1274.0,614,1962.58462
622.0,94,1963.530362
649.0,112,1964.65454
236.0,48,1965.131584
649.0,109,1966.226134
1391.0,446,1970.726536
942.0,761,1981.369988
253.0,42,1981.796614
638.0,180,1983.665436
586.0,200,1985.708303
626.0,94,1986.665057
591.0,342,1990.14912
593.0,448,1994.713185
717.0,376,1998.602104
631.0,193,2000.584478
1339.0,259,2003.244669
733.0,135,2004.637785
620.0,117,2005.845203
250.0,42,2006.265672
605.0,85,2007.127383
246.0,39,2007.519105
1557.0,358,2011.19005
614.0,125,2012.441508
755.0,316,2015.688494
610.0,105,2016.764021
236.0,48,2017.256234
252.0,38,2017.640638
806.0,1579,2033.833044
252.0,37,2034.204035
1025.0,262,2036.864565
978.0,539,2042.413954
719.0,225,2044.71071
571.0,205,2046.786359
652.0,94,2047.758986
1423.0,277,2050.592306
1038.0,187,2052.531417
809.0,210,2054.707569
620.0,287,2057.649205
721.0,242,2060.095893
248.0,41,2060.5051
611.0,89,2061.393505
1321.0,181,2063.253912
616.0,190,2065.195007
1038.0,206,2067.342432
602.0,132,2068.710881
233.0,49,2069.213123
242.0,46,2069.671969
628.0,101,2070.709613
746.0,164,2072.383386
648.0,118,2073.570293
595.0,263,2076.213048
1011.0,360,2079.9112
249.0,33,2080.248402
731.0,283,2083.14571
1828.0,419,2087.489693
236.0,49,2087.98541
249.0,39,2088.377284
812.0,188,2090.324199
239.0,42,2090.755666
224.0,53,2091.299573
816.0,163,2092.9776
724.0,223,2095.267796
234.0,48,2095.752698
1307.0,412,2100.010285
639.0,98,2101.008466
752.0,215,2103.232203
653.0,87,2104.120825
993.0,488,2109.021182
1288.0,541,2114.337856
621.0,127,2115.62607
625.0,124,2116.87637
722.0,727,2124.380312
1325.0,256,2127.032434
251.0,40,2127.436114
623.0,265,2130.185937
251.0,37,2130.562365
240.0,40,2130.971382
251.0,38,2131.361837
245.0,46,2131.822762
748.0,149,2133.352594
624.0,88,2134.293529
624.0,260,2136.989097
1314.0,376,2140.903013
634.0,108,2142.004835
1282.0,439,2146.503566
632.0,100,2147.536893
250.0,39,2147.933457
804.0,237,2150.40023
1794.0,633,2156.897959
625.0,109,2158.015507
714.0,367,2161.838666
1012.0,353,2165.530573
248.0,41,2165.958187
231.0,44,2166.413585
252.0,35,2166.765393
745.0,145,2168.256054
1348.0,201,2170.307547
618.0,91,2171.249535
812.0,188,2173.196584
212.0,66,2173.858783
229.0,50,2174.354707
232.0,48,2174.848402
632.0,117,2176.051055
1039.0,246,2178.564032
239.0,46,2179.019296
1324.0,289,2181.953994
1421.0,263,2184.61721
251.0,38,2184.998504
617.0,92,2185.932616
626.0,92,2186.883611
252.0,37,2187.263096
252.0,38,2187.637332
619.0,133,2188.993094
235.0,43,2189.442515
250.0,36,2189.813355
616.0,116,2190.980582
237.0,42,2191.406542
237.0,48,2191.888784
1038.0,197,2193.905511
241.0,46,2194.362533
1300.0,499,2199.50574
1351.0,695,2206.640842
1024.0,281,2209.550039
1291.0,394,2213.630979
248.0,41,2214.042167
250.0,34,2214.39059
249.0,39,2214.792403
608.0,196,2216.816339
1823.0,467,2221.680705
228.0,54,2222.238815
245.0,42,2222.667695
250.0,39,2223.067549
1032.0,229,2225.423829
624.0,120,2226.655718
1417.0,278,2229.517693
613.0,110,2230.625904
250.0,36,2230.989787
1846.0,351,2234.601547
620.0,100,2235.607108
1333.0,270,2238.349115
907.0,1685,2255.680498
250.0,36,2256.055866
1042.0,175,2257.828128
249.0,37,2258.195192
608.0,81,2259.015608
250.0,35,2259.373833
1038.0,204,2261.488002
249.0,36,2261.850909
1527.0,527,2267.350203
245.0,40,2267.770432
809.0,206,2269.923377
815.0,171,2271.659778
238.0,86,2272.531759
608.0,113,2273.663558
666.0,468,2278.519056
1045.0,158,2280.148353
612.0,89,2281.047615
250.0,37,2281.429573
624.0,183,2283.324108
225.0,53,2283.869579
252.0,37,2284.238092
1543.0,353,2287.913149
249.0,36,2288.281877
249.0,40,2288.688294
176.0,162,2290.337064
607.0,158,2291.947013
250.0,36,2292.314284
249.0,34,2292.661899
250.0,43,2293.099664
639.0,96,2294.08684
251.0,37,2294.455729
238.0,44,2294.906043
1344.0,250,2297.482198
814.0,179,2299.323656
638.0,93,2300.274612
603.0,114,2301.435389
611.0,121,2302.665052
1316.0,308,2305.837168
1030.0,245,2308.357428
1051.0,175,2310.152857
631.0,112,2311.299917
625.0,85,2312.163534
247.0,39,2312.550137
1022.0,294,2315.609573
653.0,88,2316.52142
601.0,96,2317.507397
242.0,41,2317.922449
233.0,49,2318.420412
611.0,1146,2330.343062
248.0,40,2330.754085
747.0,160,2332.395373
250.0,37,2332.767689
1034.0,220,2334.956407
253.0,36,9393.088334
605.0,72,9393.845126
251.0,36,9394.230801
599.0,117,9395.491081
252.0,41,9395.956832
250.0,38,9396.351607
721.0,147,9397.900306
251.0,36,9398.262527
249.0,33,9398.610595
611.0,114,9399.843203
603.0,131,9401.247582
252.0,40,9401.65329
806.0,228,9404.092674
240.0,43,9404.550488
252.0,37,9404.92674
250.0,36,9405.296378
234.0,44,9405.802814
999.0,427,9410.288856
1033.0,243,9412.815125
252.0,36,9413.193667
251.0,35,9413.570824
610.0,97,9414.583158
252.0,44,9415.041136
627.0,108,9416.181052
234.0,43,9416.631112
1002.0,408,9420.884064
251.0,36,9421.248029
617.0,88,9422.18105
1344.0,205,9424.392871
249.0,48,9424.883064
1025.0,289,9427.842595
233.0,49,9428.344426
754.0,174,9430.173782
224.0,53,9430.715661
608.0,95,9431.697835
759.0,151,9433.269734
1038.0,201,9435.361849
253.0,35,9435.724941
247.0,37,9436.100912
249.0,39,9436.490352
250.0,37,9436.871108
1326.0,259,9439.548162
243.0,39,9439.939907
248.0,37,9440.317807
253.0,35,9440.679038
253.0,36,9441.038667
245.0,41,9441.45273
1002.0,418,9445.754236
1344.0,244,9448.293107
1037.0,209,9450.471537
617.0,80,9451.293258
1036.0,225,9453.658115
1025.0,272,9456.425971
229.0,46,9456.887222
632.0,94,9457.850184
249.0,41,9458.262963
1344.0,203,9460.335749
250.0,35,9460.686366
626.0,128,9461.977854
619.0,101,9463.004684
1039.0,194,9464.981211
247.0,41,9465.393777
621.0,116,9466.602899
240.0,46,9467.081439
621.0,91,9468.029647
609.0,87,9468.915005
630.0,98,9469.937497
807.0,219,9472.248567
253.0,35,9472.607879
777.0,158,9474.283504
246.0,41,9474.694318
241.0,41,9475.109653
740.0,209,9477.244799
243.0,42,9477.663635
625.0,122,9478.905814
602.0,124,9480.169665
1519.0,580,9486.05237
1584.0,210,9488.223933
251.0,39,9488.615488
640.0,167,9490.351132
1039.0,224,9492.690357
1038.0,270,9495.490154
581.0,152,9497.069227
616.0,110,9498.209075
1038.0,186,9500.151177
621.0,108,9501.274543
609.0,133,9502.626941
250.0,38,9503.007401
250.0,36,9503.376456
640.0,168,9505.102313
1430.0,243,9507.615769
1329.0,286,9510.566464
631.0,85,9511.439647
753.0,169,9513.194931
251.0,36,9513.569525
638.0,91,9514.482552
1046.0,146,9515.975289
624.0,110,9517.105442
253.0,37,9517.480778
1036.0,214,9519.694355
251.0,35,9520.059669
630.0,115,9521.241917
3000.0,730,9528.68843
616.0,95,9529.645017
607.0,84,9530.492087
254.0,34,9530.825595
1336.0,255,9533.433488
603.0,138,9534.853699
248.0,39,9535.249065
621.0,110,9536.37548
1409.0,329,9539.774795
624.0,116,9540.949082
1319.0,203,9543.019563
603.0,123,9544.258377
602.0,115,9545.416432
244.0,38,9545.79803
640.0,94,9546.755416
740.0,166,9548.480332
1317.0,275,9551.316992
244.0,43,9551.733365
1138.0,233,9554.097354
247.0,40,9554.498569
1040.0,176,9556.256026
251.0,39,9556.634557
247.0,44,9557.066706
1410.0,367,9560.782815
246.0,42,9561.209646
1672.0,308,9564.383344
617.0,196,9566.408842
813.0,182,9568.29105
245.0,67,9568.970553
252.0,39,9569.37293
1317.0,233,9571.817449
238.0,45,9572.27773
752.0,217,9574.53466
1341.0,231,9576.89691
246.0,42,9577.334139
608.0,77,9578.128901
615.0,122,9579.394187
731.0,216,9581.631726
249.0,39,9582.03071
624.0,82,9582.883213
249.0,34,9583.233888
252.0,36,9583.611186
616.0,77,9584.424298
632.0,119,9585.652315
253.0,38,9586.045853
733.0,228,9588.418132
171.0,156,9590.008264
246.0,72,9590.738605
1342.0,210,9592.890537
252.0,36,9593.261116
253.0,34,9593.612354
252.0,35,9593.967161
999.0,440,9598.393963
605.0,71,9599.111197
249.0,33,9599.446204
620.0,96,9600.421171
1145.0,239,9602.864271
1040.0,194,9604.847648
253.0,35,9605.194175
252.0,37,9605.559165
252.0,36,9605.914319
610.0,73,9606.646359
606.0,91,9607.561773
252.0,38,9607.935293
251.0,35,9608.286252
250.0,34,9608.620845
252.0,35,9608.973469
249.0,33,9609.300818
605.0,70,9610.009958
250.0,35,9610.361235
626.0,99,9611.356741
1039.0,178,9613.157574
252.0,35,9613.510439
249.0,33,9613.841534
249.0,33,9614.17996
251.0,36,9614.539885
249.0,35,9614.891124
249.0,38,9615.27241
251.0,36,9615.634664
1029.0,261,9618.304087
252.0,37,9618.68207
252.0,41,9619.098985
610.0,83,9619.943683
251.0,35,9620.300305
814.0,179,9622.138652
618.0,129,9623.44435
252.0,36,9623.816496
246.0,39,9624.201345
235.0,48,9624.67433
245.0,40,9625.071665
237.0,46,9625.544089
245.0,40,9625.954558
614.0,112,9627.090229
612.0,84,9627.954818
249.0,38,9628.346561
251.0,37,9628.731393
238.0,43,9629.167653
245.0,43,9629.610967
810.0,200,9631.688668
603.0,147,9633.20684
1342.0,209,9635.405787
639.0,97,9636.417881
247.0,43,9636.859494
252.0,34,9637.202816
1035.0,219,9639.426271
249.0,38,9639.809124
252.0,35,9640.17292
234.0,44,9640.613018
251.0,38,9640.984693
628.0,94,9641.942497
1275.0,614,9648.233971
653.0,84,9649.095229
250.0,35,9649.457155
1311.0,390,9653.527692
253.0,34,9653.884452
251.0,37,9654.269467
625.0,121,9655.510784
619.0,107,9656.634548
608.0,129,9657.971571
755.0,171,9659.76383
1036.0,225,9662.055256
249.0,37,9662.4271
248.0,37,9662.808717
250.0,35,9663.168843
630.0,115,9664.346913
1031.0,237,9666.742823
250.0,35,9667.088789
1021.0,299,9670.119483
236.0,43,9670.55519
250.0,38,9670.940199
1348.0,232,9673.349945
607.0,70,9674.072512
1328.0,302,9677.163295
1334.0,212,9679.324521
1036.0,356,9683.001244
804.0,235,9685.441844
252.0,37,9685.818634
804.0,240,9688.301263
1239.0,683,9695.27412
797.0,281,9698.190135
804.0,238,9700.623286
623.0,96,9701.62475
253.0,36,9701.982322
794.0,297,9705.049145
1339.0,256,9707.681107
251.0,36,9708.049506
794.0,298,9711.119765
240.0,42,9711.54478
247.0,35,9711.901647
574.0,467,9716.654483
617.0,121,9717.876559
247.0,40,9718.284143
245.0,40,9718.695213
1026.0,222,9720.921563
613.0,140,9722.347661
248.0,36,9722.708754
1315.0,366,9726.464804
1010.0,361,9730.167531
250.0,36,9730.535569
246.0,38,9730.920801
619.0,88,9731.826438
252.0,35,9732.172054
639.0,168,9733.902501
250.0,37,9734.267803
239.0,46,9734.723072
606.0,201,9736.818563
238.0,45,9737.288963
1340.0,220,9739.607962
613.0,77,9740.410097
580.0,117,9741.615248
1033.0,243,9744.071509
251.0,35,9744.418013
1579.0,227,9746.69724
603.0,105,9747.742723
596.0,161,9749.369364
249.0,37,9749.742711
579.0,196,9751.754771
244.0,43,9752.195481
1016.0,341,9755.735039
611.0,124,9756.989661
252.0,35,9757.342999
254.0,34,9757.679579
249.0,33,9758.019495
252.0,34,9758.352122
254.0,35,9758.705311
252.0,34,9759.042832
625.0,95,9760.020647
747.0,163,9761.720505
636.0,100,9762.761704
609.0,95,9763.72593
252.0,40,9764.12606
1425.0,238,9766.61884
125.0,126,9767.896391
209.0,64,9768.545017
1038.0,197,9770.582699
252.0,36,9770.943454
249.0,33,9771.291748
251.0,34,9771.641417
249.0,33,9771.983356
247.0,36,9772.358561
244.0,39,9772.763512
761.0,205,9774.906838
249.0,37,9775.297405
605.0,125,9776.614289
1036.0,198,9778.635807
253.0,34,9778.992021
253.0,34,9779.372701
254.0,34,9779.710685
1296.0,488,9784.616449
252.0,36,9784.975259
1036.0,188,9786.923198
249.0,33,9787.26566
813.0,186,9789.188303
1334.0,272,9792.011744
1040.0,182,9793.921208
1033.0,240,9796.424011
736.0,177,9798.272166
1327.0,181,9800.163232
586.0,184,9802.079581
626.0,107,9803.187013
606.0,114,9804.335512
1026.0,281,9807.230689
619.0,117,9808.410779
610.0,92,9809.339004
636.0,92,9810.265338
816.0,165,9811.967034
818.0,154,9813.553452
728.0,120,9814.786728
246.0,36,9815.150598
1327.0,189,9817.12462
1311.0,378,9820.955477
1343.0,204,9823.069451
1034.0,231,9825.474362
253.0,37,9825.85836
240.0,43,9826.308896
734.0,423,9830.739209
1312.0,239,9833.264489
232.0,46,9833.733052
245.0,39,9834.127388
1337.0,253,9836.734722
249.0,33,9837.068857
253.0,34,9837.409887
1044.0,150,9838.938993
1037.0,202,9841.028452
237.0,40,9841.437644
1035.0,230,9843.808779
817.0,161,9845.477632
250.0,35,9845.82893
243.0,38,9846.209141
1048.0,174,9848.027406
1029.0,238,9850.460583
248.0,38,9850.839713
1027.0,255,9853.480331
1330.0,213,9855.650688
1031.0,235,9858.06409
249.0,33,9858.401064
1337.0,239,9860.837846
250.0,36,9861.200704
251.0,36,9861.573791
592.0,131,9862.944302
243.0,42,9863.37048
250.0,40,9863.786359
253.0,36,9864.15607
1040.0,183,9866.055968
638.0,178,9867.875055
250.0,38,9868.245303
250.0,37,9868.615401
1068.0,165,9870.2785
1044.0,165,9871.933311
595.0,117,9873.100479
247.0,38,9873.49024
754.0,258,9876.150869
615.0,138,9877.578102
249.0,33,9877.91771
252.0,34,9878.260009
254.0,35,9878.617043
250.0,34,9878.963232
249.0,33,9879.30162
249.0,33,9879.645466
249.0,33,9879.984716
239.0,40,9880.395881
246.0,40,9880.795796
220.0,49,9881.299231
1024.0,296,9884.327704
249.0,37,9884.703107
249.0,33,9885.039288
1046.0,164,9886.772375
254.0,34,9887.124658
252.0,34,9887.473456
609.0,72,9888.220322
810.0,200,9890.323348
1049.0,148,9891.848315
250.0,34,9892.189536
248.0,36,9892.550873
244.0,44,9892.992899
1923.0,295,9896.024595
253.0,38,9896.412808
251.0,37,9896.793676
1031.0,224,9899.09186
250.0,37,9899.468752
254.0,34,9899.813748
253.0,34,9900.16084
244.0,38,9900.565026
1046.0,159,9902.21934
1041.0,163,9903.915029
244.0,42,9904.341737
1316.0,234,9906.74589
241.0,44,9907.183515
1299.0,297,9910.234621
223.0,52,9910.760743
232.0,48,9911.252467
253.0,34,9911.593785
1044.0,162,9913.253287
1139.0,196,9915.293289
1034.0,214,9917.510053
1047.0,155,9919.098003
609.0,71,9919.820755
249.0,33,9920.154149
249.0,33,9920.497602
249.0,33,9920.831839
251.0,39,9921.224829
1042.0,173,9923.004854
249.0,33,9923.345999
249.0,33,9923.679699
253.0,34,9924.02246
247.0,40,9924.433938
245.0,39,9924.836249
1037.0,215,9927.033552
249.0,33,9927.368185
618.0,101,9928.389146
621.0,98,9929.397909
251.0,37,9929.769505
1038.0,177,9931.629819
752.0,221,9933.944025
635.0,196,9935.983932
2960.0,972,9946.02609
243.0,39,9946.423957
1032.0,239,9948.925167
1031.0,257,9951.669634
610.0,124,9952.987829
1055.0,246,9955.541377
239.0,42,9955.964343
1427.0,181,9957.874921
1431.0,212,9960.11548
252.0,37,9960.505156
252.0,37,9960.888617
244.0,39,9961.304724
244.0,40,9961.717215
248.0,39,9962.116906
252.0,37,9962.501894
246.0,40,9962.917269
1042.0,169,9964.663156
253.0,36,9965.028004
1037.0,191,9967.020245
252.0,37,9967.409523
252.0,37,9967.791645
721.0,205,9969.934285
1041.0,163,9971.628698
653.0,88,9972.54314
252.0,37,9972.931311
251.0,37,9973.31835
1039.0,191,9975.307077
1023.0,292,9978.377331
612.0,104,9979.449753
816.0,166,9981.17798
1041.0,167,9982.915529
608.0,228,9985.227868
629.0,108,9986.331351
1694.0,269,9989.123384
1582.0,216,9991.361959
610.0,75,9992.141097
1047.0,140,9993.595605
1343.0,196,9995.697202
252.0,37,9996.070901
252.0,37,9996.451726
252.0,37,9996.829326
252.0,37,9997.207659
1045.0,155,9998.785775
612.0,77,9999.571238
1042.0,173,10001.353243
1334.0,201,10003.411974
249.0,38,10003.805957
618.0,79,10004.630315
252.0,34,10004.974836
610.0,75,10005.765071
1135.0,258,10008.539286
1027.0,241,10011.099922
249.0,36,10011.476257
246.0,42,10011.90936
606.0,74,10012.664416
614.0,78,10013.484762
249.0,33,10013.826136
252.0,34,10014.178663
249.0,33,10014.517188
616.0,75,10015.296705
253.0,37,10015.681211
1038.0,179,10017.567842
614.0,84,10018.453061
1005.0,411,10022.742218
818.0,155,10024.329358
252.0,37,10024.712636
1037.0,186,10026.626154
1038.0,176,10028.463996
618.0,111,10029.624098
612.0,88,10030.544428
1341.0,199,10032.651304
249.0,33,10032.994966
249.0,33,10033.336938
249.0,33,10033.67263
249.0,33,10034.014916
249.0,34,10034.364968
249.0,33,10034.69816
249.0,33,10035.03494
253.0,34,10035.37644
250.0,35,10035.743654
253.0,36,10036.111176
252.0,35,10036.476132
254.0,34,10036.823988
1044.0,184,10038.729398
252.0,37,10039.116145
609.0,88,10040.035828
249.0,33,10040.381361
253.0,34,10040.729504
1034.0,219,10043.006152
1346.0,177,10044.827861
252.0,37,10045.203208
1346.0,196,10047.239879
1011.0,362,10051.014189
991.0,470,10055.868744
619.0,196,10057.89345
1044.0,144,10059.383627
620.0,114,10060.576626
252.0,37,10060.959827
252.0,37,10061.34096
252.0,37,10061.728964
250.0,37,10062.109326
608.0,74,10062.877171
608.0,120,10064.093822
252.0,37,10064.474467
250.0,37,10064.86225
251.0,37,10065.242468
249.0,37,10065.615541
250.0,37,10066.004175
605.0,129,10067.322968
802.0,250,10070.046356
252.0,37,10070.433604
1038.0,209,10072.612737
252.0,37,10072.985228
252.0,37,10073.371104
248.0,37,10073.753707
252.0,37,10074.135484
251.0,38,10074.521439
1312.0,360,10078.295461
993.0,491,10083.448646
1029.0,251,10086.083995
252.0,37,10086.465718
1037.0,185,10088.379625
1034.0,216,10090.60938
1011.0,359,10094.344181
1290.0,514,10099.66876
614.0,84,10100.528709
621.0,170,10102.29196
603.0,116,10103.500243
252.0,37,10103.883696
1296.0,480,10108.833426
251.0,38,10109.226518
251.0,38,10109.619791
252.0,37,10110.009336
252.0,37,10110.385064
252.0,37,10110.761124
591.0,225,10113.096073
609.0,149,10114.661516
1036.0,222,10116.99678
613.0,165,10118.744228
713.0,224,10121.11845
1041.0,177,10123.012953
617.0,101,10124.078137
615.0,97,10125.087833
251.0,37,10125.476371
251.0,37,10125.867814
252.0,37,10126.25147
1042.0,158,10127.918698
248.0,39,10128.320622
1024.0,289,10131.288523
635.0,102,10132.36039
252.0,37,10132.747134
251.0,37,10133.141008
1042.0,176,10134.980652
604.0,81,10135.816212
616.0,95,10136.783637
252.0,37,10137.170138
252.0,37,10137.547267
252.0,37,10137.92782
616.0,100,10138.952541
620.0,152,10140.516635
1045.0,164,10142.216868
599.0,192,10144.206798
611.0,99,10145.231565
252.0,37,10145.618732
247.0,38,10146.009831
1032.0,251,10148.61751
591.0,200,10150.672605
252.0,37,10151.064877
606.0,73,10151.815814
779.0,388,10155.876306
638.0,177,10157.724152
1035.0,213,10159.904078
607.0,96,10160.900826
673.0,577,10166.943242
1149.0,227,10169.305775
252.0,37,10169.695399
252.0,37,10170.080755
252.0,37,10170.465336
252.0,37,10170.852703
248.0,38,10171.250356
249.0,38,10171.636967
810.0,200,10173.720494
252.0,37,10174.107073
252.0,37,10174.494868
252.0,37,10174.867206
1045.0,171,10176.630673
806.0,228,10179.013701
618.0,97,10180.033192
1049.0,149,10181.590552
1038.0,205,10183.724193
252.0,37,10184.107336
252.0,37,10184.507439
252.0,37,10184.888334
249.0,38,10185.285267
623.0,264,10187.990054
247.0,39,10188.394995
591.0,180,10190.26697
1047.0,194,10192.292618
636.0,110,10193.438721
603.0,107,10194.55402
613.0,77,10195.359954
635.0,94,10196.329427
634.0,95,10197.326204
1524.0,464,10202.183383
1040.0,199,10204.26167
1037.0,222,10206.55733
619.0,86,10207.441594
252.0,37,10207.82486
613.0,89,10208.725439
1046.0,154,10210.336347
621.0,113,10211.505773
1047.0,160,10213.169778
609.0,80,10214.006116
252.0,37,10214.374163
252.0,37,10214.745958
252.0,37,10215.130983
252.0,37,10215.521511
731.0,120,10216.756865
599.0,192,10218.734931
616.0,104,10219.808493
953.0,712,10227.029376
252.0,37,10227.415109
252.0,37,10227.798453
251.0,37,10228.191633
251.0,37,10228.569516
1433.0,220,10230.900948
252.0,37,10231.285651
252.0,37,10231.676779
252.0,37,10232.066921
252.0,37,10232.444174
604.0,102,10233.481011
613.0,88,10234.388923
252.0,37,10234.776322
252.0,37,10235.153256
252.0,37,10235.531787
1027.0,262,10238.256873
1043.0,160,10239.90294
1063.0,195,10241.924782
554.0,581,10247.921546
793.0,304,10251.108677
640.0,92,10252.053454
1038.0,212,10254.243269
573.0,362,10257.938513
252.0,37,10258.319152
249.0,37,10258.699244
1338.0,172,10260.48012
611.0,95,10261.432418
1025.0,316,10264.601815
1043.0,170,10266.338345
1330.0,275,10269.152769
614.0,96,10270.132035
620.0,105,10271.196491
252.0,37,10271.564619
1045.0,153,10273.120309
252.0,37,10273.495014
252.0,37,10273.866936
605.0,168,10275.570389
251.0,37,10275.941729
1032.0,231,10278.279088
1383.0,540,10283.902533
1307.0,286,10286.90434
251.0,37,10287.28467
253.0,37,10287.668762
252.0,37,10288.05342
252.0,37,10288.433448
618.0,190,10290.404028
1428.0,220,10292.688372
1075.0,151,10294.283139
1044.0,169,10296.044789
252.0,37,10296.419088
252.0,37,10296.798401
620.0,160,10298.455893
252.0,37,10298.840259
251.0,37,10299.213751
614.0,91,10300.158511
809.0,204,10302.31057
252.0,37,10302.699256
252.0,37,10303.085457
252.0,37,10303.472672
252.0,37,10303.863883
252.0,37,10304.250592
252.0,37,10304.626573
601.0,108,10305.732976
252.0,37,10306.11157
996.0,435,10310.617438
607.0,87,10311.52769
1045.0,151,10313.095697
247.0,39,10313.499752
603.0,141,10314.972616
252.0,37,10315.356971
252.0,37,10315.738854
249.0,38,10316.13175
252.0,37,10316.510048
252.0,37,10316.890967
742.0,256,10319.593864
1038.0,195,10321.634521
1026.0,274,10324.477335
252.0,37,10324.859634
251.0,38,10325.247961
252.0,37,10325.619803
252.0,37,10326.002654
611.0,89,10326.918644
237.0,43,10327.360581
1049.0,161,10329.007578
245.0,39,10329.401343
244.0,40,10329.800281
996.0,452,10334.430574
252.0,37,10334.821113
251.0,37,10335.204889
1027.0,274,10338.027237
252.0,37,10338.409437
252.0,37,10338.796301
251.0,37,10339.179974
813.0,183,10341.085543
2313.0,623,10347.516784
1033.0,217,10349.719709
732.0,120,10351.022796
251.0,38,10351.454969
252.0,37,10351.838598
252.0,37,10352.223424
1037.0,196,10354.266784
251.0,37,10354.652032
250.0,37,10355.043067
250.0,37,10355.424521
248.0,40,10355.839852
252.0,37,10356.219879
608.0,107,10357.342052
252.0,37,10357.723626
252.0,37,10358.103797
1041.0,196,10360.155293
1309.0,217,10362.448772
612.0,179,10364.318435
252.0,37,10364.70951
1045.0,154,10366.343
252.0,37,10366.728994
251.0,37,10367.121415
252.0,37,10367.503382
252.0,37,10367.882039
252.0,37,10368.264856
615.0,103,10369.33981
787.0,336,10372.809688
247.0,38,10373.209857
249.0,37,10373.596461
244.0,39,10374.000024
252.0,37,10374.385021
252.0,37,10374.769772
252.0,37,10375.150832
252.0,37,10375.539176
251.0,37,10375.913437
251.0,37,10376.292632
252.0,37,10376.663807
252.0,37,10377.049977
251.0,37,10377.428405
252.0,37,10377.80161
252.0,37,10378.17384
252.0,37,10378.556714
252.0,37,10378.929338
252.0,37,10379.306969
252.0,37,10379.685179
1319.0,249,10382.262475
607.0,107,10383.327764
1337.0,224,10385.61832
1042.0,165,10387.303212
632.0,109,10388.402141
252.0,37,10388.779023
252.0,37,10389.154495
252.0,37,10389.532948
251.0,37,10389.916324
981.0,558,10395.641025
252.0,37,10396.024922
600.0,195,10398.042129
1051.0,150,10399.60438
608.0,88,10400.499892
1037.0,200,10402.552599
244.0,38,10402.936292
252.0,37,10403.326835
252.0,37,10403.706959
246.0,39,10404.112634
636.0,108,10405.228298
252.0,37,10405.622711
1264.0,712,10413.065727
776.0,402,10417.253434
1074.0,143,10418.722881
252.0,37,10419.114204
250.0,40,10419.531002
1045.0,162,10421.218795
243.0,40,10421.629436
1416.0,324,10424.993003
252.0,37,10425.373428
251.0,37,10425.75613
1579.0,240,10428.209606
588.0,272,10430.956486
252.0,37,10431.345744
602.0,155,10432.954715
634.0,90,10433.87757
1049.0,161,10435.525738
1034.0,226,10437.852423
252.0,37,10438.228821
252.0,37,10438.608268
1042.0,187,10440.552732
1046.0,152,10442.149885
253.0,37,10442.539058
252.0,37,10442.919868
781.0,219,10445.206399
252.0,37,10445.583457
252.0,37,10445.963509
252.0,37,10446.341156
251.0,37,10446.718475
633.0,109,10447.815598
620.0,108,10448.909249
1036.0,205,10451.005106
609.0,123,10452.275628
251.0,37,10452.657384
1031.0,231,10455.02783
1911.0,323,10458.403705
252.0,37,10458.787436
1336.0,245,10461.370523
1424.0,243,10463.92153
250.0,37,10464.313774
234.0,42,10464.74882
1043.0,157,10466.386372
1050.0,143,10467.880267
815.0,169,10469.629442
252.0,37,10470.017195
250.0,38,10470.402608
252.0,37,10470.777146
591.0,127,10472.092002
1045.0,151,10473.666863
970.0,610,10479.949731
1134.0,209,10482.12639
622.0,272,10484.949341
1040.0,177,10486.805787
622.0,90,10487.744565
617.0,101,10488.789603
245.0,40,10489.205158
245.0,41,10489.630425
619.0,89,10490.552442
614.0,85,10491.425378
624.0,258,10494.142594
252.0,37,10494.526628
1038.0,192,10496.517375
1414.0,252,10499.143995
1049.0,148,10500.659972
1340.0,230,10503.030394
248.0,38,10503.412747
730.0,194,10505.385107
608.0,86,10506.241655
250.0,37,10506.623998
247.0,40,10507.029627
250.0,37,10507.406612
1044.0,168,10509.124902
1025.0,279,10511.971105
1044.0,158,10513.587493
250.0,37,10513.960502
1041.0,195,10515.986247
252.0,37,10516.36966
251.0,37,10516.749802
1046.0,157,10518.381983
1046.0,152,10519.930097
252.0,37,10520.321776
252.0,37,10520.705185
251.0,38,10521.104543
1033.0,221,10523.399098
1682.0,309,10526.666902
1671.0,395,10530.878612
252.0,37,10531.254369
1031.0,240,10533.752222
1044.0,167,10535.536896
238.0,43,10535.989439
251.0,37,10536.373703
637.0,180,10538.286685
1430.0,213,10540.540657
593.0,118,10541.774204
1432.0,232,10544.217879
1044.0,170,10545.987245
1043.0,166,10547.731871
252.0,37,10548.118949
249.0,38,10548.510346
1028.0,237,10550.983564
1031.0,234,10553.408043
252.0,37,10553.791084
1042.0,164,10555.483038
1686.0,289,10558.531258
636.0,186,10560.485287
250.0,37,10560.873
1046.0,158,10562.561468
639.0,169,10564.386575
1334.0,255,10567.088625
1074.0,243,10569.621251
250.0,37,10570.001091
250.0,37,10570.37688
251.0,37,10570.760321
250.0,37,10571.141739
247.0,38,10571.527111
1144.0,216,10573.752434
726.0,162,10575.417814
1072.0,160,10577.083031
251.0,38,10577.470981
809.0,205,10579.591881
252.0,37,10579.971248
252.0,37,10580.342137
250.0,37,10580.715529
583.0,134,10582.080103
612.0,93,10583.031935
245.0,43,10583.465542
251.0,37,10583.839356
624.0,120,10585.086231
1030.0,238,10587.548639
250.0,37,10587.930169
250.0,38,10588.317676
1034.0,221,10590.613769
715.0,175,10592.412386
1039.0,178,10594.243564
591.0,127,10595.556344
252.0,37,10595.946676
625.0,84,10596.826783
611.0,86,10597.717209
252.0,37,10598.099613
816.0,166,10599.836713
1922.0,273,10602.722098
252.0,37,10603.115109
1069.0,174,10604.880796
633.0,207,10607.01299
238.0,42,10607.442681
250.0,37,10607.816565
251.0,37,10608.205691
1320.0,340,10611.732505
986.0,516,10617.044405
1043.0,175,10618.85873
251.0,38,10619.252486
1041.0,197,10621.317951
251.0,38,10621.712672
1047.0,150,10623.237544
252.0,37,10623.619981
1563.0,223,10625.931072
651.0,100,10626.976771
251.0,38,10627.373285
1047.0,155,10628.983746
1038.0,179,10630.838772
252.0,39,10631.240235
812.0,189,10633.216151
1038.0,194,10635.266954
815.0,170,10637.07646
596.0,117,10638.294335
606.0,93,10639.277828
251.0,38,10639.676516
1044.0,180,10641.583898
249.0,33,10641.922685
1045.0,176,10643.743956
1328.0,234,10646.118669
1151.0,218,10648.367758
1336.0,236,10650.799763
638.0,94,10651.75927
1040.0,181,10653.621376
1046.0,147,10655.137539
251.0,38,10655.521308
251.0,38,10655.909355
252.0,37,10656.306052
251.0,38,10656.698734
1043.0,176,10658.514531
979.0,549,10664.274625
1695.0,268,10667.116108
251.0,38,10667.504686
806.0,224,10669.837438
239.0,44,10670.293792
250.0,37,10670.676503
1311.0,401,10674.806998
1352.0,181,10676.699354
249.0,37,10677.081571
250.0,37,10677.467849
1038.0,206,10679.594506
251.0,37,10679.984733
1042.0,155,10681.606999
1347.0,200,10683.707027
251.0,38,10684.091667
750.0,563,10689.902516
769.0,445,10694.471814
252.0,37,10694.849775
1288.0,415,10699.087235
239.0,44,10699.551429
250.0,39,10699.95089
249.0,41,10700.378155
252.0,38,10700.763139
1031.0,238,10703.246898
251.0,38,10703.641553
252.0,37,10704.021059
251.0,38,10704.420163
251.0,38,10704.814784
241.0,44,10705.268031
241.0,44,10705.721212
813.0,186,10707.691319
238.0,43,10708.177782
252.0,37,10708.558895
247.0,40,10708.968248
1319.0,237,10711.446784
1043.0,174,10713.271192
1046.0,165,10714.965358
1047.0,153,10716.569796
816.0,168,10718.337243
1325.0,304,10721.509675
812.0,189,10723.47959
251.0,44,10723.929525
252.0,36,10724.303702
251.0,37,10724.693551
1046.0,163,10726.385303
251.0,46,10726.860235
250.0,37,10727.235573
251.0,38,10727.632565
1351.0,173,10729.431619
1041.0,168,10731.222079
251.0,38,10731.606286
806.0,226,10733.936769
1044.0,169,10735.70302
1043.0,164,10737.431553
729.0,124,10738.693838
252.0,37,10739.080796
1432.0,214,10741.353952
247.0,66,10742.038648
251.0,38,10742.442997
1041.0,176,10744.316473
1036.0,213,10746.536819
1050.0,144,10748.053027
251.0,37,10748.430707
251.0,37,10748.827456
252.0,37,10749.211382
251.0,38,10749.599432
251.0,38,10749.987691
1041.0,186,10751.962393
1049.0,146,10753.485453
1047.0,162,10755.182488
251.0,38,10755.583806
251.0,38,10755.977301
814.0,177,10757.858492
639.0,168,10759.608556
248.0,39,10760.000038
1032.0,232,10762.41064
251.0,37,10762.799447
252.0,38,10763.189111
247.0,40,10763.592337
252.0,38,10763.988153
251.0,38,10764.377597
610.0,90,10765.29949
1710.0,253,10767.955762
251.0,37,10768.34574
251.0,37,10768.735567
252.0,37,10769.130796
605.0,73,10769.877923
1043.0,185,10771.809993
249.0,39,10772.213681
811.0,194,10774.219804
252.0,37,10774.601073
251.0,38,10774.989602
251.0,38,10775.377895
249.0,38,10775.760629
1046.0,163,10777.447518
1045.0,147,10778.989831
598.0,120,10780.218292
252.0,37,10780.589705
627.0,84,10781.443062
1577.0,257,10784.131558
1046.0,161,10785.818142
562.0,129,10787.16819
251.0,37,10787.547421
815.0,171,10789.314159
632.0,96,10790.294293
1925.0,263,10793.056287
1700.0,231,10795.472081
1346.0,180,10797.301502
252.0,37,10797.668306
252.0,37,10798.039334
251.0,38,10798.417809
251.0,38,10798.805921
1049.0,147,10800.310107
1345.0,196,10802.313616
1433.0,189,10804.238852
1038.0,193,10806.231715
251.0,38,10806.619783
251.0,38,10807.011403
250.0,38,10807.400753
251.0,38,10807.797558
251.0,38,10808.188831
248.0,37,10808.56647
247.0,38,10808.953537
651.0,102,10810.015841
637.0,92,10810.940841
252.0,37,10811.31254
1046.0,148,10812.825073
1046.0,146,10814.343272
250.0,37,10814.724934
251.0,37,10815.097898
1039.0,170,10816.831965
1045.0,161,10818.529754
252.0,37,10818.910243
1037.0,224,10821.245535
243.0,41,10821.666989
1047.0,143,10823.156453
1693.0,241,10825.672792
1046.0,167,10827.395597
251.0,37,10827.771806
252.0,37,10828.160521
252.0,37,10828.541399
561.0,135,10829.937996
252.0,38,10830.324093
252.0,37,10830.709495
252.0,37,10831.088358
238.0,43,10831.538027
250.0,37,10831.914742
250.0,37,10832.303921
251.0,38,10832.693074
1036.0,232,10835.102684
1347.0,192,10837.124139
634.0,88,10838.049668
249.0,38,10838.445884
251.0,38,10838.847687
252.0,37,10839.23232
608.0,76,10840.024225
251.0,38,10840.418725
1896.0,403,10844.646551
251.0,38,10845.031852
251.0,38,10845.433631
253.0,39,10845.829943
250.0,38,10846.227371
251.0,38,10846.621346
251.0,38,10847.023876
1032.0,244,10849.546717
252.0,38,10849.929344
251.0,38,10850.327826
1034.0,202,10852.466527
250.0,38,10852.867115
250.0,38,10853.25488
250.0,38,10853.655136
1041.0,201,10855.715407
250.0,38,10856.102493
250.0,38,10856.48632
250.0,38,10856.875878
1027.0,266,10859.593568
638.0,98,10860.599121
250.0,38,10860.989234
250.0,37,10861.366714
1035.0,221,10863.630524
251.0,38,10864.006346
251.0,38,10864.391634
730.0,118,10865.574077
561.0,132,10866.949404
632.0,96,10867.921515
252.0,37,10868.290848
252.0,37,10868.66951
243.0,41,10869.089129
1035.0,240,10871.566178
252.0,37,10871.94554
251.0,37,10872.321257
251.0,37,10872.699775
250.0,38,10873.078891
565.0,139,10874.52169
250.0,39,10874.93746
244.0,41,10875.373868
245.0,40,10875.787673
250.0,39,10876.201006
1042.0,184,10878.106094
250.0,37,10878.487162
251.0,38,10878.876921
252.0,37,10879.258811
1047.0,147,10880.794949
249.0,38,10881.195528
1044.0,184,10883.134918
251.0,38,10883.523607
251.0,38,10883.918271
251.0,38,10884.310363
252.0,37,10884.691453
252.0,37,10885.068221
251.0,38,10885.457109
251.0,38,10885.853647
245.0,41,10886.277727
1043.0,178,10888.161557
252.0,37,10888.5444
252.0,37,10888.934621
243.0,41,10889.356606
243.0,41,10889.783585
1385.0,473,10894.725706
252.0,37,10895.104272
252.0,37,10895.48302
1141.0,240,10897.971686
251.0,37,10898.356342
639.0,168,10900.112626
583.0,121,10901.374253
249.0,38,10901.781042
250.0,37,10902.161108
250.0,38,10902.553898
251.0,38,10902.948245
251.0,38,10903.340209
1849.0,270,10906.178732
609.0,105,10907.290043
251.0,40,10907.712232
252.0,37,10908.097568
636.0,95,10909.101589
1581.0,212,10911.361512
629.0,97,10912.370115
252.0,37,10912.752972
1037.0,200,10914.865125
250.0,37,10915.254062
252.0,37,10915.637903
253.0,39,10916.041392
251.0,38,10916.438102
250.0,38,10916.841114
1343.0,201,10918.958457
603.0,83,10919.817214
1043.0,151,10921.372299
252.0,37,10921.764027
252.0,37,10922.141399
607.0,74,10922.913739
606.0,74,10923.680632
251.0,38,10924.067223
252.0,37,10924.442443
253.0,36,10924.803391
733.0,105,10925.867857
640.0,93,10926.814289
251.0,37,10927.192901
251.0,38,10927.581682
639.0,168,10929.321412
1034.0,210,10931.561327
634.0,94,10932.551722
251.0,37,10932.941003
604.0,74,10933.711975
611.0,107,10934.828584
607.0,74,10935.610225
639.0,93,10936.576068
250.0,38,10936.970331
252.0,37,10937.345103
248.0,38,10937.72499
252.0,37,10938.09738
1042.0,178,10939.95472
816.0,165,10941.675426
252.0,37,10942.063042
585.0,136,10943.473075
608.0,76,10944.251032
252.0,37,10944.632838
252.0,37,10945.007473
243.0,41,10945.424547
247.0,38,10945.816336
1345.0,213,10948.037852
638.0,94,10948.996347
519.0,529,10954.390448
252.0,37,10954.764033
248.0,38,10955.157385
252.0,37,10955.533542
252.0,37,10955.908877
247.0,40,10956.316048
251.0,38,10956.703683
2346.0,443,10961.200195
252.0,37,10961.572176
251.0,37,10961.939678
252.0,37,10962.315319
251.0,38,10962.705416
622.0,100,10963.731757
252.0,37,10964.119346
251.0,37,10964.505785
816.0,164,10966.243093
250.0,37,10966.634861
600.0,110,10967.808121
252.0,37,10968.202197
249.0,37,10968.589671
250.0,37,10968.975019
252.0,37,10969.351481
251.0,38,10969.739805
717.0,120,10970.993371
1048.0,145,10972.4974
1341.0,205,10974.673669
249.0,38,10975.069093
610.0,76,10975.848357
250.0,38,10976.240891
252.0,37,10976.624949
613.0,105,10977.721934
630.0,96,10978.707422
1582.0,219,10980.99023
1048.0,144,10982.500204
1435.0,187,10984.486826
251.0,38,10984.876896
251.0,37,10985.260854
722.0,136,10986.687023
561.0,137,10988.123466
2827.0,1769,11006.374083
1036.0,222,11008.682604
613.0,79,11009.484729
609.0,77,11010.280607
250.0,37,11010.648732
1042.0,155,11012.232677
1035.0,219,11014.471964
628.0,126,11015.769503
636.0,103,11016.807476
247.0,38,11017.184691
252.0,37,11017.563791
250.0,38,11017.957136
994.0,476,11022.861226
615.0,84,11023.737452
243.0,41,11024.156489
1038.0,190,11026.137938
1041.0,176,11027.954382
249.0,38,11028.355535
251.0,37,11028.740188
1326.0,197,11030.834577
616.0,86,11031.730319
252.0,37,11032.111086
242.0,43,11032.553375
630.0,93,11033.524992
250.0,38,11033.921485
615.0,103,11035.010338
245.0,39,11035.412963
1313.0,292,11038.479071
623.0,126,11039.792586
625.0,99,11040.824813
637.0,98,11041.856276
608.0,85,11042.737293
1050.0,142,11044.190932
252.0,37,11044.571478
614.0,94,11045.547972
248.0,38,11045.942879
1700.0,216,11048.226303
1157.0,167,11049.991796
249.0,38,11050.387563
1917.0,291,11053.451168
248.0,38,11053.847368
249.0,38,11054.240443
249.0,38,11054.630757
1301.0,464,11059.448372
1425.0,207,11061.58364
635.0,89,11062.50085
243.0,41,11062.915152
243.0,41,11063.338376
251.0,38,11063.714285
610.0,75,11064.467684
243.0,41,11064.876109
242.0,41,11065.286899
243.0,41,11065.690912
1041.0,181,11067.532534
635.0,100,11068.543511
626.0,109,11069.65493
250.0,37,11070.032207
250.0,38,11070.416645
627.0,123,11071.680522
252.0,37,11072.060441
250.0,38,11072.448511
987.0,520,11077.646394
1151.0,173,11079.458369
252.0,37,11079.844165
251.0,37,11080.230186
723.0,162,11081.91499
249.0,38,11082.30021
695.0,331,11085.635631
250.0,37,11086.02169
630.0,102,11087.062605
610.0,75,11087.831098
251.0,38,11088.21716
605.0,75,11088.983444
251.0,37,11089.363716
249.0,33,11089.70288
1034.0,222,11091.991162
246.0,38,11092.378776
246.0,40,11092.788023
234.0,44,11093.230631
626.0,143,11094.703624
629.0,114,11095.87637
249.0,38,11096.26272
1338.0,262,11098.981018
626.0,103,11165.668726
1038.0,182,11167.551776
252.0,34,11167.90054
249.0,39,11168.294191
1041.0,172,11170.056932
602.0,126,11171.352833
252.0,37,11171.730369
608.0,75,11172.498756
249.0,33,11172.842811
640.0,164,11174.571619
660.0,542,11180.215149
245.0,40,11180.61591
249.0,33,11180.949987
250.0,38,11181.334857
1822.0,446,11185.913377
1856.0,252,11188.567467
615.0,77,11189.38746
632.0,111,11190.539043
251.0,37,11190.930182
1391.0,466,11195.711968
1329.0,180,11197.596434
247.0,40,11198.005379
250.0,37,11198.382026
247.0,38,11198.769421
1322.0,219,11201.028861
251.0,37,11201.399108
249.0,39,11201.792867
1320.0,250,11204.409186
253.0,34,11204.759994
611.0,84,11205.63495
755.0,201,11207.754024
1027.0,240,11210.253295
1022.0,281,11213.139851
2578.0,757,11221.032804
252.0,37,11221.413841
1060.0,213,11223.621974
250.0,37,11224.013999
1043.0,174,11225.825659
1042.0,151,11227.410241
1157.0,171,11229.231505
250.0,41,11229.658117
241.0,61,11230.282488
1068.0,711,11237.546835
250.0,37,11237.920295
632.0,117,11239.142622
1337.0,256,11241.790543
1037.0,217,11244.054808
603.0,73,11244.794878
604.0,73,11245.613049
608.0,81,11246.48995
999.0,443,11251.08391
250.0,38,11251.47636
252.0,37,11251.861299
1047.0,162,11253.522186
1412.0,255,11256.170926
250.0,46,11256.638284
1042.0,170,11258.376965
1705.0,249,11260.965621
1428.0,259,11263.777544
252.0,37,11264.162921
1046.0,157,11265.772683
251.0,38,11266.157832
629.0,118,11267.344242
251.0,38,11267.723279
1328.0,188,11269.669468
621.0,104,11270.731294
248.0,39,11271.119512
813.0,185,11273.009506
626.0,115,11274.177962
1352.0,174,11275.943056
250.0,39,11276.3398
248.0,39,11276.725937
250.0,39,11277.123956
1274.0,507,11282.290591
1024.0,285,11285.211339
1326.0,195,11287.262441
1291.0,380,11291.184148
620.0,122,11292.426413
1010.0,379,11296.383114
1017.0,316,11299.675895
606.0,112,11300.846179
1048.0,140,11302.301459
978.0,572,11308.230197
243.0,40,11308.642138
1034.0,206,11310.784337
620.0,88,11311.683939
958.0,686,11318.744878
1326.0,206,11320.892089
637.0,113,11322.062164
247.0,38,11322.443075
1156.0,170,11324.211164
521.0,688,11331.306722
250.0,38,11331.700438
1329.0,183,11333.610203
248.0,39,11334.012401
1578.0,215,11336.239743
246.0,40,11336.651173
246.0,41,11337.068646
247.0,39,11337.47418
250.0,36,11337.843633
246.0,39,11338.250413
245.0,40,11338.65967
636.0,94,11339.635565
613.0,93,11340.59973
249.0,39,11341.002059
604.0,85,11341.885577
250.0,38,11342.276063
1143.0,256,11344.877622
249.0,39,11345.272348
248.0,38,11345.66398
252.0,37,11346.051914
628.0,102,11347.104105
246.0,39,11347.504471
1044.0,240,11349.973775
1330.0,181,11351.8551
948.0,755,11359.457684
1020.0,323,11362.753885
251.0,37,11363.134015
2335.0,482,11368.008304
252.0,37,11368.391201
252.0,37,11368.77466
252.0,37,11369.155463
1320.0,194,11371.154879
637.0,94,11372.127607
1850.0,266,11374.959283
251.0,37,11375.337507
251.0,37,11375.721321
251.0,37,11376.107252
251.0,37,11376.494139
251.0,37,11376.879468
251.0,37,11377.259811
251.0,37,11377.642024
627.0,109,11378.793315
1271.0,549,11384.645573
252.0,38,11385.031738
251.0,37,11385.420297
250.0,39,11385.819633
251.0,37,11386.201205
251.0,37,11386.579287
1325.0,212,11388.794448
813.0,186,11390.749078
1035.0,213,11392.96991
619.0,98,11393.988285
1298.0,382,11397.922894
992.0,494,11403.230553
252.0,37,11403.621738
252.0,37,11404.020045
251.0,39,11404.427846
249.0,38,11404.830581
1068.0,160,11406.490735
951.0,798,11414.624481
244.0,42,11415.054984
583.0,159,11416.678941
1045.0,226,11419.035311
596.0,138,11420.468382
252.0,38,11420.848673
1043.0,180,11422.695457
251.0,39,11423.08543
247.0,41,11423.506879
250.0,38,11423.898797
250.0,39,11424.290886
560.0,144,11425.781186
242.0,45,11426.24462
1037.0,187,11428.203876
251.0,38,11428.607114
1047.0,157,11430.243702
249.0,36,11430.611978
581.0,198,11432.670921
634.0,100,11433.721104
1329.0,180,11435.593864
252.0,37,11435.973493
1032.0,218,11438.224885
632.0,109,11439.361066
624.0,116,11440.567275
249.0,39,11440.960396
636.0,105,11442.027545
251.0,37,11442.410744
249.0,37,11442.797038
804.0,185,11444.707646
1064.0,190,11446.685903
252.0,37,11447.068864
1325.0,199,11449.136204
1045.0,146,11450.645305
1056.0,150,11452.197546
1857.0,250,11454.846979
1030.0,244,11457.375377
1022.0,290,11460.361173
237.0,45,11460.821862
1035.0,202,11462.952042
249.0,38,11463.33748
1154.0,197,11465.389173
252.0,37,11465.770588
250.0,38,11466.16206
252.0,37,11466.546939
252.0,37,11466.935124
252.0,37,11467.313364
252.0,38,11467.703979
249.0,37,11468.083106
251.0,39,11468.476396
1055.0,172,11470.267888
556.0,167,11471.984891
250.0,38,11472.382941
252.0,37,11472.760184
576.0,177,11474.576557
1042.0,170,11476.329649
252.0,37,11476.701583
635.0,94,11477.663004
1323.0,233,11480.066737
797.0,277,11482.935856
250.0,38,11483.314168
249.0,38,11483.704718
248.0,39,11484.106183
1321.0,228,11486.49175
252.0,37,11486.870747
252.0,37,11487.248737
248.0,39,11487.650993
250.0,39,11488.051934
250.0,39,11488.444035
1328.0,197,11490.502412
560.0,139,11491.928171
250.0,38,11492.330906
250.0,38,11492.720269
615.0,155,11494.312628
252.0,37,11494.699848
1048.0,156,11496.299045
1040.0,186,11498.262445
1326.0,197,11500.334782
1055.0,158,11501.967869
240.0,43,11502.401197
610.0,84,11503.261578
1315.0,223,11505.604338
606.0,104,11506.70122
249.0,37,11507.088534
248.0,38,11507.486523
1407.0,279,11510.413812
611.0,86,11511.285714
629.0,122,11512.552163
1053.0,171,11514.342978
1045.0,161,11516.024777
606.0,74,11516.780981
247.0,39,11517.189807
1150.0,232,11519.640249
1829.0,323,11523.003072
250.0,38,11523.390591
250.0,38,11523.78841
585.0,138,11525.229061
1103.0,490,11530.310981
1338.0,222,11532.651607
1034.0,206,11534.831942
1045.0,146,11536.336835
602.0,79,11537.163978
252.0,37,11537.552071
1146.0,233,11539.99761
1150.0,215,11542.234336
1699.0,245,11544.789803
248.0,39,11545.195673
252.0,37,11545.58081
252.0,37,11545.97095
251.0,38,11546.358628
252.0,38,11546.748785
252.0,37,11547.136279
622.0,101,11548.172307
1151.0,209,11550.345635
249.0,38,11550.739726
1159.0,172,11552.536369
252.0,37,11552.916941
1314.0,249,11555.523483
617.0,109,11556.661319
250.0,37,11557.049012
1151.0,192,11559.053276
1044.0,166,11560.786275
559.0,147,11562.317412
1045.0,155,11563.951
1325.0,204,11566.085213
250.0,37,11566.466413
253.0,38,11566.861484
1057.0,158,11568.515824
1035.0,223,11570.849162
646.0,84,11571.724634
649.0,109,11572.849954
635.0,95,11573.814717
611.0,121,11575.065879
629.0,89,11575.969261
1323.0,221,11578.271959
1145.0,227,11580.650802
609.0,96,11581.647879
627.0,110,11582.775288
631.0,94,11583.739341
640.0,98,11584.747018
624.0,91,11585.677714
633.0,95,11586.666519
1316.0,254,11589.372574
1047.0,144,11590.871928
1072.0,170,11592.655475
251.0,37,11593.042117
250.0,38,11593.429854
1042.0,151,11595.020882
1160.0,167,11596.7435
1157.0,187,11598.682799
745.0,196,11600.747621
1162.0,156,11602.356277
248.0,39,11602.761491
1312.0,230,11605.174069
1324.0,235,11607.649116
1330.0,175,11609.500317
251.0,39,11609.921767
246.0,41,11610.361397
249.0,38,11610.770865
1327.0,207,11612.977196
2352.0,375,11616.935181
1041.0,165,11618.635506
1047.0,152,11620.215433
248.0,40,11620.612925
246.0,40,11621.008715
249.0,37,11621.380201
249.0,37,11621.758965
1334.0,169,11623.530938
1041.0,175,11625.348445
621.0,186,11627.291679
1154.0,196,11629.370698
1098.0,527,11634.970954
1159.0,159,11636.652106
636.0,101,11637.696025
237.0,110,11638.839433
1321.0,203,11640.976853
652.0,88,11641.906183
237.0,44,11642.371735
237.0,44,11642.83768
252.0,40,11643.263038
1701.0,217,11645.572131
1324.0,178,11647.436172
604.0,75,11648.214778
603.0,74,11648.965166
237.0,44,11649.410693
1359.0,179,11651.266667
1228.0,795,11659.294811
606.0,81,11660.12936
1336.0,198,11662.194609
252.0,38,11662.587008
1043.0,176,11664.445445
1683.0,240,11666.974385
1158.0,164,11668.687305
250.0,38,11669.076755
252.0,38,11669.461579
1316.0,225,11671.778872
630.0,95,11672.785529
249.0,38,11673.187983
636.0,99,11674.21842
1046.0,160,11675.8985
753.0,187,11677.858944
1045.0,165,11679.5581
1160.0,177,11681.395039
243.0,50,11681.917096
1426.0,239,11684.462253
613.0,90,11685.396713
250.0,37,11685.77735
1155.0,174,11687.58962
1159.0,151,11689.165684
1322.0,190,11691.128161
252.0,37,11691.512243
631.0,91,11692.472005
814.0,175,11694.307625
252.0,40,11694.72226
250.0,39,11695.121296
248.0,37,11695.506982
1328.0,195,11697.564596
248.0,42,11697.983418
1428.0,219,11700.245139
570.0,141,11701.693484
1345.0,209,11703.870012
607.0,74,11704.623906
1136.0,303,11707.742448
1691.0,311,11711.011659
1043.0,171,11712.839728
607.0,76,11713.643091
1327.0,204,11715.813091
764.0,196,11717.883999
246.0,40,11718.291207
250.0,38,11718.682014
248.0,37,11719.061296
1153.0,199,11721.158192
1037.0,212,11723.385
612.0,90,11724.314296
602.0,80,11725.125803
1157.0,183,11727.03719
1044.0,153,11728.622945
249.0,37,11729.005655
1322.0,192,11731.014946
252.0,39,11731.416508
1316.0,233,11733.87426
607.0,74,11734.628826
252.0,37,11735.014251
1047.0,149,11736.56104
1318.0,215,11738.791204
1041.0,164,11740.48652
1055.0,167,11742.202857
606.0,83,11743.046681
238.0,42,11743.469208
249.0,37,11743.850076
785.0,183,11745.736268
237.0,44,11746.186533
250.0,39,11746.580526
1005.0,396,11750.721701
606.0,83,11751.580301
250.0,37,11751.957413
251.0,37,11752.333592
250.0,37,11752.725536
249.0,38,11753.115783
573.0,144,11754.621538
251.0,39,11755.030081
251.0,37,11755.415224
249.0,38,11755.810961
249.0,38,11756.202341
237.0,44,11756.654611
787.0,177,11758.488749
1323.0,219,11760.764461
250.0,37,11761.141555
1059.0,146,11762.647129
607.0,85,11763.50612
622.0,132,11764.825327
629.0,99,11765.830553
1022.0,283,11768.768418
1044.0,172,11770.545718
1042.0,166,11772.254595
1325.0,197,11774.311873
1043.0,184,11776.199948
1054.0,179,11778.071251
1307.0,306,11781.274987
1574.0,227,11783.632199
2304.0,686,11790.731507
619.0,119,11791.959676
1249.0,660,11798.631714
634.0,95,11799.600404
250.0,37,11799.985484
250.0,37,11800.357878
1331.0,181,11802.244341
249.0,37,11802.618458
1324.0,179,11804.466688
1048.0,145,11805.978338
1324.0,196,11808.076267
604.0,82,11808.942365
636.0,91,11809.890885
1050.0,134,11811.30251
1042.0,165,11813.043238
603.0,79,11813.871854
606.0,75,11814.643138
1039.0,182,11816.540909
1322.0,227,11818.944798
1059.0,143,11820.458543
1321.0,251,11823.121647
1327.0,204,11825.286242
622.0,114,11826.474734
631.0,89,11827.416986
1688.0,294,11830.547648
638.0,95,11831.54189
250.0,37,11831.924319
248.0,38,11832.311558
1040.0,177,11834.17971
1027.0,252,11836.799553
532.0,669,11843.766095
606.0,82,11844.619628
23.0,2406,11869.46789
1330.0,185,11871.352474
1042.0,164,11873.036172
603.0,74,11873.795175
251.0,37,11874.167255
609.0,75,11874.93872
1323.0,206,11877.099409
250.0,37,11877.489434
1155.0,168,11879.24682
1331.0,186,11881.174518
606.0,103,11882.242445
1070.0,146,11883.756081
607.0,74,11884.511005
250.0,37,11884.889161
1334.0,168,11886.611594
606.0,74,11887.377272
1044.0,164,11889.064376
241.0,44,11889.518573
1042.0,159,11891.181512
1046.0,153,11892.808974
1154.0,181,11894.710163
249.0,39,11895.108601
250.0,37,11895.499394
1058.0,148,11897.060742
1686.0,290,11900.139811
251.0,38,11900.527675
1327.0,190,11902.491591
253.0,36,11902.85745
1160.0,146,11904.361285
251.0,38,11904.73792
1333.0,166,11906.477753
1042.0,169,11908.239517
1045.0,154,11909.835479
1067.0,152,11911.416616
250.0,38,11911.812952
627.0,105,11912.913484
250.0,37,11913.296154
249.0,37,11913.680544
249.0,37,11914.062406
252.0,38,11914.461936
606.0,87,11915.384747
635.0,115,11916.581957
629.0,87,11917.505979
1323.0,219,11919.807819
250.0,37,11920.213573
251.0,37,11920.605135
812.0,187,11922.596159
1331.0,175,11924.416833
1041.0,178,11926.275341
1322.0,183,11928.186522
250.0,38,11928.56752
243.0,44,11929.022545
1328.0,195,11931.06598
1330.0,194,11933.094189
1326.0,212,11935.303611
1324.0,222,11937.596592
1036.0,202,11939.668158
1858.0,264,11942.386678
605.0,74,11943.158279
1688.0,227,11945.546182
1017.0,314,11948.782597
1038.0,187,11950.730439
1325.0,217,11953.003546
1147.0,192,11954.998931
603.0,73,11955.742259
1052.0,173,11957.506569
639.0,93,11958.465864
628.0,86,11959.342904
633.0,97,11960.369848
251.0,37,11960.749112
1327.0,209,11962.90741
1154.0,196,11964.908983
251.0,38,11965.283531
1038.0,207,11967.413857
621.0,94,11968.382925
252.0,37,11968.760483
622.0,110,11969.894706
608.0,76,11970.67113
1270.0,554,11976.372267
605.0,83,11977.230355
251.0,37,11977.613219
2248.0,995,11987.833618
814.0,178,11989.671882
1042.0,158,11991.325527
1038.0,220,11993.60543
607.0,75,11994.383495
247.0,38,11994.768228
249.0,38,11995.157692
627.0,111,11996.303663
1052.0,181,11998.199649
227.0,51,11998.723241
612.0,92,11999.691462
604.0,86,12000.57131
628.0,94,12001.525468
634.0,104,12002.59702
623.0,109,12003.727151
1031.0,244,12006.203964
1049.0,152,12007.755975
636.0,187,12009.675424
238.0,44,12010.127547
244.0,40,12010.527452
1327.0,206,12012.662258
1312.0,253,12015.347748
1153.0,188,12017.334437
606.0,88,12018.245026
1045.0,145,12019.767504
1856.0,259,12022.491634
601.0,126,12023.819666
607.0,81,12024.654469
1141.0,277,12027.545804
245.0,41,12027.958184
245.0,40,12028.368379
697.0,404,12032.526646
613.0,111,12033.649312
1152.0,170,12035.428872
1056.0,165,12037.153486
251.0,38,12037.536012
814.0,178,12039.380543
1041.0,173,12041.158305
764.0,166,12042.915617
253.0,38,12043.304381
639.0,95,12044.301775
1043.0,244,12046.871096
1043.0,175,12048.711887
1318.0,221,12051.019468
247.0,39,12051.42362
247.0,39,12051.816755
807.0,221,12054.144978
1246.0,677,12060.969263
1323.0,217,12063.194641
1154.0,159,12064.844448
650.0,93,12065.818889
241.0,41,12066.237979
1325.0,199,12068.330544
1043.0,173,12070.147878
809.0,207,12072.30172
249.0,38,12072.688854
1050.0,143,12074.187435
250.0,38,12074.588099
247.0,38,12074.977123
252.0,37,12075.356761
1327.0,190,12077.332011
1329.0,185,12079.262134
1326.0,214,12081.509006
1158.0,185,12083.4533
1045.0,151,12085.025607
235.0,47,12085.515465
243.0,40,12085.930003
639.0,103,12086.99829
1151.0,172,12088.775222
1039.0,182,12090.643427
1047.0,159,12092.26482
1042.0,181,12094.111698
250.0,37,12094.47841
1040.0,184,12096.363201
250.0,38,12096.753465
1152.0,217,12099.023058
606.0,82,12099.855929
1161.0,158,12101.529038
1328.0,200,12103.638915
729.0,345,12107.227287
1325.0,203,12109.361101
1321.0,240,12111.877491
629.0,118,12113.110494
1319.0,213,12115.35771
1348.0,221,12117.652092
621.0,107,12118.759763
1159.0,166,12120.481519
235.0,44,12120.930731
236.0,45,12121.382467
1348.0,184,12123.303193
627.0,104,12124.404073
1418.0,270,12127.216142
244.0,40,12127.627242
1318.0,266,12130.372128
1042.0,186,12132.29301
1151.0,192,12134.250517
252.0,37,12134.624248
1323.0,219,12136.871087
248.0,38,12137.262536
1039.0,188,12139.232217
235.0,44,12139.686802
251.0,2406,12164.968421
1038.0,195,12166.969804
1318.0,227,12169.342101
1162.0,165,12171.079462
1323.0,177,12172.921619
1146.0,236,12175.416744
604.0,75,12176.204525
1045.0,157,12177.843826
249.0,38,12178.235528
1326.0,214,12180.469053
1150.0,232,12182.91802
614.0,95,12183.909548
1040.0,192,12185.911944
1327.0,192,12187.925778
618.0,110,12189.070942
607.0,82,12189.934608
629.0,104,12191.00966
607.0,82,12191.871778
617.0,110,12193.038502
619.0,105,12194.141526
1157.0,189,12196.117841
1348.0,184,12198.055456
1329.0,192,12200.073858
612.0,102,12201.136933
621.0,129,12202.472347
614.0,117,12203.670249
597.0,128,12205.060478
1346.0,196,12207.086832
1329.0,192,12209.065797
810.0,203,12211.185259
1324.0,204,12213.300122
624.0,105,12214.397228
1343.0,224,12216.736823
1318.0,210,12218.948828
1343.0,219,12221.239638
236.0,44,12221.686468
1161.0,159,12223.348562
1342.0,206,12225.51088
250.0,38,12225.908689
1151.0,194,12227.946469
1034.0,204,12230.063963
1043.0,148,12231.588795
1343.0,215,12233.833433
597.0,131,12235.204166
245.0,40,12235.618121
1325.0,197,12237.700318
631.0,97,12238.707488
1319.0,210,12240.922364
620.0,111,12242.060634
1349.0,199,12244.152174
2391.0,1815,12263.000333
606.0,82,12263.84322
1344.0,217,12266.08767
631.0,95,12267.091055
1320.0,227,12269.48111
1433.0,194,12271.553898
1325.0,205,12273.695142
1327.0,203,12275.834079
1158.0,162,12277.539329
630.0,96,12278.54312
634.0,108,12279.671626
1322.0,221,12281.983204
1339.0,230,12284.401154
1323.0,219,12286.674879
1326.0,219,12288.915346
1325.0,192,12290.896511
632.0,100,12291.918136
1325.0,218,12294.140442
632.0,97,12295.10693
635.0,96,12296.067602
244.0,40,12296.467268
624.0,110,12297.575652
1329.0,190,12299.488632
810.0,204,12301.544543
630.0,118,12302.726377
1328.0,194,12304.72473
633.0,123,12305.99608
632.0,98,12307.029053
614.0,86,12307.893348
621.0,89,12308.814225
629.0,114,12310.010484
633.0,119,12311.266592
1153.0,195,12313.288859
637.0,93,12314.265361
1331.0,180,12316.135247
624.0,95,12317.131392
1354.0,183,12319.051531
638.0,91,12319.998687
247.0,38,12320.377862
1325.0,216,12322.588542
625.0,102,12323.63947
251.0,38,12324.024159
618.0,117,12325.20643
1347.0,198,12327.245037
632.0,118,12328.463891
1326.0,204,12330.586447
1325.0,202,12332.634883
605.0,202,12334.722617
1323.0,227,12337.096999
1151.0,199,12339.164834
628.0,109,12340.292955
604.0,98,12341.294635
250.0,37,12341.672664
1329.0,188,12343.639498
1042.0,156,12345.25297
1326.0,214,12347.500604
240.0,42,12347.936262
610.0,131,12349.313791
632.0,97,12350.314568
637.0,100,12351.353142
1163.0,147,12352.870651
1157.0,179,12354.719565
1331.0,184,12356.655601
227.0,49,12357.167511
623.0,113,12358.340204
1347.0,173,12360.160139
1323.0,186,12362.131218
608.0,82,12362.992387
1156.0,176,12364.844628
243.0,40,12365.25283
633.0,88,12366.183609
810.0,189,12368.169472
606.0,78,12368.976456
1423.0,205,12371.143711
251.0,37,12371.523285
1163.0,146,12373.039456
649.0,89,12373.959438
249.0,38,12374.337218
648.0,95,12375.299898
627.0,117,12376.511206
618.0,92,12377.460686
251.0,38,12377.856262
250.0,38,12378.243965
252.0,36,12378.622928
622.0,95,12379.614729
1036.0,191,12381.590374
251.0,37,12381.963231
1038.0,180,12383.858612
628.0,114,12385.05014
637.0,92,12386.022793
609.0,159,12387.684466
1047.0,210,12389.919269
249.0,38,12390.310333
1157.0,169,12392.089064
1160.0,152,12393.685897
1579.0,214,12395.958534
251.0,38,12396.349877
1148.0,173,12398.181583
645.0,97,12399.215721
1045.0,159,12400.883909
631.0,101,12401.937766
611.0,95,12402.944373
1428.0,217,12405.247275
623.0,105,12406.352741
810.0,202,12408.502973
1330.0,189,12410.485392
237.0,44,12410.95099
647.0,94,12411.90572
236.0,43,12412.354345
603.0,73,12413.117813
1038.0,184,12415.061383
1319.0,203,12417.222518
249.0,38,12417.616707
1343.0,209,12419.844538
1284.0,454,12424.60778
1328.0,186,12426.567149
633.0,97,12427.580958
251.0,37,12427.955304
1142.0,205,12430.114393
1325.0,199,12432.210026
234.0,44,12432.656814
754.0,294,12435.744338
1160.0,174,12437.55992
1042.0,155,12439.215081
629.0,105,12440.319875
1149.0,181,12442.18269
1331.0,180,12444.035229
628.0,106,12445.13238
1154.0,179,12446.999715
1352.0,176,12448.85206
647.0,98,12449.86449
1322.0,219,12452.190301
617.0,114,12453.389322
809.0,177,12455.233388
627.0,92,12456.197696
1416.0,243,12458.78463
628.0,94,12459.761926
236.0,44,12460.217149
1846.0,248,12462.811508
245.0,43,12463.248751
1325.0,207,12465.376878
632.0,99,12466.391425
1159.0,169,12468.191176
249.0,37,12468.571612
1331.0,178,12470.413256
616.0,90,12471.355759
1330.0,180,12473.246727
623.0,114,12474.440588
648.0,96,12475.425894
634.0,126,12476.749045
624.0,168,12478.499396
235.0,45,12478.965125
1125.0,364,12482.712912
236.0,45,12483.175524
250.0,38,12483.572814
1042.0,155,12485.150498
725.0,150,12486.695023
243.0,40,12487.109051
1159.0,164,12488.829576
1046.0,159,12490.491141
1342.0,187,12492.478467
621.0,96,12493.489289
1153.0,190,12495.467803
634.0,106,12496.567526
627.0,114,12497.773906
1156.0,178,12499.670529
238.0,43,12500.103234
611.0,96,12501.099884
607.0,80,12501.923143
1043.0,174,12503.711458
236.0,43,12504.144114
234.0,44,12504.609215
623.0,109,12505.736833
1162.0,149,12507.298364
618.0,94,12508.279924
237.0,44,12508.738992
240.0,43,12509.181918
1063.0,140,12510.643738
1040.0,170,12512.393011
1324.0,217,12514.641952
651.0,96,12515.636536
615.0,120,12516.881801
235.0,44,12517.339534
235.0,44,12517.802236
623.0,101,12518.856956
1160.0,157,12520.517278
605.0,170,12522.286703
1064.0,159,12523.962294
640.0,94,12524.940268
232.0,45,12525.410531
1344.0,206,12527.568425
613.0,134,12528.971156
1339.0,201,12531.128381
636.0,90,12532.08244
1330.0,182,12534.031972
613.0,130,12535.396228
1153.0,188,12537.372502
641.0,93,12538.342619
1159.0,154,12539.97593
247.0,40,12540.397078
608.0,94,12541.359262
251.0,37,12541.733104
1328.0,204,12543.835599
237.0,44,12544.278074
251.0,37,12544.64711
249.0,37,12545.018087
250.0,37,12545.394231
251.0,37,12545.771688
612.0,75,12546.552392
616.0,79,12547.372979
250.0,37,12547.757357
251.0,38,12548.144985
1330.0,178,12550.026501
241.0,42,12550.461631
246.0,40,12550.873836
248.0,38,12551.271358
252.0,38,12551.663301
251.0,38,12552.064785
250.0,38,12552.445817
246.0,38,12552.844998
239.0,45,12553.306807
251.0,39,12553.706075
248.0,39,12554.10495
249.0,38,12554.501042
250.0,38,12554.894306
1324.0,213,12557.109217
626.0,138,12558.53931
248.0,39,12558.955473
1346.0,183,12560.879108
251.0,37,12561.266008
252.0,37,12561.651834
1336.0,197,12563.710131
250.0,38,12564.089888
252.0,38,12564.471085
243.0,41,12564.88353
1052.0,184,12566.746512
639.0,111,12567.851441
623.0,99,12568.84614
239.0,41,12569.250707
239.0,43,12569.682749
621.0,117,12570.846911
614.0,86,12571.702384
1039.0,174,12573.499521
250.0,38,12573.892953
249.0,39,12574.290684
1157.0,170,12576.072721
1042.0,164,12577.791042
1328.0,202,12579.932785
1047.0,154,12581.553723
617.0,79,12582.382043
246.0,40,12582.795618
1157.0,168,12584.589574
1037.0,195,12586.62505
251.0,37,12587.001083
611.0,107,12588.131117
238.0,42,12588.565948
625.0,108,12589.677567
1341.0,161,12591.370605
247.0,40,12591.786122
1061.0,147,12593.30817
243.0,41,12593.730912
1045.0,174,12595.513585
1324.0,207,12597.664912
627.0,101,12598.722012
238.0,44,12599.182921
1328.0,179,12601.057214
248.0,39,12601.454093
1044.0,152,12603.047824
1040.0,186,12604.992118
238.0,42,12605.418833
1330.0,174,12607.221373
251.0,37,12607.594181
251.0,37,12607.958993
636.0,95,12608.915179
249.0,37,12609.284565
248.0,37,12609.667976
623.0,95,12610.639591
631.0,101,12611.681854
628.0,116,12612.897864
245.0,41,12613.330556
1046.0,143,12614.81357
622.0,110,12615.93814
241.0,43,12616.375638
617.0,128,12617.681002
622.0,114,12618.838598
240.0,43,12619.281069
241.0,42,12619.719847
239.0,42,12620.157919
240.0,42,12620.591711
1138.0,282,12623.557843
252.0,38,12623.953918
251.0,37,12624.358784
1043.0,162,12626.077498
1044.0,151,12627.675132
1050.0,169,12629.426752
604.0,184,12631.365304
636.0,96,12632.380311
1063.0,177,12634.270456
1330.0,180,12636.178635
1327.0,188,12638.174794
239.0,42,12638.597993
248.0,38,12638.995948
241.0,41,12639.421804
233.0,45,12639.894256
1324.0,206,12642.080801
627.0,109,12643.213616
632.0,92,12644.168414
1041.0,173,12645.961024
251.0,37,12646.341587
1340.0,223,12648.672863
1044.0,153,12650.251764
628.0,90,12651.170163
1159.0,171,12652.939098
621.0,116,12654.129701
249.0,38,12654.512969
238.0,44,12654.96857
1049.0,154,12656.583455
620.0,102,12657.644751
1325.0,202,12659.747938
634.0,110,12660.870884
1041.0,169,12662.621429
631.0,115,12663.8223
243.0,42,12664.255107
250.0,39,12664.658347
1153.0,178,12666.515988
628.0,120,12667.750855
1107.0,187,12669.707978
1338.0,224,12672.063977
1338.0,184,12673.986413
1326.0,197,12676.045841
1342.0,181,12677.967639
248.0,39,12678.383393
249.0,40,12678.798259
1156.0,164,12680.521703
1332.0,201,12682.630857
1327.0,197,12684.736075
631.0,118,12685.967381
1044.0,156,12687.60873
736.0,314,12690.948647
1331.0,178,12692.804891
1043.0,176,12694.626125
734.0,107,12695.742712
743.0,196,12697.80301
1326.0,193,12699.838078
1336.0,204,12701.954457
252.0,39,12702.34902
1041.0,180,12704.243427
1345.0,204,12706.399964
1043.0,174,12708.227242
1347.0,176,12710.052166
1344.0,187,12711.99674
1034.0,223,12714.285414
248.0,39,12714.673589
584.0,139,12716.098299
251.0,37,12716.474894
766.0,178,12718.339317
249.0,36,12718.710503
618.0,107,12719.831396
1345.0,215,12722.084638
1062.0,170,12723.872466
1339.0,229,12726.257184
607.0,125,12727.568518
229.0,49,12728.08676
1043.0,162,12729.799853
636.0,117,12731.03106
623.0,110,12732.165112
1348.0,185,12734.100768
1043.0,167,12735.824489
1343.0,215,12738.04387
251.0,37,12738.422816
617.0,125,12739.714018
634.0,94,12740.678602
1351.0,174,12742.507221
1155.0,181,12744.396507
635.0,97,12745.39809
1344.0,215,12747.666047
1347.0,192,12749.681124
617.0,78,12750.499362
592.0,263,12753.271961
628.0,106,12754.389754
631.0,89,12755.317554
1319.0,217,12757.633478
1157.0,163,12759.332289
624.0,95,12760.331221
241.0,42,12760.767678
235.0,44,12761.222299
1251.0,673,12768.219902
623.0,105,12769.327022
633.0,110,12770.485485
620.0,92,12771.428088
622.0,92,12772.367111
621.0,97,12773.376029
236.0,45,12773.850273
233.0,45,12774.315761
1039.0,176,12776.14843
632.0,98,12777.168024
1155.0,189,12779.13559
619.0,95,12780.119648
237.0,40,12780.533211
630.0,105,12781.6244
634.0,97,12782.638624
250.0,40,12783.04958
237.0,43,12783.493096
1038.0,190,12785.484458
623.0,99,12786.51893
631.0,111,12787.684661
1042.0,160,12789.359454
1915.0,240,12791.910233
253.0,35,12792.266967
1344.0,209,12794.44297
1345.0,188,12796.427838
740.0,147,12797.986104
1349.0,190,12799.934543
1350.0,198,12801.961139
630.0,111,12803.094575
1045.0,148,12804.644117
615.0,79,12805.44884
617.0,93,12806.414329
1427.0,193,12808.475312
634.0,87,12809.403859
1316.0,223,12811.782093
243.0,40,12812.201949
231.0,49,12812.718699
606.0,116,12813.950093
754.0,220,12816.269316
625.0,92,12817.242732
628.0,97,12818.251776
250.0,39,12818.660024
1155.0,169,12820.451598
1333.0,215,12822.729568
630.0,136,12824.155539
1344.0,190,12826.142068
236.0,44,12826.589086
1045.0,144,12828.093249
1062.0,176,12829.954542
1350.0,172,12831.780467
1345.0,186,12833.733204
-100.0,2406,12858.652532
1347.0,189,12860.653544
1346.0,210,12862.877918
628.0,125,12864.186441
1044.0,157,12865.844954
616.0,102,12866.933093
629.0,94,12867.930794
1351.0,176,12869.788159
237.0,42,12870.259194
1044.0,152,12871.860472
1045.0,165,12873.613397
1339.0,203,12875.787271
607.0,79,12876.621742
1047.0,154,12878.246135
237.0,45,12878.715757
616.0,88,12879.628781
1041.0,169,12881.392311
635.0,101,12882.422849
635.0,96,12883.407395
1045.0,169,12885.141812
1322.0,203,12887.25054
628.0,112,12888.40848
1045.0,143,12889.93003
719.0,353,12893.570202
1339.0,220,12895.86608
239.0,42,12896.292239
1571.0,235,12898.753394
1047.0,135,12900.193467
1050.0,139,12901.650388
1423.0,212,12903.876429
1423.0,248,12906.458802
-97.0,2406,12931.171575
1214.0,999,12941.564266
622.0,120,12942.788582
633.0,98,12943.797971
251.0,38,12944.179053
1151.0,190,12946.133965
636.0,107,12947.251085
1041.0,179,12949.146127
592.0,233,12951.580031
1324.0,274,12954.409627
632.0,97,12955.404001
1046.0,157,12957.031201
1159.0,161,12958.693896
1344.0,199,12960.77263
612.0,127,12962.068952
1058.0,168,12963.822826
1345.0,181,12965.732316
1340.0,208,12967.893764
628.0,87,12968.794243
635.0,93,12969.757689
253.0,34,12970.107413
1350.0,173,12971.904965
635.0,101,12972.943793
1044.0,151,12974.530658
1350.0,183,12976.447367
1343.0,195,12978.47143
241.0,43,12978.902389
241.0,43,12979.331694
1159.0,159,12981.006739
1336.0,192,12983.024003
1351.0,191,12985.046702
1038.0,179,12987.010228
1046.0,141,12988.50848
1431.0,217,12990.806819
246.0,42,12991.236277
629.0,111,12992.395672
624.0,93,12993.382829
629.0,85,12994.265711
630.0,88,12995.187769
624.0,83,12996.071334
625.0,83,12996.941271
1043.0,149,12998.498151
1350.0,182,13000.427357
634.0,103,13001.487294
1049.0,150,13003.059228
633.0,98,13004.084972
617.0,99,13005.133369
633.0,96,13006.135713
649.0,106,13007.243752
632.0,103,13008.305311
617.0,80,13009.131967
626.0,94,13010.104434
631.0,104,13011.169935
1427.0,228,13013.540034
1044.0,152,13015.097034
628.0,94,13016.058148
1043.0,161,13017.70821
634.0,94,13018.68162
1046.0,158,13020.342073
631.0,118,13021.585934
1341.0,191,13023.601038
1047.0,143,13025.096374
1043.0,160,13026.776495
634.0,102,13027.847214
1158.0,157,13029.456499
1348.0,184,13031.35893
1159.0,165,13033.08979
610.0,83,13033.951427
1043.0,177,13035.766463
604.0,120,13037.002726
604.0,109,13038.128659
1435.0,195,13040.183171
970.0,622,13046.544235
612.0,105,13047.633898
1922.0,268,13050.470481
626.0,84,13051.347526
1338.0,187,13053.332028
638.0,108,13054.462177
628.0,93,13055.42724
1348.0,188,13057.409489
1049.0,149,13058.979601
639.0,102,13060.049262
1042.0,171,13061.82824
1328.0,191,13063.809942
629.0,112,13064.971304
1342.0,185,13066.918311
1039.0,182,13068.817749
632.0,96,13069.817851
1348.0,195,13071.856485
1441.0,207,13074.019028
634.0,105,13075.101344
1343.0,210,13077.312437
730.0,118,13078.529752
247.0,40,13078.929779
622.0,91,13079.862823
621.0,85,13080.744039
1349.0,191,13082.728968
609.0,80,13083.574961
607.0,85,13084.451755
1348.0,181,13086.324102
613.0,122,13087.609823
1048.0,149,13089.176206
617.0,116,13090.373874
634.0,93,13091.332396
629.0,103,13092.406647
1045.0,148,13093.97661
1701.0,222,13096.263361
620.0,95,13097.246555
637.0,101,13098.29908
251.0,39,13098.690265
1047.0,160,13100.357945
618.0,101,13101.421279
623.0,118,13102.643641
628.0,86,13103.533476
617.0,88,13104.449996
625.0,97,13105.440116
1046.0,153,13107.047897
248.0,39,13107.448742
1348.0,182,13109.374891
629.0,94,13110.359054
1331.0,180,13112.27938
619.0,93,13113.258704
1045.0,166,13115.019552
1047.0,161,13116.674161
1052.0,198,13118.703432
1042.0,166,13120.435064
1344.0,186,13122.394471
638.0,101,13123.451853
1344.0,181,13125.355559
1336.0,230,13127.779998
1343.0,169,13129.551419
624.0,85,13130.422432
1037.0,279,13133.304737
239.0,44,13133.746517
1434.0,191,13135.702418
597.0,179,13137.5823
1046.0,150,13139.168509
1343.0,195,13141.202481
768.0,169,13142.948714
633.0,117,13144.143813
608.0,265,13146.823964
617.0,101,13147.836086
630.0,111,13148.968184
247.0,42,13149.403794
245.0,42,13149.827385
628.0,93,13150.782243
238.0,42,13151.223867
619.0,126,13152.51425
1047.0,161,13154.185853
638.0,100,13155.201639
1158.0,171,13156.943091
616.0,104,13157.992804
1041.0,166,13159.696712
612.0,90,13160.607238
1351.0,170,13162.406102
637.0,94,13163.395533
1158.0,157,13165.06471
626.0,93,13166.038069
627.0,84,13166.911585
613.0,85,13167.809049
627.0,116,13169.013928
1041.0,173,13170.828988
1345.0,178,13172.713555
611.0,102,13173.774297
1351.0,169,13175.559812
1044.0,155,13177.184166
1043.0,153,13178.755827
1058.0,164,13180.465935
1317.0,236,13182.963298
249.0,38,13183.355579
1339.0,219,13185.683815
1347.0,186,13187.649746
1350.0,173,13189.488042
612.0,78,13190.304499
251.0,37,13190.68123
635.0,97,13191.696512
622.0,90,13192.634859
1346.0,194,13194.652219
611.0,106,13195.738931
628.0,85,13196.599313
1064.0,155,13198.182961
1044.0,147,13199.705135
1342.0,194,13201.716652
251.0,38,13202.108451
252.0,38,13202.499531
1342.0,174,13204.296482
237.0,43,13204.73196
1045.0,142,13206.185287
627.0,86,13207.061533
628.0,102,13208.102366
249.0,37,13208.478959
239.0,44,13208.945023
1351.0,192,13210.976063
240.0,45,13211.439296
623.0,84,13212.309602
1054.0,172,13214.07302
251.0,40,13214.486675
1060.0,158,13216.156197
1160.0,156,13217.803525
1064.0,156,13219.417809
239.0,44,13219.871519
616.0,93,13220.842783
1340.0,175,13222.694705
1348.0,182,13224.591867
1159.0,153,13226.185373
250.0,38,13226.569037
1346.0,194,13228.612835
1345.0,184,13230.540463
634.0,103,13231.62277
635.0,107,13232.731184
237.0,43,13233.187449
623.0,119,13234.437457
632.0,125,13235.734559
2017.0,349,13239.363127
1339.0,176,13241.217192
1342.0,185,13243.1656
1322.0,200,13245.257521
236.0,44,13245.70645
1325.0,183,13250.231535
1043.0,161,13251.910039
1335.0,194,13253.922916
626.0,132,13255.271175
249.0,37,13255.650506
1062.0,164,13257.355329
637.0,100,13258.366391
1044.0,152,13259.955678
637.0,100,13260.994495
1061.0,145,13262.492744
614.0,116,13263.680573
1057.0,154,13265.244733
1041.0,162,13266.930023
1349.0,182,13268.827358
636.0,104,13269.907142
1058.0,163,13271.61725
1063.0,168,13273.37725
1345.0,185,13275.309185
1059.0,191,13277.293896
1063.0,167,13279.041839
1044.0,149,13280.602309
1347.0,186,13282.549084
1041.0,172,13284.346781
1042.0,174,13286.174311
251.0,38,13286.561603
632.0,99,13287.599383
1331.0,214,13289.826773
236.0,42,13290.246481
1332.0,213,13292.461116
1339.0,170,13294.240663
1328.0,189,13296.199227
634.0,98,13297.213135
1333.0,203,13299.288201
597.0,259,13301.926452
1430.0,199,13303.996428
222.0,54,13304.537468
1336.0,259,13307.211174
1061.0,156,13308.846392
246.0,43,13309.283744
242.0,44,13309.728503
1047.0,154,13311.343761
625.0,82,13312.207242
1044.0,153,13313.828993
622.0,90,13314.767284
236.0,42,13315.197738
1157.0,157,13316.802055
651.0,94,13317.761869
1044.0,154,13319.336598
624.0,95,13320.325451
237.0,43,13320.760009
1043.0,161,13322.406171
1350.0,185,13324.341841
242.0,44,13324.792511
1042.0,165,13326.526901
250.0,42,13326.956885
781.0,165,13328.692661
632.0,115,13329.890407
1063.0,137,13331.325743
622.0,108,13332.458506
1042.0,173,13334.268483
609.0,82,13335.128545
238.0,42,13335.567959
1350.0,184,13337.507008
237.0,43,13337.944141
1344.0,207,13340.122039
236.0,43,13340.571312
252.0,35,13340.935876
1353.0,162,13342.657083
717.0,222,13345.004113
1041.0,171,13346.810049
630.0,104,13347.897315
1348.0,180,13349.772788
234.0,44,13350.212439
248.0,41,13350.633405
628.0,93,13351.593019
624.0,93,13352.549895
1042.0,159,13354.206912
1347.0,194,13356.2299
1430.0,219,13358.504388
1343.0,220,13360.811128
240.0,45,13361.279762
779.0,151,13362.864321
621.0,124,13364.140504
1043.0,145,13365.656614
232.0,43,13366.094262
238.0,41,13366.51452
1328.0,276,13369.407799
1044.0,204,13371.527751
1581.0,207,13373.717757
609.0,95,13374.711899
1343.0,214,13376.923235
737.0,312,13380.152808
1333.0,254,13382.796714
1431.0,206,13384.965039
764.0,134,13386.389744
1044.0,152,13387.981588
1044.0,244,13390.484552
1351.0,169,13392.242864
1352.0,169,13394.070152
1347.0,188,13396.037012
1349.0,185,13397.976371
1056.0,161,13399.630302
240.0,45,13400.081669
1348.0,175,13401.874724
1352.0,162,13403.572137
633.0,101,13404.64257
1351.0,173,13406.46034
246.0,42,13406.893831
1057.0,184,13408.805681
617.0,80,13409.646912
1348.0,182,13411.577892
622.0,90,13412.528856
231.0,48,13413.03466
1065.0,147,13414.583563
232.0,49,13415.084268
1043.0,155,13416.727251
252.0,35,13417.093696
1065.0,147,13418.633572
245.0,41,13419.054268
237.0,43,13419.49958
1057.0,152,13421.068724
252.0,38,13421.453087
1434.0,186,13423.408769
248.0,40,13423.829211
617.0,104,13424.910229
232.0,48,13425.411403
1347.0,202,13427.53802
1333.0,284,13430.496819
1346.0,206,13432.675199
625.0,79,13433.517591
610.0,118,13434.738084
249.0,39,13435.137201
236.0,44,13435.587515
1057.0,159,13437.25177
248.0,41,13437.680055
755.0,179,13439.574049
252.0,36,13439.960192
251.0,36,13440.351673
246.0,39,13440.767263
818.0,152,13442.405541
1347.0,197,13444.511472
238.0,45,13444.983459
1570.0,212,13447.181598
627.0,117,13448.395944
607.0,81,13449.253806
1061.0,147,13450.823189
1066.0,150,13452.405391
637.0,98,13453.444512
604.0,92,13454.414837
245.0,42,13454.857158
1349.0,165,13456.616282
625.0,84,13457.490582
1353.0,161,13459.180448
615.0,83,13460.05838
1332.0,169,13461.856769
628.0,109,13463.005679
240.0,42,13463.446891
249.0,38,13463.84762
1348.0,181,13465.774798
1348.0,183,13467.707314
640.0,91,13468.643664
1347.0,181,13470.568077
614.0,105,13471.646434
236.0,44,13472.095223
636.0,110,13473.263861
1343.0,175,13475.127446
1349.0,186,13477.070619
629.0,95,13478.093701
247.0,39,13478.502653
1351.0,163,13480.236439
1434.0,193,13482.274337
1353.0,165,13483.986483
1334.0,190,13485.96467
781.0,157,13487.610678
619.0,81,13488.443349
1065.0,147,13489.948918
1911.0,252,13492.634768
617.0,104,13493.723816
235.0,44,13494.177141
1345.0,189,13496.167299
1351.0,170,13497.955204
239.0,43,13498.406169
1326.0,190,13500.386661
1350.0,170,13502.159864
1046.0,139,13503.602206
1331.0,197,13505.655196
1062.0,145,13507.14823
1347.0,175,13508.964482
616.0,99,13509.971406
622.0,99,13510.990023
1343.0,171,13512.795823
251.0,41,13513.227221
1064.0,132,13514.6067
236.0,43,13515.047528
1344.0,192,13517.048991
745.0,206,13519.202206
1342.0,202,13521.309033
1351.0,170,13523.206555
1582.0,210,13525.444826
1345.0,199,13527.558795
717.0,321,13530.917323
1351.0,174,13532.741448
1043.0,172,13534.510615
1586.0,186,13536.446285
1341.0,164,13538.146633
1042.0,161,13539.817621
1585.0,199,13541.927519
234.0,42,13542.369435
1161.0,149,13543.969661
1351.0,171,13545.769273
1351.0,171,13547.560457
621.0,81,13548.411533
1352.0,182,13550.306931
242.0,43,13550.760345
615.0,135,13552.18284
611.0,83,13553.060435
1343.0,164,13554.77807
1065.0,145,13556.306731
1045.0,139,13557.745307
249.0,38,13558.13957
245.0,43,13558.576641
233.0,49,13559.085653
1338.0,252,13561.700331
247.0,42,13562.14226
1347.0,199,13564.247071
627.0,111,13565.410667
246.0,42,13565.850464
1062.0,161,13567.516353
1041.0,167,13569.244764
241.0,43,13569.690382
1348.0,183,13571.620806
1059.0,168,13573.365276
1323.0,320,13576.639482
243.0,44,13577.084099
231.0,48,13577.578778
231.0,49,13578.081714
1349.0,181,13579.949614
634.0,108,13581.0768
1040.0,178,13582.896149
636.0,94,13583.8483
1159.0,168,13585.613822
1055.0,158,13587.258879
1043.0,151,13588.825778
247.0,48,13589.320691
1045.0,136,13590.749487
1034.0,202,13592.862253
1160.0,151,13594.459951
623.0,102,13595.52985
639.0,105,13596.629448
625.0,92,13597.573339
1158.0,170,13599.342428
626.0,87,13600.25219
1343.0,181,13602.145772
250.0,37,13602.53664
626.0,84,13603.424335
237.0,44,13603.887829
628.0,102,13604.947797
1343.0,173,13606.795252
612.0,87,13607.68971
1348.0,165,13609.424848
626.0,91,13610.371474
1345.0,198,13612.4245
1352.0,162,13614.13438
652.0,95,13615.131367
249.0,38,13615.521732
1156.0,164,13617.249293
621.0,83,13618.11565
628.0,99,13619.138907
611.0,88,13620.028033
1039.0,181,13621.887302
1338.0,171,13623.697496
247.0,39,13624.102313
245.0,42,13624.535598
238.0,42,13624.981078
243.0,41,13625.404634
1349.0,163,13627.111818
626.0,102,13628.14676
1044.0,144,13629.608609
1044.0,154,13631.160086
1348.0,180,13632.979699
1331.0,178,13634.806565
635.0,101,13635.845959
1043.0,154,13637.440064
1324.0,188,13639.376104
1348.0,164,13641.067975
626.0,86,13641.95428
1048.0,145,13643.461117
1336.0,193,13645.484655
629.0,87,13646.396901
1434.0,181,13648.330258
1348.0,178,13650.17198
240.0,44,13650.621574
1349.0,185,13652.537494
1049.0,142,13654.037728
1346.0,191,13656.053293
1044.0,158,13657.720471
1912.0,302,13660.996406
1343.0,210,13663.194639
614.0,108,13664.326122
248.0,38,13664.729155
230.0,48,13665.229681
629.0,86,13666.121352
232.0,51,13666.659658
1066.0,150,13668.264848
244.0,42,13668.697976
246.0,42,13669.135995
1046.0,141,13670.60944
244.0,42,13671.028358
1072.0,152,13672.618354
633.0,100,13673.642766
246.0,42,13674.070766
247.0,39,13674.468387
250.0,37,13674.845963
1351.0,166,13676.557631
1352.0,173,13678.358569
617.0,81,13679.190927
1045.0,151,13680.769304
623.0,92,13681.710374
250.0,37,13682.094334
626.0,99,13683.13651
608.0,75,13683.886363
249.0,38,13684.269877
242.0,43,13684.703981
1350.0,169,13686.481902
1343.0,207,13688.708582
1565.0,246,13691.269586
1045.0,140,13692.720666
250.0,37,13693.103014
1043.0,156,13694.738827
1344.0,190,13696.724913
1348.0,186,13698.669954
623.0,104,13699.716169
233.0,57,13700.293571
1340.0,220,13702.605835
1347.0,180,13704.463381
1322.0,185,13706.401165
1684.0,227,13708.791818
634.0,89,13709.70264
1333.0,209,13711.884049
629.0,94,13712.861995
621.0,109,13713.987606
238.0,46,13714.460984
246.0,42,13714.896074
628.0,115,13716.091825
622.0,86,13716.990973
633.0,110,13718.155088
623.0,88,13719.061703
625.0,85,13719.951537
1577.0,202,13722.093794
1326.0,169,13723.839869
1347.0,173,13725.605931
624.0,100,13726.612797
625.0,85,13727.465218
1307.0,182,13729.36779
1429.0,221,13731.686311
621.0,90,13732.621631
1045.0,145,13734.146778
618.0,127,13735.483646
242.0,43,13735.927034
250.0,36,13736.29546
243.0,43,13736.737673
633.0,123,13738.019238
621.0,82,13738.856677
1344.0,181,13740.687194
628.0,89,13741.576539
231.0,49,13742.06589
1062.0,155,13743.65182
246.0,43,13744.07883
1913.0,257,13746.7974
1037.0,190,13748.747548
1040.0,173,13750.532643
1350.0,162,13752.243783
1043.0,162,13753.890958
1045.0,154,13755.476975
625.0,85,13756.363129
627.0,102,13757.418734
252.0,37,13757.788646
622.0,110,13758.90826
1342.0,173,13760.71405
1336.0,193,13762.711301
246.0,40,13763.131596
629.0,98,13764.159591
239.0,44,13764.620918
252.0,37,13765.010343
252.0,37,13765.393283
249.0,38,13765.793987
1040.0,171,13767.566681
252.0,37,13767.950917
1346.0,188,13769.92154
604.0,104,13770.990221
252.0,37,13771.373873
603.0,91,13772.319202
247.0,53,13772.866871
250.0,37,13773.252664
252.0,37,13773.628029
250.0,37,13774.003071
245.0,40,13774.398728
1347.0,178,13776.240837
1353.0,160,13777.885293
624.0,147,13779.380062
1334.0,233,13781.775856
1322.0,328,13785.235026
619.0,91,13786.170813
624.0,105,13787.247087
628.0,105,13788.326143
1056.0,165,13790.022876
1059.0,177,13791.857738
1345.0,182,13793.758025
624.0,148,13795.296828
1349.0,170,13797.085015
239.0,46,13797.56251
235.0,47,13798.052286
1345.0,185,13799.97097
241.0,43,13800.412409
811.0,198,13802.447286
634.0,99,13803.477514
1044.0,156,13805.080843
1341.0,209,13807.295185
617.0,91,13808.240701
623.0,96,13809.223263
1045.0,149,13810.785559
1346.0,193,13812.813676
1348.0,177,13814.687699
1063.0,152,13816.29759
236.0,46,13816.77143
650.0,99,13817.793159
627.0,104,13818.86448
1340.0,179,13820.74899
1325.0,181,13822.639152
1342.0,187,13824.628719
583.0,246,13827.174765
602.0,81,13828.008267
630.0,96,13828.995128
604.0,74,13829.771015
601.0,164,13831.483564
1040.0,177,13833.312203
603.0,81,13834.159625
241.0,44,13834.618066
242.0,45,13835.081293
250.0,39,13835.478011
1047.0,137,13836.883368
252.0,37,13837.264826
1569.0,231,13839.652637
1061.0,136,13841.065578
608.0,87,13841.962029
608.0,84,13842.834378
235.0,45,13843.295148
635.0,101,13844.335669
632.0,116,13845.538301
614.0,78,13846.354158
626.0,113,13847.51127
1043.0,153,13849.09526
252.0,37,13849.470681
621.0,89,13850.401203
240.0,43,13850.843026
611.0,71,13851.570909
250.0,38,13851.961105
629.0,108,13853.099995
635.0,111,13854.259998
634.0,89,13855.188229
618.0,108,13856.317934
626.0,112,13857.489604
251.0,37,13857.871238
251.0,37,13858.253944
607.0,78,13859.063016
1340.0,206,13861.174613
1042.0,154,13862.749491
636.0,93,13863.697645
1331.0,265,13866.41582
234.0,45,13866.874681
243.0,44,13867.323038
1346.0,184,13869.234625
620.0,111,13870.408006
245.0,43,13870.847014
1034.0,213,13873.016839
237.0,43,13873.454633
632.0,107,13874.557506
248.0,38,13874.938203
1572.0,206,13877.106967
633.0,101,13878.150166
1043.0,146,13879.675407
244.0,43,13880.118203
609.0,87,13881.021508
248.0,42,13881.444424
252.0,37,13881.817271
237.0,44,13882.266683
237.0,43,13882.700982
253.0,37,13883.085452
245.0,39,13883.478176
617.0,94,13884.445432
619.0,93,13885.398493
609.0,88,13886.302214
613.0,77,13887.09489
252.0,37,13887.478976
626.0,115,13888.645376
250.0,37,13889.023325
618.0,83,13889.867401
613.0,107,13890.953669
250.0,38,13891.339118
628.0,105,13892.411949
234.0,44,13892.855804
627.0,98,13893.860212
627.0,115,13895.052688
240.0,45,13895.514264
243.0,44,13895.97537
614.0,93,13896.924782
586.0,279,13899.777028
605.0,80,13900.604442
246.0,38,13900.991099
1059.0,145,13902.472734
615.0,140,13903.901552
243.0,44,13904.347686
1343.0,198,13906.381337
240.0,45,13906.840641
240.0,44,13907.294835
249.0,37,13907.674505
249.0,33,13908.022337
633.0,95,13909.021775
618.0,82,13909.867934
626.0,120,13911.090412
1061.0,154,13912.675315
609.0,84,13913.539037
231.0,45,13914.009408
634.0,88,13914.918232
246.0,39,13915.315086
637.0,90,13916.236915
641.0,92,13917.177526
611.0,85,13918.039941
1064.0,139,13919.440911
1348.0,169,13921.141635
253.0,37,13921.505724
251.0,37,13921.868102
238.0,43,13922.308276
1345.0,194,13924.318122
235.0,44,13924.76122
628.0,104,13925.82445
632.0,96,13926.794104
248.0,40,13927.211274
1044.0,153,13928.798
1342.0,185,13930.769865
627.0,97,13931.783071
617.0,127,13933.108585
623.0,134,13934.488708
635.0,98,13935.50256
617.0,84,13936.373261
233.0,44,13936.83448
245.0,39,13937.23389
232.0,50,13937.741334
228.0,52,13938.277225
1045.0,160,13939.954785
619.0,94,13940.925078
1060.0,180,13942.808659
1067.0,143,13944.31277
1345.0,187,13946.284022
237.0,43,13946.728032
1058.0,135,13948.144662
1336.0,192,13950.143235
629.0,117,13951.356635
618.0,92,13952.304714
1553.0,340,13955.785568
621.0,168,13957.494324
1309.0,230,13959.847623
626.0,105,13960.915339
1045.0,155,13962.539894
1345.0,185,13964.484415
1040.0,172,13966.288439
619.0,90,13967.210551
1046.0,159,13968.844365
1323.0,177,13970.692836
621.0,83,13971.547124
1045.0,150,13973.09763
1065.0,158,13974.71002
250.0,40,13975.120622
1043.0,157,13976.761075
630.0,111,13977.909901
248.0,42,13978.338773
251.0,39,13978.732905
620.0,83,13979.591452
1049.0,160,13981.254776
621.0,83,13982.108987
246.0,39,13982.514511
1323.0,178,13984.376622
1349.0,177,13986.213933
621.0,83,13987.068806
610.0,73,13987.82661
620.0,87,13988.741884
1432.0,209,13990.922127
1348.0,183,13992.810498
1317.0,334,13996.267668
1345.0,190,13998.242803
230.0,51,13998.769707
249.0,41,13999.19114
237.0,102,14000.239228
813.0,174,14002.071059
1337.0,181,14003.977926
1350.0,162,14005.675809
1040.0,164,14007.419807
244.0,69,14008.132751
620.0,80,14008.95699
614.0,79,14009.785272
243.0,43,14010.234021
236.0,44,14010.698984
619.0,82,14011.555318
1341.0,211,14013.775738
253.0,37,14014.155213
612.0,77,14014.948489
1045.0,146,14016.463148
248.0,38,14016.849882
244.0,43,14017.283735
1344.0,227,14019.671145
1577.0,197,14021.722961
1343.0,192,14023.738456
235.0,43,14024.176102
618.0,107,14025.273983
619.0,83,14026.131117
247.0,41,14026.550514
1352.0,161,14028.208872
1346.0,182,14030.095005
616.0,87,14030.994866
250.0,39,14031.39329
245.0,39,14031.790477
1053.0,171,14033.562896
2342.0,444,14038.132706
635.0,90,14039.038099
1342.0,221,14041.327186
248.0,41,14041.746149
607.0,82,14042.591399
238.0,68,14043.271368
1041.0,171,14045.062364
1048.0,153,14046.642573
249.0,38,14047.025647
238.0,41,14047.445142
1043.0,153,14049.031655
1337.0,259,14051.717517
1060.0,173,14053.542844
607.0,108,14054.667368
1052.0,196,14056.710353
243.0,44,14057.17175
1350.0,173,14058.996443
1347.0,183,14060.916993
1347.0,181,14062.809073
1346.0,185,14064.751215
1347.0,175,14066.588378
1345.0,199,14068.661332
236.0,42,14069.100199
231.0,80,14069.928807
241.0,43,14070.373484
607.0,107,14071.481513
1046.0,135,14072.878578
1349.0,164,14074.606147
1059.0,182,14076.526523
247.0,42,14076.955043
1048.0,252,14079.590037
612.0,77,14080.402635
242.0,43,14080.842984
542.0,514,14086.138883
1041.0,165,14087.858847
1346.0,178,14089.734147
1049.0,142,14091.20004
1348.0,168,14092.937058
759.0,148,14094.456074
237.0,45,14094.915593
605.0,91,14095.836685
615.0,82,14096.683506
252.0,37,14097.057944
252.0,37,14097.437636
607.0,133,14098.815478
252.0,37,14099.200567
1324.0,175,14101.048042
1045.0,154,14102.670327
238.0,44,14103.125726
1042.0,166,14104.83937
639.0,93,14105.792933
1026.0,253,14108.340995
1348.0,185,14110.238357
252.0,37,14110.617277
248.0,48,14111.107019
1318.0,223,14113.415713
1435.0,191,14115.383179
239.0,44,14115.83444
235.0,43,14116.276739
611.0,92,14117.226357
249.0,41,14117.644286
247.0,44,14118.094961
1044.0,154,14119.664247
608.0,74,14120.411741
248.0,42,14120.845881
1043.0,153,14122.411898
251.0,42,14122.828768
238.0,44,14123.268802
1041.0,165,14124.951215
238.0,43,14125.388064
1045.0,137,14126.80685
237.0,45,14127.271384
227.0,63,14127.911608
1345.0,202,14130.002434
1157.0,164,14131.708915
233.0,58,14132.31274
1042.0,153,14133.912039
1326.0,166,14135.639996
249.0,41,14136.058152
242.0,44,14136.510877
238.0,46,14136.969813
244.0,44,14137.409614
248.0,37,14137.780036
603.0,86,14138.646906
1350.0,174,14140.416169
1350.0,167,14142.144385
609.0,86,14143.040611
604.0,73,14143.795362
1347.0,175,14145.591399
237.0,44,14146.036437
1042.0,154,14147.614377
1157.0,160,14149.225665
1327.0,195,14151.218223
1043.0,153,14152.765336
1034.0,200,14154.816405
1328.0,184,14156.752693
252.0,38,14157.150186
1350.0,193,14159.167296
253.0,37,14159.556594
248.0,37,14159.944099
1324.0,174,14161.78389
233.0,53,14162.331872
250.0,35,14162.697329
1350.0,174,14164.510563
605.0,82,14165.344661
249.0,38,14165.73078
1348.0,173,14167.523443
1357.0,169,14169.304898
1047.0,137,14170.703695
629.0,113,14171.859651
247.0,42,14172.28761
242.0,44,14172.733626
609.0,96,14173.709966
251.0,37,14174.083226
1352.0,162,14175.799205
234.0,45,14176.265845
252.0,37,14176.648306
622.0,82,14177.492067
245.0,40,14177.902847
240.0,44,14178.360299
240.0,101,14179.3933
230.0,50,14179.910218
242.0,43,14180.355253
1353.0,160,14182.029068
1344.0,185,14183.949888
1331.0,172,14185.758304
782.0,140,14187.210949
244.0,64,14187.874153
1323.0,179,14189.744117
250.0,41,14190.167054
229.0,76,14190.952157
611.0,85,14191.840586
248.0,37,14192.224616
1334.0,286,14195.188999
251.0,38,14195.578645
608.0,89,14196.509032
613.0,79,14197.342956
249.0,37,14197.723603
241.0,43,14198.165931
251.0,38,14198.556816
1327.0,190,14200.552963
251.0,39,14200.961554
250.0,38,14201.358655
236.0,44,14201.821536
1043.0,145,14203.352053
610.0,79,14204.181194
239.0,44,14204.638478
238.0,44,14205.088242
240.0,41,14205.496548
240.0,42,14205.926672
611.0,90,14206.846048
244.0,52,14207.378333
239.0,43,14207.81475
1041.0,157,14209.432948
609.0,77,14210.226182
252.0,37,14210.600658
238.0,45,14211.060981
606.0,84,14211.953941
252.0,37,14212.325263
619.0,97,14213.306537
1040.0,163,14214.948382
313.0,1865,14234.189466
1917.0,274,14237.08311
250.0,40,14237.493675
1347.0,180,14239.3427
607.0,93,14240.294948
607.0,74,14241.056565
236.0,45,14241.520702
619.0,82,14242.374038
615.0,89,14243.297414
619.0,97,14244.294279
1345.0,192,14246.277581
1325.0,178,14248.110908
1569.0,220,14250.396713
1347.0,180,14252.270377
226.0,52,14252.802283
238.0,46,14253.263813
243.0,43,14253.70914
249.0,37,14254.079134
249.0,37,14254.457761
612.0,105,14255.530004
1042.0,154,14257.127851
1349.0,173,14258.913254
1348.0,177,14260.770958
245.0,42,14261.207924
1347.0,186,14263.153574
248.0,38,14263.532176
245.0,42,14263.959425
1348.0,170,14265.696731
1319.0,213,14267.934116
238.0,44,14268.387838
250.0,37,14268.770541
1350.0,173,14270.574143
236.0,44,14271.028915
1339.0,245,14273.55006
1348.0,186,14275.469562
1353.0,151,14277.018238
249.0,40,14277.421163
637.0,102,14278.467396
636.0,102,14279.502173
242.0,43,14279.927676
242.0,43,14280.362186
1345.0,193,14282.371783
1351.0,173,14284.147869
1042.0,151,14285.704449
1348.0,197,14287.783622
629.0,133,14289.173146
237.0,46,14289.642613
618.0,104,14290.729143
243.0,43,14291.178374
615.0,78,14291.988153
226.0,51,14292.519714
1340.0,233,14294.943088
1039.0,172,14296.746074
1040.0,180,14298.653044
1042.0,166,14300.386229
250.0,37,14300.760352
1343.0,198,14302.83419
240.0,43,14303.278923
249.0,39,14303.679384
1042.0,164,14305.382204
233.0,43,14305.823101
1044.0,138,14307.259351
240.0,44,14307.712168
1344.0,188,14309.636435
240.0,43,14310.07355
1349.0,183,14311.973423
250.0,40,14312.373192
233.0,45,14312.82598
1042.0,153,14314.409266
1431.0,205,14316.514931
239.0,42,14316.950705
1430.0,214,14319.196524
1317.0,227,14321.535274
2355.0,361,14325.24423
250.0,39,14325.634274
250.0,41,14326.04654
602.0,108,14327.128517
1338.0,187,14329.039562
235.0,45,14329.495303
605.0,105,14330.55819
651.0,101,14331.579467
606.0,94,14332.543304
607.0,84,14333.429308
239.0,43,14333.868461
1040.0,196,14335.902419
238.0,43,14336.330073
237.0,45,14336.780481
237.0,44,14337.214634
1322.0,190,14339.133481
1043.0,163,14340.80161
232.0,46,14341.273537
234.0,46,14341.740979
238.0,45,14342.200685
1344.0,168,14343.927714
606.0,87,14344.827474
606.0,75,14345.575738
1047.0,161,14347.222533
239.0,43,14347.645402
239.0,43,14348.086553
606.0,74,14348.842436
253.0,37,14349.220525
1337.0,194,14351.216094
640.0,92,14352.205353
637.0,93,14353.191793
631.0,128,14354.519658
635.0,90,14355.460135
633.0,96,14356.462795
251.0,38,14356.860868
1347.0,172,14358.672588
1700.0,217,14360.971671
247.0,43,14361.427135
250.0,38,14361.826559
233.0,44,14362.290365
238.0,43,14362.740791
234.0,45,14363.208755
253.0,37,14363.587036
250.0,37,14363.973606
1333.0,262,14366.717079
233.0,45,14367.167295
236.0,43,14367.599822
616.0,109,14368.715512
238.0,43,14369.152828
240.0,43,14369.604635
235.0,44,14370.052583
235.0,44,14370.50913
1342.0,203,14372.6381
252.0,37,14373.023875
1040.0,172,14374.816479
250.0,39,14375.219863
248.0,39,14375.612551
243.0,43,14376.053142
246.0,38,14376.438439
1349.0,185,14378.320818
238.0,44,14378.760618
238.0,44,14379.213074
628.0,97,14380.191314
247.0,42,14380.612218
236.0,44,14381.049847
241.0,43,14381.481274
242.0,42,14381.903431
1046.0,155,14383.478029
234.0,45,14383.927063
1342.0,184,14385.807695
602.0,91,14386.733372
610.0,108,14387.823588
1310.0,364,14391.557932
240.0,43,14392.009943
608.0,84,14392.879247
250.0,38,14393.27192
1320.0,168,14395.023803
234.0,45,14395.494863
633.0,89,14396.388924
246.0,43,14396.816611
248.0,41,14397.222257
634.0,98,14398.232276
238.0,44,14398.688218
235.0,44,14399.135575
1922.0,273,14402.018165
243.0,43,14402.455007
243.0,43,14402.908112
246.0,43,14403.355258
1342.0,168,14405.097111
1344.0,197,14407.165437
236.0,44,14407.618862
1321.0,191,14409.636145
240.0,43,14410.093
1349.0,184,14412.079238
237.0,44,14412.545702
234.0,48,14413.041491
236.0,43,14413.487256
634.0,92,14414.436514
617.0,142,14415.897768
608.0,75,14416.678204
1350.0,170,14418.469724
608.0,75,14419.236603
1346.0,160,14420.904274
1326.0,176,14422.727061
605.0,81,14423.56389
252.0,37,14423.949948
250.0,37,14424.331331
617.0,88,14425.232445
1348.0,178,14427.094944
251.0,37,14427.484695
250.0,38,14427.871162
248.0,38,14428.267555
239.0,43,14428.715388
249.0,37,14429.095305
633.0,111,14430.256098
239.0,43,14430.706313
249.0,39,14431.11337
237.0,46,14431.59725
1323.0,184,14433.540053
248.0,38,14433.9332
237.0,43,14434.385283
247.0,40,14434.807146
248.0,38,14435.191148
249.0,39,14435.597826
249.0,37,14435.97845
249.0,38,14436.377965
247.0,39,14436.777687
249.0,40,14437.184517
1318.0,215,14439.4092
248.0,37,14439.787842
1044.0,169,14441.535293
813.0,180,14443.429205
1349.0,170,14445.205645
1556.0,239,14447.695276
234.0,44,14448.141664
1341.0,196,14450.170071
236.0,53,14450.714099
1321.0,193,14452.733237
239.0,60,14453.353742
248.0,38,14453.743767
1324.0,177,14455.589393
637.0,98,14456.608315
232.0,151,14458.143773
1332.0,179,14460.013554
235.0,44,14460.469505
1350.0,187,14462.442481
249.0,39,14462.846622
1346.0,199,14464.897787
1322.0,180,14466.753666
248.0,42,14467.185732
245.0,71,14467.902168
598.0,124,14469.176824
248.0,42,14469.601367
232.0,48,14470.093211
241.0,44,14470.53702
1313.0,238,14472.981312
609.0,74,14473.741822
614.0,91,14474.679748
247.0,42,14475.112261
247.0,42,14475.539335
1342.0,194,14477.562272
610.0,95,14478.568876
607.0,74,14479.344509
249.0,39,14479.747545
245.0,41,14480.173116
1324.0,177,14482.049391
616.0,107,14483.165931
1164.0,153,14484.754558
247.0,41,14485.167511
603.0,109,14486.296859
1431.0,193,14488.307171
1322.0,192,14490.302429
1346.0,198,14492.391862
1339.0,224,14494.734938
249.0,40,14495.137797
249.0,39,14495.523858
607.0,77,14496.296068
1349.0,172,14498.069268
251.0,37,14498.452029
252.0,37,14498.829636
620.0,82,14499.668101
231.0,49,14500.166167
1345.0,198,14502.201447
241.0,45,14502.648332
605.0,88,14503.545737
241.0,45,14504.0093
1044.0,149,14505.541198
230.0,79,14506.358963
246.0,42,14506.778205
1344.0,171,14508.537711
1342.0,211,14510.698736
609.0,72,14511.431193
1066.0,133,14512.793993
249.0,37,14513.173428
735.0,100,14514.212203
243.0,55,14514.768473
244.0,78,14515.557383
236.0,105,14516.617179
251.0,37,14516.989092
1324.0,168,14518.699989
251.0,41,14519.109376
1337.0,183,14520.998359
239.0,45,14521.462528
1043.0,158,14523.108923
630.0,95,14524.085047
1344.0,176,14525.936897
246.0,41,14526.361078
1337.0,193,14528.414339
241.0,67,14529.106671
815.0,171,14530.870856
1349.0,185,14532.802092
251.0,41,14533.227087
237.0,45,14533.68939
244.0,44,14534.147653
243.0,44,14534.604605
239.0,45,14535.071102
1345.0,171,14536.878375
1343.0,182,14538.806361
1347.0,175,14540.624231
232.0,53,14541.174849
242.0,44,14541.618467
1045.0,155,14543.205785
1570.0,219,14545.47251
253.0,37,14545.852475
253.0,37,14546.237478
248.0,38,14546.626889
621.0,82,14547.476007
250.0,36,14547.848261
1351.0,173,14549.617985
626.0,82,14550.468543
1347.0,169,14552.246113
1332.0,179,14554.123909
248.0,54,14554.665576
612.0,120,14555.893817
241.0,42,14556.319789
251.0,37,14556.697196
620.0,80,14557.505445
621.0,83,14558.368961
248.0,38,14558.765113
250.0,42,14559.19471
245.0,65,14559.873049
236.0,44,14560.342615
251.0,41,14560.764881
1343.0,172,14562.584655
247.0,41,14563.003564
244.0,43,14563.456826
248.0,40,14563.87457
249.0,33,14564.212661
608.0,73,14564.970265
248.0,44,14565.432648
250.0,41,14565.858527
248.0,46,14566.330575
248.0,43,14566.777167
616.0,101,14567.84062
1321.0,217,14570.066455
1041.0,169,14571.8126
252.0,46,14572.282329
248.0,41,14572.697119
1352.0,162,14574.402769
1437.0,171,14576.224216
618.0,118,14577.459501
1335.0,171,14579.262873
230.0,52,14579.803117
616.0,88,14580.725847
1041.0,164,14582.453905
248.0,43,14582.901705
248.0,42,14583.334319
1336.0,243,14585.882398
634.0,101,14586.926805
605.0,110,14588.05801
1346.0,197,14590.125828
247.0,43,14590.565622
248.0,44,14591.008961
244.0,52,14591.54919
1567.0,232,14594.002814
599.0,111,14595.172696
620.0,91,14596.134104
619.0,93,14597.095003
228.0,139,14598.509049
248.0,42,14598.936821
241.0,42,14599.36375
606.0,72,14600.127823
254.0,34,14600.487731
1342.0,196,14602.539552
253.0,34,14602.885045
252.0,34,14603.241661
616.0,88,14604.156232
236.0,44,14604.603427
253.0,34,14604.952902
251.0,34,14605.316179
1159.0,145,14606.848484
249.0,40,14607.256997
246.0,45,14607.728392
607.0,137,14609.164722
629.0,96,14610.172083
249.0,42,14610.611184
628.0,126,14611.924852
607.0,110,14613.063642
250.0,45,14613.518203
629.0,98,14614.532796
253.0,34,14614.883315
253.0,34,14615.24303
606.0,88,14616.153862
251.0,36,14616.529799
1332.0,168,14618.30786
253.0,34,14618.661129
1327.0,182,14620.567658
238.0,46,14621.030115
628.0,98,14622.048831
238.0,48,14622.541125
631.0,98,14623.552097
639.0,101,14624.602447
253.0,34,14624.947252
253.0,34,14625.299466
243.0,43,14625.748137
233.0,55,14626.310769
606.0,161,14627.9667
245.0,54,14628.526018
629.0,95,14629.506371
238.0,40,14629.920234
1440.0,179,14631.791156
1349.0,162,14633.464482
1353.0,156,14635.095226
1702.0,220,14637.440786
244.0,65,14638.114058
232.0,139,14639.542698
250.0,43,14639.975723
615.0,88,14640.89943
239.0,75,14641.673295
615.0,94,14642.645981
600.0,100,14643.685563
1711.0,229,14646.118409
1342.0,169,14647.861706
735.0,106,14648.976432
1427.0,187,14650.899879
1330.0,224,14653.245745
1325.0,215,14655.504078
1340.0,192,14657.526236
235.0,45,14657.983846
1322.0,166,14659.715636
1314.0,199,14661.799918
248.0,43,14662.237791
609.0,102,14663.305754
1433.0,193,14665.323117
594.0,165,14667.021187
731.0,123,14668.322279
1576.0,209,14670.507735
247.0,43,14670.934756
616.0,104,14671.99352
1323.0,320,14675.30435
627.0,136,14676.722645
223.0,124,14677.996361
248.0,42,14678.420083
247.0,39,14678.817036
247.0,48,14679.31424
1319.0,198,14681.420987
229.0,165,14683.12298
1320.0,179,14685.014993
1341.0,192,14687.019928
230.0,54,14687.569574
242.0,68,14688.263779
605.0,106,14689.371853
637.0,92,14690.337406
241.0,44,14690.794398
633.0,116,14691.987502
608.0,85,14692.859484
249.0,43,14693.294237
245.0,78,14694.07844
732.0,111,14695.219054
1043.0,158,14696.839768
1320.0,176,14698.695931
1302.0,226,14701.057449
248.0,38,14701.452855
1035.0,207,14703.604409
621.0,79,14704.424404
606.0,79,14705.233156
622.0,82,14706.071985
1049.0,141,14707.518916
241.0,45,14707.967879
1322.0,185,14709.890376
732.0,118,14711.114866
621.0,96,14712.109152
238.0,116,14713.263804
611.0,84,14714.104343
1316.0,203,14716.158873
240.0,39,14716.567965
249.0,33,14716.906142
254.0,34,14717.263901
253.0,34,14717.612969
1328.0,211,14719.775179
249.0,38,14720.150823
248.0,39,14720.530708
238.0,43,14720.963266
1309.0,252,14723.489081
1431.0,183,14725.366349
1159.0,154,14726.935704
233.0,44,14727.378707
252.0,34,14727.729408
1321.0,195,14729.747996
609.0,86,14730.622068
608.0,71,14731.344734
636.0,110,14732.483844
1319.0,184,14734.413583
1048.0,146,14735.949615
626.0,112,14737.110634
602.0,84,14737.974904
252.0,36,14738.345705
1323.0,212,14740.567002
245.0,63,14741.214728
1419.0,218,14743.483721
1340.0,171,14745.28635
1346.0,160,14746.980234
1924.0,232,14749.474062
248.0,54,14750.028946
1579.0,206,14752.174957
1333.0,179,14754.046297
1321.0,172,14755.884338
237.0,50,14756.410684
1316.0,187,14758.384723
235.0,44,14758.841767
1074.0,159,14760.495517
244.0,51,14761.014526
238.0,48,14761.509039
1578.0,245,14764.054239
250.0,42,14764.481631
248.0,45,14764.947145
248.0,45,14765.410156
1343.0,171,14767.190938
608.0,92,14768.15691
249.0,33,14768.507887
249.0,33,14768.849586
253.0,34,14769.200199
1325.0,169,14771.002635
1432.0,193,14773.032302
1344.0,173,14774.857311
1324.0,174,14776.671735
1343.0,181,14778.536402
246.0,43,14778.97991
1333.0,225,14781.280404
731.0,129,14782.624758
1574.0,207,14784.769092
251.0,40,14785.177379
633.0,114,14786.346174
237.0,44,14786.797365
1344.0,189,14788.741129
1424.0,238,14791.229953
232.0,141,14792.656698
1845.0,340,14796.202432
608.0,70,14796.930041
253.0,34,14797.287843
1188.0,154,14798.895752
1421.0,239,14801.331136
614.0,105,14802.418291
245.0,66,14803.10083
606.0,72,14803.839955
631.0,100,14804.859442
617.0,203,14806.952849
608.0,70,14807.683371
611.0,81,14808.506364
249.0,33,14808.841302
253.0,34,14809.183421
252.0,36,14809.548795
250.0,37,14809.925828
1321.0,188,14811.863961
1432.0,178,14813.737554
248.0,38,14814.139085
1690.0,217,14816.424499
1348.0,182,14818.334634
1327.0,175,14820.16767
1329.0,173,14821.977525
1347.0,185,14823.891446
634.0,88,14824.784985
634.0,88,14825.706918
634.0,98,14826.734734
1322.0,212,14828.945684
633.0,102,14830.00719
634.0,88,14830.927595
249.0,41,14831.358966
251.0,37,14831.736751
635.0,88,14832.641119
254.0,35,14832.996792
242.0,74,14833.740283
253.0,35,14834.086671
1322.0,176,14835.881178
1308.0,229,14838.226143
246.0,58,14838.817351
1575.0,200,14840.872501
249.0,37,14841.243491
250.0,38,14841.632504
251.0,37,14842.014077
1426.0,218,14844.351079
634.0,94,14845.342266
1321.0,195,14847.387455
1334.0,168,14849.172547
1303.0,172,14850.956227
730.0,126,14852.250797
1345.0,172,14854.042578
1420.0,202,14856.172274
606.0,151,14857.736369
620.0,100,14858.76947
621.0,90,14859.692412
251.0,40,14860.100955
243.0,50,14860.599663
1326.0,219,14862.840616
246.0,45,14863.294504
242.0,46,14863.764573
649.0,105,14864.855567
242.0,50,14865.374967
247.0,43,14865.824096
633.0,96,14866.815129
244.0,44,14867.255829
248.0,41,14867.665379
249.0,34,14868.007996
1299.0,446,14872.753162
1314.0,280,14875.684025
632.0,96,14876.687795
1330.0,167,14878.430321
1346.0,172,14880.196446
1927.0,250,14882.786557
1340.0,186,14884.745558
1310.0,192,14886.731581
639.0,88,14887.650512
632.0,95,14888.609838
253.0,37,14888.986145
252.0,37,14889.359867
609.0,161,14891.015629
249.0,37,14891.405199
248.0,43,14891.837838
228.0,130,14893.130995
237.0,92,14894.045535
246.0,44,14894.480758
626.0,106,14895.536092
251.0,41,14895.945554
236.0,45,14896.403899
239.0,42,14896.824029
239.0,45,14897.282034
618.0,89,14898.200709
1045.0,145,14899.723751
607.0,74,14900.495945
1421.0,204,14902.645468
1419.0,226,14905.017864
237.0,85,14905.900935
1531.0,524,14911.183499
632.0,87,14912.051531
1339.0,174,14913.798179
639.0,88,14914.675707
634.0,112,14915.810313
1426.0,208,14917.945998
735.0,94,14918.905839
635.0,97,14919.887756
248.0,40,14920.288846
239.0,40,14920.686952
632.0,97,14921.655505
1432.0,208,14923.775473
1338.0,171,14925.545951
249.0,42,14925.983099
232.0,75,14926.741755
1342.0,183,14928.619508
630.0,109,14929.718571
1429.0,207,14931.907218
1331.0,184,14933.863318
1330.0,208,14936.036847
1339.0,172,14937.814377
636.0,121,14939.04199
1158.0,155,14940.704423
1429.0,196,14942.752106
249.0,39,14943.150591
1334.0,176,14944.970974
1319.0,171,14946.745733
626.0,95,14947.741928
1323.0,177,14949.61199
1335.0,198,14951.662422
249.0,38,14952.05329
1429.0,200,14954.137879
1350.0,179,14956.039598
1432.0,195,14958.078371
630.0,95,14959.048375
616.0,96,14960.035909
1425.0,193,14962.052777
1324.0,171,14963.812844
1332.0,191,14965.784007
1429.0,218,14968.042282
250.0,37,14968.435328
1321.0,187,14970.37622
634.0,97,14971.383126
1046.0,160,14973.04113
635.0,98,14974.045974
1318.0,180,14975.89752
637.0,115,14977.072585
1421.0,202,14979.192434
604.0,85,14980.084542
1319.0,165,14981.814997
1423.0,189,14983.820339
251.0,36,14984.192166
238.0,39,14984.597464
725.0,160,14986.259691
248.0,36,14986.635807
623.0,80,14987.480495
1161.0,139,14988.950579
619.0,97,14989.958137
622.0,88,14990.873412
640.0,89,14991.802782
634.0,119,14993.045345
1042.0,157,14994.656241
608.0,75,14995.429519
252.0,35,14995.785322
637.0,99,14996.80895
250.0,37,14997.183408
251.0,37,14997.560035
1316.0,184,14999.45147
627.0,119,15000.659076
246.0,36,15001.030748
247.0,39,15001.428023
1335.0,179,15003.317948
1043.0,155,15004.933228
1044.0,145,15006.42407
1070.0,141,15007.866046
1701.0,217,15010.088316
1301.0,202,15012.166465
249.0,39,15012.561797
251.0,37,15012.934959
252.0,37,15013.310413
239.0,43,15013.746147
634.0,104,15014.811973
253.0,35,15015.172947
252.0,35,15015.534026
1315.0,162,15017.244645
612.0,107,15018.377185
640.0,90,15019.309674
249.0,39,15019.707759
252.0,35,15020.066091
250.0,37,15020.442027
252.0,38,15020.8269
1427.0,187,15022.804421
252.0,34,15023.156612
635.0,87,15024.061587
1044.0,153,15025.652974
634.0,99,15026.677144
634.0,97,15027.693348
1316.0,183,15029.608621
634.0,103,15030.662256
1419.0,219,15032.973636
252.0,37,15033.358609
239.0,42,15033.798
736.0,92,15034.769293
734.0,108,15035.911796
249.0,36,15036.280538
249.0,33,15036.620108
1335.0,179,15038.445301
253.0,34,15038.790013
237.0,40,15039.198012
253.0,34,15039.549929
249.0,34,15039.89603
253.0,34,15040.248733
252.0,35,15040.609471
608.0,73,15041.375889
1048.0,132,15042.761049
1434.0,174,15044.58045
253.0,34,15044.925157
253.0,34,15045.260693
253.0,34,15045.605909
253.0,34,15045.958795
253.0,34,15046.308029
623.0,166,15048.038857
249.0,37,15048.418045
1315.0,165,15050.157006
1430.0,175,15051.969337
247.0,38,15052.350639
244.0,83,15053.174245
621.0,80,15054.012476
238.0,89,15054.915704
248.0,38,15055.307476
242.0,64,15055.957029
1044.0,152,15057.523029
253.0,34,15057.864013
1162.0,142,15059.326834
736.0,89,15060.254022
253.0,34,15060.603136
632.0,98,15061.62646
254.0,34,15061.967896
1069.0,125,15063.229619
620.0,78,15064.027136
231.0,45,15064.475455
1049.0,144,15065.971865
1045.0,139,15067.405537
619.0,78,15068.19911
1163.0,148,15069.711608
634.0,98,15070.727666
1351.0,159,15072.369765
1048.0,125,15073.633054
251.0,35,15073.9961
1318.0,196,15076.050184
1320.0,180,15077.93632
614.0,108,15079.047702
605.0,72,15079.78879
639.0,90,15080.707378
253.0,36,15081.070971
608.0,70,15081.80365
1047.0,133,15083.175047
625.0,183,15085.052295
1318.0,186,15086.967385
735.0,98,15087.986274
630.0,113,15089.183027
632.0,88,15090.110475
1318.0,190,15092.094457
251.0,35,15092.455128
1320.0,165,15094.196164
1435.0,187,15096.16042
254.0,34,15096.513473
251.0,35,15096.868658
253.0,37,15097.24912
637.0,88,15098.166162
609.0,70,15098.899991
253.0,34,15099.259784
633.0,113,15100.434582
1320.0,182,15102.350045
630.0,112,15103.496195
236.0,41,15103.917799
1055.0,169,15105.662522
249.0,37,15106.043917
248.0,36,15106.408685
737.0,90,15107.361172
1324.0,165,15109.083441
252.0,35,15109.448716
638.0,90,15110.382851
1330.0,191,15112.393607
633.0,94,15113.374031
1045.0,144,15114.898829
1577.0,199,15116.993336
1318.0,182,15118.880372
1313.0,170,15120.646408
254.0,34,15120.987864
253.0,34,15121.32206
252.0,35,15121.683939
254.0,35,15122.046071
253.0,34,15122.397266
236.0,42,15122.815006
249.0,37,15123.182358
249.0,37,15123.560064
1579.0,213,15125.737997
248.0,36,15126.092946
252.0,35,15126.451388
1156.0,162,15128.100108
633.0,103,15129.169302
248.0,36,15129.539209
254.0,34,15129.887646
254.0,34,15130.226113
636.0,96,15131.210769
246.0,38,15131.605572
250.0,37,15131.991821
251.0,37,15132.370554
1051.0,149,15133.908723
251.0,35,15134.257174
248.0,48,15134.745011
252.0,37,15135.131269
1316.0,176,15136.957906
251.0,35,15137.29934
251.0,35,15137.654051
250.0,35,15137.998143
252.0,35,15138.347382
1313.0,166,15140.046787
603.0,72,15140.785668
252.0,34,15141.1301
1159.0,145,15142.618858
1310.0,181,15144.531883
608.0,71,15145.274
249.0,37,15145.655685
608.0,71,15146.393425
605.0,73,15147.153832
605.0,72,15147.909821
606.0,70,15148.639486
1042.0,163,15150.345039
247.0,36,15150.727644
250.0,47,15151.22643
608.0,71,15151.987921
635.0,99,15153.043501
249.0,37,15153.435026
228.0,188,15155.347672
758.0,132,15156.716365
251.0,34,15157.052862
1304.0,182,15158.917487
647.0,85,15159.795328
635.0,86,15160.671722
634.0,131,15161.984908
636.0,86,15162.861706
246.0,36,15163.234745
246.0,36,15163.601092
638.0,97,15164.608621
636.0,106,15165.731662
1340.0,173,15167.538442
1312.0,176,15169.356803
1325.0,194,15171.354618
1329.0,182,15173.22753
244.0,76,15174.00091
253.0,38,15174.392368
250.0,37,15174.77785
249.0,37,15175.152472
637.0,91,15176.080029
1018.0,302,15179.169574
247.0,38,15179.55388
632.0,104,15180.611006
1309.0,189,15182.556394
1324.0,163,15184.245849
1320.0,170,15186.015833
1336.0,196,15188.069229
1328.0,179,15189.958493
1313.0,172,15191.750715
248.0,36,15192.133113
1323.0,170,15193.960265
1431.0,193,15196.048575
1278.0,385,15200.066416
636.0,86,15200.94612
249.0,37,15201.335344
241.0,77,15202.13834
247.0,37,15202.520167
252.0,35,15202.880976
252.0,35,15203.239235
252.0,35,15203.599159
636.0,87,15204.501629
1304.0,177,15206.358872
1299.0,185,15208.297656
637.0,89,15209.210406
250.0,35,15209.561507
249.0,37,15209.932441
1341.0,169,15211.673154
251.0,36,15212.053289
1435.0,196,15214.100454
247.0,36,15214.463486
609.0,71,15215.205219
608.0,71,15215.956343
1318.0,168,15217.711161
250.0,36,15218.082052
610.0,74,15218.849358
252.0,34,15219.212642
235.0,41,15219.637784
249.0,37,15220.018973
250.0,36,15220.38954
251.0,36,15220.765558
1159.0,139,15222.210248
235.0,42,15222.626156
237.0,42,15223.047663
1313.0,202,15225.13789
637.0,110,15226.26227
607.0,75,15227.014561
1302.0,211,15229.17243
1311.0,207,15231.312395
615.0,94,15232.279338
1313.0,199,15234.346873
1436.0,183,15236.279801
1333.0,188,15238.26874
251.0,37,15238.643046
250.0,38,15239.034667
637.0,89,15239.944023
252.0,34,15240.294531
1327.0,187,15242.235175
253.0,34,15242.576093
629.0,95,15243.57338
633.0,105,15244.682932
249.0,38,15245.070019
1320.0,217,15247.348512
1300.0,208,15249.506849
639.0,88,15250.408363
750.0,127,15251.708607
249.0,34,15252.052123
253.0,34,15252.388642
1047.0,133,15253.744529
248.0,37,15254.112234
1688.0,253,15256.738298
251.0,36,15257.109035
608.0,71,15257.865132
631.0,86,15258.771032
253.0,37,15259.160076
1162.0,154,15260.789758
606.0,73,15261.559912
634.0,89,15262.492073
591.0,121,15263.766095
632.0,86,15264.658619
254.0,36,15265.024524
247.0,36,15265.394628
249.0,36,15265.756099
251.0,35,15266.113463
249.0,49,15266.608673
634.0,97,15267.601176
1771.0,2406,15292.382899
608.0,71,15293.125834
252.0,34,15293.474393
608.0,70,15294.204423
252.0,34,15294.548049
252.0,35,15294.904395
1328.0,180,15296.770554
250.0,35,15297.126136
1158.0,158,15298.762609
1159.0,154,15300.354443
1328.0,181,15302.231152
252.0,36,15302.588243
734.0,104,15303.658219
637.0,88,15304.549597
1320.0,178,15306.373083
250.0,37,15306.740681
252.0,37,15307.117718
249.0,37,15307.493372
251.0,36,15307.859089
754.0,136,15309.250185
239.0,42,15309.678156
635.0,92,15310.612651
249.0,52,15311.143218
252.0,35,15311.499007
253.0,34,15311.844497
252.0,35,15312.205251
1295.0,201,15314.313016
1058.0,156,15315.945652
637.0,88,15316.843457
1437.0,173,15318.657342
1320.0,155,15320.288553
1306.0,157,15321.943384
1163.0,143,15323.446008
605.0,72,15329.424079
1339.0,190,15331.424111
252.0,34,15331.777272
1331.0,171,15333.554229
1435.0,183,15335.456448
235.0,43,15335.904819
678.0,441,15340.39984
608.0,76,15341.171033
249.0,35,15341.521527
1329.0,191,15343.464249
248.0,38,15343.852125
608.0,95,15344.820667
1155.0,168,15346.577213
1433.0,183,15348.52907
1321.0,177,15350.389021
1322.0,178,15352.270756
1318.0,175,15354.075853
1044.0,165,15355.756563
651.0,87,15356.661557
1190.0,156,15358.280887
1323.0,177,15360.121132
635.0,87,15361.015075
633.0,95,15361.999981
609.0,72,15362.755416
630.0,84,15363.6351
253.0,36,15364.012861
1337.0,201,15366.147781
252.0,34,15366.506049
1347.0,178,15368.355846
1331.0,165,15370.05286
1323.0,168,15371.765317
1580.0,197,15373.806466
1330.0,173,15375.614694
633.0,108,15376.717923
612.0,88,15377.621173
631.0,107,15378.728125
1435.0,168,15380.46482
252.0,35,15380.822334
253.0,34,15381.161339
252.0,34,15381.506237
252.0,34,15381.8452
1434.0,177,15383.679144
1435.0,182,15385.586958
1335.0,179,15387.453273
1319.0,179,15389.329388
252.0,35,15389.680824
253.0,34,15390.027572
975.0,2309,15414.351209
248.0,37,15414.727759
251.0,35,15415.093908
251.0,35,15415.449775
252.0,35,15415.800387
252.0,35,15416.145701
252.0,35,15416.5008
252.0,35,15416.846832
1435.0,183,15418.699764
252.0,35,15419.039364
636.0,93,15419.978769
634.0,97,15420.960716
251.0,36,15421.322736
252.0,35,15421.675933
252.0,35,15422.028636
251.0,35,15422.385051
610.0,85,15423.25856
251.0,34,15423.603657
608.0,71,15424.339905
606.0,71,15425.065035
1328.0,185,15426.981586
1322.0,183,15428.884092
250.0,36,15429.254904
252.0,35,15429.619802
252.0,35,15429.976972
1302.0,175,15431.81116
1329.0,185,15433.750946
633.0,88,15434.658166
606.0,75,15435.437057
635.0,95,15436.407275
252.0,35,15436.76405
630.0,86,15437.64552
1322.0,177,15439.477969
610.0,87,15440.369672
1310.0,204,15442.507925
637.0,98,15443.525333
1286.0,207,15445.702677
606.0,81,15446.536694
247.0,38,15446.928419
606.0,81,15447.766688
253.0,34,15448.114391
651.0,87,15449.018647
1432.0,194,15451.023079
1292.0,195,15453.026116
230.0,45,15453.477019
248.0,34,15453.816226
607.0,84,15454.664973
1301.0,190,15456.621917
1297.0,198,15458.682604
1437.0,166,15460.415246
1435.0,180,15462.294918
251.0,34,15462.634727
483.0,831,15471.14014
249.0,35,15471.502149
610.0,84,15472.371799
616.0,103,15473.439964
1332.0,175,15475.287641
728.0,148,15476.846544
252.0,34,15477.196608
608.0,70,15477.912639
252.0,34,15478.261252
609.0,72,15478.993336
1585.0,187,15480.936164
235.0,42,15481.378202
637.0,93,15482.33896
250.0,34,15482.683637
252.0,35,15483.04353
252.0,34,15483.387267
250.0,34,15483.731006
1301.0,180,15485.618129
607.0,73,15486.396176
608.0,100,15487.441292
250.0,34,15487.791327
253.0,35,15488.167315
1311.0,178,15490.057146
1307.0,155,15491.717113
250.0,37,15492.107649
1435.0,203,15494.276309
250.0,34,15494.629956
251.0,37,15495.002731
249.0,37,15495.389061
1311.0,157,15497.019954
251.0,35,15497.382641
1334.0,176,15499.210143
632.0,119,15500.420635
1438.0,183,15502.304214
610.0,71,15503.070469
633.0,85,15503.963629
250.0,38,15504.353985
1308.0,176,15506.224772
606.0,71,15506.969509
609.0,93,15507.926892
1430.0,219,15510.231314
253.0,34,15510.570195
1307.0,224,15512.900549
1585.0,199,15514.996653
250.0,35,15515.355536
250.0,34,15515.697391
250.0,34,15516.048553
250.0,34,15516.393173
250.0,34,15516.743139
234.0,44,15517.193044
249.0,34,15517.547053
250.0,34,15517.896747
1316.0,171,15519.694588
1305.0,210,15521.864699
1314.0,266,15524.613524
1299.0,179,15526.44214
633.0,97,15527.42733
1771.0,2406,15551.869762
638.0,98,15552.874327
611.0,90,15553.791265
610.0,96,15554.786659
609.0,92,15555.747359
250.0,34,15556.100829
633.0,87,15557.011173
250.0,34,15557.352731
252.0,35,15557.706672
627.0,94,15558.674702
252.0,34,15559.020423
250.0,34,15559.366853
250.0,34,15559.719144
615.0,98,15560.737617
629.0,96,15561.756438
250.0,34,15562.108031
250.0,34,15562.454676
253.0,34,15562.809474
1313.0,201,15564.928847
250.0,34,15565.281604
250.0,34,15565.62889
250.0,34,15565.977241
638.0,100,15567.000682
1330.0,240,15569.495569
250.0,34,15569.850648
1435.0,181,15571.755211
250.0,34,15572.105716
250.0,34,15572.454419
250.0,34,15572.806844
610.0,71,15573.5417
253.0,34,15573.892407
252.0,37,15574.2753
1317.0,194,15576.314486
1313.0,166,15578.079062
251.0,35,15578.443993
614.0,82,15579.294581
607.0,71,15580.034683
251.0,34,15580.387694
252.0,34,15580.72955
252.0,34,15581.074519
251.0,34,15581.420022
252.0,34,15581.77059
251.0,34,15582.112174
251.0,34,15582.45766
250.0,34,15582.796448
252.0,34,15583.146929
1304.0,212,15585.387699
249.0,34,15585.731684
249.0,34,15586.07936
609.0,87,15586.98519
1434.0,192,15588.95935
1047.0,144,15590.450035
252.0,34,15590.804205
1301.0,178,15592.656428
1294.0,395,15596.749608
616.0,100,15597.778831
1437.0,192,15599.79558
253.0,34,15600.154288
605.0,82,15601.00336
253.0,34,15601.35436
252.0,34,15601.701692
252.0,34,15602.058149
606.0,74,15602.836616
734.0,96,15603.854689
252.0,34,15604.206974
252.0,34,15604.554576
251.0,34,15604.898254
253.0,34,15605.23643
253.0,34,15605.577873
252.0,34,15605.931893
252.0,34,15606.288152
607.0,85,15607.169246
1297.0,203,15609.293095
634.0,101,15610.318414
608.0,260,15612.968758
252.0,34,15613.320095
1077.0,126,15614.614152
1432.0,202,15616.719015
603.0,73,15617.487145
1560.0,214,15619.74905
2233.0,1084,15631.069895
607.0,70,15631.798397
253.0,34,15632.139317
253.0,34,15632.488837
608.0,70,15633.209017
253.0,34,15633.560706
251.0,34,15633.900265
253.0,34,15634.25071
250.0,35,15634.602408
252.0,34,15634.950567
252.0,34,15635.289501
252.0,34,15635.63194
1435.0,179,15637.494864
252.0,34,15637.840992
252.0,34,15638.186352
252.0,34,15638.532548
252.0,34,15638.887661
253.0,34,15639.24174
253.0,34,15639.594629
252.0,34,15639.935544
252.0,34,15640.283163
253.0,34,15640.624641
234.0,43,15641.059741
1158.0,156,15642.674681
625.0,117,15643.877959
617.0,102,15644.940298
637.0,90,15645.866358
2007.0,327,15649.338634
604.0,116,15650.541813
604.0,86,15651.44385
1587.0,193,15653.490346
249.0,34,15653.841319
633.0,95,15654.83397
252.0,37,15655.219382
1327.0,181,15657.123521
1432.0,180,15659.016747
1325.0,184,15660.975441
253.0,34,15661.339702
253.0,34,15661.69814
633.0,94,15662.710174
1435.0,178,15664.584113
647.0,98,15665.605475
1326.0,177,15667.485176
1436.0,182,15669.424335
1050.0,134,15670.834892
253.0,34,15671.186739
253.0,34,15671.533826
609.0,97,15672.546932
732.0,117,15673.773638
251.0,34,15674.124496
1434.0,182,15675.997774
253.0,34,15676.338547
1338.0,177,15678.164483
1435.0,170,15679.948207
253.0,34,15680.287953
1330.0,181,15682.185241
253.0,34,15682.531944
253.0,34,15682.885647
251.0,34,15683.237484
253.0,34,15683.595013
1855.0,251,15686.249077
1313.0,186,15688.236847
1331.0,171,15690.05352
746.0,131,15691.451787
252.0,37,15691.842506
252.0,37,15692.224404
1157.0,161,15693.910701
253.0,34,15694.257375
1330.0,182,15696.143532
1317.0,182,15698.026465
1317.0,179,15699.875565
1325.0,181,15701.737803
1859.0,241,15704.284004
1436.0,185,15706.186226
1329.0,184,15708.099595
1434.0,175,15709.941047
799.0,131,15711.287685
1434.0,192,15713.29125
1318.0,205,15715.445692
1412.0,327,15718.914852
736.0,95,15719.898315
1305.0,189,15721.852265
1309.0,180,15723.71564
1328.0,181,15725.612087
588.0,114,15726.791607
1428.0,215,15729.025247
607.0,73,15729.767221
1113.0,433,15734.284222
253.0,34,15734.628057
253.0,34,15734.975591
240.0,41,15735.393457
253.0,34,15735.738185
1327.0,170,15737.514139
1320.0,182,15739.388551
592.0,111,15740.536075
251.0,34,15740.882199
253.0,34,15741.220493
1158.0,154,15742.841249
237.0,42,15743.27548
236.0,43,15743.724098
613.0,98,15744.718871
1330.0,191,15746.688595
1162.0,154,15748.279402
602.0,125,15749.620698
629.0,113,15750.837604
635.0,90,15751.788018
1325.0,187,15753.724999
610.0,73,15754.481798
253.0,34,15754.820547
1334.0,174,15756.641521
249.0,34,15756.989011
253.0,34,15757.342268
620.0,79,15758.163691
253.0,34,15758.521779
252.0,34,15758.871728
252.0,34,15759.231488
252.0,34,15759.581564
251.0,34,15759.940175
250.0,34,15760.28777
253.0,34,15760.640092
252.0,34,15760.991086
252.0,34,15761.350473
1050.0,151,15762.946846
1327.0,189,15764.919927
735.0,98,15765.924175
1329.0,171,15767.679749
253.0,34,15768.019347
1330.0,183,15769.901219
1331.0,177,15771.76664
638.0,86,15772.658641
253.0,34,15773.005156
253.0,34,15773.354429
250.0,35,15773.707548
250.0,35,15774.067763
1329.0,188,15776.032713
253.0,34,15776.377443
1048.0,142,15777.853729
253.0,34,15778.199909
253.0,34,15778.552758
252.0,34,15778.903063
632.0,85,15779.793962
253.0,34,15780.149827
253.0,34,15780.495049
253.0,34,15780.846255
634.0,86,15781.735493
1331.0,160,15783.426634
619.0,77,15784.230641
774.0,2406,15808.975064
1430.0,219,15811.244575
1333.0,176,15813.058717
252.0,34,15813.396199
253.0,34,15813.737448
639.0,86,15814.609891
253.0,34,15814.954876
253.0,34,15815.291646
253.0,34,15815.632901
1328.0,191,15817.590564
1305.0,352,15821.246311
611.0,92,15822.199083
1691.0,227,15824.588383
1331.0,162,15826.294461
1336.0,162,15827.999829
622.0,98,15829.02479
639.0,86,15829.914926
253.0,34,15830.261672
251.0,34,15830.607483
251.0,34,15830.952815
251.0,34,15831.300179
1421.0,259,15834.004094
735.0,101,15835.067166
1330.0,189,15837.061912
1327.0,197,15839.10881
253.0,34,15839.447791
253.0,34,15839.79153
253.0,34,15840.130045
251.0,34,15840.471875
249.0,35,15840.822032
1227.0,833,15849.415242
251.0,35,15849.771074
1327.0,170,15851.539036
250.0,35,15851.901577
1435.0,203,15854.034239
636.0,88,15854.941131
251.0,34,15855.287534
1326.0,174,15857.128319
1436.0,183,15859.049656
614.0,89,15859.969859
253.0,34,15860.311789
1433.0,208,15862.47567
1435.0,181,15864.382043
1327.0,200,15866.451464
1433.0,183,15868.34739
1438.0,178,15870.203676
737.0,95,15871.20298
606.0,105,15872.300419
1331.0,178,15874.139481
1588.0,197,15876.198243
253.0,34,15876.546223
253.0,34,15876.896645
1432.0,204,15878.998356
1319.0,173,15880.808438
609.0,70,15881.545129
611.0,87,15882.455952
253.0,34,15882.804556
253.0,34,15883.159126
252.0,35,15883.533274
1582.0,199,15885.607171
608.0,70,15886.338627
253.0,34,15886.683688
253.0,34,15887.044415
253.0,34,15887.389634
1157.0,163,15889.10147
615.0,93,15890.059026
234.0,42,15890.499763
253.0,36,15890.871949
1435.0,182,15892.777706
1438.0,180,15894.641722
253.0,34,15894.985842
606.0,70,15895.698081
235.0,43,15896.136467
1435.0,181,15898.025016
253.0,36,15898.396781
1703.0,209,15900.586777
1436.0,172,15902.346978
1327.0,194,15904.391897
253.0,35,15904.764598
1325.0,196,15906.770476
253.0,34,15907.112808
252.0,35,15907.461042
1162.0,145,15908.938416
252.0,34,15909.274588
252.0,35,15909.628561
1157.0,165,15911.310548
250.0,37,15911.690042
1434.0,180,15913.558059
1324.0,186,15915.501729
250.0,35,15915.855428
251.0,35,15916.222517
251.0,35,15916.582679
1339.0,159,15918.225694
1331.0,179,15920.059515
253.0,34,15920.406007
250.0,35,15920.761732
1585.0,183,15922.66549
1317.0,193,15924.67352
1327.0,188,15926.642902
1325.0,185,15928.57642
1436.0,195,15930.601636
1580.0,220,15932.907962
252.0,39,15933.299755
609.0,108,15934.421318
1331.0,162,15936.116847
736.0,95,15937.113264
1330.0,177,15938.954275
1576.0,209,15941.141626
1334.0,174,15942.928006
251.0,35,15943.283683
1161.0,160,15944.970061
1320.0,181,15946.835316
615.0,89,15947.733843
253.0,34,15948.066155
608.0,70,15948.775307
249.0,34,15949.113217
1452.0,183,15950.99714
1157.0,178,15952.861525
737.0,95,15953.849555
630.0,119,15955.070357
1315.0,177,15956.928036
1336.0,196,15958.995852
640.0,89,15959.930703
606.0,97,15960.933844
1434.0,199,15963.006016
1159.0,147,15964.524158
1157.0,156,15966.117841
1433.0,195,15968.157772
602.0,80,15968.983459
236.0,42,15969.411211
1330.0,164,15971.120772
1162.0,139,15972.544102
1434.0,184,15974.434537
1330.0,211,15976.576005
1161.0,153,15978.121337
1311.0,229,15980.516117
605.0,81,15981.363974
609.0,80,15982.184124
1571.0,233,15984.577803
640.0,89,15985.494062
236.0,42,15985.922558
819.0,148,15987.457129
1157.0,157,15989.078656
1432.0,188,15991.051786
608.0,96,15992.057927
1076.0,132,15993.43014
608.0,70,15994.163228
609.0,90,15995.10493
607.0,81,15995.934453
608.0,70,15996.658978
604.0,79,15997.490585
613.0,85,15998.376278
608.0,70,15999.101606
1436.0,176,16000.930943
252.0,34,16001.280185
2492.0,1271,16014.317701
639.0,88,16015.236376
1163.0,135,16016.626736
2354.0,378,16020.568887
1336.0,158,16022.200758
610.0,89,16023.122026
617.0,100,16024.157956
1335.0,168,16025.913105
1339.0,164,16027.632567
236.0,40,16028.038952
617.0,80,16028.868035
1556.0,239,16031.329453
1438.0,171,16033.130713
253.0,34,16033.481906
253.0,34,16033.828132
253.0,34,16034.169519
1049.0,146,16035.647356
236.0,40,16036.055764
1440.0,181,16037.948143
1323.0,185,16039.885502
613.0,77,16040.680398
242.0,40,16041.091067
1330.0,190,16043.057048
1043.0,144,16044.563954
237.0,41,16044.984475
1583.0,194,16047.000441
2297.0,719,16054.445047
253.0,34,16054.796011
1326.0,192,16056.781339
1576.0,199,16058.886992
1771.0,2406,16083.483992
1330.0,170,16085.248188
249.0,36,16085.610335
608.0,85,16086.47062
607.0,73,16087.219865
1338.0,182,16089.122507
1191.0,145,16090.642078
253.0,34,16090.999255
735.0,95,16091.993774
613.0,86,16092.892931
2070.0,2069,16114.20417
235.0,42,16114.630402
1320.0,228,16116.922157
1772.0,2406,16141.516527
606.0,118,16142.757133
1040.0,185,16144.69229
235.0,43,16145.136142
1328.0,187,16147.055573
254.0,34,16147.394944
219.0,48,16147.888908
1324.0,171,16149.65341
222.0,46,16150.125591
1321.0,176,16151.956975
1344.0,166,16153.703984
1325.0,190,16155.688094
603.0,86,16156.580016
253.0,34,16156.92373
1309.0,201,16159.001762
1321.0,203,16161.085423
1313.0,177,16162.910565
251.0,34,16163.254531
253.0,34,16163.60006
250.0,34,16163.93635
616.0,88,16164.836421
608.0,70,16165.542758
609.0,93,16166.489915
1309.0,179,16168.325068
612.0,105,16169.413168
181.0,67,16170.104273
1321.0,278,16172.971653
253.0,34,16173.319086
238.0,40,16173.737819
1319.0,168,16175.495291
613.0,93,16176.452332
1437.0,173,16178.270132
249.0,34,16178.624713
1337.0,163,16180.334043
611.0,88,16181.23086
253.0,34,16181.579982
253.0,34,16181.928519
253.0,34,16182.277689
1431.0,199,16184.347662
243.0,41,16184.754895
243.0,41,16185.171879
253.0,34,16185.523631
1047.0,141,16186.971953
1334.0,185,16188.888685
1154.0,184,16190.793784
253.0,34,16191.139199
1338.0,176,16192.971163
1316.0,194,16195.004438
251.0,34,16195.358817
1327.0,176,16197.183646
1434.0,198,16199.23769
605.0,107,16200.350733
1314.0,206,16202.474354
251.0,34,16202.821885
1334.0,162,16204.497159
1324.0,173,16206.287857
1585.0,205,16208.40494
729.0,130,16209.743979
250.0,35,16210.104017
251.0,34,16210.446902
1348.0,190,16212.403226
867.0,1914,16232.374465
254.0,34,16232.725442
253.0,34,16233.078963
250.0,35,16233.442543
243.0,41,16233.866076
241.0,40,16234.280669
1435.0,184,16236.267971
1329.0,191,16238.228052
244.0,38,16238.613951
1334.0,189,16240.58039
251.0,35,16240.931229
252.0,35,16241.287292
603.0,77,16242.087991
253.0,34,16242.454614
253.0,34,16242.820933
1582.0,206,16244.987154
631.0,97,16246.000065
253.0,34,16246.356721
236.0,42,16246.784043
253.0,34,16247.135163
607.0,70,16247.865452
253.0,34,16248.209893
1325.0,162,16249.858138
605.0,76,16250.652317
1582.0,205,16252.863679
606.0,90,16253.807534
1315.0,199,16255.87906
1339.0,164,16257.593646
1305.0,184,16259.536583
1163.0,141,16261.037406
788.0,162,16262.779812
245.0,38,16263.180346
1158.0,166,16264.870238
741.0,207,16267.015583
729.0,132,16268.360742
734.0,104,16269.423237
253.0,34,16269.773034
1435.0,184,16271.709252
251.0,34,16272.06039
1340.0,202,16274.177705
253.0,34,16274.530616
253.0,34,16274.88199
605.0,125,16276.176525
254.0,34,16276.525673
252.0,35,16276.881757
252.0,35,16277.234864
1338.0,164,16278.947737
604.0,78,16279.76637
1329.0,180,16281.664898
1163.0,149,16283.235309
1350.0,178,16285.098625
1042.0,161,16286.782343
1434.0,196,16288.820531
601.0,82,16289.660484
1160.0,154,16291.242157
250.0,34,16291.582801
1192.0,147,16293.105872
248.0,34,16293.463216
611.0,80,16294.305831
240.0,42,16294.744404
1415.0,244,16297.309362
603.0,79,16298.122258
634.0,99,16299.137713
1330.0,173,16300.948512
250.0,34,16301.301651
251.0,34,16301.663329
253.0,35,16302.024369
1342.0,163,16303.752405
253.0,34,16304.112281
249.0,34,16304.466846
251.0,34,16304.822331
608.0,72,16305.575021
736.0,95,16306.569145
1326.0,189,16308.580076
253.0,36,16308.957313
1157.0,169,16310.75672
251.0,34,16311.125441
251.0,34,16311.4736
1297.0,316,16314.791004
250.0,34,16315.150328
1583.0,204,16317.298649
249.0,36,16317.669167
251.0,36,16318.040588
1585.0,195,16320.111381
637.0,87,16321.028786
1436.0,187,16322.962061
605.0,72,16323.707788
253.0,35,16324.075561
607.0,72,16324.827056
250.0,34,16325.187878
734.0,104,16326.288445
250.0,34,16326.651871
735.0,99,16327.697817
1325.0,209,16329.920993
251.0,34,16330.269874
1434.0,206,16332.452226
252.0,36,16332.822004
252.0,34,16333.167013
240.0,40,16333.570711
253.0,34,16333.924807
253.0,35,16334.267972
249.0,35,16334.627209
1331.0,210,16336.818901
253.0,35,16337.179965
1437.0,180,16339.071299
250.0,34,16339.422504
251.0,34,16339.765582
250.0,34,16340.116273
1583.0,195,16342.153009
249.0,34,16342.490371
252.0,34,16342.832511
606.0,77,16343.621012
604.0,77,16344.40675
249.0,34,16344.755281
248.0,34,16345.09616
249.0,35,16345.450018
1335.0,196,16347.531881
250.0,35,16347.898716
253.0,34,16348.251615
733.0,103,16349.355047
1584.0,205,16351.490008
1329.0,178,16353.359498
1339.0,180,16355.253361
608.0,70,16355.97611
1330.0,189,16357.951777
230.0,51,16358.483835
605.0,85,16359.360524
249.0,38,16359.756483
250.0,36,16360.125197
632.0,93,16361.078589
1336.0,193,16363.05733
1322.0,217,16365.330286
253.0,34,16365.681115
635.0,93,16366.637046
250.0,35,16366.998562
251.0,34,16367.348571
603.0,79,16368.144057
1048.0,146,16369.616408
605.0,87,16370.504854
253.0,35,16370.857369
250.0,34,16371.215311
608.0,70,16371.938262
735.0,94,16372.92428
253.0,35,16373.288504
608.0,70,16374.010676
609.0,72,16374.752309
607.0,81,16375.591852
253.0,36,16375.959987
248.0,36,16376.33363
252.0,35,16376.704048
1435.0,182,16378.641619
607.0,70,16379.353687
253.0,34,16379.698589
603.0,92,16380.645481
1924.0,266,16383.415765
1060.0,146,16384.969102
250.0,34,16385.315907
250.0,34,16385.655271
250.0,34,16385.993425
251.0,34,16386.338727
253.0,34,16386.684955
251.0,34,16387.027952
608.0,70,16387.737258
760.0,125,16389.054521
253.0,35,16389.422263
1335.0,172,16391.226106
251.0,34,16391.580166
251.0,34,16391.928869
1343.0,168,16393.702171
251.0,34,16394.049366
737.0,95,16395.023502
632.0,121,16396.289615
608.0,70,16397.009709
611.0,77,16397.813053
1440.0,173,16399.640268
603.0,79,16400.467834
602.0,91,16401.417826
610.0,87,16402.322283
608.0,70,16403.045403
646.0,100,16404.074401
610.0,71,16404.80012
1325.0,202,16406.895536
608.0,70,16407.608346
1577.0,206,16409.748448
608.0,70,16410.462692
253.0,35,16410.825891
608.0,105,16411.892081
607.0,70,16412.60316
1436.0,183,16414.474923
610.0,74,16415.236694
250.0,34,16415.578442
250.0,35,16415.933177
252.0,35,16416.286724
609.0,71,16417.020446
248.0,39,16417.411813
249.0,35,16417.774091
249.0,35,16418.129247
251.0,35,16418.483442
609.0,71,16419.198058
252.0,35,16419.560977
2340.0,444,16424.115651
1702.0,223,16426.468506
608.0,70,16427.184202
608.0,70,16427.899901
252.0,35,16428.256183
253.0,36,16428.617678
1332.0,163,16430.358097
251.0,35,16430.71889
251.0,35,16431.0773
251.0,35,16431.436052
1156.0,163,16433.108451
248.0,34,16433.462363
249.0,34,16433.806714
252.0,35,16434.164775
1194.0,134,16435.549431
249.0,34,16435.905034
253.0,35,16436.272034
651.0,97,16437.286129
631.0,86,16438.181062
608.0,70,16438.902501
1334.0,165,16440.642984
253.0,34,16440.994721
608.0,70,16441.72216
617.0,85,16442.614847
1438.0,184,16444.548056
1330.0,182,16446.47943
639.0,90,16447.41906
250.0,42,16447.84592
250.0,35,16448.200763
603.0,86,16449.070963
1324.0,173,16450.8684
1330.0,167,16452.593172
248.0,36,16452.962939
251.0,36,16453.328694
250.0,35,16453.683361
254.0,35,16454.047774
1164.0,143,16455.533074
249.0,36,16455.894609
252.0,36,16456.261884
252.0,35,16456.618845
637.0,86,16457.51628
604.0,76,16458.290694
608.0,70,16459.008936
249.0,37,16459.385313
1332.0,161,16461.022333
249.0,35,16461.379786
608.0,72,16462.113665
1344.0,186,16464.037694
251.0,35,16464.39961
248.0,35,16464.762651
1341.0,189,16466.7396
248.0,35,16467.102585
602.0,103,16468.168083
251.0,35,16468.522567
250.0,36,16468.887619
248.0,37,16469.27046
252.0,35,16469.630186
610.0,73,16470.388146
249.0,34,16470.73567
252.0,36,16471.108223
250.0,36,16471.475835
1324.0,180,16473.38793
248.0,35,16473.745843
1333.0,166,16475.474686
251.0,35,16475.836138
608.0,70,16476.567358
249.0,35,16476.930145
608.0,70,16477.669495
252.0,35,16478.017832
608.0,70,16478.735329
251.0,35,16479.089315
251.0,35,16479.450335
608.0,70,16480.186512
608.0,70,16480.919132
608.0,70,16481.646417
608.0,70,16482.37439
608.0,70,16483.103388
1440.0,169,16484.891753
608.0,70,16485.625675
1343.0,174,16487.456573
249.0,36,16487.821732
251.0,37,16488.186672
249.0,36,16488.549543
249.0,36,16488.923569
249.0,36,16489.28585
249.0,36,16489.649043
249.0,36,16490.018587
757.0,124,16491.289436
251.0,35,16491.637189
249.0,36,16491.999011
251.0,36,16492.367109
1160.0,155,16493.939223
247.0,37,16494.31131
613.0,83,16495.143407
250.0,34,16495.481567
607.0,70,16496.189699
250.0,36,16496.551026
249.0,34,16496.899065
254.0,34,16497.242819
608.0,70,16497.95762
608.0,70,16498.674946
1584.0,200,16500.790182
604.0,71,16501.53664
1586.0,187,16503.523479
1163.0,134,16504.945915
247.0,36,16505.316734
250.0,34,16505.670699
608.0,70,16506.405438
608.0,70,16507.121601
250.0,36,16507.485483
760.0,134,16508.862963
251.0,36,16509.23097
608.0,70,16509.929976
608.0,70,16510.63128
1584.0,181,16512.487494
250.0,35,16512.8433
253.0,36,16513.206339
1331.0,167,16514.926142
1164.0,146,16516.432902
253.0,34,16516.781081
608.0,70,16517.501572
604.0,79,16518.330718
607.0,71,16519.071855
1327.0,169,16520.857512
607.0,70,16521.570247
248.0,36,16521.930764
253.0,34,16522.276007
697.0,328,16525.58403
1584.0,192,16527.610284
608.0,73,16528.353746
248.0,38,16528.732201
251.0,37,16529.114502
1325.0,169,16530.828861
609.0,70,16531.562985
249.0,36,16531.936663
1440.0,179,16533.776518
1440.0,169,16535.523856
249.0,36,16535.885635
250.0,36,16536.253838
249.0,36,16536.624964
251.0,34,16536.966911
253.0,35,16537.317547
606.0,73,16538.064737
1441.0,179,16539.93042
607.0,72,16540.66126
1440.0,181,16542.507333
246.0,37,16542.879884
252.0,36,16543.243941
248.0,36,16543.612647
248.0,38,16544.00263
1163.0,140,16545.443343
252.0,38,16545.824957
620.0,89,16546.740947
605.0,73,16547.47933
249.0,37,16547.854943
188.0,2406,16573.030704
249.0,36,16573.388832
253.0,36,16573.7511
250.0,36,16574.113718
1154.0,181,16575.949108
732.0,113,16577.102789
1339.0,173,16578.916724
1161.0,147,16580.480335
608.0,76,16581.279202
2346.0,425,16585.696407
1092.0,568,16591.666486
607.0,96,16592.638262
1045.0,173,16594.434662
251.0,37,16594.820945
2220.0,1172,16606.769707
252.0,35,16607.135832
742.0,134,16608.541206
1329.0,179,16610.417363
646.0,112,16611.573476
1583.0,193,16613.564979
604.0,71,16614.300448
1346.0,185,16616.203319
1585.0,191,16618.187829
604.0,80,16619.008507
607.0,82,16619.836938
1241.0,698,16627.20705
1589.0,181,16629.110024
1413.0,199,16631.203686
1344.0,184,16633.129607
1437.0,188,16635.071738
585.0,184,16636.992681
1151.0,200,16639.06979
1555.0,226,16641.413947
231.0,46,16641.882261
234.0,45,16642.347276
251.0,38,16642.746862
613.0,86,16643.639129
605.0,73,16644.403822
611.0,92,16645.36646
1338.0,178,16647.249546
608.0,74,16648.023057
1326.0,203,16650.15426
650.0,95,16651.157315
229.0,46,16651.639856
231.0,46,16652.126455
605.0,73,16652.885079
2725.0,2382,16677.335751
233.0,47,16677.82034
238.0,42,16678.261608
246.0,38,16678.647351
252.0,37,16679.02867
248.0,37,16679.413537
760.0,128,16680.74
252.0,37,16681.110637
1562.0,211,16683.332412
628.0,109,16684.46014
230.0,47,16684.943134
230.0,47,16685.42701
252.0,37,16685.809236
252.0,37,16686.178197
250.0,38,16686.559359
1344.0,182,16688.431602
610.0,95,16689.378335
248.0,38,16689.751788
1343.0,182,16691.626673
231.0,46,16692.093311
232.0,46,16692.561665
604.0,86,16693.441697
607.0,90,16694.367133
1340.0,205,16696.489669
252.0,38,16696.872304
1581.0,205,16699.000812
229.0,47,16699.491651
229.0,47,16699.968299
1579.0,220,16702.267223
1345.0,181,16704.168493
234.0,44,16704.628414
1329.0,187,16706.621339
606.0,101,16707.684072
1435.0,190,16709.693
1343.0,199,16711.8045
1340.0,200,16713.891224
250.0,38,16714.270245
609.0,93,16715.228862
1341.0,178,16717.053923
1345.0,178,16718.875584
1259.0,592,16724.967391
1343.0,193,16726.955171
606.0,105,16728.034046
600.0,94,16729.003718
606.0,82,16729.831755
233.0,45,16730.286479
606.0,74,16731.052598
637.0,111,16732.184687
603.0,102,16733.225854
1325.0,201,16735.31056
607.0,97,16736.321355
1051.0,139,16737.750639
1332.0,191,16739.725401
1439.0,190,16741.694173
1343.0,174,16743.51703
1582.0,218,16745.808192
605.0,74,16746.556278
1332.0,178,16748.384869
605.0,86,16749.254982
602.0,84,16750.128039
1344.0,187,16752.056088
1344.0,185,16753.980227
760.0,131,16755.374949
238.0,43,16755.824837
603.0,75,16756.6139
1323.0,196,16758.673793
251.0,37,16759.070311
252.0,37,16759.454944
234.0,45,16759.91441
1162.0,154,16761.531732
1326.0,196,16763.53365
609.0,98,16764.512526
1578.0,206,16766.627879
1583.0,194,16768.672654
608.0,104,16769.766709
249.0,38,16770.164593
1342.0,182,16772.08773
1326.0,189,16774.056175
1340.0,215,16776.313744
252.0,34,16776.665735
608.0,70,16777.397214
1584.0,194,16779.435003
604.0,94,16780.420719
1439.0,177,16782.265938
1347.0,180,16784.141954
249.0,38,16784.534591
610.0,96,16785.524682
1347.0,175,16787.366598
249.0,38,16787.761267
1437.0,174,16789.590957
1331.0,183,16791.492433
1330.0,182,16793.491051
249.0,37,16793.895662
605.0,74,16794.685256
1338.0,172,16796.487492
633.0,111,16797.635853
1428.0,194,16799.66219
637.0,108,16800.771676
251.0,37,16801.148953
237.0,44,16801.593606
251.0,37,16801.972951
1156.0,171,16803.737417
251.0,38,16804.124972
250.0,38,16804.51645
234.0,44,16804.963461
245.0,43,16805.403374
1350.0,158,16807.051523
634.0,89,16807.985377
1440.0,177,16809.844928
607.0,74,16810.608371
1347.0,158,16812.251308
1582.0,205,16814.355446
247.0,38,16814.743288
1436.0,188,16816.713516
251.0,38,16817.103379
252.0,38,16817.493416
250.0,38,16817.873879
731.0,114,16819.062387
1573.0,210,16821.262096
1044.0,157,16822.892173
1119.0,406,16827.150673
733.0,113,16828.33431
1344.0,169,16830.095261
248.0,37,16830.478916
249.0,40,16830.888649
2994.0,767,16838.744184
253.0,35,16839.105384
1044.0,156,16840.695061
810.0,199,16842.782562
1348.0,178,16844.651653
1349.0,171,16846.437811
1678.0,223,16848.759458
612.0,94,16849.71261
1342.0,208,16851.904737
252.0,38,16852.295377
252.0,35,16852.654303
1447.0,188,16854.601778
251.0,38,16854.979222
252.0,39,16855.373567
250.0,36,16855.739402
252.0,36,16856.102738
605.0,71,16856.828149
605.0,74,16857.572789
751.0,132,16858.916446
636.0,90,16859.825291
234.0,45,16860.275038
608.0,74,16861.029902
1345.0,175,16862.853472
1426.0,262,16865.59765
636.0,90,16866.52253
636.0,88,16867.430448
630.0,116,16868.630513
625.0,134,16870.034545
251.0,35,16870.395331
732.0,110,16871.559514
1333.0,166,16873.309098
736.0,98,16874.342849
607.0,74,16875.117586
1921.0,242,16877.691048
251.0,36,16878.061849
1348.0,164,16879.78475
609.0,84,16880.662109
734.0,105,16881.767859
632.0,85,16882.657959
1352.0,173,16884.49513
1581.0,208,16886.652523
1349.0,167,16888.384279
250.0,40,16888.785053
234.0,45,16889.244596
1342.0,199,16891.318346
2606.0,621,16897.783134
637.0,94,16898.761606
603.0,73,16899.518303
608.0,74,16900.2778
758.0,121,16901.560329
1433.0,207,16903.703133
634.0,104,16904.758131
604.0,73,16905.521123
636.0,91,16906.46813
605.0,73,16907.222313
605.0,73,16907.984105
605.0,73,16908.744506
649.0,108,16909.861461
1343.0,191,16911.860709
1335.0,161,16913.545719
1250.0,1305,16926.925303
234.0,45,16927.38431
1332.0,177,16929.19337
1161.0,159,16930.835356
243.0,43,16931.270955
605.0,73,16932.088859
250.0,37,16932.505454
1562.0,201,16934.663248
630.0,86,16935.557336
733.0,99,16936.592481
618.0,87,16937.493109
616.0,87,16938.385333
1356.0,172,16940.17413
607.0,74,16940.951273
610.0,77,16941.74575
1576.0,244,16944.288639
1587.0,185,16946.211254
234.0,45,16946.669791
1347.0,184,16948.556115
1045.0,145,16950.017381
252.0,35,16950.373318
252.0,35,16950.734795
1350.0,179,16952.599628
736.0,99,16953.618324
606.0,73,16954.361259
1333.0,173,16956.18469
1158.0,156,16957.826456
608.0,74,16958.58983
607.0,71,16959.31796
606.0,74,16960.075055
1577.0,250,16962.63728
1335.0,162,16964.300555
605.0,72,16965.044332
1582.0,223,16967.378976
1585.0,220,16969.634446
1326.0,168,16971.371466
1048.0,163,16973.035056
1586.0,198,16975.093342
736.0,98,16976.121096
252.0,35,16976.477459
1349.0,176,16978.32927
606.0,71,16979.074284
1421.0,201,16981.189828
1322.0,215,16983.441053
606.0,85,16984.308245
943.0,1444,16999.167048
600.0,92,17000.123482
1437.0,180,17001.985558
2556.0,851,17010.723175
1349.0,162,17012.421536
605.0,73,17013.163682
1440.0,167,17014.907449
606.0,73,17015.654648
609.0,85,17016.546019
1583.0,203,17018.684391
606.0,73,17019.452065
1346.0,176,17021.301908
1563.0,222,17023.620945
605.0,111,17024.762942
1435.0,186,17026.728916
606.0,73,17027.49754
605.0,74,17028.293149
606.0,74,17029.057248
608.0,74,17029.835021
1347.0,174,17031.647629
609.0,104,17032.724524
606.0,74,17033.487196
614.0,85,17034.380189
252.0,38,17034.767816
1351.0,170,17036.530534
606.0,73,17037.270274
606.0,74,17038.027386
1349.0,178,17039.899575
1350.0,166,17041.639763
606.0,74,17042.408928
751.0,151,17044.000838
1438.0,180,17045.90741
1347.0,175,17047.731095
606.0,74,17048.496697
604.0,115,17049.68846
1587.0,191,17051.678619
1433.0,194,17053.724468
610.0,93,17054.689876
251.0,39,17055.092362
734.0,102,17056.166126
604.0,85,17057.04629
1163.0,140,17058.515431
1435.0,183,17060.423992
1434.0,192,17062.447266
605.0,71,17063.186637
604.0,73,17063.948533
227.0,50,17064.463365
604.0,74,17065.225479
602.0,84,17066.095911
1347.0,172,17067.882931
249.0,41,17068.300017
1348.0,194,17070.349477
604.0,73,17071.115599
1585.0,210,17073.318411
610.0,89,17074.236069
1576.0,237,17076.700933
605.0,74,17077.476295
604.0,73,17078.241683
604.0,74,17079.020795
1437.0,181,17080.913549
245.0,44,17081.366623
252.0,39,17081.769143
251.0,39,17082.176287
1329.0,192,17084.144871
607.0,72,17084.89142
605.0,73,17085.650666
1439.0,172,17087.458389
1586.0,187,17089.440653
1434.0,190,17091.439244
604.0,73,17092.185083
608.0,96,17093.17052
1347.0,208,17095.352699
606.0,71,17096.098592
613.0,89,17097.003439
605.0,73,17097.748852
1705.0,227,17100.097621
251.0,39,17100.494434
1693.0,202,17102.594667
605.0,73,17103.328908
606.0,72,17104.051244
1046.0,148,17105.536463
251.0,39,17105.922634
608.0,85,17106.790503
1349.0,181,17108.65077
250.0,39,17109.043398
1327.0,177,17110.862034
1437.0,195,17112.904449
605.0,79,17113.71289
1589.0,175,17115.56112
606.0,71,17116.305371
250.0,35,17116.675292
250.0,35,17117.041198
251.0,39,17117.441219
250.0,39,17117.846604
606.0,77,17118.644864
1588.0,174,17120.461068
1349.0,177,17122.308317
1436.0,173,17124.109401
607.0,73,17124.879608
1583.0,194,17126.885875
1678.0,210,17129.065682
608.0,90,17129.977903
249.0,41,17130.385842
1438.0,185,17132.291414
252.0,37,17132.665857
1047.0,133,17134.029287
1434.0,203,17136.126206
603.0,81,17136.947243
1584.0,184,17138.814131
604.0,73,17139.543089
1350.0,178,17141.340574
603.0,72,17142.066851
1047.0,150,17143.580977
614.0,82,17144.426783
602.0,91,17145.363229
249.0,37,17145.733625
1325.0,208,17147.882829
608.0,93,17148.821512
253.0,37,17149.196599
249.0,37,17149.569946
249.0,37,17149.944716
610.0,81,17150.769191
1922.0,228,17153.185032
1923.0,216,17155.449767
1860.0,255,17158.120276
250.0,39,17158.519842
610.0,92,17159.480618
253.0,35,17159.837769
1580.0,208,17162.011266
731.0,123,17163.273998
607.0,79,17164.096228
611.0,81,17164.923174
240.0,41,17165.347065
712.0,104,17166.447229
1433.0,198,17168.551886
250.0,39,17168.963085
232.0,64,17169.633332
611.0,92,17170.590936
607.0,91,17171.525657
1584.0,191,17173.531999
252.0,35,17173.901226
252.0,35,17174.263356
604.0,79,17175.067944
237.0,42,17175.503815
1847.0,237,17177.978848
606.0,81,17178.812089
1348.0,183,17180.735319
244.0,40,17181.14776
605.0,82,17181.996709
608.0,75,17182.764519
606.0,81,17183.603656
1584.0,204,17185.761211
1579.0,194,17187.813364
252.0,35,17188.174711
1351.0,157,17189.794613
608.0,74,17190.549347
2350.0,397,17194.706113
607.0,83,17195.54502
623.0,111,17196.672561
610.0,89,17197.577985
1347.0,172,17199.38285
250.0,39,17199.787067
615.0,88,17200.711686
607.0,71,17201.461985
606.0,90,17202.40072
1070.0,164,17204.12497
1581.0,218,17206.412528
1687.0,265,17209.144605
241.0,40,17209.556901
1354.0,171,17211.335601
1684.0,226,17213.682462
603.0,103,17214.738048
607.0,72,17215.482352
1348.0,168,17217.246373
1349.0,166,17218.999115
2296.0,693,17226.197432
1675.0,349,17229.814435
588.0,176,17231.630068
606.0,72,17232.383838
606.0,72,17233.133152
1588.0,186,17235.118683
1704.0,205,17237.253305
1044.0,167,17238.978099
606.0,71,17239.715195
1584.0,192,17241.717228
1051.0,137,17243.107807
252.0,37,17243.48801
1353.0,156,17245.133044
605.0,71,17245.881731
607.0,99,17246.902918
246.0,39,17247.301717
607.0,71,17248.039623
1350.0,160,17249.71815
250.0,39,17250.109391
1334.0,164,17251.805241
1350.0,183,17253.673103
1688.0,206,17255.824622
608.0,85,17256.701155
1347.0,179,17258.538377
634.0,88,17259.443722
248.0,37,17259.820649
607.0,71,17260.551296
1050.0,134,17261.91685
1055.0,135,17263.302964
1044.0,165,17265.029665
1347.0,186,17266.98172
1349.0,164,17268.701942
251.0,40,17269.11776
240.0,45,17269.592524
1050.0,147,17271.14549
250.0,36,17271.513576
251.0,40,17271.929403
1676.0,275,17274.817183
613.0,86,17275.692874
240.0,41,17276.120702
249.0,37,17276.497464
607.0,71,17277.236189
607.0,71,17277.96252
605.0,71,17278.693973
1348.0,182,17280.597281
608.0,74,17281.367114
602.0,142,17282.846518
605.0,71,17283.585429
252.0,35,17283.944646
606.0,73,17284.691919
606.0,78,17285.488361
2366.0,328,17288.912227
246.0,57,17289.489865
1352.0,174,17291.334774
1349.0,182,17293.246864
1351.0,163,17294.960426
249.0,39,17295.366285
604.0,93,17296.327602
578.0,223,17298.583205
608.0,87,17299.469889
1351.0,174,17301.263576
245.0,40,17301.674484
1853.0,281,17304.62201
611.0,86,17305.515899
1349.0,189,17307.513037
1844.0,259,17310.246331
1044.0,156,17311.880178
612.0,83,17312.734471
253.0,35,17313.092678
1049.0,135,17314.495419
252.0,37,17314.865365
735.0,102,17315.920308
1015.0,322,17319.251548
1684.0,260,17321.987442
252.0,35,17322.351006
253.0,35,17322.710829
253.0,35,17323.069932
252.0,39,17323.481611
1433.0,186,17325.44961
1465.0,840,17334.197974
609.0,88,17335.105823
252.0,35,17335.473214
253.0,35,17335.829537
252.0,35,17336.184818
1349.0,164,17337.88852
253.0,35,17338.244191
608.0,70,17338.94225
1329.0,169,17340.68544
1042.0,159,17342.320709
612.0,90,17343.272681
733.0,113,17344.451606
1583.0,216,17346.728394
1351.0,169,17348.489085
1347.0,170,17350.268248
1695.0,211,17352.505571
2633.0,410,17356.803645
1348.0,186,17358.756913
1050.0,148,17360.282169
611.0,92,17361.235988
252.0,39,17361.642313
249.0,39,17362.05625
739.0,127,17363.394418
1347.0,182,17365.247767
253.0,35,17365.601629
249.0,39,17365.991468
1329.0,159,17367.627201
1919.0,247,17370.234629
253.0,35,17370.605077
249.0,39,17371.010109
1346.0,196,17373.053776
605.0,71,17373.79111
253.0,35,17374.161787
236.0,40,17374.578206
1682.0,208,17376.829655
604.0,72,17377.578938
250.0,35,17377.941199
601.0,91,17378.885431
1439.0,191,17380.888576
1343.0,179,17382.763497
609.0,84,17383.625041
2845.0,1661,17400.583603
252.0,40,17400.995566
1156.0,171,17402.790707
1435.0,185,17408.405143
239.0,81,17409.235379
1325.0,316,17412.472814
1350.0,183,17414.369655
1349.0,173,17416.204753
605.0,81,17417.034158
733.0,105,17418.13374
609.0,90,17419.069114
241.0,43,17419.501489
635.0,97,17420.513692
1345.0,214,17422.721008
1347.0,175,17424.503586
1687.0,241,17427.024061
1350.0,180,17428.920061
1921.0,256,17431.604804
793.0,163,17433.297729
1346.0,179,17435.202708
252.0,41,17435.616392
1349.0,195,17437.627323
615.0,87,17438.505632
1693.0,203,17440.617336
732.0,114,17441.795398
1843.0,282,17444.778767
1350.0,180,17446.688037
2255.0,937,17456.301972
1577.0,253,17458.922112
1349.0,181,17460.829396
1058.0,141,17462.257514
603.0,78,17463.063907
250.0,41,17463.479723
1348.0,186,17465.401566
1347.0,181,17467.271418
1351.0,180,17469.160484
612.0,115,17470.335933
1423.0,192,17472.34404
1657.0,465,17477.204346
734.0,106,17478.310835
227.0,50,17478.835009
1330.0,187,17480.794594
1344.0,188,17482.773258
244.0,75,17483.554346
1579.0,231,17486.000026
1696.0,231,17488.446157
770.0,164,17490.173889
1326.0,179,17492.022867
1346.0,204,17494.159089
1696.0,254,17496.855946
607.0,78,17497.675552
250.0,40,17498.089109
1045.0,148,17499.637957
250.0,41,17500.070309
1347.0,173,17501.88522
1047.0,142,17503.365133
251.0,40,17503.77086
1678.0,237,17506.241636
1346.0,182,17508.118716
1351.0,162,17509.829084
606.0,99,17510.841646
1584.0,189,17512.83843
253.0,35,17513.192157
1345.0,176,17515.016079
250.0,41,17515.434605
252.0,47,17515.906557
733.0,108,17517.020422
734.0,107,17518.123762
1586.0,199,17520.182554
250.0,39,17520.58429
1691.0,214,17522.797065
1068.0,160,17524.447394
1680.0,237,17526.921604
253.0,35,17527.276732
253.0,35,17527.637431
1064.0,181,17529.477879
1346.0,184,17531.383906
607.0,71,17532.116776
230.0,49,17532.619313
1346.0,176,17534.440569
250.0,41,17534.863447
605.0,86,17535.774045
602.0,83,17536.654641
605.0,74,17537.43578
605.0,85,17538.32468
1690.0,231,17540.710897
242.0,43,17541.152456
1699.0,230,17543.553112
2255.0,974,17553.704919
1680.0,231,17556.104218
1060.0,201,17558.179125
1328.0,179,17560.056185
608.0,74,17560.821267
252.0,40,17561.231321
251.0,39,17561.630438
251.0,37,17562.006204
1432.0,194,17564.016957
250.0,38,17564.405878
250.0,39,17564.810251
252.0,39,17565.218244
1698.0,221,17567.538231
605.0,81,17568.365916
606.0,75,17569.122668
251.0,37,17569.491393
252.0,37,17569.859501
603.0,75,17570.619276
605.0,79,17571.437518
1893.0,471,17576.367962
1583.0,207,17578.557623
1701.0,219,17580.877778
605.0,80,17581.707127
732.0,110,17582.851597
605.0,73,17583.602568
604.0,73,17584.352202
248.0,39,17584.745215
251.0,46,17585.206791
1344.0,198,17587.240574
1921.0,251,17589.86565
248.0,39,17590.261353
606.0,80,17591.083361
606.0,80,17591.911049
1585.0,199,17593.993588
603.0,80,17594.836198
252.0,37,17595.221088
252.0,37,17595.608745
1682.0,238,17598.122006
1910.0,246,17600.711331
1921.0,253,17603.333705
603.0,95,17604.3195
253.0,38,17604.698825
1043.0,184,17606.568011
602.0,133,17607.941066
1693.0,222,17610.30181
604.0,74,17611.060343
251.0,39,17611.456088
1674.0,212,17613.6962
735.0,97,17614.675444
605.0,75,17615.443146
607.0,72,17616.185191
606.0,78,17616.986988
1433.0,205,17619.089017
1044.0,141,17620.563068
705.0,277,17623.428823
1429.0,179,17625.264228
250.0,41,17625.67313
636.0,90,17626.614892
252.0,38,17627.003772
2249.0,986,17637.06929
1580.0,213,17639.32952
247.0,45,17639.79709
1588.0,183,17641.737973
1584.0,194,17643.782873
607.0,91,17644.716438
634.0,98,17645.734927
1437.0,183,17647.631813
734.0,104,17648.711211
1349.0,168,17650.465411
1687.0,231,17652.905056
250.0,38,17653.304449
1046.0,159,17654.968157
1436.0,182,17656.873277
2699.0,2406,17681.602392
252.0,43,17682.036834
1426.0,246,17684.621186
252.0,37,17685.005736
250.0,37,17685.392748
2333.0,515,17690.772015
1437.0,192,17692.786227
951.0,798,17701.053774
251.0,37,17701.433949
1920.0,270,17704.219157
1435.0,194,17706.26301
602.0,93,17707.204628
249.0,38,17707.588394
1347.0,178,17709.411013
252.0,37,17709.781855
1348.0,172,17711.54953
1435.0,186,17713.495945
251.0,37,17713.862831
731.0,110,17714.989712
2314.0,601,17721.241213
1848.0,230,17723.665194
2356.0,337,17727.195825
1689.0,217,17729.482756
1858.0,265,17732.266929
1667.0,220,17734.608922
1578.0,237,17737.088856
250.0,40,17737.502901
602.0,123,17738.789168
612.0,92,17739.750472
1701.0,206,17741.906939
633.0,96,17742.90259
251.0,37,17743.2879
619.0,81,17744.129675
606.0,73,17744.89068
612.0,91,17745.849909
252.0,37,17746.232686
1845.0,255,17748.984536
1345.0,193,17750.982589
1345.0,178,17752.855686
1440.0,175,17754.693074
1855.0,264,17757.419718
1328.0,185,17759.331055
1429.0,214,17761.617676
1665.0,258,17764.295566
1343.0,181,17766.159322
234.0,51,17766.67482
1583.0,200,17768.736407
732.0,112,17769.881006
1697.0,218,17772.156342
1574.0,247,17774.717752
1585.0,185,17776.639055
248.0,42,17777.079748
1047.0,154,17778.672437
241.0,44,17779.110548
619.0,106,17780.185633
608.0,98,17781.182632
251.0,40,17781.59408
253.0,39,17781.988769
1440.0,177,17783.842137
1683.0,241,17786.391179
1917.0,246,17788.998951
1842.0,340,17792.589321
1582.0,217,17794.851049
1325.0,191,17796.855669
2337.0,447,17801.541658
733.0,110,17802.689837
252.0,39,17803.091394
239.0,44,17803.534325
251.0,38,17803.932526
1679.0,223,17806.257497
241.0,44,17806.704938
613.0,99,17807.732819
1473.0,807,17816.066129
1329.0,175,17817.876634
1584.0,205,17819.99367
610.0,121,17821.223842
235.0,52,17821.750293
239.0,60,17822.355603
251.0,37,17822.729204
1341.0,201,17824.809021
1585.0,210,17826.979198
250.0,37,17827.361387
2352.0,375,17831.281493
629.0,128,17832.618767
252.0,39,17833.013779
1584.0,201,17835.090512
253.0,37,17835.461294
1329.0,155,17837.084981
241.0,44,17837.534265
234.0,115,17838.701988
611.0,89,17839.611476
1334.0,162,17841.302099
636.0,102,17842.3387
1581.0,209,17844.483651
249.0,42,17844.912406
252.0,39,17845.31138
247.0,42,17845.736812
1045.0,153,17847.30548
1327.0,169,17849.04416
1329.0,193,17851.072579
251.0,37,17851.447158
1438.0,173,17853.234035
764.0,145,17854.747966
235.0,54,17855.298905
1348.0,180,17857.20176
648.0,94,17858.194128
237.0,50,17858.704102
1324.0,208,17860.885596
252.0,37,17861.269346
1350.0,173,17863.097446
1435.0,205,17865.245706
245.0,40,17865.655369
239.0,52,17866.194023
1437.0,176,17868.039283
604.0,86,17868.934326
1317.0,322,17872.268517
252.0,35,17872.632489
249.0,34,17872.981606
1586.0,196,17875.022038
251.0,36,17875.39089
244.0,40,17875.804747
606.0,83,17876.662491
1580.0,216,17878.899789
253.0,36,17879.258364
1144.0,182,17881.131651
1438.0,174,17882.954747
252.0,37,17883.32091
816.0,162,17884.965674
606.0,71,17885.68878
605.0,74,17886.434325
238.0,44,17886.872661
253.0,38,17887.258003
1317.0,224,17889.582087
1841.0,283,17892.524004
607.0,75,17893.280456
1585.0,183,17895.15556
252.0,37,17895.53049
1341.0,171,17897.309512
606.0,75,17898.077846
1582.0,204,17900.226537
619.0,103,17901.306356
605.0,76,17902.095212
1162.0,155,17903.71879
253.0,40,17904.135278
1346.0,172,17905.942765
2296.0,729,17913.447833
605.0,93,17914.39206
1584.0,204,17916.502068
253.0,37,17916.900202
253.0,37,17917.279953
1346.0,186,17919.212324
1437.0,179,17921.080025
249.0,46,17921.549085
1583.0,189,17923.512066
1429.0,211,17925.665952
1644.0,464,17930.366668
1583.0,204,17932.461679
215.0,162,17934.090378
226.0,113,17935.254325
604.0,98,17936.280534
1582.0,203,17938.429768
1925.0,245,17940.973474
2341.0,437,17945.495813
814.0,166,17947.202955
736.0,96,17948.194227
603.0,111,17949.34124
1347.0,171,17951.105889
1328.0,198,17953.13297
1174.0,147,17954.633968
252.0,38,17955.012548
248.0,37,17955.374423
810.0,200,17957.389985
1435.0,179,17959.243342
1325.0,202,17961.367558
609.0,70,17962.079369
1921.0,243,17964.600608
607.0,74,17965.361205
1331.0,189,17967.286432
1439.0,167,17969.018275
251.0,37,17969.390183
250.0,39,17969.786558
252.0,37,17970.159177
1321.0,214,17972.392858
1437.0,177,17974.274559
606.0,80,17975.117456
1921.0,248,17977.774384
1335.0,155,17979.429291
1326.0,200,17981.590221
1049.0,169,17983.351812
1583.0,202,17985.479624
605.0,92,17986.449591
1584.0,183,17988.377099
1585.0,206,17990.482916
641.0,89,17991.406265
1582.0,199,17993.50802
1349.0,165,17995.224968
2272.0,841,18003.960402
608.0,73,18004.713905
608.0,74,18005.465724
1585.0,193,18007.455192
599.0,129,18008.754154
250.0,37,18009.124277
621.0,87,18010.014199
605.0,90,18010.928573
1578.0,229,18013.269404
252.0,39,18013.658885
1288.0,540,18019.221317
1153.0,137,18020.615846
1587.0,174,18022.412518
1057.0,218,18024.632858
1437.0,175,18026.4307
605.0,73,18027.178231
653.0,85,18028.077073
1051.0,126,18029.391038
605.0,88,18030.303713
1342.0,194,18032.36679
1348.0,197,18034.458244
1676.0,220,18036.792261
1582.0,206,18038.938422
731.0,123,18040.209357
1331.0,168,18041.978681
608.0,78,18042.790813
606.0,70,18043.511369
252.0,39,18043.912185
234.0,51,18044.446262
1543.0,434,18048.908616
1586.0,198,18050.975348
249.0,37,18051.360706
605.0,74,18052.119101
1583.0,185,18054.059674
1331.0,175,18055.875208
606.0,73,18056.639951
605.0,74,18057.406662
1327.0,182,18059.313569
252.0,39,18059.70054
604.0,75,18060.458709
1586.0,188,18062.400165
1315.0,272,18065.191381
575.0,264,18067.844113
248.0,44,18068.282159
600.0,102,18069.304421
1192.0,146,18070.786633
1687.0,221,18073.064185
1840.0,375,18076.886399
1583.0,187,18078.802834
249.0,61,18079.40959
1857.0,254,18082.030133
609.0,74,18082.784239
606.0,77,18083.580565
601.0,84,18084.438939
2241.0,1036,18094.960953
609.0,75,18095.724162
1690.0,229,18098.114272
1334.0,182,18100.016192
608.0,77,18100.807384
1584.0,195,18102.832105
249.0,39,18103.238119
605.0,74,18104.00098
1853.0,221,18106.311474
1585.0,199,18108.404923
1331.0,181,18110.311613
608.0,76,18111.104156
1695.0,208,18113.29981
1584.0,190,18115.366027
1582.0,217,18117.714789
1046.0,154,18119.338572
248.0,39,18119.744769
1049.0,137,18121.17818
609.0,83,18122.031892
1698.0,228,18124.439114
1695.0,203,18126.649688
239.0,42,18127.087858
1329.0,196,18129.153179
1675.0,212,18131.380217
1924.0,226,18133.744859
731.0,100,18134.791314
605.0,80,18135.617962
1585.0,190,18137.614583
608.0,72,18138.360703
1671.0,223,18140.699788
1666.0,236,18143.145581
607.0,75,18143.908651
248.0,39,18144.304531
2636.0,399,18148.399285
1703.0,209,18150.553763
599.0,122,18151.797635
1330.0,197,18153.847133
1047.0,227,18156.294602
251.0,41,18156.719957
252.0,41,18157.146174
1584.0,199,18159.281204
1567.0,313,18162.609558
602.0,78,18163.412347
605.0,76,18164.185528
605.0,77,18164.970478
607.0,81,18165.798269
1680.0,208,18168.027063
1327.0,157,18169.655438
610.0,76,18170.432464
1926.0,218,18172.66988
606.0,74,18173.420359
1584.0,194,18175.429901
1576.0,232,18177.816452
735.0,90,18178.758241
1694.0,196,18180.835162
1589.0,174,18182.619989
248.0,41,18183.033871
1064.0,209,18185.137648
1675.0,332,18188.474934
1926.0,251,18191.068416
1917.0,248,18193.71463
605.0,80,18194.530352
606.0,74,18195.28547
600.0,108,18196.360085
2275.0,822,18204.821089
1692.0,220,18207.128446
1581.0,206,18209.299262
251.0,39,18209.702913
1587.0,191,18211.713426
1581.0,220,18214.020981
608.0,75,18214.803022
814.0,176,18216.634962
1578.0,193,18218.663067
1588.0,186,18220.617918
1587.0,191,18222.638765
1310.0,302,18225.765821
735.0,98,18226.77751
1435.0,190,18228.774344
1331.0,154,18230.374472
1692.0,199,18232.488368
815.0,172,18234.2713
1437.0,165,18235.97188
250.0,38,18236.369553
252.0,37,18236.752048
1433.0,187,18238.702456
249.0,38,18239.091236
606.0,73,18239.860554
2387.0,2406,18264.70899
251.0,41,18265.125709
1693.0,211,18267.332482
1060.0,137,18268.769071
1072.0,133,18270.118348
1073.0,132,18271.458875
2323.0,551,18277.155606
1682.0,232,18279.616386
1886.0,316,18282.961278
1073.0,137,18284.364453
1589.0,180,18286.235404
1074.0,136,18287.621256
734.0,93,18288.586044
1851.0,284,18291.50098
248.0,39,18291.902909
607.0,72,18292.656268
1070.0,149,18294.218809
592.0,153,18295.803429
608.0,82,18296.652071
1851.0,216,18298.958136
1060.0,133,18300.353538
1069.0,151,18301.903038
1920.0,259,18304.591601
1582.0,211,18306.780404
632.0,85,18307.655836
1695.0,218,18309.962081
736.0,93,18310.939553
1049.0,137,18312.34577
1435.0,189,18314.364172
596.0,129,18315.719596
1076.0,132,18317.084208
608.0,73,18317.842359
604.0,90,18318.768222
611.0,85,18319.642942
605.0,79,18320.462
608.0,76,18321.244595
1060.0,137,18322.663416
1420.0,193,18324.678201
1317.0,219,18326.938011
1331.0,177,18328.779372
606.0,79,18329.60807
1326.0,191,18331.593684
1582.0,199,18333.646503
1684.0,218,18335.916156
593.0,140,18337.331171
1277.0,464,18342.056863
1340.0,192,18344.058142
607.0,79,18344.872111
628.0,100,18345.925282
238.0,48,18346.418185
739.0,629,18352.848933
1069.0,156,18354.4729
1071.0,167,18356.200616
1074.0,142,18357.670282
1076.0,135,18359.075486
590.0,166,18360.814292
1037.0,209,18362.977335
595.0,152,18364.532494
251.0,39,18364.936314
248.0,39,18365.33566
609.0,78,18366.146785
608.0,80,18366.983543
602.0,86,18367.878196
1331.0,180,18369.763742
1038.0,265,18372.500965
1061.0,132,18373.85574
1071.0,162,18375.516774
1344.0,185,18377.405595
1069.0,150,18378.932409
606.0,84,18379.789664
607.0,84,18380.658712
1071.0,150,18382.211262
1046.0,158,18383.824664
628.0,86,18384.72042
1152.0,148,18386.276051
590.0,180,18388.122693
605.0,72,18388.868732
251.0,37,18389.242147
606.0,79,18390.053418
247.0,49,18390.551844
1062.0,129,18391.879311
2351.0,364,18395.736632
615.0,140,18397.187753
625.0,109,18398.328975
1054.0,242,18400.831668
1052.0,180,18402.717313
1048.0,153,18404.310038
1348.0,170,18406.094438
1057.0,155,18407.6943
1072.0,149,18409.246805
1320.0,286,18412.200409
1063.0,125,18413.497811
1074.0,137,18414.917525
606.0,82,18415.755572
247.0,61,18416.377154
610.0,75,18417.16866
606.0,78,18417.986369
607.0,83,18418.857699
1070.0,143,18420.352998
732.0,114,18421.552315
733.0,93,18422.501946
1331.0,163,18424.201854
604.0,80,18425.038385
609.0,71,18425.779264
1047.0,151,18427.35818
623.0,114,18428.537756
1060.0,138,18429.943399
1689.0,209,18432.175471
235.0,74,18432.940053
252.0,42,18433.381238
731.0,90,18434.328485
1691.0,231,18436.701764
1918.0,260,18439.398276
606.0,79,18440.243026
250.0,38,18440.631831
721.0,165,18442.31068
2352.0,359,18445.969562
1053.0,168,18447.665429
1921.0,252,18450.225492
1920.0,260,18452.890273
608.0,75,18453.651579
248.0,39,18454.041322
1317.0,216,18456.259629
1859.0,234,18458.723363
1073.0,128,18460.033199
1346.0,164,18461.735227
1074.0,121,18462.961298
1350.0,165,18464.674467
1420.0,186,18466.616109
1069.0,156,18468.246235
252.0,37,18468.630375
1077.0,134,18470.028821
1349.0,156,18471.667999
1863.0,222,18473.992053
1066.0,164,18475.671335
1044.0,158,18477.309816
606.0,73,18478.063715
1076.0,133,18479.427266
600.0,118,18480.619637
607.0,74,18481.366348
1696.0,201,18483.45662
607.0,74,18484.211663
1077.0,143,18485.712479
1070.0,139,18487.18435
1076.0,136,18488.622012
1073.0,142,18490.101332
1689.0,215,18492.360981
1048.0,145,18493.881822
607.0,78,18494.692163
605.0,80,18495.519811
1684.0,207,18497.696526
1071.0,146,18499.227371
1043.0,175,18501.057034
1077.0,137,18502.482409
1050.0,136,18503.88778
1051.0,137,18505.312201
2024.0,311,18508.583266
607.0,75,18509.350817
1851.0,251,18511.980194
1860.0,256,18514.66989
2024.0,308,18517.928706
1050.0,144,18519.420993
1048.0,147,18520.944612
606.0,85,18521.818718
698.0,201,18523.874073
606.0,75,18524.639681
1931.0,2406,18549.650858
1856.0,248,18552.277519
1675.0,220,18554.60701
610.0,75,18555.38276
1849.0,248,18557.951563
2355.0,350,18561.564702
600.0,110,18562.692819
1039.0,185,18564.557203
1348.0,168,18566.258771
770.0,137,18567.690174
607.0,82,18568.54228
609.0,75,18569.30827
606.0,74,18570.06423
249.0,54,18570.61299
1687.0,223,18572.984741
609.0,74,18573.724545
609.0,74,18574.474902
1334.0,165,18576.166666
1294.0,394,18580.207592
603.0,73,18580.956558
2278.0,805,18589.174596
1076.0,134,18590.531467
609.0,75,18591.31535
249.0,33,18591.680882
1692.0,209,18593.876883
1050.0,136,18595.256361
2278.0,810,18603.608418
1074.0,162,18605.266596
606.0,76,18606.047077
1345.0,157,18607.676567
1690.0,213,18609.898385
608.0,75,18610.664577
1327.0,157,18612.285928
1585.0,199,18614.341631
1332.0,179,18616.190937
1681.0,222,18618.482774
608.0,76,18619.258003
1336.0,153,18620.863901
1687.0,244,18623.47185
723.0,151,18625.050109
1348.0,160,18626.696397
1075.0,126,18627.964318
1346.0,169,18629.706974
736.0,87,18630.606771
607.0,77,18631.387089
1074.0,151,18632.975442
1050.0,140,18634.432946
1047.0,129,18635.781595
813.0,183,18637.717939
1340.0,163,18639.437141
1703.0,204,18641.566964
1046.0,158,18643.194944
1317.0,251,18645.783622
1341.0,157,18647.394945
605.0,72,18648.136631
1055.0,171,18649.919351
605.0,73,18650.655809
733.0,104,18651.733415
1587.0,187,18653.659844
607.0,72,18654.388803
607.0,72,18655.127642
1348.0,157,18656.783693
1331.0,163,18658.468988
1848.0,226,18660.771764
607.0,75,18661.524646
1058.0,144,18663.047685
609.0,75,18663.829229
609.0,75,18664.613597
607.0,72,18665.366271
1327.0,166,18667.106498
1047.0,148,18668.627079
1864.0,224,18671.003554
605.0,73,18671.767386
1050.0,136,18673.177896
746.0,142,18674.634168
1330.0,176,18676.458384
609.0,71,18677.187901
1060.0,140,18678.627792
1858.0,246,18681.22117
1072.0,129,18682.554117
1927.0,229,18684.931413
1047.0,138,18686.360956
611.0,71,18687.093551
1692.0,212,18689.271952
1076.0,140,18690.690959
1050.0,142,18692.137592
1079.0,130,18693.482573
606.0,73,18694.229364
1074.0,132,18695.572039
1061.0,134,18696.944854
1073.0,136,18698.319065
606.0,70,18699.026879
1051.0,130,18700.35998
1052.0,126,18701.643364
1071.0,138,18703.076787
1063.0,124,18704.347162
608.0,73,18705.092978
755.0,126,18706.384633
1045.0,151,18707.921505
604.0,70,18708.631732
1049.0,132,18709.977729
1050.0,137,18711.386544
609.0,76,18712.156596
252.0,37,18712.527056
2327.0,513,18717.759552
1077.0,136,18719.158719
1924.0,231,18721.586009
1061.0,136,18722.97649
251.0,34,18723.323047
1076.0,132,18724.698604
1049.0,138,18726.106777
1334.0,164,18727.816735
1926.0,227,18730.200576
1151.0,150,18731.744658
1072.0,157,18733.359973
606.0,71,18734.096925
608.0,73,18734.849861
1063.0,124,18736.149613
817.0,160,18737.802399
1685.0,220,18740.103502
1076.0,140,18741.531
1332.0,175,18743.335839
609.0,71,18744.05564
605.0,72,18744.791317
1025.0,287,18747.699129
1331.0,159,18749.348779
1584.0,187,18751.305348
609.0,74,18752.080266
608.0,74,18752.859338
1073.0,143,18754.374584
608.0,74,18755.148395
1060.0,136,18756.585333
605.0,74,18757.361806
1865.0,220,18759.681611
1049.0,141,18761.16341
1896.0,395,18765.246621
736.0,84,18766.117365
608.0,73,18766.870904
252.0,36,18767.235772
605.0,74,18767.978934
1336.0,205,18770.094508
1929.0,238,18772.595489
609.0,74,18773.342039
1146.0,176,18775.16757
1679.0,234,18777.577859
1924.0,234,18780.007524
1843.0,224,18782.36903
1071.0,134,18783.777691
1062.0,132,18785.15148
1042.0,188,18787.118624
737.0,88,18788.038748
1062.0,122,18789.306658
1860.0,223,18791.685494
787.0,117,18792.880019
1312.0,289,18795.804303
1062.0,121,18797.039654
606.0,73,18797.778672
734.0,99,18798.794036
1060.0,138,18800.195366
1062.0,124,18801.492394
606.0,81,18802.330376
1076.0,137,18803.735692
1846.0,241,18806.269259
1050.0,123,18807.555024
1692.0,201,18809.658475
1060.0,121,18810.896955
1056.0,166,18812.620527
1057.0,151,18814.18869
2351.0,382,18818.161379
761.0,127,18819.479181
1332.0,166,18821.19605
1857.0,238,18823.647378
1703.0,207,18825.772272
1072.0,141,18827.217016
1062.0,123,18828.491433
609.0,74,18829.243029
1336.0,155,18830.836933
1057.0,154,18832.436091
2291.0,724,18839.843517
607.0,75,18840.627414
603.0,72,18841.373365
1847.0,239,18843.920171
2328.0,502,18849.134447
605.0,75,18849.926523
1690.0,213,18852.189114
1074.0,129,18853.539726
607.0,73,18854.288453
1075.0,144,18855.756895
1689.0,229,18858.081874
607.0,73,18858.810657
1059.0,140,18860.210991
609.0,73,18860.940896
1053.0,122,18862.171806
1693.0,208,18864.321369
1077.0,132,18865.674196
1156.0,136,18867.079869
1073.0,134,18868.478418
609.0,72,18869.231473
606.0,72,18869.983338
1345.0,161,18871.657668
605.0,72,18872.409734
638.0,92,18873.375568
1149.0,163,18875.081938
606.0,73,18875.820758
1847.0,221,18878.133093
608.0,73,18878.892101
610.0,73,18879.64877
1063.0,122,18880.89991
637.0,89,18881.800753
1049.0,148,18883.378925
1061.0,127,18884.723877
607.0,73,18885.490868
1864.0,231,18887.956725
1585.0,176,18889.802938
1048.0,147,18891.350132
1342.0,156,18893.000417
1584.0,184,18894.896302
1152.0,150,18896.444555
1049.0,144,18897.926101
1060.0,134,18899.288003
1050.0,139,18900.737712
1049.0,126,18902.054902
1062.0,125,18903.356522
1062.0,122,18904.617553
1330.0,180,18906.478406
1049.0,137,18907.881463
1075.0,142,18909.359072
1349.0,159,18911.004562
1318.0,323,18914.356608
1589.0,174,18916.200301
606.0,71,18916.919441
1152.0,134,18918.30416
735.0,88,18919.206638
605.0,72,18919.940781
1050.0,133,18921.302444
1048.0,154,18922.893468
1049.0,151,18924.465869
1324.0,193,18926.498012
1701.0,207,18928.700731
607.0,73,18929.462492
1059.0,131,18930.815754
735.0,88,18931.730735
1052.0,127,18933.048846
607.0,71,18933.788904
1344.0,190,18935.775776
1071.0,135,18937.18994
1584.0,197,18939.256929
1336.0,176,18941.058234
608.0,74,18941.829916
609.0,71,18942.551273
1327.0,178,18944.364452
1055.0,124,18945.638433
1842.0,235,18948.080859
607.0,73,18948.832763
735.0,89,18949.757879
608.0,73,18950.526578
1690.0,196,18952.591141
1352.0,164,18954.306611
1333.0,151,18955.867172
1332.0,154,18957.473311
1864.0,239,18959.987993
1330.0,164,18961.7376
735.0,88,18962.669487
603.0,72,18963.423846
1583.0,195,18965.479591
1924.0,228,18967.926923
1857.0,244,18970.520242
1705.0,189,18972.528814
1924.0,227,18974.932801
1153.0,151,18976.51476
1681.0,212,18978.738682
1289.0,427,18983.142845
735.0,88,18984.050128
1152.0,136,18985.453789
1855.0,246,18987.993337
1051.0,131,18989.332466
1855.0,217,18991.603448
1686.0,231,18993.974985
2359.0,341,18997.517503
1582.0,211,18999.69514
605.0,72,19000.438635
1072.0,147,19001.94852
1860.0,219,19004.248842
1075.0,133,19005.592906
1692.0,208,19007.759479
1049.0,139,19009.2124
604.0,75,19009.997497
1154.0,148,19011.550004
1151.0,152,19013.173112
609.0,75,19013.956381
1860.0,215,19016.245234
607.0,73,19017.012047
608.0,74,19017.800018
609.0,75,19018.590271
1056.0,152,19020.185701
610.0,75,19020.96152
758.0,145,19022.475865
606.0,84,19023.336453
1692.0,237,19025.832268
1153.0,139,19027.290234
1151.0,157,19028.937019
606.0,73,19029.694135
608.0,74,19030.453365
603.0,73,19031.211369
1706.0,196,19033.267879
608.0,74,19034.031808
1153.0,151,19035.599268
1154.0,146,19037.123126
1585.0,185,19039.10346
607.0,73,19039.872114
611.0,73,19040.628289
1154.0,144,19042.136975
1585.0,197,19044.228022
609.0,71,19044.982968
1331.0,165,19046.723111
607.0,74,19047.512524
606.0,73,19048.269078
607.0,74,19049.050718
1344.0,180,19050.96947
1156.0,136,19052.367007
606.0,75,19053.137747
607.0,74,19053.902278
1150.0,153,19055.500089
1152.0,150,19057.077793
1148.0,172,19058.868819
1049.0,134,19060.279804
609.0,73,19061.039398
1674.0,224,19063.360508
1337.0,182,19065.253189
1852.0,228,19067.622965
1051.0,131,19068.959263
606.0,73,19069.697747
1151.0,152,19071.262734
607.0,76,19072.054238
608.0,71,19072.793128
605.0,74,19073.567993
1589.0,171,19075.390377
252.0,36,19075.767574
610.0,74,19076.528068
1077.0,138,19077.967647
1695.0,189,19079.962091
1347.0,159,19081.638336
1572.0,218,19083.932431
733.0,106,19085.024777
735.0,89,19085.957674
604.0,72,19086.711746
1320.0,197,19088.782946
1693.0,220,19091.09001
609.0,74,19091.85003
1431.0,179,19093.757362
1586.0,184,19095.695934
605.0,73,19096.442084
606.0,73,19097.185723
250.0,36,19097.560512
606.0,73,19098.310156
1044.0,173,19100.105053
607.0,71,19100.836263
1587.0,185,19102.792799
1064.0,178,19104.624671
1045.0,153,19106.195723
758.0,126,19107.508044
606.0,73,19108.250917
609.0,74,19109.02227
1587.0,182,19110.954717
1438.0,173,19112.795366
1315.0,202,19114.924555
607.0,73,19115.666875
1074.0,138,19117.081494
1163.0,140,19118.554917
607.0,75,19119.343214
1349.0,168,19121.080312
1047.0,139,19122.504533
1586.0,197,19124.561324
1647.0,224,19126.916704
1585.0,176,19128.742077
252.0,36,19129.105869
609.0,74,19129.875122
1075.0,143,19131.337074
1073.0,134,19132.698863
1941.0,241,19135.241663
1051.0,129,19136.574359
1587.0,180,19138.459741
607.0,74,19139.208818
1581.0,219,19141.467519
1075.0,141,19142.903076
608.0,73,19143.643811
1077.0,143,19145.120134
1864.0,220,19147.453618
1049.0,133,19148.838058
1689.0,222,19151.188627
2172.0,1462,19166.105203
1153.0,150,19167.643607
1587.0,187,19169.577981
607.0,73,19170.350625
605.0,72,19171.102973
1588.0,182,19173.029012
2142.0,1643,19189.909734
609.0,73,19190.667188
1073.0,144,19192.161143
606.0,76,19192.948227
1048.0,134,19194.350655
2356.0,332,19197.879592
1329.0,167,19199.613731
1046.0,137,19201.038702
1077.0,139,19202.467509
1923.0,238,19204.975266
1329.0,179,19206.843975
1326.0,168,19208.578887
609.0,74,19209.339987
1582.0,193,19211.381965
1696.0,198,19213.477966
1048.0,146,19215.014523
608.0,73,19215.77079
638.0,90,19216.712988
609.0,71,19217.458529
1061.0,133,19218.84056
251.0,39,19219.242258
1321.0,166,19220.999302
1581.0,178,19222.877383
1051.0,132,19224.227479
607.0,76,19225.013467
1708.0,208,19227.201636
1586.0,183,19229.117186
609.0,74,19229.879191
1931.0,227,19232.266577
639.0,91,19233.195816
1575.0,180,19235.096633
605.0,75,19235.882431
1866.0,236,19238.387889
1327.0,166,19240.135041
1050.0,132,19241.523542
1050.0,134,19242.928856
743.0,117,19244.150232
1582.0,194,19246.162876
1693.0,190,19248.10802
1343.0,194,19250.110363
610.0,76,19250.892134
605.0,75,19251.670089
607.0,74,19252.445973
1581.0,178,19254.334046
1334.0,162,19256.050401
1349.0,157,19257.690477
606.0,74,19258.464752
608.0,74,19259.241647
608.0,76,19260.042479
1326.0,154,19261.675373
607.0,74,19262.451359
607.0,70,19263.175365
605.0,73,19263.927072
607.0,74,19264.694003
1048.0,145,19266.208322
608.0,74,19266.982653
610.0,71,19267.723294
609.0,71,19268.455398
609.0,71,19269.191108
607.0,70,19269.921979
1079.0,129,19271.270324
1048.0,135,19272.691353
1162.0,139,19274.115028
2362.0,353,19277.796614
1348.0,173,19279.565364
1324.0,169,19281.326988
1076.0,130,19282.671465
1051.0,136,19284.090387
607.0,72,19284.830707
1047.0,140,19286.287821
1349.0,153,19287.914889
1438.0,179,19289.797222
607.0,75,19290.581456
1077.0,137,19292.022629
1349.0,164,19293.747808
604.0,79,19294.556529
609.0,72,19295.30917
617.0,86,19296.209756
2332.0,505,19301.475841
1325.0,164,19303.213881
812.0,190,19305.196659
1327.0,153,19306.809289
608.0,71,19307.545637
606.0,71,19308.277767
1076.0,127,19309.598391
1329.0,164,19311.321941
1075.0,143,19312.80703
1327.0,162,19314.468794
1058.0,136,19315.857036
1049.0,139,19317.258351
247.0,40,19317.652983
1326.0,170,19319.396531
608.0,75,19320.15737
1047.0,135,19321.5557
1349.0,163,19323.246247
606.0,74,19324.004523
605.0,74,19324.766684
1050.0,143,19326.253629
1060.0,139,19327.688687
1327.0,177,19329.542626
608.0,73,19330.306382
1325.0,170,19332.081527
1059.0,134,19333.480214
617.0,88,19334.402846
606.0,74,19335.173071
1048.0,136,19336.594368
1342.0,174,19338.408229
607.0,76,19339.177309
605.0,72,19339.911962
603.0,73,19340.676626
250.0,37,19341.061857
1152.0,139,19342.523232
610.0,76,19343.310892
1052.0,137,19344.748607
622.0,79,19345.57095
733.0,123,19346.857279
1583.0,202,19348.972658
243.0,43,19349.423643
1349.0,159,19351.079472
1584.0,206,19353.22899
607.0,72,19353.980762
608.0,75,19354.76715
1351.0,178,19356.649033
1333.0,168,19358.37126
605.0,75,19359.128781
605.0,74,19359.878725
605.0,73,19360.612759
1584.0,195,19362.616729
2318.0,565,19368.467343
1076.0,140,19369.917887
610.0,73,19370.672068
2333.0,501,19375.823233
603.0,73,19376.559474
607.0,72,19377.296969
1076.0,140,19378.723865
1352.0,154,19380.287551
1585.0,181,19382.151307
608.0,72,19382.885464
1688.0,206,19385.04123
1348.0,164,19386.760661
252.0,36,19387.133119
1077.0,134,19388.528876
1869.0,227,19390.933225
630.0,84,19391.813209
608.0,74,19392.593436
605.0,73,19393.360942
1049.0,123,19394.654637
1348.0,165,19396.398002
608.0,73,19397.153326
1685.0,221,19399.50102
608.0,73,19400.243891
1074.0,135,19401.655263
1049.0,131,19403.00366
1576.0,201,19405.128206
1076.0,134,19406.513387
606.0,73,19407.251734
1048.0,149,19408.76778
1690.0,222,19411.073219
1925.0,226,19413.485696
608.0,75,19414.255221
606.0,73,19415.02528
606.0,73,19415.786894
606.0,73,19416.547742
605.0,75,19417.331432
607.0,73,19418.085599
619.0,94,19419.059337
606.0,73,19419.817007
1326.0,162,19421.501552
607.0,74,19422.272724
2307.0,634,19428.699546
1685.0,226,19431.03594
610.0,85,19431.924314
1435.0,193,19433.946503
1697.0,206,19436.101423
604.0,73,19436.846129
1589.0,173,19438.680649
1690.0,198,19440.779423
1348.0,167,19442.545941
605.0,73,19443.314583
603.0,73,19444.063331
605.0,72,19444.801477
2354.0,352,19448.484715
1074.0,153,19450.079483
1061.0,131,19451.444514
1058.0,149,19452.972906
1348.0,157,19454.591998
1352.0,152,19456.18223
1580.0,178,19458.043484
1697.0,212,19460.245059
1430.0,215,19462.46881
1442.0,168,19464.197144
1051.0,138,19465.603248
1047.0,146,19467.101722
2337.0,480,19472.040313
607.0,74,19472.785703
607.0,74,19473.53976
1326.0,167,19475.245909
625.0,94,19476.19839
1350.0,161,19477.851038
608.0,72,19478.574872
1694.0,208,19480.726715
1050.0,124,19481.996573
608.0,72,19482.722459
1050.0,127,19490.029454
1328.0,166,19491.726603
1860.0,238,19494.228983
606.0,74,19494.995891
606.0,73,19495.755746
607.0,73,19496.513028
1587.0,188,19498.49477
1350.0,158,19500.142648
608.0,74,19500.913186
605.0,73,19501.685925
608.0,74,19502.466326
1047.0,143,19503.941044
610.0,77,19504.725851
1690.0,209,19506.895534
606.0,76,19507.681574
605.0,74,19508.453752
606.0,74,19509.214096
1697.0,199,19511.28301
606.0,73,19512.034281
1928.0,212,19514.226475
603.0,73,19514.962231
608.0,74,19515.716472
2359.0,336,19519.203334
1700.0,208,19521.409098
1927.0,226,19523.820021
608.0,73,19524.592628
2349.0,383,19528.598989
604.0,74,19529.373003
1690.0,197,19531.459002
1585.0,176,19533.289685
608.0,74,19534.052176
252.0,37,19534.426628
607.0,75,19535.188139
649.0,86,19536.077355
1061.0,126,19537.39776
2348.0,400,19541.559945
1857.0,228,19543.969863
1583.0,195,19546.075387
605.0,73,19546.831479
1066.0,183,19548.738098
1444.0,1037,19559.478443
605.0,75,19560.268089
1075.0,128,19561.594594
1439.0,180,19563.494308
607.0,74,19564.271428
608.0,74,19565.041833
1071.0,140,19566.513735
608.0,74,19567.288046
605.0,74,19568.043213
2353.0,351,19571.759908
1052.0,138,19573.193114
1587.0,174,19575.011484
1438.0,174,19576.847694
608.0,74,19577.611945
635.0,88,19578.532737
1050.0,136,19579.956934
608.0,74,19580.731348
610.0,75,19581.490515
1325.0,178,19583.324473
609.0,74,19584.074583
1058.0,148,19585.58618
609.0,73,19586.326925
609.0,80,19587.144038
607.0,74,19587.886686
1562.0,215,19590.08473
1684.0,214,19592.265738
608.0,74,19593.04415
250.0,39,19593.440197
1051.0,148,19594.968668
606.0,73,19595.705566
1696.0,212,19597.895916
1057.0,152,19599.442337
608.0,74,19600.186631
608.0,74,19600.950602
1670.0,207,19603.115855
609.0,75,19603.886944
1925.0,214,19606.121573
609.0,74,19606.871094
246.0,40,19607.28245
1332.0,154,19608.893051
2348.0,408,19613.088324
1563.0,190,19615.06508
1929.0,223,19617.387441
608.0,75,19618.160649
1697.0,204,19620.256466
606.0,74,19621.009373
1050.0,126,19622.327635
817.0,158,19623.950113
1588.0,176,19625.765659
1053.0,128,19627.093521
1160.0,158,19628.760235
608.0,74,19629.513652
1916.0,271,19632.38844
606.0,74,19633.162695
606.0,74,19633.938477
609.0,77,19634.73935
1075.0,149,19636.299909
1587.0,176,19638.150294
1050.0,123,19639.425591
609.0,73,19640.184112
1329.0,166,19641.920355
606.0,74,19642.69235
608.0,74,19643.460461
615.0,86,19644.357598
605.0,73,19645.117912
1924.0,237,19647.622486
608.0,74,19648.390539
605.0,76,19649.17138
603.0,74,19649.934611
1049.0,140,19651.372843
1052.0,126,19652.695565
2356.0,336,19656.312317
1924.0,239,19658.804916
603.0,73,19659.54115
607.0,74,19660.307301
604.0,73,19661.06443
605.0,73,19661.817652
608.0,86,19662.690518
607.0,74,19663.464038
2626.0,453,19668.17468
1587.0,175,19670.023965
1052.0,124,19671.318831
1583.0,198,19673.377278
605.0,73,19674.137711
1051.0,125,19675.452724
1046.0,145,19676.93548
606.0,74,19677.68657
1053.0,184,19679.602511
606.0,73,19680.359374
605.0,74,19681.116482
605.0,74,19681.875005
608.0,74,19682.63485
1078.0,130,19683.998778
605.0,73,19684.752428
1585.0,196,19686.795581
1698.0,209,19688.978382
2366.0,301,19692.083349
607.0,74,19692.833234
1331.0,178,19694.66995
1052.0,124,19695.94961
1581.0,207,19698.112898
1008.0,394,19702.195479
1051.0,137,19703.637451
1704.0,205,19705.741372
605.0,73,19706.47515
2358.0,321,19709.85796
607.0,72,19710.612828
1332.0,159,19712.280546
1075.0,144,19713.788484
1074.0,149,19715.335288
1075.0,135,19716.741068
1046.0,162,19718.436797
607.0,73,19719.209467
604.0,73,19719.969635
1351.0,196,19722.063103
2947.0,1048,19733.034702
606.0,74,19733.811923
605.0,73,19734.577921
1334.0,159,19736.248621
1869.0,204,19738.377489
605.0,72,19739.121462
604.0,72,19739.864692
2362.0,310,19743.132882
608.0,73,19743.896876
606.0,74,19744.666405
1078.0,132,19746.045013
2359.0,314,19749.386898
2339.0,450,19754.097879
604.0,73,19754.850719
609.0,77,19755.654912
1709.0,207,19757.848399
1047.0,150,19759.407191
606.0,74,19760.162121
607.0,74,19760.917194
1697.0,209,19763.123676
1848.0,229,19765.540453
1569.0,188,19767.507643
1584.0,175,19769.345637
1588.0,176,19771.187342
1072.0,137,19772.590999
609.0,73,19773.342482
608.0,73,19774.08373
1588.0,175,19775.875238
1046.0,147,19777.380963
1695.0,198,19779.45704
250.0,36,19779.840858
1678.0,210,19782.03799
2643.0,332,19785.480816
607.0,72,19786.210069
607.0,73,19786.965811
1075.0,122,19788.236762
606.0,73,19788.99336
1589.0,174,19790.82615
735.0,87,19791.741446
1584.0,176,19793.589329
605.0,73,19794.34741
605.0,73,19795.10123
604.0,73,19795.831655
604.0,73,19796.574377
1866.0,203,19798.677182
1699.0,198,19800.721995
1701.0,206,19802.885693
604.0,74,19803.663759
1049.0,133,19805.051377
2904.0,1303,19818.618873
1562.0,192,19820.579835
2361.0,302,19823.708915
640.0,94,19824.678518
607.0,74,19825.422746
604.0,73,19826.154914
637.0,89,19827.068243
1167.0,131,19828.407726
1588.0,176,19830.220811
2352.0,360,19833.943486
607.0,74,19834.706339
2628.0,442,19839.35316
1335.0,165,19841.038277
1072.0,137,19842.418359
607.0,74,19843.166588
1586.0,176,19844.989895
1048.0,148,19846.521183
1074.0,134,19847.910549
1686.0,231,19850.347575
607.0,85,19851.226038
1350.0,151,19852.821803
609.0,76,19853.605795
604.0,73,19854.364769
607.0,75,19855.124022
606.0,73,19855.85276
611.0,74,19856.598153
1012.0,346,19860.138633
607.0,74,19860.903184
2361.0,309,19864.153578
1166.0,133,19865.486709
608.0,74,19866.232162
608.0,74,19866.975759
604.0,73,19867.716319
626.0,85,19868.590929
1331.0,152,19870.155089
1585.0,183,19872.03562
603.0,73,19872.78226
1330.0,164,19874.502796
736.0,89,19875.430717
604.0,73,19876.192849
1330.0,173,19878.00944
735.0,88,19878.920695
608.0,73,19879.689345
636.0,104,19880.766011
608.0,74,19881.508025
607.0,75,19882.269516
1698.0,197,19884.319689
625.0,82,19885.155996
606.0,74,19885.895833
1333.0,150,19887.435227
608.0,74,19888.193781
1051.0,132,19889.558981
1050.0,134,19890.928718
608.0,74,19891.678024
607.0,73,19892.420902
1048.0,137,19893.820442
607.0,75,19894.586299
1061.0,123,19895.848738
608.0,74,19896.598084
1336.0,155,19898.171361
608.0,74,19898.929038
604.0,73,19899.677171
609.0,74,19900.440504
604.0,71,19901.166058
607.0,72,19901.908469
2359.0,318,19905.238963
1049.0,139,19906.699759
607.0,74,19907.458751
1332.0,168,19909.207546
1585.0,186,19911.160074
604.0,74,19911.920267
605.0,73,19912.669891
1566.0,196,19914.710639
608.0,80,19915.528781
605.0,73,19916.292362
604.0,79,19917.101079
1584.0,188,19919.034404
252.0,35,19919.383538
1047.0,145,19920.857886
637.0,96,19921.851583
628.0,87,19922.746811
1050.0,138,19924.175405
1699.0,210,19926.370987
605.0,73,19927.119478
1047.0,162,19928.789434
1580.0,191,19930.804354
1048.0,138,19932.237342
638.0,92,19933.197477
617.0,123,19934.476385
1048.0,156,19936.090405
1333.0,151,19937.654735
1333.0,166,19939.36167
609.0,73,19940.097427
1702.0,216,19942.300096
1669.0,224,19944.641923
603.0,75,19945.406068
607.0,72,19946.149606
608.0,75,19946.92693
1696.0,207,19949.109378
630.0,94,19950.08226
1700.0,231,19952.52073
604.0,73,19953.283347
606.0,72,19954.033764
608.0,74,19954.798112
1049.0,145,19956.285412
1690.0,256,19958.934654
609.0,75,19959.69687
628.0,107,19960.78876
607.0,73,19961.52231
1050.0,133,19962.85431
607.0,73,19963.593081
607.0,73,19964.333998
608.0,74,19965.084315
1050.0,145,19966.555492
609.0,91,19967.481976
1046.0,151,19969.016237
1425.0,178,19970.858858
605.0,75,19971.633333
607.0,79,19972.458722
608.0,74,19973.224904
607.0,73,19973.981789
1864.0,219,19976.307574
605.0,72,19977.0717
608.0,73,19977.834848
605.0,73,19978.597243
608.0,76,19979.379173
615.0,103,19980.442136
1333.0,152,19982.022313
2349.0,384,19986.059812
607.0,74,19986.841932
607.0,73,19987.602749
605.0,73,19988.359794
1568.0,213,19990.62297
610.0,74,19991.392353
1074.0,135,19992.801901
607.0,73,19993.558892
2353.0,348,19997.229378
1575.0,203,19999.462385
607.0,73,20000.224245
608.0,74,20001.002099
1331.0,173,20002.819184
2333.0,471,20007.754548
606.0,75,20008.533024
1336.0,154,20010.166148
609.0,74,20010.93129
1584.0,194,20012.982847
1695.0,203,20015.126148
1578.0,179,20017.012122
607.0,71,20017.747557
609.0,71,20018.480843
611.0,73,20019.23893
607.0,71,20019.968419
609.0,70,20020.676964
1705.0,199,20022.730908
629.0,94,20023.689728
607.0,73,20024.429783
1050.0,125,20025.715422
1930.0,231,20028.137587
608.0,73,20028.891344
604.0,73,20029.630322
606.0,73,20030.380544
1862.0,209,20032.560004
1692.0,193,20034.577086
1048.0,140,20036.018096
606.0,73,20036.775094
1857.0,204,20038.901615
605.0,75,20039.672208
1693.0,207,20041.823085
607.0,73,20042.563755
605.0,74,20043.319258
638.0,95,20044.307935
1077.0,133,20045.700436
1693.0,220,20048.027561
1574.0,198,20050.108173
607.0,73,20050.869376
608.0,74,20051.646932
1691.0,214,20053.909299
1865.0,222,20056.271189
1707.0,195,20058.336475
607.0,77,20059.14002
608.0,92,20060.104847
1579.0,189,20062.077232
1050.0,136,20063.525028
1079.0,132,20064.916941
1861.0,230,20067.338947
1695.0,203,20069.437865
611.0,75,20070.204486
2122.0,1736,20088.19113
608.0,75,20088.973656
607.0,75,20089.754449
606.0,74,20090.522923
1350.0,157,20092.160018
1049.0,142,20093.610693
608.0,73,20094.371458
1077.0,138,20095.811626
1350.0,158,20097.45179
609.0,75,20098.228475
608.0,73,20098.978172
1051.0,131,20100.348381
1692.0,217,20102.629087
1332.0,168,20104.36902
605.0,75,20105.184135
608.0,74,20105.998525
1334.0,153,20107.576649
633.0,96,20108.560602
1330.0,176,20110.380602
1076.0,138,20111.789875
250.0,37,20112.168991
1856.0,229,20114.604575
250.0,39,20115.004885
1075.0,136,20116.419864
597.0,144,20117.896209
630.0,84,20118.769099
1047.0,156,20120.38771
1921.0,244,20122.955153
1045.0,160,20124.631233
605.0,73,20125.375161
1046.0,135,20126.745798
611.0,74,20127.497212
1080.0,122,20128.738118
1343.0,148,20130.271132
1697.0,199,20132.327714
1047.0,144,20133.813068
1916.0,264,20136.566286
1334.0,156,20138.16999
605.0,73,20138.924933
2302.0,662,20145.801923
1863.0,223,20148.133317
606.0,73,20148.870551
607.0,73,20149.624437
1048.0,134,20151.027931
1581.0,177,20152.868732
1077.0,135,20154.282094
610.0,75,20155.062457
1696.0,221,20157.401459
1860.0,235,20159.897204
1078.0,136,20161.303425
608.0,73,20162.051327
1699.0,189,20164.056315
607.0,73,20164.798155
607.0,73,20165.532944
1075.0,128,20166.825717
608.0,74,20167.574855
1049.0,145,20169.054511
1707.0,206,20171.223146
607.0,74,20171.989608
1693.0,202,20174.257658
1572.0,215,20176.480461
1860.0,222,20178.842966
1349.0,167,20180.607758
820.0,142,20182.101959
1050.0,144,20183.598388
2935.0,1120,20195.086617
1078.0,131,20196.460741
1352.0,151,20198.046618
1342.0,162,20199.811774
1330.0,155,20201.525384
1077.0,132,20202.920419
608.0,75,20203.707613
608.0,76,20204.496817
606.0,73,20205.26472
606.0,74,20206.006688
1347.0,169,20207.763436
605.0,74,20208.513007
614.0,76,20209.277101
1079.0,123,20210.519387
817.0,159,20212.143831
1867.0,227,20214.508694
1855.0,259,20217.180547
1346.0,182,20219.077388
607.0,75,20219.845921
1866.0,201,20221.91249
606.0,73,20222.638114
1349.0,163,20224.303164
1696.0,206,20226.408604
777.0,137,20227.784551
1688.0,218,20230.00716
1691.0,215,20232.217494
1071.0,138,20233.624566
1072.0,155,20235.207854
1170.0,1237,20247.738989
1350.0,185,20249.667235
2306.0,634,20256.258179
611.0,75,20257.03299
1051.0,138,20258.454684
2351.0,361,20262.511138
1041.0,179,20264.403873
1427.0,170,20266.168169
1048.0,133,20267.548926
1930.0,238,20270.056421
1585.0,192,20272.061822
1047.0,139,20273.488126
1857.0,258,20276.122606
1049.0,130,20277.421257
1049.0,144,20278.889175
1862.0,234,20281.302166
1922.0,229,20283.692167
1848.0,238,20286.176289
1583.0,191,20288.208526
1078.0,134,20289.617025
1332.0,165,20291.339821
2357.0,330,20294.804054
1558.0,205,20296.960478
608.0,73,20297.705157
640.0,93,20298.690764
1331.0,165,20300.423992
1075.0,124,20301.718206
1920.0,229,20304.134052
609.0,75,20304.90248
1049.0,139,20306.358056
1694.0,207,20308.56653
1577.0,179,20310.438018
609.0,74,20311.194799
1911.0,240,20313.689701
1690.0,208,20315.868226
1050.0,141,20317.321828
606.0,74,20318.112326
1580.0,197,20320.182755
1573.0,193,20322.22497
1697.0,203,20324.355262
1678.0,210,20326.534481
1679.0,211,20328.701941
1349.0,164,20330.380561
1351.0,160,20332.021003
1923.0,238,20334.524877
609.0,74,20335.28073
640.0,100,20336.317281
2303.0,654,20343.134186
1568.0,194,20345.189624
1073.0,136,20346.610236
1332.0,165,20348.346122
1693.0,212,20350.520633
607.0,73,20351.270696
1050.0,138,20352.682662
1562.0,199,20354.780456
1078.0,133,20356.181038
609.0,74,20356.955526
2241.0,1045,20367.653996
1439.0,173,20369.473396
609.0,84,20370.334069
1049.0,136,20371.762571
1330.0,170,20373.54947
735.0,88,20374.476722
1074.0,134,20375.876707
1077.0,135,20377.287445
1696.0,203,20379.4217
1929.0,214,20381.668399
1928.0,223,20384.017364
1048.0,131,20385.392407
609.0,74,20386.154525
1928.0,219,20388.472731
606.0,73,20389.228234
1570.0,196,20391.311432
632.0,97,20392.32825
1688.0,196,20394.405695
1049.0,140,20395.857194
611.0,76,20396.649218
1048.0,138,20398.076954
1575.0,194,20400.122798
1076.0,139,20401.576432
1569.0,198,20403.657209
1693.0,210,20405.921347
606.0,74,20406.707824
1348.0,164,20408.459848
1332.0,167,20410.200574
1047.0,153,20411.778288
1860.0,229,20414.196486
1349.0,165,20415.903764
1051.0,127,20417.220943
608.0,75,20417.99954
1699.0,201,20420.092988
1078.0,136,20421.483338
608.0,74,20422.248728
1574.0,210,20424.450888
2180.0,1397,20438.752677
634.0,88,20439.655946
1585.0,183,20441.596143
1332.0,161,20443.286458
2328.0,505,20448.674994
1076.0,133,20450.066453
1078.0,131,20451.422989
606.0,74,20452.178396
1039.0,203,20454.310358
1074.0,129,20455.661054
1074.0,125,20456.964195
1328.0,169,20458.735493
1587.0,187,20460.687491
735.0,87,20461.610719
2363.0,298,20464.765745
1576.0,245,20467.314626
1331.0,161,20468.963285
1073.0,146,20470.441405
609.0,74,20471.219687
1051.0,127,20472.525489
611.0,74,20473.281346
1059.0,130,20474.650371
609.0,74,20475.405787
1071.0,133,20476.752292
1351.0,154,20478.332601
1579.0,191,20480.329555
735.0,88,20481.225956
1076.0,134,20482.588032
1051.0,131,20483.939213
607.0,75,20484.720024
608.0,75,20485.486161
1349.0,162,20487.149797
1050.0,140,20488.591889
1578.0,192,20490.601902
607.0,74,20491.357912
1578.0,207,20493.552432
1696.0,198,20495.6433
1435.0,163,20497.359125
737.0,88,20498.273717
1050.0,128,20499.605237
1076.0,134,20500.977114
2359.0,338,20504.485249
1051.0,133,20505.826204
1351.0,158,20507.441865
1075.0,132,20508.804218
608.0,74,20509.555636
1585.0,178,20511.390251
607.0,73,20512.142155
1330.0,278,20515.015608
821.0,138,20516.425254
605.0,74,20517.178974
1295.0,489,20522.275667
1075.0,135,20523.690852
1066.0,182,20525.600135
2350.0,390,20529.708702
1351.0,157,20531.362414
2365.0,279,20534.285313
638.0,92,20535.229608
1330.0,169,20536.972887
1050.0,129,20538.309168
2361.0,318,20541.670088
2071.0,2406,20566.44366
648.0,84,20567.310422
2365.0,297,20570.375983
1438.0,173,20572.137809
1329.0,169,20573.887013
1350.0,156,20575.507897
1690.0,211,20577.696977
1329.0,171,20579.454919
235.0,44,20579.895196
1050.0,139,20581.328857
1074.0,146,20582.833881
1577.0,196,20584.880274
1694.0,207,20587.047319
1683.0,225,20589.384799
1048.0,140,20590.814903
2313.0,611,20597.096547
1414.0,191,20599.084146
609.0,75,20599.853137
613.0,75,20600.630937
1051.0,128,20601.960447
1677.0,211,20604.181326
1036.0,212,20606.3791
1442.0,171,20608.183502
1048.0,138,20609.624099
253.0,36,20609.991914
607.0,73,20610.748717
1051.0,128,20612.082482
1051.0,132,20613.464354
1437.0,183,20615.400582
1697.0,219,20617.714492
3030.0,512,20622.974675
639.0,91,20623.93444
1073.0,136,20625.320501
638.0,92,20626.261382
1349.0,160,20627.894469
638.0,91,20628.835369
1333.0,153,20630.453179
1437.0,173,20632.269721
2337.0,452,20637.013595
1689.0,212,20639.258453
1349.0,159,20640.917769
606.0,74,20641.679489
1047.0,148,20643.239199
1685.0,231,20645.652249
1418.0,175,20647.494222
1582.0,183,20649.387943
608.0,73,20650.130554
1072.0,133,20651.484803
634.0,90,20652.40431
1584.0,194,20654.427563
1329.0,170,20656.183488
1057.0,152,20657.747133
1697.0,233,20660.195158
2345.0,412,20664.523668
1924.0,232,20666.977028
1049.0,149,20668.544541
1331.0,165,20670.295295
1071.0,141,20671.764817
1431.0,204,20673.902215
1050.0,130,20675.268468
1703.0,206,20677.413688
1357.0,171,20679.194445
1849.0,241,20681.69076
607.0,74,20682.450674
2312.0,608,20688.712632
1045.0,152,20690.309695
1072.0,128,20691.646758
1046.0,147,20693.186599
1347.0,172,20694.988341
2306.0,647,20701.725687
605.0,73,20702.470634
233.0,47,20702.951569
1431.0,185,20704.868997
1077.0,130,20706.201508
1069.0,148,20707.713747
810.0,155,20709.31173
1583.0,193,20711.403296
2361.0,304,20714.681014
2360.0,316,20717.948314
1047.0,146,20719.424462
1330.0,179,20721.249316
233.0,47,20721.73042
2301.0,665,20728.594607
1929.0,228,20730.973525
1047.0,135,20732.356651
1440.0,170,20734.087813
1355.0,174,20735.83731
1415.0,187,20737.743023
1584.0,188,20739.659969
1046.0,143,20741.144119
1435.0,181,20743.047957
1697.0,209,20745.234435
606.0,76,20746.030293
607.0,74,20746.791234
1343.0,193,20748.775462
611.0,75,20749.542978
609.0,72,20750.265027
611.0,77,20751.043943
608.0,74,20751.793602
1075.0,136,20753.186119
610.0,76,20753.950338
1052.0,136,20755.342785
602.0,103,20756.382416
1073.0,134,20757.752793
1073.0,148,20759.288943
605.0,80,20760.107086
608.0,74,20760.857847
1434.0,205,20762.979743
607.0,73,20763.747247
2341.0,440,20768.264696
1048.0,136,20769.631976
1922.0,241,20772.14185
610.0,75,20772.918762
1076.0,132,20774.288436
1072.0,152,20775.870508
1074.0,137,20777.301455
1347.0,181,20779.198619
609.0,73,20779.944133
608.0,73,20780.710567
1435.0,206,20782.859993
608.0,74,20783.634807
605.0,73,20784.378169
999.0,574,20790.280998
1045.0,161,20791.938892
1047.0,143,20793.398394
1573.0,195,20795.421573
1051.0,131,20796.772123
607.0,82,20797.596763
1076.0,132,20798.915697
3040.0,486,20803.954087
634.0,98,20804.954115
1330.0,169,20806.731567
1075.0,138,20808.179168
1046.0,146,20809.716527
1061.0,127,20811.03329
1326.0,189,20813.019465
1069.0,150,20814.556961
2344.0,423,20818.997949
1049.0,134,20820.409564
253.0,37,20820.801907
1329.0,165,20822.533017
1580.0,211,20824.710753
607.0,74,20825.480273
1690.0,259,20828.228256
1067.0,165,20829.956492
1688.0,212,20832.180502
1073.0,146,20833.696368
2362.0,319,20837.051691
1585.0,199,20839.138624
1586.0,174,20840.976954
1047.0,149,20842.538512
602.0,120,20843.77292
733.0,106,20844.868503
1862.0,209,20847.077898
238.0,47,20847.562453
1051.0,183,20849.452867
1061.0,195,20851.464418
1917.0,260,20854.222388
812.0,186,20856.154607
1695.0,214,20858.428122
2231.0,1120,20869.905612
1049.0,142,20871.383907
1331.0,170,20873.159913
1436.0,176,20875.021443
1051.0,126,20876.343462
1582.0,191,20878.361681
1070.0,145,20879.86907
1438.0,169,20881.648749
586.0,158,20883.312207
2360.0,326,20886.786741
2350.0,371,20890.616423
2340.0,452,20895.352625
608.0,74,20896.116336
1346.0,203,20898.209394
2641.0,352,20901.866493
1700.0,218,20904.19525
1355.0,163,20905.943012
1050.0,135,20907.366824
1049.0,146,20908.890054
1587.0,184,20910.830833
2325.0,518,20916.189171
1583.0,192,20918.227326
1575.0,241,20920.769606
1051.0,134,20922.172525
623.0,100,20923.216382
2360.0,345,20926.839737
1589.0,185,20928.775089
1562.0,200,20930.864438
1914.0,229,20933.2927
1047.0,139,20934.740165
1050.0,130,20936.080472
1868.0,234,20938.55829
1576.0,193,20940.588746
1047.0,132,20941.99397
607.0,73,20942.753517
1049.0,146,20944.286475
608.0,74,20945.052137
1356.0,160,20946.734061
609.0,73,20947.492662
1334.0,153,20949.098784
606.0,73,20949.845952
1707.0,198,20951.92645
609.0,73,20952.675162
1433.0,186,20954.635166
1356.0,164,20956.352688
1577.0,186,20958.316037
1688.0,229,20960.711127
1353.0,165,20962.427054
1330.0,165,20964.160869
1357.0,165,20965.868675
1435.0,183,20967.826028
1072.0,150,20969.406676
1050.0,141,20970.889299
1048.0,137,20972.311679
606.0,73,20973.049859
1077.0,126,20974.39788
2361.0,302,20977.599331
606.0,74,20978.367434
609.0,74,20979.13379
1074.0,136,20980.532666
1587.0,183,20982.452535
1700.0,220,20984.782523
1048.0,138,20986.233327
1696.0,206,20988.374123
737.0,87,20989.266747
1050.0,130,20990.631916
1043.0,179,20992.487559
1077.0,128,20993.802962
629.0,84,20994.650128
606.0,72,20995.374316
609.0,73,20996.1213
1075.0,132,20997.50246
2358.0,338,21001.0064
2356.0,336,21004.446489
1586.0,184,21006.343559
1073.0,144,21007.832538
1706.0,213,21010.058455
1071.0,167,21011.787713
1073.0,136,21013.196926
1347.0,174,21015.026808
735.0,86,21015.894149
1586.0,203,21017.985959
1690.0,214,21020.248182
1052.0,126,21021.549197
2360.0,309,21024.783049
1049.0,142,21026.283735
1072.0,135,21027.682295
1331.0,153,21029.279735
1692.0,205,21031.4465
1049.0,130,21032.807196
1438.0,169,21034.576921
1589.0,182,21036.454515
1012.0,360,21040.169161
1329.0,165,21041.860717
1350.0,179,21043.706883
1585.0,194,21045.719157
1072.0,137,21047.109576
1587.0,181,21049.000362
1050.0,133,21050.371118
2355.0,346,21053.956682
1583.0,210,21056.124387
1054.0,163,21057.796421
1044.0,151,21059.35763
1047.0,146,21060.862966
608.0,74,21061.621324
1044.0,174,21063.42366
1581.0,186,21065.358672
1316.0,182,21067.262625
1076.0,137,21068.687252
1074.0,138,21070.110729
1045.0,164,21071.834966
606.0,74,21072.604088
1585.0,192,21074.623848
1051.0,138,21076.064547
1047.0,136,21077.472271
1037.0,212,21079.661071
817.0,159,21081.314932
1048.0,135,21082.722583
1586.0,188,21084.69009
1047.0,141,21086.122508
1045.0,156,21087.700947
1579.0,184,21089.60276
1075.0,154,21091.21944
607.0,74,21091.989014
1065.0,203,21094.101353
1073.0,139,21095.517808
610.0,73,21096.263014
1585.0,192,21098.268951
1072.0,162,21099.934776
1582.0,193,21101.945897
1049.0,137,21103.35409
1058.0,139,21104.81858
252.0,37,21105.203015
1050.0,141,21106.673467
1577.0,236,21109.133898
1070.0,177,21110.995112
1072.0,141,21112.445487
1426.0,171,21114.220607
2316.0,587,21120.307864
650.0,87,21121.211358
1862.0,226,21123.582542
1688.0,221,21125.916768
735.0,86,21126.806762
1574.0,257,21129.478862
1584.0,197,21131.536129
1578.0,219,21133.818932
1072.0,140,21135.278302
1566.0,250,21137.844406
1571.0,230,21140.218258
1694.0,210,21142.452778
1046.0,161,21144.147554
1071.0,166,21145.863159
1076.0,138,21147.300783
1580.0,182,21149.20897
1075.0,134,21150.578185
1586.0,186,21152.509561
1583.0,200,21154.56622
1331.0,178,21156.384097
1586.0,181,21158.263625
651.0,85,21159.147265
1587.0,180,21161.036191
1047.0,140,21162.516985
1063.0,186,21164.452056
1693.0,201,21166.537188
1058.0,231,21168.876731
1077.0,128,21170.166265
2358.0,322,21173.471323
1583.0,199,21175.516547
1578.0,184,21177.40699
1070.0,150,21178.958646
1585.0,192,21180.984647
1048.0,134,21182.383894
1072.0,153,21183.979479
1049.0,150,21185.549974
1072.0,128,21186.887264
1692.0,222,21189.261653
1074.0,161,21190.948152
1686.0,206,21193.113693
1686.0,211,21195.354905
1075.0,132,21196.702573
1691.0,216,21198.92038
1580.0,184,21200.87815
1046.0,153,21202.492745
612.0,86,21203.37128
640.0,93,21204.305478
1070.0,146,21205.831141
1572.0,194,21207.854781
1074.0,130,21209.18767
1585.0,193,21211.189641
1691.0,211,21213.39804
1069.0,147,21214.92208
1585.0,184,21216.85504
1070.0,161,21218.531548
1076.0,134,21219.929191
1700.0,209,21222.130962
1335.0,159,21223.816012
613.0,103,21224.901838
1689.0,220,21227.216279
1690.0,237,21229.709133
652.0,87,21230.612455
2315.0,631,21237.162662
609.0,105,21238.246509
615.0,102,21239.31038
1044.0,151,21240.911757
1069.0,160,21242.572813
1333.0,180,21244.414583
1078.0,138,21245.828476
1702.0,214,21248.059485
1351.0,159,21249.700844
1582.0,211,21251.887827
1058.0,136,21253.282399
607.0,74,21254.060844
1049.0,148,21255.583355
1047.0,151,21257.108714
1914.0,294,21260.145264
1040.0,167,21261.864426
816.0,164,21263.571446
1344.0,186,21265.52174
1349.0,173,21267.350546
1580.0,215,21269.568415
610.0,76,21270.351415
947.0,734,21277.956325
1584.0,204,21280.101655
637.0,88,21281.003996
1329.0,190,21282.97379
1563.0,278,21285.892295
1584.0,194,21287.925744
1584.0,199,21290.021684
1684.0,219,21292.315423
633.0,88,21293.222547
1066.0,169,21294.948971
615.0,101,21295.997284
1697.0,219,21298.268406
1048.0,154,21299.863973
1073.0,151,21301.437454
1039.0,196,21303.508874
1075.0,133,21304.853598
1426.0,223,21307.168572
613.0,102,21308.209701
814.0,179,21310.072451
1563.0,222,21312.400985
2363.0,296,21315.456027
1044.0,154,21317.046869
1347.0,179,21318.907965
1330.0,172,21320.71491
752.0,160,21322.399161
1685.0,220,21324.715427
1578.0,182,21326.620855
1677.0,222,21328.945903
1701.0,201,21331.045824
1694.0,213,21333.292376
2360.0,330,21336.782124
1052.0,138,21338.188246
1045.0,146,21339.696382
2331.0,509,21344.987677
616.0,102,21346.051753
2246.0,1028,21356.788453
1330.0,176,21358.628523
1697.0,251,21361.281834
2346.0,433,21365.757229
1348.0,172,21367.5391
815.0,171,21369.348838
2363.0,330,21372.796484
2229.0,1119,21384.332264
2352.0,376,21388.21919
634.0,87,21389.114108
2341.0,468,21393.95978
651.0,86,21394.86467
1584.0,177,21396.741545
1328.0,167,21398.479108
1051.0,131,21399.813066
2360.0,318,21403.120067
1074.0,137,21404.550465
1585.0,198,21406.615186
1070.0,149,21408.192992
636.0,91,21409.20575
1431.0,205,21411.435044
1046.0,145,21412.925736
1834.0,365,21416.730539
1687.0,215,21418.973789
638.0,89,21419.901859
2359.0,331,21423.437142
1048.0,141,21424.918181
1331.0,157,21426.57742
1033.0,230,21428.969442
618.0,102,21430.013813
1051.0,137,21431.439607
1042.0,172,21433.224621
1078.0,130,21434.565747
1049.0,138,21435.984633
608.0,160,21437.611078
1691.0,222,21439.924486
1330.0,184,21441.829917
1073.0,154,21443.407267
1050.0,137,21444.803386
1337.0,182,21446.701152
1075.0,155,21448.319014
1045.0,154,21449.916466
1049.0,142,21451.390525
2356.0,349,21455.057184
1354.0,162,21456.73661
636.0,91,21457.662598
1441.0,158,21459.291921
2359.0,318,21462.645697
1165.0,136,21464.015948
1327.0,302,21467.088093
1433.0,194,21469.121546
1437.0,175,21470.951902
1436.0,187,21472.927885
653.0,85,21473.823904
1342.0,193,21475.822147
1349.0,171,21477.573028
1584.0,192,21479.614882
1701.0,206,21481.761184
1329.0,185,21483.668303
1351.0,160,21485.337824
1348.0,176,21487.182943
1350.0,164,21488.883992
1049.0,140,21490.301168
1346.0,159,21491.932539
1049.0,137,21493.332124
1699.0,204,21495.46166
651.0,86,21496.349237
1347.0,178,21498.206102
1348.0,170,21499.987025
1346.0,166,21501.71549
1048.0,148,21503.245081
1318.0,179,21505.071608
1696.0,206,21507.178876
1865.0,221,21509.443804
1346.0,189,21511.391844
1676.0,304,21514.555644
2313.0,617,21520.905433
2909.0,1276,21534.168667
2351.0,371,21537.998549
1691.0,232,21540.377653
1348.0,164,21542.089093
2361.0,313,21545.375587
1333.0,163,21547.093957
1433.0,182,21549.001923
1346.0,185,21550.954819
2353.0,354,21554.586136
2345.0,433,21559.064106
1676.0,223,21561.346805
2320.0,578,21567.276693
1350.0,166,21571.531343
818.0,156,21573.161758
1072.0,137,21574.592676
1436.0,185,21576.558254
1037.0,207,21578.716491
652.0,85,21579.601089
1349.0,163,21581.346507
1073.0,142,21582.839878
1675.0,223,21585.152374
1586.0,180,21587.035592
2358.0,321,21590.406053
734.0,99,21591.454875
1687.0,213,21593.722607
633.0,88,21594.637848
2361.0,329,21598.142537
1345.0,176,21600.003487
1855.0,250,21602.621261
1688.0,205,21604.787078
1579.0,223,21607.119462
1049.0,140,21608.578032
2353.0,357,21612.356384
238.0,42,21612.797484
650.0,85,21613.689189
1699.0,219,21615.990074
1686.0,261,21618.650906
1346.0,175,21620.481004
1348.0,176,21622.330168
1696.0,222,21624.645611
2338.0,447,21629.285963
1434.0,183,21631.224639
1438.0,170,21633.024072
1697.0,212,21635.290502
1347.0,186,21637.253776
1347.0,182,21639.17107
1315.0,372,21643.048086
1914.0,277,21645.965445
605.0,73,21646.706191
1333.0,175,21648.504976
1688.0,213,21650.725814
1327.0,165,21652.420437
1685.0,222,21654.770339
1702.0,220,21657.079034
1436.0,182,21658.987429
1320.0,200,21661.082296
2324.0,526,21666.561534
1584.0,184,21668.48638
619.0,101,21669.557683
1703.0,207,21671.726397
1322.0,193,21673.775452
1433.0,187,21675.752241
736.0,89,21676.680819
1579.0,210,21678.905012
2322.0,541,21684.586806
1050.0,144,21686.095565
1050.0,135,21687.526854
1580.0,191,21689.542339
251.0,38,21689.934013
1435.0,191,21691.945668
638.0,90,21692.890068
1349.0,168,21694.650101
1581.0,178,21696.488192
1583.0,204,21698.592005
1329.0,161,21700.272204
1582.0,191,21702.280326
1584.0,180,21704.192883
1694.0,201,21706.316463
1686.0,212,21708.557942
1048.0,136,21709.957903
1698.0,248,21712.563509
1692.0,228,21714.953924
2604.0,582,21721.01726
621.0,98,21722.04038
1683.0,234,21724.513863
649.0,84,21725.379939
1037.0,211,21727.570427
1328.0,183,21729.485497
1045.0,166,21731.226726
1045.0,171,21733.023579
1433.0,186,21734.978983
1349.0,170,21736.748749
1048.0,142,21738.223982
1049.0,152,21739.816399
1582.0,184,21741.755126
816.0,163,21743.463239
736.0,89,21744.397912
2933.0,1133,21756.161562
1348.0,169,21757.950301
1584.0,188,21759.915501
1583.0,179,21761.729799
1696.0,213,21763.915631
1050.0,139,21765.362424
1047.0,148,21766.871121
1331.0,157,21768.462034
1698.0,203,21770.563755
251.0,34,21770.918968
1585.0,191,21772.916348
1683.0,236,21775.379803
1072.0,149,21776.917754
1069.0,153,21778.486399
1585.0,195,21780.529106
1582.0,188,21782.502792
1347.0,169,21784.288141
1583.0,184,21786.240435
1075.0,149,21787.79827
1584.0,188,21789.77633
1049.0,137,21791.203173
606.0,74,21791.971793
1584.0,193,21793.97697
609.0,74,21794.742742
2365.0,285,21797.753825
1584.0,197,21799.839294
1586.0,181,21801.735329
1695.0,199,21803.822492
1582.0,190,21805.808132
1584.0,180,21807.709057
1584.0,191,21809.739372
1583.0,177,21811.58682
2191.0,1347,21825.605188
1856.0,243,21828.202986
1567.0,277,21831.08616
1069.0,158,21832.741965
1692.0,211,21834.938603
1050.0,140,21836.378278
1439.0,159,21838.008904
1583.0,191,21839.967269
1076.0,126,21841.278314
1436.0,189,21843.248556
1583.0,179,21845.119503
1700.0,215,21847.372118
1070.0,171,21849.123189
1691.0,197,21851.197173
1341.0,203,21853.290323
737.0,88,21854.185124
601.0,108,21855.296908
252.0,36,21855.670045
1582.0,192,21857.670377
1583.0,199,21859.724607
1049.0,148,21861.246631
1583.0,188,21863.227173
1582.0,196,21865.296856
817.0,160,21866.993351
1693.0,211,21869.235335
1573.0,248,21871.844609
1569.0,279,21874.781229
1437.0,164,21876.509869
1046.0,165,21878.221571
1051.0,137,21879.649639
1041.0,176,21881.49146
1584.0,187,21883.464361
1701.0,209,21885.65288
1439.0,182,21887.510824
1050.0,136,21888.913848
1067.0,172,21890.67635
812.0,191,21892.666513
1047.0,159,21894.364372
1354.0,189,21896.381539
1437.0,192,21898.406635
250.0,41,21898.825481
1048.0,142,21900.306747
1571.0,273,21903.174141
605.0,74,21903.939289
635.0,88,21904.854204
1521.0,560,21910.779339
1049.0,138,21912.219127
1584.0,198,21914.260973
1585.0,185,21916.16831
1697.0,198,21918.213457
1579.0,179,21920.076628
1578.0,179,21921.939523
652.0,87,21922.829842
607.0,73,21923.577975
2295.0,712,21930.769119
240.0,42,21931.194437
1582.0,197,21933.239947
1914.0,257,21935.950727
1331.0,155,21937.577421
1306.0,304,21940.769753
2352.0,389,21944.849181
606.0,73,21945.607592
2614.0,466,21950.476235
2325.0,521,21955.784328
1585.0,187,21957.680872
1694.0,207,21959.807483
1693.0,195,21961.82553
652.0,87,21962.738726
2346.0,412,21967.056008
1694.0,200,21969.176483
253.0,35,21969.533499
607.0,74,21970.29558
1050.0,148,21971.805307
1338.0,162,21973.489779
582.0,255,21976.143576
1349.0,170,21977.926204
2318.0,580,21983.981306
1699.0,209,21986.197318
1334.0,166,21987.955612
2359.0,323,21991.366895
1440.0,170,21993.155359
1569.0,264,21995.947025
1437.0,171,21997.752779
1334.0,162,21999.470177
1334.0,173,22001.282803
735.0,95,22002.283602
1046.0,139,22003.748662
1050.0,137,22005.190392
1330.0,175,22007.041694
2358.0,327,22010.515526
1012.0,354,22014.225669
1041.0,192,22016.191016
1565.0,294,22019.301073
1048.0,144,22020.822489
1585.0,177,22022.700463
1332.0,173,22024.528429
2364.0,291,22027.61912
632.0,89,22028.545098
637.0,93,22029.514551
1333.0,175,22031.357167
629.0,99,22032.430197
1045.0,176,22034.275146
1689.0,223,22036.645844
1689.0,244,22039.230108
611.0,114,22040.410912
1694.0,223,22042.780555
2348.0,399,22046.992795
1579.0,214,22049.243179
1581.0,194,22051.289278
611.0,90,22052.211973
1043.0,179,22054.044223
1695.0,208,22056.212001
1585.0,185,22058.156433
1695.0,228,22060.564852
2365.0,295,22063.67827
1696.0,210,22065.890079
3016.0,630,22072.435048
1337.0,176,22074.262413
1337.0,241,22076.812927
1695.0,213,22079.070588
1687.0,201,22081.184873
735.0,88,22082.11588
2355.0,363,22085.953328
1072.0,147,22087.488378
1051.0,138,22088.914549
606.0,75,22089.68591
1585.0,190,22091.665315
2294.0,746,22099.310147
1332.0,176,22101.170851
1331.0,155,22102.78815
2568.0,771,22110.712651
1048.0,147,22112.246701
1050.0,138,22113.677784
1328.0,180,22115.555092
250.0,42,22115.996427
627.0,94,22116.969668
1435.0,175,22118.796425
1332.0,155,22120.408288
1046.0,155,22122.004071
1586.0,176,22123.833522
2576.0,683,22130.883394
1048.0,142,22132.361669
1045.0,157,22133.998349
1582.0,192,22136.016613
1437.0,164,22137.737341
735.0,100,22138.778078
1926.0,217,22141.070561
1698.0,198,22143.163785
1340.0,170,22144.949054
1353.0,168,22146.699759
1048.0,151,22148.286044
1435.0,175,22150.198581
1044.0,175,22152.03625
1061.0,205,22154.167536
1923.0,223,22156.607379
1578.0,202,22158.71896
1051.0,141,22160.19794
1048.0,147,22161.717668
1922.0,233,22164.200538
250.0,42,22164.636972
1583.0,198,22166.797091
1074.0,137,22168.236026
1691.0,201,22170.370484
1349.0,186,22172.319729
1048.0,139,22173.779965
1581.0,193,22175.809358
1046.0,163,22177.498266
1696.0,212,22179.712796
1351.0,163,22181.40082
1047.0,143,22182.85737
1420.0,201,22184.92799
1691.0,224,22187.241266
2954.0,1003,22197.364698
1689.0,213,22199.614863
2223.0,1130,22211.302328
252.0,38,22211.698305
245.0,41,22212.125765
1579.0,192,22214.143607
1070.0,148,22215.685137
1688.0,236,22218.132027
1693.0,208,22220.307495
1684.0,248,22222.887423
1332.0,166,22224.614103
3020.0,609,22230.905107
1924.0,233,22233.369684
1433.0,191,22235.349624
1330.0,176,22237.184187
1436.0,185,22239.113083
608.0,72,22239.841908
1431.0,204,22241.980978
1434.0,181,22243.869977
609.0,72,22244.619728
1686.0,224,22246.94791
1584.0,192,22248.966534
1678.0,226,22251.35919
1583.0,201,22253.458375
1050.0,141,22254.90749
1928.0,227,22257.286706
1697.0,212,22259.526549
1434.0,182,22261.461877
2307.0,635,22268.078576
1419.0,278,22270.998603
1699.0,213,22273.256381
251.0,39,22273.659597
1580.0,191,22275.637457
1582.0,192,22277.640644
2318.0,580,22283.658418
1697.0,197,22285.739375
1699.0,227,22288.139834
1693.0,212,22290.380401
1690.0,212,22292.608069
634.0,93,22293.57383
1580.0,203,22295.698534
653.0,88,22296.609105
1695.0,211,22298.788963
1583.0,190,22300.752893
1861.0,222,22303.044365
252.0,36,22303.407042
1583.0,190,22305.363348
253.0,35,22305.727864
1694.0,224,22308.070418
648.0,85,22308.957627
1074.0,139,22310.411283
1694.0,220,22312.728285
1680.0,222,22315.051845
1582.0,206,22317.224064
1583.0,194,22319.288352
252.0,38,22319.685699
250.0,39,22320.079056
251.0,37,22320.455358
1049.0,145,22321.99036
253.0,36,22322.365105
1583.0,187,22324.328235
1586.0,188,22326.27683
1048.0,147,22327.817677
1327.0,169,22329.604516
1584.0,209,22331.806165
244.0,42,22332.247932
246.0,42,22332.68473
1587.0,188,22334.663106
1585.0,189,22336.652437
1328.0,170,22338.417161
1693.0,212,22340.631088
1048.0,139,22342.079378
1051.0,138,22343.4973
1584.0,179,22345.351872
1355.0,172,22347.108638
1330.0,157,22348.72402
1859.0,246,22351.31356
1583.0,202,22353.454529
1586.0,185,22355.410095
1862.0,227,22357.822934
2028.0,286,22360.821932
648.0,86,22361.723865
1033.0,224,22364.066149
1050.0,138,22365.495453
619.0,78,22366.299468
1587.0,192,22368.311224
1358.0,163,22370.006404
707.0,321,22373.353374
1058.0,139,22374.794507
619.0,79,22375.607524
736.0,89,22376.528542
1694.0,212,22378.703272
608.0,74,22379.450301
1589.0,175,22381.278946
1048.0,134,22382.660896
736.0,89,22383.577184
1864.0,226,22385.921736
1049.0,129,22387.251905
1073.0,139,22388.702565
1583.0,188,22390.696077
1328.0,168,22392.458929
734.0,91,22393.400741
1692.0,211,22395.603812
734.0,91,22396.534544
1436.0,180,22398.412126
1691.0,225,22400.778048
1583.0,192,22402.789341
1581.0,192,22404.796371
1588.0,187,22406.745695
1427.0,235,22409.213595
1436.0,178,22411.088885
1437.0,175,22412.949703
252.0,37,22413.335972
1435.0,184,22415.269315
1048.0,158,22416.907678
1583.0,210,22419.128365
2216.0,1188,22431.341
251.0,41,22431.764477
1587.0,191,22433.778969
1851.0,241,22436.321212
2598.0,616,22442.715515
534.0,513,22448.074604
1584.0,201,22450.170641
1583.0,201,22452.273615
733.0,98,22453.283034
1697.0,212,22455.481824
1352.0,165,22457.195219
1584.0,206,22459.343906
1583.0,188,22461.345608
1585.0,192,22463.355338
1182.0,182,22465.270736
1583.0,209,22467.458003
1048.0,152,22469.061385
252.0,38,22469.470265
1586.0,176,22471.316263
816.0,164,22473.047676
1586.0,196,22475.076005
1149.0,156,22476.683065
1582.0,191,22478.654188
1048.0,148,22480.194897
1436.0,169,22481.965246
653.0,87,22482.878841
1862.0,244,22485.428588
1585.0,188,22487.373334
1152.0,154,22488.944973
1862.0,216,22491.172123
1585.0,174,22492.985686
1583.0,175,22494.806249
734.0,90,22495.727524
1587.0,186,22497.682722
2604.0,558,22503.474945
1585.0,182,22505.370542
735.0,87,22506.259783
1585.0,192,22508.271193
1073.0,145,22509.786082
1860.0,229,22512.209477
606.0,75,22512.985468
1438.0,164,22514.711801
622.0,82,22515.550441
1678.0,228,22517.9081
1578.0,211,22520.107321
1862.0,217,22522.415069
1435.0,194,22524.465098
1585.0,191,22526.412558
1348.0,190,22528.378181
1150.0,146,22529.89846
1049.0,147,22531.403397
1585.0,185,22533.33427
1049.0,140,22534.778488
1582.0,209,22536.946431
1584.0,181,22538.822469
1392.0,213,22540.999302
248.0,42,22541.424227
606.0,105,22542.532083
2296.0,725,22550.001458
1581.0,204,22552.117708
1028.0,286,22555.09361
1583.0,196,22557.127834
1432.0,195,22559.147439
1432.0,202,22561.217613
2647.0,321,22564.519286
1049.0,141,22565.964343
1576.0,243,22568.450104
1698.0,197,22570.525852
734.0,101,22571.605179
2646.0,352,22575.293923
1046.0,144,22576.802385
1436.0,171,22578.590692
1438.0,164,22580.274858
651.0,87,22581.180009
1587.0,183,22583.10035
1855.0,227,22585.480899
1151.0,162,22587.141911
1433.0,205,22589.309226
2359.0,324,22592.700415
1583.0,184,22594.630872
2562.0,802,22602.939815
1348.0,158,22604.603341
607.0,73,22605.35586
2573.0,712,22612.741779
1698.0,205,22614.907496
608.0,75,22615.691276
1915.0,237,22618.149036
2359.0,332,22621.637776
1583.0,176,22623.515681
1932.0,215,22625.811851
1330.0,179,22627.688791
1030.0,387,22631.672127
3028.0,564,22637.474842
1047.0,133,22638.861592
2364.0,299,22641.970231
1330.0,180,22643.824996
1581.0,198,22645.875657
1049.0,141,22647.358502
1697.0,194,22649.422323
1579.0,199,22651.526165
2966.0,936,22661.18771
2648.0,300,22664.299116
1697.0,209,22666.473408
1433.0,176,22668.317671
1584.0,181,22670.220604
1348.0,175,22672.06024
1581.0,192,22674.053371
1050.0,125,22675.339765
1698.0,198,22677.391553
1693.0,207,22679.554556
607.0,75,22680.329514
1047.0,155,22681.944453
608.0,73,22682.705824
1910.0,241,22685.238356
1048.0,136,22686.638772
1680.0,236,22689.085227
248.0,37,22689.454916
1580.0,188,22691.390543
1436.0,182,22693.283307
1070.0,140,22694.732929
2364.0,294,22697.82271
1672.0,208,22700.015694
1558.0,349,22703.660812
1332.0,174,22705.478801
1695.0,207,22707.65434
1686.0,228,22710.022183
735.0,101,22711.062533
1694.0,209,22713.230448
3010.0,670,22720.135463
1437.0,186,22722.101377
1358.0,168,22723.871524
1584.0,185,22725.798909
1583.0,197,22727.839722
1057.0,151,22729.41944
1576.0,204,22731.573206
1051.0,131,22732.941674
1067.0,183,22734.865361
1060.0,134,22736.262861
1075.0,149,22737.840463
1351.0,191,22739.827085
1432.0,194,22741.894362
1047.0,165,22743.630384
1582.0,189,22745.602592
1698.0,196,22747.670931
1314.0,255,22750.319785
1437.0,171,22752.111819
1439.0,174,22753.930624
2966.0,935,22763.555313
1579.0,202,22765.675743
1330.0,165,22767.382707
1579.0,198,22769.475614
1017.0,397,22773.534199
1050.0,137,22774.945228
1439.0,170,22776.712395
1050.0,138,22778.125391
2295.0,718,22785.587551
1702.0,196,22787.642169
1048.0,154,22789.252665
1328.0,177,22791.138119
732.0,108,22792.283135
1074.0,125,22793.595095
1332.0,153,22795.216103
1050.0,137,22796.64192
1438.0,159,22798.303806
735.0,86,22799.193647
2241.0,1040,22809.941777
1436.0,166,22811.681989
1579.0,219,22813.923282
1050.0,139,22815.355687
1059.0,134,22816.756765
1436.0,172,22818.550215
1053.0,125,22819.855831
1585.0,190,22821.823694
1578.0,207,22823.989172
1049.0,153,22825.594145
1044.0,174,22827.420757
1576.0,204,22829.569943
1046.0,141,22831.034402
1435.0,181,22832.936441
1698.0,204,22835.092065
2445.0,1491,22850.318639
1579.0,190,22852.3138
1581.0,197,22854.369656
1436.0,172,22856.182319
1046.0,146,22857.70003
1067.0,180,22859.574498
1581.0,189,22861.568043
1049.0,153,22863.149757
1586.0,189,22865.076819
1583.0,185,22866.999377
651.0,99,22868.019071
1434.0,181,22869.917362
1049.0,124,22871.203015
1050.0,135,22872.603535
749.0,154,22874.201408
735.0,86,22875.083007
1074.0,123,22876.366055
1050.0,140,22877.83316
1048.0,137,22879.252072
1049.0,138,22880.691037
1584.0,177,22882.563851
1049.0,137,22884.012232
1434.0,193,22886.045609
1325.0,187,22888.001569
1579.0,193,22890.011585
1583.0,197,22892.103717
1073.0,136,22893.52951
1046.0,154,22895.13685
1579.0,205,22897.307066
2316.0,585,22903.420144
1049.0,136,22904.844687
1435.0,182,22906.743425
1048.0,149,22908.283198
2362.0,313,22911.603542
1045.0,145,22913.135198
1050.0,140,22914.608355
1040.0,189,22916.589084
1048.0,136,22917.995345
1581.0,178,22919.849694
1696.0,207,22922.036475
2631.0,372,22925.914617
1693.0,219,22928.229427
1048.0,153,22929.801994
2988.0,804,22938.005903
607.0,72,22938.748283
1575.0,183,22940.66995
610.0,87,22941.584205
1431.0,213,22943.831512
1697.0,222,22946.169523
1583.0,198,22948.276409
1432.0,187,22950.252369
815.0,172,22952.006918
2365.0,310,22955.23069
1425.0,238,22957.747931
1513.0,1277,22971.080816
1584.0,190,22973.058114
1438.0,176,22974.909079
2523.0,1019,22985.447466
1049.0,146,22986.962514
1436.0,183,22988.886463
620.0,101,22989.926056
1583.0,183,22991.847032
635.0,93,22992.808219
1435.0,167,22994.570155
1435.0,183,22996.488799
2352.0,387,23000.542831
637.0,91,23001.467082
1685.0,224,23003.789178
2639.0,334,23007.266858
1585.0,190,23009.239039
1689.0,213,23011.45811
1924.0,240,23013.964261
1051.0,132,23015.33457
2630.0,394,23019.496298
1050.0,126,23020.797562
1048.0,143,23022.293105
2356.0,346,23025.924388
734.0,88,23026.835922
1700.0,206,23028.965165
1045.0,153,23030.527319
1049.0,138,23031.956905
3010.0,667,23038.931504
605.0,73,23039.69917
1700.0,201,23041.800118
1584.0,193,23043.845906
608.0,74,23044.626043
1347.0,171,23046.444931
1432.0,203,23048.608569
1589.0,178,23050.505429
1436.0,173,23052.34019
734.0,88,23053.263133
608.0,72,23053.996824
1347.0,170,23055.796439
734.0,89,23056.720954
1439.0,160,23058.405761
1059.0,136,23059.829165
733.0,100,23060.869309
2946.0,1018,23071.31685
1585.0,178,23073.181661
1420.0,259,23075.858523
607.0,71,23076.602335
1048.0,121,23077.897474
1436.0,172,23079.707667
1557.0,213,23081.933642
2886.0,1413,23096.545079
1332.0,155,23098.140439
1438.0,169,23099.872073
1441.0,160,23101.534297
2349.0,420,23105.840459
1437.0,186,23107.763172
651.0,87,23108.672642
1698.0,210,23110.861048
1437.0,164,23112.573271
1581.0,193,23114.585295
1679.0,218,23116.827227
1351.0,155,23118.439361
1582.0,189,23120.429318
1437.0,184,23122.339231
2347.0,321,23125.611099
2283.0,803,23133.867465
2242.0,1001,23144.348491
1431.0,196,23146.372983
1584.0,193,23148.383439
1696.0,225,23150.730728
2631.0,380,23154.711379
1580.0,190,23156.69948
1350.0,165,23158.40376
1580.0,215,23160.657879
1586.0,187,23162.613372
1584.0,181,23164.506068
2239.0,985,23174.694901
605.0,72,23175.435171
1434.0,195,23177.470668
1330.0,153,23179.067357
1052.0,128,23180.390727
1436.0,170,23182.136327
2363.0,290,23185.105678
606.0,74,23185.858921
2360.0,323,23189.226339
2367.0,309,23192.469634
2338.0,360,23196.280721
1330.0,162,23198.00191
1350.0,156,23199.650778
735.0,87,23200.556262
1587.0,177,23202.417299
795.0,156,23204.070079
2635.0,372,23208.019745
1050.0,135,23209.436102
2359.0,326,23212.895613
1587.0,183,23214.829838
1585.0,177,23216.692493
653.0,86,23217.588516
742.0,120,23218.86196
1348.0,167,23220.624047
608.0,73,23221.38507
1587.0,173,23223.179202
1584.0,184,23225.087349
1685.0,220,23227.409132
1051.0,122,23228.694319
1585.0,176,23230.564933
1701.0,198,23232.654273
1050.0,130,23233.997693
443.0,2406,23258.689634
738.0,88,23259.600682
1588.0,184,23261.530474
1073.0,131,23262.89608
1688.0,216,23265.175758
1050.0,123,23266.442823
1698.0,196,23268.507926
606.0,73,23269.282308
1075.0,122,23270.574508
1684.0,209,23272.798286
1046.0,143,23274.285286
739.0,84,23275.151629
1050.0,129,23276.476011
1703.0,197,23278.542922
2352.0,310,23281.821333
2364.0,300,23284.966411
1696.0,207,23287.158795
607.0,74,23287.933959
1582.0,193,23289.968242
1050.0,129,23291.31565
2371.0,293,23294.416165
1700.0,198,23296.499795
1694.0,257,23299.162979
1861.0,240,23301.59895
1706.0,213,23303.759434
1691.0,251,23306.349782
1682.0,212,23308.582466
733.0,98,23309.604094
1695.0,201,23311.730079
248.0,44,23312.18472
1692.0,197,23314.282859
2334.0,481,23319.336025
608.0,70,23320.059896
610.0,71,23320.790494
2356.0,290,23323.841313
1036.0,181,23325.73801
733.0,100,23326.784037
2356.0,310,23330.063437
1069.0,153,23331.672508
1587.0,184,23333.609893
2543.0,901,23342.88498
1924.0,228,23345.269525
1584.0,180,23347.157599
1036.0,221,23349.419098
1049.0,138,23350.841402
734.0,91,23351.783421
1072.0,150,23353.33171
2268.0,820,23361.8331
1069.0,148,23363.373885
733.0,115,23364.56378
1049.0,136,23365.952562
2349.0,387,23370.008713
1582.0,195,23372.07322
1048.0,164,23373.797482
1047.0,160,23375.452754
1573.0,195,23377.444329
1582.0,208,23379.581614
735.0,107,23380.682392
1691.0,205,23382.775352
1701.0,199,23384.828735
1073.0,130,23386.163712
1048.0,134,23387.535529
605.0,72,23388.265973
1698.0,198,23390.318062
1051.0,134,23391.696873
1024.0,254,23394.305604
1053.0,122,23395.537771
1865.0,204,23397.64304
1050.0,130,23398.959534
1052.0,132,23400.312245
608.0,74,23401.055547
1683.0,212,23403.230967
1050.0,138,23404.635027
1705.0,189,23406.59219
1581.0,218,23408.825487
1075.0,123,23410.095937
2031.0,265,23412.874938
250.0,39,23413.275732
1050.0,123,23414.554185
1075.0,121,23415.823147
606.0,75,23416.614245
1051.0,125,23417.92266
2314.0,598,23424.181956
2346.0,328,23427.596135
1689.0,212,23429.800682
1044.0,174,23431.577521
359.0,2406,23456.15835
1345.0,184,23458.084513
1436.0,171,23459.888005
608.0,74,23460.644391
2285.0,757,23468.305885
1422.0,245,23470.810715
2283.0,782,23478.836378
1583.0,198,23480.891855
2897.0,1344,23494.978696
1435.0,173,23496.7826
1436.0,171,23498.552366
1583.0,195,23500.592581
1585.0,195,23502.632022
2338.0,463,23507.432179
1583.0,198,23509.478477
618.0,101,23510.512224
1581.0,208,23512.698333
1581.0,202,23514.835178
2337.0,449,23519.499851
732.0,108,23520.62981
1698.0,198,23522.707971
1583.0,215,23524.95688
432.0,2406,23549.412694
1579.0,226,23551.70761
1587.0,193,23553.653012
1576.0,224,23555.945511
1587.0,181,23557.826929
1586.0,184,23559.73409
1580.0,199,23561.837769
1691.0,201,23563.958272
651.0,85,23564.837673
1583.0,193,23566.837966
1581.0,220,23569.140251
756.0,123,23570.419133
1584.0,181,23572.330643
1585.0,194,23574.374163
1349.0,173,23576.179008
2633.0,395,23580.299426
611.0,103,23581.366499
1583.0,180,23583.267339
1587.0,172,23585.050774
1583.0,190,23587.047127
1155.0,184,23588.966216
1586.0,172,23590.769873
1585.0,204,23592.904378
2340.0,431,23597.343942
1573.0,246,23599.89728
1587.0,175,23601.71274
1578.0,221,23603.996972
1585.0,184,23605.901801
1587.0,173,23607.692909
1587.0,179,23609.566668
1583.0,195,23611.620109
1586.0,191,23613.624233
751.0,124,23614.92875
639.0,92,23615.873899
2351.0,370,23619.684851
1696.0,209,23621.850061
1042.0,132,23623.242703
610.0,73,23624.01828
1039.0,164,23625.743278
1568.0,223,23628.095895
1581.0,207,23630.259365
1691.0,201,23632.378236
1439.0,1769,23650.526221
1582.0,196,23652.586508
2331.0,523,23660.004816
680.0,653,23666.845822
2567.0,777,23675.000894
1579.0,217,23677.260064
1587.0,174,23679.074191
2627.0,384,23683.106072
2637.0,334,23686.570286
1436.0,186,23688.541193
1859.0,245,23691.139843
252.0,40,23691.547925
1699.0,200,23693.618091
1857.0,206,23695.732568
2354.0,345,23699.332022
1584.0,181,23701.213366
1581.0,215,23703.457435
2357.0,330,23706.903584
1914.0,224,23709.262974
1586.0,178,23711.117403
1549.0,378,23715.090889
1586.0,173,23716.898329
1585.0,178,23718.744187
1586.0,197,23720.816071
2294.0,714,23728.167735
1331.0,155,23729.786293
733.0,92,23730.742117
2363.0,312,23734.025334
251.0,39,23734.426384
1587.0,181,23736.339022
621.0,99,23737.377234
621.0,98,23738.404099
1587.0,181,23740.3175
610.0,73,23741.077558
1436.0,173,23742.905849
1585.0,181,23744.819099
1584.0,193,23746.862196
1700.0,198,23748.968179
636.0,91,23749.92198
1583.0,207,23752.140118
2508.0,1154,23764.103138
1341.0,212,23766.291847
1582.0,202,23768.412489
731.0,110,23769.553785
732.0,104,23770.643316
1582.0,202,23772.763367
1577.0,239,23775.230515
1585.0,181,23777.116584
1427.0,210,23779.301497
1431.0,187,23781.278364
731.0,109,23782.416344
1692.0,201,23784.538849
1696.0,210,23786.731914
1583.0,192,23788.745266
1588.0,180,23790.630137
1585.0,175,23792.490921
253.0,41,23792.913116
1581.0,188,23794.909782
1580.0,207,23797.065776
1583.0,213,23799.292045
1682.0,236,23801.758987
2361.0,301,23804.951789
1580.0,219,23807.253701
2357.0,333,23810.709611
817.0,160,23812.343077
1583.0,182,23814.230779
1585.0,182,23816.126026
2133.0,1670,23833.078901
1586.0,178,23834.951593
251.0,38,23835.355466
609.0,76,23836.149811
1682.0,225,23838.510145
818.0,156,23840.131235
1047.0,126,23841.452183
1586.0,180,23843.344227
1678.0,250,23846.038653
2290.0,727,23853.649781
1585.0,191,23855.631896
1584.0,185,23857.573329
1688.0,234,23860.057164
1589.0,176,23861.891204
1588.0,183,23863.807816
1583.0,192,23865.809326
1584.0,174,23867.635429
1693.0,219,23869.925025
1590.0,173,23871.730454
1042.0,124,23872.998673
618.0,78,23873.79576
1585.0,192,23875.802985
1588.0,181,23877.724846
1585.0,187,23879.695024
1696.0,220,23881.991122
250.0,35,23882.349708
734.0,89,23883.280489
1701.0,207,23885.466267
653.0,89,23886.393981
1587.0,186,23888.359315
1586.0,197,23890.431249
2325.0,518,23895.811127
1584.0,184,23897.72353
1585.0,175,23899.569368
1586.0,203,23901.7106
1429.0,208,23903.848705
1585.0,177,23905.682699
2333.0,470,23910.57033
2601.0,558,23916.258832
2355.0,341,23919.773478
651.0,85,23920.643487
734.0,95,23921.610657
2357.0,329,23924.997868
1686.0,245,23927.509026
1589.0,182,23929.380412
2338.0,439,23933.87797
1585.0,185,23935.856879
1436.0,173,23937.707177
1587.0,182,23939.638701
2309.0,616,23946.10329
1046.0,162,23947.802294
1866.0,217,23950.047648
1912.0,238,23952.514091
1693.0,195,23954.588912
1040.0,130,23955.934
1696.0,196,23958.00939
1047.0,138,23959.426796
1043.0,126,23960.738973
1694.0,202,23962.88255
2360.0,309,23966.157915
637.0,86,23967.060576
1328.0,177,23968.89291
1346.0,159,23970.546112
610.0,71,23971.271403
606.0,72,23972.008572
1583.0,192,23974.012663
1699.0,188,23975.986545
1586.0,181,23977.885086
2338.0,440,23982.48327
606.0,76,23983.260445
2336.0,455,23987.998601
2359.0,318,23991.337409
2356.0,375,23995.264331
1584.0,190,23997.273864
1583.0,202,23999.417214
633.0,95,24000.404495
2357.0,330,24003.921027
2699.0,2406,24028.542126
1588.0,190,24030.503897
1585.0,182,24032.438396
1044.0,132,24033.823438
2344.0,411,24038.118758
610.0,73,24038.88425
2345.0,397,24043.035986
1582.0,188,24044.98166
1918.0,250,24047.651656
1921.0,236,24050.158448
621.0,99,24051.186826
2457.0,1457,24066.16233
1586.0,194,24068.178017
1702.0,214,24070.402868
2029.0,280,24073.382171
608.0,74,24074.156803
2203.0,1254,24086.998936
2344.0,404,24091.178397
1928.0,231,24093.543008
2354.0,346,24097.090791
1584.0,175,24098.936346
1582.0,194,24100.979384
1697.0,216,24103.259604
737.0,88,24104.183087
1585.0,174,24106.022534
2316.0,573,24111.996629
1927.0,229,24114.408198
1043.0,124,24115.698672
1684.0,211,24117.90125
2317.0,570,24123.882224
605.0,74,24124.653093
1691.0,207,24126.836478
1590.0,176,24128.691184
1585.0,186,24130.634282
1585.0,200,24132.706561
2323.0,533,24138.276891
1582.0,198,24140.362527
1698.0,221,24142.666037
732.0,108,24143.787882
1585.0,175,24145.6167
1582.0,188,24147.560751
1696.0,198,24149.597551
1584.0,186,24151.530199
1699.0,202,24153.661311
1586.0,175,24155.5152
2362.0,302,24158.707337
2980.0,851,24167.49385
1586.0,189,24169.43967
1585.0,175,24171.270491
1045.0,131,24172.627977
1071.0,140,24174.069834
1584.0,175,24175.881691
653.0,86,24176.769275
1685.0,292,24179.841956
1050.0,123,24181.13622
1586.0,183,24183.064027
1583.0,208,24185.249033
253.0,35,24185.612703
607.0,72,24186.353362
1586.0,176,24188.200041
1050.0,121,24189.462668
796.0,149,24191.027529
1045.0,140,24192.487423
1692.0,233,24194.951608
1344.0,166,24196.696651
2351.0,381,24200.632835
1691.0,274,24203.46973
1586.0,190,24205.49784
1925.0,240,24208.052404
2597.0,591,24214.206005
1585.0,191,24216.210536
735.0,88,24217.122342
737.0,87,24218.039813
1693.0,208,24220.254355
1584.0,190,24222.245975
2631.0,379,24226.246974
1583.0,200,24228.345085
638.0,91,24229.300689
1586.0,175,24231.152991
1691.0,223,24233.507264
2634.0,387,24237.573781
1693.0,220,24239.866328
1674.0,204,24242.013335
605.0,74,24242.781544
1693.0,212,24245.013828
1586.0,179,24246.884364
609.0,74,24247.62878
607.0,74,24248.378786
1581.0,201,24250.448094
1588.0,182,24252.36996
1582.0,204,24254.496964
606.0,73,24255.239164
1688.0,210,24257.398921
1586.0,178,24259.263214
1587.0,174,24261.095117
1698.0,208,24263.311783
1679.0,230,24265.75679
1585.0,196,24267.781996
1045.0,135,24269.172923
1588.0,177,24271.012517
737.0,86,24271.910202
605.0,81,24272.756298
1586.0,174,24274.573157
1583.0,200,24276.686607
2332.0,475,24281.538389
608.0,72,24282.265176
1587.0,188,24284.194288
1688.0,226,24286.54137
1675.0,249,24289.135807
703.0,366,24292.946203
1583.0,206,24295.107513
1687.0,227,24297.481304
1693.0,208,24299.634999
737.0,86,24300.533251
1920.0,249,24303.12383
1686.0,220,24305.450758
2356.0,346,24309.147433
1581.0,184,24311.047334
2332.0,475,24315.934751
1698.0,200,24318.06836
1698.0,188,24320.058485
1583.0,194,24322.103822
1864.0,228,24324.497543
1583.0,198,24326.539193
1583.0,181,24328.437107
1585.0,182,24330.355735
1583.0,182,24332.287745
1688.0,220,24334.644804
619.0,101,24335.70005
1696.0,201,24337.814269
639.0,92,24338.750395
1699.0,201,24340.863802
2333.0,472,24345.770316
730.0,102,24346.833108
2336.0,488,24351.815715
2923.0,1190,24364.034918
637.0,92,24364.969777
1439.0,169,24366.715526
2614.0,527,24372.087169
2613.0,482,24376.962368
1699.0,247,24379.449928
